序号,代码,名称,最新价,涨跌幅,涨跌额,成交量,成交额,振幅,最高,最低,今开,昨收,量比,换手率,市盈率-动态,市净率,总市值,流通市值,涨速,5分钟涨跌,60日涨跌幅,年初至今涨跌幅
1,920191,N瑞尔,14.88,93.0,7.17,367705.0,558475960.94,24.38,16.38,14.5,15.99,7.71,,92.12,28.49,2.9,2639643552.0,593935200.0,0.0,0.0,93.0,93.0
2,688811,有研复材,23.82,20.0,3.97,486446.0,1111598106.0,20.76,23.82,19.7,19.7,19.85,1.07,52.8,173.44,10.97,11949865271.0,2194443631.0,0.0,0.0,271.61,271.61
3,300540,蜀道装备,26.64,20.0,4.44,257222.0,657019873.55,19.73,26.64,22.26,22.3,22.2,3.68,12.44,101.79,5.4,6115454690.0,5507212715.0,0.0,0.0,22.76,33.2
4,301265,华新科技,28.2,20.0,4.7,250652.0,664713107.46,18.77,28.2,23.79,24.01,23.5,1.57,14.76,150.51,4.09,8543843732.0,4788279715.0,0.0,0.0,104.64,102.73
5,688480,赛恩斯,99.66,16.92,14.42,79784.0,753743361.0,21.05,101.55,83.61,85.33,85.24,2.49,8.37,86.38,8.26,9500206999.0,9500206999.0,0.23,-0.04,49.91,93.55
6,688295,中复神鹰,60.88,16.85,8.78,404005.0,2344718952.0,19.16,62.3,52.32,52.49,52.1,2.16,4.49,569.66,11.6,54792000000.0,54792000000.0,0.02,-0.62,88.13,85.55
7,301110,青木科技,71.06,15.71,9.65,90587.0,613724693.38,17.23,71.65,61.07,61.1,61.41,3.67,13.86,61.94,4.51,6575560763.0,4644949388.0,0.2,0.37,-12.27,7.37
8,688218,江苏北人,28.13,15.62,3.8,163549.0,445409474.0,18.13,28.96,24.55,24.66,24.33,6.25,14.04,-40.96,3.95,3276451258.0,3276451258.0,0.29,-0.32,20.42,23.27
9,688227,品高股份,116.66,15.09,15.3,237040.0,2762722663.0,11.47,121.63,110.0,121.63,101.36,5.02,20.97,-254.11,10.22,13189028382.0,13189028382.0,0.14,0.5,34.63,79.45
10,688126,沪硅产业,20.8,14.73,2.67,1149935.0,2317697286.0,15.28,21.27,18.5,18.5,18.13,4.0,4.21,-45.6,4.06,68744486574.0,56818500066.0,0.1,-0.53,-8.29,-3.88
11,920879,基康技术,23.42,14.41,2.95,73193.0,172038477.47,19.15,24.47,20.55,20.65,20.47,9.08,5.6,47.45,6.18,3920289702.0,3063510081.0,0.04,0.13,1.74,9.44
12,920526,凯华材料,28.27,14.31,3.54,114025.0,334304098.67,19.09,32.0,27.28,27.67,24.73,8.99,21.77,162.26,10.21,2337929000.0,1480428829.0,0.32,-0.46,9.91,20.2
13,300265,通光线缆,21.38,13.91,2.61,1122293.0,2306477207.94,13.96,21.5,18.88,18.89,18.77,2.14,24.02,310.78,4.23,9997316542.0,9990878490.0,0.05,0.33,56.98,59.55
14,688220,翱捷科技-U,94.22,13.79,11.42,238689.0,2185747570.0,15.46,95.38,82.58,82.58,82.8,2.07,6.47,-100.98,7.22,39412309762.0,34780307861.0,0.02,-0.03,-0.72,14.05
15,300518,新迅达,24.31,13.76,2.94,287678.0,706671577.47,19.14,25.5,21.41,21.41,21.37,3.96,14.43,-131.17,6.45,4847695413.0,4847261479.0,-0.16,-0.21,21.13,38.91
16,688502,茂莱光学,465.5,13.23,54.39,44012.0,1966415475.0,10.96,468.49,423.45,423.8,411.11,2.85,8.34,530.5,20.44,24578400000.0,24578400000.0,0.0,0.43,14.12,16.65
17,920751,惠同新材,24.76,12.8,2.81,44494.0,110321395.31,26.01,27.83,22.12,22.5,21.95,5.98,5.36,46.26,5.35,2148672800.0,2056742015.0,0.36,0.53,-1.2,18.64
18,300478,杭州高新,30.04,12.51,3.34,113964.0,332991746.3,12.58,30.19,26.83,27.0,26.7,3.3,9.0,-139.11,93.77,3805256920.0,3805256920.0,0.07,0.07,11.92,-7.0
19,300788,中信出版,36.78,12.13,3.98,139028.0,488729971.82,15.24,37.38,32.38,32.45,32.8,1.97,7.31,53.76,3.17,6993772722.0,6993772722.0,-0.08,-0.65,16.95,34.23
20,688018,乐鑫科技,171.0,11.98,18.3,97880.0,1603221795.0,11.72,172.0,154.1,155.22,152.7,3.77,6.25,52.68,6.36,28581454710.0,26796165462.0,0.0,-0.04,-6.14,0.59
21,300900,广联航空,50.2,11.53,5.19,720681.0,3537232641.18,16.66,52.0,44.5,44.93,45.01,1.54,28.07,709.59,11.56,16451560767.0,12890604942.0,0.06,0.02,41.17,28.49
22,301310,鑫宏业,62.9,11.27,6.37,83163.0,485128101.96,13.37,63.66,56.1,58.0,56.53,0.97,19.02,64.74,3.69,8589274276.0,2749777914.0,0.03,-1.09,54.62,46.45
23,920576,天力复合,88.87,11.24,8.98,89862.0,764362145.64,16.26,91.5,78.51,79.0,79.89,1.73,8.39,439.08,21.68,9682386500.0,9520434611.0,0.01,0.33,-0.81,25.84
24,300736,百邦科技,27.35,11.13,2.74,231893.0,610807598.85,11.58,27.47,24.62,24.65,24.61,1.38,18.54,-152.64,42.45,3499003761.0,3421108582.0,-0.15,0.44,60.98,76.34
25,300342,天银机电,63.02,10.35,5.91,820185.0,4994407947.11,16.91,66.66,57.0,57.3,57.11,1.45,19.58,2094.05,17.21,26785712821.0,26392704346.0,0.1,-0.33,23.64,90.22
26,688539,高华科技,42.97,10.29,4.01,103601.0,435339450.0,13.12,43.66,38.55,39.08,38.96,2.89,5.57,131.28,4.55,7988982400.0,7988982400.0,0.28,0.02,-8.61,-13.21
27,300692,中赋科技,9.55,10.28,0.89,457576.0,420991808.91,10.97,9.63,8.68,8.7,8.66,3.05,8.92,47.6,1.83,5369736908.0,4900124492.0,-0.21,-0.1,3.92,13.69
28,301186,超达装备,73.96,10.09,6.78,50929.0,367232234.75,11.39,74.89,67.24,68.25,67.18,1.38,6.73,40.62,3.74,5957459732.0,5595033988.0,0.12,0.65,51.0,52.31
29,600433,冠豪高新,4.04,10.08,0.37,910152.0,355829902.0,11.72,4.04,3.61,3.66,3.67,2.11,5.2,-23.29,1.67,7071128101.0,7071128101.0,0.0,0.0,26.25,23.17
30,600149,廊坊发展,6.34,10.07,0.58,287935.0,177894592.0,8.68,6.34,5.84,5.87,5.76,1.36,7.57,156.73,9.74,2410214400.0,2410214400.0,0.0,0.0,21.69,27.05
31,002217,合力泰,2.95,10.07,0.27,2480961.0,729464638.77,1.49,2.95,2.91,2.91,2.68,0.95,3.41,971.0,11.79,22064226838.0,21474001053.0,0.0,0.0,-9.51,-3.28
32,002331,皖通科技,8.98,10.05,0.82,342874.0,301019916.92,10.05,8.98,8.16,8.18,8.16,6.15,8.66,-49.14,2.3,3847317106.0,3554690749.0,0.0,0.0,-6.65,0.67
33,002309,中利集团,4.38,10.05,0.4,4832630.0,2059816396.92,8.79,4.38,4.03,4.03,3.98,1.23,20.08,-70.4,7.08,13173574386.0,10538859509.0,0.0,0.0,50.0,29.2
34,600156,华升股份,10.19,10.04,0.93,356662.0,356683754.0,9.83,10.19,9.28,9.28,9.26,1.65,8.87,-116.35,10.92,4097508053.0,4097508053.0,0.0,0.0,28.18,23.37
35,002300,太阳电缆,10.42,10.03,0.95,704860.0,717673788.12,10.24,10.42,9.45,9.57,9.47,1.89,9.76,90.52,3.97,7526717154.0,7526314015.0,0.0,0.0,9.57,13.26
36,002803,吉宏股份,19.2,10.03,1.75,185057.0,345840968.02,11.12,19.2,17.26,17.36,17.45,2.07,6.41,31.24,3.2,8647781530.0,5542738099.0,0.0,0.0,-1.69,17.36
37,002361,神剑股份,20.63,10.03,1.88,3251362.0,6450268984.16,10.03,20.63,18.75,18.85,18.75,0.96,40.18,485.32,8.86,19619851410.0,16692207160.0,0.0,0.0,26.49,43.86
38,000404,长虹华意,7.79,10.03,0.71,293904.0,227071912.74,2.54,7.79,7.61,7.61,7.08,3.95,4.24,11.75,1.23,5421808676.0,5397223966.0,0.0,0.0,13.23,15.07
39,603025,大豪科技,16.89,10.03,1.54,158410.0,265755136.0,4.5,16.89,16.2,16.3,15.35,0.88,1.43,19.82,6.36,18860299116.0,18733961916.0,0.0,0.0,-10.4,-5.96
40,603057,紫燕食品,28.55,10.02,2.6,36692.0,101306396.0,11.18,28.55,25.65,26.29,25.95,1.03,0.89,49.81,5.77,11762600000.0,11762600000.0,0.0,0.0,4.96,40.36
41,003006,百亚股份,18.33,10.02,1.67,65475.0,118296151.06,6.96,18.33,17.17,17.17,16.66,1.31,1.53,13.7,5.0,7875443991.0,7855742448.0,0.0,0.0,-12.51,-16.07
42,600601,方正科技,11.75,10.02,1.07,1996869.0,2328033828.0,6.27,11.75,11.08,11.08,10.68,1.67,4.79,106.35,10.86,50216478922.0,49000946122.0,0.0,0.0,-6.45,0.26
43,002418,康盛股份,6.81,10.02,0.62,628090.0,427728945.63,0.16,6.81,6.8,6.81,6.19,0.23,5.53,419.59,5.37,7738884000.0,7738865872.0,0.0,0.0,37.3,42.77
44,605299,舒华体育,20.53,10.02,1.87,394346.0,793698955.0,9.0,20.53,18.85,19.03,18.66,0.94,9.64,94.18,6.59,8401420517.0,8401420517.0,0.0,0.0,69.11,78.68
45,603778,国晟科技,26.68,10.02,2.43,868160.0,2266638764.0,7.67,26.68,24.82,24.82,24.25,0.97,13.5,-87.44,24.08,17609923762.0,17151428549.0,0.0,0.0,6.93,51.59
46,003023,彩虹集团,31.74,10.02,2.89,51889.0,161935367.64,8.01,31.74,29.43,29.58,28.85,0.99,4.94,43.79,2.11,3343542384.0,3336518766.0,0.0,0.0,35.76,40.07
47,002647,仁东控股,11.54,10.01,1.05,206501.0,236331007.32,5.05,11.54,11.01,11.2,10.49,0.35,2.03,36.28,23.22,13043565722.0,11716465722.0,0.0,0.0,28.08,43.89
48,600707,彩虹股份,8.57,10.01,0.78,1107222.0,935423172.0,6.29,8.57,8.08,8.27,7.79,0.77,3.09,82.17,1.41,30752500003.0,30746329603.0,0.0,0.0,25.84,32.05
49,002297,博云新材,19.46,10.01,1.77,864474.0,1657136261.28,5.31,19.46,18.52,18.73,17.69,1.57,15.08,180.31,5.24,11152619778.0,11152619778.0,0.0,0.0,68.63,62.57
50,603489,八方股份,38.35,10.01,3.49,81660.0,303006146.0,10.01,38.35,34.86,34.93,34.86,2.24,3.48,100.87,3.34,8997599495.0,8997599495.0,0.0,0.0,21.9,25.41
51,603052,可川科技,91.69,10.01,8.34,193844.0,1726232187.0,10.03,91.69,83.33,87.35,83.35,2.07,10.32,518.8,15.84,17228301787.0,17228301787.0,0.0,0.0,99.07,190.62
52,002475,立讯精密,65.73,10.01,5.98,3929269.0,25188235806.75,8.07,65.73,60.91,62.64,59.75,1.94,5.41,28.85,5.67,478907785111.0,477809318234.0,0.0,0.0,14.89,16.23
53,001896,豫能控股,18.79,10.01,1.71,2376931.0,4276979509.24,11.12,18.79,16.89,17.32,17.08,1.12,15.58,73.44,8.17,28669431191.0,28669431191.0,0.0,0.0,199.2,261.35
54,601698,中国卫通,37.38,10.01,3.4,1265841.0,4582733040.0,10.24,37.38,33.9,33.99,33.98,2.52,3.0,357.88,9.88,157907526701.0,157907526701.0,0.0,0.0,-4.84,4.62
55,002560,通达股份,15.27,10.01,1.39,1003765.0,1504849248.28,6.05,15.27,14.43,14.65,13.88,0.71,22.16,49.74,2.95,8028027964.0,6916332751.0,0.0,0.0,45.29,51.49
56,605222,起帆电缆,31.24,10.0,2.84,201949.0,619958005.0,8.59,31.24,28.8,29.05,28.4,0.9,4.89,43.29,2.77,12899099935.0,12899099935.0,0.0,0.0,55.19,69.87
57,002149,西部材料,60.28,10.0,5.48,826012.0,4819209939.83,10.88,60.28,54.32,54.81,54.8,1.01,16.92,318.71,10.1,29429556437.0,29425035437.0,0.0,0.0,40.35,32.45
58,002428,云南锗业,68.2,10.0,6.2,1157818.0,7775077704.91,7.29,68.2,63.68,63.86,62.0,1.31,17.73,1840.79,30.6,44542784000.0,44537029625.0,0.0,0.0,84.22,114.8
59,600118,中国卫星,94.52,10.0,8.59,771789.0,7073679847.0,9.93,94.52,85.99,85.99,85.93,1.61,6.53,3143.4,17.56,111768873040.0,111768873040.0,0.0,0.0,-11.52,-0.45
60,600072,中船科技,13.2,10.0,1.2,568121.0,724732713.0,10.5,13.2,11.94,12.0,12.0,3.56,5.24,-10.36,2.04,19808576159.0,14300052571.0,0.0,0.0,11.11,13.6
61,603773,沃格光电,58.19,10.0,5.29,95725.0,553391474.0,3.76,58.19,56.2,56.6,52.9,0.37,4.26,-146.51,11.21,13077424674.0,13072885854.0,0.0,0.0,68.03,64.47
62,603332,苏州龙杰,14.52,10.0,1.32,170973.0,242107903.0,7.12,14.52,13.58,13.58,13.2,6.06,7.9,40.99,2.41,3141361112.0,3141361112.0,0.0,0.0,5.83,4.61
63,603268,松发股份,133.34,10.0,12.12,132401.0,1744684384.0,9.35,133.34,122.01,124.0,121.22,2.18,5.68,48.76,13.69,129443578922.0,31101527265.0,0.0,0.0,52.39,59.92
64,600979,广安爱众,4.84,10.0,0.44,1043180.0,490723988.0,9.55,4.84,4.42,4.44,4.4,3.15,8.47,30.26,1.32,6106419851.0,5964137384.0,0.0,0.0,4.99,10.25
65,600961,株冶集团,24.3,10.0,2.21,50869.0,123611281.0,0.0,24.3,24.3,24.3,22.09,0.31,0.68,5.7,5.16,26070806683.0,18269041271.0,0.0,0.0,24.62,50.93
66,600103,青山纸业,4.73,10.0,0.43,5352320.0,2414419630.0,10.93,4.73,4.26,4.28,4.3,1.45,24.19,193.82,2.68,10599110513.0,10464316392.0,0.0,0.0,20.66,12.89
67,600206,有研新材,25.62,10.0,2.33,1073308.0,2686578655.0,8.76,25.62,23.58,23.67,23.29,2.39,12.68,66.3,5.12,21688696366.0,21688696366.0,0.0,0.0,17.36,26.02
68,603699,纽威股份,56.32,10.0,5.12,57515.0,320974966.0,4.41,56.32,54.06,54.06,51.2,0.85,0.76,27.27,9.42,43663932872.0,42698598441.0,0.0,0.0,6.22,8.37
69,603318,水发燃气,8.47,10.0,0.77,547689.0,447296031.0,8.05,8.47,7.85,7.85,7.7,2.24,11.93,-77.49,2.74,4698082156.0,3888330726.0,0.0,0.0,17.97,26.42
70,000880,潍柴重机,31.14,10.0,2.83,430077.0,1313104071.41,10.81,31.14,28.08,28.17,28.31,3.27,18.94,60.17,6.87,14444252878.0,7069614552.0,0.0,0.0,1.37,13.98
71,002692,远程股份,7.26,10.0,0.66,821662.0,581880866.08,10.61,7.26,6.56,6.63,6.6,1.06,11.45,79.17,4.29,5213739960.0,5210567159.0,0.0,0.0,36.21,42.91
72,001400,江顺科技,212.96,10.0,19.36,29177.0,589474116.62,12.89,212.96,188.01,194.88,193.6,1.03,19.45,146.42,10.39,12777600000.0,3194400000.0,0.0,0.0,89.2,173.87
73,002686,亿利达,8.47,10.0,0.77,385698.0,321568021.85,9.87,8.47,7.71,7.75,7.7,0.9,7.38,99.94,2.92,4796045457.0,4427545190.0,0.0,0.0,26.61,29.51
74,605168,三人行,41.79,10.0,3.8,72782.0,301154451.0,6.03,41.79,39.5,39.5,37.99,1.5,3.45,46.38,3.23,8810041845.0,8810041845.0,0.0,0.0,-6.61,8.32
75,000586,汇源通信,21.34,10.0,1.94,436325.0,896530249.68,9.95,21.34,19.41,19.41,19.4,0.73,22.56,209.71,12.19,4128009600.0,4128009600.0,0.0,0.0,54.19,57.72
76,003018,金富科技,43.14,9.99,3.92,178634.0,741029333.85,9.79,43.14,39.3,39.3,39.22,1.12,7.52,111.18,7.01,11216400000.0,10240896750.0,0.0,0.0,144.84,147.65
77,002536,飞龙股份,40.96,9.99,3.72,365783.0,1441527084.81,11.95,40.96,36.51,37.26,37.24,0.68,6.72,74.29,6.74,23543229972.0,22298668032.0,0.0,0.0,38.89,37.91
78,001366,播恩集团,15.63,9.99,1.42,98531.0,149340846.0,10.84,15.63,14.09,14.09,14.21,3.44,6.13,-189.09,3.13,2511428400.0,2511428400.0,0.0,0.0,14.84,16.9
79,002935,天奥电子,20.81,9.99,1.89,191529.0,382989530.29,10.1,20.81,18.9,19.09,18.92,3.46,4.61,136.17,5.45,8825573191.0,8638041275.0,0.0,0.0,-11.67,-6.89
80,001229,魅视科技,40.07,9.99,3.64,31400.0,122899920.81,9.99,40.07,36.43,36.43,36.43,1.7,5.96,76.6,4.12,4105231605.0,2110864840.0,0.0,0.0,-1.55,-7.72
81,000949,新乡化纤,8.04,9.99,0.73,1279009.0,995968875.31,12.45,8.04,7.13,7.27,7.31,2.22,7.72,67.28,2.04,13321475373.0,13317817181.0,0.0,0.0,30.94,46.18
82,603130,云中马,44.48,9.99,4.04,44630.0,194029160.0,9.99,44.48,40.44,41.0,40.44,2.18,3.25,58.49,4.31,6116631616.0,6116631616.0,0.0,0.0,-26.36,-21.48
83,603178,圣龙股份,19.16,9.99,1.74,319495.0,608661416.0,6.72,19.16,17.99,18.23,17.42,9.32,13.51,-46.57,3.73,4529651640.0,4529651640.0,0.0,0.0,3.74,1.54
84,600234,科新发展,21.91,9.99,1.99,162760.0,351314021.0,8.99,21.91,20.12,20.63,19.92,2.46,6.2,138.74,11.5,5751834518.0,5751834518.0,0.0,0.0,75.56,70.51
85,600330,天通股份,23.9,9.99,2.17,309827.0,740486124.0,0.0,23.9,23.9,23.9,21.73,0.23,2.51,385.73,3.68,29479082542.0,29479082542.0,0.0,0.0,89.08,82.03
86,600872,中炬高新,21.47,9.99,1.95,726640.0,1546387760.0,5.43,21.47,20.41,20.84,19.52,7.22,9.42,15.9,2.81,16714593125.0,16553111287.0,0.0,0.0,18.36,22.34
87,600522,中天科技,30.95,9.99,2.81,2247838.0,6813994827.0,7.53,30.95,28.83,28.9,28.14,1.35,6.59,33.88,2.88,105630791729.0,105630791729.0,0.0,0.0,71.56,70.81
88,600184,光电股份,24.44,9.99,2.22,373170.0,896467932.0,8.96,24.44,22.45,22.45,22.22,0.78,6.4,433.05,4.2,14241859318.0,14241859318.0,0.0,0.0,24.63,28.23
89,603108,润达医疗,14.1,9.98,1.28,427032.0,583775099.0,10.76,14.1,12.72,12.8,12.82,4.69,7.07,-39.24,2.06,8512217108.0,8512217108.0,0.0,0.0,-29.64,-5.69
90,002885,京泉华,29.3,9.98,2.66,347627.0,985556044.13,9.95,29.3,26.65,26.71,26.64,1.8,15.05,82.84,5.39,7937867162.0,6765594233.0,0.0,0.0,4.57,14.05
91,603017,中衡设计,14.21,9.98,1.29,134872.0,188284679.0,9.98,14.21,12.92,12.92,12.92,0.7,4.88,52.31,2.65,3924664064.0,3924664064.0,0.0,0.0,17.83,28.25
92,002843,泰嘉股份,27.98,9.98,2.54,94535.0,264507531.0,0.0,27.98,27.98,27.98,25.44,0.32,3.77,91.25,4.98,7043616985.0,7017175885.0,0.0,0.0,29.42,39.62
93,002491,通鼎互联,16.64,9.98,1.51,717732.0,1187129427.1,2.58,16.64,16.25,16.3,15.13,0.29,6.1,-234.47,8.25,20467108480.0,19576442013.0,0.0,0.0,175.5,177.33
94,002242,九阳股份,11.25,9.97,1.02,338138.0,364355428.01,11.63,11.25,10.06,10.23,10.23,4.28,4.44,72.96,2.5,8583941250.0,8568964406.0,0.0,0.0,4.65,7.76
95,605162,新中港,14.01,9.97,1.27,221343.0,302777138.0,11.3,14.01,12.57,12.74,12.74,0.61,5.45,46.46,4.41,5688388759.0,5688388759.0,0.0,0.0,48.25,64.05
96,002081,金 螳 螂,4.08,9.97,0.37,1934022.0,747593643.39,10.78,4.08,3.68,3.74,3.71,6.92,7.31,21.3,0.79,10833720651.0,10789987947.0,0.0,0.0,10.27,19.3
97,002492,恒基达鑫,8.16,9.97,0.74,194223.0,153963184.45,10.11,8.16,7.41,7.44,7.42,2.05,4.88,-51.34,2.06,3304800000.0,3246331356.0,0.0,0.0,2.77,-6.64
98,002324,普利特,17.31,9.97,1.57,670359.0,1132412577.73,9.85,17.31,15.76,15.79,15.74,3.51,8.64,44.42,4.21,19254540453.0,13437336902.0,0.0,0.0,-9.61,8.26
99,600590,泰豪科技,17.42,9.97,1.58,407296.0,708116577.0,2.65,17.42,17.0,17.0,15.84,0.49,4.83,245.42,4.65,14856991045.0,14694981091.0,0.0,0.0,78.85,85.12
100,603912,佳力图,11.59,9.96,1.05,428586.0,484911294.0,9.96,11.59,10.54,10.54,10.54,1.17,7.91,-115.26,3.61,6280028797.0,6280028797.0,0.0,0.0,33.07,35.24
101,600800,渤海化学,5.08,9.96,0.46,597908.0,294228694.0,10.82,5.08,4.58,4.61,4.62,1.41,5.39,-8.72,5.03,5639029697.0,5637429497.0,0.0,0.0,29.26,46.82
102,301077,星华新材,31.63,9.71,2.8,113215.0,348043443.26,14.85,32.3,28.02,28.63,28.83,4.1,11.87,41.47,4.61,5379596904.0,3017585155.0,0.06,0.44,-7.41,22.22
103,301081,严牌股份,16.62,9.56,1.45,166773.0,275714639.88,14.11,17.17,15.03,15.03,15.17,3.23,7.63,200.53,3.51,3785123462.0,3631754601.0,0.12,-0.48,56.64,64.07
104,301603,乔锋智能,103.5,9.52,9.0,103028.0,1072537906.45,10.85,108.88,98.63,98.81,94.5,1.57,27.3,36.44,5.22,12498660000.0,3905313750.0,-0.11,0.05,35.52,36.9
105,600487,亨通光电,60.89,9.42,5.24,2218726.0,13239760047.0,6.27,60.99,57.5,58.35,55.65,1.31,9.07,47.41,4.88,150178624529.0,148887078701.0,-0.03,0.05,144.44,146.22
106,002837,英维克,121.08,9.41,10.41,847987.0,10129168977.42,9.09,121.74,111.68,113.2,110.67,1.51,10.03,3417.47,34.19,118348505547.0,102416081264.0,-0.04,-0.3,17.18,13.28
107,000890,法尔胜,13.55,9.19,1.14,792859.0,1033933801.26,10.39,13.6,12.31,12.56,12.41,1.04,18.9,-187.27,-1025.47,5684278766.0,5684103673.0,0.0,0.3,154.22,167.26
108,688268,华特气体,99.2,9.18,8.34,138188.0,1333458987.0,13.06,103.88,92.01,94.0,90.86,1.3,11.52,87.95,6.45,11903640598.0,11895605398.0,-0.18,-0.45,49.29,72.85
109,300234,开尔新材,6.34,9.12,0.53,320869.0,199104716.17,11.19,6.4,5.75,5.8,5.81,2.45,9.33,-353.57,2.84,3190104711.0,2180877859.0,0.0,-0.63,8.01,15.27
110,600879,航天电子,25.53,9.01,2.11,3050304.0,7598765778.0,9.27,25.66,23.49,23.49,23.42,1.88,9.25,371.1,4.04,84231111997.0,84231111997.0,0.0,0.0,-4.67,19.75
111,605118,力鼎光电,46.5,9.0,3.84,92173.0,420562519.0,6.54,46.9,44.11,45.0,42.66,2.67,2.26,73.54,12.43,19123822500.0,18930894000.0,-0.36,0.28,25.24,54.43
112,688737,中自科技,28.98,8.99,2.39,60383.0,172069743.0,11.28,29.47,26.47,26.5,26.59,3.86,5.05,-61.37,1.96,3464979471.0,3464979471.0,0.0,0.17,22.33,29.14
113,688168,安博通,89.29,8.98,7.36,24381.0,206821857.0,9.52,89.3,81.5,81.93,81.93,1.26,3.16,142.41,6.89,6891849007.0,6891849007.0,-0.01,1.95,11.89,18.8
114,688623,双元科技,97.72,8.94,8.02,15364.0,145555587.0,11.88,99.66,89.0,89.99,89.7,2.31,8.03,89.62,2.73,5779424644.0,1870624644.0,0.0,0.03,-7.19,4.07
115,301556,托普云农,92.27,8.81,7.47,49224.0,439501840.06,10.0,92.98,84.5,84.85,84.8,3.8,16.7,64.64,7.97,7868785600.0,2720119600.0,0.0,-0.12,-30.78,-5.89
116,300849,锦盛新材,22.02,8.79,1.78,54647.0,116464357.5,10.77,22.18,20.0,20.25,20.24,2.87,4.5,-261.54,5.61,3303000000.0,2674725866.0,-0.27,0.0,19.16,40.88
117,300848,美瑞新材,16.3,8.74,1.31,186795.0,299995624.17,12.34,16.76,14.91,15.0,14.99,6.56,7.38,85.13,4.55,6974568320.0,4125896946.0,-0.06,0.12,1.31,3.03
118,603578,三星新材,13.62,8.7,1.09,101136.0,134566547.0,9.58,13.68,12.48,12.56,12.53,3.46,5.61,-63.27,2.51,3187904882.0,2456462776.0,-0.29,-0.29,8.79,12.75
119,688307,中润光学,89.04,8.68,7.11,99894.0,855024540.0,11.16,89.17,80.03,81.83,81.93,1.67,11.25,125.38,8.76,7904436960.0,7904436960.0,0.02,0.04,98.17,106.06
120,002392,北京利尔,7.77,8.67,0.62,622647.0,481845680.68,10.35,7.87,7.13,7.16,7.15,4.66,5.44,23.07,1.59,9250113819.0,8887958346.0,0.0,0.0,-7.61,3.88
121,300906,日月明,36.1,8.54,2.84,70815.0,255073704.98,15.03,37.98,32.98,33.45,33.26,5.23,9.81,59.42,3.21,2888000000.0,2606311700.0,0.11,0.39,-4.85,2.73
122,300058,蓝色光标,19.53,8.5,1.53,7922451.0,15240968143.16,16.89,20.69,17.65,17.93,18.0,1.34,22.78,312.09,8.88,70117020563.0,67923978407.0,0.0,-0.2,6.08,69.53
123,605208,永茂泰,16.38,8.41,1.27,269330.0,426824569.0,8.93,16.5,15.15,15.37,15.11,2.22,8.16,80.06,2.46,5404417200.0,5404417200.0,-0.12,-0.06,22.15,20.62
124,688163,赛伦生物,38.25,8.36,2.95,41681.0,152224707.0,11.56,38.38,34.3,35.3,35.3,1.11,3.85,80.05,3.72,4139415000.0,4139415000.0,0.5,0.16,58.32,75.7
125,688663,新风光,68.32,8.32,5.25,84248.0,571743396.0,9.91,69.5,63.25,64.0,63.07,1.84,5.95,101.3,7.0,9665544672.0,9665544672.0,-0.01,0.16,43.53,76.22
126,301125,腾亚精工,24.76,8.22,1.88,58047.0,137854174.32,9.0,24.76,22.7,22.73,22.88,1.09,4.95,1953.01,5.8,3509926099.0,2905732579.0,0.24,0.77,25.37,34.71
127,688169,石头科技,120.21,8.03,8.94,115790.0,1356595154.0,10.19,122.34,111.0,111.27,111.27,2.25,4.47,22.9,2.22,31147176497.0,31147176497.0,-0.36,-0.24,-23.04,-20.95
128,603139,康惠股份,32.54,8.03,2.42,96443.0,314371062.0,9.66,33.13,30.22,30.22,30.12,1.39,9.66,-18.4,4.48,3250095200.0,3250095200.0,-0.21,-0.28,53.27,58.96
129,300782,卓胜微,114.48,8.0,8.48,378052.0,4299425787.55,11.49,118.58,106.4,106.4,106.0,1.27,8.43,-228.49,6.19,61240297307.0,51315376090.0,0.0,0.01,43.1,40.5
130,688416,恒烁股份,97.3,8.0,7.21,79116.0,752186922.0,11.31,98.3,88.11,90.0,90.09,1.5,9.53,-81.18,6.36,8076453540.0,8076453540.0,-0.33,-0.15,40.44,76.49
131,300102,乾照光电,35.51,7.93,2.61,1050796.0,3678323291.47,7.26,35.88,33.49,33.5,32.9,1.65,11.47,285.05,7.6,32681055475.0,32526339293.0,0.03,0.06,8.36,28.85
132,601002,晋亿实业,6.68,7.92,0.49,1229868.0,807596256.0,10.02,6.81,6.19,6.19,6.19,2.32,12.89,26.32,1.47,6375664010.0,6375664010.0,0.15,0.15,27.97,29.96
133,002580,圣阳股份,33.0,7.91,2.42,1048991.0,3503538278.73,4.71,33.64,32.2,33.58,30.58,0.98,23.19,70.15,6.44,14977676769.0,14927180400.0,-0.9,-1.9,149.06,165.27
134,002046,国机精工,54.04,7.86,3.94,224119.0,1190091240.34,8.72,54.49,50.12,50.64,50.1,1.27,4.24,111.3,6.63,28975753750.0,28576522334.0,0.11,0.15,12.82,25.15
135,688818,电科蓝天,73.03,7.83,5.3,327101.0,2342908542.0,6.57,73.45,69.0,69.0,67.73,1.3,24.78,387.51,29.69,126847551687.0,9641153237.0,0.18,0.12,671.17,671.17
136,300580,贝斯特,29.87,7.83,2.17,334254.0,997779876.11,11.48,30.88,27.7,27.74,27.7,1.94,7.07,53.97,4.55,15004380901.0,14116337139.0,-0.2,-0.1,15.91,13.62
137,920035,精创电气,37.62,7.73,2.7,24971.0,93271100.44,13.37,39.15,34.48,34.89,34.92,3.22,19.19,36.67,3.73,2176317000.0,489586680.0,0.0,0.0,-8.02,-6.77
138,600744,华银电力,8.08,7.73,0.58,2300776.0,1805509495.0,8.13,8.1,7.49,7.5,7.5,2.37,11.33,34.51,11.53,16411484134.0,16411484134.0,0.12,0.12,31.6,37.41
139,300012,华测检测,17.18,7.71,1.23,1110712.0,1926134193.63,9.22,17.97,16.5,16.5,15.95,5.43,7.76,40.53,3.66,28910988717.0,24588740360.0,0.0,-0.06,17.43,26.79
140,300870,欧陆通,386.0,7.56,27.12,79556.0,3051138220.91,12.14,403.97,360.4,362.0,358.88,1.35,7.3,142.4,16.05,42085842866.0,42081210866.0,-0.05,0.1,63.45,74.66
141,600498,烽火通信,52.97,7.51,3.7,1323371.0,6929799840.0,6.68,53.88,50.59,50.6,49.27,1.55,10.41,105.24,4.52,71942131522.0,67357788524.0,0.02,-0.09,22.99,65.12
142,300536,农尚环境,8.59,7.51,0.6,180577.0,153932965.6,11.64,8.83,7.9,7.95,7.99,2.95,6.16,-24.7,5.63,2519345062.0,2519162422.0,0.0,0.12,-11.26,18.48
143,300133,华策影视,8.09,7.44,0.56,1489352.0,1170909552.09,7.84,8.09,7.5,7.54,7.53,2.7,9.24,65.42,2.11,15276112236.0,13042931809.0,0.37,0.12,-13.01,-2.76
144,002273,水晶光电,31.18,7.37,2.14,1285025.0,3984240885.68,8.99,31.94,29.33,30.01,29.04,1.82,9.43,36.98,4.44,43359912651.0,42469603857.0,0.26,-0.03,18.47,24.12
145,688129,东来技术,26.09,7.37,1.79,34748.0,88697208.0,13.17,26.99,23.79,24.3,24.3,2.84,2.88,31.3,2.96,3143291892.0,3143291892.0,0.04,-0.04,21.75,28.97
146,300776,帝尔激光,106.66,7.35,7.3,320205.0,3458802915.62,12.25,115.17,103.0,108.17,99.36,2.74,19.05,56.29,7.75,29225577021.0,17927916129.0,0.09,0.21,47.73,71.64
147,920223,荣亿精密,19.75,7.34,1.35,93648.0,187984936.56,18.42,21.5,18.11,18.13,18.4,2.32,11.48,-157.61,12.8,3106378750.0,1611279063.0,0.0,-0.15,-18.12,-11.79
148,600880,博瑞传播,5.42,7.33,0.37,764852.0,403551877.0,7.92,5.44,5.04,5.07,5.05,1.68,7.0,566.39,1.95,5925859939.0,5924223549.0,0.0,0.37,-14.78,9.72
149,002565,顺灏股份,20.29,7.24,1.37,2680636.0,5338051048.09,8.51,20.56,18.95,18.95,18.92,1.2,25.29,239.61,11.53,21507175227.0,21506262177.0,-0.05,0.55,21.57,10.69
150,605028,世茂能源,29.85,7.22,2.01,58087.0,170885629.0,8.87,30.45,27.98,27.98,27.84,4.3,3.63,27.71,3.48,4776000000.0,4776000000.0,0.03,-0.1,-14.59,1.05
151,300617,安靠智电,65.16,7.21,4.38,162704.0,1028446245.73,9.02,65.48,60.0,60.2,60.78,1.8,11.71,146.71,3.63,10797511386.0,9052269856.0,-0.37,-0.37,47.76,104.26
152,688309,恒誉环保,77.04,7.21,5.18,30395.0,229670487.0,8.52,77.98,71.86,72.0,71.86,1.04,3.83,182.96,7.95,6117073764.0,6117073764.0,0.21,-0.08,208.16,219.27
153,920078,族兴新材,28.06,7.18,1.88,112989.0,323267401.84,23.95,31.65,25.38,25.44,26.18,2.49,54.58,41.15,3.22,3367200000.0,580842000.0,0.0,-0.5,302.01,302.01
154,000977,浪潮信息,73.12,7.17,4.89,1486776.0,10962102359.42,8.21,75.05,69.45,69.45,68.23,1.87,10.14,44.5,4.93,107375013014.0,107254741508.0,0.16,0.32,7.32,9.79
155,300489,光智科技,76.0,7.16,5.08,216022.0,1662011790.03,17.48,81.55,69.15,70.26,70.92,1.51,15.58,-318.56,16.53,10575995460.0,10537284556.0,-0.38,-0.22,69.45,49.61
156,300393,中来股份,10.71,7.1,0.71,908168.0,944226932.63,10.1,10.77,9.76,10.02,10.0,1.58,9.5,-21.99,3.94,11669909004.0,10237743086.0,0.0,-0.09,43.95,59.85
157,002465,海格通信,16.8,7.07,1.11,1738514.0,2907795793.57,8.92,17.08,15.68,15.69,15.69,2.45,7.02,-53.02,3.65,41694810326.0,41628503431.0,-0.06,-0.12,-29.88,6.67
158,301093,华兰股份,80.93,7.02,5.31,50332.0,407323635.0,6.8,82.95,77.81,78.58,75.62,0.98,3.21,186.93,6.11,13288837430.0,12700667892.0,0.0,0.0,25.86,58.38
159,688193,仁度生物,54.97,6.99,3.59,9642.0,51682708.0,8.66,55.0,50.55,51.1,51.38,2.66,2.41,231.64,2.41,2202640754.0,2202640754.0,0.07,0.15,6.43,13.64
160,688518,联赢激光,30.6,6.96,1.99,317986.0,958831959.0,15.34,32.09,27.7,28.51,28.61,2.88,9.32,60.64,3.2,10444547907.0,10444547907.0,0.07,0.16,-1.73,25.98
161,301071,力量钻石,49.86,6.93,3.23,257143.0,1287876683.54,13.49,52.79,46.5,46.82,46.63,2.16,13.21,210.34,2.45,12977177526.0,9702465167.0,0.02,-0.08,31.59,39.12
162,605090,九丰能源,45.29,6.92,2.93,365519.0,1617877766.0,8.05,45.86,42.45,42.59,42.36,1.74,5.19,19.31,2.93,31951537118.0,31888615721.0,0.02,0.02,0.42,5.08
163,688523,航天环宇,74.72,6.9,4.82,147844.0,1076242749.0,11.33,76.98,69.06,69.25,69.9,1.47,15.32,708.2,18.14,30402073600.0,7211670813.0,-0.01,-0.01,14.15,33.52
164,688198,佰仁医疗,100.17,6.86,6.43,13124.0,128283973.0,11.13,103.33,92.9,93.51,93.74,2.95,0.95,67.23,10.97,13798230483.0,13798230483.0,-0.33,-0.32,-13.71,-6.39
165,603938,三孚股份,28.65,6.86,1.84,268883.0,763319907.0,6.83,29.18,27.35,27.55,26.81,1.78,7.03,136.52,4.38,10962191839.0,10962191839.0,0.0,0.0,11.35,49.92
166,002879,长缆科技,22.87,6.82,1.46,122393.0,271928881.8,8.59,23.09,21.25,21.44,21.41,1.98,8.88,33.02,2.55,4416371727.0,3153064144.0,-0.09,-0.13,4.29,23.16
167,002364,中恒电气,43.7,6.82,2.79,1194186.0,5079376038.2,9.19,44.17,40.41,41.48,40.91,1.25,21.4,194.88,9.95,24627788752.0,24389134312.0,0.0,-0.23,35.13,65.28
168,600150,中国船舶,35.28,6.81,2.25,1796601.0,6198641799.0,7.05,35.42,33.09,33.12,33.03,3.22,2.39,34.03,1.88,265503919041.0,265503919041.0,-0.03,-0.03,-2.0,6.07
169,920808,曙光数创,87.8,6.81,5.6,95866.0,850761249.48,15.6,95.0,82.18,82.2,82.2,2.21,4.93,475.91,23.22,17560000088.0,17083437316.0,0.0,0.0,8.46,23.64
170,603663,三祥新材,48.7,6.77,3.09,138894.0,665323939.0,8.22,49.37,45.62,45.64,45.61,1.65,3.28,198.33,15.59,20614697825.0,20591321825.0,0.0,0.16,28.46,37.77
171,002120,韵达股份,7.28,6.74,0.46,1089372.0,780793682.3,6.3,7.29,6.86,6.86,6.82,2.94,3.87,21.68,1.04,21106185653.0,20494145767.0,0.0,0.0,4.15,8.01
172,688450,光格科技,44.03,6.71,2.77,29454.0,127870204.0,9.69,44.5,40.5,40.5,41.26,1.23,6.02,-44.77,3.1,2905980000.0,2154417488.0,0.0,-0.27,46.28,59.64
173,600312,平高电气,21.24,6.68,1.33,501505.0,1046183934.0,7.03,21.42,20.02,20.15,19.91,1.38,3.7,25.74,2.56,28821008603.0,28821008603.0,0.0,-0.14,6.89,22.42
174,002980,华盛昌,78.0,6.67,4.88,267718.0,2030066235.4,8.97,79.56,73.0,75.18,73.12,1.31,26.4,170.74,13.69,14773290480.0,7908415632.0,-0.56,-0.29,250.88,270.19
175,605007,五洲特纸,15.52,6.67,0.97,171715.0,262758861.0,4.4,15.6,14.96,15.01,14.55,3.37,4.28,18.56,2.05,7383329647.0,6232103336.0,0.06,0.13,15.99,14.88
176,688102,斯瑞新材,40.99,6.66,2.56,364437.0,1459779311.0,8.4,41.78,38.55,38.68,38.43,1.62,4.69,206.6,16.73,31873570149.0,31873570149.0,0.0,0.02,-5.51,5.92
177,003019,宸展光电,35.45,6.65,2.21,131618.0,458310677.06,7.1,35.47,33.11,33.11,33.24,2.15,7.7,32.29,3.67,6269850425.0,6060438412.0,0.0,0.14,2.04,5.88
178,301075,多瑞医药,81.6,6.62,5.07,48297.0,382133717.5,9.3,82.76,75.64,75.99,76.53,1.82,6.04,-61.41,10.94,6528000000.0,6528000000.0,-0.04,0.59,30.12,36.75
179,600259,中稀有色,103.77,6.62,6.44,179845.0,1822974491.0,9.6,105.0,95.66,95.66,97.33,1.05,5.35,273.7,10.0,34911954381.0,34911954381.0,-0.01,0.31,38.92,84.45
180,002813,路畅科技,25.85,6.6,1.6,61386.0,154352397.52,9.03,26.06,23.87,24.25,24.25,4.4,5.12,-33.09,13.77,3102000000.0,3098279539.0,0.0,0.31,-17.2,-10.95
181,605358,立昂微,39.01,6.58,2.41,300869.0,1150695883.0,7.62,39.14,36.35,36.58,36.6,2.26,4.48,-181.94,3.74,26190448368.0,26190448368.0,0.0,0.0,-6.09,12.03
182,000547,航天发展,28.75,6.56,1.77,3137167.0,8834132800.68,10.38,29.5,26.7,26.88,26.98,1.69,19.74,-70.51,9.78,45955962734.0,45687230533.0,0.0,-0.24,-4.29,-12.91
183,301197,工大科雅,29.28,6.55,1.8,113901.0,332784111.2,14.48,30.71,26.73,27.18,27.48,1.16,10.47,-122.67,2.75,3529411200.0,3184178040.0,0.0,0.24,38.11,40.5
184,002432,九安医疗,80.28,6.54,4.93,421597.0,3366467379.34,10.48,82.89,74.99,75.35,75.35,1.05,9.62,17.62,1.68,37328256421.0,35195527264.0,0.48,0.11,90.46,100.5
185,002501,利源股份,1.96,6.52,0.12,2649433.0,503369545.86,14.67,2.0,1.73,1.78,1.84,3.0,7.47,-59.02,26.39,6958000000.0,6951079644.0,-0.51,0.0,-26.04,-21.29
186,003009,中天火箭,62.21,6.51,3.8,88606.0,542752536.29,7.76,63.0,58.47,58.68,58.41,2.29,5.38,-100.59,6.6,10247070574.0,10245197120.0,-0.02,0.03,-18.62,-20.79
187,920116,星图测控,107.02,6.51,6.54,68915.0,719930533.65,11.06,109.99,98.88,102.92,100.48,2.01,4.49,169.58,29.13,17099120500.0,16424894500.0,-0.01,0.0,-7.26,26.65
188,000778,新兴铸管,4.75,6.5,0.29,1627971.0,779347160.03,8.3,4.91,4.54,4.54,4.46,3.91,4.18,19.88,0.71,18825115854.0,18494221853.0,0.0,0.0,9.45,13.64
189,000803,山高环能,8.71,6.48,0.53,491797.0,420693656.59,9.29,8.9,8.14,8.17,8.18,3.72,10.7,57.9,2.77,4061439493.0,4004751564.0,0.0,0.35,3.2,21.82
190,688106,金宏气体,29.1,6.48,1.77,528545.0,1495375687.0,10.65,29.8,26.89,27.51,27.33,1.21,10.53,110.7,4.72,14604026420.0,14604026420.0,0.0,-0.03,27.19,48.55
191,002498,汉缆股份,9.4,6.46,0.57,3055522.0,2802247655.31,8.83,9.5,8.72,8.84,8.83,1.52,9.18,52.79,3.51,31271882400.0,31271882400.0,0.0,0.0,137.37,145.43
192,301179,泽宇智能,28.1,6.44,1.7,257187.0,708458074.75,8.67,28.3,26.01,26.08,26.4,1.12,10.83,76.03,4.52,11363852689.0,6673903117.0,0.0,0.07,65.39,77.74
193,603285,键邦股份,39.8,6.36,2.38,88111.0,349012677.0,9.49,41.0,37.45,38.35,37.42,1.52,14.14,44.68,3.8,6368000000.0,2479411844.0,0.0,0.05,44.83,63.38
194,300600,国瑞科技,13.45,6.32,0.8,163352.0,217751431.92,7.51,13.6,12.65,12.65,12.65,4.67,5.55,-71.92,3.29,3957453756.0,3957453756.0,-0.07,-0.22,-11.16,-9.73
195,300694,蠡湖股份,13.18,6.29,0.78,182736.0,234719191.84,7.42,13.21,12.29,12.41,12.4,4.76,8.43,23.32,1.91,2860987556.0,2857211486.0,-0.23,-0.15,7.15,9.11
196,603890,春秋电子,20.11,6.29,1.19,748872.0,1504602607.0,8.99,20.7,19.0,19.28,18.92,1.14,16.76,29.17,2.95,8985316944.0,8985316944.0,-0.15,0.0,27.76,24.67
197,000533,顺钠股份,15.98,6.25,0.94,1337790.0,2093856601.77,9.57,16.18,14.74,14.85,15.04,1.15,19.53,108.28,11.39,11039239680.0,10944740352.0,0.0,-0.25,72.2,91.84
198,301148,嘉戎技术,68.3,6.25,4.02,65226.0,436844855.68,8.48,68.88,63.43,63.96,64.28,1.47,11.08,155.42,4.52,7956750564.0,4021031364.0,-0.04,0.46,24.18,43.64
199,300323,华灿光电,10.9,6.24,0.64,1241845.0,1322886922.45,8.77,11.06,10.16,10.2,10.26,2.16,10.46,-40.38,2.69,17690686887.0,12945864665.0,-0.37,-0.73,27.63,36.59
200,003041,真爱美家,61.37,6.21,3.59,95079.0,590584250.18,6.16,63.56,60.0,60.65,57.78,2.2,6.95,28.78,6.04,8837280000.0,8396852058.0,-0.1,0.08,-2.53,12.96
201,002470,金正大,2.92,6.18,0.17,3181913.0,905438192.0,9.09,2.96,2.71,2.77,2.75,1.78,9.68,-244.14,4.67,9595201007.0,9594388298.0,0.0,0.0,63.13,64.04
202,002600,领益智造,14.64,6.16,0.85,2439697.0,3518706899.92,5.95,14.85,14.03,14.29,13.79,2.74,3.39,46.77,4.45,106989561835.0,105401211403.0,0.0,0.0,-9.29,-5.79
203,600353,旭光电子,16.56,6.15,0.96,422283.0,682735784.0,6.79,16.64,15.58,15.86,15.6,1.45,5.1,85.07,7.25,13744406518.0,13725112793.0,-0.18,-0.12,-7.54,2.73
204,002062,宏润建设,9.0,6.13,0.52,768848.0,671982259.67,9.91,9.15,8.31,8.48,8.48,2.35,6.84,34.28,2.2,11135438001.0,10122308640.0,-0.11,-0.33,0.11,-2.7
205,600855,航天长峰,21.63,6.13,1.25,590049.0,1253182808.0,7.95,22.0,20.38,20.42,20.38,1.41,12.62,-59.07,7.06,10134579207.0,10115047317.0,0.05,0.05,-5.21,2.8
206,300669,沪宁股份,34.97,6.13,2.02,29185.0,99413283.5,8.04,35.27,32.62,32.86,32.95,2.28,1.6,344.15,7.71,6738912244.0,6382022797.0,-0.29,-0.23,36.87,32.97
207,301005,超捷股份,178.25,6.1,10.25,152878.0,2676476032.77,9.05,182.2,167.0,169.01,168.0,1.33,11.55,1471.13,31.18,23932025211.0,23595056955.0,0.03,0.12,-7.6,14.8
208,301181,标榜股份,48.5,6.08,2.78,63104.0,298196665.68,10.67,49.33,44.45,45.72,45.72,1.13,7.06,47.19,3.84,5603737191.0,4333122066.0,0.21,0.33,10.96,9.78
209,002938,鹏鼎控股,65.87,6.04,3.75,519865.0,3389377969.47,8.77,66.95,61.5,62.0,62.12,1.23,2.25,40.85,4.47,152690020424.0,152122366531.0,0.02,0.0,20.2,30.23
210,300364,中文在线,30.3,6.02,1.72,990154.0,2988809252.53,9.41,31.0,28.31,28.31,28.58,1.97,14.99,-31.81,46.69,22073553575.0,20010464602.0,0.13,0.1,-15.72,20.62
211,601179,中国西电,18.22,5.99,1.03,3497737.0,6142604683.0,9.54,18.4,16.76,17.18,17.19,1.33,6.82,73.56,4.06,93393576453.0,93393576453.0,0.05,0.22,35.67,100.22
212,300720,海川智能,64.03,5.96,3.6,117052.0,737584054.0,11.02,65.96,59.3,60.21,60.43,0.89,6.7,338.85,21.31,12477990702.0,11182966984.0,-0.3,0.11,99.22,88.93
213,000019,深粮控股,8.03,5.94,0.45,356271.0,281238943.98,6.73,8.1,7.59,7.63,7.58,1.25,8.56,28.5,1.86,9254858090.0,3342217748.0,0.12,0.25,16.55,15.54
214,600982,宁波能源,5.95,5.87,0.33,1226403.0,715849488.0,7.65,6.0,5.57,5.6,5.62,1.23,10.97,19.11,1.48,6649883536.0,6649883536.0,-0.17,-0.34,30.77,37.1
215,603336,宏辉果蔬,10.0,5.82,0.55,248162.0,246533707.0,7.3,10.11,9.42,9.5,9.45,3.28,4.08,423.52,4.26,6087189450.0,6087189450.0,0.1,0.1,17.79,16.82
216,688090,瑞松科技,72.86,5.81,4.0,71060.0,498551508.0,9.24,72.86,66.5,68.54,68.86,1.31,5.81,748.5,9.89,8915882863.0,8915882863.0,0.14,0.45,49.92,63.8
217,003031,中瓷电子,119.01,5.81,6.53,181607.0,2171707319.26,5.07,123.0,117.3,120.3,112.48,1.2,5.34,90.82,8.53,53679800750.0,40482048391.0,0.42,0.32,55.24,62.67
218,600962,国投中鲁,21.91,5.79,1.2,161116.0,352749024.0,6.33,22.47,21.16,21.2,20.71,4.75,6.14,140.39,6.05,5745021100.0,5745021100.0,0.0,0.05,-4.41,-0.09
219,600488,津药药业,6.41,5.78,0.35,1494179.0,930557742.0,8.58,6.48,5.96,6.0,6.06,0.8,13.68,75.49,2.32,6998993619.0,6998993619.0,0.0,0.47,53.72,56.72
220,300777,中简科技,34.0,5.75,1.85,359627.0,1213215422.63,10.02,34.88,31.66,31.96,32.15,1.42,8.51,47.51,3.28,14950056258.0,14361134234.0,-0.06,0.0,-17.58,-16.67
221,603296,华勤技术,103.0,5.75,5.6,183399.0,1884552903.0,5.6,104.45,99.0,99.0,97.4,1.39,3.21,25.8,4.06,104620431432.0,58760207350.0,0.19,0.15,7.59,13.51
222,300647,超频三,6.85,5.71,0.37,341685.0,230329242.0,6.79,6.88,6.44,6.53,6.48,3.18,7.48,1074.59,5.47,3132649014.0,3127998680.0,-0.15,0.29,-4.99,-0.58
223,300205,*ST天喻,5.92,5.71,0.32,110631.0,65138487.72,8.39,6.12,5.65,5.98,5.6,1.76,2.57,-15.35,2.59,2545931520.0,2545931520.0,0.0,0.17,24.11,23.33
224,600882,妙可蓝多,20.35,5.71,1.1,164956.0,329781329.0,7.12,20.47,19.1,19.16,19.25,2.5,3.23,34.34,2.2,10379591716.0,10379591716.0,-0.15,-0.2,-17.41,-19.05
225,301232,飞沃科技,234.1,5.69,12.6,96946.0,2254601095.09,14.53,248.0,215.81,220.0,221.5,1.12,21.7,465.62,12.49,17595505433.0,10456606737.0,0.07,-0.06,42.74,39.04
226,600686,金龙汽车,16.96,5.67,0.91,309620.0,515922893.0,7.6,17.12,15.9,15.95,16.05,1.65,4.32,36.88,3.72,12161124192.0,12161124192.0,-0.06,0.06,-9.84,-4.4
227,002033,丽江股份,11.02,5.66,0.59,1176801.0,1265761466.98,9.49,11.29,10.3,10.38,10.43,1.89,21.42,28.37,2.37,6055387635.0,6055271595.0,0.18,0.09,16.49,20.44
228,920046,亿能电力,27.81,5.66,1.49,80906.0,221938062.2,9.5,28.36,25.86,25.92,26.32,1.28,12.63,187.46,11.17,2812981500.0,1781989351.0,0.14,0.07,47.69,106.77
229,301196,唯科科技,123.72,5.64,6.61,63869.0,773840458.87,8.0,125.37,116.0,118.29,117.11,1.01,7.79,52.33,4.68,15503815542.0,10140290513.0,0.0,0.1,63.87,54.71
230,000702,正虹科技,6.96,5.61,0.37,198484.0,134191190.13,7.59,7.01,6.51,6.61,6.59,1.12,7.44,-168.73,6.95,2412509638.0,1855776649.0,0.29,-0.14,4.04,4.19
231,688053,ST思科瑞,41.2,5.59,2.18,23962.0,96343706.0,9.87,42.29,38.44,38.5,39.02,2.44,2.4,-212.07,2.56,4120000000.0,4120000000.0,-0.02,-0.15,-10.98,12.11
232,002851,麦格米特,112.05,5.58,5.92,283956.0,3153958527.97,8.76,114.6,105.3,106.12,106.13,1.5,6.2,229.83,9.83,65156560915.0,51314381136.0,0.02,0.09,14.31,24.4
233,300499,高澜股份,44.97,5.56,2.37,552454.0,2506517886.82,10.38,47.17,42.75,43.0,42.6,1.36,20.36,300.72,9.92,13727027923.0,12205021511.0,0.09,-0.31,35.45,46.58
234,603320,迪贝电气,23.53,5.56,1.24,64471.0,147932421.0,7.76,23.78,22.05,22.25,22.29,1.18,4.32,43.57,2.97,3509410157.0,3509410157.0,-0.04,0.0,12.69,23.45
235,300048,合康新能,7.23,5.55,0.38,561642.0,398050605.32,8.32,7.37,6.8,6.83,6.85,2.4,4.99,131.55,4.48,8157589891.0,8140869612.0,-0.14,-0.28,6.79,21.51
236,000960,锡业股份,37.55,5.54,1.97,873098.0,3295715690.27,9.27,39.1,35.8,35.8,35.58,1.62,5.31,31.42,3.13,61785969798.0,61785969798.0,0.03,0.08,-7.26,35.22
237,600869,远东股份,15.51,5.51,0.81,1165542.0,1788838214.0,6.26,15.79,14.87,15.02,14.7,1.27,5.25,153.98,8.08,34422161090.0,34422161090.0,0.06,-0.06,53.72,92.67
238,301399,英特科技,25.34,5.5,1.32,137002.0,343725095.54,7.74,25.66,23.8,23.8,24.02,1.37,25.05,-418.69,3.55,4688406800.0,1385682069.0,0.24,0.0,26.01,29.82
239,600189,泉阳泉,8.05,5.5,0.42,174774.0,138949348.0,5.9,8.08,7.63,7.64,7.63,1.76,2.44,381.82,4.69,5757342387.0,5757342387.0,0.0,-0.25,8.78,16.5
240,688507,索辰科技,96.33,5.49,5.01,31152.0,293302374.0,7.28,96.95,90.3,90.3,91.32,1.91,6.33,266.82,3.01,8583849163.0,4742877871.0,-0.07,-0.19,-20.59,-3.95
241,300785,值得买,54.03,5.49,2.81,205895.0,1104274086.41,8.88,55.29,50.74,51.28,51.22,1.92,16.83,599.18,5.69,10744148779.0,6609721419.0,0.02,-0.13,-19.49,23.3
242,603618,杭电股份,25.44,5.47,1.32,942601.0,2394586191.0,8.87,26.27,24.13,24.32,24.12,1.01,13.63,-60.14,6.49,17588595671.0,17588595671.0,0.04,-0.04,206.88,215.63
243,688677,海泰新光,86.73,5.47,4.5,97735.0,848671945.0,9.38,89.71,82.0,82.85,82.23,0.96,8.15,60.59,7.72,10396932210.0,10396932210.0,-0.44,0.23,79.27,100.95
244,601231,环旭电子,42.37,5.45,2.19,665125.0,2725143159.0,8.51,42.8,39.38,40.69,40.18,1.08,2.78,54.62,4.71,101226382155.0,101226382155.0,0.0,0.17,38.6,41.23
245,300990,同飞股份,92.54,5.43,4.77,85023.0,786364937.66,7.63,94.81,88.11,88.58,87.77,1.48,11.02,62.42,7.56,15785394541.0,7137284459.0,-0.01,0.05,1.28,2.88
246,603601,再升科技,15.57,5.42,0.8,2543360.0,3922424192.0,7.79,15.95,14.8,14.89,14.77,1.09,22.26,164.17,7.3,17786248918.0,17786248918.0,-0.06,-0.13,45.92,24.86
247,301018,申菱环境,126.96,5.4,6.51,215083.0,2777113373.3,11.62,136.01,122.01,124.0,120.45,1.39,10.88,168.79,12.73,33778033525.0,25107217801.0,0.08,0.08,89.97,99.87
248,301560,众捷汽车,42.32,5.38,2.16,28763.0,119103613.52,6.72,42.42,39.72,40.18,40.16,1.15,11.83,62.91,5.25,5146112000.0,1029222400.0,0.09,0.12,21.61,24.25
249,300008,天海防务,8.05,5.37,0.41,1635253.0,1293697061.98,5.1,8.05,7.66,7.67,7.64,2.77,9.93,46.62,5.76,13910634521.0,13260685072.0,0.0,0.12,-8.21,2.03
250,601113,华鼎股份,4.71,5.37,0.24,501269.0,237971210.0,7.83,4.88,4.53,4.53,4.47,2.64,4.54,20.78,1.31,5200556984.0,5200556984.0,0.0,0.0,-1.05,0.64
251,300018,中元股份,14.33,5.37,0.73,288931.0,408544684.0,6.54,14.47,13.58,13.59,13.6,1.81,8.01,59.4,4.82,6954858231.0,5168394494.0,-0.07,0.21,15.19,30.27
252,600510,黑牡丹,9.65,5.35,0.49,215662.0,205957434.0,7.42,9.76,9.08,9.2,9.16,1.66,2.09,44.46,0.94,9959045660.0,9959045660.0,0.1,-0.41,6.75,15.02
253,688399,硕世生物,60.05,5.35,3.05,26213.0,154072662.0,7.42,60.28,56.05,56.5,57.0,1.35,3.13,-126.83,1.72,5036496846.0,5036496846.0,-0.05,0.1,-24.21,-12.34
254,603637,镇海股份,15.42,5.33,0.78,161553.0,243527638.0,7.04,15.49,14.46,14.69,14.64,1.1,6.77,55.66,3.52,3680536223.0,3680536223.0,-0.06,-0.13,38.05,41.86
255,688133,泰坦科技,22.92,5.33,1.16,77107.0,176629378.0,6.43,23.73,22.33,22.39,21.76,2.44,4.69,-288.93,1.36,3768895513.0,3768895513.0,0.09,0.57,-13.93,3.52
256,603278,大业股份,12.65,5.33,0.64,708987.0,880223231.0,6.91,12.95,12.12,12.29,12.01,6.93,20.75,138.71,2.15,4323256309.0,4323256309.0,0.08,0.08,-2.09,-25.76
257,603931,格林达,30.91,5.32,1.56,66340.0,202481856.0,7.77,31.3,29.02,29.5,29.35,2.85,3.32,50.13,3.82,6168349526.0,6168349526.0,-0.03,-0.06,-13.32,-2.12
258,300503,昊志机电,62.44,5.31,3.15,279613.0,1704489231.6,8.08,62.8,58.01,59.7,59.29,1.4,11.6,52.91,13.06,19245680455.0,15046485182.0,0.06,0.21,3.69,-2.01
259,301012,扬电科技,35.77,5.27,1.79,286296.0,1003040852.35,9.62,36.77,33.5,33.98,33.98,1.63,14.54,152.37,6.04,7045264995.0,7045264995.0,0.0,-0.25,20.8,35.24
260,300562,乐心医疗,14.01,5.26,0.7,119984.0,165470969.0,5.86,14.04,13.26,13.31,13.31,2.87,7.36,37.35,2.98,3062777769.0,2283021027.0,-0.14,-0.07,-12.55,5.1
261,002865,钧达股份,78.2,5.26,3.91,252669.0,1947992990.28,7.65,79.67,73.99,75.0,74.29,1.25,11.3,429.64,6.04,24341005266.0,17479917596.0,0.01,0.01,-5.35,43.2
262,002484,江海股份,34.76,5.24,1.73,534133.0,1834417875.37,8.02,35.56,32.91,33.32,33.03,0.81,6.51,43.83,4.72,29564212189.0,28519615931.0,-0.06,0.03,15.91,17.04
263,300762,上海瀚讯,41.81,5.24,2.08,636408.0,2613925374.53,6.59,41.94,39.32,39.4,39.73,1.71,10.13,-408.9,11.24,26255248927.0,26255248927.0,-0.17,-0.21,-15.19,0.31
264,601869,长飞光纤,385.0,5.22,19.11,210116.0,8151820599.0,7.58,401.98,374.23,374.23,365.89,1.16,5.17,391.7,23.09,318743466580.0,156440250890.0,0.0,-0.12,255.26,230.87
265,688478,晶升股份,40.68,5.2,2.01,115824.0,470542716.0,9.36,42.5,38.88,39.67,38.67,1.37,11.2,-160.38,3.73,5628732785.0,4206697077.0,-0.12,-0.05,-0.22,8.74
266,002394,联发股份,14.16,5.2,0.7,130528.0,183608667.0,7.8,14.48,13.43,13.5,13.46,2.25,4.04,13.04,1.06,4583592000.0,4577724181.0,0.0,0.0,-13.02,-10.72
267,300252,金信诺,14.99,5.19,0.74,580006.0,870053150.4,5.05,15.22,14.5,14.6,14.25,2.5,10.38,943.43,4.55,9925685972.0,8376091724.0,0.07,0.0,-1.19,2.53
268,003039,顺控发展,15.24,5.18,0.75,181573.0,278820114.17,6.42,15.9,14.97,15.0,14.49,6.16,2.94,30.97,3.24,9410985445.0,9410985445.0,-0.26,0.13,-11.14,-4.33
269,600586,金晶科技,5.7,5.17,0.28,844385.0,479129948.0,7.93,5.87,5.44,5.47,5.42,2.12,5.96,-22.47,1.47,8078824890.0,8078824890.0,-0.18,0.0,-6.86,1.24
270,300821,东岳硅材,14.65,5.17,0.72,984033.0,1412863331.8,6.03,14.66,13.82,13.83,13.93,1.41,8.2,-910.45,3.57,17580000000.0,17576934488.0,0.07,0.07,13.57,25.64
271,688568,中科星图,65.26,5.17,3.21,222601.0,1431810106.0,6.74,65.98,61.8,62.06,62.05,1.7,2.75,1793.71,13.93,52735229797.0,52735229797.0,-0.05,0.12,-15.97,10.61
272,002227,奥 特 迅,8.57,5.15,0.42,114197.0,95879753.0,7.85,8.65,8.01,8.05,8.15,1.05,4.64,-31.55,2.27,2123698877.0,2107678085.0,0.0,0.0,-32.25,-28.82
273,600243,*ST海华,3.89,5.14,0.19,95429.0,36715747.0,5.95,3.89,3.67,3.7,3.7,0.74,2.17,-200.24,2.69,1707126500.0,1707126500.0,0.0,0.0,-21.26,-26.6
274,301511,德福科技,52.86,5.13,2.58,387603.0,2053344018.86,8.05,54.27,50.22,50.66,50.28,0.95,10.35,375.25,8.2,33318820920.0,19802997356.0,-0.02,0.0,67.92,47.69
275,603916,苏博特,11.15,5.09,0.54,129384.0,142018079.0,6.5,11.24,10.55,10.6,10.61,2.39,3.08,39.28,1.12,4753220370.0,4686654870.0,-0.18,0.36,0.45,17.86
276,688607,康众医疗,69.0,5.09,3.34,33645.0,227980810.0,6.91,69.29,64.75,65.1,65.66,1.1,3.82,-856.49,7.09,6080902863.0,6080902863.0,-0.25,0.1,23.66,61.21
277,603906,龙蟠科技,27.31,5.08,1.32,958510.0,2590790781.0,6.77,27.68,25.92,25.92,25.99,1.62,16.96,-108.44,6.61,18709504841.0,15432304841.0,-0.04,0.18,36.48,36.48
278,300476,胜宏科技,343.0,5.08,16.58,544758.0,18548147670.93,7.01,349.79,326.9,329.0,326.42,1.07,6.36,69.41,17.96,299287158359.0,293943993539.0,-0.07,0.08,22.03,20.1
279,688146,中船特气,67.57,5.07,3.26,199436.0,1337492688.0,6.78,69.45,65.09,67.8,64.31,1.16,13.76,88.29,6.1,35772352961.0,9795679794.0,-0.04,-0.15,49.96,67.25
280,002620,ST瑞和,9.35,5.06,0.45,149879.0,137354084.0,7.08,9.35,8.72,8.85,8.9,0.62,4.75,-47.04,-160.2,3529568900.0,2948618833.0,0.0,0.0,61.21,85.52
281,002047,*ST宝鹰,5.81,5.06,0.28,457608.0,263632523.35,3.8,5.81,5.6,5.64,5.53,1.47,3.02,148.79,173.43,8809404906.0,8808883424.0,0.17,0.17,44.89,57.88
282,603358,华达科技,37.16,5.06,1.79,181138.0,678438036.0,8.74,38.5,35.41,35.41,35.37,1.41,3.98,33.28,4.55,17455652704.0,16914469960.0,0.0,0.0,-32.61,-26.2
283,603175,超颖电子,96.27,5.06,4.64,58698.0,564432873.0,8.75,99.02,91.0,91.63,91.63,1.28,13.34,181.86,14.5,42072812733.0,4235813381.0,-0.19,-0.4,34.72,41.16
284,603638,艾迪精密,21.85,5.05,1.05,137888.0,298124542.0,7.64,22.27,20.68,21.01,20.8,2.94,1.66,43.1,5.15,18159290499.0,18159290499.0,-0.05,0.14,12.98,15.43
285,301518,长华化学,44.12,5.05,2.12,34443.0,147005308.47,6.74,44.15,41.32,42.0,42.0,1.34,6.44,63.28,4.2,6418115002.0,2360360570.0,0.16,0.55,2.89,24.04
286,002088,鲁阳节能,10.66,5.02,0.51,86950.0,91534160.96,5.32,10.8,10.26,10.36,10.15,2.52,1.72,39.66,2.11,5469886767.0,5391736089.0,-0.09,-0.19,-9.2,1.81
287,603595,ST东尼,17.56,5.02,0.84,82295.0,143894376.0,3.29,17.56,17.01,17.1,16.72,3.11,3.54,42.88,2.68,4081687245.0,4081687245.0,0.0,0.0,2.93,3.84
288,300747,锐科激光,36.6,5.02,1.75,429527.0,1553768732.09,8.18,37.43,34.58,34.8,34.85,1.64,8.43,123.53,6.01,20554560000.0,18639415297.0,0.33,0.05,10.57,35.56
289,000609,ST中迪,10.25,5.02,0.49,8623.0,8838575.0,0.0,10.25,10.25,10.25,9.76,0.09,0.3,-15.2,-360.17,3067471601.0,2983347288.0,0.0,0.0,27.17,15.17
290,603261,*ST立航,36.71,5.01,1.75,9862.0,35713401.0,6.09,36.71,34.58,34.63,34.96,2.15,1.27,-48.06,4.23,2845209358.0,2845209358.0,0.0,0.0,32.05,52.01
291,603608,天创时尚,12.16,5.01,0.58,348275.0,424156285.0,9.84,12.7,11.56,11.8,11.58,2.14,8.3,-732.53,4.83,5103991961.0,5103991961.0,-0.16,-0.25,27.33,18.06
292,002289,*ST宇顺,27.91,5.0,1.33,34151.0,94929765.86,4.18,27.91,26.8,26.8,26.58,2.38,1.22,-495.36,35.75,7821881688.0,7813508688.0,0.0,0.0,-0.21,-4.32
293,600644,乐山电力,11.98,5.0,0.57,469488.0,550640336.0,6.05,12.0,11.31,11.31,11.41,1.94,8.12,297.13,3.35,6928283400.0,6928283400.0,0.0,0.0,9.31,22.87
294,001270,*ST铖昌,142.8,5.0,6.8,50054.0,705703175.08,4.92,142.8,136.11,136.11,136.0,0.65,2.46,251.33,19.49,29433207863.0,29059737311.0,0.0,0.0,16.25,55.78
295,603813,*ST原尚,28.77,5.0,1.37,16101.0,46066942.0,3.5,28.77,27.81,27.81,27.4,1.31,1.53,-55.9,5.54,3021281550.0,3021281550.0,0.0,0.0,-35.38,-24.59
296,002512,ST达华,4.21,4.99,0.2,790331.0,327362722.03,5.24,4.21,4.0,4.01,4.01,1.16,7.22,-34.26,12.06,4683610821.0,4607642002.0,0.0,0.0,-40.11,-32.42
297,002058,*ST威尔,22.97,4.98,1.09,39240.0,89229897.75,5.21,22.97,21.83,21.98,21.88,2.53,2.74,12.65,82.35,3295008186.0,3287415430.0,0.0,0.0,-1.03,-1.75
298,600381,*ST春天,2.95,4.98,0.14,95127.0,27797557.0,4.27,2.95,2.83,2.94,2.81,0.83,1.62,-458.69,1.68,1731829186.0,1731829186.0,0.0,0.0,-31.07,-33.41
299,300992,泰福泵业,33.35,4.97,1.58,70576.0,233503107.69,6.3,33.78,31.78,31.78,31.77,1.03,9.11,181.05,3.52,3179820816.0,2584706741.0,0.12,0.15,3.28,23.52
300,000752,ST西发,9.93,4.97,0.47,19131.0,18920519.93,2.85,9.93,9.66,9.66,9.46,0.28,0.73,13.56,4.26,2619121816.0,2619121816.0,0.0,0.0,-8.31,-9.65
301,603843,*ST正平,8.02,4.97,0.38,203969.0,162085981.0,4.32,8.02,7.69,7.69,7.64,0.62,2.92,-42.18,20.05,5610978361.0,5610978361.0,0.0,0.0,31.48,40.21
302,002496,*ST辉丰,2.12,4.95,0.1,27252.0,5777381.6,0.0,2.12,2.12,2.12,2.02,0.07,0.23,-14.91,2.87,3196090115.0,2504246820.0,0.0,0.0,3.92,15.22
303,300743,天地数码,19.1,4.95,0.9,77944.0,149047510.49,8.79,19.77,18.17,18.23,18.2,3.67,6.12,18.31,4.26,2888181345.0,2433548114.0,-0.52,-0.47,-10.83,-14.43
304,603789,*ST星农,5.52,4.94,0.26,27783.0,15054492.0,5.7,5.52,5.22,5.22,5.26,1.02,1.07,-16.74,8.64,1463984592.0,1435200000.0,0.0,0.0,2.22,3.76
305,688347,华虹公司,130.75,4.93,6.14,194211.0,2503205140.0,4.65,130.8,125.0,126.44,124.61,1.26,4.76,603.26,5.03,227195409235.0,53313312500.0,0.0,0.13,-0.19,21.21
306,002887,绿茵生态,11.74,4.92,0.55,89833.0,105503874.5,7.42,12.0,11.17,11.25,11.19,2.65,4.14,38.3,1.57,3592294905.0,2550293595.0,0.0,0.09,25.7,25.43
307,600345,长江通信,53.13,4.92,2.49,327344.0,1716937869.0,7.09,53.99,50.4,51.15,50.64,1.07,15.47,789.51,4.97,17512292573.0,11240145450.0,-0.02,0.06,50.0,53.29
308,603757,大元泵业,58.6,4.91,2.74,244646.0,1432554293.0,9.52,61.18,55.86,55.89,55.86,1.22,13.11,75.54,5.18,10931669377.0,10931669377.0,0.17,0.27,35.96,32.01
309,300699,光威复材,37.04,4.9,1.73,408559.0,1501176432.43,4.76,37.2,35.52,35.63,35.31,2.22,4.97,51.03,5.42,30793278080.0,30425059699.0,0.0,-0.03,-5.8,-6.13
310,920571,国航远洋,10.94,4.89,0.51,325159.0,351681716.52,5.27,10.99,10.44,10.45,10.43,1.71,11.5,219.25,4.5,6076157536.0,3092932579.0,0.09,0.18,8.86,11.18
311,002106,莱宝高科,11.16,4.89,0.52,285870.0,316105410.51,6.48,11.38,10.69,10.7,10.64,3.48,4.06,32.14,1.41,7876908346.0,7866711521.0,0.0,0.0,-0.27,1.82
312,688212,澳华内镜,37.1,4.89,1.73,28843.0,105452487.0,7.92,37.7,34.9,35.34,35.37,1.44,2.14,435.89,3.81,4996080775.0,4996080775.0,-0.03,0.08,-21.81,-15.12
313,300592,华凯易佰,13.73,4.89,0.64,132927.0,181458967.2,7.18,13.91,12.97,13.1,13.09,1.83,3.81,84.28,2.4,5551882969.0,4790176963.0,-0.07,0.0,7.1,26.43
314,688692,达梦数据,256.05,4.87,11.88,21840.0,556571519.0,5.53,258.79,245.28,249.0,244.17,1.59,2.99,56.12,7.84,28995102000.0,18726639233.0,-0.04,-0.27,-19.28,-2.0
315,688396,华润微,51.65,4.87,2.4,328503.0,1686519482.0,6.05,52.26,49.28,49.52,49.25,2.01,2.47,103.73,2.98,68602081622.0,68602081622.0,-0.06,-0.02,-14.39,-2.29
316,920010,凯添燃气,13.14,4.87,0.61,244109.0,324274548.08,9.66,13.91,12.7,12.77,12.53,1.66,14.06,95.9,4.45,3081330000.0,2281675301.0,0.0,0.38,7.97,19.67
317,002487,大金重工,89.63,4.87,4.16,352941.0,3155062812.46,6.77,92.5,86.71,87.0,85.47,2.07,5.59,51.81,6.9,57161474151.0,56549383442.0,0.0,0.3,65.92,72.9
318,002658,雪迪龙,8.84,4.86,0.41,285047.0,251026300.0,6.88,9.03,8.45,8.51,8.43,3.95,7.95,37.24,2.13,5620126568.0,3169683651.0,0.0,0.0,-3.39,-2.1
319,003004,*ST声迅,33.49,4.85,1.55,15161.0,50311124.0,4.98,33.54,31.95,31.95,31.94,1.77,2.21,-203.37,4.34,2741573216.0,2302150089.0,0.0,0.03,16.81,49.51
320,301397,溯联股份,37.84,4.85,1.75,103639.0,398751711.47,11.42,39.98,35.86,35.91,36.09,1.18,14.65,43.59,3.01,5890284060.0,2676718276.0,0.03,-0.11,12.99,8.64
321,300212,易华录,8.45,4.84,0.39,472202.0,391822758.52,6.82,8.5,7.95,8.05,8.06,1.43,6.76,-8.53,22.37,6083090966.0,5902424068.0,0.12,0.12,-54.52,-51.58
322,688636,智明达,47.5,4.83,2.19,72488.0,341586587.0,5.1,47.66,45.35,45.35,45.31,1.21,4.32,80.84,5.92,8260554190.0,7962301738.0,-0.08,-0.08,-12.33,10.88
323,605069,正和生态,13.68,4.83,0.63,60619.0,81183103.0,7.2,13.74,12.8,13.27,13.05,0.83,2.86,-102.35,3.4,2896025603.0,2896025603.0,-0.07,0.0,-10.0,-6.94
324,600343,航天动力,37.39,4.82,1.72,789913.0,2924662273.0,7.2,37.87,35.3,35.67,35.67,1.26,12.38,-123.91,18.43,23862535352.0,23862535352.0,0.0,0.11,-15.2,-23.65
325,600986,浙文互联,11.3,4.82,0.52,2271968.0,2558404939.0,6.86,11.55,10.81,10.83,10.78,1.23,15.28,196.52,3.24,16807326901.0,16807326901.0,-0.09,-0.18,1.35,44.5
326,603083,剑桥科技,152.3,4.82,7.01,629691.0,9720297505.0,6.7,159.78,150.05,159.67,145.29,1.52,22.85,203.84,7.21,53708651808.0,41972109208.0,-0.07,-0.14,21.03,13.34
327,600391,航发科技,42.11,4.8,1.93,278094.0,1164984974.0,8.14,43.17,39.9,40.39,40.18,2.88,8.42,228.36,7.79,13901747644.0,13901747644.0,0.05,0.0,6.47,13.5
328,920091,大鹏工业,64.35,4.77,2.93,22958.0,146419591.64,9.43,65.79,60.0,61.38,61.42,2.16,15.83,102.06,8.3,3955285620.0,933087870.0,-0.08,-0.23,-29.45,-19.56
329,600310,广西能源,4.62,4.76,0.21,1524341.0,694253257.0,6.35,4.67,4.39,4.41,4.41,1.33,10.4,-32.1,2.46,6771583536.0,6771583536.0,-0.43,-0.22,19.07,21.26
330,300806,斯迪克,68.38,4.76,3.11,345972.0,2335725221.67,7.61,68.97,64.0,65.27,65.27,1.69,10.94,513.53,13.66,30996688395.0,21622451561.0,-0.32,-0.16,94.98,122.45
331,300925,法本信息,19.36,4.76,0.88,264379.0,518256488.75,5.09,20.05,19.11,19.43,18.48,3.91,7.56,73.27,3.78,8299805175.0,6767212748.0,0.0,0.21,-20.66,-8.85
332,000822,山东海化,6.19,4.74,0.28,744780.0,461248006.43,7.78,6.36,5.9,5.94,5.91,2.1,8.32,-3.99,1.45,5540619022.0,5540619022.0,-0.16,-0.16,14.0,17.9
333,000062,深圳华强,31.17,4.74,1.41,842148.0,2617022860.61,6.12,31.99,30.17,30.91,29.76,1.56,8.06,70.42,4.84,32600993567.0,32569535400.0,0.0,-0.06,23.35,26.6
334,002202,金风科技,26.59,4.73,1.2,2803097.0,7312219053.96,7.56,26.95,25.03,25.14,25.39,1.42,8.33,40.48,2.9,112310540124.0,89435600104.0,0.0,0.0,-11.48,30.34
335,600367,红星发展,22.37,4.73,1.01,615754.0,1390406812.0,9.13,23.5,21.55,21.57,21.36,1.89,19.12,53.3,3.08,7631098278.0,7202540081.0,-0.22,-0.4,11.85,28.05
336,600490,鹏欣资源,8.88,4.72,0.4,767288.0,677520593.0,7.19,9.07,8.46,8.48,8.48,1.68,3.85,62.97,3.1,19650437262.0,17694477908.0,0.11,0.0,8.69,14.88
337,600973,宝胜股份,7.57,4.7,0.34,559527.0,418768300.0,4.56,7.58,7.25,7.28,7.23,1.2,4.08,-236.54,2.84,10381242497.0,10381242497.0,0.0,0.13,-1.05,3.7
338,688303,大全能源,23.28,4.68,1.04,243172.0,563992181.0,7.91,23.86,22.1,22.35,22.24,1.27,1.13,-44.23,1.28,49940389255.0,49940389255.0,-0.04,0.0,-7.98,-13.2
339,301189,奥尼电子,85.84,4.68,3.84,102610.0,881757378.23,8.48,88.35,81.4,82.0,82.0,0.76,9.18,-83.24,4.75,9991472556.0,9593295818.0,0.07,-0.51,97.29,97.38
340,920077,吉林碳谷,19.07,4.67,0.85,198387.0,376387200.48,6.92,19.43,18.17,18.36,18.22,2.07,6.54,62.76,4.26,11207092250.0,5784950673.0,-0.05,0.1,9.1,12.04
341,300433,蓝思科技,27.2,4.66,1.21,1571331.0,4274074651.36,3.58,27.81,26.88,26.88,25.99,1.27,3.16,-239.94,2.63,143581751664.0,135175840245.0,0.04,-0.04,-29.19,-10.14
342,300589,江龙船艇,16.84,4.66,0.75,363237.0,606642026.53,5.72,17.27,16.35,16.44,16.09,2.62,15.68,-129.42,8.09,6359929053.0,3900260432.0,0.06,0.06,-18.53,-6.7
343,301588,美新科技,22.52,4.65,1.0,46448.0,103263008.6,6.55,22.76,21.35,21.53,21.52,0.88,6.33,70.7,2.86,2676901820.0,1652048801.0,0.36,0.4,7.24,23.94
344,001368,通达创智,29.28,4.65,1.3,35280.0,101798348.67,5.36,29.35,27.85,27.9,27.98,0.93,3.26,33.93,2.41,3333145720.0,3168420979.0,0.0,-0.1,11.8,19.12
345,000720,新能泰山,4.96,4.64,0.22,1684208.0,833159798.0,5.27,5.05,4.8,4.83,4.74,1.03,13.4,-1178.08,2.64,6232396592.0,6232396592.0,0.2,0.0,49.85,51.68
346,600696,*ST岩石,1.13,4.63,0.05,114120.0,12622876.0,8.33,1.13,1.04,1.12,1.08,1.72,3.41,-2.53,1.32,377950457.0,377950457.0,0.0,0.0,-58.91,-61.03
347,001208,华菱线缆,22.85,4.62,1.01,679273.0,1518783406.0,8.1,23.0,21.23,21.53,21.84,1.61,25.38,132.37,5.0,14586307371.0,6115251175.0,-0.04,0.09,-3.79,-4.95
348,301683,慧谷新材,130.0,4.59,5.7,43943.0,558168049.77,6.53,130.42,122.3,125.0,124.3,1.01,30.8,39.68,5.18,8205132000.0,1854534500.0,0.07,0.26,65.86,65.86
349,002796,世嘉科技,55.8,4.59,2.45,292662.0,1651596105.72,4.91,57.76,55.14,57.76,53.35,1.71,12.85,-207.03,16.45,14082075698.0,12706117727.0,0.14,-0.07,41.27,101.23
350,300351,永贵电器,19.81,4.59,0.87,338360.0,660148507.52,7.29,20.15,18.77,18.99,18.94,1.65,12.85,123.27,3.14,7704218589.0,5218173435.0,0.0,-0.3,8.02,9.87
351,301328,维峰电子,61.67,4.58,2.7,33770.0,201968410.48,6.87,61.85,57.8,59.33,58.97,1.23,3.07,62.29,3.49,6777137942.0,6777054687.0,-0.02,0.21,21.25,29.64
352,688191,智洋创新,43.11,4.56,1.88,67973.0,291382365.0,7.76,44.55,41.35,41.89,41.23,1.55,2.93,155.55,11.47,9986447451.0,9986447451.0,-0.46,-0.32,18.69,33.97
353,688721,龙图光罩,43.76,4.56,1.91,32578.0,141491362.0,8.51,44.62,41.06,41.8,41.85,2.7,6.09,104.16,4.82,5841960000.0,2340483470.0,-0.09,-0.07,-12.36,-5.95
354,603193,润本股份,25.49,4.55,1.11,77173.0,194475998.0,6.64,26.0,24.38,24.63,24.38,1.49,7.47,29.07,4.75,10313083574.0,2634042644.0,-0.04,-0.16,2.58,5.2
355,301458,钧崴电子,37.44,4.55,1.63,87975.0,322319870.12,6.51,37.73,35.4,35.86,35.81,1.84,7.49,65.58,6.04,9984001248.0,4398525593.0,0.0,0.0,8.55,16.67
356,301323,新莱福,68.69,4.54,2.98,37365.0,253788164.04,6.76,69.15,64.71,65.11,65.71,1.31,5.52,52.08,3.33,7252887116.0,4648455828.0,-0.01,0.32,17.06,25.88
357,300834,星辉环材,44.69,4.54,1.94,151467.0,661901924.0,10.06,45.5,41.2,41.9,42.75,1.12,7.87,164.09,2.94,8657005056.0,8599552754.0,0.09,-0.02,87.22,92.8
358,000883,湖北能源,4.85,4.53,0.21,780737.0,376834154.84,6.68,4.95,4.64,4.64,4.64,3.33,1.2,18.11,0.92,34335030006.0,31425989452.0,0.0,-0.21,5.66,6.83
359,600531,豫光金铅,15.29,4.51,0.66,1105581.0,1673639237.0,5.95,15.51,14.64,14.64,14.63,1.96,9.14,21.5,2.83,18489626652.0,18489626652.0,0.0,0.0,10.4,30.13
360,300179,四方达,26.49,4.5,1.14,569804.0,1488017735.69,7.81,26.98,25.0,25.15,25.35,1.18,15.24,138.08,10.48,12866826906.0,9906779948.0,-0.08,-0.04,66.5,75.2
361,920885,星辰科技,21.87,4.49,0.94,68017.0,147219178.22,6.69,22.11,20.71,20.95,20.93,2.44,7.69,110.24,9.14,3735831213.0,1935564897.0,-0.14,0.05,-11.39,-6.78
362,603077,和邦生物,3.26,4.49,0.14,3897288.0,1260946263.0,6.09,3.29,3.1,3.12,3.12,1.49,4.41,41.46,1.62,28791253093.0,28791253093.0,0.0,0.0,44.89,44.25
363,002506,协鑫集成,4.65,4.49,0.2,7399884.0,3390322283.87,5.39,4.67,4.43,4.49,4.45,1.47,12.66,-36.75,15.29,27203971386.0,27176605438.0,0.0,0.0,60.34,66.07
364,301052,果麦文化,35.19,4.48,1.51,59451.0,206455014.59,5.46,35.34,33.5,33.76,33.68,2.01,7.41,-1673.31,5.01,3482379139.0,2822094390.0,0.03,-0.37,-20.19,-7.86
365,300051,琏升科技,17.01,4.48,0.73,471193.0,786941804.9,8.17,17.23,15.9,15.9,16.28,0.87,12.82,-52.28,39.25,6328020907.0,6254169015.0,-0.53,-0.41,106.43,163.72
366,002108,沧州明珠,5.83,4.48,0.25,3919532.0,2242651276.93,8.24,6.01,5.55,5.71,5.58,3.66,23.79,51.57,1.93,9611327541.0,9604914541.0,0.0,0.0,13.65,22.22
367,000833,粤桂股份,26.33,4.48,1.13,533640.0,1376025245.53,5.24,26.36,25.04,25.14,25.2,1.16,11.76,44.0,5.36,21118824879.0,11945974345.0,-0.08,0.0,23.56,35.3
368,603738,泰晶科技,31.52,4.47,1.35,664169.0,2093253413.0,6.66,32.58,30.57,30.92,30.17,1.4,17.21,260.46,6.96,12163173748.0,12163173748.0,0.13,0.29,91.26,100.64
369,002286,保龄宝,10.29,4.47,0.44,140798.0,144143319.0,5.89,10.43,9.85,9.89,9.85,2.34,3.81,21.92,1.78,3916038340.0,3802691418.0,-0.1,0.0,7.41,15.1
370,688781,视涯科技-UW,39.6,4.46,1.69,69910.0,272370352.0,5.88,39.85,37.62,37.81,37.91,1.09,17.12,-186.5,18.0,39600000000.0,1617069841.0,-0.13,-0.18,74.6,74.6
371,301381,赛维时代,21.6,4.45,0.92,74117.0,159554349.41,6.87,21.93,20.51,20.68,20.68,1.47,3.79,31.16,3.27,8714697120.0,4222113120.0,-0.18,-0.14,-6.9,4.91
372,600784,鲁银投资,7.78,4.43,0.33,286650.0,226368734.0,9.13,8.16,7.48,7.52,7.45,2.59,4.24,24.42,1.61,5256574715.0,5256574715.0,0.0,0.0,8.06,11.46
373,600714,金瑞矿业,18.88,4.42,0.8,212923.0,397937890.0,5.25,19.15,18.2,18.33,18.08,1.0,7.39,178.0,7.22,5440768034.0,5440768034.0,0.0,0.0,32.96,54.0
374,600101,明星电力,9.71,4.41,0.41,378341.0,361571606.0,5.05,9.75,9.28,9.33,9.3,2.51,6.91,28.89,1.72,5319744593.0,5319744593.0,0.0,-0.21,-1.02,5.43
375,300948,冠中生态,20.15,4.4,0.85,66205.0,132946929.4,8.08,20.57,19.01,19.35,19.3,2.27,4.37,-318.93,3.69,3239839270.0,3053966865.0,-0.05,0.15,-20.58,-7.1
376,002131,利欧股份,8.31,4.4,0.35,7969478.0,6574417077.09,7.04,8.45,7.89,7.92,7.96,1.56,13.61,71.67,4.25,56273481022.0,48653375153.0,0.0,0.12,-20.1,47.34
377,688757,胜科纳米,27.05,4.4,1.14,66682.0,182222496.0,10.42,28.33,25.63,25.63,25.91,1.48,3.68,175.13,12.3,10909575696.0,4902010386.0,0.0,0.0,-8.61,2.81
378,688385,复旦微电,75.07,4.39,3.16,157180.0,1161037271.0,7.47,76.37,71.0,71.93,71.91,1.48,2.91,266.15,10.08,61836604098.0,40491950998.0,-0.49,-0.46,-9.88,1.86
379,300810,中科海讯,34.97,4.39,1.47,48989.0,170892492.18,5.16,35.93,34.2,34.34,33.5,2.13,4.3,-93.58,5.29,4128208500.0,3986736491.0,-0.03,-0.09,-14.44,-8.65
380,002471,中超控股,9.54,4.38,0.4,2805692.0,2645688368.2,6.78,9.7,9.08,9.14,9.14,1.38,20.9,-576.56,7.26,13057970400.0,12806484199.0,0.0,0.0,29.44,18.95
381,605287,德才股份,47.15,4.38,1.98,77161.0,361820131.0,8.19,48.5,44.8,46.07,45.17,1.24,5.51,100.9,4.25,6601000000.0,6601000000.0,0.4,0.15,26.68,81.91
382,301566,达利凯普,23.42,4.37,0.98,194349.0,454353359.8,6.15,23.93,22.55,22.79,22.44,1.9,9.37,55.63,6.51,9368234200.0,4859668923.0,-0.04,0.39,4.32,20.54
383,603098,森特股份,14.81,4.37,0.62,132921.0,196355691.0,5.78,15.06,14.24,14.28,14.19,2.07,2.47,77.54,2.82,7992956674.0,7979627674.0,0.0,0.0,3.21,6.47
384,002513,蓝丰生化,6.23,4.36,0.26,238847.0,148821701.0,10.05,6.56,5.96,6.08,5.97,3.41,8.26,-12.28,53.56,2339950483.0,1800727311.0,0.0,0.0,-14.42,-7.29
385,000962,东方钽业,48.76,4.34,2.03,267187.0,1288181138.52,6.03,49.1,46.28,46.81,46.73,1.29,5.33,99.59,8.89,25718957694.0,24460881381.0,0.0,0.06,30.17,47.49
386,002957,科瑞技术,47.96,4.33,1.99,435063.0,2070748778.25,6.0,49.47,46.71,49.47,45.97,1.16,10.39,61.19,6.29,20142359069.0,20079838222.0,0.02,0.1,99.75,121.52
387,300118,东方日升,17.34,4.33,0.72,748985.0,1286412419.85,6.38,17.58,16.52,16.62,16.62,1.56,8.08,-15.89,1.88,19767840384.0,16071164227.0,-0.06,0.0,-1.59,18.28
388,688777,中控技术,71.4,4.32,2.96,267772.0,1896637072.0,8.74,73.1,67.12,68.32,68.44,1.66,3.4,127.96,5.65,56490932228.0,56206016811.0,-0.08,-0.18,6.89,44.71
389,301086,鸿富瀚,175.63,4.32,7.28,42807.0,749203379.36,7.47,179.88,167.31,169.6,168.35,1.29,9.12,155.79,8.1,15806700000.0,8240648820.0,0.01,-0.06,48.32,56.97
390,000571,新大洲A,6.04,4.32,0.25,356459.0,213175710.67,7.43,6.12,5.69,5.84,5.79,1.39,4.38,-37.23,35.72,5068339160.0,4916513492.0,0.0,-0.33,2.55,3.07
391,688628,优利德,81.15,4.31,3.35,75498.0,592031844.0,9.05,82.7,75.66,78.43,77.8,1.68,6.75,59.49,7.16,9069939766.0,9069939766.0,-0.17,-0.58,119.8,154.87
392,000657,中钨高新,58.54,4.31,2.42,1441616.0,8498681819.68,6.4,60.75,57.16,57.16,56.12,1.22,9.92,104.16,13.71,133389501576.0,85054249521.0,-0.05,-0.1,59.38,111.26
393,300927,江天化学,30.95,4.31,1.28,71315.0,216256592.33,6.1,30.96,29.15,29.34,29.67,1.35,5.06,86.67,4.54,4467942000.0,4359282647.0,0.03,0.26,22.67,32.78
394,603876,鼎胜新材,26.18,4.3,1.08,378547.0,968582921.0,5.98,26.27,24.77,24.84,25.1,1.13,4.07,59.49,3.33,24328215636.0,24328215636.0,0.08,0.04,63.42,74.42
395,000831,中国稀土,54.35,4.3,2.24,427029.0,2288312719.7,5.1,54.45,51.79,51.9,52.11,1.55,4.02,225.09,11.93,57677350860.0,57677350860.0,0.0,-0.04,2.16,17.03
396,301548,崇德科技,82.44,4.29,3.39,37138.0,300434460.26,8.08,83.5,77.11,79.01,79.05,1.59,14.16,52.71,4.75,7172280000.0,2162811916.0,0.01,0.04,22.55,49.05
397,603131,上海沪工,22.1,4.29,0.91,126379.0,275422851.0,4.53,22.15,21.19,21.19,21.19,1.85,3.75,-2830.04,5.85,7445649562.0,7445649562.0,0.0,-0.05,-21.58,-26.94
398,603048,浙江黎明,23.08,4.29,0.95,40024.0,92369061.0,7.41,23.98,22.34,22.37,22.13,1.78,2.72,108.81,2.68,3389990400.0,3389990400.0,0.22,0.13,7.5,9.54
399,603922,金鸿顺,22.43,4.28,0.92,129339.0,282929778.0,5.9,22.45,21.18,21.62,21.51,2.7,7.22,191.92,3.87,4019456000.0,4019456000.0,0.04,0.31,25.03,8.04
400,688521,芯原股份,251.39,4.28,10.31,244344.0,5991311556.0,5.72,252.8,239.0,240.52,241.08,0.81,4.65,-250.49,38.68,132209840479.0,132209840479.0,-0.12,-0.24,38.55,83.54
401,600550,保变电气,16.37,4.27,0.67,1092118.0,1750990811.0,5.16,16.37,15.56,15.7,15.7,1.21,5.93,126.53,33.78,30145821218.0,30145821218.0,0.12,0.12,18.11,55.17
402,002335,科华数据,64.02,4.27,2.62,337429.0,2120177425.91,6.6,64.75,60.7,61.11,61.4,1.5,7.42,71.84,5.22,32996806905.0,29108142669.0,0.0,0.0,1.41,15.29
403,300272,开能健康,8.56,4.26,0.35,289436.0,243004718.31,4.99,8.58,8.17,8.2,8.21,1.07,6.23,41.17,3.64,5234178680.0,3975880448.0,0.12,0.0,8.63,14.44
404,002151,北斗星通,40.12,4.26,1.64,339171.0,1348841987.78,4.89,40.2,38.32,38.48,38.48,2.29,7.66,-84.7,4.5,21781585830.0,17765742293.0,0.0,0.05,-23.33,-11.69
405,301499,维科精密,35.8,4.25,1.46,44155.0,157752490.44,7.22,36.64,34.16,34.78,34.34,0.92,12.77,93.5,3.82,4949524203.0,1237381069.0,0.11,-0.11,18.58,21.64
406,920368,连城数控,39.3,4.24,1.6,161390.0,628918418.61,8.36,40.15,37.0,37.08,37.7,1.59,7.23,117.86,2.19,9226871292.0,8778403036.0,0.18,0.1,28.64,57.77
407,000725,京东方Ａ,4.19,4.23,0.17,11904594.0,4939630314.15,4.73,4.24,4.05,4.06,4.02,2.82,3.28,26.5,1.17,155215734588.0,152271570869.0,0.0,0.0,-7.51,-0.48
408,000990,诚志股份,11.12,4.22,0.45,780291.0,844108956.07,6.56,11.12,10.42,10.59,10.67,1.21,6.42,14.51,0.75,13513441389.0,13513431381.0,0.09,0.18,37.79,40.4
409,605389,长龄液压,76.58,4.22,3.1,13118.0,98288872.0,6.31,77.14,72.5,73.4,73.48,1.58,0.96,74.92,5.24,11034187821.0,10435308481.0,-0.03,-0.03,-0.55,-1.82
410,002413,雷科防务,14.08,4.22,0.57,1882814.0,2618817659.13,4.22,14.09,13.52,13.52,13.51,1.78,14.53,-291.33,5.65,18576317408.0,18239661398.0,0.07,0.14,-4.09,12.19
411,002762,*ST金比,8.17,4.21,0.33,72282.0,58377731.78,6.12,8.21,7.73,7.73,7.84,1.04,3.42,-15.47,4.33,2892384250.0,1726961806.0,-0.12,0.0,17.39,18.75
412,002962,五方光电,18.08,4.21,0.73,482647.0,883949020.38,10.14,19.09,17.33,17.39,17.35,1.13,23.07,108.92,2.98,5273309564.0,3782046810.0,-0.11,-0.5,22.33,22.0
413,000592,平潭发展,11.4,4.2,0.46,2736374.0,3121332474.56,3.02,11.55,11.22,11.31,10.94,1.07,14.29,528.86,11.48,22022302169.0,21832053919.0,0.0,0.09,-18.16,-25.97
414,301297,富乐德,38.91,4.2,1.57,171562.0,651796679.2,6.67,39.3,36.81,37.0,37.34,2.55,4.73,102.88,5.52,28917429438.0,14123465459.0,0.13,0.28,-0.99,8.99
415,301024,霍普股份,40.66,4.18,1.63,15062.0,59512694.0,6.46,40.73,38.21,39.02,39.03,0.84,2.45,-61.59,6.47,2585366100.0,2503029600.0,0.07,0.17,10.19,14.96
416,002654,万润科技,15.94,4.18,0.64,742686.0,1175459514.58,6.73,16.15,15.12,15.15,15.3,1.36,8.79,364.05,8.61,13474122551.0,13473166151.0,0.0,0.0,4.87,13.29
417,002415,海康威视,34.51,4.17,1.38,1334411.0,4638404768.94,2.69,35.29,34.4,34.81,33.13,1.78,1.48,28.43,3.67,316279717191.0,312191339197.0,-0.43,0.09,10.29,15.65
418,920807,奔朗新材,12.81,4.15,0.51,58221.0,74208015.44,6.34,13.08,12.3,12.68,12.3,1.9,4.71,99.82,2.48,2329882800.0,1582687311.0,-0.08,-0.08,-19.74,-12.02
419,002136,安 纳 达,13.57,4.14,0.54,97506.0,131208856.97,6.37,13.73,12.9,13.0,13.03,1.62,4.55,98.41,2.68,2917821400.0,2910164663.0,-0.07,-0.15,7.78,11.78
420,300444,双杰电气,15.92,4.12,0.63,951392.0,1482657752.48,5.49,15.98,15.14,15.21,15.29,1.28,15.31,68.56,7.0,12714111433.0,9893431448.0,0.0,0.25,24.96,65.32
421,000826,启迪环境,2.02,4.12,0.08,747885.0,151220411.44,8.25,2.08,1.92,1.93,1.94,1.68,5.25,-3.16,68.7,2879213561.0,2878849377.0,0.0,0.0,-7.76,-9.01
422,002142,宁波银行,32.42,4.11,1.28,308189.0,989932962.34,4.78,32.49,31.0,31.13,31.14,1.73,0.47,7.3,0.96,214088413477.0,213968348406.0,-0.18,-0.15,12.53,15.41
423,300327,中颖电子,26.86,4.11,1.06,167367.0,447338556.73,5.58,27.2,25.76,25.8,25.8,2.01,4.94,152.4,5.15,9169202820.0,9101624645.0,-0.22,-0.15,-9.29,-4.17
424,920699,海达尔,42.68,4.1,1.68,7036.0,30299636.92,9.9,44.88,40.82,41.41,41.0,3.33,3.37,29.98,5.68,1947287804.0,890957804.0,0.21,0.09,-22.06,-9.54
425,603356,华菱精工,17.32,4.09,0.68,56482.0,97667065.0,7.03,17.74,16.57,16.65,16.64,0.95,4.24,-23.03,6.02,2309448800.0,2309448800.0,-0.12,0.06,-1.48,22.06
426,601908,京运通,4.58,4.09,0.18,1983631.0,892105437.0,7.73,4.65,4.31,4.4,4.4,1.21,8.22,-36.48,1.26,11058881103.0,11058881103.0,0.0,-0.22,15.66,17.14
427,600115,中国东航,4.59,4.08,0.18,3432203.0,1552641503.0,5.22,4.62,4.39,4.41,4.41,1.6,2.02,-62.08,7.99,101382711315.0,78144588859.0,0.0,0.0,-21.27,-23.5
428,920275,驱动力,7.68,4.07,0.3,25432.0,19540389.07,5.83,7.84,7.41,7.68,7.38,2.79,1.93,268.8,5.26,1224019968.0,1013103521.0,0.0,0.39,-22.42,-11.83
429,300696,爱乐达,36.33,4.07,1.42,195868.0,697130588.63,7.33,36.88,34.32,34.77,34.91,1.59,7.37,170.86,5.63,10650247872.0,9659661668.0,0.06,-0.08,20.54,13.85
430,000626,远大控股,8.72,4.06,0.34,294888.0,257849884.0,7.76,8.99,8.34,8.38,8.38,1.25,5.85,-32.65,2.06,4417786254.0,4392408063.0,-0.23,-0.11,10.38,9.96
431,300165,天瑞仪器,5.9,4.06,0.23,318429.0,185196647.0,5.64,5.95,5.63,5.68,5.67,1.18,7.57,-1800.38,2.29,2923519178.0,2481154606.0,-0.17,-0.17,15.91,22.66
432,300818,耐普矿机,36.91,4.06,1.44,42377.0,155043596.0,8.91,38.17,35.01,35.39,35.47,1.1,3.87,80.1,3.39,6229396814.0,4040995827.0,0.03,0.03,-7.03,-2.53
433,688272,富吉瑞,46.2,4.05,1.8,57642.0,254807559.0,11.85,46.69,41.43,44.4,44.4,1.41,7.58,-44.41,8.46,3511200000.0,3511200000.0,-0.32,-0.28,51.67,41.46
434,688479,友车科技,36.55,4.04,1.42,23467.0,83536081.0,5.64,36.61,34.63,35.27,35.13,0.89,3.77,123.62,2.82,5274800970.0,2277700970.0,0.0,0.27,42.77,94.11
435,301239,普瑞眼科,38.74,4.03,1.5,31260.0,120494759.4,7.22,39.7,37.01,37.24,37.24,1.09,2.09,265.9,2.73,5796241920.0,5796241920.0,0.0,0.05,12.88,17.79
436,300063,天龙集团,12.71,4.01,0.49,1066866.0,1351578161.26,7.61,13.04,12.11,12.15,12.22,1.83,17.03,65.19,5.54,9640880077.0,7963506971.0,0.0,-0.16,-8.82,48.31
437,301268,铭利达,23.64,4.0,0.91,48508.0,113775355.0,5.81,23.92,22.6,22.67,22.73,1.59,1.41,-191.38,5.63,9465383472.0,8148656512.0,-0.04,0.25,22.74,29.68
438,300455,航天智装,26.53,4.0,1.02,257661.0,676876004.93,4.98,26.8,25.53,25.53,25.51,1.83,3.64,-105.82,11.43,19042383342.0,18799753227.0,0.0,-0.04,-14.8,-11.68
439,300668,杰恩设计,59.46,3.99,2.28,56649.0,328587499.4,7.85,60.5,56.01,57.3,57.18,0.77,5.68,-275.22,9.18,7157870493.0,5927797035.0,0.24,0.1,85.64,103.77
440,300486,东杰智能,25.02,3.99,0.96,187709.0,456087671.59,6.65,25.11,23.51,23.94,24.06,1.53,3.94,1071.93,7.12,11938266379.0,11934678286.0,0.08,-0.08,17.69,27.59
441,301387,光大同创,66.95,3.98,2.56,59407.0,391018544.27,7.92,68.0,62.9,63.88,64.39,1.85,13.92,394.48,4.37,7146725308.0,2857715492.0,0.0,-0.22,15.23,20.85
442,301171,易点天下,50.89,3.98,1.95,650766.0,3298011347.18,8.42,52.6,48.48,48.71,48.94,1.51,17.03,151.89,6.48,24014273705.0,19448409979.0,0.0,-0.18,-37.42,25.65
443,600268,国电南自,16.24,3.97,0.62,549651.0,876325579.0,4.8,16.26,15.51,15.62,15.62,1.42,5.44,34.36,4.42,16497741435.0,16415901498.0,0.0,0.25,33.11,54.96
444,002315,焦点科技,44.01,3.97,1.68,115001.0,498965680.52,4.65,44.02,42.05,42.38,42.33,1.64,5.69,27.72,5.09,13961550595.0,8900625310.0,0.0,0.02,-23.1,-3.82
445,300684,中石科技,62.0,3.96,2.36,191302.0,1182637295.96,7.8,63.5,58.85,59.64,59.64,1.24,9.36,55.33,8.87,18569571826.0,12666787984.0,-0.42,-0.18,27.84,25.97
446,001332,锡装股份,57.88,3.95,2.2,26057.0,151433993.9,7.13,59.49,55.52,55.7,55.68,1.97,5.43,24.03,2.5,6395161200.0,2778442638.0,-0.02,0.12,-3.45,3.01
447,001382,新亚电缆,21.03,3.95,0.8,93650.0,194471699.45,5.39,21.19,20.1,20.24,20.23,1.87,14.87,84.16,5.28,8664360000.0,1324890000.0,-0.05,0.0,0.43,2.59
448,301295,美硕科技,42.61,3.95,1.62,30864.0,129762603.79,5.71,42.95,40.61,40.92,40.99,1.01,10.5,157.23,4.5,4295088000.0,1252734000.0,0.02,0.12,22.16,42.99
449,300373,扬杰科技,81.78,3.93,3.09,188152.0,1544219827.23,4.84,83.75,79.94,80.0,78.69,1.86,3.47,28.86,4.48,44434982021.0,44336075081.0,-0.04,-0.04,17.86,20.26
450,301266,宇邦新材,41.89,3.92,1.58,44714.0,185615926.63,7.29,42.74,39.8,40.08,40.31,1.57,4.29,157.88,2.59,4607060901.0,4370476151.0,0.02,0.02,9.15,15.24
451,600839,四川长虹,9.57,3.91,0.36,2198817.0,2081476485.0,7.82,9.88,9.16,9.18,9.21,1.44,4.76,32.88,2.86,44177457205.0,44165154099.0,-0.1,-0.1,-10.56,5.16
452,002051,中工国际,11.97,3.91,0.45,1473448.0,1731730827.8,8.33,12.19,11.23,11.56,11.52,1.03,11.91,48.19,1.27,14811784976.0,14810932472.0,0.0,0.67,40.16,31.97
453,600668,尖峰集团,11.96,3.91,0.45,217760.0,257874435.0,4.0,12.01,11.55,11.68,11.51,1.98,5.27,11.99,0.9,4938291104.0,4938291104.0,0.0,0.08,5.28,5.84
454,688217,睿昂基因,28.85,3.89,1.08,10140.0,28718748.0,5.11,28.87,27.45,27.81,27.77,1.3,1.82,-31.99,1.91,1611442600.0,1611442600.0,-0.03,0.56,-11.26,9.49
455,301419,阿莱德,47.12,3.88,1.76,91427.0,422953296.61,4.89,47.2,44.98,45.12,45.36,0.91,11.53,88.91,5.89,5654400000.0,3737869392.0,-0.02,-0.15,35.32,39.08
456,300136,信维通信,77.8,3.86,2.89,1544593.0,11696243749.53,9.91,79.0,71.58,71.67,74.91,1.65,18.77,179.42,9.38,75276840036.0,64006266559.0,0.0,0.04,1.37,25.48
457,300300,海峡创新,13.23,3.85,0.49,949331.0,1260065480.37,4.4,13.61,13.05,13.12,12.74,1.17,14.24,-383.84,62.19,8822386630.0,8821825017.0,-0.08,0.0,1.61,-11.98
458,300867,圣元环保,21.06,3.85,0.78,124153.0,261587291.88,7.0,21.4,19.98,20.28,20.28,2.29,6.48,20.31,1.48,5722866576.0,4035681931.0,-0.14,-0.05,6.96,10.49
459,300254,仟源医药,12.44,3.84,0.46,174806.0,214485919.0,5.43,12.52,11.87,11.9,11.98,0.97,7.74,107.0,10.83,3185368524.0,2810589975.0,0.0,-0.08,10.28,22.92
460,300687,赛意信息,21.92,3.84,0.81,170903.0,365200328.61,5.16,22.01,20.92,20.96,21.11,1.7,5.19,243.14,3.24,8952382491.0,7213574743.0,-0.18,0.05,-21.69,-4.57
461,300629,新劲刚,26.49,3.84,0.98,213258.0,557756871.18,5.84,26.69,25.2,25.25,25.51,1.38,9.84,444.95,3.91,6660206502.0,5743933640.0,0.04,0.04,-6.1,11.4
462,301327,华宝新能,66.74,3.83,2.46,61896.0,408675679.92,6.19,67.85,63.87,64.12,64.28,1.25,3.55,61.25,1.88,11638211699.0,11638211699.0,-0.01,0.26,7.13,15.73
463,688702,盛科通信-U,235.88,3.82,8.69,60780.0,1443477259.0,8.75,247.95,228.06,231.73,227.19,0.99,2.99,-645.42,43.36,96710800000.0,47881701774.0,0.14,0.23,83.42,66.48
464,002123,梦网科技,10.34,3.82,0.38,404336.0,417794039.46,7.13,10.66,9.95,9.96,9.96,2.84,5.62,-107.2,4.82,8328059241.0,7445521401.0,-0.1,-0.1,-27.39,-14.97
465,688375,国博电子,140.2,3.81,5.15,100928.0,1392116074.0,11.16,147.87,132.8,135.15,135.05,1.24,1.69,164.64,12.92,83561288980.0,83561288980.0,0.01,0.08,3.55,50.57
466,688669,聚石化学,27.38,3.79,1.0,73000.0,198539260.0,6.41,27.88,26.19,26.37,26.38,2.24,6.02,-28.01,2.81,3322106685.0,3322106685.0,0.22,0.26,6.7,17.81
467,688548,广钢气体,26.28,3.79,0.96,355293.0,900545470.0,8.33,26.53,24.42,25.36,25.32,1.49,5.14,121.18,5.78,34673793132.0,18164972573.0,0.0,-0.57,32.06,80.74
468,301150,中一科技,63.46,3.78,2.31,137605.0,858069280.48,5.4,63.46,60.16,60.89,61.15,0.84,6.18,286.87,4.16,14800995816.0,14125262123.0,0.21,0.52,34.45,51.13
469,301030,仕净科技,12.37,3.78,0.45,164445.0,200084603.4,9.14,12.67,11.58,12.25,11.92,1.38,8.14,-8.32,2.98,2503481792.0,2500047633.0,-0.48,-0.24,-10.88,4.56
470,603598,引力传媒,22.03,3.77,0.8,319442.0,701645017.0,8.15,22.75,21.02,21.28,21.23,1.59,11.86,218.85,28.46,5941114287.0,5934505287.0,-0.05,-0.09,-30.09,29.66
471,920942,恒立钻具,26.95,3.77,0.98,27904.0,76058713.88,10.86,28.85,26.03,26.2,25.97,2.62,6.74,77.4,3.31,1652765345.0,1116134627.0,-0.07,-0.07,-18.83,-12.27
472,603893,瑞芯微,177.37,3.77,6.44,103458.0,1804570602.0,4.29,177.7,170.37,170.95,170.93,1.47,2.46,71.8,17.04,74671812202.0,74650882542.0,0.01,0.02,-7.33,-0.34
473,603458,勘设股份,12.4,3.77,0.45,204383.0,249090465.0,6.53,12.51,11.73,11.95,11.95,1.22,6.68,-9.83,1.46,3795943974.0,3795943974.0,1.06,0.9,-3.05,23.75
474,300045,华力创通,23.97,3.77,0.87,369030.0,875746262.92,5.24,24.15,22.94,23.1,23.1,1.6,7.15,1268.97,9.89,15884325407.0,12376026829.0,0.0,-0.08,-21.33,-17.09
475,603615,茶花股份,19.88,3.76,0.72,67860.0,134594993.0,5.9,20.28,19.15,19.59,19.16,1.69,2.81,750.47,4.2,4807381600.0,4807381600.0,-0.45,-0.35,-26.23,-14.97
476,002338,奥普光电,58.24,3.76,2.11,125033.0,715942367.82,5.4,58.55,55.52,55.61,56.13,2.01,5.21,173.58,9.88,13977600000.0,13977600000.0,-0.02,0.1,-2.02,-0.26
477,300792,壹网壹创,37.04,3.75,1.34,91178.0,335640159.5,5.74,37.35,35.3,35.53,35.7,1.59,4.29,81.59,2.99,8776358719.0,7872247248.0,0.03,0.0,-15.76,30.84
478,600971,恒源煤电,7.47,3.75,0.27,227314.0,168062310.0,7.36,7.68,7.15,7.26,7.2,2.12,1.89,-46.75,0.76,8964036483.0,8964036483.0,-0.4,-0.27,18.01,19.71
479,688580,伟思医疗,61.62,3.75,2.23,35746.0,221191892.0,8.08,63.8,59.0,59.43,59.39,1.78,3.73,43.19,3.49,5901426767.0,5901426767.0,-0.29,0.13,-5.81,27.31
480,300537,广信材料,23.34,3.73,0.84,70392.0,162270598.5,4.49,23.41,22.4,22.4,22.5,1.87,4.64,414.94,5.37,4850204200.0,3543946674.0,-0.04,0.0,-3.27,6.92
481,000929,*ST兰黄,10.57,3.73,0.38,50302.0,53187972.43,5.3,10.7,10.16,10.3,10.19,0.75,2.71,-21.59,5.37,1963546620.0,1963422137.0,0.48,0.38,8.86,19.98
482,600497,驰宏锌锗,9.18,3.73,0.33,2018969.0,1849720056.0,6.44,9.43,8.86,8.86,8.85,1.88,4.01,44.69,2.85,46270692834.0,46270692834.0,-0.22,-0.11,1.66,25.58
483,688418,震有科技,49.45,3.73,1.78,125379.0,614333204.0,4.53,49.88,47.72,48.39,47.67,1.15,6.51,-152.25,10.89,9521826651.0,9521826651.0,0.2,0.49,-13.81,13.73
484,300448,浩云科技,6.97,3.72,0.25,315166.0,219172396.0,6.4,7.13,6.7,6.7,6.72,1.57,6.78,-149.67,3.84,4715324041.0,3237871150.0,0.0,0.14,-25.93,-10.98
485,300955,嘉亨家化,39.82,3.72,1.43,30305.0,118622144.04,5.68,39.88,37.7,37.73,38.39,1.37,3.01,-102.05,4.57,4013856000.0,4013856000.0,0.0,-0.13,4.62,-4.07
486,688592,司南导航,47.0,3.71,1.68,15655.0,72214275.0,5.14,47.0,44.67,44.67,45.32,1.19,4.06,258.99,4.01,3781648858.0,1810523331.0,0.32,0.41,-6.93,14.36
487,300985,致远新能,22.95,3.71,0.82,36253.0,81571224.49,4.88,23.08,22.0,22.14,22.13,1.69,1.95,69.65,4.24,4280461416.0,4257475476.0,-0.17,-0.09,19.78,25.07
488,603486,科沃斯,64.77,3.71,2.32,89360.0,572397196.0,4.8,65.23,62.23,62.44,62.45,1.95,1.56,19.83,4.36,37496775544.0,37136000167.0,0.0,0.11,-21.11,-19.72
489,301165,锐捷网络,99.53,3.71,3.56,133416.0,1316555028.7,4.75,100.37,95.81,96.5,95.97,1.38,1.68,161.02,15.42,79171590864.0,79171590864.0,0.01,0.02,16.45,12.08
490,002278,神开股份,11.78,3.7,0.42,217819.0,253716114.55,4.31,11.8,11.31,11.36,11.36,1.47,6.55,90.89,3.65,4577919027.0,3919828526.0,0.0,0.0,-12.74,-7.24
491,001328,登康口腔,33.38,3.7,1.19,18805.0,61838219.06,4.88,33.57,32.0,32.42,32.19,1.54,1.16,31.72,3.93,5747161444.0,5398110122.0,-0.54,-0.18,-19.12,-15.45
492,600501,航天晨光,24.44,3.69,0.87,140345.0,339659028.0,5.09,24.55,23.35,23.55,23.57,1.43,3.28,-69.28,6.07,10456023448.0,10456023448.0,-0.04,0.04,-18.88,-18.88
493,300418,昆仑万维,54.56,3.69,1.94,692230.0,3758006127.53,5.49,55.25,52.36,52.51,52.62,1.37,5.52,-77.21,4.88,68492275356.0,68445012756.0,0.09,-0.04,-12.44,30.84
494,688069,德林海,36.39,3.68,1.29,23738.0,85247549.0,4.73,36.5,34.84,35.0,35.1,1.15,2.1,41.66,3.16,4112070000.0,4112070000.0,-0.19,-0.14,54.52,62.24
495,603706,东方环宇,20.33,3.67,0.72,24684.0,49835689.0,2.45,20.34,19.86,19.93,19.61,2.92,1.3,17.82,2.21,3850150576.0,3850150576.0,0.0,0.0,0.89,4.79
496,300715,凯伦股份,13.6,3.66,0.48,61278.0,82035749.94,4.95,13.65,13.0,13.14,13.12,1.3,1.96,146.01,2.77,5141553848.0,4256237749.0,0.0,0.07,16.44,30.27
497,600674,川投能源,15.05,3.65,0.53,686745.0,1040061755.0,4.48,15.48,14.83,14.85,14.52,3.27,1.41,12.63,1.58,73362832761.0,73362832761.0,-0.07,-0.07,8.74,8.27
498,002792,通宇通讯,52.88,3.65,1.86,785049.0,4110383593.72,9.41,55.0,50.2,50.36,51.02,1.23,23.24,821.98,9.96,27700449266.0,17864158608.0,-0.02,-0.04,-6.69,23.84
499,301192,泰祥股份,27.0,3.65,0.95,24401.0,65458724.34,3.92,27.18,26.16,26.2,26.05,1.47,5.1,50.26,4.22,2697300000.0,1292456250.0,0.04,0.0,-15.86,-9.06
500,301085,亚康股份,69.75,3.64,2.45,81140.0,564889846.56,7.73,71.9,66.7,67.3,67.3,1.08,13.77,1676.41,5.64,6052603331.0,4109094005.0,-0.09,0.0,18.32,32.25
501,300385,ST雪浪,16.51,3.64,0.58,365575.0,607317683.8,7.22,17.16,16.01,16.8,15.93,0.9,12.58,-23.7,175.8,5500239337.0,4798840071.0,1.6,1.66,141.73,165.43
502,300223,北京君正,121.04,3.64,4.25,356257.0,4335267763.98,5.93,124.9,117.98,118.0,116.79,1.63,8.47,155.24,4.69,58406729112.0,50905863608.0,-0.04,0.02,3.08,14.15
503,300609,汇纳科技,38.58,3.63,1.35,44010.0,167488047.0,4.97,38.85,37.0,37.25,37.23,0.93,3.67,-97.07,4.65,4634013050.0,4626868806.0,-0.08,-0.13,-13.79,0.03
504,600208,衢州发展,3.71,3.63,0.13,3073806.0,1130204731.0,7.82,3.81,3.53,3.58,3.58,4.05,3.61,43.76,0.76,31568170368.0,31564592210.0,-0.27,-0.27,-9.07,-4.13
505,301169,零点有数,60.86,3.63,2.13,17362.0,104509377.49,5.69,61.41,58.07,58.7,58.73,1.48,2.41,-60.86,10.02,4384387021.0,4383017671.0,0.05,-0.15,0.38,21.48
506,920564,天润科技,28.92,3.62,1.01,50417.0,143669620.24,10.35,29.89,27.0,27.87,27.91,1.58,12.3,417.04,7.95,2576876719.0,1185450957.0,0.28,0.52,-4.74,27.18
507,301117,佳缘科技,47.56,3.62,1.66,76624.0,362615338.76,5.19,48.3,45.92,45.92,45.9,1.4,9.64,-481.68,4.71,6143259567.0,3778636626.0,-0.08,-0.31,-33.11,-10.69
508,002201,九鼎新材,12.66,3.6,0.44,605800.0,753273285.34,4.5,12.66,12.11,12.2,12.22,1.1,10.06,91.1,7.06,8249714811.0,7621613079.0,0.16,0.48,4.8,10.96
509,688011,新光光电,70.81,3.6,2.46,26735.0,189119869.0,8.82,73.2,67.17,68.8,68.35,0.97,2.68,-188.0,6.71,7081000000.0,7057103254.0,0.43,0.6,3.98,10.92
510,600356,恒丰纸业,9.83,3.58,0.34,155446.0,151434451.0,6.74,10.02,9.38,9.47,9.49,0.98,5.2,16.38,1.07,3239343834.0,2936529446.0,-0.41,-0.2,10.7,11.96
511,600438,通威股份,18.24,3.58,0.63,1028634.0,1867685003.0,6.3,18.71,17.6,17.8,17.61,1.25,2.28,-11.69,1.97,82116304987.0,82116304987.0,0.0,0.0,-8.89,-11.11
512,300557,理工光科,36.87,3.57,1.27,74797.0,274470948.76,4.21,37.18,35.68,35.92,35.6,1.78,6.27,127.56,4.4,4456398662.0,4401821365.0,0.03,0.08,-5.27,4.48
513,002927,泰永长征,18.27,3.57,0.63,113798.0,208148051.8,3.8,18.6,17.93,17.96,17.64,1.2,5.16,91.95,3.94,4077721129.0,4032880191.0,-0.05,0.05,-20.36,-9.01
514,603861,白云电器,17.1,3.57,0.59,237949.0,405404755.0,4.66,17.3,16.53,16.53,16.51,1.26,4.5,46.66,2.32,9243028031.0,9038828774.0,0.06,0.06,25.27,40.51
515,301502,华阳智能,47.56,3.57,1.64,21375.0,99857491.7,5.6,47.86,45.29,45.92,45.92,1.16,9.06,82.78,3.27,2714891260.0,1121797720.0,0.06,0.04,2.35,6.45
516,600817,宇通重工,12.77,3.57,0.44,91084.0,115646717.0,4.14,12.8,12.29,12.3,12.33,1.39,1.72,22.01,2.66,6810296498.0,6758450298.0,0.0,0.08,11.72,12.31
517,002639,雪人集团,20.07,3.56,0.69,911873.0,1814320945.14,3.61,20.1,19.4,19.4,19.38,1.24,14.02,296.94,6.19,15506125712.0,13057929471.0,0.05,0.05,-17.17,7.9
518,300249,依米康,18.48,3.53,0.63,500273.0,915512481.83,4.37,18.5,17.72,17.97,17.85,1.61,13.37,216.85,25.56,8140218129.0,6913545759.0,0.05,-0.05,15.79,26.32
519,920021,流金科技,11.2,3.51,0.38,381479.0,427064490.12,9.43,11.62,10.6,10.74,10.82,1.65,15.41,343.63,5.38,3460799810.0,2772612338.0,0.18,0.0,-1.15,66.67
520,000901,航天科技,23.93,3.5,0.81,499526.0,1184277451.21,3.37,23.94,23.16,23.16,23.12,1.93,6.26,150.97,4.42,19100959646.0,19100767607.0,0.04,0.04,-12.82,-15.95
521,600396,华电辽能,7.39,3.5,0.25,2468597.0,1788787451.0,8.54,7.51,6.9,7.06,7.14,0.88,16.76,2455.45,8.06,10883303378.0,10883303378.0,0.0,0.0,150.51,159.3
522,002437,誉衡药业,3.85,3.49,0.13,1750463.0,673060384.15,6.45,3.95,3.71,3.71,3.72,0.88,8.39,22.78,3.75,8584992285.0,8031291156.0,0.0,0.0,18.1,25.41
523,300447,全信股份,20.75,3.49,0.7,142848.0,293944668.3,3.39,20.78,20.1,20.3,20.05,1.49,7.09,218.53,3.24,6480440281.0,4180145911.0,-0.05,-0.05,2.22,14.77
524,300225,*ST金泰,6.23,3.49,0.21,311256.0,196642878.4,7.48,6.6,6.15,6.15,6.02,1.1,6.55,126.2,3.43,2961926346.0,2959605671.0,0.0,0.16,8.16,9.68
525,920145,恒合股份,15.47,3.48,0.52,15751.0,24675551.21,7.36,15.98,14.88,14.98,14.95,2.21,3.24,-106.9,4.25,1091408500.0,751733710.0,0.0,0.0,-21.87,-38.85
526,600685,中船防务,30.66,3.48,1.03,279967.0,850610107.0,2.97,30.73,29.85,29.97,29.63,1.51,3.41,42.98,2.38,43338105549.0,25185202649.0,0.0,0.0,-3.52,7.77
527,301188,力诺药包,25.93,3.47,0.87,341357.0,902634233.3,7.74,27.43,25.49,26.73,25.06,1.51,12.76,102.25,4.09,6937224427.0,6937224427.0,0.08,0.15,40.69,47.33
528,300547,川环科技,39.68,3.47,1.33,285675.0,1139747224.2,7.28,41.58,38.79,39.0,38.35,1.36,16.03,47.12,6.73,8606836984.0,7071912329.0,0.03,-0.05,1.87,0.71
529,300412,迦南科技,5.38,3.46,0.18,202781.0,108657740.1,3.85,5.45,5.25,5.29,5.2,1.77,4.33,90.34,2.55,2677930707.0,2517095655.0,-0.19,0.19,-8.03,0.56
530,603533,掌阅科技,26.36,3.45,0.88,220831.0,580888351.0,5.97,26.75,25.23,25.3,25.48,1.02,5.03,-40.05,5.0,11569320571.0,11569320571.0,-0.11,-0.11,1.07,19.17
531,603135,中重科技,11.4,3.45,0.38,78053.0,88879956.0,5.99,11.76,11.1,11.13,11.02,2.38,1.24,-1719.86,2.43,7230530712.0,7176734112.0,-0.26,-0.35,11.87,23.78
532,000078,海王生物,3.9,3.45,0.13,2015486.0,770362043.95,6.1,3.9,3.67,3.73,3.77,0.7,7.67,299.42,5.63,10261380702.0,10243120438.0,0.0,0.52,-6.25,12.72
533,000820,*ST节能,3.61,3.44,0.12,92772.0,33331184.54,4.58,3.65,3.49,3.49,3.49,1.53,3.12,-209.12,15.68,2334064196.0,1072050426.0,0.0,-0.28,-4.75,6.49
534,300167,ST迪威迅,6.32,3.44,0.21,92042.0,58222949.5,6.55,6.46,6.06,6.1,6.11,1.42,2.56,-261.95,85.63,2460843680.0,2268205340.0,0.0,0.0,24.41,27.68
535,300984,金沃股份,61.05,3.44,2.03,31243.0,189603559.89,5.66,62.06,58.72,59.0,59.02,1.25,3.53,156.4,7.14,7538357968.0,5408572064.0,0.16,0.02,-22.71,-28.07
536,000070,特发信息,21.03,3.44,0.7,1531150.0,3202924486.05,5.21,21.32,20.26,20.71,20.33,0.89,17.23,1775.95,12.56,18934250303.0,18688916258.0,0.33,-0.43,77.32,79.13
537,300751,迈为股份,238.94,3.43,7.92,100636.0,2393797968.36,4.61,243.56,232.9,234.5,231.02,0.91,5.2,75.5,8.49,66761032134.0,46199624606.0,0.0,0.0,8.23,16.0
538,688469,芯联集成-U,6.93,3.43,0.23,1201268.0,836848381.0,5.37,7.1,6.74,6.74,6.7,1.88,2.71,-164.36,4.48,58092022102.0,30698514000.0,-0.14,-0.29,0.29,3.59
539,300053,航宇微,19.01,3.43,0.63,448789.0,841988765.84,3.54,19.02,18.37,18.45,18.38,1.41,6.9,-38.83,9.25,13247580880.0,12372067821.0,0.05,0.11,-6.72,-0.05
540,002829,星网宇达,23.92,3.42,0.79,78130.0,185114196.86,3.72,23.95,23.09,23.13,23.13,1.46,5.35,97.15,2.89,4970800704.0,3493490740.0,0.0,0.08,-20.58,-23.87
541,002789,*ST建艺,13.36,3.41,0.44,23415.0,30783032.02,6.27,13.51,12.7,12.76,12.92,0.76,1.5,-4.67,-1.86,2132570147.0,2090387083.0,0.0,0.07,30.85,27.48
542,600821,金开新能,9.39,3.41,0.31,3995967.0,3652770115.0,6.61,9.45,8.85,8.9,9.08,1.27,20.31,182.44,2.08,18473181309.0,18473181309.0,0.0,0.0,73.89,84.12
543,301571,国科天成,77.14,3.4,2.54,63133.0,482485355.68,4.62,77.87,74.42,75.0,74.6,1.41,5.3,67.97,6.78,13840914543.0,9192541609.0,0.04,0.08,25.43,33.74
544,002246,北化股份,27.05,3.4,0.89,373780.0,1017786974.31,6.08,27.8,26.21,26.33,26.16,1.73,6.81,56.46,4.86,14851391178.0,14851391178.0,0.11,0.0,35.79,50.28
545,601939,建设银行,9.73,3.4,0.32,1314450.0,1267363835.0,4.04,9.77,9.39,9.42,9.41,1.69,1.37,7.51,0.73,2545371711596.0,93346288506.0,0.0,0.1,7.75,4.85
546,002015,协鑫能科,19.16,3.4,0.63,2022333.0,3883318318.36,5.61,19.58,18.54,18.54,18.53,1.2,12.46,30.61,2.52,31102899604.0,31102899604.0,0.0,-0.1,75.78,92.56
547,002348,高乐股份,9.73,3.4,0.32,232559.0,224736241.0,7.12,9.95,9.28,9.31,9.41,0.94,2.57,-592.18,20.7,9216256000.0,8791376080.0,0.0,0.0,61.09,69.22
548,600111,北方稀土,50.89,3.39,1.67,1339649.0,6728754565.0,4.41,50.9,48.73,49.3,49.22,1.17,3.71,81.72,7.46,183970700699.0,183970700699.0,0.04,0.1,0.91,10.34
549,300460,ST惠伦,9.16,3.39,0.3,74583.0,67827602.2,3.61,9.26,8.94,8.95,8.86,1.74,2.66,-25.34,4.61,2572166939.0,2572166939.0,0.0,-0.22,7.51,19.43
550,300654,世纪天鸿,11.29,3.39,0.37,161889.0,183726773.0,6.68,11.6,10.87,10.87,10.92,2.08,4.6,120.1,4.84,4133549579.0,3977032719.0,0.0,-0.09,-0.96,13.93
551,601636,旗滨集团,6.1,3.39,0.2,1060118.0,648946753.0,4.41,6.22,5.96,5.97,5.9,2.46,3.58,14.79,1.2,18047787741.0,18047787741.0,-0.33,-0.16,-0.65,2.87
552,600158,中体产业,11.32,3.38,0.37,775316.0,879826600.0,6.94,11.66,10.9,10.95,10.95,1.14,8.08,-386.64,4.18,10861687918.0,10861687918.0,0.0,0.0,27.05,29.67
553,300337,银邦股份,14.72,3.37,0.48,752396.0,1094679269.01,4.42,14.77,14.14,14.3,14.24,1.81,10.58,55.34,6.84,12099062136.0,10471957997.0,0.0,0.14,-12.33,-5.09
554,300260,新莱应材,51.55,3.37,1.68,214500.0,1093873979.33,7.48,52.78,49.05,49.51,49.87,2.27,7.46,108.57,10.11,21022438066.0,14827684515.0,0.0,-0.14,-13.36,-9.39
555,603577,汇金通,11.38,3.36,0.37,86305.0,96896976.0,5.54,11.42,10.81,10.93,11.01,1.08,2.54,37.46,1.97,3859402958.0,3859402958.0,0.18,0.0,5.76,8.17
556,300895,铜牛信息,64.03,3.36,2.08,151633.0,977031265.02,7.25,67.0,62.51,62.6,61.95,1.14,10.97,-115.62,11.52,9015466068.0,8847169424.0,0.02,0.05,19.28,45.03
557,000980,众泰汽车,2.16,3.35,0.07,3069612.0,667034917.88,11.48,2.28,2.04,2.08,2.09,2.56,6.1,-36.69,865.62,10891903116.0,10867799534.0,-0.46,0.47,-36.84,-38.81
558,603580,*ST艾艾,20.03,3.35,0.65,29337.0,58422097.0,6.4,20.35,19.11,19.63,19.38,1.04,2.25,147.62,6.22,2617384196.0,2617384196.0,-0.55,0.15,25.58,23.03
559,600236,桂冠电力,10.21,3.34,0.33,253856.0,254569344.0,4.35,10.21,9.78,9.88,9.88,1.64,0.32,24.54,4.41,80479077358.0,80479077358.0,0.1,0.1,26.67,30.4
560,688172,燕东微,40.35,3.33,1.3,154155.0,616900851.0,4.43,40.78,39.05,39.28,39.05,1.07,1.98,-147.01,3.14,57604390214.0,31399602745.0,0.02,0.07,21.46,39.43
561,603808,歌力思,10.54,3.33,0.34,167897.0,175110089.0,5.49,10.72,10.16,10.21,10.2,1.3,4.55,25.7,1.49,3890238934.0,3890238934.0,0.09,0.09,16.59,23.71
562,000735,罗 牛 山,7.15,3.32,0.23,404825.0,290002115.96,3.9,7.31,7.04,7.05,6.92,1.72,3.52,53.54,1.9,8233322083.0,8228917247.0,-0.14,-0.14,-10.4,-20.91
563,688256,寒武纪,1378.2,3.31,44.2,75196.0,10224177313.0,3.9,1378.2,1326.16,1341.0,1334.0,0.87,1.78,282.23,49.1,581166501294.0,581166501294.0,0.01,0.1,-2.6,1.67
564,920856,浩淼科技,14.07,3.3,0.45,18091.0,25476997.64,5.29,14.3,13.58,13.65,13.62,2.29,3.41,75.59,2.83,1338431656.0,746554721.0,0.07,0.07,-22.27,-15.95
565,688253,英诺特,44.81,3.3,1.43,32862.0,145187925.0,5.65,44.87,42.42,43.24,43.38,0.98,2.4,42.03,2.99,6138267200.0,6138267200.0,0.02,-0.07,28.91,48.48
566,688355,明志科技,24.12,3.3,0.77,34949.0,82506238.0,5.27,24.18,22.95,23.32,23.35,1.4,2.82,37.49,2.71,2989820457.0,2989820457.0,0.0,0.21,25.56,35.51
567,920436,大地电气,14.77,3.29,0.47,22049.0,32696603.97,6.29,15.18,14.28,14.3,14.3,2.82,2.48,-126.69,3.63,1395410520.0,1312582590.0,-0.27,-0.14,-17.3,-14.82
568,600819,耀皮玻璃,7.23,3.29,0.23,102754.0,74050321.0,4.14,7.3,7.01,7.1,7.0,1.83,1.37,52.07,1.83,7061953638.0,5403818164.0,0.0,-0.14,-11.72,-10.52
569,301021,英诺激光,62.83,3.29,2.0,65331.0,409528757.44,6.05,64.33,60.65,61.45,60.83,1.4,4.28,326.06,9.56,9603740670.0,9596608334.0,0.0,0.08,22.6,29.15
570,300440,运达科技,17.02,3.28,0.54,137354.0,231781864.0,4.43,17.16,16.43,16.5,16.48,1.29,3.14,85.93,4.46,7480572532.0,7451723036.0,0.0,0.06,30.02,38.26
571,002112,三变科技,22.12,3.27,0.7,356794.0,772871132.57,6.35,22.21,20.85,21.22,21.42,1.14,13.61,121.52,7.47,6506183958.0,5797199646.0,0.0,0.09,4.59,66.82
572,920045,蘅东光,537.0,3.27,17.0,19028.0,977261146.6,10.27,538.97,485.55,506.97,520.0,1.03,9.45,121.11,33.94,36554421276.0,10808486295.0,-0.19,0.02,61.75,73.79
573,300263,隆华科技,10.74,3.27,0.34,388940.0,417619075.66,4.33,10.9,10.45,10.47,10.4,1.17,3.99,46.2,2.65,11115967683.0,10477183028.0,0.09,0.19,11.3,21.49
574,920834,三维装备,12.64,3.27,0.4,31676.0,40406242.62,6.94,13.09,12.24,12.24,12.24,3.03,5.04,32.23,4.92,1516800063.0,793746989.0,0.0,-0.32,-21.49,-17.76
575,688301,奕瑞科技,116.89,3.26,3.69,28438.0,329231701.0,5.72,117.98,111.51,112.99,113.2,1.02,1.34,38.02,4.15,24716291728.0,24716291728.0,-0.09,0.01,4.91,15.61
576,600969,郴电国际,10.16,3.25,0.32,91053.0,91586723.0,4.27,10.23,9.81,9.86,9.84,0.93,2.46,34.83,1.03,3759712917.0,3759712917.0,0.1,0.2,-8.3,-0.68
577,688593,新相微,32.08,3.25,1.01,81658.0,259501833.0,5.66,32.38,30.62,30.89,31.07,0.9,2.53,1651.32,9.46,14741703537.0,10351629674.0,-0.06,-0.16,42.26,58.97
578,600331,宏达股份,17.13,3.25,0.54,620075.0,1061302308.0,5.12,17.4,16.55,16.59,16.59,0.97,3.05,-608.95,14.36,45250608000.0,34808160000.0,-0.06,-0.23,24.4,33.93
579,920169,七丰精工,31.8,3.25,1.0,38709.0,122896633.76,6.07,32.39,30.52,30.52,30.8,1.69,7.62,85.19,7.63,2569442862.0,1615541855.0,0.03,0.06,-29.8,1.44
580,920158,长江能科,17.79,3.25,0.56,55077.0,97162909.06,4.99,17.97,17.11,17.3,17.23,1.09,14.44,46.6,4.51,2536498200.0,678499926.0,0.23,0.4,10.36,15.74
581,000420,吉林化纤,5.4,3.25,0.17,2259710.0,1212799611.4,6.69,5.49,5.14,5.23,5.23,1.94,9.19,305.03,3.0,13277889052.0,13273368172.0,0.0,0.19,21.35,19.21
582,603703,盛洋科技,14.03,3.24,0.44,140072.0,195234209.0,4.49,14.13,13.52,13.6,13.59,1.62,3.38,612.03,7.04,5822199144.0,5822199144.0,0.07,-0.21,-12.2,-3.77
583,301313,凡拓数创,35.1,3.24,1.1,47288.0,161812899.14,6.65,35.27,33.01,33.91,34.0,1.24,6.26,-28.25,5.04,3631214340.0,2649620938.0,-0.23,-0.31,14.97,32.4
584,603211,晋拓股份,27.05,3.24,0.85,212385.0,576495519.0,7.98,28.1,26.01,26.2,26.2,1.69,7.81,98.68,5.99,7352406400.0,7352406400.0,0.15,0.04,21.85,19.96
585,688099,晶晨股份,86.0,3.24,2.7,151613.0,1279288505.0,5.17,86.25,81.94,82.91,83.3,1.37,3.6,41.49,4.93,36220242718.0,36220242718.0,-0.02,0.15,-7.43,-1.41
586,002622,皓宸医疗,2.55,3.24,0.08,256240.0,64288192.0,4.86,2.56,2.44,2.46,2.47,0.89,3.05,-60.83,5.88,2142000000.0,2141936888.0,0.39,-0.39,-17.74,-14.14
587,300458,全志科技,39.6,3.23,1.24,340636.0,1339177115.87,4.3,39.97,38.32,38.37,38.36,1.25,5.16,124.7,10.49,32686924327.0,26132837108.0,0.0,0.08,-13.27,-5.78
588,300492,华图山鼎,54.73,3.23,1.71,39770.0,214720635.48,4.98,55.25,52.61,54.0,53.02,0.88,2.02,32.41,27.11,10764354304.0,10764354304.0,0.18,0.05,-38.76,-26.34
589,688432,有研硅,15.64,3.23,0.49,180763.0,281137553.0,5.61,15.85,15.0,15.15,15.15,1.79,1.45,93.44,4.33,19554721059.0,19554721059.0,-0.26,-0.32,13.5,26.03
590,301359,东南电子,22.11,3.22,0.69,23430.0,51512758.2,3.69,22.25,21.46,21.59,21.42,1.82,3.29,65.7,3.11,2657091360.0,1573060789.0,0.05,0.23,9.67,15.64
591,605177,东亚药业,20.85,3.22,0.65,23810.0,48857782.0,5.25,21.06,20.0,20.23,20.2,1.44,2.11,-24.77,1.41,2391919610.0,2347381863.0,0.19,0.48,1.56,17.13
592,301065,本立科技,23.76,3.21,0.74,21111.0,49676383.0,4.56,23.96,22.91,23.14,23.02,1.62,2.45,33.87,1.88,2519035200.0,2050191000.0,0.04,-0.08,3.85,11.29
593,603955,大千生态,27.02,3.21,0.84,22584.0,61007442.0,6.15,27.65,26.04,26.18,26.18,1.72,1.66,-29.91,2.54,3667154400.0,3667154400.0,0.0,-0.04,-10.44,-6.86
594,301536,星宸科技,78.83,3.21,2.45,66240.0,514002522.79,4.07,78.88,75.77,76.38,76.38,1.32,3.54,107.81,10.27,33243811739.0,14756444843.0,0.08,0.6,21.56,31.58
595,920725,惠丰钻石,33.88,3.2,1.05,58009.0,197435464.07,9.96,35.59,32.32,32.33,32.83,1.61,13.79,-163.42,5.16,3092397000.0,1425594577.0,0.09,0.3,-0.99,0.5
596,920689,克莱特,29.96,3.2,0.93,26014.0,78558543.12,8.61,31.28,28.78,29.46,29.03,3.24,6.86,39.92,4.46,2199064000.0,1136401285.0,-0.07,0.1,-9.38,-2.6
597,300599,雄塑科技,11.61,3.2,0.36,114411.0,131564387.16,4.09,11.67,11.21,11.21,11.25,0.71,5.39,-148.28,2.1,4157907493.0,2465278337.0,0.17,0.09,13.6,42.45
598,600538,国发股份,6.82,3.18,0.21,220416.0,148726041.0,3.33,6.83,6.61,6.61,6.61,1.53,4.2,-40.8,5.2,3575032733.0,3575032733.0,-0.15,0.0,7.91,11.44
599,600292,电投水电,15.56,3.18,0.48,268720.0,422264458.0,8.02,16.3,15.09,15.09,15.08,1.26,6.12,128.06,4.01,68156008488.0,6835252551.0,-0.06,-0.19,17.26,19.23
600,688783,西安奕材-U,23.37,3.18,0.72,89497.0,208810266.0,6.18,23.92,22.52,22.66,22.65,1.87,5.44,-149.0,7.69,94363386000.0,3847112985.0,-0.13,0.0,-8.96,-1.81
601,000530,冰山冷热,6.17,3.18,0.19,348162.0,213935314.1,5.18,6.29,5.98,6.0,5.98,2.28,5.8,43.21,1.63,5202621168.0,3702255827.0,0.16,0.16,-14.54,-15.71
602,000601,韶能股份,6.84,3.17,0.21,1075948.0,728686463.15,4.37,6.88,6.59,6.61,6.63,1.33,10.25,31.65,1.76,7280108336.0,7178764044.0,-0.15,0.15,37.35,45.53
603,300065,海兰信,28.33,3.17,0.87,968868.0,2729231723.12,5.24,28.76,27.32,27.41,27.46,1.11,14.75,385.12,11.63,20441204403.0,18609837956.0,0.0,-0.07,24.97,55.92
604,600724,宁波富达,7.15,3.17,0.22,158076.0,111443755.0,5.63,7.22,6.83,6.93,6.93,1.31,1.09,56.36,3.6,10333473658.0,10331340048.0,0.0,-0.14,16.45,25.66
605,300627,华测导航,35.31,3.16,1.08,169044.0,593501961.88,2.98,35.4,34.38,34.45,34.23,2.0,2.61,40.54,6.61,27785172445.0,22884984893.0,-0.03,-0.03,-11.24,1.15
606,688552,航天南湖,50.24,3.16,1.54,130656.0,668988671.0,7.84,53.79,49.97,49.97,48.7,1.24,15.05,530.29,6.55,16943339520.0,4362216162.0,0.08,-0.06,5.48,38.33
607,002256,兆新股份,4.24,3.16,0.13,1175423.0,493806480.84,2.92,4.24,4.12,4.12,4.11,0.83,6.02,197.13,7.0,8454325859.0,8272636639.0,0.0,0.24,16.8,21.49
608,002841,视源股份,36.23,3.16,1.11,90948.0,328829995.37,4.76,36.67,35.0,35.13,35.12,2.06,1.75,24.88,1.89,25216679425.0,18817889462.0,-0.06,0.03,-13.84,-8.58
609,603878,武进不锈,8.52,3.15,0.26,226457.0,191106460.0,3.15,8.59,8.33,8.33,8.26,1.49,4.04,61.25,1.82,4780896893.0,4780896893.0,0.12,0.12,5.58,-7.99
610,603856,东宏股份,13.1,3.15,0.4,61788.0,80414858.0,4.25,13.23,12.69,12.75,12.7,2.37,2.19,15.93,1.37,3694934386.0,3694934386.0,0.0,0.08,0.0,5.05
611,600468,百利电气,8.19,3.15,0.25,539404.0,437587305.0,4.66,8.2,7.83,7.9,7.94,1.17,4.96,80.73,4.44,8908552279.0,8908552279.0,0.12,0.0,8.05,15.35
612,301203,国泰环保,42.43,3.14,1.29,17757.0,75012644.16,5.15,42.95,40.83,41.29,41.14,2.11,4.05,25.93,2.38,3394400000.0,1860237275.0,0.0,-0.05,24.43,33.26
613,688787,海天瑞声,138.55,3.14,4.22,28608.0,397400398.0,6.7,142.0,133.0,133.4,134.33,1.4,4.74,593.84,11.27,8358053689.0,8358053689.0,0.0,-0.01,-15.88,19.45
614,002951,金时科技,16.15,3.13,0.49,146660.0,235272794.4,9.51,16.8,15.31,15.64,15.66,1.57,3.66,-142.28,3.9,6540750000.0,6478159464.0,-0.12,-0.12,12.7,8.39
615,603105,芯能科技,11.22,3.13,0.34,262329.0,290045232.0,3.86,11.24,10.82,10.82,10.88,1.28,5.25,22.6,2.63,5610122343.0,5610122343.0,0.0,-0.09,11.98,22.09
616,002457,青龙管业,11.52,3.13,0.35,322067.0,372093950.0,4.66,11.82,11.3,11.3,11.17,2.49,9.66,29.64,1.51,3841767936.0,3839274420.0,0.0,0.0,2.13,5.4
617,300472,*ST新元,8.25,3.13,0.25,70873.0,57981410.94,4.5,8.29,7.93,8.0,8.0,1.32,2.68,-20.84,-41.27,2270883623.0,2184941311.0,0.0,0.12,8.84,7.14
618,301306,西测测试,179.38,3.13,5.44,102292.0,1810663255.67,11.79,188.5,168.0,176.2,173.94,1.09,17.55,-107.13,16.54,15139672000.0,10457854000.0,-0.23,-0.71,31.97,56.86
619,000993,闽东电力,12.56,3.12,0.38,225597.0,279090919.73,3.45,12.56,12.14,12.22,12.18,0.84,5.13,97.69,2.24,5751870275.0,5523229504.0,0.08,0.16,-0.32,4.84
620,300789,唐源电气,21.79,3.12,0.66,32635.0,71083879.1,5.21,22.11,21.01,21.04,21.13,1.54,3.3,60.13,2.94,3134470952.0,2154942816.0,0.0,-0.05,-12.0,-5.26
621,600710,苏美达,13.26,3.11,0.4,208533.0,272285950.0,5.21,13.38,12.71,12.85,12.86,1.21,1.6,12.78,2.04,17327497495.0,17327497495.0,-0.08,0.0,21.88,22.66
622,002180,奔图科技,18.32,3.1,0.55,250571.0,456508122.86,4.39,18.59,17.81,17.86,17.77,1.24,1.84,-36.27,2.88,26048821869.0,24920466963.0,-0.22,0.0,-14.75,-9.4
623,300354,东华测试,38.21,3.1,1.15,35980.0,136077175.88,4.37,38.53,36.91,37.26,37.06,1.91,4.43,48.49,5.97,5285214880.0,3106817616.0,-0.03,0.03,-17.22,-16.02
624,002970,锐明技术,62.15,3.1,1.87,92539.0,573563115.0,5.97,63.4,59.8,60.33,60.28,1.0,7.43,29.56,5.44,11312702104.0,7736308819.0,0.11,0.1,15.65,28.14
625,000030,富奥股份,5.67,3.09,0.17,668253.0,380198349.44,5.82,5.78,5.46,5.5,5.5,2.64,4.0,16.63,1.2,9751327491.0,9474039543.0,-0.18,-0.18,3.85,-1.22
626,300001,特锐德,29.8,3.08,0.89,347199.0,1032128986.71,4.77,30.28,28.9,28.9,28.91,1.56,3.35,25.3,3.68,31455023847.0,30840042737.0,0.0,0.03,6.89,16.04
627,920505,九菱科技,42.45,3.08,1.27,17908.0,75376369.26,5.17,43.03,40.9,40.9,41.18,1.28,4.97,164.04,8.2,2750142989.0,1528663809.0,0.09,0.05,-15.02,-2.14
628,603335,迪生力,6.7,3.08,0.2,383834.0,258602073.0,8.31,6.99,6.45,6.5,6.5,1.26,8.97,59.17,9.43,2868568820.0,2868568820.0,-0.74,0.15,21.6,19.01
629,002977,天箭科技,30.45,3.08,0.91,35669.0,108122240.2,3.52,30.54,29.5,29.55,29.54,1.42,5.35,-107.34,3.49,3657654000.0,2028584177.0,0.0,0.03,-13.2,-13.76
630,002358,森源电气,7.7,3.08,0.23,443395.0,336734942.97,5.35,7.7,7.3,7.47,7.47,1.27,4.77,37.36,2.13,7159128723.0,7159118905.0,0.13,0.13,31.4,42.07
631,601330,绿色动力,8.07,3.07,0.24,274986.0,219686562.0,3.7,8.08,7.79,7.81,7.83,1.25,2.78,18.7,1.43,11544818416.0,7981995795.0,0.0,0.12,16.28,19.91
632,301218,华是科技,36.27,3.07,1.08,38830.0,140283602.38,6.28,36.88,34.67,35.11,35.19,1.46,5.54,-161.48,4.51,4136230800.0,2541396682.0,0.0,0.11,23.45,53.43
633,300475,香农芯创,164.0,3.07,4.88,402637.0,6580654347.61,5.84,167.54,158.25,159.5,159.12,1.01,9.04,140.11,21.33,76241265788.0,73042281788.0,0.0,-0.04,-3.83,13.62
634,601890,亚星锚链,10.79,3.06,0.32,461866.0,494929701.0,3.06,10.84,10.52,10.53,10.47,1.94,4.81,36.75,2.8,10351926000.0,10351926000.0,-0.09,0.0,-1.19,4.86
635,300853,申昊科技,25.22,3.06,0.75,80848.0,200648945.0,5.31,25.33,24.03,24.35,24.47,1.1,8.22,-21.55,6.08,3706054839.0,2479479559.0,-0.04,0.08,15.79,21.72
636,920476,海能技术,22.25,3.06,0.66,25222.0,56298972.91,5.65,22.75,21.53,21.8,21.59,1.98,3.13,44.99,4.22,1895250550.0,1794017122.0,0.0,-0.04,-6.39,7.59
637,600678,四川金顶,10.79,3.06,0.32,156563.0,167558222.0,3.92,10.83,10.42,10.5,10.47,1.86,4.49,88.1,13.36,3765602100.0,3765602100.0,0.0,0.0,-14.7,-21.18
638,688365,光云科技,20.25,3.05,0.6,175602.0,353335578.0,6.21,20.6,19.38,19.71,19.65,1.17,4.12,-326.87,9.12,8622949851.0,8622949851.0,-0.1,0.0,-25.99,20.04
639,603393,新天然气,33.59,3.04,0.99,142701.0,476643271.0,3.47,33.68,32.55,32.6,32.6,1.27,3.37,17.65,1.55,14239517374.0,14216004508.0,0.09,0.18,19.11,26.33
640,002774,快意电梯,11.2,3.04,0.33,78434.0,87385564.0,4.42,11.27,10.79,10.84,10.87,2.51,2.78,54.32,3.14,3770904480.0,3155845672.0,0.09,0.0,0.45,20.69
641,920086,科马材料,30.85,3.04,0.91,38834.0,121186422.72,8.75,32.36,29.74,29.94,29.94,2.43,14.52,28.28,2.98,2581528000.0,825067825.0,-0.03,0.16,164.58,164.58
642,300100,双林股份,31.86,3.04,0.94,189971.0,611426563.57,4.3,32.79,31.46,31.71,30.92,3.17,3.45,36.21,5.65,18223376468.0,17559831211.0,0.0,-0.03,-18.5,-19.59
643,002114,罗平锌电,9.18,3.03,0.27,139244.0,127128586.11,3.48,9.32,9.01,9.07,8.91,1.68,4.31,-23.12,3.51,2968768551.0,2968727755.0,0.0,0.0,-9.56,9.03
644,300740,水羊股份,23.46,3.03,0.69,156769.0,364052784.7,4.39,23.6,22.6,22.66,22.77,1.85,4.34,50.79,4.42,9201671437.0,8476162562.0,0.04,0.0,-7.16,-1.59
645,688608,恒玄科技,172.17,3.03,5.07,60155.0,1025797828.0,4.63,174.0,166.27,167.15,167.1,1.53,3.57,48.9,4.12,29044000355.0,29044000355.0,0.0,-0.11,-31.13,-24.13
646,600167,联美控股,6.79,3.03,0.2,183457.0,125077586.0,6.22,6.99,6.58,6.59,6.59,2.16,0.81,21.22,1.42,15364686744.0,15364686744.0,0.0,0.15,-7.74,-3.41
647,603909,建发合诚,13.96,3.03,0.41,148621.0,203418977.0,6.13,13.98,13.15,13.7,13.55,0.95,5.7,33.33,3.14,3638997034.0,3638997034.0,-0.07,0.0,21.08,23.65
648,300586,美联新材,10.92,3.02,0.32,444678.0,490500621.69,7.92,11.48,10.64,10.7,10.6,1.32,8.32,-110.29,4.22,7766485763.0,5837793431.0,0.09,0.46,-5.78,0.28
649,605305,中际联合,45.55,3.01,1.33,99075.0,445296173.0,6.94,46.14,43.07,44.0,44.22,0.95,4.66,18.25,3.29,9680286000.0,9680286000.0,-0.04,-0.02,-3.17,9.34
650,002263,大东南,5.13,3.01,0.15,4130997.0,2106205788.88,6.43,5.22,4.9,4.93,4.98,0.94,21.99,599.33,3.48,9635987313.0,9635910363.0,-0.39,-0.19,48.27,54.05
651,300519,新光药业,15.4,3.01,0.45,29278.0,44431266.0,4.48,15.5,14.83,14.98,14.95,1.22,2.57,23.36,2.85,2464000000.0,1757140000.0,-0.06,0.0,-2.41,3.36
652,300101,振芯科技,22.29,3.0,0.65,231843.0,512744328.95,3.42,22.37,21.63,21.7,21.64,1.54,4.1,102.33,6.87,12658618053.0,12617107720.0,0.09,0.13,-22.71,-21.6
653,688433,华曙高科,83.69,3.0,2.44,55469.0,463193918.0,7.05,85.58,79.85,81.25,81.25,0.93,1.34,504.01,16.76,34779684908.0,34661786872.0,-0.14,-0.13,3.73,26.48
654,688448,磁谷科技,64.8,3.0,1.89,16455.0,106840971.0,7.93,66.5,61.51,62.8,62.91,1.03,2.3,-240.62,4.6,4643069040.0,4643069040.0,0.28,0.39,20.96,33.69
655,920682,球冠电缆,9.26,3.0,0.27,113343.0,105941068.32,7.56,9.65,8.97,9.02,8.99,3.65,6.02,31.1,2.59,3004684800.0,1742475702.0,0.0,0.0,-7.86,0.87
656,920579,机科股份,18.94,2.99,0.55,23748.0,45219862.61,5.11,19.34,18.4,18.5,18.39,2.6,5.33,-64.47,5.11,2452351200.0,844239515.0,-0.11,-0.05,-29.17,-27.46
657,002181,粤 传 媒,14.12,2.99,0.41,1031706.0,1449135973.37,7.0,14.45,13.49,13.66,13.71,0.96,9.09,178.05,3.87,16394141417.0,16019663908.0,0.0,0.0,28.95,63.81
658,002203,海亮股份,17.91,2.99,0.52,1036548.0,1860897128.59,5.35,18.39,17.46,17.62,17.39,2.29,4.69,33.29,2.44,41045336957.0,39619450128.0,0.0,0.28,15.92,41.47
659,300131,英唐智控,16.18,2.99,0.47,1641129.0,2649329444.93,6.81,16.64,15.57,16.19,15.71,1.24,15.75,528.33,10.39,18364615267.0,16863888409.0,0.0,0.0,0.31,10.37
660,920088,科力股份,52.69,2.99,1.53,68173.0,356426846.34,5.43,53.78,51.0,51.01,51.16,1.04,20.93,81.87,6.68,4640487335.0,1715914659.0,0.08,0.11,30.26,80.45
661,920553,凯腾精工,9.32,2.98,0.27,22762.0,21234690.1,4.53,9.48,9.07,9.07,9.05,2.24,2.5,58.48,3.77,1339195087.0,848249063.0,-0.32,-0.43,-14.34,-6.14
662,002909,集泰股份,6.56,2.98,0.19,146013.0,95349811.42,6.91,6.77,6.33,6.39,6.37,1.28,3.84,-92.26,2.96,2558400000.0,2495403087.0,0.0,0.31,-10.75,-3.67
663,920227,美登科技,65.25,2.97,1.88,11629.0,75693738.36,6.26,66.66,62.69,63.37,63.37,1.86,6.56,58.65,6.11,2540932875.0,1156113659.0,0.06,0.14,-26.69,8.93
664,600495,晋西车轴,4.5,2.97,0.13,305613.0,135860242.0,4.12,4.53,4.35,4.37,4.37,1.41,2.53,189.11,1.66,5436858987.0,5436858987.0,0.0,0.0,-7.41,-5.86
665,603096,新经典,17.68,2.97,0.51,21944.0,38282335.0,4.08,17.73,17.03,17.15,17.17,1.59,1.42,30.17,1.47,2726868152.0,2726868152.0,0.0,-0.11,-6.41,1.49
666,300571,平治信息,36.77,2.97,1.06,204443.0,763587455.84,8.35,38.96,35.98,35.98,35.71,1.27,17.68,517.74,3.53,5130455370.0,4251978925.0,-0.05,-0.19,20.12,32.98
667,688310,迈得医疗,16.27,2.97,0.47,19475.0,31540208.0,4.18,16.44,15.78,15.9,15.8,1.08,1.19,40.97,3.13,2673561242.0,2673561242.0,-0.43,-0.43,2.33,6.13
668,601007,金陵饭店,8.36,2.96,0.24,245650.0,202710410.0,5.79,8.38,7.91,8.12,8.12,1.27,6.3,51.4,2.03,3260400000.0,3260400000.0,-0.24,0.0,4.5,7.04
669,300349,金卡智能,14.6,2.96,0.42,147530.0,214733818.09,5.43,14.9,14.13,14.17,14.18,2.4,3.99,22.07,1.38,6091314370.0,5391877251.0,0.0,-0.14,-22.83,-6.59
670,300680,隆盛科技,41.76,2.96,1.2,123830.0,508393860.78,4.91,41.97,39.98,40.56,40.56,1.79,7.04,33.92,4.8,9509423417.0,7343000726.0,0.0,0.12,-25.83,-25.26
671,002993,奥海科技,54.67,2.96,1.57,84428.0,463000838.91,5.99,56.0,52.82,53.19,53.1,1.64,3.54,80.87,3.11,15091106800.0,13035893827.0,-0.26,0.04,18.85,25.07
672,301120,新特电气,23.68,2.96,0.68,191808.0,448138427.46,4.43,23.74,22.72,22.9,23.0,0.83,8.77,174.85,5.7,8795724182.0,5176915988.0,0.0,0.04,10.81,37.12
673,920943,优机股份,21.93,2.96,0.63,22956.0,50219644.49,6.53,22.4,21.01,21.3,21.3,2.4,4.43,30.09,3.33,2226363820.0,1136145778.0,-0.09,-0.32,-19.73,-17.09
674,600573,惠泉啤酒,12.52,2.96,0.36,115412.0,143481049.0,3.78,12.56,12.1,12.22,12.16,0.87,4.62,39.13,2.31,3130000000.0,3130000000.0,0.0,0.08,5.83,4.95
675,301213,观想科技,72.2,2.95,2.07,18729.0,133461661.51,3.99,72.3,69.5,70.18,70.13,1.3,3.62,5677.29,7.36,5775999928.0,3733537738.0,-0.1,-0.01,-19.47,4.56
676,300153,科泰电源,29.36,2.95,0.84,251037.0,738709464.01,8.24,30.36,28.01,28.32,28.52,1.49,7.89,184.58,10.34,9395200000.0,9346172264.0,0.0,0.0,-11.94,1.0
677,300378,鼎捷数智,42.18,2.95,1.21,139738.0,586925158.33,4.2,42.49,40.77,40.8,40.97,1.39,5.18,70.06,4.87,11454056189.0,11367945719.0,-0.05,-0.14,-34.96,-6.81
678,002875,安奈儿,22.71,2.95,0.65,137230.0,306657288.26,3.45,22.79,22.03,22.07,22.06,1.22,7.52,-57.85,7.53,4837613163.0,4143134323.0,0.0,0.04,31.2,37.14
679,001257,盛龙股份,23.8,2.94,0.68,324897.0,761836973.79,4.93,23.96,22.82,22.9,23.12,0.99,23.72,49.43,6.8,43695629445.0,3259362114.0,0.38,-0.13,204.35,204.35
680,002179,中航光电,36.71,2.94,1.05,426389.0,1561445357.11,3.65,36.95,35.65,35.66,35.66,1.53,2.03,35.96,3.18,77730765764.0,76962652699.0,-0.08,-0.03,-0.16,3.58
681,300228,富瑞特装,9.49,2.93,0.27,332974.0,313381346.8,3.8,9.52,9.17,9.18,9.22,1.17,5.96,23.52,2.29,5669568460.0,5303999425.0,-0.21,-0.21,-5.1,-4.04
682,301468,博盈特焊,54.78,2.93,1.56,55793.0,303204912.58,5.6,55.48,52.5,52.53,53.22,0.77,7.44,128.46,3.16,7127638182.0,4108642757.0,0.0,0.07,-11.03,4.78
683,601118,海南橡胶,6.68,2.93,0.19,342464.0,226995782.0,3.54,6.7,6.47,6.48,6.49,1.0,0.8,-77.91,2.95,28586577684.0,28586577684.0,0.15,0.15,11.89,14.19
684,603859,能科科技,40.85,2.92,1.16,77394.0,313063444.0,4.11,41.13,39.5,39.92,39.69,1.71,3.16,45.42,3.28,9995901086.0,9995901086.0,-0.02,0.02,-22.53,-2.85
685,601187,厦门银行,7.75,2.92,0.22,241709.0,185948335.0,3.45,7.77,7.51,7.51,7.53,1.67,0.92,7.77,0.77,20453241132.0,20408695713.0,-0.13,0.0,8.39,5.59
686,603260,合盛硅业,45.09,2.92,1.28,125062.0,561513622.0,5.43,45.88,43.5,43.7,43.81,1.1,1.06,-17.82,1.82,53305710970.0,53305710970.0,-0.02,0.0,-16.17,-14.44
687,002378,章源钨业,33.5,2.92,0.95,970654.0,3258090536.9,4.98,34.19,32.57,32.57,32.55,1.33,8.12,138.58,17.22,40247491811.0,40036565862.0,0.0,-0.06,84.17,136.25
688,000400,许继电气,26.41,2.92,0.75,424032.0,1104111410.05,3.9,26.45,25.45,25.51,25.66,0.8,4.19,60.56,2.19,26901813596.0,26719030250.0,0.0,-0.04,-8.2,2.72
689,605060,联德股份,61.97,2.91,1.75,131460.0,797839234.0,6.01,62.3,58.68,60.57,60.22,1.07,5.5,65.48,6.04,14909486240.0,14807136588.0,0.06,-0.31,59.55,67.67
690,603700,宁水集团,13.15,2.9,0.37,82962.0,107040047.0,3.91,13.2,12.7,12.78,12.78,2.23,4.15,28.17,1.61,2629499432.0,2629499432.0,-0.15,0.08,-4.57,-3.24
691,603290,斯达半导,102.34,2.9,2.88,52152.0,530219370.0,3.58,103.02,99.46,99.5,99.46,1.31,2.18,60.49,3.53,24507714510.0,24507714510.0,0.01,0.05,1.0,6.5
692,300516,久之洋,63.94,2.9,1.8,76970.0,489073828.29,4.26,64.46,61.81,62.45,62.14,1.6,4.28,476.35,8.84,11509200000.0,11509200000.0,-0.02,0.0,-14.5,-20.77
693,300775,三角防务,38.06,2.89,1.07,350178.0,1321897524.02,4.97,38.34,36.5,36.99,36.99,1.46,6.59,41.63,3.56,20839789728.0,20234256498.0,0.03,0.03,19.99,25.2
694,002292,奥飞娱乐,8.2,2.89,0.23,431776.0,351045589.15,4.39,8.26,7.91,7.94,7.97,2.16,4.24,179.9,4.11,12125337515.0,8346523930.0,-0.12,-0.12,-18.49,-7.34
695,688717,艾罗能源,108.65,2.89,3.05,63638.0,693561239.0,6.36,111.83,105.11,105.11,105.6,0.79,6.42,150.21,3.98,17384000000.0,10761544339.0,0.13,-0.37,46.25,76.38
696,300246,宝莱特,17.15,2.88,0.48,195888.0,334006096.32,8.46,17.59,16.18,16.9,16.67,0.97,9.27,-408.01,3.92,4537995936.0,3624257570.0,0.0,-0.06,24.73,111.73
697,601865,福莱特,14.63,2.88,0.41,292668.0,428994831.0,6.54,15.09,14.16,14.22,14.22,1.75,1.54,34.96,1.56,34276339184.0,27812000534.0,0.0,0.0,-9.41,-6.64
698,688682,霍莱沃,49.95,2.88,1.4,25642.0,128351847.0,4.35,50.68,48.57,48.7,48.55,1.12,2.52,196.03,8.23,5086852805.0,5086852805.0,0.18,0.18,-16.72,-5.59
699,002653,海思科,57.63,2.87,1.61,63329.0,359474931.28,5.09,57.63,54.78,55.49,56.02,0.67,1.18,248.64,15.05,64540872611.0,30934984845.0,0.14,0.31,7.28,12.3
700,688010,福光股份,35.81,2.87,1.0,83906.0,296995963.0,7.9,36.77,34.02,34.47,34.81,2.04,5.23,452.94,3.28,5749710108.0,5749710108.0,0.08,0.08,8.84,15.07
701,688119,中钢洛耐,5.37,2.87,0.15,227878.0,121280787.0,4.79,5.42,5.17,5.22,5.22,1.6,2.03,-40.35,2.15,6041250000.0,6041250000.0,0.0,0.19,-33.13,-3.94
702,001316,润贝航科,50.64,2.86,1.41,35059.0,176150924.8,3.64,50.89,49.1,49.24,49.23,1.19,3.15,31.7,4.44,5829444869.0,5635808396.0,0.06,-0.02,28.69,28.27
703,601872,招商轮船,19.08,2.86,0.53,1577667.0,2962335089.0,5.28,19.11,18.13,18.33,18.55,1.01,1.95,25.63,3.58,154062194618.0,154062194618.0,0.21,0.26,67.52,112.47
704,002452,长高电新,11.15,2.86,0.31,283935.0,315027364.44,4.7,11.3,10.79,10.92,10.84,1.31,5.5,25.59,2.66,6916702748.0,5752338409.0,0.0,0.09,24.58,35.48
705,002241,歌尔股份,24.88,2.85,0.69,1064419.0,2631358483.12,3.43,25.11,24.28,24.29,24.19,1.72,3.39,25.57,2.47,88215645908.0,78085060950.0,0.04,0.0,-19.33,-13.4
706,002725,跃岭股份,17.02,2.84,0.47,188947.0,320354114.7,4.95,17.17,16.35,16.52,16.55,2.1,8.91,165.21,4.23,4357120000.0,3608475029.0,-0.06,0.0,11.61,0.71
707,920662,方盛股份,27.85,2.84,0.77,44767.0,126952483.3,9.97,29.5,26.8,27.27,27.08,2.22,16.58,125.24,5.31,2438267556.0,752119384.0,0.0,-0.21,-9.08,-4.03
708,920008,成电光信,27.13,2.84,0.75,16958.0,45891289.87,4.66,27.47,26.24,26.48,26.38,1.66,4.98,106.67,5.34,1729537500.0,922982161.0,0.04,0.18,-17.76,-9.75
709,300756,金马游乐,52.33,2.83,1.44,40229.0,210156250.25,3.38,52.68,50.96,50.96,50.89,1.09,3.07,68.42,5.63,8247112550.0,6867284372.0,-0.08,0.0,-3.25,-8.0
710,301193,家联科技,22.5,2.83,0.62,69884.0,155528051.01,8.36,23.07,21.24,21.82,21.88,1.47,4.78,-46.38,2.88,4564386675.0,3288636675.0,0.31,0.04,0.4,4.31
711,002211,ST宏达,3.63,2.83,0.1,65423.0,23575271.49,3.12,3.65,3.54,3.54,3.53,0.99,1.51,-110.52,115.71,1569887078.0,1569887078.0,0.28,0.28,5.83,13.79
712,603693,江苏新能,14.51,2.83,0.4,182286.0,262035523.0,3.83,14.54,14.0,14.08,14.11,0.99,2.04,24.86,1.86,12935315019.0,12935315019.0,0.0,0.07,16.27,22.34
713,001324,长青科技,20.77,2.82,0.57,42569.0,87596553.0,4.01,20.78,19.97,20.21,20.2,1.69,5.21,58.62,2.53,2866260000.0,1695945272.0,-0.05,0.1,10.01,15.13
714,301357,北方长龙,118.35,2.82,3.25,35202.0,412433639.11,2.92,118.36,115.0,115.67,115.1,1.2,3.7,748.57,9.9,11266920000.0,11266920000.0,-0.01,0.12,-19.26,-16.04
715,001287,中电港,27.73,2.82,0.76,313466.0,864416885.73,5.12,28.18,26.8,26.98,26.97,0.95,4.13,61.36,3.92,21072029690.0,21072029690.0,-0.04,0.0,17.5,22.37
716,688719,爱科赛博,54.48,2.81,1.49,47781.0,261181934.0,5.34,55.88,53.05,53.55,52.99,0.87,5.33,-147.17,3.67,6286197573.0,4888070795.0,-0.02,0.0,2.19,23.4
717,300716,ST泉为,13.93,2.8,0.38,60190.0,83901238.32,5.76,14.26,13.48,13.48,13.55,0.97,3.76,-28.43,-2120.37,2229078600.0,2229078600.0,0.22,0.36,12.52,16.37
718,300623,捷捷微电,29.38,2.8,0.8,250090.0,738805463.22,3.74,30.11,29.04,29.06,28.58,2.01,3.26,51.28,4.05,24446508020.0,22544945986.0,-0.03,0.0,1.66,8.13
719,920351,华光源海,18.38,2.8,0.5,17796.0,32502484.73,4.7,18.56,17.72,17.95,17.88,0.87,4.47,84.44,3.7,1618091369.0,732265449.0,0.44,0.71,-23.26,-20.88
720,301666,C大普微-UW,237.99,2.8,6.49,110245.0,2566009091.27,8.69,242.34,222.22,224.67,231.5,0.55,41.58,-215.98,224.33,103815131516.0,6310624471.0,0.0,-0.17,416.47,416.47
721,603008,喜临门,12.88,2.79,0.35,199903.0,255599971.0,4.71,13.03,12.44,12.5,12.53,0.78,5.43,8.91,1.22,4743606563.0,4743606563.0,0.0,0.0,-39.98,-37.11
722,600392,盛和资源,26.91,2.79,0.73,940863.0,2497232396.0,4.51,26.99,25.81,26.01,26.18,1.27,5.37,44.92,3.54,47168562999.0,47168562999.0,0.3,0.3,13.16,24.99
723,300523,辰安科技,22.51,2.79,0.61,35462.0,79901754.51,4.89,22.91,21.84,21.84,21.9,2.3,1.53,-44.05,5.41,5236673231.0,5230388935.0,0.0,-0.09,-10.28,-5.93
724,920014,特瑞斯,13.27,2.79,0.36,57447.0,76520590.03,5.19,13.55,12.88,13.0,12.91,1.58,8.57,182.78,2.05,1617038980.0,889717644.0,0.0,0.23,9.31,14.69
725,600505,西昌电力,13.28,2.79,0.36,125303.0,164401139.0,3.87,13.35,12.85,12.93,12.92,1.54,3.44,293.79,3.97,4841456400.0,4841456400.0,0.08,0.08,-4.32,1.61
726,301231,荣信文化,32.38,2.79,0.88,37263.0,119596981.43,4.16,32.57,31.26,31.49,31.5,1.24,5.7,-402.29,3.25,2732872000.0,2118655780.0,-0.18,-0.03,-23.85,4.18
727,002549,凯美特气,19.96,2.78,0.54,509295.0,1005351325.51,4.79,20.08,19.15,19.43,19.42,1.49,7.36,138.06,6.71,13879144104.0,13819496139.0,0.05,0.0,-11.37,-5.94
728,300187,永清环保,5.17,2.78,0.14,147756.0,76178599.0,4.77,5.24,5.0,5.0,5.03,1.84,2.3,25.34,2.96,3337866593.0,3319818909.0,-0.19,-0.19,1.17,6.16
729,002115,三维通信,12.92,2.78,0.35,536340.0,688341291.31,3.5,12.94,12.5,12.5,12.57,1.56,7.13,2735.55,5.05,10478008009.0,9718366273.0,0.08,0.08,-33.88,1.41
730,688517,金冠电气,21.87,2.77,0.59,48969.0,106092782.0,4.79,22.1,21.08,21.13,21.28,0.83,3.58,36.79,3.65,2987730334.0,2987730334.0,0.09,0.14,26.78,40.28
731,300182,捷成股份,5.93,2.77,0.16,1395388.0,820273750.02,4.16,5.96,5.72,5.75,5.77,1.17,6.18,55.8,1.88,15796485998.0,13395289198.0,-0.17,-0.17,-10.56,7.43
732,002772,众兴菌业,19.0,2.76,0.51,154986.0,294343981.98,3.19,19.32,18.73,19.0,18.49,1.13,4.17,21.26,2.12,7120108127.0,7061095913.0,0.21,0.05,27.77,31.49
733,688611,杭州柯林,64.1,2.76,1.72,24564.0,157170191.0,7.02,65.88,61.5,63.63,62.38,1.42,1.6,-3107.2,11.37,9832273360.0,9832273360.0,-0.6,-0.39,0.63,26.06
734,002281,光迅科技,120.05,2.76,3.22,764715.0,9342139850.65,5.38,125.66,119.38,122.0,116.83,1.26,9.81,101.02,9.91,96841424028.0,93576256948.0,-0.02,0.02,52.93,71.62
735,002991,甘源食品,51.12,2.75,1.37,13935.0,70758707.63,5.07,51.8,49.28,49.49,49.75,2.08,2.79,22.88,2.87,4765193281.0,2552611051.0,0.12,0.12,-17.81,-10.17
736,688234,天岳先进,97.82,2.75,2.62,129776.0,1267254730.0,4.94,99.73,95.03,97.0,95.2,1.11,3.02,-227.56,6.61,47405385974.0,42034334324.0,-0.03,0.02,5.57,10.06
737,002912,中新赛克,27.29,2.75,0.73,42881.0,116131663.0,4.78,27.57,26.3,26.54,26.56,1.03,2.64,67.13,2.71,4659822080.0,4427031175.0,-0.04,0.04,-20.27,-9.46
738,301500,飞南资源,24.7,2.75,0.66,133648.0,329545276.96,5.32,25.22,23.94,24.0,24.04,0.74,9.28,48.32,2.91,13880214474.0,3558051500.0,0.08,0.0,50.61,57.43
739,603822,ST嘉澳,86.74,2.74,2.31,14668.0,127040006.0,5.2,88.65,84.26,85.3,84.43,1.71,1.91,212.58,17.71,6663877352.0,6663877352.0,-0.02,-0.16,-16.86,-10.1
740,688387,信科移动-U,17.97,2.74,0.48,1149767.0,2080958519.0,9.72,18.95,17.25,17.4,17.49,1.09,5.7,-227.6,10.27,61434937500.0,36241486284.0,-0.17,0.73,1.18,39.3
741,688508,芯朋微,68.19,2.74,1.82,202609.0,1306721694.0,17.06,69.9,58.58,61.05,66.37,4.0,15.43,163.11,3.26,8954052494.0,8954052494.0,-0.13,-0.18,7.93,11.97
742,600540,新赛股份,4.88,2.74,0.13,168684.0,81426875.0,2.95,4.88,4.74,4.75,4.75,1.03,2.9,-45.03,6.5,2837119565.0,2837119565.0,0.0,0.0,4.95,6.78
743,300004,南风股份,14.62,2.74,0.39,222623.0,320679058.0,6.11,14.87,14.0,14.15,14.23,1.06,4.64,157.33,3.94,7017506403.0,7017506403.0,0.07,0.07,13.07,19.35
744,300710,万隆光电,31.1,2.74,0.83,33725.0,104132397.05,4.03,31.38,30.16,30.45,30.27,1.29,4.52,-225.29,6.69,3094148330.0,2319438404.0,0.0,0.32,-3.54,-0.16
745,000056,皇庭国际,1.88,2.73,0.05,624480.0,116187595.0,7.1,1.93,1.8,1.84,1.83,1.23,6.91,-0.68,-1.07,2223153054.0,1699005882.0,0.0,0.53,-8.29,-6.47
746,301045,天禄科技,42.5,2.73,1.13,39581.0,168196997.08,6.67,43.66,40.9,41.33,41.37,1.53,6.19,139.15,4.57,4688530215.0,2718214320.0,0.0,0.09,24.67,60.2
747,002429,兆驰股份,10.96,2.72,0.29,1256355.0,1373259317.37,4.03,11.05,10.62,10.7,10.67,1.2,2.78,37.2,3.02,49615269053.0,49586689877.0,-0.09,-0.09,25.98,47.71
748,301319,唯特偶,70.25,2.72,1.86,159070.0,1094902457.8,12.55,74.01,65.43,68.87,68.39,2.08,17.01,94.3,7.45,8742675514.0,6571147276.0,-1.5,-0.31,25.51,26.71
749,000426,兴业银锡,45.48,2.71,1.2,630871.0,2880659859.45,5.26,46.63,44.3,44.48,44.28,1.19,3.55,44.4,8.82,80755913410.0,80736344503.0,0.0,0.04,-8.77,27.75
750,300998,宁波方正,26.14,2.71,0.69,43030.0,111762821.0,5.54,26.56,25.15,25.4,25.45,1.1,4.0,-121.8,2.84,3585603672.0,2814770361.0,-0.04,-0.11,8.42,19.31
751,002383,合众思壮,9.89,2.7,0.26,189447.0,186173992.2,3.32,9.92,9.6,9.63,9.63,1.83,2.56,700.55,4.33,7322163416.0,7322163416.0,0.0,0.0,-20.11,-21.45
752,920061,西磁科技,24.75,2.7,0.65,13674.0,33675151.16,4.19,24.96,23.95,23.95,24.1,1.6,3.47,345.93,6.25,1752052500.0,974268900.0,0.0,-0.2,-21.3,-12.23
753,920247,华密新材,22.48,2.7,0.59,48507.0,109481400.65,9.55,23.47,21.38,21.57,21.89,2.72,4.24,81.49,7.38,3541592852.0,2569153304.0,-0.09,0.09,-17.6,-17.47
754,001278,一彬科技,21.68,2.7,0.57,30013.0,64165047.0,5.59,21.98,20.8,21.11,21.11,1.6,3.52,-36.24,2.19,2682540112.0,1849539792.0,-0.37,0.09,9.33,12.1
755,300881,盛德鑫泰,49.42,2.7,1.3,32724.0,161709493.39,7.56,50.54,46.9,47.55,48.12,0.82,5.7,26.89,4.97,5436200000.0,2837016875.0,0.2,0.18,35.84,45.95
756,600929,雪天盐业,7.22,2.7,0.19,389950.0,279020872.0,4.98,7.24,6.89,6.89,7.03,0.72,2.38,199.12,1.57,11841617708.0,11841617708.0,0.0,0.14,28.47,27.79
757,920106,林泰新材,67.97,2.69,1.78,14472.0,99125611.41,6.5,69.9,65.6,66.24,66.19,2.17,3.31,27.24,6.65,3846660195.0,2967222058.0,-0.15,-0.03,-17.87,-13.63
758,301365,矩阵股份,30.96,2.69,0.81,41381.0,126661765.5,4.05,30.98,29.76,29.95,30.15,0.87,4.08,60.71,3.2,5572800000.0,3138797618.0,0.03,0.36,17.5,29.87
759,605111,新洁能,38.72,2.68,1.01,162459.0,626344745.0,3.21,38.95,37.74,37.75,37.71,1.58,3.91,40.85,3.72,16081676994.0,16081676994.0,-0.03,-0.03,5.05,8.37
760,688456,有研粉材,59.58,2.67,1.55,29538.0,173374472.0,3.93,59.58,57.3,58.0,58.03,1.21,2.85,87.1,4.87,6176062800.0,6176062800.0,0.05,0.17,-3.84,-23.32
761,301486,致尚科技,174.22,2.67,4.53,101117.0,1728709307.77,5.89,175.0,165.0,168.0,169.69,1.17,13.96,238.29,8.79,22418802949.0,12622893196.0,0.01,0.1,27.38,40.44
762,300483,首华燃气,19.99,2.67,0.52,301112.0,601128629.49,4.78,20.43,19.5,19.53,19.47,0.88,7.89,45.08,2.49,7632107637.0,7629708837.0,0.1,0.05,24.63,40.97
763,000935,四川双马,28.11,2.67,0.73,64530.0,180887934.28,3.36,28.3,27.38,27.44,27.38,1.3,0.85,54.83,2.76,21460307761.0,21460307761.0,0.29,0.21,0.5,13.16
764,300749,顶固集创,25.8,2.67,0.67,111356.0,285389339.0,4.74,26.2,25.01,25.2,25.13,0.94,7.07,338.76,9.33,5293370520.0,4060806480.0,0.0,0.08,105.09,113.75
765,002339,积成电子,10.78,2.67,0.28,250622.0,267366607.26,3.43,10.79,10.43,10.51,10.5,1.22,5.23,-53.52,3.15,5434114714.0,5161395051.0,0.09,0.09,14.44,22.22
766,600301,华锡有色,51.85,2.65,1.34,175443.0,922449952.0,7.68,54.48,50.6,50.6,50.51,1.74,6.37,49.77,7.3,32798623786.0,14276155060.0,-0.02,-0.08,2.47,35.17
767,920263,中航泰达,12.42,2.64,0.32,18084.0,22573719.45,5.04,12.75,12.14,12.2,12.1,1.94,1.76,92.02,3.02,1754236768.0,1274214214.0,0.0,-0.16,-10.65,-0.4
768,301288,*ST清研,19.03,2.64,0.49,9842.0,18895301.0,5.93,19.7,18.6,18.6,18.54,1.29,1.26,-92.31,2.6,2055430300.0,1486426088.0,0.05,0.0,-7.85,6.02
769,920098,科隆新材,27.95,2.64,0.72,14814.0,41361374.89,5.4,28.54,27.07,27.07,27.23,2.28,2.68,38.65,2.41,2272904314.0,1547749809.0,-0.04,-0.14,-12.38,-9.52
770,600664,哈药股份,4.28,2.64,0.11,3621556.0,1504194049.0,7.43,4.34,4.03,4.05,4.17,0.97,14.38,24.6,1.91,10779222269.0,10779222269.0,0.0,0.47,21.59,24.06
771,688028,沃尔德,108.18,2.64,2.78,84154.0,901169875.0,7.45,110.53,102.68,106.56,105.4,0.94,5.58,172.78,8.22,16329662820.0,16329662820.0,0.0,0.2,51.41,67.62
772,002899,英派斯,34.33,2.63,0.88,69657.0,235674468.0,4.28,34.55,33.12,33.98,33.45,1.61,4.71,74.98,2.91,5073870186.0,5073870186.0,0.23,0.06,9.37,25.43
773,603002,宏昌电子,13.28,2.63,0.34,1000729.0,1315639990.0,4.64,13.48,12.88,13.04,12.94,1.0,8.82,460.75,4.37,15060562600.0,15060562600.0,0.23,0.61,62.15,79.7
774,601886,江河集团,9.74,2.63,0.25,77673.0,75446202.0,3.9,9.79,9.42,9.44,9.49,1.37,0.69,18.08,1.51,11035440064.0,11035440064.0,-0.1,-0.2,10.31,19.36
775,002949,华阳国际,14.45,2.63,0.37,44006.0,63171969.5,4.55,14.61,13.97,14.1,14.08,1.38,2.9,31.27,1.94,2832884034.0,2194749275.0,0.07,0.21,-8.02,-7.07
776,300292,吴通控股,5.09,2.62,0.13,768544.0,391997573.0,4.03,5.17,4.97,4.97,4.96,1.9,6.89,55.81,4.87,6829583718.0,5680159098.0,-0.2,0.0,3.88,12.86
777,000928,中钢国际,7.06,2.62,0.18,589142.0,413956902.12,5.52,7.17,6.79,6.87,6.88,0.88,4.11,13.67,1.2,10128591024.0,10128467121.0,0.0,0.14,9.12,6.81
778,601609,金田股份,11.01,2.61,0.28,384793.0,421227008.0,3.91,11.1,10.68,10.75,10.73,1.66,2.23,24.26,1.91,19032306505.0,19032306505.0,-0.09,-0.09,-1.08,1.94
779,002219,新里程,2.36,2.61,0.06,1366491.0,317708276.32,5.22,2.38,2.26,2.28,2.3,1.0,4.18,-168.36,4.06,7994220937.0,7722023179.0,0.0,-0.42,-9.23,10.8
780,603339,四方科技,13.74,2.61,0.35,37687.0,51107455.0,3.58,13.75,13.27,13.39,13.39,1.71,1.22,30.84,1.63,4251721745.0,4251721745.0,0.0,0.07,-3.31,7.09
781,603330,天洋新材,7.08,2.61,0.18,94305.0,66599150.0,5.51,7.23,6.85,6.9,6.9,1.94,2.32,-212.9,2.01,3063329435.0,2879529668.0,-0.14,-0.14,-4.58,-2.21
782,688766,普冉股份,271.4,2.61,6.9,45407.0,1225261560.0,4.49,273.5,261.62,265.53,264.5,0.83,3.07,193.62,16.62,40180526283.0,40180526283.0,0.0,-0.02,51.38,113.35
783,605318,法狮龙,97.49,2.6,2.47,30488.0,298788074.0,5.21,99.97,95.02,96.0,95.02,0.98,2.42,-6380.59,18.97,12257322940.0,12257322940.0,0.09,-0.42,66.14,49.59
784,920392,佳合科技,20.93,2.6,0.53,10776.0,22617496.55,4.85,21.27,20.28,20.4,20.4,1.94,2.96,77.49,4.67,1594970650.0,761640607.0,0.1,0.1,-21.49,-40.35
785,603236,移远通信,79.0,2.6,2.0,79633.0,625457413.0,3.34,79.47,76.9,77.05,77.0,1.61,3.04,23.25,4.57,22738050101.0,20670954666.0,-0.04,-0.01,-22.53,-17.2
786,603317,天味食品,13.4,2.6,0.34,73584.0,98127876.0,3.14,13.47,13.06,13.06,13.06,0.91,0.69,25.04,3.14,14267178240.0,14267178240.0,0.0,0.07,5.1,7.03
787,688981,中芯国际,107.96,2.59,2.73,547703.0,5872447693.0,3.41,108.6,105.01,105.93,105.23,1.18,2.74,171.62,5.73,865096938186.0,215872772790.0,-0.02,-0.02,-13.24,-12.11
788,603079,圣达生物,17.47,2.58,0.44,44537.0,76449287.0,4.17,17.56,16.85,16.85,17.03,1.87,2.36,46.43,2.1,3302347531.0,3302347531.0,-0.29,-0.17,-15.6,-1.41
789,002400,省广集团,9.16,2.58,0.23,1344580.0,1228046988.99,4.48,9.27,8.87,8.89,8.93,1.45,7.79,177.49,3.19,15968968092.0,15811667901.0,0.0,0.0,-28.44,3.27
790,600966,博汇纸业,6.76,2.58,0.17,158740.0,106227902.0,3.95,6.77,6.51,6.64,6.59,1.06,1.19,55.8,1.22,9037067387.0,9037067387.0,0.15,0.0,3.68,-1.02
791,300278,华昌达,4.78,2.58,0.12,382856.0,180503830.18,4.29,4.8,4.6,4.64,4.66,1.84,2.72,425.42,3.83,6758377508.0,6737147960.0,0.0,0.0,-22.65,-21.64
792,603381,永臻股份,23.86,2.58,0.6,87590.0,209184450.0,5.8,24.25,22.9,23.26,23.26,1.63,6.16,1938.15,1.58,5660935938.0,3391405188.0,-0.08,-0.17,17.25,20.14
793,600546,山煤国际,11.96,2.57,0.3,515109.0,619197562.0,4.97,12.28,11.7,11.97,11.66,1.99,2.6,17.0,1.45,23710175434.0,23710175434.0,-0.33,-0.25,16.34,18.53
794,301408,华人健康,20.73,2.57,0.52,501910.0,1038252714.54,6.53,21.2,19.88,20.0,20.21,1.29,21.92,39.68,3.96,8292207300.0,4746328424.0,0.0,-0.05,-12.94,11.69
795,920438,戈碧迦,49.4,2.57,1.24,83837.0,421380509.81,8.87,52.0,47.73,47.97,48.16,1.5,6.01,253.36,7.15,7186465000.0,6886066070.0,-0.14,-0.06,22.67,23.04
796,688008,澜起科技,154.66,2.57,3.88,432314.0,6681984367.0,3.13,156.97,152.25,153.2,150.78,0.86,3.77,84.55,13.72,189025455248.0,177306325738.0,0.03,0.04,14.39,31.29
797,000938,紫光股份,28.41,2.56,0.71,1361878.0,3905210625.17,4.51,29.15,27.9,27.95,27.7,0.91,4.76,48.21,5.51,81254869220.0,81254664668.0,0.0,0.0,5.65,15.49
798,603021,ST华鹏,8.02,2.56,0.2,128439.0,104038777.0,3.2,8.21,7.96,8.0,7.82,1.12,4.01,-20.04,-62.67,2565983521.0,2565983521.0,0.12,0.0,69.92,71.73
799,002695,煌上煌,11.62,2.56,0.29,98681.0,113732378.63,3.53,11.69,11.29,11.35,11.33,2.05,1.93,48.27,2.32,6502387008.0,5943108076.0,0.0,0.0,-3.01,-1.02
800,300576,容大感光,36.98,2.55,0.92,107491.0,392790301.57,3.27,37.06,35.88,35.98,36.06,1.75,4.62,102.73,8.01,13548272813.0,8603548951.0,0.0,-0.16,-18.35,-4.07
801,002585,双星新材,7.65,2.55,0.19,729360.0,563103482.38,7.51,7.92,7.36,7.36,7.46,1.62,8.23,-29.38,1.01,8731117982.0,6782197678.0,0.0,0.0,9.6,13.67
802,002606,大连电瓷,12.46,2.55,0.31,375913.0,463663389.36,3.37,12.46,12.05,12.15,12.15,1.14,8.93,35.56,3.01,5470852321.0,5247430005.0,0.08,0.32,31.16,42.56
803,002645,华宏科技,22.88,2.55,0.57,409702.0,927349194.36,4.89,23.08,21.99,22.39,22.31,0.73,7.33,54.8,3.6,14359496237.0,12788262367.0,0.35,-0.04,47.8,56.28
804,688657,浩辰软件,50.83,2.54,1.26,14814.0,74321619.0,3.27,50.86,49.24,49.6,49.57,1.38,3.61,65.55,2.35,3330091259.0,2086294070.0,0.06,0.04,-13.53,-4.47
805,601069,西部黄金,33.91,2.54,0.84,194386.0,656167352.0,4.17,34.19,32.81,33.03,33.07,0.96,2.19,65.45,6.53,30891980261.0,30084560102.0,0.0,-0.03,11.62,27.1
806,300099,尤洛卡,9.69,2.54,0.24,403579.0,383926866.64,4.76,9.71,9.26,9.41,9.45,1.65,6.94,38.99,2.99,7144100321.0,5636617166.0,-0.1,0.41,23.28,28.69
807,600151,航天机电,14.99,2.53,0.37,1124831.0,1672027969.0,4.17,15.15,14.54,14.61,14.62,1.63,7.84,-48.31,4.85,21499441782.0,21499441782.0,-0.07,-0.2,-24.71,-14.59
808,300651,金陵体育,30.43,2.53,0.75,190697.0,582303727.49,7.99,31.37,29.0,29.0,29.68,1.04,21.81,91.29,3.97,4297010806.0,2660586981.0,0.03,-0.13,35.06,50.05
809,300040,九洲集团,6.89,2.53,0.17,505965.0,344193115.27,3.13,6.9,6.69,6.7,6.72,1.26,9.78,77.11,1.73,4433097904.0,3564720950.0,0.0,-0.14,5.84,14.45
810,920491,奥迪威,27.19,2.53,0.67,72185.0,198304739.63,4.9,27.98,26.68,27.0,26.52,2.03,6.25,40.81,3.58,3837683064.0,3142190489.0,-0.04,-0.18,-10.06,-9.09
811,300184,力源信息,12.95,2.53,0.32,2583498.0,3379305189.11,5.07,13.48,12.84,13.18,12.63,2.37,24.51,27.14,3.54,14905865980.0,13649349845.0,0.0,0.0,21.83,29.63
812,603092,德力佳,70.54,2.53,1.74,20154.0,140151641.0,3.81,70.65,68.03,68.3,68.8,1.32,6.02,34.1,5.12,28216007054.0,2359736528.0,0.01,0.01,6.23,12.88
813,301609,山大电力,48.72,2.53,1.2,31324.0,149847439.58,4.42,48.88,46.78,47.33,47.52,1.02,8.55,68.16,6.44,7935513600.0,1785490560.0,-0.02,0.02,6.4,17.57
814,002845,同兴达,14.58,2.53,0.36,101942.0,149373513.35,5.56,14.96,14.17,14.22,14.22,2.07,4.07,-232.86,2.01,4775703859.0,3648431418.0,0.0,0.0,-0.61,3.62
815,000016,深康佳Ａ,3.26,2.52,0.08,564307.0,184367506.57,4.09,3.3,3.17,3.2,3.18,1.21,3.53,-6.0,6.2,7849902030.0,5204895788.0,-0.31,0.0,-34.54,-34.41
816,301066,万事利,14.64,2.52,0.36,99510.0,146242738.66,6.16,15.09,14.21,14.21,14.28,2.47,4.27,128.41,2.75,3439274345.0,3412828049.0,-0.41,-0.27,-30.25,-25.65
817,920541,铁大科技,12.59,2.52,0.31,17507.0,21930575.72,3.01,12.65,12.28,12.28,12.28,1.97,1.94,24.23,3.68,1721053000.0,1133838832.0,0.72,0.64,-11.9,-4.69
818,301230,泓博医药,41.07,2.52,1.01,70719.0,287599270.97,3.62,41.15,39.7,39.85,40.06,0.81,5.63,123.73,5.59,5732821867.0,5159042138.0,0.07,0.02,-21.93,37.96
819,300781,因赛集团,37.04,2.52,0.91,61508.0,227489627.9,5.2,37.68,35.8,35.8,36.13,1.58,5.08,166.57,9.11,6081054594.0,4488027125.0,-0.05,-0.05,-17.51,6.5
820,300844,山水比德,35.35,2.52,0.87,10294.0,36304857.5,4.99,35.89,34.17,34.33,34.48,1.01,1.14,-65.85,4.49,3295004608.0,3182909758.0,-0.2,-0.08,-12.95,-0.39
821,688319,欧林生物,29.85,2.51,0.73,85512.0,252462147.0,7.01,30.36,28.32,29.12,29.12,0.82,2.11,544.04,13.4,12110410665.0,12101467605.0,-0.1,-0.03,2.26,17.71
822,301001,凯淳股份,29.44,2.51,0.72,16081.0,47256738.0,4.39,29.82,28.56,28.73,28.72,1.3,3.2,4814.19,3.02,2355200000.0,1480832000.0,0.0,-0.14,-18.36,-0.34
823,002652,扬子新材,4.9,2.51,0.12,162008.0,78316964.0,5.02,4.93,4.69,4.82,4.78,0.93,3.16,-120.58,10.01,2509113600.0,2509113600.0,0.0,0.2,25.96,24.05
824,300970,华绿生物,33.46,2.51,0.82,72282.0,238819773.41,5.42,33.79,32.02,32.7,32.64,1.06,7.6,188.38,2.66,4102500486.0,3183254876.0,-0.27,-0.15,49.64,63.14
825,601021,春秋航空,48.62,2.51,1.19,69104.0,334331108.0,2.51,48.79,47.6,47.65,47.43,1.17,0.71,20.53,2.62,47566571026.0,47566571026.0,0.02,0.04,-14.7,-18.29
826,605005,合兴股份,21.36,2.5,0.52,62306.0,132136031.0,3.26,21.48,20.8,20.87,20.84,1.13,1.55,42.09,4.2,8565360000.0,8565360000.0,0.09,0.28,13.74,11.37
827,300575,中旗股份,6.17,2.49,0.15,137912.0,83972630.1,4.32,6.22,5.96,6.03,6.02,1.41,4.02,-15.43,1.52,2943043108.0,2114509693.0,0.0,-0.32,2.15,5.83
828,300070,碧水源,4.12,2.49,0.1,523132.0,214030873.87,4.23,4.18,4.01,4.03,4.02,0.81,1.52,244.85,0.55,14931742576.0,14151243629.0,0.0,0.0,1.98,5.1
829,300056,中创环保,9.45,2.49,0.23,216291.0,202558934.67,4.01,9.48,9.11,9.29,9.22,1.82,5.62,-58.46,24.68,3642884686.0,3639669796.0,0.53,0.53,14.41,14.96
830,300915,海融科技,23.45,2.49,0.57,11892.0,27651886.0,3.37,23.48,22.71,22.85,22.88,1.78,2.06,-142.75,1.92,2950930835.0,1350773654.0,0.09,0.21,-6.39,-1.26
831,002735,王子新材,15.64,2.49,0.38,123820.0,192147510.03,3.74,15.72,15.15,15.19,15.26,1.48,4.34,248.74,3.45,5868978081.0,4458328093.0,-0.06,0.0,-24.22,-13.26
832,688122,西部超导,75.35,2.48,1.82,167959.0,1254550207.0,3.32,75.48,73.04,73.53,73.53,1.37,2.59,58.24,6.87,48952219849.0,48952219849.0,-0.07,-0.03,-18.65,1.03
833,300700,岱勒新材,16.12,2.48,0.39,108440.0,174097079.23,4.7,16.44,15.7,15.7,15.73,1.1,4.01,-49.82,7.37,6400104627.0,4362238826.0,0.06,0.0,22.68,30.53
834,920006,晟楠科技,23.57,2.48,0.57,21329.0,50158845.35,4.57,23.82,22.77,23.0,23.0,1.73,4.46,268.64,6.66,2128069304.0,1126577930.0,0.04,0.08,-18.33,-12.31
835,002519,银河电子,8.67,2.48,0.21,1221571.0,1050130191.35,4.85,8.78,8.37,8.37,8.46,1.3,10.93,-116.72,4.41,9766155886.0,9689630764.0,0.12,0.12,-15.91,33.8
836,301025,读客文化,11.2,2.47,0.27,74096.0,82690108.4,3.29,11.25,10.89,10.91,10.93,1.36,2.67,515.65,7.24,4483465280.0,3104088288.0,0.18,0.0,1.63,14.64
837,688631,莱斯信息,59.25,2.47,1.43,31243.0,183458912.0,4.6,59.68,57.02,57.38,57.82,1.14,4.82,175.36,5.06,9685597500.0,3843547500.0,0.05,0.02,-27.42,-12.97
838,603936,博敏电子,14.99,2.46,0.36,465362.0,691844065.0,3.62,15.04,14.51,14.72,14.63,1.34,7.38,176.61,2.16,9449666080.0,9449666080.0,-0.07,-0.13,22.57,18.03
839,605599,菜百股份,23.32,2.46,0.56,48695.0,113733920.0,4.48,23.6,22.58,22.93,22.76,1.23,0.63,21.03,4.36,18137778296.0,18137778296.0,-0.04,-0.13,30.86,42.46
840,300667,必创科技,18.3,2.46,0.44,107449.0,196438419.9,5.38,18.66,17.7,17.86,17.86,0.91,6.22,-234.56,3.31,3744839514.0,3159137674.0,0.16,0.0,1.22,3.51
841,300693,盛弘股份,52.54,2.46,1.26,288917.0,1549774219.98,5.32,55.18,52.45,53.01,51.28,1.34,10.75,34.52,7.58,16434292540.0,14125537934.0,0.0,-0.06,28.02,37.25
842,601700,风范股份,5.41,2.46,0.13,209932.0,112387575.0,3.41,5.42,5.24,5.26,5.28,1.47,1.84,-15.92,2.89,6160676993.0,6160676993.0,0.0,0.0,-6.72,-4.42
843,603836,海程邦达,13.33,2.46,0.32,41899.0,55200411.0,2.46,13.34,13.02,13.14,13.01,2.32,2.04,104.7,1.57,2735785709.0,2735785709.0,0.23,-0.07,-5.66,-3.13
844,002878,元隆雅图,18.39,2.45,0.44,135900.0,249477548.41,3.79,18.51,17.83,17.84,17.95,1.19,5.76,402.14,3.74,4818027860.0,4338804891.0,-0.16,-0.16,-10.47,0.93
845,001268,联合精密,33.81,2.45,0.81,44348.0,145836953.2,6.27,33.93,31.86,32.66,33.0,1.93,7.05,45.97,3.55,3649226023.0,2127776023.0,0.0,-0.12,-5.9,-4.84
846,001396,誉帆科技,47.93,2.44,1.14,50252.0,245740189.2,5.66,50.5,47.85,48.31,46.79,2.97,22.63,50.11,4.44,5123832799.0,1064388412.0,0.02,-0.04,13.69,11.08
847,688558,国盛智科,31.56,2.43,0.75,31623.0,100412205.0,4.93,32.35,30.83,30.83,30.81,2.74,2.4,26.49,2.43,4165920000.0,4165920000.0,0.22,0.1,-2.56,9.09
848,002454,松芝股份,10.6,2.42,0.25,214074.0,226111467.52,3.57,10.74,10.37,10.39,10.35,0.82,3.41,26.93,1.66,6662964960.0,6645628819.0,0.0,0.0,15.97,21.7
849,300427,红相股份,12.68,2.42,0.3,360055.0,451294023.0,4.04,12.73,12.23,12.24,12.38,0.87,7.16,-359.97,5.37,6448037379.0,6378101980.0,0.0,0.0,-9.62,3.51
850,000534,万泽股份,44.52,2.42,1.05,204744.0,912842191.08,6.83,45.86,42.89,43.25,43.47,0.6,4.1,115.14,14.15,22685099932.0,22258682920.0,0.04,-0.02,100.72,102.36
851,002528,ST英飞拓,5.51,2.42,0.13,760071.0,421356482.48,6.32,5.65,5.31,5.62,5.38,1.42,7.24,-66.81,65.28,6604699702.0,5786709869.0,-0.72,0.36,96.09,105.6
852,603032,德新科技,23.31,2.42,0.55,215575.0,496332677.0,4.96,23.58,22.45,22.76,22.76,1.02,9.31,127.75,4.76,5436530694.0,5400065462.0,0.3,0.43,17.55,21.66
853,300986,志特新材,25.36,2.42,0.6,330229.0,831591898.17,5.13,25.59,24.32,24.8,24.76,0.82,8.02,66.48,4.91,10447660006.0,10439039330.0,-0.04,0.04,-24.03,126.83
854,002069,獐子岛,3.81,2.42,0.09,102119.0,38521877.99,2.15,3.81,3.73,3.76,3.72,1.04,1.44,-62.77,149.51,2709337459.0,2705923699.0,0.0,0.26,1.87,2.14
855,002132,恒星科技,4.65,2.42,0.11,1403614.0,647985216.73,4.85,4.75,4.53,4.58,4.54,0.88,10.03,354.17,1.88,6517182846.0,6507592025.0,-0.43,-0.43,29.17,30.99
856,605228,神通科技,15.27,2.41,0.36,180791.0,273502305.0,4.96,15.43,14.69,14.89,14.91,0.93,3.79,39.4,3.19,7316701721.0,7285856321.0,-0.2,-0.26,-2.3,2.28
857,300244,迪安诊断,19.56,2.41,0.46,263407.0,515672261.03,5.65,19.99,18.91,19.0,19.1,1.49,5.25,161.69,1.89,12224597768.0,9808539233.0,-0.05,-0.05,-32.55,23.41
858,002064,华峰化学,11.04,2.41,0.26,309544.0,341220011.94,4.55,11.15,10.66,10.8,10.78,0.74,0.63,29.49,2.0,54786484623.0,54669975915.0,0.09,0.09,-8.0,0.36
859,002842,翔鹭钨业,34.45,2.41,0.81,496022.0,1699997229.92,4.93,35.0,33.34,33.45,33.64,1.04,18.48,78.43,9.34,11271089938.0,9248528268.0,0.03,0.03,79.99,138.24
860,920299,灿能电力,25.51,2.41,0.6,49695.0,125136193.58,4.98,25.57,24.33,24.38,24.91,1.59,10.94,186.29,7.86,2298687631.0,1158530655.0,0.0,0.08,6.56,26.85
861,002494,华斯股份,5.52,2.41,0.13,146189.0,80292726.0,4.45,5.55,5.31,5.4,5.39,0.96,5.1,101.39,1.67,2082755163.0,1582972818.0,-0.18,-0.18,0.55,2.41
862,688151,华强科技,21.32,2.4,0.5,28982.0,61384394.0,3.65,21.43,20.67,20.67,20.82,1.45,0.84,172.1,1.74,7344740000.0,7344740000.0,-0.09,-0.05,1.43,3.39
863,603219,富佳股份,16.66,2.4,0.39,66236.0,109833046.0,3.32,16.78,16.24,16.32,16.27,1.95,1.18,87.34,5.81,9352924000.0,9352924000.0,-0.36,-0.12,-4.09,-1.07
864,002527,新时达,13.66,2.4,0.32,135007.0,183476913.41,4.5,13.91,13.31,13.46,13.34,1.48,2.55,1644.49,7.23,9057417235.0,7224618727.0,-0.07,0.07,-16.76,-23.0
865,688392,骄成超声,135.0,2.4,3.16,29748.0,399427085.0,6.34,138.36,130.0,131.25,131.84,1.56,2.57,132.92,8.67,15624003600.0,15624003600.0,0.3,0.0,-6.39,20.32
866,605136,丽人丽妆,10.69,2.39,0.25,100291.0,106141053.0,4.12,10.74,10.31,10.4,10.44,1.55,2.5,-53.52,1.78,4280901365.0,4280901365.0,0.09,0.0,-23.09,-2.37
867,601606,长城军工,40.49,2.38,0.94,192285.0,772882004.0,2.12,40.5,39.66,39.89,39.55,1.44,2.66,-1237.86,13.25,29324007916.0,29324007916.0,0.02,0.02,-17.6,-15.86
868,002204,大连重工,6.88,2.38,0.16,394833.0,269371604.48,2.98,6.9,6.7,6.72,6.72,1.67,2.04,22.79,1.7,13287825820.0,13287825820.0,0.0,-0.15,-8.27,-10.07
869,603000,人民网,20.2,2.38,0.47,245356.0,492374260.0,2.94,20.22,19.64,19.73,19.73,1.59,2.22,497.92,6.08,22334959331.0,22334959331.0,0.05,0.05,-34.48,6.04
870,301285,鸿日达,103.4,2.38,2.4,39160.0,400938191.66,6.68,105.0,98.25,100.89,101.0,0.87,1.89,-857.06,20.97,21369678000.0,21369678000.0,0.0,-0.03,55.14,52.55
871,605123,派克新材,103.67,2.38,2.41,49084.0,508970397.0,4.13,105.48,101.3,102.0,101.26,1.65,4.05,49.77,2.75,12561786374.0,12561786374.0,0.01,0.08,-3.39,-0.22
872,300602,飞荣达,35.8,2.37,0.83,385850.0,1394125138.42,3.89,36.86,35.5,36.0,34.97,1.83,9.76,54.59,5.25,20830710830.0,14155458653.0,0.03,-0.08,10.46,7.96
873,300177,中海达,8.2,2.37,0.19,138247.0,111915601.32,3.12,8.22,7.97,8.02,8.01,1.4,2.28,-99.54,4.04,6102186341.0,4971686658.0,0.0,0.12,-21.83,-20.62
874,002928,华夏航空,8.65,2.37,0.2,301357.0,258780228.67,3.43,8.67,8.38,8.48,8.45,1.21,2.36,13.38,2.77,11056789408.0,11056734264.0,-0.12,0.35,-19.01,-21.72
875,688676,金盘科技,89.51,2.37,2.07,148660.0,1324657364.0,5.58,91.18,86.3,87.17,87.44,1.07,3.23,62.4,8.17,41155298422.0,41155298422.0,0.0,-0.1,-6.76,-0.92
876,603109,神驰机电,24.75,2.36,0.57,69279.0,170297620.0,4.63,24.92,23.8,24.28,24.18,1.21,3.32,38.64,2.65,5168996910.0,5168996910.0,0.04,0.08,-8.2,-4.03
877,300624,万兴科技,72.52,2.36,1.67,104360.0,757288442.76,4.57,73.8,70.56,70.86,70.85,1.44,6.09,-170.73,12.98,14020750216.0,12417832824.0,0.01,0.08,-30.67,2.65
878,688398,赛特新材,28.66,2.36,0.66,26223.0,74061152.0,3.39,28.7,27.75,27.89,28.0,0.68,1.56,192.74,4.2,4809555115.0,4809555115.0,0.0,0.1,57.65,68.59
879,002218,拓日新能,5.65,2.36,0.13,756368.0,423342991.98,2.54,5.65,5.51,5.53,5.52,1.0,5.45,-54.78,1.97,7956895842.0,7840379847.0,0.0,0.0,0.89,30.18
880,603132,金徽股份,19.48,2.36,0.45,91340.0,177036377.0,4.52,19.65,18.79,19.02,19.03,0.76,0.93,23.24,5.59,19051440000.0,19051440000.0,0.0,0.05,19.8,32.79
881,000519,中兵红箭,18.18,2.36,0.42,301752.0,547243066.05,3.32,18.3,17.71,17.75,17.76,1.26,2.17,-322.81,2.48,25316722293.0,25316722293.0,-0.05,0.06,-3.61,-0.16
882,000692,惠天热电,4.34,2.36,0.1,119154.0,51205580.0,3.07,4.35,4.22,4.28,4.24,0.88,2.24,-5.48,-17.91,2312495116.0,2312495116.0,0.0,0.23,21.23,26.16
883,688576,西山科技,71.6,2.36,1.65,3740.0,26647330.0,3.86,72.49,69.79,70.7,69.95,1.06,1.72,62.34,1.88,3257804296.0,1560324312.0,0.04,0.13,2.81,13.72
884,301248,杰创智能,60.31,2.36,1.39,106185.0,644072949.38,4.84,61.85,59.0,61.46,58.92,0.79,9.45,305.31,6.07,9269948550.0,6774543897.0,0.07,-0.33,37.76,87.41
885,688626,翔宇医疗,60.9,2.35,1.4,22209.0,135436132.0,4.69,61.99,59.2,59.59,59.5,1.2,1.39,123.81,4.71,9744000000.0,9744000000.0,-0.1,-0.08,-21.69,0.66
886,603267,鸿远电子,53.53,2.35,1.23,69786.0,369698439.0,2.81,53.57,52.1,52.2,52.3,1.19,3.02,49.5,2.8,12369760149.0,12369760149.0,0.0,0.04,-2.46,-1.65
887,002985,北摩高科,37.85,2.35,0.87,122258.0,455094156.98,4.03,37.85,36.36,37.06,36.98,1.54,3.69,62.79,4.67,12560658760.0,12526057842.0,0.03,0.16,13.15,19.29
888,300517,海波重科,12.2,2.35,0.28,63322.0,76767586.8,5.29,12.4,11.77,11.91,11.92,1.52,5.02,1373.0,2.35,2445047469.0,1540178349.0,0.16,0.16,0.83,10.31
889,300875,捷强装备,41.45,2.35,0.95,44828.0,184354918.09,2.32,41.45,40.51,40.51,40.5,0.97,5.11,-133.83,4.38,4138150429.0,3638964680.0,0.0,0.07,-3.72,2.37
890,605020,永和股份,26.18,2.35,0.6,114479.0,298655575.0,2.5,26.41,25.77,25.8,25.58,1.53,2.28,18.55,2.25,13373234168.0,13166549980.0,-0.04,-0.11,-2.86,-2.64
891,603551,奥普科技,12.18,2.35,0.28,30054.0,36329847.0,3.53,12.24,11.82,11.86,11.9,0.7,0.79,19.06,3.46,4686165477.0,4626982857.0,0.16,0.16,8.46,5.09
892,300987,川网传媒,17.9,2.34,0.41,38161.0,67798188.76,2.69,17.92,17.45,17.5,17.49,1.21,2.2,150.44,3.86,3103287200.0,3103287200.0,0.11,0.06,-26.76,6.55
893,603158,腾龙股份,13.57,2.34,0.31,503148.0,687701067.0,5.96,13.99,13.2,13.21,13.26,1.03,10.25,34.97,2.87,6659750908.0,6659750908.0,-0.29,-0.29,27.3,28.02
894,002856,美芝股份,11.82,2.34,0.27,62145.0,72477219.22,5.28,12.01,11.4,11.45,11.55,1.08,5.02,-27.1,19.25,1599397391.0,1464550516.0,0.0,-0.08,-19.48,0.08
895,300868,杰美特,78.41,2.34,1.79,53959.0,425082316.82,5.35,81.0,76.9,78.15,76.62,0.81,6.68,-299.53,6.65,10032716320.0,6332666113.0,-0.11,-0.25,124.16,147.35
896,920208,青矩技术,24.15,2.33,0.55,21776.0,52861147.58,2.67,24.6,23.97,24.0,23.6,2.71,2.14,45.78,2.95,3231379979.0,2460369977.0,0.08,0.0,-9.58,-2.27
897,002628,成都路桥,5.7,2.33,0.13,1075988.0,611754090.4,6.46,5.91,5.55,5.86,5.57,3.57,14.27,-54.9,1.53,4315472366.0,4296573371.0,0.0,0.0,38.35,38.69
898,600435,北方导航,15.38,2.33,0.35,397912.0,609631462.0,3.59,15.46,14.92,15.03,15.03,1.63,2.63,192.85,7.97,23260062180.0,23260062180.0,-0.06,-0.13,-14.65,-0.26
899,301448,开创电气,39.57,2.33,0.9,10365.0,40893325.25,4.24,40.0,38.36,38.61,38.67,0.63,2.15,-296.68,6.07,4139022000.0,1910538525.0,-0.03,0.0,-13.68,-20.61
900,300033,同花顺,246.49,2.33,5.61,169078.0,4172877612.98,5.38,251.95,239.0,240.3,240.88,1.15,3.86,57.88,13.96,185518233600.0,108063906192.0,0.0,0.04,-9.94,8.83
901,600660,福耀玻璃,60.16,2.33,1.37,184588.0,1113613251.0,3.69,60.97,58.8,58.99,58.79,1.78,0.92,16.86,4.18,157002170885.0,120499657733.0,-0.1,-0.05,-1.91,-7.12
902,600703,三安光电,13.65,2.32,0.31,4371502.0,5958971553.0,4.35,13.92,13.34,13.5,13.34,1.64,8.76,576.46,1.93,68100105624.0,68100105624.0,0.0,0.0,-4.88,-3.4
903,603587,地素时尚,12.83,2.31,0.29,71341.0,90027095.0,5.42,12.9,12.22,12.54,12.54,3.85,1.5,23.36,1.68,6082610457.0,6082610457.0,0.08,0.08,-1.76,-3.97
904,600641,先导基电,24.85,2.31,0.56,763638.0,1890244849.0,5.43,25.33,24.01,24.22,24.29,1.59,8.21,-182.68,2.84,23126153512.0,23126153512.0,0.0,-0.04,29.02,40.87
905,601111,中国国航,7.08,2.31,0.16,1299793.0,912951464.0,2.31,7.08,6.92,6.93,6.92,1.7,1.12,-69.78,2.9,123534820680.0,82397815076.0,0.0,0.0,-17.1,-24.44
906,603313,梦百合,7.98,2.31,0.18,78518.0,62508047.0,4.49,8.09,7.74,7.81,7.8,1.61,1.38,21.22,1.24,4553283342.0,4553283342.0,-0.13,-0.13,-13.73,-10.34
907,920720,吉冈精密,12.85,2.31,0.29,31691.0,40461778.16,4.86,12.96,12.35,12.4,12.56,2.19,4.28,55.42,6.59,3403853719.0,951120673.0,1.34,1.34,-11.13,-8.54
908,603613,国联股份,28.44,2.3,0.64,140380.0,398829533.0,4.17,28.83,27.67,27.77,27.8,1.13,1.95,13.96,2.31,20492095402.0,20492095402.0,-0.18,-0.07,-7.27,1.57
909,603660,苏州科达,10.24,2.3,0.23,233366.0,238874117.0,5.0,10.48,9.98,10.02,10.01,1.08,4.08,-12.59,6.87,5896049111.0,5852085207.0,-0.1,-0.1,-9.7,-7.16
910,603218,日月股份,14.68,2.3,0.33,155738.0,226574069.0,3.48,14.72,14.22,14.31,14.35,1.7,1.51,26.12,1.48,15125409550.0,15091572150.0,0.0,0.07,8.42,10.79
911,002076,*ST星光,2.23,2.29,0.05,294759.0,65674973.2,3.67,2.26,2.18,2.19,2.18,1.15,2.83,579.23,7.85,2473347615.0,2324271537.0,0.0,0.0,3.72,10.95
912,000034,神州数码,37.53,2.29,0.84,278520.0,1053671101.37,3.43,38.36,37.1,37.92,36.69,1.48,4.59,52.03,2.47,27208920674.0,22755195980.0,-0.11,-0.13,-10.04,-3.55
913,300712,永福股份,28.62,2.29,0.64,30478.0,86855503.7,2.32,28.65,28.0,28.17,27.98,1.11,1.63,108.53,4.17,5367567522.0,5344499086.0,-0.03,-0.1,0.67,8.7
914,603900,莱绅通灵,7.59,2.29,0.17,103258.0,77401545.0,4.31,7.62,7.3,7.42,7.42,1.64,3.02,43.57,1.34,2603095546.0,2593873696.0,0.13,0.0,-17.23,-10.28
915,920407,驰诚股份,19.22,2.29,0.43,20321.0,39455375.99,5.11,19.75,18.79,19.38,18.79,2.37,5.85,87.45,6.01,1641080480.0,668104402.0,-0.05,0.31,-19.41,-23.4
916,002446,盛路通信,10.75,2.28,0.24,447503.0,477772200.1,3.14,10.78,10.45,10.51,10.51,1.24,5.28,87.79,3.87,9840719033.0,9113605932.0,0.0,0.09,-26.72,2.48
917,003816,中国广核,4.49,2.28,0.1,1660950.0,740432551.51,3.19,4.5,4.36,4.38,4.39,1.28,0.42,23.22,1.84,226739441142.0,176614764892.0,0.22,0.22,17.23,19.41
918,002739,儒意电影,10.3,2.28,0.23,643378.0,660800639.33,3.08,10.39,10.08,10.12,10.07,2.22,3.06,23.03,2.83,21751320692.0,21629098214.0,-0.1,0.0,-10.43,-9.01
919,603019,中科曙光,91.97,2.28,2.05,673754.0,6236627063.0,4.43,94.28,90.3,90.43,89.92,1.3,4.61,149.24,6.04,134562758654.0,134525150282.0,0.0,0.07,-1.15,7.48
920,301682,宏明电子,130.15,2.28,2.9,60919.0,789081648.24,4.32,132.1,126.6,127.5,127.25,0.94,23.72,49.63,4.2,15819648944.0,3343139753.0,0.01,-0.02,86.84,86.84
921,688325,赛微微电,124.5,2.28,2.78,18845.0,234411456.0,6.63,127.5,119.43,122.72,121.72,1.56,2.31,110.17,6.1,10724307368.0,10167350144.0,-0.08,-0.02,27.95,42.24
922,603365,水星家纺,21.05,2.28,0.47,12844.0,26866375.0,3.5,21.22,20.5,20.6,20.58,0.95,0.49,17.85,1.84,5525547115.0,5468838415.0,-0.09,-0.43,2.68,1.01
923,688639,华恒生物,28.7,2.28,0.64,39623.0,112559198.0,4.35,28.94,27.72,28.12,28.06,1.08,1.58,54.21,2.71,7178320389.0,7178320389.0,0.14,0.28,-24.63,-11.91
924,688196,卓越新能,61.32,2.27,1.36,21571.0,131790817.0,5.45,62.39,59.12,60.0,59.96,1.27,1.8,45.85,2.33,7799339549.0,7358400000.0,0.03,-0.11,-16.9,4.11
925,600365,ST通葡,3.15,2.27,0.07,65373.0,20239018.0,3.25,3.15,3.05,3.07,3.08,1.65,1.53,-31.05,6.49,1430194500.0,1345932000.0,0.32,0.0,-0.63,-3.08
926,000802,北京文化,4.05,2.27,0.09,142718.0,57649477.2,4.04,4.13,3.97,3.98,3.96,1.48,1.99,-7.12,4.59,2899396033.0,2897953220.0,0.0,0.25,-13.83,-10.99
927,301129,瑞纳智能,27.88,2.27,0.62,22981.0,63463359.89,3.34,27.91,27.0,27.5,27.26,1.2,3.47,-61.03,2.25,3788819512.0,1847956100.0,0.04,0.04,6.41,16.9
928,300238,冠昊生物,15.34,2.27,0.34,81571.0,125303455.0,4.8,15.6,14.88,14.99,15.0,1.48,3.08,167.07,7.14,4067488453.0,4067156818.0,-0.13,-0.2,-9.55,10.76
929,920403,康农种业,22.5,2.27,0.5,18841.0,42271987.54,4.18,22.83,21.91,22.22,22.0,1.58,3.19,27.84,3.99,2235624300.0,1329605550.0,-0.44,-0.44,-5.14,-1.27
930,688314,康拓医疗,47.6,2.26,1.05,23327.0,109673695.0,4.81,48.25,46.01,46.55,46.55,0.84,2.87,39.18,5.39,3866984587.0,3866984587.0,-0.23,0.15,21.93,43.98
931,600556,天下秀,6.34,2.26,0.14,569622.0,360358909.0,3.55,6.39,6.17,6.19,6.2,1.35,3.15,371.31,2.99,11461120050.0,11461120050.0,0.0,-0.16,-24.52,4.45
932,002130,沃尔核材,26.2,2.26,0.58,532243.0,1391269255.84,3.04,26.4,25.62,25.62,25.62,1.17,4.64,32.06,5.08,36677048884.0,30050149055.0,-0.15,0.04,-12.02,-0.46
933,688323,瑞华泰,22.19,2.26,0.49,59149.0,129922111.0,5.12,22.36,21.25,21.75,21.7,0.91,3.29,-45.59,4.67,3994239409.0,3994239409.0,-0.05,-0.14,-0.14,-1.42
934,688258,卓易信息,116.09,2.26,2.57,46529.0,543361058.0,6.86,119.8,112.01,114.17,113.52,1.04,3.84,176.37,15.66,14063402293.0,14063402293.0,-0.05,-0.15,-11.52,51.61
935,002616,长青集团,5.91,2.25,0.13,204603.0,119452286.18,3.81,5.92,5.7,5.77,5.78,1.71,3.48,18.12,1.4,5077968735.0,3472008384.0,-0.17,0.17,7.65,8.24
936,301050,雷电微力,50.93,2.25,1.12,77696.0,394157704.1,2.87,51.28,49.85,50.08,49.81,1.19,3.69,60.25,4.03,12590515869.0,10713923369.0,0.0,0.18,-17.29,-2.43
937,601988,中国银行,5.9,2.25,0.13,2580280.0,1512553844.0,3.12,5.92,5.74,5.75,5.77,1.34,0.12,7.82,0.71,1901053229703.0,1243516537591.0,0.0,0.0,8.66,2.97
938,002265,建设工业,22.76,2.25,0.5,124433.0,282209016.72,3.19,22.86,22.15,22.23,22.26,1.06,1.2,589.16,6.44,23511999663.0,23511999663.0,0.0,0.04,-15.86,-15.14
939,605089,味知香,25.93,2.25,0.57,23105.0,59199763.0,3.51,26.08,25.19,25.49,25.36,1.18,1.67,50.74,2.92,3578340000.0,3578340000.0,0.12,-0.23,-0.58,1.85
940,688184,ST帕瓦,10.5,2.24,0.23,7948.0,8226533.0,2.34,10.5,10.26,10.26,10.27,1.59,0.79,-2.39,1.54,1669998897.0,1055118897.0,1.45,1.25,9.03,13.15
941,000881,中广核技,7.76,2.24,0.17,96317.0,74359139.1,2.11,7.76,7.6,7.61,7.59,1.32,1.07,-54.03,1.4,7336504324.0,7012963044.0,0.0,0.0,-12.32,-14.25
942,301396,宏景科技,289.0,2.24,6.32,154004.0,4331762633.28,5.94,289.02,272.22,277.5,282.68,0.99,20.24,309.48,34.42,44366571083.0,21987430386.0,0.35,0.41,249.84,335.9
943,300416,苏试试验,18.73,2.24,0.41,214143.0,400868451.42,3.6,18.88,18.22,18.26,18.32,1.31,4.24,37.0,3.44,9525100406.0,9457791585.0,0.0,0.05,2.63,4.99
944,300446,航天智造,20.96,2.24,0.46,197376.0,411869616.15,2.88,21.12,20.53,20.53,20.5,1.42,5.28,20.11,3.0,17719795927.0,7829821184.0,-0.05,-0.05,-17.67,-17.28
945,603392,万泰生物,40.55,2.24,0.89,40557.0,163170434.0,3.48,40.78,39.4,39.5,39.66,1.28,0.32,-128.74,4.32,51271128202.0,51271128202.0,0.0,-0.02,-11.83,-9.77
946,300317,珈伟新能,5.01,2.24,0.11,638895.0,317998190.94,2.86,5.02,4.88,4.91,4.9,1.09,7.71,-75.88,2.67,4159243909.0,4152856159.0,0.0,0.0,27.16,30.47
947,002443,金洲管道,9.64,2.23,0.21,347985.0,334071852.87,6.15,9.86,9.28,9.64,9.43,1.14,6.7,36.43,1.45,5017962413.0,5007272154.0,0.0,-0.1,9.67,18.14
948,002493,荣盛石化,11.92,2.23,0.26,434163.0,516953869.21,3.95,12.04,11.58,11.77,11.66,0.79,0.46,100.52,2.73,119074151668.0,111597406168.0,0.08,0.0,0.59,1.79
949,301516,中远通,20.19,2.23,0.44,108246.0,215468411.32,3.59,20.24,19.53,19.66,19.75,1.04,15.43,-102.13,4.39,5667368433.0,1416842113.0,0.15,0.25,22.07,29.34
950,603086,先达股份,7.8,2.23,0.17,110523.0,85385616.0,2.36,7.8,7.62,7.62,7.63,1.83,2.54,12.99,1.57,3391542515.0,3391542515.0,0.0,0.26,-10.03,-5.11
951,002906,华阳集团,32.6,2.23,0.71,194537.0,629804456.84,5.24,33.22,31.55,31.86,31.89,1.95,3.71,21.89,2.45,17112360737.0,17102370206.0,-0.03,-0.09,-3.21,6.61
952,002825,纳尔股份,11.48,2.23,0.25,64200.0,73237462.04,2.76,11.49,11.18,11.18,11.23,0.87,2.5,56.56,2.36,3920823258.0,2946079269.0,0.09,0.0,6.39,-0.09
953,300015,爱尔眼科,9.67,2.22,0.21,847980.0,813588208.58,3.49,9.75,9.42,9.46,9.46,1.58,1.07,21.71,4.02,90176585799.0,76928311115.0,0.1,0.0,-17.14,-11.28
954,002235,安妮股份,9.67,2.22,0.21,353429.0,334514220.89,3.49,9.69,9.36,9.38,9.46,0.78,6.38,-3030.32,7.46,5604463986.0,5353102180.0,0.0,1.15,-13.43,-6.48
955,002189,中光学,20.7,2.22,0.45,63164.0,130367686.0,5.43,21.25,20.15,20.24,20.25,2.51,2.42,-21.19,10.27,5406824951.0,5406010365.0,0.0,0.05,-14.92,-10.35
956,300464,星徽股份,8.31,2.21,0.18,189234.0,154560689.0,4.06,8.31,7.98,8.11,8.13,0.86,5.33,1059.85,27.4,3804481400.0,2952897629.0,0.48,0.85,29.24,31.07
957,688390,固德威,89.27,2.21,1.93,108683.0,969201735.0,6.64,91.49,85.69,86.66,87.34,1.27,4.47,159.47,7.91,21698164112.0,21698164112.0,-0.02,0.07,23.32,43.68
958,301276,嘉曼服饰,25.48,2.21,0.55,17310.0,43569844.6,3.57,25.65,24.76,24.93,24.93,1.05,2.4,36.67,1.58,3302208000.0,1841378626.0,-0.16,-0.08,-9.58,-15.01
959,920415,恒拓开源,13.39,2.21,0.29,28167.0,37782254.22,4.73,13.62,13.0,13.18,13.1,1.43,2.6,75.83,3.38,1881448811.0,1449217683.0,-0.15,-0.22,-17.8,-4.97
960,300019,硅宝科技,20.41,2.2,0.44,124783.0,252396313.74,2.5,20.42,19.92,20.25,19.97,1.45,3.39,43.6,2.91,8023511847.0,7523328181.0,0.05,0.05,-8.68,-1.16
961,300346,南大光电,50.59,2.2,1.09,463904.0,2315532156.44,3.94,50.75,48.8,49.51,49.5,1.52,7.07,109.35,10.04,34965627723.0,33186536174.0,0.02,0.08,-19.38,17.93
962,601083,锦江航运,12.98,2.2,0.28,135430.0,175352871.0,3.54,13.11,12.66,12.71,12.7,1.23,6.98,11.2,1.78,16797677600.0,2519677600.0,-0.23,-0.15,11.51,16.31
963,002641,公元股份,4.19,2.2,0.09,178380.0,74984099.69,3.41,4.26,4.12,4.15,4.1,3.0,1.57,85.31,0.94,5149903319.0,4751437596.0,0.0,-0.24,-4.99,-3.01
964,301108,洁雅股份,28.05,2.19,0.6,16254.0,45127922.97,2.84,28.08,27.3,27.55,27.45,0.8,2.51,40.86,1.68,3157202869.0,1818577291.0,-0.11,0.0,-20.11,-15.66
965,000862,银星能源,6.53,2.19,0.14,418539.0,270299629.08,2.82,6.53,6.35,6.38,6.39,1.04,6.66,134.81,1.4,5994244165.0,4100625085.0,0.15,0.15,7.05,11.82
966,601615,明阳智能,17.3,2.19,0.37,1143582.0,1952670496.0,6.5,17.66,16.56,16.95,16.93,1.53,5.06,38.32,1.49,39123893014.0,39123893014.0,0.06,-0.06,-12.09,19.48
967,688409,富创精密,101.3,2.19,2.17,57942.0,582302984.0,7.91,104.38,96.54,99.22,99.13,1.05,1.89,-3320.79,6.91,31019151102.0,31019151102.0,-0.31,-0.29,24.04,50.3
968,002333,罗普斯金,6.06,2.19,0.13,569541.0,343445009.45,10.29,6.39,5.78,5.89,5.93,1.47,8.55,69.73,2.14,4090044288.0,4039047346.0,0.33,0.17,0.5,7.83
969,603286,日盈电子,64.31,2.19,1.38,41463.0,262130649.0,5.67,64.7,61.13,62.95,62.93,1.5,3.59,-144.02,9.32,7549732323.0,7422327782.0,0.0,0.02,-5.3,-7.01
970,000955,欣龙控股,5.14,2.19,0.11,139337.0,70917999.0,3.98,5.16,4.96,5.01,5.03,1.19,2.59,3853.75,4.27,2767350300.0,2766928178.0,0.0,0.0,-8.54,-17.36
971,301136,招标股份,16.31,2.19,0.35,79703.0,129164756.88,4.2,16.47,15.8,15.8,15.96,1.23,2.9,468.69,3.08,4488590614.0,4488590614.0,-0.06,-0.24,-18.16,-19.5
972,002420,毅昌科技,7.94,2.19,0.17,98748.0,77885102.96,2.57,7.94,7.74,7.77,7.77,1.17,2.47,64.32,5.3,3265642600.0,3172501239.0,0.13,0.25,3.39,3.25
973,002490,山东墨龙,8.88,2.19,0.19,456591.0,402307189.0,2.76,8.93,8.69,8.78,8.69,0.79,8.43,1374.21,14.23,7084893792.0,4810491360.0,0.0,-0.11,1.83,36.62
974,920992,中科美菱,15.9,2.19,0.34,22362.0,35543431.54,3.86,16.09,15.49,15.7,15.56,1.63,4.61,63.55,2.44,1538021851.0,771435930.0,0.13,0.44,-16.97,-8.57
975,301198,喜悦智行,14.52,2.18,0.31,24046.0,34448524.91,3.52,14.56,14.06,14.21,14.21,0.96,1.55,-395.23,2.69,2453880000.0,2258649307.0,0.07,0.21,-1.69,15.61
976,000652,泰达股份,4.24,2.17,0.09,203221.0,85552832.21,3.13,4.25,4.12,4.15,4.15,1.39,1.38,-21.87,1.16,6256433132.0,6251720402.0,0.0,0.24,0.24,1.92
977,600172,黄河旋风,8.96,2.17,0.19,1614846.0,1441464990.0,7.18,9.16,8.53,8.62,8.77,1.27,12.65,-18.54,13.09,12921972905.0,11435251520.0,0.0,0.0,46.41,56.92
978,601658,邮储银行,5.18,2.17,0.11,2332232.0,1198211487.0,2.56,5.19,5.06,5.07,5.07,1.87,0.32,7.12,0.62,622092377089.0,375694007134.0,-0.19,0.19,0.0,-2.81
979,000506,招金黄金,17.4,2.17,0.37,358635.0,622014206.28,4.87,17.66,16.83,16.9,17.03,0.96,3.86,21.56,18.18,16164909041.0,16159501121.0,0.0,0.0,17.57,33.23
980,920163,方大新材,13.16,2.17,0.28,14106.0,18764803.98,3.8,13.5,13.01,13.01,12.88,2.58,2.35,38.16,3.38,1693891506.0,790810523.0,-0.23,-0.3,-17.54,-9.05
981,300833,浩洋股份,35.0,2.16,0.74,18146.0,62766390.34,3.71,35.08,33.81,34.14,34.26,1.46,2.23,24.73,1.83,4427167500.0,2843941450.0,0.0,-0.06,-19.04,-13.96
982,000722,湖南发展,13.7,2.16,0.29,284688.0,386938387.21,2.91,13.74,13.35,13.35,13.41,1.13,6.13,88.15,2.02,6358968463.0,6358968463.0,0.0,-0.07,12.76,16.1
983,002439,启明星辰,15.63,2.16,0.33,671659.0,1045095697.31,4.05,15.8,15.18,15.4,15.3,1.13,9.22,-33.08,1.75,18934185204.0,11388005512.0,-0.06,0.26,-0.82,10.69
984,605399,晨光新材,15.16,2.16,0.32,46060.0,69285890.0,2.49,15.21,14.84,15.02,14.84,1.18,1.48,-105.06,2.21,4733032772.0,4722754292.0,0.0,-0.07,10.25,12.13
985,603110,东方材料,18.02,2.15,0.38,96684.0,172347791.0,3.91,18.11,17.42,17.78,17.64,0.96,4.8,851.86,5.21,3626105711.0,3626105711.0,-0.17,-0.17,8.62,12.2
986,688050,爱博医疗,51.33,2.15,1.08,21475.0,109472030.0,3.1,51.55,49.99,50.11,50.25,1.55,1.11,37.4,3.56,9927384973.0,9927384973.0,-0.06,-0.04,-20.28,-15.38
987,301269,华大九天,87.7,2.15,1.85,69022.0,606573197.71,4.76,89.62,85.53,85.88,85.85,1.55,1.27,3959.72,9.21,47834878222.0,47834878222.0,0.02,0.05,-24.25,-17.52
988,002342,巨力索具,19.47,2.15,0.41,2775632.0,5376625652.11,6.3,20.0,18.8,19.2,19.06,1.02,29.07,1071.97,7.66,18691200000.0,18587814300.0,0.0,-0.51,54.52,111.63
989,000975,山金国际,30.37,2.15,0.64,267659.0,818260534.29,4.78,31.01,29.59,29.68,29.73,1.15,1.06,28.38,5.65,84329055188.0,76758123233.0,0.0,-0.07,6.37,24.83
990,000681,视觉中国,21.47,2.14,0.45,330845.0,708818912.88,3.9,21.62,20.8,21.07,21.02,1.59,4.89,181.16,4.16,15041397551.0,14516619373.0,0.0,0.0,-38.85,-9.83
991,688238,和元生物,7.15,2.14,0.15,94652.0,67742293.0,3.71,7.22,6.96,6.99,7.0,1.14,1.48,-19.74,3.3,4640612405.0,4584191755.0,0.0,0.14,-6.54,7.36
992,600876,凯盛新能,10.02,2.14,0.21,98776.0,98755682.0,4.38,10.17,9.74,9.83,9.81,0.81,2.5,-7.08,2.09,6469663129.0,3964663129.0,0.0,0.0,0.7,1.62
993,688311,盟升电子,40.11,2.14,0.84,51171.0,204787152.0,3.72,40.5,39.04,39.04,39.27,1.15,2.94,-431.14,4.03,6970789940.0,6970789940.0,0.02,0.02,-18.49,-12.04
994,300164,通源石油,13.86,2.14,0.29,906488.0,1249081637.0,2.73,13.95,13.58,13.59,13.57,0.75,15.54,222.72,5.81,8156036598.0,8083301383.0,0.29,0.14,71.96,151.09
995,002345,潮宏基,11.02,2.13,0.23,159885.0,175401839.02,2.97,11.08,10.76,10.82,10.79,1.13,1.84,19.7,2.6,9791410031.0,9556867602.0,-0.09,0.0,-14.24,-11.84
996,001296,长江材料,25.88,2.13,0.54,45936.0,119622568.72,5.96,26.76,25.25,25.39,25.34,2.32,5.98,25.54,2.17,3871417306.0,1988912653.0,-0.04,-0.04,-6.2,-1.48
997,300878,维康药业,27.28,2.13,0.57,24241.0,65470322.2,4.46,27.57,26.38,27.0,26.71,1.29,1.68,-23.92,3.9,3949879984.0,3931701602.0,0.0,-0.11,-14.99,6.94
998,301367,瑞迈特,70.59,2.13,1.47,10002.0,70152777.99,2.42,70.67,69.0,69.2,69.12,1.78,1.43,26.35,2.12,6324864000.0,4937316112.0,0.03,0.01,-23.55,-17.64
999,603886,元祖股份,13.4,2.13,0.28,62489.0,83897637.0,2.97,13.61,13.22,13.27,13.12,1.54,2.6,23.04,2.07,3216000000.0,3216000000.0,0.0,-0.15,-4.08,-4.08
1000,300206,理邦仪器,14.92,2.12,0.31,87368.0,128449138.0,4.04,14.99,14.4,14.56,14.61,1.23,2.58,28.3,3.94,8648577122.0,5048623110.0,-0.27,-0.33,1.02,16.65
1001,300748,金力永磁,33.7,2.12,0.7,381296.0,1271316600.36,3.21,33.8,32.74,32.93,33.0,1.31,3.37,65.7,6.28,46357359309.0,38082068054.0,0.0,0.03,-8.2,-1.2
1002,300650,太龙股份,16.41,2.12,0.34,83285.0,134863325.62,3.05,16.41,15.92,16.13,16.07,0.81,4.89,77.45,2.82,3961417848.0,2795367046.0,0.0,0.18,-4.54,-0.91
1003,002322,理工能科,14.42,2.12,0.3,85994.0,124221688.0,3.33,14.57,14.1,14.14,14.12,1.22,2.45,24.54,1.94,5270913327.0,5067183371.0,0.0,0.07,10.41,20.07
1004,603387,基蛋生物,9.66,2.11,0.2,192036.0,184230216.0,3.28,9.67,9.36,9.4,9.46,0.55,3.79,22.89,1.82,4899102974.0,4899102974.0,0.0,0.1,12.2,15.41
1005,688329,艾隆科技,24.65,2.11,0.51,14845.0,36125976.0,2.82,24.69,24.01,24.11,24.14,0.9,1.92,-20.58,2.52,1902980000.0,1902980000.0,0.37,0.24,5.34,15.78
1006,002303,美盈森,3.41,2.1,0.07,232389.0,78353024.04,2.69,3.41,3.32,3.34,3.34,1.45,2.4,20.01,1.17,5221813766.0,3297064404.0,0.29,0.0,-15.59,-15.38
1007,002159,三特索道,17.5,2.1,0.36,43691.0,75404233.0,3.5,17.53,16.93,17.08,17.14,0.9,3.16,21.65,2.12,3102773188.0,2423269853.0,0.06,0.06,12.04,14.16
1008,920768,拾比佰,12.66,2.1,0.26,37906.0,48182532.62,5.24,12.94,12.29,12.37,12.4,1.37,4.96,26.01,1.99,1404880200.0,968417661.0,-0.16,0.32,-3.95,5.06
1009,002768,国恩股份,51.5,2.1,1.06,33110.0,170009645.94,2.99,51.96,50.45,50.6,50.44,1.02,1.87,18.44,2.44,15514375000.0,9102528438.0,0.0,-0.12,-8.2,-2.24
1010,688055,龙腾光电,4.37,2.1,0.09,175936.0,77086505.0,4.44,4.44,4.25,4.27,4.28,0.95,0.53,-69.96,3.58,14566666958.0,14566666958.0,0.46,0.0,16.84,21.39
1011,301628,强达电路,112.99,2.09,2.31,28002.0,316616753.85,4.32,114.6,109.82,111.0,110.68,1.15,10.05,70.45,7.27,8516711642.0,3149686642.0,0.0,-0.02,16.74,27.31
1012,001914,招商积余,10.28,2.09,0.21,111930.0,114496016.72,3.18,10.33,10.01,10.05,10.07,1.44,1.06,16.55,1.01,10832240140.0,10832201076.0,-0.29,-0.19,-8.87,-3.75
1013,300345,华民股份,6.84,2.09,0.14,264969.0,180485359.3,3.43,6.88,6.65,6.69,6.7,0.91,5.53,-28.98,7.62,3968773494.0,3278735484.0,0.0,0.0,7.38,9.09
1014,600089,特变电工,27.89,2.09,0.57,2168589.0,5938315457.0,4.36,28.0,26.81,27.34,27.32,1.16,4.29,23.67,2.02,140922384805.0,140922384805.0,0.04,0.04,-2.11,25.52
1015,000751,锌业股份,5.89,2.08,0.12,1384698.0,823314471.53,4.85,6.12,5.84,6.1,5.77,2.01,9.82,138.8,2.64,9516064205.0,8304127108.0,-0.17,0.0,21.95,44.01
1016,920204,沪江材料,16.16,2.08,0.33,17031.0,27628147.19,7.58,16.47,15.27,15.83,15.83,2.55,3.41,73.02,3.1,1523690800.0,807850407.0,0.0,-0.25,-13.68,-8.96
1017,688072,拓荆科技,398.44,2.08,8.1,48294.0,1906935176.0,6.19,404.69,380.51,388.0,390.34,0.93,1.71,121.2,17.01,112636203701.0,112636203701.0,0.0,0.17,7.1,20.74
1018,600370,三房巷,2.45,2.08,0.05,563133.0,137189847.0,2.08,2.46,2.41,2.41,2.4,0.91,1.4,-15.82,1.93,9844668581.0,9844668581.0,0.0,0.41,-4.3,8.41
1019,300581,晨曦航空,13.22,2.08,0.27,137500.0,180671270.26,3.01,13.29,12.9,12.96,12.95,1.51,2.5,-124.58,7.61,7272448198.0,7272448198.0,-0.08,-0.08,-19.73,-19.83
1020,301011,华立科技,22.59,2.08,0.46,35093.0,80046709.54,4.56,23.18,22.17,22.2,22.13,1.35,2.39,50.5,3.63,3486833344.0,3310956640.0,-0.04,0.0,-19.89,-12.07
1021,000852,石化机械,6.87,2.08,0.14,122986.0,83774040.44,2.67,6.88,6.7,6.7,6.73,0.9,1.3,715.35,2.09,6567498023.0,6498149681.0,0.15,0.0,-12.37,-5.5
1022,300162,雷曼光电,9.88,2.07,0.2,399649.0,392976148.99,3.62,9.96,9.61,9.67,9.68,1.43,11.68,350.59,4.64,4144759096.0,3380558386.0,-0.2,0.0,18.04,21.53
1023,300199,翰宇药业,21.69,2.07,0.44,545224.0,1177448350.25,4.85,21.98,20.95,21.0,21.25,1.07,7.31,201.37,29.51,19157504578.0,16174186258.0,0.0,0.09,4.78,21.17
1024,002930,宏川智慧,13.8,2.07,0.28,98488.0,135673046.36,5.55,14.1,13.35,13.63,13.52,1.38,2.27,-124.17,2.71,6313362055.0,5980082271.0,-0.14,0.15,28.37,23.99
1025,002992,宝明科技,52.75,2.07,1.07,24322.0,127857955.0,3.39,53.18,51.43,51.68,51.68,1.51,1.54,-1424.18,13.01,9540820496.0,8336583731.0,0.04,0.06,12.5,10.8
1026,600039,四川路桥,9.87,2.07,0.2,230222.0,227038571.0,3.83,10.02,9.65,9.69,9.67,1.32,0.26,12.15,1.73,85825479666.0,85825479666.0,-0.1,0.0,-3.42,-0.8
1027,600346,恒力石化,23.81,2.06,0.48,317558.0,760038413.0,5.36,24.55,23.3,23.54,23.33,0.74,0.45,23.69,2.51,167600965905.0,167600965905.0,-0.13,0.0,0.25,5.68
1028,603333,尚纬股份,7.92,2.06,0.16,86950.0,68245947.0,2.96,7.95,7.72,7.77,7.76,1.13,1.4,-104.08,2.41,4922498481.0,4922498481.0,0.0,0.0,-5.94,-5.15
1029,300036,超图软件,16.32,2.06,0.33,129837.0,211155413.9,2.06,16.36,16.03,16.03,15.99,1.33,2.96,171.67,3.01,8041951189.0,7155957321.0,-0.06,-0.06,-20.7,-10.13
1030,300638,广和通,26.32,2.06,0.53,154382.0,404906596.61,3.02,26.48,25.7,25.79,25.79,1.23,2.91,68.2,3.78,23668677014.0,13961409363.0,0.0,0.04,-18.92,-11.2
1031,920832,齐鲁华信,6.98,2.05,0.14,26210.0,18276957.01,4.24,7.09,6.8,6.84,6.84,2.66,2.12,-202.48,1.31,968571778.0,860924263.0,-0.14,0.29,-9.59,-3.86
1032,000972,*ST中基,3.99,2.05,0.08,123804.0,48806276.0,3.32,4.01,3.88,3.92,3.91,0.85,1.61,-66.57,117.81,3077421480.0,3077421480.0,-0.25,0.0,1.27,1.79
1033,605077,华康股份,15.02,2.04,0.3,52096.0,78171759.0,3.33,15.17,14.68,14.72,14.72,1.14,1.74,20.27,1.51,4551810910.0,4497431000.0,0.0,0.2,-3.53,1.62
1034,000582,北部湾港,11.0,2.04,0.22,347049.0,379442618.17,2.88,11.03,10.72,10.76,10.78,1.29,1.61,26.67,1.37,27687929280.0,23725330453.0,0.0,0.09,17.4,17.27
1035,601519,大智慧,10.99,2.04,0.22,289118.0,316737068.0,2.69,11.04,10.75,10.8,10.77,1.24,1.45,-496.55,16.36,21860868400.0,21860868400.0,-0.09,0.0,-23.94,-14.61
1036,300127,银河磁体,31.05,2.04,0.62,64286.0,199170392.0,2.56,31.24,30.46,30.49,30.43,1.11,2.79,56.46,6.62,10033694478.0,7166841147.0,-0.03,-0.06,-8.05,2.37
1037,301275,汉朔科技,42.5,2.04,0.85,47911.0,202147391.4,3.0,42.76,41.51,41.66,41.65,1.15,1.63,42.83,4.49,17952000000.0,12475296065.0,-0.05,-0.14,-46.2,-20.44
1038,300115,长盈精密,34.58,2.04,0.69,599003.0,2059258784.8,2.86,34.87,33.9,34.39,33.89,1.6,4.41,78.76,5.64,47074856514.0,46936009446.0,-0.06,-0.03,-16.47,-25.63
1039,300081,ST恒信,3.52,2.03,0.07,363486.0,127598500.45,3.48,3.55,3.43,3.43,3.45,1.08,6.01,-10.55,2.0,2128879868.0,2128557524.0,0.0,0.0,-39.73,-32.18
1040,002544,普天科技,27.63,2.03,0.55,148211.0,407978746.94,2.99,27.79,26.98,27.12,27.08,1.22,2.18,803.24,5.03,18803151381.0,18801359741.0,0.0,0.04,-21.71,-19.89
1041,300295,三六五网,10.54,2.03,0.21,84333.0,87273057.0,3.97,10.55,10.14,10.24,10.33,0.9,5.03,-225.95,1.77,1998528546.0,1765722860.0,0.19,0.09,-23.23,-15.88
1042,605001,威奥股份,7.53,2.03,0.15,53403.0,39806627.0,3.12,7.53,7.3,7.42,7.38,1.21,1.36,35.34,1.1,2958431580.0,2958431580.0,0.13,0.13,-3.09,-1.31
1043,920642,通易航天,13.08,2.03,0.26,36629.0,47881651.51,5.23,13.3,12.63,12.78,12.82,1.56,3.66,-39.56,6.17,1356007236.0,1307435964.0,0.08,-0.08,-26.06,-22.37
1044,920693,阿为特,29.75,2.02,0.59,29688.0,89976640.15,9.16,31.66,28.99,29.05,29.16,2.64,8.11,580.33,6.17,2162825000.0,1089147500.0,-0.13,-0.34,-29.25,-24.36
1045,600319,亚星化学,7.59,2.02,0.15,48731.0,36716845.0,5.38,7.69,7.29,7.29,7.44,1.2,1.26,-15.33,7.3,2942714225.0,2942714225.0,-0.26,0.0,-3.44,-18.21
1046,301363,美好医疗,26.73,2.02,0.53,72228.0,191709701.55,3.55,26.88,25.95,26.1,26.2,1.12,1.94,67.06,4.02,15205926641.0,9975716404.0,0.04,-0.22,-22.61,11.14
1047,688372,伟测科技,155.5,2.02,3.08,63888.0,1002840779.0,3.81,159.82,154.02,154.02,152.42,0.79,3.81,86.94,7.79,26087404786.0,26087404786.0,0.0,0.15,18.24,42.54
1048,688583,思看科技,121.7,2.02,2.41,26837.0,323324115.0,10.52,127.88,115.33,118.2,119.29,1.51,8.71,112.67,9.15,10758280000.0,3748778891.0,0.25,0.33,21.34,30.59
1049,603112,华翔股份,20.66,2.02,0.41,123319.0,253492988.0,3.7,20.81,20.06,20.27,20.25,0.84,2.31,20.0,2.56,11155602545.0,11044971137.0,0.05,0.05,4.93,18.94
1050,688035,德邦科技,65.49,2.01,1.29,114118.0,764655516.0,12.04,69.95,62.22,62.73,64.2,1.88,8.02,86.57,4.01,9315297600.0,9315297600.0,-0.17,0.37,27.54,35.73
1051,603515,欧普照明,20.77,2.01,0.41,26191.0,54434950.0,3.34,21.03,20.35,20.35,20.36,1.2,0.36,20.07,2.32,15436429101.0,15293533993.0,0.0,0.0,11.85,13.62
1052,603633,徕木股份,8.61,2.01,0.17,181323.0,153735688.0,3.44,8.63,8.34,8.52,8.44,1.05,4.25,216.85,1.9,3674841143.0,3674841143.0,0.12,1.18,-12.94,-15.0
1053,603216,梦天家居,30.91,2.01,0.61,63533.0,196006546.0,4.52,31.49,30.12,30.59,30.3,0.66,2.85,91.69,3.84,6883347900.0,6883347900.0,-0.13,-0.45,-30.83,-34.23
1054,300933,中辰股份,8.12,2.01,0.16,126201.0,101641959.84,3.02,8.15,7.91,7.96,7.96,0.95,2.31,107.62,2.1,4442374486.0,4442374486.0,-0.12,-0.12,-9.17,-2.05
1055,300640,德艺文创,7.11,2.01,0.14,65750.0,46106976.5,2.87,7.12,6.92,6.97,6.97,0.76,2.98,116.35,2.72,2211163266.0,1569526314.0,0.0,0.28,-11.46,-8.14
1056,001238,浙江正特,47.53,2.0,0.93,5786.0,27423905.0,3.69,47.85,46.13,46.66,46.6,0.92,0.56,86.8,4.64,5267274600.0,4927296978.0,0.06,0.0,-9.9,-3.79
1057,600726,华电能源,4.58,2.0,0.09,1411774.0,642500169.0,2.67,4.59,4.47,4.49,4.49,0.56,1.89,101.66,8.81,36215599842.0,34237039833.0,0.0,0.22,87.7,91.63
1058,002599,盛通股份,7.15,2.0,0.14,99825.0,70579737.0,2.57,7.15,6.97,7.01,7.01,1.23,2.51,329.32,3.08,3808660477.0,2845748162.0,0.28,0.14,-19.48,-16.28
1059,603990,麦迪科技,15.29,2.0,0.3,163023.0,250265526.0,5.47,15.7,14.88,15.07,14.99,1.51,5.32,119.59,5.61,4683062957.0,4683062957.0,0.0,-0.07,-6.08,0.79
1060,000825,太钢不锈,4.6,2.0,0.09,593907.0,273969622.68,4.66,4.71,4.5,4.51,4.51,1.92,1.04,34.6,0.79,26202739862.0,26202739862.0,-0.22,0.0,-14.34,-5.93
1061,600025,华能水电,9.7,2.0,0.19,331487.0,320372622.0,2.21,9.72,9.51,9.51,9.51,1.23,0.18,17.98,2.63,180721614293.0,180721614293.0,-0.1,0.0,5.9,6.83
1062,000408,藏格矿业,86.54,1.99,1.69,190829.0,1661183805.54,2.71,88.5,86.2,87.0,84.85,1.29,1.22,21.59,7.7,135887335972.0,135885908062.0,0.0,0.13,-2.87,4.39
1063,002566,益盛药业,7.68,1.99,0.15,86318.0,65411414.3,3.32,7.68,7.43,7.54,7.53,1.11,3.72,87.65,1.14,2541708288.0,1780150794.0,0.13,0.26,-2.54,0.66
1064,002716,湖南白银,12.32,1.99,0.24,1664595.0,2049073777.51,2.9,12.44,12.09,12.09,12.08,1.07,7.16,102.24,9.84,34780452119.0,28642204114.0,-0.08,0.0,16.89,78.03
1065,600765,中航重机,16.91,1.99,0.33,236187.0,397203426.0,2.05,16.94,16.6,16.6,16.58,1.17,1.52,43.12,1.87,26252676127.0,26252676127.0,-0.06,0.12,-14.73,-11.74
1066,688569,铁科轨道,20.97,1.99,0.41,16750.0,34932340.0,3.11,21.11,20.47,20.58,20.56,1.7,0.8,25.79,1.5,4417680699.0,4417680699.0,0.0,0.0,-4.12,-4.55
1067,300733,西菱动力,18.41,1.99,0.36,59605.0,108395383.22,3.43,18.42,17.8,17.83,18.05,0.98,2.64,55.71,3.29,5627500315.0,4151160109.0,0.11,0.05,-5.2,-2.02
1068,603127,昭衍新药,37.66,1.98,0.73,264556.0,993999888.0,4.87,38.2,36.4,36.6,36.93,0.65,4.2,94.75,3.39,28220453965.0,23739094507.0,0.0,-0.05,-12.05,7.57
1069,301141,中科磁业,54.59,1.98,1.06,39308.0,213098358.05,3.68,55.08,53.11,53.38,53.53,1.25,8.83,150.69,5.3,6770939907.0,2429943107.0,0.02,0.0,-7.07,4.54
1070,600160,巨化股份,34.46,1.98,0.67,426287.0,1478445590.0,5.09,35.3,33.58,33.9,33.79,1.13,1.58,21.48,4.55,93033249951.0,93033249951.0,-0.17,-0.06,-6.92,-9.88
1071,688187,时代电气,52.29,1.97,1.01,51917.0,270323857.0,2.69,52.58,51.2,51.4,51.28,1.17,0.6,17.33,1.67,71007122463.0,45435173802.0,0.04,0.0,-0.87,1.95
1072,300471,厚普股份,13.43,1.97,0.26,107589.0,144205183.92,2.89,13.51,13.13,13.15,13.17,0.98,2.94,804.89,4.03,6314231757.0,4922793172.0,0.07,0.0,-2.96,6.59
1073,300128,锦富技术,6.22,1.97,0.12,339605.0,210998122.95,2.95,6.29,6.11,6.14,6.1,1.51,2.62,-36.76,12.22,8080497863.0,8071799970.0,-0.16,0.0,-20.66,-14.79
1074,002195,岩山科技,9.33,1.97,0.18,2208521.0,2049729487.39,2.73,9.35,9.1,9.14,9.15,1.46,3.94,217.35,5.3,52906275314.0,52259771773.0,0.0,0.11,-21.4,31.59
1075,000801,四川九洲,14.47,1.97,0.28,139434.0,201101601.4,2.33,14.55,14.22,14.25,14.19,1.19,1.37,82.09,4.73,14706219263.0,14701059029.0,-0.07,0.0,-14.98,-14.68
1076,002391,长青股份,6.21,1.97,0.12,83496.0,51386389.26,3.78,6.26,6.03,6.1,6.09,1.13,1.8,57.86,0.95,4033969736.0,2882190236.0,-0.16,-0.48,2.31,4.72
1077,605499,东鹏饮料,203.71,1.96,3.91,41496.0,842110172.0,3.72,205.74,198.3,199.9,199.8,0.76,0.8,26.06,11.24,115049031877.0,105931848230.0,0.0,0.09,-25.07,-23.82
1078,002961,瑞达期货,24.43,1.96,0.47,138452.0,337594601.33,5.26,25.0,23.74,25.0,23.96,1.34,2.9,21.3,3.15,11651483768.0,11651428801.0,-0.04,-0.12,-0.53,-9.75
1079,688285,高铁电气,8.85,1.96,0.17,39730.0,35066420.0,3.8,8.96,8.63,8.68,8.68,1.25,1.06,64.71,1.97,3330165730.0,3330165730.0,0.0,0.11,-5.35,1.96
1080,600121,郑州煤电,4.17,1.96,0.08,391610.0,161875146.0,2.44,4.18,4.08,4.1,4.09,0.93,3.21,-5.48,5.42,5080778198.0,5080778198.0,0.24,0.0,-5.66,0.0
1081,603291,联合水务,11.98,1.96,0.23,51579.0,61548932.0,3.32,12.05,11.66,11.7,11.75,1.2,1.22,62.07,2.86,5070182836.0,5070182836.0,0.08,0.08,6.3,24.27
1082,002207,准油股份,7.28,1.96,0.14,205044.0,147796114.24,3.78,7.35,7.08,7.15,7.14,0.7,7.86,-44.9,53.85,1907763152.0,1898710632.0,0.0,0.14,-19.29,-1.62
1083,920445,龙竹科技,10.4,1.96,0.2,28182.0,29263770.88,3.33,10.48,10.14,10.2,10.2,1.77,2.67,62.54,5.06,1538087460.0,1097326526.0,0.1,0.19,-12.24,-10.73
1084,300414,中光防雷,14.57,1.96,0.28,98976.0,143750064.01,2.38,14.64,14.3,14.3,14.29,1.31,3.16,273.24,4.79,4750103620.0,4568275323.0,0.14,0.07,-10.01,-2.54
1085,300839,博汇股份,15.09,1.96,0.29,99720.0,149772934.23,4.59,15.28,14.6,14.7,14.8,0.72,3.44,-75.6,5.87,4451000347.0,4371407870.0,-0.07,0.2,26.49,25.33
1086,300398,飞凯材料,29.82,1.95,0.57,430825.0,1289688718.66,3.04,30.41,29.52,29.92,29.25,1.0,7.64,43.59,3.44,16906343139.0,16814014187.0,0.03,0.03,13.86,33.07
1087,603182,嘉华股份,15.14,1.95,0.29,48510.0,72624259.0,3.3,15.18,14.69,14.91,14.85,0.62,2.95,22.74,2.28,2491287000.0,2491287000.0,-0.07,0.13,-4.18,-4.3
1088,920556,雅达股份,9.93,1.95,0.19,45486.0,45248144.06,3.9,10.07,9.69,9.72,9.74,2.34,3.87,57.83,3.04,1601859936.0,1166762727.0,0.0,0.0,-11.1,-1.29
1089,300626,华瑞股份,28.75,1.95,0.55,119722.0,341591275.9,5.0,29.07,27.66,28.39,28.2,0.95,6.65,284.2,9.78,5175000000.0,5172168844.0,0.14,0.35,65.13,80.7
1090,000798,中水渔业,10.44,1.95,0.2,97271.0,100946739.05,1.66,10.45,10.28,10.36,10.24,1.27,2.66,45.6,8.82,3819564953.0,3819330053.0,0.0,0.0,-4.74,-1.32
1091,920781,瑞奇智造,7.86,1.95,0.15,27286.0,21533738.3,5.06,8.02,7.63,7.71,7.71,2.12,2.67,-26.06,3.36,1214897044.0,802655379.0,0.13,0.26,-19.71,-12.28
1092,001330,博纳影业,8.39,1.94,0.16,2231347.0,1869718997.86,6.2,8.65,8.14,8.37,8.23,2.19,16.23,-7.8,2.75,11532214276.0,11532214276.0,0.0,0.0,-6.15,10.39
1093,002225,濮耐股份,5.77,1.94,0.11,206602.0,119755250.19,4.06,5.86,5.63,5.65,5.66,1.45,2.12,52.88,1.62,6688809878.0,5621000396.0,0.0,0.0,-2.86,1.23
1094,600348,华阳股份,9.48,1.94,0.18,438924.0,412398001.0,2.47,9.49,9.26,9.3,9.3,1.51,1.22,22.82,1.24,34199100000.0,34199100000.0,0.11,0.11,13.94,14.77
1095,002323,雅博股份,2.1,1.94,0.04,961232.0,201150236.5,3.4,2.12,2.05,2.05,2.06,0.89,4.53,-55.38,12.74,4453795798.0,4452802040.0,0.0,0.0,25.75,28.05
1096,920128,胜业电气,25.7,1.94,0.49,7689.0,19803497.51,2.74,25.98,25.29,25.5,25.21,1.6,2.01,112.09,4.05,2086583000.0,982639500.0,0.08,0.16,-15.54,-7.89
1097,002366,融发核电,7.36,1.94,0.14,486901.0,355057621.52,2.49,7.36,7.18,7.2,7.22,1.43,2.63,-156.72,3.35,15315701030.0,13618626232.0,0.0,0.14,-11.33,-2.0
1098,605018,长华集团,12.68,1.93,0.24,82304.0,104293686.0,3.46,12.84,12.41,12.49,12.44,0.91,1.75,73.37,2.2,5960434255.0,5960434255.0,0.0,0.0,11.13,9.5
1099,300886,华业香料,29.57,1.93,0.56,19328.0,56841301.19,3.96,29.88,28.73,29.03,29.01,1.31,4.43,73.2,3.75,2211776860.0,1290621091.0,0.03,0.07,8.35,14.13
1100,688182,灿勤科技,32.71,1.93,0.62,78994.0,258524615.0,4.27,33.34,31.97,32.18,32.09,1.38,1.97,108.7,5.75,13084000000.0,13084000000.0,-0.03,-0.06,-7.23,10.96
1101,300062,中能电气,7.92,1.93,0.15,196857.0,154717748.15,2.57,7.92,7.72,7.76,7.77,1.05,4.29,731.91,3.65,4989103970.0,3630910140.0,0.13,0.0,-21.58,-4.92
1102,301262,海看股份,23.93,1.92,0.45,50372.0,119893575.87,3.19,24.03,23.28,23.44,23.48,1.37,4.13,23.45,2.6,9978810000.0,2921264131.0,-0.04,-0.08,-12.44,-1.81
1103,603885,吉祥航空,12.24,1.92,0.23,181051.0,219851916.0,3.16,12.29,11.91,11.99,12.01,1.33,0.83,18.4,2.72,26732224480.0,26732224480.0,0.0,0.08,-17.07,-17.74
1104,600100,同方股份,8.49,1.92,0.16,513205.0,435256589.0,3.72,8.59,8.28,8.32,8.33,1.12,1.53,64.76,1.76,28444027583.0,28444027583.0,-0.24,-0.24,-13.28,-4.82
1105,300670,大烨智能,6.37,1.92,0.12,86078.0,54174364.5,3.36,6.37,6.16,6.18,6.25,0.93,3.83,-21.33,3.54,2018783451.0,1431302220.0,0.0,0.31,-6.32,-10.41
1106,605100,华丰股份,48.98,1.91,0.92,46249.0,225263361.0,3.54,49.25,47.55,48.0,48.06,1.17,2.72,366.99,4.65,8362355400.0,8323269360.0,0.12,0.12,3.33,8.92
1107,300275,梅安森,11.29,1.9,0.21,43687.0,48817054.2,2.17,11.29,11.05,11.09,11.08,1.31,1.61,65.87,3.69,3477377218.0,3064799804.0,0.09,0.09,-17.59,-15.18
1108,603058,永吉股份,12.31,1.9,0.23,98194.0,121138547.0,4.14,12.58,12.08,12.11,12.08,1.07,2.37,38.76,4.14,5104804418.0,5091871039.0,-0.08,0.24,28.23,31.38
1109,600692,亚通股份,7.5,1.9,0.14,85141.0,63307635.0,2.72,7.54,7.34,7.41,7.36,0.85,3.34,183.3,2.73,2638230480.0,1912578878.0,0.0,-0.13,4.46,6.99
1110,688758,赛分科技,21.47,1.9,0.4,56286.0,120670817.0,5.03,21.95,20.89,21.4,21.07,1.0,1.89,70.74,6.61,8941483883.0,6402003438.0,-0.09,-0.42,11.65,21.09
1111,000925,众合科技,7.5,1.9,0.14,139187.0,104327140.56,2.31,7.55,7.38,7.43,7.36,1.19,2.07,-82.32,1.54,5072773935.0,5049332310.0,-0.13,-0.13,-13.99,-16.48
1112,601106,中国一重,4.3,1.9,0.08,799188.0,341219394.0,3.55,4.33,4.18,4.2,4.22,1.5,1.17,-281.38,5.59,29488466586.0,29488466586.0,-0.23,0.0,-27.61,7.77
1113,002967,广电计量,22.57,1.9,0.42,190520.0,426003722.33,3.16,22.65,21.95,22.5,22.15,2.16,3.48,33.88,3.65,14383408517.0,12350906416.0,0.09,0.31,-4.69,2.54
1114,920639,晨光电缆,8.06,1.9,0.15,45644.0,36997220.2,3.79,8.23,7.93,7.94,7.91,2.0,3.84,88.86,1.91,1624896000.0,957154290.0,0.0,0.0,-4.95,1.0
1115,300828,锐新科技,22.03,1.9,0.41,78623.0,173856707.0,3.98,22.45,21.59,21.7,21.62,0.88,9.32,112.47,4.68,3666276660.0,1858656009.0,0.09,-0.05,26.1,30.9
1116,001260,坤泰股份,21.43,1.9,0.4,21648.0,46074182.0,4.56,21.7,20.74,21.04,21.03,1.81,1.88,49.49,2.98,2464450000.0,2464450000.0,0.0,0.14,-18.36,6.51
1117,002631,德尔未来,7.51,1.9,0.14,176669.0,132270914.05,3.39,7.58,7.33,7.35,7.37,0.85,2.23,-63.34,2.74,5987594436.0,5959728364.0,-0.13,0.0,30.38,25.59
1118,000559,万向钱潮,16.6,1.9,0.31,1105640.0,1825526344.6,3.93,16.84,16.2,16.3,16.29,1.16,3.34,53.14,6.31,55034950170.0,55018190727.0,0.0,0.0,-7.73,-3.49
1119,920028,新恒泰,16.66,1.9,0.31,89866.0,151396329.85,7.34,17.38,16.18,16.31,16.35,1.67,21.12,24.62,2.63,2738237600.0,709034606.0,-0.12,-0.06,77.23,77.23
1120,001306,夏厦精密,68.6,1.89,1.27,13165.0,90625798.89,5.32,70.43,66.85,67.35,67.33,2.02,8.49,-257.63,3.31,4311551160.0,1063284565.0,-0.01,0.03,-19.82,-22.92
1121,600293,三峡新材,3.24,1.89,0.06,239937.0,77537422.0,2.83,3.26,3.17,3.17,3.18,0.95,2.07,-47.1,2.23,3758869949.0,3758869949.0,-0.31,0.31,2.21,2.86
1122,002313,日海智能,8.61,1.89,0.16,53657.0,45922279.0,2.84,8.67,8.43,8.46,8.45,1.01,1.43,-44.12,240.94,3223584000.0,3223357342.0,0.0,0.23,-19.15,-15.51
1123,600875,东方电气,42.51,1.89,0.79,1034741.0,4343486505.0,4.87,42.99,40.96,41.36,41.72,0.96,4.57,38.37,3.25,147014897458.0,96215713953.0,0.05,0.07,69.97,75.08
1124,600988,赤峰黄金,44.24,1.89,0.82,402885.0,1773166217.0,3.68,44.62,43.02,43.02,43.42,1.1,2.42,27.28,6.27,84074190515.0,73611439363.0,-0.02,-0.02,34.3,41.61
1125,920000,安徽凤凰,16.84,1.88,0.31,12141.0,20546172.59,3.45,17.16,16.59,16.6,16.53,1.85,2.11,22.73,2.33,1543891200.0,969881697.0,0.06,0.24,-19.39,-12.88
1126,301293,三博脑科,70.09,1.88,1.29,74335.0,518276190.82,3.39,70.48,68.15,68.15,68.8,1.01,4.62,129.48,6.18,14437627919.0,11280683552.0,0.0,0.09,-21.51,18.84
1127,300899,*ST凯鑫,40.6,1.88,0.75,6242.0,25193331.0,3.64,40.79,39.34,39.81,39.85,0.77,1.52,95.08,4.07,2589608720.0,1662004280.0,0.0,0.0,12.47,24.92
1128,603011,合锻智能,22.25,1.88,0.41,201037.0,443477261.0,2.93,22.28,21.64,21.8,21.84,1.19,4.07,-186.13,5.24,11000721223.0,11000721223.0,0.09,0.09,-30.49,-6.16
1129,002028,思源电气,217.82,1.88,4.02,174468.0,3675727225.03,8.42,218.0,200.0,210.0,213.8,1.48,2.86,54.1,10.99,170433516463.0,133019049693.0,-0.01,0.01,28.89,40.9
1130,601963,重庆银行,10.85,1.88,0.2,130380.0,140627516.0,2.72,10.89,10.6,10.65,10.65,0.75,0.64,6.96,0.69,39339385873.0,22069217428.0,-0.18,-0.18,4.73,1.78
1131,300253,卫宁健康,8.68,1.88,0.16,582924.0,504526304.3,3.64,8.78,8.47,8.5,8.52,1.24,3.22,-51.1,3.5,19107045743.0,15715144166.0,0.12,0.0,-37.73,-1.59
1132,002272,川润股份,20.64,1.88,0.38,1055868.0,2198518694.29,4.64,21.26,20.32,20.99,20.26,1.16,25.87,-81.03,6.86,10007867472.0,8423867143.0,-0.05,-0.15,23.44,26.24
1133,000631,顺发恒能,3.26,1.88,0.06,172538.0,55718697.22,2.81,3.26,3.17,3.2,3.2,0.69,0.75,127.13,1.33,7498000277.0,7498000277.0,0.31,0.31,-2.98,0.31
1134,605155,西大门,15.74,1.88,0.29,18912.0,29515059.0,2.46,15.76,15.38,15.58,15.45,0.93,1.01,26.96,2.23,3011032094.0,2940680590.0,0.19,0.0,-19.41,-8.49
1135,000856,冀东装备,10.9,1.87,0.2,82625.0,89436241.86,3.08,10.95,10.62,10.69,10.7,0.87,3.64,94.75,5.72,2474300000.0,2474300000.0,0.09,0.0,5.52,6.24
1136,000695,滨海能源,15.27,1.87,0.28,126771.0,192489739.95,3.0,15.35,14.9,15.08,14.99,0.65,5.72,-40.15,45.68,3538855163.0,3387056474.0,0.07,-0.07,16.21,20.14
1137,920471,美邦科技,13.1,1.87,0.24,20383.0,26786488.94,5.21,13.37,12.7,12.85,12.86,1.58,3.84,-40.03,2.13,1089920000.0,694700952.0,-0.08,-0.08,-3.53,3.23
1138,920726,朱老六,19.66,1.87,0.36,47630.0,93783910.51,5.44,20.1,19.05,19.62,19.3,1.2,8.52,26.24,4.35,1998832200.0,1099258525.0,0.0,-0.2,-13.39,-2.87
1139,600399,抚顺特钢,6.02,1.86,0.11,499575.0,299907372.0,3.38,6.09,5.89,5.91,5.91,1.38,2.53,-14.75,2.15,11872042000.0,11872042000.0,0.0,0.0,-14.12,3.08
1140,300854,中兰环保,28.52,1.86,0.52,64229.0,179635564.55,5.5,28.73,27.19,28.0,28.0,0.57,7.9,-103.75,2.98,2853960750.0,2319841755.0,-0.11,-0.11,60.59,69.36
1141,300347,泰格医药,58.67,1.86,1.07,115301.0,673910729.47,3.25,59.34,57.47,57.49,57.6,0.97,2.04,56.89,2.41,50516398354.0,33219787466.0,-0.07,0.12,-6.52,3.47
1142,600527,江南高纤,2.74,1.86,0.05,1607148.0,435249669.0,4.46,2.76,2.64,2.69,2.69,0.78,9.28,178.29,2.3,4745024871.0,4745024871.0,0.0,0.0,26.27,27.44
1143,301687,新广益,59.6,1.86,1.09,42883.0,255501908.11,5.04,61.05,58.1,58.3,58.51,1.33,14.52,64.8,8.4,8753094400.0,1760305370.0,0.02,-0.02,-5.5,-16.43
1144,600764,中国海防,24.77,1.85,0.45,78765.0,194346933.0,2.34,24.93,24.36,24.38,24.32,1.76,1.11,85.63,2.13,17602289891.0,17602289891.0,-0.04,0.0,-13.24,-9.17
1145,002724,海洋王,7.17,1.85,0.13,90022.0,64175111.6,3.13,7.2,6.98,7.03,7.04,1.63,1.59,75.72,2.04,5531640617.0,4071036834.0,0.0,0.28,4.37,5.75
1146,688209,英集芯,21.99,1.85,0.4,69017.0,150767959.0,2.59,22.15,21.59,21.65,21.59,1.27,1.59,53.76,4.35,9538911238.0,9538911238.0,-0.09,-0.05,0.96,10.28
1147,601975,招商南油,4.4,1.85,0.08,1842293.0,801943378.0,3.24,4.42,4.28,4.32,4.32,0.77,3.94,15.7,1.77,20593516583.0,20593516583.0,0.23,0.0,30.95,45.7
1148,688562,航天软件,20.39,1.85,0.37,51138.0,103835844.0,3.15,20.54,19.91,19.91,20.02,1.08,2.96,-720.54,4.73,8156000000.0,3527877800.0,-0.05,0.0,-16.26,-14.61
1149,300274,阳光电源,135.2,1.85,2.45,659119.0,8881100505.52,3.71,136.28,131.36,132.73,132.75,0.8,4.15,20.82,6.01,280298184525.0,214969992442.0,0.0,-0.08,-18.29,-20.95
1150,301290,东星医疗,28.12,1.85,0.51,17151.0,47862458.3,2.93,28.21,27.4,27.76,27.61,1.24,2.52,39.31,1.3,2816874152.0,1916684508.0,-0.07,0.07,0.75,11.28
1151,688543,国科军工,72.7,1.85,1.32,66494.0,481141645.0,2.62,73.0,71.13,71.36,71.38,1.11,5.73,61.57,6.29,15182815436.0,8430439436.0,-0.08,-0.07,0.65,17.13
1152,001358,兴欣新材,27.59,1.85,0.5,10321.0,28210320.4,2.25,27.69,27.08,27.09,27.09,0.79,2.08,70.35,2.37,3399088000.0,1371125800.0,-0.07,0.04,4.51,6.9
1153,002008,大族激光,89.18,1.85,1.62,462654.0,4127982403.93,5.69,91.68,86.7,88.59,87.56,0.96,4.84,64.83,4.44,91820031925.0,85320947927.0,0.02,0.07,99.42,116.51
1154,002346,柘中股份,19.35,1.84,0.35,58639.0,114587719.89,5.89,20.05,18.93,19.0,19.0,1.71,1.49,18.2,2.96,8544484300.0,7610839292.0,0.0,-0.05,-7.42,-4.73
1155,301283,聚胶股份,49.8,1.84,0.9,20352.0,100655673.26,3.05,50.43,48.94,49.06,48.9,1.19,3.22,20.95,2.37,4004807536.0,3151187130.0,-0.06,0.04,-1.93,4.23
1156,601288,农业银行,7.19,1.84,0.13,3201580.0,2294202330.0,2.55,7.22,7.04,7.05,7.06,0.81,0.1,8.65,0.91,2516378013547.0,2295365875487.0,-0.14,0.0,-1.91,-6.38
1157,301049,超越科技,22.75,1.84,0.41,10349.0,23384095.57,2.51,22.8,22.24,22.55,22.34,0.85,2.42,-30.2,4.07,2144263349.0,974299667.0,0.31,0.49,0.0,5.91
1158,000727,冠捷科技,2.77,1.84,0.05,1235305.0,342037035.0,3.68,2.81,2.71,2.72,2.72,1.24,2.73,-15.64,5.42,12546900535.0,12546900535.0,-0.36,-0.36,4.92,9.06
1159,002042,华孚时尚,4.99,1.84,0.09,996150.0,498632997.29,5.92,5.15,4.86,4.88,4.9,1.06,5.86,121.65,1.47,8486399961.0,8486399961.0,0.2,0.4,14.98,17.41
1160,300722,新余国科,31.55,1.84,0.57,53684.0,169107771.98,4.1,31.92,30.65,30.83,30.98,1.52,1.94,105.86,13.03,8731666944.0,8731666944.0,0.0,0.1,-10.45,-11.18
1161,920665,科强股份,11.66,1.83,0.21,24256.0,28356139.55,4.63,11.87,11.34,11.45,11.45,1.77,3.79,46.64,2.1,1515683400.0,747075649.0,0.0,-0.09,-20.41,-17.25
1162,301029,怡合达,28.36,1.83,0.51,120608.0,342628726.88,4.74,28.98,27.66,27.85,27.85,1.23,2.61,32.32,4.23,17985988912.0,13098938609.0,-0.14,-0.11,3.2,6.94
1163,002635,安洁科技,16.8,1.82,0.3,297980.0,502476262.11,4.67,17.2,16.43,16.63,16.5,0.97,7.53,99.65,1.9,11082737837.0,6644956231.0,0.0,0.06,18.9,21.21
1164,603517,ST绝味,12.89,1.82,0.23,35810.0,45606547.0,2.61,12.89,12.56,12.63,12.66,0.86,0.59,20.9,1.22,7811364955.0,7811364955.0,0.0,0.16,-2.42,1.02
1165,920262,太湖雪,21.31,1.82,0.38,8412.0,17875982.91,3.06,21.44,20.8,20.96,20.93,1.7,2.7,38.09,3.98,1472823282.0,664561023.0,0.0,-0.19,-17.91,-12.66
1166,300989,蕾奥规划,15.12,1.82,0.27,44055.0,66069322.05,3.37,15.16,14.66,14.8,14.85,1.24,2.93,212.07,3.21,3189708154.0,2277270979.0,0.0,0.07,-7.58,-14.33
1167,688584,上海合晶,20.73,1.82,0.37,46606.0,96271452.0,3.09,20.85,20.22,20.43,20.36,1.44,1.36,110.67,3.34,13872419647.0,7098703048.0,-0.14,-0.14,-12.24,-5.52
1168,002099,海翔药业,7.29,1.82,0.13,364466.0,267879738.93,6.7,7.65,7.17,7.17,7.16,1.58,2.26,1213.99,2.3,11800434194.0,11778437421.0,-0.27,-0.14,8.97,16.83
1169,920475,三友科技,14.01,1.82,0.25,12755.0,18055207.87,5.31,14.42,13.69,13.94,13.76,1.54,2.27,-124.62,4.05,1415850600.0,787339948.0,-0.36,-0.14,-22.98,-18.55
1170,000899,赣能股份,13.44,1.82,0.24,385319.0,509676524.0,3.41,13.45,13.0,13.14,13.2,1.89,3.95,13.03,2.03,13113109094.0,13113109094.0,0.0,0.3,28.0,35.76
1171,688459,哈铁科技,9.53,1.82,0.17,14801.0,14043923.0,2.46,9.55,9.32,9.35,9.36,1.12,0.31,41.18,1.32,4574400000.0,4574400000.0,-0.1,0.0,-4.12,-1.24
1172,688081,兴图新科,52.25,1.81,0.93,37309.0,195208245.0,7.81,54.41,50.4,51.0,51.32,0.96,3.62,-84.43,13.3,5383840000.0,5383840000.0,0.02,0.23,45.83,44.82
1173,000632,三木集团,4.51,1.81,0.08,148775.0,66661931.47,1.81,4.51,4.43,4.44,4.43,0.58,3.2,-11.52,2.38,2099493261.0,2099322043.0,0.22,0.22,-13.77,-20.18
1174,688633,星球石墨,27.6,1.81,0.49,15786.0,43297521.0,2.69,27.78,27.05,27.05,27.11,1.03,1.1,23.85,2.3,3968047832.0,3968047832.0,0.0,0.0,4.82,16.55
1175,301558,三态股份,8.43,1.81,0.15,78313.0,65871612.0,2.78,8.48,8.25,8.3,8.28,1.36,3.57,156.61,4.9,6650015810.0,1848545380.0,-0.12,0.0,-7.97,3.44
1176,002403,爱仕达,10.7,1.81,0.19,57293.0,61764268.87,4.47,10.99,10.52,10.52,10.51,2.35,1.93,-46.34,2.28,3644832795.0,3179627558.0,0.0,-0.09,-15.75,-15.48
1177,600023,浙能电力,5.61,1.81,0.1,693765.0,386568729.0,2.54,5.62,5.48,5.5,5.51,1.39,0.52,9.06,1.0,75222990722.0,75222990722.0,-0.18,-0.18,13.33,13.33
1178,002932,明德生物,17.4,1.81,0.31,77190.0,131522192.79,6.38,17.59,16.5,16.97,17.09,1.86,4.95,-245.79,0.73,4045864652.0,2716052913.0,-0.06,-0.11,-7.25,-9.28
1179,601991,大唐发电,3.96,1.8,0.07,1558481.0,612380939.0,2.31,3.96,3.87,3.88,3.89,1.39,1.26,9.92,2.15,73286573596.0,49088512860.0,0.0,0.25,7.9,13.47
1180,600095,湘财股份,9.6,1.8,0.17,322732.0,309800532.0,3.29,9.73,9.42,9.48,9.43,2.05,1.13,59.14,2.24,27448202333.0,27448202333.0,0.0,0.1,-16.59,-13.2
1181,603790,雅运股份,22.57,1.8,0.4,37383.0,83761572.0,5.41,23.1,21.9,22.3,22.17,1.83,1.95,49.42,3.43,4318995200.0,4318995200.0,0.04,0.09,11.68,15.8
1182,300805,电声股份,10.77,1.8,0.19,73734.0,79159031.0,3.59,10.87,10.49,10.58,10.58,1.29,2.56,102.07,2.93,4571241977.0,3105544061.0,0.09,0.09,-15.86,2.09
1183,920685,新芝生物,13.01,1.8,0.23,10852.0,14229975.21,4.3,13.33,12.78,12.78,12.78,1.58,1.98,33.84,2.13,1190622392.0,714299739.0,0.08,0.08,-14.13,-4.62
1184,002705,新宝股份,18.07,1.8,0.32,431250.0,772928273.83,4.17,18.28,17.54,17.58,17.75,0.9,5.34,14.65,1.7,14670595345.0,14602428438.0,0.17,0.33,24.28,26.72
1185,603316,诚邦股份,15.88,1.79,0.28,105458.0,165818502.0,3.01,15.89,15.42,15.58,15.6,0.98,3.99,-35.09,7.93,4196512320.0,4196512320.0,0.0,0.06,2.19,9.52
1186,920701,豪声电子,16.49,1.79,0.29,11783.0,19440613.6,4.14,16.73,16.06,16.24,16.2,2.04,1.18,31.73,2.67,2262428000.0,1652417388.0,0.0,0.12,-14.07,-9.59
1187,002694,顾地科技,2.84,1.79,0.05,145060.0,40183411.2,5.73,2.85,2.69,2.78,2.79,1.08,2.02,-5.37,20.61,2167160832.0,2041337188.0,0.35,0.71,-23.86,-24.47
1188,000558,天府文旅,4.55,1.79,0.08,370159.0,166350950.21,4.7,4.57,4.36,4.47,4.47,1.22,2.87,-238.48,5.59,5865968968.0,5863514966.0,-0.22,-0.22,-15.9,-11.65
1189,920496,许昌智能,9.65,1.79,0.17,33309.0,32060089.89,2.95,9.71,9.43,9.43,9.48,1.46,2.3,147.67,2.84,1597798750.0,1399234869.0,0.1,0.0,-13.45,-3.4
1190,920087,秋乐种业,15.39,1.79,0.27,65747.0,100820420.29,3.44,15.56,15.04,15.14,15.12,1.4,4.01,202.59,4.64,2542428000.0,2524669864.0,0.07,-0.06,-8.93,-3.51
1191,300612,宣亚国际,15.39,1.79,0.27,71616.0,109690539.55,3.11,15.48,15.01,15.12,15.12,1.23,3.98,-108.64,5.66,2777194693.0,2768345443.0,0.0,0.07,-27.06,-13.59
1192,300588,熙菱信息,25.69,1.78,0.45,38029.0,97209706.0,2.46,25.8,25.18,25.18,25.24,1.17,2.15,-91.39,17.95,4918890761.0,4542557951.0,0.0,-0.04,-11.01,-4.85
1193,300773,拉卡拉,27.47,1.78,0.48,789249.0,2142554510.14,2.82,27.5,26.74,26.79,26.99,1.36,10.74,8.97,4.38,21334985957.0,20178304194.0,0.04,0.07,-8.98,-3.55
1194,300891,惠云钛业,8.59,1.78,0.15,81387.0,69718428.0,3.44,8.69,8.4,8.48,8.44,1.35,2.44,-54.88,2.83,3436070902.0,2864543198.0,0.0,0.12,-9.29,-2.39
1195,003007,直真科技,44.63,1.78,0.78,46162.0,204906620.47,3.38,45.08,43.6,43.74,43.85,0.74,6.42,-71.59,5.53,4544226600.0,3208345195.0,0.04,-0.02,-17.03,19.68
1196,603499,翔港科技,22.35,1.78,0.39,60235.0,133035744.0,4.37,22.55,21.59,21.85,21.96,1.33,1.99,58.17,7.56,6762984617.0,6762984617.0,0.0,0.0,1.92,9.34
1197,600320,振华重工,5.15,1.78,0.09,380471.0,193762906.0,2.77,5.16,5.02,5.05,5.06,1.12,1.15,37.07,1.73,27132020530.0,17108287954.0,0.0,0.0,0.98,0.39
1198,301311,昆船智能,17.12,1.78,0.3,29968.0,50985406.23,2.85,17.23,16.75,16.78,16.82,1.69,1.25,-74.17,2.3,4108800000.0,4108800000.0,0.0,0.18,-11.25,-8.55
1199,600594,益佰制药,4.58,1.78,0.08,821217.0,373618970.0,5.11,4.63,4.4,4.52,4.5,0.63,10.37,-31.43,1.51,3627027492.0,3627027492.0,-0.22,-0.22,11.44,15.08
1200,000060,中金岭南,6.87,1.78,0.12,1313730.0,903658537.63,2.81,6.97,6.78,6.78,6.75,1.4,2.96,27.21,1.61,30510854786.0,30510468349.0,-0.29,-0.15,0.15,17.44
1201,300138,晨光生物,12.04,1.78,0.21,73230.0,87506904.47,2.03,12.07,11.83,11.84,11.83,1.22,1.84,15.77,1.72,5816525120.0,4795692036.0,0.0,-0.08,-10.68,-2.98
1202,601958,金钼股份,19.97,1.78,0.35,464653.0,928155446.0,3.98,20.3,19.52,19.62,19.62,1.52,1.44,20.42,3.41,64435289868.0,64435289868.0,0.1,0.15,6.0,28.18
1203,300847,中船汉光,16.0,1.78,0.28,47934.0,76388707.32,3.37,16.19,15.66,15.66,15.72,1.58,1.62,41.24,3.24,4736160000.0,4736160000.0,0.0,0.0,-11.16,-6.65
1204,001336,楚环科技,26.25,1.78,0.46,11736.0,30571751.94,2.95,26.35,25.59,25.7,25.79,0.9,2.52,80.36,2.66,2109804375.0,1222807950.0,0.0,0.23,0.19,7.32
1205,300291,百纳千成,6.85,1.78,0.12,228931.0,156378350.0,3.86,6.93,6.67,6.73,6.73,1.46,2.46,-71.65,2.11,6451944109.0,6375696711.0,0.0,-0.29,-27.28,-8.54
1206,300473,德尔股份,35.05,1.77,0.61,68759.0,241605462.1,4.73,35.66,34.03,34.3,34.44,1.64,4.57,57.29,3.11,6051816524.0,5275900829.0,-0.09,-0.06,10.25,17.7
1207,920976,视声智能,31.71,1.77,0.55,17955.0,57086347.56,3.85,32.23,31.03,31.25,31.16,1.34,4.07,33.42,8.06,2249932314.0,1399032516.0,0.0,-0.44,4.9,18.94
1208,603255,鼎际得,30.43,1.77,0.53,14420.0,43562808.0,3.04,30.5,29.59,29.91,29.9,0.94,2.38,337.88,2.58,4095624427.0,1846347797.0,0.0,0.03,-0.69,3.79
1209,000020,深华发Ａ,16.06,1.77,0.28,57998.0,92419340.0,2.47,16.08,15.69,15.81,15.78,0.9,3.2,218.5,10.24,4547569306.0,2909516179.0,-0.12,0.0,12.07,15.79
1210,000007,全新好,13.83,1.77,0.24,79587.0,110367706.98,4.19,14.08,13.51,13.59,13.59,1.22,2.3,1051.37,26.23,4791376449.0,4791376449.0,-0.07,0.0,22.72,20.89
1211,603126,中材节能,8.04,1.77,0.14,94222.0,75605773.0,3.42,8.15,7.88,7.93,7.9,0.86,1.54,357.95,2.4,4908420000.0,4908420000.0,-0.12,-0.12,16.18,19.64
1212,688683,莱尔科技,40.76,1.77,0.71,20234.0,81616734.0,2.95,40.83,39.65,39.65,40.05,1.11,1.3,154.63,5.5,6566346328.0,6325052386.0,-0.07,0.22,28.14,28.58
1213,603877,太平鸟,14.98,1.77,0.26,49792.0,74394258.0,3.06,15.11,14.66,14.75,14.72,2.35,1.06,12.91,1.55,7056714510.0,7030466929.0,-0.47,-0.2,-9.87,3.1
1214,920855,浙江大农,16.66,1.77,0.29,6004.0,10082206.33,4.03,16.99,16.33,16.37,16.37,1.99,0.9,35.48,2.16,1245057328.0,1116834937.0,0.24,-0.06,-14.52,-7.34
1215,001219,青岛食品,14.96,1.77,0.26,51861.0,77478347.8,2.52,15.07,14.7,14.7,14.7,1.7,2.73,26.31,2.75,2916956900.0,2844226182.0,-0.2,-0.2,1.7,4.98
1216,603888,新华网,20.8,1.76,0.36,100288.0,208239663.0,2.3,20.9,20.43,20.48,20.44,1.31,1.49,51.74,3.81,14034553894.0,14034553894.0,-0.19,-0.19,-28.69,7.05
1217,300983,尤安设计,30.62,1.76,0.53,9724.0,29757247.47,3.06,31.01,30.09,30.09,30.09,1.2,0.64,-61.84,1.91,5291136000.0,4679049488.0,0.23,0.23,12.49,14.25
1218,000615,*ST美谷,3.46,1.76,0.06,118701.0,40817218.9,3.53,3.49,3.37,3.4,3.4,1.34,1.28,-37.45,-10.42,6184724718.0,3201594737.0,-0.29,0.29,1.17,-0.86
1219,002709,天赐材料,49.65,1.76,0.86,927053.0,4530492389.55,4.24,49.65,47.58,48.5,48.79,0.79,6.14,74.32,5.66,101214590590.0,74922397093.0,0.06,0.3,12.56,7.28
1220,920075,柏星龙,22.03,1.76,0.38,10780.0,23896046.66,5.54,22.5,21.3,21.65,21.65,1.84,3.09,61.7,3.56,1427874450.0,768381374.0,0.0,-0.05,-26.32,-16.87
1221,600868,梅雁吉祥,3.46,1.76,0.06,722279.0,248718460.0,2.94,3.48,3.38,3.41,3.4,1.16,3.81,-67.64,3.51,6567594429.0,6567594429.0,0.0,0.0,-14.99,3.59
1222,601798,蓝科高新,9.23,1.76,0.16,58492.0,53781760.0,2.65,9.29,9.05,9.08,9.07,0.96,1.65,67.28,2.55,3272295268.0,3272295268.0,0.0,-0.22,-2.53,4.06
1223,688545,兴福电子,52.71,1.76,0.91,53267.0,280619961.0,4.77,53.56,51.09,51.9,51.8,0.92,2.92,91.75,6.42,18975600000.0,9606397500.0,0.09,0.08,24.7,40.37
1224,300655,晶瑞电材,15.62,1.76,0.27,419222.0,652748351.77,3.13,15.74,15.26,15.41,15.35,1.55,3.93,97.92,6.57,16759869344.0,16664807352.0,-0.06,0.0,-20.39,-3.16
1225,688486,龙迅股份,71.74,1.76,1.24,31383.0,224315567.0,3.05,72.37,70.22,70.5,70.5,0.91,2.35,62.8,5.99,9564927907.0,9564348176.0,0.0,0.06,-9.66,-3.46
1226,001311,多利科技,32.3,1.76,0.56,57883.0,187455738.7,6.02,33.3,31.39,31.9,31.74,1.67,4.25,39.26,2.19,10029451488.0,4401013179.0,0.34,0.28,0.4,0.69
1227,688528,秦川物联,11.0,1.76,0.19,15475.0,16896842.0,2.87,11.04,10.73,10.78,10.81,0.88,0.92,-19.63,4.15,1848000000.0,1848000000.0,0.46,1.1,-1.43,2.14
1228,300093,*ST金刚,21.37,1.76,0.37,61166.0,131354281.59,3.29,21.79,21.1,21.16,21.0,1.09,2.65,56.83,5.75,11539800000.0,4935994624.0,0.0,-0.23,18.72,27.96
1229,002533,金杯电工,13.9,1.76,0.24,178789.0,246354050.44,2.56,13.91,13.56,13.7,13.66,0.96,2.8,17.01,2.23,10201780762.0,8863271519.0,0.0,0.0,5.7,11.38
1230,600756,浪潮软件,16.78,1.76,0.29,173978.0,290689989.0,5.09,16.99,16.15,16.37,16.49,1.33,5.37,-21.99,2.53,5866770475.0,5438377075.0,0.0,0.0,-15.3,-8.9
1231,000539,粤电力Ａ,5.81,1.75,0.1,813842.0,471097299.06,3.85,5.91,5.69,5.73,5.71,0.98,3.18,50.85,1.3,30504149959.0,14846797883.0,0.0,0.17,27.13,31.45
1232,603102,百合股份,40.66,1.75,0.7,7694.0,31212277.0,2.73,40.9,39.81,40.08,39.96,1.08,1.2,22.51,1.55,2602240000.0,2602240000.0,0.0,-0.25,-10.85,-5.38
1233,600459,贵研铂业,21.55,1.75,0.37,176896.0,379462971.0,2.46,21.66,21.14,21.15,21.18,1.24,2.33,24.53,2.21,16373843565.0,16371669860.0,-0.05,-0.05,2.77,15.8
1234,920961,创远信科,24.41,1.75,0.42,45037.0,110730246.63,4.96,24.99,23.8,24.0,23.99,1.99,4.33,1001.49,4.6,3486736800.0,2537428044.0,-0.33,-0.12,-21.59,-13.93
1235,600029,南方航空,5.81,1.75,0.1,1990974.0,1148797568.0,2.1,5.82,5.7,5.72,5.71,1.66,1.48,122.85,2.96,105282813146.0,78301188786.0,0.0,0.0,-22.94,-27.47
1236,301032,新柴股份,13.38,1.75,0.23,41952.0,55849526.94,3.5,13.48,13.02,13.12,13.15,1.06,2.62,40.84,2.67,3226364892.0,2139097730.0,0.0,0.15,3.88,11.22
1237,601398,工商银行,7.57,1.75,0.13,2394024.0,1802054169.0,2.02,7.57,7.42,7.44,7.44,1.12,0.09,7.32,0.7,2697995366164.0,2040964448920.0,0.13,0.13,-1.43,-4.54
1238,002296,辉煌科技,11.66,1.75,0.2,93710.0,108922643.0,2.18,11.71,11.46,11.46,11.46,1.0,2.7,20.96,1.89,4542507697.0,4050864077.0,0.0,0.09,-5.28,4.11
1239,603629,利通电子,107.28,1.75,1.84,544925.0,5828984115.0,5.66,109.97,104.0,108.0,105.44,1.23,21.22,97.74,14.93,28141689600.0,27555082560.0,0.01,0.7,266.39,302.55
1240,600919,江苏银行,11.02,1.75,0.19,1090827.0,1194429935.0,2.03,11.03,10.81,10.82,10.83,1.83,0.59,4.96,0.79,202231595582.0,202231595582.0,0.0,0.0,9.87,9.43
1241,002354,天娱数科,5.84,1.74,0.1,546137.0,317689109.23,2.61,5.87,5.72,5.75,5.74,1.25,3.36,-197.8,8.14,9662781189.0,9494051669.0,0.0,0.17,-27.27,-8.32
1242,301498,乖宝宠物,56.05,1.74,0.96,107108.0,598621062.51,4.45,56.96,54.51,54.64,55.09,1.32,5.97,32.82,5.01,22446502682.0,10058187017.0,0.27,0.27,-17.62,-13.97
1243,002734,利民股份,17.55,1.74,0.3,243715.0,423540426.5,3.83,17.6,16.94,17.1,17.25,1.08,5.61,17.41,2.11,8350985401.0,7622768702.0,0.06,0.0,2.63,10.1
1244,600900,长江电力,26.84,1.74,0.46,950418.0,2538195456.0,1.63,26.84,26.41,26.41,26.38,1.23,0.39,19.22,2.97,656726963497.0,656726963497.0,0.04,0.07,0.86,-0.52
1245,300403,汉宇集团,12.26,1.74,0.21,102506.0,125318271.3,2.74,12.33,12.0,12.04,12.05,1.39,2.4,31.31,3.33,7392780000.0,5235741991.0,-0.08,-0.16,-13.05,-14.92
1246,600333,长春燃气,5.26,1.74,0.09,82532.0,43024560.0,2.13,5.26,5.15,5.18,5.17,1.07,1.36,-42.5,1.71,3203501398.0,3203501398.0,0.0,0.0,-10.7,-4.88
1247,300690,双一科技,32.73,1.74,0.56,122311.0,392918804.99,3.54,32.74,31.6,32.14,32.17,1.24,11.03,63.66,3.34,5411870119.0,3628210769.0,0.06,0.25,-1.24,-1.27
1248,301273,瑞晨环保,31.6,1.74,0.54,13969.0,43842794.0,5.99,32.66,30.8,31.16,31.06,0.97,2.54,-43.69,2.46,2263880627.0,1737562877.0,0.1,0.22,13.67,19.29
1249,301236,软通动力,40.97,1.74,0.7,223592.0,924538238.5,4.62,42.27,40.41,40.51,40.27,1.66,2.85,321.67,3.77,42411704802.0,32190508136.0,-0.02,0.0,-22.55,-13.62
1250,002276,万马股份,14.73,1.73,0.25,280804.0,411891004.46,1.93,14.79,14.51,14.58,14.48,1.57,2.79,27.13,2.45,14893141320.0,14836875297.0,-0.07,0.0,-12.06,-12.89
1251,002129,TCL中环,8.82,1.73,0.15,678294.0,594906129.5,2.65,8.87,8.64,8.7,8.67,1.02,1.68,-3.85,1.62,35660281118.0,35630857836.0,0.23,0.34,1.38,2.92
1252,002799,环球印务,8.25,1.73,0.14,53782.0,44297771.6,3.95,8.44,8.12,8.26,8.11,1.11,1.68,-98.71,2.08,2640330000.0,2640295350.0,0.36,0.0,-13.16,-3.28
1253,603657,春光科技,26.4,1.73,0.45,16234.0,42624440.0,2.74,26.55,25.84,25.9,25.95,0.9,1.2,553.79,3.79,3569017320.0,3569017320.0,0.11,0.0,-12.78,-11.41
1254,000758,中色股份,7.07,1.73,0.12,453113.0,320133295.35,1.73,7.13,7.01,7.02,6.95,1.33,2.29,21.95,2.36,14072410305.0,13971502952.0,0.14,0.0,-0.7,6.48
1255,603389,*ST亚振,51.96,1.72,0.88,24344.0,127642590.0,6.83,53.38,49.89,49.9,51.08,1.1,0.93,-325.97,58.37,13652593920.0,13652593920.0,-0.04,-0.04,12.78,15.06
1256,603097,江苏华辰,33.76,1.72,0.57,41003.0,137192783.0,2.68,33.79,32.9,33.39,33.19,0.82,2.56,57.92,5.15,5575933163.0,5402069163.0,0.03,0.24,8.03,18.87
1257,920790,联迪信息,28.37,1.72,0.48,16728.0,47551793.98,4.2,28.96,27.79,27.88,27.89,1.18,3.08,297.09,7.18,2240294357.0,1542050158.0,0.04,0.25,-31.72,-14.03
1258,300527,ST应急,8.26,1.72,0.14,119066.0,97473849.0,1.97,8.26,8.1,8.1,8.12,1.69,1.17,785.48,2.89,8398523273.0,8398523273.0,0.12,0.0,1.1,2.35
1259,002205,国统股份,12.98,1.72,0.22,28584.0,36904250.83,2.27,12.99,12.7,12.89,12.76,1.11,1.54,-26.72,8.3,2412245099.0,2412245099.0,0.0,0.08,-5.26,-5.81
1260,605056,咸亨国际,29.06,1.72,0.49,154691.0,440860718.0,6.72,29.44,27.52,29.0,28.57,1.16,3.83,45.83,6.6,11896966392.0,11722606392.0,0.14,0.17,64.55,76.98
1261,600127,金健米业,7.1,1.72,0.12,328281.0,231899280.0,1.43,7.1,7.0,7.03,6.98,0.63,5.12,1207.77,6.79,4556660848.0,4556660848.0,0.14,0.0,5.19,5.65
1262,600323,瀚蓝环境,28.99,1.72,0.49,54995.0,158191786.0,2.7,29.15,28.38,28.48,28.5,1.12,0.67,11.05,1.66,23636913763.0,23636913763.0,-0.07,0.03,-0.89,1.36
1263,002636,金安国纪,39.57,1.72,0.67,379841.0,1495624703.01,3.32,39.98,38.69,39.45,38.9,0.79,5.24,124.93,8.27,28806960000.0,28661161051.0,-0.08,-0.03,119.35,136.8
1264,603880,南卫股份,6.51,1.72,0.11,53631.0,34576036.0,2.97,6.52,6.33,6.4,6.4,0.73,1.86,-56.61,7.4,1881663420.0,1881663420.0,0.77,0.46,4.49,4.49
1265,920037,广信科技,78.47,1.71,1.32,21223.0,167708779.09,5.29,80.88,76.8,77.8,77.15,1.81,7.18,36.28,8.44,7177094391.0,2319911249.0,0.14,0.31,-18.89,-6.58
1266,920837,华原股份,13.11,1.71,0.22,15930.0,20940255.55,3.96,13.35,12.84,12.99,12.89,1.91,1.16,26.49,3.49,1988954638.0,1793287888.0,0.08,0.0,-13.98,-10.08
1267,301389,隆扬电子,58.99,1.71,0.99,103728.0,625926065.1,7.34,62.46,58.2,58.26,58.0,1.2,12.27,161.38,7.52,16723665000.0,4988728083.0,-0.02,-0.02,14.81,8.08
1268,002012,凯恩股份,7.12,1.71,0.12,127686.0,90693339.0,2.57,7.17,6.99,7.0,7.0,0.63,2.73,105.04,2.14,3329493346.0,3329493346.0,-0.14,-0.14,16.15,10.39
1269,002267,陕天然气,7.72,1.71,0.13,97508.0,74645900.0,2.37,7.74,7.56,7.59,7.59,1.53,0.88,13.58,1.3,8585222435.0,8585222435.0,0.0,0.0,0.26,2.52
1270,002291,遥望科技,6.53,1.71,0.11,266236.0,172536880.37,2.65,6.53,6.36,6.42,6.42,1.28,3.06,-11.04,2.02,6106401205.0,5675388013.0,0.0,0.0,-11.16,2.19
1271,300256,星星科技,3.57,1.71,0.06,249929.0,88796570.0,1.71,3.58,3.52,3.52,3.51,0.77,1.11,-1073.04,8.73,8098164388.0,8008914388.0,0.0,0.0,-13.98,-11.41
1272,300689,澄天伟业,52.97,1.71,0.89,32911.0,174123705.3,3.8,53.66,51.68,52.08,52.08,0.98,3.25,369.7,8.87,6123332000.0,5359619757.0,0.02,0.06,10.98,17.84
1273,603042,华脉科技,22.06,1.71,0.37,203554.0,448511359.0,3.6,22.48,21.7,22.16,21.69,1.02,12.68,-56.29,4.24,3542611870.0,3542611870.0,-0.09,-0.09,24.14,29.99
1274,600850,电科数字,20.86,1.71,0.35,102101.0,212521080.0,2.39,20.97,20.48,20.52,20.51,0.97,1.5,41.76,2.92,14188945737.0,14188945737.0,-0.1,-0.1,-33.46,-29.62
1275,920168,通宝光电,22.79,1.7,0.38,24672.0,56544373.18,3.75,23.27,22.43,22.63,22.41,2.25,8.76,21.4,2.36,1713201786.0,642097174.0,0.04,-0.04,40.94,40.94
1276,300882,万胜智能,22.77,1.7,0.38,44137.0,99996392.62,2.37,22.85,22.32,22.42,22.39,0.92,1.66,29.77,4.97,6516801051.0,6064266473.0,0.04,0.04,-1.17,21.12
1277,002044,美年健康,5.39,1.7,0.09,1181412.0,631740757.33,3.77,5.43,5.23,5.26,5.3,0.82,3.05,305.12,2.67,21097828645.0,20882086910.0,0.19,0.37,-36.66,2.08
1278,002853,皮阿诺,26.39,1.7,0.44,19405.0,50890946.5,2.93,26.56,25.8,26.33,25.95,0.73,1.51,-481.1,5.18,4827151868.0,3396520068.0,0.23,0.34,16.26,25.91
1279,920981,晶赛科技,32.85,1.7,0.55,40088.0,133003128.49,9.16,34.49,31.53,31.53,32.3,2.4,10.74,259.4,4.94,2511973800.0,1225620951.0,0.18,0.27,-4.31,2.78
1280,300534,陇神戎发,9.55,1.7,0.16,60638.0,57376247.0,2.56,9.56,9.32,9.39,9.39,1.01,2.01,65.91,4.09,2896944750.0,2884591710.0,0.1,0.0,-2.75,0.74
1281,000809,和展能源,3.58,1.7,0.06,133772.0,47445233.0,3.13,3.59,3.48,3.5,3.52,0.9,1.62,-47.69,1.11,2952752829.0,2952752829.0,0.28,0.28,6.23,-1.65
1282,600783,鲁信创投,21.69,1.69,0.36,178946.0,385885567.0,2.91,21.82,21.2,21.26,21.33,1.21,2.4,37.73,3.41,16145153087.0,16145153087.0,0.0,-0.09,-32.11,-12.29
1283,688132,邦彦技术,17.42,1.69,0.29,13695.0,23652845.0,2.51,17.49,17.06,17.06,17.13,1.09,0.9,-12.49,2.14,2651763054.0,2651763054.0,0.0,0.23,-15.07,-5.43
1284,002098,浔兴股份,9.02,1.69,0.15,36524.0,32684336.0,2.82,9.06,8.81,8.88,8.87,1.5,1.02,14.51,2.22,3229160000.0,3229058525.0,0.11,0.22,-14.83,-8.15
1285,000710,贝瑞基因,10.23,1.69,0.17,55258.0,55989902.0,2.68,10.25,9.98,10.03,10.06,0.9,1.68,-51.6,2.23,3616524587.0,3371091112.0,0.0,0.0,-24.22,-9.39
1286,600021,上海电力,18.03,1.69,0.3,350672.0,629398800.0,2.03,18.05,17.69,17.73,17.73,0.89,1.24,18.38,2.5,50866866058.0,50866866058.0,0.0,0.06,-14.02,-9.94
1287,688051,佳华科技,32.49,1.69,0.54,6684.0,21627796.0,2.85,32.64,31.73,32.05,31.95,0.7,0.86,-20.81,4.19,2512581660.0,2512581660.0,0.53,0.28,-19.18,-17.98
1288,002883,中设股份,9.61,1.69,0.16,39133.0,37265095.0,2.65,9.64,9.39,9.55,9.45,1.11,2.55,-42.71,2.31,1500670365.0,1473453721.0,0.21,0.21,-13.03,-12.16
1289,002625,光启技术,40.54,1.68,0.67,226720.0,920513393.59,2.83,40.9,39.77,39.87,39.87,0.87,1.05,108.13,9.15,87346991925.0,87346606795.0,-0.05,0.02,-22.14,-16.86
1290,603879,永悦科技,5.46,1.68,0.09,78443.0,42511422.0,3.35,5.5,5.32,5.38,5.37,1.03,2.18,-36.92,8.44,1962020642.0,1962020642.0,0.0,-0.18,-19.59,-22.88
1291,600165,ST宁科,3.63,1.68,0.06,56959.0,20556730.0,3.36,3.65,3.53,3.59,3.57,0.58,0.78,-17.53,-13.87,5865658103.0,2660476535.0,0.28,0.28,-8.33,-12.53
1292,300191,潜能恒信,39.23,1.68,0.65,121045.0,472464342.75,6.12,39.79,37.43,38.24,38.58,0.67,5.47,288.71,11.18,12553600000.0,8677479850.0,0.13,0.03,75.29,112.28
1293,600543,莫高股份,4.86,1.67,0.08,63012.0,30339978.0,2.3,4.86,4.75,4.76,4.78,0.87,1.96,-23.47,2.05,1560643200.0,1560643200.0,0.62,0.41,-11.96,-8.47
1294,688697,纽威数控,16.41,1.67,0.27,121685.0,198251134.0,2.6,16.46,16.04,16.15,16.14,2.25,2.66,24.67,4.06,7504840766.0,7504840766.0,-0.06,0.06,2.76,6.7
1295,300429,强力新材,14.59,1.67,0.24,218620.0,316758886.72,3.97,14.7,14.13,14.32,14.35,1.31,5.46,-245.01,4.54,7851213476.0,5842813370.0,-0.07,0.07,-9.83,9.45
1296,300962,中金辐照,16.42,1.67,0.27,22213.0,36268441.0,2.29,16.47,16.1,16.19,16.15,1.11,0.84,36.2,4.34,4334911149.0,4334911149.0,-0.12,0.0,-4.37,1.17
1297,301063,海锅股份,25.58,1.67,0.42,34479.0,88553931.02,5.52,26.24,24.85,25.06,25.16,1.64,3.43,40.78,1.7,2669547320.0,2569424744.0,0.08,-0.08,0.63,4.79
1298,300334,津膜科技,7.29,1.67,0.12,74947.0,54410656.0,2.79,7.31,7.11,7.17,7.17,1.34,2.48,1231.56,3.63,2202056445.0,2201796958.0,0.0,0.14,-0.55,4.74
1299,301515,港通医疗,23.19,1.67,0.38,12549.0,28839249.79,2.32,23.2,22.67,22.84,22.81,0.68,1.91,-170.37,1.9,2319000000.0,1520581055.0,0.0,0.17,-7.9,15.6
1300,600843,上工申贝,9.72,1.67,0.16,91651.0,88283570.0,2.09,9.73,9.53,9.59,9.56,1.37,1.95,692.56,2.28,6931978186.0,4560844936.0,0.1,0.21,-17.56,-22.49
1301,002810,山东赫达,26.21,1.67,0.43,143565.0,373711950.84,6.63,26.75,25.04,25.79,25.78,0.83,4.44,60.85,4.16,9152345726.0,8481431398.0,0.0,0.04,76.5,76.74
1302,920062,科润智控,10.98,1.67,0.18,68607.0,75011924.28,3.7,11.06,10.66,10.67,10.8,1.54,5.14,130.2,2.78,2071994921.0,1465939855.0,-0.09,0.09,-5.51,14.26
1303,000006,深振业Ａ,9.73,1.67,0.16,366511.0,354257103.51,4.6,9.8,9.36,9.48,9.57,1.18,2.71,-310.84,2.45,13135451798.0,13135352552.0,0.21,0.21,4.51,-2.21
1304,300763,锦浪科技,95.32,1.66,1.56,166951.0,1583237266.78,4.13,96.18,92.31,92.93,93.76,0.89,5.19,32.88,4.17,37942911913.0,30654097491.0,0.02,-0.08,25.74,33.48
1305,001317,三羊马,50.76,1.66,0.83,29548.0,149924628.5,3.26,51.33,49.7,49.93,49.93,1.21,3.46,-276.2,4.84,4343319906.0,4339037031.0,0.0,-0.1,-5.1,-7.89
1306,002011,盾安环境,12.25,1.66,0.2,132435.0,162465376.25,3.24,12.45,12.06,12.15,12.05,1.61,1.25,12.85,2.06,13164794953.0,12979601499.0,0.0,-0.16,-5.48,-3.39
1307,300095,华伍股份,9.81,1.66,0.16,68285.0,66749562.5,2.49,9.87,9.63,9.72,9.65,0.89,1.99,75.01,2.47,4121084509.0,3368118596.0,0.1,0.0,-14.02,-19.06
1308,600857,宁波中百,12.23,1.66,0.2,37762.0,45879252.0,4.57,12.45,11.9,12.05,12.03,1.69,1.68,84.32,3.16,2743432609.0,2743432609.0,0.08,0.08,-13.2,-10.8
1309,603269,海鸥股份,15.94,1.66,0.26,265243.0,423710003.0,5.04,16.31,15.52,15.52,15.68,0.86,8.59,72.05,5.17,4921503182.0,4921503182.0,0.13,0.06,21.22,21.77
1310,688271,联影医疗,114.85,1.66,1.87,55437.0,637036985.0,3.36,116.78,112.98,112.98,112.98,1.38,0.67,50.14,4.38,94654544922.0,94654544922.0,-0.11,-0.03,-17.73,-8.49
1311,301102,兆讯传媒,11.05,1.66,0.18,37942.0,41779619.64,3.13,11.16,10.82,10.97,10.87,1.72,0.93,100.62,1.49,4486300000.0,4486300000.0,0.0,0.0,-12.23,5.34
1312,301039,中集车辆,9.16,1.66,0.15,130348.0,119141315.9,2.33,9.19,8.98,9.0,9.01,1.13,0.9,19.0,1.17,17166979687.0,13304235900.0,-0.11,0.0,-3.38,0.11
1313,002685,华东重机,8.59,1.66,0.14,870757.0,746872648.63,7.34,8.96,8.34,8.89,8.45,1.33,8.64,162.27,5.51,8656062606.0,8654908754.0,0.12,0.47,13.77,14.69
1314,600793,宜宾纸业,19.02,1.66,0.31,34038.0,64227483.0,3.15,19.09,18.5,18.55,18.71,1.34,1.92,167.27,14.14,3364714118.0,3364714118.0,0.0,0.05,-8.29,-9.86
1315,600561,江西长运,6.77,1.65,0.11,100503.0,67372817.0,3.9,6.81,6.55,6.68,6.66,1.9,3.53,120.13,2.05,1925907936.0,1925907936.0,-0.15,0.0,1.35,4.48
1316,601010,文峰股份,2.47,1.65,0.04,861050.0,210665458.0,4.12,2.49,2.39,2.42,2.43,1.19,4.66,201.45,1.07,4564560000.0,4564560000.0,-0.4,0.0,-11.15,-9.52
1317,688056,莱伯泰科,36.4,1.65,0.59,7050.0,25441092.0,3.07,36.56,35.46,35.81,35.81,1.11,1.05,62.35,3.0,2455269544.0,2455269544.0,0.33,0.33,1.2,8.3
1318,002451,摩恩电气,9.85,1.65,0.16,134337.0,131028750.98,2.79,9.86,9.59,9.69,9.69,1.0,3.06,410.19,5.61,4340599500.0,4325617650.0,0.0,0.2,-21.2,-2.76
1319,688571,杭华股份,7.99,1.65,0.13,45827.0,36345816.0,3.44,8.03,7.76,7.85,7.86,1.17,1.08,31.24,2.02,3389123893.0,3389123893.0,0.13,0.25,-0.37,7.25
1320,600990,四创电子,24.69,1.65,0.4,47277.0,116212649.0,2.22,24.83,24.29,24.38,24.29,0.98,1.76,-55.64,3.71,6692257362.0,6641923464.0,0.0,0.04,-16.02,-21.99
1321,301349,信德新材,63.43,1.65,1.03,53966.0,344967820.0,6.39,65.5,61.51,61.96,62.4,0.84,6.7,167.53,2.37,6469860000.0,5111446799.0,0.0,-0.13,26.1,35.22
1322,000838,财信发展,1.85,1.65,0.03,450399.0,81900847.32,4.4,1.86,1.78,1.82,1.82,0.72,4.27,-81.85,4.96,2035855015.0,1949466832.0,0.0,0.0,-34.86,-40.13
1323,300261,雅本化学,6.21,1.64,0.1,129035.0,79400785.26,3.44,6.26,6.05,6.11,6.11,1.19,1.38,-648.69,2.98,5982151815.0,5813635969.0,0.16,0.0,-15.05,-7.73
1324,002405,四维图新,9.27,1.64,0.15,549408.0,507614696.09,1.54,9.29,9.15,9.2,9.12,1.06,2.33,-23.27,2.67,21975914506.0,21838740800.0,0.11,0.11,-12.71,2.89
1325,000966,长源电力,4.33,1.64,0.07,546910.0,234627777.02,2.11,4.33,4.24,4.26,4.26,1.06,1.68,-227.8,1.13,15072881619.0,14122393811.0,0.0,0.0,-1.81,1.41
1326,301305,朗坤科技,27.82,1.64,0.45,61775.0,171523771.91,4.97,28.3,26.94,27.18,27.37,0.83,4.99,20.2,1.78,6710968635.0,3441708290.0,-0.07,0.18,9.53,23.81
1327,301200,大族数控,206.12,1.64,3.33,51740.0,1053112541.72,5.14,207.94,197.51,201.66,202.79,1.11,1.23,77.16,8.9,99664925750.0,86855814982.0,0.02,0.01,47.13,73.55
1328,300170,汉得信息,21.71,1.64,0.35,638233.0,1388610716.3,3.7,22.12,21.33,21.4,21.36,1.1,6.53,98.06,3.93,22219570846.0,21206988179.0,0.0,0.0,-29.17,14.75
1329,000301,东方盛虹,12.37,1.64,0.2,267219.0,329188479.04,3.2,12.45,12.06,12.18,12.17,1.01,0.4,485.2,2.45,81780924142.0,81742522145.0,-0.08,0.0,16.04,13.59
1330,688089,嘉必优,19.23,1.64,0.31,20669.0,39407388.0,2.38,19.25,18.8,18.96,18.92,1.14,1.23,20.65,1.96,3236584378.0,3236584378.0,-0.05,0.05,-4.42,-17.4
1331,600790,轻纺城,3.72,1.64,0.06,79235.0,29353050.0,2.46,3.74,3.65,3.65,3.66,1.21,0.54,25.02,0.94,5452742252.0,5452742252.0,-0.27,-0.27,-10.58,-2.87
1332,002557,洽洽食品,23.68,1.63,0.38,95148.0,224635143.54,3.05,23.78,23.07,23.3,23.3,1.67,1.88,17.8,2.2,11978651231.0,11953035983.0,0.0,-0.17,2.73,9.53
1333,000100,TCL科技,4.37,1.63,0.07,3831039.0,1670433839.44,2.56,4.41,4.3,4.31,4.3,1.33,2.0,20.12,1.48,90899768893.0,83606781656.0,-0.23,0.0,-11.72,-3.74
1334,300725,药石科技,38.68,1.63,0.62,72819.0,279592009.33,3.73,39.22,37.8,37.89,38.06,1.07,3.59,59.82,1.27,9043667950.0,7840973729.0,-0.03,0.0,-17.53,0.31
1335,688708,佳驰科技,54.26,1.63,0.87,13647.0,73903215.0,3.11,54.58,52.92,53.3,53.39,1.26,0.96,49.76,6.2,21704542600.0,7719914751.0,0.04,0.22,-16.27,-12.84
1336,002183,怡 亚 通,6.22,1.63,0.1,2106397.0,1306362985.2,4.9,6.38,6.08,6.14,6.12,1.03,8.11,-50.62,1.77,16153396546.0,16153303246.0,-0.16,-0.32,22.68,30.67
1337,301331,恩威医药,26.82,1.63,0.43,9974.0,26530749.24,2.27,26.85,26.25,26.52,26.39,1.03,0.97,56.57,2.55,2759560409.0,2754301812.0,0.07,0.04,-5.73,2.8
1338,002940,昂利康,39.8,1.63,0.64,605739.0,2482731097.27,12.16,43.08,38.32,42.1,39.16,2.9,32.69,77.51,5.04,8028781803.0,7373963587.0,-0.15,-0.43,11.58,18.74
1339,301658,首航新能,42.4,1.63,0.68,92180.0,388339354.97,3.36,42.54,41.14,41.93,41.72,0.7,9.46,114.92,5.53,17484536124.0,4130467274.0,0.0,-0.02,39.61,48.46
1340,920896,旺成科技,18.06,1.63,0.29,16573.0,30195570.03,6.42,18.65,17.51,17.78,17.77,2.49,3.74,29.51,4.1,1828109774.0,800106491.0,0.0,-0.17,-17.53,-15.05
1341,000815,美利云,21.95,1.62,0.35,1509227.0,3273429997.78,3.52,22.1,21.34,21.62,21.6,1.12,21.71,353.89,11.3,15261023618.0,15261023618.0,0.05,0.14,80.81,96.16
1342,300269,联建光电,7.53,1.62,0.12,250855.0,188276790.0,3.64,7.58,7.31,7.35,7.41,1.1,4.77,170.07,38.47,4134827102.0,3958367411.0,0.0,0.13,-6.58,14.79
1343,600477,杭萧钢构,3.13,1.62,0.05,484220.0,149717758.0,2.92,3.13,3.04,3.08,3.08,1.15,2.05,63.5,1.49,7383571205.0,7383571205.0,0.0,0.32,-21.95,5.39
1344,920100,三协电机,51.92,1.62,0.83,12616.0,65853102.4,6.46,53.8,50.5,50.62,51.09,1.88,6.45,63.67,8.32,3832178856.0,1016081565.0,0.08,-0.06,-26.11,-29.51
1345,002660,茂硕电源,8.77,1.62,0.14,39991.0,34921015.0,2.2,8.78,8.59,8.62,8.63,1.15,1.17,-13.35,3.05,3127610187.0,3007993447.0,0.0,0.0,-7.59,-4.78
1346,688533,上声电子,27.02,1.62,0.43,11723.0,31676909.0,2.41,27.23,26.59,26.59,26.59,1.25,0.71,24.21,2.54,4457949848.0,4457949848.0,-0.22,-0.15,-11.73,-7.59
1347,603882,金域医学,27.66,1.62,0.44,44440.0,122678476.0,3.64,27.94,26.95,27.22,27.22,0.94,0.97,-120.72,1.88,12813723887.0,12727322400.0,-0.04,0.0,-21.17,0.66
1348,603185,弘元绿能,25.1,1.62,0.4,194018.0,484825798.0,4.94,25.54,24.32,24.6,24.7,0.97,2.86,54.64,1.41,17145227730.0,17043457270.0,-0.12,0.08,-8.23,-17.7
1349,601009,南京银行,11.29,1.62,0.18,436831.0,490478654.0,1.89,11.29,11.08,11.1,11.11,1.32,0.35,6.4,0.77,139584674196.0,139584674196.0,0.09,0.0,6.41,-1.22
1350,603198,迎驾贡酒,35.13,1.62,0.56,36141.0,125746543.0,2.37,35.17,34.35,34.54,34.57,1.03,0.45,13.95,2.77,28104000000.0,28104000000.0,-0.06,-0.06,-10.11,-11.2
1351,688813,泰金新能,77.6,1.62,1.24,117642.0,908334177.0,10.27,81.84,74.0,74.0,76.36,1.08,39.11,60.83,12.0,12416000000.0,2333973338.0,0.38,-0.28,195.28,195.28
1352,301376,致欧科技,16.37,1.61,0.26,39751.0,64705448.96,2.61,16.43,16.01,16.17,16.11,1.09,2.05,18.18,1.93,6588417121.0,3169933847.0,-0.06,0.18,-15.23,-9.41
1353,002479,富春环保,5.67,1.61,0.09,186332.0,105371512.0,3.05,5.72,5.55,5.58,5.58,0.6,2.16,11.86,1.15,4904550000.0,4893623025.0,0.0,-0.18,12.72,15.71
1354,002430,杭氧股份,28.35,1.61,0.45,168711.0,474463817.49,4.37,28.76,27.54,27.93,27.9,1.15,1.73,29.23,2.84,27736471101.0,27724530081.0,0.14,0.14,-11.38,-5.09
1355,002674,兴业科技,13.9,1.61,0.22,28940.0,39959748.0,2.12,13.94,13.65,13.67,13.68,0.81,0.99,77.7,1.71,4108158122.0,4066634763.0,0.14,0.22,-7.52,-6.96
1356,601996,丰林集团,2.52,1.61,0.04,445279.0,110370287.0,4.84,2.53,2.41,2.51,2.48,1.25,3.97,-21.98,1.14,2824704328.0,2824704328.0,0.0,0.0,10.53,12.0
1357,601218,吉鑫科技,6.31,1.61,0.1,806697.0,502245558.0,2.9,6.32,6.14,6.21,6.21,1.35,8.32,45.24,2.06,6114601461.0,6114601461.0,0.0,0.0,21.81,24.7
1358,300366,ST创意,5.69,1.61,0.09,90780.0,51493354.0,3.39,5.76,5.57,5.59,5.6,1.44,1.71,-13.03,2.11,3457108294.0,3018559168.0,-0.18,0.0,-22.9,-16.45
1359,688378,奥来德,38.45,1.61,0.61,65132.0,251810511.0,4.86,39.49,37.65,37.89,37.84,1.64,2.7,125.01,5.59,10051797556.0,9264933955.0,0.0,-0.05,19.56,40.84
1360,688078,龙软科技,24.66,1.61,0.39,6794.0,16642430.0,2.93,24.76,24.05,24.35,24.27,0.84,0.93,-32.77,2.66,1797541380.0,1797541380.0,0.33,0.37,-18.37,-10.33
1361,002916,深南电路,287.62,1.61,4.56,111578.0,3238267261.91,4.59,298.0,285.0,285.83,283.06,0.84,1.68,59.81,11.18,195917136054.0,191212494009.0,0.0,0.06,29.27,23.82
1362,301099,雅创电子,54.75,1.61,0.87,83374.0,452683270.66,3.34,55.3,53.5,54.12,53.88,1.25,9.29,72.76,6.2,8029951291.0,4915475641.0,0.04,0.02,12.01,28.64
1363,300229,拓尔思,19.01,1.6,0.3,257905.0,490914946.58,3.21,19.28,18.68,18.8,18.71,1.29,2.95,-56.54,4.32,16607533917.0,16596304729.0,-0.05,0.11,-29.75,-4.47
1364,002981,朝阳科技,24.8,1.6,0.39,25551.0,63121761.32,2.91,25.05,24.34,24.42,24.41,1.62,2.14,46.22,3.2,3409655652.0,2961541972.0,0.04,0.08,-17.0,-13.2
1365,000635,英 力 特,8.25,1.6,0.13,50792.0,41561596.0,2.96,8.27,8.03,8.12,8.12,0.94,1.38,-6.3,2.95,3251602390.0,3026263482.0,0.12,0.24,-17.09,-7.2
1366,600406,国电南瑞,27.24,1.6,0.43,1007730.0,2719433114.0,2.35,27.3,26.67,26.86,26.81,1.22,1.26,33.8,4.45,218785037689.0,218142718653.0,0.07,0.0,14.45,21.17
1367,603429,*ST集友,10.14,1.6,0.16,52261.0,52761787.0,2.81,10.25,9.97,10.2,9.98,0.72,1.0,-292.14,4.2,5318282615.0,5318282615.0,0.2,0.0,-2.31,2.32
1368,002999,天禾股份,6.98,1.6,0.11,73405.0,50793324.97,2.18,6.99,6.84,6.89,6.87,0.95,2.14,51.61,2.02,2426192160.0,2399129828.0,0.0,0.0,0.43,2.2
1369,600080,金花股份,8.23,1.6,0.13,72604.0,58720144.0,3.95,8.26,7.94,8.09,8.1,0.6,1.95,66.82,1.94,3072014446.0,3072014446.0,0.12,0.0,4.31,9.15
1370,002495,佳隆股份,2.56,1.59,0.04,224101.0,56995403.2,2.38,2.57,2.51,2.53,2.52,0.99,3.2,161.24,2.18,2395201536.0,1793980178.0,0.39,0.39,-3.03,-3.76
1371,600886,国投电力,13.41,1.59,0.21,379760.0,511240866.0,3.11,13.65,13.24,13.24,13.2,1.89,0.51,12.35,1.62,107340268053.0,99960551078.0,-0.15,-0.07,1.82,2.21
1372,600838,上海九百,10.24,1.59,0.16,172349.0,176542716.0,5.95,10.55,9.95,10.06,10.08,2.63,4.3,90.56,2.6,4105031485.0,4105031485.0,-0.1,-0.19,-18.67,-5.36
1373,000985,大庆华科,19.2,1.59,0.3,16837.0,32077781.0,2.59,19.3,18.81,19.09,18.9,1.18,1.3,141.15,4.05,2489078400.0,2489078400.0,0.1,0.21,-5.88,0.47
1374,600926,杭州银行,17.26,1.59,0.27,211054.0,362942914.0,1.82,17.28,16.97,16.97,16.99,0.96,0.29,6.57,0.94,125117783978.0,125117783978.0,-0.06,-0.06,10.08,12.96
1375,000537,绿发电力,10.23,1.59,0.16,443539.0,448889225.98,3.08,10.27,9.96,10.06,10.07,1.24,2.16,19.58,1.06,21029994107.0,21029994107.0,0.0,0.1,19.79,24.6
1376,003017,大洋生物,31.35,1.59,0.49,16280.0,50778863.78,2.85,31.48,30.6,30.86,30.86,1.13,2.35,24.68,2.4,2633400000.0,2172178424.0,-0.1,-0.03,-0.13,4.99
1377,600403,大有能源,5.76,1.59,0.09,203825.0,117025355.0,2.47,5.8,5.66,5.67,5.67,1.5,0.85,-6.83,3.75,13771079436.0,13771079436.0,0.0,0.0,-16.52,-17.48
1378,001696,宗申动力,19.81,1.59,0.31,304056.0,599732123.76,2.97,19.97,19.39,19.5,19.5,1.18,3.41,22.45,4.14,22682983285.0,17658598837.0,-0.05,-0.05,-14.69,-8.67
1379,300140,节能环境,6.38,1.59,0.1,212386.0,134412732.0,2.55,6.38,6.22,6.26,6.28,1.03,2.08,22.7,1.41,19772047562.0,6508373575.0,0.31,0.16,-8.46,-5.76
1380,000777,中核科技,23.2,1.58,0.36,118804.0,274192349.8,2.76,23.34,22.71,22.85,22.84,1.57,3.1,59.8,3.89,8895288158.0,8895131186.0,0.0,0.09,-15.97,-10.25
1381,603257,中国瑞林,60.44,1.58,0.94,16587.0,99511932.0,3.88,60.99,58.68,60.69,59.5,1.13,6.66,61.59,2.97,7252800000.0,1504956000.0,0.05,-0.03,1.96,1.92
1382,301113,雅艺科技,25.7,1.58,0.4,10828.0,27649547.38,2.89,25.79,25.06,25.3,25.3,0.87,1.97,308.56,3.42,2338700000.0,1415708658.0,-0.04,-0.04,2.47,7.85
1383,300071,福石控股,5.13,1.58,0.08,512456.0,263020391.8,4.95,5.24,4.99,5.01,5.05,1.45,5.42,-69.08,35.25,4944726644.0,4849649943.0,-0.19,-0.19,-33.81,-21.44
1384,603606,东方电缆,61.0,1.58,0.95,137084.0,836271953.0,3.31,61.7,59.71,60.15,60.05,1.54,1.99,33.0,5.06,41950637448.0,41950637448.0,0.02,0.2,0.81,2.09
1385,002327,富安娜,7.08,1.58,0.11,62034.0,43662752.16,2.3,7.08,6.92,6.99,6.97,0.97,1.26,27.87,1.71,5934778416.0,3475909489.0,0.14,0.28,5.67,5.51
1386,603200,上海洗霸,68.06,1.58,1.06,126188.0,846180050.0,3.97,68.68,66.02,66.02,67.0,0.91,7.19,74.98,11.0,11943175810.0,11943175810.0,0.0,0.09,-20.32,-4.33
1387,600854,春兰股份,5.14,1.58,0.08,84543.0,43125098.0,2.37,5.15,5.03,5.06,5.06,1.22,1.63,20.92,1.08,2670016885.0,2670016885.0,0.19,0.19,1.18,3.01
1388,601669,中国电建,5.8,1.58,0.09,3117345.0,1796272195.0,2.1,5.82,5.7,5.72,5.71,1.56,2.38,10.03,0.69,99911724137.0,75814849930.0,0.0,0.0,8.21,11.54
1389,600758,辽宁能源,3.88,1.57,0.06,503083.0,193905271.0,2.62,3.9,3.8,3.82,3.82,0.68,3.81,-38.17,0.93,5129427489.0,5124484369.0,0.0,0.0,4.02,6.59
1390,603466,风语筑,9.7,1.57,0.15,184410.0,178335934.0,2.2,9.73,9.52,9.55,9.55,1.05,3.1,33.85,2.77,5769732039.0,5769732039.0,0.0,-0.1,-9.6,3.63
1391,002893,京能热力,10.37,1.57,0.16,89399.0,91844295.33,1.76,10.38,10.2,10.23,10.21,0.81,4.41,35.45,2.25,2733946800.0,2102814269.0,0.0,0.0,-12.42,-7.33
1392,603616,韩建河山,6.47,1.57,0.1,94191.0,60464871.0,2.83,6.48,6.3,6.33,6.37,0.92,2.45,194.53,10.09,2531827460.0,2486375710.0,0.15,0.31,17.21,24.66
1393,300339,润和软件,41.41,1.57,0.64,238929.0,993365005.37,3.26,42.08,40.75,40.89,40.77,1.58,3.07,314.8,9.16,32979372926.0,32203998669.0,-0.02,0.0,-28.34,-16.34
1394,688197,首药控股-U,41.95,1.57,0.65,33967.0,146140704.0,11.43,46.25,41.53,42.54,41.3,2.02,5.31,-103.35,9.38,6238776439.0,2685004800.0,-0.12,-0.05,7.9,20.75
1395,000572,海马汽车,5.83,1.57,0.09,392371.0,228901094.46,3.83,5.92,5.7,5.74,5.74,1.05,2.39,-64.6,5.97,9588230364.0,9574335381.0,0.0,-0.17,-18.8,-28.55
1396,002388,新亚制程,5.19,1.57,0.08,216132.0,113024219.0,5.28,5.39,5.12,5.16,5.11,1.31,4.27,1175.98,2.71,2650520544.0,2627299939.0,0.0,0.19,-20.03,-18.65
1397,301339,通行宝,13.56,1.57,0.21,38827.0,52467974.38,2.32,13.62,13.31,13.35,13.35,1.14,0.68,35.61,2.86,7869319819.0,7726488000.0,-0.07,-0.07,-12.12,-6.74
1398,002798,帝欧水华,7.12,1.57,0.11,184669.0,131475792.84,4.42,7.29,6.98,7.08,7.01,0.74,3.85,-20.78,1.92,3917264419.0,3413484996.0,0.0,0.14,10.05,24.26
1399,600862,中航高科,22.0,1.57,0.34,226067.0,495539939.0,2.54,22.15,21.6,21.64,21.66,1.27,1.62,29.73,3.99,30647080354.0,30647080354.0,-0.05,0.0,-11.08,-6.9
1400,603690,至纯科技,26.01,1.56,0.4,125554.0,325292618.0,3.9,26.35,25.35,25.62,25.61,1.61,3.28,88.21,1.98,9960900143.0,9960900143.0,-0.15,-0.19,-20.39,-17.3
1401,600415,小商品城,12.36,1.56,0.19,985425.0,1219444879.0,3.62,12.56,12.12,12.16,12.17,1.1,1.8,16.12,2.95,67776792033.0,67776792033.0,-0.08,0.0,-29.77,-22.51
1402,300665,飞鹿股份,7.8,1.56,0.12,45013.0,34864496.0,2.47,7.82,7.63,7.69,7.68,0.93,2.06,-19.42,3.09,1707776694.0,1700953402.0,0.26,0.26,-13.91,-20.08
1403,002255,海陆重工,11.06,1.56,0.17,206023.0,226148095.87,2.2,11.07,10.83,10.83,10.89,1.2,3.23,22.04,2.03,9189544468.0,7055973008.0,0.0,0.0,-16.59,-12.36
1404,002617,露笑科技,7.83,1.56,0.12,725192.0,569461495.09,2.98,7.95,7.72,7.72,7.71,1.26,3.86,45.54,2.36,14948832052.0,14701778788.0,-0.13,-0.13,-4.98,-3.33
1405,300652,雷迪克,44.22,1.56,0.68,19558.0,86347979.12,4.07,44.8,43.03,43.75,43.54,1.24,1.63,32.14,3.9,5898531094.0,5293926732.0,0.02,-0.05,-23.44,-19.39
1406,600117,西宁特钢,2.61,1.56,0.04,148950.0,38771302.0,2.72,2.63,2.56,2.57,2.57,1.6,0.46,-11.34,2.11,8495849777.0,8495849777.0,0.38,0.0,-10.0,-8.1
1407,301048,金鹰重工,11.1,1.56,0.17,111398.0,122262629.61,2.65,11.1,10.81,10.92,10.93,0.94,2.09,35.47,2.16,5920000740.0,5920000740.0,0.0,0.18,-4.23,-2.63
1408,002393,力生制药,23.46,1.56,0.36,41001.0,96063259.1,2.68,23.83,23.21,23.44,23.1,0.79,1.64,14.52,1.31,6042987337.0,5871987960.0,0.0,0.0,7.52,9.57
1409,000911,广农糖业,5.87,1.56,0.09,108138.0,62906436.56,4.15,5.92,5.68,5.75,5.78,0.96,2.7,-401.27,19.58,2349877332.0,2349877332.0,0.17,-0.17,-21.21,-19.7
1410,002175,东方智造,2.61,1.56,0.04,464397.0,121166458.01,3.89,2.65,2.55,2.6,2.57,0.6,3.64,1881.82,4.12,3332397697.0,3332397697.0,0.0,0.38,-41.08,-41.08
1411,605122,四方新材,13.05,1.56,0.2,15014.0,19448656.0,2.33,13.08,12.78,12.92,12.85,0.79,0.87,-47.17,1.12,2249219700.0,2249219700.0,0.15,0.08,1.71,-0.76
1412,920171,志晟信息,22.26,1.55,0.34,78664.0,175545030.46,10.4,23.5,21.22,21.49,21.92,1.1,11.63,465.89,10.21,2231191811.0,1505487875.0,-0.18,0.04,-8.7,-4.87
1413,002254,泰和新材,10.46,1.55,0.16,226054.0,237029540.58,4.08,10.63,10.21,10.3,10.3,0.88,2.66,216.2,1.27,8964818134.0,8896939533.0,-0.19,-0.1,-13.55,4.39
1414,600108,亚盛集团,4.59,1.55,0.07,850723.0,385729291.0,3.76,4.6,4.43,4.52,4.52,1.09,4.37,190.15,2.07,8936340405.0,8936340405.0,0.22,0.22,33.43,45.71
1415,600203,福日电子,11.78,1.55,0.18,156385.0,183710963.0,2.24,11.82,11.56,11.61,11.6,1.22,2.64,37.62,4.23,6985399606.0,6985399606.0,-0.17,0.08,-11.16,-11.69
1416,601015,陕西黑猫,3.94,1.55,0.06,503438.0,197131196.0,2.58,3.97,3.87,3.91,3.88,0.87,2.46,-8.09,1.43,8047440698.0,8047440698.0,0.0,0.0,2.6,8.84
1417,920547,无锡晶海,23.66,1.55,0.36,9375.0,22196980.34,4.72,24.0,22.9,23.39,23.3,2.05,2.49,29.3,2.59,1838098080.0,892417344.0,-0.25,-0.04,-4.9,0.04
1418,688509,正元地信,4.59,1.55,0.07,58225.0,26544613.0,1.99,4.59,4.5,4.52,4.52,0.91,1.51,-20.76,3.1,3534300000.0,1766196198.0,0.44,0.22,-18.62,-16.39
1419,002459,晶澳科技,11.15,1.55,0.17,501462.0,557353748.09,3.01,11.26,10.93,10.98,10.98,0.99,1.52,-7.79,1.63,36903299682.0,36859432984.0,0.09,0.18,-3.38,-2.62
1420,605500,森林包装,9.19,1.55,0.14,42356.0,38730042.0,3.31,9.26,8.96,9.04,9.05,1.25,1.02,94.52,1.49,3808336000.0,3808336000.0,0.0,-0.11,2.0,2.68
1421,002386,天原股份,6.54,1.55,0.1,507780.0,332367129.38,4.35,6.72,6.44,6.47,6.44,1.06,3.9,96.98,1.12,8512771857.0,8511185672.0,0.15,0.0,15.75,20.44
1422,688629,华丰科技,138.5,1.54,2.1,274277.0,3865906548.0,7.71,147.28,136.76,143.0,136.4,1.17,15.09,178.06,35.05,63847507094.0,25176952010.0,-0.16,-0.34,26.75,38.42
1423,301459,丰茂股份,38.9,1.54,0.59,9631.0,37317269.0,2.24,38.97,38.11,38.35,38.31,0.97,3.69,35.76,3.25,4050338798.0,1015250750.0,-0.03,-0.13,-10.98,-12.35
1424,002518,科士达,48.83,1.54,0.74,140823.0,684407718.06,5.28,49.54,47.0,48.07,48.09,1.27,2.49,47.83,6.11,28430051340.0,27595806416.0,-0.08,0.0,-7.85,0.64
1425,600671,天目药业,19.78,1.54,0.3,30159.0,58984902.0,6.01,19.95,18.78,18.78,19.48,0.83,2.48,136.69,34.41,2408786345.0,2407632143.0,0.1,0.15,11.81,14.27
1426,920425,乐创技术,20.48,1.54,0.31,16896.0,34816938.45,4.12,20.93,20.1,20.3,20.17,1.59,2.85,43.12,5.42,1452780503.0,1212688343.0,0.34,0.39,-9.66,-1.63
1427,603917,合力科技,13.17,1.54,0.2,31405.0,41077199.0,2.08,13.2,12.93,12.97,12.97,0.95,1.54,81.67,1.6,2684572800.0,2684572800.0,0.08,0.0,-9.86,-10.95
1428,002712,思美传媒,5.28,1.54,0.08,100850.0,53013846.36,2.69,5.3,5.16,5.2,5.2,0.97,1.86,-145.79,2.11,2873778325.0,2855953441.0,0.0,0.0,-22.01,-5.04
1429,301163,宏德股份,31.56,1.54,0.48,24475.0,76395501.89,2.77,31.63,30.77,30.85,31.08,0.98,4.47,57.1,2.27,2575296000.0,1727141167.0,0.13,-0.19,10.62,17.81
1430,603605,珀莱雅,60.15,1.54,0.91,33319.0,199617941.0,3.33,60.88,58.91,59.2,59.24,1.09,0.84,17.42,4.24,23817956881.0,23817956881.0,-0.08,0.02,-13.66,-12.16
1431,600262,北方股份,27.72,1.54,0.42,90421.0,247939955.0,5.57,28.1,26.58,27.32,27.3,1.66,5.32,21.87,2.63,4712400000.0,4712400000.0,0.0,0.04,-3.08,6.49
1432,920978,开特股份,28.97,1.54,0.44,56770.0,165528454.92,6.45,29.85,28.01,28.63,28.53,2.17,5.62,30.12,6.66,5215424718.0,2924085444.0,0.0,-0.07,-19.42,-21.49
1433,002171,楚江新材,11.97,1.53,0.18,432648.0,518412115.8,2.12,12.09,11.84,11.84,11.79,1.42,2.68,41.02,2.24,19426566328.0,19316485396.0,-0.08,0.0,-13.82,-9.73
1434,002363,隆基机械,8.65,1.53,0.13,125018.0,106999526.33,2.58,8.65,8.43,8.55,8.52,0.68,3.01,65.23,1.69,3606144354.0,3596308145.0,0.23,0.23,-13.07,-14.36
1435,601233,桐昆股份,19.92,1.53,0.3,345113.0,687608043.0,6.57,20.48,19.19,19.61,19.62,0.82,1.45,22.95,1.26,47389709681.0,47303470622.0,0.25,0.1,5.96,15.75
1436,688152,麒麟信安,35.24,1.53,0.53,9640.0,33958169.0,2.33,35.58,34.77,35.02,34.71,1.0,0.94,-61.22,2.95,3623741851.0,3623741851.0,-0.03,0.14,-23.66,-12.66
1437,603630,拉芳家化,16.58,1.53,0.25,26527.0,43698905.0,3.0,16.61,16.12,16.41,16.33,1.09,1.18,222.99,1.95,3733891936.0,3733891936.0,0.0,0.06,-31.69,-14.36
1438,002436,兴森科技,26.55,1.53,0.4,1278595.0,3416041717.92,3.52,27.28,26.36,26.6,26.15,0.8,8.46,257.39,8.37,45126333098.0,40103702147.0,0.11,-0.15,16.7,25.41
1439,603516,淳中科技,149.55,1.53,2.25,59221.0,884179217.0,4.83,151.8,144.68,146.0,147.3,0.98,2.91,-779.76,21.84,30398771124.0,30398771124.0,-0.01,-0.17,-39.21,-33.09
1440,600851,海欣股份,8.63,1.53,0.13,175756.0,150348129.0,2.47,8.64,8.43,8.43,8.5,1.26,2.38,54.26,2.23,10416899252.0,6370718729.0,0.12,0.23,16.94,26.35
1441,000550,江铃汽车,19.26,1.53,0.29,69920.0,134212962.04,4.16,19.52,18.73,18.92,18.97,1.14,1.35,14.0,1.42,16625501640.0,9985600462.0,0.0,0.05,6.47,3.55
1442,600822,上海物贸,9.97,1.53,0.15,42936.0,42728642.0,2.34,10.04,9.81,9.83,9.82,0.63,1.08,187.98,4.04,4944849953.0,3949594643.0,0.0,0.0,-11.14,-6.91
1443,600195,中牧股份,7.94,1.53,0.12,172709.0,136013330.0,1.66,7.94,7.81,7.88,7.82,0.59,1.69,26.98,1.42,8107917184.0,8107917184.0,0.0,0.25,0.25,0.89
1444,600684,珠江股份,4.68,1.52,0.07,160011.0,74334062.0,3.25,4.72,4.57,4.61,4.61,0.97,1.87,69.95,4.09,5176427644.0,3994196184.0,0.0,-0.21,-0.43,7.34
1445,301051,信濠光电,22.69,1.52,0.34,27699.0,62723085.12,4.07,23.12,22.21,22.42,22.35,0.78,1.72,-39.27,2.09,4607056017.0,3653270749.0,0.0,0.04,13.22,15.77
1446,603303,得邦照明,16.04,1.52,0.24,21958.0,35200417.0,3.92,16.18,15.56,15.79,15.8,1.23,0.46,28.95,2.41,7650190983.0,7650190983.0,0.0,0.19,16.82,24.44
1447,301170,锡南科技,29.42,1.52,0.44,10045.0,29360048.37,1.9,29.48,28.93,29.0,28.98,0.98,2.99,27.57,1.67,2942000000.0,987789004.0,-0.03,0.03,-0.54,5.26
1448,300213,佳讯飞鸿,8.03,1.52,0.12,95245.0,76033978.66,2.02,8.04,7.88,7.91,7.91,1.21,1.72,-243.14,2.17,4772748220.0,4434341600.0,0.12,0.12,-19.62,-15.65
1449,600460,士兰微,27.35,1.52,0.41,281833.0,769875262.0,1.97,27.47,26.94,26.95,26.94,1.22,1.69,97.79,3.81,45512364961.0,45512364961.0,0.04,0.04,-7.13,-3.73
1450,301289,国缆检测,56.91,1.52,0.85,8464.0,47931930.44,2.53,57.1,55.68,56.0,56.06,1.52,1.09,50.42,4.49,4438980000.0,4410576219.0,0.0,-0.05,-5.93,-3.08
1451,000823,超声电子,16.04,1.52,0.24,289408.0,465917243.32,4.81,16.44,15.68,15.76,15.8,0.98,5.39,38.72,1.81,8613505536.0,8613140722.0,0.12,-0.25,13.12,18.29
1452,001228,永泰运,34.39,1.51,0.51,18364.0,62188483.8,3.31,34.39,33.27,33.88,33.88,0.87,2.3,28.05,2.09,3571903904.0,2746543904.0,0.12,0.23,19.91,31.06
1453,920593,鼎智科技,28.28,1.51,0.42,38186.0,108998747.38,6.14,29.32,27.61,28.0,27.86,1.78,2.36,186.28,7.48,5381808206.0,4570338634.0,-0.07,-0.18,-20.56,-22.56
1454,603939,益丰药房,22.79,1.51,0.34,73078.0,165677709.0,3.92,23.04,22.16,22.38,22.45,0.79,0.6,16.92,2.52,27630421223.0,27630421223.0,-0.04,0.09,1.29,4.93
1455,000608,*ST阳光,4.03,1.51,0.06,202028.0,79335416.49,4.53,4.04,3.86,3.9,3.97,1.09,2.71,-13.85,1.45,3022150635.0,3004073063.0,0.25,0.5,25.94,53.23
1456,002995,天地在线,24.25,1.51,0.36,132324.0,318697591.0,3.43,24.35,23.53,23.7,23.89,0.88,11.77,-72.77,4.84,4303271140.0,2726117294.0,0.04,0.04,25.06,46.79
1457,600871,石化油服,2.69,1.51,0.04,1593501.0,425428379.0,1.89,2.69,2.64,2.65,2.65,0.8,1.18,77.4,5.51,50994453291.0,36441463224.0,0.37,0.37,13.03,24.54
1458,000407,胜利股份,4.71,1.51,0.07,191898.0,90153312.2,1.94,4.73,4.64,4.65,4.64,1.16,2.19,26.61,1.36,4145198730.0,4124899129.0,0.0,0.0,-4.46,-5.99
1459,301551,无线传媒,30.32,1.51,0.45,41737.0,126294680.26,2.38,30.48,29.77,29.86,29.87,1.24,2.7,43.77,4.81,12128303200.0,4686068790.0,-0.03,0.0,-14.64,-3.9
1460,001387,雪祺电气,13.45,1.51,0.2,21719.0,28967701.2,1.81,13.46,13.22,13.38,13.25,1.07,1.91,39.79,1.97,2461758880.0,1532093979.0,0.0,0.15,-8.44,-2.68
1461,300335,迪森股份,6.73,1.51,0.1,250432.0,167639809.47,3.02,6.8,6.6,6.76,6.63,0.69,6.52,73.03,1.68,3210293371.0,2585392351.0,0.0,-0.15,9.97,16.84
1462,301386,未来电器,26.94,1.51,0.4,19038.0,51001611.0,1.73,26.98,26.52,26.52,26.54,1.03,4.23,39.66,2.54,3771600000.0,1212300000.0,0.19,0.04,3.62,14.64
1463,920402,硅烷科技,9.42,1.51,0.14,56352.0,52930496.43,3.99,9.54,9.17,9.19,9.28,1.57,2.07,-35.22,2.58,3975805831.0,2570466269.0,0.0,0.32,-13.97,-6.73
1464,603078,江化微,23.63,1.5,0.35,110788.0,260668359.0,2.15,23.75,23.25,23.28,23.28,1.43,2.87,86.75,4.7,9112608170.0,9112608170.0,0.0,0.17,10.32,32.38
1465,600456,宝钛股份,35.3,1.5,0.52,98535.0,346729810.0,1.67,35.38,34.8,34.89,34.78,1.57,2.06,40.58,2.33,16865547127.0,16865547127.0,-0.03,0.0,-7.35,-10.52
1466,605108,同庆楼,16.9,1.5,0.25,24931.0,41942790.0,2.16,16.92,16.56,16.64,16.65,1.23,0.96,109.13,1.97,4394000000.0,4394000000.0,-0.06,0.0,-17.12,-12.07
1467,600371,万向德农,8.77,1.5,0.13,51360.0,44838456.0,1.74,8.79,8.64,8.65,8.64,0.91,1.76,462.92,4.79,2565909060.0,2565909060.0,-0.23,0.0,-2.01,0.57
1468,600386,北巴传媒,4.07,1.5,0.06,103307.0,41672362.0,3.24,4.09,3.96,4.0,4.01,1.01,1.28,-315.54,1.94,3282048000.0,3282048000.0,0.0,-0.49,-11.14,-7.29
1469,300610,晨化股份,12.16,1.5,0.18,52726.0,63777892.0,2.42,12.18,11.89,11.93,11.98,1.22,3.15,25.28,2.21,2614497037.0,2038309396.0,0.08,-0.08,-0.57,4.74
1470,920570,坤博精工,30.4,1.5,0.45,7379.0,22458327.0,3.71,30.74,29.63,30.01,29.95,1.37,3.03,154.63,4.37,1525162558.0,740690680.0,0.73,0.8,-18.76,-10.22
1471,920895,花溪科技,17.54,1.5,0.26,8259.0,14569742.49,5.79,18.05,17.05,17.19,17.28,1.83,2.87,-239.43,5.11,991430960.0,504045226.0,0.0,-0.06,-19.76,-14.27
1472,002307,北新路桥,4.73,1.5,0.07,309677.0,145111023.5,3.0,4.73,4.59,4.62,4.66,0.98,2.44,-76.87,1.79,7798724935.0,5999019183.0,0.0,0.21,-3.86,-6.34
1473,001230,劲旅环境,28.41,1.5,0.42,54969.0,155155996.84,3.14,28.76,27.88,28.26,27.99,1.51,7.0,22.89,1.97,3810521279.0,2231783631.0,0.18,0.21,21.15,30.38
1474,600026,中远海能,22.28,1.5,0.33,591031.0,1310998735.0,3.96,22.53,21.66,22.13,21.95,0.76,1.7,30.16,2.62,121765120293.0,77418018081.0,-0.09,0.0,55.91,90.75
1475,002780,三夫户外,15.03,1.49,0.22,28198.0,41989731.1,2.9,15.05,14.62,14.81,14.81,0.68,2.16,87.87,3.44,2485386546.0,1963695938.0,0.07,0.0,1.9,4.67
1476,002397,梦洁股份,4.1,1.49,0.06,171641.0,70165353.0,3.71,4.16,4.01,4.03,4.04,0.72,2.65,90.03,2.57,3065903916.0,2656234585.0,0.24,0.24,3.02,1.74
1477,301105,鸿铭股份,59.3,1.49,0.87,8407.0,49564469.92,4.95,59.89,57.0,58.62,58.43,1.31,5.11,-235.75,3.55,2965000000.0,974743572.0,0.12,-0.35,9.01,24.4
1478,600400,红豆股份,2.04,1.49,0.03,278806.0,56579825.0,2.49,2.05,2.0,2.01,2.01,0.98,1.22,-16.03,2.0,4674398578.0,4674398578.0,0.0,0.0,-16.05,-14.29
1479,688563,航材股份,61.17,1.49,0.9,42179.0,257202681.0,3.12,61.71,59.83,60.36,60.27,1.4,3.61,51.34,2.64,27526500000.0,7156216702.0,-0.02,-0.03,1.36,4.65
1480,600163,中闽能源,6.13,1.49,0.09,362239.0,221201789.0,1.32,6.14,6.06,6.08,6.04,0.78,1.9,26.67,1.68,11665366357.0,11665366357.0,0.0,0.0,11.86,13.1
1481,301421,波长光电,100.0,1.49,1.47,79254.0,781653830.24,4.6,100.93,96.4,97.41,98.53,1.69,17.11,446.92,9.59,11571800000.0,4630848500.0,0.0,0.0,-6.1,-3.98
1482,601137,博威合金,20.54,1.48,0.3,194201.0,400482485.0,4.0,20.98,20.17,20.17,20.24,1.35,2.12,151.05,2.03,18865748655.0,18851781455.0,-0.1,-0.05,-11.62,-3.88
1483,688249,晶合集成,30.27,1.48,0.44,268480.0,812315846.0,3.12,30.68,29.75,30.18,29.83,1.31,2.26,86.3,2.79,60769800668.0,35967366004.0,0.03,0.07,-16.08,-8.8
1484,600137,浪莎股份,22.69,1.48,0.33,47447.0,106399934.0,5.64,23.13,21.87,22.34,22.36,1.43,4.88,84.42,4.06,2205867072.0,2205867072.0,-0.31,0.04,15.35,17.99
1485,601877,正泰电器,33.0,1.48,0.48,307130.0,1009661701.0,2.74,33.18,32.29,32.51,32.52,0.81,1.43,13.99,1.56,70915976208.0,70915976208.0,0.0,0.03,10.78,18.32
1486,688356,键凯科技,109.37,1.48,1.6,9886.0,108360367.0,4.21,111.43,106.89,109.7,107.77,0.83,1.63,104.64,5.03,6633367059.0,6633367059.0,0.03,0.22,1.62,33.05
1487,000981,山子高科,4.11,1.48,0.06,3802917.0,1542799787.99,4.69,4.15,3.96,4.03,4.05,1.54,4.0,70.55,24.41,41089605350.0,39099893542.0,0.0,-0.24,-19.41,-1.2
1488,600889,南京化纤,15.12,1.48,0.22,40131.0,60924098.0,4.03,15.37,14.77,14.89,14.9,0.94,1.1,-121.55,14.88,8437230935.0,5539151671.0,0.0,0.2,-6.67,-10.53
1489,688586,江航装备,14.44,1.48,0.21,77305.0,111575250.0,2.81,14.58,14.18,14.23,14.23,0.98,0.98,207.71,4.62,11426937413.0,11426937413.0,-0.07,0.07,-1.77,10.74
1490,920870,恒进感应,15.08,1.48,0.22,24318.0,36896752.93,5.45,15.49,14.68,14.85,14.86,2.31,3.68,122.79,4.47,2020720000.0,995323732.0,-0.07,-0.2,-20.21,-14.03
1491,300746,汉嘉数智,13.67,1.48,0.2,46166.0,62551499.02,3.71,13.72,13.22,13.22,13.47,1.33,2.07,91.26,4.01,3085842944.0,3055866302.0,-0.07,-0.22,-2.22,7.89
1492,600250,南京商旅,11.68,1.48,0.17,228085.0,266907305.0,3.13,11.87,11.51,11.51,11.51,0.72,7.29,197.94,5.85,3653403599.0,3653403599.0,0.0,-0.09,-2.75,1.48
1493,000738,航发控制,21.97,1.48,0.32,364418.0,793524292.51,3.65,22.12,21.33,21.68,21.65,1.46,2.77,86.4,2.32,28894592502.0,28894592502.0,-0.09,0.0,0.5,3.1
1494,300061,旗天科技,8.26,1.47,0.12,100477.0,82742004.6,2.46,8.28,8.08,8.11,8.14,1.13,1.61,-146.38,10.39,5443287772.0,5139121763.0,0.0,-0.12,-27.29,-21.48
1495,002582,好想你,12.39,1.47,0.18,279115.0,346084060.16,3.85,12.65,12.18,12.21,12.21,0.84,8.11,-883.52,1.78,5547100769.0,4265160895.0,0.0,0.16,-8.02,12.13
1496,002773,康弘药业,27.01,1.47,0.39,181686.0,491435285.82,5.6,27.88,26.39,26.62,26.62,1.28,2.65,18.07,2.71,24884878968.0,18551387123.0,0.0,0.19,-19.4,-9.88
1497,601998,中信银行,8.31,1.47,0.12,409858.0,338871207.0,2.08,8.33,8.16,8.17,8.19,1.28,0.1,6.55,0.64,462411298414.0,338740524075.0,0.36,0.12,8.91,7.92
1498,000551,创元科技,14.45,1.47,0.21,115759.0,166680812.6,2.53,14.52,14.16,14.24,14.24,0.98,2.39,23.75,2.41,7004392515.0,7001707069.0,0.07,0.07,-4.56,-1.7
1499,300947,德必集团,17.34,1.46,0.25,36198.0,62428187.02,4.27,17.56,16.83,17.15,17.09,0.98,2.4,195.65,2.1,2620727649.0,2619687856.0,0.06,0.29,-17.62,-13.9
1500,603188,亚邦股份,4.88,1.46,0.07,109460.0,52991847.0,2.7,4.89,4.76,4.83,4.81,0.81,1.92,101.13,3.63,2782429600.0,2782429600.0,-0.2,0.0,3.83,6.32
1501,000514,渝 开 发,4.87,1.46,0.07,129201.0,62302032.58,2.5,4.88,4.76,4.81,4.8,1.12,1.53,608.16,1.13,4109164600.0,4109164600.0,0.0,0.0,-3.56,-1.02
1502,301469,恒达新材,34.75,1.46,0.5,14045.0,48507062.2,2.57,34.9,34.02,34.29,34.25,1.27,3.05,42.5,2.26,3109430000.0,1600539304.0,0.09,-0.03,11.27,14.42
1503,600963,岳阳林纸,4.88,1.46,0.07,255372.0,123186003.0,3.53,4.92,4.75,4.81,4.81,1.28,1.45,-36.5,1.13,8576931128.0,8576931128.0,0.0,0.41,7.73,4.5
1504,300876,蒙泰高新,27.16,1.46,0.39,24367.0,65726480.64,2.99,27.3,26.5,26.86,26.77,1.68,3.0,-47.67,2.89,2952832593.0,2202809193.0,0.0,0.15,-14.19,-22.99
1505,002250,联化科技,16.69,1.46,0.24,124033.0,205451736.31,2.37,16.74,16.35,16.45,16.45,0.92,1.39,35.67,2.28,15018883992.0,14937145368.0,0.06,0.24,-6.55,24.74
1506,601360,三六零,11.19,1.45,0.16,735735.0,820844941.0,2.54,11.26,10.98,11.01,11.03,1.09,1.05,-480.57,2.67,78325052666.0,78325052666.0,0.09,0.09,-18.91,0.18
1507,002404,嘉欣丝绸,7.0,1.45,0.1,67051.0,46638898.8,2.03,7.0,6.86,6.9,6.9,1.2,1.47,21.77,1.96,3920360787.0,3188804017.0,0.0,0.14,1.6,-0.14
1508,920007,酉立智能,57.49,1.45,0.82,5568.0,31960566.45,4.06,58.3,56.0,56.99,56.67,1.83,5.23,27.94,4.05,2554421551.0,611857447.0,-0.03,-0.14,-19.02,-16.63
1509,000811,冰轮环境,19.54,1.45,0.28,290567.0,566603690.32,4.47,19.92,19.06,19.6,19.26,1.11,2.97,34.36,3.04,19393019827.0,19117851607.0,0.0,0.05,22.66,5.51
1510,600227,赤天化,3.51,1.45,0.05,995418.0,343089836.0,4.91,3.51,3.34,3.46,3.46,0.86,7.79,-29.16,2.48,5927434174.0,4484375309.0,0.0,0.29,41.53,47.48
1511,002522,浙江众成,6.28,1.45,0.09,356830.0,224086172.48,3.39,6.36,6.15,6.17,6.19,0.85,3.94,89.45,2.46,5688294550.0,5683524840.0,0.0,-0.32,5.9,11.35
1512,002230,科大讯飞,48.94,1.45,0.7,434960.0,2120636422.64,2.43,49.07,47.9,48.2,48.24,1.32,1.99,-1272.68,6.36,113141816307.0,107141915212.0,-0.02,0.0,-22.8,-2.68
1513,601619,嘉泽新能,6.28,1.45,0.09,1813521.0,1138602559.0,4.36,6.38,6.11,6.17,6.19,1.32,7.45,25.61,2.32,18292219992.0,15289829556.0,-0.16,-0.16,27.13,41.44
1514,002167,东方锆业,13.33,1.45,0.19,295524.0,391268696.1,2.21,13.34,13.05,13.1,13.14,1.44,3.9,127.51,5.8,10326395089.0,10113643797.0,0.15,0.08,-0.6,7.94
1515,601126,四方股份,48.83,1.45,0.7,294525.0,1411173736.0,3.95,48.88,46.98,47.65,48.13,0.9,3.57,49.08,8.31,40683666685.0,40288920082.0,0.0,0.29,38.25,62.33
1516,300514,友讯达,13.38,1.44,0.19,27406.0,36552721.0,2.2,13.42,13.13,13.18,13.19,1.01,1.71,38.25,2.54,2676000000.0,2144256389.0,-0.15,0.0,-5.77,1.29
1517,002127,南极电商,2.82,1.44,0.04,212866.0,59786206.7,2.52,2.83,2.76,2.77,2.78,1.24,1.07,121.33,1.66,6922734536.0,5625147052.0,0.0,0.36,-18.97,-16.32
1518,688281,华秦科技,77.69,1.44,1.1,27369.0,212233984.0,3.25,78.39,75.9,76.62,76.59,1.02,1.0,67.56,4.48,21176015741.0,21176015741.0,0.03,0.08,-12.88,5.36
1519,600877,电科芯片,17.57,1.44,0.25,301694.0,527286513.0,2.42,17.7,17.28,17.35,17.32,1.19,2.55,1571.03,8.42,20803925274.0,20803925274.0,0.11,0.11,-14.75,0.11
1520,920802,保丽洁,14.78,1.44,0.21,8276.0,12239701.85,4.12,14.95,14.35,14.57,14.57,2.12,3.75,48.84,2.74,1212082526.0,326617205.0,0.34,0.2,-9.33,-4.09
1521,601096,宏盛华源,5.62,1.44,0.08,297654.0,166048214.0,2.17,5.63,5.51,5.52,5.54,0.91,1.81,40.51,3.23,15034371595.0,9233528160.0,0.0,0.18,28.02,35.42
1522,002640,跨境通,3.53,1.44,0.05,444341.0,156236699.0,2.3,3.54,3.46,3.47,3.48,1.33,2.87,-13.17,12.12,5499885895.0,5465364878.0,0.0,-0.28,-25.21,-22.08
1523,600168,武汉控股,4.94,1.44,0.07,76897.0,37584653.0,2.46,4.95,4.83,4.88,4.87,1.39,0.77,52.82,0.91,4907383991.0,4907383991.0,-0.2,0.0,-4.63,-2.95
1524,300531,优博讯,20.54,1.43,0.29,264405.0,539932063.0,3.56,20.62,19.9,20.07,20.25,1.13,8.56,77.35,4.69,6594961941.0,6341904479.0,0.1,0.15,9.43,13.86
1525,600727,鲁北化工,7.8,1.43,0.11,757641.0,593609199.0,7.15,8.16,7.61,7.69,7.69,3.49,14.33,107.73,1.29,4122948453.0,4122948453.0,-0.26,-0.13,10.48,14.04
1526,920640,富士达,40.3,1.43,0.57,97950.0,394199264.78,6.04,41.28,38.88,39.6,39.73,1.36,5.43,97.34,8.17,7565438400.0,7266570981.0,-0.12,-0.12,-10.24,7.12
1527,920066,科拜尔,22.64,1.43,0.32,6872.0,15685344.32,4.93,23.2,22.1,22.2,22.32,1.69,3.46,50.3,3.54,1422999301.0,449932101.0,0.09,-0.04,-15.21,-8.3
1528,601068,中铝国际,6.37,1.43,0.09,218572.0,139109513.0,2.71,6.45,6.28,6.29,6.28,1.39,0.85,73.88,6.35,19032517021.0,16304592549.0,0.0,0.16,10.02,20.42
1529,688348,昱能科技,53.98,1.43,0.76,22516.0,121102833.0,3.08,54.44,52.8,52.91,53.22,0.93,1.44,-64.35,2.46,8435855941.0,8435855941.0,0.02,0.02,-0.72,7.12
1530,600283,钱江水利,9.25,1.43,0.13,50209.0,46079870.0,2.19,9.27,9.07,9.1,9.12,1.4,0.92,24.01,1.65,5187630307.0,5033546498.0,-0.11,-0.11,-2.63,1.09
1531,600802,福建水泥,5.67,1.43,0.08,69457.0,39240419.0,1.97,5.69,5.58,5.6,5.59,0.64,1.52,-257.55,2.35,2598268428.0,2598268428.0,0.18,0.18,-10.28,-13.57
1532,920166,海圣医疗,30.0,1.42,0.42,16950.0,50966902.04,4.09,30.55,29.34,29.58,29.58,1.31,7.13,26.32,3.86,2258823540.0,712941210.0,0.13,0.13,137.34,137.34
1533,920167,同享科技,17.87,1.42,0.25,18332.0,32966601.35,4.2,18.24,17.5,17.6,17.62,1.43,2.8,90.63,3.12,1966173555.0,1168051320.0,0.0,-0.11,-2.62,4.44
1534,002259,升达林业,5.71,1.42,0.08,763974.0,427551610.14,6.22,5.75,5.4,5.68,5.63,2.36,10.15,32.58,11.3,4295794405.0,4295794405.0,-0.17,0.0,45.29,51.06
1535,000063,中兴通讯,35.83,1.42,0.5,823866.0,2953620474.55,2.43,36.09,35.23,35.32,35.33,1.03,2.05,30.51,2.28,171394055001.0,144309668743.0,0.03,0.03,-10.07,-5.31
1536,301390,经纬股份,35.79,1.42,0.5,12985.0,46324019.0,2.81,36.05,35.06,35.23,35.29,0.81,4.23,102.67,2.25,2147400000.0,1097891177.0,0.0,0.06,-1.78,7.32
1537,688158,优刻得-W,48.43,1.42,0.68,471944.0,2300357858.0,5.57,50.43,47.77,48.1,47.75,1.03,11.64,2015.77,9.13,22098855073.0,19637101364.0,-0.04,-0.31,66.03,72.41
1538,688127,蓝特光学,70.67,1.42,0.99,76039.0,533957447.0,4.74,71.38,68.08,70.09,69.68,0.88,1.87,73.77,13.1,28684790459.0,28684790459.0,-0.03,-0.01,65.5,83.61
1539,601858,中国科传,22.08,1.42,0.31,91738.0,200783360.0,3.49,22.21,21.45,21.51,21.77,1.13,1.16,42.18,3.18,17454240000.0,17454240000.0,0.0,0.0,-7.73,21.65
1540,300022,吉峰科技,9.97,1.42,0.14,281955.0,283986992.0,4.68,10.24,9.78,9.86,9.83,1.14,5.7,-157.84,9.74,4927576589.0,4927431027.0,-0.1,0.3,18.69,27.49
1541,000886,海南高速,5.75,1.41,0.08,131100.0,75056260.54,2.12,5.77,5.65,5.67,5.67,1.3,1.34,-401.16,1.88,5685762725.0,5622562164.0,0.0,-0.17,-10.85,-16.18
1542,603444,吉比特,388.38,1.41,5.4,24408.0,941893002.0,1.85,388.8,381.7,383.01,382.98,0.86,3.39,15.6,5.08,27979322806.0,27979322806.0,0.02,0.07,-17.82,-8.37
1543,301512,智信精密,47.47,1.41,0.66,14433.0,67880970.51,22.05,47.77,37.45,47.39,46.81,2.36,5.82,-46.04,2.51,2531736498.0,1177892098.0,-0.15,0.21,-1.92,8.53
1544,920124,南特科技,16.5,1.41,0.23,34158.0,56661497.28,4.79,16.9,16.12,16.21,16.27,2.25,4.46,24.73,2.33,2454099698.0,1262768249.0,-0.06,-0.06,-13.02,-9.39
1545,600640,国脉文化,12.23,1.41,0.17,86539.0,106148077.0,4.15,12.54,12.04,12.05,12.06,1.92,1.09,372.66,2.45,9731361346.0,9731361346.0,0.0,-0.08,-16.29,-2.63
1546,002486,嘉麟杰,2.88,1.41,0.04,224449.0,63990910.0,3.87,2.89,2.78,2.84,2.84,1.23,2.74,34.24,2.19,2373935328.0,2362944600.0,0.35,0.35,-4.95,-7.4
1547,300797,钢研纳克,15.87,1.41,0.22,30402.0,48004025.92,2.3,15.93,15.57,15.6,15.65,0.66,0.8,45.69,4.8,6073896693.0,6006665898.0,0.0,0.19,-12.42,-6.37
1548,002693,*ST双成,8.62,1.41,0.12,185981.0,161301317.99,4.35,8.91,8.54,8.8,8.5,1.78,4.53,187.71,8.67,3574625645.0,3542661358.0,-0.12,-0.12,17.28,23.85
1549,605580,恒盛能源,22.97,1.41,0.32,47265.0,108110100.0,3.75,23.32,22.47,22.69,22.65,0.96,1.69,41.23,6.28,6431600000.0,6431600000.0,0.0,-0.13,-17.49,1.82
1550,000521,长虹美菱,5.78,1.4,0.08,101991.0,58644138.5,1.4,5.78,5.7,5.72,5.7,1.51,1.16,14.5,0.98,5952959073.0,5060509322.0,0.0,0.17,-13.08,-11.76
1551,920469,富恒新材,9.39,1.4,0.13,24926.0,23570531.91,3.67,9.6,9.26,9.48,9.26,1.62,2.41,-13.9,3.96,1323482940.0,971378241.0,-0.11,0.21,-23.91,-23.22
1552,300226,上海钢联,25.4,1.4,0.35,76293.0,194146067.12,3.51,25.85,24.97,25.07,25.05,1.22,2.49,36.24,3.78,8095524119.0,7781433866.0,-0.2,-0.2,-14.99,1.11
1553,002830,名雕股份,21.75,1.4,0.3,20612.0,44618670.0,2.94,21.95,21.32,21.75,21.45,1.2,3.08,136.76,4.44,2900145000.0,1454041875.0,-0.09,0.09,7.67,11.54
1554,300945,曼卡龙,15.92,1.4,0.22,70755.0,112226140.85,2.8,16.05,15.61,15.66,15.7,1.12,2.97,30.62,2.51,4172180334.0,3795338300.0,0.06,0.25,-9.7,-1.49
1555,000630,铜陵有色,6.52,1.4,0.09,3261970.0,2127307207.53,2.95,6.64,6.45,6.45,6.43,1.19,2.93,36.2,2.36,87429754245.0,72652292368.0,0.15,0.15,6.36,8.49
1556,300139,晓程科技,57.35,1.4,0.79,246849.0,1414451248.38,2.81,57.96,56.37,56.51,56.56,0.94,10.56,153.46,14.18,15713900000.0,13400356554.0,0.0,-0.03,45.89,88.9
1557,300049,福瑞医科,57.78,1.4,0.8,76649.0,446723980.8,6.69,60.4,56.59,57.4,56.98,1.49,3.28,99.36,7.74,15310307502.0,13499731738.0,-0.09,-0.09,-30.89,-17.94
1558,300034,钢研高纳,19.54,1.4,0.27,150903.0,294442917.58,2.44,19.66,19.19,19.19,19.27,0.88,1.97,178.08,4.11,15572628941.0,14988288446.0,-0.05,-0.05,-12.96,-0.2
1559,600481,双良节能,6.58,1.39,0.09,645483.0,423934638.0,2.77,6.63,6.45,6.48,6.49,1.01,3.13,-18.74,2.99,13582314678.0,13582314678.0,0.0,0.0,-8.74,0.61
1560,920030,德众汽车,5.83,1.39,0.08,25942.0,15206490.98,3.13,5.94,5.76,5.77,5.75,1.61,2.31,-32.52,2.4,1042635340.0,655723659.0,0.0,0.0,-15.99,-14.89
1561,301109,军信股份,15.3,1.39,0.21,67116.0,102550018.16,2.25,15.4,15.06,15.14,15.09,1.29,2.91,16.85,1.56,12073242883.0,3524173267.0,-0.07,0.0,1.46,2.0
1562,601077,渝农商行,7.3,1.39,0.1,228910.0,166203940.0,1.81,7.3,7.17,7.19,7.2,0.68,0.26,6.84,0.63,82906100000.0,64519169586.0,0.0,0.14,16.61,16.61
1563,301380,挖金客,34.21,1.39,0.47,13302.0,45440467.62,2.73,34.52,33.6,33.93,33.74,1.08,1.65,97.37,4.77,3468635133.0,2762067985.0,0.09,-0.09,-14.33,-9.5
1564,002022,科华生物,5.82,1.39,0.08,84657.0,48704833.05,3.14,5.83,5.65,5.73,5.74,1.09,1.65,-4.09,1.15,2993520894.0,2993095306.0,0.34,0.0,-6.28,-2.02
1565,600797,浙大网新,9.49,1.39,0.13,579303.0,543051285.0,5.13,9.66,9.18,9.28,9.36,1.86,5.64,234.45,2.79,9751225251.0,9751225251.0,-0.11,0.21,-17.55,-4.24
1566,920375,派诺科技,14.61,1.39,0.2,73271.0,106602065.02,4.44,14.79,14.15,14.15,14.41,1.1,11.29,171.52,1.94,1587432749.0,948425507.0,0.0,0.07,-2.27,11.78
1567,920509,同惠电子,32.74,1.39,0.45,50526.0,164859909.65,5.79,33.57,31.7,31.9,32.29,2.25,6.02,75.95,14.17,5248408487.0,2749685663.0,0.06,0.09,-16.69,-12.9
1568,601838,成都银行,17.47,1.39,0.24,188425.0,327732602.0,1.74,17.48,17.18,17.21,17.23,1.2,0.44,5.85,0.87,74045465669.0,74045465669.0,0.06,-0.06,9.26,8.37
1569,605336,帅丰电器,15.33,1.39,0.21,78241.0,121826843.0,8.27,16.33,15.08,15.4,15.12,1.28,4.27,715.93,1.5,2811712859.0,2811712859.0,0.39,0.99,-13.49,-2.6
1570,000953,河化股份,6.62,1.38,0.09,64195.0,42191322.0,2.76,6.63,6.45,6.5,6.53,1.05,1.75,229.14,15.72,2423728931.0,2423728931.0,0.0,0.0,-10.3,-8.31
1571,920221,易实精密,15.4,1.38,0.21,13681.0,20986540.45,3.69,15.56,15.0,15.2,15.19,1.57,2.21,29.84,4.25,1787016000.0,951179583.0,0.2,0.79,-12.5,-10.62
1572,002163,海南发展,13.19,1.38,0.18,565248.0,747358145.26,5.38,13.56,12.86,13.03,13.01,2.69,7.03,-22.91,15.82,11144994266.0,10598809661.0,-0.23,-0.3,-25.56,-44.67
1573,301592,六九一二,128.26,1.38,1.74,20924.0,270218492.35,6.54,132.63,124.36,127.34,126.52,0.98,8.96,-299.25,10.24,8978200000.0,2995951462.0,0.04,0.06,1.75,4.96
1574,300729,乐歌股份,13.26,1.38,0.18,37550.0,49450926.57,2.83,13.32,12.95,13.05,13.08,0.96,1.14,20.11,1.24,4529784893.0,4350391148.0,0.0,0.15,-7.27,-2.57
1575,603391,力聚热能,66.05,1.38,0.9,13747.0,90671884.0,2.66,66.66,64.93,65.15,65.15,1.3,6.04,26.61,2.65,6010550000.0,1502637500.0,0.0,0.02,1.88,0.89
1576,000565,渝三峡Ａ,7.35,1.38,0.1,65007.0,47421669.24,2.34,7.36,7.19,7.26,7.25,0.99,1.5,144.93,2.56,3186902817.0,3186902817.0,0.14,0.0,-4.79,0.68
1577,688788,科思科技,58.34,1.37,0.79,22366.0,130892100.0,4.67,59.61,56.92,57.55,57.55,1.41,1.43,-31.44,5.0,9152052963.0,9152052963.0,0.0,-0.1,-12.7,-13.37
1578,301233,盛帮股份,55.51,1.37,0.75,9421.0,52038450.12,2.23,55.61,54.39,54.76,54.76,1.5,3.34,31.65,2.96,2857099700.0,1564306494.0,-0.09,-0.11,2.04,4.89
1579,001217,华尔泰,11.88,1.37,0.16,53376.0,63501281.0,4.1,12.1,11.62,11.72,11.72,1.09,1.62,-133.92,1.93,3942615600.0,3903566301.0,0.08,-0.08,-9.59,-14.53
1580,000753,漳州发展,6.67,1.37,0.09,205480.0,137067359.32,1.67,6.72,6.61,6.66,6.58,0.78,2.07,101.74,2.41,6613178744.0,6613178744.0,0.0,0.0,-9.13,-15.25
1581,603928,兴业股份,15.49,1.37,0.21,70268.0,107662707.0,2.81,15.51,15.08,15.24,15.28,1.68,2.68,39.98,2.57,4059619200.0,4059619200.0,0.06,0.0,-10.98,-3.49
1582,600202,哈空调,5.93,1.37,0.08,59569.0,35097672.0,2.39,5.95,5.81,5.87,5.85,0.83,1.55,-71.57,2.82,2273210185.0,2273210185.0,0.0,0.17,0.85,1.02
1583,688107,安路科技,31.09,1.37,0.42,84484.0,265905666.0,5.48,32.18,30.5,30.81,30.67,1.18,2.11,-45.74,13.21,12462406820.0,12462406820.0,-0.16,-0.16,6.88,14.39
1584,603829,洛凯股份,29.62,1.37,0.4,158804.0,472041857.0,10.64,31.0,27.89,28.45,29.22,2.54,8.53,57.94,4.32,5517203630.0,5517203630.0,0.07,-1.27,13.92,33.24
1585,600313,农发种业,7.44,1.36,0.1,422326.0,313732357.0,1.91,7.48,7.34,7.4,7.34,0.86,3.9,103.38,4.04,8640622329.0,8051558053.0,-0.13,0.0,13.76,15.53
1586,600981,苏豪汇鸿,2.98,1.36,0.04,185757.0,55010652.0,2.72,2.99,2.91,2.94,2.94,1.12,0.83,96.6,1.32,6682450912.0,6682450912.0,0.0,-0.33,-8.02,-5.1
1587,002458,益生股份,10.44,1.36,0.14,265776.0,274100581.76,5.92,10.55,9.94,10.25,10.3,1.42,3.69,27.97,2.61,11550950833.0,7520861797.0,-0.48,-0.1,14.1,24.58
1588,301633,港迪技术,63.94,1.36,0.86,2949.0,18737364.0,2.14,64.02,62.67,62.89,63.08,0.7,1.16,61.54,3.9,3560179200.0,1631150449.0,0.02,0.14,-8.64,-8.55
1589,300856,科思股份,12.7,1.36,0.17,28078.0,35467890.33,2.15,12.72,12.45,12.59,12.53,1.38,0.61,58.14,2.26,6041227732.0,5838642412.0,-0.16,-0.08,-7.9,-5.79
1590,920199,倍益康,35.87,1.36,0.48,16553.0,59352101.11,4.1,36.37,34.92,35.18,35.39,1.47,4.36,615.07,4.64,2443098526.0,1360450637.0,0.03,0.03,-21.25,3.7
1591,002243,力合科创,8.92,1.36,0.12,87900.0,78319744.04,2.73,8.96,8.72,8.79,8.8,1.05,0.73,61.06,1.48,10798589633.0,10740949227.0,0.0,0.0,-21.41,-10.35
1592,000570,苏常柴Ａ,6.7,1.36,0.09,675183.0,446922839.8,3.18,6.72,6.51,6.62,6.61,1.21,12.15,93.04,1.37,4728139797.0,3723139797.0,0.0,-0.15,19.86,20.5
1593,601718,际华集团,2.98,1.36,0.04,407277.0,120920695.0,3.06,3.01,2.92,2.94,2.94,1.28,0.93,-52.46,1.06,12995987119.0,12995987119.0,-0.33,0.0,-13.37,-11.04
1594,603122,合富中国,16.38,1.36,0.22,268256.0,436244210.0,4.58,16.6,15.86,16.16,16.16,0.54,6.74,-193.8,6.16,6520102129.0,6520102129.0,0.0,0.06,-11.22,-32.87
1595,002682,龙洲股份,6.02,1.35,0.08,178566.0,106687830.0,2.69,6.04,5.88,5.95,5.94,1.1,3.18,-26.55,3.14,3385458936.0,3385408368.0,-0.33,0.0,-17.98,-29.75
1596,601888,中国中免,67.69,1.35,0.9,292689.0,1970772168.0,4.27,68.86,66.01,66.73,66.79,1.23,1.5,39.22,2.52,140646054832.0,132163069573.0,-0.01,0.0,-24.46,-28.42
1597,300289,利德曼,6.74,1.35,0.09,65185.0,43872768.0,2.71,6.79,6.61,6.65,6.65,1.01,1.2,-159.54,2.24,3666637422.0,3660874722.0,0.0,0.0,-8.8,-3.3
1598,301272,英华特,41.91,1.35,0.56,7193.0,30037989.4,2.9,42.3,41.1,41.3,41.35,1.27,2.3,91.62,2.42,2451831393.0,1312977435.0,-0.1,-0.02,-1.46,2.1
1599,300046,台基股份,32.27,1.35,0.43,56464.0,181723925.36,1.7,32.38,31.84,31.84,31.84,1.26,2.39,155.47,6.72,7632867342.0,7632867342.0,-0.03,0.0,-15.9,-7.0
1600,300897,山科智能,26.26,1.35,0.35,13902.0,36381153.4,1.89,26.4,25.91,26.09,25.91,0.94,1.59,105.61,3.75,3682172053.0,2295645734.0,0.0,0.04,1.98,2.1
1601,601136,首创证券,16.54,1.35,0.22,118084.0,195854121.0,1.84,16.7,16.4,16.53,16.32,1.77,0.43,42.8,3.29,45209341052.0,45209341052.0,-0.06,-0.06,-12.67,-11.97
1602,300496,中科创达,62.17,1.35,0.83,107457.0,666287088.15,3.02,62.5,60.65,61.07,61.34,1.16,2.92,93.8,2.84,28646142022.0,22917166948.0,0.0,-0.03,-26.17,-7.9
1603,002651,利君股份,9.73,1.35,0.13,90438.0,87702500.5,2.19,9.76,9.55,9.58,9.6,1.43,1.6,174.74,3.63,10055565800.0,5501961227.0,-0.1,-0.1,-17.75,-16.77
1604,300511,雪榕生物,7.5,1.35,0.1,311287.0,231317211.0,2.3,7.51,7.34,7.42,7.4,1.15,5.56,-57.82,3.24,4806352620.0,4200405128.0,0.0,0.0,21.16,20.19
1605,688233,神工股份,76.5,1.35,1.02,59961.0,456964819.0,3.6,77.43,74.71,76.49,75.48,1.11,3.52,127.68,6.89,13028388804.0,13028388804.0,0.0,0.1,4.24,9.24
1606,300973,立高食品,34.05,1.34,0.45,23403.0,79307451.0,2.77,34.25,33.32,33.45,33.6,1.17,1.97,17.45,2.35,5766048656.0,4037129874.0,0.06,0.0,-23.43,-20.81
1607,000782,恒申新材,6.07,1.34,0.08,376520.0,228027887.14,3.84,6.13,5.9,5.95,5.99,1.54,7.13,-54.79,2.42,4167549760.0,3205807512.0,0.33,0.17,12.41,22.38
1608,688073,毕得医药,61.1,1.34,0.81,14492.0,89362025.0,5.46,63.26,59.97,60.02,60.29,1.05,1.59,36.48,2.71,5552948123.0,5552948123.0,0.02,-0.08,-14.7,0.08
1609,603237,五芳斋,17.37,1.34,0.23,12448.0,21483265.0,1.81,17.37,17.06,17.19,17.14,1.01,0.64,14.68,1.94,3423149968.0,3404723681.0,0.12,0.17,2.12,4.14
1610,301360,荣旗科技,83.23,1.34,1.1,27431.0,223099848.91,6.29,84.19,79.02,82.46,82.13,1.3,10.77,637.52,3.84,4439488200.0,2119035800.0,-0.02,-0.01,-1.33,17.39
1611,002387,维信诺,8.32,1.34,0.11,123398.0,102339071.04,1.95,8.35,8.19,8.21,8.21,1.16,0.88,-5.37,2.89,11621343078.0,11606369574.0,0.12,0.12,-6.2,-3.48
1612,600375,汉马科技,5.29,1.34,0.07,195122.0,102652632.0,1.72,5.29,5.2,5.22,5.22,1.09,1.33,178.23,2.52,8480247531.0,7737607670.0,0.0,0.19,-12.13,-10.03
1613,300397,天和防务,12.13,1.34,0.16,130561.0,157750804.24,2.26,12.18,11.91,11.91,11.97,1.19,3.22,-56.81,4.36,6278933717.0,4918780599.0,0.0,0.0,-18.97,-18.15
1614,300972,万辰集团,206.38,1.34,2.73,16450.0,339923579.0,4.12,210.7,202.31,203.64,203.65,0.99,0.94,29.36,26.28,39479128796.0,36182723627.0,-0.05,-0.06,6.56,2.64
1615,688383,新益昌,97.8,1.34,1.29,18236.0,176541682.0,3.63,98.5,95.0,97.97,96.51,1.24,1.79,-74.81,8.04,9941027700.0,9941027700.0,-0.07,0.29,21.57,24.95
1616,300879,大叶股份,25.77,1.34,0.34,48533.0,122991604.34,3.81,25.8,24.83,25.29,25.43,1.03,2.41,31.6,3.78,5215817926.0,5180503105.0,-0.04,-0.04,-13.96,-13.67
1617,301517,陕西华达,73.26,1.34,0.97,163407.0,1195009631.52,6.5,75.7,71.0,73.7,72.29,1.21,16.65,-580.87,8.27,11079650459.0,7190987681.0,0.0,-0.04,-6.08,5.44
1618,001337,四川黄金,48.46,1.34,0.64,83013.0,402475903.63,2.61,48.9,47.65,47.65,47.82,0.92,1.98,43.69,11.13,20353200000.0,20353200000.0,-0.04,-0.06,39.9,73.94
1619,601929,吉视传媒,3.02,1.34,0.04,886061.0,265638341.0,2.35,3.02,2.95,2.98,2.98,1.29,2.54,-22.81,2.11,10539160267.0,10539160267.0,0.0,0.0,-29.27,-12.21
1620,002703,浙江世宝,20.43,1.34,0.27,346260.0,703335299.09,3.92,20.66,19.87,20.01,20.16,1.02,5.91,93.1,8.1,16806379605.0,11972962152.0,0.0,0.05,-20.91,-0.83
1621,300564,筑博设计,15.17,1.34,0.2,19023.0,28564167.38,2.54,15.18,14.8,14.93,14.97,0.92,1.68,-121.11,2.03,2447151584.0,1717118848.0,0.13,0.2,-15.2,-3.68
1622,601107,四川成渝,6.09,1.33,0.08,139324.0,84816124.0,2.66,6.15,5.99,6.03,6.01,0.88,0.64,12.31,1.1,18623585400.0,13171086600.0,0.0,0.0,2.18,0.16
1623,300341,麦克奥迪,15.29,1.33,0.2,42560.0,65157303.0,2.12,15.42,15.1,15.17,15.09,0.89,0.83,41.17,4.11,7911204037.0,7879984915.0,-0.07,0.0,-17.44,-6.43
1624,301596,瑞迪智驱,70.84,1.33,0.93,8725.0,61598148.86,2.57,71.4,69.6,70.0,69.91,1.23,2.79,51.7,6.44,5466389852.0,2218468865.0,-0.01,0.24,-10.19,-9.9
1625,301329,信音电子,23.77,1.32,0.31,19669.0,46546038.88,1.75,23.81,23.4,23.44,23.46,0.85,3.28,65.63,2.59,4045654000.0,1424868880.0,0.0,0.08,-6.67,0.98
1626,603979,金诚信,63.71,1.32,0.83,86119.0,551423905.0,3.24,65.0,62.96,63.72,62.88,1.04,1.38,17.0,3.81,39741591329.0,39741591329.0,-0.02,-0.02,-17.46,-16.34
1627,002172,澳洋健康,3.83,1.32,0.05,134964.0,51305795.0,2.12,3.83,3.75,3.78,3.78,0.86,1.76,71.03,16.67,2932754939.0,2930488996.0,0.26,0.0,-12.95,-3.53
1628,300616,尚品宅配,12.28,1.32,0.16,25704.0,31365681.65,2.31,12.3,12.02,12.1,12.12,1.06,1.66,-26.02,0.88,2757056234.0,1903501212.0,0.16,0.24,-18.51,-11.84
1629,603697,有友食品,9.95,1.32,0.13,44796.0,44299430.0,1.83,9.96,9.78,9.83,9.82,1.1,1.05,22.93,2.4,4255536375.0,4255536375.0,0.0,0.0,-23.17,-18.78
1630,920578,巨能股份,19.97,1.32,0.26,10786.0,21713780.14,4.31,20.45,19.6,19.71,19.71,1.49,4.69,-596.87,5.77,1527287567.0,459310000.0,0.3,0.1,-25.93,-23.34
1631,300422,博世科,4.61,1.32,0.06,70650.0,32375507.95,2.42,4.63,4.52,4.55,4.55,0.88,1.38,-8.7,2.22,2461188593.0,2357793213.0,0.22,0.0,-3.15,0.44
1632,920371,欧福蛋业,10.0,1.32,0.13,19707.0,19733104.27,2.74,10.12,9.85,9.85,9.87,1.21,1.01,23.87,3.33,2054455360.0,1944094010.0,0.1,0.2,-9.99,-3.47
1633,000545,金浦钛业,3.08,1.32,0.04,443182.0,135825895.0,2.63,3.09,3.01,3.03,3.04,1.02,4.5,-9.8,3.33,3039445936.0,3035041536.0,0.0,0.33,-1.6,9.22
1634,605169,洪通燃气,12.32,1.32,0.16,22883.0,28085170.0,2.14,12.38,12.12,12.23,12.16,0.89,0.81,28.29,1.78,3485081600.0,3485081600.0,-0.08,0.0,-13.54,-6.53
1635,002040,南 京 港,10.04,1.31,0.13,70711.0,70615700.9,1.92,10.05,9.86,9.9,9.91,0.9,1.45,26.98,1.44,4898987729.0,4880197468.0,0.0,0.1,-3.28,1.93
1636,603101,汇嘉时代,10.08,1.31,0.13,401297.0,405511568.0,4.92,10.35,9.86,9.89,9.95,1.29,8.53,44.22,3.34,4741632000.0,4741632000.0,0.0,-0.3,1.0,5.44
1637,600097,开创国际,10.85,1.31,0.14,30239.0,32604497.0,2.15,10.91,10.68,10.75,10.71,1.11,1.26,35.38,1.13,2614161665.0,2614161665.0,0.09,-0.18,-8.36,-4.49
1638,300124,汇川技术,66.52,1.31,0.86,332160.0,2206315506.42,2.07,66.97,65.61,66.0,65.66,1.09,1.38,31.75,5.24,180084847270.0,159552661407.0,-0.02,0.03,-17.71,-11.7
1639,603991,至正股份,117.24,1.31,1.52,29761.0,348609201.0,4.3,119.49,114.51,115.72,115.72,1.16,3.99,-390.57,5.12,17903686400.0,8738483166.0,0.09,0.03,52.2,59.19
1640,301263,泰恩康,29.33,1.31,0.38,42538.0,123799864.4,3.32,29.49,28.53,28.98,28.95,1.03,1.4,298.04,7.2,12479841675.0,8904178993.0,-0.03,0.1,-3.87,1.17
1641,301382,蜂助手,40.87,1.31,0.53,188625.0,774604674.57,7.14,42.38,39.5,42.01,40.34,0.89,10.7,65.12,6.3,11672222816.0,7204912548.0,-0.02,-0.05,-0.02,15.32
1642,002910,庄园牧场,10.8,1.31,0.14,29888.0,32027845.0,2.72,10.8,10.51,10.66,10.66,0.89,1.75,-32.7,2.02,2111824948.0,1847469060.0,0.28,0.19,-15.63,-2.79
1643,688369,致远互联,25.5,1.31,0.33,29586.0,75677888.0,4.53,26.0,24.86,24.97,25.17,0.63,2.57,-11.3,3.85,2938060811.0,2938060811.0,0.0,-0.08,-17.48,0.28
1644,301333,诺思格,68.62,1.31,0.89,14715.0,100677398.82,2.97,69.2,67.19,67.73,67.73,0.75,1.53,48.41,3.37,6627405787.0,6617969164.0,0.03,0.07,-9.7,15.23
1645,601566,九牧王,10.82,1.31,0.14,52580.0,56735557.0,1.78,10.84,10.65,10.69,10.68,1.3,0.92,15.03,1.52,6217573963.0,6217573963.0,0.0,0.09,-13.16,-17.47
1646,605369,拱东医疗,17.94,1.3,0.23,8063.0,14299931.0,2.43,17.94,17.51,17.67,17.71,1.04,0.37,41.22,2.31,3955643505.0,3955643505.0,0.0,0.11,-7.86,-3.86
1647,300803,指南针,100.83,1.3,1.29,171721.0,1735053692.75,2.89,102.19,99.31,99.55,99.54,0.87,2.84,269.77,22.04,61485318789.0,61036349721.0,0.03,-0.09,-25.44,-22.91
1648,003012,东鹏控股,6.24,1.3,0.08,101428.0,63167537.5,2.11,6.27,6.14,6.2,6.16,1.18,0.89,15.52,0.95,7219562426.0,7141743997.0,-0.32,-0.16,-7.42,-4.73
1649,600748,上实发展,5.44,1.3,0.07,223966.0,121785283.0,2.79,5.53,5.38,5.41,5.37,0.98,1.21,-16.24,0.96,10034422132.0,10034422132.0,-0.18,0.0,-12.12,0.37
1650,002757,南兴股份,22.65,1.3,0.29,234027.0,527811197.75,2.95,22.78,22.12,22.38,22.36,1.21,8.3,54.66,3.35,6692076429.0,6388521311.0,0.04,0.04,-4.75,16.33
1651,000678,襄阳轴承,12.43,1.3,0.16,128191.0,158709054.4,3.1,12.46,12.08,12.31,12.27,0.66,2.79,-159.53,7.16,5712974637.0,5712974637.0,0.0,0.16,-15.04,-17.3
1652,603983,丸美生物,24.91,1.3,0.32,21269.0,52758329.0,1.99,24.95,24.46,24.59,24.59,1.29,0.53,40.4,3.0,9988910000.0,9988910000.0,-0.16,-0.04,-28.23,-24.86
1653,600416,湘电股份,12.49,1.3,0.16,226649.0,282146020.0,2.68,12.57,12.24,12.33,12.33,1.16,1.54,82.01,1.9,18432521976.0,18432521976.0,-0.08,0.0,-21.1,-20.85
1654,920792,东和新材,11.72,1.3,0.15,15620.0,18387696.79,3.63,11.94,11.52,11.59,11.57,2.34,1.54,25.85,1.86,1940128800.0,1191060681.0,-0.34,-0.17,-7.28,-2.66
1655,300091,*ST金灵,3.12,1.3,0.04,147214.0,45650563.1,1.62,3.12,3.07,3.07,3.08,0.8,0.9,-24.79,11.21,8867180609.0,5102516066.0,0.0,0.0,11.03,11.03
1656,300887,谱尼测试,10.1,1.3,0.13,114788.0,115476122.51,1.81,10.14,9.96,9.97,9.97,1.26,3.17,-20.79,1.92,5511945851.0,3658191922.0,-0.1,0.0,-21.95,5.21
1657,002998,优彩资源,9.37,1.3,0.12,123338.0,115410123.58,3.14,9.44,9.15,9.29,9.25,0.68,4.56,25.96,1.89,3324604856.0,2534493399.0,0.0,0.0,22.01,24.11
1658,605011,杭州热电,19.63,1.29,0.25,34251.0,66885486.0,2.01,19.68,19.29,19.3,19.38,1.27,0.86,42.12,3.23,7853963000.0,7853963000.0,-0.05,-0.1,-5.17,-3.96
1659,920826,盖世食品,11.03,1.29,0.14,42678.0,47167092.32,3.95,11.21,10.78,10.81,10.89,1.32,6.83,32.57,4.06,1549889428.0,689093437.0,0.0,0.18,-21.49,-17.25
1660,300007,汉威科技,44.86,1.29,0.57,114211.0,512462928.2,1.81,45.13,44.33,44.33,44.29,1.44,4.04,92.49,5.01,14689210468.0,12692970525.0,0.02,0.04,-21.26,-16.31
1661,601328,交通银行,7.05,1.29,0.09,1315254.0,922066157.0,1.58,7.05,6.94,6.95,6.96,1.15,0.5,6.51,0.55,622964678772.0,183810698961.0,0.14,0.14,1.73,-2.76
1662,301172,君逸数码,30.66,1.29,0.39,69899.0,214225726.95,5.52,31.43,29.76,30.12,30.27,0.87,7.08,231.35,3.61,5288236800.0,3028168013.0,-0.16,-0.13,23.68,39.3
1663,300877,金春股份,28.17,1.29,0.36,23330.0,66335448.5,4.89,29.14,27.78,27.82,27.81,0.9,1.94,34.33,2.03,3380400000.0,3380370422.0,-0.04,-0.11,-4.48,-3.76
1664,603028,赛福天,8.62,1.29,0.11,40034.0,34175821.0,2.7,8.67,8.44,8.5,8.51,1.01,1.41,1305.87,4.83,2474284800.0,2449717800.0,0.12,0.12,-9.36,-7.51
1665,000767,晋控电力,3.92,1.29,0.05,1352947.0,526079700.97,3.1,3.94,3.82,3.87,3.87,0.86,4.65,28.68,1.92,12061613498.0,11416006029.0,0.26,0.26,33.79,40.0
1666,600198,大唐电信,8.61,1.29,0.11,132555.0,113664926.0,2.12,8.63,8.45,8.45,8.5,1.09,1.02,-169.79,40.94,11224026488.0,11209787812.0,0.0,0.12,-21.94,-10.78
1667,300649,杭州园林,15.68,1.29,0.2,21020.0,32810683.0,1.81,15.73,15.45,15.49,15.48,0.79,1.98,221.22,4.15,2076292429.0,1663911644.0,0.13,0.06,5.52,9.19
1668,002056,横店东磁,19.64,1.29,0.25,250582.0,490531920.1,2.32,19.75,19.3,19.32,19.39,0.74,1.54,17.26,3.01,31948625133.0,31915620801.0,0.0,0.05,-4.43,0.72
1669,300958,建工修复,13.39,1.29,0.17,26467.0,35188167.08,2.27,13.42,13.12,13.25,13.22,0.86,2.91,-21.92,1.69,2098702793.0,1219151828.0,0.3,0.07,2.29,7.9
1670,600238,*ST椰岛,4.73,1.28,0.06,94391.0,44663797.0,5.57,4.85,4.59,4.63,4.67,0.62,2.12,-231.13,20.89,2119986000.0,2106134573.0,-0.21,0.0,-26.55,-25.28
1671,600408,安泰集团,3.17,1.28,0.04,378673.0,118770083.0,2.56,3.17,3.09,3.13,3.13,1.05,3.76,-15.36,2.35,3191556000.0,3191556000.0,0.0,0.0,-24.16,-21.34
1672,301175,中科环保,6.32,1.28,0.08,182744.0,114593272.8,2.08,6.33,6.2,6.23,6.24,1.11,2.94,24.37,2.51,9302281600.0,3930281600.0,0.0,0.0,3.95,6.94
1673,301209,联合化学,96.35,1.28,1.22,21447.0,210231792.15,6.11,100.6,94.79,95.13,95.13,2.7,2.24,170.69,14.14,10791200000.0,9219057050.0,0.0,-0.04,-10.69,-14.65
1674,000905,厦门港务,11.09,1.28,0.14,109940.0,121770860.39,1.28,11.13,10.99,10.99,10.95,0.63,1.48,83.14,1.62,17104194755.0,8226646251.0,0.0,0.18,-13.9,-14.95
1675,600592,龙溪股份,20.5,1.28,0.26,72363.0,147784061.0,2.27,20.56,20.1,20.3,20.24,1.29,1.81,52.53,3.22,8190848206.0,8190848206.0,0.0,0.05,-19.39,-24.94
1676,300904,威力传动,60.77,1.28,0.77,9009.0,54148625.75,3.35,61.06,59.05,59.74,60.0,0.95,4.13,-56.99,6.67,4398729009.0,1325916200.0,0.0,-0.05,-7.09,-2.94
1677,002145,钛能化学,4.74,1.28,0.06,483636.0,229817835.89,2.56,4.79,4.67,4.68,4.68,1.34,1.3,42.82,1.5,18043626147.0,17674857494.0,-0.21,-0.21,-4.24,-3.27
1678,688750,金天钛业,19.04,1.28,0.24,36931.0,69897320.0,2.29,19.04,18.61,18.75,18.8,1.17,1.59,148.57,3.57,8806000000.0,4434764927.0,0.05,0.16,-8.51,-4.66
1679,001277,速达股份,35.85,1.27,0.45,9079.0,32334201.0,2.23,35.9,35.11,35.5,35.4,1.33,1.99,31.47,1.75,2724600000.0,1632949181.0,-0.03,0.0,-13.41,-9.24
1680,603326,我乐家居,8.76,1.27,0.11,42720.0,37252867.0,2.89,8.8,8.55,8.69,8.65,1.25,1.34,16.03,2.36,2795989907.0,2795989907.0,-0.11,0.0,-3.42,-1.57
1681,600549,厦门钨业,63.65,1.27,0.8,817097.0,5209990292.0,4.36,65.0,62.26,62.26,62.85,1.15,5.26,43.73,5.88,101049837825.0,98907770527.0,0.05,0.05,22.59,55.02
1682,301308,江波龙,375.21,1.27,4.69,141627.0,5324966408.3,5.07,385.78,367.0,369.0,370.52,0.77,5.16,165.51,20.89,157267495631.0,102955428271.0,0.05,0.26,20.45,53.25
1683,601949,中国出版,6.36,1.27,0.08,107838.0,68430605.0,2.87,6.41,6.23,6.29,6.28,1.49,0.57,38.13,1.26,12109236823.0,12109236823.0,-0.16,0.16,-18.46,-1.4
1684,603080,新疆火炬,21.51,1.27,0.27,23519.0,50460214.0,2.02,21.56,21.13,21.31,21.24,1.42,1.66,14.48,2.0,3043665000.0,3043665000.0,-0.05,-0.05,-11.77,-8.93
1685,688501,青达环保,26.52,1.26,0.33,18630.0,49181907.0,3.78,26.84,25.85,26.2,26.19,0.81,1.5,18.21,2.92,3294473520.0,3294473520.0,-0.26,-0.04,-4.67,0.34
1686,601611,中国核建,14.45,1.26,0.18,453568.0,650868476.0,2.94,14.48,14.06,14.12,14.27,1.12,1.5,29.52,2.0,43549904363.0,43549904363.0,0.0,0.14,-17.29,7.2
1687,300075,数字政通,12.86,1.26,0.16,85217.0,109230118.49,1.97,12.88,12.63,12.69,12.7,1.27,1.65,-21.09,2.53,7987733832.0,6628538801.0,-0.16,0.0,-25.19,-16.17
1688,603085,天成自控,12.02,1.26,0.15,93393.0,111412271.0,2.61,12.07,11.76,11.8,11.87,1.12,2.35,71.13,5.35,4773142000.0,4773142000.0,0.08,-0.17,1.26,1.43
1689,600722,金牛化工,13.67,1.26,0.17,455209.0,618614339.0,2.96,13.74,13.34,13.53,13.5,0.78,6.69,194.04,7.45,9299969971.0,9299969971.0,0.0,0.15,93.35,130.13
1690,603385,惠达卫浴,6.44,1.26,0.08,35348.0,22637066.0,1.89,6.46,6.34,6.37,6.36,0.54,0.93,120.64,0.65,2451482394.0,2451482394.0,0.16,0.0,-5.99,-5.85
1691,603370,华新精科,44.85,1.26,0.56,7538.0,33909940.0,2.71,45.4,44.2,44.42,44.29,1.14,2.15,43.39,4.12,7846507500.0,1569301500.0,0.0,0.04,-3.8,-5.16
1692,600131,国网信通,18.54,1.26,0.23,170128.0,314485557.0,2.51,18.67,18.21,18.31,18.31,1.25,1.42,32.76,3.42,22217502516.0,22172081462.0,-0.05,0.0,4.45,15.23
1693,603298,杭叉集团,25.65,1.26,0.32,53350.0,136236855.0,3.0,25.84,25.08,25.55,25.33,0.88,0.41,14.38,2.95,33596679057.0,33596679057.0,0.12,0.0,-4.18,-3.46
1694,000703,恒逸石化,15.3,1.26,0.19,649329.0,1009172916.43,7.08,16.0,14.93,15.11,15.11,0.72,1.71,7.33,2.21,58462573128.0,58169237703.0,0.07,0.07,43.39,42.06
1695,600058,五矿发展,11.28,1.26,0.14,137924.0,155158555.0,2.87,11.4,11.08,11.13,11.14,1.34,1.29,632.92,2.48,12091152820.0,12091152820.0,-0.09,0.0,-10.97,-2.08
1696,688561,奇安信-U,30.62,1.26,0.38,53588.0,163890244.0,2.08,30.76,30.13,30.25,30.24,1.12,0.79,-16.55,2.8,20890578440.0,20890578440.0,-0.03,0.13,-25.28,-13.94
1697,000663,永安林业,6.43,1.26,0.08,64863.0,41431788.0,1.73,6.44,6.33,6.36,6.35,0.83,2.12,-82.11,2.16,2164877663.0,1969516690.0,0.16,0.16,-15.84,-12.87
1698,002671,龙泉股份,4.83,1.26,0.06,102526.0,49136051.3,1.68,4.83,4.75,4.77,4.77,0.91,1.86,57.31,1.65,2720383251.0,2660798690.0,0.0,0.42,-11.86,-7.82
1699,301227,森鹰窗业,36.24,1.26,0.45,25421.0,91766876.0,4.19,36.83,35.33,35.68,35.79,1.68,4.7,-71.78,2.13,3451153320.0,1961417520.0,0.14,0.36,0.67,-31.65
1700,300293,蓝英装备,18.54,1.26,0.23,69453.0,127819084.0,3.5,18.75,18.11,18.13,18.31,1.06,2.05,-149.82,6.71,6274642485.0,6274642485.0,0.0,0.05,-20.19,-12.22
1701,001233,海安集团,68.5,1.26,0.85,16093.0,110269135.47,2.96,69.5,67.5,67.81,67.65,0.71,4.55,20.67,3.37,12739173379.0,2423935520.0,-0.2,-0.13,-1.86,18.8
1702,605186,健麾信息,20.08,1.26,0.25,20118.0,40362734.0,2.98,20.29,19.7,19.86,19.83,1.42,1.48,242.33,2.53,2730880000.0,2730880000.0,0.0,0.0,-7.59,2.19
1703,689009,九号公司-WD,45.67,1.26,0.57,95512.0,434916890.0,3.17,46.2,44.77,45.03,45.1,0.9,1.72,18.77,4.59,33003747519.0,25376885880.0,0.0,-0.04,-15.02,-17.84
1704,300450,先导智能,56.7,1.25,0.7,711722.0,4040938297.22,3.11,57.57,55.83,56.09,56.0,1.1,4.56,60.7,6.76,94928355308.0,88418794382.0,0.04,0.07,-6.05,13.45
1705,302132,中航成飞,69.79,1.25,0.86,66855.0,465416083.41,1.74,70.1,68.9,68.9,68.93,0.95,1.14,64.48,9.35,186485257131.0,40901790335.0,0.01,0.11,-16.01,-11.66
1706,301280,珠城科技,62.96,1.25,0.78,26889.0,170081165.29,4.39,64.05,61.32,62.19,62.18,1.15,6.7,41.21,4.49,8611677614.0,2526436214.0,-0.17,-0.03,6.75,18.21
1707,601339,百隆东方,8.07,1.25,0.1,130122.0,105124471.0,3.39,8.25,7.98,8.04,7.97,0.56,0.87,18.44,1.32,12101521830.0,12101521830.0,-0.25,-0.12,33.83,39.38
1708,300332,天壕能源,5.69,1.25,0.07,245317.0,139116985.35,1.78,5.72,5.62,5.65,5.62,0.58,2.96,38.57,1.16,4923136572.0,4723008034.0,0.0,0.0,2.52,9.0
1709,603069,海汽集团,17.77,1.25,0.22,88916.0,158797712.0,6.27,18.48,17.38,17.57,17.55,2.65,2.81,-87.54,6.94,5615320000.0,5615320000.0,-0.22,-0.22,-24.61,-34.55
1710,301629,矽电股份,292.89,1.25,3.61,22116.0,639542849.73,3.46,295.0,285.0,286.36,289.28,0.94,11.52,365.74,10.49,12221501282.0,5622332256.0,0.03,0.01,-11.66,34.23
1711,601616,广电电气,4.87,1.25,0.06,320222.0,154855189.0,2.49,4.88,4.76,4.81,4.81,1.1,3.75,-407.29,1.71,4157398804.0,4157398804.0,0.21,0.0,17.07,26.17
1712,002389,航天彩虹,22.64,1.25,0.28,280933.0,633097505.48,1.34,22.66,22.36,22.4,22.36,1.13,2.85,827.88,2.78,22298498715.0,22294993025.0,-0.04,-0.09,-10.9,-5.59
1713,688267,中触媒,31.56,1.25,0.39,37175.0,117612377.0,3.34,32.2,31.16,31.2,31.17,1.6,2.11,26.25,1.96,5560872000.0,5560872000.0,0.0,0.0,7.42,12.03
1714,002381,双箭股份,6.47,1.25,0.08,54894.0,35268346.5,2.19,6.48,6.34,6.42,6.39,1.01,1.71,40.78,1.24,2662909142.0,2072966811.0,0.15,-0.15,-5.41,-1.82
1715,603607,京华激光,23.51,1.25,0.29,43440.0,100645601.0,4.05,23.78,22.84,23.2,23.22,1.27,2.43,42.85,4.15,4196929968.0,4196929968.0,-0.08,0.0,-15.19,-13.88
1716,003000,劲仔食品,10.5,1.25,0.13,24665.0,25772444.0,1.74,10.5,10.32,10.37,10.37,1.19,0.8,20.55,3.56,4734388670.0,3234633098.0,0.0,0.1,-9.09,-7.81
1717,600733,北汽蓝谷,7.31,1.25,0.09,631351.0,460321974.0,2.35,7.36,7.19,7.19,7.22,1.29,1.29,-10.19,19.52,46543895462.0,35758414143.0,0.0,-0.14,-12.87,-8.97
1718,600169,ST太重,2.43,1.25,0.03,147826.0,35567776.0,2.08,2.43,2.38,2.39,2.4,1.14,0.44,79.05,1.56,8133460703.0,8099533845.0,0.0,0.0,-0.41,6.58
1719,300902,国安达,18.7,1.25,0.23,72653.0,133970058.42,3.84,18.7,17.99,18.18,18.47,2.03,5.99,1224.4,4.14,3399723000.0,2267434354.0,0.0,0.32,-14.69,-10.23
1720,002763,汇洁股份,8.11,1.25,0.1,50862.0,41025888.94,1.37,8.12,8.01,8.04,8.01,0.84,1.68,60.65,1.85,3324483640.0,2462311162.0,0.0,0.0,4.78,12.33
1721,002085,万丰奥威,14.74,1.24,0.18,336557.0,494103539.24,2.95,14.89,14.46,14.58,14.56,1.19,1.59,32.2,4.12,31297405445.0,31297405445.0,0.07,0.07,-14.75,-7.93
1722,002702,海欣食品,5.73,1.24,0.07,121139.0,68666633.3,2.65,5.74,5.59,5.65,5.66,1.08,2.64,-84.74,3.05,3184504800.0,2628601688.0,0.17,0.17,-18.72,-19.52
1723,002524,光正眼科,4.09,1.24,0.05,116584.0,47310795.81,1.73,4.09,4.02,4.04,4.04,0.79,2.28,9115.42,17.39,2107706138.0,2089406455.0,0.25,0.25,-6.62,-0.73
1724,920027,交大铁发,18.78,1.24,0.23,20516.0,38490062.68,3.07,18.97,18.4,18.55,18.55,1.5,4.86,33.78,3.25,1487441730.0,792581730.0,-0.05,0.05,-16.72,-12.16
1725,300005,探路者,14.7,1.24,0.18,224902.0,330388621.88,3.99,14.93,14.35,14.56,14.52,1.08,2.57,294.91,6.2,12990422134.0,12885780919.0,0.0,0.07,18.64,35.73
1726,600698,湖南天雁,7.35,1.24,0.09,96005.0,70147076.0,1.93,7.35,7.21,7.21,7.26,0.71,1.16,4561.56,10.19,7854487330.0,6103820296.0,0.14,0.14,-18.42,-18.69
1727,000733,振华科技,47.54,1.24,0.58,90209.0,427436220.87,1.51,47.63,46.92,46.96,46.96,1.17,1.63,31.71,1.72,26345214750.0,26341663512.0,0.0,0.08,-13.6,-9.29
1728,688002,睿创微纳,131.31,1.24,1.61,119476.0,1563359862.0,3.37,133.2,128.83,130.38,129.7,1.35,2.57,54.38,9.38,61155805715.0,61155805715.0,-0.21,-0.15,25.67,30.27
1729,000816,智慧农业,3.26,1.24,0.04,275739.0,89818325.52,1.86,3.28,3.22,3.23,3.22,1.07,1.92,-68.91,2.39,4717263417.0,4692799575.0,0.31,0.31,-12.6,-11.41
1730,688630,芯碁微装,243.93,1.24,2.98,62996.0,1531111771.0,4.97,249.85,237.88,244.91,240.95,0.8,4.78,110.84,13.92,32135512854.0,32135512854.0,0.25,0.25,49.83,81.32
1731,601212,白银有色,8.16,1.24,0.1,1164991.0,954257316.0,2.73,8.29,8.07,8.07,8.06,1.04,1.57,-210.9,3.92,60422960010.0,60422960010.0,0.12,0.12,13.97,39.49
1732,300043,星辉娱乐,5.7,1.24,0.07,264158.0,149679001.01,2.31,5.71,5.58,5.61,5.63,0.9,2.12,23.51,4.05,7091930886.0,7088140956.0,0.18,0.18,-16.3,0.88
1733,002402,和而泰,32.1,1.23,0.39,248264.0,797577564.49,2.27,32.32,31.6,31.71,31.71,1.04,3.05,36.92,5.65,29680888949.0,26117134718.0,0.0,0.03,-18.71,-17.94
1734,002523,天桥起重,4.12,1.23,0.05,209337.0,85826476.25,2.21,4.13,4.04,4.07,4.07,1.3,1.48,51.38,2.33,5836560096.0,5815555854.0,0.0,-0.24,-9.25,-3.96
1735,300425,中建环能,4.93,1.23,0.06,55865.0,27373957.1,2.26,4.94,4.83,4.85,4.87,0.84,0.82,-1126.49,1.43,3363368525.0,3347816712.0,-0.2,0.2,-3.33,-0.4
1736,000848,承德露露,8.26,1.23,0.1,121267.0,100132581.74,2.08,8.32,8.15,8.15,8.16,0.84,1.2,16.47,2.47,8425200611.0,8352050051.0,0.0,0.0,-2.48,-2.82
1737,920261,一诺威,14.83,1.23,0.18,25794.0,38413308.22,3.55,15.12,14.6,14.65,14.65,2.13,1.51,22.69,2.62,4317498653.0,2538903415.0,0.07,0.14,-4.38,-1.33
1738,600287,苏豪时尚,5.78,1.23,0.07,41921.0,24090329.0,1.75,5.79,5.69,5.73,5.71,0.88,0.96,57.15,1.1,2524681308.0,2524681308.0,-0.17,0.17,1.4,5.86
1739,600207,安彩高科,5.77,1.23,0.07,456655.0,264997219.0,5.44,5.92,5.61,5.64,5.7,1.14,4.19,-8.64,3.1,6285333437.0,6285333437.0,-0.17,-0.17,21.99,12.04
1740,600032,浙江新能,9.87,1.23,0.12,665009.0,651659623.0,3.38,9.93,9.6,9.7,9.75,0.76,2.77,29.03,1.83,23734145448.0,23734145448.0,0.0,-0.1,26.05,33.2
1741,600012,皖通高速,15.59,1.23,0.19,44461.0,69085530.0,2.47,15.68,15.3,15.46,15.4,0.77,0.38,14.19,2.08,26636947550.0,18171704000.0,-0.32,-0.13,8.34,5.2
1742,688088,虹软科技,42.08,1.23,0.51,68695.0,287816600.0,1.83,42.31,41.55,41.7,41.57,1.45,1.71,78.03,6.09,16881250432.0,16881250432.0,-0.12,-0.12,-28.58,-14.99
1743,300676,华大基因,40.36,1.23,0.49,44916.0,180733114.18,3.39,40.82,39.47,39.68,39.87,1.09,1.08,-592.06,1.83,16883277147.0,16791637749.0,-0.02,0.02,-29.07,-11.02
1744,600448,华纺股份,3.29,1.23,0.04,157009.0,51264881.0,2.77,3.3,3.21,3.25,3.25,0.99,2.49,-7.95,2.2,2072106688.0,2072106688.0,0.3,0.3,2.49,4.44
1745,001323,慕思股份,23.88,1.23,0.29,8471.0,20181978.08,2.08,23.94,23.45,23.55,23.59,0.87,0.27,16.69,2.35,10389728644.0,7432603171.0,0.04,0.08,-8.51,-8.01
1746,920159,农大科技,40.44,1.23,0.49,19088.0,77046882.91,4.21,41.01,39.33,39.55,39.95,1.68,13.26,21.33,3.42,3073440000.0,582336000.0,0.05,0.0,61.76,61.76
1747,920454,同心传动,14.86,1.23,0.18,12540.0,18554337.65,3.07,14.95,14.5,14.69,14.68,1.4,2.55,52.18,4.65,1561786000.0,731565230.0,0.0,0.2,-14.4,-10.54
1748,688296,和达科技,14.0,1.23,0.17,13780.0,19168263.0,3.18,14.14,13.7,13.84,13.83,0.87,1.28,-21.66,2.53,1510581240.0,1503504240.0,0.79,0.65,-5.66,5.66
1749,002153,石基信息,9.88,1.23,0.12,196561.0,194619701.83,3.28,10.03,9.71,9.75,9.76,1.37,1.23,-162.33,3.93,26964435149.0,15805666384.0,0.0,0.0,-38.79,-8.77
1750,001360,南矿集团,22.15,1.23,0.27,26852.0,59311522.65,2.61,22.28,21.71,21.96,21.88,1.08,2.14,60.22,3.19,4518600000.0,2779478441.0,0.27,0.05,-10.72,2.78
1751,920039,国义招标,9.99,1.22,0.12,16769.0,16822579.78,4.56,10.2,9.75,9.86,9.87,2.03,1.09,46.83,2.86,1536661800.0,1536660801.0,0.0,0.0,-19.63,-11.12
1752,300185,通裕重工,3.33,1.22,0.04,1851514.0,610949633.69,2.74,3.34,3.25,3.29,3.29,1.27,4.81,120.26,1.96,13440498881.0,12807281325.0,-0.3,0.0,13.27,17.25
1753,920110,雷特科技,35.79,1.22,0.43,1714.0,6154761.75,3.51,36.49,35.25,35.33,35.36,0.89,1.06,30.87,3.77,1395810000.0,581193810.0,-0.11,-0.36,-6.38,0.11
1754,688039,当虹科技,44.11,1.22,0.53,18115.0,79941469.0,3.03,44.62,43.3,43.3,43.58,1.06,1.64,-55.03,4.58,4878628813.0,4878628813.0,0.16,0.16,-25.39,-1.43
1755,300066,三川智慧,6.62,1.22,0.08,213509.0,140772130.2,1.99,6.64,6.51,6.53,6.54,0.99,2.14,48.46,2.63,6885020194.0,6607417465.0,-0.15,-0.15,-0.75,6.26
1756,002373,千方科技,9.95,1.22,0.12,283017.0,280942884.51,1.73,9.98,9.81,9.81,9.83,1.51,2.05,58.57,1.36,15722872739.0,13706992899.0,-0.1,0.2,-24.62,-15.32
1757,301122,采纳股份,30.81,1.22,0.37,12319.0,37742113.0,2.73,31.07,30.24,30.44,30.44,0.68,1.63,342.4,2.11,3766388723.0,2330488673.0,0.0,0.13,1.82,18.23
1758,688343,云天励飞-U,93.43,1.22,1.13,143408.0,1358329761.0,4.42,97.08,93.0,93.91,92.3,0.98,3.99,-83.48,8.81,33597743793.0,33597743793.0,-0.01,-0.1,10.92,22.8
1759,002933,新兴装备,33.06,1.22,0.4,21125.0,69441253.72,1.75,33.13,32.56,32.7,32.66,1.25,1.81,98.28,2.52,3879591000.0,3859546160.0,-0.03,0.0,-7.68,-8.67
1760,920957,汉维科技,11.6,1.22,0.14,9781.0,11533131.99,4.8,11.95,11.4,11.55,11.46,2.09,2.29,232.56,3.18,1244695474.0,495374914.0,-0.51,-0.6,-12.98,-7.42
1761,002633,申科股份,19.15,1.22,0.23,35826.0,67836920.38,2.96,19.17,18.61,18.96,18.92,1.1,2.4,138.03,6.68,2872500000.0,2861369063.0,0.1,0.16,18.06,16.41
1762,300577,开润股份,19.04,1.22,0.23,12845.0,24352869.54,2.02,19.1,18.72,18.74,18.81,1.36,0.9,12.34,2.09,4566482143.0,2706817621.0,-0.1,0.11,-8.86,-10.9
1763,603359,东珠生态,5.79,1.22,0.07,75840.0,43743334.0,2.27,5.82,5.69,5.76,5.72,0.95,1.7,-64.06,0.98,2582895840.0,2582895840.0,-0.17,-0.17,-22.18,-39.31
1764,603195,公牛集团,41.54,1.22,0.5,21157.0,87598322.0,1.41,41.6,41.02,41.04,41.04,1.32,0.12,18.91,4.8,75100562209.0,74799596019.0,0.05,0.07,-0.26,1.74
1765,688131,皓元医药,76.42,1.22,0.92,32470.0,249536191.0,3.21,77.91,75.49,75.5,75.5,0.93,1.53,65.42,5.15,16208983706.0,16208983706.0,-0.39,-0.44,-10.35,6.02
1766,605288,凯迪股份,86.64,1.21,1.04,20601.0,179658189.0,9.61,91.0,82.77,85.6,85.6,2.27,2.93,160.06,2.76,6123109760.0,6082033736.0,0.0,-0.03,-20.85,-3.52
1767,920266,生物谷,8.37,1.21,0.1,13305.0,11138008.18,2.78,8.44,8.21,8.27,8.27,1.31,1.12,-18.58,1.18,1037880059.0,991765125.0,0.0,0.0,-11.24,-7.72
1768,603506,南都物业,12.54,1.21,0.15,20738.0,25811204.0,2.5,12.56,12.25,12.4,12.39,1.0,1.1,11.43,1.89,2354733349.0,2354733349.0,0.24,0.08,-10.11,-3.98
1769,600105,永鼎股份,41.8,1.21,0.5,1853075.0,7857995758.0,7.6,43.86,40.72,41.31,41.3,0.92,12.67,96.19,18.42,61111382724.0,61111382724.0,0.0,-0.33,53.17,66.53
1770,688266,泽璟制药-U,100.0,1.21,1.2,30149.0,305543828.0,5.7,103.66,98.03,98.8,98.8,0.9,1.14,-162.45,24.5,26470818600.0,26470818600.0,-0.13,0.0,7.53,7.87
1771,600372,中航机载,13.4,1.21,0.16,402577.0,537426414.0,1.89,13.45,13.2,13.2,13.24,1.06,0.83,60.75,1.71,64841214842.0,64841214842.0,0.0,0.15,-9.21,-0.15
1772,688246,嘉和美康,19.29,1.21,0.23,23371.0,44916784.0,2.52,19.41,18.93,19.05,19.06,0.89,1.7,-10.5,2.04,2654026185.0,2654026185.0,-0.16,-0.16,-38.27,-17.03
1773,600740,山西焦化,4.2,1.2,0.05,342241.0,142752271.0,2.41,4.21,4.11,4.15,4.15,0.95,1.34,-147.78,0.71,10760908847.0,10760908847.0,-0.24,0.0,6.33,11.7
1774,000027,深圳能源,6.76,1.2,0.08,343906.0,231871926.06,1.2,6.77,6.69,6.72,6.68,1.35,0.72,15.29,0.98,32159955832.0,32159955832.0,0.15,0.15,-3.01,3.68
1775,000561,烽火电子,10.1,1.2,0.12,166044.0,166746874.84,1.5,10.11,9.96,9.97,9.98,1.33,2.14,-74.63,2.77,8726584204.0,7840098336.0,0.0,0.0,-18.48,-17.35
1776,002855,捷荣技术,11.8,1.2,0.14,32396.0,38106001.0,2.4,11.83,11.55,11.63,11.66,0.92,1.32,-7.7,8.89,2907752248.0,2905481338.0,-0.08,-0.08,-29.13,-27.96
1777,300621,维业股份,8.4,1.2,0.1,35988.0,30047193.52,2.65,8.43,8.21,8.37,8.3,0.82,1.78,-4.29,3.02,1747676280.0,1701243709.0,0.24,-0.12,-3.45,-0.12
1778,300790,宇瞳光学,30.39,1.2,0.36,183503.0,560020959.52,3.9,31.07,29.9,29.9,30.03,0.84,5.65,45.37,4.39,11369475833.0,9865308560.0,-0.03,0.03,-3.22,1.6
1779,603968,醋化股份,11.76,1.2,0.14,37532.0,44010691.0,1.89,11.82,11.6,11.61,11.62,0.49,1.84,-74.43,1.33,2404684800.0,2404684800.0,0.09,0.09,2.89,5.28
1780,002978,安宁股份,34.64,1.2,0.41,34324.0,118816171.0,2.92,34.91,33.91,34.08,34.23,1.05,0.93,19.36,1.92,16349732145.0,12791843889.0,-0.2,-0.09,-8.12,4.81
1781,300827,上能电气,38.1,1.2,0.45,221503.0,841942847.06,2.34,38.38,37.5,37.65,37.65,0.82,5.75,51.17,7.94,21209949160.0,14677813278.0,0.0,0.0,-7.19,11.34
1782,688349,三一重能,24.55,1.2,0.29,65361.0,159269400.0,2.76,24.6,23.93,24.22,24.26,1.32,0.55,40.97,2.17,30108223478.0,29201837478.0,0.08,0.24,-8.8,-2.89
1783,601012,隆基绿能,17.65,1.2,0.21,1351470.0,2376243054.0,2.58,17.8,17.35,17.44,17.44,1.05,1.78,-29.47,2.35,133752866030.0,133752732843.0,0.0,0.06,-4.59,-3.02
1784,605099,共创草坪,40.69,1.19,0.48,40543.0,166998055.0,5.25,42.22,40.11,40.18,40.21,0.9,1.01,23.84,5.45,16379325012.0,16335119396.0,0.0,-0.05,0.47,14.01
1785,603818,曲美家居,3.4,1.19,0.04,142391.0,48054923.0,4.17,3.45,3.31,3.39,3.36,1.28,2.07,-26.16,1.07,2334249107.0,2334249107.0,-0.29,-0.29,-6.59,-5.82
1786,600775,南京熊猫,13.63,1.19,0.16,207796.0,281912590.0,2.08,13.66,13.38,13.45,13.47,1.2,3.09,1160.64,3.99,12455619150.0,9157159150.0,0.0,0.15,-14.49,11.54
1787,002828,贝肯能源,11.95,1.19,0.14,150630.0,178653266.2,1.78,11.96,11.75,11.85,11.81,0.6,7.78,62.09,3.45,2401801820.0,2313065601.0,-0.08,0.0,-0.91,12.1
1788,688615,合合信息,188.17,1.19,2.22,56990.0,1063930251.0,3.59,189.68,183.0,185.88,185.95,1.16,5.9,58.01,9.02,26343800000.0,18190439813.0,0.05,0.11,-43.19,-17.32
1789,301031,中熔电气,148.7,1.19,1.75,17933.0,266049647.88,3.08,149.94,145.42,147.09,146.95,0.89,2.61,45.29,10.39,14620552776.0,10233189016.0,0.01,0.15,25.16,32.54
1790,301079,邵阳液压,51.13,1.19,0.6,195934.0,993422532.35,5.66,51.92,49.06,49.9,50.53,0.96,28.18,1696.12,11.78,5569705124.0,3554823425.0,0.02,0.02,6.32,61.75
1791,300417,南华仪器,12.78,1.19,0.15,24333.0,30893787.0,1.98,12.79,12.54,12.61,12.63,0.78,2.78,-7166.07,3.75,1719717696.0,1119045402.0,0.39,0.31,-6.3,-8.65
1792,920020,泰凯英,16.13,1.19,0.19,10260.0,16596492.59,2.57,16.35,15.94,15.97,15.94,1.52,1.86,20.86,3.09,3628362850.0,888777533.0,0.31,0.44,-9.38,-6.11
1793,000014,沙河股份,13.57,1.19,0.16,68095.0,91640429.0,2.91,13.62,13.23,13.41,13.41,0.94,2.81,-21.85,2.23,3284567260.0,3284567260.0,0.15,0.15,2.34,0.89
1794,300189,神农种业,6.83,1.19,0.08,597524.0,407456882.51,1.63,6.85,6.74,6.77,6.75,1.03,6.74,927.56,9.58,6993920000.0,6053019705.0,-0.15,0.0,3.64,-8.2
1795,688155,先惠技术,90.1,1.19,1.06,58160.0,527710809.0,5.5,92.97,88.07,88.39,89.04,1.32,4.6,32.48,4.94,11391884321.0,11391884321.0,-0.21,0.03,2.99,49.05
1796,000672,上峰水泥,13.66,1.19,0.16,90954.0,123657272.05,3.19,13.75,13.32,13.48,13.5,1.01,0.94,18.81,1.49,13241941847.0,13241941847.0,0.0,0.15,9.19,5.16
1797,920765,美之高,15.33,1.19,0.18,15519.0,23916240.36,3.89,15.64,15.05,15.43,15.15,1.56,2.94,-199.11,4.36,1332484780.0,809532904.0,0.13,0.07,-26.65,-26.12
1798,600825,新华传媒,6.0,1.18,0.07,87551.0,52243852.0,2.7,6.04,5.88,5.9,5.93,0.72,0.84,148.36,2.51,6269327100.0,6269327100.0,-0.17,0.17,-16.32,-2.91
1799,920770,艾能聚,16.31,1.18,0.19,42205.0,69371218.03,4.59,16.74,16.0,16.27,16.12,1.5,5.15,46.96,3.43,2122455774.0,1335687878.0,0.0,0.0,-12.45,-4.56
1800,000333,美的集团,79.58,1.18,0.93,276700.0,2201771534.36,2.35,79.9,78.05,78.4,78.65,1.14,0.4,13.77,2.71,605184460511.0,545404326680.0,-0.15,-0.15,3.06,1.83
1801,002377,国创高新,3.42,1.18,0.04,518786.0,178602211.0,5.33,3.54,3.36,3.38,3.38,1.87,5.95,158.66,8.02,3133832187.0,2983315662.0,0.0,0.0,17.93,19.58
1802,600980,北矿科技,23.2,1.18,0.27,30080.0,69269542.0,2.27,23.21,22.69,22.9,22.93,1.12,1.59,35.25,2.95,4390913803.0,4390913803.0,0.04,0.13,-3.33,0.96
1803,300299,富春股份,5.98,1.18,0.07,124640.0,74227847.37,1.69,5.98,5.88,5.91,5.91,0.87,1.81,-336.01,9.6,4127994508.0,4121554048.0,0.0,0.0,-26.72,-15.77
1804,603068,博通集成,33.36,1.18,0.39,24026.0,79936890.0,2.34,33.55,32.78,32.98,32.97,1.19,1.58,407.58,2.98,5063624962.0,5063624962.0,0.0,0.0,-16.58,-11.09
1805,300563,神宇股份,33.55,1.18,0.39,35589.0,119725406.94,2.02,33.87,33.2,33.2,33.16,1.09,2.78,82.59,5.42,6110680447.0,4299291355.0,0.0,-0.15,-21.28,-8.53
1806,600470,六国化工,6.86,1.18,0.08,232476.0,158807126.0,2.8,6.9,6.71,6.77,6.78,0.78,4.46,-7.85,2.22,3578176000.0,3578176000.0,-0.29,-0.29,12.09,14.72
1807,920152,昆工科技,16.36,1.18,0.19,22994.0,37652898.41,3.4,16.55,16.0,16.13,16.17,1.53,2.8,-8.88,8.75,1821550212.0,1344157641.0,-0.06,0.18,-39.65,-26.31
1808,603759,海天股份,9.44,1.18,0.11,38100.0,35824076.0,1.61,9.45,9.3,9.32,9.33,1.03,0.83,31.45,1.53,4359014400.0,4359014400.0,-0.11,-0.11,-15.34,-10.44
1809,603668,天马科技,13.88,1.17,0.16,91331.0,125868385.0,2.77,13.94,13.56,13.9,13.72,0.61,1.81,74.39,3.01,7020458640.0,7020458640.0,-0.22,-0.14,-15.31,-16.69
1810,603396,金辰股份,36.25,1.17,0.42,35702.0,128573996.0,2.12,36.3,35.54,35.83,35.83,0.97,2.58,74.56,1.94,5021621078.0,5021621078.0,0.0,0.08,-2.92,8.05
1811,688150,莱特光电,50.26,1.17,0.58,110623.0,552152669.0,6.98,51.47,48.0,49.24,49.68,0.89,2.75,92.01,10.56,20226513022.0,20226513022.0,-0.28,-0.3,74.27,85.94
1812,600119,长江投资,6.03,1.17,0.07,49724.0,29834561.0,2.35,6.06,5.92,5.96,5.96,1.03,1.36,-113.23,18.46,2202580331.0,2202580331.0,0.0,0.33,-24.25,-23.18
1813,920964,润农节水,6.06,1.17,0.07,23872.0,14508433.39,2.84,6.15,5.98,5.99,5.99,1.61,1.62,-94.39,1.82,1582920480.0,895045256.0,-0.33,-0.33,-15.24,-9.42
1814,600350,山东高速,10.34,1.17,0.12,38246.0,39216361.0,1.86,10.34,10.15,10.24,10.22,0.6,0.08,15.59,1.67,49989462331.0,49989462331.0,0.0,0.1,7.82,6.05
1815,600993,马应龙,25.05,1.17,0.29,39661.0,98970929.0,1.98,25.15,24.66,24.75,24.76,1.04,0.92,16.16,2.51,10797899970.0,10779190751.0,-0.04,-0.04,-12.6,-10.54
1816,002216,三全食品,13.09,1.16,0.15,68361.0,89121787.06,2.24,13.13,12.84,12.84,12.94,1.18,1.08,21.81,2.54,11508519188.0,8253276272.0,0.0,0.15,12.75,15.94
1817,600814,杭州解百,7.84,1.16,0.09,93241.0,72603529.0,2.32,7.84,7.66,7.71,7.75,1.3,1.27,25.67,1.54,5763016208.0,5763016208.0,0.0,0.26,-9.26,-3.21
1818,603073,彩蝶实业,20.1,1.16,0.23,13274.0,26448288.0,4.13,20.23,19.41,19.79,19.87,0.83,2.61,27.81,1.69,2331600000.0,1022946245.0,-0.45,-0.5,3.82,6.97
1819,688651,盛邦安全,39.11,1.16,0.45,9723.0,37871007.0,2.87,39.43,38.32,38.63,38.66,0.72,3.0,-67.42,3.14,2948854890.0,1269292601.0,0.15,0.1,-27.68,-11.15
1820,600584,长电科技,44.49,1.16,0.51,611808.0,2719345386.0,3.43,45.0,43.49,44.0,43.98,1.02,3.42,50.86,2.78,79611054219.0,79611054219.0,-0.02,0.0,1.14,20.96
1821,300377,赢时胜,18.25,1.16,0.21,252057.0,460902872.39,2.27,18.45,18.04,18.08,18.04,0.92,3.65,-39.07,5.7,13705806210.0,12609328453.0,-0.05,-0.05,-20.93,-19.07
1822,000969,安泰科技,21.8,1.16,0.25,239891.0,520743356.33,1.9,21.87,21.46,21.54,21.55,1.23,2.32,62.76,3.96,22901322855.0,22535663803.0,0.0,0.05,-20.9,3.76
1823,920694,中裕科技,18.33,1.16,0.21,9038.0,16612964.7,2.15,18.57,18.18,18.28,18.12,1.44,1.45,26.94,2.73,2421181765.0,1145449784.0,-0.05,-0.22,-15.3,-6.24
1824,301320,豪江智能,17.37,1.16,0.2,13165.0,22765418.3,1.57,17.41,17.14,17.22,17.17,0.94,1.93,131.34,2.98,3161513700.0,1184793370.0,-0.12,-0.12,-5.5,2.36
1825,002319,乐通股份,11.35,1.16,0.13,49560.0,56087682.0,2.41,11.44,11.17,11.2,11.22,0.91,2.48,-3787.57,13.09,2377512989.0,2270000000.0,0.0,0.09,-2.99,-5.73
1826,605006,山东玻纤,10.44,1.16,0.12,416753.0,436687279.0,4.65,10.66,10.18,10.19,10.32,0.67,6.95,-466.38,2.56,6264505025.0,6264505025.0,0.0,0.19,40.13,43.01
1827,601598,中国外运,6.13,1.16,0.07,160767.0,97583258.0,1.82,6.13,6.02,6.08,6.06,1.01,0.31,10.93,1.07,43975095022.0,31615292492.0,0.0,0.33,3.9,1.16
1828,603712,七一二,16.7,1.15,0.19,89026.0,148182456.0,1.82,16.76,16.46,16.5,16.51,1.26,1.15,-46.93,3.09,12892400000.0,12892400000.0,0.0,0.0,-25.78,-19.6
1829,920527,夜光明,17.59,1.15,0.2,9281.0,16544203.54,3.68,18.08,17.44,17.44,17.39,1.82,2.55,59.77,2.69,1056151093.0,639361091.0,-0.68,-0.79,-6.34,-2.87
1830,600409,三友化工,7.05,1.15,0.08,306358.0,216334121.0,5.02,7.2,6.85,6.96,6.97,0.71,1.48,89.72,1.05,14553663608.0,14553663608.0,0.0,0.0,5.22,13.89
1831,002222,福晶科技,91.72,1.15,1.04,260859.0,2390582133.14,4.96,94.07,89.57,90.33,90.68,0.84,5.57,164.45,24.72,43131330000.0,42938875208.0,0.03,0.11,32.68,62.8
1832,002945,华林证券,15.87,1.15,0.18,102380.0,161968782.08,1.34,15.89,15.68,15.69,15.69,0.86,0.38,84.64,5.9,42849000000.0,42849000000.0,-0.06,0.0,-13.8,3.52
1833,688609,九联科技,8.81,1.15,0.1,98356.0,86382511.0,1.84,8.87,8.71,8.75,8.71,1.34,1.97,-21.94,5.65,4598405031.0,4405000000.0,0.11,0.11,-11.01,-13.71
1834,300148,天舟文化,4.4,1.15,0.05,235237.0,102840562.3,2.07,4.41,4.32,4.33,4.35,0.98,2.89,49.7,3.6,3708229109.0,3582417942.0,-0.23,0.23,-13.73,0.23
1835,300549,优德精密,17.58,1.15,0.2,14035.0,24577548.0,1.61,17.62,17.34,17.49,17.38,0.74,1.39,300.2,4.26,2344117200.0,1776541187.0,-0.11,-0.11,-8.29,-6.79
1836,603776,永安行,20.29,1.15,0.23,52831.0,107636811.0,4.19,20.75,19.91,19.99,20.06,1.53,1.88,-61.57,1.6,5696632006.0,5696632006.0,-0.05,-0.05,9.09,13.48
1837,603977,国泰集团,15.01,1.15,0.17,201413.0,302309274.0,3.64,15.2,14.66,14.7,14.84,0.97,3.24,36.97,2.73,9324839838.0,9324839838.0,-0.07,0.07,-2.21,7.99
1838,601168,西部矿业,29.0,1.15,0.33,503241.0,1458855640.0,3.0,29.37,28.51,28.7,28.67,1.01,2.11,18.97,3.75,69107000000.0,69107000000.0,0.0,0.07,-5.54,5.07
1839,920174,五新隧装,39.84,1.14,0.45,20718.0,82771377.21,3.68,40.48,39.03,39.44,39.39,1.47,2.38,43.41,3.31,8641490857.0,3466110239.0,0.03,-0.03,-18.44,-17.58
1840,920925,锦好医疗,17.68,1.14,0.2,20740.0,36732789.35,3.6,17.97,17.34,17.48,17.48,1.67,3.75,115.08,4.68,1744320168.0,977616537.0,0.0,0.34,-30.01,-44.49
1841,003003,天元股份,13.31,1.14,0.15,26148.0,34543912.0,1.9,13.32,13.07,13.16,13.16,0.77,2.22,35.53,1.82,2352143200.0,1567869086.0,0.23,0.08,2.07,0.68
1842,920160,北矿检测,23.93,1.14,0.27,15739.0,37781146.61,3.76,24.35,23.46,23.66,23.66,2.11,6.18,35.1,5.08,2710790400.0,609927840.0,-0.29,-0.29,-11.14,-7.32
1843,688357,建龙微纳,36.26,1.14,0.41,12418.0,44684542.0,3.04,36.45,35.36,35.89,35.85,1.23,1.24,36.83,2.06,3628171068.0,3628171068.0,-0.03,0.03,5.01,9.71
1844,300771,智莱科技,14.15,1.14,0.16,56460.0,79377497.0,2.14,14.16,13.86,13.98,13.99,1.22,3.16,41.04,1.71,3396000000.0,2526809266.0,0.0,0.14,-9.58,-8.71
1845,600833,第一医药,11.55,1.14,0.13,33752.0,38650574.0,2.45,11.56,11.28,11.42,11.42,0.87,1.51,44.62,2.22,2576647308.0,2576647308.0,0.17,0.17,-13.16,-10.67
1846,603511,爱慕股份,14.25,1.14,0.16,13758.0,19475807.0,1.99,14.29,14.01,14.14,14.09,1.15,0.34,42.68,1.32,5757721221.0,5726894196.0,0.07,0.07,-12.74,-8.01
1847,688472,阿特斯,13.36,1.14,0.15,410488.0,548789912.0,2.88,13.53,13.15,13.21,13.21,0.92,3.05,47.66,2.05,48672351896.0,18004662664.0,0.0,0.07,-21.27,-10.4
1848,003043,华亚智能,56.55,1.14,0.64,36745.0,207338630.0,4.11,57.29,54.99,55.91,55.91,0.91,4.38,115.67,4.38,7568166349.0,4740402486.0,0.07,0.09,5.33,21.95
1849,920455,汇隆活塞,7.97,1.14,0.09,12801.0,10309996.11,3.05,8.15,7.91,8.05,7.88,1.61,1.37,51.94,4.11,1414276500.0,747286663.0,-0.38,-0.13,-8.91,-5.12
1850,920050,爱舍伦,32.91,1.14,0.37,6256.0,20691605.24,3.38,33.58,32.48,32.69,32.54,1.66,3.46,23.84,2.0,2227326882.0,595758244.0,-0.15,0.21,105.94,105.94
1851,301598,博科测试,63.7,1.14,0.72,4842.0,30708413.26,1.98,63.9,62.65,62.86,62.98,1.01,2.76,53.06,3.73,3751753105.0,1117789955.0,-0.06,-0.09,-4.93,1.95
1852,003002,壶化股份,28.68,1.13,0.32,30250.0,86362033.0,3.88,29.1,28.0,28.37,28.36,1.0,1.65,29.56,3.82,5736000000.0,5244059847.0,0.0,0.07,-6.76,-11.4
1853,002752,昇兴股份,6.27,1.13,0.07,129273.0,80677325.0,1.77,6.28,6.17,6.2,6.2,0.62,1.33,10.1,1.66,6125278794.0,6116553155.0,0.0,0.0,-6.97,-5.57
1854,300172,中电环保,5.36,1.13,0.06,163746.0,87263286.7,1.89,5.37,5.27,5.28,5.3,1.11,3.13,33.71,1.85,3627165600.0,2802935213.0,0.0,0.0,-6.78,-1.65
1855,603709,中源家居,17.0,1.13,0.19,13624.0,23131090.0,2.44,17.2,16.79,16.91,16.81,0.89,1.09,-92.15,4.14,2143312400.0,2126857590.0,0.29,0.12,-2.52,4.17
1856,300087,荃银高科,8.09,1.13,0.09,94514.0,76127166.77,1.75,8.13,7.99,7.99,8.0,0.93,1.06,-31.93,4.4,7663913866.0,7245991083.0,-0.12,0.0,-17.2,-30.74
1857,600883,博闻科技,8.06,1.13,0.09,31300.0,25054187.0,3.01,8.09,7.85,7.97,7.97,0.76,1.33,79.34,1.92,1902869280.0,1902869280.0,0.0,0.0,-1.23,0.0
1858,603817,海峡环保,7.16,1.13,0.08,115551.0,82299573.0,2.4,7.18,7.01,7.07,7.08,0.81,2.03,15.9,1.28,4081801719.0,4081801719.0,-0.14,0.0,3.62,0.99
1859,300965,恒宇信通,56.63,1.13,0.63,5964.0,33678615.0,1.48,56.85,56.02,56.41,56.0,1.16,1.1,94.21,2.74,3397800000.0,3063329063.0,0.0,0.05,-14.39,-19.83
1860,300224,正海磁材,15.17,1.13,0.17,219664.0,331883801.78,2.2,15.24,14.91,14.95,15.0,1.2,2.37,45.94,2.75,14118725326.0,14066741210.0,-0.07,0.0,-7.95,-1.88
1861,300306,远方信息,12.49,1.13,0.14,21314.0,26562737.0,1.38,12.52,12.35,12.36,12.35,0.85,1.35,46.99,2.26,3359295137.0,1968455100.0,0.0,0.08,-13.8,-9.16
1862,000032,深桑达Ａ,18.76,1.13,0.21,161481.0,304112640.29,2.96,19.04,18.49,18.5,18.55,0.66,1.42,-57.22,3.49,22796763874.0,21348115230.0,-0.11,0.0,-14.06,-3.05
1863,600588,用友网络,12.52,1.13,0.14,400594.0,500980757.0,2.83,12.64,12.29,12.32,12.38,1.34,1.17,-30.79,5.63,42780807561.0,42780807561.0,-0.08,-0.08,-28.46,-5.58
1864,600635,大众公用,5.44,1.12,0.06,315417.0,170715744.0,1.49,5.44,5.36,5.38,5.38,1.12,1.3,38.69,1.81,16061244632.0,13158226712.0,0.0,0.18,-18.44,-16.82
1865,003037,三和管桩,7.21,1.12,0.08,31028.0,22262415.0,1.54,7.22,7.11,7.14,7.13,1.21,0.52,40.25,1.54,4319328428.0,4319328428.0,0.0,0.14,-9.19,-10.99
1866,301088,戎美股份,14.46,1.12,0.16,12285.0,17699825.17,2.1,14.51,14.21,14.38,14.3,1.28,0.65,57.1,1.31,3295434000.0,2716311000.0,-0.14,0.14,-15.59,-15.69
1867,300929,华骐环保,12.59,1.12,0.14,27739.0,34617700.67,2.57,12.63,12.31,12.51,12.45,0.85,2.19,-676.96,2.07,1663553916.0,1595749212.0,-0.08,0.24,10.93,17.12
1868,603565,中谷物流,11.78,1.12,0.13,123961.0,145270662.0,2.23,11.85,11.59,11.65,11.65,0.86,0.59,13.15,2.5,24738743353.0,24738743353.0,-0.08,0.0,18.27,17.33
1869,688475,萤石网络,29.9,1.12,0.33,66641.0,199871314.0,2.2,30.33,29.68,29.84,29.57,0.79,0.85,32.23,3.94,23546250000.0,23546250000.0,0.03,0.07,-8.0,-0.7
1870,600179,安通控股,4.52,1.12,0.05,456277.0,207627513.0,3.13,4.62,4.48,4.48,4.47,1.41,1.18,17.61,1.61,19126501945.0,17457498797.0,-0.22,-0.22,-12.57,-18.12
1871,300644,南京聚隆,30.68,1.12,0.34,24036.0,73383654.0,2.64,30.85,30.05,30.19,30.34,0.67,2.71,25.63,3.23,3394619955.0,2717706559.0,-0.03,-0.03,-14.78,-16.88
1872,688225,亚信安全,17.16,1.12,0.19,30666.0,52850522.0,3.12,17.43,16.9,17.05,16.97,0.91,0.77,-15.4,3.95,6864171600.0,6864171600.0,0.0,0.06,-31.44,-11.55
1873,002623,亚玛顿,22.59,1.12,0.25,44965.0,101154226.0,3.4,22.77,22.01,22.39,22.34,1.13,2.26,-56.62,1.59,4496821875.0,4487190064.0,-0.13,0.18,21.84,24.81
1874,920187,通领科技,37.8,1.12,0.42,15614.0,59121189.27,3.64,38.37,37.01,37.51,37.38,1.93,6.82,16.0,2.11,2358720000.0,865366211.0,0.03,0.24,27.62,27.62
1875,300493,润欣科技,16.23,1.12,0.18,95153.0,154633903.63,1.87,16.36,16.06,16.09,16.05,1.1,1.88,135.4,7.15,8318216593.0,8222301350.0,0.0,0.0,-25.28,-19.21
1876,600056,中国医药,10.82,1.12,0.12,264030.0,283257714.0,2.15,10.84,10.61,10.68,10.7,0.6,1.77,26.69,1.37,16185418873.0,16179702992.0,0.0,0.19,1.6,4.74
1877,300888,稳健医疗,33.84,1.11,0.37,46125.0,156777187.28,2.69,34.41,33.51,33.56,33.47,1.21,0.79,20.19,1.72,19706040703.0,19684652469.0,-0.12,-0.24,-11.13,-10.57
1878,301058,中粮科工,10.03,1.11,0.11,44897.0,44771631.88,1.61,10.04,9.88,9.92,9.92,1.09,0.88,32.63,2.35,5138110677.0,5138110677.0,0.1,0.1,-12.02,-8.49
1879,001289,龙源电力,15.53,1.11,0.17,72294.0,111719758.49,1.5,15.53,15.3,15.35,15.36,0.9,0.14,28.68,1.73,129827945027.0,78301237567.0,0.06,0.06,-0.26,3.26
1880,688716,中研股份,33.68,1.11,0.37,14959.0,50122090.0,2.28,33.8,33.04,33.31,33.31,0.94,2.14,345.4,3.46,4098182400.0,2355147086.0,0.0,0.06,-20.27,-20.47
1881,000917,电广传媒,10.01,1.11,0.11,381442.0,382568074.62,2.12,10.11,9.9,9.9,9.9,1.15,2.69,80.56,1.36,14189738943.0,14188768224.0,-0.3,-0.3,-15.46,-2.63
1882,301107,瑜欣电子,28.34,1.11,0.31,10562.0,29798816.8,1.89,28.44,27.91,28.09,28.03,0.96,1.8,29.41,3.05,2878307323.0,1664180063.0,0.0,-0.04,-3.31,0.35
1883,688468,科美诊断,7.3,1.11,0.08,25485.0,18515841.0,1.94,7.33,7.19,7.25,7.22,0.91,0.64,65.94,2.07,2928088400.0,2928088400.0,-0.14,-0.14,-9.54,-0.54
1884,300662,科锐国际,24.55,1.11,0.27,32142.0,78699536.78,1.98,24.65,24.17,24.17,24.28,0.82,1.64,15.89,2.13,4831596113.0,4818762184.0,0.0,0.16,-18.44,-3.08
1885,920005,鼎佳精密,37.41,1.11,0.41,6155.0,23162144.64,4.3,38.18,36.59,37.35,37.0,1.52,2.86,51.46,4.81,3105030000.0,804315000.0,0.0,-0.03,-13.56,-8.47
1886,301586,佳力奇,44.5,1.11,0.49,9359.0,41457885.0,1.77,44.58,43.8,44.3,44.01,1.08,1.77,65.21,2.89,3692409884.0,2354542571.0,0.0,0.32,-15.3,-11.28
1887,688616,西力科技,13.64,1.11,0.15,19008.0,25775646.0,1.56,13.66,13.45,13.47,13.49,0.93,1.06,23.57,2.7,2446719535.0,2446719535.0,0.07,0.07,5.0,11.53
1888,002105,信隆健康,6.39,1.11,0.07,42691.0,27170093.0,1.9,6.39,6.27,6.32,6.32,0.65,1.17,-58.24,2.79,2340286061.0,2328969530.0,0.0,0.16,-12.23,-12.7
1889,688597,煜邦电力,9.09,1.11,0.1,39543.0,35802006.0,2.0,9.12,8.94,8.94,8.99,0.97,1.18,40.13,3.13,3054787909.0,3054787909.0,-0.11,0.0,-1.41,10.72
1890,300302,同有科技,24.66,1.11,0.27,304690.0,743863645.69,3.98,24.99,24.02,24.08,24.39,0.92,8.26,954.37,11.01,11818645259.0,9094950651.0,0.24,0.04,24.11,35.94
1891,603117,万林物流,4.57,1.11,0.05,76839.0,34886366.0,1.55,4.57,4.5,4.54,4.52,0.74,1.28,145.81,2.66,2738333681.0,2738333681.0,0.22,0.22,-3.79,-3.18
1892,920873,中设咨询,8.22,1.11,0.09,22169.0,18285002.82,2.95,8.31,8.07,8.09,8.13,0.83,1.85,-20.13,4.89,1260841156.0,984808567.0,0.0,-0.24,-3.63,6.2
1893,002103,广博股份,8.25,1.1,0.09,61190.0,50230215.6,1.84,8.28,8.13,8.16,8.16,0.78,1.58,26.79,3.56,4407751862.0,3202118601.0,0.0,-0.12,-17.75,-9.54
1894,300079,数码视讯,5.5,1.1,0.06,289880.0,159095351.5,2.02,5.52,5.41,5.44,5.44,1.2,2.26,236.42,1.88,7843154341.0,7048138108.0,-0.18,0.0,-9.84,2.04
1895,600255,鑫科材料,3.69,1.1,0.04,516153.0,190090196.0,1.92,3.71,3.64,3.65,3.65,1.24,2.86,215.75,4.57,6664682264.0,6664682264.0,0.0,0.0,-11.08,-4.16
1896,920675,秉扬科技,10.12,1.1,0.11,30721.0,31155395.21,3.4,10.26,9.92,9.98,10.01,1.26,3.89,36.42,2.82,1742299680.0,799660844.0,0.0,0.0,-3.53,2.85
1897,688439,振华风光,51.7,1.1,0.56,22029.0,113565040.0,1.53,51.88,51.1,51.18,51.14,1.07,1.1,76.51,2.06,10340000000.0,10340000000.0,-0.02,-0.12,-19.73,-19.97
1898,603172,万丰股份,21.06,1.1,0.23,14072.0,29417530.0,2.3,21.09,20.61,20.94,20.83,0.7,2.81,56.56,2.58,2808982800.0,1054684800.0,0.0,0.05,11.96,18.31
1899,301061,匠心家居,74.48,1.1,0.81,14570.0,107412543.9,5.27,75.09,71.21,73.72,73.67,0.93,1.0,18.59,4.02,16293796026.0,10824724115.0,0.38,0.23,-17.68,-21.43
1900,301302,华如科技,22.33,1.09,0.24,56346.0,125448530.1,1.9,22.44,22.02,22.24,22.09,1.09,4.05,-14.75,2.35,3480465450.0,3103646700.0,0.0,-0.04,-21.29,-2.36
1901,000995,皇台酒业,13.9,1.09,0.15,100927.0,139691510.86,3.49,14.03,13.55,13.7,13.75,0.76,5.69,-259.18,16.72,2465971200.0,2465971200.0,0.0,-0.14,10.06,11.11
1902,603378,亚士创能,5.56,1.09,0.06,69454.0,38155027.0,4.91,5.63,5.36,5.51,5.5,0.95,1.62,-5.74,2.39,2382997330.0,2382997330.0,0.18,0.18,-20.0,-18.36
1903,002795,永和智控,8.38,1.09,0.09,256577.0,212584308.76,5.19,8.46,8.03,8.27,8.29,1.44,5.91,-45.91,8.15,3701340638.0,3640514576.0,0.0,0.12,19.03,33.02
1904,603307,扬州金泉,39.83,1.09,0.43,4088.0,16151768.0,2.46,40.19,39.22,40.19,39.4,1.19,0.61,23.64,1.94,2711506910.0,2668610000.0,-0.03,0.3,-2.4,1.32
1905,002779,中坚科技,95.21,1.09,1.03,25957.0,245946405.48,3.63,96.03,92.61,94.48,94.18,0.78,1.57,101.96,19.3,17594808000.0,15786611575.0,-0.16,-0.24,-15.33,-16.16
1906,300402,宝色股份,19.39,1.09,0.21,40055.0,77507625.0,2.09,19.47,19.07,19.18,19.18,1.38,1.64,88.43,3.19,4785267737.0,4723762657.0,0.1,0.05,-13.82,-9.86
1907,002347,泰尔股份,8.39,1.08,0.09,267248.0,223127589.0,2.29,8.45,8.26,8.32,8.3,0.74,5.42,-59.15,3.7,4234452096.0,4139482539.0,0.12,0.12,-22.6,-32.23
1908,000997,新 大 陆,21.49,1.08,0.23,278891.0,597960621.42,2.92,21.63,21.01,21.26,21.26,1.22,2.77,17.78,3.03,21771474193.0,21649872298.0,0.0,0.05,-29.43,-24.12
1909,300011,鼎汉技术,7.51,1.08,0.08,51762.0,38656639.0,1.75,7.53,7.4,7.42,7.43,0.73,1.02,-299.54,2.98,4547720956.0,3809492590.0,0.27,0.13,-17.92,-12.47
1910,002247,聚力文化,2.82,1.08,0.03,167878.0,47082808.0,1.79,2.83,2.78,2.8,2.79,0.89,2.61,42.68,3.61,2399453538.0,1814784695.0,0.36,0.0,0.0,0.36
1911,603116,红蜻蜓,5.62,1.08,0.06,45717.0,25602442.0,2.34,5.65,5.52,5.56,5.56,0.88,0.79,-46.66,1.24,3238248496.0,3238248496.0,0.18,0.0,-12.46,-8.32
1912,300013,新宁物流,3.76,1.08,0.04,95132.0,35577766.52,1.88,3.77,3.7,3.72,3.72,0.92,2.13,-311.16,10.72,2099429441.0,1676815439.0,0.53,0.27,-6.47,-4.57
1913,000048,京基智农,15.02,1.08,0.16,122476.0,183243006.51,2.29,15.09,14.75,14.82,14.86,0.75,2.33,52.12,1.95,7964839395.0,7905920441.0,0.07,0.13,1.14,-14.66
1914,920717,瑞星股份,9.35,1.08,0.1,15563.0,14641545.35,3.46,9.53,9.21,9.25,9.25,1.65,3.51,345.71,1.9,1072258000.0,414018000.0,0.11,0.0,-18.7,-15.77
1915,600633,浙数文化,13.11,1.08,0.14,227593.0,297499703.0,1.77,13.16,12.93,12.96,12.97,0.95,1.79,29.03,1.62,16624456328.0,16624456328.0,-0.08,-0.08,-21.64,1.94
1916,300404,博济医药,10.3,1.08,0.11,75735.0,77717673.74,2.36,10.34,10.1,10.15,10.19,0.67,2.65,136.02,3.89,3974389302.0,2940049644.0,0.0,0.1,-9.17,10.4
1917,688619,罗普特,15.91,1.08,0.17,33375.0,52481170.0,3.68,16.0,15.42,15.74,15.74,0.89,1.8,-13.26,4.37,2950319248.0,2950319248.0,-0.25,-0.25,7.35,16.99
1918,300691,联合光电,16.91,1.08,0.18,32651.0,55218420.28,2.51,17.04,16.62,16.73,16.73,1.04,1.48,-140.03,2.82,4549614633.0,3732681609.0,0.12,0.06,-5.85,-2.08
1919,002698,博实股份,14.08,1.08,0.15,66734.0,94208206.0,1.87,14.21,13.95,14.03,13.93,0.99,0.79,25.37,3.63,14397666976.0,11830563642.0,-0.07,-0.07,-20.18,-16.24
1920,600027,华电国际,4.69,1.08,0.05,707194.0,330520434.0,1.08,4.69,4.64,4.65,4.64,0.85,0.77,8.97,1.13,54459220923.0,43221526664.0,0.21,0.21,-5.63,-5.44
1921,600192,长城电工,8.45,1.08,0.09,64031.0,53829304.0,1.91,8.47,8.31,8.37,8.36,1.02,1.45,-17.66,3.68,3732770600.0,3732770600.0,-0.12,-0.24,-19.22,-16.67
1922,920190,雷神科技,23.39,1.08,0.25,22092.0,52020898.38,3.89,23.92,23.02,23.14,23.14,1.53,2.22,102.16,2.73,2339000023.0,2325972963.0,0.0,-0.04,-23.84,-16.49
1923,600281,华阳新材,5.64,1.08,0.06,108672.0,60900821.0,3.05,5.67,5.5,5.56,5.58,1.14,2.11,-508.68,51.27,2901227421.0,2901227421.0,0.0,0.18,-8.74,-4.41
1924,002152,广电运通,12.24,1.07,0.13,258853.0,316764193.51,2.97,12.41,12.05,12.09,12.11,1.41,1.04,35.31,2.43,30396606672.0,30381316647.0,-0.16,0.0,-11.88,-10.26
1925,000795,英洛华,9.43,1.07,0.1,190014.0,178781301.05,1.82,9.47,9.3,9.3,9.33,1.06,1.68,42.77,4.03,10690641091.0,10690625183.0,-0.11,0.0,-7.91,-5.42
1926,600967,内蒙一机,15.07,1.07,0.16,233927.0,351144664.0,1.68,15.1,14.85,14.87,14.91,1.27,1.37,49.81,2.16,25646045632.0,25646045632.0,0.0,0.0,-24.31,-10.3
1927,601318,中国平安,58.54,1.07,0.62,633437.0,3690691462.0,1.61,58.67,57.74,57.87,57.92,1.05,0.59,7.86,1.06,1060021362387.0,624040209959.0,-0.02,0.02,-13.16,-14.42
1928,920245,威博液压,25.57,1.07,0.27,5699.0,14722546.85,4.15,26.23,25.18,25.2,25.3,0.85,1.5,98.92,3.65,1270240890.0,971556748.0,0.08,0.2,-13.91,-9.23
1929,600444,国机通用,17.95,1.07,0.19,27748.0,49552691.0,1.97,17.97,17.62,17.82,17.76,0.74,1.9,45.06,3.49,2628273679.0,2628273679.0,0.06,0.11,-6.46,-2.07
1930,300474,景嘉微,62.3,1.07,0.66,75631.0,471753902.24,2.68,62.98,61.33,61.5,61.64,0.93,1.86,-336.66,4.67,32559177593.0,25323338548.0,0.0,0.02,-16.93,-13.32
1931,688290,景业智能,55.08,1.06,0.58,14479.0,79744471.0,3.49,55.9,54.0,54.4,54.5,1.26,1.42,-181.64,4.2,5628609447.0,5628609447.0,0.33,0.07,-9.78,-7.34
1932,301255,通力科技,30.42,1.06,0.32,47569.0,142375585.18,3.72,30.42,29.3,29.95,30.1,0.84,12.49,104.84,4.41,4633574400.0,1158393600.0,0.07,0.23,4.36,4.0
1933,301559,中集环科,17.2,1.06,0.18,21942.0,37801672.22,2.23,17.38,17.0,17.09,17.02,0.78,2.44,91.55,2.26,10320000000.0,1548000000.0,-0.23,-0.17,-0.92,8.24
1934,001369,双欣材料,16.24,1.06,0.17,185411.0,300152558.75,2.12,16.29,15.95,16.03,16.07,0.98,9.22,34.57,2.79,18627280000.0,3264717261.0,0.0,0.06,7.55,-1.64
1935,002173,创新医疗,25.82,1.06,0.27,195414.0,501850208.48,2.82,25.94,25.22,25.4,25.55,0.95,4.64,1808.78,6.4,11393961969.0,10866735100.0,0.0,-0.08,-18.81,20.04
1936,300363,博腾股份,22.02,1.06,0.23,133172.0,293267834.57,2.98,22.38,21.73,21.74,21.79,0.95,2.67,124.21,2.24,11966596716.0,10984817598.0,-0.18,-0.05,-22.08,-5.25
1937,603004,鼎龙科技,21.86,1.06,0.23,41993.0,91513193.0,3.28,22.2,21.49,21.49,21.63,1.55,7.13,34.51,2.46,5148467200.0,1287116800.0,-0.23,-0.05,-9.93,-6.86
1938,603027,千禾味业,9.57,1.06,0.1,122043.0,117138432.0,2.32,9.67,9.45,9.45,9.47,0.96,0.98,36.85,2.88,12758010193.0,11958819062.0,-0.1,-0.1,-4.59,-2.64
1939,002765,蓝黛科技,10.44,1.06,0.11,83775.0,87069921.0,1.55,10.44,10.28,10.3,10.33,1.08,1.41,36.84,2.58,6808217260.0,6220779862.0,0.1,0.1,-18.25,-21.91
1940,688722,同益中,18.04,1.06,0.19,47962.0,86655541.0,3.92,18.31,17.61,17.8,17.85,1.49,2.14,37.02,2.83,4052987268.0,4042857808.0,0.06,0.22,-8.7,-7.72
1941,001379,腾达科技,21.89,1.06,0.23,15598.0,34062996.0,1.99,21.99,21.56,21.59,21.66,0.97,2.32,51.93,2.91,4378000000.0,1473175110.0,0.0,0.0,-7.4,-7.09
1942,601599,浙文影业,3.81,1.06,0.04,177266.0,67228737.0,1.86,3.82,3.75,3.77,3.77,0.92,1.53,33.32,2.92,4421666746.0,4421666746.0,0.26,0.26,-4.75,-4.27
1943,300939,秋田微,40.84,1.06,0.43,53503.0,219164087.11,2.92,41.49,40.31,40.31,40.41,0.94,4.46,61.49,3.42,4900800000.0,4900800000.0,-0.07,-0.46,9.87,18.45
1944,603075,热威股份,22.99,1.05,0.24,16294.0,37155952.0,1.76,23.02,22.62,22.76,22.75,1.25,3.95,28.64,4.25,9253086722.0,948224067.0,0.0,0.0,-1.71,5.27
1945,300243,瑞丰高材,17.36,1.05,0.18,357085.0,622659246.62,7.97,18.05,16.68,17.23,17.18,0.95,18.31,53.84,3.93,4358250325.0,3386038540.0,-0.12,0.23,59.12,66.44
1946,002421,达实智能,2.9,1.05,0.03,1229347.0,356928877.89,4.88,2.98,2.84,2.84,2.87,1.35,6.13,-11.12,2.07,6149686753.0,5819408265.0,-0.34,-0.34,-5.23,1.75
1947,603015,弘讯科技,12.52,1.05,0.13,48793.0,60836429.0,2.26,12.55,12.27,12.4,12.39,1.29,1.21,118.43,3.63,5060821880.0,5060821880.0,0.0,0.08,-19.43,-0.24
1948,603681,永冠新材,18.24,1.05,0.19,57141.0,103696459.0,2.38,18.34,17.91,18.0,18.05,0.82,2.47,28.34,1.34,4216215325.0,4216215325.0,0.11,0.11,-10.37,-3.9
1949,603331,百达精工,15.39,1.05,0.16,63575.0,97417302.0,2.76,15.5,15.08,15.22,15.23,1.29,3.14,39.06,2.35,3111483038.0,3111483038.0,0.0,-0.06,12.5,8.0
1950,301059,金三江,14.39,1.05,0.15,23103.0,32976372.1,1.83,14.4,14.14,14.24,14.24,1.0,1.12,46.85,5.44,3326306060.0,2974945804.0,0.0,-0.07,9.02,14.21
1951,300030,阳普医疗,7.72,1.05,0.08,57018.0,43686444.64,3.14,7.74,7.5,7.65,7.64,0.77,2.09,164.27,3.85,2386926072.0,2101596686.0,0.0,0.0,-5.28,4.89
1952,301667,纳百川,100.72,1.05,1.05,44732.0,448719280.34,2.37,101.66,99.3,100.0,99.67,0.52,19.89,144.72,12.26,11247362112.0,2265641910.0,0.03,-0.01,32.93,25.51
1953,003010,若羽臣,31.87,1.05,0.33,58187.0,185051698.09,2.85,32.08,31.18,31.5,31.54,0.6,2.57,50.99,13.78,9913465500.0,7207151340.0,0.03,0.06,-14.28,-8.86
1954,688556,高测股份,14.5,1.05,0.15,393435.0,568763696.0,5.23,14.74,13.99,14.2,14.35,0.79,4.74,-296.82,3.06,12046222043.0,12046222043.0,0.14,0.07,5.84,26.97
1955,603612,索通发展,27.79,1.05,0.29,169366.0,470633873.0,4.25,28.25,27.08,27.51,27.5,1.15,3.4,15.88,2.47,13842322916.0,13842322916.0,0.0,0.07,7.42,18.26
1956,002678,珠江钢琴,5.82,1.04,0.06,147453.0,85384332.3,2.78,5.87,5.71,5.74,5.76,0.51,1.09,-21.14,2.55,7905424280.0,7901083287.0,-0.68,-0.51,9.19,9.19
1957,603093,南华期货,20.39,1.04,0.21,95988.0,195207459.0,2.58,20.54,20.02,20.3,20.18,0.6,1.57,17.87,2.54,14634410568.0,12439243558.0,0.0,0.0,6.98,4.62
1958,300242,佳云科技,4.87,1.04,0.05,210288.0,102288630.0,4.56,4.97,4.75,4.76,4.82,1.04,3.31,-85.9,12.43,3090283941.0,3090282256.0,0.0,0.0,-15.3,-2.6
1959,300126,锐奇股份,7.78,1.04,0.08,44932.0,34771741.0,2.86,7.85,7.63,7.7,7.7,1.16,2.13,-49.26,2.33,2364790128.0,1638878037.0,0.26,-0.13,-9.01,-9.11
1960,002679,福建金森,10.67,1.04,0.11,22795.0,24243210.0,1.61,10.69,10.52,10.65,10.56,0.65,0.97,-79.8,3.43,2515516520.0,2515516520.0,0.19,0.09,-6.73,-9.27
1961,600751,海航科技,3.88,1.04,0.04,381939.0,147659149.0,3.65,3.93,3.79,3.83,3.84,0.86,1.48,87.13,1.49,11249430598.0,9983973522.0,0.26,0.52,-4.9,1.31
1962,002966,苏州银行,8.76,1.04,0.09,280920.0,244829060.86,2.42,8.78,8.57,8.6,8.67,0.91,0.64,6.56,0.78,39162999216.0,38510896170.0,0.0,0.0,8.15,5.67
1963,920230,欧康医药,12.63,1.04,0.13,54924.0,68947705.83,3.68,12.72,12.26,12.4,12.5,0.83,11.62,110.68,3.04,1272061962.0,596739057.0,0.24,0.16,-5.39,4.64
1964,603207,小方制药,28.17,1.04,0.29,8258.0,23062259.0,1.72,28.17,27.69,27.7,27.88,0.86,1.52,20.0,4.29,4530299400.0,1532448000.0,0.64,1.04,-5.94,-1.57
1965,301082,久盛电气,18.42,1.04,0.19,47613.0,87332488.2,1.87,18.48,18.14,18.26,18.23,0.9,2.27,-153.05,4.04,4168614985.0,3864060492.0,-0.05,-0.11,-5.25,2.91
1966,300883,龙利得,6.77,1.04,0.07,123307.0,82802385.29,2.39,6.79,6.63,6.65,6.7,0.87,3.73,-297.97,1.66,2342420000.0,2238666873.0,0.0,0.15,1.5,0.3
1967,001314,亿道信息,44.01,1.03,0.45,13798.0,60552530.5,1.68,44.14,43.41,43.55,43.56,0.92,1.11,674.29,3.04,6277322340.0,5474208496.0,-0.02,0.05,-4.97,-1.79
1968,605138,盛泰集团,6.84,1.03,0.07,18448.0,12500023.0,2.07,6.84,6.7,6.75,6.77,0.79,0.33,73.31,1.58,3800108998.0,3800108998.0,0.0,0.15,-2.43,-1.72
1969,600366,宁波韵升,12.74,1.03,0.13,197574.0,251214799.0,1.98,12.81,12.56,12.6,12.61,0.89,1.8,42.32,2.25,14001782990.0,14001782990.0,0.08,0.08,-10.6,-7.61
1970,002461,珠江啤酒,9.82,1.03,0.1,86125.0,84515492.56,2.47,9.92,9.68,9.71,9.72,0.75,0.39,24.05,1.97,21734885674.0,21734885674.0,0.2,0.2,4.03,5.71
1971,600339,中油工程,3.94,1.03,0.04,1060427.0,414614075.0,2.56,3.95,3.85,3.88,3.9,0.73,1.9,61.75,0.82,21997601036.0,21997601036.0,0.25,0.25,11.61,17.61
1972,603787,新日股份,12.72,1.03,0.13,54715.0,69020106.0,2.22,12.73,12.45,12.49,12.59,0.79,2.38,18.97,1.84,2927429009.0,2927429009.0,0.08,0.0,-7.63,-9.53
1973,000912,泸天化,4.89,1.03,0.05,360960.0,174947494.28,2.48,4.9,4.78,4.85,4.84,0.61,2.3,241.21,1.21,7667520000.0,7667520000.0,0.0,0.0,14.79,17.83
1974,601868,中国能建,2.94,1.03,0.03,8516082.0,2492731547.0,3.09,2.96,2.87,2.92,2.91,1.37,2.63,22.27,1.1,130066138734.0,95340459250.0,0.0,0.0,23.53,25.11
1975,300783,三只松鼠,18.71,1.03,0.19,50383.0,93962155.06,1.78,18.74,18.41,18.43,18.52,1.23,1.8,35.08,2.53,7515243829.0,5243774989.0,0.0,-0.05,-24.19,-19.18
1976,688262,国芯科技,36.45,1.03,0.37,97359.0,356369828.0,4.02,37.17,35.72,35.89,36.08,0.95,2.9,-50.86,6.23,12247196829.0,12247196829.0,-0.05,0.0,14.88,20.1
1977,920508,殷图网联,20.79,1.02,0.21,8142.0,17075818.62,4.57,21.28,20.34,20.99,20.58,1.32,2.55,546.45,6.4,1247400000.0,663324181.0,0.05,-0.14,-16.87,-6.56
1978,688455,科捷智能,29.85,1.02,0.3,37300.0,111324930.0,5.72,30.88,29.19,29.6,29.55,1.04,2.22,157.86,5.26,5015715380.0,5015715380.0,-0.33,0.3,30.07,48.58
1979,300795,米奥会展,11.86,1.02,0.12,23412.0,27701612.56,1.7,11.91,11.71,11.8,11.74,0.86,1.35,25.93,5.41,3544881298.0,2063464009.0,0.0,0.0,-17.41,-12.92
1980,000026,飞亚达,17.8,1.02,0.18,183981.0,324563779.28,3.12,17.88,17.33,17.44,17.62,0.72,5.05,82.72,2.16,7222599325.0,6489181047.0,0.0,0.23,7.23,8.67
1981,300567,精测电子,128.88,1.02,1.3,84538.0,1077491964.76,7.05,131.0,122.0,127.0,127.58,1.0,3.72,270.16,10.2,36053617052.0,29262014031.0,0.0,-0.02,8.3,41.32
1982,600792,云煤能源,3.96,1.02,0.04,192934.0,75863259.0,2.04,3.97,3.89,3.92,3.92,0.91,1.74,-18.13,1.55,4395297456.0,4395297456.0,0.25,0.0,-0.5,2.06
1983,603767,中马传动,18.87,1.02,0.19,27768.0,52257608.0,2.25,18.99,18.57,18.88,18.68,1.19,0.9,-1003.53,4.28,5823876405.0,5823876405.0,0.0,0.0,-19.91,-21.54
1984,300717,华信新材,20.97,1.01,0.21,18857.0,39341235.14,2.02,21.05,20.63,20.69,20.76,0.92,1.85,39.16,2.96,2155191750.0,2135865798.0,-0.05,-0.19,5.7,10.72
1985,600853,龙建股份,4.0,1.01,0.04,119888.0,47697948.0,3.28,4.03,3.9,3.96,3.96,1.42,1.18,10.02,1.0,4054784184.0,4054784184.0,0.0,0.25,-11.89,-7.62
1986,300411,金盾股份,10.95,1.01,0.11,77632.0,84839144.0,2.95,11.07,10.75,10.78,10.84,0.95,2.51,229.86,4.59,4451394077.0,3384814725.0,-0.18,-0.18,-10.47,-5.52
1987,920130,立方控股,20.91,1.01,0.21,17230.0,36460539.86,4.59,21.58,20.63,20.82,20.7,1.61,3.04,-40.09,4.04,1928806065.0,1183247113.0,0.05,0.05,-24.62,-27.8
1988,002014,永新股份,12.03,1.01,0.12,17741.0,21188342.03,1.76,12.03,11.82,11.89,11.91,0.92,0.29,17.87,3.14,7368277148.0,7272340533.0,0.0,0.08,3.35,0.92
1989,301377,鼎泰高科,227.5,1.01,2.28,54864.0,1272742112.11,8.52,243.5,224.3,225.83,225.22,0.91,7.72,89.49,32.15,93275000000.0,16157960000.0,0.09,0.43,41.83,63.55
1990,002968,新大正,11.97,1.01,0.12,40095.0,47689331.4,3.97,12.14,11.67,12.08,11.85,1.67,1.88,19.86,2.17,2708545063.0,2549747152.0,-0.33,-0.08,-9.04,-1.56
1991,601999,出版传媒,8.02,1.01,0.08,197915.0,156516797.0,4.41,8.03,7.68,7.83,7.94,0.54,3.59,42.07,1.65,4418335894.0,4418335894.0,0.0,0.12,6.23,16.74
1992,002941,新疆交建,16.13,1.0,0.16,119884.0,192631546.38,1.75,16.15,15.87,15.87,15.97,1.03,1.64,19.65,2.5,11770886404.0,11770886404.0,0.0,0.12,-3.3,1.77
1993,688695,中创股份,24.28,1.0,0.24,13507.0,32631523.0,2.29,24.35,23.8,23.97,24.04,1.22,2.53,-101.8,2.65,2065047458.0,1296442206.0,0.21,0.17,-17.69,-11.48
1994,300731,科创新源,77.75,1.0,0.77,111715.0,888874343.0,7.46,82.8,77.06,78.35,76.98,1.35,9.3,273.15,15.88,9845622761.0,9343931945.0,0.1,-0.14,48.66,38.3
1995,688026,洁特生物,16.22,1.0,0.16,16600.0,26806172.0,3.05,16.36,15.87,15.97,16.06,1.13,1.18,47.22,1.87,2276711006.0,2275983993.0,-0.18,-0.31,-7.26,0.68
1996,601016,节能风电,4.1,0.99,0.04,2414399.0,981528921.0,2.22,4.1,4.01,4.05,4.06,0.92,4.0,26.82,1.51,26832157809.0,24756613502.0,0.24,0.49,32.26,38.98
1997,600513,联环药业,21.33,0.99,0.21,167123.0,354103942.0,3.5,21.4,20.66,20.98,21.12,0.51,5.85,-61.92,4.79,6088782239.0,6088782239.0,0.0,0.05,5.33,16.49
1998,600666,奥瑞德,7.16,0.99,0.07,7028012.0,5102775735.0,7.05,7.57,7.07,7.07,7.09,1.18,28.09,139.33,19.71,19700363341.0,17916134817.0,0.14,0.14,91.96,113.1
1999,920076,国亮新材,21.5,0.99,0.21,21514.0,46703652.23,3.9,22.0,21.17,21.2,21.29,3.46,10.89,22.27,1.76,1798141557.0,424870466.0,0.0,0.05,99.81,99.81
2000,300559,佳发教育,15.23,0.99,0.15,187646.0,283349259.3,4.51,15.36,14.68,15.1,15.08,0.76,6.03,192.21,5.17,6084606855.0,4738613967.0,-0.26,-0.13,7.71,20.78
2001,002871,伟隆股份,18.41,0.99,0.18,41749.0,77189630.25,4.17,18.84,18.08,18.24,18.23,0.83,2.79,33.83,4.18,4636629286.0,2750371670.0,0.11,0.05,-4.56,2.28
2002,600956,新天绿能,8.15,0.99,0.08,158427.0,128395578.0,1.49,8.16,8.04,8.07,8.07,1.0,0.67,20.14,1.53,36778448545.0,19136922718.0,0.0,0.12,9.84,12.41
2003,002858,力盛体育,16.31,0.99,0.16,55665.0,90211823.0,3.53,16.4,15.83,16.1,16.15,0.71,3.79,91.06,4.91,2673532558.0,2397218324.0,0.06,0.25,-4.0,8.73
2004,002017,东信和平,19.44,0.99,0.19,103841.0,201846531.79,1.92,19.55,19.18,19.25,19.25,0.86,1.79,75.27,6.38,11283596311.0,11276869546.0,-0.05,0.05,-26.06,-12.83
2005,000607,华媒控股,4.07,0.99,0.04,92081.0,37326451.0,2.48,4.09,3.99,4.04,4.03,0.78,1.04,-53.5,2.67,4142032529.0,3602086117.0,0.0,0.0,-14.68,-1.93
2006,002659,凯文教育,5.17,0.98,0.05,105377.0,54142090.36,1.95,5.18,5.08,5.12,5.12,1.02,1.76,2425.14,1.43,3093109585.0,3093095047.0,0.0,-0.19,-23.18,-11.77
2007,000716,黑芝麻,5.15,0.98,0.05,76894.0,39425015.0,1.57,5.16,5.08,5.1,5.1,0.91,1.04,426.44,1.52,3877352858.0,3804739336.0,0.0,0.0,-21.01,-17.34
2008,000697,ST炼石,10.28,0.98,0.1,66417.0,67682591.55,3.14,10.36,10.04,10.17,10.18,0.99,1.02,-27.71,4.29,14351787724.0,6713943537.0,0.0,0.0,21.08,18.84
2009,300719,安达维尔,16.46,0.98,0.16,52550.0,86197166.15,2.64,16.64,16.21,16.29,16.3,1.02,2.93,5534.18,4.03,4184578889.0,2956547373.0,0.0,0.06,-7.01,-9.11
2010,300598,诚迈科技,37.95,0.98,0.37,32130.0,122286336.45,2.0,38.3,37.55,37.6,37.58,1.12,1.48,-91.14,5.55,8234457071.0,8232151001.0,-0.05,0.0,-24.49,-17.45
2011,600773,西藏城投,22.69,0.98,0.22,431783.0,978830039.0,6.5,23.47,22.01,22.55,22.47,0.8,4.54,-39.06,5.03,21591505967.0,21591505967.0,0.22,0.35,57.02,83.13
2012,003016,欣贺股份,8.21,0.98,0.08,27176.0,22183945.0,2.09,8.22,8.05,8.16,8.13,0.74,0.66,249.53,1.29,3452482435.0,3373348133.0,0.12,0.0,-10.37,-15.27
2013,301126,达嘉维康,11.29,0.98,0.11,25291.0,28401489.25,1.61,11.3,11.12,11.21,11.18,0.71,1.83,341.21,1.33,2319002128.0,1556702107.0,0.0,0.18,-15.43,-8.14
2014,603386,骏亚科技,14.49,0.98,0.14,61719.0,89456432.0,2.93,14.66,14.24,14.35,14.35,1.19,1.89,163.31,3.47,4728413894.0,4728413894.0,0.07,0.07,-5.29,-5.48
2015,600725,云维股份,4.14,0.98,0.04,157759.0,64796537.0,2.44,4.15,4.05,4.1,4.1,0.85,1.28,-220.98,18.21,5102425800.0,5102425800.0,0.0,0.0,-8.41,-0.96
2016,300823,建科智能,16.51,0.98,0.16,17727.0,29157899.08,2.39,16.59,16.2,16.35,16.35,0.78,2.09,87.92,2.3,2162524823.0,1399873423.0,0.18,0.06,0.73,5.7
2017,300321,同大股份,35.98,0.98,0.35,20228.0,72082744.07,3.65,36.41,35.11,35.85,35.63,1.31,2.28,284.74,5.04,3195024000.0,3191278482.0,0.0,0.19,-12.09,-20.54
2018,002264,新 华 都,8.37,0.97,0.08,189449.0,157807019.0,2.05,8.4,8.23,8.3,8.29,1.29,2.89,25.39,3.02,6024820581.0,5480532120.0,0.0,-0.12,-30.77,-5.21
2019,002777,久远银海,16.7,0.97,0.16,52724.0,87949387.5,1.75,16.79,16.5,16.56,16.54,1.08,1.3,88.69,4.04,6817458335.0,6755341900.0,-0.12,-0.12,-26.53,-6.91
2020,603949,雪龙集团,18.69,0.97,0.18,49670.0,92700343.0,2.0,18.77,18.4,18.47,18.51,0.53,2.36,43.77,3.65,3938669035.0,3928736571.0,-0.05,0.0,-11.21,-0.43
2021,920931,无锡鼎邦,12.44,0.97,0.12,8068.0,10099348.38,2.44,12.64,12.34,12.38,12.32,1.45,2.8,110.36,2.98,1168489200.0,357970952.0,-0.08,-0.4,-16.06,-12.95
2022,603421,鼎信通讯,8.29,0.97,0.08,152348.0,126118183.0,2.19,8.33,8.15,8.21,8.21,0.57,2.34,-12.06,1.93,5406659336.0,5406659336.0,0.0,0.0,14.03,15.78
2023,301322,绿通科技,36.25,0.97,0.35,39811.0,142533987.0,2.51,36.37,35.47,35.76,35.9,1.01,4.19,54.89,1.82,5121685578.0,3444753400.0,1.03,1.12,26.84,31.91
2024,301456,盘古智能,30.15,0.97,0.29,15060.0,45171896.82,2.38,30.28,29.57,29.81,29.86,1.08,2.49,56.12,2.06,4536001321.0,1824077050.0,0.0,-0.07,-3.4,-4.29
2025,300993,玉马科技,12.53,0.97,0.12,21183.0,26558913.22,1.77,12.61,12.39,12.48,12.41,0.89,0.88,26.2,2.53,3860883936.0,3017151013.0,0.0,0.0,-17.78,-14.88
2026,688775,影石创新,198.0,0.97,1.91,8038.0,158589965.0,2.75,199.5,194.1,196.09,196.09,0.88,2.45,82.36,13.57,79398000000.0,6494400000.0,0.02,0.15,-20.29,-15.71
2027,600560,金自天正,14.62,0.97,0.14,18041.0,26289313.0,1.8,14.68,14.42,14.58,14.48,0.81,0.81,63.36,3.33,3269697210.0,3269697210.0,0.07,0.14,-15.15,-10.53
2028,600759,洲际油气,5.22,0.97,0.05,2364313.0,1229571782.0,2.51,5.26,5.13,5.17,5.17,0.59,5.71,195.52,2.46,21657828442.0,21630039772.0,0.0,0.19,46.63,67.31
2029,300442,润泽科技,95.2,0.97,0.91,534533.0,5075455576.3,3.41,96.55,93.33,94.5,94.29,0.88,3.28,66.81,10.89,155589508150.0,155159204150.0,0.0,-0.07,17.49,80.3
2030,301177,迪阿股份,29.3,0.96,0.28,9737.0,28503313.0,1.31,29.45,29.07,29.21,29.02,1.07,0.24,85.78,1.88,11728044315.0,11720273223.0,0.17,0.03,-5.39,1.49
2031,920953,国子软件,31.64,0.96,0.3,21985.0,69892641.45,4.98,32.45,30.89,31.3,31.34,1.52,3.67,60.02,6.73,4053589924.0,1894785225.0,-0.03,-0.22,-22.66,-11.5
2032,688819,天能股份,35.86,0.96,0.34,53392.0,192427869.0,3.18,36.43,35.3,35.51,35.52,1.05,0.55,21.9,2.04,34859506000.0,34859506000.0,0.0,-0.06,3.49,7.95
2033,300937,药易购,30.47,0.96,0.29,22792.0,68786354.38,2.22,30.48,29.81,30.18,30.18,0.62,3.42,-261.62,3.51,2914963801.0,2030184442.0,0.0,0.0,-18.53,-10.62
2034,001280,中国铀业,83.24,0.96,0.79,118881.0,982961624.7,2.66,83.45,81.26,82.33,82.45,1.22,7.52,107.63,12.58,172155454530.0,13159183439.0,0.0,0.01,18.74,36.64
2035,001279,强邦新材,31.52,0.96,0.3,4939.0,15522602.0,1.31,31.58,31.17,31.25,31.22,1.05,1.23,83.02,5.0,5043200000.0,1260800000.0,0.06,0.06,-11.51,-7.94
2036,601608,中信重工,6.33,0.96,0.06,297970.0,188125306.0,2.55,6.37,6.21,6.28,6.27,1.08,0.65,77.21,3.1,28988573256.0,28988573256.0,0.0,-0.16,-9.18,-3.95
2037,301522,上大股份,32.66,0.96,0.31,46846.0,152723813.8,2.07,32.81,32.14,32.14,32.35,0.97,1.66,118.95,6.42,12145165344.0,9191068344.0,0.03,0.06,-21.77,-16.62
2038,002820,桂发祥,10.5,0.96,0.1,38569.0,40223329.0,1.92,10.51,10.31,10.38,10.4,0.82,1.92,-86.0,2.43,2109117098.0,2109117098.0,0.19,0.0,-15.25,-12.86
2039,301215,中汽股份,6.28,0.96,0.06,102395.0,64253515.84,2.25,6.32,6.18,6.23,6.22,1.24,0.77,38.99,2.85,8314092000.0,8304672000.0,-0.32,-0.16,-10.16,-8.32
2040,000050,深天马Ａ,8.42,0.96,0.08,246291.0,207798006.03,2.64,8.51,8.29,8.3,8.34,1.44,1.0,123.64,0.76,20694235306.0,20693980811.0,-0.12,-0.12,-18.01,-6.76
2041,300996,普联软件,17.81,0.96,0.17,87648.0,155559926.22,2.83,18.0,17.5,17.59,17.64,0.8,3.71,213.95,3.81,5036241415.0,4212765717.0,0.0,0.06,-8.1,7.68
2042,002832,比音勒芬,17.97,0.96,0.17,79213.0,141325042.24,2.25,18.01,17.61,17.85,17.8,0.81,2.03,12.41,1.88,10255606299.0,6997846563.0,-0.17,-0.06,17.22,20.12
2043,603798,康普顿,16.91,0.96,0.16,161042.0,279783318.0,6.63,17.85,16.74,16.75,16.75,1.15,6.28,59.4,3.75,4336563582.0,4336563582.0,-0.18,-0.53,3.11,2.42
2044,600750,华润江中,27.22,0.96,0.26,57863.0,156101136.0,3.67,27.43,26.44,27.25,26.96,1.27,0.92,19.08,4.3,17301393727.0,17112815635.0,-0.18,-0.18,19.44,17.48
2045,300204,舒泰神,30.62,0.96,0.29,363167.0,1108645438.35,4.06,30.88,29.65,30.01,30.33,0.61,8.01,-357.52,16.8,14629395634.0,13891207021.0,0.13,-0.03,3.94,12.08
2046,300145,南方泵业,5.24,0.96,0.05,1037228.0,545744750.44,4.43,5.35,5.12,5.18,5.19,0.97,5.43,42.57,3.48,10062068269.0,10012742378.0,-0.19,0.0,13.91,11.02
2047,300735,光弘科技,24.07,0.96,0.23,201096.0,481605961.6,1.8,24.23,23.8,23.9,23.84,1.76,2.66,69.64,3.74,18472778784.0,18231033954.0,0.0,0.12,-6.89,-3.18
2048,603686,福龙马,19.06,0.95,0.18,110702.0,210908103.0,1.75,19.14,18.81,18.88,18.88,1.0,2.66,52.43,2.33,7918103500.0,7918103500.0,0.0,0.05,-26.47,-35.8
2049,300314,戴维医疗,12.81,0.95,0.12,32525.0,41263423.55,3.07,12.86,12.47,12.66,12.69,1.04,2.26,42.38,2.99,3689280000.0,1841327949.0,-0.16,-0.08,-8.63,1.83
2050,920339,恒太照明,8.49,0.95,0.08,17673.0,14920785.33,3.57,8.53,8.23,8.38,8.41,2.18,1.17,-224.44,3.11,1869530262.0,1283493876.0,1.31,1.68,-14.67,-14.24
2051,300157,新锦动力,6.38,0.95,0.06,284359.0,180928496.73,2.37,6.41,6.26,6.3,6.32,0.72,4.02,45.9,-24.16,4810122571.0,4515921152.0,0.0,0.16,27.35,40.53
2052,300152,ST新动力,2.12,0.95,0.02,135983.0,28584510.85,3.33,2.13,2.06,2.09,2.1,0.53,1.91,-156.71,6.42,1511136000.0,1510751061.0,0.47,0.0,-3.2,-0.93
2053,600998,九州通,5.31,0.95,0.05,347165.0,183435013.0,2.47,5.34,5.21,5.27,5.26,0.97,0.69,10.17,1.01,26775516943.0,26775516943.0,0.0,0.19,-1.67,3.71
2054,000799,酒鬼酒,43.52,0.95,0.41,42377.0,183504805.32,2.13,43.72,42.8,42.95,43.11,0.8,1.3,-1081.6,3.76,14140909210.0,14139668890.0,0.0,-0.05,-20.8,-20.26
2055,300893,松原安全,23.5,0.95,0.22,30451.0,71315297.81,3.05,23.63,22.92,23.26,23.28,0.74,1.21,30.34,5.45,11115529751.0,5895327876.0,0.09,-0.09,-7.33,-0.59
2056,601177,杭齿前进,14.9,0.95,0.14,38644.0,57334698.0,1.42,14.91,14.7,14.77,14.76,1.04,0.97,23.96,2.14,6074931150.0,5960894000.0,0.0,0.13,-13.72,-14.12
2057,600378,昊华科技,33.11,0.95,0.31,111125.0,366492074.0,4.27,33.52,32.12,32.91,32.8,0.98,1.04,26.01,2.37,42711887418.0,35512639169.0,-0.06,-0.03,-5.13,3.6
2058,002567,唐人神,4.27,0.95,0.04,248809.0,105577175.82,2.13,4.29,4.2,4.27,4.23,0.64,1.74,-12.58,1.12,6119129448.0,6112150120.0,0.0,-0.23,-2.95,-2.95
2059,600719,大连热电,7.45,0.95,0.07,283317.0,209933701.0,3.93,7.59,7.3,7.39,7.38,1.3,7.0,-31.82,9.82,3014267020.0,3014267020.0,-0.13,0.0,19.97,14.26
2060,603177,德创环保,11.63,0.95,0.11,54928.0,63553118.0,2.26,11.66,11.4,11.5,11.52,0.6,2.69,135.87,6.31,2374752960.0,2374752960.0,-0.09,0.0,0.09,4.49
2061,301095,广立微,87.15,0.95,0.82,108855.0,964222888.19,6.78,91.4,85.55,86.99,86.33,0.96,6.24,353.64,5.56,17454496819.0,15208052795.0,0.14,-0.17,10.62,21.53
2062,002884,凌霄泵业,19.05,0.95,0.18,45775.0,87215801.05,2.49,19.27,18.8,18.81,18.87,0.67,1.68,14.98,2.82,6813851796.0,5202030896.0,0.0,0.11,9.61,7.69
2063,001338,永顺泰,13.75,0.95,0.13,87956.0,119985491.56,2.06,13.77,13.49,13.68,13.62,1.31,1.75,29.15,1.86,6898798968.0,6898798968.0,0.0,0.15,12.89,13.54
2064,600960,渤海汽车,5.31,0.95,0.05,157101.0,83129757.0,2.47,5.34,5.21,5.21,5.26,1.15,1.65,30.16,1.38,5047237401.0,5047237401.0,-0.19,-0.19,-1.67,-4.84
2065,000059,华锦股份,5.29,0.95,0.05,250553.0,132682294.48,3.05,5.39,5.23,5.25,5.24,1.13,1.57,-4.55,0.84,8461051021.0,8461051021.0,0.0,0.19,-4.34,-1.12
2066,601011,宝泰隆,3.18,0.95,0.03,382389.0,119983940.0,2.86,3.18,3.09,3.15,3.15,1.2,2.0,90.73,1.06,6091813234.0,6091813234.0,0.32,0.32,-4.5,-6.47
2067,688318,财富趋势,115.5,0.94,1.07,31065.0,359079640.0,2.15,116.9,114.44,114.44,114.43,0.96,1.21,93.79,7.7,29581799016.0,29581799016.0,0.3,-0.04,-22.4,-12.71
2068,003030,祖名股份,20.43,0.94,0.19,12320.0,25019346.0,2.47,20.5,20.0,20.22,20.24,1.04,1.55,59.45,2.5,2549255400.0,1621852916.0,-0.29,-0.1,-2.06,1.19
2069,600006,东风股份,6.45,0.94,0.06,135804.0,87587560.0,2.5,6.52,6.36,6.38,6.39,1.53,0.68,95.29,1.54,12900000000.0,12900000000.0,-0.15,0.0,-13.31,-10.17
2070,000567,海德股份,5.39,0.94,0.05,112703.0,60695597.13,2.43,5.45,5.32,5.35,5.34,0.61,0.58,46.24,1.95,10535251715.0,10509972707.0,-0.37,0.0,-11.06,-16.04
2071,000591,太阳能,5.39,0.94,0.05,706438.0,379378252.96,1.87,5.41,5.31,5.34,5.34,1.05,1.8,14.1,0.87,21160064760.0,21153052240.0,-0.19,0.19,5.89,23.06
2072,002862,实丰文化,17.2,0.94,0.16,21477.0,36702592.6,2.11,17.27,16.91,17.1,17.04,0.75,1.7,-36.86,7.22,2889600000.0,2171464155.0,0.06,0.06,-14.89,-11.93
2073,001266,宏英智能,33.29,0.94,0.31,18683.0,62169434.8,2.76,33.57,32.66,33.3,32.98,1.35,3.22,227.7,3.66,3448186256.0,1933529873.0,0.09,-0.03,-1.89,-15.44
2074,300800,力合科技,11.84,0.94,0.11,32719.0,38688780.0,1.96,11.91,11.68,11.78,11.73,1.15,1.4,95.61,1.4,2803226560.0,2775076960.0,-0.34,-0.08,-3.9,1.81
2075,002819,东方中科,26.88,0.94,0.25,21998.0,59204853.0,2.4,27.13,26.49,26.63,26.63,0.81,0.94,-73.49,2.0,8053519488.0,6318931046.0,0.0,-0.04,-9.34,-1.57
2076,920132,泰鹏智能,13.98,0.94,0.13,11140.0,15682136.65,3.83,14.27,13.74,14.08,13.85,1.04,3.96,63.31,4.36,1157879520.0,393162686.0,0.0,-0.07,-17.72,-13.86
2077,688075,安旭生物,38.87,0.93,0.36,3926.0,15209340.0,1.82,39.03,38.33,38.33,38.51,1.02,0.31,67.31,0.96,4939708630.0,4939708630.0,-0.05,-0.05,-3.26,0.52
2078,600284,浦东建设,7.58,0.93,0.07,240626.0,181795982.0,4.66,7.73,7.38,7.5,7.51,1.08,2.48,20.82,0.93,7354540480.0,7354540480.0,-0.13,-0.13,-12.47,-9.76
2079,300283,温州宏丰,9.76,0.93,0.09,326011.0,316588115.0,2.79,9.83,9.56,9.6,9.67,0.68,8.88,192.68,4.35,4850507447.0,3584052580.0,0.1,-0.1,19.02,29.61
2080,002427,尤夫股份,6.52,0.93,0.06,168003.0,109106498.5,2.01,6.54,6.41,6.47,6.46,0.66,1.71,248.43,6.78,6425021706.0,6420279769.0,0.0,0.0,-15.1,-2.83
2081,002232,启明信息,18.49,0.93,0.17,46878.0,86455316.44,1.31,18.5,18.26,18.3,18.32,0.98,1.15,232.13,5.34,7554060933.0,7554060933.0,0.05,0.05,-9.1,-1.65
2082,002134,天津普林,22.91,0.93,0.21,92480.0,212699123.97,2.69,23.23,22.62,22.7,22.7,0.67,3.75,121.87,11.03,5650748980.0,5647083907.0,0.0,0.0,-12.49,-14.48
2083,600246,万通发展,9.78,0.93,0.09,475754.0,467223273.0,4.13,9.96,9.56,9.64,9.69,0.46,2.52,-719.78,3.52,19002417515.0,18488234015.0,-0.1,0.0,-19.17,-20.49
2084,301076,新瀚新材,39.24,0.93,0.36,35243.0,138302554.52,1.52,39.59,39.0,39.0,38.88,1.49,3.21,103.02,5.78,6862338288.0,4308711040.0,0.03,0.1,-15.56,-20.42
2085,688499,利元亨,54.39,0.93,0.5,66560.0,364177566.0,4.01,55.62,53.46,54.0,53.89,1.17,3.94,178.18,3.97,9177143659.0,9177143659.0,0.02,0.13,-18.64,-5.77
2086,300021,大禹节水,4.34,0.93,0.04,85497.0,36983998.7,1.4,4.35,4.29,4.3,4.3,1.03,0.98,300.43,1.76,4437074815.0,3787688176.0,0.0,0.0,-9.58,-5.65
2087,301057,汇隆新材,32.43,0.93,0.3,11655.0,37620465.98,4.08,32.6,31.29,32.16,32.13,0.74,1.41,92.55,4.99,3793318874.0,2678295210.0,0.22,0.0,-16.27,-10.22
2088,603966,法兰泰克,14.12,0.93,0.13,195801.0,276097019.0,4.5,14.43,13.8,14.1,13.99,1.37,4.92,23.99,2.71,5629234322.0,5615836560.0,0.0,0.0,1.88,18.66
2089,300766,每日互动,39.17,0.93,0.36,390459.0,1536905358.82,2.81,40.0,38.91,39.29,38.81,1.37,10.9,-213.99,9.85,15462347982.0,14032653988.0,0.0,0.18,-14.66,19.53
2090,688244,永信至诚,19.55,0.93,0.18,11632.0,22715606.0,2.12,19.67,19.26,19.34,19.37,0.49,0.77,-66.17,3.02,2951297696.0,2951297696.0,-0.1,-0.05,-24.87,-20.01
2091,300193,佳士科技,8.72,0.93,0.08,56915.0,49347712.0,1.62,8.73,8.59,8.67,8.64,0.92,1.36,20.96,1.76,4152898300.0,3656957848.0,0.0,0.0,-5.01,-2.57
2092,300770,新媒股份,40.62,0.92,0.37,28714.0,116712009.45,2.98,41.25,40.05,40.05,40.25,1.34,1.26,14.01,2.59,9254803566.0,9254803566.0,-0.05,-0.05,-14.63,-4.22
2093,300838,浙江力诺,15.39,0.92,0.14,20838.0,32027408.0,2.1,15.52,15.2,15.29,15.25,0.93,2.05,152.47,2.15,2123481420.0,1566007526.0,-0.06,-0.06,-2.16,0.92
2094,301505,苏州规划,23.01,0.92,0.21,22287.0,51081283.22,3.07,23.22,22.52,22.86,22.8,0.9,2.85,118.93,2.71,2632343793.0,1799188072.0,0.04,-0.04,-6.2,3.32
2095,300864,南大环境,20.81,0.92,0.19,8225.0,17010513.7,1.55,20.81,20.49,20.51,20.62,0.87,0.52,20.77,2.49,3286121313.0,3286121313.0,0.05,0.05,0.24,5.53
2096,300971,博亚精工,24.01,0.92,0.22,23831.0,56693896.15,2.1,24.02,23.52,23.71,23.79,1.14,2.59,32.03,2.68,2823576000.0,2210420577.0,0.0,0.08,-3.77,-1.84
2097,600545,卓郎智能,4.38,0.92,0.04,1189502.0,524077405.0,5.76,4.5,4.25,4.3,4.34,0.8,6.65,-24.59,2.45,7831055532.0,7831055532.0,-0.23,-0.23,65.28,71.09
2098,603390,通达电气,12.11,0.92,0.11,29662.0,35810250.0,1.33,12.12,11.96,12.01,12.0,1.01,0.85,58.19,2.64,4258505526.0,4244723971.0,-0.08,0.0,-8.47,-7.35
2099,920670,数字人,17.62,0.92,0.16,40656.0,72333367.76,4.58,18.09,17.29,17.48,17.46,1.73,6.1,228.61,7.5,1870933888.0,1174084173.0,0.0,0.0,-10.88,4.63
2100,601985,中国核电,8.77,0.92,0.08,1271989.0,1113207932.0,1.38,8.78,8.66,8.69,8.69,1.38,0.67,16.91,1.56,180381378189.0,165606408284.0,0.0,-0.11,-1.13,1.62
2101,300593,新雷能,29.68,0.92,0.27,302913.0,896279122.2,5.0,30.3,28.83,28.98,29.41,0.96,6.76,-93.46,7.02,16101354560.0,13305669398.0,0.24,-0.1,-5.27,-0.27
2102,000788,北大医药,6.6,0.92,0.06,580322.0,380374038.2,2.45,6.62,6.46,6.54,6.54,0.66,9.74,21.7,2.44,3933517005.0,3933517005.0,-0.15,0.0,3.45,11.11
2103,300151,昌红科技,18.57,0.92,0.17,281258.0,520348828.74,4.95,18.88,17.97,18.33,18.4,1.73,7.63,153.1,6.31,9888689604.0,6845947045.0,0.05,0.0,14.28,23.14
2104,688061,灿瑞科技,34.01,0.92,0.31,13515.0,46281666.0,4.81,34.85,33.23,33.7,33.7,1.17,1.18,-66.96,1.67,3907388188.0,3907388188.0,-0.18,-0.21,-4.47,4.29
2105,300445,康斯特,21.98,0.92,0.2,39242.0,86100588.0,2.16,22.15,21.68,21.78,21.78,0.91,2.79,44.72,3.64,4669211686.0,3089332454.0,0.0,0.05,-11.26,-15.66
2106,603678,火炬电子,35.14,0.92,0.32,127917.0,449722472.0,2.76,35.47,34.51,34.83,34.82,1.21,2.69,52.26,2.73,16711411413.0,16711411413.0,0.03,0.06,-9.55,-0.51
2107,002511,中顺洁柔,8.76,0.92,0.08,162469.0,141590706.59,2.53,8.79,8.57,8.67,8.68,0.69,1.28,35.37,2.06,11268669642.0,11081536726.0,-0.11,0.0,5.16,2.34
2108,920123,芭薇股份,13.35,0.91,0.12,13416.0,18102190.64,3.1,13.65,13.24,13.38,13.23,1.53,2.11,38.43,3.58,1489059000.0,849499162.0,0.0,0.0,-16.41,-11.12
2109,603271,永杰新材,51.01,0.91,0.46,79967.0,408538189.0,6.21,52.85,49.71,52.5,50.55,2.32,8.46,24.16,3.43,10034687200.0,4824321556.0,0.06,-0.23,24.44,24.17
2110,002700,万憬能源,6.64,0.91,0.06,52922.0,34927401.0,2.43,6.67,6.51,6.54,6.58,1.28,2.01,32.46,2.01,2746491148.0,1749406763.0,-0.15,0.0,-5.41,-1.04
2111,002790,瑞尔特,7.76,0.91,0.07,36676.0,28140785.4,2.99,7.81,7.58,7.69,7.69,1.18,1.41,39.5,1.54,3242689048.0,2023012600.0,0.0,0.0,-10.6,-7.51
2112,603600,永艺股份,11.1,0.91,0.1,37544.0,41535498.0,2.45,11.18,10.91,11.01,11.0,0.6,1.25,14.37,1.6,3667808187.0,3330422177.0,0.09,0.09,-6.09,-6.49
2113,603527,众源新材,12.24,0.91,0.11,181903.0,222140988.0,2.89,12.35,12.0,12.1,12.13,0.82,5.74,29.07,1.88,3879727488.0,3879727488.0,-0.24,-0.16,7.56,10.37
2114,603012,创力集团,8.88,0.91,0.08,235334.0,209288171.0,4.77,9.1,8.68,8.76,8.8,1.47,3.64,48.91,1.51,5740920000.0,5740920000.0,0.0,0.23,24.37,47.02
2115,000505,京粮控股,6.65,0.91,0.06,71245.0,47165190.0,1.52,6.66,6.56,6.59,6.59,0.61,1.13,-18.17,1.69,4834219169.0,4205329234.0,0.0,0.15,-11.21,-21.86
2116,301662,宏工科技,166.5,0.91,1.5,30028.0,499566216.65,4.79,169.8,161.9,162.99,165.0,1.21,9.76,339.61,9.23,13320000000.0,5120393814.0,-0.03,0.23,-0.37,38.43
2117,603045,福达合金,36.55,0.91,0.33,77356.0,284522419.0,4.33,37.77,36.2,36.38,36.22,0.94,5.71,66.89,4.86,4950520415.0,4950520415.0,0.11,0.0,50.29,86.01
2118,300830,金现代,11.04,0.91,0.1,130963.0,144892234.8,3.29,11.25,10.89,10.9,10.94,0.95,3.89,-101.59,3.65,4986113847.0,3721415883.0,0.0,-0.09,-13.88,8.45
2119,603729,龙韵股份,16.71,0.91,0.15,17999.0,29971345.0,2.29,16.78,16.4,16.65,16.56,0.83,1.93,-17.98,5.1,1559677980.0,1559677980.0,0.0,-0.12,-4.62,3.85
2120,000676,智度股份,7.77,0.91,0.07,213400.0,165714300.05,1.95,7.82,7.67,7.69,7.7,1.5,1.69,61.54,2.3,9788562201.0,9782651694.0,-0.13,-0.13,-24.56,-9.97
2121,603208,江山欧派,13.24,0.91,0.12,16372.0,21562798.0,2.21,13.32,13.03,13.17,13.12,0.91,0.92,-12.03,2.23,2345766204.0,2345766204.0,0.0,0.0,-15.18,-9.0
2122,002866,传艺科技,26.63,0.91,0.24,531022.0,1418347050.18,7.62,27.81,25.8,26.79,26.39,1.26,29.3,89.82,3.68,7709977677.0,4825689035.0,-0.22,0.26,39.57,47.86
2123,688605,先锋精科,65.46,0.91,0.59,30968.0,202449301.0,2.67,65.95,64.22,64.61,64.87,1.07,2.86,70.13,8.06,13247785374.0,7092704246.0,0.0,0.12,-5.73,1.87
2124,002190,成飞集成,32.01,0.91,0.29,41684.0,132987921.56,1.83,32.08,31.5,31.71,31.72,0.61,1.16,-261.28,2.98,11482926269.0,11482926269.0,0.03,0.03,-17.86,-13.67
2125,000682,东方电子,13.24,0.91,0.12,256302.0,337656388.26,2.44,13.28,12.96,13.11,13.12,0.7,1.91,19.46,3.0,17751225573.0,17748973872.0,0.0,0.08,3.52,11.64
2126,002176,江特电机,11.22,0.9,0.1,951409.0,1077139831.08,3.6,11.55,11.15,11.31,11.12,0.7,5.58,-127.17,5.64,19144973019.0,19141534482.0,0.0,0.09,11.2,15.2
2127,300767,震安科技,23.56,0.9,0.21,131700.0,311480629.96,5.7,24.52,23.19,23.99,23.35,0.61,5.49,-55.46,4.28,6509416620.0,5651851491.0,-0.21,-0.17,11.66,13.27
2128,002266,浙富控股,4.5,0.9,0.04,702212.0,315126796.74,2.69,4.54,4.42,4.45,4.46,0.88,1.43,23.84,2.0,23486721309.0,22035604716.0,0.0,0.22,1.12,8.17
2129,002157,正邦科技,3.37,0.9,0.03,2811470.0,949632253.17,3.29,3.45,3.34,3.41,3.34,0.63,3.88,2828.55,2.66,31173047925.0,24390227010.0,-0.3,0.0,5.31,4.01
2130,688004,博汇科技,22.35,0.9,0.2,16442.0,36715280.0,2.89,22.57,21.93,22.04,22.15,0.98,2.05,-79.44,3.08,1789966800.0,1789966800.0,-0.18,0.04,-15.66,-3.37
2131,000970,中科三环,12.3,0.9,0.11,186640.0,229317776.52,1.48,12.35,12.17,12.2,12.19,1.05,1.54,163.75,2.29,14953427008.0,14953427008.0,-0.08,-0.08,-10.8,-9.29
2132,301118,恒光股份,24.61,0.9,0.22,16353.0,40172405.0,2.71,24.85,24.19,24.35,24.39,0.82,1.56,-1228.98,2.02,2711933404.0,2585341114.0,0.0,-0.2,-3.87,-0.61
2133,002438,江苏神通,16.78,0.9,0.15,72816.0,121775910.2,2.35,16.83,16.44,16.65,16.63,0.86,1.55,29.84,2.29,8516478596.0,7867817592.0,0.0,0.12,6.54,5.53
2134,600721,百花医药,9.0,0.9,0.08,149256.0,132904456.0,2.02,9.0,8.82,8.89,8.92,0.53,3.88,85.06,4.32,3460928715.0,3460928715.0,0.0,0.11,-7.69,-26.47
2135,603669,灵康药业,4.47,0.9,0.04,109840.0,48657587.0,3.16,4.49,4.35,4.46,4.43,0.58,1.52,-70.08,4.78,3223970228.0,3223970228.0,-0.22,0.0,-6.29,-1.97
2136,603505,金石资源,18.01,0.9,0.16,140750.0,252642336.0,2.35,18.15,17.73,17.88,17.85,1.42,1.67,48.25,8.41,15158455322.0,15158455322.0,-0.22,-0.17,-7.5,-3.59
2137,688095,福昕软件,76.99,0.9,0.69,21398.0,164429162.0,2.86,77.64,75.46,75.5,76.3,0.91,2.34,255.58,2.68,7033769753.0,7033769753.0,0.13,0.14,-36.11,-13.76
2138,300041,回天新材,11.29,0.89,0.1,98674.0,111383986.59,1.43,11.34,11.18,11.25,11.19,0.95,1.81,21.94,2.18,6316017469.0,6142743641.0,-0.09,0.0,-5.68,1.9
2139,605080,浙江自然,24.92,0.89,0.22,30033.0,75225007.0,3.16,25.38,24.6,24.67,24.7,1.73,2.14,14.5,1.6,3527197733.0,3497551904.0,-0.04,-0.24,2.13,8.35
2140,300713,英可瑞,17.01,0.89,0.15,29165.0,49428909.9,2.19,17.11,16.74,16.85,16.86,0.81,3.27,-45.33,5.29,2699840978.0,1515740314.0,-0.12,-0.06,-6.38,-1.68
2141,688410,山外山,15.89,0.89,0.14,27297.0,43193550.0,2.22,15.96,15.61,15.82,15.75,0.82,0.85,35.49,2.84,5078453884.0,5078453884.0,-0.31,-0.31,-2.63,6.15
2142,000531,穗恒运Ａ,6.78,0.89,0.06,216119.0,145767104.5,2.08,6.79,6.65,6.7,6.72,1.21,2.38,23.34,1.05,7060701031.0,6168074409.0,-0.15,0.0,-0.88,5.77
2143,920504,博迅生物,22.78,0.89,0.2,5246.0,12013568.59,4.65,23.4,22.35,22.49,22.58,1.89,3.07,66.18,4.78,987128018.0,389353596.0,-0.44,0.13,-13.78,-5.98
2144,300233,金城医药,15.94,0.89,0.14,148137.0,236629029.88,4.75,16.36,15.61,15.7,15.8,1.05,4.01,138.48,1.67,6118960917.0,5894853698.0,-0.19,-0.13,2.44,13.94
2145,600036,招商银行,39.87,0.89,0.35,588776.0,2337084804.0,1.44,39.9,39.33,39.5,39.52,0.9,0.29,6.7,0.92,1005515244112.0,822476014384.0,0.05,0.08,1.97,-2.97
2146,300298,三诺生物,15.94,0.89,0.14,31202.0,49551402.94,1.58,15.99,15.74,15.74,15.8,0.89,0.69,31.74,2.79,8930662244.0,7187556169.0,0.0,0.0,-16.37,-6.84
2147,688202,美迪西,70.07,0.89,0.62,41602.0,293480696.0,5.37,72.66,68.93,69.43,69.45,0.88,3.1,-60.73,4.79,9414057533.0,9414057533.0,-0.01,0.26,-1.28,24.24
2148,002915,中欣氟材,21.47,0.89,0.19,39246.0,84202382.0,1.41,21.57,21.27,21.27,21.28,0.89,1.36,382.43,5.3,7198318395.0,6184951464.0,0.0,-0.05,-10.02,-12.37
2149,301578,辰奕智能,33.83,0.89,0.3,5377.0,18130484.8,1.1,33.88,33.51,33.69,33.53,0.97,2.32,96.4,2.96,2756650778.0,783837717.0,0.15,0.06,-5.79,0.15
2150,600265,ST景谷,20.5,0.89,0.18,4455.0,9077236.0,2.81,20.59,20.02,20.32,20.32,0.85,0.34,-9.37,306.26,2660900000.0,2660900000.0,0.15,0.29,7.33,2.04
2151,301555,惠柏新材,37.21,0.89,0.33,29701.0,111681339.39,5.75,38.52,36.4,36.53,36.88,1.3,6.14,42.68,3.06,3433243907.0,1799001173.0,0.0,-0.27,-0.45,12.04
2152,002445,中南文化,3.41,0.89,0.03,935462.0,315696300.16,2.37,3.41,3.33,3.38,3.38,0.77,3.95,108.54,3.59,8104231681.0,8069103368.0,0.0,0.29,26.77,31.15
2153,920198,微创光电,9.09,0.89,0.08,29394.0,26908365.73,4.77,9.32,8.89,8.97,9.01,2.01,4.17,-125.31,3.4,1466797596.0,640535967.0,0.44,0.44,-17.81,-9.28
2154,002395,双象股份,18.17,0.89,0.16,54468.0,98837941.11,2.83,18.35,17.84,17.91,18.01,0.9,2.03,24.12,3.2,4873357530.0,4872935187.0,-0.11,-0.06,3.65,8.61
2155,002839,张家港行,4.55,0.89,0.04,253539.0,115115803.13,1.77,4.57,4.49,4.5,4.51,1.35,1.04,5.62,0.6,11121769632.0,11111191259.0,-0.22,0.0,1.79,-0.44
2156,601138,工业富联,61.51,0.89,0.54,2131508.0,13190136943.0,3.81,63.33,61.01,61.89,60.97,1.11,1.07,34.59,7.32,1220610116389.0,1220610116389.0,-0.02,0.03,1.74,-0.34
2157,603123,翠微股份,12.52,0.89,0.11,267741.0,333969617.0,2.1,12.56,12.3,12.41,12.41,0.58,4.1,-82.31,6.14,10000183046.0,8166494881.0,0.0,-0.08,-11.08,-25.52
2158,002025,航天电器,80.46,0.88,0.7,410727.0,3321830389.22,6.04,83.63,78.81,78.97,79.76,1.08,9.05,200.38,5.55,36638428129.0,36518484718.0,0.01,0.05,43.52,60.5
2159,600885,宏发股份,28.8,0.88,0.25,203822.0,584392995.0,3.19,28.92,28.01,28.6,28.55,0.9,1.32,25.36,3.53,44570716214.0,44570716214.0,-0.07,-0.03,-5.64,-5.26
2160,920395,朗鸿科技,10.28,0.88,0.09,16995.0,17739119.74,3.43,10.61,10.26,10.3,10.19,2.35,1.62,38.14,6.55,1568581037.0,1076763838.0,-0.39,-0.39,-15.94,-10.06
2161,002050,三花智控,45.94,0.88,0.4,820082.0,3770805454.37,2.53,46.45,45.3,45.8,45.54,1.01,2.23,47.58,6.09,193316160174.0,169252034666.0,-0.02,0.04,-15.85,-16.76
2162,601139,深圳燃气,6.86,0.88,0.06,273320.0,186130058.0,1.76,6.88,6.76,6.8,6.8,1.04,0.95,18.48,1.18,19734457680.0,19734457680.0,0.15,0.0,2.24,3.94
2163,603288,海天味业,40.29,0.88,0.35,140565.0,564909317.0,1.83,40.45,39.72,39.9,39.94,1.03,0.25,33.5,5.7,235770026994.0,224036595918.0,-0.2,-0.15,8.05,9.72
2164,002551,尚荣医疗,3.43,0.88,0.03,108335.0,36758937.89,2.65,3.43,3.34,3.41,3.4,0.73,1.77,-61.92,1.12,2900046403.0,2096370456.0,0.29,0.29,-10.91,-6.03
2165,603382,海阳科技,27.46,0.88,0.24,7565.0,20732557.0,1.73,27.55,27.08,27.22,27.22,1.06,2.09,40.1,2.87,4977162565.0,995433787.0,0.0,-0.04,-13.32,-14.83
2166,600178,东安动力,11.49,0.88,0.1,38459.0,44135593.0,2.46,11.59,11.31,11.32,11.39,0.96,0.82,428.09,2.1,5359811090.0,5359811090.0,0.0,0.0,-11.21,-10.16
2167,301267,华厦眼科,17.19,0.88,0.15,36555.0,62787848.25,2.11,17.32,16.96,17.02,17.04,1.19,0.56,24.97,2.41,14439600000.0,11146758944.0,-0.06,-0.12,-11.35,-4.39
2168,300812,易天股份,40.2,0.88,0.35,179365.0,703817177.2,4.67,40.3,38.44,39.01,39.85,0.94,19.35,121.74,7.19,5631096566.0,3726863891.0,0.07,0.17,43.47,40.56
2169,000888,峨眉山Ａ,12.63,0.88,0.11,100362.0,125944640.37,2.48,12.66,12.35,12.5,12.52,0.67,1.9,21.31,2.44,6654912478.0,6654912478.0,-0.08,-0.08,-6.93,-3.73
2170,301355,南王科技,12.58,0.88,0.11,26039.0,32579650.0,2.0,12.59,12.34,12.56,12.47,0.67,2.6,234.23,1.63,2454331934.0,1260584284.0,0.48,0.32,-6.26,-5.56
2171,600009,上海机场,27.49,0.88,0.24,68875.0,188623870.0,1.47,27.58,27.18,27.27,27.25,0.88,0.34,31.4,1.63,68403725470.0,56252223867.0,-0.04,0.0,-13.58,-16.09
2172,603196,璞源材料,32.28,0.88,0.28,79864.0,261698905.0,4.84,33.47,31.92,32.0,32.0,1.33,3.37,751.31,7.05,13515230563.0,7649981743.0,0.03,0.22,24.49,26.44
2173,688598,金博股份,24.06,0.88,0.21,31507.0,75452258.0,2.35,24.18,23.62,23.7,23.85,1.03,1.55,-3.61,1.29,4994209171.0,4898029321.0,0.0,0.17,-21.63,-18.05
2174,002233,塔牌集团,9.17,0.88,0.08,66438.0,60999550.28,2.31,9.24,9.03,9.09,9.09,0.95,0.57,16.98,0.91,10766960158.0,10758911649.0,0.0,-0.11,2.12,1.78
2175,300281,金明精机,6.88,0.88,0.06,44427.0,30405712.2,1.76,6.9,6.78,6.82,6.82,0.86,1.12,-826.53,2.32,2882194230.0,2733602275.0,-0.15,0.0,-16.71,-15.79
2176,300371,汇中股份,12.72,0.87,0.11,18875.0,23974152.0,2.06,12.8,12.54,12.66,12.61,0.9,1.4,38.66,2.19,2559484005.0,1709700046.0,0.0,-0.31,-3.12,1.19
2177,002547,春兴精工,3.47,0.87,0.03,1108941.0,380844770.61,4.07,3.49,3.35,3.49,3.44,1.98,10.04,-14.68,-25.77,3914358373.0,3833680866.0,0.29,0.29,-25.05,-25.7
2178,603380,易德龙,37.1,0.87,0.32,19422.0,72065043.0,2.28,37.5,36.66,37.5,36.78,0.77,1.21,25.37,3.89,5952368520.0,5952368520.0,-0.03,0.05,-2.88,-2.37
2179,600844,金煤科技,3.47,0.87,0.03,509783.0,176110898.0,2.91,3.49,3.39,3.42,3.44,0.58,6.2,-29.79,25.25,3527339113.0,2854875300.0,-0.29,0.0,20.07,20.49
2180,300824,北鼎股份,10.39,0.87,0.09,27881.0,28753159.5,1.65,10.39,10.22,10.26,10.3,0.91,0.88,29.86,4.51,3390690076.0,3288386240.0,0.0,0.1,-11.5,-8.13
2181,300842,帝科股份,85.6,0.87,0.74,56397.0,485029060.39,3.92,87.35,84.02,84.5,84.86,1.07,4.37,-44.98,7.89,12435946001.0,11052795264.0,0.12,-0.05,2.38,44.42
2182,603918,金桥信息,13.9,0.87,0.12,65497.0,90829316.0,2.1,13.95,13.66,13.76,13.78,0.99,1.79,-63.83,5.07,5074994611.0,5074994611.0,0.0,0.07,-30.33,-11.41
2183,002356,赫美集团,3.48,0.87,0.03,307324.0,106728671.0,2.32,3.51,3.43,3.49,3.45,1.17,2.34,118.87,7.52,4563165733.0,4563139633.0,0.29,0.29,-14.5,-12.12
2184,603088,宁波精达,13.87,0.87,0.12,414490.0,576889669.0,4.87,14.27,13.6,13.8,13.75,1.17,9.47,58.01,6.11,6968121088.0,6073282421.0,0.07,-0.07,24.39,34.27
2185,920260,中寰股份,10.38,0.87,0.09,20111.0,20918766.69,3.69,10.57,10.19,10.2,10.29,1.12,2.03,25.53,2.4,1074849000.0,1026362037.0,0.19,0.0,-10.29,-5.46
2186,600770,综艺股份,5.83,0.87,0.05,288065.0,169165961.0,3.29,5.96,5.77,5.84,5.78,0.86,2.22,69.46,2.21,7579000000.0,7579000000.0,-0.17,0.0,3.55,12.77
2187,688031,星环科技-U,140.87,0.87,1.22,53785.0,760404585.0,3.15,143.4,139.0,139.0,139.65,0.89,4.44,-69.6,19.78,17064416487.0,17064416487.0,0.01,-0.04,-17.91,30.21
2188,002277,友阿股份,5.82,0.87,0.05,181743.0,104820722.44,3.12,5.85,5.67,5.77,5.77,1.06,1.3,95.26,1.21,8114085696.0,8114085696.0,-0.17,0.0,-24.32,-16.38
2189,603867,新化股份,33.67,0.87,0.29,51993.0,176525480.0,3.27,34.5,33.41,34.5,33.38,1.0,2.41,29.69,2.66,7322778637.0,7262172637.0,0.0,-0.06,29.55,32.56
2190,000157,中联重科,8.14,0.87,0.07,941901.0,763419216.61,2.48,8.16,7.96,8.07,8.07,0.85,1.33,14.49,1.22,70399076821.0,57547110544.0,0.0,-0.12,-6.11,-3.44
2191,600610,中毅达,9.27,0.87,0.08,141026.0,130373001.0,1.41,9.28,9.15,9.18,9.19,1.01,1.99,195.83,82.68,9930715588.0,6569896555.0,0.0,0.22,-10.69,-6.65
2192,603310,巍华新材,16.29,0.87,0.14,14832.0,24125517.0,1.42,16.34,16.11,16.17,16.15,1.05,0.76,38.87,1.42,5625588600.0,3160422900.0,0.0,-0.12,-5.24,-3.09
2193,301680,固德电材,105.39,0.87,0.91,19759.0,207963237.51,1.81,106.2,104.31,104.6,104.48,0.6,11.76,48.71,8.48,8726292000.0,1770813367.0,0.0,-0.01,81.71,81.71
2194,301501,恒鑫生活,38.56,0.86,0.33,9271.0,35646894.56,1.73,38.66,38.0,38.0,38.23,1.39,2.13,23.13,2.76,5703024000.0,1677360000.0,0.0,-0.03,-11.38,-11.68
2195,300024,机器人,15.16,0.86,0.13,192903.0,292174198.12,1.4,15.26,15.05,15.07,15.03,1.28,1.25,-111.6,5.53,23734798442.0,23345291865.0,0.0,0.0,-16.43,-16.66
2196,600650,锦江在线,12.91,0.86,0.11,27870.0,35811113.0,1.48,12.92,12.73,12.76,12.8,0.86,0.71,50.16,1.61,7121286481.0,5042130568.0,0.0,0.08,-24.59,-15.07
2197,300591,万里马,7.02,0.86,0.06,89206.0,62503352.7,2.01,7.05,6.91,7.0,6.96,1.08,2.55,-32.44,11.21,2847829915.0,2460122686.0,-0.14,0.0,-23.7,-29.23
2198,688153,唯捷创芯,35.11,0.86,0.3,48379.0,170025158.0,2.59,35.64,34.74,34.8,34.81,1.38,1.18,336.12,3.76,15108289711.0,14368402145.0,0.06,0.06,-13.69,-6.72
2199,000619,海螺新材,5.86,0.86,0.05,57988.0,33872430.0,1.55,5.88,5.79,5.83,5.81,0.73,1.61,-30.21,1.03,2585249350.0,2109600000.0,-0.17,0.17,-4.56,-5.64
2200,300760,迈瑞医疗,158.1,0.86,1.35,91233.0,1433529677.63,3.3,159.77,154.6,156.5,156.75,1.27,0.75,23.56,5.03,191686984391.0,191522226642.0,-0.03,-0.01,-22.53,-16.99
2201,300525,博思软件,10.52,0.86,0.09,111152.0,117316992.84,3.07,10.7,10.38,10.41,10.43,1.21,1.79,809.41,3.17,7978930589.0,6544312403.0,-0.09,-0.09,-32.22,-25.39
2202,301256,华融化学,14.0,0.86,0.12,135287.0,188254779.32,3.03,14.14,13.72,13.96,13.88,1.48,2.82,96.7,3.85,6720000000.0,6720000000.0,0.0,0.07,-25.61,3.02
2203,002800,天顺股份,17.64,0.86,0.15,53033.0,92562832.0,4.4,17.89,17.12,17.5,17.49,0.75,3.59,-112.69,5.46,2685744102.0,2607948156.0,0.17,0.23,1.91,11.93
2204,002164,宁波东力,12.96,0.86,0.11,77452.0,100184139.02,1.56,13.04,12.84,12.84,12.85,0.73,1.61,88.49,4.81,6896971009.0,6217885853.0,0.0,-0.08,-7.36,-19.05
2205,301298,东利机械,16.5,0.86,0.14,17339.0,28455899.52,1.71,16.5,16.22,16.26,16.36,0.98,1.6,35.85,2.55,2422200000.0,1785023493.0,0.24,0.18,0.79,4.3
2206,000544,中原环保,8.26,0.85,0.07,41806.0,34340211.35,1.71,8.27,8.13,8.18,8.19,1.11,0.43,7.49,0.88,8050893871.0,8050893871.0,0.0,0.0,-1.31,-0.72
2207,002596,海南瑞泽,3.56,0.85,0.03,302134.0,106555313.5,3.4,3.58,3.46,3.51,3.53,1.32,2.64,-37.74,6.11,4085386644.0,4081629954.0,0.0,-0.28,-23.11,-33.95
2208,300220,金运激光,14.29,0.85,0.12,23126.0,32991522.0,2.26,14.42,14.1,14.14,14.17,1.0,1.53,1615.1,34.3,2160648000.0,2158066483.0,0.21,0.28,-6.6,-0.42
2209,002009,天奇股份,24.8,0.85,0.21,214996.0,530129800.04,3.17,24.95,24.17,24.6,24.59,1.14,6.07,111.33,4.98,9975383534.0,8782239711.0,0.04,0.04,15.67,9.64
2210,000617,中油资本,9.51,0.85,0.08,1376916.0,1303682491.51,2.23,9.57,9.36,9.4,9.43,0.6,1.09,22.56,1.15,120226172041.0,120226172041.0,-0.11,-0.11,-1.04,-0.42
2211,688111,金山办公,249.65,0.85,2.1,69466.0,1731942526.0,2.1,251.3,246.11,248.0,247.55,0.6,1.5,62.99,9.0,115680850008.0,115680850008.0,0.0,0.0,-30.71,-18.7
2212,603201,常润股份,16.68,0.85,0.14,9416.0,15617113.0,1.57,16.69,16.43,16.45,16.54,0.75,0.5,14.49,1.82,3168861763.0,3141757097.0,0.0,0.12,-3.42,-1.18
2213,002972,科安达,13.04,0.85,0.11,37096.0,48100583.54,1.78,13.07,12.84,12.9,12.93,1.01,2.76,36.69,2.61,3207954752.0,1755787948.0,-0.08,-0.08,8.31,9.12
2214,002023,海特高新,13.04,0.85,0.11,801955.0,1037680554.45,4.33,13.24,12.68,12.81,12.93,1.2,10.82,60.89,2.21,9660817464.0,9660817464.0,0.0,-0.08,-6.39,-3.69
2215,301149,隆华新材,13.0,0.85,0.11,102540.0,132451892.84,2.4,13.07,12.76,12.87,12.89,0.49,3.93,41.76,2.74,5590000234.0,3395973282.0,0.0,0.08,17.86,22.18
2216,601515,衢州东峰,4.72,0.85,0.04,433254.0,203542950.0,2.56,4.76,4.64,4.64,4.68,1.21,2.25,-71.34,1.74,9083501567.0,9083501567.0,0.21,0.21,10.54,9.77
2217,300092,科新机电,16.87,0.84,0.14,61300.0,103496177.2,2.39,17.02,16.62,16.62,16.73,1.2,2.92,72.18,2.83,4621085582.0,3540443739.0,0.0,0.06,-1.06,6.84
2218,300031,宝通科技,21.64,0.84,0.18,61549.0,133049183.73,2.05,21.85,21.41,21.48,21.46,1.03,1.75,32.55,2.23,9061678480.0,7615156943.0,-0.14,-0.14,-13.72,-4.8
2219,300232,洲明科技,7.17,0.84,0.06,263354.0,188893521.0,2.25,7.23,7.07,7.09,7.11,1.0,2.98,46.36,1.68,7796996073.0,6333740049.0,0.0,0.0,-8.78,1.13
2220,301202,朗威股份,41.88,0.84,0.35,17508.0,73522901.37,2.7,42.5,41.38,41.74,41.53,1.03,4.71,76.53,4.8,5712432000.0,1557098400.0,-0.1,0.12,-1.46,3.66
2221,600826,兰生股份,9.58,0.84,0.08,43119.0,41002368.0,2.0,9.59,9.4,9.48,9.5,0.86,0.59,29.18,1.64,7046411399.0,7046411399.0,0.0,0.1,-20.37,-9.11
2222,301072,中捷精工,22.83,0.84,0.19,10626.0,24096912.01,2.3,22.9,22.38,22.57,22.64,0.93,1.58,-65.15,3.2,2398199838.0,1532804442.0,0.13,0.35,-0.44,1.38
2223,603270,金帝股份,26.41,0.84,0.22,22823.0,59968840.0,2.25,26.5,25.91,26.19,26.19,0.75,3.23,39.32,2.56,5786607075.0,1867627175.0,0.0,0.08,-1.71,-2.29
2224,000920,沃顿科技,12.05,0.84,0.1,45862.0,55330977.0,2.59,12.21,11.9,11.97,11.95,0.97,0.97,25.82,2.86,5695084472.0,5694813347.0,0.0,-0.08,-5.42,-3.21
2225,920799,艾融软件,38.28,0.84,0.32,55642.0,214041789.57,5.77,39.47,37.28,37.32,37.96,1.33,4.63,122.62,19.33,8006085912.0,4596276576.0,-0.08,-0.13,-23.44,-19.83
2226,002971,和远气体,30.05,0.84,0.25,34404.0,102683899.0,2.99,30.3,29.41,29.99,29.8,1.02,2.2,105.47,4.0,6363237750.0,4699860568.0,0.0,0.03,-1.02,0.57
2227,603908,牧高笛,22.86,0.84,0.19,9844.0,22482740.0,1.81,22.99,22.58,22.7,22.67,0.91,1.06,43.57,3.97,2128882946.0,2128882946.0,-0.22,0.0,-6.16,-2.1
2228,603507,振江股份,45.45,0.84,0.38,149212.0,664903081.0,4.24,45.45,43.54,44.84,45.07,1.23,8.21,75.19,3.34,8376494403.0,8261551353.0,0.49,0.62,64.97,72.75
2229,600015,华夏银行,7.2,0.84,0.06,466550.0,335228555.0,1.68,7.23,7.11,7.14,7.14,1.22,0.3,4.21,0.36,114587484970.0,110788012678.0,0.0,0.14,11.8,6.35
2230,002137,实益达,8.47,0.83,0.07,75743.0,64026925.0,1.55,8.49,8.36,8.43,8.4,1.03,1.91,91.41,3.18,4891466113.0,3357999946.0,0.0,0.0,-5.36,-1.28
2231,600620,天宸股份,6.09,0.83,0.05,56210.0,33998719.0,2.15,6.1,5.97,6.05,6.04,1.09,0.82,118.47,2.82,4181863618.0,4181863618.0,0.0,0.16,-12.37,-6.31
2232,920806,云星宇,12.11,0.83,0.1,35552.0,43451590.33,3.83,12.38,11.92,12.03,12.01,1.69,1.18,47.72,2.36,3641921037.0,3641921037.0,-0.08,-0.08,-17.73,-12.12
2233,000066,中国长城,15.85,0.83,0.13,802907.0,1275439173.11,2.1,16.08,15.75,15.78,15.72,0.85,2.49,2386.72,4.61,51128915545.0,51125598932.0,0.0,0.0,-3.06,9.99
2234,300793,佳禾智能,14.52,0.83,0.12,45581.0,66094324.4,1.32,14.6,14.41,14.42,14.4,1.21,1.23,143.77,1.85,5525522475.0,5402705055.0,-0.07,0.07,-20.13,-10.97
2235,002715,登云股份,15.86,0.83,0.13,31031.0,48858812.5,2.92,15.95,15.49,15.73,15.73,0.76,2.25,-139.1,4.77,2188680000.0,2188680000.0,-0.13,0.19,-4.97,-8.64
2236,002067,景兴纸业,4.85,0.83,0.04,325681.0,156574251.53,2.08,4.85,4.75,4.81,4.81,1.29,2.43,131.29,1.07,7153041187.0,6487378687.0,0.0,0.0,-10.02,-14.16
2237,600798,宁波海运,3.64,0.83,0.03,121664.0,44079871.0,1.11,3.64,3.6,3.62,3.61,0.61,1.01,-104.41,1.13,4391784492.0,4391784492.0,0.28,0.28,-2.15,3.41
2238,002194,武汉凡谷,10.88,0.83,0.09,97279.0,105634077.0,1.58,10.92,10.75,10.79,10.79,1.04,1.9,-544.58,2.99,7434149569.0,5558524272.0,0.09,0.09,-22.29,-16.63
2239,003005,竞业达,18.23,0.83,0.15,18892.0,34362213.91,1.83,18.29,17.96,18.06,18.08,1.09,1.49,-94.14,2.35,4218215837.0,2314812695.0,0.0,0.0,-17.32,-10.59
2240,603788,宁波高发,15.85,0.83,0.13,13137.0,20710039.0,1.34,15.88,15.67,15.75,15.72,0.89,0.59,16.35,1.66,3535581328.0,3535581328.0,-0.13,0.0,-4.58,-3.0
2241,600507,方大特钢,6.06,0.83,0.05,495128.0,303060142.0,3.16,6.2,6.01,6.02,6.01,1.11,2.14,14.88,1.38,14017918613.0,14017918613.0,-0.16,0.0,3.77,2.89
2242,600467,好当家,2.42,0.83,0.02,206892.0,49756168.0,2.08,2.43,2.38,2.39,2.4,0.67,1.42,98.1,1.03,3535606216.0,3535606216.0,-0.41,0.0,-7.28,-6.92
2243,001209,洪兴股份,20.62,0.83,0.17,15508.0,31854139.0,2.3,20.68,20.21,20.45,20.45,0.92,1.61,118.12,2.11,2711998486.0,1981471394.0,-0.24,-0.24,-8.84,-1.15
2244,300375,鹏翎股份,4.91,0.82,0.04,81841.0,40015858.0,1.44,4.91,4.84,4.86,4.87,0.8,1.55,59.88,1.63,3730317596.0,2593696227.0,0.2,0.0,-9.41,-6.65
2245,688776,国光电气,86.15,0.82,0.7,18794.0,161266988.0,1.99,86.4,84.7,85.45,85.45,1.06,1.73,-97.02,5.33,9337231547.0,9337231547.0,0.0,0.03,-31.52,-14.48
2246,603160,汇顶科技,69.87,0.82,0.57,57432.0,401735681.0,2.19,70.52,69.0,69.0,69.3,1.15,1.23,38.88,3.47,32543729364.0,32543729364.0,-0.03,-0.07,-14.9,-11.56
2247,000850,华茂股份,4.91,0.82,0.04,62092.0,30446329.76,1.64,4.94,4.86,4.87,4.87,0.85,0.66,20.25,1.02,4633395194.0,4632078676.0,0.2,0.0,-10.89,-10.24
2248,300200,高盟新材,9.85,0.82,0.08,121666.0,119029255.88,2.25,9.86,9.64,9.76,9.77,1.3,2.87,40.83,2.6,4245086079.0,4175624017.0,0.0,0.0,-36.78,-15.88
2249,300085,银之杰,38.19,0.82,0.31,263483.0,1009361085.08,2.38,38.73,37.83,37.88,37.88,0.8,4.04,-203.07,62.21,26986602032.0,24900371123.0,0.03,0.0,-14.58,-4.74
2250,000655,金岭矿业,8.62,0.82,0.07,96602.0,83606268.89,2.34,8.75,8.55,8.55,8.55,0.7,1.62,36.52,1.45,5131832783.0,5131832783.0,-0.12,-0.23,-12.75,-9.26
2251,000636,风华高科,22.17,0.82,0.18,636727.0,1424201734.55,4.23,22.8,21.87,22.01,21.99,0.94,5.5,90.54,2.05,25650982888.0,25650980671.0,-0.18,-0.09,25.68,36.18
2252,300501,海顺新材,19.56,0.82,0.16,64981.0,126717549.08,3.04,19.76,19.17,19.25,19.4,0.82,6.45,-162.7,2.7,3785606879.0,1970169792.0,0.15,-0.05,21.19,27.68
2253,001211,双枪科技,32.06,0.82,0.26,45566.0,145252383.0,3.36,32.39,31.32,31.32,31.8,0.71,6.8,205.16,2.67,2308320000.0,2147910195.0,0.19,-0.03,14.05,21.26
2254,001386,马可波罗,19.56,0.82,0.16,32498.0,63357732.51,1.96,19.63,19.25,19.38,19.4,1.31,3.32,16.5,1.96,23372635200.0,1914165150.0,0.0,0.0,-15.83,-13.95
2255,301069,凯盛新材,22.06,0.82,0.18,62791.0,138713086.57,2.33,22.32,21.81,21.81,21.88,0.87,1.47,77.88,4.66,9997023492.0,9414639492.0,0.05,0.0,-20.04,-20.65
2256,301098,金埔园林,8.64,0.82,0.07,39626.0,34171671.0,2.1,8.69,8.51,8.56,8.57,0.83,2.65,-12.38,1.33,1589203403.0,1293315803.0,0.0,0.0,-2.48,0.7
2257,002614,奥佳华,6.18,0.82,0.05,56755.0,34908217.85,1.47,6.18,6.09,6.13,6.13,0.79,1.29,52.3,0.89,3854708281.0,2727023021.0,0.16,0.0,-12.96,-15.46
2258,600363,联创光电,54.29,0.82,0.44,78987.0,426625766.0,2.04,54.5,53.4,53.86,53.85,1.09,1.75,45.85,5.56,24478733951.0,24478733951.0,0.0,0.02,-23.24,-13.91
2259,603155,新亚强,16.24,0.81,0.13,30914.0,49932077.0,1.61,16.26,16.0,16.06,16.11,1.11,0.98,48.78,2.36,5128377632.0,5128377632.0,0.0,0.06,-10.42,-5.2
2260,300149,睿智医药,11.18,0.81,0.09,204473.0,227229206.05,2.07,11.2,10.97,10.97,11.09,0.53,4.31,588.81,4.44,5567237431.0,5305502193.0,0.09,0.27,-7.37,16.95
2261,300727,润禾材料,35.04,0.81,0.28,38861.0,136162077.22,3.71,35.49,34.2,34.66,34.76,1.12,2.4,49.68,4.86,6311977774.0,5672226214.0,0.0,0.2,-3.63,-1.68
2262,300491,通合科技,27.35,0.81,0.22,72025.0,195727020.28,3.06,27.5,26.67,27.04,27.13,0.74,4.62,119.66,3.99,4804660625.0,4266314986.0,0.04,-0.04,-1.97,8.83
2263,603233,大参林,17.53,0.81,0.14,51702.0,90108642.0,4.03,17.75,17.05,17.44,17.39,1.1,0.45,13.85,2.84,19964006615.0,19964006615.0,-0.06,-0.06,-6.51,-0.51
2264,605180,华生科技,14.9,0.81,0.12,12847.0,19005476.0,2.17,14.91,14.59,14.78,14.78,1.0,0.76,77.09,2.2,2518100000.0,2518100000.0,0.07,0.07,1.36,2.41
2265,001318,阳光乳业,13.7,0.81,0.11,19582.0,26643924.8,1.4,13.7,13.51,13.58,13.59,1.15,0.69,33.23,2.69,3872442000.0,3872442000.0,0.15,0.29,-11.33,-12.07
2266,920786,骑士乳业,8.75,0.81,0.07,87705.0,76462779.38,3.46,8.82,8.52,8.59,8.68,1.15,6.2,37.32,2.41,1829213750.0,1237656481.0,0.23,-0.34,-16.98,-11.08
2267,603037,凯众股份,14.89,0.81,0.12,53637.0,79369731.0,3.11,14.96,14.5,14.77,14.77,0.59,2.02,54.01,4.04,3974458157.0,3962901135.0,0.07,0.07,-8.03,2.97
2268,002911,佛燃能源,13.7,0.81,0.11,70536.0,96391487.68,1.62,13.76,13.54,13.59,13.59,0.58,0.56,17.26,3.38,17785008871.0,17358420614.0,-0.07,0.0,12.57,15.42
2269,301156,美农生物,18.69,0.81,0.15,16476.0,30551581.2,2.37,18.76,18.32,18.65,18.54,0.97,1.85,48.23,3.62,2631265576.0,1667615381.0,0.27,-0.05,-0.37,7.35
2270,605158,华达新材,7.44,0.81,0.06,36662.0,27267217.0,1.9,7.48,7.34,7.41,7.38,1.23,0.72,42.49,1.54,3804964800.0,3804964800.0,0.0,0.0,-9.71,-7.46
2271,301330,熵基科技,34.74,0.81,0.28,24876.0,86159860.4,1.89,34.85,34.2,34.38,34.46,1.1,1.28,47.83,2.41,8176112847.0,6750731029.0,0.14,0.14,-21.05,5.11
2272,600388,龙净环保,18.99,0.8,0.15,129746.0,246025265.0,1.86,19.11,18.76,18.88,18.84,0.84,1.02,21.68,2.2,24118179104.0,24118179104.0,-0.05,-0.05,21.11,16.43
2273,920950,迅安科技,16.47,0.8,0.13,4446.0,7390378.91,3.61,16.79,16.2,16.64,16.34,1.53,1.24,28.96,3.79,1207580400.0,588310047.0,0.06,-0.42,-15.15,-8.75
2274,300399,天利科技,21.37,0.8,0.17,30519.0,65187088.8,2.36,21.49,20.99,21.18,21.2,0.84,1.54,-1175.66,8.38,4222712000.0,4222300093.0,-0.05,-0.05,-25.72,-15.7
2275,603529,爱玛科技,29.07,0.8,0.23,94519.0,271468233.0,2.57,29.07,28.33,28.87,28.84,0.88,1.12,9.92,2.65,25229648987.0,24638582514.0,0.03,0.1,-4.06,-2.12
2276,603501,豪威集团,93.78,0.8,0.74,179735.0,1682601896.0,1.62,94.49,92.98,93.04,93.04,1.06,1.48,29.24,4.06,118270448468.0,113511948110.0,-0.02,0.0,-27.0,-25.51
2277,002380,科远智慧,33.99,0.8,0.27,58360.0,197934394.89,1.81,34.2,33.59,33.72,33.72,0.63,4.1,26.75,3.35,8157316150.0,4833513620.0,0.06,0.0,3.63,24.96
2278,300922,天秦装备,20.12,0.8,0.16,34599.0,69220357.46,1.4,20.13,19.85,19.95,19.96,1.15,2.77,75.44,3.35,3194298683.0,2512473149.0,0.0,0.0,-17.74,-12.02
2279,002155,湖南黄金,30.39,0.8,0.24,534328.0,1624548807.32,1.96,30.71,30.12,30.12,30.15,0.94,3.42,31.91,5.85,47488973493.0,47484706464.0,0.0,0.03,32.3,44.1
2280,688046,药康生物,19.01,0.8,0.15,77670.0,148477981.0,4.14,19.55,18.77,18.84,18.86,0.86,1.89,53.98,3.49,7794100000.0,7794100000.0,-0.21,0.05,-0.31,23.76
2281,600271,航天信息,8.79,0.8,0.07,259263.0,226784201.0,3.78,8.84,8.51,8.51,8.72,1.31,1.4,-21.85,1.23,16286855968.0,16286855968.0,-0.11,-0.11,-24.81,-24.81
2282,600888,新疆众和,8.77,0.8,0.07,309406.0,272059753.0,2.41,8.91,8.7,8.73,8.7,1.11,1.99,12.87,1.06,13620563773.0,13620563773.0,0.0,0.0,0.46,7.08
2283,603016,新宏泰,50.21,0.8,0.4,56550.0,283814330.0,4.32,51.16,49.01,50.2,49.81,0.81,3.82,116.7,9.02,7439113600.0,7439113600.0,0.1,-0.08,59.96,66.7
2284,001226,拓山重工,45.34,0.8,0.36,11523.0,52330600.0,2.67,45.83,44.63,44.98,44.98,1.23,3.4,153.64,4.65,3385388178.0,1538236578.0,-0.02,-0.11,-6.99,2.58
2285,600052,东望时代,3.8,0.8,0.03,97262.0,36785299.0,2.39,3.82,3.73,3.77,3.77,0.77,1.15,36.43,1.18,3207940016.0,3207940016.0,-0.26,0.0,-17.03,-19.32
2286,002360,同德化工,6.4,0.79,0.05,142880.0,90553714.0,5.2,6.56,6.23,6.56,6.35,0.63,4.36,-194.07,1.29,2571355187.0,2096142272.0,0.47,0.31,27.24,32.23
2287,001259,利仁科技,31.79,0.79,0.25,8183.0,25968540.0,4.53,31.98,30.55,31.56,31.54,0.93,1.72,421.36,3.28,2339390750.0,1511439623.0,0.0,-0.19,3.11,5.93
2288,300016,北陆药业,10.16,0.79,0.08,214879.0,217932360.88,2.68,10.26,9.99,10.08,10.08,0.82,3.82,97.09,2.59,5718791336.0,5711085230.0,0.0,0.1,5.28,27.96
2289,603395,红四方,28.08,0.79,0.22,17569.0,49156109.0,1.18,28.1,27.77,27.77,27.86,0.81,2.7,119.44,5.22,7300800000.0,1825200000.0,-0.04,-0.04,-10.91,-3.93
2290,002687,乔治白,5.12,0.79,0.04,406558.0,208745772.22,3.74,5.26,5.07,5.2,5.08,2.17,9.83,30.26,1.66,2584470994.0,2116574909.0,0.39,0.39,7.34,6.22
2291,301019,宁波色母,21.71,0.79,0.17,20343.0,43778199.16,2.92,21.83,21.2,21.52,21.54,1.64,1.94,32.56,3.37,3581355219.0,2271071615.0,0.0,-0.05,-16.6,-5.03
2292,600099,林海股份,11.5,0.79,0.09,45818.0,52145151.0,2.37,11.52,11.25,11.37,11.41,1.17,2.09,102.63,4.61,2519880000.0,2519880000.0,0.0,0.0,7.88,10.05
2293,600508,上海能源,12.76,0.79,0.1,65543.0,83335441.0,1.82,12.83,12.6,12.66,12.66,0.96,0.91,41.84,0.73,9221881680.0,9221881680.0,0.0,-0.16,4.42,8.41
2294,300382,斯莱克,12.69,0.79,0.1,123003.0,155188810.66,3.34,12.8,12.38,12.59,12.59,1.31,1.9,421.74,3.58,8228195924.0,8227412037.0,0.48,0.32,-15.9,-18.44
2295,603860,中公高科,31.72,0.79,0.25,9560.0,30274746.0,1.87,31.92,31.33,31.53,31.47,0.81,1.43,46.38,2.52,2115089600.0,2115089600.0,-0.16,-0.16,0.51,5.14
2296,300851,交大思诺,29.28,0.79,0.23,7506.0,21922710.0,1.89,29.42,28.87,29.15,29.05,0.82,1.39,82.03,1.98,2545409952.0,1584341532.0,-0.17,-0.1,3.17,9.29
2297,301585,蓝宇股份,29.5,0.79,0.23,11495.0,33650521.85,2.66,29.59,28.81,29.27,29.27,1.43,1.69,48.45,3.18,3068000000.0,2009213435.0,-0.1,-0.03,-7.23,-4.59
2298,300426,华智数媒,7.65,0.79,0.06,53023.0,40324137.0,2.24,7.68,7.51,7.52,7.59,0.74,1.33,-8.57,31.23,3445428497.0,3060000000.0,-0.26,0.0,-11.36,-0.91
2299,300675,建科院,15.32,0.79,0.12,24220.0,36888764.2,2.76,15.48,15.06,15.27,15.2,1.11,1.65,-24.39,4.39,2246933844.0,2246933844.0,0.0,0.0,-4.96,-1.92
2300,300615,欣天科技,13.99,0.79,0.11,50943.0,70802492.1,1.73,14.0,13.76,13.81,13.88,0.67,3.37,-312.56,5.35,2703276508.0,2116443756.0,0.58,0.65,-1.2,5.35
2301,301300,远翔新材,44.67,0.79,0.35,9038.0,39941180.06,2.55,44.67,43.54,44.34,44.32,1.13,2.33,33.37,3.53,2898546960.0,1731990491.0,0.16,0.07,0.56,5.35
2302,002976,瑞玛精密,29.25,0.79,0.23,22154.0,64633520.8,1.76,29.37,28.86,28.98,29.02,0.76,3.32,554.22,2.99,4378745095.0,1949964413.0,0.0,0.21,3.76,4.35
2303,002117,东港股份,10.19,0.79,0.08,61344.0,62156576.91,1.58,10.21,10.05,10.11,10.11,0.82,1.17,37.02,3.73,5336716531.0,5334929328.0,0.1,0.0,-16.27,-26.21
2304,601162,天风证券,3.83,0.79,0.03,1090670.0,416682990.0,1.32,3.84,3.79,3.81,3.8,1.02,1.27,188.98,1.42,38583363446.0,32930226915.0,0.0,-0.26,-10.51,-7.93
2305,600183,生益科技,69.8,0.79,0.55,564127.0,3954820974.0,3.97,71.49,68.74,69.28,69.25,0.81,2.36,50.86,10.15,169552522254.0,167136207771.0,0.01,0.0,2.14,-2.25
2306,600523,贵航股份,14.26,0.78,0.11,27696.0,39314401.0,1.41,14.28,14.08,14.11,14.15,0.65,0.69,29.93,1.8,5765479423.0,5761676281.0,0.07,0.0,-8.41,-9.23
2307,920225,利通科技,32.35,0.78,0.25,95733.0,317431202.65,10.56,34.69,31.3,31.59,32.1,1.92,11.56,49.33,5.61,4105826221.0,2678002682.0,0.0,-0.43,-12.12,0.94
2308,688067,爱威科技,27.14,0.78,0.21,8746.0,23552609.0,2.27,27.2,26.59,26.86,26.93,0.79,1.29,63.76,3.59,1845520000.0,1845520000.0,0.37,0.04,-0.91,10.5
2309,920663,明阳科技,16.85,0.78,0.13,20226.0,34358022.03,6.16,17.38,16.35,16.7,16.72,1.34,3.16,26.36,5.54,2250359794.0,1079689362.0,0.0,0.06,-10.42,-7.21
2310,301173,毓恬冠佳,44.09,0.78,0.34,5779.0,25453251.7,2.19,44.24,43.28,43.6,43.75,1.08,1.87,22.38,2.53,3872635097.0,1359235575.0,0.0,0.16,-7.43,-2.02
2311,002210,飞马国际,2.58,0.78,0.02,531231.0,136378820.93,2.34,2.59,2.53,2.55,2.56,1.21,2.0,359.26,7.2,6865980557.0,6853142219.0,0.0,-0.39,-21.58,-28.33
2312,301503,智迪科技,36.4,0.78,0.28,9222.0,33289701.7,2.19,36.54,35.75,36.3,36.12,1.52,2.84,28.33,2.73,2912000000.0,1182272000.0,0.0,0.03,-5.97,0.94
2313,603072,天和磁材,37.44,0.78,0.29,22576.0,84254738.0,1.32,37.48,36.99,37.04,37.15,1.07,1.79,61.94,4.62,9894643200.0,4726051200.0,-0.05,-0.03,-13.73,-7.99
2314,002158,汉钟精机,24.85,0.77,0.19,39921.0,99324659.0,3.16,25.18,24.4,24.66,24.66,0.89,0.75,28.29,3.04,13287894854.0,13259640653.0,-0.08,-0.08,-5.41,-0.72
2315,920033,康普化学,15.76,0.77,0.12,10233.0,16227236.69,2.75,16.04,15.61,15.74,15.64,1.69,1.24,84.98,2.52,1877571540.0,1304312698.0,-0.32,-0.32,-15.27,-11.86
2316,688171,纬德信息,54.7,0.77,0.42,24117.0,130821258.0,3.1,54.89,53.21,54.77,54.28,0.8,2.88,374.84,5.43,4582404980.0,4582404980.0,0.0,0.09,0.77,17.23
2317,600927,永安期货,14.44,0.77,0.11,48262.0,69734496.0,2.3,14.7,14.37,14.7,14.33,1.01,0.33,33.2,1.6,21018222229.0,21018222229.0,0.0,-0.07,-9.18,-10.14
2318,600697,欧亚集团,11.84,0.77,0.09,42848.0,50280386.0,2.13,11.84,11.59,11.69,11.75,1.34,2.76,-36.36,0.85,1883602808.0,1839652018.0,0.08,0.25,-14.39,-10.24
2319,300808,久量股份,25.0,0.77,0.19,32559.0,81747118.09,4.68,25.69,24.53,24.85,24.81,1.27,2.74,-63.1,4.13,4000000000.0,2972489450.0,0.0,-0.04,-13.1,-16.86
2320,920810,春光智能,11.76,0.77,0.09,11127.0,13216514.2,3.86,12.05,11.6,11.67,11.67,1.7,1.78,776.33,4.92,1127784000.0,733912729.0,-0.17,0.17,-12.89,-10.5
2321,920418,苏轴股份,26.1,0.77,0.2,34912.0,91789570.61,5.79,26.95,25.45,25.92,25.9,1.99,2.24,28.14,4.6,4240978560.0,4063532777.0,-0.31,-0.23,-14.37,-13.03
2322,920608,丰安股份,17.08,0.77,0.13,4367.0,7520702.79,3.13,17.42,16.89,16.99,16.95,0.84,0.91,31.26,2.22,1063059200.0,823578607.0,0.0,0.06,-13.48,-8.71
2323,300659,中孚信息,13.12,0.77,0.1,37098.0,48648578.0,1.61,13.21,13.0,13.09,13.02,0.81,1.96,-32.75,2.74,3416347999.0,2482813148.0,0.0,0.08,-19.76,-14.58
2324,300755,华致酒行,13.29,0.76,0.1,29476.0,39163906.2,2.05,13.38,13.11,13.12,13.19,1.02,0.71,-20.91,1.9,5539250736.0,5534565745.0,0.0,-0.08,-23.22,-24.57
2325,688215,瑞晟智能,78.6,0.76,0.59,7729.0,60920156.0,3.58,79.81,77.02,77.99,78.01,0.91,1.24,139.1,10.08,4906468943.0,4906468943.0,0.17,-0.11,8.83,8.4
2326,300678,中科信息,29.15,0.76,0.22,45408.0,132235796.02,1.56,29.25,28.8,28.86,28.93,1.07,1.56,603.68,10.09,8639660441.0,8488397506.0,0.07,0.07,-18.64,-5.23
2327,002886,沃特股份,22.59,0.76,0.17,53580.0,120701555.0,1.92,22.68,22.25,22.43,22.42,1.24,2.56,92.33,3.23,5945768533.0,4723075725.0,0.04,0.27,0.4,4.01
2328,300413,芒果超媒,21.21,0.76,0.16,144610.0,306147080.74,1.81,21.31,20.93,20.99,21.05,1.12,1.42,29.29,1.71,39677988486.0,21670256109.0,0.0,0.05,-23.07,-13.14
2329,002587,奥拓电子,6.59,0.76,0.05,135743.0,89432682.0,2.14,6.64,6.5,6.54,6.54,0.91,2.55,203.31,3.23,4293675988.0,3510477955.0,0.0,0.15,-4.35,-2.51
2330,300105,龙源技术,6.63,0.76,0.05,62637.0,41221891.0,1.98,6.64,6.51,6.56,6.58,0.76,1.22,-95.87,1.84,3419849605.0,3417585128.0,0.15,0.15,-11.36,-7.4
2331,300500,启迪设计,10.67,0.76,0.08,37013.0,39317054.0,2.55,10.73,10.46,10.55,10.59,0.95,2.21,31.93,1.67,1856311852.0,1788270180.0,0.09,0.09,-15.12,-22.96
2332,600693,东百集团,12.0,0.76,0.09,885631.0,1053998678.0,4.79,12.15,11.58,11.72,11.91,1.68,10.19,228.09,2.93,10438154952.0,10427433384.0,0.17,0.08,-21.77,-32.66
2333,000598,兴蓉环境,6.67,0.76,0.05,161446.0,107223156.48,1.21,6.68,6.6,6.62,6.62,0.81,0.54,9.93,1.01,19903338169.0,19871448899.0,0.15,0.0,-5.26,-6.97
2334,301009,可靠股份,11.87,0.76,0.09,19928.0,23448471.0,1.95,11.88,11.65,11.76,11.78,1.26,1.32,86.49,2.42,3226978200.0,1792785782.0,-0.08,0.0,-10.62,-6.39
2335,688230,芯导科技,65.97,0.75,0.49,8436.0,55450399.0,1.63,66.21,65.14,65.68,65.48,0.91,0.72,73.08,3.42,7758072000.0,7758072000.0,0.0,-0.05,-17.08,-8.44
2336,688118,普元信息,29.44,0.75,0.22,23682.0,69849326.0,3.01,29.88,29.0,29.4,29.22,0.99,2.54,367.9,3.15,2747244031.0,2747244031.0,-0.03,0.03,-13.05,15.36
2337,301137,哈焊华通,45.52,0.75,0.34,40736.0,184781841.08,1.95,45.63,44.75,44.76,45.18,0.81,2.24,220.47,5.99,8276145968.0,8276145968.0,0.0,-0.04,-23.68,-3.17
2338,002375,亚厦股份,4.01,0.75,0.03,215813.0,86358972.0,3.02,4.06,3.94,3.99,3.98,1.68,1.63,15.2,0.66,5373385957.0,5320442729.0,0.25,0.0,-1.47,5.8
2339,300239,东宝生物,5.34,0.75,0.04,61509.0,32642663.0,2.26,5.35,5.23,5.3,5.3,0.47,1.04,58.34,1.87,3169866362.0,3149327921.0,0.0,0.0,-17.08,-8.87
2340,300423,昇辉科技,8.1,0.75,0.06,101529.0,81875814.76,1.37,8.11,8.0,8.03,8.04,0.85,3.05,467.21,2.99,4029841449.0,2700219912.0,0.12,0.0,-10.89,-3.34
2341,920026,卓兆点胶,37.58,0.75,0.28,18438.0,69991673.34,4.77,38.58,36.8,37.7,37.3,1.3,4.95,59.65,4.9,3084462905.0,1398525420.0,0.19,0.27,-7.94,5.86
2342,688590,新致软件,14.82,0.75,0.11,77967.0,115702034.0,3.6,15.1,14.57,14.8,14.71,0.69,2.77,-34.9,2.84,4172084667.0,4172084667.0,0.0,-0.13,-36.8,-20.58
2343,002608,江苏国信,8.09,0.75,0.06,151345.0,121996492.22,1.74,8.14,8.0,8.01,8.03,1.25,0.4,8.82,0.87,30564664805.0,30564664805.0,0.25,0.0,7.01,9.47
2344,920592,华信永道,33.39,0.75,0.25,20933.0,70211496.45,5.43,34.44,32.64,32.88,33.14,1.26,4.16,-75.29,7.89,2697745050.0,1679039890.0,-0.03,-0.18,-22.49,-15.19
2345,688060,云涌科技,47.17,0.75,0.35,3829.0,18071000.0,2.03,47.6,46.65,46.82,46.82,1.08,0.64,-231.61,3.15,2839196640.0,2839196640.0,-0.49,-0.49,1.7,11.43
2346,600340,华夏幸福,1.35,0.75,0.01,902766.0,120251075.0,2.99,1.35,1.31,1.34,1.34,0.58,2.32,-0.4,-1.11,5283522462.0,5256029334.0,0.75,0.0,-23.3,-38.36
2347,688510,航亚科技,33.6,0.75,0.25,113969.0,376541417.0,7.05,33.99,31.64,33.98,33.35,1.21,4.39,108.81,7.1,8719959629.0,8719959629.0,0.12,0.0,6.63,24.91
2348,600055,万东医疗,14.87,0.75,0.11,43570.0,64842969.0,3.05,15.09,14.64,14.75,14.76,1.6,0.62,-45.88,2.35,10454517932.0,10454517932.0,-0.13,0.0,-14.05,-4.56
2349,600235,民丰特纸,6.77,0.74,0.05,58867.0,39567783.0,2.08,6.77,6.63,6.7,6.72,0.97,1.68,146.05,1.57,2378301000.0,2378301000.0,0.0,0.15,0.89,-0.44
2350,688588,凌志软件,12.2,0.74,0.09,27672.0,33752730.0,1.82,12.27,12.05,12.15,12.11,0.91,0.69,48.04,3.86,4880122037.0,4880122037.0,-0.16,-0.16,-22.93,-14.74
2351,605133,嵘泰股份,32.56,0.74,0.24,123088.0,398239568.0,3.62,32.85,31.68,32.3,32.32,1.04,4.36,48.25,2.43,9206963589.0,9185765727.0,-0.03,0.03,-4.01,-5.05
2352,600596,新安股份,12.19,0.74,0.09,194200.0,236836748.0,2.31,12.32,12.04,12.12,12.1,0.76,1.44,112.02,1.32,16451588027.0,16451588027.0,-0.16,-0.16,-1.53,6.28
2353,300521,爱司凯,27.35,0.74,0.2,21680.0,59090108.0,3.5,27.75,26.8,27.07,27.15,1.11,1.45,-154.76,7.75,4095115500.0,4095115500.0,-0.04,0.04,-8.83,-4.04
2354,300215,电科院,8.19,0.74,0.06,260644.0,211590644.1,2.58,8.21,8.0,8.1,8.13,0.75,5.21,-198.18,3.13,6135081392.0,4093938543.0,0.12,0.12,20.44,28.77
2355,600558,大西洋,5.45,0.74,0.04,128321.0,69538612.0,1.29,5.45,5.38,5.41,5.41,0.91,1.43,26.85,2.02,4891946329.0,4891946329.0,0.37,0.18,-16.15,-10.66
2356,001325,元创股份,65.12,0.74,0.48,33051.0,212811256.86,3.81,65.5,63.04,64.0,64.64,0.81,16.86,31.33,2.82,5105408000.0,1276352000.0,-0.23,-0.41,29.88,32.44
2357,603063,禾望电气,40.93,0.74,0.3,719317.0,2983280740.0,4.06,42.53,40.88,41.45,40.63,1.18,15.68,91.83,3.6,18778724603.0,18778724603.0,-0.37,-0.2,28.35,23.77
2358,002574,明牌珠宝,5.46,0.74,0.04,57916.0,31553960.0,2.21,5.5,5.38,5.42,5.42,0.86,1.1,-20.15,0.97,2882880000.0,2882880000.0,-0.55,-0.18,-21.1,-2.85
2359,920748,路桥信息,38.25,0.74,0.28,14119.0,54697277.98,4.48,39.4,37.7,38.0,37.97,1.16,3.96,-48.53,13.28,2935305000.0,1364225801.0,-0.13,-0.52,-24.78,-17.81
2360,920270,天铭科技,16.32,0.74,0.12,15674.0,25828175.23,5.12,16.83,16.0,16.19,16.2,1.59,1.93,47.34,4.17,1707333120.0,1324014133.0,0.0,-0.06,-29.53,-36.45
2361,600645,中源协和,28.53,0.74,0.21,92492.0,264179188.0,2.86,28.88,28.07,28.15,28.32,0.93,1.98,92.79,3.6,13350581832.0,13345482807.0,-0.04,-0.04,4.62,13.21
2362,600389,江山股份,28.48,0.74,0.21,102779.0,288390874.0,5.91,28.52,26.85,28.3,28.27,0.87,2.39,16.79,2.93,12264912000.0,12264912000.0,0.0,0.04,12.93,12.66
2363,920019,铜冠矿建,19.0,0.74,0.14,35797.0,68309086.1,4.29,19.45,18.64,18.86,18.86,1.67,2.14,93.01,4.37,3995067300.0,3183177654.0,0.05,-0.11,-12.76,-9.35
2364,300284,苏交科,6.8,0.74,0.05,108506.0,73487577.16,1.78,6.84,6.72,6.75,6.75,1.05,0.91,81.49,1.02,8587228863.0,8141996041.0,-0.15,-0.15,-18.76,-13.71
2365,603357,设计总院,8.16,0.74,0.06,33321.0,27084316.0,1.36,8.18,8.07,8.11,8.1,1.01,0.6,12.51,1.15,4574315737.0,4533720145.0,-0.12,0.12,-0.97,0.12
2366,002696,百洋股份,6.91,0.73,0.05,58291.0,40124780.0,2.77,6.97,6.78,6.96,6.86,0.91,1.74,49.69,1.74,2393363230.0,2311304811.0,0.0,0.29,-5.73,-2.26
2367,301023,奕帆传动,41.47,0.73,0.3,10167.0,42006104.92,1.82,41.65,40.9,41.06,41.17,0.9,2.34,41.68,3.81,3241570976.0,1805467530.0,0.0,0.02,-5.06,-4.23
2368,300946,恒而达,47.01,0.73,0.34,11076.0,52094571.88,3.71,47.49,45.76,46.91,46.67,1.38,1.46,124.86,6.07,7333926678.0,3563560143.0,0.04,0.04,-14.32,-15.63
2369,688581,安杰思,56.29,0.73,0.41,2987.0,16793720.0,2.04,56.64,55.5,55.83,55.88,1.36,0.72,20.49,1.81,4566361827.0,2339395569.0,0.09,0.11,-13.45,-3.99
2370,688420,美腾科技,24.89,0.73,0.18,14630.0,35602324.0,4.25,24.94,23.89,24.66,24.71,2.04,3.51,-370.2,1.55,2201022700.0,1038883710.0,0.0,0.12,-2.96,4.27
2371,603825,ST华扬,8.31,0.73,0.06,12824.0,10641082.0,1.21,8.35,8.25,8.26,8.25,0.85,0.51,-5.91,12.8,2105226747.0,2105226747.0,0.36,0.24,-16.06,-8.28
2372,688070,纵横股份,49.95,0.73,0.36,16469.0,81916393.0,2.5,50.34,49.1,49.2,49.59,1.25,1.88,409.61,7.36,4374621000.0,4374621000.0,-0.08,-0.02,-15.8,-9.84
2373,300604,长川科技,151.8,0.73,1.1,189293.0,2888571746.54,3.35,155.55,150.5,150.99,150.7,0.84,3.87,83.46,22.26,96304745605.0,74301763833.0,-0.01,0.06,10.56,49.84
2374,300628,亿联网络,35.93,0.73,0.26,59172.0,212563830.45,1.96,36.1,35.4,35.67,35.67,0.68,0.82,17.51,4.88,45513640770.0,26074298492.0,0.0,-0.11,-2.04,0.79
2375,300459,汤姆猫,4.16,0.73,0.03,665221.0,276128288.24,1.69,4.18,4.11,4.13,4.13,1.07,2.02,-249.64,6.98,14625773506.0,13674724769.0,0.24,0.24,-27.27,-9.37
2376,600067,冠城新材,4.16,0.73,0.03,191655.0,79344518.0,1.45,4.17,4.11,4.14,4.13,0.9,1.38,52.31,1.03,5789341954.0,5789341954.0,0.0,0.0,-2.8,0.24
2377,002863,今飞凯达,5.55,0.73,0.04,78252.0,43354292.81,1.27,5.57,5.5,5.54,5.51,0.79,1.31,34.4,1.17,3327133725.0,3327133725.0,0.18,0.18,-6.25,-5.45
2378,002850,科达利,199.61,0.73,1.45,63731.0,1281695473.02,4.54,205.0,196.0,201.32,198.16,1.13,3.2,31.2,4.17,55042471073.0,39738114877.0,-0.18,0.01,26.58,26.45
2379,300872,天阳科技,16.81,0.72,0.12,81698.0,137795298.06,3.12,17.08,16.56,16.68,16.69,0.97,1.94,106.53,2.25,8205315405.0,7094520859.0,0.0,0.12,-21.34,-18.24
2380,002057,中钢天源,9.78,0.72,0.07,86270.0,84162779.4,1.65,9.81,9.65,9.66,9.71,0.97,1.15,24.93,2.28,7372982645.0,7368495678.0,0.0,0.0,-7.47,-4.02
2381,301060,兰卫医学,9.81,0.72,0.07,39756.0,38777965.0,2.16,9.84,9.63,9.72,9.74,0.77,1.1,-4413.09,2.49,3929071770.0,3533410504.0,0.31,0.0,-20.95,6.05
2382,301539,宏鑫科技,19.51,0.72,0.14,11816.0,22913886.73,1.55,19.52,19.22,19.42,19.37,1.0,1.57,49.66,3.54,2887480000.0,1464455698.0,0.26,0.0,-9.68,-6.65
2383,600359,新农开发,7.02,0.72,0.05,56877.0,39677872.0,1.43,7.02,6.92,6.97,6.97,0.68,1.49,-329.3,4.1,2678219996.0,2678219996.0,0.14,0.14,-5.52,-1.82
2384,001255,博菲电气,37.54,0.72,0.27,13061.0,49082058.0,2.2,37.88,37.06,37.28,37.27,1.14,1.84,340.01,4.13,3266287227.0,2667442240.0,0.03,-0.05,-25.2,17.2
2385,002302,西部建设,5.63,0.72,0.04,95691.0,53628271.16,2.5,5.68,5.54,5.6,5.59,0.98,0.76,-9.74,0.89,7107054732.0,7107054732.0,-0.18,0.0,-8.9,-8.01
2386,001373,翔腾新材,34.88,0.72,0.25,11661.0,40383593.08,3.32,35.21,34.06,34.89,34.63,0.87,3.52,-98.32,2.76,2395798653.0,1155634812.0,0.09,0.23,-10.52,8.05
2387,600716,凤凰股份,4.22,0.72,0.03,91938.0,38665265.0,5.97,4.34,4.09,4.15,4.19,1.06,0.98,-10.2,0.87,3950175690.0,3950175690.0,0.24,0.48,0.0,9.04
2388,002892,科力尔,11.17,0.72,0.08,79090.0,88465707.46,2.16,11.34,11.1,11.15,11.09,1.76,1.64,137.62,6.38,8316479184.0,5399770493.0,-0.09,0.09,-15.12,-16.77
2389,301038,深水规院,21.09,0.72,0.15,19057.0,40022801.67,1.72,21.13,20.77,20.99,20.94,1.06,0.85,223.2,5.26,4704757200.0,4704757200.0,0.24,0.14,-14.37,-10.06
2390,600536,中国软件,37.96,0.72,0.27,107485.0,408334889.0,1.7,38.26,37.62,37.62,37.69,1.21,1.27,-255.53,10.06,35446538729.0,32025177774.0,-0.03,0.03,-24.2,-18.01
2391,600818,中路股份,8.5,0.71,0.06,32218.0,27252677.0,1.54,8.51,8.38,8.44,8.44,0.88,1.35,-108.51,4.89,2732307235.0,2022642235.0,0.0,0.12,-15.84,-11.37
2392,300222,科大智能,11.29,0.71,0.08,154234.0,173362208.18,1.52,11.32,11.15,11.25,11.21,1.23,2.43,80.69,4.97,8786795132.0,7155641617.0,0.0,0.09,-5.44,3.2
2393,000922,佳电股份,14.24,0.71,0.1,84693.0,120720929.34,3.04,14.47,14.04,14.14,14.14,0.99,1.44,38.95,2.15,9896588593.0,8364764723.0,0.14,0.21,-0.14,3.49
2394,301632,广东建科,21.37,0.71,0.15,15795.0,33663895.36,1.6,21.45,21.11,21.22,21.22,0.85,2.16,76.97,3.24,8944627200.0,1565608940.0,0.0,-0.05,-13.31,-11.62
2395,000967,盈峰环境,14.1,0.71,0.1,2720602.0,3807640245.62,7.93,14.58,13.47,14.19,14.0,1.1,8.59,71.05,2.61,44653917098.0,44632492937.0,0.5,0.86,101.72,92.1
2396,301002,崧盛股份,43.76,0.71,0.31,78228.0,346491979.56,7.48,46.58,43.33,43.68,43.45,1.46,9.2,641.47,6.86,5904829029.0,3718951302.0,0.46,0.14,16.94,20.19
2397,301208,中亦科技,35.26,0.71,0.25,8886.0,31300180.8,1.74,35.42,34.81,34.94,35.01,0.8,1.34,98.42,2.75,4231202116.0,2329700836.0,0.09,0.17,-14.73,-11.14
2398,002520,日发精机,5.71,0.71,0.04,189367.0,107649187.4,1.76,5.73,5.63,5.68,5.67,0.87,2.64,-12.05,16.67,4283899926.0,4096583376.0,0.18,0.18,-7.31,-9.37
2399,600829,人民同泰,9.92,0.71,0.07,98950.0,97434152.0,1.93,9.93,9.74,9.82,9.85,0.55,1.71,29.67,1.88,5752494882.0,5752494882.0,-0.1,0.0,-13.44,-8.23
2400,605507,国邦医药,24.2,0.71,0.17,31980.0,76864502.0,1.66,24.24,23.84,23.95,24.03,0.55,0.57,21.05,1.55,13523528700.0,13523528700.0,-0.12,-0.08,-2.69,-2.42
2401,920009,丹娜生物,68.28,0.71,0.48,3612.0,24756258.08,3.58,69.59,67.16,68.01,67.8,1.6,5.02,38.69,5.58,3782029200.0,491616000.0,0.0,-0.44,-15.99,-10.03
2402,600506,统一股份,21.17,0.71,0.15,35033.0,74219971.0,1.47,21.32,21.01,21.02,21.02,0.69,1.82,310.85,9.16,4065040833.0,4065040833.0,0.0,-0.09,-19.75,-19.23
2403,605577,龙版传媒,12.7,0.71,0.09,27673.0,34925782.0,1.67,12.71,12.5,12.66,12.61,0.99,0.62,14.39,1.42,5644444452.0,5644444452.0,-0.08,0.24,-9.35,-2.83
2404,688627,精智达,282.5,0.71,1.99,31169.0,876105808.0,4.88,286.69,273.0,277.77,280.51,0.79,4.31,405.96,15.41,26558320505.0,20439351860.0,0.13,0.36,29.11,26.35
2405,300979,华利集团,43.18,0.7,0.3,14666.0,63339006.71,1.56,43.47,42.8,42.88,42.88,0.87,0.13,15.71,3.1,50391060000.0,50390729673.0,-0.07,-0.05,-16.07,-14.0
2406,301027,华蓝集团,23.13,0.7,0.16,51377.0,118763188.0,2.92,23.4,22.73,22.96,22.97,0.74,4.35,257.02,3.57,3400110000.0,2734944306.0,-0.17,-0.26,18.74,25.64
2407,688768,容知日新,47.61,0.7,0.33,14014.0,66206385.0,3.96,48.07,46.2,47.76,47.28,1.07,1.61,49.93,3.8,4189142626.0,4154617568.0,0.02,0.06,-11.52,9.6
2408,601777,千里科技,10.07,0.7,0.07,212380.0,215037650.0,3.6,10.27,9.91,10.02,10.0,1.25,0.47,539.37,4.43,45527477715.0,45527477715.0,-0.1,-0.2,-11.43,-5.27
2409,600469,风神股份,7.15,0.7,0.05,148921.0,106359333.0,2.96,7.23,7.02,7.09,7.1,0.61,2.04,21.34,1.48,6363748906.0,5215573728.0,-0.28,0.0,10.68,3.03
2410,603066,音飞储存,10.01,0.7,0.07,15009.0,14937543.0,1.41,10.01,9.87,9.9,9.94,0.72,0.51,35.39,2.05,2944742541.0,2944742541.0,0.1,0.0,-9.0,-6.88
2411,688601,力芯微,51.74,0.7,0.36,54328.0,278757374.0,3.89,52.48,50.48,51.61,51.38,0.93,4.06,186.54,5.54,6917260298.0,6917260298.0,-0.04,0.02,3.79,21.48
2412,600010,包钢股份,2.88,0.7,0.02,11290121.0,3208662185.0,4.55,2.9,2.77,2.84,2.86,0.85,3.6,349.1,2.51,130431223722.0,90376699067.0,0.35,0.0,13.39,21.01
2413,920679,前进科技,18.7,0.7,0.13,4510.0,8483195.73,3.5,19.07,18.42,18.55,18.57,1.54,1.21,53.67,2.07,1044395000.0,695172500.0,0.0,0.0,-10.82,-6.27
2414,600667,太极实业,10.02,0.7,0.07,1086629.0,1093264762.0,3.02,10.23,9.93,9.93,9.95,0.73,5.2,35.58,2.42,20957252624.0,20957252624.0,0.0,0.0,16.51,25.72
2415,301128,强瑞技术,184.88,0.7,1.29,77707.0,1445098417.48,5.87,192.27,181.5,186.04,183.59,1.02,8.54,135.01,20.86,19124221998.0,16822678055.0,-0.01,0.05,90.99,83.21
2416,000035,中国天楹,7.15,0.7,0.05,940435.0,678700733.56,4.23,7.35,7.05,7.1,7.1,1.57,4.07,40.87,1.64,17074434298.0,16538134098.0,0.0,0.14,20.78,29.53
2417,600628,新世界,7.2,0.7,0.05,75392.0,53901207.0,1.4,7.2,7.1,7.17,7.15,0.85,1.17,69.88,1.1,4657502765.0,4657502765.0,0.14,0.28,-12.2,-8.4
2418,002442,龙星科技,5.72,0.7,0.04,75130.0,42813150.0,1.23,5.73,5.66,5.66,5.68,0.67,1.52,35.4,1.57,2878818239.0,2818031691.0,0.0,-0.17,-8.04,-7.89
2419,002234,民和股份,8.63,0.7,0.06,40111.0,34265765.0,2.33,8.65,8.45,8.59,8.57,0.73,1.33,-11.22,1.7,3011526630.0,2601156555.0,0.0,0.0,-2.04,0.12
2420,002753,永东股份,7.25,0.69,0.05,43616.0,31441866.5,2.08,7.28,7.13,7.18,7.2,0.72,1.8,47.67,1.18,3107903480.0,1760375342.0,-0.14,-0.14,-1.36,1.68
2421,000637,茂化实华,4.38,0.69,0.03,56175.0,24530647.0,1.84,4.4,4.32,4.35,4.35,0.65,1.54,-18.22,4.1,2277054059.0,1596882541.0,0.0,0.23,0.46,1.86
2422,603209,兴通股份,14.58,0.69,0.1,27900.0,40441629.0,1.24,14.59,14.41,14.47,14.48,0.42,0.87,18.35,1.43,4738500000.0,4687347484.0,0.07,0.0,-6.36,-3.76
2423,301201,诚达药业,42.14,0.69,0.29,56851.0,239334407.9,2.84,42.49,41.3,42.0,41.85,0.46,5.24,291.52,3.06,6519640543.0,4574056971.0,0.12,0.12,-5.3,3.54
2424,601128,常熟银行,7.26,0.69,0.05,375472.0,272085914.0,1.11,7.27,7.19,7.23,7.21,1.05,1.13,5.38,0.81,24077946068.0,24077946068.0,0.0,0.14,4.46,3.13
2425,001206,依依股份,20.3,0.69,0.14,42146.0,85219578.61,2.78,20.48,19.92,20.26,20.16,0.87,3.94,20.51,1.98,3753344302.0,2169348497.0,-0.25,-0.1,-28.12,-31.16
2426,301100,风光股份,18.87,0.69,0.13,9104.0,17095088.0,1.44,18.9,18.63,18.9,18.74,0.74,1.04,-70.87,1.89,3774000000.0,1651125000.0,0.53,0.32,-13.84,-11.45
2427,002369,卓翼科技,7.32,0.69,0.05,99212.0,72512413.92,2.48,7.38,7.2,7.27,7.27,1.02,1.75,-19.94,13.39,4150119970.0,4144696779.0,-0.14,0.0,-18.03,-15.18
2428,300923,研奥股份,27.8,0.69,0.19,12555.0,34807713.35,1.96,27.91,27.37,27.73,27.61,1.11,1.64,63.72,1.93,2185080000.0,2125824300.0,0.11,0.32,4.75,8.89
2429,603180,金牌家居,18.94,0.69,0.13,5108.0,9651728.0,1.17,18.98,18.76,18.8,18.81,0.74,0.33,33.86,1.05,2921630232.0,2921630232.0,0.05,0.05,-6.75,-7.11
2430,001225,和泰机电,50.95,0.69,0.35,10055.0,51030884.0,2.06,51.15,50.11,50.72,50.6,1.07,4.78,98.41,2.42,3355913460.0,1071925484.0,0.06,0.08,-30.54,-10.88
2431,600221,海航控股,1.49,0.68,0.01,4054044.0,603874439.0,2.03,1.5,1.47,1.48,1.48,1.73,0.95,32.53,12.23,64391292477.0,63839817250.0,-0.67,-0.67,-11.31,-17.68
2432,600807,济高发展,2.96,0.68,0.02,131582.0,38549507.0,2.38,2.97,2.9,2.94,2.94,0.63,1.67,-23.93,59.69,2618518804.0,2329574653.0,0.34,0.34,-11.64,-3.9
2433,000656,*ST金科,1.47,0.68,0.01,945414.0,139043375.42,2.05,1.49,1.46,1.47,1.46,0.82,1.24,-1.09,-0.42,15632099999.0,11186920141.0,0.0,0.0,0.68,2.08
2434,603680,今创集团,13.34,0.68,0.09,50713.0,66901656.0,3.32,13.39,12.95,13.25,13.25,1.4,0.65,17.97,1.84,10454808352.0,10454808352.0,0.08,0.0,-14.87,-13.43
2435,300176,鸿特科技,7.35,0.68,0.05,120876.0,88738093.0,1.64,7.39,7.27,7.3,7.3,1.16,3.12,77.17,2.98,2846513880.0,2846513880.0,0.0,0.14,7.46,10.19
2436,002310,东方新能,2.94,0.68,0.02,1559195.0,458616566.81,2.4,2.97,2.9,2.92,2.92,0.69,3.63,-6403.12,11.48,17638007024.0,12639087789.0,0.34,0.0,21.49,30.67
2437,603217,元利科技,26.63,0.68,0.18,35108.0,93737356.0,2.42,26.96,26.32,26.36,26.45,0.82,1.69,27.26,1.65,5541372788.0,5541372788.0,-0.15,-0.11,4.43,3.94
2438,300625,三雄极光,11.87,0.68,0.08,17159.0,20272191.0,2.29,11.93,11.66,11.83,11.79,1.03,1.06,-236.88,1.67,3315658970.0,1922604744.0,0.0,-0.17,-6.24,0.17
2439,603321,梅轮电梯,7.39,0.68,0.05,26686.0,19637764.0,1.77,7.41,7.28,7.37,7.34,0.78,0.77,68.77,1.79,2578293176.0,2546331426.0,0.41,0.14,-10.21,-8.08
2440,002579,中京电子,13.25,0.68,0.09,694080.0,920129855.92,2.36,13.41,13.1,13.25,13.16,1.23,11.9,237.71,3.36,8117196715.0,7730207596.0,0.0,0.08,9.14,8.78
2441,688173,希荻微,14.73,0.68,0.1,54736.0,80920110.0,2.6,14.93,14.55,14.63,14.63,1.07,1.33,-53.41,4.26,6084105876.0,6042972881.0,0.0,-0.07,-9.52,0.2
2442,301087,可孚医疗,57.89,0.68,0.39,31200.0,181654059.8,3.9,59.25,57.01,57.5,57.5,0.86,1.61,32.54,2.48,12093047330.0,11230154620.0,0.07,0.09,1.61,33.11
2443,688334,西高院,22.07,0.68,0.15,28521.0,62709561.0,1.46,22.13,21.81,21.98,21.92,0.68,1.82,28.09,2.4,6986908815.0,3462886685.0,0.27,0.27,5.25,14.0
2444,300885,海昌新材,25.16,0.68,0.17,73791.0,184670300.76,2.28,25.32,24.75,25.12,24.99,0.87,4.42,113.06,7.0,6243499288.0,4202167219.0,0.16,0.24,-11.94,-25.52
2445,688041,海光信息,261.78,0.68,1.78,278574.0,7378600881.0,4.22,271.55,260.59,262.0,260.0,0.86,1.2,221.39,25.9,608465225462.0,608465225462.0,0.0,0.07,4.75,16.7
2446,603518,锦泓集团,9.03,0.67,0.06,28530.0,25607767.0,2.12,9.05,8.86,8.97,8.97,0.91,0.83,20.5,0.86,3118528416.0,3106988076.0,0.11,-0.11,-8.42,-7.0
2447,002947,恒铭达,71.8,0.67,0.48,133563.0,962548310.5,5.45,73.92,70.03,71.33,71.32,0.9,6.93,34.58,5.9,18395830325.0,13831087741.0,0.01,-0.17,38.1,38.02
2448,601377,兴业证券,6.02,0.67,0.04,837273.0,503477930.0,1.0,6.04,5.98,6.0,5.98,0.99,0.97,18.11,0.93,51988643510.0,51988643510.0,-0.17,0.0,-13.38,-18.87
2449,002889,东方嘉盛,13.56,0.67,0.09,13548.0,18289081.37,1.56,13.56,13.35,13.45,13.47,0.82,0.54,27.16,2.04,5121170920.0,3407418539.0,0.07,0.15,-13.02,-11.72
2450,920753,天纺标,19.48,0.67,0.13,7588.0,14855272.62,3.82,19.85,19.11,19.34,19.35,1.51,2.34,48.23,3.92,1585757089.0,630792107.0,0.05,-0.1,-16.18,-13.04
2451,000158,常山北明,17.93,0.67,0.12,253528.0,455246282.22,1.4,18.06,17.81,17.81,17.81,1.02,1.6,856.99,5.3,28663197808.0,28471254916.0,0.0,-0.06,-17.37,-12.06
2452,002122,ST汇洲,2.99,0.67,0.02,163088.0,48976761.0,2.02,3.04,2.98,3.03,2.97,1.03,0.82,130.34,2.76,5984486719.0,5943282689.0,0.34,0.0,-1.64,-0.33
2453,603801,志邦家居,8.96,0.67,0.06,22222.0,19831810.0,1.57,8.98,8.84,8.9,8.9,0.99,0.51,16.86,1.17,3891788517.0,3891788517.0,0.0,0.0,-5.98,-2.08
2454,300485,赛升药业,12.01,0.67,0.08,128848.0,155608092.0,3.27,12.28,11.89,11.92,11.93,0.59,4.71,397.01,1.72,5784813464.0,3288544356.0,0.0,0.0,4.43,13.52
2455,603248,锡华科技,26.9,0.67,0.18,72328.0,193744634.0,2.06,26.95,26.4,26.54,26.72,0.6,10.44,57.44,7.21,12374000000.0,1864409894.0,0.0,-0.07,17.98,22.44
2456,300753,爱朋医疗,28.37,0.67,0.19,28291.0,79972812.23,1.74,28.47,27.98,28.15,28.18,0.82,3.22,-233.54,5.26,3575981760.0,2493886440.0,0.0,-0.04,-22.8,2.23
2457,300779,惠城环保,91.11,0.67,0.61,47781.0,435047064.31,3.52,92.69,89.5,90.11,90.5,1.15,2.97,524.3,13.6,19255860703.0,14660909708.0,-0.11,-0.01,-16.18,-29.97
2458,001288,运机集团,28.37,0.67,0.19,49713.0,141101925.61,3.62,28.87,27.85,28.21,28.18,0.99,3.27,34.04,2.92,6663577913.0,4309860977.0,-0.07,0.07,-6.18,-11.21
2459,002812,恩捷股份,72.15,0.67,0.48,313719.0,2253348366.3,3.53,72.98,70.45,71.49,71.67,0.87,3.81,-615.66,2.82,70860816369.0,59354707456.0,-0.04,0.11,33.44,27.38
2460,600229,城市传媒,6.03,0.67,0.04,29254.0,17567541.0,2.17,6.05,5.92,6.02,5.99,0.96,0.44,95.27,1.26,3984067938.0,3984067938.0,0.0,0.0,-12.86,-4.89
2461,601127,赛力斯,90.07,0.67,0.6,192967.0,1743486446.0,2.44,91.28,89.1,89.55,89.47,1.32,1.24,26.34,3.83,156900596696.0,140257309517.0,0.01,0.04,-25.76,-25.54
2462,600303,曙光股份,3.06,0.66,0.02,240315.0,72871695.0,2.96,3.08,2.99,3.03,3.04,1.31,3.56,-5.84,2.09,2091828886.0,2067348886.0,0.0,0.33,-4.67,-6.13
2463,688058,宝兰德,29.17,0.66,0.19,9031.0,26346430.0,2.14,29.41,28.79,28.98,28.98,0.9,1.19,-29.41,3.49,2212151988.0,2212151988.0,0.0,-0.07,-7.13,7.12
2464,000708,中信特钢,16.85,0.66,0.11,92891.0,156107213.32,1.73,16.89,16.6,16.83,16.74,0.98,0.18,14.34,1.97,85044615350.0,85044236225.0,0.0,0.18,7.39,2.93
2465,300784,利安科技,50.66,0.66,0.33,3983.0,20101819.0,1.39,50.8,50.1,50.25,50.33,0.64,2.35,49.47,3.56,2848996816.0,857615541.0,-0.18,0.1,-4.14,0.88
2466,600335,国机汽车,6.11,0.66,0.04,89890.0,54608561.0,1.15,6.11,6.04,6.05,6.07,1.11,0.6,21.7,0.79,9139268908.0,9139268908.0,0.0,0.16,-6.0,-6.14
2467,603369,今世缘,25.88,0.66,0.17,75578.0,194556664.0,2.1,26.03,25.49,25.71,25.71,0.93,0.61,9.49,1.95,32267184958.0,32267184958.0,-0.08,-0.08,-25.97,-25.59
2468,000596,古井贡酒,106.0,0.66,0.7,18045.0,189713831.23,2.08,106.1,103.91,104.97,105.3,0.75,0.44,10.61,2.2,56031600000.0,43311600000.0,0.08,0.15,-21.07,-19.45
2469,603284,林平发展,56.37,0.66,0.37,31110.0,172882982.0,3.36,56.4,54.52,55.86,56.0,0.85,16.84,22.94,2.07,4251132276.0,1041345727.0,0.0,0.28,48.81,48.81
2470,603070,万控智造,15.28,0.66,0.1,27624.0,41992405.0,1.58,15.3,15.06,15.06,15.18,1.04,0.69,76.41,2.84,6127280000.0,6127280000.0,0.0,0.07,10.48,17.9
2471,002946,新乳业,18.2,0.66,0.12,43776.0,79535332.76,2.21,18.35,17.95,18.03,18.08,0.72,0.51,21.42,4.12,15664324985.0,15482848909.0,-0.22,-0.05,0.66,-1.41
2472,301383,天键股份,29.53,0.65,0.19,13298.0,39372902.2,3.0,30.07,29.19,29.33,29.34,0.87,1.88,-383.43,2.4,4824115296.0,2085238803.0,-0.14,-0.1,-20.68,-17.14
2473,002737,葵花药业,12.31,0.65,0.08,21672.0,26545623.1,1.47,12.33,12.15,12.23,12.23,0.59,0.37,-160.76,1.77,7189040000.0,7189040000.0,-0.08,0.0,-17.38,-16.66
2474,002545,东方铁塔,21.79,0.65,0.14,190537.0,412947834.5,2.03,21.92,21.48,21.56,21.65,0.91,1.69,24.55,2.87,27108112789.0,24626267197.0,0.14,0.09,-4.72,18.1
2475,603183,建研院,4.62,0.65,0.03,126611.0,58071583.0,2.4,4.64,4.53,4.61,4.59,1.04,2.55,-133.17,1.44,2296848020.0,2296848020.0,-0.22,0.0,3.82,7.19
2476,301220,亚香股份,39.97,0.65,0.26,29675.0,119153456.5,5.59,41.28,39.06,39.71,39.71,1.13,3.81,27.94,2.57,4507450475.0,3111066149.0,0.03,-0.03,6.33,5.88
2477,688036,传音控股,52.87,0.65,0.34,71720.0,378529503.0,3.43,53.5,51.7,52.78,52.53,0.86,0.62,23.58,2.97,60863126894.0,60863126894.0,-0.09,-0.06,-20.97,-20.09
2478,301378,通达海,32.37,0.65,0.21,14094.0,45437198.0,2.58,32.48,31.65,32.05,32.16,0.92,3.07,-46.48,2.4,3126942000.0,1486253368.0,0.09,0.25,-30.57,13.98
2479,300677,英科医疗,53.88,0.65,0.35,120504.0,650800807.94,4.84,55.35,52.76,53.57,53.53,0.8,2.59,28.62,1.94,35278105810.0,25087239324.0,0.0,0.41,27.05,38.51
2480,002409,雅克科技,86.46,0.65,0.56,102246.0,885716845.21,3.6,87.88,84.79,85.89,85.9,1.06,3.21,38.76,5.27,41148707040.0,27539476706.0,0.01,-0.03,-6.71,16.68
2481,920346,威贸电子,21.83,0.65,0.14,15474.0,33855643.55,5.44,22.4,21.22,21.69,21.69,2.85,3.47,36.3,3.69,1760657238.0,973699164.0,0.23,0.32,-17.15,-12.75
2482,688671,碧兴物联,21.62,0.65,0.14,8784.0,18948184.0,2.98,21.85,21.21,21.48,21.48,0.87,1.87,-19.87,1.67,1697578618.0,1012834778.0,-0.23,-0.46,-14.95,-12.72
2483,300183,东软载波,15.59,0.65,0.1,72881.0,113673725.0,2.78,15.78,15.35,15.49,15.49,0.73,1.96,688.42,2.31,7212076446.0,5784342297.0,0.0,-0.06,-1.08,5.12
2484,920866,绿亨科技,7.78,0.65,0.05,22097.0,17229668.84,2.2,7.87,7.7,7.8,7.73,2.25,1.94,43.73,1.82,1402001902.0,887793686.0,0.13,0.13,-9.85,-4.66
2485,300235,方直科技,13.89,0.65,0.09,65887.0,91800268.5,2.17,14.04,13.74,13.84,13.8,0.91,3.24,188.09,4.94,3496760760.0,2821514467.0,-0.07,-0.07,-22.58,-14.84
2486,920068,天工股份,21.82,0.65,0.14,52136.0,116042918.08,5.07,22.78,21.68,22.08,21.68,2.54,8.31,102.22,10.66,14305192327.0,1368206975.0,-0.05,-0.37,8.67,11.9
2487,920906,舜宇精工,24.8,0.65,0.16,12222.0,30340648.18,4.14,25.19,24.17,24.44,24.64,1.99,3.66,48.28,2.78,1611256000.0,827221930.0,0.57,0.69,-17.14,-15.07
2488,600611,大众交通,4.75,0.64,0.03,128337.0,60636030.0,1.48,4.75,4.68,4.7,4.72,1.0,0.82,155.1,1.13,11229583604.0,7425752729.0,0.21,0.0,-22.51,-13.0
2489,920082,方正阀门,15.64,0.64,0.1,11147.0,17492036.26,3.28,15.92,15.41,15.55,15.54,1.41,2.82,39.57,4.3,2273352200.0,618828083.0,0.06,0.06,-14.49,-13.01
2490,003008,开普检测,23.67,0.64,0.15,22051.0,52095585.5,1.45,23.77,23.43,23.67,23.52,1.09,2.84,88.24,2.3,2461680000.0,1839708239.0,-0.21,-0.25,4.5,9.84
2491,600779,水井坊,32.91,0.64,0.21,18444.0,60445678.0,1.13,32.92,32.55,32.58,32.7,0.86,0.38,36.91,3.19,16043730246.0,16043730246.0,0.03,0.09,-16.2,-14.43
2492,600094,大名城,4.74,0.64,0.03,218948.0,103602024.0,3.82,4.81,4.63,4.69,4.71,0.6,1.03,32.09,1.08,11020263213.0,10078329963.0,0.0,-0.21,-6.51,13.94
2493,301366,一博科技,36.2,0.64,0.23,32915.0,118816764.26,1.7,36.36,35.75,35.99,35.97,1.13,2.81,259.87,3.52,7585210476.0,4235268015.0,0.06,0.0,-5.36,2.64
2494,688549,中巨芯-U,9.4,0.64,0.06,170936.0,161109808.0,2.57,9.52,9.28,9.28,9.34,0.96,2.9,-808.48,4.63,13886394400.0,5539598600.0,-0.21,-0.11,-8.83,3.07
2495,002140,东华科技,12.49,0.64,0.08,66259.0,82302945.14,2.18,12.52,12.25,12.38,12.41,0.91,0.94,16.6,1.87,8843093261.0,8830415949.0,0.0,0.0,6.21,11.42
2496,605268,王力安防,12.64,0.64,0.08,73357.0,92522334.0,2.55,12.73,12.41,12.41,12.56,0.93,1.67,35.59,3.36,5641263600.0,5568552000.0,0.0,0.0,16.71,18.46
2497,600745,闻泰科技,31.38,0.64,0.2,220217.0,691321025.0,1.8,31.56,31.0,31.01,31.18,1.28,1.77,19.36,1.15,39057198525.0,39057198525.0,-0.03,-0.1,-19.17,-15.83
2498,600354,敦煌种业,6.32,0.64,0.04,170360.0,107363631.0,0.8,6.33,6.28,6.3,6.28,0.82,3.23,67.21,4.84,3335709146.0,3335709146.0,0.0,0.0,-4.96,-2.32
2499,002284,亚太股份,14.23,0.64,0.09,120915.0,172491906.63,2.05,14.35,14.06,14.14,14.14,0.9,1.65,21.46,3.13,10517397952.0,10419040192.0,-0.07,-0.07,-17.41,-4.69
2500,002362,汉王科技,18.98,0.64,0.12,29938.0,56916068.16,1.91,19.12,18.76,18.86,18.86,1.24,1.44,-23.68,4.89,4639749181.0,3940132829.0,-0.05,-0.05,-21.18,-12.29
2501,000757,浩物股份,4.73,0.64,0.03,69913.0,32942830.4,1.7,4.74,4.66,4.7,4.7,0.7,1.31,44.18,1.58,2519747129.0,2519747129.0,0.21,0.0,-5.02,-2.87
2502,300144,宋城演艺,7.9,0.64,0.05,236328.0,186492474.55,1.78,7.95,7.81,7.84,7.85,0.83,1.0,20.64,2.47,20734974686.0,18634675978.0,0.0,0.0,-7.06,-3.54
2503,603281,江瀚新材,37.96,0.64,0.24,28178.0,106162678.0,2.73,38.13,37.1,38.0,37.72,0.67,0.75,34.27,2.89,14171733359.0,14171733359.0,0.0,0.11,26.66,36.79
2504,301449,天溯计量,80.51,0.64,0.51,14350.0,115212143.28,1.73,80.88,79.5,79.8,80.0,0.62,10.31,50.9,6.89,5250652230.0,1120156643.0,0.01,-0.09,-4.94,-4.64
2505,002456,欧菲光,9.5,0.64,0.06,741868.0,707394034.25,2.75,9.65,9.39,9.4,9.44,1.0,2.24,767.11,7.96,31937980080.0,31511779642.0,-0.11,0.0,-14.18,-10.55
2506,002156,通富微电,48.49,0.64,0.31,731211.0,3555898408.21,3.55,49.24,47.53,48.23,48.18,0.95,4.82,60.38,4.75,73588274263.0,73581258245.0,0.0,0.0,13.83,28.62
2507,000557,西部创业,4.71,0.64,0.03,89273.0,42191530.8,2.78,4.78,4.65,4.67,4.68,1.34,0.61,23.48,1.09,6868945002.0,6866785293.0,0.0,0.0,-5.99,-5.42
2508,300094,国联水产,3.14,0.64,0.02,218150.0,68205764.58,0.96,3.14,3.11,3.13,3.12,0.86,1.97,-3.32,3.44,3542445174.0,3471324633.0,0.0,0.0,-16.93,-11.8
2509,002390,信邦制药,3.22,0.63,0.02,261894.0,83501157.73,2.81,3.23,3.14,3.18,3.2,0.72,1.36,52.04,0.92,6259203015.0,6207485922.0,0.0,0.0,-3.01,0.0
2510,603173,福斯达,43.1,0.63,0.27,14676.0,63290857.0,2.24,43.56,42.6,42.98,42.83,1.03,0.92,15.0,3.64,6896000000.0,6896000000.0,-0.12,0.02,-4.65,0.65
2511,920099,瑞华技术,32.11,0.63,0.2,13321.0,42899740.23,3.45,32.65,31.55,31.65,31.91,1.22,2.75,23.42,2.73,2517423936.0,1556779914.0,0.03,0.34,-4.38,-2.37
2512,001356,富岭股份,11.18,0.63,0.07,31962.0,35575653.52,1.8,11.21,11.01,11.1,11.11,1.61,1.59,71.99,3.23,6588597600.0,2243230665.0,-0.09,-0.09,-15.75,-13.47
2513,000554,泰山石油,7.97,0.63,0.05,177009.0,140357224.61,1.52,7.99,7.87,7.95,7.92,0.55,4.88,25.39,3.31,3831922744.0,2890345980.0,0.13,0.13,12.57,22.99
2514,600579,中化装备,8.0,0.63,0.05,42084.0,33465025.0,2.01,8.02,7.86,7.95,7.95,1.14,0.85,-109.8,2.41,3948806072.0,3948806072.0,0.0,0.13,-7.62,-3.61
2515,688718,唯赛勃,15.93,0.63,0.1,18543.0,29074792.0,2.65,15.93,15.51,15.81,15.83,0.77,1.07,60.03,3.45,2767907417.0,2767907417.0,0.25,0.38,13.14,21.79
2516,003035,南网能源,7.99,0.63,0.05,938068.0,742565455.01,3.15,8.02,7.77,7.93,7.94,1.23,2.48,87.35,4.36,30265151508.0,30265151508.0,0.13,0.13,64.07,74.45
2517,600778,友好集团,6.43,0.63,0.04,46854.0,29998955.0,2.03,6.45,6.32,6.42,6.39,0.81,1.51,106.26,8.71,2002889393.0,2001111691.0,0.0,0.0,-5.3,-3.6
2518,600617,国新能源,3.21,0.63,0.02,307243.0,98025844.0,2.19,3.22,3.15,3.18,3.19,0.63,1.73,-503.55,1.83,6192705601.0,5699492032.0,0.0,0.31,0.63,2.23
2519,920363,莱赛激光,17.51,0.63,0.11,16836.0,29691486.64,4.6,17.9,17.1,17.3,17.4,1.5,3.3,334.8,4.75,1671329500.0,894578371.0,-0.06,0.06,-16.02,-9.42
2520,301101,明月镜片,35.08,0.63,0.22,16509.0,57889994.72,1.81,35.27,34.64,34.86,34.86,0.82,0.86,35.56,4.11,7069044468.0,6697363098.0,-0.03,-0.03,-23.49,-15.33
2521,920108,宏海科技,11.41,0.62,0.07,13569.0,15588400.85,3.26,11.59,11.22,11.3,11.34,2.16,1.86,117.45,4.0,1964802000.0,832560887.0,0.0,-0.09,-18.03,-15.17
2522,688575,亚辉龙,14.5,0.62,0.09,41157.0,59488553.0,1.32,14.54,14.35,14.4,14.41,0.79,0.72,344.94,3.07,8285130350.0,8285130350.0,0.0,-0.14,-5.72,2.11
2523,603161,科华控股,14.67,0.62,0.09,20774.0,30258873.0,1.99,14.69,14.4,14.58,14.58,1.06,1.09,26.18,1.91,2851961032.0,2798284163.0,0.0,0.0,-5.6,6.85
2524,000096,广聚能源,9.68,0.62,0.06,60608.0,58441511.0,1.46,9.7,9.56,9.62,9.62,0.86,1.19,44.69,1.78,5111040000.0,4945008640.0,0.0,0.1,-10.04,-5.74
2525,300002,神州泰岳,9.7,0.62,0.06,356210.0,345670932.45,2.18,9.79,9.58,9.64,9.64,1.14,1.93,23.9,2.5,19081586500.0,17916399162.0,-0.1,0.0,-26.18,-15.8
2526,601727,上海电气,8.12,0.62,0.05,1006228.0,813524984.0,1.24,8.13,8.03,8.06,8.07,1.13,0.8,104.61,2.31,126185787684.0,102438993844.0,0.12,0.0,-10.77,-5.69
2527,002270,华明装备,27.75,0.62,0.17,121687.0,336346460.19,2.61,27.88,27.16,27.52,27.58,0.75,1.36,35.04,7.91,24870255710.0,24869857165.0,-0.07,0.0,0.18,10.82
2528,300313,*ST天山,8.16,0.62,0.05,13403.0,10901787.0,1.85,8.23,8.08,8.23,8.11,0.38,0.68,-125.43,74.25,1956596591.0,1610398758.0,0.0,0.25,-12.07,1.62
2529,000523,红棉股份,3.24,0.62,0.02,160060.0,51688283.36,1.55,3.25,3.2,3.21,3.22,0.76,1.21,74.93,3.1,5946917814.0,4293518899.0,-0.31,0.0,-16.28,-14.06
2530,603323,苏农银行,4.88,0.62,0.03,181701.0,88488410.0,1.03,4.89,4.84,4.85,4.85,1.07,0.9,4.82,0.52,9850482213.0,9850482213.0,0.0,-0.2,-2.4,-3.37
2531,688351,微电生理,24.51,0.62,0.15,61511.0,150441076.0,2.63,24.8,24.16,24.25,24.36,1.29,1.31,225.8,6.4,11534406000.0,11534406000.0,0.04,-0.28,-6.91,5.87
2532,601229,上海银行,9.8,0.62,0.06,317552.0,310199968.0,1.13,9.81,9.7,9.72,9.74,0.91,0.22,5.76,0.57,139248375067.0,139248375067.0,0.0,0.1,-0.81,-2.97
2533,600711,盛屯矿业,14.63,0.62,0.09,915891.0,1335303466.0,2.34,14.74,14.4,14.58,14.54,0.83,2.96,11.08,2.59,45215646991.0,45215646991.0,0.0,0.14,-15.87,-3.5
2534,920278,鹿得医疗,8.16,0.62,0.05,21677.0,17775625.5,3.21,8.29,8.03,8.11,8.11,1.19,2.93,75.29,3.71,1423920000.0,604231680.0,0.12,0.12,-20.31,-8.42
2535,601188,龙江交通,3.26,0.62,0.02,104880.0,34021471.0,1.23,3.26,3.22,3.24,3.24,0.81,0.8,25.32,0.95,4255831923.0,4255831923.0,0.31,0.0,-8.17,-7.91
2536,000543,皖能电力,8.12,0.62,0.05,276825.0,223772991.7,1.12,8.13,8.04,8.07,8.07,1.04,1.22,7.24,1.07,18406930248.0,18406930248.0,-0.12,0.0,-4.47,2.14
2537,002425,凯撒文化,3.26,0.62,0.02,117045.0,38152543.0,1.85,3.28,3.22,3.23,3.24,0.77,1.22,-21.73,1.08,3118728115.0,3116758527.0,0.0,0.0,-22.57,-7.91
2538,301257,普蕊斯,58.22,0.62,0.36,14735.0,85262428.9,2.83,58.74,57.1,57.84,57.86,0.59,1.96,39.48,3.67,4599657709.0,4385066882.0,-0.07,-0.02,-16.58,11.88
2539,600199,金种子酒,8.11,0.62,0.05,59831.0,48322626.0,1.24,8.11,8.01,8.04,8.06,0.93,0.91,-39.81,2.58,5334732243.0,5334732243.0,0.0,0.0,-15.87,-16.22
2540,301287,康力源,43.21,0.61,0.26,7191.0,30937401.27,1.14,43.24,42.75,43.09,42.95,0.78,4.22,38.1,2.49,2880810700.0,735924634.0,0.09,0.09,-3.66,3.57
2541,301010,晶雪节能,21.61,0.61,0.13,16459.0,35328353.58,2.37,21.68,21.17,21.46,21.48,0.93,1.52,172.24,2.82,2333880000.0,2333880000.0,-0.05,-0.05,-5.88,-2.44
2542,300410,正业科技,9.87,0.61,0.06,404226.0,397183855.28,4.28,10.02,9.6,9.79,9.81,1.15,11.01,98.53,13.78,3623423046.0,3623423046.0,-0.1,-0.1,15.85,20.66
2543,300840,酷特智能,19.65,0.61,0.12,61149.0,120079867.0,2.46,19.84,19.36,19.46,19.53,0.63,3.45,85.73,3.69,4716000000.0,3479722903.0,-0.15,-0.1,-5.94,-3.91
2544,603120,肯特催化,39.69,0.61,0.24,9366.0,36770136.0,2.13,39.74,38.9,39.45,39.45,1.03,2.47,53.44,3.05,3587976000.0,1504251000.0,0.0,-0.03,-1.17,3.09
2545,300003,乐普医疗,16.45,0.61,0.1,191158.0,314043845.06,2.02,16.55,16.22,16.33,16.35,0.83,1.21,23.16,1.96,30324336578.0,25973103288.0,-0.06,-0.06,-16.54,4.05
2546,003013,地铁设计,13.3,0.61,0.08,15149.0,20077464.0,0.98,13.32,13.19,13.22,13.22,1.1,0.38,13.16,1.79,6128078753.0,5319296270.0,0.0,0.0,-9.65,-6.14
2547,600551,时代出版,8.27,0.61,0.05,41881.0,34637003.0,2.07,8.32,8.15,8.15,8.22,0.97,0.62,15.17,0.96,5607516827.0,5607516827.0,-0.12,0.0,-5.05,1.85
2548,603191,望变电气,21.41,0.61,0.13,112780.0,241345883.0,2.44,21.59,21.07,21.28,21.28,0.81,3.42,102.03,2.85,7064542921.0,7064542921.0,0.05,0.0,19.08,44.56
2549,603324,盛剑科技,26.32,0.61,0.16,19039.0,49959737.0,2.22,26.44,25.86,26.11,26.16,0.84,1.29,94.94,2.31,3886926546.0,3886926546.0,0.04,0.04,-0.3,6.26
2550,000998,隆平高科,9.95,0.61,0.06,238988.0,238111876.88,1.92,10.08,9.89,10.0,9.89,1.07,1.82,88.17,2.19,14621008207.0,13078385749.0,0.0,0.0,4.74,6.3
2551,300286,安科瑞,26.31,0.61,0.16,53371.0,139995641.0,1.49,26.39,26.0,26.16,26.15,0.98,2.57,32.16,2.94,6598144273.0,5466561671.0,0.27,0.15,-0.23,13.99
2552,002279,久其软件,8.23,0.61,0.05,203867.0,167375151.57,2.08,8.28,8.11,8.18,8.18,1.15,2.58,-184.69,5.07,7095962548.0,6499456082.0,0.12,0.12,-11.7,3.0
2553,600847,万里股份,14.88,0.61,0.09,70979.0,105570467.0,5.75,15.18,14.33,14.79,14.79,1.12,4.63,-51.59,4.43,2280916512.0,2280916512.0,-0.13,-0.07,13.59,28.06
2554,603967,中创物流,13.13,0.61,0.08,24677.0,32371288.0,1.46,13.18,12.99,13.0,13.05,0.95,0.71,17.45,1.91,4551733902.0,4551733902.0,-0.08,0.0,1.63,-4.37
2555,603344,星德胜,28.13,0.61,0.17,11554.0,32408548.0,1.61,28.2,27.75,27.9,27.96,0.96,2.14,30.68,2.6,5472156467.0,1519891467.0,0.18,0.0,-17.02,-24.71
2556,301418,协昌科技,40.04,0.6,0.24,8545.0,34140547.0,1.56,40.15,39.53,39.72,39.8,0.97,2.9,133.28,1.81,2936266693.0,1178630813.0,0.0,-0.05,3.54,9.7
2557,600985,淮北矿业,13.33,0.6,0.08,243781.0,321754532.0,3.7,13.45,12.96,13.3,13.25,1.57,0.91,23.84,0.87,35901138591.0,35901138591.0,0.15,0.08,19.02,19.98
2558,002037,保利联合,8.44,0.6,0.05,55894.0,46967525.0,1.19,8.45,8.35,8.39,8.39,0.75,1.16,-30.87,2.18,4083977297.0,4083977297.0,-0.12,0.12,-13.61,-11.16
2559,000605,渤海股份,6.75,0.6,0.04,46090.0,30986549.0,1.64,6.77,6.66,6.7,6.71,0.93,1.31,135.24,1.12,2380445550.0,2380445550.0,0.0,0.0,-2.03,0.6
2560,688653,康希通信,13.42,0.6,0.08,46946.0,63102969.0,1.57,13.54,13.33,13.45,13.34,1.09,1.48,-129.73,3.92,5696521600.0,4246243632.0,0.0,-0.15,-0.96,10.45
2561,688516,奥特维,80.98,0.6,0.48,122299.0,984305420.0,5.43,82.22,77.85,80.39,80.5,0.77,3.89,57.58,6.87,25535434818.0,25489301889.0,-0.02,-0.04,35.24,78.92
2562,603579,荣泰健康,20.15,0.6,0.12,30015.0,60505263.0,1.55,20.26,19.95,20.03,20.03,0.95,1.49,27.42,1.49,4051205135.0,4051205135.0,-0.2,0.0,-27.28,-15.37
2563,300380,安硕信息,34.97,0.6,0.21,17019.0,59542915.0,1.75,35.21,34.6,34.6,34.76,0.85,1.34,276.57,12.51,4841213579.0,4453973039.0,0.0,-0.03,-22.85,-15.47
2564,002096,易普力,11.78,0.6,0.07,62167.0,73152780.5,1.45,11.84,11.67,11.71,11.71,1.03,0.5,18.44,1.83,14612392271.0,14612367427.0,0.0,-0.08,-13.06,-11.56
2565,920729,永顺生物,8.37,0.6,0.05,17912.0,15051669.89,2.16,8.47,8.29,8.35,8.32,1.57,2.33,56.41,3.39,2287939500.0,643025593.0,0.24,-0.12,-7.0,-3.57
2566,002111,威海广泰,10.03,0.6,0.06,50487.0,50472890.46,1.6,10.06,9.9,10.0,9.97,0.87,1.03,31.58,1.78,5336064222.0,4902171888.0,-0.1,0.0,-4.75,-4.66
2567,600157,永泰能源,1.69,0.6,0.01,5191027.0,875282912.0,1.79,1.7,1.67,1.68,1.68,0.93,2.38,139.76,0.78,36872021405.0,36872021405.0,0.0,-0.59,3.68,7.64
2568,300645,正元智慧,17.12,0.59,0.1,27326.0,46756237.0,2.17,17.23,16.86,17.02,17.02,0.96,1.96,267.28,2.35,2432863537.0,2385166001.0,0.0,0.0,-15.83,-8.6
2569,002637,赞宇科技,11.93,0.59,0.07,123847.0,146659125.95,2.19,11.99,11.73,11.79,11.86,1.01,2.8,27.92,1.49,5611883930.0,5281687180.0,0.25,0.34,9.75,16.39
2570,301258,富士莱,32.16,0.59,0.19,9134.0,29302336.36,1.81,32.33,31.75,31.85,31.97,1.01,1.03,30.13,1.54,2948107200.0,2864330400.0,-0.28,-0.31,-8.19,-1.05
2571,688049,炬芯科技,47.4,0.59,0.28,46994.0,222859300.0,1.99,47.85,46.91,47.0,47.12,1.06,2.68,40.58,4.06,8302946610.0,8302946610.0,0.06,0.11,-17.07,-9.89
2572,300533,冰川网络,25.48,0.59,0.15,55814.0,141470457.0,1.66,25.54,25.12,25.22,25.33,0.5,3.38,12.36,3.9,5974090996.0,4203529315.0,0.04,0.08,-36.62,-26.63
2573,002065,东华软件,8.5,0.59,0.05,276903.0,235235357.31,1.42,8.53,8.41,8.44,8.45,0.94,0.95,57.09,2.21,27246600188.0,24717334017.0,-0.12,0.12,-19.12,-7.1
2574,600662,外服控股,5.13,0.59,0.03,101580.0,52168135.0,1.57,5.17,5.09,5.12,5.1,1.06,0.45,16.86,2.32,11714136334.0,11678296805.0,-0.19,0.0,-25.44,2.19
2575,002568,百润股份,17.17,0.59,0.1,46066.0,78970941.02,1.99,17.32,16.98,17.03,17.07,0.95,0.6,24.42,3.79,17884678946.0,13102106282.0,-0.06,-0.06,-21.31,-21.27
2576,000679,大连友谊,6.8,0.59,0.04,62448.0,41969009.0,3.4,6.85,6.62,6.72,6.76,0.95,1.75,-24.9,15.42,2423520000.0,2423520000.0,0.0,-0.15,-7.86,-4.49
2577,603205,健尔康,25.95,0.58,0.15,6755.0,17539794.0,1.12,26.07,25.78,25.9,25.8,1.12,1.63,39.74,2.78,4048200000.0,1072773000.0,0.0,-0.08,-8.76,-9.23
2578,688681,科汇股份,19.11,0.58,0.11,28007.0,53222175.0,2.11,19.19,18.79,19.08,19.0,1.35,2.68,42.67,3.24,2000243700.0,2000243700.0,0.0,0.05,0.58,8.7
2579,301370,国科恒泰,10.49,0.58,0.06,24314.0,25426916.0,1.63,10.52,10.35,10.43,10.43,0.75,0.75,54.97,1.97,4936594000.0,3396122405.0,0.0,0.0,-13.73,-10.19
2580,600805,悦达投资,5.21,0.58,0.03,77800.0,40352686.0,1.35,5.22,5.15,5.19,5.18,0.76,0.92,120.23,1.04,4433160314.0,4429934667.0,0.0,0.0,-9.08,-4.05
2581,600530,交大昂立,5.23,0.58,0.03,87069.0,45106975.0,2.31,5.23,5.11,5.19,5.2,1.31,1.12,1713.16,12.73,4052831600.0,4052831600.0,0.0,0.38,-20.15,-18.79
2582,300860,锋尚文化,24.2,0.58,0.14,13958.0,33623834.5,2.12,24.36,23.85,23.98,24.06,1.1,1.28,396.03,1.47,4560507497.0,2647889198.0,0.08,0.12,-17.57,-9.7
2583,688458,美芯晟,36.66,0.58,0.21,15195.0,55600449.0,2.33,37.0,36.15,36.41,36.45,1.11,1.79,-284.52,2.14,4088932819.0,3118612713.0,-0.24,0.16,-11.83,-7.52
2584,002004,华邦健康,5.17,0.58,0.03,205321.0,105978310.0,1.75,5.2,5.11,5.15,5.14,0.75,1.09,12.55,1.06,10236182217.0,9727972448.0,0.0,0.0,-3.72,8.16
2585,300980,祥源新材,36.65,0.58,0.21,56688.0,205243885.07,3.16,36.75,35.6,36.32,36.44,1.14,5.76,93.35,3.59,5060089507.0,3604214069.0,-0.16,0.14,6.23,12.32
2586,002540,亚太科技,6.92,0.58,0.04,91155.0,63036615.12,1.6,6.95,6.84,6.87,6.88,1.27,1.04,54.59,1.55,8657912985.0,6048343963.0,0.14,0.0,-4.81,-2.26
2587,002563,森马服饰,5.22,0.58,0.03,95742.0,49794426.98,1.16,5.23,5.17,5.19,5.19,0.6,0.43,15.76,1.23,14063150635.0,11521024364.0,0.19,0.19,-3.15,-3.69
2588,301668,昊创瑞通,51.95,0.58,0.3,13913.0,71878392.99,1.74,52.0,51.1,51.6,51.65,0.84,5.72,54.42,5.69,5714500000.0,1263869367.0,0.02,0.02,-7.12,9.35
2589,002745,木林森,8.74,0.58,0.05,533117.0,465963488.1,3.11,8.85,8.58,8.68,8.69,1.63,5.01,46.5,0.97,12971614327.0,9305268493.0,-0.23,-0.23,-9.43,-8.67
2590,920396,常辅股份,31.39,0.58,0.18,19805.0,62559720.81,3.11,31.98,31.01,31.15,31.21,1.36,3.86,55.49,6.24,2267021459.0,1610581757.0,0.0,-0.03,-17.81,-4.04
2591,003011,海象新材,24.09,0.58,0.14,21514.0,51647018.8,4.38,24.55,23.5,23.81,23.95,0.64,2.76,20.52,1.75,2473464840.0,1881158373.0,-0.04,0.33,7.98,9.3
2592,600682,南京新百,7.11,0.57,0.04,166710.0,117033485.0,2.97,7.13,6.92,7.06,7.07,0.98,1.43,33.77,0.54,9563890091.0,8276468555.0,-0.14,0.14,-18.84,-18.65
2593,002632,道明光学,12.27,0.57,0.07,101665.0,124001428.0,2.21,12.32,12.05,12.21,12.2,1.0,1.77,34.58,3.51,7663830834.0,7048204087.0,-0.08,0.0,-6.12,-1.45
2594,600653,申华控股,1.76,0.57,0.01,118635.0,20782339.0,1.14,1.76,1.74,1.75,1.75,0.65,0.61,-28.85,4.69,3425629358.0,3425629358.0,0.57,0.57,-8.81,-7.37
2595,603022,新通联,10.54,0.57,0.06,35256.0,37070129.0,2.39,10.59,10.34,10.45,10.48,0.82,1.76,43.21,2.57,2108000000.0,2108000000.0,0.09,0.09,-3.39,2.63
2596,002573,清新环境,3.53,0.57,0.02,63352.0,22275118.0,1.42,3.54,3.49,3.52,3.51,0.58,0.45,191.89,0.84,4995892789.0,4986998601.0,0.0,0.0,-7.59,-5.61
2597,600272,开开实业,12.34,0.57,0.07,18695.0,22988892.0,1.14,12.37,12.23,12.34,12.27,0.54,1.17,250.52,4.17,3241125001.0,1974400000.0,0.0,0.0,-14.07,-9.46
2598,300726,宏达电子,45.94,0.57,0.26,62427.0,288131956.2,2.96,46.74,45.39,45.53,45.68,1.19,2.91,43.36,3.76,18919922479.0,9851301153.0,-0.02,-0.13,-9.71,-9.76
2599,601992,金隅集团,1.75,0.57,0.01,467227.0,81110598.0,1.72,1.75,1.72,1.74,1.74,0.75,0.56,-18.51,0.46,18686099485.0,14584776962.0,0.57,0.57,-17.06,4.79
2600,300240,飞力达,7.07,0.57,0.04,60632.0,42756729.03,1.56,7.11,7.0,7.03,7.03,0.94,1.67,270.03,1.84,2626950057.0,2568903228.0,0.0,0.0,-9.36,-6.23
2601,300374,中铁装配,14.13,0.57,0.08,23728.0,33396949.8,1.57,14.16,13.94,14.05,14.05,0.79,0.97,-28.75,4.67,3474741322.0,3474333106.0,0.07,0.07,-13.47,-9.83
2602,001391,国货航,5.32,0.57,0.03,110193.0,58424026.95,0.76,5.32,5.28,5.29,5.29,0.76,0.73,25.13,2.42,64951248117.0,8082963386.0,0.19,0.19,-10.59,-10.14
2603,300248,新开普,10.55,0.57,0.06,66850.0,70632363.06,2.1,10.64,10.42,10.47,10.49,1.06,1.63,-900.57,2.37,5025475546.0,4316143300.0,0.0,0.09,-28.33,-14.99
2604,002948,青岛银行,5.29,0.57,0.03,303339.0,159659986.53,1.52,5.3,5.22,5.26,5.26,0.95,0.97,5.94,0.76,30789676490.0,16465132496.0,0.0,0.0,22.17,18.08
2605,301309,万得凯,35.4,0.57,0.2,35985.0,127209411.45,3.15,35.92,34.81,35.0,35.2,0.73,5.94,31.93,2.2,3558917760.0,2144563860.0,-0.2,-0.03,20.08,26.34
2606,002126,银轮股份,49.36,0.57,0.28,232277.0,1158139905.6,5.99,51.13,48.19,48.89,49.08,0.85,2.92,43.67,5.73,41798329105.0,39202454029.0,0.0,0.12,22.33,30.58
2607,600983,惠而浦,10.65,0.57,0.06,73704.0,78102321.0,1.89,10.71,10.51,10.52,10.59,0.54,0.96,15.71,2.74,8162575350.0,8162575350.0,0.28,0.38,-0.37,11.4
2608,002666,德联集团,5.42,0.56,0.03,113419.0,60998269.8,1.86,5.43,5.33,5.4,5.39,1.27,2.27,40.02,1.18,4270956211.0,2713621649.0,0.0,0.0,-0.91,-1.63
2609,301303,真兰仪表,16.05,0.56,0.09,29090.0,46575479.02,1.32,16.1,15.89,15.98,15.96,0.72,2.86,19.69,1.95,6561240000.0,1632843781.0,0.19,0.19,3.15,6.01
2610,600621,华鑫股份,14.26,0.56,0.08,115462.0,165183976.0,2.05,14.48,14.19,14.35,14.18,1.1,1.09,23.8,1.64,15128423904.0,15128423904.0,-0.07,0.0,-10.54,-6.43
2611,600732,爱旭股份,16.07,0.56,0.09,439313.0,713174951.0,3.75,16.54,15.94,15.98,15.98,0.88,2.09,-47.94,5.26,34024206263.0,33738333497.0,-0.06,-0.19,18.51,19.93
2612,603214,爱婴室,16.05,0.56,0.09,23829.0,38108422.0,2.07,16.09,15.76,15.96,15.96,0.74,1.72,27.3,1.88,2223567578.0,2223567578.0,-0.06,0.0,-10.29,-6.47
2613,600390,五矿资本,5.36,0.56,0.03,286640.0,153725496.0,2.44,5.43,5.3,5.31,5.33,1.31,0.64,55.34,0.57,24109630860.0,24109630860.0,-0.19,-0.19,-9.0,-3.42
2614,301618,长联科技,48.85,0.56,0.27,3435.0,16760450.16,1.01,49.0,48.51,48.66,48.58,0.98,1.04,97.83,4.67,4407044761.0,1619588044.0,-0.06,-0.04,-12.3,2.11
2615,002786,银宝山新,7.24,0.56,0.04,43582.0,31414040.0,1.39,7.24,7.14,7.17,7.2,0.89,0.88,-239.87,15.63,3588230880.0,3577370880.0,0.14,0.14,-17.82,-15.81
2616,301166,优宁维,30.69,0.56,0.17,9617.0,29402914.74,1.57,30.73,30.25,30.62,30.52,0.78,1.69,-132.29,1.31,2659800041.0,1746833921.0,0.0,0.07,-5.83,3.4
2617,600489,中金黄金,27.05,0.56,0.15,491915.0,1340380706.0,2.64,27.64,26.93,26.93,26.9,0.93,1.01,26.73,4.49,131119804856.0,131119804856.0,-0.07,0.07,3.24,15.8
2618,002988,豪美新材,34.29,0.56,0.19,47641.0,162248235.84,2.08,34.45,33.74,34.15,34.1,0.5,1.91,44.87,3.2,8564689698.0,8564689698.0,0.23,0.23,-13.23,-6.82
2619,603701,德宏股份,25.0,0.56,0.14,60211.0,151123512.0,5.03,25.55,24.3,24.88,24.86,1.18,2.3,566.36,8.14,6534047525.0,6534047525.0,-0.16,0.08,22.25,24.01
2620,688408,中信博,41.23,0.56,0.23,65153.0,269342065.0,5.24,42.44,40.29,40.51,41.0,0.97,2.97,-894.03,2.2,9032086480.0,9032086480.0,-0.27,-0.22,-9.92,-2.09
2621,688570,天玛智控,17.92,0.56,0.1,4261.0,7646149.0,1.57,18.05,17.77,17.83,17.82,0.77,0.23,79.31,1.8,7759360000.0,3372544000.0,0.11,-0.17,-5.98,-2.71
2622,920819,颖泰生物,3.6,0.56,0.02,86022.0,31055870.88,2.51,3.64,3.55,3.56,3.58,1.6,0.71,-17.17,0.92,4412880000.0,4361850000.0,-0.28,0.0,-11.33,-6.98
2623,600191,华资实业,12.74,0.55,0.07,128002.0,164860923.0,6.55,13.36,12.53,13.0,12.67,2.4,2.64,104.68,3.64,6178033680.0,6178033680.0,-0.08,0.08,-0.08,-0.86
2624,002073,软控股份,7.35,0.55,0.04,204070.0,149552617.72,2.05,7.38,7.23,7.27,7.31,0.87,2.01,18.67,1.19,7526506965.0,7450269090.0,0.14,0.27,-12.4,-9.82
2625,688685,迈信林,45.35,0.55,0.25,61548.0,274855406.0,6.59,45.73,42.76,44.76,45.1,1.18,4.19,390.25,8.38,6659723098.0,6659723098.0,-0.18,-0.11,-15.23,-18.26
2626,920378,泰德股份,9.18,0.55,0.05,12685.0,11700176.46,3.29,9.34,9.04,9.15,9.13,1.65,1.14,55.65,3.6,1427728680.0,1022489184.0,0.44,0.44,-12.15,-7.83
2627,603919,金徽酒,18.14,0.55,0.1,49638.0,89899088.0,2.0,18.26,17.9,18.04,18.04,0.93,0.98,11.25,2.6,9201696346.0,9201696346.0,-0.06,0.06,-10.77,-10.29
2628,600307,酒钢宏兴,1.82,0.55,0.01,668025.0,120816975.0,1.66,1.82,1.79,1.81,1.81,0.77,1.07,-12.03,1.67,11399310512.0,11399310512.0,0.0,0.0,-0.55,10.3
2629,002831,裕同科技,36.84,0.55,0.2,132802.0,494003600.29,4.94,38.05,36.24,36.86,36.64,1.29,2.6,21.54,2.95,33911717340.0,18824990188.0,0.05,0.08,32.33,29.22
2630,300059,东方财富,20.15,0.55,0.11,2155679.0,4339531102.34,1.6,20.24,19.92,20.05,20.04,0.84,1.62,26.35,3.47,318451359151.0,268755734556.0,0.0,0.05,-16.25,-13.07
2631,600455,博通股份,25.76,0.55,0.14,13797.0,35413672.0,1.48,25.78,25.4,25.69,25.62,0.84,2.21,36.23,4.95,1608918080.0,1608918080.0,0.04,0.12,-6.12,-0.81
2632,603041,美思德,12.87,0.55,0.07,22208.0,28492849.0,1.56,12.94,12.74,12.92,12.8,0.92,1.21,39.14,1.57,2357110796.0,2357110796.0,0.31,-0.08,2.8,6.8
2633,688393,安必平,23.73,0.55,0.13,9836.0,23240374.0,2.5,23.9,23.31,23.51,23.6,0.82,1.05,-49.37,1.87,2220361497.0,2220361497.0,0.0,0.3,-25.75,0.17
2634,688016,心脉医疗,99.23,0.55,0.54,13119.0,129755901.0,1.42,99.49,98.09,98.49,98.69,0.69,1.06,21.71,3.0,12231299870.0,12231299870.0,0.08,0.2,0.17,8.26
2635,603308,应流股份,71.49,0.55,0.39,187295.0,1325650685.0,4.75,71.96,68.58,70.87,71.1,0.84,2.76,123.88,9.89,48544673332.0,48544673332.0,-0.01,0.13,47.58,71.23
2636,603986,兆易创新,290.54,0.55,1.58,325643.0,9489709816.0,3.06,295.96,287.12,293.0,288.96,0.78,4.88,123.6,10.21,203698306114.0,194035624124.0,-0.01,0.03,13.96,35.61
2637,002691,冀凯股份,7.33,0.55,0.04,38877.0,28372132.0,1.65,7.35,7.23,7.27,7.29,1.06,1.16,-40.77,2.94,2492200000.0,2462735636.0,0.0,-0.14,-16.42,-19.01
2638,688506,百利天恒,300.01,0.54,1.62,15466.0,463587379.0,3.26,305.0,295.28,298.0,298.39,0.7,0.37,-117.89,18.7,123866273838.0,123866273838.0,-0.08,-0.17,-5.66,-7.15
2639,301589,诺瓦星云,174.3,0.54,0.93,5245.0,91813820.79,2.42,177.0,172.8,172.93,173.37,0.8,1.52,27.14,4.21,16113686400.0,6007242528.0,0.0,0.05,-9.14,5.93
2640,301584,建发致新,28.14,0.54,0.15,35279.0,98477106.44,2.04,28.19,27.62,27.95,27.99,0.66,6.57,45.47,5.47,11855058643.0,1511519980.0,-0.18,0.25,-10.58,-3.7
2641,600135,乐凯胶片,11.19,0.54,0.06,282775.0,315482407.0,2.34,11.28,11.02,11.2,11.13,1.06,5.11,-62.71,2.6,6191506438.0,6191506438.0,0.0,0.09,-1.32,8.43
2642,603948,建业股份,27.75,0.54,0.15,11188.0,30934513.0,1.63,27.76,27.31,27.6,27.6,1.0,0.69,19.25,2.15,4509074384.0,4509074384.0,0.04,0.04,-1.0,1.65
2643,002209,达 意 隆,16.77,0.54,0.09,98472.0,164179670.99,2.88,16.94,16.46,16.84,16.68,1.42,6.3,27.42,3.97,3337717169.0,2621367719.0,0.12,0.24,-1.35,4.03
2644,300086,康芝药业,7.41,0.54,0.04,170457.0,125729143.0,2.17,7.45,7.29,7.3,7.37,0.46,3.87,-26.18,3.21,3372471886.0,3265457488.0,0.14,0.0,-29.7,-38.4
2645,000566,海南海药,5.54,0.54,0.03,279154.0,152510818.46,2.54,5.55,5.41,5.51,5.51,0.84,2.15,-16.72,87.89,7187402798.0,7183915407.0,0.18,0.54,-18.65,-22.52
2646,600326,西藏天路,9.34,0.54,0.05,145142.0,135007649.0,1.29,9.35,9.23,9.28,9.29,0.81,1.07,-223.92,3.22,12725417711.0,12725417711.0,0.0,0.11,-14.47,-15.32
2647,002237,恒邦股份,16.91,0.54,0.09,440215.0,742730062.79,2.97,17.15,16.65,16.76,16.82,1.0,3.69,37.92,1.82,24180799599.0,20162740095.0,-0.06,-0.12,13.11,26.01
2648,603488,展鹏科技,11.26,0.54,0.06,63441.0,71366354.0,2.23,11.37,11.12,11.17,11.2,0.58,2.17,-45.35,3.64,3287812354.0,3287812354.0,0.09,0.0,-0.79,44.36
2649,688577,浙海德曼,69.17,0.54,0.37,12146.0,84225598.0,3.43,70.41,68.05,69.9,68.8,1.4,1.09,162.31,7.58,7697218855.0,7697218855.0,-0.04,0.01,-21.62,-28.59
2650,688317,之江生物,20.35,0.54,0.11,16658.0,33717840.0,1.73,20.41,20.06,20.25,20.24,0.52,0.87,-113.99,1.17,3910415280.0,3910415280.0,0.1,0.05,-2.63,0.89
2651,300057,万顺新材,7.39,0.54,0.04,617696.0,460159229.7,7.62,7.8,7.24,7.24,7.35,0.74,8.44,-57.59,1.28,6686188342.0,5410707782.0,0.14,0.14,25.47,29.88
2652,603508,思维列控,24.61,0.53,0.13,29636.0,72966662.0,1.31,24.73,24.41,24.46,24.48,0.62,0.78,16.87,2.34,9383162418.0,9383162418.0,0.0,0.04,-9.99,-11.54
2653,603839,安正时尚,7.52,0.53,0.04,26014.0,19471924.0,1.47,7.53,7.42,7.47,7.48,1.18,0.67,-199.06,1.61,2910361824.0,2910361824.0,0.0,0.13,-8.52,-7.96
2654,002351,漫步者,11.4,0.53,0.06,40560.0,46290775.5,1.5,11.46,11.29,11.35,11.34,0.97,0.78,23.52,3.4,10135819800.0,5940047235.0,-0.09,0.0,-10.87,-5.47
2655,688189,南新制药,7.57,0.53,0.04,41725.0,31466272.0,1.73,7.6,7.47,7.56,7.53,0.64,1.52,-15.13,2.65,2077208000.0,2077208000.0,-0.13,0.0,-13.78,-5.02
2656,603956,威派格,5.74,0.53,0.03,53501.0,30649431.0,2.45,5.78,5.64,5.67,5.71,0.86,0.94,-33.31,1.65,3271262082.0,3271262082.0,-0.17,-0.17,-17.41,-11.15
2657,000906,浙商中拓,5.7,0.53,0.03,46981.0,26812878.0,1.23,5.74,5.67,5.71,5.67,1.01,0.67,15.97,0.85,4045080120.0,3997066655.0,0.0,-0.18,-4.84,-3.72
2658,000564,供销大集,1.91,0.53,0.01,1549814.0,294100102.31,1.58,1.91,1.88,1.89,1.9,0.87,1.03,357.52,2.19,34490901006.0,28831219893.0,0.0,0.0,-21.72,-23.6
2659,600997,开滦股份,5.69,0.53,0.03,104712.0,59291397.0,2.3,5.73,5.6,5.67,5.66,0.95,0.66,-279.07,0.66,9034581152.0,9034581152.0,-0.18,0.0,-3.89,-1.04
2660,603181,皇马科技,15.1,0.53,0.08,35158.0,53156475.0,1.6,15.24,15.0,15.02,15.02,1.05,0.6,19.76,2.66,8889370000.0,8889370000.0,0.07,0.13,-6.73,5.67
2661,605009,豪悦护理,28.67,0.53,0.15,10397.0,29859273.0,2.14,28.94,28.33,28.36,28.52,1.23,0.48,22.74,1.82,6165941073.0,6165138313.0,-0.31,-0.1,-11.51,-7.22
2662,688019,安集科技,246.29,0.53,1.29,41038.0,1004274066.0,3.31,248.6,240.5,245.03,245.0,1.32,2.35,55.0,11.81,43099369791.0,43099369791.0,-0.04,0.0,-12.73,13.02
2663,002426,胜利精密,3.78,0.53,0.02,1352932.0,510287060.18,1.86,3.81,3.74,3.75,3.76,1.08,3.98,-131.97,5.33,12861925962.0,12861827588.0,0.0,0.27,-8.47,-1.31
2664,920926,鸿智科技,15.07,0.53,0.08,10679.0,16161675.6,4.07,15.53,14.92,15.53,14.99,1.86,1.33,45.27,4.8,1331611377.0,1208348452.0,-0.2,-0.4,-16.18,-12.08
2665,920718,合肥高科,13.57,0.52,0.07,5963.0,8163381.68,3.56,13.86,13.38,13.51,13.5,1.44,1.38,31.54,2.11,1230347119.0,585004627.0,-0.37,-0.15,-14.44,-10.31
2666,300802,矩子科技,19.37,0.52,0.1,29725.0,57702434.0,1.76,19.58,19.24,19.41,19.27,0.97,1.53,50.04,3.79,5502595799.0,3771664397.0,0.0,0.0,-4.68,1.2
2667,603043,广州酒家,15.41,0.52,0.08,24874.0,38419540.0,1.44,15.52,15.3,15.35,15.33,0.97,0.44,17.96,2.23,8764758105.0,8690558955.0,-0.19,-0.06,-12.59,-12.59
2668,300663,科蓝软件,13.44,0.52,0.07,108327.0,145062523.86,2.02,13.55,13.28,13.39,13.37,1.24,2.36,-457.03,8.5,6430387313.0,6177791935.0,0.0,0.15,-30.54,-23.81
2669,603275,众辰科技,47.9,0.52,0.25,16527.0,79669557.0,2.37,48.8,47.67,47.67,47.65,0.63,3.98,38.15,2.44,7126171663.0,1989572628.0,0.0,-0.08,0.95,5.09
2670,600037,歌华有线,7.73,0.52,0.04,121258.0,94212937.0,2.34,7.84,7.66,7.69,7.69,0.85,0.87,313.54,0.85,10758443043.0,10758443043.0,0.0,0.0,-4.57,5.89
2671,002093,国脉科技,9.75,0.52,0.05,102977.0,100426259.01,1.86,9.83,9.65,9.7,9.7,1.21,1.02,37.6,2.56,9823125000.0,9823125000.0,-0.1,0.0,-20.34,-15.22
2672,000528,柳    工,9.59,0.52,0.05,255932.0,244112992.65,1.78,9.6,9.43,9.54,9.54,1.19,1.26,10.05,1.07,19532545614.0,19505400553.0,0.0,0.1,-16.68,-19.21
2673,920058,华洋赛车,29.0,0.52,0.15,6854.0,19942420.6,3.43,29.49,28.5,28.8,28.85,1.2,2.48,32.41,4.68,1625627190.0,800237252.0,0.0,0.03,-14.76,-16.62
2674,301111,粤万年青,19.21,0.52,0.1,35494.0,67771222.48,1.78,19.22,18.88,19.03,19.11,0.49,2.22,-283.56,4.11,3073600000.0,3073600000.0,-0.05,0.1,-13.7,0.95
2675,300141,和顺电气,13.63,0.52,0.07,68130.0,92553257.0,2.73,13.68,13.31,13.53,13.56,0.95,2.67,-138.74,5.31,3514421898.0,3472089299.0,0.07,-0.07,-21.58,8.43
2676,002758,浙农股份,9.75,0.52,0.05,61403.0,59302539.24,2.16,9.78,9.57,9.69,9.7,0.93,1.18,17.41,1.06,5058324365.0,5052501909.0,0.0,-0.2,-4.51,-3.18
2677,688395,正弦电气,26.9,0.52,0.14,9038.0,24104877.0,2.32,26.92,26.3,26.66,26.76,0.96,1.04,57.57,2.98,2329478668.0,2329478668.0,-0.07,0.11,6.45,10.61
2678,002873,新天药业,9.68,0.52,0.05,78759.0,75608651.12,2.08,9.7,9.5,9.66,9.63,0.45,3.29,259.34,1.88,2362924842.0,2320204505.0,0.1,0.0,-5.56,-2.42
2679,601965,中国汽研,17.44,0.52,0.09,49825.0,86815697.0,2.19,17.55,17.17,17.33,17.35,0.81,0.5,16.5,2.23,17493277229.0,17412195879.0,-0.06,-0.11,1.4,5.06
2680,600626,申达股份,3.92,0.51,0.02,101430.0,39677477.0,1.54,3.94,3.88,3.91,3.9,0.99,0.92,-152.83,1.61,5177319095.0,4343276543.0,0.0,0.0,-22.83,-18.84
2681,600379,宝光股份,11.91,0.51,0.06,62155.0,73490583.0,1.69,11.92,11.72,11.87,11.85,0.5,1.88,106.61,4.99,3932700627.0,3932700627.0,0.0,0.08,-5.1,2.14
2682,300277,汽轮科技,19.53,0.51,0.1,261777.0,508469872.23,4.99,19.84,18.87,19.3,19.43,0.7,3.41,5654.68,13.64,29619291060.0,14992833659.0,0.0,0.0,31.43,49.66
2683,300950,德固特,21.82,0.51,0.11,17948.0,39134359.34,2.12,21.98,21.52,21.81,21.71,1.11,1.97,34.66,4.2,3339943760.0,1984807751.0,0.0,0.0,-9.57,-4.55
2684,301429,森泰股份,19.88,0.51,0.1,10090.0,20010472.0,2.63,20.02,19.5,19.8,19.78,0.75,2.29,40.67,1.73,2350213600.0,875537724.0,0.1,-0.15,1.64,5.35
2685,603190,亚通精工,25.63,0.51,0.13,9858.0,25185248.0,1.22,25.7,25.39,25.5,25.5,0.97,2.4,23.26,1.41,3191960200.0,1053792367.0,-0.08,0.04,-9.34,-4.97
2686,002577,雷柏科技,15.71,0.51,0.08,14208.0,22264143.0,1.22,15.72,15.53,15.63,15.63,0.74,0.51,403.71,3.74,4409608480.0,4409372830.0,0.0,0.0,-16.03,-11.79
2687,002165,红 宝 丽,9.78,0.51,0.05,330483.0,322514922.62,1.95,9.82,9.63,9.7,9.73,0.88,4.54,143.97,3.52,7190939006.0,7116216471.0,0.1,0.2,22.86,29.37
2688,603982,泉峰汽车,7.86,0.51,0.04,61136.0,48080649.0,1.92,7.93,7.78,7.85,7.82,1.07,1.8,-9.35,1.24,2869913901.0,2668890887.0,0.0,0.13,-9.13,-6.09
2689,300169,天晟新材,5.94,0.51,0.03,68817.0,40851223.0,2.54,6.03,5.88,6.03,5.91,1.01,2.28,-17.47,-63.24,1936346980.0,1792310545.0,0.0,0.17,-9.04,-4.96
2690,000766,通化金马,23.77,0.51,0.12,196555.0,467340667.24,2.96,24.08,23.38,23.56,23.65,0.83,2.03,690.22,9.98,22973579185.0,22962002577.0,0.04,0.04,-11.01,-13.53
2691,002852,道道全,9.77,0.51,0.05,46285.0,45028604.68,1.34,9.78,9.65,9.75,9.72,1.08,1.62,14.39,1.5,3360570340.0,2792275379.0,0.0,0.0,-12.22,-7.39
2692,603231,索宝蛋白,17.87,0.51,0.09,19455.0,34770466.0,3.49,18.33,17.71,17.78,17.78,0.99,1.83,17.49,1.74,3421374206.0,1898973098.0,0.0,0.0,-8.69,-2.08
2693,002029,七 匹 狼,9.85,0.51,0.05,157672.0,155730278.7,2.86,9.98,9.7,9.77,9.8,1.07,2.37,20.88,1.03,6944481839.0,6554248696.0,-0.1,-0.2,-23.23,-10.7
2694,002869,金溢科技,21.67,0.51,0.11,33309.0,71678357.0,1.81,21.69,21.3,21.55,21.56,0.79,2.11,-97.1,1.81,3833747855.0,3413420564.0,0.05,0.09,-13.25,-6.84
2695,301161,唯万密封,31.31,0.51,0.16,20389.0,63966180.0,2.18,31.7,31.02,31.12,31.15,1.26,1.7,40.38,4.08,3757200000.0,3757200000.0,-0.29,-0.06,-17.17,-17.3
2696,603800,洪田股份,47.73,0.51,0.24,106225.0,507456198.0,8.42,49.0,45.0,47.4,47.49,1.16,5.11,119.24,11.52,9927840000.0,9927840000.0,0.06,0.04,-0.75,-2.13
2697,002963,豪尔赛,15.88,0.51,0.08,82431.0,128221458.0,6.14,15.99,15.02,15.99,15.8,1.96,7.22,-68.05,1.85,2387715688.0,1813685798.0,0.0,0.38,7.3,6.72
2698,300365,恒华科技,5.92,0.51,0.03,123918.0,73306548.0,1.87,5.97,5.86,5.89,5.89,0.61,2.42,-15.54,2.19,3551144376.0,3029409733.0,0.17,0.0,-13.95,-6.33
2699,600528,中铁工业,7.92,0.51,0.04,142214.0,112452086.0,1.14,7.94,7.85,7.89,7.88,0.62,0.64,12.87,0.7,17594688577.0,17594688577.0,-0.13,-0.13,-4.46,-3.18
2700,600073,光明肉业,5.92,0.51,0.03,71163.0,41967660.0,1.19,5.93,5.86,5.89,5.89,0.8,0.76,-41.92,1.18,5551358474.0,5551358474.0,0.0,0.0,-9.76,-7.5
2701,600638,新黄浦,5.98,0.5,0.03,62585.0,36988330.0,2.52,5.98,5.83,5.95,5.95,0.82,0.93,22.07,0.87,4026912780.0,4026912780.0,0.0,0.0,-16.25,-7.57
2702,600681,百川能源,4.0,0.5,0.02,169248.0,67544393.0,0.75,4.0,3.97,3.98,3.98,0.67,1.26,21.27,1.53,5363419240.0,5359235088.0,0.0,0.0,-2.44,-7.41
2703,002760,凤形股份,22.01,0.5,0.11,26306.0,57520434.8,2.19,22.08,21.6,21.9,21.9,0.89,2.44,117.83,2.86,2376831419.0,2376831419.0,0.0,0.18,1.52,1.38
2704,300595,欧普康视,14.06,0.5,0.07,75633.0,106034747.72,1.57,14.12,13.9,13.96,13.99,1.1,1.13,26.25,2.56,12587765069.0,9399036326.0,0.07,0.14,-15.35,-4.29
2705,300706,阿石创,37.9,0.5,0.19,94226.0,357371433.1,3.9,38.58,37.11,37.15,37.71,0.97,8.29,-141.43,8.27,5810126812.0,4307581312.0,0.11,0.08,-0.08,11.7
2706,603238,诺邦股份,15.95,0.5,0.08,21495.0,34142166.0,2.14,16.07,15.73,16.02,15.87,1.12,1.21,22.13,1.96,2831268550.0,2831268550.0,0.0,-0.13,-12.79,-9.48
2707,300430,诚益通,18.18,0.5,0.09,45441.0,82461770.13,1.55,18.28,18.0,18.07,18.09,1.0,1.75,54.89,2.17,4963990751.0,4724149520.0,0.0,-0.05,-28.96,-5.41
2708,600576,祥源文旅,6.03,0.5,0.03,100951.0,60632849.0,2.0,6.06,5.94,6.02,6.0,0.7,1.53,30.53,2.14,6358927093.0,3982152200.0,0.0,0.0,-9.19,-3.37
2709,603730,岱美股份,10.04,0.5,0.05,202118.0,204561809.0,4.7,10.45,9.98,10.15,9.99,0.89,0.94,36.38,4.73,21571803018.0,21571803018.0,0.1,0.1,13.57,14.61
2710,300590,移为通信,11.99,0.5,0.06,36573.0,43859483.1,2.1,12.1,11.85,11.86,11.93,0.99,1.03,73.38,3.01,5514411281.0,4248805452.0,0.0,0.0,-10.86,-5.44
2711,300268,*ST佳沃,14.04,0.5,0.07,9205.0,12888648.0,1.86,14.1,13.84,13.89,13.97,0.74,0.69,-5.72,-2.39,2445768000.0,1877253300.0,0.0,0.21,5.41,10.03
2712,600683,京投发展,12.05,0.5,0.06,764600.0,916858863.0,10.84,12.51,11.21,12.51,11.99,3.06,10.32,-7.34,-8.25,8926370044.0,8926370044.0,-0.08,-0.25,175.11,182.2
2713,301187,欧圣电气,20.04,0.5,0.1,17195.0,34357392.18,1.35,20.09,19.82,20.06,19.94,0.63,0.67,29.38,3.37,5108867841.0,5108851308.0,0.2,-0.1,-23.25,-25.53
2714,000790,华神科技,4.04,0.5,0.02,201791.0,80667814.14,2.99,4.06,3.94,4.01,4.02,0.73,3.24,-7.86,3.52,2519826231.0,2515363041.0,-0.25,0.0,3.59,4.39
2715,600452,涪陵电力,12.01,0.5,0.06,341740.0,410817982.0,3.35,12.22,11.82,11.94,11.95,0.81,2.22,46.92,3.29,18453865265.0,18453865265.0,-0.08,-0.08,15.26,28.18
2716,600123,兰花科创,6.21,0.49,0.03,204341.0,126537353.0,1.78,6.25,6.14,6.18,6.18,0.83,1.39,652.62,0.58,9148820530.0,9148820530.0,0.0,0.0,2.64,5.08
2717,300721,怡达股份,14.25,0.49,0.07,26134.0,37046384.5,1.55,14.27,14.05,14.18,14.18,0.75,1.89,-19.61,2.08,2349066031.0,1971511283.0,0.21,0.14,3.49,11.94
2718,600895,张江高科,37.22,0.49,0.18,254974.0,948147684.0,2.11,37.52,36.74,36.82,37.04,1.15,1.65,58.45,4.22,57642225051.0,57642225051.0,0.08,0.05,-17.23,-15.22
2719,301348,蓝箭电子,24.85,0.49,0.12,132303.0,327599860.33,3.32,25.22,24.4,25.01,24.73,1.85,8.53,-168.79,4.01,5964000000.0,3855208375.0,0.04,0.16,-17.93,23.08
2720,300409,道氏技术,26.78,0.49,0.13,292430.0,780008579.22,2.14,26.97,26.4,26.68,26.65,0.75,4.25,48.64,2.58,20948626961.0,18411050944.0,-0.07,0.0,-19.87,19.08
2721,002293,罗莱生活,10.22,0.49,0.05,64227.0,65775509.76,2.56,10.39,10.13,10.22,10.17,1.15,0.78,18.79,2.13,8521870156.0,8447678965.0,0.0,0.0,6.02,-0.49
2722,300901,中胤时尚,14.45,0.49,0.07,109248.0,157202022.16,8.14,15.05,13.88,14.39,14.38,1.66,4.55,-211.14,3.58,3468000000.0,3468000000.0,0.21,0.77,-16.38,-11.51
2723,300826,测绘股份,16.57,0.49,0.08,17462.0,28847036.59,1.46,16.65,16.41,16.49,16.49,0.58,1.03,109.55,2.05,2921865946.0,2809934602.0,0.12,0.0,-1.6,-3.1
2724,000950,重药控股,6.12,0.49,0.03,538104.0,326002728.79,1.64,6.12,6.02,6.07,6.09,0.58,3.11,20.66,0.92,10576490340.0,10576490340.0,0.0,0.0,-1.77,5.7
2725,000768,中航西飞,24.79,0.49,0.12,324662.0,800316518.77,1.7,24.84,24.42,24.67,24.67,1.38,1.17,59.89,3.1,68944685470.0,68832675648.0,0.0,0.0,-13.92,-2.32
2726,603611,诺力股份,20.67,0.49,0.1,23565.0,48589680.0,1.41,20.69,20.4,20.55,20.57,1.05,0.91,12.41,1.68,5324608350.0,5324608350.0,0.1,0.05,-13.37,-15.46
2727,300607,拓斯达,26.74,0.49,0.13,81673.0,218431627.8,1.35,26.88,26.52,26.61,26.61,1.17,2.42,172.65,4.45,12754242297.0,9024732886.0,-0.04,0.04,-16.93,-18.82
2728,000659,珠海中富,4.13,0.49,0.02,400499.0,167525989.6,5.84,4.31,4.07,4.11,4.11,0.9,3.12,-74.27,31.23,5309951408.0,5309951408.0,0.0,-0.24,-0.72,1.72
2729,603679,华体科技,14.23,0.49,0.07,35604.0,50349563.0,1.62,14.24,14.01,14.16,14.16,0.75,2.0,-33.44,3.12,2528474868.0,2528474868.0,0.07,0.21,-16.34,-11.94
2730,603329,上海雅仕,10.39,0.48,0.05,16123.0,16648699.0,1.64,10.39,10.22,10.34,10.34,0.98,0.78,75.4,1.93,2598031708.0,2144319921.0,0.0,0.29,-7.81,-5.55
2731,002187,广百股份,6.27,0.48,0.03,84023.0,52235455.16,2.24,6.28,6.14,6.22,6.24,1.08,1.2,-45.7,1.11,4394609349.0,4394609349.0,0.0,0.0,-22.69,-17.17
2732,300109,新开源,18.93,0.48,0.09,136445.0,259262555.85,3.4,19.3,18.66,18.67,18.84,1.31,3.05,34.13,2.47,9150394853.0,8466548773.0,-0.05,-0.16,7.5,12.75
2733,002169,智光电气,14.61,0.48,0.07,250606.0,364882643.12,2.96,14.74,14.31,14.48,14.54,0.81,3.3,84.38,4.02,11435306813.0,11084226658.0,0.0,-0.14,30.45,26.27
2734,002334,英威腾,8.43,0.48,0.04,580436.0,490502357.15,3.58,8.58,8.28,8.28,8.39,1.05,7.9,-57.05,2.27,6935703258.0,6196151952.0,0.0,-0.12,-8.37,-6.54
2735,301613,新铝时代,47.71,0.48,0.23,13537.0,64856466.0,2.46,48.5,47.33,47.49,47.48,1.08,1.61,29.83,4.2,6862665894.0,4002928494.0,0.0,-0.19,-12.92,-7.72
2736,301167,建研设计,16.75,0.48,0.08,15649.0,26078482.6,2.04,16.8,16.46,16.66,16.67,0.64,2.21,86.48,1.97,1876000000.0,1188624739.0,0.18,0.0,-2.5,3.08
2737,603091,众鑫股份,79.8,0.48,0.38,3506.0,28090030.0,2.32,80.84,79.0,79.0,79.42,0.4,1.12,30.65,3.72,8158655681.0,2509041196.0,-0.21,-0.2,3.64,0.74
2738,603980,吉华集团,6.27,0.48,0.03,139543.0,87171619.0,2.4,6.32,6.17,6.23,6.24,0.66,2.06,220.43,1.09,4243745167.0,4243745167.0,0.16,0.16,18.53,24.4
2739,603197,保隆科技,33.53,0.48,0.16,22923.0,77033003.0,2.43,33.88,33.07,33.38,33.37,1.05,1.09,27.17,2.23,7172253997.0,7079929142.0,0.0,-0.03,-12.75,-9.35
2740,002588,史丹利,10.5,0.48,0.05,162147.0,168561027.08,2.87,10.58,10.28,10.4,10.45,1.24,1.89,11.13,1.65,12094865790.0,9015274485.0,-0.28,-0.19,5.0,5.21
2741,300664,鹏鹞环保,6.22,0.48,0.03,207837.0,129551809.0,2.75,6.33,6.16,6.22,6.19,0.8,2.76,13.06,1.07,4703914385.0,4678965965.0,0.0,0.0,9.89,16.04
2742,600903,贵州燃气,6.25,0.48,0.03,47934.0,29907728.0,0.8,6.26,6.21,6.22,6.22,0.72,0.42,122.21,2.4,7187558800.0,7187558800.0,0.0,0.0,-7.13,-5.45
2743,002041,登海种业,10.38,0.48,0.05,93350.0,97078817.0,1.36,10.48,10.34,10.41,10.33,0.88,1.06,126.88,2.52,9134400000.0,9134400000.0,-0.1,0.0,7.12,8.81
2744,301234,五洲医疗,39.4,0.48,0.19,9497.0,37350792.0,3.16,40.0,38.76,39.36,39.21,0.77,2.36,108.56,3.52,2679200000.0,1582722152.0,0.08,0.25,-5.13,-7.29
2745,001333,光华股份,24.98,0.48,0.12,33871.0,84101989.0,1.53,25.04,24.66,24.85,24.86,1.5,7.7,30.4,1.87,3197440000.0,1099120000.0,0.0,0.2,7.39,16.19
2746,920121,江天科技,37.5,0.48,0.18,3933.0,14788179.0,2.33,37.88,37.01,37.32,37.32,1.54,3.31,22.62,3.17,2477556863.0,445960275.0,-0.05,-0.08,-16.74,-18.62
2747,688203,海正生材,12.45,0.48,0.06,24720.0,30427664.0,3.07,12.47,12.09,12.39,12.39,1.02,1.22,255.78,1.71,2523341947.0,2523341947.0,-0.08,0.08,-4.08,-2.58
2748,300862,蓝盾光电,22.89,0.48,0.11,29050.0,66352344.83,2.41,23.12,22.57,22.77,22.78,0.77,1.92,-53.7,2.12,4225903777.0,3467171350.0,0.22,0.09,-13.79,0.04
2749,000510,新金路,15.1,0.47,0.07,447212.0,673761544.3,5.92,15.44,14.55,14.87,15.03,0.97,7.37,-93.57,7.93,9793008194.0,9160638737.0,0.13,0.07,4.5,30.4
2750,688113,联测科技,38.74,0.47,0.18,8332.0,32184465.0,1.3,38.83,38.33,38.75,38.56,1.11,1.29,28.01,2.54,2494761436.0,2494761436.0,0.18,-0.08,-8.37,-2.0
2751,600257,大湖股份,6.41,0.47,0.03,196091.0,126004042.0,4.08,6.6,6.34,6.38,6.38,1.01,4.07,608.99,3.84,3084730375.0,3084730375.0,-0.16,0.0,-8.03,2.07
2752,003032,*ST传智,6.41,0.47,0.03,29552.0,18839136.0,1.41,6.42,6.33,6.39,6.38,0.88,1.07,-227.27,2.06,2579688475.0,1770569463.0,0.0,0.0,-2.29,0.63
2753,301491,汉桑科技,51.19,0.47,0.24,5139.0,26250202.06,1.12,51.27,50.7,50.96,50.95,0.99,1.8,31.68,3.16,6603510000.0,1463186806.0,0.0,0.06,-12.42,-8.72
2754,605259,绿田机械,21.22,0.47,0.1,21137.0,44612545.0,2.89,21.38,20.77,21.07,21.12,1.01,1.23,13.7,2.04,3660025600.0,3660025600.0,-0.09,-0.05,-4.41,-5.18
2755,600887,伊利股份,25.51,0.47,0.12,397332.0,1010952939.0,1.14,25.57,25.28,25.35,25.39,1.0,0.63,11.61,2.87,161359950615.0,160558147183.0,-0.04,0.12,-6.28,-10.8
2756,000639,西王食品,2.15,0.47,0.01,645044.0,136343751.32,4.21,2.16,2.07,2.12,2.14,0.98,5.98,783.37,0.8,2320770404.0,2320767560.0,0.0,0.47,-33.64,-35.05
2757,301091,深城交,23.4,0.47,0.11,71266.0,166090523.79,2.75,23.58,22.94,23.2,23.29,0.7,1.35,214.87,5.21,12338352000.0,12338352000.0,-0.09,-0.26,-18.3,-12.49
2758,002888,惠威科技,19.07,0.47,0.09,17762.0,33790869.4,1.95,19.13,18.76,19.05,18.98,0.81,2.37,212.53,7.4,2815559867.0,1428781991.0,0.05,0.1,-7.87,-2.65
2759,002343,慈文传媒,6.42,0.47,0.03,95900.0,61272360.4,1.72,6.43,6.32,6.35,6.39,0.98,2.02,-168.22,3.14,3041027436.0,3041027436.0,0.16,0.16,-18.63,-10.34
2760,603049,中策橡胶,49.46,0.47,0.23,29574.0,144765374.0,2.09,49.56,48.53,49.03,49.23,1.04,3.38,8.87,1.69,43252057677.0,4325205778.0,0.04,0.14,-8.98,-11.6
2761,002901,大博医疗,43.98,0.46,0.2,15838.0,69576859.79,2.35,44.34,43.31,43.6,43.78,0.8,0.55,32.16,5.46,18208577874.0,12687191984.0,0.0,0.0,-13.56,-7.16
2762,300307,慈星股份,6.58,0.46,0.03,64352.0,42198391.57,1.22,6.58,6.5,6.54,6.55,0.95,0.82,54.09,1.64,5267643846.0,5177798276.0,0.0,0.15,-13.19,-6.93
2763,002068,黑猫股份,8.8,0.46,0.04,133815.0,117605724.0,3.08,8.91,8.64,8.68,8.76,0.7,1.82,-13.97,2.67,6471037725.0,6467818025.0,-0.23,-0.11,-1.57,-0.23
2764,603280,南方路机,34.97,0.46,0.16,10881.0,37972763.0,1.52,35.18,34.65,35.18,34.81,0.86,3.89,36.93,2.79,3790981145.0,977120095.0,0.0,0.11,-13.76,-6.5
2765,301017,漱玉平民,15.41,0.46,0.07,138108.0,211527274.73,2.02,15.46,15.15,15.31,15.34,0.71,5.34,42.95,3.15,6250395502.0,3986481197.0,0.06,0.2,-16.7,4.47
2766,002188,中天服务,6.53,0.46,0.03,111803.0,72459287.0,3.85,6.55,6.3,6.5,6.5,0.53,4.34,71.32,6.59,2135988232.0,1680580436.0,0.0,-0.15,1.87,7.4
2767,600569,安阳钢铁,2.17,0.46,0.01,168532.0,36465217.0,1.85,2.18,2.14,2.16,2.16,0.72,0.59,80.14,2.28,6233154408.0,6233154408.0,0.46,0.46,-6.47,-3.56
2768,688345,博力威,54.2,0.46,0.25,32940.0,178512687.0,4.58,55.35,52.88,53.96,53.95,0.71,3.29,98.11,4.89,5482302900.0,5420000000.0,-0.55,0.0,50.97,73.72
2769,605567,春雪食品,10.96,0.46,0.05,29232.0,31914774.0,1.65,10.98,10.8,10.82,10.91,0.87,1.46,48.54,2.01,2192000000.0,2192000000.0,0.0,0.18,-1.97,-0.36
2770,000868,安凯客车,4.36,0.46,0.02,61156.0,26664407.93,1.84,4.4,4.32,4.34,4.34,0.7,0.83,-74.15,5.1,4096284245.0,3197312992.0,0.0,0.0,-12.8,-12.45
2771,002321,华英农业,2.2,0.46,0.01,428451.0,94125380.0,3.65,2.25,2.17,2.22,2.19,0.43,2.02,-78.33,5.01,4692358156.0,4672505440.0,0.46,0.46,-7.17,-4.35
2772,300279,和晶科技,8.68,0.46,0.04,151301.0,131398969.44,1.97,8.78,8.61,8.64,8.64,0.99,3.11,48.62,4.1,4245383573.0,4226675673.0,0.0,0.12,13.91,20.22
2773,688137,近岸蛋白,50.3,0.46,0.23,10681.0,53233386.0,3.57,50.79,49.0,50.07,50.07,0.59,1.52,-46.33,1.72,3529824582.0,3529824582.0,-0.49,-0.55,4.66,25.59
2774,603366,日出东方,8.8,0.46,0.04,156046.0,136183908.0,1.71,8.8,8.65,8.75,8.76,0.79,1.92,146.28,1.72,7154823289.0,7154823289.0,0.11,0.0,-8.9,-8.43
2775,002224,三 力 士,4.35,0.46,0.02,112120.0,48606824.0,1.15,4.36,4.31,4.33,4.33,0.82,1.39,106.44,1.21,3924206009.0,3507754605.0,0.0,0.23,-3.76,-0.91
2776,002959,小熊电器,42.87,0.45,0.19,13928.0,59301410.41,1.64,42.95,42.25,42.61,42.68,0.89,0.93,17.02,2.25,6680583088.0,6452727881.0,0.0,0.0,-2.57,1.52
2777,000001,平安银行,11.06,0.45,0.05,630034.0,695097193.51,1.0,11.07,10.96,11.01,11.01,1.12,0.32,5.03,0.48,214629455270.0,214625943222.0,0.09,0.09,-2.21,-3.07
2778,301078,孩子王,8.91,0.45,0.04,204312.0,181080601.35,1.47,8.92,8.79,8.87,8.87,0.7,1.63,37.75,2.64,11237315309.0,11182474749.0,0.0,-0.11,-22.59,-14.08
2779,000875,电投绿能,6.77,0.45,0.03,471492.0,318360377.81,1.34,6.79,6.7,6.75,6.74,0.91,1.41,22.39,1.4,24556622138.0,22627908315.0,-0.15,0.0,-0.44,20.04
2780,002919,名臣健康,19.97,0.45,0.09,27829.0,55597449.33,2.11,20.18,19.76,19.99,19.88,0.76,1.05,93.82,6.48,5322525538.0,5279831755.0,0.0,-0.05,-22.36,-13.14
2781,688678,福立旺,31.34,0.45,0.14,402899.0,1286468210.0,7.5,33.15,30.81,31.5,31.2,1.91,13.99,163.44,4.43,9023826958.0,9023826958.0,0.0,0.06,29.4,29.61
2782,600475,华光环能,17.89,0.45,0.08,136256.0,242101508.0,3.93,18.18,17.48,17.8,17.81,1.16,1.45,37.25,1.97,17102226892.0,16868225692.0,-0.06,0.06,-24.83,-1.54
2783,600780,通宝能源,6.66,0.45,0.03,223206.0,148086462.0,1.66,6.68,6.57,6.6,6.63,0.94,1.95,11.77,0.93,7635706803.0,7635706803.0,-0.15,-0.15,13.46,17.25
2784,001331,胜通能源,51.19,0.45,0.23,29385.0,149820903.49,2.37,51.41,50.2,50.67,50.96,0.43,1.75,244.08,9.54,14447865600.0,8593556008.0,0.06,0.04,-2.37,10.54
2785,600577,精达股份,13.31,0.45,0.06,597984.0,790771747.0,2.49,13.35,13.02,13.14,13.25,0.99,2.78,47.79,4.69,28631061686.0,28631061686.0,-0.08,0.08,-10.43,7.08
2786,688728,格科微,13.51,0.45,0.06,130914.0,177137786.0,1.86,13.63,13.38,13.4,13.45,1.18,0.52,697.48,4.47,35133925871.0,33759965707.0,0.0,0.0,-15.83,-9.57
2787,301036,双乐股份,28.8,0.45,0.13,10479.0,30064222.0,1.81,28.91,28.39,28.63,28.67,1.06,1.49,43.67,1.74,2880000000.0,2028488688.0,0.17,0.17,-19.26,-16.28
2788,603628,清源股份,13.3,0.45,0.06,54833.0,72732854.0,0.98,13.32,13.19,13.23,13.24,0.72,2.01,27.45,2.71,3632287868.0,3619882958.0,0.08,0.0,-0.89,-1.48
2789,603170,宝立食品,13.26,0.45,0.06,18366.0,24361252.0,1.97,13.37,13.11,13.17,13.2,0.67,0.46,20.73,3.76,5304132600.0,5304132600.0,0.08,0.08,-11.89,-7.14
2790,920429,康比特,13.42,0.45,0.06,18308.0,24659720.4,4.34,13.69,13.11,13.3,13.36,1.42,1.61,42.84,1.94,1670467920.0,1523175247.0,0.0,0.0,-19.16,-12.0
2791,603137,恒尚节能,13.46,0.45,0.06,16720.0,22470777.0,1.19,13.49,13.33,13.48,13.4,0.89,0.91,39.23,1.98,2462282676.0,2462282676.0,-0.07,0.0,-5.48,-2.04
2792,002144,宏达高科,15.55,0.45,0.07,55482.0,84718779.52,4.01,15.55,14.93,15.42,15.48,1.45,4.03,63.56,1.29,2748657310.0,2140485117.0,0.13,0.26,21.29,22.54
2793,300568,星源材质,15.74,0.45,0.07,508151.0,796715144.76,2.55,15.88,15.48,15.58,15.67,0.72,4.2,582.42,2.15,21181485458.0,19022764999.0,-0.06,-0.13,2.54,3.21
2794,000410,沈阳机床,6.76,0.45,0.03,148272.0,100262213.73,2.08,6.81,6.67,6.7,6.73,1.17,0.88,11726.28,3.78,17907733541.0,11362991781.0,-0.15,0.15,-9.63,-5.45
2795,603999,读者传媒,6.9,0.44,0.03,80968.0,55467113.0,1.46,6.9,6.8,6.87,6.87,1.31,1.41,46.49,1.92,3974400000.0,3974400000.0,0.29,0.29,-9.33,-1.85
2796,300421,力星股份,25.24,0.44,0.11,88768.0,224275339.0,2.23,25.55,24.99,25.07,25.13,0.69,3.85,107.77,5.85,7421329416.0,5813884377.0,0.0,0.04,-22.0,-31.38
2797,002591,恒大高新,6.89,0.44,0.03,56570.0,38942253.0,2.19,6.96,6.81,6.85,6.86,0.75,2.53,-673.66,3.14,2068374445.0,1540000863.0,0.0,0.29,-3.5,-15.15
2798,000910,大亚圣象,6.91,0.44,0.03,30877.0,21293127.0,1.02,6.92,6.85,6.87,6.88,0.96,0.56,283.61,0.57,3782516725.0,3781020710.0,-0.14,0.0,-10.72,-7.37
2799,300796,贝斯美,9.12,0.44,0.04,53148.0,48100508.8,2.75,9.18,8.93,9.11,9.08,0.97,1.47,79.26,1.91,3293622993.0,3293622993.0,-0.11,0.0,2.93,4.95
2800,300780,德恩精工,24.92,0.44,0.11,119282.0,295083683.0,3.75,25.13,24.2,24.8,24.81,0.89,11.09,-84.45,3.57,3655016400.0,2679772499.0,0.0,0.12,27.01,29.25
2801,603569,长久物流,6.83,0.44,0.03,28676.0,19543688.0,1.32,6.85,6.76,6.78,6.8,0.91,0.48,63.75,1.37,4121954524.0,4121954524.0,0.0,0.0,-14.09,-10.72
2802,002811,郑中设计,13.85,0.44,0.06,39750.0,54882907.0,1.6,13.9,13.68,13.8,13.79,1.14,1.4,23.61,3.04,4265384569.0,3921111934.0,0.07,0.0,-12.4,-6.67
2803,000415,渤海租赁,4.6,0.44,0.02,586658.0,269904188.0,3.06,4.65,4.51,4.56,4.58,0.9,1.09,-15.55,0.99,28448797897.0,24807596372.0,-0.43,0.0,13.58,13.58
2804,300674,宇信科技,20.63,0.44,0.09,105001.0,216224224.42,1.07,20.69,20.47,20.49,20.54,0.93,1.49,33.63,3.18,14524697148.0,14503135910.0,-0.1,-0.1,-20.32,-14.96
2805,600925,苏能股份,4.54,0.44,0.02,69763.0,31513336.0,0.88,4.54,4.5,4.53,4.52,1.06,0.43,124.79,2.03,31275555556.0,7291460580.0,0.0,0.22,-1.09,0.0
2806,603376,大明电子,33.86,0.44,0.15,7596.0,25658953.0,0.98,33.89,33.56,33.71,33.71,0.79,2.45,52.68,9.68,13544033860.0,1050933034.0,-0.06,0.0,-14.32,-8.26
2807,605339,南侨食品,16.16,0.44,0.07,8685.0,14059666.0,2.49,16.4,16.0,16.0,16.09,1.06,0.2,168.6,2.01,6856536355.0,6856536355.0,0.12,0.19,-17.42,-17.64
2808,920122,中纺标,27.47,0.44,0.12,11185.0,30775683.12,3.73,27.86,26.84,27.15,27.35,1.66,2.99,117.65,7.46,2533890707.0,1026695041.0,0.26,0.11,-21.69,-18.02
2809,002455,百川股份,11.46,0.44,0.05,445952.0,508648078.66,1.93,11.49,11.27,11.41,11.41,0.64,6.75,1291.86,3.91,8279420250.0,7572905211.0,-0.09,0.0,62.55,59.83
2810,688538,和辉光电-U,2.29,0.44,0.01,559567.0,128241843.0,1.75,2.31,2.27,2.28,2.28,1.14,0.97,-16.06,3.95,31623612161.0,13172619810.0,0.0,0.44,-13.58,-13.91
2811,002039,黔源电力,20.96,0.43,0.09,156635.0,327626386.58,1.49,21.05,20.74,20.85,20.87,1.04,3.66,14.93,2.02,8961618321.0,8961593169.0,0.05,0.05,10.9,15.35
2812,300072,海新能科,4.69,0.43,0.02,405476.0,189002742.16,2.14,4.71,4.61,4.66,4.67,0.71,1.74,142.62,1.83,11020188216.0,10934084356.0,0.0,-0.21,-4.29,1.96
2813,603406,天富龙,35.04,0.43,0.15,10677.0,37162482.0,1.58,35.1,34.55,34.9,34.89,1.18,2.91,32.42,3.01,14016350400.0,1284655507.0,-0.03,0.0,-10.73,-13.91
2814,600063,皖维高新,7.06,0.43,0.03,347100.0,243658159.0,1.42,7.07,6.97,7.03,7.03,0.67,1.68,26.83,1.73,14607891530.0,14607891530.0,0.0,0.0,5.22,19.86
2815,688366,昊海生科,39.27,0.43,0.17,2896.0,11320910.0,1.15,39.27,38.82,39.07,39.1,0.8,0.15,35.98,1.67,9031349747.0,7620416346.0,0.33,0.36,-17.91,-10.55
2816,603167,渤海轮渡,9.26,0.43,0.04,28079.0,25967578.0,0.76,9.28,9.21,9.23,9.22,0.64,0.6,11.99,1.24,4344278098.0,4344278098.0,0.0,0.0,-0.75,-1.8
2817,300554,三超新材,23.39,0.43,0.1,26201.0,61297394.0,3.09,23.75,23.03,23.28,23.29,1.1,3.31,-16.79,5.35,2671408786.0,1850030787.0,-0.13,-0.13,-3.94,0.86
2818,001216,华瓷股份,18.82,0.43,0.08,45342.0,85033818.75,2.13,18.99,18.59,18.8,18.74,1.21,1.85,18.81,2.62,4740131294.0,4621311205.0,0.0,0.0,-0.95,9.99
2819,301439,泓淋电力,16.2,0.43,0.07,38455.0,62375439.56,1.74,16.36,16.08,16.13,16.13,1.05,2.1,33.11,2.13,6303449306.0,2968600169.0,0.06,0.19,3.32,8.65
2820,603030,全筑股份,2.34,0.43,0.01,139370.0,32509615.0,1.72,2.35,2.31,2.33,2.33,0.73,1.06,-25.68,3.48,3081624437.0,3081624437.0,-0.43,-0.43,-19.03,-20.95
2821,600572,康恩贝,4.7,0.43,0.02,1500161.0,693619505.0,3.21,4.72,4.57,4.64,4.68,0.87,5.93,15.31,1.68,11923407163.0,11891720454.0,-0.42,-0.21,3.98,5.38
2822,000661,长春高新,86.99,0.43,0.37,39451.0,340354029.76,1.72,87.0,85.51,86.4,86.62,0.96,0.99,22.85,1.54,35486485648.0,34762471270.0,0.0,0.03,-13.1,-6.01
2823,000516,国际医学,4.64,0.43,0.02,247932.0,114461017.52,1.73,4.65,4.57,4.6,4.62,0.78,1.12,-26.53,3.11,10388480934.0,10230533088.0,0.0,0.0,-16.7,8.16
2824,301600,慧翰股份,108.46,0.43,0.46,8110.0,87571327.21,2.6,109.33,106.52,108.0,108.0,0.89,2.51,62.57,9.01,11336618810.0,3498756910.0,-0.02,0.31,-20.18,-16.45
2825,688338,赛科希德,30.48,0.43,0.13,10647.0,32461658.0,2.6,31.0,30.21,30.64,30.35,0.9,1.0,37.13,1.88,3235220352.0,3235220352.0,-0.16,-0.03,10.16,17.77
2826,301393,昊帆生物,57.87,0.42,0.24,27555.0,162205059.04,5.74,60.47,57.16,57.46,57.63,0.62,6.54,54.51,2.66,6249960000.0,2436603329.0,-0.19,0.09,5.7,14.16
2827,601577,长沙银行,9.53,0.42,0.04,123936.0,118122502.0,1.16,9.57,9.46,9.48,9.49,0.93,0.31,4.38,0.55,38325407276.0,38317114946.0,0.0,0.0,2.69,-1.75
2828,002857,三晖电气,21.45,0.42,0.09,33739.0,72174805.0,4.03,21.94,21.08,21.4,21.36,1.07,2.64,-73.41,5.32,2802099300.0,2745600000.0,0.0,-0.09,-8.8,3.42
2829,688786,悦安新材,33.34,0.42,0.14,29224.0,98116367.0,3.61,34.0,32.8,33.1,33.2,1.1,2.03,54.99,6.19,4794292100.0,4794292100.0,0.12,-0.18,7.69,18.19
2830,920184,国源科技,16.65,0.42,0.07,29141.0,48893357.35,3.68,17.03,16.42,16.5,16.58,1.24,3.26,101.91,3.51,2208018255.0,1487974736.0,0.06,-0.06,-19.64,-4.97
2831,688206,概伦电子,33.6,0.42,0.14,50378.0,171304023.0,4.0,34.64,33.3,33.45,33.46,1.21,1.16,427.0,7.3,14621975861.0,14621975861.0,0.0,-0.12,-14.94,-3.53
2832,002304,洋河股份,49.95,0.42,0.21,34545.0,172149499.93,1.27,50.11,49.48,49.73,49.74,0.87,0.23,14.2,1.55,75246931446.0,75245155724.0,-0.08,-0.1,-20.65,-17.76
2833,301206,三元生物,26.39,0.42,0.11,9285.0,24473079.0,1.14,26.48,26.18,26.28,26.28,1.16,0.71,59.42,1.24,5339375223.0,3438171590.0,0.08,0.19,-3.33,0.38
2834,301185,鸥玛软件,19.07,0.42,0.08,20619.0,39233308.0,1.53,19.13,18.84,18.93,18.99,1.02,1.47,49.31,2.73,2925673632.0,2667327822.0,0.05,0.16,-12.32,-0.16
2835,600893,航发动力,49.98,0.42,0.21,300376.0,1500446822.0,3.84,50.79,48.88,49.94,49.77,1.04,1.13,210.03,3.31,133226400015.0,133202935405.0,-0.02,-0.04,21.1,24.86
2836,000690,宝新能源,4.79,0.42,0.02,628621.0,298698449.94,1.68,4.79,4.71,4.75,4.77,0.98,2.89,10.17,0.82,10422502859.0,10415702678.0,0.0,0.0,8.62,14.32
2837,002983,芯瑞达,24.76,0.41,0.1,22312.0,55140409.44,2.03,24.96,24.46,24.63,24.66,0.85,1.74,44.06,4.03,5537886521.0,3173180146.0,0.12,0.2,6.91,8.6
2838,600038,中直股份,34.2,0.41,0.14,52513.0,179536123.0,0.91,34.33,34.02,34.08,34.06,1.07,0.79,43.02,1.6,28040347885.0,22877584558.0,0.0,-0.03,-8.06,-5.34
2839,601816,京沪高铁,4.95,0.41,0.02,887343.0,438285073.0,0.81,4.96,4.92,4.93,4.93,0.82,0.18,18.39,1.17,242182112882.0,242182112882.0,0.0,0.0,-2.17,-3.88
2840,600230,沧州大化,19.48,0.41,0.08,96056.0,187844112.0,2.73,19.83,19.3,19.7,19.4,0.84,2.32,127.0,2.0,8063960572.0,8063960572.0,0.05,-0.2,29.61,27.65
2841,300266,兴源环境,2.42,0.41,0.01,116329.0,28111982.0,1.24,2.43,2.4,2.41,2.41,0.62,0.75,-49.57,110.65,3760213700.0,3757962011.0,0.0,-0.41,-7.63,-5.84
2842,600661,昂立教育,9.76,0.41,0.04,24325.0,23680373.0,1.03,9.78,9.68,9.72,9.72,0.71,0.85,45.67,20.79,2796716581.0,2796716581.0,0.0,0.0,-10.05,-4.78
2843,300218,安利股份,14.61,0.41,0.06,42214.0,61460580.42,2.2,14.7,14.38,14.53,14.55,0.72,1.95,24.14,2.02,3170180070.0,3159798116.0,0.27,0.27,-12.67,-10.09
2844,002650,ST加加,7.29,0.41,0.03,80616.0,58508537.5,3.31,7.41,7.17,7.35,7.26,0.39,0.73,-335.59,4.53,8070641077.0,8070367702.0,0.0,0.0,13.91,12.85
2845,300467,迅游科技,32.18,0.41,0.13,34897.0,111951743.32,2.78,32.49,31.6,31.86,32.05,0.74,2.07,277.63,10.24,6539133585.0,5424173077.0,-0.03,0.31,-6.94,12.13
2846,002670,国盛证券,14.68,0.41,0.06,110120.0,161660774.66,1.09,14.75,14.59,14.64,14.62,0.96,0.68,4835.41,2.51,28407042706.0,23830787307.0,0.0,0.0,-11.62,-12.83
2847,300820,英杰电气,47.03,0.41,0.19,25355.0,119560959.8,1.99,47.55,46.62,46.8,46.84,1.02,2.27,40.62,4.15,10452558966.0,5256995105.0,-0.13,0.06,-12.78,-1.92
2848,688659,元琛科技,9.96,0.4,0.04,19307.0,19150472.0,1.92,9.99,9.8,9.92,9.92,0.76,1.21,-52.78,3.1,1593600000.0,1593600000.0,0.5,0.3,-1.29,5.4
2849,300359,全通教育,4.97,0.4,0.02,54996.0,27226784.0,2.02,4.99,4.89,4.92,4.95,0.75,0.87,-42.17,5.73,3147667107.0,3147509434.0,0.2,-0.2,-15.48,-7.28
2850,301279,金道科技,29.76,0.4,0.12,14136.0,41746964.51,2.6,29.9,29.13,29.76,29.64,0.85,1.41,59.87,2.84,3861031836.0,2990551836.0,-0.1,-0.07,-13.54,-13.99
2851,300836,佰奥智能,62.57,0.4,0.25,11856.0,73851539.67,1.62,62.69,61.68,62.32,62.32,0.67,1.87,85.71,10.17,5799338618.0,3970206469.0,0.0,0.27,6.27,13.97
2852,603976,正川股份,19.9,0.4,0.08,11778.0,23274582.0,1.82,19.96,19.6,19.9,19.82,0.84,0.78,138.12,2.55,3008955600.0,3008955600.0,-0.05,-0.05,-3.12,2.95
2853,002657,中科金财,22.59,0.4,0.09,66564.0,150057846.07,1.2,22.63,22.36,22.51,22.5,0.92,1.98,-51.49,4.42,7681774567.0,7592816164.0,0.0,0.0,-31.17,-24.35
2854,688591,泰凌微,35.1,0.4,0.14,45946.0,161658165.0,2.23,35.52,34.74,34.74,34.96,0.71,2.73,254.89,3.44,8450098114.0,5912151196.0,-0.09,-0.03,-29.73,-17.53
2855,001388,信通电子,39.72,0.4,0.16,10546.0,41707315.0,1.19,39.77,39.3,39.51,39.56,1.04,3.38,65.86,4.45,6196320000.0,1239264000.0,0.03,-0.08,-10.98,-7.5
2856,603866,桃李面包,5.05,0.4,0.02,58322.0,29382251.0,0.99,5.06,5.01,5.03,5.03,0.76,0.36,20.33,1.55,8078581733.0,8078581733.0,-0.2,0.0,-5.08,-3.99
2857,300963,中洲特材,17.5,0.4,0.07,72062.0,125993298.0,1.55,17.59,17.32,17.32,17.43,0.99,2.49,111.81,7.27,8026200000.0,5064721900.0,0.11,0.06,-22.81,-15.78
2858,603536,惠发食品,9.97,0.4,0.04,36123.0,35773964.0,1.61,9.97,9.81,9.85,9.93,0.77,1.5,-34.74,6.37,2416536377.0,2398106632.0,0.2,0.1,-11.54,-10.34
2859,000156,华数传媒,7.61,0.4,0.03,82706.0,62997839.2,1.32,7.65,7.55,7.55,7.58,0.83,0.49,30.23,0.94,14100815884.0,12936055424.0,-0.26,-0.13,-12.33,0.53
2860,002212,天融信,7.52,0.4,0.03,175020.0,131497858.0,1.34,7.55,7.45,7.48,7.49,0.94,1.5,-28.25,0.95,8869493170.0,8774711496.0,-0.13,0.0,-24.5,-17.09
2861,002953,日丰股份,12.51,0.4,0.05,57276.0,71421894.58,1.69,12.55,12.34,12.41,12.46,0.64,2.69,33.18,2.94,6149661396.0,2660672787.0,0.0,-0.08,3.73,8.97
2862,688097,博众精工,65.86,0.4,0.26,117321.0,769289837.0,4.76,66.79,63.67,65.67,65.6,0.83,2.64,49.58,6.15,29416221803.0,29308277263.0,-0.08,0.12,69.92,74.46
2863,002431,棕榈股份,2.58,0.39,0.01,324538.0,82575052.0,2.33,2.58,2.52,2.57,2.57,0.49,1.8,-6.78,4.1,4650204294.0,4650204294.0,0.0,0.39,1.57,7.95
2864,603676,卫信康,10.29,0.39,0.04,23922.0,24570594.0,3.32,10.45,10.11,10.19,10.25,1.04,0.55,15.32,2.93,4477811835.0,4477811835.0,-0.39,-0.1,-7.71,-2.19
2865,603677,奇精机械,15.62,0.39,0.06,14335.0,22358345.0,1.16,15.69,15.51,15.63,15.56,1.0,0.74,62.37,2.59,3008425511.0,3008425511.0,-0.19,-0.19,-13.84,-14.08
2866,300181,佐力药业,15.63,0.39,0.06,58128.0,90934491.39,1.54,15.76,15.52,15.65,15.57,0.64,0.96,16.12,3.52,10962684046.0,9423497664.0,-0.13,-0.13,-8.49,-3.28
2867,601968,宝钢包装,5.12,0.39,0.02,88543.0,45186711.0,2.35,5.16,5.04,5.09,5.1,0.99,0.69,27.88,1.43,6531990835.0,6531990835.0,0.2,0.0,-5.88,-4.12
2868,300288,朗玛信息,12.82,0.39,0.05,37156.0,47489149.0,1.57,12.86,12.66,12.68,12.77,0.84,1.45,240.56,3.98,4332408774.0,3289219593.0,0.0,0.0,-17.93,-4.75
2869,000903,ST云动,2.55,0.39,0.01,159148.0,40443178.06,1.18,2.56,2.53,2.54,2.54,0.8,0.83,-11.87,3.71,4933853246.0,4896667202.0,0.39,0.0,-3.41,-3.04
2870,688565,力源科技,12.79,0.39,0.05,24568.0,31179788.0,3.53,12.95,12.5,12.95,12.74,0.93,1.64,198.05,3.85,1915046700.0,1915046700.0,0.63,0.79,2.57,14.3
2871,688128,中国电研,26.07,0.39,0.1,17053.0,44448817.0,1.73,26.25,25.8,25.97,25.97,0.79,0.42,19.8,2.96,10545315000.0,10545315000.0,-0.15,-0.04,-15.66,-9.57
2872,002398,垒知集团,5.11,0.39,0.02,93001.0,47359212.4,1.57,5.12,5.04,5.05,5.09,0.89,1.53,27.43,0.99,3566973572.0,3114541556.0,0.2,0.0,-12.65,-9.07
2873,605189,富春染织,17.95,0.39,0.07,100747.0,181100285.0,2.74,18.24,17.75,17.88,17.88,0.55,5.19,45.41,1.88,3483694464.0,3483694464.0,-0.28,-0.22,18.8,14.55
2874,603010,万盛股份,12.91,0.39,0.05,154100.0,197459867.0,5.37,13.26,12.57,12.88,12.86,1.08,2.63,-7.86,2.9,7552741083.0,7552741083.0,-0.15,0.0,25.1,22.72
2875,000755,山西高速,5.12,0.39,0.02,38769.0,19784837.28,1.18,5.13,5.07,5.12,5.1,0.97,0.26,14.43,1.38,7512628204.0,7512628204.0,0.0,-0.19,0.79,1.99
2876,300759,康龙化成,30.59,0.39,0.12,219517.0,673256945.1,2.56,31.08,30.3,30.46,30.47,0.6,1.55,33.78,3.61,56202506181.0,43438777473.0,-0.13,-0.03,-6.68,7.6
2877,000524,岭南控股,10.51,0.38,0.04,87967.0,91767923.0,2.01,10.52,10.31,10.4,10.47,0.65,1.31,100.54,3.08,7043892354.0,7041356722.0,0.0,0.1,-17.76,-12.34
2878,002646,天佑德酒,7.97,0.38,0.03,29527.0,23463669.39,1.13,7.98,7.89,7.92,7.94,0.85,0.62,131.29,1.33,3818490553.0,3793159103.0,-0.13,0.13,-9.23,-7.86
2879,300424,航新科技,18.62,0.38,0.07,110468.0,205674797.09,3.02,18.86,18.3,18.65,18.55,0.92,4.5,194.48,6.01,4570017035.0,4567311810.0,-0.16,-0.21,-6.71,1.69
2880,000548,湖南投资,5.23,0.38,0.02,66622.0,34634144.0,1.92,5.25,5.15,5.23,5.21,0.83,1.33,62.06,1.27,2610898692.0,2610898692.0,-0.19,0.0,-4.04,-3.86
2881,300437,清水源,16.06,0.38,0.06,98752.0,158124016.98,1.69,16.16,15.89,16.15,16.0,0.84,5.68,-81.14,2.91,3937961738.0,2790434588.0,0.06,0.12,-10.88,0.56
2882,600578,京能电力,5.32,0.38,0.02,267510.0,141731963.0,1.51,5.34,5.26,5.3,5.3,1.08,0.4,8.43,1.5,35615383800.0,35615383800.0,-0.19,-0.19,-3.8,4.31
2883,600405,动力源,5.23,0.38,0.02,99156.0,51427310.0,1.54,5.24,5.16,5.2,5.21,0.91,1.63,-15.47,15.46,3205098745.0,3190924446.0,-0.19,0.0,-7.6,0.38
2884,300869,康泰医学,13.14,0.38,0.05,32638.0,42682674.44,1.68,13.17,12.95,13.11,13.09,0.88,1.24,421.26,3.04,5279695717.0,3470782873.0,-0.08,-0.15,-17.93,-12.4
2885,300841,康华生物,59.99,0.38,0.23,16775.0,100241614.35,1.99,60.29,59.1,59.75,59.76,0.75,1.41,71.22,2.19,7795514471.0,7133897839.0,0.0,0.1,-20.54,-16.98
2886,300350,华鹏飞,5.23,0.38,0.02,125218.0,65044525.6,1.73,5.24,5.15,5.2,5.21,0.92,2.66,437.56,3.18,2939324219.0,2466287131.0,-0.19,0.0,-20.15,-17.12
2887,002701,奥瑞金,5.32,0.38,0.02,241124.0,128201751.04,1.51,5.34,5.26,5.3,5.3,0.49,0.94,13.43,1.4,13617925695.0,13605398649.0,-0.19,0.0,-9.52,-10.59
2888,600285,羚锐制药,21.16,0.38,0.08,65619.0,138824794.0,1.52,21.32,21.0,21.06,21.08,0.84,1.16,13.83,3.69,12000163684.0,11973713684.0,-0.14,-0.09,0.52,2.17
2889,603868,飞科电器,31.76,0.38,0.12,10172.0,32245289.0,1.52,31.92,31.44,31.5,31.64,0.89,0.23,22.7,4.23,13834656000.0,13834656000.0,0.0,0.0,-18.06,-26.62
2890,002681,奋达科技,5.24,0.38,0.02,212645.0,111675784.3,1.53,5.28,5.2,5.21,5.22,0.97,1.36,551.68,4.13,9403977696.0,8222947646.0,-0.19,-0.19,-24.93,-21.2
2891,603696,安记食品,15.97,0.38,0.06,42597.0,67699894.0,2.07,16.0,15.67,15.94,15.91,0.83,1.81,121.34,6.47,3756144000.0,3756144000.0,0.06,0.19,-27.77,-21.25
2892,601121,宝地矿业,7.86,0.38,0.03,118137.0,92906842.0,2.55,7.99,7.79,7.87,7.83,1.15,1.48,55.13,1.98,7736147999.0,6288000000.0,0.0,0.0,1.81,6.5
2893,603192,汇得科技,23.97,0.38,0.09,7790.0,18624057.0,1.21,24.04,23.75,23.87,23.88,0.75,0.56,39.52,2.13,4011654700.0,3341573014.0,-0.08,0.04,-8.3,-8.65
2894,002881,美格智能,40.15,0.38,0.15,42589.0,170921679.12,1.85,40.45,39.71,40.0,40.0,1.14,2.34,84.96,6.17,12125569005.0,7304303204.0,-0.02,0.0,-17.51,-9.9
2895,002177,御银股份,7.91,0.38,0.03,562018.0,442668679.46,2.03,7.95,7.79,7.84,7.88,0.67,8.33,386.26,3.53,6021023136.0,5338608997.0,0.13,0.0,-6.72,-15.94
2896,603602,纵横通信,13.37,0.38,0.05,21649.0,28905818.0,0.9,13.4,13.28,13.39,13.32,0.74,0.94,75.74,2.88,3089238695.0,3089238695.0,0.0,0.07,-18.43,-8.17
2897,001390,古麒绒材,21.82,0.37,0.08,11457.0,24870556.79,1.24,21.84,21.57,21.74,21.74,0.83,2.29,23.61,2.75,4364000000.0,1091000000.0,0.0,-0.09,-12.55,-10.79
2898,301388,欣灵电气,32.31,0.37,0.12,16950.0,54458836.0,1.55,32.39,31.89,32.2,32.19,0.8,6.2,156.46,3.38,3310081956.0,883891358.0,-0.03,0.03,-2.18,6.35
2899,600423,柳化股份,2.72,0.37,0.01,379692.0,102952305.0,3.32,2.75,2.66,2.73,2.71,0.54,4.75,232.57,3.89,2172450471.0,2172450471.0,-0.73,0.0,-25.27,-26.88
2900,300707,威唐工业,16.41,0.37,0.06,46375.0,75809512.08,1.71,16.49,16.21,16.28,16.35,1.0,3.18,66.92,2.52,2897040403.0,2392646413.0,0.0,0.18,-5.31,-0.24
2901,000603,盛达资源,41.19,0.37,0.15,216268.0,899786355.96,3.31,42.29,40.93,41.3,41.04,1.23,3.24,66.06,8.64,28419837362.0,27462046827.0,-0.05,0.02,2.49,33.04
2902,300552,万集科技,26.9,0.37,0.1,40332.0,108381097.42,1.79,27.09,26.61,26.62,26.8,0.62,2.99,-31.66,3.25,5733280713.0,3633871154.0,0.04,0.04,-27.14,-11.4
2903,300555,ST路通,13.55,0.37,0.05,39232.0,52515274.0,2.67,13.6,13.24,13.38,13.5,1.37,1.98,-56.04,5.7,2710000000.0,2682694894.0,0.0,0.22,-9.24,-7.57
2904,002583,海能达,10.89,0.37,0.04,221384.0,241370184.46,1.29,10.95,10.81,10.83,10.85,0.73,1.73,-76.82,9.5,19804765059.0,13968830655.0,0.09,0.0,-7.71,-3.8
2905,920001,纬达光电,16.34,0.37,0.06,31934.0,52685758.95,4.18,16.74,16.06,16.28,16.28,1.71,3.6,-128.05,3.51,2510742373.0,1449211267.0,-0.37,-0.49,-21.4,-16.12
2906,301212,联盛化学,27.45,0.37,0.1,7322.0,20055614.0,2.56,27.76,27.06,27.44,27.35,0.74,0.78,179.1,2.21,2964600000.0,2573437500.0,0.15,0.15,-15.33,-8.38
2907,300150,世纪瑞尔,5.45,0.37,0.02,76188.0,41358371.0,1.66,5.46,5.37,5.4,5.43,0.92,1.66,57.44,2.02,3188827989.0,2508216614.0,-0.18,0.0,-5.22,3.02
2908,603689,皖天然气,8.13,0.37,0.03,34103.0,27628106.0,0.62,8.13,8.08,8.11,8.1,0.9,0.65,13.17,1.17,4274857723.0,4255627183.0,0.12,0.25,-2.28,0.25
2909,300966,共同药业,21.78,0.37,0.08,18276.0,39870505.0,3.04,22.05,21.39,21.39,21.7,0.96,2.38,-58.06,3.24,2510822641.0,1669800051.0,0.0,-0.23,3.22,10.61
2910,601169,北京银行,5.44,0.37,0.02,666767.0,361997473.0,0.92,5.45,5.4,5.42,5.42,0.86,0.32,4.1,0.41,115017834440.0,115017834440.0,0.18,0.0,2.06,-0.73
2911,301127,武汉天源,16.15,0.37,0.06,112040.0,183058241.11,2.67,16.55,16.12,16.24,16.09,1.27,1.71,59.34,3.36,10886306680.0,10565985254.0,-0.19,-0.19,-11.8,6.32
2912,603213,镇洋发展,13.48,0.37,0.05,16477.0,22154340.0,1.27,13.53,13.36,13.38,13.43,0.9,0.37,78.79,3.16,5957787345.0,5957787345.0,0.0,0.22,-0.59,2.67
2913,603259,药明康德,99.76,0.37,0.37,373939.0,3712781299.0,1.88,100.19,98.32,99.39,99.39,0.91,1.51,15.54,3.73,297659613783.0,246734437341.0,0.09,0.22,-3.67,10.06
2914,688021,奥福科技,24.4,0.37,0.09,16232.0,39562006.0,2.22,24.6,24.06,24.22,24.31,0.75,2.12,132.87,2.14,1864494695.0,1864494695.0,0.12,0.08,22.98,32.97
2915,002407,多氟多,30.12,0.37,0.11,660288.0,1987880032.69,2.27,30.48,29.8,30.0,30.01,0.69,6.12,168.51,4.27,35855828978.0,32492472431.0,0.0,0.07,-7.09,-11.18
2916,301155,海力风电,66.97,0.37,0.25,43796.0,291865516.81,3.25,67.29,65.12,66.4,66.72,0.93,3.55,31.5,2.53,14558707282.0,8260695656.0,0.01,0.03,-22.4,-17.25
2917,301525,儒竞科技,73.92,0.37,0.27,10693.0,79028817.9,2.34,74.82,73.1,73.18,73.65,1.01,2.16,39.01,2.14,6971525891.0,3651736482.0,0.0,0.04,-15.42,-14.38
2918,301565,中仑新材,21.9,0.37,0.08,21981.0,48135146.0,1.56,22.04,21.7,21.82,21.82,1.02,1.72,98.33,3.64,8760219000.0,2803419000.0,-0.09,0.0,-13.1,-9.28
2919,301533,威马农机,32.75,0.37,0.12,4747.0,15505778.0,1.78,32.99,32.41,32.99,32.63,0.6,1.67,66.72,2.84,3219544425.0,931301925.0,-0.06,0.0,-18.57,-19.16
2920,000008,神州高铁,2.72,0.37,0.01,583545.0,157985792.39,2.21,2.74,2.68,2.69,2.71,0.86,2.15,-8.85,3.38,7388547298.0,7388327709.0,0.0,0.37,-10.53,-4.56
2921,002644,佛慈制药,8.46,0.36,0.03,38556.0,32451744.05,1.19,8.46,8.36,8.43,8.43,0.63,0.76,87.8,2.36,4320158220.0,4320158220.0,0.0,0.0,-5.37,-2.08
2922,600728,佳都科技,5.65,0.36,0.02,299084.0,169021393.0,1.42,5.68,5.6,5.61,5.63,1.07,1.4,69.3,1.53,12049185825.0,12049185825.0,-0.18,0.0,-20.98,-15.42
2923,920703,广厦环能,13.99,0.36,0.05,11143.0,15671495.92,4.02,14.26,13.7,13.99,13.94,1.32,1.46,23.27,1.87,2108628760.0,1066949407.0,0.0,0.36,-8.86,-2.91
2924,000829,天音控股,11.01,0.36,0.04,760046.0,830665842.46,5.2,11.24,10.67,10.89,10.97,2.81,7.42,-148.03,3.87,11286355822.0,11275667656.0,0.0,-0.18,1.94,0.92
2925,300146,汤臣倍健,11.13,0.36,0.04,157415.0,174893289.55,1.35,11.19,11.04,11.1,11.09,1.22,1.4,24.07,1.69,18828365355.0,12473220255.0,0.0,0.0,-10.39,-7.33
2926,920111,聚星科技,25.26,0.36,0.09,22688.0,57666793.16,2.9,25.75,25.02,25.17,25.17,1.41,3.01,10.69,3.82,3919202670.0,1901778038.0,0.08,-0.2,1.08,8.27
2927,002609,捷顺科技,8.43,0.36,0.03,66573.0,55965052.0,1.55,8.46,8.33,8.4,8.4,1.01,1.45,56.82,2.26,5424189430.0,3872743610.0,0.0,0.0,-28.62,-9.26
2928,002350,北京科锐,13.77,0.36,0.05,220687.0,302640116.0,2.77,13.9,13.52,13.7,13.72,0.84,4.16,193.2,4.52,7467902703.0,7305693756.0,0.07,0.0,54.55,69.16
2929,301153,中科江南,25.04,0.36,0.09,52665.0,131953803.4,1.4,25.15,24.8,24.93,24.95,0.87,1.59,88.29,4.78,8905839581.0,8307078794.0,-0.12,-0.12,-2.11,1.29
2930,603225,新凤鸣,16.84,0.36,0.06,244573.0,412884522.0,5.42,17.25,16.34,16.94,16.78,1.01,1.47,27.74,1.45,28248995255.0,28098309251.0,0.78,0.24,-19.58,-13.46
2931,002449,国星光电,8.25,0.36,0.03,118701.0,98187842.18,1.82,8.33,8.18,8.22,8.22,0.93,1.92,-392.69,1.35,5102436644.0,5102436644.0,0.0,-0.12,-6.78,-2.48
2932,301042,安联锐视,95.65,0.36,0.34,7956.0,75709149.78,2.28,95.87,93.7,95.8,95.31,0.49,1.21,329.79,6.34,6669060140.0,6314892103.0,-0.02,-0.07,21.24,8.69
2933,603439,三力制药,11.02,0.36,0.04,15962.0,17513684.0,1.82,11.07,10.87,11.02,10.98,0.81,0.4,41.84,3.05,4506410980.0,4450319180.0,0.0,0.09,-7.78,-5.81
2934,301270,汉仪股份,35.9,0.36,0.13,57414.0,206814702.71,3.91,36.7,35.3,35.37,35.77,1.56,6.08,242.2,3.64,3590000000.0,3392293100.0,-0.03,-0.19,-18.96,-3.96
2935,603500,祥和实业,11.19,0.36,0.04,30890.0,34476652.0,1.61,11.26,11.08,11.26,11.15,0.85,0.93,25.46,3.67,3723922853.0,3713216518.0,0.09,0.0,-10.69,-6.59
2936,600429,三元股份,5.79,0.35,0.02,90522.0,52220971.0,2.25,5.84,5.71,5.73,5.77,0.46,0.6,27.63,1.67,8697095686.0,8670857497.0,0.0,0.17,10.92,11.78
2937,688165,埃夫特-U,17.35,0.35,0.06,45300.0,78523592.0,1.27,17.42,17.2,17.3,17.29,0.87,0.87,-18.21,7.43,9052883000.0,9052883000.0,-0.12,-0.12,-24.14,-26.98
2938,600975,新五丰,5.73,0.35,0.02,153290.0,87449291.0,2.1,5.77,5.65,5.71,5.71,0.65,1.23,-407.85,2.39,7160561770.0,7160561770.0,-0.17,0.0,-3.21,-2.72
2939,002320,海峡股份,8.53,0.35,0.03,150219.0,128380001.79,2.35,8.68,8.48,8.52,8.5,1.07,0.67,110.12,4.77,19067081167.0,19067081167.0,-0.12,0.0,-20.35,-29.91
2940,920003,中诚咨询,28.33,0.35,0.1,8557.0,24254733.96,2.05,28.59,28.01,28.2,28.23,3.3,6.43,18.1,2.87,1833355722.0,377202221.0,0.0,0.11,-16.75,-13.73
2941,605566,福莱蒽特,31.85,0.35,0.11,25723.0,81739870.0,3.91,32.49,31.25,31.77,31.74,1.1,1.93,73.93,2.13,4246879000.0,4246879000.0,0.0,0.16,5.78,1.14
2942,002516,旷达科技,5.79,0.35,0.02,111988.0,65002974.0,1.56,5.84,5.75,5.77,5.77,1.13,0.77,46.24,2.25,8516155969.0,8438512069.0,0.0,0.17,-14.35,-12.14
2943,001222,源飞宠物,19.95,0.35,0.07,13700.0,27235830.94,1.71,20.04,19.7,19.89,19.88,0.8,1.28,21.93,2.67,3808255500.0,2142827505.0,0.05,0.05,-13.34,-15.68
2944,300941,创识科技,20.19,0.35,0.07,20923.0,42245029.0,0.8,20.26,20.1,20.22,20.12,0.93,1.97,202.3,3.24,4133902500.0,2145956719.0,0.0,0.05,-14.7,-14.49
2945,603348,文灿股份,20.3,0.35,0.07,23514.0,47615288.0,0.89,20.33,20.15,20.23,20.23,0.62,0.75,2031.04,1.48,6383886998.0,6383886998.0,0.0,0.05,-2.4,5.4
2946,000737,北方铜业,14.17,0.35,0.05,318747.0,452022517.33,1.63,14.28,14.05,14.14,14.12,0.84,1.67,29.37,4.05,26989831884.0,26987305727.0,-0.07,0.0,-11.16,-7.93
2947,002463,沪电股份,98.0,0.35,0.34,782441.0,7705709861.5,5.09,101.32,96.35,97.0,97.66,0.83,4.07,49.34,12.48,188587626626.0,188435427628.0,0.01,0.01,29.37,34.12
2948,600908,无锡银行,5.67,0.35,0.02,83323.0,47253086.0,0.88,5.69,5.64,5.66,5.65,0.74,0.42,5.39,0.55,12443845211.0,11336102811.0,-0.35,-0.35,-3.08,-4.38
2949,601117,中国化学,8.6,0.35,0.03,791445.0,678999474.0,1.63,8.64,8.5,8.6,8.57,0.78,1.3,8.16,0.78,52517328993.0,52357379313.0,-0.12,0.12,10.82,15.75
2950,600302,标准股份,11.32,0.35,0.04,108645.0,122256933.0,5.5,11.6,10.98,11.25,11.28,1.0,3.14,-63.88,6.6,3916830981.0,3916830981.0,-0.09,-0.18,-3.74,7.91
2951,000779,甘咨询,8.78,0.34,0.03,48355.0,42547827.82,1.71,8.86,8.71,8.75,8.75,0.71,1.04,19.41,1.04,4081202589.0,4080722235.0,0.0,0.0,1.74,6.94
2952,601686,友发集团,5.91,0.34,0.02,41117.0,24268959.0,1.02,5.94,5.88,5.92,5.89,0.89,0.28,13.01,1.28,8696843006.0,8696843006.0,-0.17,0.0,-4.52,-1.34
2953,600377,宁沪高速,11.79,0.34,0.04,52834.0,62004855.0,1.19,11.82,11.68,11.8,11.75,0.86,0.14,12.93,1.43,59395043025.0,44827737582.0,-0.08,-0.08,1.81,-2.64
2954,688656,浩欧博,137.13,0.34,0.46,3893.0,53413970.0,3.25,140.04,135.6,136.6,136.67,1.08,0.61,375.2,10.62,8704976746.0,8704976746.0,0.38,0.28,-11.1,-10.84
2955,000927,中国铁物,2.91,0.34,0.01,840012.0,242957813.82,2.07,2.92,2.86,2.87,2.9,0.61,1.39,30.57,1.81,17606529095.0,17606520191.0,0.0,0.34,10.65,11.49
2956,300494,盛天网络,11.87,0.34,0.04,84060.0,99690531.0,1.69,11.94,11.74,11.79,11.83,0.85,2.11,142.22,4.04,5822354602.0,4728391567.0,-0.34,-0.25,-15.99,-2.55
2957,000701,厦门信达,5.86,0.34,0.02,79491.0,46608653.64,1.54,5.89,5.8,5.85,5.84,0.82,1.19,442.52,-7.74,3916314801.0,3912995258.0,0.0,-0.17,-12.28,-10.81
2958,300484,蓝海华腾,17.5,0.34,0.06,30055.0,52529110.34,1.2,17.56,17.35,17.37,17.44,0.88,1.81,57.5,5.37,3625368250.0,2911170938.0,0.0,0.06,-13.11,-8.14
2959,600774,汉商集团,8.73,0.34,0.03,23796.0,20698550.0,1.26,8.74,8.63,8.71,8.7,0.65,0.81,207.15,1.54,2575632869.0,2574303945.0,0.11,0.0,-8.97,-4.49
2960,002876,三利谱,29.44,0.34,0.1,77941.0,230701783.27,3.75,30.16,29.06,29.4,29.34,0.58,5.23,108.72,2.15,5119172398.0,4384841234.0,-0.1,0.03,18.0,22.97
2961,600803,新奥股份,20.78,0.34,0.07,104308.0,217604774.0,1.83,21.08,20.7,20.71,20.71,1.07,0.34,13.74,2.61,64330414523.0,63830480971.0,-0.05,-0.05,4.74,0.1
2962,301007,德迈仕,35.35,0.34,0.12,29119.0,101634062.88,2.47,35.43,34.56,35.24,35.23,0.99,1.92,104.88,8.35,5420569000.0,5349343169.0,-0.11,0.06,-2.88,-12.76
2963,300975,商络电子,20.45,0.34,0.07,309747.0,633250138.0,2.55,20.67,20.15,20.55,20.38,0.8,6.29,74.53,6.17,14049264602.0,10062898760.0,0.1,0.0,51.15,61.15
2964,688667,菱电电控,145.71,0.34,0.49,23372.0,338441235.0,3.99,147.83,142.03,144.0,145.22,0.7,4.44,56.61,4.3,7678255039.0,7678255039.0,-0.03,0.11,88.06,106.92
2965,600088,中视传媒,14.71,0.34,0.05,31442.0,46153059.0,1.64,14.81,14.57,14.61,14.66,1.14,0.79,-325.8,4.67,5850261144.0,5850261144.0,0.07,0.07,-19.53,-9.09
2966,600082,ST海泰,2.92,0.34,0.01,451534.0,131915625.0,3.44,2.97,2.87,2.89,2.91,1.04,7.12,584.22,1.06,1886658212.0,1852259403.0,0.34,0.34,-30.81,-28.08
2967,601022,宁波远洋,8.92,0.34,0.03,82269.0,73023772.0,1.24,8.93,8.82,8.9,8.89,1.13,0.63,17.85,1.9,11673009339.0,11673009339.0,0.0,0.11,-6.5,-2.73
2968,000021,深科技,29.1,0.34,0.1,632543.0,1847003003.91,2.45,29.56,28.85,29.0,29.0,0.91,4.03,45.39,3.59,45735903074.0,45728589516.0,0.03,0.07,3.56,15.11
2969,688269,凯立新材,39.21,0.33,0.13,14950.0,58738480.0,2.69,39.8,38.75,39.21,39.08,1.21,1.14,46.47,4.85,5124903840.0,5124903840.0,0.03,-0.13,-3.92,-2.0
2970,688211,中科微至,33.19,0.33,0.11,4111.0,13586664.0,0.94,33.2,32.89,33.0,33.08,0.9,0.31,-47.46,1.26,4350972090.0,4350972090.0,0.24,0.21,2.22,7.76
2971,002239,奥特佳,3.06,0.33,0.01,532323.0,162975346.0,1.64,3.08,3.03,3.05,3.05,0.86,1.63,67.62,1.82,10154109127.0,9994425414.0,0.0,-0.33,0.99,2.68
2972,603325,博隆技术,76.67,0.33,0.25,6796.0,51983124.0,1.36,76.9,75.86,76.3,76.42,1.07,1.99,14.29,2.27,6133906680.0,2620825944.0,-0.01,-0.01,-14.24,-1.41
2973,000421,南京公用,6.03,0.33,0.02,56590.0,34052000.6,0.67,6.04,6.0,6.01,6.01,0.45,0.99,72.04,1.26,3463726876.0,3463006671.0,0.0,0.0,-14.1,-12.74
2974,300956,英力股份,15.43,0.33,0.05,29548.0,45348763.2,1.3,15.45,15.25,15.38,15.38,0.92,1.4,253.42,2.42,3324048794.0,3247280470.0,0.13,0.0,-10.81,-6.71
2975,600992,贵绳股份,12.09,0.33,0.04,35706.0,43019828.0,1.33,12.11,11.95,12.0,12.05,0.8,1.46,-36.09,2.13,2963138100.0,2963138100.0,0.0,0.08,-10.71,-10.91
2976,600930,华电新能,6.03,0.33,0.02,1030123.0,618520503.0,0.83,6.03,5.98,6.0,6.01,0.96,3.19,30.51,2.28,251537142855.0,19475776050.0,0.17,0.0,-3.83,-3.67
2977,003026,中晶科技,36.78,0.33,0.12,46640.0,171636758.21,2.07,37.14,36.38,36.5,36.66,0.79,4.87,104.96,7.24,4767386820.0,3519673575.0,0.03,-0.08,14.12,19.11
2978,301037,保立佳,15.06,0.33,0.05,14895.0,22317052.96,2.33,15.13,14.78,15.0,15.01,0.95,2.19,221.66,3.3,2093817191.0,1024046642.0,0.0,0.13,-0.59,4.58
2979,600769,祥龙电业,14.98,0.33,0.05,120076.0,178871222.0,3.62,15.1,14.56,14.88,14.93,0.85,3.2,244.79,46.74,5617158456.0,5617158456.0,0.2,0.07,14.35,24.42
2980,601336,新华保险,64.48,0.33,0.21,181089.0,1159026512.0,1.54,64.49,63.5,64.27,64.27,0.8,0.87,5.54,1.8,201148364768.0,134469128643.0,-0.02,0.03,-22.64,-7.49
2981,603355,莱克电气,27.08,0.33,0.09,20185.0,54804568.0,2.07,27.41,26.85,26.85,26.99,0.54,0.35,19.43,2.75,15527584207.0,15527584207.0,-0.04,-0.04,-23.59,-14.65
2982,600125,铁龙物流,6.08,0.33,0.02,183373.0,111318260.0,1.32,6.11,6.03,6.05,6.06,0.58,1.4,15.12,1.04,7937572994.0,7937572994.0,0.0,0.16,-3.34,-5.59
2983,002877,智能自控,9.02,0.33,0.03,58688.0,52856035.26,1.67,9.06,8.91,8.98,8.99,0.97,2.44,142.04,2.65,3209710129.0,2169442161.0,0.0,0.0,-7.39,-1.74
2984,300829,金丹科技,18.02,0.33,0.06,39202.0,70172022.48,2.06,18.04,17.67,17.95,17.96,0.77,2.48,23.25,1.69,4095497428.0,2851564647.0,0.33,0.17,3.21,8.62
2985,002891,中宠股份,41.95,0.33,0.14,113398.0,475566829.46,2.3,42.39,41.43,41.76,41.81,0.77,3.52,30.39,4.42,13503610445.0,13503610445.0,-0.02,0.0,-18.54,-18.95
2986,601665,齐鲁银行,6.16,0.33,0.02,425129.0,262234847.0,1.63,6.21,6.11,6.14,6.14,0.77,0.69,6.63,0.77,37907669954.0,37907669954.0,-0.16,-0.32,14.5,9.61
2987,000818,航锦科技,14.98,0.33,0.05,278299.0,416847064.57,2.01,15.13,14.83,14.9,14.93,0.62,4.23,488.19,4.28,9886800584.0,9860007356.0,0.07,0.07,-28.5,-22.38
2988,605296,神农集团,30.16,0.33,0.1,30375.0,90990675.0,3.59,30.6,29.52,30.41,30.06,0.71,0.59,25.72,3.03,15826894847.0,15622410047.0,0.0,0.0,5.53,2.86
2989,300405,科隆股份,6.05,0.33,0.02,57095.0,34461952.6,1.99,6.08,5.96,6.03,6.03,0.74,2.61,-44.31,4.11,1720454660.0,1323906369.0,0.0,0.0,-8.19,-5.17
2990,300622,博士眼镜,25.08,0.32,0.08,41135.0,103262236.16,1.72,25.28,24.85,25.0,25.0,0.87,2.64,48.8,6.74,5714582333.0,3906776883.0,0.0,-0.12,-30.1,-19.25
2991,300611,美力科技,27.83,0.32,0.09,68102.0,191326180.0,2.74,28.53,27.77,28.26,27.74,1.33,4.59,40.26,4.64,5874208344.0,4127271933.0,0.04,-0.07,0.11,2.09
2992,300916,朗特智能,31.38,0.32,0.1,19940.0,62647462.35,1.95,31.85,31.24,31.44,31.28,0.8,2.13,39.41,3.32,4538928940.0,2931681709.0,0.06,-0.03,-8.62,-4.27
2993,002249,大洋电机,9.47,0.32,0.03,288042.0,272548010.18,1.38,9.5,9.37,9.43,9.44,1.13,1.55,21.57,2.36,23348846609.0,17630687999.0,-0.11,0.0,-11.99,-13.12
2994,300546,雄帝科技,21.87,0.32,0.07,26234.0,57341659.6,1.19,21.95,21.69,21.89,21.8,0.65,1.96,166.51,3.63,4081656952.0,2928698852.0,0.05,0.05,-15.72,-16.49
2995,600691,潞化科技,3.12,0.32,0.01,429009.0,133447310.0,2.89,3.15,3.06,3.1,3.11,0.91,1.81,-8.98,2.35,7413063690.0,7411828170.0,0.0,0.0,-0.95,13.04
2996,002035,华帝股份,6.35,0.32,0.02,169002.0,108077006.53,2.53,6.47,6.31,6.33,6.33,0.72,2.16,11.35,1.39,5382600474.0,4965939185.0,0.0,0.16,3.25,4.1
2997,688306,均普智能,9.5,0.32,0.03,115138.0,109815703.0,2.22,9.66,9.45,9.53,9.47,1.45,0.94,954.58,6.32,11668686600.0,11668686600.0,-0.11,-0.11,-15.03,-18.1
2998,002755,奥赛康,15.91,0.32,0.05,183724.0,293625298.2,2.52,16.15,15.75,15.86,15.86,0.89,1.98,49.59,4.61,14767031184.0,14766891574.0,-0.06,0.06,-12.87,-2.57
2999,002049,紫光国微,73.12,0.32,0.23,169224.0,1234382790.41,0.91,73.31,72.65,72.89,72.89,1.06,1.99,43.23,4.58,62124820711.0,62116498778.0,0.0,0.07,-15.65,-7.22
3000,000892,欢瑞世纪,6.35,0.32,0.02,389592.0,245772419.0,2.84,6.4,6.22,6.24,6.33,1.02,5.48,-133.36,7.37,6229226004.0,4513811483.0,-0.16,0.0,-24.04,-9.03
3001,000159,国际实业,6.25,0.32,0.02,108877.0,67957681.5,1.61,6.29,6.19,6.25,6.23,0.79,2.27,79.02,1.46,3004287456.0,3004178081.0,0.16,-0.16,0.64,8.13
3002,601601,中国太保,37.46,0.32,0.12,273103.0,1021444177.0,1.1,37.58,37.17,37.23,37.34,0.91,0.4,6.74,1.19,360377990904.0,256415252904.0,-0.03,0.03,-16.61,-10.62
3003,603029,天鹅股份,18.91,0.32,0.06,17663.0,33281666.0,1.59,18.98,18.68,18.87,18.85,0.77,1.46,30.75,2.41,2294577220.0,2294577220.0,0.0,-0.05,0.42,3.67
3004,002741,光华科技,19.6,0.31,0.06,142580.0,281221810.43,2.87,19.97,19.41,19.5,19.54,0.76,3.34,55.38,4.6,9114437276.0,8356621014.0,0.0,0.05,-9.89,-2.29
3005,002374,中锐股份,3.19,0.31,0.01,285598.0,90031712.17,3.77,3.22,3.1,3.17,3.18,1.85,2.63,-13.55,5.07,3461817613.0,3461817613.0,0.31,0.31,-15.16,-11.39
3006,301199,迈赫股份,22.99,0.31,0.07,16058.0,36840377.88,1.05,23.06,22.82,22.93,22.92,1.24,2.24,32.71,2.23,4291681240.0,1648405990.0,0.13,0.13,-7.07,-1.42
3007,301103,何氏眼科,19.2,0.31,0.06,16975.0,32462420.5,2.51,19.34,18.86,19.21,19.14,0.98,1.07,41.83,1.59,3034108243.0,3034108243.0,-0.1,-0.26,-10.11,-2.14
3008,002133,广宇集团,3.25,0.31,0.01,160194.0,51811295.22,2.16,3.26,3.19,3.25,3.24,0.91,2.08,19.94,0.86,2515968569.0,2502078153.0,0.31,0.0,-5.8,-4.13
3009,920839,万通液压,35.65,0.31,0.11,17555.0,62783629.33,5.06,36.46,34.66,35.65,35.54,2.05,2.7,33.57,6.45,4214185466.0,2318857672.0,0.25,0.25,-17.32,-15.56
3010,002367,康力电梯,6.41,0.31,0.02,77142.0,49356409.93,0.78,6.42,6.37,6.39,6.39,0.9,0.97,15.49,1.41,5113548373.0,5093230436.0,0.0,-0.16,-18.03,-20.47
3011,000025,特  力Ａ,16.23,0.31,0.05,24368.0,39480038.73,1.24,16.28,16.08,16.17,16.18,0.85,0.62,42.45,3.87,6996076534.0,6374792134.0,0.0,0.06,-11.07,-7.04
3012,600114,东睦股份,31.85,0.31,0.1,141772.0,452162845.0,2.08,32.32,31.66,31.79,31.75,0.99,2.3,39.94,5.64,20109563742.0,19631813742.0,-0.09,0.0,3.27,4.26
3013,920023,田野股份,3.2,0.31,0.01,104875.0,33678101.15,4.7,3.27,3.12,3.16,3.19,1.29,3.9,88.73,0.87,1047372800.0,860187296.0,0.0,-0.62,-35.74,-32.2
3014,300006,莱美药业,6.49,0.31,0.02,666753.0,433208055.14,4.64,6.67,6.37,6.48,6.47,0.81,6.32,-50.87,3.9,6852863720.0,6852277628.0,-0.15,-0.15,28.77,26.26
3015,300896,爱美客,114.91,0.31,0.36,17542.0,201424119.9,2.28,116.21,113.6,114.04,114.55,0.84,0.86,26.93,4.58,34770853730.0,23493501871.0,0.01,0.06,-22.78,-18.92
3016,002063,远光软件,6.46,0.31,0.02,367891.0,237164206.98,1.55,6.49,6.39,6.41,6.44,0.9,2.09,40.98,3.12,12339023459.0,11393649191.0,-0.15,0.0,-3.29,6.43
3017,000068,华控赛格,3.25,0.31,0.01,72465.0,23476638.0,1.54,3.26,3.21,3.25,3.24,0.81,0.72,-31.3,5.42,3271682258.0,3271682258.0,-0.31,0.0,-3.85,-3.85
3018,300106,西部牧业,9.76,0.31,0.03,40006.0,38994286.14,1.34,9.8,9.67,9.75,9.73,0.7,1.89,-42.2,5.35,2062603346.0,2062603346.0,0.0,-0.1,-9.96,-9.21
3019,920057,百甲科技,6.37,0.31,0.02,16099.0,10370770.69,2.52,6.52,6.36,6.39,6.35,1.4,1.4,122.94,1.61,1154647202.0,733000225.0,-0.62,-0.93,-8.48,-1.7
3020,301487,盟固利,22.7,0.31,0.07,117492.0,269347401.38,3.54,23.43,22.63,22.64,22.63,0.91,4.31,383.66,5.48,10433293143.0,6192423891.0,-0.09,-0.18,-2.7,3.51
3021,688519,南亚新材,148.95,0.3,0.45,67386.0,1005238474.0,3.72,151.8,146.28,150.24,148.5,0.74,2.87,145.51,12.15,34969140748.0,34969140748.0,0.1,-0.06,89.5,84.21
3022,300543,朗科智能,9.87,0.3,0.03,40969.0,40350475.88,0.91,9.9,9.81,9.89,9.84,1.06,1.64,75.44,2.06,3023885067.0,2469462235.0,0.1,0.0,-14.17,-11.24
3023,600570,恒生电子,26.71,0.3,0.08,214626.0,573987929.0,1.24,26.9,26.57,26.8,26.63,0.97,1.13,41.08,5.14,50579336531.0,50579336531.0,-0.07,-0.07,-21.99,-11.41
3024,600776,东方通信,16.79,0.3,0.05,666726.0,1118692427.0,2.03,16.96,16.62,16.95,16.74,2.15,6.97,43.41,5.58,21088241075.0,16051241075.0,0.0,0.06,-28.52,1.76
3025,603283,赛腾股份,50.82,0.3,0.15,122426.0,621850606.0,2.62,51.38,50.05,50.77,50.67,0.67,4.51,25.78,4.29,13781064357.0,13781064357.0,0.0,-0.06,13.79,17.31
3026,301015,百洋医药,26.61,0.3,0.08,244349.0,657324338.56,11.16,28.77,25.81,26.65,26.53,1.27,4.65,22.02,5.87,13986856689.0,13985060514.0,0.26,0.45,6.87,12.75
3027,000909,*ST数源,6.68,0.3,0.02,36132.0,23828963.25,2.4,6.68,6.52,6.62,6.66,0.5,0.83,-6.69,4.72,2923931157.0,2923906608.0,0.3,0.3,22.79,19.93
3028,301590,优优绿能,185.94,0.3,0.55,5076.0,94160114.61,3.12,188.79,183.01,185.6,185.39,1.0,5.9,72.93,4.05,7819358620.0,1599582505.0,0.01,0.08,-1.51,4.87
3029,300884,狄耐克,13.54,0.3,0.04,54377.0,73570162.39,1.78,13.66,13.42,13.5,13.5,1.4,2.84,-1613.33,2.72,3437302583.0,2591689856.0,0.07,0.07,-18.68,-8.51
3030,920367,新赣江,20.0,0.3,0.06,19422.0,38918664.47,3.11,20.27,19.65,19.67,19.94,0.8,4.62,97.11,2.95,1417225000.0,839851560.0,0.05,0.55,-17.36,-0.84
3031,600754,锦江酒店,27.14,0.3,0.08,93230.0,252938193.0,2.51,27.35,26.67,26.9,27.06,0.7,1.03,31.27,1.81,28939339770.0,24590035870.0,-0.04,0.04,1.84,7.4
3032,688305,科德数控,59.54,0.3,0.18,18359.0,108836239.0,2.12,59.89,58.63,59.11,59.36,1.3,1.39,89.31,4.17,7913263608.0,7872008342.0,0.02,0.03,-8.29,-3.66
3033,601900,南方传媒,13.38,0.3,0.04,89670.0,119876297.0,2.02,13.49,13.22,13.33,13.34,1.02,1.02,10.4,1.37,11800759858.0,11800759858.0,-0.15,-0.15,-13.73,-0.22
3034,603165,荣晟环保,16.77,0.3,0.05,157023.0,262624477.0,2.75,16.96,16.5,16.7,16.72,1.21,4.9,24.02,2.14,5373862281.0,5373862281.0,0.06,0.18,28.7,36.56
3035,300159,*ST新研,3.39,0.3,0.01,342907.0,116292351.28,3.25,3.46,3.35,3.4,3.38,0.91,1.87,-34.68,-10.03,11154527295.0,6209934898.0,0.0,0.0,0.0,6.6
3036,920180,爱得科技,17.1,0.29,0.05,31746.0,54645037.54,3.05,17.44,16.92,17.13,17.05,2.08,8.9,25.98,2.6,2019904087.0,609948005.0,0.12,0.29,122.95,122.95
3037,000633,合金投资,6.8,0.29,0.02,106096.0,72276791.82,2.36,6.9,6.74,6.77,6.78,1.41,2.76,430.14,13.14,2618723336.0,2618696306.0,0.0,0.0,-12.6,-5.69
3038,000532,华金资本,13.8,0.29,0.04,56337.0,77836733.0,1.16,13.88,13.72,13.86,13.76,1.04,1.64,29.1,2.92,4756975092.0,4740986495.0,0.0,-0.07,-17.51,-14.39
3039,688085,三友医疗,17.5,0.29,0.05,33020.0,57479228.0,2.52,17.64,17.2,17.3,17.45,0.66,1.04,92.2,2.77,5835593715.0,5577975025.0,0.17,0.06,-18.41,-2.89
3040,300758,七彩化学,13.98,0.29,0.04,88244.0,122862786.98,1.94,14.06,13.79,13.9,13.94,1.04,2.45,57.02,3.17,5579636535.0,5029191706.0,0.07,0.07,-30.86,10.17
3041,300741,华宝股份,17.37,0.29,0.05,47126.0,81582442.16,2.94,17.51,17.0,17.2,17.32,0.62,0.77,127.65,1.58,10697835600.0,10697777411.0,0.06,0.12,-5.39,-6.51
3042,002809,红墙股份,10.53,0.29,0.03,66139.0,69507893.25,1.24,10.57,10.44,10.53,10.5,0.87,4.29,-278.67,1.43,2362804387.0,1622651435.0,-0.09,0.0,-2.59,-1.5
3043,301246,宏源药业,24.37,0.29,0.07,144974.0,352124501.18,2.39,24.63,24.05,24.2,24.3,0.58,8.52,-6645.51,2.25,9748165716.0,4144787457.0,-0.04,-0.04,9.23,-2.52
3044,300130,新国都,23.91,0.29,0.07,101260.0,241606967.05,2.1,24.08,23.58,23.59,23.84,0.99,2.33,28.93,3.08,13564122031.0,10380799863.0,-0.13,0.04,-18.12,-13.78
3045,300203,聚光科技,13.82,0.29,0.04,52989.0,73447054.71,2.03,13.99,13.71,13.78,13.78,0.81,1.18,-26.66,2.33,6201553632.0,6196211166.0,-0.14,-0.29,-16.09,-12.86
3046,603717,天域生物,6.8,0.29,0.02,64419.0,43724663.0,1.47,6.84,6.74,6.82,6.78,0.61,2.22,-918.59,3.81,1972994432.0,1972994432.0,0.0,0.0,-12.14,-13.27
3047,688665,四方光电,48.03,0.29,0.14,7629.0,36654766.0,2.21,48.59,47.53,47.99,47.89,0.94,0.75,36.69,4.19,4860268138.0,4860268138.0,-0.02,0.02,-5.3,-1.52
3048,002569,*ST步森,13.89,0.29,0.04,31620.0,44359893.0,3.75,14.27,13.75,13.75,13.85,0.97,2.26,-264.83,69.33,2000298900.0,1943994743.0,-0.07,-0.07,-5.96,11.57
3049,605277,新亚电子,24.45,0.29,0.07,66674.0,162854989.0,1.6,24.57,24.18,24.3,24.38,1.12,2.1,37.46,4.9,7921502908.0,7778395444.0,0.08,0.16,2.22,11.14
3050,002298,中电鑫龙,10.43,0.29,0.03,314682.0,327317155.1,1.06,10.44,10.33,10.39,10.4,0.92,4.76,212.36,3.38,7719356697.0,6890616130.0,0.1,0.1,-13.16,-0.1
3051,600483,福能股份,10.25,0.29,0.03,226645.0,233492643.0,1.96,10.38,10.18,10.25,10.22,0.96,0.82,10.75,1.09,28496412450.0,28496412450.0,-0.19,-0.29,10.93,8.24
3052,601628,中国人寿,37.63,0.29,0.11,136841.0,513537341.0,0.96,37.71,37.35,37.52,37.52,0.88,0.07,6.9,1.79,1063600849150.0,783589433900.0,-0.03,0.11,-22.94,-17.3
3053,300768,迪普科技,17.15,0.29,0.05,57205.0,98004042.0,1.52,17.23,16.97,17.07,17.1,0.54,1.36,60.01,3.12,11041668019.0,7214451209.0,0.0,0.06,-15.43,-7.45
3054,002535,林州重机,3.46,0.29,0.01,78139.0,26994732.6,1.74,3.48,3.42,3.42,3.45,0.78,1.05,29.2,3.91,2773823436.0,2582331158.0,0.0,0.0,-10.82,-10.82
3055,301116,益客食品,10.4,0.29,0.03,22219.0,23016399.0,2.31,10.45,10.21,10.35,10.37,0.64,0.49,-12.15,3.17,4669387767.0,4669364367.0,0.0,0.1,-6.89,-4.85
3056,002365,永安药业,13.68,0.29,0.04,62230.0,85012248.23,1.54,13.77,13.56,13.64,13.64,0.81,2.54,179.22,2.03,4031256600.0,3355546229.0,0.0,-0.22,-12.14,-8.31
3057,002376,新北洋,7.16,0.28,0.02,89308.0,63916473.6,0.84,7.18,7.12,7.12,7.14,0.92,1.14,77.05,1.53,5803627794.0,5594177473.0,0.0,-0.14,-8.79,-7.25
3058,301131,聚赛龙,42.62,0.28,0.12,6913.0,29342908.0,1.41,42.69,42.09,42.6,42.5,0.74,1.77,46.43,2.41,2329712894.0,1668780858.0,0.0,0.12,-13.07,-11.7
3059,002371,北方华创,471.23,0.28,1.32,186837.0,8616839068.34,6.62,476.13,445.0,447.0,469.91,2.58,2.58,61.86,9.05,341562873638.0,341289865595.0,0.01,-0.14,-7.01,2.65
3060,301519,舜禹股份,14.38,0.28,0.04,15918.0,22760761.84,1.67,14.4,14.16,14.34,14.34,0.84,2.11,-90.18,1.67,2324424600.0,1085353925.0,0.28,0.28,1.34,7.15
3061,603559,ST通脉,7.18,0.28,0.02,20038.0,14416211.0,1.26,7.24,7.15,7.17,7.16,0.82,0.5,-33.28,3.03,2881168709.0,2881168709.0,0.0,0.14,10.63,2.72
3062,600864,哈投股份,7.14,0.28,0.02,622023.0,442434256.0,1.4,7.17,7.07,7.13,7.12,0.45,2.99,20.47,1.12,14855273513.0,14855273513.0,0.28,0.28,3.78,7.69
3063,600515,海南机场,3.64,0.28,0.01,638226.0,231202865.0,1.38,3.65,3.6,3.63,3.63,1.08,0.7,484.7,1.77,41588126951.0,33400685529.0,0.0,0.0,-20.18,-31.71
3064,300711,广哈通信,25.26,0.28,0.07,53106.0,134441891.07,1.79,25.55,25.1,25.18,25.19,1.24,2.14,73.93,7.86,7083753544.0,6275233030.0,-0.28,-0.2,-12.84,8.79
3065,688276,百克生物,17.67,0.28,0.05,17298.0,30521186.0,1.99,17.79,17.44,17.63,17.62,1.1,0.42,-26.87,1.9,7309329757.0,7309329757.0,-0.06,-0.11,-12.52,-6.31
3066,600076,康欣新材,3.52,0.28,0.01,162983.0,56910033.0,2.56,3.54,3.45,3.51,3.51,1.05,1.21,-18.74,1.24,4732792652.0,4732792652.0,0.28,0.0,-16.78,4.45
3067,001872,招商港口,21.49,0.28,0.06,17048.0,36449566.0,1.4,21.5,21.2,21.43,21.43,0.73,0.07,11.57,0.83,53335970506.0,49470017715.0,0.23,0.14,11.0,11.17
3068,002747,埃斯顿,21.43,0.28,0.06,123882.0,265814492.48,1.54,21.58,21.25,21.37,21.37,1.11,1.58,461.17,9.52,20739920848.0,16766931178.0,-0.05,0.0,-13.41,-9.58
3069,600928,西安银行,3.63,0.28,0.01,123220.0,44684079.0,0.83,3.64,3.61,3.61,3.62,0.87,0.28,5.95,0.47,16133333335.0,16056775260.0,0.0,-0.27,-1.63,-1.89
3070,920876,慧为智能,25.3,0.28,0.07,15244.0,39199218.85,4.36,26.15,25.05,25.2,25.23,1.55,3.88,245.88,6.33,1623770673.0,992980700.0,-0.12,0.08,-9.25,-0.08
3071,002510,天汽模,7.11,0.28,0.02,175085.0,124217085.0,0.99,7.12,7.05,7.06,7.09,0.86,1.74,109.6,2.86,7217636214.0,7144461786.0,0.0,0.0,-8.49,-3.0
3072,600336,澳柯玛,7.13,0.28,0.02,53015.0,37809512.0,1.41,7.16,7.06,7.11,7.11,0.82,0.66,-471.06,2.34,5689845303.0,5689845303.0,-0.14,0.0,-9.29,-13.26
3073,600182,S佳通,14.65,0.27,0.04,13865.0,20266255.0,1.3,14.72,14.53,14.66,14.61,0.58,0.82,30.7,4.42,4981000000.0,2490500000.0,-0.14,-0.14,-1.55,-1.61
3074,002788,鹭燕医药,15.13,0.27,0.04,366999.0,553526978.34,2.25,15.22,14.88,15.06,15.09,0.58,9.61,21.63,1.74,5878258216.0,5777036957.0,-0.13,-0.13,-30.82,-28.56
3075,301041,金百泽,30.06,0.27,0.08,71865.0,212551174.44,3.67,30.1,29.0,29.6,29.98,1.45,9.1,159.06,4.71,3206800800.0,2373876196.0,0.07,0.23,4.3,10.51
3076,002318,久立特材,29.42,0.27,0.08,114895.0,338620556.33,2.45,29.8,29.08,29.33,29.34,1.13,1.2,17.09,3.53,28748362582.0,28086945938.0,0.0,-0.03,-0.34,1.62
3077,603617,君禾股份,7.44,0.27,0.02,44730.0,33268842.0,1.48,7.48,7.37,7.38,7.42,0.86,1.17,70.72,1.93,2900196347.0,2854291547.0,0.27,0.0,-4.74,-1.33
3078,301151,冠龙节能,18.87,0.27,0.05,10649.0,20078415.22,0.9,18.93,18.76,18.88,18.82,1.02,0.63,86.72,1.55,3189107367.0,3186082600.0,0.0,-0.11,-3.43,0.37
3079,603768,常青股份,11.1,0.27,0.03,20178.0,22301079.0,1.72,11.13,10.94,11.0,11.07,1.07,0.85,-29.11,1.12,2641310013.0,2641310013.0,-0.09,0.0,-5.53,-4.31
3080,605337,李子园,11.04,0.27,0.03,23090.0,25373258.0,1.36,11.06,10.91,11.03,11.01,0.89,0.59,21.84,2.75,4306729690.0,4306729690.0,-0.09,-0.09,-8.15,-7.15
3081,688358,祥生医疗,29.67,0.27,0.08,13585.0,39671808.0,3.45,29.89,28.87,29.45,29.59,1.61,1.21,28.56,2.4,3326766938.0,3322316438.0,-0.67,0.2,-23.83,-0.44
3082,603018,华设集团,7.54,0.27,0.02,65456.0,49531708.0,1.46,7.64,7.53,7.58,7.52,1.01,0.96,18.8,0.96,5155824879.0,5155824879.0,-0.13,0.0,-0.26,-0.92
3083,600493,凤竹纺织,7.48,0.27,0.02,67813.0,50318893.0,2.28,7.51,7.34,7.46,7.46,1.12,2.49,129.51,1.81,2034560000.0,2034560000.0,0.0,-0.27,3.17,1.36
3084,600615,鑫源智造,11.47,0.26,0.03,35243.0,39986181.0,3.67,11.57,11.15,11.44,11.44,1.54,1.56,381.3,3.52,2587914277.0,2583801594.0,-0.17,-0.26,-5.36,2.59
3085,000503,国新健康,7.59,0.26,0.02,94079.0,71168908.0,2.77,7.67,7.46,7.57,7.57,0.94,0.96,-40.27,5.88,7432526262.0,7432076388.0,-0.13,0.0,-29.79,-14.53
3086,920974,凯大催化,7.79,0.26,0.02,24516.0,19247251.95,2.45,7.94,7.75,7.78,7.77,1.39,1.91,49.5,2.0,1276002000.0,1000639475.0,0.0,0.0,-8.35,-1.27
3087,002466,天齐锂业,66.82,0.26,0.17,578897.0,3858736637.38,3.47,67.7,65.39,66.0,66.65,0.72,3.92,246.44,2.59,114011289764.0,98599468383.0,-0.01,0.01,8.97,20.66
3088,301361,众智科技,38.65,0.26,0.1,17828.0,68717871.0,1.27,38.79,38.3,38.49,38.55,0.67,5.86,46.61,3.67,4496386400.0,1176660600.0,0.0,0.03,7.78,18.59
3089,688805,健信超导,54.11,0.26,0.14,56976.0,307398994.0,3.56,54.97,53.05,53.53,53.97,0.97,18.08,120.79,7.42,9073164800.0,1705485460.0,-0.09,-0.04,11.02,28.41
3090,301602,超研股份,19.29,0.26,0.05,13775.0,26529748.0,1.56,19.38,19.08,19.21,19.24,0.91,0.66,69.67,6.35,8262478717.0,4021953252.0,-0.1,-0.05,-19.05,-10.45
3091,000428,华天酒店,3.83,0.26,0.01,182866.0,69119080.61,4.19,3.84,3.68,3.77,3.82,0.9,1.79,-18.74,2.8,3902486580.0,3902486580.0,0.52,0.26,11.01,16.06
3092,920599,同力股份,19.3,0.26,0.05,74161.0,144479447.02,4.05,19.86,19.08,19.38,19.25,1.56,2.12,10.64,2.48,8926732500.0,6766084878.0,0.05,0.1,-8.96,-6.9
3093,002034,旺能环境,19.46,0.26,0.05,227370.0,438271480.06,8.29,19.93,18.32,19.25,19.41,1.82,5.16,11.95,1.2,8620249481.0,8578336767.0,0.05,0.05,18.88,22.39
3094,601899,紫金矿业,34.82,0.26,0.09,2256403.0,7890139009.0,1.7,35.29,34.7,34.86,34.73,0.95,1.1,17.88,5.03,925888683138.0,717354437135.0,-0.23,-0.14,-8.97,1.02
3095,002198,嘉应制药,7.86,0.26,0.02,174025.0,135852454.11,2.3,7.89,7.71,7.83,7.84,1.22,3.43,137.27,5.63,3989027405.0,3988798679.0,0.0,0.0,10.39,11.81
3096,600519,贵州茅台,1410.89,0.26,3.65,36451.0,5127146041.0,0.99,1413.94,1400.0,1403.0,1407.24,0.89,0.29,21.46,7.22,1766815523641.0,1766815523641.0,-0.08,-0.07,1.58,2.45
3097,002835,同为股份,15.72,0.26,0.04,16511.0,25922323.0,1.34,15.79,15.58,15.65,15.68,0.91,1.3,22.06,2.8,3450444595.0,2000970488.0,0.0,0.0,-7.85,-4.03
3098,001309,德明利,515.0,0.26,1.31,137146.0,7126107952.38,5.06,538.0,512.0,518.88,513.69,0.75,8.52,169.72,35.73,116825513870.0,82851106010.0,-0.06,-0.15,103.06,122.47
3099,000698,ST沈化,3.85,0.26,0.01,35832.0,13777526.0,0.78,3.86,3.83,3.84,3.84,0.57,0.46,-289.14,2.29,3155130421.0,3025000421.0,0.0,0.26,2.67,5.19
3100,601717,中创智领,19.99,0.25,0.05,110203.0,220505996.0,1.2,20.14,19.9,20.0,19.94,0.71,0.71,8.31,1.48,35690144601.0,30827892943.0,-0.05,0.0,-17.53,-18.57
3101,600630,龙头股份,8.0,0.25,0.02,32660.0,25998425.0,0.88,8.0,7.93,7.99,7.98,0.92,0.77,86.72,4.41,3398892776.0,3398892776.0,0.0,0.25,-13.04,-11.41
3102,002922,伊戈尔,39.84,0.25,0.1,182609.0,723900898.21,3.35,40.1,38.77,39.7,39.74,0.81,4.87,84.2,4.45,16860531980.0,14939282163.0,0.15,0.1,1.37,30.54
3103,301089,拓新药业,27.8,0.25,0.07,20206.0,56662509.0,3.28,28.4,27.49,27.73,27.73,0.74,2.23,-50.5,2.37,3517937100.0,2515067751.0,0.04,-0.22,-8.01,-0.71
3104,301608,博实结,86.76,0.25,0.22,10343.0,89644812.4,1.34,87.19,86.03,86.42,86.54,1.28,2.59,35.03,3.47,7720772400.0,3464947134.0,-0.01,0.12,-13.15,-4.17
3105,300388,节能国祯,7.93,0.25,0.02,31387.0,24825612.2,1.14,7.95,7.86,7.89,7.91,1.05,0.46,15.17,1.15,5400664892.0,5400664892.0,0.13,0.25,-3.06,-0.63
3106,688291,金橙子,43.4,0.25,0.11,25728.0,110921369.0,4.74,44.28,42.23,43.0,43.29,0.99,2.51,120.83,4.66,4455734780.0,4455734780.0,0.0,-0.02,-1.81,1.59
3107,002732,燕塘乳业,16.22,0.25,0.04,9601.0,15516467.0,1.48,16.27,16.03,16.15,16.18,0.68,0.61,44.29,1.69,2552217000.0,2539503294.0,0.06,-0.12,-5.81,-4.7
3108,603811,诚意药业,12.06,0.25,0.03,58781.0,70846900.0,2.16,12.2,11.94,12.1,12.03,0.8,1.8,20.74,2.99,3947290099.0,3947290099.0,0.0,-0.08,0.0,14.86
3109,688620,安凯微,11.88,0.25,0.03,54845.0,65486611.0,1.6,12.04,11.85,12.0,11.85,1.04,2.36,-33.44,3.6,4656960000.0,2759944018.0,0.0,0.0,-5.49,-1.33
3110,001395,亚联机械,39.6,0.25,0.1,3498.0,13843975.0,1.32,39.72,39.2,39.64,39.5,0.78,0.75,18.59,2.89,3454704000.0,1856844000.0,0.03,0.15,-11.13,-8.78
3111,300214,日科化学,7.88,0.25,0.02,112573.0,88523770.0,2.67,7.96,7.75,7.82,7.86,0.66,2.42,684.13,1.51,3663432598.0,3663432598.0,-0.13,0.13,12.09,17.96
3112,600171,上海贝岭,27.94,0.25,0.07,89192.0,249399472.0,1.18,28.13,27.8,27.87,27.87,1.07,1.26,83.85,4.38,19807317086.0,19807317086.0,0.0,0.07,-15.05,-10.59
3113,300112,万讯自控,8.04,0.25,0.02,51357.0,41146659.0,1.25,8.05,7.95,8.02,8.02,0.88,2.16,-33.86,2.5,2333416188.0,1910352320.0,0.25,0.12,-10.07,-6.62
3114,301252,同星科技,39.4,0.25,0.1,31985.0,126819735.68,3.21,40.28,39.02,39.2,39.3,0.93,6.76,56.46,5.12,6667482336.0,1862849336.0,-0.03,0.0,23.7,21.19
3115,300111,向日葵,3.96,0.25,0.01,261609.0,103341316.0,2.03,3.98,3.9,3.91,3.95,0.68,2.03,2926.9,7.41,5097354427.0,5097354427.0,0.25,0.25,-20.16,-35.4
3116,300074,华平股份,4.08,0.25,0.01,127140.0,51631989.75,1.23,4.08,4.03,4.07,4.07,0.93,2.32,-35.42,2.27,2244357408.0,2232120264.0,0.25,0.49,-20.93,-11.5
3117,300553,集智股份,43.36,0.25,0.11,22869.0,98964568.5,2.22,43.8,42.84,43.18,43.25,0.89,2.69,113.62,5.66,4813952424.0,3681062376.0,0.0,0.14,-10.51,7.35
3118,300697,电工合金,16.07,0.25,0.04,56813.0,91218328.04,1.62,16.16,15.9,16.03,16.03,0.91,2.82,40.92,5.67,6952524800.0,3237964612.0,0.0,0.06,-9.97,-4.23
3119,601827,三峰环境,7.92,0.25,0.02,48555.0,38308003.0,0.76,7.93,7.87,7.89,7.9,0.8,0.29,10.76,1.1,13241711736.0,13241711736.0,0.13,0.0,-6.49,-6.49
3120,688535,华海诚科,125.95,0.24,0.3,27453.0,347487332.0,4.55,129.5,123.78,124.0,125.65,0.93,3.4,498.64,5.65,12093003982.0,10163718255.0,0.07,-0.01,8.87,12.38
3121,920519,万德股份,12.53,0.24,0.03,27908.0,34886274.87,4.24,12.71,12.18,12.34,12.5,2.78,4.43,51.77,2.13,1118404043.0,789319256.0,-0.08,0.48,-3.24,4.16
3122,300047,天源迪科,12.34,0.24,0.03,121134.0,149639933.88,1.3,12.42,12.26,12.31,12.31,0.95,2.11,256.33,2.39,7869769252.0,7082066442.0,-0.08,-0.08,-18.28,-1.67
3123,300369,绿盟科技,8.21,0.24,0.02,231843.0,190267243.26,1.95,8.27,8.11,8.21,8.19,0.89,2.87,-25.45,2.67,6655205692.0,6634139169.0,0.12,0.12,-5.31,9.76
3124,002672,东江环保,4.19,0.24,0.01,73756.0,30903035.76,1.67,4.22,4.15,4.18,4.18,0.84,0.81,-3.76,1.95,4631021810.0,3792445685.0,0.0,0.0,-11.04,-9.31
3125,601101,昊华能源,8.2,0.24,0.02,144963.0,118781234.0,2.81,8.32,8.09,8.18,8.18,1.06,1.01,15.98,0.98,11807982993.0,11807982993.0,-0.24,-0.12,10.36,14.53
3126,605003,众望布艺,29.24,0.24,0.07,13198.0,38685031.0,3.74,29.7,28.61,29.7,29.17,1.4,1.2,46.04,2.24,3216400000.0,3216400000.0,0.1,0.21,-8.4,-17.75
3127,603363,傲农生物,4.14,0.24,0.01,459314.0,189711927.0,2.91,4.2,4.08,4.18,4.13,0.61,2.14,19.53,3.22,10776261960.0,8872541826.0,0.0,0.24,-2.13,-10.2
3128,002867,周大生,12.35,0.24,0.03,65938.0,81012415.0,1.06,12.36,12.23,12.31,12.32,0.36,0.61,11.41,2.14,13405602579.0,13326845529.0,0.16,0.08,-0.16,1.4
3129,301528,多浦乐,72.17,0.24,0.17,15949.0,115844136.08,3.67,73.85,71.21,71.98,72.0,1.14,5.01,92.44,2.92,4467323000.0,2298611397.0,-0.03,0.04,4.5,6.13
3130,300490,华自科技,20.5,0.24,0.05,560534.0,1171775228.62,7.38,21.88,20.37,20.55,20.45,1.65,14.25,-32.55,3.71,8172748817.0,8061678546.0,-0.49,-0.1,50.74,70.98
3131,603528,多伦科技,8.22,0.24,0.02,46475.0,38177162.0,1.1,8.26,8.17,8.23,8.2,0.62,0.66,-219.71,3.05,5802745677.0,5802745677.0,0.12,0.12,-23.25,-14.99
3132,300772,运达股份,16.5,0.24,0.04,235101.0,386998018.32,4.13,16.82,16.14,16.4,16.46,0.79,3.37,38.19,1.94,12982987133.0,11514946146.0,-0.06,0.0,-14.51,-13.43
3133,002662,峰璟股份,4.18,0.24,0.01,211437.0,87723915.8,1.44,4.18,4.12,4.14,4.17,0.99,1.41,25.2,1.41,6270000000.0,6269920998.0,0.24,0.24,6.91,3.98
3134,002612,朗姿股份,16.99,0.24,0.04,35019.0,59368008.43,1.42,17.04,16.8,16.89,16.95,0.81,1.37,5.7,2.2,7517146921.0,4328019467.0,-0.12,-0.18,-16.18,-16.88
3135,301119,正强股份,46.09,0.24,0.11,10078.0,46444538.38,2.26,46.78,45.74,45.98,45.98,0.63,1.2,39.51,4.7,4793360000.0,3876629900.0,0.17,0.24,-16.53,-12.53
3136,001202,炬申股份,17.0,0.24,0.04,13333.0,22608730.5,1.3,17.08,16.86,16.96,16.96,1.02,1.14,39.1,3.34,2833748870.0,1986007235.0,-0.06,0.0,-10.9,7.19
3137,688260,昀冢科技,29.55,0.24,0.07,39536.0,118039527.0,5.56,30.85,29.21,29.69,29.48,1.02,3.29,-20.13,25.92,3546000000.0,3546000000.0,-0.17,-0.2,-14.35,2.6
3138,920304,迪尔化工,12.57,0.24,0.03,29509.0,37272058.74,3.59,12.81,12.36,12.54,12.54,1.7,2.16,58.62,3.94,2131092660.0,1715227182.0,0.0,0.24,-8.91,-7.91
3139,301508,中机认检,29.82,0.24,0.07,11906.0,35475849.74,1.08,29.95,29.63,29.8,29.75,1.1,2.02,44.47,3.3,6741860664.0,1754501448.0,-0.27,-0.2,-8.47,-4.61
3140,300957,贝泰妮,36.87,0.24,0.09,48675.0,178982790.56,1.52,37.07,36.51,36.66,36.78,0.9,1.15,43.08,2.57,15618132000.0,15618132000.0,0.05,0.08,-10.23,-6.21
3141,600298,安琪酵母,39.85,0.23,0.09,56127.0,223168776.0,1.76,40.1,39.4,39.9,39.76,1.32,0.65,22.39,2.88,34586957539.0,34157446269.0,0.1,0.23,-11.25,-8.89
3142,920055,隆源股份,35.22,0.23,0.08,33605.0,119668949.88,4.35,36.28,34.75,35.0,35.14,1.43,21.96,16.74,2.21,2394960000.0,538866000.0,0.0,-0.2,42.59,42.59
3143,002344,海宁皮城,4.41,0.23,0.01,89545.0,39322317.41,1.82,4.43,4.35,4.41,4.4,0.91,0.7,80.11,0.67,5656340794.0,5650401106.0,-0.23,-0.23,-10.91,-6.96
3144,300658,延江股份,21.89,0.23,0.05,258013.0,573921546.05,6.73,23.0,21.53,22.0,21.84,0.91,11.44,128.54,5.43,7284206258.0,4936501766.0,0.05,-0.05,47.71,47.71
3145,600761,安徽合力,17.4,0.23,0.04,82850.0,143873001.0,1.56,17.48,17.21,17.34,17.36,0.9,0.93,12.66,1.43,15498054041.0,15498054041.0,0.0,0.06,-18.12,-16.71
3146,603806,福斯特,17.23,0.23,0.04,406123.0,702537194.0,3.2,17.59,17.04,17.2,17.19,0.85,1.56,58.4,2.82,44948674369.0,44948674369.0,0.0,0.06,21.51,23.42
3147,603328,依顿电子,13.12,0.23,0.03,310072.0,407201702.0,2.37,13.31,13.0,13.07,13.09,1.0,3.11,28.13,3.04,13099567056.0,13099567056.0,0.0,0.08,16.52,19.71
3148,688084,晶品特装,68.92,0.23,0.16,34864.0,243998744.0,6.18,72.5,68.25,68.34,68.76,0.95,4.61,-334.16,3.31,5214422829.0,5214422829.0,0.06,0.06,-30.38,-16.76
3149,002984,森麒麟,17.77,0.23,0.04,75584.0,134140228.81,1.24,17.86,17.64,17.66,17.73,0.83,1.06,13.6,1.36,18414436887.0,12686134391.0,-0.06,-0.06,-14.36,-16.06
3150,300387,富邦科技,8.55,0.23,0.02,63212.0,53890462.0,1.52,8.58,8.45,8.51,8.53,0.88,2.19,22.98,1.67,2471437504.0,2470579315.0,0.0,0.12,-6.66,0.47
3151,600830,香溢融通,8.84,0.23,0.02,35430.0,31238557.0,1.36,8.87,8.75,8.83,8.82,0.99,0.78,50.01,1.79,4016213083.0,4016213083.0,0.0,0.11,-9.05,-7.63
3152,300931,通用电梯,13.17,0.23,0.03,62403.0,81802766.0,2.66,13.31,12.96,13.15,13.14,1.06,3.37,-268.14,4.94,3162722820.0,2436126518.0,0.0,-0.08,19.51,18.97
3153,301567,贝隆精密,43.3,0.23,0.1,7401.0,31877977.0,1.62,43.5,42.8,43.5,43.2,0.98,3.48,132.58,4.17,3117600000.0,919685505.0,0.09,0.12,-17.02,-7.87
3154,600361,创新新材,4.49,0.22,0.01,706615.0,314194865.0,3.13,4.53,4.39,4.45,4.48,0.84,1.89,17.72,1.51,16759656479.0,16759656479.0,-0.22,-0.22,-0.88,5.9
3155,603023,威帝股份,4.48,0.22,0.01,95654.0,42529599.0,1.79,4.48,4.4,4.47,4.47,0.63,1.71,2656.83,3.25,2500365983.0,2500365983.0,0.22,0.22,-24.58,-10.93
3156,300407,凯发电气,13.64,0.22,0.03,102310.0,139632378.35,3.09,13.88,13.46,13.57,13.61,1.0,3.95,66.99,2.24,4723357572.0,3531686614.0,0.15,-0.07,10.18,20.49
3157,688289,圣湘生物,17.94,0.22,0.04,27808.0,49858903.0,1.17,18.03,17.82,17.9,17.9,0.81,0.48,52.46,1.46,10394220828.0,10394220828.0,-0.17,-0.06,-11.01,-5.13
3158,002166,莱茵生物,8.92,0.22,0.02,56596.0,50327070.6,1.12,8.93,8.83,8.86,8.9,0.58,0.77,46.22,2.1,6615156071.0,6588181991.0,0.0,0.0,-0.56,5.56
3159,001965,招商公路,9.14,0.22,0.02,64915.0,59113852.36,1.32,9.15,9.03,9.11,9.12,0.42,0.1,13.47,0.9,62107168227.0,62107168227.0,0.22,0.11,-4.99,-9.33
3160,603725,天安新材,9.19,0.22,0.02,123167.0,111415481.0,4.58,9.32,8.9,9.17,9.17,1.46,4.3,36.16,3.25,2801642079.0,2634384079.0,-0.22,-0.11,-4.17,-0.65
3161,002481,双塔食品,4.46,0.22,0.01,74485.0,33134443.5,1.35,4.47,4.41,4.44,4.45,0.85,0.67,119.81,2.24,5502286390.0,4986124346.0,0.0,0.0,-12.2,-12.72
3162,600916,中国黄金,9.12,0.22,0.02,188851.0,172283981.0,1.1,9.17,9.07,9.1,9.1,0.81,1.12,34.31,2.13,15321600000.0,15321600000.0,-0.11,0.11,10.28,11.9
3163,002908,德生科技,9.18,0.22,0.02,35319.0,32367215.76,0.76,9.2,9.13,9.18,9.16,0.7,1.1,672.75,3.58,3960546568.0,2954441922.0,-0.11,0.0,-15.0,-12.82
3164,300585,奥联电子,18.22,0.22,0.04,73039.0,133659862.0,3.41,18.68,18.06,18.17,18.18,0.55,4.27,-44.73,4.88,3117644442.0,3117644442.0,-0.11,0.0,-1.03,2.42
3165,603106,恒银科技,9.13,0.22,0.02,36361.0,33224701.0,0.99,9.17,9.08,9.08,9.11,0.72,0.7,200.24,3.63,4752347600.0,4752347600.0,0.0,-0.11,-20.4,-14.59
3166,002937,兴瑞科技,31.71,0.22,0.07,57628.0,183540976.45,3.57,32.47,31.34,31.54,31.64,0.83,1.94,59.76,6.19,9442562545.0,9416401161.0,0.0,0.06,34.31,34.36
3167,688701,卓锦股份,9.22,0.22,0.02,29460.0,27061886.0,2.83,9.3,9.04,9.21,9.2,1.3,2.19,-21.58,8.7,1238037370.0,1238037370.0,0.22,0.11,0.33,13.13
3168,600152,维科技术,13.93,0.22,0.03,1369898.0,1957006525.0,11.94,15.29,13.63,14.31,13.9,1.08,25.89,-76.21,4.43,7370075694.0,7370075694.0,0.0,0.22,76.55,90.82
3169,000999,华润三九,27.54,0.22,0.06,76227.0,209115534.0,0.8,27.56,27.34,27.47,27.48,0.53,0.46,13.4,2.07,45832559809.0,45790592843.0,-0.04,0.04,-3.64,-3.23
3170,002026,山东威达,13.39,0.22,0.03,53745.0,71794361.27,1.87,13.45,13.2,13.36,13.36,1.11,1.22,23.0,1.53,5898722663.0,5898213508.0,0.0,0.0,-12.48,-11.03
3171,300080,易成新能,4.66,0.22,0.01,247864.0,115430708.16,1.94,4.7,4.61,4.65,4.65,0.89,1.32,-24.7,1.81,8729952832.0,8718210158.0,0.0,0.22,-6.99,-4.12
3172,002174,游族网络,9.67,0.21,0.02,131770.0,127610283.38,1.45,9.74,9.6,9.62,9.65,0.92,1.35,93.07,1.92,9474772051.0,9469434936.0,-0.1,0.1,-26.13,-21.0
3173,300597,吉大通信,9.52,0.21,0.02,35371.0,33619208.0,1.58,9.56,9.41,9.52,9.5,0.8,1.3,-69.0,2.75,2594866686.0,2583463706.0,0.42,0.32,-9.42,3.03
3174,300073,当升科技,57.96,0.21,0.12,144465.0,836574018.52,1.8,58.36,57.32,57.49,57.84,0.81,2.86,49.89,2.15,31547260997.0,29326097244.0,0.05,0.05,-6.82,0.28
3175,603797,联泰环保,4.69,0.21,0.01,43037.0,20048152.0,2.14,4.71,4.61,4.67,4.68,0.85,0.75,17.84,0.83,2704278341.0,2704278341.0,0.0,0.21,-4.29,0.43
3176,300819,聚杰微纤,52.12,0.21,0.11,110519.0,598745784.31,10.15,56.78,51.5,54.0,52.01,1.34,8.2,111.12,8.94,7776564600.0,7023808470.0,0.02,-0.06,42.29,50.77
3177,601952,苏垦农发,9.75,0.21,0.02,155573.0,151488496.0,1.23,9.8,9.68,9.75,9.73,0.93,1.13,24.27,1.91,13435500000.0,13435500000.0,-0.1,0.0,4.73,6.91
3178,002668,TCL智家,9.35,0.21,0.02,103331.0,97305154.8,2.36,9.55,9.33,9.33,9.33,1.23,0.95,8.26,2.63,10136441852.0,10136441852.0,-0.21,-0.21,-6.97,-9.92
3179,600795,国电电力,4.83,0.21,0.01,1041471.0,503995159.0,1.04,4.86,4.81,4.82,4.82,0.85,0.58,12.03,1.45,86146040166.0,86146040166.0,0.0,-0.21,-0.62,-4.17
3180,002223,鱼跃医疗,32.87,0.21,0.07,60812.0,200103292.05,1.77,33.2,32.62,32.8,32.8,0.86,0.65,16.86,2.44,32951416656.0,30902998851.0,-0.09,-0.06,-22.99,-13.98
3181,000877,天山股份,4.78,0.21,0.01,78211.0,37238218.2,1.26,4.79,4.73,4.77,4.77,0.69,0.11,-4.66,0.45,33988150297.0,33988143127.0,0.0,0.0,-11.97,-10.15
3182,000665,湖北广电,4.76,0.21,0.01,105964.0,50405173.1,1.68,4.79,4.71,4.71,4.75,0.79,0.93,-10.47,1.35,5412831596.0,5412690153.0,0.0,-0.21,-20.27,-18.21
3183,300320,海达股份,9.64,0.21,0.02,84904.0,81704093.52,1.77,9.7,9.53,9.7,9.62,0.67,1.75,24.94,2.29,5795897601.0,4678577354.0,0.0,-0.1,-0.92,3.32
3184,601456,国联民生,9.35,0.21,0.02,139307.0,130098274.0,0.43,9.36,9.32,9.34,9.33,0.72,0.32,26.44,1.01,53113542736.0,40924778119.0,0.11,0.11,-3.81,-8.06
3185,600138,中青旅,9.33,0.21,0.02,67509.0,62856071.0,0.86,9.34,9.26,9.3,9.31,0.88,0.93,80.51,1.07,6753427200.0,6753427200.0,0.0,-0.11,-9.59,-5.57
3186,301332,德尔玛,9.37,0.21,0.02,17118.0,15968529.7,1.18,9.38,9.27,9.36,9.35,1.02,0.65,36.56,1.48,4324840625.0,2482089575.0,0.0,0.0,-3.8,0.32
3187,001218,丽臣实业,25.56,0.2,0.05,12291.0,31135163.92,1.84,25.65,25.18,25.5,25.51,0.98,1.32,24.83,1.46,3327356326.0,2374707265.0,-0.08,0.04,5.79,12.2
3188,601928,凤凰传媒,9.95,0.2,0.02,85407.0,85027947.0,1.01,9.99,9.89,9.92,9.93,1.22,0.34,14.11,1.27,25321755000.0,25321755000.0,-0.1,-0.1,-2.74,-0.9
3189,300315,掌趣科技,4.93,0.2,0.01,456416.0,224872083.23,1.42,4.96,4.89,4.9,4.92,0.63,1.77,130.76,2.7,13348522245.0,12734326349.0,-0.2,0.0,-24.73,-0.2
3190,300042,朗科科技,49.22,0.2,0.1,198155.0,980473750.88,4.7,50.86,48.55,48.76,49.12,0.62,9.89,363.34,9.34,9863688000.0,9862779891.0,0.0,-0.08,71.14,91.52
3191,002586,ST围海,5.08,0.2,0.01,98103.0,49956192.0,3.35,5.2,5.03,5.16,5.07,1.33,0.9,21.26,1.81,5812656467.0,5524591455.0,0.0,0.0,17.32,13.14
3192,688709,成都华微,44.59,0.2,0.09,58938.0,262387857.0,1.48,44.84,44.18,44.18,44.5,0.84,2.66,184.87,9.55,28397008889.0,9887665332.0,-0.02,0.11,-9.65,-3.04
3193,605151,西上海,19.92,0.2,0.04,15982.0,31715350.0,1.41,19.96,19.68,19.91,19.88,0.67,1.19,2336.79,1.97,2680320102.0,2680320102.0,0.05,0.2,4.46,5.45
3194,300259,新天科技,4.89,0.2,0.01,221928.0,108127076.99,2.46,4.94,4.82,4.85,4.88,0.87,1.9,22.82,1.87,5720329413.0,5719017500.0,0.2,0.2,8.43,11.39
3195,001299,美能能源,14.89,0.2,0.03,143374.0,211357708.28,2.15,14.9,14.58,14.82,14.86,0.53,6.56,35.25,2.98,3612888843.0,3251974794.0,0.0,0.34,16.78,1.22
3196,603719,良品铺子,10.13,0.2,0.02,18779.0,18982128.0,1.38,10.17,10.03,10.08,10.11,0.59,0.47,-24.91,2.01,4062130000.0,4062130000.0,0.1,0.0,-15.16,-13.49
3197,003038,鑫铂股份,15.14,0.2,0.03,99902.0,151163345.08,3.11,15.43,14.96,15.09,15.11,0.61,6.12,417.04,1.23,3689553882.0,2471250497.0,0.07,0.13,-6.25,-4.18
3198,603169,兰石重装,9.92,0.2,0.02,157234.0,155633359.0,1.41,9.95,9.81,9.81,9.9,0.75,1.2,868.03,3.92,12958414636.0,12958414636.0,-0.1,0.0,-17.2,-6.94
3199,688186,广大特材,24.55,0.2,0.05,104922.0,257600163.0,2.98,25.0,24.27,24.4,24.5,1.17,3.74,32.11,1.46,6886013690.0,6886013690.0,0.04,0.12,-0.32,8.25
3200,002097,山河智能,10.05,0.2,0.02,115781.0,116427153.0,1.0,10.09,9.99,10.0,10.03,0.92,1.08,83.81,2.3,10799903503.0,10780626347.0,-0.2,-0.1,-18.69,-19.02
3201,301317,鑫磊股份,63.17,0.19,0.12,77029.0,496036186.44,8.63,67.45,62.01,63.97,63.05,1.06,14.76,19.63,7.38,9929692300.0,3297267624.0,0.0,0.08,69.58,95.94
3202,600917,重庆燃气,5.28,0.19,0.01,70577.0,37085055.0,0.76,5.28,5.24,5.28,5.27,1.12,0.45,-52.35,1.43,8242289933.0,8242289933.0,0.19,0.38,-6.05,-3.83
3203,688130,晶华微,21.39,0.19,0.04,14065.0,30012911.0,1.36,21.5,21.21,21.5,21.35,1.22,2.33,-60.58,2.09,2585860501.0,1289498161.0,0.05,0.05,-7.44,2.15
3204,603351,威尔药业,26.25,0.19,0.05,9029.0,23570462.0,1.6,26.34,25.92,26.2,26.2,0.77,0.67,23.38,2.02,3555277215.0,3555277215.0,-0.11,-0.11,-3.81,0.88
3205,601216,君正集团,5.24,0.19,0.01,489462.0,256886642.0,1.91,5.29,5.19,5.23,5.23,0.71,0.58,11.85,1.53,44215211124.0,44215211124.0,-0.19,-0.19,-4.03,8.71
3206,605333,沪光股份,26.36,0.19,0.05,21598.0,57114745.0,1.79,26.68,26.21,26.3,26.31,1.31,0.47,21.6,3.37,12232105102.0,12232105102.0,-0.04,-0.04,-16.0,-11.63
3207,603171,税友股份,57.04,0.19,0.11,106753.0,600387550.0,2.95,57.15,55.47,56.8,56.93,1.05,2.63,157.41,9.18,23177918800.0,23151965600.0,0.02,-0.11,-33.9,3.46
3208,002743,富煌钢构,5.33,0.19,0.01,61971.0,32879417.55,1.69,5.34,5.25,5.34,5.32,0.86,1.43,42.13,0.7,2319980988.0,2316263313.0,0.0,0.0,-8.73,-2.02
3209,300368,汇金股份,10.77,0.19,0.02,141854.0,152823744.0,2.14,10.89,10.66,10.7,10.75,0.91,2.68,-82.76,30.58,5696721226.0,5696721226.0,0.0,0.19,-25.36,-28.96
3210,002316,亚联发展,5.25,0.19,0.01,115837.0,60555555.0,2.29,5.27,5.15,5.19,5.24,0.71,3.4,334.7,26.85,2063880000.0,1789121250.0,0.0,0.0,-0.57,10.99
3211,300463,迈克生物,10.67,0.19,0.02,41251.0,43951061.94,1.31,10.71,10.57,10.67,10.65,0.76,0.84,130.42,1.02,6451792878.0,5247507707.0,0.0,0.0,-9.65,-4.65
3212,002823,凯中精密,15.93,0.19,0.03,41590.0,66119255.75,1.64,16.03,15.77,15.85,15.9,0.73,1.9,22.39,2.53,5230917358.0,3486896306.0,0.0,0.06,-4.04,-0.81
3213,300384,三联虹普,15.63,0.19,0.03,37904.0,59058468.96,1.47,15.7,15.47,15.5,15.6,0.77,1.72,18.46,1.8,4986083552.0,3442236616.0,0.13,0.19,-10.58,-3.82
3214,002605,姚记科技,20.92,0.19,0.04,46895.0,98093653.11,1.05,20.99,20.77,20.88,20.88,0.96,1.39,16.8,2.37,8737554038.0,7055514848.0,0.0,0.0,-28.11,-10.21
3215,300311,ST任子行,5.37,0.19,0.01,60943.0,32619566.94,1.12,5.38,5.32,5.33,5.36,0.73,1.13,-35.24,6.12,3617393906.0,2885886829.0,0.19,0.0,9.59,20.95
3216,688108,赛诺医疗,21.48,0.19,0.04,77917.0,167445394.0,2.89,21.87,21.25,21.28,21.44,0.74,1.86,189.86,9.63,8977608960.0,8977608960.0,0.0,0.0,-8.52,11.64
3217,600141,兴发集团,31.71,0.19,0.06,173723.0,552892033.0,2.18,32.16,31.47,31.6,31.65,0.71,1.45,25.54,1.6,38107170865.0,38107170865.0,0.0,0.0,-21.61,-8.3
3218,603153,上海建科,16.55,0.18,0.03,12059.0,19913846.0,1.27,16.62,16.41,16.52,16.52,0.93,0.3,48.37,1.87,6783201304.0,6682561797.0,0.0,-0.06,-5.7,-2.65
3219,300642,透景生命,16.86,0.18,0.03,24421.0,41093785.4,1.49,16.96,16.71,16.8,16.83,0.97,1.77,355.91,1.86,2740492531.0,2321739447.0,0.06,0.06,-18.31,-8.32
3220,000837,秦川机床,11.02,0.18,0.02,110714.0,121723532.24,1.0,11.04,10.93,10.99,11.0,1.03,1.1,213.16,2.31,11275067124.0,11101584774.0,-0.18,-0.09,-15.75,-14.44
3221,000921,海信家电,22.5,0.18,0.04,39802.0,89543134.99,1.02,22.59,22.36,22.5,22.46,0.52,0.43,9.78,1.78,31159376348.0,20658002918.0,-0.04,-0.09,-7.67,-9.31
3222,301353,普莱得,28.22,0.18,0.05,6087.0,17122269.8,1.1,28.27,27.96,28.16,28.17,0.92,1.91,33.79,2.14,2770674847.0,899688847.0,-0.04,-0.07,1.26,6.09
3223,002226,江南化工,5.64,0.18,0.01,137893.0,77638077.0,1.24,5.66,5.59,5.63,5.63,0.5,0.52,16.87,1.46,14939924902.0,14939623236.0,0.0,0.0,-4.73,-2.93
3224,300396,迪瑞医疗,11.43,0.18,0.02,23551.0,26660632.0,2.63,11.48,11.18,11.32,11.41,1.12,0.86,-26.79,1.64,3116962840.0,3112276632.0,-0.17,0.0,-16.02,-11.4
3225,002956,西麦食品,27.52,0.18,0.05,15768.0,43268939.04,2.0,27.79,27.24,27.39,27.47,0.51,0.71,35.78,3.82,6143754275.0,6143132764.0,0.04,-0.04,2.04,-2.13
3226,603520,司太立,10.96,0.18,0.02,177762.0,194427905.0,2.38,11.08,10.82,10.95,10.94,0.7,4.05,125.02,1.85,4804972296.0,4804972296.0,-0.18,0.09,7.45,16.6
3227,300880,迦南智能,22.81,0.18,0.04,82019.0,186365837.73,1.84,22.9,22.48,22.75,22.77,0.83,4.2,89.13,4.15,4451081357.0,4450606635.0,0.04,0.13,17.7,29.75
3228,688239,航宇科技,62.84,0.18,0.11,64286.0,406417462.0,3.91,63.97,61.52,62.39,62.73,1.28,3.37,64.44,5.98,11979292383.0,11979292383.0,0.06,0.19,-0.73,-7.14
3229,600639,浦东金桥,11.18,0.18,0.02,74371.0,82791015.0,1.61,11.23,11.05,11.15,11.16,0.74,0.87,11.69,0.83,12548576144.0,9505646340.0,-0.09,-0.09,7.19,8.86
3230,600858,银座股份,5.64,0.18,0.01,63313.0,35517999.0,2.13,5.68,5.56,5.63,5.63,1.11,1.22,49.5,1.09,2933175562.0,2918970884.0,-0.18,-0.18,-15.32,-9.76
3231,600679,上海凤凰,11.42,0.18,0.02,25417.0,28989723.0,1.4,11.44,11.28,11.32,11.4,0.83,0.74,37.97,2.75,5884660415.0,3924988415.0,-0.09,-0.09,-13.68,-14.97
3232,002476,宝莫股份,5.92,0.17,0.01,73040.0,43239489.0,1.86,5.99,5.88,5.94,5.91,0.76,1.19,71.76,3.77,3623040000.0,3622609764.0,0.17,0.17,-17.55,-18.23
3233,920090,同辉信息,5.89,0.17,0.01,80099.0,47658723.9,4.93,6.09,5.8,5.9,5.88,1.14,5.92,-19.2,25.61,1174074586.0,797196186.0,0.0,-0.17,-25.35,-7.24
3234,600410,华胜天成,28.99,0.17,0.05,2065206.0,6042065095.0,3.66,29.88,28.82,29.4,28.94,1.18,18.83,66.53,6.7,31787380860.0,31787380860.0,0.0,0.0,18.71,62.14
3235,600777,*ST新潮,5.87,0.17,0.01,238204.0,139370054.0,1.71,5.92,5.82,5.92,5.86,0.86,0.37,22.5,1.7,39918910493.0,37369314535.0,0.0,0.0,42.82,52.86
3236,002571,德力股份,12.08,0.17,0.02,44308.0,53229769.0,1.66,12.13,11.93,12.06,12.06,0.76,1.49,-39.54,4.85,4734764456.0,3603538751.0,0.17,0.08,-1.95,2.72
3237,603020,爱普股份,11.47,0.17,0.02,40063.0,45465113.0,2.1,11.5,11.26,11.45,11.45,0.95,1.05,29.4,1.33,4395737268.0,4395737268.0,0.17,0.44,8.11,13.12
3238,301016,雷尔伟,23.98,0.17,0.04,27791.0,66434615.92,2.72,24.2,23.55,23.97,23.94,0.66,1.34,73.95,5.1,5237232000.0,4967460789.0,0.0,-0.04,-7.45,6.2
3239,002030,达安基因,5.92,0.17,0.01,72715.0,42874386.58,0.85,5.92,5.87,5.88,5.91,0.71,0.52,-44.04,1.07,8308400509.0,8308400509.0,0.17,0.0,-7.21,-0.67
3240,002410,广联达,11.63,0.17,0.02,269275.0,312455510.2,1.72,11.7,11.5,11.62,11.61,1.11,1.71,47.42,3.18,19212112697.0,18260477225.0,0.0,0.0,-25.92,-7.55
3241,300529,健帆生物,17.58,0.17,0.03,30961.0,54429740.14,1.25,17.69,17.47,17.58,17.55,0.95,0.6,23.23,4.24,14039480735.0,9009437076.0,-0.06,-0.11,-14.29,-10.63
3242,688092,爱科科技,29.43,0.17,0.05,8187.0,24001945.0,1.7,29.55,29.05,29.24,29.38,0.91,0.99,47.78,3.68,2432793868.0,2432793868.0,-0.03,0.17,3.26,17.06
3243,688080,映翰通,57.77,0.16,0.09,15699.0,90589190.0,2.64,58.49,56.97,57.68,57.68,1.04,2.13,28.31,3.64,4255114746.0,4255114746.0,0.1,0.23,-7.97,14.4
3244,000099,中信海直,18.35,0.16,0.03,108438.0,198844472.34,1.8,18.53,18.2,18.5,18.32,0.76,1.4,46.12,2.59,14235382014.0,14235382014.0,0.05,-0.05,-17.45,-11.57
3245,600874,创业环保,6.08,0.16,0.01,82566.0,50068814.0,0.99,6.09,6.03,6.05,6.07,0.9,0.67,11.07,0.93,9548141957.0,7480941957.0,-0.16,0.16,0.33,2.36
3246,002590,万安科技,12.7,0.16,0.02,57195.0,72594807.44,1.18,12.75,12.6,12.66,12.68,0.92,1.16,30.88,2.16,6591966458.0,6285952186.0,0.0,0.0,-16.5,-15.33
3247,600791,京能置业,12.47,0.16,0.02,295367.0,361535442.0,10.12,12.86,11.6,12.35,12.45,1.2,6.53,-15.81,14.31,5647413600.0,5640351789.0,0.08,0.89,144.99,166.45
3248,603661,恒林股份,31.35,0.16,0.05,8192.0,25761688.0,2.56,31.89,31.09,31.3,31.3,1.19,0.59,11.73,1.15,4359751422.0,4359751422.0,-0.06,0.06,-3.39,-2.06
3249,600753,*ST海钦,12.34,0.16,0.02,18739.0,23146766.0,3.17,12.49,12.1,12.47,12.32,0.6,0.81,78.27,43.41,2841990540.0,2841990540.0,-0.08,0.16,51.78,45.35
3250,300787,海能实业,12.37,0.16,0.02,42843.0,52848862.76,1.21,12.4,12.25,12.35,12.35,1.21,2.18,33.07,2.57,3877166457.0,2431109091.0,0.16,0.16,-0.56,5.28
3251,002337,赛象科技,6.17,0.16,0.01,54210.0,33331961.0,0.97,6.18,6.12,6.15,6.16,0.75,0.92,54.82,2.76,3631759178.0,3627938602.0,0.16,0.16,-5.8,-6.09
3252,002031,巨轮智能,6.2,0.16,0.01,292464.0,181236560.9,0.97,6.23,6.17,6.21,6.19,0.86,1.51,-114.3,6.42,13636253154.0,12020272264.0,0.16,0.0,-23.27,-21.12
3253,002185,华天科技,12.76,0.16,0.02,907766.0,1160277222.81,1.81,12.9,12.67,12.78,12.74,0.95,2.78,58.67,2.34,41686328957.0,41676480036.0,0.0,0.08,7.05,16.32
3254,002690,美亚光电,18.22,0.16,0.03,49165.0,89966093.16,1.26,18.4,18.17,18.19,18.19,1.43,1.13,22.35,5.49,16074210558.0,7902870613.0,-0.11,-0.05,-17.14,-11.42
3255,300698,万马科技,36.7,0.16,0.06,18952.0,69680688.0,1.17,36.95,36.52,36.65,36.64,0.82,1.6,112.85,9.55,4917800000.0,4350636108.0,0.08,0.08,-20.15,-12.89
3256,601061,中信金属,12.92,0.16,0.02,244980.0,315381698.0,3.1,13.05,12.65,12.86,12.9,1.34,0.5,23.54,2.72,63308000000.0,63308000000.0,0.08,0.08,-16.7,-9.52
3257,300462,ST华铭,12.91,0.16,0.02,15078.0,19408007.0,2.48,13.02,12.7,12.8,12.89,0.65,1.09,-460.04,1.64,2339575220.0,1782019482.0,0.0,0.08,13.25,9.41
3258,300310,宜通世纪,6.39,0.16,0.01,269731.0,172117387.44,1.41,6.43,6.34,6.36,6.38,0.9,3.9,514.56,2.95,5633798013.0,4417871195.0,-0.16,-0.16,-4.63,8.12
3259,002727,一心堂,12.52,0.16,0.02,43374.0,54190636.33,1.6,12.58,12.38,12.46,12.5,0.8,1.09,20.47,1.0,7331763645.0,4974351661.0,-0.08,-0.24,-7.12,-2.64
3260,603901,永创智能,12.47,0.16,0.02,88064.0,110114910.0,2.17,12.63,12.36,12.36,12.45,0.7,1.81,38.67,2.48,6535351360.0,6080712157.0,-0.08,0.08,-15.97,-12.18
3261,300010,豆神教育,6.12,0.16,0.01,295024.0,180247188.76,1.64,6.17,6.07,6.1,6.11,0.98,1.77,103.36,7.09,12647669473.0,10179595402.0,0.16,0.16,-29.0,-15.47
3262,688617,惠泰医疗,256.44,0.16,0.42,5787.0,148747693.0,1.9,259.38,254.51,255.1,256.02,0.66,0.41,44.07,11.71,36168753807.0,36168753807.0,0.0,0.11,0.21,5.41
3263,000089,深圳机场,6.85,0.15,0.01,44594.0,30509277.38,0.88,6.87,6.81,6.84,6.84,0.79,0.22,22.51,1.21,14047771137.0,14047585461.0,-0.15,0.0,-1.44,-2.0
3264,600571,信雅达,13.65,0.15,0.02,51816.0,70674835.0,0.95,13.69,13.56,13.66,13.63,0.78,1.13,212.41,5.31,6365244918.0,6248310746.0,0.0,0.07,-22.0,-14.04
3265,300129,泰胜风能,13.03,0.15,0.02,588829.0,759187433.54,3.77,13.09,12.6,12.88,13.01,1.65,8.19,67.33,2.65,14448357782.0,9364793724.0,0.08,0.08,-12.14,24.57
3266,920022,世昌股份,27.35,0.15,0.04,6926.0,19085461.37,2.71,27.92,27.18,27.52,27.31,1.64,4.17,23.95,3.85,1649779350.0,454420250.0,0.07,-0.07,-10.82,-8.8
3267,600351,亚宝药业,6.64,0.15,0.01,167188.0,110259232.0,1.36,6.65,6.56,6.61,6.63,0.58,2.42,16.02,1.66,4594880305.0,4594880305.0,0.0,0.0,1.84,5.56
3268,920195,三祥科技,20.04,0.15,0.03,12695.0,25796575.01,2.9,20.56,19.98,19.98,20.01,1.88,1.79,17.75,2.37,1964521200.0,1418010059.0,-0.2,-0.25,-9.07,-8.74
3269,605199,ST葫芦娃,6.86,0.15,0.01,15288.0,10431776.0,1.46,6.87,6.77,6.87,6.85,0.46,0.38,-183.57,3.98,2744746039.0,2744746039.0,0.0,0.29,-4.59,-9.97
3270,300961,深水海纳,13.46,0.15,0.02,70808.0,94932858.74,3.65,13.69,13.2,13.69,13.44,0.95,4.64,-74.2,3.25,2386188800.0,2053575146.0,-0.07,0.0,-9.42,-5.94
3271,600030,中信证券,26.3,0.15,0.04,966521.0,2539846660.0,0.99,26.41,26.15,26.23,26.26,0.67,0.79,9.54,1.34,389780381603.0,320243290616.0,0.0,0.0,-6.04,-7.46
3272,605398,新炬网络,27.49,0.15,0.04,16379.0,45034500.0,1.46,27.65,27.25,27.31,27.45,0.82,1.01,330.13,4.34,4473073259.0,4473073259.0,0.11,0.07,-15.62,-3.65
3273,603871,嘉友国际,13.57,0.15,0.02,96087.0,129653632.0,1.85,13.61,13.36,13.48,13.55,0.48,0.7,15.93,3.22,18563877489.0,18563877489.0,-0.07,0.07,-5.89,-2.72
3274,688489,三未信安,39.9,0.15,0.06,4391.0,17512135.0,0.98,40.1,39.71,40.1,39.84,0.8,0.38,-105.32,2.51,4596866072.0,4561789184.0,-0.08,0.0,-16.82,-12.71
3275,002897,意华股份,67.29,0.15,0.1,137248.0,934507661.86,4.64,69.66,66.54,68.98,67.19,1.15,7.52,36.3,4.75,13046232034.0,12275392583.0,0.03,0.13,26.58,24.45
3276,603341,龙旗科技,39.01,0.15,0.06,63704.0,248663811.0,1.08,39.25,38.83,38.83,38.95,1.03,2.39,34.84,3.15,20386261022.0,10384962537.0,0.0,0.08,-22.68,-7.69
3277,001201,东瑞股份,13.24,0.15,0.02,68064.0,89887485.24,3.03,13.45,13.05,13.38,13.22,0.8,3.35,223.22,1.0,3413060173.0,2689502779.0,0.0,-0.08,-9.62,-9.13
3278,688660,电气风电,12.93,0.15,0.02,161154.0,206595627.0,3.02,13.03,12.64,12.79,12.91,1.24,1.21,-15.96,4.45,17240000862.0,17240000862.0,-0.15,-0.08,-20.87,-23.99
3279,301665,泰禾股份,26.96,0.15,0.04,21020.0,56390188.98,1.49,26.96,26.56,26.92,26.92,0.91,2.02,24.76,3.46,12132000000.0,2808423200.0,0.04,0.11,-9.16,-4.53
3280,600702,舍得酒业,46.03,0.15,0.07,37529.0,172300605.0,1.46,46.2,45.53,45.77,45.96,0.57,1.13,16.54,2.14,15316891200.0,15310447000.0,0.0,0.04,-18.55,-17.92
3281,300578,会畅科技,21.87,0.14,0.03,50845.0,111195090.0,2.88,22.15,21.52,21.7,21.84,0.61,2.57,320.22,3.65,4336159214.0,4334986435.0,-0.05,0.05,-24.95,6.17
3282,600987,航民股份,7.41,0.14,0.01,72162.0,53618371.0,1.49,7.49,7.38,7.42,7.4,0.69,0.71,10.29,1.13,7564267849.0,7564267849.0,0.0,0.14,7.24,7.55
3283,002667,威领股份,28.83,0.14,0.04,205370.0,589668604.69,5.77,29.46,27.8,28.58,28.79,0.67,8.68,-431.84,19.89,7512852945.0,6821495130.0,-0.03,-0.03,98.14,120.24
3284,301507,民生健康,14.42,0.14,0.02,30687.0,43935402.33,2.22,14.43,14.11,14.28,14.4,0.93,2.79,33.7,3.17,5141513439.0,1588894492.0,0.07,0.14,-12.39,-6.12
3285,300761,立华股份,21.92,0.14,0.03,92492.0,201724003.7,4.75,22.5,21.46,22.0,21.89,0.83,1.47,47.94,2.04,18352950531.0,13766113570.0,-0.14,-0.18,6.72,5.64
3286,300441,鲍斯股份,7.22,0.14,0.01,33804.0,24341535.68,1.25,7.24,7.15,7.17,7.21,1.01,0.54,21.68,1.88,4652682567.0,4523684942.0,0.0,0.14,-8.95,-4.37
3287,603755,日辰股份,28.75,0.14,0.04,11101.0,31631009.0,1.78,28.76,28.25,28.68,28.71,1.19,1.13,33.67,3.63,2835143329.0,2835143329.0,0.17,0.14,-25.13,-20.95
3288,600177,雅戈尔,7.31,0.14,0.01,152327.0,111467897.0,1.37,7.37,7.27,7.29,7.3,0.76,0.33,10.79,0.79,33797360304.0,33797360304.0,-0.14,-0.14,0.55,-2.79
3289,603609,禾丰股份,6.98,0.14,0.01,26898.0,18729290.0,1.15,7.01,6.93,7.0,6.97,0.56,0.3,36.83,0.98,6339872108.0,6339872108.0,-0.14,-0.14,-4.64,-1.55
3290,601116,三江购物,14.15,0.14,0.02,78847.0,111062255.0,2.05,14.19,13.9,14.04,14.13,0.99,1.44,50.76,2.41,7749649360.0,7749649360.0,0.07,0.07,-34.88,2.76
3291,301656,联合动力,21.8,0.14,0.03,62501.0,136015061.76,1.29,21.88,21.6,21.75,21.77,1.03,3.07,49.65,5.67,52424441838.0,4439112571.0,0.05,0.09,-20.35,-17.55
3292,001212,中旗新材,48.88,0.14,0.07,47385.0,231267499.75,2.95,49.47,48.03,48.85,48.81,1.03,2.73,1991.03,5.34,9822906421.0,8497725629.0,-0.04,0.0,-8.19,-3.59
3293,300541,先进数通,14.8,0.14,0.02,83358.0,123589321.4,1.56,14.96,14.73,14.74,14.78,0.74,2.16,53.3,3.62,6364658482.0,5719714664.0,-0.07,0.0,-7.33,-1.73
3294,301020,密封科技,21.8,0.14,0.03,7693.0,16743582.0,0.87,21.87,21.68,21.71,21.77,0.81,0.53,26.6,3.16,3191520000.0,3191520000.0,0.0,0.09,-6.68,-1.36
3295,002125,湘潭电化,14.19,0.14,0.02,133544.0,189326287.47,1.27,14.26,14.08,14.12,14.17,0.63,2.12,42.58,2.93,8932755002.0,8932755002.0,-0.21,0.0,-4.25,0.21
3296,688077,大地熊,30.13,0.13,0.04,30700.0,91997088.0,2.86,30.36,29.5,30.35,30.09,1.61,2.68,60.09,3.14,3449237326.0,3449237326.0,0.0,0.03,-8.53,-1.37
3297,920274,宏裕包材,23.4,0.13,0.03,25752.0,60391125.41,5.65,24.0,22.68,23.38,23.37,1.69,3.17,103.24,3.88,1903200016.0,1903200016.0,0.13,-0.34,-18.89,-18.64
3298,688353,华盛锂电,124.99,0.13,0.16,51106.0,633595082.0,2.83,125.8,122.27,123.9,124.83,0.58,3.2,1503.85,5.81,19935905000.0,19935905000.0,0.0,-0.23,17.33,9.93
3299,002584,西陇科学,7.63,0.13,0.01,122951.0,93581783.5,1.71,7.68,7.55,7.6,7.62,1.0,2.62,-54.16,1.99,4465201300.0,3574094401.0,0.0,-0.13,-18.92,-17.16
3300,000728,国元证券,7.87,0.13,0.01,176703.0,139066105.33,0.64,7.9,7.85,7.87,7.86,1.04,0.4,15.84,0.88,34342932002.0,34342932002.0,0.0,0.0,-6.97,-5.75
3301,301296,新巨丰,7.93,0.13,0.01,17767.0,14062736.94,1.52,7.99,7.87,7.99,7.92,0.9,0.42,37.14,1.22,3368552758.0,3368475440.0,0.25,0.25,-9.78,-6.92
3302,002221,东华能源,7.98,0.13,0.01,128461.0,102849504.3,2.13,8.08,7.91,7.99,7.97,0.68,0.88,125.29,1.13,12577499581.0,11657783394.0,-0.13,0.0,-2.92,-1.48
3303,002072,凯瑞德,7.6,0.13,0.01,52425.0,39411027.0,2.64,7.63,7.43,7.53,7.59,0.95,1.43,-155.42,12.09,2794368000.0,2793241680.0,-0.13,0.13,4.68,4.97
3304,002038,双鹭药业,7.61,0.13,0.01,683504.0,518702854.42,2.5,7.68,7.49,7.57,7.6,0.6,8.02,41.56,1.37,7818133500.0,6483061499.0,-0.39,-0.26,-1.3,3.26
3305,002969,嘉美包装,22.6,0.13,0.03,430569.0,977215136.54,2.75,23.11,22.49,22.54,22.57,0.7,3.94,475.47,9.37,24826003046.0,24685730541.0,0.0,-0.04,30.03,78.52
3306,601020,华钰矿业,31.53,0.13,0.04,380376.0,1207261193.0,2.92,32.23,31.31,31.36,31.49,0.81,4.64,24.2,6.04,25853486928.0,25853486928.0,0.0,0.0,3.38,17.39
3307,603848,好太太,15.54,0.13,0.02,12442.0,19292807.0,2.58,15.66,15.26,15.62,15.52,0.86,0.31,32.75,2.5,6253397181.0,6253397181.0,0.13,0.0,-17.6,-14.94
3308,002537,海联金汇,7.82,0.13,0.01,228694.0,178489240.45,0.77,7.83,7.77,7.8,7.81,0.71,1.96,34.32,2.17,9180810946.0,9143142006.0,0.0,0.13,-12.53,-13.69
3309,603927,中科软,16.93,0.12,0.02,57744.0,97913232.0,1.3,17.04,16.82,16.9,16.91,0.95,0.69,60.87,4.48,14069507200.0,14069507200.0,0.0,0.06,-20.14,-11.31
3310,000686,东北证券,8.31,0.12,0.01,111432.0,92700343.88,0.84,8.35,8.28,8.3,8.3,0.73,0.48,13.68,0.98,19449163724.0,19449163724.0,-0.24,-0.24,-11.31,-10.84
3311,002095,生 意 宝,16.67,0.12,0.02,23061.0,38504746.9,1.5,16.82,16.57,16.6,16.65,1.01,0.92,-1125.35,4.76,4212842400.0,4195979278.0,0.0,0.06,-17.06,-7.59
3312,600897,厦门空港,16.25,0.12,0.02,17638.0,28629507.0,0.68,16.3,16.19,16.3,16.23,0.29,0.42,13.22,1.44,6775177500.0,6775177500.0,-0.06,0.0,-3.27,-5.52
3313,300942,易瑞生物,8.39,0.12,0.01,45557.0,38134046.25,1.67,8.44,8.3,8.39,8.38,0.46,1.12,141.42,4.02,3398527870.0,3398527870.0,-0.24,0.0,-17.18,-10.84
3314,300154,瑞凌股份,8.31,0.12,0.01,55775.0,46323546.0,1.57,8.38,8.25,8.3,8.3,0.82,1.77,35.79,2.09,3735803720.0,2618933488.0,-0.12,0.0,-11.69,-15.63
3315,600827,百联股份,8.24,0.12,0.01,150573.0,124955561.0,3.04,8.48,8.23,8.47,8.23,1.68,0.94,23.3,0.72,14701545284.0,13220667341.0,-0.36,-0.12,-10.92,-8.34
3316,003040,楚天龙,16.11,0.12,0.02,43805.0,70425360.0,0.87,16.14,16.0,16.1,16.09,0.61,0.96,-126.72,5.3,7428900509.0,7359857656.0,0.0,0.06,-19.0,-22.1
3317,300542,新晨科技,16.16,0.12,0.02,32626.0,52642028.86,0.81,16.2,16.07,16.14,16.14,0.67,1.32,-159.55,8.91,4824727968.0,4002243841.0,0.0,0.0,-20.12,-21.13
3318,600789,鲁抗医药,8.26,0.12,0.01,77134.0,63543944.0,0.73,8.27,8.21,8.25,8.25,0.51,0.86,45.86,1.88,8633267566.0,7423011160.0,0.12,0.24,-10.41,-8.63
3319,002598,ST章鼓,8.1,0.12,0.01,62043.0,50172049.0,0.87,8.12,8.05,8.12,8.09,0.44,2.17,30.6,2.06,2527624967.0,2320889039.0,0.0,-0.12,-14.1,-24.23
3320,688466,金科环境,17.35,0.12,0.02,14758.0,25584820.0,2.08,17.53,17.17,17.33,17.33,0.86,1.21,41.81,1.82,2119374537.0,2119374537.0,0.17,0.12,-0.86,6.64
3321,002719,麦趣尔,8.36,0.12,0.01,47390.0,39456486.4,2.16,8.39,8.21,8.35,8.35,0.92,2.93,-33.0,7.58,1455805861.0,1353158754.0,0.12,0.0,-4.46,-2.11
3322,601595,上海电影,25.37,0.12,0.03,42841.0,108213902.0,1.7,25.45,25.02,25.02,25.34,0.99,0.96,61.17,6.57,11370834000.0,11370834000.0,0.0,0.0,-18.45,-11.39
3323,300861,美畅股份,17.28,0.12,0.02,122228.0,211620324.54,3.36,17.71,17.13,17.24,17.26,1.59,2.9,55.42,1.83,11609402803.0,7289825282.0,-0.12,-0.06,11.34,15.74
3324,002553,南方精工,25.27,0.12,0.03,75906.0,191524973.42,1.55,25.45,25.06,25.29,25.24,0.66,3.03,25.84,5.68,8930661578.0,6337716000.0,0.04,0.04,-7.06,-7.47
3325,000876,新 希 望,8.81,0.11,0.01,321102.0,282374112.51,2.05,8.9,8.72,8.81,8.8,0.59,0.71,39.15,1.78,39669449838.0,39645031919.0,0.11,0.11,-1.89,-4.45
3326,002576,通达动力,19.04,0.11,0.02,43939.0,83446407.0,1.42,19.14,18.87,19.02,19.02,0.87,2.71,38.16,2.37,3143504000.0,3085004952.0,0.0,0.05,7.88,9.43
3327,002299,圣农发展,18.68,0.11,0.02,67570.0,126413933.91,1.45,18.86,18.59,18.72,18.66,0.51,0.55,16.83,2.07,23221326948.0,22769755956.0,-0.05,-0.11,13.14,12.94
3328,605266,健之佳,18.8,0.11,0.02,10525.0,19660977.0,2.02,18.87,18.49,18.7,18.78,0.82,0.68,21.66,1.11,2905407046.0,2905407046.0,0.0,-0.05,-6.47,-2.19
3329,600418,江淮汽车,46.56,0.11,0.05,315984.0,1476085408.0,3.46,47.43,45.82,46.98,46.51,0.98,1.45,-61.64,10.49,104954536759.0,101687495869.0,0.0,-0.02,-2.23,-5.94
3330,002611,东方精工,17.93,0.11,0.02,263328.0,470455172.25,2.18,18.05,17.66,17.89,17.91,0.95,2.63,30.09,3.78,21825944076.0,17964124107.0,0.11,0.28,-6.61,-6.71
3331,000987,越秀资本,8.97,0.11,0.01,430517.0,385606039.66,1.34,9.01,8.89,8.94,8.96,0.69,0.86,12.79,1.41,45003678184.0,44969701403.0,0.0,0.11,-7.81,10.2
3332,600004,白云机场,8.89,0.11,0.01,66354.0,58987549.0,0.68,8.92,8.86,8.91,8.88,1.05,0.28,15.68,1.1,22911704476.0,21040125536.0,0.0,-0.11,-5.73,-6.03
3333,600642,申能股份,9.17,0.11,0.01,205367.0,188219910.0,1.53,9.24,9.1,9.15,9.16,0.69,0.42,10.15,1.22,44878707878.0,44876266641.0,-0.11,-0.11,14.91,17.87
3334,300967,晓鸣股份,17.86,0.11,0.02,54105.0,96028401.71,2.19,17.99,17.6,17.9,17.84,0.48,4.34,-36.86,4.8,3350021989.0,2228802998.0,0.0,0.06,-10.92,-5.15
3335,300671,富满微,44.55,0.11,0.05,96792.0,428844380.73,2.52,44.94,43.82,44.8,44.5,0.57,4.38,-53.82,6.3,9862766793.0,9834112812.0,0.04,0.09,27.61,39.7
3336,002661,克明食品,8.87,0.11,0.01,25810.0,22832461.95,1.92,8.9,8.73,8.9,8.86,0.83,0.82,17.91,1.27,2954931772.0,2790252017.0,-0.11,0.0,-4.0,-1.44
3337,300453,三鑫医疗,9.35,0.11,0.01,65367.0,60763246.1,1.71,9.4,9.24,9.31,9.34,0.68,1.82,18.6,3.35,4881487971.0,3364688335.0,-0.11,0.0,-1.27,7.22
3338,600148,长春一东,18.23,0.11,0.02,15815.0,28755168.0,1.87,18.34,18.0,18.18,18.21,1.13,1.12,236.79,5.43,2579844884.0,2579844884.0,0.0,0.05,-12.65,-6.85
3339,603889,新澳股份,9.31,0.11,0.01,131350.0,121899900.0,1.94,9.38,9.2,9.28,9.3,0.41,1.81,14.16,1.84,6797765794.0,6747152910.0,-0.11,0.0,4.61,17.11
3340,603665,康隆达,28.34,0.11,0.03,39066.0,110833928.0,3.81,28.99,27.91,28.27,28.31,1.23,2.44,57.4,6.94,4565887355.0,4539152816.0,0.11,0.07,-13.47,-11.22
3341,688670,金迪克,17.67,0.11,0.02,10591.0,18706366.0,2.32,17.83,17.42,17.71,17.65,0.9,0.86,-12.55,1.98,2176944000.0,2176944000.0,-0.11,-0.39,-16.06,-12.65
3342,603838,*ST四通,8.89,0.11,0.01,31476.0,28564515.0,6.53,9.32,8.74,8.99,8.88,1.06,0.98,-59.37,3.04,2844942240.0,2844942240.0,-0.22,-0.78,20.95,18.85
3343,002805,丰元股份,18.17,0.11,0.02,176594.0,319966298.66,2.87,18.44,17.92,18.14,18.15,0.67,6.34,-10.2,5.15,5088735770.0,5061119006.0,-0.11,-0.22,6.51,2.48
3344,301026,浩通科技,30.38,0.1,0.03,30757.0,93385453.8,1.91,30.63,30.05,30.11,30.35,1.0,2.69,30.8,2.97,4808363725.0,3472711795.0,-0.03,-0.07,-4.82,7.2
3345,603297,永新光学,112.8,0.1,0.11,15772.0,177398958.0,3.45,114.89,111.0,112.74,112.69,0.99,1.42,62.14,6.26,12513659760.0,12490242480.0,0.0,-0.15,-2.69,7.12
3346,001215,千味央厨,39.53,0.1,0.04,25037.0,98094843.04,2.3,39.63,38.72,39.5,39.49,0.91,2.59,53.57,2.06,3840752430.0,3825828551.0,0.0,-0.03,-9.95,2.68
3347,300389,艾比森,20.19,0.1,0.02,84217.0,170073020.74,2.48,20.5,20.0,20.2,20.17,0.8,3.84,29.59,4.55,7452135400.0,4430441187.0,0.0,-0.1,11.86,24.4
3348,603050,科林电气,19.9,0.1,0.02,36004.0,71920475.0,2.77,20.2,19.65,19.97,19.88,1.0,0.89,31.11,4.27,8026051941.0,8026051941.0,-0.05,-0.15,6.93,10.43
3349,000776,广发证券,20.13,0.1,0.02,480721.0,963359684.03,1.64,20.23,19.9,20.08,20.11,0.64,0.81,11.5,1.18,157514140136.0,118848512630.0,-0.2,-0.1,-10.73,-8.58
3350,002116,中国海诚,10.43,0.1,0.01,45105.0,46879005.42,1.25,10.45,10.32,10.4,10.42,0.88,0.98,14.17,1.75,4858231931.0,4805100593.0,0.0,-0.1,-0.19,1.46
3351,300976,达瑞电子,60.02,0.1,0.06,13055.0,78456220.1,1.58,60.65,59.7,59.73,59.96,1.01,1.51,26.13,2.27,8048935044.0,5172359865.0,-0.12,-0.13,-9.4,-0.08
3352,002186,全 聚 德,10.47,0.1,0.01,35119.0,36702223.11,1.72,10.53,10.35,10.46,10.46,0.74,1.14,414.55,3.8,3213469026.0,3212212626.0,0.0,0.0,-13.97,-11.12
3353,002423,中粮资本,10.26,0.1,0.01,85039.0,87321805.0,1.27,10.34,10.21,10.25,10.25,0.89,0.37,17.29,1.06,23640123200.0,23640123200.0,0.0,-0.1,-13.78,-12.31
3354,688798,艾为电子,68.11,0.1,0.07,28272.0,192497985.0,0.84,68.39,67.82,68.28,68.04,1.09,2.08,50.09,3.78,15878391398.0,9245472076.0,0.03,0.0,-14.49,-10.51
3355,000869,张  裕Ａ,19.1,0.1,0.02,6426.0,12307365.85,0.73,19.23,19.09,19.23,19.08,0.75,0.14,176.08,1.21,12553286445.0,8692644835.0,-0.1,-0.1,-8.35,-7.19
3356,600110,诺德股份,10.0,0.1,0.01,1737320.0,1750818693.0,3.9,10.29,9.9,9.91,9.99,0.8,10.01,-138.83,2.95,17351809320.0,17351809320.0,0.0,0.0,34.95,41.04
3357,002728,特一药业,10.71,0.09,0.01,103281.0,109942605.68,1.68,10.72,10.54,10.65,10.7,0.54,3.11,67.31,3.02,5497548087.0,3554932944.0,0.0,0.19,-6.46,-1.29
3358,003029,吉大正元,21.57,0.09,0.02,25307.0,54587611.0,1.3,21.66,21.38,21.54,21.55,0.56,1.44,-36.51,4.02,4176388296.0,3798455710.0,0.0,0.05,-20.96,-17.61
3359,688652,京仪装备,108.0,0.09,0.1,37442.0,403331123.0,3.82,109.33,105.21,107.88,107.9,0.91,3.1,122.66,8.24,18144000000.0,13041000000.0,0.28,0.47,-14.28,9.86
3360,688283,坤恒顺维,43.56,0.09,0.04,25652.0,110510489.0,4.07,44.02,42.25,43.85,43.52,1.38,2.11,113.45,5.38,5305608000.0,5305608000.0,0.0,0.05,-2.59,8.09
3361,688181,八亿时空,33.31,0.09,0.03,50359.0,167402908.0,3.09,33.7,32.67,33.6,33.28,1.73,3.74,45.25,2.14,4479580297.0,4479580297.0,-0.03,0.03,-9.85,3.06
3362,000685,中山公用,11.18,0.09,0.01,93592.0,104488123.0,1.16,11.21,11.08,11.12,11.17,0.95,0.75,10.21,0.92,16491744904.0,14019296960.0,-0.09,0.09,-5.33,-4.03
3363,601098,中南传媒,11.12,0.09,0.01,78209.0,86643119.0,1.17,11.14,11.01,11.11,11.11,1.13,0.44,12.53,1.24,19971520000.0,19971520000.0,-0.09,0.0,-3.56,-1.24
3364,300619,金银河,42.65,0.09,0.04,68989.0,296041082.65,2.98,43.62,42.35,42.98,42.61,1.07,4.74,470.98,4.7,7421085414.0,6204041605.0,0.0,0.24,-4.61,-2.85
3365,002357,富临运业,11.06,0.09,0.01,91530.0,101101415.87,2.62,11.19,10.9,10.95,11.05,0.71,2.92,16.71,2.01,3467188738.0,3467064313.0,0.09,0.18,-5.15,3.66
3366,688083,中望软件,54.05,0.09,0.05,28011.0,151556579.0,1.8,54.58,53.61,54.0,54.0,0.61,1.65,425.86,3.42,9169379596.0,9169379596.0,-0.09,-0.11,-30.14,-20.64
3367,600128,苏豪弘业,10.54,0.09,0.01,47505.0,49911147.0,1.8,10.58,10.39,10.51,10.53,1.02,1.93,54.96,1.24,2652904298.0,2600929450.0,0.19,0.09,-6.06,-4.09
3368,002826,易明医药,21.15,0.09,0.02,42983.0,90955468.0,2.27,21.39,20.91,21.12,21.13,0.79,2.35,36.99,5.03,4032834413.0,3870012428.0,0.0,0.0,15.13,15.07
3369,920118,太湖远大,21.36,0.09,0.02,6251.0,13496482.58,3.09,21.85,21.19,21.34,21.34,1.52,1.99,41.63,1.92,1087138560.0,669403176.0,-0.14,-0.47,-11.26,-5.11
3370,603221,爱丽家居,11.4,0.09,0.01,12840.0,14596002.0,1.84,11.49,11.28,11.49,11.39,0.74,0.53,96.92,1.73,2787756000.0,2761878000.0,-0.26,0.0,-16.05,-12.98
3371,920566,梓橦宫,10.75,0.09,0.01,19605.0,21206811.13,1.4,10.89,10.74,10.85,10.74,1.06,1.75,18.61,1.87,1563731335.0,1207725531.0,0.0,0.09,-8.51,-3.33
3372,001335,信凯科技,43.13,0.09,0.04,10299.0,44123306.17,2.32,43.3,42.3,43.09,43.09,1.18,4.03,47.31,4.21,4042987223.0,1101714014.0,-0.07,0.16,-19.14,-12.55
3373,301115,联检科技,21.42,0.09,0.02,34195.0,73424677.0,2.62,21.8,21.24,21.41,21.4,1.22,2.21,84.23,1.56,3931102287.0,3315103014.0,0.05,0.05,25.04,35.48
3374,920374,云里物里,21.25,0.09,0.02,12482.0,26948515.95,5.18,22.21,21.11,21.32,21.23,1.62,3.66,111.2,6.48,1732257500.0,724912959.0,0.0,-0.14,-20.86,-12.48
3375,688389,普门科技,12.66,0.08,0.01,28593.0,36016054.0,2.53,12.75,12.43,12.58,12.65,1.49,0.67,29.15,2.56,5424629342.0,5424629342.0,-0.47,-0.39,-9.38,-2.47
3376,603960,克来机电,24.33,0.08,0.02,138726.0,338058495.0,3.13,24.75,23.99,24.28,24.31,0.96,5.29,209.64,5.7,6379274907.0,6379274907.0,-0.21,-0.12,16.97,22.63
3377,600054,黄山旅游,12.27,0.08,0.01,98417.0,120263536.0,2.12,12.33,12.07,12.21,12.26,0.6,1.92,30.6,1.87,8949485729.0,6298191000.0,0.0,0.0,4.16,9.07
3378,300614,百川畅银,13.09,0.08,0.01,22857.0,29845912.0,1.83,13.18,12.94,13.05,13.08,0.74,1.42,-20.63,1.99,2100168488.0,2100168488.0,-0.08,-0.15,1.87,3.23
3379,920414,欧普泰,13.04,0.08,0.01,33603.0,44222317.51,3.45,13.35,12.9,13.0,13.03,1.32,5.99,-67.05,3.75,1039916150.0,731251734.0,0.08,-0.46,-0.38,15.91
3380,603711,香飘飘,12.57,0.08,0.01,11153.0,14005369.0,1.04,12.61,12.48,12.56,12.56,0.7,0.27,-43.63,1.57,5189827437.0,5189827437.0,0.08,0.0,-6.61,-6.4
3381,920706,铁拓机械,25.4,0.08,0.02,31774.0,81219827.38,3.31,25.89,25.05,25.1,25.38,1.22,6.67,48.71,3.95,2347093223.0,1210865498.0,0.0,-0.08,-4.04,1.6
3382,688648,中邮科技,52.87,0.08,0.04,12486.0,66048339.0,2.12,53.35,52.23,52.5,52.83,0.84,1.8,11.42,3.29,7190320000.0,3675994212.0,-0.02,0.06,-24.36,-13.98
3383,300837,浙矿股份,37.0,0.08,0.03,16073.0,59382763.0,2.06,37.26,36.5,37.0,36.97,1.06,2.13,53.49,2.68,3700197543.0,2796935043.0,-0.13,-0.03,-6.0,8.76
3384,000957,中通客车,12.07,0.08,0.01,189025.0,227017254.3,3.15,12.25,11.87,12.2,12.06,0.55,3.19,19.39,2.29,7156350508.0,7156350508.0,0.0,0.0,6.63,5.69
3385,603199,九华旅游,37.95,0.08,0.03,21244.0,80450579.0,1.5,38.12,37.55,37.81,37.92,0.73,1.92,19.74,2.54,4200306000.0,4200306000.0,0.0,-0.03,-5.69,3.24
3386,300505,川金诺,26.41,0.08,0.02,144592.0,380394955.74,1.63,26.49,26.06,26.25,26.39,0.85,6.65,44.09,2.46,7259251282.0,5740509873.0,-0.04,0.0,-5.07,17.95
3387,601038,一拖股份,12.68,0.08,0.01,84464.0,107754623.0,2.29,12.87,12.58,12.67,12.67,1.28,1.15,17.55,1.86,14247822087.0,9278022887.0,0.0,-0.08,-7.92,-10.52
3388,603722,阿科力,37.15,0.08,0.03,10669.0,39873095.0,1.99,37.75,37.01,37.12,37.12,1.03,1.11,-166.1,3.8,3630302495.0,3555259495.0,-0.13,0.0,-10.93,-5.88
3389,688057,金达莱,12.4,0.08,0.01,14640.0,18125556.0,1.13,12.45,12.31,12.39,12.39,1.38,0.53,35.65,1.08,3422400000.0,3422400000.0,-0.24,-0.16,-2.21,1.47
3390,601058,赛轮轮胎,13.64,0.07,0.01,209957.0,286731464.0,1.54,13.79,13.58,13.68,13.63,0.43,0.64,11.71,2.13,44849687533.0,44849687533.0,0.15,0.15,-11.54,-15.7
3391,920271,邦德股份,14.56,0.07,0.01,10202.0,15019679.27,2.34,14.87,14.53,14.67,14.55,2.05,1.76,19.03,3.0,1904782880.0,842884675.0,-0.07,-0.07,-16.51,-11.06
3392,600552,凯盛科技,15.03,0.07,0.01,1303284.0,1972856762.0,3.99,15.46,14.86,15.01,15.02,2.14,13.8,110.34,3.34,14197441617.0,14197441617.0,-0.13,-0.2,3.3,21.21
3393,688332,中科蓝讯,128.85,0.07,0.09,19538.0,251729349.0,1.36,130.0,128.25,128.25,128.76,0.99,1.62,10.98,2.94,15539078070.0,15539078070.0,0.0,0.19,-12.13,-1.87
3394,605366,宏柏新材,13.46,0.07,0.01,420025.0,570170163.0,5.87,13.99,13.2,13.6,13.45,1.02,5.41,-71.65,4.48,10446005842.0,10446005842.0,0.0,0.3,108.04,117.1
3395,001239,永达股份,15.31,0.07,0.01,21192.0,32449760.0,0.92,15.4,15.26,15.3,15.3,0.61,1.86,77.3,2.71,3674400000.0,1745340000.0,0.0,0.0,-7.94,-6.19
3396,301520,万邦医药,44.31,0.07,0.03,9794.0,43356339.03,1.36,44.53,43.93,44.13,44.28,0.65,4.37,66.91,1.95,2954000015.0,993562776.0,0.34,0.32,-1.66,11.53
3397,301006,迈拓股份,17.64,0.06,0.01,13157.0,23127089.71,1.76,17.74,17.43,17.64,17.63,0.84,1.53,34.03,1.92,2456899200.0,1518558804.0,0.17,0.23,1.09,6.97
3398,603823,百合花,16.17,0.06,0.01,80419.0,129916492.0,3.77,16.46,15.85,15.99,16.16,1.56,1.93,37.28,2.77,6732665774.0,6732665774.0,0.0,0.0,-6.32,7.44
3399,688380,中微半导,46.9,0.06,0.03,77857.0,363948054.0,2.33,47.27,46.18,46.7,46.87,0.92,1.94,66.07,5.91,18777118500.0,18777118500.0,0.0,-0.06,36.5,45.88
3400,600598,北大荒,16.16,0.06,0.01,225861.0,363844448.0,1.86,16.26,15.96,16.2,16.15,0.9,1.27,24.63,3.59,28727307329.0,28727307329.0,-0.06,-0.06,5.21,8.09
3401,603993,洛阳钼业,20.24,0.05,0.01,2141238.0,4348306992.0,2.67,20.65,20.11,20.18,20.23,0.89,1.23,21.29,5.25,433020837962.0,353407445642.0,0.05,0.1,-15.84,1.2
3402,300679,电连技术,43.16,0.05,0.02,189906.0,824959702.16,4.89,44.66,42.55,42.78,43.14,0.8,5.28,36.89,3.64,18335231200.0,15513488450.0,0.02,-0.05,-12.72,-11.34
3403,300558,贝达药业,44.09,0.05,0.02,60315.0,266526678.02,1.95,44.69,43.83,44.0,44.07,0.66,1.44,43.9,3.17,18550155138.0,18491022379.0,-0.18,-0.16,-12.05,-5.57
3404,001207,联科科技,19.65,0.05,0.01,41706.0,81279107.16,2.34,19.67,19.21,19.51,19.64,0.6,1.43,22.83,1.76,5956656670.0,5750024108.0,0.1,0.05,13.78,10.64
3405,688755,汉邦科技,38.55,0.05,0.02,1200.0,4618959.0,0.91,38.66,38.31,38.53,38.53,0.47,0.68,56.93,2.73,3392400000.0,678480000.0,0.03,0.08,-8.04,-2.63
3406,603282,亚光股份,21.17,0.05,0.01,16178.0,33872630.0,4.58,21.3,20.33,20.4,21.16,1.04,1.21,21.48,2.14,2832969400.0,2832969400.0,0.14,0.24,-1.95,6.7
3407,603138,海量数据,20.91,0.05,0.01,150384.0,315658734.0,4.07,21.35,20.5,20.66,20.9,0.81,5.22,-36.78,7.6,6144878366.0,6029248994.0,0.0,0.1,23.51,47.05
3408,603150,万朗磁塑,59.12,0.05,0.03,16940.0,99429056.0,3.55,59.65,57.55,59.38,59.09,0.5,1.98,41.59,2.98,5053754960.0,5053754960.0,0.0,0.03,33.48,55.66
3409,300069,金利华电,22.86,0.04,0.01,79231.0,181671609.0,4.2,23.36,22.4,22.6,22.85,0.61,6.77,276.52,9.47,2674620000.0,2674620000.0,0.0,-0.22,22.18,32.52
3410,300035,中科电气,22.87,0.04,0.01,325210.0,746329993.72,2.14,23.19,22.7,22.77,22.86,0.77,5.57,29.26,3.2,15675707966.0,13341171733.0,0.04,0.09,0.62,7.42
3411,000786,北新建材,25.68,0.04,0.01,128971.0,330652880.77,2.14,25.98,25.43,25.51,25.67,0.8,0.76,15.04,1.61,43713421559.0,43386561383.0,-0.08,-0.19,0.39,2.84
3412,688646,ST逸飞,53.77,0.04,0.02,24394.0,128262574.0,7.24,54.89,51.0,51.17,53.75,2.18,4.21,-52.78,3.58,5063123432.0,3117852805.0,0.49,-0.06,43.96,50.66
3413,920080,奥美森,23.7,0.04,0.01,10480.0,25098263.37,3.84,24.26,23.35,23.88,23.69,2.55,4.62,28.46,3.54,1967100000.0,537051504.0,0.08,0.21,-16.84,-14.07
3414,301337,亚华电子,28.3,0.04,0.01,13331.0,37593642.0,1.27,28.4,28.04,28.3,28.29,0.93,3.6,-380.14,2.69,2948860000.0,1046697433.0,0.25,0.07,-14.22,2.87
3415,300661,圣邦股份,77.56,0.04,0.03,191435.0,1492936048.62,2.95,79.29,77.0,78.12,77.53,0.79,3.2,87.98,9.08,48129150032.0,46450330792.0,0.03,0.0,8.64,13.0
3416,300436,广生堂,116.55,0.04,0.05,59168.0,687636702.5,1.48,116.93,115.2,115.61,116.5,0.49,4.33,-124.77,48.46,18562568850.0,15934945487.0,0.03,0.02,33.25,30.73
3417,301112,信邦智能,33.91,0.03,0.01,7108.0,24056133.58,1.59,34.0,33.46,33.8,33.9,0.78,0.64,780.3,3.09,3739140406.0,3739140406.0,-0.03,0.0,-14.67,-13.91
3418,301162,国能日新,68.99,0.03,0.02,19849.0,135661587.54,3.36,69.4,67.08,68.5,68.97,0.69,2.33,70.22,5.77,9146951119.0,5879655640.0,-0.1,-0.2,7.71,34.59
3419,002261,拓维信息,37.67,0.03,0.01,1378729.0,5247436463.08,3.35,38.76,37.5,38.27,37.66,1.43,12.03,339.47,18.2,47457851626.0,43156721425.0,0.0,-0.03,6.68,13.81
3420,603352,至信股份,38.33,0.03,0.01,14080.0,53998673.0,0.86,38.55,38.22,38.3,38.32,0.7,3.17,39.49,3.73,8688133346.0,1702709519.0,0.0,0.03,-44.11,75.18
3421,301191,菲菱科思,146.03,0.02,0.03,41298.0,610098717.68,6.66,152.8,143.08,145.01,146.0,0.81,7.91,162.63,6.09,10126012260.0,7622529869.0,0.01,0.0,26.39,35.82
3422,603039,泛微网络,43.83,0.02,0.01,60245.0,264920585.0,2.49,44.4,43.31,43.5,43.82,0.86,2.35,38.92,4.71,11236519808.0,11236519808.0,0.0,0.0,-37.74,-18.14
3423,600276,恒瑞医药,56.34,0.02,0.01,433049.0,2433980876.0,1.51,56.68,55.83,56.33,56.33,0.6,0.68,48.49,6.1,373939840901.0,359392988117.0,-0.11,-0.07,-10.81,-5.42
3424,301235,华康洁净,51.74,0.02,0.01,43220.0,221203994.28,4.95,52.16,49.6,52.16,51.73,0.9,5.94,68.39,3.07,5576375047.0,3763832716.0,0.04,0.06,28.77,40.33
3425,000422,湖北宜化,15.83,0.0,0.0,267770.0,422881986.83,1.9,15.9,15.6,15.81,15.83,0.7,2.53,19.37,2.83,17216465991.0,16745871751.0,-0.06,-0.06,4.14,11.4
3426,300660,江苏雷利,44.0,0.0,0.0,52087.0,229910716.91,2.09,44.48,43.56,44.46,44.0,1.09,1.17,55.73,5.67,19674008112.0,19658256948.0,0.0,-0.02,-17.91,-19.74
3427,920946,森萱医药,10.39,0.0,0.0,40346.0,42109839.06,2.89,10.6,10.3,10.36,10.39,1.32,0.95,33.71,3.51,4435681553.0,4434317865.0,-0.1,0.19,-7.48,-1.52
3428,000166,申万宏源,4.74,0.0,0.0,520693.0,246620711.19,0.63,4.75,4.72,4.74,4.74,0.81,0.23,12.48,1.06,118689337214.0,106818304678.0,0.21,0.21,-9.71,-10.06
3429,000507,珠海港,5.27,0.0,0.0,102780.0,54024246.0,1.14,5.28,5.22,5.26,5.27,0.8,1.14,14.64,0.89,4847002897.0,4755407978.0,0.19,0.0,-0.57,1.15
3430,600618,氯碱化工,12.71,0.0,0.0,69996.0,89110900.0,2.05,12.87,12.61,12.75,12.71,0.98,0.93,17.04,1.58,14697843695.0,9530466095.0,-0.08,-0.08,-1.7,6.99
3431,000536,华映科技,4.26,0.0,0.0,338809.0,143955604.57,1.41,4.29,4.23,4.26,4.26,1.12,1.23,-12.25,20.6,11783299741.0,11770731518.0,0.0,0.24,-14.97,-12.7
3432,000541,佛山照明,5.7,0.0,0.0,61455.0,34932779.13,0.88,5.71,5.66,5.7,5.7,1.21,0.5,40.75,1.28,8753935911.0,7013820485.0,0.18,0.18,-8.95,-5.16
3433,000563,陕国投Ａ,3.36,0.0,0.0,294322.0,98881710.62,0.6,3.37,3.35,3.36,3.36,0.88,0.58,11.99,0.91,17182940403.0,17182940403.0,0.0,0.0,-4.82,-2.61
3434,000576,甘化科工,9.8,0.0,0.0,105775.0,103602311.58,2.04,9.92,9.72,9.85,9.8,1.24,2.44,56.45,2.59,4276898497.0,4251389558.0,-0.1,0.1,-11.07,-6.93
3435,000589,贵州轮胎,4.56,0.0,0.0,138750.0,63323992.75,0.88,4.58,4.54,4.56,4.56,0.78,0.9,11.82,0.8,7089087738.0,7044382410.0,0.0,0.0,-8.25,-11.97
3436,605086,龙高股份,34.52,0.0,0.0,17246.0,59866947.0,2.64,35.09,34.18,34.4,34.52,1.09,0.96,51.0,4.69,6185984000.0,6185984000.0,0.0,0.03,-20.5,-24.4
3437,920985,海泰新能,6.99,0.0,0.0,43621.0,30864716.81,3.72,7.17,6.91,6.98,6.99,1.37,1.99,-3.26,3.18,2163238638.0,1533031834.0,0.0,-0.29,-9.34,-2.78
3438,000031,大悦城,2.92,0.0,0.0,230331.0,66664262.03,2.05,2.92,2.86,2.9,2.92,0.81,0.54,-17.61,1.24,12516034950.0,12516009727.0,0.34,0.34,-1.68,3.55
3439,000012,南  玻Ａ,4.53,0.0,0.0,146635.0,66565687.93,1.99,4.57,4.48,4.52,4.53,0.94,0.75,68.73,1.05,13782383714.0,8875704189.0,-0.22,0.0,0.89,2.26
3440,000629,钒钛股份,3.51,0.0,0.0,1011769.0,355107990.89,1.99,3.55,3.48,3.5,3.51,1.0,1.09,-349.47,2.66,32611226936.0,32609051101.0,0.0,0.29,-0.28,13.23
3441,600567,山鹰国际,1.53,0.0,0.0,442806.0,67569996.0,1.31,1.54,1.52,1.52,1.53,0.77,0.7,-24.99,0.58,9650403558.0,9650403558.0,-0.65,0.0,-8.38,-9.47
3442,688079,美迪凯,16.25,0.0,0.0,162678.0,268090548.0,5.66,17.1,16.18,16.25,16.25,1.22,4.02,-42.71,5.23,6686406643.0,6569960443.0,-0.06,0.0,31.9,43.55
3443,601825,沪农商行,9.14,0.0,0.0,187571.0,172744445.0,2.08,9.29,9.1,9.12,9.14,1.37,0.2,6.26,0.7,88150222227.0,85682394423.0,-0.22,-0.33,4.22,-1.61
3444,601860,紫金银行,2.67,0.0,0.0,213886.0,57143230.0,0.75,2.68,2.66,2.67,2.67,0.77,0.6,6.09,0.49,9774884952.0,9482743388.0,0.0,0.0,-2.2,-1.48
3445,601866,中远海发,2.72,0.0,0.0,799130.0,217139805.0,1.84,2.73,2.68,2.71,2.72,0.68,0.82,22.3,1.17,35897623830.0,26525395990.0,-0.37,0.0,7.51,7.94
3446,601880,辽港股份,1.63,0.0,0.0,814174.0,132588521.0,1.23,1.64,1.62,1.63,1.63,0.82,0.44,29.4,0.95,38421980557.0,30013273479.0,0.62,0.0,0.62,1.88
3447,603970,中农立华,12.57,0.0,0.0,13789.0,17279380.0,2.78,12.6,12.25,12.58,12.57,0.89,0.51,16.75,2.18,3378817684.0,3378817684.0,-0.24,-0.16,-5.2,-2.26
3448,000713,国投丰乐,6.51,0.0,0.0,58090.0,37804274.26,1.84,6.59,6.47,6.53,6.51,0.67,0.95,-42.96,2.1,5196408776.0,3997237520.0,0.0,0.0,-4.12,-1.66
3449,000717,中南股份,2.43,0.0,0.0,127692.0,31057765.42,1.65,2.45,2.41,2.43,2.43,0.77,0.53,-65.69,0.75,5889944784.0,5889253145.0,0.0,-0.41,-6.18,-6.18
3450,000723,美锦能源,4.5,0.0,0.0,448781.0,201888207.58,1.33,4.53,4.47,4.49,4.5,0.66,1.02,-20.16,1.49,19815741198.0,19777526604.0,0.0,0.0,-7.98,-4.26
3451,000726,鲁  泰Ａ,6.69,0.0,0.0,84095.0,56035435.08,1.05,6.7,6.63,6.66,6.69,0.77,1.43,9.21,0.56,5469246311.0,3942661018.0,0.15,0.15,-6.43,-6.04
3452,600526,菲达环保,5.37,0.0,0.0,129034.0,68912928.0,2.98,5.4,5.24,5.34,5.37,1.69,1.48,15.98,1.04,4772334251.0,4688048342.0,0.0,0.19,-0.19,0.19
3453,600516,方大炭素,5.59,0.0,0.0,370794.0,207514309.0,1.61,5.64,5.55,5.59,5.59,0.86,0.92,149.13,1.39,22505174357.0,22505174357.0,0.0,0.0,-5.25,-1.76
3454,600518,康美药业,1.75,0.0,0.0,1584108.0,278289882.0,2.29,1.78,1.74,1.76,1.75,1.07,1.15,2343.2,3.32,24200569208.0,24189116329.0,-0.57,0.0,-9.79,-8.38
3455,000797,中国武夷,2.78,0.0,0.0,145163.0,40251238.69,1.44,2.79,2.75,2.78,2.78,0.54,0.92,-9.69,0.92,4366696723.0,4366191464.0,-0.36,0.0,-15.5,-29.26
3456,600715,文投控股,2.02,0.0,0.0,247212.0,49878134.0,1.49,2.03,2.0,2.02,2.02,0.95,0.86,-181.77,7.56,8200904070.0,5781991927.0,-0.49,-0.49,-11.4,-7.34
3457,300606,金太阳,38.6,0.0,0.0,137712.0,536213786.11,4.3,39.85,38.19,38.79,38.6,1.33,11.7,190.96,7.91,5340226084.0,4542235160.0,0.0,-0.03,49.32,64.19
3458,601818,光大银行,3.18,0.0,0.0,1036895.0,329773495.0,0.63,3.19,3.17,3.18,3.18,0.83,0.22,4.84,0.38,187892052374.0,147573673484.0,-0.31,0.0,-3.05,-6.19
3459,000800,一汽解放,7.02,0.0,0.0,138575.0,97260522.28,1.14,7.06,6.98,7.02,7.02,0.6,0.28,47.68,1.31,34547392445.0,34544284045.0,0.14,0.0,2.78,3.54
3460,000812,陕西金叶,3.95,0.0,0.0,91762.0,36262713.0,1.27,3.98,3.93,3.96,3.95,0.82,1.21,-13.33,1.96,2987508189.0,2984973513.0,0.0,0.0,-15.78,-17.36
3461,000821,ST京机,11.54,0.0,0.0,147824.0,169924744.0,2.51,11.65,11.36,11.54,11.54,1.0,2.44,18.93,1.68,7187974938.0,6977669817.0,0.0,-0.26,-16.13,-14.33
3462,000828,东莞控股,9.98,0.0,0.0,26089.0,26033463.0,0.6,10.01,9.95,9.98,9.98,0.57,0.25,12.6,1.02,10374379580.0,10374379580.0,-0.2,0.0,-7.25,-7.25
3463,000839,国安股份,3.18,0.0,0.0,498134.0,158118064.48,1.89,3.21,3.15,3.17,3.18,0.72,1.27,1107.0,8.13,12465047799.0,12465047799.0,0.0,0.0,14.39,20.45
3464,000859,国风新材,9.79,0.0,0.0,367943.0,359749632.47,3.17,9.91,9.6,9.76,9.79,1.4,4.11,-121.04,3.23,8771607693.0,8771108403.0,0.0,-0.1,-23.46,-3.26
3465,000882,华联股份,1.63,0.0,0.0,400132.0,64760360.21,1.84,1.63,1.6,1.62,1.63,0.61,1.46,-24.38,0.66,4461883674.0,4458888254.0,0.0,0.0,-19.31,-20.87
3466,000897,津滨发展,2.11,0.0,0.0,174514.0,36514933.48,1.9,2.11,2.07,2.1,2.11,0.52,1.08,140.65,1.11,3412444414.0,3412379848.0,0.0,0.48,-7.46,-7.46
3467,000932,华菱钢铁,5.05,0.0,0.0,739431.0,373400423.3,2.38,5.1,4.98,5.05,5.05,1.12,1.08,13.26,0.63,34605676258.0,34605676258.0,0.0,0.0,-9.66,-10.14
3468,600688,上海石化,2.82,0.0,0.0,399088.0,112790721.0,1.42,2.85,2.81,2.82,2.82,0.98,0.54,-20.75,1.29,29730181350.0,20667254070.0,0.0,0.0,-2.42,1.44
3469,605033,美邦股份,22.68,0.0,0.0,16285.0,36909146.0,0.93,22.77,22.56,22.58,22.68,0.82,1.2,63.54,2.67,3066336000.0,3066336000.0,0.04,0.09,12.44,12.95
3470,603987,康德莱,8.85,0.0,0.0,44020.0,38668981.0,1.58,8.87,8.73,8.87,8.85,0.94,1.01,16.08,1.42,3865599288.0,3865599288.0,0.0,0.23,-3.49,2.91
3471,600597,光明乳业,7.44,0.0,0.0,53628.0,39834555.0,0.81,7.46,7.4,7.44,7.44,1.14,0.39,-68.73,1.12,10255844797.0,10255707901.0,-0.13,0.0,-8.94,-8.03
3472,603810,丰山集团,15.52,0.0,0.0,17916.0,27602000.0,2.13,15.53,15.2,15.5,15.52,0.99,1.08,45.44,1.67,2566088021.0,2566088021.0,0.0,0.06,-3.18,-2.82
3473,600425,青松建化,4.06,0.0,0.0,201135.0,81056985.0,1.48,4.06,4.0,4.03,4.06,1.11,1.25,23.57,1.01,6515097050.0,6515097050.0,0.0,0.0,-6.02,-2.4
3474,600736,苏州高新,6.29,0.0,0.0,238538.0,148848550.0,3.18,6.35,6.15,6.25,6.29,1.55,2.07,19.5,0.97,7241632385.0,7241632385.0,0.0,0.32,-8.04,-6.95
3475,000936,华西股份,8.34,0.0,0.0,922413.0,756709507.92,4.2,8.39,8.04,8.13,8.34,3.64,10.41,16.82,1.38,7389347478.0,7388300391.0,0.0,0.12,-2.68,1.34
3476,600771,广誉远,17.35,0.0,0.0,43904.0,76304379.0,1.61,17.52,17.24,17.42,17.35,0.87,0.9,80.75,5.15,8492671296.0,8492671296.0,-0.17,0.0,-5.24,-3.5
3477,688219,会通股份,11.12,0.0,0.0,57476.0,63811537.0,1.08,11.15,11.03,11.1,11.12,1.12,1.05,29.71,2.03,6111552000.0,6111552000.0,-0.09,0.0,-10.47,-10.47
3478,001269,欧晶科技,22.61,0.0,0.0,25819.0,58206678.71,1.99,22.76,22.31,22.59,22.61,0.48,1.34,-37.43,4.98,4350435071.0,4350435071.0,-0.04,0.22,-4.28,-6.1
3479,001227,兰州银行,2.23,0.0,0.0,265660.0,59288353.17,0.9,2.24,2.22,2.23,2.23,0.82,0.63,6.33,0.42,12701404685.0,9405025069.0,0.0,0.0,-1.33,-1.76
3480,600305,恒顺醋业,7.41,0.0,0.0,48478.0,35919835.0,0.94,7.44,7.37,7.37,7.41,0.93,0.44,57.08,2.44,8198954022.0,8173142769.0,-0.27,-0.13,-7.61,-6.44
3481,600252,中恒集团,2.51,0.0,0.0,307766.0,77147903.0,1.2,2.52,2.49,2.51,2.51,0.44,0.97,-22.38,1.49,7992249306.0,7992249306.0,-0.4,-0.4,-4.56,-8.39
3482,002045,国光电器,11.86,0.0,0.0,96980.0,115123216.11,1.77,11.94,11.73,11.75,11.86,1.47,1.73,-64.79,1.57,6671049946.0,6662057101.0,-0.17,-0.08,-22.13,-16.3
3483,002053,云南能投,11.3,0.0,0.0,69973.0,78871736.0,0.88,11.32,11.22,11.29,11.3,0.84,0.76,44.03,1.4,10404242943.0,10404169211.0,0.0,0.0,-5.04,-1.91
3484,600231,凌钢股份,2.1,0.0,0.0,167105.0,35187526.0,2.86,2.15,2.09,2.1,2.1,0.93,0.59,-3.87,1.5,6031333100.0,5956405100.0,0.0,-0.47,0.96,-1.87
3485,600322,津投城开,2.41,0.0,0.0,151316.0,36366596.0,1.66,2.42,2.38,2.4,2.41,0.51,1.37,-2.53,-3.46,2664737000.0,2664737000.0,-0.41,0.0,3.88,3.43
3486,603733,仙鹤股份,21.47,0.0,0.0,34668.0,74459139.0,1.82,21.65,21.26,21.4,21.47,1.3,0.49,14.65,1.83,15194838402.0,15194838402.0,-0.14,-0.32,-7.97,-11.17
3487,300583,赛托生物,13.99,0.0,0.0,19306.0,26880131.6,1.64,14.02,13.79,14.0,13.99,0.95,1.04,-28.75,1.5,2653932743.0,2604223475.0,0.36,0.14,-3.45,2.19
3488,002109,兴化股份,3.91,0.0,0.0,266168.0,103724267.25,1.79,3.93,3.86,3.92,3.91,0.59,2.09,-8.84,1.22,4990215117.0,4990215117.0,-0.26,0.26,3.17,10.14
3489,688223,晶科能源,6.95,0.0,0.0,1436423.0,1002696811.0,3.17,7.07,6.85,6.98,6.95,0.84,1.4,-10.52,2.73,71372373667.0,71372373667.0,-0.29,0.0,15.45,23.23
3490,300688,创业黑马,24.89,0.0,0.0,38065.0,94847248.7,2.13,25.16,24.63,24.8,24.89,0.82,2.57,-84.87,11.25,4166074859.0,3693139820.0,-0.04,-0.04,-22.63,-14.73
3491,601901,方正证券,7.04,0.0,0.0,530585.0,373148830.0,1.14,7.08,7.0,7.06,7.04,1.11,0.64,14.6,1.14,57953993821.0,57953993821.0,-0.14,0.14,-11.34,-9.63
3492,920427,华维设计,12.63,0.0,0.0,21267.0,27136993.35,4.28,12.96,12.42,12.56,12.63,1.83,4.18,-108.97,4.18,1302089850.0,642968217.0,0.24,0.16,-11.8,2.43
3493,002148,北纬科技,7.79,0.0,0.0,71872.0,55983922.8,1.16,7.83,7.74,7.78,7.79,0.87,1.6,-776.11,3.58,4354511301.0,3500184190.0,0.0,0.13,-14.77,-12.47
3494,002162,悦心健康,4.59,0.0,0.0,135192.0,61822292.3,1.09,4.6,4.55,4.58,4.59,0.98,1.47,627.52,5.13,4221427429.0,4215888015.0,0.22,0.22,-11.22,-1.5
3495,600130,*ST波导,4.67,0.0,0.0,173574.0,80356255.0,3.0,4.69,4.55,4.64,4.67,1.05,2.31,667.05,3.64,3502500000.0,3502500000.0,0.0,-0.21,8.6,11.46
3496,600136,ST明诚,1.84,0.0,0.0,190498.0,35064218.0,1.63,1.86,1.83,1.85,1.84,0.74,0.98,-437.31,15.79,3755119713.0,3575284669.0,0.0,0.55,10.18,8.88
3497,002196,方正电机,14.36,0.0,0.0,248593.0,357022065.0,2.37,14.5,14.16,14.44,14.36,0.74,5.09,153.09,4.99,7120720915.0,7013573445.0,0.0,0.07,0.42,-9.51
3498,002206,海 利 得,6.25,0.0,0.0,172996.0,108010206.16,2.08,6.31,6.18,6.21,6.25,1.25,1.64,14.12,1.81,7263795125.0,6605224913.0,0.16,0.0,-8.09,6.84
3499,600824,益民集团,3.98,0.0,0.0,74230.0,29477223.0,1.26,4.0,3.95,3.98,3.98,0.98,0.7,163.74,1.74,4195027751.0,4195027751.0,-0.25,0.0,-15.68,-12.14
3500,600831,广电网络,3.5,0.0,0.0,122727.0,43030728.0,3.43,3.59,3.47,3.52,3.5,0.9,1.73,-3.09,1.69,2488314472.0,2488314472.0,0.0,0.29,-22.22,-16.67
3501,600794,保税科技,3.6,0.0,0.0,109166.0,39258270.0,0.83,3.61,3.58,3.6,3.6,0.95,0.91,-47.06,1.74,4320547765.0,4320547765.0,0.0,-0.28,-8.16,-7.69
3502,002086,东方海洋,2.03,0.0,0.0,323675.0,65491095.0,1.48,2.04,2.01,2.03,2.03,0.91,2.05,-28.3,3.0,3976661395.0,3210010655.0,0.5,0.5,-13.62,-12.12
3503,002090,金智科技,10.79,0.0,0.0,87943.0,94873492.99,1.48,10.86,10.7,10.74,10.79,1.18,2.23,65.47,2.8,4322226596.0,4262438321.0,0.0,-0.09,-14.97,-8.56
3504,600107,ST尔雅,5.51,0.0,0.0,47175.0,26031579.0,2.54,5.6,5.46,5.47,5.51,1.17,1.31,-41.69,4.35,1983600000.0,1983600000.0,0.0,0.0,-22.39,-20.61
3505,600816,建元信托,2.54,0.0,0.0,295760.0,75225441.0,1.18,2.56,2.53,2.55,2.54,1.04,0.54,363.68,1.8,25004898565.0,13891610314.0,0.0,-0.39,-13.31,-10.25
3506,300556,丝路视觉,18.07,0.0,0.0,31387.0,56776024.51,2.27,18.27,17.86,18.04,18.07,0.72,2.89,-13.45,4.95,2196685206.0,1960712437.0,-0.06,-0.06,-13.79,-4.84
3507,300579,数字认证,26.95,0.0,0.0,23932.0,64713833.54,1.48,27.25,26.85,26.94,26.95,0.76,0.92,-77.15,9.07,7276500000.0,7019754869.0,-0.11,-0.07,-19.86,-19.82
3508,002269,美邦服饰,1.64,0.0,0.0,310938.0,50975255.4,1.22,1.65,1.63,1.63,1.64,0.73,1.24,-44.8,21.92,4120500000.0,4120500000.0,-0.61,0.0,-16.33,-13.23
3509,002282,博深股份,6.97,0.0,0.0,41437.0,28813750.0,0.86,6.99,6.93,6.96,6.97,0.81,0.82,23.74,1.01,3672063286.0,3519882675.0,-0.14,-0.14,-6.94,-5.17
3510,002295,精艺股份,10.93,0.0,0.0,26504.0,28931225.0,1.56,11.01,10.84,11.01,10.93,0.94,1.06,145.79,2.02,2739232880.0,2735713420.0,0.09,-0.09,-11.5,-17.94
3511,002329,皇氏集团,4.17,0.0,0.0,407971.0,171160721.17,5.76,4.32,4.08,4.15,4.17,0.59,6.27,-52.87,3.88,3471124617.0,2712121813.0,-0.24,0.0,8.31,6.92
3512,600035,楚天高速,3.81,0.0,0.0,46803.0,17785338.0,0.79,3.82,3.79,3.81,3.81,0.6,0.29,8.09,0.69,6134541583.0,6134541583.0,0.0,0.26,-2.81,-1.8
3513,600834,申通地铁,8.23,0.0,0.0,21120.0,17336791.0,1.34,8.27,8.16,8.24,8.23,0.9,0.44,72.46,2.26,3928853078.0,3928853078.0,-0.24,-0.12,-6.26,-2.72
3514,603566,普莱柯,12.64,0.0,0.0,28848.0,36352672.0,1.74,12.73,12.51,12.68,12.64,0.79,0.83,20.88,1.7,4374227131.0,4374227131.0,-0.16,-0.24,-2.84,1.69
3515,600865,百大集团,11.45,0.0,0.0,49795.0,56756408.0,2.01,11.48,11.25,11.45,11.45,0.92,1.32,134.8,1.88,4307951618.0,4307951618.0,0.0,0.0,-20.6,-30.18
3516,600016,民生银行,3.71,0.0,0.0,1254560.0,465899705.0,0.54,3.72,3.7,3.71,3.71,0.97,0.35,5.31,0.29,162432772642.0,131564477120.0,0.0,0.0,-2.11,-3.13
3517,600020,中原高速,3.8,0.0,0.0,73952.0,28027858.0,1.05,3.81,3.77,3.8,3.8,0.68,0.33,6.66,0.72,8540012962.0,8540012962.0,0.0,0.0,-10.8,-10.8
3518,600022,山东钢铁,1.51,0.0,0.0,783926.0,118244253.0,1.99,1.52,1.49,1.5,1.51,0.84,0.73,86.67,0.86,16155262827.0,16155262827.0,0.0,0.0,-2.58,0.0
3519,600008,首创环保,3.04,0.0,0.0,580956.0,177155960.0,0.66,3.06,3.04,3.05,3.04,0.79,0.79,12.59,1.08,22315395658.0,22315395658.0,-0.33,0.0,1.0,2.7
3520,002401,中远海科,14.89,0.0,0.0,22567.0,33618986.4,0.81,14.97,14.85,14.9,14.89,0.75,0.61,170.07,3.35,5534143072.0,5529394502.0,0.0,0.07,-13.28,-6.53
3521,688531,日联科技,83.75,0.0,0.0,,,0.0,,,,83.75,,0.0,78.78,4.11,13868492391.0,9612726761.0,0.0,0.0,10.63,26.84
3522,601997,贵阳银行,5.79,0.0,0.0,194156.0,112563741.0,0.52,5.81,5.78,5.8,5.79,0.94,0.53,4.06,0.34,21169386860.0,21169386860.0,0.0,0.0,-0.52,-1.36
3523,301587,中瑞股份,27.7,0.0,0.0,66839.0,183460585.85,2.35,27.8,27.15,27.58,27.7,0.72,9.1,121.79,2.04,4080986708.0,2034649208.0,-0.04,-0.04,14.27,18.38
3524,002453,华软科技,4.87,0.0,0.0,85237.0,41371099.56,1.64,4.89,4.81,4.87,4.87,0.74,1.39,-23.82,4.32,3956227904.0,2984156472.0,0.21,0.21,-24.61,-23.06
3525,002462,嘉事堂,14.25,0.0,0.0,29511.0,41915853.8,1.47,14.28,14.07,14.21,14.25,0.83,1.01,37.32,0.96,4156826460.0,4153453471.0,-0.07,0.0,-12.84,-0.77
3526,688270,臻镭科技,175.16,0.0,0.0,,,0.0,,,,175.16,,0.0,281.42,16.63,37493278256.0,37493278256.0,0.0,0.0,-3.54,43.49
3527,600881,亚泰集团,1.57,0.0,0.0,300261.0,47022516.0,1.91,1.58,1.55,1.57,1.57,1.09,0.93,-4.0,2.99,5074477051.0,5074477051.0,0.0,0.0,-15.59,-15.59
3528,002482,广田集团,1.66,0.0,0.0,242670.0,40178655.45,1.81,1.67,1.64,1.66,1.66,0.66,0.65,-48.94,12.98,6226597523.0,6214309270.0,-0.6,0.0,-2.35,-1.78
3529,002507,涪陵榨菜,12.3,0.0,0.0,59465.0,73197176.3,0.41,12.34,12.29,12.3,12.3,0.87,0.52,18.48,1.62,14193204044.0,14154583336.0,-0.08,-0.08,-4.65,-3.23
3530,002514,宝馨科技,4.34,0.0,0.0,113346.0,49137497.0,2.3,4.38,4.28,4.32,4.34,0.78,2.05,-43.04,25.37,3124948706.0,2404508706.0,0.0,0.0,-25.68,-26.19
3531,002521,齐峰新材,8.65,0.0,0.0,62737.0,54099300.2,1.27,8.69,8.58,8.6,8.65,0.52,1.5,31.3,1.23,4844528083.0,3619227773.0,0.12,0.23,0.58,3.97
3532,002526,山东矿机,3.45,0.0,0.0,176720.0,60847782.23,0.87,3.46,3.43,3.44,3.45,0.84,1.0,42.06,1.91,6150638734.0,6110241311.0,0.0,0.29,-8.73,-4.17
3533,002228,合兴包装,3.87,0.0,0.0,177042.0,68354700.8,1.03,3.88,3.84,3.87,3.87,1.04,1.46,22.06,1.47,4695802384.0,4680075014.0,0.0,-0.26,-14.95,-14.38
3534,600085,同仁堂,27.73,0.0,0.0,34320.0,95084710.0,0.58,27.79,27.63,27.74,27.73,0.76,0.25,31.98,2.78,38030870365.0,38030870365.0,-0.04,-0.04,-11.8,-14.04
3535,600096,云天化,33.36,0.0,0.0,421908.0,1401877975.0,1.83,33.54,32.93,33.22,33.36,0.89,2.31,11.79,2.47,60814970786.0,60814970786.0,-0.03,0.0,-5.42,-0.15
3536,002570,贝因美,5.04,0.0,0.0,132996.0,66881716.84,1.19,5.06,5.0,5.02,5.04,0.85,1.23,38.4,3.16,5443418398.0,5443176478.0,0.0,0.0,-19.23,-17.65
3537,688298,东方生物,22.63,0.0,0.0,8472.0,19177208.0,1.28,22.78,22.49,22.62,22.63,0.81,0.42,-8.09,0.76,4562208000.0,4562208000.0,-0.18,0.0,-10.31,-3.41
3538,002529,*ST海源,7.19,0.0,0.0,36992.0,26660701.0,2.09,7.31,7.16,7.31,7.19,0.78,1.42,-15.52,9.67,1869400000.0,1869400000.0,0.0,0.0,-2.71,3.6
3539,688287,*ST观典,2.35,0.0,0.0,,,0.0,,,,2.35,,0.0,-4.07,1.39,870711660.0,870711660.0,0.0,0.0,-63.9,-61.73
3540,002593,日上集团,5.28,0.0,0.0,94645.0,49880192.45,1.14,5.3,5.24,5.27,5.28,0.59,1.69,38.57,1.73,4244370393.0,2959462857.0,0.0,0.0,-6.88,-10.66
3541,301321,翰博高新,23.89,0.0,0.0,66055.0,157273412.99,3.85,24.27,23.35,23.88,23.89,0.98,4.47,-380.16,4.58,4453932150.0,3526648704.0,-0.29,0.04,5.43,25.41
3542,603337,杰克科技,39.8,0.0,0.0,20602.0,82302879.0,2.14,40.45,39.6,40.01,39.8,0.91,0.43,20.86,3.86,18961185302.0,18854274542.0,-0.05,-0.03,-16.49,-8.15
3543,002572,索菲亚,13.03,0.0,0.0,94922.0,123853835.0,1.92,13.23,12.98,12.98,13.03,0.99,1.46,13.92,1.7,12548504547.0,8488570969.0,-0.53,-0.15,-4.33,-4.26
3544,920056,能之光,23.42,0.0,0.0,12915.0,30546073.41,4.27,24.0,23.0,23.4,23.42,1.42,4.19,34.77,3.57,1913219614.0,722363693.0,-0.21,-0.34,-12.68,-5.45
3545,601005,重庆钢铁,1.41,0.0,0.0,638479.0,89919812.0,1.42,1.42,1.4,1.41,1.41,1.1,0.77,-4.59,0.9,12480986911.0,11722227559.0,-0.7,0.0,-4.73,-3.42
3546,002766,索菱股份,4.83,0.0,0.0,162038.0,78081934.82,1.66,4.85,4.77,4.82,4.83,0.82,1.89,-75.78,3.82,4173024482.0,4137998003.0,0.0,-0.21,-34.82,-20.17
3547,002746,仙坛股份,6.1,0.0,0.0,66939.0,40727209.25,1.97,6.16,6.04,6.12,6.1,0.65,0.94,20.39,1.15,5249286235.0,4329024985.0,0.0,0.0,-1.13,0.49
3548,688327,云从科技-UW,13.26,0.0,0.0,182060.0,242476909.0,1.81,13.44,13.2,13.28,13.26,0.92,2.18,-25.27,18.42,13771153375.0,11051428190.0,0.0,0.0,-24.32,-7.72
3549,688023,安恒信息,50.87,0.0,0.0,20316.0,103846994.0,1.87,51.55,50.6,50.7,50.87,0.88,2.0,-90.05,2.19,5177776447.0,5177776447.0,0.04,0.04,-16.21,-1.05
3550,688038,中科通达,23.72,0.0,0.0,28730.0,68217381.0,4.22,24.0,23.0,23.0,23.72,0.89,2.47,-693.53,4.64,2760377048.0,2760377048.0,0.0,-0.25,15.59,34.24
3551,600968,海油发展,4.24,0.0,0.0,467326.0,197563198.0,1.42,4.26,4.2,4.25,4.24,0.76,0.46,11.1,1.46,43100041804.0,43100041804.0,0.0,0.0,7.07,10.42
3552,601018,宁波港,3.84,0.0,0.0,335693.0,128665185.0,1.04,3.85,3.81,3.83,3.84,0.89,0.17,14.45,0.93,74704851452.0,74704851452.0,-0.26,0.0,5.21,5.79
3553,601033,永兴股份,14.77,0.0,0.0,26024.0,38393905.0,0.61,14.8,14.71,14.77,14.77,0.7,1.08,15.45,1.23,13293000000.0,3544800000.0,-0.07,0.07,-2.76,-2.38
3554,920017,星昊医药,17.8,0.0,0.0,20656.0,36787582.22,2.53,18.0,17.55,17.66,17.8,1.13,1.67,20.97,1.34,2222014584.0,2198472304.0,0.17,0.34,-9.6,-2.25
3555,301138,华研精机,38.34,0.0,0.0,9250.0,35477286.34,1.67,38.69,38.05,38.34,38.34,0.98,1.35,48.76,3.92,4600800000.0,2628595768.0,0.0,0.0,-9.06,0.1
3556,601099,太平洋,3.82,0.0,0.0,794297.0,304006349.0,1.05,3.85,3.81,3.82,3.82,0.85,1.17,79.51,2.62,26038328533.0,26038328533.0,0.0,0.0,-11.16,-7.06
3557,002936,郑州银行,1.82,0.0,0.0,326119.0,59260289.09,0.55,1.82,1.81,1.82,1.82,0.85,0.46,8.73,0.37,16547606272.0,12793318522.0,0.55,0.55,-5.21,-5.7
3558,002942,新农股份,19.29,0.0,0.0,13239.0,25478741.5,2.18,19.43,19.01,19.28,19.29,0.88,0.96,21.82,2.45,3006499470.0,2646757617.0,0.0,-0.1,-7.66,0.36
3559,002958,青农商行,2.99,0.0,0.0,251164.0,75109372.37,0.67,3.0,2.98,2.99,2.99,0.74,0.46,3.76,0.45,16611313640.0,16264077513.0,0.0,0.0,-3.24,-3.55
3560,002982,湘佳股份,14.13,0.0,0.0,29968.0,42196056.84,2.34,14.29,13.96,14.13,14.13,0.66,2.3,87.14,1.78,2871130754.0,1838187667.0,0.0,0.0,1.15,2.84
3561,603194,中力股份,33.96,0.0,0.0,10015.0,34055121.0,0.97,34.15,33.82,34.05,33.96,0.99,0.63,15.86,2.55,13617960000.0,5366593965.0,-0.06,-0.06,-14.37,-13.61
3562,601112,振石股份,20.08,0.0,0.0,112541.0,225410555.0,1.49,20.19,19.89,19.95,20.08,0.76,6.35,47.61,8.09,34946556649.0,3559178112.0,0.1,0.2,79.61,79.61
3563,601158,重庆水务,4.36,0.0,0.0,40352.0,17583285.0,0.46,4.37,4.35,4.36,4.36,0.78,0.08,25.88,1.22,20928110543.0,20928110543.0,0.23,0.23,-3.11,-2.46
3564,300026,红日药业,3.54,0.0,0.0,330189.0,116419244.37,1.69,3.55,3.49,3.53,3.54,0.59,1.1,575.0,1.25,10634708123.0,10624692005.0,-0.28,0.0,-3.01,0.57
3565,688711,宏微科技,28.53,0.0,0.0,45131.0,129833266.0,3.86,29.33,28.23,28.5,28.53,1.16,2.12,348.74,5.59,6079538383.0,6079538383.0,0.0,-0.07,-8.47,-10.09
3566,601199,江南水务,5.6,0.0,0.0,38988.0,21843912.0,0.89,5.63,5.58,5.6,5.6,0.86,0.42,14.26,1.15,5237177635.0,5237177635.0,0.0,-0.36,-1.23,0.54
3567,002589,瑞康医药,3.43,0.0,0.0,1198778.0,409026558.56,3.21,3.48,3.37,3.45,3.43,0.67,8.78,318.94,0.96,5161156916.0,4683979010.0,-0.29,0.29,-4.46,6.52
3568,300977,深圳瑞捷,19.75,0.0,0.0,18914.0,37173714.0,2.28,19.93,19.48,19.73,19.75,0.92,2.0,-217.11,2.17,3006477858.0,1872341139.0,-0.15,0.1,-13.57,14.89
3569,300120,经纬辉开,7.5,0.0,0.0,85602.0,63894848.0,0.93,7.5,7.43,7.48,7.5,1.05,1.62,-348.65,1.44,4307954468.0,3955852515.0,0.27,0.27,-15.45,-11.76
3570,300155,安居宝,4.62,0.0,0.0,70955.0,32636662.0,1.95,4.64,4.55,4.6,4.62,0.99,2.15,-58.63,2.12,2592872177.0,1527957705.0,0.43,-0.22,-38.07,-29.68
3571,300135,宝利国际,3.74,0.0,0.0,137139.0,51277310.46,1.07,3.76,3.72,3.76,3.74,0.77,1.49,-255.22,3.65,3446784000.0,3446784000.0,0.27,-0.27,-7.2,-5.32
3572,603128,华贸物流,5.63,0.0,0.0,76868.0,43289166.0,0.71,5.65,5.61,5.62,5.63,0.78,0.59,18.02,1.22,7369931761.0,7369931761.0,-0.18,0.0,-7.55,-7.7
3573,300168,万达信息,5.54,0.0,0.0,105548.0,58393124.36,0.9,5.56,5.51,5.54,5.54,0.79,0.73,-14.68,6.47,7981082311.0,7973071299.0,0.18,0.18,-27.01,-14.24
3574,300173,ST福能,4.4,0.0,0.0,80240.0,35156178.0,1.59,4.43,4.36,4.4,4.4,0.87,1.09,-121.75,3.34,3232793071.0,3232793071.0,0.0,0.0,-0.9,4.02
3575,300497,富祥药业,18.84,0.0,0.0,457892.0,866928025.39,5.15,19.58,18.61,18.81,18.84,0.71,10.39,-191.23,4.64,10148145917.0,8305476223.0,0.11,0.0,17.6,24.69
3576,603111,康尼机电,6.84,0.0,0.0,39468.0,26931200.0,0.88,6.85,6.79,6.81,6.84,0.86,0.46,16.97,1.49,5896289796.0,5833689597.0,0.0,0.0,-2.84,-0.15
3577,300194,福安药业,4.18,0.0,0.0,77293.0,32224897.0,0.96,4.19,4.15,4.17,4.18,0.39,0.8,22.43,1.12,4972997757.0,4047678823.0,0.24,0.24,-9.13,-5.64
3578,300195,长荣股份,7.67,0.0,0.0,58241.0,44567235.0,1.04,7.69,7.61,7.63,7.67,0.84,1.86,366.24,1.21,3249838489.0,2407708729.0,0.0,0.0,-9.98,-4.24
3579,300197,节能铁汉,1.67,0.0,0.0,322860.0,54006467.31,1.8,1.69,1.66,1.67,1.67,0.87,1.09,-4.23,5.05,4952047794.0,4951922544.0,0.0,0.0,-7.22,-5.65
3580,300221,银禧科技,11.34,0.0,0.0,210260.0,237180411.42,3.09,11.43,11.08,11.23,11.34,0.89,4.6,48.52,3.67,5372378128.0,5184240656.0,0.0,-0.09,4.32,9.88
3581,601236,红塔证券,7.78,0.0,0.0,74139.0,57662458.0,0.51,7.8,7.76,7.78,7.78,0.74,0.16,30.24,1.45,36696608633.0,36696608633.0,0.0,0.0,-6.38,-5.01
3582,603089,正裕工业,12.85,0.0,0.0,19537.0,25100949.0,1.56,12.95,12.75,12.88,12.85,0.92,0.81,20.14,2.06,3542992118.0,3084427494.0,-0.08,-0.08,-2.21,1.42
3583,300190,维尔利,4.14,0.0,0.0,217108.0,89275697.39,2.9,4.17,4.05,4.13,4.14,0.75,2.3,-11.27,1.27,3925088667.0,3909160398.0,-0.24,0.0,-4.61,-3.5
3584,601500,通用股份,4.22,0.0,0.0,81839.0,34507247.0,1.42,4.24,4.18,4.2,4.22,0.63,0.52,45.68,1.09,6706912402.0,6680263102.0,0.0,0.0,-10.78,-12.45
3585,601518,吉林高速,2.8,0.0,0.0,141025.0,39492053.0,0.71,2.81,2.79,2.8,2.8,0.46,0.75,10.78,0.93,5293548873.0,5293548873.0,0.0,0.0,1.08,-0.71
3586,300324,旋极信息,4.79,0.0,0.0,296721.0,142048766.63,1.88,4.83,4.74,4.75,4.79,0.85,1.74,-35.8,3.0,8275158950.0,8190856162.0,0.0,0.21,-25.04,-19.9
3587,688425,铁建重工,4.85,0.0,0.0,163642.0,79298976.0,0.82,4.86,4.82,4.84,4.85,0.75,0.31,17.44,1.39,25867460450.0,25867460450.0,0.0,0.0,-7.62,-4.34
3588,300340,科恒股份,11.3,0.0,0.0,45415.0,51246230.0,1.5,11.35,11.18,11.21,11.3,0.65,1.66,-14.24,36.27,3113316280.0,3090132601.0,0.09,0.18,-20.92,-8.28
3589,300343,ST联创,6.76,0.0,0.0,129274.0,86964200.63,1.92,6.8,6.67,6.75,6.76,0.71,1.21,184.86,3.71,7222214182.0,7207643070.0,0.0,0.0,12.11,12.11
3590,603035,常熟汽饰,14.42,0.0,0.0,34492.0,49729384.0,1.11,14.49,14.33,14.39,14.42,1.08,0.94,15.26,1.0,5282724894.0,5282724894.0,0.0,0.14,-10.88,-6.79
3591,300355,蒙草生态,3.77,0.0,0.0,232405.0,87327605.25,0.8,3.77,3.74,3.76,3.77,0.38,1.79,61.0,1.41,6047992645.0,4895227972.0,0.0,0.0,-8.94,-6.68
3592,300370,安控科技,2.51,0.0,0.0,159054.0,39870390.0,0.8,2.52,2.5,2.5,2.51,0.88,1.02,-31.88,8.59,3929094325.0,3919289911.0,0.4,0.0,-9.71,-3.83
3593,601528,瑞丰银行,5.25,0.0,0.0,115161.0,60449554.0,0.76,5.27,5.23,5.24,5.25,0.93,0.66,5.24,0.52,10301347324.0,9105896825.0,-0.19,0.0,-3.49,-7.89
3594,300786,国林科技,15.0,0.0,0.0,36572.0,54634201.0,1.67,15.07,14.82,14.97,15.0,0.81,2.5,-116.78,2.49,2760238185.0,2195058285.0,-0.07,-0.07,-13.29,-7.92
3595,300420,五洋自控,3.69,0.0,0.0,169643.0,62437490.5,1.63,3.71,3.65,3.69,3.69,0.88,1.52,79.68,1.74,4119455340.0,4119135417.0,-0.27,-0.27,-14.39,-7.52
3596,300765,新诺威,32.87,0.0,0.0,156421.0,525370199.33,6.94,34.86,32.58,32.7,32.87,0.97,1.11,-191.47,17.31,46168970069.0,46168970069.0,0.0,0.03,-18.15,-8.87
3597,688511,*ST天微,22.45,0.0,0.0,,,0.0,,,,22.45,,0.0,87.92,2.73,3001068518.0,3001068518.0,0.0,0.0,-5.71,2.79
3598,600665,天地源,3.23,0.0,0.0,96053.0,30673970.0,3.41,3.25,3.14,3.24,3.23,0.87,1.11,-9.54,1.05,2791115743.0,2791115743.0,-0.62,-0.62,-3.58,-1.52
3599,000042,中洲控股,8.88,0.0,0.0,52555.0,46515646.0,3.04,8.94,8.67,8.87,8.88,1.42,0.79,-6.54,2.53,5903700514.0,5897229996.0,0.0,-0.22,5.46,16.54
3600,300573,兴齐眼药,67.18,-0.01,-0.01,45571.0,304944882.36,1.68,67.6,66.47,67.14,67.19,1.26,2.4,20.73,8.87,16555135624.0,12732715220.0,-0.22,-0.21,-12.56,-4.42
3601,603402,陕西旅游,136.88,-0.01,-0.02,13126.0,179794342.0,2.11,137.99,135.1,137.11,136.9,0.74,6.79,27.55,3.66,10585386758.0,2646346758.0,0.0,0.0,-12.17,70.16
3602,301338,凯格精机,180.89,-0.01,-0.02,48755.0,876394972.02,4.97,184.0,175.0,178.0,180.91,0.92,8.24,119.04,12.29,19246696000.0,10699643500.0,0.17,0.41,94.48,105.3
3603,002080,中材科技,49.29,-0.02,-0.01,527669.0,2637519062.95,4.67,51.3,49.0,49.38,49.3,0.8,3.14,45.5,4.15,82714711455.0,82714711455.0,0.12,0.06,27.04,35.64
3604,688377,迪威尔,40.29,-0.02,-0.01,21194.0,83985342.0,4.39,40.68,38.91,40.6,40.3,1.11,1.09,65.7,4.15,7842155269.0,7842155269.0,0.02,-0.07,-0.74,9.78
3605,603409,汇通控股,43.53,-0.02,-0.01,50426.0,218159514.0,2.73,43.99,42.8,43.53,43.54,1.31,13.94,37.22,3.6,5486085900.0,1574232327.0,0.3,-0.02,17.02,16.92
3606,603418,友升股份,51.26,-0.02,-0.01,7224.0,37004507.0,0.86,51.5,51.06,51.3,51.27,0.99,1.75,20.67,2.24,9896688439.0,2120350011.0,-0.04,-0.04,-12.12,-15.27
3607,688120,华海清科,189.09,-0.02,-0.03,44040.0,828674568.0,4.21,191.0,183.03,187.7,189.12,0.89,1.25,61.6,8.94,66872054978.0,66872054978.0,-0.2,-0.04,4.15,25.99
3608,603345,安井食品,92.77,-0.02,-0.02,36045.0,336003881.0,3.29,94.66,91.61,93.0,92.79,0.88,1.23,22.75,2.0,30919214222.0,27208905903.0,0.25,0.16,9.23,17.02
3609,300331,苏大维格,46.67,-0.02,-0.01,102803.0,480260166.85,4.39,47.65,45.6,46.8,46.68,0.98,4.89,254.73,7.75,12118438888.0,9810779320.0,0.02,-0.02,1.43,44.22
3610,300908,仲景食品,29.12,-0.03,-0.01,14152.0,41082862.37,1.54,29.25,28.8,29.15,29.13,0.87,1.15,19.79,2.3,4251520000.0,3593509163.0,0.0,0.1,0.97,5.13
3611,600482,中国动力,38.2,-0.03,-0.01,437442.0,1687051487.0,5.71,39.7,37.52,38.21,38.21,0.74,1.93,53.81,2.15,86647011258.0,86647011258.0,-0.03,0.05,51.83,84.54
3612,000651,格力电器,36.94,-0.03,-0.01,269786.0,995994349.16,0.57,37.01,36.8,36.93,36.95,1.11,0.49,7.23,1.43,206915928073.0,203729846276.0,0.0,0.0,-5.57,-5.81
3613,688232,新点软件,22.43,-0.04,-0.01,21514.0,48289502.0,1.34,22.6,22.3,22.52,22.44,1.04,0.67,199.84,1.33,7222055699.0,7222055699.0,-0.18,0.0,-28.93,-9.63
3614,300769,德方纳米,47.89,-0.04,-0.02,144537.0,692006665.44,2.86,48.58,47.21,47.7,47.91,0.69,5.74,-18.5,2.58,13418204757.0,12056665621.0,-0.02,-0.02,3.84,8.82
3615,301133,金钟股份,45.91,-0.04,-0.02,40175.0,181565171.62,5.9,46.5,43.79,45.81,45.93,1.19,3.61,160.62,4.83,5576532708.0,5102252337.0,0.02,0.07,14.83,19.84
3616,301616,浙江华业,51.94,-0.04,-0.02,5875.0,30440778.0,1.56,52.37,51.56,51.86,51.96,0.71,2.07,17.22,2.91,4155200000.0,1475189025.0,0.08,0.04,-1.96,1.68
3617,688330,宏力达,50.05,-0.04,-0.02,26320.0,131707948.0,1.72,50.56,49.7,50.0,50.07,0.97,1.88,10.97,1.59,7007000000.0,7007000000.0,0.0,-0.06,21.33,38.53
3618,688282,理工导航,89.97,-0.04,-0.04,20319.0,183892615.0,5.32,92.99,88.2,89.97,90.01,0.83,2.31,-857.5,6.22,7917360000.0,7917360000.0,-0.02,-0.14,9.2,41.69
3619,002782,可立克,23.05,-0.04,-0.01,126270.0,291407211.76,3.51,23.56,22.75,23.06,23.06,1.21,2.6,38.15,5.16,11431970500.0,11213852660.0,0.09,0.13,16.3,26.93
3620,688739,成大生物,24.37,-0.04,-0.01,14282.0,34884649.0,1.07,24.54,24.28,24.38,24.38,0.89,0.34,77.01,1.08,10148886500.0,10148886500.0,-0.04,0.0,-9.34,-5.4
3621,603978,深圳新星,25.19,-0.04,-0.01,59402.0,149709131.0,2.58,25.59,24.94,25.15,25.2,0.55,2.81,-64.5,3.52,5317465392.0,5317465392.0,-0.04,0.12,-6.18,-10.8
3622,603726,朗迪集团,23.85,-0.04,-0.01,19008.0,45416255.0,1.63,24.09,23.7,23.82,23.86,0.99,1.03,18.89,3.15,4427781120.0,4405242870.0,0.25,0.25,-4.14,-1.45
3623,603266,天龙股份,19.97,-0.05,-0.01,19375.0,38696865.0,1.3,20.06,19.8,19.86,19.98,0.72,0.97,36.02,2.53,3971768398.0,3971768398.0,0.0,0.0,-11.24,-12.26
3624,601579,会稽山,18.84,-0.05,-0.01,68800.0,129847681.0,1.11,18.98,18.77,18.86,18.85,0.6,1.43,36.92,2.4,9033090626.0,9033090626.0,-0.05,0.11,-7.69,-7.05
3625,600749,西藏旅游,20.29,-0.05,-0.01,400314.0,831593329.0,12.61,22.0,19.44,20.1,20.3,1.14,17.64,106.08,4.28,4605130340.0,4605130340.0,0.0,-0.83,16.95,18.79
3626,300815,玉禾田,21.45,-0.05,-0.01,32629.0,69985034.2,1.03,21.56,21.34,21.46,21.46,0.93,0.84,14.87,1.94,8549798400.0,8373664042.0,0.09,0.19,-17.21,-5.84
3627,300535,达威股份,19.67,-0.05,-0.01,20166.0,39467305.03,2.08,19.77,19.36,19.77,19.68,0.95,2.48,59.26,2.18,2105080705.0,1596437775.0,0.05,0.05,4.63,10.13
3628,600529,山东药玻,18.55,-0.05,-0.01,37339.0,69366345.0,0.65,18.65,18.53,18.57,18.56,0.81,0.56,17.85,1.48,12310041796.0,12310041796.0,-0.05,-0.11,-13.28,-6.92
3629,601066,中信建投,21.83,-0.05,-0.01,75612.0,165045385.0,0.69,21.91,21.76,21.91,21.84,0.9,0.12,17.94,2.04,169328647419.0,141800498694.0,-0.05,-0.05,-13.65,-17.96
3630,300174,元力股份,17.47,-0.06,-0.01,132602.0,232676576.26,2.92,17.79,17.28,17.36,17.48,1.43,3.66,27.88,1.83,6362754989.0,6327538946.0,0.0,0.0,5.18,13.44
3631,603099,长白山,36.02,-0.06,-0.02,41049.0,147066015.0,1.83,36.02,35.36,35.76,36.04,0.65,1.54,75.84,6.56,9810258077.0,9605453400.0,0.06,0.03,-28.66,-20.22
3632,603276,恒兴新材,16.88,-0.06,-0.01,16039.0,27042567.0,1.48,16.97,16.72,16.86,16.89,1.08,2.12,64.94,2.01,3505123509.0,1276842497.0,-0.41,-0.3,-5.38,1.69
3633,300561,*ST汇科,18.08,-0.06,-0.01,178872.0,317250001.22,5.09,18.27,17.35,17.78,18.09,0.73,7.42,-388.05,10.17,5932192188.0,4358320938.0,0.0,0.17,-22.67,22.91
3634,601995,中金公司,33.85,-0.06,-0.02,110605.0,374754937.0,0.89,34.06,33.76,33.99,33.87,0.8,0.38,16.69,1.63,163402644982.0,98961911594.0,-0.03,0.03,-3.67,-3.29
3635,000963,华东医药,34.43,-0.06,-0.02,75787.0,260492244.94,0.9,34.53,34.22,34.35,34.45,0.64,0.43,16.48,2.5,60381159677.0,60356240964.0,-0.03,-0.06,-11.47,-12.72
3636,600600,青岛啤酒,61.91,-0.06,-0.04,31238.0,193305971.0,0.71,62.06,61.62,61.91,61.95,0.85,0.44,18.41,2.76,84457319941.0,43901987131.0,0.02,-0.03,0.1,1.16
3637,603368,柳药集团,16.9,-0.06,-0.01,20066.0,33922834.0,0.65,16.96,16.85,16.9,16.91,0.51,0.51,7.8,0.87,6712871900.0,6712871900.0,0.0,-0.06,-9.04,-5.16
3638,603662,柯力传感,57.29,-0.07,-0.04,32800.0,188527700.0,1.13,57.85,57.2,57.8,57.33,1.13,1.17,47.49,5.84,16088743138.0,16088743138.0,0.0,0.02,-15.92,-20.43
3639,601699,潞安环能,13.35,-0.07,-0.01,294712.0,389974694.0,3.52,13.5,13.03,13.31,13.36,1.3,0.99,19.27,0.85,39935312820.0,39935312820.0,-0.07,-0.6,6.46,13.14
3640,920419,路斯股份,14.25,-0.07,-0.01,13729.0,19724477.1,2.73,14.53,14.14,14.3,14.26,1.02,1.42,23.79,2.38,1472116200.0,1377850655.0,0.0,0.07,-14.57,-10.88
3641,300465,高伟达,15.07,-0.07,-0.01,89348.0,134756820.86,1.66,15.2,14.95,15.08,15.08,0.88,2.01,233.04,9.81,6687302810.0,6687302810.0,0.07,0.0,-29.48,-25.14
3642,688315,诺禾致源,14.47,-0.07,-0.01,25209.0,36321419.0,1.73,14.53,14.28,14.34,14.48,0.74,0.61,51.12,2.25,6022414000.0,6022414000.0,0.0,0.14,-9.17,8.96
3643,002675,东诚药业,13.99,-0.07,-0.01,159177.0,224010710.2,2.64,14.25,13.88,13.98,14.0,0.63,2.14,58.97,2.65,11536093913.0,10399942076.0,-0.07,0.07,-4.37,1.82
3644,688526,科前生物,15.09,-0.07,-0.01,15100.0,22736216.0,0.79,15.13,15.01,15.1,15.1,0.68,0.32,16.8,1.66,7033872365.0,7033872365.0,-0.07,0.13,-6.51,-1.11
3645,300988,津荣天宇,28.05,-0.07,-0.02,30532.0,85739421.68,3.28,28.49,27.57,27.88,28.07,0.76,2.86,33.59,3.09,3935340864.0,2992089208.0,0.0,-0.11,8.38,23.3
3646,600737,中粮糖业,14.6,-0.07,-0.01,172640.0,252976115.0,1.92,14.78,14.5,14.62,14.61,0.86,0.81,28.73,2.77,31227184129.0,31227184129.0,-0.21,-0.07,-12.42,-15.17
3647,300994,久祺股份,15.16,-0.07,-0.01,25946.0,39436776.02,1.78,15.34,15.07,15.11,15.17,0.88,2.22,20.5,2.95,3533614080.0,1768626240.0,0.0,-0.13,-7.67,-3.99
3648,920871,派特尔,13.58,-0.07,-0.01,9466.0,12952676.15,2.87,13.88,13.49,13.64,13.59,1.71,2.01,105.58,4.38,1154512405.0,638451329.0,-0.15,0.07,-16.28,-10.66
3649,002104,恒宝股份,15.19,-0.07,-0.01,164001.0,249190716.86,0.86,15.25,15.12,15.16,15.2,0.58,2.73,216.36,5.02,10759671749.0,9109427871.0,0.0,0.07,-20.76,-29.71
3650,920212,智新电子,12.39,-0.08,-0.01,13082.0,16479537.04,4.35,12.8,12.26,12.4,12.4,1.7,2.54,125.34,3.1,1314579000.0,639352039.0,-0.16,-0.56,-15.48,-8.43
3651,605338,巴比食品,25.24,-0.08,-0.02,16298.0,41245498.0,1.78,25.48,25.03,25.27,25.26,0.61,0.68,32.02,2.54,6046662549.0,6046662549.0,0.0,0.0,-18.45,-19.41
3652,301371,敷尔佳,24.21,-0.08,-0.02,11667.0,28187298.5,0.91,24.25,24.03,24.19,24.23,0.5,1.5,29.05,2.25,12591717840.0,1883281374.0,-0.12,-0.08,-2.1,2.2
3653,002649,博彦科技,11.98,-0.08,-0.01,83575.0,100302765.0,1.08,12.06,11.93,12.0,11.99,1.02,1.52,28.72,1.65,7012427493.0,6571549573.0,-0.17,0.0,-20.66,-9.17
3654,688052,纳芯微,169.57,-0.08,-0.13,34680.0,588490164.0,4.07,173.8,166.9,170.59,169.7,1.14,2.43,-120.49,3.61,27576055534.0,24168546384.0,0.34,0.68,-1.26,7.2
3655,002312,川发龙蟒,11.47,-0.09,-0.01,272604.0,312201058.56,1.57,11.55,11.37,11.44,11.48,0.95,1.45,37.18,2.25,21652025029.0,21607406201.0,0.0,0.09,-1.21,4.94
3656,002847,盐津铺子,54.0,-0.09,-0.05,17685.0,95649982.72,1.2,54.46,53.81,53.9,54.05,0.7,0.73,19.68,6.9,14726322666.0,13167398448.0,0.02,0.04,-25.7,-20.95
3657,603230,内蒙新华,11.15,-0.09,-0.01,25742.0,28626719.0,0.9,11.16,11.06,11.11,11.16,0.26,0.73,22.55,1.42,3941781450.0,3941781450.0,0.0,-0.09,-13.83,-9.72
3658,920207,众诚科技,31.72,-0.09,-0.03,67047.0,220207034.95,7.37,33.91,31.57,32.88,31.75,1.8,11.91,3716.76,9.82,2924425400.0,1786294925.0,0.0,0.06,-2.46,42.56
3659,301678,新恒汇,63.9,-0.09,-0.06,16233.0,103581434.27,1.17,64.3,63.55,64.28,63.96,0.9,3.39,95.8,8.02,15307594341.0,3061518907.0,0.0,0.05,-9.66,-0.5
3660,301489,思泉新材,219.0,-0.09,-0.2,44934.0,983773813.64,4.54,223.09,213.13,219.2,219.2,0.89,9.44,208.9,16.32,17685096873.0,10424493513.0,-0.16,-0.13,24.09,10.05
3661,600476,湘邮科技,11.25,-0.09,-0.01,53481.0,59854819.0,2.04,11.3,11.07,11.18,11.26,1.0,3.32,-48.93,15.95,1812037500.0,1812037500.0,0.18,0.18,-33.67,-29.73
3662,000409,云鼎科技,10.86,-0.09,-0.01,63704.0,69155689.4,1.2,10.92,10.79,10.85,10.87,0.74,1.08,89.32,4.58,7360370484.0,6412649550.0,0.0,0.0,-13.88,-2.51
3663,301356,天振股份,21.5,-0.09,-0.02,11397.0,24459354.82,1.44,21.62,21.31,21.5,21.52,1.17,2.08,40.86,1.55,4644000000.0,1178415000.0,-0.05,-0.05,-5.95,1.46
3664,002399,海普瑞,11.11,-0.09,-0.01,34926.0,38764934.2,1.62,11.18,11.0,11.18,11.12,0.89,0.28,46.64,1.35,16301660826.0,13856410931.0,-0.27,0.0,-10.04,-5.77
3665,688589,力合微,22.63,-0.09,-0.02,20395.0,46172758.0,1.28,22.77,22.48,22.55,22.65,0.75,1.4,159.91,3.45,3288784362.0,3288784362.0,-0.31,0.09,-5.98,-0.53
3666,605166,聚合顺,11.32,-0.09,-0.01,119661.0,135177201.0,2.21,11.42,11.17,11.33,11.33,1.05,3.8,24.6,1.82,3562774617.0,3562774617.0,-0.09,-0.09,6.49,9.16
3667,600637,东方明珠,9.99,-0.1,-0.01,428711.0,427623169.0,1.7,10.05,9.88,9.96,10.0,0.93,1.28,54.39,1.12,33585379172.0,33585379172.0,-0.1,-0.1,-32.95,1.42
3668,603969,银龙股份,9.69,-0.1,-0.01,122823.0,118891563.0,1.96,9.79,9.6,9.79,9.7,0.91,1.46,23.08,3.0,8445162522.0,8176503396.0,0.1,0.0,-7.63,-4.15
3669,300147,ST香雪,10.32,-0.1,-0.01,134136.0,139346801.44,2.9,10.58,10.28,10.33,10.33,0.67,2.04,-14.14,9.85,6824399744.0,6784351003.0,-0.1,-0.1,11.09,13.41
3670,603816,顾家家居,31.32,-0.1,-0.03,63070.0,198532716.0,2.42,31.86,31.1,31.18,31.35,0.78,0.78,12.54,2.49,25727861575.0,25437046355.0,0.45,0.22,0.19,1.89
3671,300439,美康生物,9.89,-0.1,-0.01,25157.0,24863980.0,0.81,9.93,9.85,9.93,9.9,0.44,0.86,47.09,1.29,3800913080.0,2891163984.0,-0.1,0.1,-4.54,0.41
3672,603998,方盛制药,10.34,-0.1,-0.01,62879.0,64727956.0,1.35,10.38,10.24,10.37,10.35,0.57,1.43,12.69,2.72,4540101262.0,4540101262.0,0.0,0.1,-12.0,-6.76
3673,002003,伟星股份,10.08,-0.1,-0.01,63872.0,64677355.11,1.88,10.21,10.02,10.02,10.09,1.09,0.62,18.59,2.63,11984007702.0,10302776749.0,-0.1,-0.1,-3.45,-4.91
3674,688037,芯源微,181.82,-0.1,-0.18,57637.0,1052750608.0,6.32,188.28,176.78,178.2,182.0,1.05,2.86,511.26,13.13,36659874959.0,36659874959.0,-0.05,-0.21,-13.04,22.43
3675,300161,华中数控,29.35,-0.1,-0.03,29285.0,85542212.3,1.29,29.38,29.0,29.25,29.38,1.24,1.5,-73.51,3.79,5831754191.0,5723100403.0,0.0,0.0,-5.6,1.07
3676,300757,罗博特科,523.46,-0.1,-0.54,69595.0,3629910229.19,4.4,533.96,510.88,524.0,524.0,0.98,4.62,-1320.52,52.43,87736141784.0,78860701078.0,-0.1,0.12,80.4,124.37
3677,002036,联创电子,9.11,-0.11,-0.01,189911.0,173788470.89,1.43,9.2,9.07,9.1,9.12,0.85,1.8,141.91,4.48,9634718290.0,9615311430.0,-0.22,-0.11,-24.02,-17.33
3678,300333,兆日科技,9.18,-0.11,-0.01,52456.0,48191293.85,1.31,9.26,9.14,9.22,9.19,0.75,1.57,-358.18,5.32,3084480000.0,3073281015.0,0.0,0.0,-23.5,-20.17
3679,001285,瑞立科密,54.7,-0.11,-0.06,15462.0,84324243.31,1.86,55.17,54.15,54.7,54.76,0.9,3.73,29.59,2.6,9855746665.0,2269873319.0,-0.02,-0.04,-7.99,-6.19
3680,600133,东湖高新,8.74,-0.11,-0.01,312563.0,271489751.0,3.2,8.86,8.58,8.71,8.75,1.7,2.93,92.35,1.06,9318936508.0,9318936508.0,0.0,0.11,-19.52,-3.74
3681,603586,金麒麟,18.32,-0.11,-0.02,14832.0,27231142.0,1.64,18.48,18.18,18.34,18.34,0.87,0.76,26.34,1.56,3591686930.0,3591686930.0,0.0,0.11,-3.32,-3.98
3682,920011,晨光电机,26.74,-0.11,-0.03,61012.0,164543108.72,5.34,27.67,26.24,26.61,26.77,1.28,32.8,23.64,2.99,2210506676.0,497364027.0,0.22,0.79,72.52,72.52
3683,603055,台华新材,9.45,-0.11,-0.01,55013.0,52001927.0,1.59,9.52,9.37,9.45,9.46,0.7,0.62,15.84,1.6,8413271203.0,8382626743.0,0.0,0.32,1.83,0.11
3684,300513,恒实科技,8.84,-0.11,-0.01,49914.0,44181924.84,1.69,8.91,8.76,8.86,8.85,0.68,1.73,-24.17,2.1,2773029810.0,2548376035.0,0.11,0.0,-15.97,-6.85
3685,002601,龙佰集团,17.67,-0.11,-0.02,206222.0,364438941.17,2.15,17.93,17.55,17.68,17.69,1.05,1.04,18.87,1.79,42129663150.0,35120941229.0,-0.06,-0.06,-10.94,-9.75
3686,002546,新联电子,8.96,-0.11,-0.01,323148.0,288025881.0,2.23,9.01,8.81,8.95,8.97,0.98,4.03,20.5,1.92,7473079900.0,7179039580.0,0.0,0.0,14.43,28.18
3687,002530,金财互联,9.2,-0.11,-0.01,181107.0,166318907.5,1.41,9.26,9.13,9.2,9.21,0.76,2.61,110.53,5.38,7168623210.0,6395134673.0,0.11,0.11,-17.71,-14.66
3688,000423,东阿阿胶,53.97,-0.11,-0.06,87922.0,473414429.75,3.04,54.24,52.6,53.84,54.03,1.26,1.37,19.99,3.36,34755429191.0,34694630313.0,-0.04,-0.07,9.65,9.96
3689,002352,顺丰控股,36.66,-0.11,-0.04,163443.0,598737136.44,0.82,36.8,36.5,36.55,36.7,0.75,0.34,16.62,1.86,184745518794.0,174868639150.0,-0.05,0.0,-6.46,-4.33
3690,600718,东软集团,9.0,-0.11,-0.01,130333.0,117481880.0,0.78,9.05,8.98,9.05,9.01,1.25,1.09,158.1,1.14,10767949668.0,10767949668.0,-0.22,-0.22,-24.87,-10.63
3691,600757,长江传媒,8.74,-0.11,-0.01,97956.0,85423114.0,0.91,8.76,8.68,8.72,8.75,0.97,0.81,10.46,1.06,10607303386.0,10605964680.0,-0.11,-0.11,-5.31,-1.58
3692,600237,铜峰电子,9.32,-0.11,-0.01,230455.0,215287245.0,1.61,9.4,9.25,9.34,9.33,0.59,3.69,49.03,3.0,5878162725.0,5821419209.0,-0.11,-0.21,-11.15,4.02
3693,601001,晋控煤业,16.91,-0.12,-0.02,108491.0,184210847.0,3.6,17.32,16.71,16.82,16.93,0.72,0.65,16.63,1.51,28302267000.0,28302267000.0,0.0,0.0,18.58,28.59
3694,002756,永兴材料,74.74,-0.12,-0.09,201803.0,1524405334.4,6.36,78.46,73.7,75.48,74.83,0.97,5.19,56.85,3.22,40292449100.0,29053728108.0,0.01,0.23,39.7,37.77
3695,300504,天邑股份,16.07,-0.12,-0.02,58338.0,94198536.0,2.11,16.32,15.98,16.0,16.09,0.82,2.67,-59.14,2.05,4355365001.0,3507302103.0,0.0,0.12,4.69,7.92
3696,300636,同和药业,8.04,-0.12,-0.01,56061.0,44905455.5,1.74,8.09,7.95,8.0,8.05,0.74,1.53,30.27,1.42,3376410020.0,2953555779.0,0.0,0.0,3.88,7.06
3697,002543,万和电气,8.49,-0.12,-0.01,39309.0,33355947.0,0.94,8.51,8.43,8.47,8.5,0.87,0.59,9.88,1.25,6313164000.0,5617077415.0,-0.12,-0.12,-17.17,-16.85
3698,603535,嘉诚国际,8.25,-0.12,-0.01,28523.0,23547365.0,1.21,8.31,8.21,8.21,8.26,0.96,0.56,21.25,1.6,4215075439.0,4215075439.0,-0.12,0.0,-20.29,-22.97
3699,300308,中际旭创,850.0,-0.12,-1.0,272631.0,23357063772.37,4.51,878.98,840.58,849.0,851.0,0.89,2.46,41.17,26.54,944450583900.0,940126219100.0,-0.22,-0.18,36.0,39.34
3700,002827,高争民爆,32.62,-0.12,-0.04,17068.0,55656843.5,1.01,32.8,32.47,32.64,32.66,0.69,0.62,45.64,8.47,9037240520.0,9003078410.0,0.03,0.09,-13.18,-13.54
3701,605368,蓝天燃气,8.22,-0.12,-0.01,27404.0,22483357.0,0.61,8.24,8.19,8.24,8.23,0.93,0.38,16.81,1.83,5874307221.0,5874307221.0,0.0,0.0,4.05,6.48
3702,301062,上海艾录,8.16,-0.12,-0.01,34407.0,28109305.72,1.35,8.24,8.13,8.14,8.17,0.59,1.1,-55.28,2.42,3535663903.0,2556066454.0,-0.24,-0.12,-11.69,-0.97
3703,601200,上海环境,8.04,-0.12,-0.01,85233.0,68434474.0,0.87,8.07,8.0,8.07,8.05,1.12,0.63,17.95,0.93,10823691218.0,10823691218.0,-0.12,-0.12,-1.71,-0.12
3704,300673,佩蒂股份,16.16,-0.12,-0.02,30200.0,48842119.3,2.1,16.37,16.03,16.18,16.18,0.86,1.88,26.39,2.18,3996462617.0,2592604229.0,0.12,0.25,-13.81,-9.87
3705,002474,榕基软件,7.49,-0.13,-0.01,154006.0,115474607.5,1.73,7.58,7.45,7.48,7.5,1.17,2.9,-107.37,3.41,4660278000.0,3975436928.0,0.27,0.13,-27.42,-24.04
3706,300539,横河精密,30.57,-0.13,-0.04,132536.0,401490349.28,3.4,30.92,29.88,30.43,30.61,1.33,6.08,155.36,6.93,8195837237.0,6660843405.0,0.0,0.59,-18.39,-27.25
3707,688015,交控科技,22.88,-0.13,-0.03,14044.0,32002088.0,2.05,23.05,22.58,22.98,22.91,0.95,0.74,27.75,1.62,4317015377.0,4317015377.0,0.09,0.13,-6.04,0.44
3708,300137,先河环保,15.25,-0.13,-0.02,404045.0,616535966.52,6.02,15.8,14.88,15.61,15.27,0.63,7.62,1108.95,5.01,8182878703.0,8083020117.0,-0.07,-0.13,43.73,47.2
3709,600332,白云山,22.75,-0.13,-0.03,74313.0,169154984.0,0.44,22.81,22.71,22.81,22.78,0.94,0.53,12.4,0.98,36986744090.0,31984019090.0,-0.04,0.0,-9.61,-11.62
3710,002448,中原内配,15.16,-0.13,-0.02,166664.0,251369687.5,2.57,15.26,14.87,15.2,15.18,0.96,3.66,20.53,2.39,8920290233.0,6905947120.0,0.0,0.07,16.44,17.25
3711,603186,华正新材,75.25,-0.13,-0.1,136258.0,1031299156.0,4.57,77.34,73.9,75.89,75.35,1.11,8.69,42.64,6.36,11798486480.0,11798486480.0,0.04,0.04,36.35,51.71
3712,002121,科陆电子,7.61,-0.13,-0.01,277496.0,210956876.75,1.44,7.66,7.55,7.58,7.62,0.91,1.98,-80.91,35.46,12638814996.0,10653399982.0,-0.13,-0.13,-17.64,-1.17
3713,688228,开普云,109.77,-0.13,-0.14,17749.0,195338186.0,2.02,111.33,109.11,109.68,109.91,0.92,2.63,-686.12,5.66,7415046925.0,7415046925.0,0.15,0.15,-47.84,-43.59
3714,002200,*ST交投,7.74,-0.13,-0.01,27662.0,21534882.0,2.84,7.87,7.65,7.87,7.75,1.12,1.41,60.82,2.68,3491711997.0,1514919008.0,-0.13,0.0,4.88,3.06
3715,688103,国力电子,59.24,-0.13,-0.08,13250.0,78845523.0,3.03,60.65,58.85,59.33,59.32,1.2,1.39,80.16,5.05,5646494130.0,5646494130.0,0.0,0.12,-13.39,-2.23
3716,000978,桂林旅游,7.9,-0.13,-0.01,511100.0,394719885.49,5.69,7.94,7.49,7.68,7.91,0.74,10.92,335.2,3.41,3698227000.0,3698149975.0,-0.13,0.25,8.07,9.12
3717,300296,利亚德,7.75,-0.13,-0.01,1082152.0,838000561.81,1.29,7.8,7.7,7.73,7.76,0.99,4.76,68.41,2.59,21017823471.0,17627584855.0,-0.13,0.13,13.47,22.63
3718,600901,江苏金租,6.91,-0.14,-0.01,235503.0,162517636.0,1.3,6.95,6.86,6.92,6.92,0.68,0.41,12.27,1.6,40021797038.0,40012026298.0,-0.14,-0.14,13.09,12.91
3719,603062,麦加芯彩,50.06,-0.14,-0.07,8285.0,41420034.0,2.15,50.38,49.3,49.76,50.13,0.85,2.23,25.72,2.59,5406480000.0,1855879386.0,0.22,0.12,3.69,5.9
3720,002238,天威视讯,7.31,-0.14,-0.01,45891.0,33552714.65,1.64,7.37,7.25,7.28,7.32,0.98,0.57,-103.33,2.76,5866707460.0,5866707460.0,-0.14,0.14,-19.32,-10.09
3721,002767,先锋电子,21.95,-0.14,-0.03,41928.0,91640867.5,1.77,22.1,21.71,21.98,21.98,1.29,3.22,118.34,3.87,3292500000.0,2857857536.0,-0.05,0.09,-3.94,-4.19
3722,002483,润邦股份,6.91,-0.14,-0.01,66539.0,45991631.0,1.59,6.95,6.84,6.93,6.92,0.97,0.75,20.5,1.4,6125496734.0,6117083021.0,-0.14,0.0,-4.43,-3.22
3723,300633,开立医疗,28.15,-0.14,-0.04,124969.0,353103362.64,3.23,28.76,27.85,27.89,28.19,1.44,4.66,61.74,3.73,12180854201.0,7543952702.0,-0.04,-0.04,-5.35,6.55
3724,002676,顺威股份,6.99,-0.14,-0.01,99857.0,69686376.0,1.29,7.02,6.93,6.99,7.0,0.59,1.39,63.13,3.8,5032800000.0,5032635448.0,0.0,-0.14,-15.58,-15.17
3725,688382,益方生物-U,22.04,-0.14,-0.03,167588.0,374953452.0,5.03,22.93,21.82,22.01,22.07,0.85,2.9,-40.23,8.3,12746800742.0,12746800742.0,-0.14,0.23,-26.21,-19.09
3726,920779,武汉蓝电,36.48,-0.14,-0.05,17954.0,65672011.97,3.56,37.3,36.0,36.06,36.53,0.93,8.96,46.51,5.95,2921125786.0,730811209.0,0.0,-0.46,-5.22,7.8
3727,300241,瑞丰光电,6.96,-0.14,-0.01,425733.0,295089564.0,2.01,7.01,6.87,6.92,6.97,1.11,7.26,71.38,2.18,4873836375.0,4081203874.0,0.0,0.0,18.57,24.51
3728,600104,上汽集团,13.9,-0.14,-0.02,386581.0,537445854.0,0.65,13.95,13.86,13.94,13.92,0.93,0.34,15.81,0.53,159784357306.0,159784357306.0,0.0,0.0,-6.52,-8.67
3729,688207,格灵深瞳,14.6,-0.14,-0.02,36653.0,53624435.0,1.5,14.75,14.53,14.71,14.62,1.13,1.42,-20.97,2.01,3781007946.0,3781007946.0,0.21,0.0,-22.13,-3.95
3730,002048,宁波华翔,27.96,-0.14,-0.04,149618.0,420217335.18,2.93,28.48,27.66,27.9,28.0,0.97,2.11,192.35,2.02,22754774091.0,19845993097.0,-0.25,-0.14,-4.51,-11.13
3731,601633,长城汽车,20.7,-0.14,-0.03,139764.0,290089517.0,1.54,20.97,20.65,20.71,20.73,1.06,0.23,17.96,2.02,177147955886.0,128531337656.0,-0.14,-0.05,-4.61,-8.53
3732,002925,盈趣科技,19.95,-0.15,-0.03,111777.0,223752076.98,2.05,20.29,19.88,19.92,19.98,0.86,1.53,26.68,3.05,15394797607.0,14584409954.0,0.0,-0.05,-2.92,17.77
3733,300121,阳谷华泰,12.91,-0.15,-0.02,98973.0,127515341.34,1.55,13.01,12.81,12.99,12.93,0.86,2.31,29.13,1.63,5747980429.0,5543035909.0,0.23,0.23,-4.16,2.3
3734,688012,中微公司,313.54,-0.15,-0.46,113499.0,3544381331.0,4.34,317.5,303.88,309.58,314.0,0.94,1.81,93.09,8.65,196563810147.0,196563810147.0,-0.05,0.06,-15.49,14.97
3735,301318,维海德,27.21,-0.15,-0.04,8799.0,23945066.0,1.03,27.39,27.11,27.37,27.25,0.84,0.99,32.13,1.96,3681482661.0,2415792178.0,-0.04,-0.04,-9.87,-1.56
3736,300271,华宇软件,6.68,-0.15,-0.01,87071.0,58373184.24,1.35,6.76,6.67,6.68,6.69,1.06,1.09,-29.52,1.48,5423229296.0,5325579927.0,0.0,0.0,-21.04,-7.99
3737,920580,科创新材,13.72,-0.15,-0.02,33528.0,46819193.53,4.66,14.27,13.63,13.99,13.74,2.27,6.12,66.68,3.45,1179920000.0,751349375.0,-0.29,-0.29,-12.5,-7.55
3738,002193,如意集团,6.54,-0.15,-0.01,106836.0,68680292.03,4.27,6.56,6.28,6.52,6.55,1.0,4.08,-10.7,3.13,1711619697.0,1711609887.0,0.15,0.31,20.22,22.93
3739,688236,春立医疗,20.52,-0.15,-0.03,14251.0,29231404.0,1.95,20.72,20.32,20.72,20.55,0.75,0.49,28.88,2.64,7870825620.0,5918542560.0,-0.24,-0.1,-25.0,-9.48
3740,002027,分众传媒,6.2,-0.16,-0.01,983849.0,611602262.74,1.45,6.26,6.17,6.19,6.21,0.69,0.68,15.84,5.44,89541638301.0,89541638301.0,0.0,0.16,-18.1,-15.88
3741,601696,中银证券,12.53,-0.16,-0.02,237109.0,297317799.0,0.88,12.6,12.49,12.55,12.55,0.69,0.85,30.57,1.86,34808340000.0,34808340000.0,0.08,-0.08,-12.19,-16.41
3742,003021,兆威机电,101.55,-0.16,-0.16,31142.0,316962467.03,1.73,102.96,101.2,102.45,101.71,0.96,1.5,106.82,7.02,27162868185.0,21051746588.0,0.0,0.09,-17.43,-18.22
3743,603779,威龙股份,6.3,-0.16,-0.01,39863.0,24996894.0,1.9,6.32,6.2,6.32,6.31,0.72,1.2,-135.86,3.82,2092121350.0,2092121350.0,0.0,0.32,-3.82,-2.17
3744,600256,广汇能源,6.14,-0.16,-0.01,1172245.0,719924649.0,2.11,6.23,6.1,6.17,6.15,0.66,1.83,29.09,1.65,39246898199.0,39246898199.0,0.0,0.16,21.83,24.8
3745,300381,溢多利,6.22,-0.16,-0.01,55878.0,34755865.0,1.44,6.26,6.17,6.2,6.23,0.74,1.14,125.84,1.18,3054402287.0,3043699614.0,0.0,0.0,-11.65,-4.6
3746,000930,中粮科技,6.43,-0.16,-0.01,155024.0,99936912.64,0.93,6.48,6.42,6.45,6.44,0.52,0.84,113.06,1.12,11936924606.0,11936318154.0,0.0,0.0,8.43,11.44
3747,000958,电投产融,6.08,-0.16,-0.01,225469.0,137063940.74,1.15,6.12,6.05,6.1,6.09,1.11,0.42,128.49,1.61,105628622660.0,32731082002.0,0.0,0.0,-13.51,-6.03
3748,603786,科博达,57.06,-0.16,-0.09,34059.0,194564886.0,1.87,57.8,56.73,57.35,57.15,1.08,0.84,26.74,4.23,23044063302.0,23044063302.0,0.04,0.09,-29.07,-26.94
3749,688105,诺唯赞,18.83,-0.16,-0.03,9809.0,18469928.0,1.48,18.94,18.66,18.71,18.86,0.68,0.25,-441.32,1.97,7489341464.0,7489341464.0,0.0,-0.05,-15.56,-5.94
3750,300376,易事特,6.42,-0.16,-0.01,248948.0,159478661.96,1.87,6.48,6.36,6.43,6.43,0.81,1.07,118.92,2.23,14947303856.0,14942132064.0,0.0,0.0,-14.85,-1.08
3751,600820,隧道股份,6.15,-0.16,-0.01,134218.0,82727557.0,0.97,6.19,6.13,6.17,6.16,1.15,0.43,11.99,0.62,19336190978.0,19336190978.0,0.0,0.0,-6.25,-5.24
3752,002480,新筑股份,6.14,-0.16,-0.01,112743.0,69142885.0,2.76,6.23,6.06,6.11,6.15,1.25,1.47,-28.04,5.6,4722695634.0,4713247101.0,0.0,0.16,-1.29,-1.29
3753,600075,新疆天业,6.14,-0.16,-0.01,277667.0,169333959.0,2.76,6.18,6.01,6.1,6.15,0.71,1.63,-183.72,1.18,10485868023.0,10485868023.0,-0.32,-0.32,12.87,24.04
3754,300520,科大国创,37.14,-0.16,-0.06,126854.0,469320142.76,2.02,37.3,36.55,36.91,37.2,0.66,4.56,-67.97,6.13,10846032009.0,10325233202.0,0.05,0.0,-25.6,6.45
3755,600755,厦门国贸,6.26,-0.16,-0.01,151911.0,95343214.0,0.8,6.31,6.26,6.27,6.27,0.82,0.71,17.39,0.68,13381508067.0,13347312129.0,-0.16,0.0,-8.88,-11.71
3756,001300,三柏硕,18.45,-0.16,-0.03,55179.0,101315778.0,2.87,18.55,18.02,18.21,18.48,0.72,2.26,-733.29,4.34,4497665613.0,4497665613.0,0.05,0.11,8.53,19.42
3757,920139,华岭股份,18.97,-0.16,-0.03,70393.0,134439126.35,4.79,19.6,18.69,18.8,19.0,1.4,2.71,-91.4,4.9,5112555226.0,4930868002.0,-0.05,0.11,-17.84,-9.23
3758,300479,神思电子,19.31,-0.16,-0.03,34037.0,65904792.69,1.29,19.51,19.26,19.34,19.34,0.84,1.73,226.64,6.76,3804859103.0,3802686728.0,0.0,0.05,-16.59,0.99
3759,301229,纽泰格,18.58,-0.16,-0.03,19186.0,35692508.37,1.77,18.8,18.47,18.61,18.61,1.13,1.48,80.24,3.1,3377481709.0,2402034291.0,0.11,0.05,-11.44,-18.11
3760,002515,金字火腿,6.39,-0.16,-0.01,945043.0,592203210.61,5.47,6.45,6.1,6.4,6.4,1.08,7.81,263.55,2.96,7735824508.0,7735731917.0,-0.16,0.0,2.9,4.93
3761,600066,宇通客车,35.98,-0.17,-0.06,131215.0,470933434.0,3.22,36.66,35.5,36.04,36.04,0.77,0.59,14.34,5.11,79657533244.0,79657533244.0,0.03,0.19,14.73,10.03
3762,603416,信捷电气,52.1,-0.17,-0.09,21670.0,112814066.0,2.41,52.76,51.5,52.76,52.19,1.23,1.56,32.21,3.02,8186922779.0,7254664500.0,-0.02,0.02,-15.97,-5.67
3763,000707,双环科技,5.83,-0.17,-0.01,75973.0,44293368.67,1.37,5.88,5.8,5.85,5.84,0.73,1.38,-97.45,1.2,3408901235.0,3210601924.0,-0.17,0.0,-5.66,-3.64
3764,603312,西典新能,41.93,-0.17,-0.07,13029.0,54522868.0,1.86,42.33,41.55,42.09,42.0,0.98,2.56,25.72,3.77,6708779035.0,2135054635.0,0.0,0.05,-12.59,-10.41
3765,300637,扬帆新材,11.85,-0.17,-0.02,38088.0,44911182.0,1.35,11.88,11.72,11.88,11.87,0.75,1.62,68.07,3.8,2781789041.0,2778883586.0,0.17,0.08,-8.71,1.89
3766,300032,金龙机电,6.0,-0.17,-0.01,319331.0,192073893.0,2.0,6.08,5.96,6.0,6.01,0.76,3.98,121.85,6.98,4819017648.0,4819017648.0,0.0,0.17,11.73,11.73
3767,600197,伊力特,11.93,-0.17,-0.02,26375.0,31547743.0,1.09,12.03,11.9,11.93,11.95,1.16,0.56,30.84,1.48,5644974374.0,5644974374.0,-0.17,-0.08,-14.23,-13.8
3768,600120,浙江东方,5.72,-0.17,-0.01,530326.0,304554169.0,2.09,5.83,5.71,5.81,5.73,1.27,1.55,20.9,1.18,19535982134.0,19535982134.0,0.0,0.0,-16.74,-6.84
3769,920478,峆一药业,17.17,-0.17,-0.03,28729.0,49406535.88,2.97,17.44,16.93,17.3,17.2,0.85,6.08,26.94,2.61,1351428379.0,811111933.0,0.0,0.18,-13.89,-7.49
3770,300039,上海凯宝,5.99,-0.17,-0.01,98164.0,58749105.4,1.0,6.02,5.96,6.01,6.0,0.69,1.07,25.12,1.38,6265540000.0,5492388094.0,0.17,0.17,-5.52,-0.66
3771,002184,海得控制,11.72,-0.17,-0.02,50299.0,58839570.43,1.11,11.78,11.65,11.74,11.74,1.06,2.09,575.84,3.53,4124366096.0,2817154027.0,0.09,0.09,-14.7,-10.47
3772,300160,秀强股份,5.42,-0.18,-0.01,99172.0,53575805.12,1.47,5.44,5.36,5.43,5.43,1.34,1.3,21.69,1.59,4189368903.0,4130904582.0,0.18,0.18,-4.58,-0.37
3773,002252,上海莱士,5.69,-0.18,-0.01,176795.0,100546614.32,0.7,5.71,5.67,5.71,5.7,0.63,0.27,23.95,1.16,37770133723.0,37746208837.0,0.0,0.0,-10.68,-9.97
3774,600422,昆药集团,11.15,-0.18,-0.02,48509.0,54104623.0,0.72,11.21,11.13,11.14,11.17,0.73,0.64,24.12,1.57,8440279691.0,8440279691.0,0.0,-0.09,-15.91,-11.23
3775,688557,兰剑智能,32.47,-0.18,-0.06,14747.0,47568816.0,2.71,32.65,31.77,32.53,32.53,1.16,1.44,30.46,2.7,3334007911.0,3334007911.0,-0.09,-0.15,-17.98,-10.87
3776,601789,宁波建工,5.7,-0.18,-0.01,592514.0,335644306.0,1.75,5.71,5.61,5.69,5.71,0.75,5.45,36.83,1.35,8689033699.0,6194751963.0,0.0,0.18,8.37,14.23
3777,000796,凯撒旅业,5.43,-0.18,-0.01,581899.0,314891902.27,2.76,5.5,5.35,5.39,5.44,1.18,4.37,-243.92,10.5,8708573814.0,7226063778.0,0.18,0.0,-18.71,-24.58
3778,002987,京北方,16.63,-0.18,-0.03,84448.0,140605995.03,0.66,16.71,16.6,16.66,16.66,1.06,1.0,44.06,4.84,14425862328.0,14027038225.0,-0.06,-0.06,-22.36,-22.76
3779,001220,世盟股份,45.58,-0.18,-0.08,47080.0,213932274.12,2.5,45.85,44.71,45.56,45.66,1.34,20.82,28.89,3.36,4206578200.0,1030502176.0,-0.02,-0.11,62.79,62.79
3780,603708,家家悦,11.37,-0.18,-0.02,107499.0,123934955.0,5.97,12.03,11.35,11.55,11.39,2.59,1.68,11.96,3.02,7257910735.0,7257910735.0,0.0,0.0,-14.51,-3.89
3781,600909,华安证券,5.69,-0.18,-0.01,361283.0,205884656.0,0.7,5.72,5.68,5.71,5.7,0.82,0.72,13.56,1.13,28587750792.0,28587750792.0,-0.18,0.0,-19.63,-16.08
3782,600582,天地科技,5.7,-0.18,-0.01,188100.0,107478696.0,0.7,5.73,5.69,5.71,5.71,1.14,0.45,9.64,0.92,23589956684.0,23589956684.0,-0.18,0.0,-2.73,-2.23
3783,002182,宝武镁业,16.6,-0.18,-0.03,216311.0,360291613.65,2.59,16.89,16.46,16.54,16.63,0.99,2.5,141.22,3.06,16463739780.0,14367506853.0,-0.06,-0.06,-6.37,8.5
3784,002283,天润工业,10.89,-0.18,-0.02,233749.0,255123994.09,5.87,11.24,10.6,10.91,10.91,0.61,2.33,33.74,2.03,12408688668.0,10920780901.0,0.0,0.0,75.08,74.52
3785,600941,中国移动,93.3,-0.18,-0.17,53267.0,496905152.0,0.19,93.38,93.2,93.31,93.47,0.84,0.59,17.22,1.42,2020639112068.0,84228241991.0,-0.01,0.0,-3.91,-7.67
3786,603159,上海亚虹,26.91,-0.19,-0.05,19691.0,52961314.0,2.49,27.2,26.53,27.0,26.96,1.04,1.41,-669.46,7.51,3767400000.0,3767400000.0,-0.04,-0.11,1.05,4.67
3787,600362,江西铜业,46.66,-0.19,-0.09,402297.0,1882919021.0,2.42,47.5,46.37,47.0,46.75,0.88,1.94,22.66,1.99,161570954037.0,96831043917.0,0.0,0.0,-24.74,-15.04
3788,001210,金房能源,21.25,-0.19,-0.04,26696.0,56180921.19,2.91,21.3,20.68,21.3,21.29,1.14,2.8,24.79,2.48,3332269365.0,2025104643.0,-0.05,0.05,-5.56,24.05
3789,600525,ST长园,5.27,-0.19,-0.01,131759.0,68928051.0,3.03,5.31,5.15,5.29,5.28,0.86,1.0,-15.9,1.85,6949971401.0,6949971401.0,-0.19,-0.19,22.56,49.29
3790,002697,红旗连锁,5.29,-0.19,-0.01,176365.0,92802190.7,1.51,5.3,5.22,5.29,5.3,1.11,1.54,12.62,1.46,7194400000.0,6058849923.0,0.0,0.0,-17.47,-10.94
3791,605258,协和电子,37.51,-0.19,-0.07,35125.0,131482444.0,2.26,37.96,37.11,37.5,37.58,0.81,3.99,49.48,2.72,3300880000.0,3300880000.0,0.03,0.05,14.15,19.96
3792,002818,富森美,10.69,-0.19,-0.02,14465.0,15481004.5,0.75,10.74,10.66,10.74,10.71,0.71,0.48,14.4,1.43,8001026069.0,3189199931.0,-0.09,-0.09,-5.23,-3.78
3793,688265,南模生物,43.1,-0.19,-0.08,5278.0,22738829.0,2.2,43.49,42.54,43.33,43.18,0.69,0.68,103.61,1.91,3360227410.0,3360227410.0,0.02,0.07,-14.35,5.1
3794,601006,大秦铁路,5.24,-0.19,-0.01,575613.0,301324189.0,0.76,5.26,5.22,5.25,5.25,0.66,0.29,12.72,0.63,105571211232.0,105571211232.0,-0.19,0.0,4.17,1.55
3795,300682,朗新科技,16.1,-0.19,-0.03,166717.0,268884529.74,1.8,16.29,16.0,16.13,16.13,0.9,1.62,165.39,2.56,17359596718.0,16604321504.0,-0.06,0.06,-15.13,5.85
3796,603367,辰欣药业,15.99,-0.19,-0.03,52145.0,83132314.0,1.5,16.1,15.86,15.96,16.02,0.46,1.15,17.19,1.17,7239538523.0,7239538523.0,0.0,0.25,-12.38,-7.68
3797,002052,同洲电子,10.46,-0.19,-0.02,90792.0,95373199.0,1.81,10.6,10.41,10.48,10.48,0.83,1.32,43.67,28.47,7870519199.0,7210989641.0,0.0,-0.1,-16.65,-17.96
3798,688222,成都先导,26.86,-0.19,-0.05,132824.0,356689731.0,2.45,27.2,26.54,27.11,26.91,0.74,3.31,94.39,7.22,10762264800.0,10762264800.0,-0.15,0.0,-28.18,14.54
3799,002861,瀛通通讯,15.85,-0.19,-0.03,38404.0,60758275.6,2.39,15.98,15.6,15.96,15.88,0.78,2.56,-62.11,2.68,2952600798.0,2380168348.0,0.0,0.06,-18.72,-10.91
3800,603235,天新药业,26.7,-0.19,-0.05,4218.0,11233916.0,0.82,26.77,26.55,26.66,26.75,0.9,0.1,19.05,2.44,11688726000.0,11688726000.0,-0.04,-0.04,-2.34,-1.0
3801,601678,滨化股份,5.04,-0.2,-0.01,333819.0,168814970.0,2.18,5.12,5.01,5.06,5.05,0.66,1.63,40.43,0.91,10366454831.0,10298414831.0,-0.2,-0.4,8.15,18.87
3802,603187,海容冷链,14.95,-0.2,-0.03,52405.0,77368832.0,2.54,14.98,14.6,14.9,14.98,1.1,1.37,14.42,1.37,5776920800.0,5716310270.0,0.13,0.07,-3.11,-2.86
3803,301028,鼎熔岩,14.64,-0.2,-0.03,20381.0,29818629.0,1.3,14.75,14.56,14.75,14.67,0.84,0.82,21.96,3.41,5622487432.0,3637446172.0,0.14,0.21,-3.37,0.41
3804,600463,空港股份,10.05,-0.2,-0.02,22578.0,22609012.0,1.79,10.1,9.92,10.06,10.07,0.63,0.75,-35.52,3.28,3015000000.0,3015000000.0,-0.2,0.2,-7.8,-11.22
3805,600241,时代万恒,9.77,-0.2,-0.02,56910.0,55415269.0,1.94,9.85,9.66,9.7,9.79,0.46,1.93,-21.81,2.78,2875331664.0,2875331664.0,-0.1,-0.1,15.08,17.01
3806,600218,全柴动力,9.82,-0.2,-0.02,63556.0,62286265.0,1.52,9.87,9.72,9.84,9.84,0.56,1.46,66.36,1.32,4277591205.0,4277591205.0,0.1,0.2,-8.91,-4.29
3807,600258,首旅酒店,14.94,-0.2,-0.03,156710.0,234394442.0,2.14,15.12,14.8,14.96,14.97,0.86,1.4,20.57,1.38,16682050702.0,16682050702.0,-0.07,0.07,-14.19,-10.81
3808,600279,重庆港,4.91,-0.2,-0.01,53334.0,26145782.0,1.02,4.93,4.88,4.89,4.92,0.77,0.45,119.43,0.86,5827513450.0,5827513450.0,0.0,0.0,-8.4,-10.07
3809,002955,鸿合科技,25.28,-0.2,-0.05,25460.0,64434034.82,2.25,25.59,25.02,25.26,25.33,1.24,1.3,115.56,1.84,5982256975.0,4945952419.0,0.0,-0.08,-12.83,-16.48
3810,601808,中海油服,15.22,-0.2,-0.03,187490.0,284054733.0,1.64,15.28,15.03,15.28,15.25,0.81,0.63,18.9,1.56,72623630240.0,45058322960.0,0.0,0.0,-2.19,8.4
3811,300920,润阳科技,39.9,-0.2,-0.08,11429.0,45907701.84,2.93,40.77,39.6,39.97,39.98,1.04,1.74,147.96,3.37,3990000000.0,2620170158.0,0.1,0.18,-6.84,-13.39
3812,688370,丛麟科技,25.15,-0.2,-0.05,4137.0,10414213.0,1.39,25.35,25.0,25.2,25.2,0.44,0.3,143.94,1.3,3448263157.0,3448263157.0,-0.32,-0.2,-7.37,3.2
3813,301606,绿联科技,75.0,-0.2,-0.15,27496.0,206387504.61,1.37,75.65,74.62,75.5,75.15,0.65,1.67,44.16,9.2,31118235450.0,12374909775.0,-0.15,0.13,20.62,27.68
3814,920267,鑫汇科,20.11,-0.2,-0.04,8718.0,17855601.96,3.82,20.8,20.03,20.31,20.15,1.9,2.94,-76.9,3.89,1005156944.0,596805435.0,0.0,0.2,-17.14,-11.41
3815,002290,禾盛新材,74.35,-0.2,-0.15,100057.0,733366446.65,4.62,74.99,71.55,74.27,74.5,0.97,4.05,112.91,19.06,18447151736.0,18379026689.0,0.0,-0.08,25.78,62.69
3816,002793,罗欣药业,5.05,-0.2,-0.01,156877.0,79651870.0,3.75,5.2,5.01,5.09,5.06,0.64,1.44,179.67,3.78,5492321854.0,5483973487.0,0.0,0.2,2.43,5.21
3817,000425,徐工机械,9.93,-0.2,-0.02,2485846.0,2411547833.44,5.13,9.96,9.45,9.89,9.95,2.13,2.76,14.64,1.95,116663754417.0,89461583894.0,0.0,-0.2,-10.7,-14.25
3818,000625,长安汽车,10.04,-0.2,-0.02,718587.0,722291129.25,1.09,10.13,10.02,10.06,10.06,1.16,0.87,24.42,1.29,99525758084.0,83001813677.0,0.0,0.0,-14.33,-15.35
3819,000789,万年青,5.08,-0.2,-0.01,38874.0,19767405.64,0.59,5.1,5.07,5.09,5.09,0.66,0.49,139.6,0.63,4050834428.0,4050834428.0,0.0,0.0,-4.15,-2.87
3820,601882,海天精工,19.62,-0.2,-0.04,33827.0,66201365.0,1.73,19.7,19.36,19.58,19.66,0.78,0.65,23.87,3.47,10241640000.0,10241640000.0,0.0,0.1,-4.9,0.82
3821,601878,浙商证券,9.64,-0.21,-0.02,193883.0,187087175.0,0.62,9.69,9.63,9.67,9.66,1.03,0.42,18.28,1.2,44091399600.0,44091399600.0,0.0,0.0,-11.72,-10.24
3822,002742,*ST三圣,4.73,-0.21,-0.01,34737.0,16416552.76,1.05,4.76,4.71,4.71,4.74,0.67,0.66,-7.71,19.22,3235802654.0,2478331382.0,0.0,0.21,7.74,4.65
3823,601966,玲珑轮胎,14.18,-0.21,-0.03,72804.0,103375397.0,0.56,14.25,14.17,14.23,14.21,0.94,0.5,13.33,0.89,20752468045.0,20752468045.0,0.0,-0.07,-3.99,-2.41
3824,001236,弘业期货,9.29,-0.21,-0.02,51339.0,47800236.24,1.18,9.39,9.28,9.38,9.31,0.72,0.68,2344.85,5.02,9362255558.0,7042542558.0,0.0,0.0,-11.1,-12.36
3825,002075,沙钢股份,4.7,-0.21,-0.01,202868.0,95426641.39,1.49,4.73,4.66,4.7,4.71,0.98,0.92,33.46,1.57,10310979592.0,10310963024.0,-0.21,-0.21,-18.69,-18.26
3826,688138,清溢光电,28.5,-0.21,-0.06,23239.0,66257260.0,1.47,28.75,28.33,28.41,28.56,1.04,0.74,47.94,3.23,8971800000.0,8971800000.0,0.0,0.11,-8.95,1.21
3827,688247,宣泰医药,9.37,-0.21,-0.02,12218.0,11451455.0,1.17,9.43,9.32,9.43,9.39,0.49,0.27,86.78,3.29,4247795800.0,4247795800.0,0.11,0.21,-11.6,-3.4
3828,002275,桂林三金,14.1,-0.21,-0.03,17270.0,24365589.0,0.92,14.18,14.05,14.08,14.13,0.67,0.31,16.13,2.55,8284717260.0,7882482556.0,-0.35,-0.21,-2.89,0.0
3829,603107,上海汽配,14.48,-0.21,-0.03,15049.0,21750596.0,0.69,14.51,14.41,14.51,14.51,1.28,0.69,31.26,2.29,4884610800.0,3159159491.0,-0.07,0.07,-5.3,-2.36
3830,002330,得利斯,4.76,-0.21,-0.01,105162.0,49704176.35,2.1,4.78,4.68,4.76,4.77,0.79,1.66,419.72,1.32,3024100780.0,3023450683.0,-0.21,-0.21,-1.86,-1.65
3831,601008,连云港,4.82,-0.21,-0.01,60548.0,29142606.0,0.41,4.82,4.8,4.81,4.83,0.87,0.49,35.05,1.43,5979875189.0,5979875189.0,0.0,0.21,-8.54,-9.4
3832,300230,永利股份,4.81,-0.21,-0.01,103289.0,49653374.4,1.04,4.83,4.78,4.81,4.82,0.98,1.64,18.06,1.2,3911556651.0,3029446220.0,0.0,-0.21,-4.37,0.63
3833,301538,骏鼎达,84.57,-0.21,-0.18,19852.0,164965387.6,3.24,84.75,82.0,84.4,84.75,1.58,6.36,33.98,4.63,6630288000.0,2640247576.0,-0.09,-0.18,-1.64,5.48
3834,002807,江阴银行,4.67,-0.21,-0.01,243253.0,113645094.4,1.07,4.69,4.64,4.68,4.68,0.75,0.99,6.74,0.6,11494704325.0,11478936621.0,-0.21,0.0,3.78,2.19
3835,601226,华电科工,9.57,-0.21,-0.02,233914.0,223705773.0,1.77,9.65,9.48,9.65,9.59,0.96,2.01,70.97,2.53,11122480809.0,11122480809.0,0.0,0.0,9.5,22.07
3836,920002,万达轴承,88.27,-0.21,-0.19,10107.0,89964224.4,3.55,90.46,87.32,87.41,88.46,1.67,3.17,64.08,5.45,4016546985.0,2811850471.0,0.0,0.22,-21.36,-19.61
3837,000968,蓝焰控股,9.01,-0.22,-0.02,590470.0,533487347.56,2.88,9.16,8.9,9.07,9.03,0.63,6.1,24.39,1.41,8717198967.0,8717198967.0,-0.11,-0.22,27.98,36.31
3838,003025,思进智能,13.86,-0.22,-0.03,34862.0,48346934.6,1.15,13.96,13.8,13.9,13.89,0.96,1.54,25.45,3.17,3935596314.0,3138124762.0,0.07,0.22,-6.16,-3.55
3839,600269,赣粤高速,4.44,-0.22,-0.01,130938.0,58254634.0,0.67,4.47,4.44,4.44,4.45,0.96,0.56,8.1,0.53,10369207142.0,10369207142.0,0.0,0.0,-13.62,-14.45
3840,600760,中航沈飞,50.82,-0.22,-0.11,221064.0,1122590479.0,1.3,51.15,50.49,51.0,50.93,0.86,0.78,40.96,6.12,144079513365.0,143626772063.0,0.0,-0.02,-16.74,-9.27
3841,600717,天津港,4.46,-0.22,-0.01,132281.0,59032814.0,0.67,4.48,4.45,4.46,4.47,0.81,0.46,13.16,0.64,12907244629.0,12907244629.0,-0.22,0.0,-3.46,-0.22
3842,002939,长城证券,9.18,-0.22,-0.02,144482.0,132719489.6,0.65,9.22,9.16,9.2,9.2,0.84,0.4,15.75,1.16,37036039456.0,33072415413.0,0.11,0.22,-9.02,-10.0
3843,000677,恒天海龙,4.54,-0.22,-0.01,288259.0,130555430.5,2.64,4.58,4.46,4.51,4.55,0.68,3.34,1070.63,7.72,3922459884.0,3922459884.0,0.22,0.0,5.58,3.42
3844,601512,中新集团,8.87,-0.22,-0.02,32643.0,28913181.0,1.35,8.93,8.81,8.86,8.89,1.17,0.22,12.59,0.87,13295154300.0,13295154300.0,0.0,0.0,-5.13,-1.44
3845,688115,思林杰,44.8,-0.22,-0.1,12833.0,57683035.0,3.23,45.8,44.35,44.75,44.9,1.26,1.92,-307.86,2.36,2986816000.0,2986816000.0,0.11,0.0,-35.66,-31.69
3846,688691,灿芯股份,105.25,-0.22,-0.23,43076.0,453638941.0,3.94,107.7,103.54,104.6,105.48,0.6,5.9,-114.48,10.2,12630000000.0,7679567303.0,0.14,0.15,-21.47,3.21
3847,601166,兴业银行,18.36,-0.22,-0.04,1008677.0,1855047040.0,0.65,18.46,18.34,18.42,18.4,1.72,0.48,5.02,0.47,388550059899.0,388550059899.0,-0.16,-0.05,-7.09,-10.44
3848,300825,阿尔特,8.99,-0.22,-0.02,66882.0,60183500.25,2.55,9.07,8.84,8.92,9.01,0.94,1.38,-22.12,2.12,4448975524.0,4355546221.0,-0.11,0.0,-17.37,-7.13
3849,600863,华能蒙电,4.63,-0.22,-0.01,425290.0,196768725.0,1.29,4.66,4.6,4.61,4.64,0.47,0.65,12.32,1.74,36276927663.0,30219490565.0,-0.22,-0.22,0.0,3.35
3850,000403,派林生物,12.88,-0.23,-0.03,50482.0,65086712.11,0.93,12.95,12.83,12.85,12.91,0.66,0.54,25.7,1.53,12241118332.0,12116346500.0,-0.08,-0.08,-10.24,-5.92
3851,002926,华西证券,8.58,-0.23,-0.02,109449.0,94254436.83,1.28,8.69,8.58,8.61,8.6,0.81,0.42,15.95,0.92,22522500000.0,22522500000.0,-0.12,-0.12,-6.02,-7.54
3852,002965,祥鑫科技,30.95,-0.23,-0.07,40320.0,125141555.6,1.42,31.24,30.8,31.0,31.02,0.88,2.02,38.85,1.93,8213522111.0,6172098799.0,-0.06,-0.03,-23.67,-23.92
3853,300778,新城市,12.86,-0.23,-0.03,49686.0,63988057.04,2.56,13.06,12.73,12.88,12.89,1.19,2.44,-99.62,2.12,2619062996.0,2618546590.0,0.0,0.0,-5.51,-7.35
3854,605016,百龙创园,26.23,-0.23,-0.06,38232.0,100358216.0,2.4,26.59,25.96,26.3,26.29,0.55,0.91,22.84,5.29,11016923154.0,11016923154.0,-0.19,-0.04,28.14,21.44
3855,603059,倍加洁,34.52,-0.23,-0.08,16766.0,56930689.0,4.54,34.78,33.21,34.22,34.6,1.0,1.67,33.74,3.3,3467489124.0,3467489124.0,-0.4,-0.43,-2.21,14.76
3856,301428,世纪恒通,34.65,-0.23,-0.08,44269.0,153147383.0,1.76,34.87,34.26,34.48,34.73,0.82,7.23,53.84,2.69,3418800012.0,2120464512.0,0.03,-0.06,-8.58,3.31
3857,603087,甘李药业,65.0,-0.23,-0.15,39740.0,258383505.0,1.23,65.44,64.64,64.93,65.15,0.62,0.71,35.58,3.44,38824822985.0,36260807700.0,-0.11,-0.03,-10.41,-4.51
3858,000860,顺鑫农业,12.88,-0.23,-0.03,37205.0,47948651.68,0.85,12.94,12.83,12.89,12.91,0.69,0.5,93.08,1.37,9553958818.0,9553958818.0,-0.08,0.0,-12.97,-12.08
3859,003042,中农联合,16.96,-0.24,-0.04,43796.0,74213047.0,2.76,17.3,16.83,17.21,17.0,0.81,3.44,-40.46,1.84,2416460800.0,2160123035.0,0.12,0.0,1.62,5.6
3860,601108,财通证券,8.29,-0.24,-0.02,312264.0,259120920.0,1.2,8.34,8.24,8.32,8.31,0.81,0.67,14.17,1.04,38496804696.0,38496804696.0,-0.12,-0.12,-6.22,-4.93
3861,000900,现代投资,4.08,-0.24,-0.01,62224.0,25368564.25,0.73,4.09,4.06,4.08,4.09,0.72,0.41,15.31,0.56,6192739603.0,6192372403.0,0.25,0.0,-1.21,-0.24
3862,001313,粤海饲料,8.41,-0.24,-0.02,152384.0,127250647.0,2.49,8.48,8.27,8.47,8.43,0.93,2.18,168.53,2.31,5887000000.0,5879648407.0,-0.12,0.0,13.8,14.89
3863,600905,三峡能源,4.09,-0.24,-0.01,844778.0,345643663.0,0.49,4.1,4.08,4.1,4.1,0.81,0.3,31.87,1.32,116923489081.0,116923489081.0,0.0,0.0,-0.73,0.0
3864,002168,*ST惠程,4.19,-0.24,-0.01,53408.0,22352287.46,2.38,4.25,4.15,4.25,4.2,0.6,0.68,-41.58,205.48,3285644512.0,3285644512.0,0.0,-0.24,3.46,-0.24
3865,601388,怡球资源,4.14,-0.24,-0.01,771595.0,318503145.0,1.93,4.17,4.09,4.11,4.15,0.92,3.51,70.1,1.99,9113061630.0,9113061630.0,0.0,0.24,27.78,37.54
3866,002787,华源控股,16.93,-0.24,-0.04,293819.0,497407700.22,4.6,17.26,16.48,16.93,16.97,0.77,11.71,55.41,3.07,5674539821.0,4247061730.0,0.0,0.18,18.81,35.98
3867,300510,金冠股份,4.2,-0.24,-0.01,134837.0,56577989.67,1.19,4.22,4.17,4.18,4.21,0.82,1.64,-36.82,1.56,3463700940.0,3463700940.0,0.24,0.24,-5.41,1.69
3868,601366,利群股份,3.96,-0.25,-0.01,80554.0,31869310.0,1.26,3.98,3.93,3.97,3.97,0.71,0.84,207.52,0.91,3800574807.0,3800574807.0,-0.25,-0.25,-27.34,-18.85
3869,920833,美心翼申,16.07,-0.25,-0.04,20534.0,33370618.72,3.91,16.55,15.92,16.02,16.11,1.38,3.29,45.89,2.16,1323525200.0,1003720148.0,0.06,-0.12,-6.79,-1.65
3870,002592,ST八菱,8.08,-0.25,-0.02,44891.0,36010354.14,1.98,8.11,7.95,8.08,8.1,0.89,1.71,19.58,2.44,2289315749.0,2122601747.0,0.0,0.0,-10.72,-2.65
3871,000670,盈方微,8.05,-0.25,-0.02,370883.0,298950887.24,1.12,8.12,8.03,8.09,8.07,0.52,4.51,-145.3,221.05,6800038303.0,6615995983.0,0.0,0.12,4.14,9.08
3872,688175,高凌信息,36.41,-0.25,-0.09,20854.0,76226936.0,2.77,37.15,36.14,36.14,36.5,0.91,1.61,-112.34,2.73,4708431970.0,4708431970.0,0.05,-0.05,17.79,13.04
3873,300143,盈康生命,12.04,-0.25,-0.03,92553.0,111110150.94,1.24,12.08,11.93,12.0,12.07,0.55,1.44,131.65,3.59,9023397312.0,7720741853.0,0.08,0.0,-6.67,21.86
3874,600676,交运股份,7.93,-0.25,-0.02,110863.0,88038666.0,2.26,8.05,7.87,7.98,7.95,0.72,1.08,-24.69,1.69,8155949046.0,8155949046.0,0.0,0.13,-14.36,34.86
3875,601375,中原证券,4.03,-0.25,-0.01,204199.0,82475408.0,0.5,4.05,4.03,4.05,4.04,0.77,0.59,41.05,1.3,18710825341.0,13893504391.0,-0.49,-0.25,-7.78,-6.28
3876,000810,创维数字,12.16,-0.25,-0.03,177268.0,215862254.05,2.05,12.3,12.05,12.18,12.19,1.3,1.6,42.19,2.12,13986378241.0,13504971088.0,-0.16,-0.16,-3.11,3.23
3877,002642,荣联科技,7.98,-0.25,-0.02,104190.0,83078661.5,1.0,8.03,7.95,7.99,8.0,0.86,1.57,263.76,4.44,5279410898.0,5279410898.0,-0.13,0.25,-10.03,-3.51
3878,600186,莲花控股,7.87,-0.25,-0.02,1682172.0,1322749948.0,1.9,7.96,7.81,7.91,7.89,0.71,9.45,45.64,7.22,14109057725.0,14010868850.0,0.13,0.0,26.32,31.61
3879,300406,九强生物,11.96,-0.25,-0.03,28078.0,33656950.0,1.58,12.07,11.88,11.98,11.99,1.12,0.66,19.3,1.83,7012251191.0,5074896036.0,-0.08,-0.08,-18.25,-8.49
3880,688363,华熙生物,43.09,-0.25,-0.11,21399.0,92430365.0,1.6,43.58,42.89,43.33,43.2,0.83,0.44,71.31,2.91,20755515448.0,20755515448.0,-0.07,0.02,-9.04,-1.35
3881,001213,中铁特货,4.02,-0.25,-0.01,104473.0,41995779.09,0.5,4.03,4.01,4.03,4.03,0.84,0.24,28.35,0.93,17866666665.0,17866666665.0,0.0,0.0,-2.19,-0.74
3882,000750,国海证券,3.87,-0.26,-0.01,286981.0,111448152.94,0.77,3.9,3.87,3.9,3.88,0.84,0.5,32.13,1.1,24714495226.0,22431309391.0,-0.26,-0.26,-9.79,-8.73
3883,688300,联瑞新材,94.8,-0.26,-0.25,61135.0,578697475.0,5.78,97.49,92.0,94.88,95.05,1.06,2.53,78.22,13.43,22891279212.0,22891279212.0,-0.48,-0.24,46.64,52.68
3884,688765,禾元生物-U,65.53,-0.26,-0.17,7965.0,52259222.0,1.52,66.2,65.2,65.82,65.7,0.69,1.94,-148.32,8.09,23426975000.0,2685338995.0,-0.21,-0.02,-20.05,-5.18
3885,300832,新产业,45.33,-0.26,-0.12,32180.0,146050310.99,1.54,45.77,45.07,45.37,45.45,0.52,0.47,22.17,4.07,35616632524.0,30965932182.0,-0.15,0.0,-22.07,-19.41
3886,002061,浙江交科,3.87,-0.26,-0.01,152617.0,59033559.84,0.77,3.88,3.85,3.88,3.88,1.1,0.59,10.86,0.66,10349539181.0,10058663673.0,0.0,0.0,-4.91,-2.76
3887,300231,银信科技,11.48,-0.26,-0.03,203730.0,234017720.52,1.82,11.58,11.37,11.5,11.51,0.66,4.59,72.61,3.14,5100505337.0,5100243421.0,-0.09,0.0,-0.35,9.02
3888,002815,崇达技术,15.59,-0.26,-0.04,337199.0,529094786.32,2.69,15.95,15.53,15.71,15.63,1.05,4.34,46.02,2.15,19240419141.0,12115643998.0,0.0,0.0,11.04,14.13
3889,603650,彤程新材,53.87,-0.26,-0.14,146511.0,788583821.0,3.02,54.42,52.79,53.99,54.01,1.49,2.38,45.51,7.68,33188389594.0,33101681412.0,0.02,0.0,-10.16,22.04
3890,300752,隆利科技,19.33,-0.26,-0.05,60427.0,116347482.08,2.58,19.57,19.07,19.57,19.38,0.58,3.84,71.51,3.62,4416884819.0,3039923752.0,0.26,0.42,0.62,5.92
3891,001359,平安电工,81.28,-0.26,-0.21,16119.0,130681249.0,1.84,82.0,80.5,81.66,81.49,0.61,3.48,56.29,7.63,15077697251.0,3769766400.0,-0.12,0.1,12.28,14.48
3892,600309,万华化学,87.54,-0.26,-0.23,298399.0,2614408235.0,2.63,88.98,86.67,87.5,87.77,0.83,0.95,18.43,2.46,274041486140.0,274041486140.0,-0.01,0.0,10.17,14.16
3893,002775,文科股份,3.72,-0.27,-0.01,151465.0,55690777.96,2.95,3.73,3.62,3.73,3.73,1.14,2.65,137.15,8.95,2366946408.0,2126984088.0,0.0,0.27,-22.5,-13.08
3894,601990,南京证券,7.4,-0.27,-0.02,116028.0,86143537.0,0.67,7.45,7.4,7.42,7.42,0.94,0.31,26.74,1.52,32557245683.0,27279071652.0,-0.13,-0.27,-7.96,-6.57
3895,600308,华泰股份,3.76,-0.27,-0.01,113118.0,42522191.0,1.33,3.78,3.73,3.76,3.77,1.02,0.75,-86.44,0.63,5703431862.0,5703431862.0,0.0,-0.27,-3.34,-3.59
3896,603809,豪能股份,11.21,-0.27,-0.03,99653.0,111965746.0,1.25,11.3,11.16,11.23,11.24,0.76,1.08,36.52,2.81,10316437526.0,10316437526.0,0.0,-0.09,-18.53,-21.88
3897,300978,东箭科技,11.24,-0.27,-0.03,21244.0,23910610.8,0.98,11.3,11.19,11.27,11.27,0.79,1.11,27.31,2.89,4751178786.0,2149305842.0,0.09,0.0,-8.84,-10.01
3898,000061,农 产 品,7.41,-0.27,-0.02,117365.0,87149737.32,1.62,7.49,7.37,7.39,7.43,0.85,0.65,40.28,1.73,14708562477.0,13295851831.0,-0.13,-0.13,-25.45,-27.99
3899,300276,三丰智能,7.21,-0.28,-0.02,240519.0,173037173.4,1.52,7.25,7.14,7.21,7.23,0.81,2.28,199.93,5.09,10101519958.0,7621864480.0,0.0,0.14,-24.03,-25.67
3900,300482,万孚生物,17.73,-0.28,-0.05,35662.0,63287605.18,1.01,17.83,17.65,17.76,17.78,0.87,0.83,46.54,1.54,8299163042.0,7625156968.0,-0.06,0.0,-18.07,-10.23
3901,300449,汉邦高科,7.08,-0.28,-0.02,51338.0,36309596.0,1.13,7.11,7.03,7.11,7.1,0.81,1.33,-38.1,8.8,2733134802.0,2733134802.0,0.0,0.0,-7.09,-7.09
3902,000895,双汇发展,28.32,-0.28,-0.08,75555.0,214103749.61,1.34,28.59,28.21,28.39,28.4,0.68,0.22,19.22,4.59,98119205552.0,98106412105.0,0.07,0.07,10.19,6.99
3903,688381,帝奥微,25.12,-0.28,-0.07,54804.0,136827134.0,2.22,25.28,24.72,25.14,25.19,0.86,2.21,-88.77,2.45,6217200000.0,6217200000.0,0.0,-0.32,2.74,10.13
3904,002161,远 望 谷,7.21,-0.28,-0.02,158524.0,114904799.19,2.07,7.33,7.18,7.21,7.23,0.87,2.25,27.65,3.17,5333650854.0,5081194305.0,0.14,0.14,-9.88,-1.37
3905,920370,新安洁,3.55,-0.28,-0.01,36068.0,12922675.32,3.09,3.64,3.53,3.56,3.56,1.79,1.38,-15.64,1.83,1066005868.0,928163251.0,0.28,0.0,-20.4,-14.25
3906,600580,卧龙电驱,38.7,-0.28,-0.11,353082.0,1368220538.0,1.6,38.99,38.37,38.85,38.81,1.17,2.27,53.68,5.51,60453947676.0,60280378176.0,0.0,0.03,-15.67,-21.18
3907,300892,品渥食品,28.39,-0.28,-0.08,15902.0,44880316.0,2.04,28.47,27.89,28.47,28.47,1.15,2.46,175.2,2.7,2839000000.0,1832929375.0,0.0,0.25,-15.56,-6.52
3908,002472,双环传动,39.08,-0.28,-0.11,136150.0,534726023.67,1.68,39.58,38.92,39.35,39.19,1.17,1.8,27.72,3.45,33201486433.0,29513293926.0,-0.08,0.03,-12.42,-17.57
3909,301575,艾芬达,45.76,-0.28,-0.13,6920.0,31561652.89,1.37,46.02,45.39,46.0,45.89,1.23,3.97,30.85,2.89,3966019200.0,796614607.0,0.09,-0.17,-11.42,-10.66
3910,002538,ST司特,7.01,-0.28,-0.02,110018.0,77098324.62,1.99,7.09,6.95,7.03,7.03,0.56,1.29,32.99,1.15,5983425899.0,5983389363.0,0.0,-0.14,8.51,9.19
3911,301315,威士顿,50.62,-0.28,-0.14,8372.0,42485260.04,1.2,51.11,50.5,51.0,50.76,0.79,2.26,155.49,4.38,4454560000.0,1872940000.0,0.04,0.1,-22.14,-11.47
3912,002558,巨人网络,32.25,-0.28,-0.09,399973.0,1293390360.13,2.2,32.75,32.04,32.31,32.34,0.51,2.1,36.72,3.12,61293123565.0,61293123565.0,0.0,0.16,-29.97,-25.5
3913,603327,福蓉科技,10.71,-0.28,-0.03,571012.0,611173949.0,3.82,10.97,10.56,10.97,10.74,1.06,5.46,103.01,5.34,11196869746.0,11196869746.0,-0.09,0.09,-4.2,-1.38
3914,601326,秦港股份,3.54,-0.28,-0.01,203150.0,71607416.0,1.13,3.55,3.51,3.54,3.55,0.64,0.43,12.31,0.97,19779438480.0,16841758860.0,0.0,0.28,2.61,1.43
3915,000065,北方国际,14.11,-0.28,-0.04,417187.0,589358990.58,3.75,14.38,13.85,14.0,14.15,0.68,4.28,22.66,1.48,16387948863.0,13756717884.0,0.07,0.07,17.0,13.24
3916,000915,华特达因,31.26,-0.29,-0.09,25271.0,79003572.5,0.89,31.45,31.17,31.35,31.35,0.91,1.08,13.46,2.57,7325202221.0,7320458516.0,0.0,0.06,-5.3,-5.39
3917,600098,广州发展,6.99,-0.29,-0.02,223458.0,156251128.0,0.71,7.02,6.97,6.98,7.01,0.96,0.64,10.57,0.9,24505996217.0,24505996217.0,0.0,0.0,5.75,6.88
3918,300866,安克创新,117.01,-0.29,-0.34,64303.0,754371979.15,3.45,119.85,115.8,117.57,117.35,0.8,2.09,24.65,5.96,62735957686.0,35983383240.0,0.02,0.15,11.46,2.29
3919,600315,上海家化,20.5,-0.29,-0.06,38224.0,78379796.0,1.26,20.64,20.38,20.6,20.56,0.95,0.57,51.5,2.0,13780632590.0,13780632590.0,-0.1,-0.05,-11.98,-8.97
3920,688076,ST诺泰,30.51,-0.29,-0.09,25987.0,78808183.0,2.84,30.89,30.02,30.02,30.6,1.01,0.82,29.49,3.24,9642743377.0,9642743377.0,-0.03,0.03,-18.99,-19.07
3921,600520,三佳科技,27.73,-0.29,-0.08,122026.0,333752472.0,4.24,27.84,26.66,27.54,27.81,1.97,7.7,574.93,11.22,4393263900.0,4393263900.0,0.0,-0.11,-3.85,12.72
3922,301336,趣睡科技,51.2,-0.29,-0.15,6587.0,33742680.84,1.79,51.62,50.7,51.01,51.35,0.71,2.16,71.01,2.47,2048000000.0,1558031206.0,-0.16,-0.12,-7.83,-0.87
3923,301291,明阳电气,55.03,-0.29,-0.16,119300.0,654223355.24,2.32,55.68,54.4,55.13,55.19,0.92,7.38,27.56,3.5,17180366000.0,8894881634.0,-0.02,0.05,21.32,32.25
3924,000055,方大集团,3.43,-0.29,-0.01,101134.0,34574564.72,2.62,3.46,3.37,3.45,3.44,1.07,1.5,-7.15,0.66,3683388599.0,2318180691.0,0.0,0.29,-18.91,-16.34
3925,600583,海油工程,6.99,-0.29,-0.02,551473.0,381354383.0,2.43,7.01,6.84,6.97,7.01,0.79,1.25,14.83,1.16,30905270052.0,30905270052.0,0.14,0.0,13.29,27.32
3926,600559,老白干酒,13.45,-0.3,-0.04,60008.0,80847782.0,0.82,13.52,13.41,13.46,13.49,1.01,0.66,23.06,2.33,12303353122.0,12232902022.0,-0.07,-0.07,-16.56,-16.15
3927,603858,步长制药,16.64,-0.3,-0.05,44788.0,74427493.0,1.62,16.75,16.48,16.71,16.69,0.61,0.42,15.16,1.66,17548018875.0,17548018875.0,-0.12,0.0,0.85,6.39
3928,000952,广济药业,6.72,-0.3,-0.02,52713.0,35330690.78,1.63,6.76,6.65,6.71,6.74,0.65,1.53,-17.96,2.41,2330162278.0,2311639915.0,0.15,0.0,-17.55,-4.41
3929,301358,湖南裕能,83.13,-0.3,-0.25,195773.0,1607457636.05,3.08,83.25,80.68,82.05,83.38,0.69,2.58,81.5,5.15,70106871990.0,63173656830.0,0.0,0.0,37.22,28.56
3930,603855,华荣股份,19.7,-0.3,-0.06,12039.0,23677668.0,1.01,19.8,19.6,19.76,19.76,0.65,0.36,16.65,3.18,6648966700.0,6609990250.0,0.05,0.05,-0.2,1.81
3931,300639,凯普生物,6.61,-0.3,-0.02,235391.0,155196163.3,3.02,6.7,6.5,6.58,6.63,0.61,3.71,-25.1,1.11,4273369455.0,4198436492.0,0.0,0.0,9.44,22.86
3932,688297,中无人机,49.89,-0.3,-0.15,114265.0,565703421.0,2.34,49.98,48.81,49.15,50.04,1.18,1.69,499.21,5.88,33675750000.0,33675750000.0,0.02,0.1,-1.4,3.89
3933,600316,洪都航空,40.09,-0.3,-0.12,105557.0,426324564.0,2.84,41.02,39.88,40.04,40.21,0.72,1.47,723.07,5.35,28749120786.0,28749120786.0,-0.02,0.0,-3.72,14.84
3934,002066,瑞泰科技,23.34,-0.3,-0.07,83987.0,197872430.72,5.0,24.22,23.05,23.31,23.41,1.25,3.64,-94.91,8.73,5482729380.0,5391540000.0,0.09,0.26,20.37,24.95
3935,601059,信达证券,16.82,-0.3,-0.05,57172.0,96462450.0,0.89,16.96,16.81,16.91,16.87,0.96,0.18,28.8,2.59,54547260000.0,54547260000.0,0.0,0.0,-5.24,-5.03
3936,603596,伯特利,45.82,-0.3,-0.14,71645.0,328690668.0,1.11,46.11,45.6,46.01,45.96,0.78,1.18,21.22,3.56,27790399772.0,27790399772.0,0.0,0.0,-18.63,-10.63
3937,002444,巨星科技,32.1,-0.31,-0.1,119931.0,388456654.6,2.76,32.84,31.95,32.18,32.2,0.97,1.05,13.34,2.03,38342749642.0,36819752174.0,0.0,0.06,-15.08,-5.64
3938,001319,铭科精技,25.58,-0.31,-0.08,18054.0,46083214.39,2.81,25.72,25.0,25.72,25.66,0.91,2.2,27.37,2.7,3617012000.0,2097561919.0,0.0,0.0,-5.57,-6.88
3939,003015,日久光电,16.29,-0.31,-0.05,83663.0,136246745.99,1.47,16.39,16.15,16.27,16.34,0.66,3.38,43.8,4.04,4578576005.0,4028928323.0,-0.06,-0.06,1.5,4.42
3940,301035,润丰股份,76.2,-0.31,-0.24,11063.0,84319335.0,2.35,77.2,75.4,76.67,76.44,0.91,0.39,18.03,2.93,21394748219.0,21362271779.0,-0.01,-0.12,8.32,12.04
3941,601228,广州港,3.24,-0.31,-0.01,288582.0,93697671.0,1.23,3.27,3.23,3.25,3.25,0.78,0.38,29.75,1.15,24444281577.0,24444281577.0,0.0,0.0,-6.63,0.0
3942,601198,东兴证券,12.92,-0.31,-0.04,105619.0,137134528.0,1.31,13.08,12.91,13.05,12.96,0.63,0.33,19.87,1.38,41763196118.0,41763196118.0,-0.08,-0.08,-5.69,-6.92
3943,002094,青岛金王,6.3,-0.32,-0.02,156552.0,98157735.61,1.74,6.32,6.21,6.3,6.32,1.1,2.27,205.42,2.98,4352654559.0,4349857359.0,-0.16,0.16,-25.18,-17.65
3944,920112,巴兰仕,33.98,-0.32,-0.11,4540.0,15534158.09,2.43,34.66,33.83,33.91,34.09,1.4,1.96,19.71,3.21,2883203000.0,787758340.0,0.0,-0.03,-12.47,-10.01
3945,000553,安道麦A,6.19,-0.32,-0.02,71426.0,44368772.48,2.42,6.29,6.14,6.18,6.21,0.8,0.33,-13.79,0.82,14421534832.0,13476075439.0,0.16,-0.16,8.22,12.96
3946,301260,格力博,15.64,-0.32,-0.05,14491.0,22708291.64,1.15,15.77,15.59,15.71,15.69,0.79,0.71,-63.64,1.69,7545628637.0,3197375443.0,0.0,0.06,-9.07,-8.27
3947,300250,初灵信息,21.79,-0.32,-0.07,46766.0,102046941.38,1.65,21.97,21.61,21.63,21.86,1.0,2.97,588.67,8.88,4657601147.0,3430279158.0,0.0,0.05,-19.48,-9.32
3948,920300,辰光医疗,12.4,-0.32,-0.04,19360.0,24262850.29,3.62,12.75,12.3,12.45,12.44,1.05,2.91,-17.53,6.36,1064504362.0,824992534.0,0.08,0.16,-25.7,-19.32
3949,601026,道生天合,18.65,-0.32,-0.06,39380.0,73368762.0,1.44,18.78,18.51,18.72,18.71,1.01,3.55,60.09,5.01,12297810000.0,2071748119.0,-0.16,-0.16,-8.67,-6.8
3950,300305,裕兴股份,6.29,-0.32,-0.02,58761.0,36922158.0,1.9,6.33,6.21,6.33,6.31,0.75,1.83,-9.24,1.19,2361268340.0,2022083392.0,-0.47,-0.47,1.78,5.71
3951,600155,华创云信,6.32,-0.32,-0.02,151166.0,95693630.0,0.95,6.36,6.3,6.35,6.34,0.69,0.68,51.26,0.7,13989588455.0,13989588455.0,0.0,0.16,-8.01,-4.53
3952,603636,南威软件,9.3,-0.32,-0.03,55244.0,51536922.0,0.96,9.37,9.28,9.33,9.33,0.84,0.95,-40.24,2.4,5397352864.0,5397352864.0,0.0,-0.11,-29.06,-21.45
3953,603803,瑞斯康达,15.7,-0.32,-0.05,700442.0,1096959593.0,5.4,16.1,15.25,15.3,15.75,0.77,16.49,-106.25,4.25,6670671845.0,6670671845.0,0.0,0.06,52.13,41.57
3954,600566,济川药业,24.82,-0.32,-0.08,44212.0,109233531.0,1.45,24.94,24.58,24.94,24.9,0.81,0.48,16.78,1.65,22875657293.0,22798469575.0,-0.08,-0.08,-6.41,-5.63
3955,920489,佳先股份,15.34,-0.32,-0.05,50846.0,79111115.22,5.2,16.05,15.25,15.35,15.39,2.01,5.86,-1038.32,4.36,2093284128.0,1331903615.0,0.07,0.0,-25.86,-14.78
3956,600280,中央商场,3.11,-0.32,-0.01,137030.0,42357749.0,1.92,3.12,3.06,3.1,3.12,0.88,1.21,-49.16,5.7,3509121191.0,3509121191.0,-0.32,0.0,-22.06,-19.22
3957,000913,钱江摩托,15.43,-0.32,-0.05,90545.0,138899146.66,3.23,15.63,15.13,15.4,15.48,1.31,1.74,19.02,1.73,8122521730.0,8025184275.0,-0.13,-0.13,-4.16,0.06
3958,603658,安图生物,34.04,-0.32,-0.11,15328.0,52261069.0,0.91,34.25,33.94,33.95,34.15,1.0,0.27,16.97,2.22,19451299103.0,19451299103.0,-0.15,-0.12,-8.1,-3.9
3959,002178,延华智能,6.04,-0.33,-0.02,89943.0,54371937.0,1.32,6.08,6.0,6.02,6.06,0.79,1.26,448.4,9.86,4301404126.0,4299170274.0,0.0,0.0,-11.31,-5.48
3960,601333,广深铁路,3.03,-0.33,-0.01,283378.0,86082420.0,0.66,3.05,3.03,3.04,3.04,0.68,0.5,15.05,0.76,21463117110.0,17126278110.0,-0.33,0.0,0.0,-0.33
3961,000761,本钢板材,3.01,-0.33,-0.01,110493.0,33235485.0,1.66,3.03,2.98,3.02,3.02,0.76,0.3,-3.14,1.77,12365803905.0,11161803905.0,0.0,-0.33,-8.51,-10.15
3962,688687,凯因科技,21.15,-0.33,-0.07,26440.0,55876062.0,1.08,21.29,21.06,21.12,21.22,0.8,1.55,122.02,2.09,3615474525.0,3615474525.0,-0.05,-0.14,-20.67,-15.13
3963,300631,久吾高科,27.47,-0.33,-0.09,24992.0,68612045.0,1.63,27.7,27.25,27.7,27.56,0.92,2.07,53.08,2.62,3434942857.0,3309885875.0,-0.04,-0.04,-10.84,-4.92
3964,601801,皖新传媒,6.08,-0.33,-0.02,72982.0,44376011.0,0.66,6.1,6.06,6.09,6.1,0.49,0.37,14.86,1.01,11904221921.0,11904221921.0,0.0,0.0,-14.0,-6.17
3965,001258,立新能源,9.03,-0.33,-0.03,310614.0,278390804.0,3.31,9.13,8.83,9.05,9.06,0.89,3.33,47.62,2.78,8428000006.0,8427911964.0,-0.22,-0.11,21.53,27.0
3966,600918,中泰证券,6.05,-0.33,-0.02,199460.0,120826934.0,0.66,6.08,6.04,6.07,6.07,1.16,0.51,33.39,1.08,47905963026.0,23751376280.0,-0.17,-0.17,-8.19,-6.92
3967,002748,世龙实业,12.24,-0.33,-0.04,32921.0,40390785.0,1.38,12.37,12.2,12.28,12.28,0.83,1.37,54.5,2.14,2937600000.0,2937600000.0,0.0,0.0,-0.33,-5.19
3968,300613,富瀚微,44.54,-0.34,-0.15,30387.0,135680502.53,1.57,45.07,44.37,44.69,44.69,0.74,1.38,71.54,3.67,10369126638.0,9780974780.0,-0.02,0.23,-7.59,-3.3
3969,300532,今天国际,11.87,-0.34,-0.04,73024.0,86750417.05,1.43,11.98,11.81,11.91,11.91,1.03,1.69,22.92,3.01,5389321690.0,5125214178.0,0.0,0.08,-6.46,0.76
3970,600619,海立股份,17.76,-0.34,-0.06,283117.0,501406199.0,1.96,17.9,17.55,17.61,17.82,1.0,3.59,265.42,3.11,19062596651.0,14015744412.0,0.06,0.17,-15.23,-15.83
3971,600329,达仁堂,40.56,-0.34,-0.14,22908.0,93015560.0,0.96,40.86,40.47,40.86,40.7,0.69,0.4,14.66,4.4,31235027079.0,23001144279.0,-0.02,0.02,-6.87,-6.05
3972,600763,通策医疗,41.07,-0.34,-0.14,100500.0,410940686.0,2.96,41.6,40.38,40.95,41.21,1.66,2.25,24.58,4.16,18370164035.0,18370164035.0,-0.02,0.0,-12.06,2.14
3973,605058,澳弘电子,37.61,-0.34,-0.13,74533.0,280545861.0,5.22,38.66,36.69,37.74,37.74,1.18,5.21,35.26,3.0,5375369760.0,5375369760.0,0.0,0.0,17.13,23.23
3974,600017,日照港,2.97,-0.34,-0.01,210998.0,62672265.0,0.67,2.98,2.96,2.97,2.98,0.66,0.69,18.46,0.65,9134692047.0,9134692047.0,0.0,0.0,-2.3,-1.0
3975,300801,泰和科技,26.71,-0.34,-0.09,34107.0,91279221.0,1.01,26.91,26.64,26.9,26.8,0.77,2.49,16.95,2.26,5834265300.0,3656049442.0,0.0,0.04,-14.85,-3.33
3976,688116,天奈科技,40.87,-0.34,-0.14,67815.0,278049743.0,1.56,41.36,40.72,40.98,41.01,0.95,1.85,63.52,3.93,14980164107.0,14980164107.0,0.0,0.12,-17.43,-13.32
3977,300466,赛摩智能,8.74,-0.34,-0.03,51729.0,45255090.4,1.37,8.82,8.7,8.79,8.77,1.16,1.15,-371.94,6.49,4680531396.0,3923142696.0,0.0,0.11,-15.56,-13.03
3978,920188,悦龙科技,26.09,-0.34,-0.09,50099.0,132652713.04,5.54,27.36,25.91,26.18,26.18,1.32,25.31,23.98,3.15,2165292536.0,516422303.0,-0.04,-0.15,85.83,85.83
3979,002562,兄弟科技,5.89,-0.34,-0.02,171686.0,100936938.0,1.18,5.91,5.84,5.91,5.91,0.86,2.45,49.77,1.7,6731221091.0,4132004532.0,0.0,0.17,-14.76,-8.82
3980,688316,青云科技-U,76.46,-0.34,-0.26,36996.0,284935718.0,3.91,79.0,76.0,78.0,76.72,0.74,7.72,-60.38,134.14,3662290943.0,3662290943.0,-0.03,-0.08,12.69,27.07
3981,601618,中国中冶,2.97,-0.34,-0.01,798275.0,236700609.0,0.67,2.98,2.96,2.98,2.98,0.88,0.45,46.57,0.61,61549148935.0,53022278935.0,0.0,0.34,-2.62,0.0
3982,002918,蒙娜丽莎,11.76,-0.34,-0.04,59113.0,69605637.0,2.54,11.98,11.68,11.78,11.8,0.84,2.76,44.79,1.47,4807564193.0,2518892393.0,0.0,0.0,-30.82,-17.36
3983,301316,慧博云通,47.15,-0.34,-0.16,121982.0,581410782.21,3.78,48.72,46.93,47.35,47.31,1.13,3.05,192.83,17.3,19048600000.0,18860471500.0,0.08,-0.08,-5.36,5.53
3984,600939,重庆建工,2.87,-0.35,-0.01,68555.0,19705108.0,1.39,2.9,2.86,2.89,2.88,0.81,0.36,-6.55,0.73,5460103089.0,5460103089.0,0.0,-0.35,-9.75,-9.46
3985,000529,广弘控股,5.65,-0.35,-0.02,60060.0,33751615.8,1.76,5.68,5.58,5.67,5.67,1.04,1.05,36.84,1.04,3298415365.0,3219846730.0,0.0,0.18,-6.3,-5.99
3986,688156,路德科技,25.51,-0.35,-0.09,41395.0,105184904.0,3.63,25.93,25.0,25.6,25.6,0.68,4.11,-36.54,3.37,2569218145.0,2569218145.0,-0.35,-0.31,44.78,59.34
3987,603456,九洲药业,16.96,-0.35,-0.06,97642.0,165838881.0,1.0,17.09,16.92,16.95,17.02,0.76,1.1,15.13,1.72,15085004635.0,15085004635.0,-0.12,0.0,-14.08,-5.25
3988,688313,仕佳光子,125.35,-0.35,-0.44,554208.0,7110957200.0,13.68,139.96,122.75,127.02,125.79,1.21,12.26,121.92,34.16,56656486215.0,56656486215.0,-0.01,-0.05,43.37,41.19
3989,600995,南网储能,14.11,-0.35,-0.05,207844.0,293218627.0,1.34,14.19,14.0,14.16,14.16,0.85,0.65,24.84,1.95,45095641909.0,45095641909.0,-0.07,-0.07,4.29,12.25
3990,600132,重庆啤酒,53.78,-0.35,-0.19,32076.0,172660933.0,1.02,54.08,53.53,53.97,53.97,0.94,0.66,21.15,18.9,26027971028.0,26027971028.0,0.0,0.02,3.82,2.95
3991,688496,清越科技,5.65,-0.35,-0.02,57078.0,32160617.0,2.29,5.71,5.58,5.67,5.67,0.79,2.4,-27.82,2.72,2542500000.0,1344392640.0,0.18,0.18,-8.72,-4.88
3992,601607,上海医药,16.93,-0.35,-0.06,65922.0,111549754.0,0.71,17.01,16.89,17.0,16.99,0.67,0.24,10.97,0.83,62782565426.0,47221283060.0,0.0,0.06,-3.48,-4.57
3993,002907,华森制药,14.16,-0.35,-0.05,29834.0,42326014.0,1.48,14.32,14.11,14.22,14.21,0.58,0.99,61.21,3.5,5913163806.0,4246789462.0,0.0,0.14,-8.17,-4.39
3994,603716,塞力医疗,22.92,-0.35,-0.08,190617.0,429455523.0,4.7,23.18,22.1,22.88,23.0,0.94,8.44,-44.49,4.55,5175124448.0,5175124448.0,0.0,0.0,-14.32,11.53
3995,000715,中兴商业,5.7,-0.35,-0.02,63298.0,35769487.88,1.75,5.7,5.6,5.7,5.72,1.01,1.3,26.97,1.53,3080477345.0,2772211701.0,0.35,0.35,-8.95,-9.38
3996,002340,格林美,8.46,-0.35,-0.03,1284778.0,1082538299.19,1.65,8.49,8.35,8.42,8.49,0.83,2.53,29.2,2.1,43174201469.0,42939898597.0,0.0,0.12,-5.37,1.2
3997,301135,瑞德智能,28.48,-0.35,-0.1,8765.0,24894459.0,1.15,28.58,28.25,28.58,28.58,0.85,1.15,93.18,2.32,2903592960.0,2177602160.0,0.07,0.14,-4.91,1.35
3998,600810,神马股份,8.61,-0.35,-0.03,140750.0,121664884.0,1.85,8.75,8.59,8.64,8.64,0.64,1.3,-212.33,1.3,9389884200.0,9305282340.0,0.0,0.0,-4.23,-4.23
3999,600060,海信视像,22.84,-0.35,-0.08,82772.0,188866711.0,1.27,22.97,22.68,22.81,22.92,0.72,0.64,12.15,1.4,29805566281.0,29695853588.0,-0.04,0.04,-2.81,-5.93
4000,600395,盘江股份,5.69,-0.35,-0.02,177275.0,100333945.0,2.1,5.72,5.6,5.65,5.71,0.68,0.83,-526.99,1.16,12214295647.0,12214295647.0,0.18,-0.18,20.04,22.1
4001,003027,同兴科技,22.86,-0.35,-0.08,50381.0,114988123.87,4.27,23.5,22.52,22.8,22.94,0.81,4.8,40.39,1.73,2988332352.0,2397121728.0,-0.17,0.04,3.21,2.51
4002,920252,天宏锂电,28.7,-0.35,-0.1,41371.0,118687907.09,3.19,29.12,28.2,28.3,28.8,1.17,6.06,305.03,11.17,2946074086.0,1958236559.0,0.07,0.07,-16.03,-4.94
4003,001286,陕西能源,11.04,-0.36,-0.04,205559.0,225779108.8,2.26,11.13,10.88,11.05,11.08,1.01,1.52,11.66,1.51,41400000000.0,14904000000.0,0.0,0.09,13.46,18.58
4004,300943,春晖智控,30.67,-0.36,-0.11,109569.0,335745025.76,2.37,31.0,30.27,30.66,30.78,0.62,8.16,115.56,6.31,6251159400.0,4120216602.0,0.03,0.07,30.9,47.59
4005,601555,东吴证券,8.25,-0.36,-0.03,258875.0,214428598.0,1.45,8.36,8.24,8.36,8.28,0.74,0.52,10.48,0.97,40991798405.0,40991798405.0,0.0,0.0,-9.04,-8.94
4006,300217,东方电热,5.57,-0.36,-0.02,649502.0,362900347.4,3.4,5.7,5.51,5.6,5.59,1.48,5.29,41.05,1.96,8232331556.0,6834119922.0,-0.18,-0.18,4.11,7.53
4007,300620,光库科技,250.92,-0.36,-0.91,225666.0,5675012142.61,7.36,262.98,244.44,250.0,251.83,1.15,9.13,353.9,28.81,62524382351.0,62003131933.0,0.0,0.05,69.4,70.64
4008,300328,宜安科技,16.67,-0.36,-0.06,310265.0,521788415.02,2.57,17.04,16.61,16.82,16.73,0.71,4.52,25169.4,10.51,11509361412.0,11441733306.0,0.0,0.06,-3.14,-2.34
4009,002643,万润股份,16.75,-0.36,-0.06,120328.0,201815186.6,1.25,16.87,16.66,16.75,16.81,0.94,1.32,37.94,2.15,15459567019.0,15230700798.0,-0.18,-0.12,-4.23,11.74
4010,300551,古鳌科技,13.95,-0.36,-0.05,86490.0,120341527.6,3.07,14.18,13.75,14.0,14.0,1.02,2.55,-21.66,10.84,4743876604.0,4730066369.0,0.0,0.07,-17.46,-16.17
4011,300211,*ST亿通,8.27,-0.36,-0.03,25989.0,21537024.4,2.29,8.37,8.18,8.25,8.3,0.9,0.87,-101.08,5.42,2513498809.0,2456898127.0,-0.12,0.24,-8.82,-2.36
4012,300360,炬华科技,16.39,-0.36,-0.06,69560.0,114029464.78,1.22,16.49,16.29,16.43,16.45,1.15,1.39,13.18,2.0,8427526995.0,8199534080.0,0.0,0.06,-7.56,-5.75
4013,601065,江盐集团,8.38,-0.36,-0.03,22776.0,19113557.0,0.48,8.42,8.38,8.41,8.41,0.64,0.55,20.64,1.22,5386463542.0,3488225942.0,-0.12,0.0,-1.06,0.96
4014,300257,开山股份,29.27,-0.37,-0.11,145923.0,422646692.13,5.41,29.59,28.0,29.36,29.38,1.03,1.53,71.74,4.4,29083696977.0,27943782154.0,-0.1,0.07,85.25,108.33
4015,000058,深 赛 格,8.01,-0.37,-0.03,56961.0,45616990.6,1.49,8.08,7.96,8.04,8.04,1.25,0.58,142.11,4.9,9861917383.0,7887762226.0,-0.12,-0.12,-14.51,-14.79
4016,600787,中储股份,5.32,-0.37,-0.02,134892.0,71918891.0,0.75,5.35,5.31,5.33,5.34,0.83,0.62,21.16,0.83,11544823376.0,11544823376.0,-0.19,0.0,-7.16,-5.34
4017,688292,浩瀚深度,24.33,-0.37,-0.09,26720.0,65165226.0,1.47,24.58,24.22,24.33,24.42,0.96,1.69,-1087.48,3.73,3852626523.0,3852626523.0,0.12,0.04,-31.94,-16.1
4018,002077,大港股份,16.1,-0.37,-0.06,152919.0,246843895.16,1.42,16.28,16.05,16.17,16.16,0.9,2.63,115.87,2.79,9343611059.0,9343611059.0,0.0,0.0,1.51,8.27
4019,300488,恒锋工具,29.96,-0.37,-0.11,39314.0,117660664.7,3.62,30.55,29.46,30.2,30.07,1.15,2.42,37.63,3.18,5728975078.0,4861113032.0,-0.03,0.1,-9.24,-8.21
4020,000721,西安饮食,8.06,-0.37,-0.03,116432.0,93226425.95,2.22,8.1,7.92,8.05,8.09,0.75,2.27,-40.95,21.25,4625749322.0,4129624082.0,0.0,0.0,-17.42,-9.94
4021,605300,佳禾食品,10.88,-0.37,-0.04,10861.0,11817620.0,1.01,10.95,10.84,10.95,10.92,1.0,0.24,142.6,1.73,4943856735.0,4943856735.0,-0.09,0.0,-7.48,-6.21
4022,300938,信测标准,49.06,-0.37,-0.18,323304.0,1602551607.2,7.05,51.6,48.13,49.49,49.24,1.57,15.3,60.84,6.41,11945930833.0,10368639077.0,-0.85,-0.45,57.75,50.49
4023,300981,中红医疗,13.4,-0.37,-0.05,60902.0,81529905.61,1.26,13.48,13.31,13.38,13.45,0.39,1.55,-597.78,1.07,5746790451.0,5266667379.0,-0.07,0.0,0.37,6.69
4024,002214,*ST大立,19.07,-0.37,-0.07,57450.0,109052818.2,2.3,19.2,18.76,18.98,19.14,1.77,1.2,-50.99,8.7,11416497441.0,9123405573.0,0.05,0.1,-0.26,5.83
4025,600170,上海建工,2.72,-0.37,-0.01,1241441.0,337360294.0,1.47,2.74,2.7,2.72,2.73,1.03,1.4,19.54,0.77,24169756104.0,24169756104.0,0.0,-0.37,-7.17,2.64
4026,600690,海尔智家,20.77,-0.38,-0.08,450680.0,938382481.0,0.91,20.94,20.75,20.84,20.85,1.06,0.72,9.96,1.64,194773367831.0,129875400096.0,0.0,-0.05,-19.56,-20.39
4027,002607,中公教育,2.59,-0.38,-0.01,760142.0,197050903.76,1.15,2.61,2.58,2.59,2.6,0.91,1.5,130.27,19.57,15973564418.0,13167553209.0,0.0,0.0,-16.72,-5.47
4028,601390,中国中铁,5.3,-0.38,-0.02,1269086.0,671718936.0,0.75,5.32,5.28,5.31,5.32,0.94,0.62,5.72,0.41,130836976224.0,108537809224.0,0.0,0.0,-2.75,-2.03
4029,601921,浙版传媒,7.94,-0.38,-0.03,77463.0,61610919.0,0.88,7.99,7.92,7.97,7.97,1.3,0.35,13.72,1.23,17644444451.0,17644444451.0,0.0,0.0,-4.68,1.53
4030,600935,华塑股份,2.62,-0.38,-0.01,176328.0,46092626.0,1.9,2.65,2.6,2.64,2.63,0.53,0.5,-61.29,1.58,9418213707.0,9189392747.0,0.38,0.38,-3.32,6.94
4031,603610,麒盛科技,15.69,-0.38,-0.06,61722.0,96964577.0,4.06,16.04,15.4,15.67,15.75,1.19,1.75,52.78,1.78,5538438533.0,5538438533.0,-0.06,0.0,-12.15,-17.64
4032,920239,长虹能源,31.27,-0.38,-0.12,25521.0,80365656.77,3.54,31.92,30.81,31.33,31.39,1.47,1.42,22.9,5.21,5693460359.0,5610923319.0,0.0,0.03,-7.84,-3.78
4033,688668,鼎通科技,211.19,-0.38,-0.81,83539.0,1752887140.0,4.73,214.13,204.1,212.09,212.0,0.93,6.0,91.54,14.3,29412559281.0,29412559281.0,0.06,0.12,92.78,70.31
4034,600318,新力金融,7.87,-0.38,-0.03,99813.0,78387315.0,1.01,7.9,7.82,7.88,7.9,0.74,1.95,49.74,3.64,4035166464.0,4035166464.0,-0.13,0.0,-12.46,-12.36
4035,920575,康乐卫士,7.97,-0.38,-0.03,47886.0,38366565.3,3.25,8.13,7.87,7.92,8.0,1.08,2.55,-7.26,9.16,2239091800.0,1497074280.0,-0.13,-0.13,-23.14,-3.63
4036,000785,居然智家,2.62,-0.38,-0.01,598693.0,156127268.0,1.52,2.63,2.59,2.62,2.63,0.69,1.02,-16.34,0.85,16314867893.0,15451694876.0,-0.38,0.0,-21.56,-10.27
4037,300037,新宙邦,62.53,-0.38,-0.24,212532.0,1329673320.48,3.38,63.69,61.57,62.9,62.77,0.84,3.95,42.84,4.46,47009543130.0,33686442172.0,-0.03,0.02,12.97,19.33
4038,300219,鸿利智汇,7.78,-0.38,-0.03,207681.0,162172666.31,1.79,7.89,7.75,7.78,7.81,1.11,2.94,54.36,2.08,5507800477.0,5497728372.0,0.0,0.26,5.85,7.91
4039,920510,丰光精密,15.58,-0.38,-0.06,33812.0,53483476.01,6.78,16.26,15.2,15.7,15.64,2.17,3.6,-184.71,7.38,2870053014.0,1462947635.0,0.0,-0.13,-21.19,-25.84
4040,300025,华星创业,5.22,-0.38,-0.02,93603.0,48702982.0,1.34,5.25,5.18,5.21,5.24,0.89,1.85,-49.92,4.93,2655899053.0,2643366872.0,0.38,0.38,-16.48,-9.38
4041,603896,寿仙谷,18.46,-0.38,-0.07,14404.0,26596725.0,0.97,18.59,18.41,18.59,18.53,1.17,0.73,35.95,1.63,3659582597.0,3659582597.0,0.11,0.11,-16.01,-4.75
4042,920101,志高机械,36.05,-0.39,-0.14,13833.0,49832265.34,3.98,36.6,35.16,35.69,36.19,2.3,4.97,26.81,3.04,3213791673.0,1002858331.0,0.03,0.28,-12.44,-9.65
4043,688030,山石网科,15.5,-0.39,-0.06,15189.0,23645440.0,1.54,15.7,15.46,15.56,15.56,0.86,0.84,-14.43,3.91,2793655954.0,2793655954.0,0.13,0.0,-24.17,-14.69
4044,688029,南微医学,73.25,-0.39,-0.29,12136.0,88801290.0,2.08,73.96,72.43,73.47,73.54,0.77,0.65,24.14,3.35,13759823662.0,13759823662.0,-0.3,-0.07,-15.38,-10.19
4045,002406,远东传动,7.68,-0.39,-0.03,124095.0,95390549.0,0.78,7.72,7.66,7.69,7.71,0.77,2.06,35.9,1.38,5608128630.0,4624995057.0,-0.13,0.0,-4.71,-3.27
4046,603305,旭升集团,15.19,-0.39,-0.06,224050.0,340773846.0,1.38,15.35,15.14,15.31,15.25,1.03,1.94,43.91,2.17,17555212966.0,17555212966.0,-0.13,-0.07,-20.72,-6.12
4047,301488,豪恩汽电,136.34,-0.4,-0.55,9135.0,124658659.6,1.71,138.0,135.66,137.98,136.89,0.8,3.9,167.36,9.2,12543280000.0,3192017712.0,0.0,0.0,-17.77,-10.92
4048,301591,肯特股份,42.77,-0.4,-0.17,9821.0,41909766.54,1.14,42.97,42.48,42.94,42.94,0.88,2.89,45.68,4.01,3597812400.0,1451986968.0,0.07,0.12,-1.75,5.5
4049,688065,凯赛生物,47.82,-0.4,-0.19,35443.0,169635179.0,1.62,48.25,47.47,47.55,48.01,0.98,0.61,60.97,1.94,34492077949.0,27897137825.0,-0.15,-0.13,-17.01,-3.98
4050,600439,瑞贝卡,2.52,-0.4,-0.01,167393.0,42004632.0,2.37,2.54,2.48,2.52,2.53,0.9,1.48,182.74,1.08,2852603309.0,2852603309.0,0.0,0.0,-10.0,-9.03
4051,920069,普昂医疗,37.15,-0.4,-0.15,20057.0,75992857.39,5.17,38.95,37.02,37.23,37.3,1.07,13.57,21.9,2.61,1965755100.0,548992855.0,-0.21,-0.27,102.12,102.12
4052,002846,英联股份,14.81,-0.4,-0.06,46471.0,68928164.0,2.08,15.04,14.73,14.82,14.87,0.95,1.81,131.86,4.4,6220105749.0,3806438002.0,0.0,0.0,-17.72,-8.24
4053,601918,新集能源,7.47,-0.4,-0.03,400248.0,298402050.0,2.67,7.57,7.37,7.51,7.5,0.9,1.55,9.06,1.14,19351347246.0,19351347246.0,-0.13,-0.13,7.95,13.87
4054,002791,坚朗五金,19.29,-0.41,-0.08,32155.0,61923365.12,1.19,19.4,19.17,19.4,19.37,0.7,1.48,-67.97,1.27,6826441901.0,4199520615.0,0.0,0.0,-12.56,-9.05
4055,002485,ST雪发,4.86,-0.41,-0.02,28484.0,13780750.0,2.66,4.89,4.76,4.81,4.88,0.85,0.52,-43.38,2.24,2643840000.0,2643840000.0,0.0,0.0,16.55,15.71
4056,001205,盛航股份,14.63,-0.41,-0.06,50695.0,74272384.55,2.65,14.94,14.55,14.88,14.69,1.91,3.05,17.48,1.27,2750491702.0,2435665645.0,0.0,0.07,-9.91,-14.44
4057,601238,广汽集团,7.21,-0.41,-0.03,105919.0,76451905.0,0.69,7.25,7.2,7.24,7.24,0.81,0.14,-8.37,0.7,73520845139.0,53236459660.0,0.0,0.0,-13.76,-11.64
4058,600859,王府井,12.2,-0.41,-0.05,108717.0,132641339.0,1.31,12.29,12.13,12.23,12.25,1.06,0.97,83.16,0.7,13711963373.0,13710702381.0,0.0,-0.08,-21.54,-21.44
4059,688082,盛美上海,156.76,-0.41,-0.64,38052.0,597242565.0,3.09,159.4,154.53,157.25,157.4,0.98,0.8,53.92,5.59,75270632324.0,74458042879.0,0.01,-0.02,-23.45,-10.96
4060,300724,捷佳伟创,109.78,-0.41,-0.45,136325.0,1497752773.5,2.3,111.08,108.55,109.09,110.23,0.94,4.74,10.67,2.86,38235496419.0,31585292211.0,0.0,0.15,-5.82,14.83
4061,300859,西域旅游,33.74,-0.41,-0.14,50769.0,170759600.7,2.27,34.02,33.25,33.65,33.88,0.73,3.28,70.03,6.69,5229700000.0,5229700000.0,0.0,0.09,-13.55,-8.74
4062,002245,蔚蓝锂芯,19.66,-0.41,-0.08,473138.0,932003629.5,1.27,19.8,19.55,19.8,19.74,0.6,4.36,31.92,2.97,22683915157.0,21341723812.0,-0.1,-0.05,9.65,10.45
4063,000756,新华制药,14.55,-0.41,-0.06,33891.0,49296184.05,0.82,14.6,14.48,14.52,14.61,0.61,0.68,34.97,1.93,10136743979.0,7258984975.0,-0.07,-0.07,-10.35,-5.58
4064,601319,中国人保,7.35,-0.41,-0.03,514477.0,376905701.0,1.22,7.39,7.3,7.37,7.38,1.11,0.14,6.97,1.05,325046330785.0,260908510885.0,0.14,0.0,-22.63,-17.88
4065,600706,曲江文旅,9.47,-0.42,-0.04,63630.0,59867171.0,2.1,9.5,9.3,9.5,9.51,0.86,2.5,-72.93,3.81,2415416164.0,2405665852.0,0.0,0.0,-17.22,-10.66
4066,688286,敏芯股份,70.9,-0.42,-0.3,13748.0,97943327.0,1.4,71.71,70.71,71.38,71.2,1.12,2.45,106.25,3.7,3974637835.0,3974637835.0,0.06,-0.01,-14.07,-10.2
4067,300999,金龙鱼,28.24,-0.42,-0.12,82043.0,231708980.56,0.92,28.45,28.19,28.37,28.36,1.07,1.51,48.56,1.59,153105744977.0,15324354019.0,0.0,0.07,-4.98,-1.74
4068,605128,上海沿浦,35.32,-0.42,-0.15,22024.0,78096965.0,1.47,35.74,35.22,35.54,35.47,1.09,1.04,39.74,3.47,7457419096.0,7457419096.0,0.14,0.14,-6.68,-4.18
4069,688599,天合光能,16.6,-0.42,-0.07,385110.0,640565906.0,2.64,16.84,16.4,16.6,16.67,1.23,1.64,-5.56,1.76,38886623588.0,38886623588.0,-0.18,-0.12,-12.12,0.3
4070,600486,扬农化工,71.3,-0.42,-0.3,75842.0,538559913.0,3.59,72.08,69.51,71.0,71.6,1.15,1.88,22.47,2.52,28899693391.0,28804391030.0,-0.15,-0.03,2.19,2.75
4071,300605,恒锋信息,14.38,-0.42,-0.06,39819.0,57216444.68,1.52,14.5,14.28,14.45,14.44,0.73,3.15,170.72,4.96,2374764177.0,1817378481.0,0.07,0.14,-17.26,-8.12
4072,603210,泰鸿万立,16.55,-0.42,-0.07,21059.0,34938513.0,0.84,16.66,16.52,16.63,16.62,0.87,0.91,29.08,3.08,5633620000.0,3850812625.0,0.0,0.0,-16.5,-14.95
4073,688793,倍轻松,21.3,-0.42,-0.09,11364.0,24167778.0,2.01,21.5,21.07,21.5,21.39,0.72,1.32,-20.5,7.58,1830637425.0,1830637425.0,0.05,-0.05,-7.75,-2.29
4074,600458,时代新材,11.93,-0.42,-0.05,90846.0,108029455.0,1.59,11.99,11.8,11.98,11.98,0.8,1.05,21.62,1.4,11103889494.0,10285889419.0,0.08,0.17,-15.69,-10.1
4075,920690,捷众科技,26.34,-0.42,-0.11,13641.0,36300584.81,4.31,27.14,26.0,26.26,26.45,1.47,3.16,23.73,2.89,1746342000.0,1135229767.0,0.04,-0.19,-22.76,-20.97
4076,000989,九芝堂,9.47,-0.42,-0.04,167191.0,157277700.91,1.89,9.5,9.32,9.47,9.51,0.75,2.41,36.41,2.18,8105770854.0,6573636041.0,-0.11,0.0,4.41,8.48
4077,605167,利柏特,18.32,-0.43,-0.08,67151.0,122044572.0,2.88,18.43,17.9,18.4,18.4,0.63,1.5,34.67,4.16,8227499249.0,8227499249.0,-0.05,-0.33,16.91,11.5
4078,300732,设研院,6.89,-0.43,-0.03,83721.0,57309508.78,1.73,6.9,6.78,6.87,6.92,1.11,2.26,-15.64,0.91,2553158896.0,2550330668.0,0.0,0.0,-10.75,-8.13
4079,300709,精研科技,41.88,-0.43,-0.18,63118.0,266181634.96,2.76,42.85,41.69,41.97,42.06,1.07,4.23,38.78,3.4,7792891400.0,6251974595.0,-0.07,0.0,-12.7,-11.2
4080,600557,康缘药业,13.86,-0.43,-0.06,35537.0,49379930.0,0.86,13.96,13.84,13.94,13.92,0.79,0.63,29.48,1.66,7846961051.0,7846961051.0,-0.14,0.0,-7.48,-1.77
4081,300522,世名科技,13.85,-0.43,-0.06,159978.0,223615142.68,4.03,14.26,13.7,13.91,13.91,0.97,6.08,522.3,5.64,4465953372.0,3644012851.0,-0.07,-0.07,4.69,10.1
4082,600129,太极集团,16.18,-0.43,-0.07,43736.0,70754336.0,1.11,16.26,16.08,16.11,16.25,0.62,0.79,74.0,2.55,8921946233.0,8921946233.0,-0.12,-0.06,-13.1,-10.36
4083,600011,华能国际,6.91,-0.43,-0.03,1096226.0,759533822.0,1.73,7.01,6.89,6.95,6.94,1.44,1.0,7.53,1.67,108473825111.0,75994175540.0,0.0,0.14,-6.62,-7.37
4084,601857,中国石油,11.48,-0.43,-0.05,1457195.0,1666014618.0,1.99,11.53,11.3,11.48,11.53,0.94,0.09,13.36,1.32,2101080825351.0,1858865453351.0,0.0,0.09,15.15,10.28
4085,601186,中国铁建,6.9,-0.43,-0.03,589768.0,407506368.0,0.43,6.93,6.9,6.92,6.93,1.36,0.51,5.1,0.34,93698836350.0,79372393950.0,0.0,0.0,-10.04,-10.04
4086,000898,鞍钢股份,2.32,-0.43,-0.01,268506.0,62372631.02,1.72,2.34,2.3,2.32,2.33,0.82,0.34,-5.34,0.5,21736593319.0,18461342019.0,0.0,0.0,-7.2,-8.3
4087,600608,*ST沪科,2.29,-0.43,-0.01,42402.0,9680869.0,5.65,2.36,2.23,2.3,2.3,0.6,1.33,531.85,19.37,753092700.0,729070600.0,0.0,0.44,-36.21,-32.25
4088,002952,亚世光电,24.81,-0.44,-0.11,83475.0,209155686.0,5.06,25.8,24.54,25.05,24.92,1.21,6.34,244.71,4.69,4077275400.0,3266113244.0,0.0,0.08,17.25,26.32
4089,600731,湖南海利,6.73,-0.44,-0.03,77118.0,51835272.0,1.33,6.78,6.69,6.77,6.76,0.85,1.42,15.43,1.19,3760336460.0,3645524335.0,-0.15,0.15,-4.27,-0.59
4090,600845,宝信软件,22.82,-0.44,-0.1,153178.0,350491720.0,2.01,23.16,22.7,22.83,22.92,0.75,0.72,50.2,5.93,65511172262.0,48699115771.0,0.04,0.0,-7.46,10.19
4091,688816,易思维,67.19,-0.44,-0.3,13935.0,93943692.0,1.88,68.27,67.0,67.39,67.49,0.88,7.23,85.64,8.92,6719000000.0,1295708220.0,0.0,-0.31,20.09,20.09
4092,603125,常青科技,18.18,-0.44,-0.08,22369.0,40706003.0,1.37,18.34,18.09,18.26,18.26,0.9,0.55,46.54,3.01,7359925298.0,7359925298.0,0.0,0.0,-4.82,7.7
4093,301004,嘉益股份,50.26,-0.44,-0.22,5749.0,28893941.2,1.72,50.66,49.79,50.43,50.48,0.47,0.42,14.95,4.2,7328221522.0,6840755461.0,-0.26,-0.24,-5.35,-3.44
4094,002785,万里石,42.56,-0.44,-0.19,53894.0,230297638.02,3.23,43.43,42.05,42.62,42.75,0.79,2.79,3595.97,10.87,9644934219.0,8235148179.0,-0.12,-0.14,13.89,20.5
4095,603713,密尔克卫,59.5,-0.44,-0.26,15681.0,92779377.0,2.21,59.92,58.6,59.73,59.76,1.08,0.99,15.02,1.99,9408593390.0,9408593390.0,-0.17,-0.17,0.19,6.69
4096,300959,线上线下,87.01,-0.45,-0.39,48402.0,412994070.19,4.41,87.5,83.65,87.17,87.4,1.24,9.25,1495.73,6.23,6992802278.0,4555427605.0,0.1,0.15,-13.52,-8.12
4097,301278,快可电子,39.72,-0.45,-0.18,21490.0,85465350.76,2.46,40.49,39.51,40.16,39.9,0.93,4.18,133.88,2.5,3563207440.0,2041686010.0,0.0,0.05,9.88,18.82
4098,603567,珍宝岛,6.67,-0.45,-0.03,109940.0,73242806.0,1.94,6.74,6.61,6.65,6.7,0.48,1.17,-12.62,0.86,6276446755.0,6266735295.0,0.15,0.15,-29.64,-25.31
4099,002707,众信旅游,6.57,-0.45,-0.03,170643.0,111593191.15,1.82,6.6,6.48,6.56,6.6,0.79,2.07,72.25,6.97,6456437767.0,5421611468.0,0.0,0.0,-27.72,-8.62
4100,300910,瑞丰新材,46.46,-0.45,-0.21,44533.0,205683722.7,2.44,46.74,45.6,46.49,46.67,1.06,2.15,18.67,3.6,13749153016.0,9613666182.0,-0.02,0.0,-22.95,-17.84
4101,603379,三美股份,62.27,-0.45,-0.28,83816.0,524993167.0,2.94,63.75,61.91,62.6,62.55,1.22,1.37,17.92,4.99,38014529634.0,38014529634.0,0.02,-0.02,8.54,2.55
4102,600809,山西汾酒,138.87,-0.45,-0.63,51323.0,712842687.0,1.94,140.51,137.81,139.0,139.5,0.8,0.42,11.14,4.37,169416431509.0,169416431509.0,-0.04,-0.03,-20.32,-19.12
4103,000069,华侨城Ａ,2.22,-0.45,-0.01,335003.0,74132634.44,1.35,2.23,2.2,2.22,2.23,0.68,0.49,-1.23,0.5,17843822878.0,15314895954.0,0.0,-0.45,-16.23,-10.48
4104,000878,云南铜业,19.73,-0.45,-0.09,529828.0,1045362849.82,2.27,20.02,19.57,19.99,19.82,1.03,2.64,36.77,2.9,47848881109.0,39531438581.0,-0.05,0.0,-13.99,-3.8
4105,301130,西点药业,30.74,-0.45,-0.14,11757.0,35971105.83,1.78,30.85,30.3,30.85,30.88,0.56,1.99,53.21,2.57,2351446617.0,1814193646.0,0.0,0.0,0.95,7.71
4106,601788,光大证券,15.41,-0.45,-0.07,169169.0,261310528.0,0.9,15.52,15.38,15.49,15.48,1.11,0.43,19.08,1.17,71052237517.0,60202229109.0,-0.06,-0.06,-11.33,-12.19
4107,000153,丰原药业,6.54,-0.46,-0.03,189184.0,122752827.08,3.65,6.6,6.36,6.56,6.57,0.65,4.12,22.73,1.45,3039043314.0,3000999970.0,0.0,-0.15,1.08,4.31
4108,300470,中密控股,36.53,-0.46,-0.17,34652.0,126963788.0,1.53,36.99,36.43,36.7,36.7,0.59,1.76,19.71,2.62,7596842253.0,7201680695.0,-0.03,0.03,-4.97,-2.85
4109,000411,英特集团,10.91,-0.46,-0.05,33359.0,36290660.27,1.46,10.97,10.81,10.96,10.96,0.57,0.59,14.33,1.21,6162504183.0,6150359062.0,0.09,0.0,-18.88,-14.43
4110,002714,牧原股份,45.32,-0.46,-0.21,337323.0,1536158922.39,2.24,46.22,45.2,45.94,45.53,0.69,0.89,16.89,3.23,261632118898.0,172224600286.0,-0.09,-0.18,-6.17,-10.4
4111,000028,国药一致,25.93,-0.46,-0.12,34937.0,90620718.4,1.69,26.24,25.8,26.05,26.05,0.56,0.73,12.7,0.78,14431732447.0,12395910401.0,0.04,0.04,3.64,5.58
4112,601881,中国银河,12.86,-0.46,-0.06,318060.0,409623880.0,0.93,12.94,12.82,12.93,12.92,0.99,0.44,11.23,1.19,140616413012.0,93150350632.0,0.0,-0.08,-17.98,-18.19
4113,002020,京新药业,15.18,-0.46,-0.07,77135.0,117021555.0,1.11,15.26,15.09,15.26,15.25,0.54,1.07,17.03,2.31,13070422345.0,10989839325.0,-0.07,0.0,-17.0,-20.02
4114,600109,国金证券,8.61,-0.46,-0.04,175740.0,151762390.0,0.92,8.68,8.6,8.66,8.65,0.83,0.47,14.07,0.92,31903191875.0,31903191875.0,0.0,-0.12,-8.4,-7.42
4115,603168,莎普爱思,6.48,-0.46,-0.03,84662.0,54352766.0,2.0,6.49,6.36,6.47,6.51,0.87,2.27,-10.16,1.79,2424339752.0,2413890752.0,0.15,0.31,-14.62,-11.96
4116,301152,天力锂能,29.99,-0.46,-0.14,37089.0,111126723.5,1.69,30.27,29.76,29.99,30.13,0.62,5.22,-30.62,2.71,3561012810.0,2129271466.0,-0.13,-0.03,-7.72,-1.87
4117,600215,派斯林,6.53,-0.46,-0.03,62878.0,40984204.0,1.68,6.56,6.45,6.55,6.56,1.33,1.38,-26.45,1.49,2983445206.0,2983445206.0,-0.31,-0.15,-14.08,-8.67
4118,301195,北路智控,32.14,-0.46,-0.15,6205.0,20003987.0,1.3,32.47,32.05,32.35,32.29,0.72,0.71,30.4,1.76,4244724658.0,2819074190.0,0.0,0.12,-12.19,-6.92
4119,601399,国机重装,4.21,-0.47,-0.02,1340903.0,565007715.0,1.65,4.25,4.18,4.22,4.23,1.16,1.86,65.52,2.05,30369070297.0,30369070297.0,0.0,0.0,-27.41,-11.92
4120,000429,粤高速Ａ,12.64,-0.47,-0.06,50538.0,63714367.7,1.89,12.72,12.48,12.72,12.7,1.11,0.39,14.67,2.38,26427789433.0,16474090012.0,-0.08,-0.08,12.16,7.3
4121,002903,宇环数控,31.85,-0.47,-0.15,84555.0,269805729.95,3.69,32.5,31.32,31.96,32.0,0.78,7.93,-254.37,6.35,4990831300.0,3397300921.0,0.0,-0.03,32.16,38.48
4122,000718,苏宁环球,2.12,-0.47,-0.01,244838.0,51706899.54,1.88,2.13,2.09,2.12,2.13,0.67,1.07,48.16,0.69,6433429134.0,4838037419.0,0.0,0.0,-11.3,-7.42
4123,000712,锦龙股份,10.55,-0.47,-0.05,102052.0,107990355.32,1.13,10.65,10.53,10.65,10.6,0.93,1.14,46.59,3.73,9452800000.0,9449995019.0,-0.09,-0.09,-14.3,-12.23
4124,603656,泰禾智能,21.02,-0.47,-0.1,25743.0,53841544.0,2.41,21.19,20.68,21.12,21.12,1.07,1.41,132.02,2.92,3845511425.0,3845511425.0,0.0,0.0,-8.25,-8.73
4125,002556,辉隆股份,6.38,-0.47,-0.03,203252.0,130640605.4,2.96,6.54,6.35,6.4,6.41,1.01,2.15,31.18,1.68,6038785350.0,6033062975.0,0.0,-0.16,3.57,5.63
4126,600648,外高桥,10.64,-0.47,-0.05,31788.0,33778309.0,1.59,10.73,10.56,10.63,10.69,0.78,0.28,15.47,0.91,14469466000.0,12105880152.0,0.0,0.0,2.01,5.45
4127,300287,飞利信,4.26,-0.47,-0.02,186331.0,79432337.0,0.7,4.28,4.25,4.25,4.28,0.96,1.41,-45.4,5.69,6114266422.0,5615625584.0,0.0,0.0,-22.4,-12.88
4128,600007,中国国贸,21.4,-0.47,-0.1,24613.0,53008533.0,1.44,21.71,21.4,21.5,21.5,1.12,0.24,17.93,2.21,21555846228.0,21555846228.0,-0.19,-0.19,9.86,7.97
4129,600369,西南证券,4.21,-0.47,-0.02,257346.0,108585316.0,1.18,4.25,4.2,4.23,4.23,0.97,0.39,26.33,1.07,27975909412.0,27975909412.0,0.0,0.24,-6.24,-6.03
4130,688279,峰岹科技,177.58,-0.47,-0.84,14967.0,266214954.0,3.91,180.98,174.0,178.42,178.42,0.83,1.6,93.37,4.02,20441958326.0,16614043846.0,-0.32,-0.17,-12.74,-12.73
4131,605183,确成股份,19.24,-0.47,-0.09,15338.0,29448474.0,1.14,19.35,19.13,19.21,19.33,0.99,0.37,16.1,2.14,8001591710.0,7935142522.0,-0.05,0.05,-5.69,-3.41
4132,003001,中岩大地,17.0,-0.47,-0.08,19495.0,33067096.0,1.76,17.1,16.8,17.1,17.08,0.54,1.81,214.32,2.49,2963924058.0,1827378059.0,-0.12,-0.18,-20.15,-15.55
4133,301226,祥明智能,40.18,-0.47,-0.19,45070.0,181504751.57,2.23,40.7,39.8,40.7,40.37,0.59,4.14,167.43,4.8,4371584000.0,4371584000.0,0.0,-0.05,24.09,18.07
4134,920641,格利尔,19.02,-0.47,-0.09,45350.0,88765904.32,6.44,20.19,18.96,19.28,19.11,2.78,9.98,161.1,4.11,1427926500.0,863919327.0,-0.68,-0.52,-11.04,3.71
4135,002469,三维化学,8.56,-0.47,-0.04,104238.0,89234206.7,1.86,8.65,8.49,8.6,8.6,0.64,1.66,29.79,2.1,5554264113.0,5379128918.0,0.0,0.12,-2.39,2.51
4136,300913,兆龙互连,54.8,-0.47,-0.26,64171.0,353468267.24,2.63,55.95,54.5,54.91,55.06,0.85,2.51,101.93,12.86,18784405376.0,14016955692.0,-0.09,-0.16,-4.78,4.12
4137,600064,南京高科,8.54,-0.47,-0.04,115496.0,98702489.0,1.05,8.59,8.5,8.56,8.58,0.99,0.67,4.55,0.75,14777100560.0,14777100560.0,-0.23,-0.12,-2.06,-1.61
4138,002923,润都股份,12.5,-0.48,-0.06,85818.0,107325109.2,2.15,12.67,12.4,12.52,12.56,0.7,3.33,-57.41,4.0,4186166075.0,3226060413.0,0.0,0.08,-4.14,2.88
4139,300443,金雷股份,30.81,-0.48,-0.15,105577.0,324772522.76,2.33,31.18,30.46,31.0,30.96,0.91,4.35,31.36,1.57,9863346964.0,7479868326.0,0.0,0.06,2.91,9.53
4140,300434,金石亚药,10.3,-0.48,-0.05,56158.0,57843523.0,1.84,10.44,10.25,10.35,10.35,0.75,1.64,32.07,1.64,4137961882.0,3523847186.0,0.0,0.0,-5.42,0.19
4141,600938,中国海油,37.16,-0.48,-0.18,477237.0,1767026393.0,2.79,37.54,36.5,37.01,37.34,0.87,1.6,14.47,2.2,1766213090045.0,111108400000.0,-0.08,-0.05,23.7,23.13
4142,001282,三联锻造,20.95,-0.48,-0.1,30820.0,64522910.15,1.71,21.18,20.82,21.02,21.05,0.53,3.94,42.41,2.87,4654788320.0,1637552560.0,0.1,0.0,-4.16,-1.74
4143,688033,天宜新材,8.31,-0.48,-0.04,110130.0,91229208.0,2.51,8.39,8.18,8.34,8.35,0.96,1.96,-2.12,3.21,4671870333.0,4671870333.0,0.12,0.12,2.09,7.92
4144,688261,东微半导,74.6,-0.48,-0.36,30619.0,228699362.0,3.26,75.94,73.5,75.0,74.96,0.93,2.51,207.55,3.1,9144093135.0,9108405539.0,-0.13,-0.03,-22.86,-9.04
4145,603014,威高血净,37.63,-0.48,-0.18,7450.0,28019431.0,0.69,37.77,37.51,37.77,37.81,0.9,1.89,32.59,2.21,15720085504.0,1481392703.0,0.05,0.08,-7.84,-5.05
4146,600079,ST人福,18.71,-0.48,-0.09,91398.0,171087920.0,0.69,18.78,18.65,18.75,18.8,0.87,0.59,16.46,1.61,30538947805.0,28872874787.0,-0.05,0.0,1.03,3.31
4147,002355,兴民智通,6.17,-0.48,-0.03,189033.0,116352585.55,1.77,6.21,6.1,6.2,6.2,0.8,3.06,-17.07,3.37,4124527770.0,3814088231.0,0.0,0.0,-10.71,1.82
4148,920656,海昇药业,16.48,-0.48,-0.08,11905.0,19908248.1,3.44,16.99,16.42,16.69,16.56,1.68,3.68,20.51,2.28,1648000000.0,533561111.0,0.18,0.24,-8.8,-5.61
4149,300294,博雅生物,18.75,-0.48,-0.09,36485.0,68317782.96,1.7,18.87,18.55,18.8,18.84,0.77,0.72,83.89,1.27,9454663838.0,9454663838.0,-0.21,-0.11,-19.46,-17.04
4150,002101,广东鸿图,10.3,-0.48,-0.05,87727.0,90494359.63,0.97,10.37,10.27,10.35,10.35,0.72,1.32,18.89,0.86,6843075262.0,6820785650.0,0.0,0.0,-16.87,-16.4
4151,300745,欣锐科技,27.03,-0.48,-0.13,31224.0,85069244.0,2.47,27.65,26.98,27.0,27.16,0.77,2.19,-54.57,2.01,4556353036.0,3846680683.0,0.0,-0.07,-6.5,4.93
4152,300566,激智科技,18.79,-0.48,-0.09,38177.0,71920598.72,1.32,18.98,18.73,18.9,18.88,0.87,1.68,22.1,2.35,4924945866.0,4259325298.0,0.05,0.05,-3.09,2.4
4153,301369,联动科技,168.07,-0.48,-0.81,15148.0,252380142.58,2.66,169.0,164.51,168.04,168.88,0.75,4.17,353.52,7.85,11861607142.0,6111596302.0,-0.01,-0.02,23.71,25.52
4154,688726,拉普拉斯,66.06,-0.48,-0.32,182691.0,1216110359.0,3.84,67.68,65.13,66.2,66.38,0.72,8.31,43.74,6.59,26775848045.0,14528210752.0,-0.12,-0.18,59.68,83.5
4155,002713,*ST东易,14.3,-0.49,-0.07,265306.0,378146141.79,6.82,14.78,13.8,14.6,14.37,0.78,5.04,-175.14,-5.15,13605094131.0,7528961883.0,-0.14,0.0,33.64,59.24
4156,600609,金杯汽车,4.07,-0.49,-0.02,113156.0,46040505.0,0.98,4.09,4.05,4.09,4.09,0.82,0.87,22.6,3.23,5309553331.0,5309553331.0,0.0,0.25,-18.27,-12.1
4157,920533,骏创科技,24.4,-0.49,-0.12,32206.0,79660398.38,5.67,25.38,23.99,25.0,24.52,1.47,4.4,87.75,8.65,3190478803.0,1784546045.0,0.0,0.0,-19.76,-23.1
4158,300158,振东制药,6.1,-0.49,-0.03,183340.0,111896216.44,1.14,6.15,6.08,6.11,6.13,0.51,1.85,-1446.84,1.81,6053048642.0,6048110069.0,0.0,-0.16,-0.97,4.99
4159,600587,新华医疗,14.17,-0.49,-0.07,53659.0,76193813.0,0.7,14.26,14.16,14.2,14.24,1.08,0.88,14.84,1.09,8596153259.0,8596153259.0,-0.14,-0.07,-15.35,-1.6
4160,002761,浙江建投,8.13,-0.49,-0.04,79566.0,64611069.19,1.22,8.16,8.06,8.12,8.17,1.03,0.74,53.54,1.33,10771206954.0,8794943879.0,-0.12,0.0,-6.55,-5.13
4161,001339,智微智能,71.22,-0.49,-0.35,75560.0,533138783.0,3.42,71.59,69.14,70.71,71.57,0.76,6.33,102.9,7.97,17966730934.0,8504706459.0,-0.18,0.06,31.91,39.35
4162,002613,北玻股份,4.05,-0.49,-0.02,402570.0,162353691.5,2.46,4.09,3.99,4.08,4.07,0.7,5.21,314.66,2.04,4457303203.0,3127638979.0,0.0,0.25,8.87,8.87
4163,600239,云南城投,2.04,-0.49,-0.01,190507.0,38753977.0,1.46,2.05,2.02,2.05,2.05,0.77,1.19,-69.75,2.55,3275601294.0,3275601294.0,-0.49,0.0,-13.19,-13.19
4164,600815,厦工股份,4.04,-0.49,-0.02,679714.0,273358383.0,2.46,4.08,3.98,4.04,4.06,0.6,3.83,-97.58,4.94,7167341699.0,7167341699.0,0.25,0.5,25.47,17.1
4165,603065,宿迁联盛,8.2,-0.49,-0.04,35750.0,29378977.0,1.58,8.28,8.15,8.27,8.24,1.07,0.85,289.42,1.7,3435534090.0,3435534090.0,-0.12,0.0,-3.76,-1.2
4166,000513,丽珠集团,33.62,-0.5,-0.17,42815.0,144040372.63,0.74,33.84,33.59,33.76,33.79,0.76,0.75,14.75,2.15,29851439089.0,19100859874.0,-0.03,0.0,-6.71,-2.44
4167,300894,火星人,9.87,-0.5,-0.05,29771.0,29534686.39,1.71,9.99,9.82,9.91,9.92,0.83,1.01,-13.78,3.66,4010004278.0,2902483682.0,0.51,-0.3,-19.43,-16.28
4168,688013,天臣医疗,37.85,-0.5,-0.19,15329.0,58073243.0,2.16,38.42,37.6,37.91,38.04,1.17,1.89,36.53,5.44,3071739460.0,3071739460.0,-0.26,-0.13,-21.39,-21.28
4169,603496,恒为科技,29.75,-0.5,-0.15,140825.0,421447261.0,2.58,30.35,29.58,29.89,29.9,1.08,4.4,272.66,6.86,9526224979.0,9526224979.0,0.0,0.07,-14.14,9.05
4170,000858,五 粮 液,101.35,-0.5,-0.51,116961.0,1186004538.23,0.88,101.95,101.05,101.82,101.86,0.95,0.3,13.72,2.76,393400971307.0,393384401291.0,-0.03,0.0,-4.47,-4.33
4171,001298,好上好,21.87,-0.5,-0.11,155939.0,341230007.62,2.73,22.26,21.66,21.9,21.98,1.63,6.53,124.14,3.96,9459081770.0,5219827368.0,-0.05,0.0,2.2,7.42
4172,002385,大北农,3.97,-0.5,-0.02,674411.0,268695349.0,1.25,4.02,3.97,4.01,3.99,0.78,1.91,49.82,1.96,17071311903.0,13990589211.0,-0.25,0.0,-2.46,-0.75
4173,603408,建霖家居,12.02,-0.5,-0.06,15540.0,18748645.0,1.41,12.15,11.98,12.07,12.08,0.8,0.35,11.58,1.57,5379827460.0,5379827460.0,0.0,0.17,-8.1,-9.96
4174,600593,大连圣亚,36.16,-0.5,-0.18,27008.0,97349950.0,2.04,36.3,35.56,36.22,36.34,0.69,2.1,173.05,24.39,4716891200.0,4657408000.0,0.03,0.08,-24.78,-12.7
4175,688045,必易微,51.57,-0.5,-0.26,19991.0,102089988.0,2.89,51.61,50.11,51.61,51.83,1.11,2.83,301.41,2.56,3639655323.0,3639655323.0,0.06,0.06,23.61,33.29
4176,300078,思创智联,3.95,-0.5,-0.02,226140.0,89583410.0,1.26,3.99,3.94,3.96,3.97,0.9,2.03,-695.42,7.64,4415595309.0,4397800235.0,-0.25,-0.25,-28.96,-10.84
4177,002311,海大集团,47.85,-0.5,-0.24,54908.0,262756737.56,1.35,48.3,47.65,48.16,48.09,0.6,0.33,14.41,3.15,79610436065.0,79551644349.0,0.0,0.02,-10.78,-13.6
4178,600976,健民集团,33.2,-0.51,-0.17,31404.0,102597451.0,3.15,33.2,32.15,32.68,33.37,1.3,2.05,14.51,1.86,5092833520.0,5089513520.0,0.0,0.09,-5.95,-1.1
4179,002688,金河生物,5.84,-0.51,-0.03,92468.0,54051415.24,0.85,5.88,5.83,5.88,5.87,0.8,1.24,24.24,1.92,4493905684.0,4365187523.0,0.17,0.17,-7.89,-1.85
4180,600999,招商证券,15.63,-0.51,-0.08,329388.0,515347505.0,1.34,15.76,15.55,15.75,15.71,1.34,0.44,11.01,1.12,135926713978.0,116005942401.0,-0.13,0.0,-8.17,-6.07
4181,000948,南天信息,15.59,-0.51,-0.08,29339.0,45921928.93,0.96,15.73,15.58,15.68,15.67,0.93,0.75,165.99,2.22,6078365987.0,6066837447.0,0.0,-0.13,-16.32,-13.15
4182,603883,老百姓,13.66,-0.51,-0.07,52612.0,71806153.0,1.24,13.72,13.55,13.66,13.73,0.66,0.69,14.71,1.53,10366440624.0,10366440624.0,-0.07,-0.07,-15.21,-7.7
4183,601279,英利汽车,3.91,-0.51,-0.02,95911.0,37416890.0,1.27,3.92,3.87,3.88,3.93,0.9,0.6,-73.36,1.49,6200423201.0,6200423201.0,0.26,0.26,-18.03,-24.81
4184,603076,乐惠国际,29.16,-0.51,-0.15,28507.0,82601675.0,2.22,29.32,28.67,29.17,29.31,0.77,2.36,78.56,2.71,3519651191.0,3519651191.0,0.0,-0.07,19.02,24.4
4185,300814,中富电路,97.81,-0.51,-0.5,71093.0,694763073.53,3.36,99.5,96.2,98.85,98.31,0.74,3.71,504.16,11.39,18723781211.0,18723781211.0,-0.01,0.06,31.82,32.28
4186,601728,中国电信,5.84,-0.51,-0.03,1104937.0,648523152.0,1.02,5.9,5.84,5.88,5.87,1.13,0.14,16.1,1.16,534401690002.0,453357615602.0,-0.17,-0.17,-4.26,-7.3
4187,300708,聚灿光电,9.83,-0.51,-0.05,460492.0,450322344.6,1.72,9.86,9.69,9.78,9.88,1.3,6.49,45.02,3.23,9229535866.0,6979440117.0,0.2,0.2,4.24,10.7
4188,600689,上海三毛,13.68,-0.51,-0.07,41122.0,56026106.0,2.47,13.85,13.51,13.85,13.75,0.98,2.7,240.9,5.85,2749561572.0,2082152676.0,0.0,0.07,-0.87,1.79
4189,002615,哈尔斯,7.83,-0.51,-0.04,107941.0,84381458.8,2.16,7.9,7.73,7.88,7.87,0.72,3.53,907.11,1.53,4383325783.0,2393808044.0,0.13,0.13,1.42,2.09
4190,300940,南极光,23.58,-0.51,-0.12,35053.0,82861070.53,1.05,23.8,23.55,23.73,23.7,0.87,2.23,35.75,4.41,5249954292.0,3713364771.0,0.04,0.13,-19.36,-17.15
4191,000525,红太阳,5.74,-0.52,-0.03,176074.0,100855683.37,1.39,5.79,5.71,5.75,5.77,0.57,1.58,-20.66,2.85,7480130025.0,6381502429.0,0.0,0.17,1.59,5.13
4192,000538,云南白药,55.0,-0.52,-0.29,67312.0,371071142.8,0.61,55.34,55.0,55.19,55.29,1.06,0.38,19.04,2.45,98134443165.0,97511335350.0,-0.15,-0.05,-2.52,-3.1
4193,688143,长盈通,69.2,-0.52,-0.36,104756.0,729121059.0,3.36,71.0,68.66,69.91,69.56,0.84,8.56,383.48,6.61,8911631498.0,8468310279.0,-0.01,0.07,29.78,37.82
4194,002840,华统股份,13.49,-0.52,-0.07,428350.0,582960251.36,6.42,14.13,13.26,13.65,13.56,0.8,5.38,114.28,2.69,10821224642.0,10746544460.0,-0.44,-0.07,41.26,40.23
4195,002060,广东建工,3.86,-0.52,-0.02,439241.0,169269303.3,1.55,3.89,3.83,3.88,3.88,0.59,2.81,13.07,1.01,14491957914.0,6032464588.0,0.0,0.26,4.89,7.22
4196,002287,奇正藏药,23.18,-0.52,-0.12,14577.0,33778024.76,0.82,23.3,23.11,23.3,23.3,0.83,0.26,20.52,2.68,13261699946.0,13235543448.0,-0.13,-0.04,-5.23,-2.03
4197,688159,有方科技,45.54,-0.52,-0.24,40137.0,183196974.0,1.88,46.12,45.26,45.71,45.78,0.76,4.33,165.37,4.71,4231067663.0,4222870463.0,-0.18,-0.22,-19.61,-5.79
4198,600478,科力远,7.67,-0.52,-0.04,373815.0,287220767.0,1.95,7.78,7.63,7.69,7.71,0.74,2.24,72.78,4.4,12774698826.0,12774698826.0,-0.13,0.0,4.78,11.32
4199,601688,华泰证券,18.97,-0.52,-0.1,679623.0,1291843389.0,1.42,19.14,18.87,19.08,19.07,0.82,0.93,10.45,0.99,171239606020.0,138609201271.0,-0.11,-0.05,-18.79,-19.58
4200,688199,久日新材,27.04,-0.52,-0.14,28581.0,77402288.0,2.06,27.38,26.82,27.38,27.18,0.86,1.77,156.98,1.68,4359584867.0,4359584867.0,0.22,0.15,1.92,14.72
4201,300584,海辰药业,43.6,-0.52,-0.23,33504.0,146061444.0,2.1,44.2,43.28,43.55,43.83,0.65,4.08,120.08,5.01,5232000000.0,3580028526.0,0.0,0.05,-22.72,-13.18
4202,000650,仁和药业,5.77,-0.52,-0.03,109561.0,63306779.24,0.86,5.81,5.76,5.78,5.8,0.73,0.82,15.98,1.27,8077643610.0,7682096262.0,-0.17,-0.35,-6.94,2.12
4203,000759,中百集团,5.6,-0.53,-0.03,169701.0,94444650.0,2.13,5.62,5.5,5.6,5.63,1.14,2.59,-4.8,3.06,3709796104.0,3671953740.0,-0.18,-0.18,-28.21,-26.12
4204,603898,好莱客,13.18,-0.53,-0.07,22002.0,29038759.0,2.26,13.35,13.05,13.2,13.25,0.72,0.71,98.15,1.3,4103527917.0,4103527917.0,0.0,-0.08,-9.35,-0.98
4205,920735,德源药业,31.89,-0.53,-0.17,24869.0,79866329.54,2.71,32.58,31.71,31.8,32.06,1.25,2.4,15.79,2.86,3741206921.0,3308818097.0,-0.03,-0.03,-11.32,-6.18
4206,603067,振华股份,35.5,-0.53,-0.19,300990.0,1070580190.0,6.64,36.49,34.12,35.35,35.69,0.83,4.23,46.21,7.26,25231989834.0,25231989834.0,0.0,0.31,-10.6,23.22
4207,002500,山西证券,5.68,-0.53,-0.03,130456.0,74223956.68,0.88,5.72,5.67,5.7,5.71,0.82,0.36,20.9,1.11,20389902387.0,20389902387.0,0.0,0.0,-6.43,-5.18
4208,000338,潍柴动力,26.36,-0.53,-0.14,1085843.0,2917441424.17,4.6,27.43,26.21,26.56,26.5,0.94,2.17,21.01,2.46,229658787451.0,131892076060.0,0.04,0.27,30.5,53.26
4209,002689,ST远智,3.78,-0.53,-0.02,98245.0,37246180.8,1.58,3.83,3.77,3.81,3.8,0.66,0.94,39.18,3.09,3943714541.0,3942205561.0,0.0,0.0,14.89,17.76
4210,601969,海南矿业,11.35,-0.53,-0.06,209722.0,237968480.0,2.1,11.51,11.27,11.3,11.41,0.71,1.06,52.45,3.29,22608425374.0,22387609592.0,0.0,-0.09,0.71,-4.46
4211,603707,健友股份,9.46,-0.53,-0.05,80596.0,76144527.0,1.47,9.54,9.4,9.51,9.51,0.59,0.5,26.69,2.28,15283990717.0,15283990717.0,0.0,-0.11,-0.42,4.76
4212,600217,中再资环,3.77,-0.53,-0.02,83959.0,31700334.0,1.06,3.79,3.75,3.78,3.79,0.72,0.51,-12.57,2.03,6249354347.0,6249354347.0,-0.26,-0.26,-11.08,-7.6
4213,002084,海鸥住工,3.72,-0.53,-0.02,163483.0,60830016.38,1.6,3.75,3.69,3.71,3.74,1.17,2.54,-20.35,1.81,2403328469.0,2397693532.0,-0.27,-0.53,-4.62,-4.12
4214,603589,口子窖,24.6,-0.53,-0.13,26901.0,66348670.0,1.05,24.81,24.55,24.75,24.73,1.06,0.45,14.87,1.4,14713739011.0,14713739011.0,-0.04,-0.08,-17.2,-18.14
4215,688235,百济神州,245.2,-0.53,-1.3,28328.0,697157636.0,2.31,250.18,244.48,247.6,246.5,0.69,2.46,258.75,12.33,377955965282.0,28211549752.0,0.0,0.0,-20.13,-8.71
4216,603997,继峰股份,13.1,-0.53,-0.07,65390.0,85566283.0,2.05,13.25,12.98,13.24,13.17,0.57,0.51,36.74,3.11,16666669718.0,16666669718.0,-0.08,0.0,-3.96,-5.76
4217,000729,燕京啤酒,12.81,-0.54,-0.07,302352.0,386849769.46,2.17,12.94,12.66,12.86,12.88,0.56,1.2,21.5,2.33,36105488958.0,32148061404.0,-0.08,0.08,8.84,14.07
4218,002836,新宏泽,12.85,-0.54,-0.07,23013.0,29511944.01,1.47,12.92,12.73,12.92,12.92,0.78,1.0,55.15,7.84,2960640000.0,2960640000.0,0.0,-0.23,-25.03,-14.22
4219,600028,中国石化,5.53,-0.54,-0.03,2352067.0,1305754961.0,1.08,5.59,5.53,5.57,5.56,1.36,0.25,21.02,0.81,668718093648.0,523981188824.0,0.0,-0.18,-7.06,-10.52
4220,603895,天永智能,29.43,-0.54,-0.16,16985.0,49649091.0,2.57,29.62,28.86,29.5,29.59,0.77,1.57,196.49,16.42,3180794400.0,3180794400.0,0.07,0.2,-5.67,0.93
4221,600261,阳光照明,3.7,-0.54,-0.02,111640.0,41337124.0,2.15,3.75,3.67,3.72,3.72,0.94,0.84,26.2,1.4,4939695974.0,4939695974.0,0.0,-0.27,6.63,9.79
4222,300481,濮阳惠成,14.8,-0.54,-0.08,63487.0,93997105.86,1.55,14.94,14.71,14.89,14.88,0.78,2.19,32.89,1.78,4319460482.0,4293119235.0,-0.13,-0.07,-11.9,-4.52
4223,002900,哈三联,11.13,-0.54,-0.06,40390.0,44747587.0,1.7,11.16,10.97,11.16,11.19,0.44,2.51,-12.64,1.85,3521026142.0,1793292312.0,-0.18,-0.09,-14.65,-10.67
4224,000568,泸州老窖,100.65,-0.54,-0.55,77214.0,777317193.14,1.12,101.33,100.2,101.0,101.2,1.08,0.52,10.32,2.98,148150958576.0,148081956358.0,0.01,0.01,-11.71,-12.37
4225,300681,英搏尔,29.42,-0.54,-0.16,204733.0,603270283.62,2.81,29.99,29.16,29.48,29.58,0.83,8.87,39.67,2.91,9004148103.0,6789981898.0,-0.07,-0.03,9.61,17.4
4226,300251,光线传媒,16.58,-0.54,-0.09,839839.0,1387977193.17,2.04,16.71,16.37,16.5,16.67,0.67,3.03,15.62,4.53,48638896203.0,46015551866.0,0.0,0.0,-6.49,1.22
4227,002154,报 喜 鸟,3.66,-0.54,-0.02,169432.0,61896878.15,1.36,3.68,3.63,3.67,3.68,0.82,1.44,16.98,1.18,5341161448.0,4317967635.0,0.27,0.0,-6.63,-4.94
4228,300435,中泰股份,27.72,-0.54,-0.15,170713.0,469110536.16,3.98,28.06,26.95,28.05,27.87,1.65,4.63,62.82,3.09,10691964360.0,10223530456.0,0.07,0.14,-3.35,24.75
4229,300960,通业科技,23.85,-0.54,-0.13,18825.0,44955671.0,1.88,24.19,23.74,24.1,23.98,1.03,1.44,65.3,5.32,3444995720.0,3121446620.0,0.0,0.13,-8.09,-5.28
4230,002722,物产金轮,14.69,-0.54,-0.08,31993.0,47037743.32,1.9,14.81,14.53,14.71,14.77,1.55,1.44,19.81,1.09,3266644827.0,3266424477.0,0.07,0.0,-8.07,-2.13
4231,002979,雷赛智能,39.67,-0.55,-0.22,40184.0,160032352.59,1.63,40.19,39.54,40.15,39.89,0.9,1.82,58.36,7.58,12461967400.0,8755988384.0,-0.2,0.0,-8.59,-5.7
4232,688426,康为世纪,20.03,-0.55,-0.11,13313.0,26733767.0,2.09,20.3,19.88,20.01,20.14,1.19,3.46,-21.82,1.62,2253249131.0,769704187.0,-0.1,-0.25,-24.93,-15.95
4233,920146,华阳变速,7.2,-0.55,-0.04,35756.0,26081139.29,3.87,7.43,7.15,7.24,7.24,1.79,3.34,-39.08,4.97,971931190.0,771392534.0,0.0,-0.14,-19.82,-16.57
4234,000965,天保基建,3.63,-0.55,-0.02,147390.0,53256325.59,1.92,3.65,3.58,3.64,3.65,0.72,1.33,209.72,0.74,4028686149.0,4028686149.0,0.0,-0.27,-9.48,-7.4
4235,603176,汇通集团,5.47,-0.55,-0.03,41763.0,22756739.0,2.18,5.53,5.41,5.51,5.5,1.17,0.9,-65.72,2.4,2599547550.0,2526134680.0,0.18,0.18,-0.55,3.99
4236,600278,东方创业,7.28,-0.55,-0.04,63351.0,45892199.0,1.5,7.29,7.18,7.28,7.32,1.15,0.73,26.45,0.83,6347545255.0,6347545255.0,0.28,0.14,-12.81,-4.21
4237,603667,五洲新春,70.16,-0.55,-0.39,198008.0,1396340509.0,2.28,71.49,69.88,70.72,70.55,0.95,5.41,195.66,8.61,25692786343.0,25692786343.0,0.0,-0.01,-4.83,0.26
4238,600575,淮河能源,3.6,-0.55,-0.02,486549.0,175786017.0,1.38,3.64,3.59,3.61,3.62,1.12,1.25,15.2,1.17,25800451812.0,13990539834.0,0.0,-0.28,4.96,5.88
4239,300545,联得装备,32.54,-0.55,-0.18,62216.0,203383546.52,2.75,33.18,32.28,32.59,32.72,0.98,5.2,46.85,2.83,6034913175.0,3890447745.0,0.03,0.03,-1.57,6.03
4240,301092,争光股份,34.15,-0.55,-0.19,13354.0,45476742.75,1.92,34.32,33.66,34.28,34.34,0.98,2.2,43.58,2.37,4594379949.0,2072515144.0,0.0,0.15,-11.6,-2.87
4241,600861,北京人力,16.23,-0.55,-0.09,29844.0,48653504.0,0.98,16.39,16.23,16.37,16.32,1.35,0.81,6.84,1.29,9188009413.0,5949509783.0,-0.06,-0.06,-15.91,-11.5
4242,001322,箭牌家居,7.27,-0.55,-0.04,35217.0,25554317.34,1.37,7.32,7.22,7.28,7.31,1.19,0.45,162.02,1.49,7031274719.0,5711405056.0,0.14,0.14,-13.86,-18.04
4243,300068,南都电源,12.65,-0.55,-0.07,306310.0,387379032.36,1.81,12.76,12.53,12.58,12.72,0.59,3.59,-38.69,2.96,11364346332.0,10792723635.0,0.0,-0.08,-24.66,-18.6
4244,603666,亿嘉和,27.15,-0.55,-0.15,26731.0,72521176.0,1.68,27.35,26.89,27.32,27.3,0.91,1.3,-98.9,2.64,5580150903.0,5580150903.0,0.0,-0.11,-15.29,-8.59
4245,301000,肇民科技,30.32,-0.56,-0.17,27708.0,84083482.29,1.64,30.65,30.15,30.63,30.49,0.94,1.21,51.4,5.92,7364040403.0,6951445843.0,0.0,0.13,-22.38,-22.99
4246,300822,贝仕达克,14.11,-0.56,-0.08,17768.0,25054985.9,1.13,14.22,14.06,14.2,14.19,1.21,0.61,361.08,3.55,4395775782.0,4077536542.0,0.07,0.28,-16.71,-12.14
4247,600059,古越龙山,8.87,-0.56,-0.05,65313.0,57978931.0,1.01,8.93,8.84,8.9,8.92,1.31,0.72,44.96,1.39,8085381203.0,8085381203.0,-0.22,-0.11,-4.11,-4.21
4248,600162,香江控股,1.79,-0.56,-0.01,316474.0,56554514.0,1.67,1.8,1.77,1.79,1.8,0.57,0.97,-66.26,1.02,5850504238.0,5850504238.0,0.0,0.0,-4.79,-3.24
4249,600785,新华百货,17.7,-0.56,-0.1,63600.0,112477780.0,3.03,17.96,17.42,17.68,17.8,0.77,2.82,27.86,1.74,3993673656.0,3993673656.0,0.11,0.06,3.45,30.63
4250,000009,中国宝安,8.93,-0.56,-0.05,189188.0,169402395.54,1.56,9.04,8.9,8.98,8.98,0.89,0.73,60.99,2.29,23032380707.0,23003862752.0,0.0,0.0,-11.58,-9.34
4251,000599,青岛双星,5.36,-0.56,-0.03,102033.0,54622339.0,1.48,5.4,5.32,5.38,5.39,0.71,1.25,-34.99,3.33,12162912407.0,4377753800.0,0.0,0.0,-11.84,-19.03
4252,600325,华发股份,3.57,-0.56,-0.02,328738.0,116813667.0,1.95,3.59,3.52,3.57,3.59,0.74,1.19,72.03,0.52,9825183054.0,9825183054.0,0.0,0.0,-17.74,-15.4
4253,688371,菲沃泰,21.13,-0.56,-0.12,20232.0,42986880.0,3.2,21.69,21.01,21.27,21.25,1.0,0.6,234.64,3.59,7088530882.0,7088530882.0,0.0,-0.05,2.03,14.4
4254,600222,太龙药业,7.14,-0.56,-0.04,127921.0,91500642.0,1.39,7.2,7.1,7.18,7.18,0.53,2.23,68.3,2.55,4097548061.0,4097548061.0,-0.14,0.14,8.51,8.68
4255,300932,三友联众,14.25,-0.56,-0.08,121593.0,172325731.04,1.88,14.36,14.09,14.34,14.33,1.02,5.33,62.8,2.59,4561481972.0,3248911622.0,0.0,0.07,8.37,18.85
4256,002078,太阳纸业,14.1,-0.56,-0.08,158237.0,223767525.6,1.34,14.24,14.05,14.19,14.18,0.78,0.57,12.12,1.29,39402945178.0,39160698281.0,-0.07,0.07,-8.38,-10.48
4257,002139,拓邦股份,12.36,-0.56,-0.07,144026.0,179127144.85,1.53,12.53,12.34,12.47,12.43,1.31,1.34,42.35,2.21,15410880452.0,13238670509.0,-0.16,-0.08,-11.33,-10.3
4258,600226,亨通股份,5.37,-0.56,-0.03,565419.0,305147152.0,2.22,5.47,5.35,5.4,5.4,1.07,1.9,55.6,4.31,15972427173.0,15972427173.0,0.0,0.0,-10.35,0.75
4259,603273,天元智能,17.81,-0.56,-0.1,12017.0,21392572.0,1.28,17.96,17.73,17.77,17.91,0.98,2.14,146.63,4.34,3816921654.0,998400104.0,0.0,0.06,-13.04,-15.07
4260,603383,顶点软件,32.0,-0.56,-0.18,48702.0,155816422.0,1.18,32.18,31.8,31.98,32.18,0.57,2.37,36.88,4.37,6572129888.0,6572043488.0,0.0,-0.06,-20.0,-11.38
4261,688047,龙芯中科,143.96,-0.56,-0.81,62162.0,900212712.0,2.78,147.67,143.64,144.99,144.77,0.74,1.55,-127.25,23.03,57727960000.0,57727960000.0,0.04,-0.01,-5.57,8.97
4262,688009,中国通号,5.35,-0.56,-0.03,300914.0,161343271.0,0.93,5.39,5.34,5.39,5.38,0.95,0.35,15.37,1.2,56655531650.0,46122446300.0,0.0,0.0,-0.74,-2.19
4263,688275,万润新能,135.99,-0.56,-0.77,41291.0,562831435.0,5.21,141.0,133.88,137.0,136.76,0.7,3.27,-38.48,3.27,17150849783.0,17150849783.0,-0.13,-0.31,88.25,80.36
4264,300705,九典制药,13.85,-0.57,-0.08,34885.0,48376344.0,1.15,13.99,13.83,13.93,13.93,0.6,0.95,12.79,2.63,6929032095.0,5109098371.0,-0.14,-0.07,-12.78,-7.54
4265,603959,百利科技,6.98,-0.57,-0.04,304461.0,213238569.0,4.56,7.2,6.88,7.11,7.02,0.82,6.21,-22.24,144.07,3422286964.0,3422286964.0,0.0,0.87,22.03,21.6
4266,002597,金禾实业,22.59,-0.57,-0.13,49811.0,112866124.31,1.76,22.95,22.55,22.66,22.72,0.49,0.88,36.99,1.65,12838346044.0,12814105641.0,-0.09,0.0,2.82,8.82
4267,002554,惠博普,3.49,-0.57,-0.02,311978.0,108532011.7,1.14,3.5,3.46,3.49,3.51,0.93,2.34,331.63,1.97,4654683051.0,4653812132.0,0.0,0.0,-10.74,9.4
4268,301581,黄山谷捷,46.77,-0.57,-0.27,4349.0,20344580.4,1.55,47.24,46.51,47.24,47.04,1.06,1.03,114.39,3.68,3741600000.0,1978113765.0,0.02,0.0,-5.04,-1.43
4269,688320,禾川科技,31.26,-0.57,-0.18,17743.0,55791551.0,2.45,31.77,31.0,31.5,31.44,0.87,1.2,-36.72,3.85,4720687262.0,4639339614.0,-0.06,0.06,-13.0,-16.24
4270,300245,天玑科技,13.98,-0.57,-0.08,206366.0,287222931.3,2.99,14.17,13.75,14.01,14.06,0.79,6.78,-74.53,3.53,4264598567.0,4255212171.0,0.0,0.07,2.34,15.63
4271,301003,江苏博云,52.1,-0.57,-0.3,23285.0,121529242.4,3.68,53.15,51.22,53.0,52.4,0.61,3.1,49.59,4.47,5060646128.0,3914812443.0,-0.21,0.13,8.84,16.82
4272,603215,比依股份,19.06,-0.57,-0.11,12466.0,23769319.0,1.15,19.22,19.0,19.22,19.17,0.8,0.67,37.21,2.98,3582127842.0,3568572923.0,-0.05,0.0,-14.72,-13.52
4273,002326,永太科技,24.53,-0.57,-0.14,288167.0,710404832.22,2.68,25.1,24.44,24.68,24.67,0.69,3.57,522.83,8.33,22693380911.0,19824141300.0,-0.04,-0.04,-6.48,-1.57
4274,600704,物产中大,5.22,-0.57,-0.03,355026.0,185738146.0,0.95,5.26,5.21,5.25,5.25,1.08,0.69,6.63,0.66,26993559026.0,26993559026.0,0.0,0.0,-8.26,-4.57
4275,688141,杰华特,66.32,-0.57,-0.38,112608.0,748594879.0,4.93,68.4,65.11,68.4,66.7,0.77,2.5,-41.65,19.58,29865329109.0,29865329109.0,-0.03,0.09,43.89,52.71
4276,603212,赛伍技术,13.76,-0.58,-0.08,177045.0,243506491.0,1.95,13.9,13.63,13.73,13.84,1.45,4.05,-38.59,2.36,6019871151.0,6019871151.0,0.0,0.07,-7.28,-3.71
4277,002960,青鸟消防,12.01,-0.58,-0.07,118648.0,143006398.74,1.9,12.2,11.97,12.05,12.08,1.05,1.47,33.06,1.65,10566504517.0,9710654947.0,0.0,0.0,8.49,14.27
4278,688388,嘉元科技,49.77,-0.58,-0.29,241645.0,1202966035.0,3.0,50.65,49.15,50.17,50.06,0.74,5.3,397.7,3.14,22678884528.0,22678884528.0,-0.14,-0.04,9.24,21.45
4279,688157,松井股份,39.5,-0.58,-0.23,29344.0,115597613.0,3.93,40.17,38.61,39.72,39.73,1.0,1.88,282.77,4.63,6179027660.0,6179027660.0,-0.03,-0.05,1.91,9.03
4280,000923,河钢资源,18.84,-0.58,-0.11,111573.0,210752799.81,2.59,19.22,18.73,18.9,18.95,1.09,1.78,17.15,1.2,12297413625.0,11829661509.0,-0.05,0.11,-21.2,-11.01
4281,002489,浙江永强,3.42,-0.58,-0.02,190710.0,65328131.5,1.16,3.45,3.41,3.44,3.44,1.22,1.0,15.95,1.66,7418035790.0,6542533325.0,-0.29,-0.29,-8.8,-10.7
4282,300122,智飞生物,15.38,-0.58,-0.09,125034.0,192329916.99,1.42,15.52,15.3,15.42,15.47,0.77,0.88,-22.89,1.26,36816486309.0,21752030094.0,-0.06,-0.06,-20.8,-18.49
4283,300348,长亮科技,13.74,-0.58,-0.08,150505.0,207781977.37,2.1,13.94,13.65,13.71,13.82,0.54,2.13,542.89,5.2,11181815764.0,9697647235.0,-0.22,0.0,-13.91,-11.24
4284,300701,森霸传感,11.9,-0.58,-0.07,41316.0,49184301.43,1.42,12.02,11.85,11.92,11.97,1.33,1.66,41.16,3.46,3364547916.0,2964549694.0,0.08,0.08,-10.59,-8.46
4285,300918,南山智尚,15.07,-0.59,-0.09,146162.0,219340436.68,3.76,15.31,14.74,14.95,15.16,0.99,2.89,59.55,2.01,7627445815.0,7627445815.0,0.07,0.07,-17.15,-18.93
4286,000017,深中华A,6.73,-0.59,-0.04,60257.0,40449552.0,1.77,6.77,6.65,6.75,6.77,1.05,1.37,112.77,12.07,4638214599.0,2966731730.0,0.0,0.0,-12.82,-14.49
4287,301013,利和兴,25.13,-0.59,-0.15,170207.0,430748344.62,3.92,25.9,24.91,25.56,25.28,0.86,8.99,-66.87,7.65,5873962997.0,4755642363.0,0.04,-0.2,-11.11,-10.28
4288,002059,云南旅游,5.09,-0.59,-0.03,192122.0,97382986.0,1.95,5.11,5.01,5.09,5.12,0.85,1.95,-15.63,4.72,5153293198.0,5003704435.0,0.0,0.2,-12.09,-5.39
4289,600223,福瑞达,6.7,-0.59,-0.04,45794.0,30705198.0,0.89,6.74,6.68,6.73,6.74,0.83,0.45,36.28,1.61,6811010793.0,6811010793.0,-0.15,0.0,-11.38,-8.97
4290,603156,养元饮品,31.89,-0.59,-0.19,63059.0,202528017.0,3.87,32.76,31.52,31.82,32.08,0.97,0.5,26.94,4.47,40190251580.0,40190251580.0,-0.16,0.03,-0.65,10.92
4291,002902,铭普光磁,30.2,-0.59,-0.18,406611.0,1226143625.18,4.61,30.8,29.4,29.5,30.38,0.73,22.89,-35.58,8.41,7097273672.0,5364493829.0,0.3,0.0,38.66,33.1
4292,000501,武商集团,8.46,-0.59,-0.05,47699.0,40339910.21,0.94,8.5,8.42,8.5,8.51,1.02,0.62,36.06,0.6,6505678504.0,6499147680.0,-0.12,-0.12,-21.08,-16.4
4293,300930,屹通新材,30.21,-0.59,-0.18,10220.0,30896627.0,1.84,30.56,30.0,30.56,30.39,1.13,2.17,49.84,3.29,3021000000.0,1423646280.0,0.07,0.3,-4.64,1.72
4294,301535,浙江华远,20.14,-0.59,-0.12,31209.0,62582147.3,2.42,20.33,19.84,20.21,20.26,0.91,1.84,81.37,7.43,8565423537.0,3419693817.0,0.1,0.1,-22.78,-7.61
4295,603903,中持股份,11.73,-0.59,-0.07,35330.0,41306457.0,1.95,11.8,11.57,11.78,11.8,0.76,1.38,47.19,1.92,2994897500.0,2994897500.0,-0.09,0.17,-7.13,-19.38
4296,301277,新天地,11.88,-0.59,-0.07,19326.0,22984744.66,1.42,12.0,11.83,12.0,11.95,0.59,0.49,38.42,3.0,4657891392.0,4657891392.0,0.08,0.08,-6.6,0.76
4297,000791,甘肃能源,8.22,-0.6,-0.05,689970.0,570854311.1,3.26,8.43,8.16,8.31,8.27,0.83,3.56,13.0,1.77,26664362679.0,15910897391.0,0.12,0.0,22.14,27.44
4298,002629,仁智股份,6.66,-0.6,-0.04,268780.0,176115521.5,4.33,6.69,6.4,6.68,6.7,1.3,7.42,302.13,42.5,2837812680.0,2412611573.0,0.0,0.0,8.82,-2.35
4299,301046,能辉科技,26.68,-0.6,-0.16,21835.0,58345771.05,1.97,27.04,26.51,26.95,26.84,0.67,1.7,144.56,5.0,4498715700.0,3436791670.0,0.08,-0.04,0.72,12.1
4300,002412,汉森制药,6.58,-0.6,-0.04,86100.0,56494582.3,1.66,6.61,6.5,6.61,6.62,0.72,1.73,30.09,1.46,3311056000.0,3275820100.0,0.0,0.15,-2.52,2.65
4301,603988,中电电机,26.39,-0.6,-0.16,68583.0,179885754.0,2.11,26.48,25.92,25.94,26.55,0.82,2.92,202.54,9.38,6206928000.0,6206928000.0,0.0,0.08,-9.06,8.6
4302,301225,恒勃股份,115.11,-0.6,-0.69,18111.0,207469146.39,2.74,116.19,113.02,114.99,115.8,0.81,6.06,94.77,7.76,11900071800.0,3439717020.0,0.01,-0.01,-20.26,-30.45
4303,002872,ST天圣,4.99,-0.6,-0.03,22918.0,11470061.5,1.2,5.03,4.97,5.03,5.02,0.97,1.07,-26.25,0.81,1586820000.0,1072441489.0,0.0,0.0,1.84,2.67
4304,920047,诺思兰德,29.9,-0.6,-0.18,76749.0,230672265.71,7.75,31.38,29.05,29.81,30.08,0.77,4.26,-152.65,29.6,8200732023.0,5385182167.0,-0.33,-0.53,29.05,26.11
4305,002821,凯莱英,113.72,-0.6,-0.69,54913.0,626917616.88,2.43,116.0,113.22,116.0,114.41,0.53,1.73,36.24,2.33,41038701588.0,36054227532.0,-0.06,0.0,6.78,22.37
4306,600616,金枫酒业,4.98,-0.6,-0.03,60296.0,29979606.0,1.2,5.01,4.95,5.0,5.01,1.03,0.9,1632.88,1.72,3331644651.0,3331644651.0,-0.2,-0.2,-10.11,-7.09
4307,688032,禾迈股份,113.3,-0.61,-0.69,12484.0,141956783.0,1.93,115.0,112.8,115.0,113.99,0.7,1.01,-87.65,2.43,14057532649.0,14057532649.0,0.01,0.0,10.64,12.41
4308,300890,翔丰华,32.81,-0.61,-0.2,61285.0,199477786.6,1.79,32.94,32.35,32.55,33.01,1.06,5.63,146.98,1.9,3909196534.0,3571864292.0,-0.06,0.06,4.13,10.1
4309,300643,万通智控,17.92,-0.61,-0.11,32887.0,58965131.0,1.16,18.05,17.84,18.03,18.03,0.7,1.42,24.45,3.28,4144063544.0,4136847447.0,0.11,0.06,-10.36,-7.82
4310,603933,睿能科技,24.35,-0.61,-0.15,123819.0,300237086.0,2.12,24.58,24.06,24.47,24.5,0.67,5.97,93.02,3.83,5053710401.0,5053710401.0,0.21,0.29,5.14,-6.56
4311,603639,海利尔,13.12,-0.61,-0.08,25023.0,32790991.0,1.67,13.23,13.01,13.23,13.2,0.67,0.74,16.55,1.29,4587384856.0,4459203768.0,0.0,0.0,-0.46,3.31
4312,002497,雅化集团,27.92,-0.61,-0.17,468452.0,1316778245.09,3.67,28.79,27.76,27.91,28.09,0.7,4.43,72.26,2.97,32179545558.0,29554753413.0,0.0,0.07,17.41,12.81
4313,600708,光明地产,3.27,-0.61,-0.02,227855.0,74345620.0,2.13,3.29,3.22,3.28,3.29,0.88,1.02,-7.89,0.8,7287642150.0,7276658311.0,0.0,0.0,-14.4,-15.94
4314,002561,徐家汇,8.13,-0.61,-0.05,40074.0,32503732.62,2.69,8.22,8.0,8.2,8.18,1.01,0.97,-216.56,1.56,3380153190.0,3369393680.0,0.0,0.12,-12.77,-7.4
4315,002801,微光股份,32.7,-0.61,-0.2,16144.0,52677262.0,1.73,32.85,32.28,32.82,32.9,1.03,1.39,20.61,3.92,7508966400.0,3786748290.0,0.0,0.03,-8.96,-7.65
4316,603819,神力股份,14.62,-0.61,-0.09,75461.0,110069798.0,3.81,14.81,14.25,14.52,14.71,0.8,3.47,139.3,3.97,3183215334.0,3183215334.0,-0.14,-0.34,20.03,20.43
4317,002717,ST岭南,1.62,-0.61,-0.01,447432.0,72354860.5,1.84,1.63,1.6,1.62,1.63,0.95,2.77,-10.72,3.44,2948778364.0,2616624113.0,0.0,0.62,1.89,0.0
4318,688280,精进电动-UW,11.23,-0.62,-0.07,227809.0,257273465.0,3.19,11.5,11.14,11.3,11.3,1.07,4.38,40.98,8.91,6628189320.0,5845710748.0,-0.09,0.09,24.64,29.08
4319,688698,伟创电气,68.7,-0.62,-0.43,45884.0,317202825.0,3.6,70.4,67.91,69.25,69.13,0.79,2.14,55.95,6.26,14703364574.0,14703364574.0,0.0,0.0,-28.57,-30.52
4320,600906,财达证券,6.42,-0.62,-0.04,133341.0,85817205.0,1.08,6.48,6.41,6.46,6.46,1.01,0.63,23.53,1.7,20832900000.0,13637588379.0,-0.16,-0.16,-6.14,-3.75
4321,002890,弘宇股份,16.1,-0.62,-0.1,24706.0,39862492.0,2.16,16.35,16.0,16.18,16.2,1.15,1.53,264.23,4.56,2734990076.0,2599775031.0,0.12,0.19,7.33,10.27
4322,600180,瑞茂通,3.2,-0.62,-0.02,110072.0,35172622.0,1.55,3.22,3.17,3.21,3.22,0.81,1.01,34.88,0.44,3477207885.0,3477207885.0,0.31,0.0,-11.36,-8.57
4323,001389,广合科技,148.3,-0.62,-0.92,130231.0,1953037559.2,5.12,153.88,146.24,151.9,149.22,1.14,8.57,68.98,15.87,70068039682.0,22533508455.0,-0.11,-0.05,79.84,81.67
4324,600267,海正药业,11.17,-0.62,-0.07,371907.0,413581895.0,1.96,11.23,11.01,11.15,11.24,0.77,3.1,9.41,1.5,13390162559.0,13390162559.0,-0.18,-0.09,5.28,12.94
4325,002138,顺络电子,35.23,-0.62,-0.22,276645.0,980775661.94,2.74,35.94,34.97,35.41,35.45,1.28,3.66,27.82,4.19,28406595611.0,26651486087.0,0.03,0.09,-4.47,1.41
4326,300103,达刚控股,7.96,-0.62,-0.05,126721.0,101240187.5,3.87,8.16,7.85,7.99,8.01,1.43,3.99,-41.71,5.61,2528103960.0,2526004884.0,-0.13,0.13,-0.75,-0.87
4327,600517,国网英大,6.43,-0.62,-0.04,281289.0,181045786.0,1.7,6.49,6.38,6.47,6.47,1.31,0.49,12.35,1.59,36769541834.0,36769541834.0,0.0,-0.16,0.78,6.99
4328,000983,山西焦煤,6.32,-0.63,-0.04,504199.0,317920549.3,1.73,6.38,6.27,6.36,6.36,1.22,0.89,18.77,0.98,35879278693.0,35879058599.0,0.16,0.0,-7.47,-1.56
4329,688690,纳微科技,31.68,-0.63,-0.2,112650.0,358977854.0,4.52,32.91,31.47,31.47,31.88,0.45,2.79,94.06,6.71,12792851755.0,12792851755.0,-0.22,-0.31,7.24,22.74
4330,603009,北特科技,50.8,-0.63,-0.32,52149.0,266667793.0,2.66,52.0,50.64,51.18,51.12,0.79,1.54,142.41,10.02,17596602602.0,17191175676.0,-0.12,-0.02,6.52,5.48
4331,688505,复旦张江,7.83,-0.63,-0.05,33263.0,25988015.0,1.52,7.89,7.77,7.8,7.88,0.73,0.47,-51.55,3.84,8116359543.0,5563779543.0,0.0,0.13,-10.82,-5.66
4332,601368,绿城水务,4.77,-0.63,-0.03,88817.0,41913700.0,2.5,4.78,4.66,4.73,4.8,1.57,1.01,44.23,0.88,4211781577.0,4211781577.0,0.21,0.0,-6.65,-3.83
4333,600509,天富能源,7.85,-0.63,-0.05,250076.0,197076410.0,1.27,7.94,7.84,7.9,7.9,0.99,1.82,21.62,1.39,10789019645.0,10789019645.0,0.0,0.0,-7.1,-4.96
4334,600535,天士力,14.16,-0.63,-0.09,61177.0,86774788.0,1.47,14.31,14.1,14.25,14.25,0.65,0.41,19.14,1.71,21154332071.0,21154332071.0,0.0,-0.07,-7.15,-6.04
4335,601089,福元医药,22.25,-0.63,-0.14,29988.0,66943644.0,1.43,22.52,22.2,22.25,22.39,0.75,0.62,22.75,2.83,10680000000.0,10680000000.0,-0.09,-0.04,-19.35,-7.29
4336,600511,国药股份,28.5,-0.63,-0.18,49658.0,141447141.0,0.94,28.68,28.41,28.64,28.68,0.89,0.9,10.77,1.16,21503335443.0,15770373084.0,0.0,0.0,-1.38,-0.87
4337,300657,弘信电子,34.85,-0.63,-0.22,327446.0,1149114106.64,3.02,35.66,34.6,35.08,35.07,0.66,6.99,139.22,13.37,16802078763.0,16327361368.0,0.0,-0.09,12.67,25.99
4338,600585,海螺水泥,22.08,-0.63,-0.14,307294.0,678420584.0,1.04,22.19,21.96,22.18,22.22,1.05,0.77,14.42,0.61,117008600944.0,88313432944.0,-0.05,0.0,-2.04,1.01
4339,605055,迎丰股份,10.98,-0.63,-0.07,76477.0,84137565.0,2.9,11.16,10.84,11.0,11.05,0.65,1.74,-84.9,4.63,4831200000.0,4831200000.0,-0.45,0.09,15.58,13.08
4340,600589,大位科技,11.13,-0.63,-0.07,1181271.0,1311247232.0,2.23,11.26,11.01,11.1,11.2,0.65,7.99,325.86,23.24,16524375876.0,16455369876.0,0.0,0.09,8.59,55.45
4341,002258,利尔化学,14.01,-0.64,-0.09,182612.0,255747326.93,2.91,14.21,13.8,14.2,14.1,1.33,2.29,23.42,1.42,11214125564.0,11196070415.0,-0.07,0.0,-8.19,7.36
4342,605117,德业股份,143.07,-0.64,-0.92,139512.0,2017298451.0,3.86,147.99,142.43,143.98,143.99,0.57,1.53,41.03,12.61,130098206784.0,130098206784.0,0.0,0.05,68.12,65.97
4343,603915,国茂股份,15.36,-0.65,-0.1,52720.0,81224174.0,1.42,15.49,15.27,15.46,15.46,0.91,0.8,40.81,2.74,10085874893.0,10085874893.0,-0.26,-0.26,-11.98,-16.57
4344,601211,国泰海通,16.87,-0.65,-0.11,1024006.0,1732922321.0,1.71,17.08,16.79,17.04,16.98,1.09,0.76,10.69,0.93,297399978735.0,227692874956.0,-0.12,-0.12,-17.18,-17.91
4345,688529,豪森智能,18.3,-0.65,-0.12,13114.0,24129148.0,1.52,18.52,18.24,18.48,18.42,0.99,0.78,-3.27,2.83,3077619940.0,3077619940.0,-0.11,-0.22,-11.12,-0.76
4346,000155,川能动力,16.84,-0.65,-0.11,568588.0,957711003.51,2.95,17.18,16.68,16.98,16.95,0.55,3.08,61.87,2.97,31089474879.0,31089474879.0,0.0,0.0,31.67,44.55
4347,002723,小崧股份,10.63,-0.65,-0.07,266815.0,287570658.44,5.33,11.05,10.48,10.77,10.7,1.66,8.41,-37.26,3.75,3532879182.0,3370918450.0,0.19,0.09,19.04,25.5
4348,002414,高德红外,13.69,-0.65,-0.09,802546.0,1095423386.38,2.03,13.85,13.57,13.8,13.78,1.06,2.36,39.95,7.89,58466377319.0,46527004180.0,0.0,0.07,-17.97,-6.68
4349,603799,华友钴业,65.78,-0.65,-0.43,743150.0,4876396336.0,2.57,66.65,64.95,65.8,66.21,0.71,3.94,12.49,2.47,124766734753.0,123934711160.0,0.02,-0.05,-16.94,-3.63
4350,300907,康平科技,28.91,-0.65,-0.19,16849.0,48477143.24,2.2,29.23,28.59,29.14,29.1,1.17,1.76,42.08,3.47,2775360000.0,2775360000.0,0.0,-0.03,-3.08,-2.53
4351,002124,天邦食品,3.06,-0.65,-0.02,3854235.0,1179988349.94,11.69,3.28,2.92,3.11,3.08,1.21,19.54,19.65,1.73,6799117526.0,6035405223.0,-0.33,-0.65,12.92,11.68
4352,603737,三棵树,49.17,-0.65,-0.32,37016.0,182879001.0,2.36,50.08,48.91,49.37,49.49,0.94,0.5,36.59,11.17,36278485147.0,36278485147.0,-0.06,0.04,14.03,6.27
4353,688252,天德钰,21.39,-0.65,-0.14,38996.0,83823758.0,1.67,21.69,21.33,21.53,21.53,0.87,0.95,47.51,3.56,8748966484.0,8748966484.0,0.05,-0.05,-5.35,1.04
4354,300247,融捷健康,4.56,-0.65,-0.03,112482.0,51429148.65,1.31,4.61,4.55,4.58,4.59,1.08,1.4,41.33,3.25,3666423827.0,3662935427.0,0.0,0.0,-14.61,-11.11
4355,000049,德赛电池,27.64,-0.65,-0.18,77938.0,215820689.69,1.29,27.9,27.54,27.82,27.82,0.68,2.03,35.34,1.6,10631409080.0,10628543586.0,-0.11,-0.07,2.79,2.83
4356,002135,东南网架,7.48,-0.66,-0.05,305864.0,229061545.0,4.65,7.7,7.35,7.51,7.53,1.04,2.93,122.91,1.32,8344099324.0,7808154197.0,-0.53,0.0,45.24,64.76
4357,605008,长鸿高科,12.0,-0.66,-0.08,17448.0,21029055.0,1.49,12.16,11.98,12.07,12.08,1.03,0.27,362.0,3.85,7751548968.0,7751548968.0,-0.08,0.0,-19.89,-15.91
4358,601916,浙商银行,3.0,-0.66,-0.02,764932.0,230021782.0,0.99,3.02,2.99,3.02,3.02,1.05,0.36,6.37,0.46,82393907889.0,64633307889.0,0.33,0.0,0.0,-1.32
4359,600062,华润双鹤,18.18,-0.66,-0.12,82710.0,150384057.0,0.82,18.29,18.14,18.22,18.3,0.75,0.8,11.46,1.62,18881430050.0,18874937554.0,0.0,0.11,-2.52,-0.6
4360,688720,艾森股份,77.1,-0.66,-0.51,31218.0,241629696.0,3.31,78.86,76.29,78.7,77.61,1.01,5.54,134.65,6.6,6795080051.0,4347231226.0,-0.16,-0.19,-4.54,9.55
4361,600051,宁波联合,7.57,-0.66,-0.05,103066.0,77641841.0,4.2,7.77,7.45,7.68,7.62,0.81,3.32,27.89,0.69,2353361600.0,2353361600.0,0.13,0.26,-1.05,0.4
4362,688259,创耀科技,37.62,-0.66,-0.25,18991.0,71728575.0,1.8,38.15,37.47,37.97,37.87,1.1,1.7,53.02,2.65,4202154000.0,4202154000.0,-0.05,-0.03,-13.89,-9.57
4363,688162,巨一科技,36.02,-0.66,-0.24,23620.0,85392504.0,2.68,36.7,35.73,36.56,36.26,0.67,1.72,61.03,2.02,4938369916.0,4938369916.0,-0.17,-0.14,9.65,16.95
4364,002627,三峡旅游,7.58,-0.66,-0.05,228360.0,171814674.15,2.75,7.62,7.41,7.61,7.63,1.1,3.18,47.97,1.77,5492478445.0,5435675358.0,0.0,0.0,-4.77,2.16
4365,000088,盐 田 港,4.52,-0.66,-0.03,196156.0,88772827.54,1.1,4.56,4.51,4.55,4.55,0.94,0.62,16.29,1.31,23501664724.0,14296282995.0,0.0,0.0,0.89,1.57
4366,002021,中捷资源,2.99,-0.66,-0.02,306901.0,91818787.57,1.99,3.03,2.97,3.01,3.01,0.93,2.57,2198.13,5.75,3574477196.0,3574359294.0,0.34,0.0,8.73,21.05
4367,300968,格林精密,12.06,-0.66,-0.08,35414.0,42872739.0,1.57,12.22,12.03,12.13,12.14,0.97,0.86,193.17,2.63,4985362800.0,4985362800.0,0.0,-0.17,-20.45,-19.01
4368,002372,伟星新材,10.57,-0.66,-0.07,117268.0,124831642.67,2.35,10.8,10.55,10.7,10.64,1.38,0.8,22.72,3.44,16827841533.0,15546967305.0,0.09,0.0,-2.13,1.34
4369,601689,拓普集团,60.57,-0.66,-0.4,277121.0,1681117746.0,2.35,61.43,60.0,61.41,60.97,0.94,1.59,37.88,4.37,105260701081.0,105260701081.0,0.0,0.03,-16.34,-21.52
4370,002007,华兰生物,14.94,-0.66,-0.1,61652.0,92333869.82,0.73,15.04,14.93,14.97,15.04,0.62,0.39,29.03,2.37,27302202590.0,23503827752.0,-0.07,0.0,-3.49,-1.26
4371,601311,骆驼股份,10.34,-0.67,-0.07,358435.0,370995159.0,1.83,10.48,10.29,10.4,10.41,0.75,3.06,14.7,1.23,12130330860.0,12130330860.0,-0.1,-0.1,7.82,12.76
4372,300180,华峰超纤,5.9,-0.67,-0.04,247278.0,146300850.72,1.01,5.95,5.89,5.92,5.94,1.05,1.44,-1344.93,2.22,10390254915.0,10104747938.0,0.0,0.0,-15.47,-14.86
4373,000045,深纺织Ａ,11.89,-0.67,-0.08,90154.0,107016064.64,1.5,11.99,11.81,11.93,11.97,1.09,1.97,88.02,2.02,6022544785.0,5433989785.0,0.25,0.59,-2.94,-2.7
4374,301097,天益医疗,58.86,-0.67,-0.4,6894.0,40530541.5,2.19,59.65,58.35,59.65,59.26,0.85,2.38,129.5,2.94,3469642080.0,1703488920.0,-0.17,-0.05,7.78,14.03
4375,002996,顺博合金,7.43,-0.67,-0.05,73059.0,54353062.9,1.47,7.51,7.4,7.47,7.48,0.85,1.75,15.22,1.55,4973915691.0,3093171843.0,0.0,-0.13,-5.71,-1.72
4376,603989,艾华集团,19.37,-0.67,-0.13,62397.0,121394923.0,2.46,19.76,19.28,19.49,19.5,0.7,1.56,26.18,2.02,7724365888.0,7724365888.0,-0.05,0.0,12.75,15.44
4377,300560,中富通,16.19,-0.67,-0.11,57556.0,93437482.9,1.6,16.39,16.13,16.26,16.3,0.78,3.08,173.26,3.83,3719549240.0,3026959869.0,0.0,-0.06,-10.45,0.19
4378,301221,光庭信息,52.99,-0.67,-0.36,15917.0,84233184.46,1.42,53.31,52.55,53.3,53.35,0.81,2.54,82.21,2.45,4908055677.0,3323701255.0,0.02,-0.04,-12.36,-5.78
4379,300949,奥雅股份,38.79,-0.67,-0.26,6102.0,23651468.56,1.54,39.11,38.51,39.05,39.05,0.7,1.78,-60.83,3.5,2327400000.0,1330538234.0,0.03,0.08,-9.92,-1.05
4380,300454,深信服,112.26,-0.67,-0.76,98112.0,1107293546.22,4.43,115.01,110.0,112.0,113.02,0.69,3.41,123.34,4.92,48446819514.0,32331209820.0,0.01,-0.23,-29.2,-2.52
4381,688166,博瑞医药,56.96,-0.68,-0.39,126131.0,721583931.0,3.57,58.23,56.18,57.1,57.35,0.6,2.98,442.08,9.8,24100029700.0,24100029700.0,-0.05,0.16,10.95,16.1
4382,002673,西部证券,7.31,-0.68,-0.05,237761.0,174344990.19,1.36,7.39,7.29,7.37,7.36,1.13,0.53,18.63,1.08,32672642264.0,32672642264.0,0.0,0.14,-8.85,-7.35
4383,600606,绿地控股,1.47,-0.68,-0.01,646523.0,94974692.0,2.03,1.49,1.46,1.48,1.48,0.62,0.46,-2.32,0.36,20659700922.0,20659700922.0,0.68,0.68,-10.91,-11.45
4384,002950,奥美医疗,13.07,-0.68,-0.09,223135.0,292453010.62,3.88,13.47,12.96,13.16,13.16,0.61,4.94,17.8,2.22,8276778869.0,5907577382.0,0.08,0.15,11.05,19.69
4385,300507,苏奥传感,8.8,-0.68,-0.06,168573.0,147670576.46,2.48,8.87,8.65,8.81,8.86,1.35,2.18,58.93,3.27,7045692782.0,6819925411.0,0.0,0.0,-10.2,-4.24
4386,688322,奥比中光-UW,84.16,-0.68,-0.58,74471.0,628269418.0,3.41,86.22,83.33,85.98,84.74,1.03,2.34,263.94,11.34,33760299238.0,26819805151.0,0.0,-0.05,-7.37,-6.14
4387,300921,南凌科技,26.12,-0.68,-0.18,69961.0,183444750.42,2.28,26.5,25.9,26.12,26.3,0.81,6.1,161.76,5.8,4800790360.0,2995991870.0,0.11,0.0,2.63,13.71
4388,000783,长江证券,7.25,-0.68,-0.05,397221.0,288962287.5,1.64,7.34,7.22,7.34,7.3,1.04,0.72,8.92,1.13,40093028873.0,40093028873.0,-0.28,-0.14,-15.99,-11.04
4389,300386,飞天诚信,14.35,-0.69,-0.1,45053.0,64793444.49,1.31,14.49,14.3,14.36,14.45,0.95,1.8,1022.72,4.08,5998931400.0,3598372321.0,0.0,0.07,-20.85,-20.54
4390,920982,锦波生物,183.17,-0.69,-1.28,10038.0,185387338.59,3.27,187.92,181.88,184.0,184.45,1.01,1.83,32.37,11.13,21076518328.0,10056964969.0,-0.03,0.04,-21.76,-21.62
4391,600867,通化东宝,10.08,-0.69,-0.07,683221.0,689245232.0,3.35,10.33,9.99,10.17,10.15,0.73,3.49,16.19,2.78,19742111716.0,19742111716.0,0.0,0.1,17.76,23.38
4392,301083,百胜智能,17.38,-0.69,-0.12,15822.0,27473773.0,2.11,17.61,17.24,17.51,17.5,1.02,1.85,73.15,3.7,3091322672.0,1487900357.0,0.06,-0.06,-20.68,-8.09
4393,002419,天虹股份,5.79,-0.69,-0.04,240002.0,137618237.18,2.4,5.82,5.68,5.79,5.83,0.94,2.05,81.35,1.66,6767628473.0,6766775750.0,0.35,0.0,-1.53,4.7
4394,300634,彩讯股份,27.47,-0.69,-0.19,143967.0,397464208.93,2.6,27.98,27.26,27.41,27.66,0.79,3.32,42.64,4.11,12394763423.0,11929493045.0,0.04,0.04,-19.87,8.88
4395,605588,冠石科技,56.33,-0.69,-0.39,13171.0,74288957.0,1.71,56.97,56.0,56.0,56.72,0.93,1.8,-58.72,4.28,4127607845.0,4117698271.0,-0.19,0.11,-4.98,11.57
4396,301207,华兰疫苗,19.77,-0.7,-0.14,41003.0,81002920.46,1.46,19.88,19.59,19.8,19.91,0.8,0.68,64.96,2.08,11882313675.0,11874813926.0,-0.15,-0.2,0.92,6.12
4397,000620,盈新发展,2.84,-0.7,-0.02,1374506.0,389220520.2,2.1,2.86,2.8,2.84,2.86,0.62,2.94,-25.73,3.73,16675954714.0,13267766635.0,-0.35,-0.35,-6.89,5.97
4398,601156,东航物流,16.93,-0.7,-0.12,85318.0,145266418.0,1.7,17.18,16.89,16.95,17.05,1.03,0.9,10.0,1.36,26877315563.0,15992002763.0,0.0,-0.06,-9.95,-8.04
4399,301158,德石股份,22.8,-0.7,-0.16,76937.0,175321360.86,2.35,23.13,22.59,23.0,22.96,1.12,5.25,143.48,2.45,3428447628.0,3340038827.0,0.0,-0.04,-7.8,1.92
4400,300353,东土科技,19.96,-0.7,-0.14,126281.0,252885276.86,1.54,20.19,19.88,20.0,20.1,1.22,2.35,-62.07,6.18,12273261905.0,10723690079.0,0.0,0.1,-16.1,-1.96
4401,601088,中国神华,45.23,-0.7,-0.32,224465.0,1017550185.0,1.27,45.74,45.16,45.6,45.55,0.86,0.14,18.56,2.2,981013113570.0,745889646705.0,-0.02,-0.02,8.83,11.68
4402,603239,浙江仙通,24.0,-0.7,-0.17,45976.0,110973349.0,3.39,24.67,23.85,24.21,24.17,0.76,1.7,29.28,4.9,6497280000.0,6497280000.0,-0.04,0.0,10.14,17.02
4403,920018,宏远股份,29.5,-0.71,-0.21,23980.0,71568278.25,3.3,30.26,29.28,29.5,29.71,1.32,5.42,35.31,3.91,3756222138.0,1304602100.0,0.03,0.07,-1.67,8.9
4404,603071,物产环能,13.91,-0.71,-0.1,40617.0,56223567.0,2.28,14.03,13.71,13.97,14.01,1.27,0.73,11.23,1.3,7761146288.0,7761146288.0,-0.07,-0.14,0.58,6.02
4405,301216,万凯新材,29.27,-0.71,-0.21,178880.0,531376808.8,6.28,30.68,28.83,29.76,29.48,1.06,3.26,164.15,2.81,16982384923.0,16049655892.0,-0.1,0.0,33.29,73.61
4406,688339,亿华通-U,25.3,-0.71,-0.18,30693.0,77570777.0,2.55,25.78,25.13,25.66,25.48,0.63,1.57,-9.69,3.02,6085461649.0,4953414111.0,0.04,0.0,-25.57,-6.16
4407,920892,广咨国际,15.44,-0.71,-0.11,15676.0,24349324.67,2.96,15.75,15.29,15.5,15.55,1.8,1.04,24.43,5.99,2630224890.0,2329163295.0,-0.19,-0.06,-11.42,-1.72
4408,603777,来伊份,16.88,-0.71,-0.12,240019.0,402216053.0,4.59,17.07,16.29,16.78,17.0,0.54,7.18,-33.78,3.56,5645079922.0,5645079922.0,-0.12,0.36,24.85,22.94
4409,300009,安科生物,9.8,-0.71,-0.07,136155.0,133948061.03,1.42,9.91,9.77,9.86,9.87,0.7,1.11,22.28,3.6,16378942938.0,12056422874.0,-0.1,0.0,-6.67,2.4
4410,301168,通灵股份,44.78,-0.71,-0.32,19333.0,86654290.3,3.79,45.91,44.2,44.92,45.1,0.92,2.03,90.12,2.49,5373600000.0,4268131186.0,0.16,-0.07,-5.73,-4.11
4411,301286,侨源股份,50.63,-0.71,-0.36,44432.0,230271885.69,7.39,53.77,50.0,51.65,50.99,1.98,2.75,87.17,10.32,20257063000.0,8165575921.0,0.48,0.16,9.73,19.72
4412,301601,惠通科技,23.78,-0.71,-0.17,18739.0,44275452.0,2.34,23.96,23.4,23.91,23.95,1.48,2.22,111.57,2.63,3340614400.0,2008934400.0,-0.08,-0.08,-17.89,-14.43
4413,300096,ST易联众,9.68,-0.72,-0.07,47876.0,46460800.0,1.74,9.8,9.63,9.75,9.75,0.47,1.11,82.28,11.87,4162400000.0,4162400000.0,0.0,-0.1,29.59,30.28
4414,600866,星湖科技,6.88,-0.72,-0.05,154535.0,106604267.0,0.87,6.94,6.88,6.93,6.93,0.7,1.23,8.45,1.38,11430931598.0,8639692949.0,-0.15,0.0,-4.31,-1.01
4415,301552,科力装备,44.17,-0.72,-0.32,26183.0,115161459.37,2.65,44.78,43.6,44.77,44.49,0.87,11.0,27.09,3.55,4204984000.0,1051246000.0,-0.02,-0.05,9.17,17.82
4416,002074,国轩高科,39.94,-0.72,-0.29,572869.0,2282864026.3,2.36,40.34,39.39,40.24,40.23,0.63,3.3,21.45,2.55,72455705332.0,69343523418.0,0.0,0.08,-2.49,2.12
4417,920029,开发科技,87.27,-0.72,-0.63,11997.0,106322030.43,3.36,89.95,87.0,87.88,87.9,1.89,0.89,17.15,3.25,12120639429.0,11794031454.0,-0.06,-0.03,-3.6,-4.81
4418,600720,中交设计,6.87,-0.72,-0.05,76973.0,53187984.0,1.45,6.96,6.86,6.93,6.92,1.26,0.76,10.83,0.99,15763871532.0,6932171927.0,0.0,-0.15,-5.89,-4.85
4419,920523,德瑞锂电,24.92,-0.72,-0.18,22932.0,57709482.37,3.43,25.49,24.63,24.9,25.1,1.03,2.83,17.02,3.54,2524430115.0,2019504639.0,-0.04,0.08,-11.88,-4.15
4420,600612,老凤祥,41.27,-0.72,-0.3,11547.0,47835353.0,1.49,41.78,41.16,41.58,41.57,1.32,0.36,12.3,1.64,21589070120.0,13087114430.0,-0.15,-0.17,-10.07,-7.2
4421,600812,华北制药,5.45,-0.73,-0.04,158121.0,86008066.0,1.64,5.5,5.41,5.49,5.49,0.63,0.92,51.08,1.7,9350730517.0,9350730517.0,0.0,0.0,-3.2,-1.45
4422,002783,凯龙股份,9.49,-0.73,-0.07,81152.0,76735346.0,2.2,9.57,9.36,9.57,9.56,0.78,1.76,26.31,1.81,4738904070.0,4376677546.0,0.0,0.21,-3.16,-0.84
4423,000546,金圆股份,6.78,-0.73,-0.05,508546.0,345449560.65,2.49,6.9,6.73,6.78,6.83,0.8,7.3,-38.83,1.3,5272455216.0,4723661297.0,-0.15,0.15,1.5,6.27
4424,688525,佰维存储,268.7,-0.73,-1.97,320547.0,8688746027.0,3.4,275.85,266.66,271.1,270.67,0.71,6.81,10.91,14.86,126513823977.0,126513823977.0,0.0,-0.01,71.14,134.08
4425,600061,国投资本,6.84,-0.73,-0.05,362293.0,248308038.0,1.6,6.91,6.8,6.89,6.89,1.38,0.57,13.34,0.81,43734861819.0,43734861819.0,0.0,0.0,-11.17,-10.59
4426,600841,动力新科,9.51,-0.73,-0.07,239130.0,226571418.0,4.8,9.68,9.22,9.54,9.58,0.64,2.29,4.6,2.07,13198185166.0,9919162843.0,0.11,0.0,53.88,56.16
4427,301510,固高科技,31.45,-0.73,-0.23,54976.0,173453056.92,1.89,31.96,31.36,31.8,31.68,1.08,1.97,211.47,8.93,12580314500.0,8779558727.0,-0.03,0.06,-14.77,-16.02
4428,688429,时创能源,14.95,-0.73,-0.11,30611.0,45876986.0,2.79,15.18,14.76,15.02,15.06,0.61,2.55,-17.76,4.35,5980011960.0,1791417642.0,-0.47,-0.27,7.25,14.21
4429,301299,卓创资讯,68.01,-0.73,-0.5,18570.0,126960418.0,2.5,69.43,67.72,68.19,68.51,0.9,4.17,62.56,6.99,4106481886.0,3026251103.0,0.27,0.24,5.12,25.06
4430,603053,成都燃气,9.5,-0.73,-0.07,40712.0,38713109.0,1.36,9.61,9.48,9.58,9.57,1.44,0.46,17.55,1.73,8444455000.0,8444455000.0,0.0,-0.11,-4.43,-1.04
4431,000691,*ST亚太,8.02,-0.74,-0.06,45163.0,35995996.08,1.98,8.05,7.89,7.98,8.08,0.84,1.4,-108.62,8.62,3888938100.0,2592625400.0,0.12,0.0,-18.99,13.76
4432,920016,中草香料,17.33,-0.74,-0.13,13455.0,23489636.69,3.26,17.68,17.11,17.4,17.46,2.17,3.93,53.05,3.42,1334096830.0,593330988.0,0.17,0.46,-14.84,-10.39
4433,002973,侨银股份,13.49,-0.74,-0.1,26912.0,36268387.0,2.06,13.68,13.4,13.55,13.59,0.66,0.85,27.54,2.19,5512900293.0,4285140022.0,0.0,0.0,-3.64,-1.32
4434,603869,ST智知,10.76,-0.74,-0.08,15732.0,16999918.0,1.94,10.91,10.7,10.82,10.84,1.11,0.32,143.91,1.42,5316694487.0,5316694487.0,0.09,0.09,1.41,1.61
4435,603301,振德医疗,94.65,-0.74,-0.71,28511.0,270093686.0,3.67,97.0,93.5,96.2,95.36,0.76,1.08,92.19,4.42,24975884696.0,24975884696.0,-0.26,0.13,37.59,34.26
4436,688277,天智航-U,21.35,-0.74,-0.16,61939.0,133214880.0,2.0,21.75,21.32,21.51,21.51,0.5,1.36,-52.9,8.21,9735429926.0,9735429926.0,0.0,0.0,-6.77,40.55
4437,920932,科达自控,16.08,-0.74,-0.12,22060.0,36030212.85,3.46,16.61,16.05,16.2,16.2,1.35,2.54,-18.8,2.79,1694033628.0,1395955388.0,-0.06,-0.25,-30.9,-25.35
4438,920422,润普食品,11.88,-0.75,-0.09,24539.0,29468851.42,2.59,12.15,11.84,11.9,11.97,0.73,3.71,56.26,2.45,1051174595.0,786725795.0,-0.08,-0.42,-12.45,-7.91
4439,001376,百通能源,15.96,-0.75,-0.12,84823.0,135172913.0,2.61,16.14,15.72,16.08,16.08,0.81,3.97,41.68,6.29,7355964000.0,3411494895.0,0.31,0.31,-9.83,-5.23
4440,301211,亨迪药业,11.92,-0.75,-0.09,26633.0,31800774.14,1.33,12.04,11.88,12.04,12.01,0.71,0.64,142.59,2.19,4977792000.0,4977749088.0,0.0,-0.08,-7.24,-2.45
4441,920433,大唐药业,5.26,-0.75,-0.04,30215.0,16080564.62,3.02,5.4,5.24,5.36,5.3,0.94,1.78,-16.33,3.53,1346137522.0,890604243.0,-0.38,0.0,-15.43,-10.39
4442,600675,中华企业,2.65,-0.75,-0.02,243502.0,64394448.0,1.5,2.67,2.63,2.66,2.67,0.72,0.4,135.05,1.11,16022258627.0,16022258627.0,0.0,0.0,-5.02,-2.21
4443,300468,四方精创,31.34,-0.76,-0.24,255310.0,799347565.38,1.74,31.55,31.0,31.01,31.58,0.68,4.82,223.83,10.12,16630548279.0,16604161315.0,-0.06,-0.06,-14.18,-19.29
4444,600970,中材国际,10.48,-0.76,-0.08,268154.0,283819383.0,2.75,10.76,10.47,10.57,10.56,0.96,1.02,9.6,1.2,27476668612.0,27476599444.0,-0.1,-0.1,-1.69,0.87
4445,002575,群兴玩具,6.49,-0.76,-0.05,409102.0,265317202.72,2.29,6.58,6.43,6.51,6.54,0.54,6.99,-140.52,4.83,4001085000.0,3799865795.0,0.0,0.15,1.25,5.02
4446,000555,神州信息,15.72,-0.76,-0.12,345414.0,542166064.77,1.39,15.8,15.58,15.8,15.84,0.64,3.54,271.83,2.7,15339174150.0,15321208548.0,-0.13,-0.19,-13.82,-5.02
4447,002024,ST易购,1.31,-0.76,-0.01,329151.0,43255038.91,2.27,1.33,1.3,1.32,1.32,1.08,0.36,208.75,0.96,12136845580.0,12121810643.0,-0.76,0.0,-19.14,-22.94
4448,600548,深高速,9.09,-0.76,-0.07,33758.0,30728919.0,1.2,9.17,9.06,9.16,9.16,1.02,0.2,20.07,1.0,23069112194.0,15584132185.0,0.0,-0.11,3.65,3.3
4449,000002,万  科Ａ,3.93,-0.76,-0.03,805786.0,315420341.14,1.52,3.95,3.89,3.94,3.96,0.74,0.83,-0.53,0.4,46887688221.0,38187557949.0,0.0,-0.25,-18.97,-15.48
4450,300843,胜蓝股份,68.64,-0.77,-0.53,80472.0,552683189.0,3.69,69.99,67.44,69.17,69.17,0.9,5.01,100.42,7.05,11236778604.0,11016829000.0,0.0,0.18,38.16,33.13
4451,301622,英思特,63.44,-0.77,-0.49,15542.0,98865693.62,1.56,64.2,63.2,63.94,63.93,0.67,2.4,55.91,4.69,7354718467.0,4101992082.0,0.02,0.0,-6.22,-1.49
4452,688729,屹唐股份,23.19,-0.77,-0.18,55861.0,129948190.0,1.41,23.46,23.13,23.41,23.37,0.97,2.6,102.18,7.68,68539436400.0,4985871613.0,-0.13,0.0,-13.6,-5.27
4453,301190,善水科技,22.04,-0.77,-0.17,13234.0,29254417.0,1.62,22.36,22.0,22.36,22.21,0.92,0.83,42.14,2.42,4730588460.0,3512162160.0,-0.23,0.05,-1.3,3.91
4454,301368,丰立智能,53.07,-0.77,-0.41,15780.0,84344034.0,1.57,53.84,53.0,53.78,53.48,0.98,2.46,4606.16,6.57,6373707000.0,3402924821.0,0.02,0.0,-21.96,-15.32
4455,603036,如通股份,17.99,-0.77,-0.14,23803.0,42750453.0,1.21,18.09,17.87,18.09,18.13,0.76,1.16,35.24,2.67,3706048390.0,3706048390.0,0.11,0.06,-20.61,-15.82
4456,600368,五洲交通,3.87,-0.77,-0.03,118779.0,45783700.0,0.77,3.87,3.84,3.86,3.9,1.45,0.74,11.19,0.86,6229360430.0,6229360430.0,0.0,0.0,-2.03,-1.28
4457,600562,国睿科技,28.28,-0.77,-0.22,141724.0,402882359.0,3.26,29.03,28.1,28.57,28.5,0.87,1.14,70.71,5.4,35119739715.0,35119739715.0,-0.07,-0.11,-12.17,0.07
4458,688796,百奥赛图,97.9,-0.77,-0.76,15741.0,154581402.0,3.63,100.59,97.01,97.97,98.66,0.65,4.39,252.61,20.12,43751355318.0,3513400054.0,-0.08,-0.25,42.09,86.12
4459,002160,常铝股份,5.16,-0.77,-0.04,210006.0,108190807.44,1.35,5.19,5.12,5.16,5.2,0.8,2.04,108.9,1.43,5329150822.0,5318564163.0,0.0,0.0,-12.39,-0.77
4460,001378,德冠新材,25.9,-0.77,-0.2,25860.0,67255067.52,2.99,26.54,25.76,26.1,26.1,1.05,4.01,41.82,1.85,3453340240.0,1670699339.0,-0.08,-0.04,5.97,9.84
4461,300582,英飞特,12.93,-0.77,-0.1,68477.0,88886668.18,2.38,13.16,12.85,13.02,13.03,1.03,3.09,-36.75,2.91,3860076790.0,2864510429.0,0.23,0.15,-28.56,-19.04
4462,002424,ST百灵,5.13,-0.77,-0.04,125002.0,64347576.83,2.71,5.23,5.09,5.17,5.17,1.16,1.03,94.65,2.2,7169679792.0,6223790447.0,-0.19,-0.39,19.58,17.93
4463,603051,鹿山新材,22.88,-0.78,-0.18,58621.0,133476698.0,2.34,23.0,22.46,23.0,23.06,0.84,3.63,237.39,2.16,3698160660.0,3698160660.0,0.0,0.09,-0.13,7.98
4464,002141,贤丰控股,3.84,-0.78,-0.03,178708.0,68539075.4,1.81,3.88,3.81,3.88,3.87,0.88,1.75,70.36,4.77,3966473464.0,3912848160.0,-0.26,0.0,3.5,2.95
4465,301301,川宁生物,10.24,-0.78,-0.08,116428.0,119541369.0,1.36,10.36,10.22,10.35,10.32,0.87,1.88,29.7,2.83,22836070400.0,6326083656.0,0.0,0.1,-10.1,0.99
4466,301033,迈普医学,58.17,-0.78,-0.46,9366.0,54650416.94,1.48,58.81,57.94,58.28,58.63,0.98,1.66,38.56,5.16,3900276395.0,3284808710.0,0.03,0.0,-21.92,-13.82
4467,300672,国科微,165.6,-0.78,-1.3,99560.0,1638186406.34,4.66,167.77,160.0,165.41,166.9,0.74,4.73,3641.14,8.83,35952166051.0,34831916662.0,0.04,-0.2,23.92,53.87
4468,688210,统联精密,47.09,-0.78,-0.37,27886.0,132309917.0,3.29,48.33,46.77,47.48,47.46,0.77,1.72,-1639.18,5.91,7621932163.0,7621932163.0,-0.21,0.06,-6.72,-14.88
4469,002729,好利科技,20.25,-0.78,-0.16,88606.0,179120578.99,4.16,20.59,19.74,20.55,20.41,0.73,5.05,71.27,6.69,3705140880.0,3553140148.0,0.1,0.1,10.17,26.48
4470,300817,双飞集团,20.16,-0.79,-0.16,35599.0,71612858.68,2.26,20.35,19.89,20.3,20.32,0.37,2.84,71.72,4.32,4400892518.0,2525266860.0,0.05,0.0,-11.15,-4.95
4471,600161,天坛生物,15.06,-0.79,-0.12,70076.0,105520764.0,1.19,15.2,15.02,15.2,15.18,0.47,0.35,27.3,2.54,29779213977.0,29779213977.0,-0.07,-0.07,-11.83,-7.83
4472,688337,普源精电,62.4,-0.79,-0.5,109838.0,681498727.0,9.63,66.06,60.0,63.39,62.9,1.4,5.91,130.64,3.8,12097763621.0,11601218429.0,-0.13,0.14,56.2,69.15
4473,603223,恒通股份,8.76,-0.79,-0.07,153493.0,134433991.0,5.1,9.05,8.6,9.05,8.83,2.02,2.17,16.59,1.51,6183002411.0,6183002411.0,0.11,0.11,-13.78,-5.81
4474,600019,宝钢股份,6.25,-0.79,-0.05,1068569.0,669791036.0,1.11,6.31,6.24,6.31,6.3,1.25,0.49,12.83,0.67,136138029681.0,136138029681.0,-0.16,-0.16,-11.97,-16.11
4475,601298,青岛港,8.82,-0.79,-0.07,91150.0,80198641.0,2.14,8.9,8.71,8.89,8.89,1.08,0.17,10.86,1.25,57251502000.0,47558101500.0,-0.11,0.11,6.01,5.76
4476,300845,捷安高科,13.59,-0.8,-0.11,129164.0,175601818.9,4.16,13.89,13.32,13.76,13.7,1.43,8.93,607.58,3.49,2794662549.0,1965239354.0,-0.15,0.0,13.44,20.59
4477,000151,中成股份,11.23,-0.8,-0.09,101914.0,114118502.89,1.59,11.29,11.11,11.29,11.32,1.37,3.31,10.96,5.26,3940677592.0,3458106625.0,0.0,0.0,-8.7,-5.47
4478,000590,古汉医药,11.1,-0.8,-0.09,40298.0,44658829.57,2.06,11.26,11.03,11.25,11.19,0.84,1.68,-52.62,4.85,2658131064.0,2656879650.0,0.09,0.0,-2.97,-0.98
4479,603728,鸣志电器,59.18,-0.8,-0.48,48927.0,290920067.0,1.88,60.19,59.07,60.0,59.66,1.17,1.17,373.05,8.36,24789466350.0,24789466350.0,-0.02,0.03,-16.87,-18.2
4480,300572,安车检测,28.4,-0.8,-0.23,43987.0,125507179.0,3.46,29.15,28.16,28.66,28.63,0.69,2.4,-230.18,3.67,6503282261.0,5214157668.0,0.11,0.21,-4.95,-0.11
4481,002349,精华制药,7.41,-0.8,-0.06,162990.0,120710323.8,1.47,7.47,7.36,7.47,7.47,0.59,2.0,26.14,2.27,6147891068.0,6033080528.0,0.0,0.0,-2.88,2.07
4482,000705,浙江震元,8.73,-0.8,-0.07,88880.0,76677216.0,3.52,8.78,8.47,8.78,8.8,1.27,3.15,39.02,1.45,2916896287.0,2461517356.0,0.0,-0.11,-6.53,-3.54
4483,300084,海默科技,11.14,-0.8,-0.09,172156.0,193001440.88,3.56,11.46,11.06,11.26,11.23,0.93,4.97,-70.16,4.54,5663463475.0,3855572247.0,0.09,0.09,3.15,11.51
4484,603081,大丰实业,12.3,-0.81,-0.1,58869.0,72592228.0,1.85,12.48,12.25,12.41,12.4,1.1,1.39,342.43,1.63,5196739533.0,5196739533.0,-0.08,0.0,-10.61,-12.33
4485,603350,安乃达,36.62,-0.81,-0.3,20379.0,74365238.0,1.6,36.9,36.31,36.9,36.92,0.65,4.62,37.08,3.19,4266010280.0,1615839190.0,-0.03,0.11,-5.62,-3.86
4486,600000,浦发银行,9.78,-0.81,-0.08,681169.0,669899366.0,1.32,9.91,9.78,9.85,9.86,1.42,0.2,6.51,0.44,325731098574.0,325731098574.0,-0.2,-0.31,-12.37,-21.38
4487,300452,山河药辅,14.64,-0.81,-0.12,38851.0,56700954.0,1.76,14.77,14.51,14.77,14.76,0.77,1.96,19.42,3.68,3432408668.0,2907944605.0,0.0,0.14,-13.12,9.42
4488,600461,洪城环境,9.75,-0.81,-0.08,91150.0,89205657.0,1.53,9.87,9.72,9.82,9.83,0.9,0.71,10.49,1.26,12520516964.0,12520516964.0,-0.31,-0.1,4.17,5.18
4489,300171,东富龙,14.73,-0.81,-0.12,41578.0,61361924.88,1.35,14.88,14.68,14.85,14.85,0.71,0.74,64.3,1.44,11280647029.0,8287942839.0,0.0,-0.07,-18.93,-6.18
4490,600018,上港集团,4.89,-0.81,-0.04,755210.0,370041412.0,1.22,4.94,4.88,4.93,4.93,1.9,0.32,8.39,0.81,113839006865.0,113676452732.0,0.0,-0.2,-6.68,-8.94
4491,600081,东风科技,10.96,-0.81,-0.09,32012.0,35186015.0,1.54,11.09,10.92,11.0,11.05,1.69,0.58,321.74,1.32,6061166823.0,6061166823.0,0.0,0.0,-10.53,-7.35
4492,300163,先锋新材,4.9,-0.81,-0.04,207788.0,102228545.18,1.82,4.98,4.89,4.96,4.94,0.74,4.58,17.96,3.96,2322600000.0,2223570789.0,-0.41,-0.2,6.99,20.99
4493,600933,爱柯迪,16.92,-0.82,-0.14,114614.0,194545636.0,1.35,17.09,16.86,17.02,17.06,1.0,1.17,14.6,1.79,17429844979.0,16537200820.0,-0.12,-0.12,-13.67,-15.82
4494,601000,唐山港,4.82,-0.82,-0.04,389727.0,188854676.0,2.88,4.94,4.8,4.86,4.86,1.0,0.66,14.29,1.33,28562975919.0,28562975919.0,0.0,0.0,21.72,25.52
4495,600604,市北高新,4.84,-0.82,-0.04,78156.0,37700006.0,1.23,4.85,4.79,4.85,4.88,1.01,0.56,-28.76,1.49,9066795251.0,6812081251.0,0.0,0.21,-16.84,-12.64
4496,600420,国药现代,9.73,-0.82,-0.08,101068.0,98476408.0,1.43,9.84,9.7,9.83,9.81,0.62,0.75,13.86,0.95,13049610293.0,13049610293.0,0.0,0.0,-9.15,-3.66
4497,600694,大商股份,16.84,-0.82,-0.14,16083.0,27152825.0,1.0,16.99,16.82,16.99,16.98,0.78,0.47,9.77,0.66,5798985824.0,5798985824.0,0.0,-0.12,-12.93,-6.08
4498,000090,天健集团,3.63,-0.82,-0.03,157897.0,57226102.25,1.64,3.67,3.61,3.66,3.66,0.98,0.85,30.36,0.6,6782819925.0,6782406105.0,-0.27,0.0,-3.71,-1.89
4499,002191,劲嘉股份,3.63,-0.82,-0.03,104663.0,38021537.76,1.37,3.66,3.61,3.63,3.66,0.88,0.73,27.4,0.79,5269957167.0,5229071396.0,0.28,0.28,-18.61,-13.37
4500,600846,同济科技,12.08,-0.82,-0.1,37530.0,45392550.0,1.81,12.22,12.0,12.18,12.18,2.15,0.6,34.38,1.83,7547119113.0,7547119113.0,0.0,-0.17,-13.96,-8.14
4501,300498,温氏股份,16.69,-0.83,-0.14,341266.0,571899010.87,2.85,17.08,16.6,17.0,16.83,0.61,0.57,21.21,2.64,111054047138.0,99293862697.0,-0.18,0.0,-0.3,-1.13
4502,688485,九州一轨,43.14,-0.83,-0.36,141681.0,605947557.0,12.28,46.34,41.0,44.36,43.5,1.07,15.96,-462.67,4.92,6483599555.0,3829019171.0,0.09,-0.09,126.1,141.82
4503,920089,禾昌聚合,19.22,-0.83,-0.16,30473.0,58988499.26,3.56,19.67,18.98,19.33,19.38,2.0,3.55,17.41,2.28,2895838960.0,1649397954.0,0.0,0.21,-3.32,-3.13
4504,600738,丽尚国潮,4.8,-0.83,-0.04,110229.0,52603591.0,2.07,4.82,4.72,4.82,4.84,0.99,1.45,22.29,1.75,3654409133.0,3651197741.0,0.0,0.0,-8.4,-6.98
4505,600533,栖霞建设,2.4,-0.83,-0.02,148253.0,35514903.0,3.72,2.45,2.36,2.45,2.42,0.68,1.41,179.66,0.78,2520000000.0,2520000000.0,0.0,0.0,-6.98,-6.25
4506,603687,大胜达,19.09,-0.83,-0.16,1054443.0,2008341520.0,7.27,19.88,18.48,19.2,19.25,1.21,19.17,86.61,3.22,10500108284.0,10500108284.0,-0.05,-0.26,77.58,100.31
4507,002920,德赛西威,106.92,-0.83,-0.89,62857.0,672253336.99,0.82,107.46,106.58,107.39,107.81,0.86,1.13,26.01,4.14,63810849714.0,59311567050.0,0.0,0.02,-19.78,-10.2
4508,603682,锦和商管,7.2,-0.83,-0.06,208325.0,146933347.0,4.41,7.22,6.9,7.08,7.26,0.66,4.41,-28.62,4.57,3402000000.0,3402000000.0,-0.14,0.0,4.05,13.03
4509,600892,*ST大晟,3.59,-0.83,-0.03,25708.0,9252745.0,1.66,3.63,3.57,3.59,3.62,0.56,0.46,-21.88,265.89,2008476435.0,2007957134.0,0.0,0.0,0.0,-1.91
4510,601828,美凯龙,2.38,-0.83,-0.02,103094.0,24543597.0,0.83,2.39,2.37,2.39,2.4,0.49,0.29,-0.44,0.46,10364263762.0,8600003953.0,-0.42,-0.42,-15.9,-11.85
4511,600547,山东黄金,38.12,-0.83,-0.32,519189.0,1994619227.0,3.28,39.14,37.88,38.45,38.44,1.25,1.44,37.08,5.68,175730513493.0,137782580388.0,0.03,0.05,-19.68,-1.52
4512,002010,传化智联,6.0,-0.83,-0.05,255253.0,152883849.77,1.65,6.05,5.95,6.03,6.05,1.11,0.93,28.13,0.93,16584185448.0,16543950036.0,-0.17,0.0,-8.68,3.27
4513,300210,森远股份,9.5,-0.84,-0.08,95294.0,90590633.0,2.09,9.65,9.45,9.5,9.58,0.75,1.97,-252.32,11.9,4600089554.0,4600089554.0,0.11,0.0,-13.64,6.86
4514,600300,维维股份,3.55,-0.84,-0.03,360068.0,127253635.0,1.96,3.58,3.51,3.57,3.58,0.76,2.23,17.16,1.58,5740854739.0,5740854739.0,0.28,0.0,-0.28,1.14
4515,003033,征和工业,61.16,-0.84,-0.52,20127.0,121739119.0,3.52,61.86,59.69,60.42,61.68,1.11,2.49,28.55,3.57,4999830000.0,4938281145.0,0.02,-0.03,-11.96,-22.2
4516,300456,赛微电子,55.43,-0.84,-0.47,680666.0,3805195232.59,4.31,57.29,54.88,55.99,55.9,1.07,11.39,27.55,6.03,40586574018.0,33116594079.0,0.0,0.04,-11.07,-0.95
4517,300227,光韵达,11.76,-0.84,-0.1,176642.0,206743966.06,2.87,11.88,11.54,11.81,11.86,0.87,4.08,-25.5,4.83,7008623558.0,5092876493.0,0.17,0.17,17.95,27.69
4518,000719,中原传媒,14.1,-0.84,-0.12,185879.0,261346259.3,4.36,14.5,13.88,14.38,14.22,1.74,2.79,10.49,1.18,14427172861.0,9406780356.0,-0.14,0.14,10.59,19.9
4519,300809,华辰装备,35.41,-0.84,-0.3,53438.0,189085185.31,2.21,35.82,35.03,35.71,35.71,1.48,3.55,155.46,5.45,8977823072.0,5331666137.0,0.0,0.03,-5.24,-6.99
4520,002816,*ST和科,25.86,-0.84,-0.22,40303.0,103627860.0,2.34,26.08,25.47,25.48,26.08,1.03,4.03,288.02,11.18,2586000000.0,2586000000.0,-0.08,-0.15,3.44,15.09
4521,002594,比亚迪,102.91,-0.84,-0.87,383677.0,3957213043.27,1.28,103.95,102.62,103.78,103.78,0.71,1.1,28.76,4.12,938250801414.0,358807395285.0,-0.01,0.0,7.57,5.31
4522,600436,片仔癀,145.08,-0.84,-1.23,26430.0,383525369.0,1.2,146.3,144.55,146.3,146.31,1.39,0.44,30.83,6.05,87529260827.0,87529260827.0,-0.01,0.01,-14.4,-14.04
4523,603519,立霸股份,13.97,-0.85,-0.12,63568.0,88987025.0,3.76,14.38,13.85,14.22,14.09,1.29,2.39,23.76,3.03,3720599911.0,3720599911.0,0.22,0.07,11.76,16.13
4524,600479,千金药业,10.5,-0.85,-0.09,73231.0,76637473.0,1.61,10.59,10.42,10.56,10.59,0.99,1.75,17.96,1.7,5168205168.0,4394324729.0,0.0,0.0,0.67,3.35
4525,301379,天山电子,25.81,-0.85,-0.22,35329.0,91296088.0,1.54,26.1,25.7,25.91,26.03,0.77,2.78,34.36,3.62,5116676195.0,3282989517.0,0.04,-0.04,-10.16,-0.15
4526,600782,新钢股份,3.5,-0.85,-0.03,491219.0,172635261.0,1.7,3.55,3.49,3.53,3.53,1.29,1.56,-3.81,0.44,11144077522.0,11009782522.0,-0.28,0.0,-7.89,-9.79
4527,300237,ST美晨,2.32,-0.85,-0.02,163588.0,37974708.56,1.28,2.34,2.31,2.33,2.34,0.78,1.13,-13.48,-19.17,3345242638.0,3345211318.0,-0.43,-0.43,-5.31,-10.08
4528,600503,华丽家族,2.33,-0.85,-0.02,241377.0,56148298.0,1.7,2.35,2.31,2.34,2.35,0.89,1.51,-107.45,1.05,3733335700.0,3733335700.0,-0.43,0.43,-14.96,-13.06
4529,300905,宝丽迪,55.11,-0.85,-0.47,384467.0,2234760685.21,17.45,64.2,54.5,63.01,55.58,2.96,27.53,69.71,5.1,9865555007.0,7695903790.0,-0.72,-0.92,51.61,70.99
4530,603262,技源集团,25.6,-0.85,-0.22,11213.0,28913094.0,1.82,25.99,25.52,25.52,25.82,1.24,2.8,65.89,6.68,10240256000.0,1024204800.0,-0.04,0.0,-11.51,-10.14
4531,300811,铂科新材,85.96,-0.85,-0.74,75925.0,653386590.73,3.31,87.9,85.03,87.17,86.7,1.02,3.19,63.66,8.59,24918789672.0,20433029307.0,-0.05,0.07,11.49,20.54
4532,300871,回盛生物,27.92,-0.85,-0.24,134085.0,371486151.8,5.26,28.77,27.29,28.77,28.16,0.81,6.64,22.25,2.6,5633819247.0,5633819247.0,-0.21,0.04,8.72,34.68
4533,002943,宇晶股份,58.29,-0.85,-0.5,192926.0,1107723703.39,4.25,58.68,56.18,57.45,58.79,0.74,13.25,397.56,13.41,11979850333.0,8487825313.0,0.03,-0.14,7.55,47.2
4534,601677,明泰铝业,17.43,-0.85,-0.15,322568.0,559611265.0,1.54,17.45,17.18,17.44,17.58,0.87,2.65,7.72,1.09,21674616819.0,21229855509.0,0.11,0.11,15.89,17.85
4535,920634,新威凌,22.1,-0.85,-0.19,28598.0,63714906.4,4.71,22.76,21.71,22.12,22.29,1.63,7.06,79.63,4.89,1412383729.0,895662723.0,0.05,0.59,-23.4,-8.79
4536,300641,正丹股份,18.7,-0.85,-0.16,90190.0,168868196.92,1.06,18.85,18.65,18.76,18.86,0.91,1.72,10.92,3.15,9827687947.0,9827687947.0,0.0,0.11,-10.14,5.95
4537,601163,三角轮胎,13.97,-0.85,-0.12,40354.0,56454067.0,1.77,14.18,13.93,14.09,14.09,1.1,0.5,12.28,0.82,11176000000.0,11176000000.0,0.0,0.07,-1.06,-2.24
4538,688712,北芯生命-U,41.64,-0.86,-0.36,26620.0,110570019.0,2.67,41.98,40.86,41.8,42.0,0.68,7.17,215.37,18.51,17363880000.0,1545456108.0,0.12,0.05,137.67,137.67
4539,300107,建新股份,6.9,-0.86,-0.06,80037.0,55160305.59,1.87,6.98,6.85,6.97,6.96,1.11,2.3,-139.98,2.64,3883197649.0,2396944052.0,0.0,0.29,-3.23,1.17
4540,605218,伟时电子,18.5,-0.86,-0.16,21041.0,39062559.0,1.23,18.68,18.45,18.68,18.66,0.84,0.99,138.69,2.98,4492072339.0,3937419010.0,0.0,0.22,-5.85,0.27
4541,300865,大宏立,27.53,-0.86,-0.24,19475.0,53763801.58,1.94,27.99,27.45,27.74,27.77,2.04,3.39,992.44,3.06,2634070400.0,1582486067.0,-0.04,-0.07,-4.44,1.1
4542,300995,奇德新材,35.71,-0.86,-0.31,13077.0,46643487.04,1.36,36.0,35.51,36.0,36.02,1.09,2.18,153.06,4.74,3004884371.0,2144045505.0,-0.03,-0.03,-11.28,-13.3
4543,002726,龙大美食,3.46,-0.86,-0.03,854696.0,294717572.95,6.02,3.58,3.37,3.44,3.49,1.53,7.93,-15.64,3.46,3734006354.0,3731172614.0,-1.14,-0.86,-17.22,-15.82
4544,600210,紫江企业,6.91,-0.86,-0.06,168603.0,117045864.0,1.15,6.99,6.91,6.98,6.97,1.35,1.11,8.14,1.57,10480646852.0,10480646852.0,-0.14,-0.14,-9.32,-5.99
4545,688759,必贝特-U,38.26,-0.86,-0.33,15735.0,60124371.0,2.15,38.83,38.0,38.5,38.59,0.52,3.39,-112.48,10.31,17218402497.0,1777635393.0,0.03,0.5,-22.52,31.66
4546,300457,赢合科技,28.53,-0.87,-0.25,147954.0,423567466.42,1.98,29.0,28.43,28.7,28.78,0.82,2.33,34.2,2.7,18406969081.0,18085199781.0,0.0,0.11,-5.28,2.44
4547,688066,航天宏图,19.28,-0.87,-0.17,226909.0,435321091.0,6.63,19.99,18.7,19.3,19.45,1.74,8.68,-4.31,-15.18,5037446704.0,5037446704.0,0.16,0.26,-50.51,-40.79
4548,300082,奥克股份,11.38,-0.87,-0.1,197657.0,224791233.91,2.79,11.57,11.25,11.48,11.48,0.53,2.91,-884.68,2.83,7739517516.0,7719298249.0,0.09,0.0,9.0,14.95
4549,600057,厦门象屿,8.0,-0.87,-0.07,148873.0,119481075.0,3.22,8.21,7.95,8.02,8.07,0.91,0.71,10.43,1.37,22724714712.0,16740081312.0,-0.25,0.0,-3.5,-6.1
4550,600337,美克家居,3.4,-0.87,-0.03,895744.0,301599523.0,5.83,3.49,3.29,3.48,3.43,0.6,6.23,-16.66,1.94,4885793666.0,4885793666.0,-0.29,0.0,10.03,16.44
4551,603995,甬金股份,18.33,-0.87,-0.16,38902.0,71312603.0,1.68,18.54,18.23,18.46,18.49,0.52,1.06,12.21,1.15,6701778747.0,6701778747.0,0.0,0.05,-4.28,1.38
4552,688689,银河微电,37.07,-0.88,-0.33,23185.0,86321901.0,2.75,37.72,36.69,37.4,37.4,0.79,1.8,59.44,3.46,4778467536.0,4778467536.0,0.0,-0.08,25.41,30.62
4553,600426,华鲁恒升,35.03,-0.88,-0.31,185145.0,650602556.0,2.35,35.66,34.83,35.3,35.34,0.63,0.87,22.43,2.25,74375228770.0,74365420300.0,-0.03,0.06,2.28,11.45
4554,300319,麦捷科技,12.44,-0.88,-0.11,214921.0,269309703.18,1.83,12.65,12.42,12.5,12.55,0.88,2.55,34.91,2.26,11041598751.0,10484155310.0,-0.24,-0.24,0.24,6.42
4555,600288,大恒科技,15.7,-0.88,-0.14,147771.0,231865047.0,2.65,15.92,15.5,15.62,15.84,1.98,3.38,74.82,3.6,6857760000.0,6857760000.0,-0.38,-0.25,0.71,4.81
4556,002797,第一创业,7.89,-0.88,-0.07,1417220.0,1118757962.54,2.39,8.02,7.83,8.01,7.96,0.75,3.37,32.27,1.94,33156936000.0,33156936000.0,0.0,0.0,11.76,14.85
4557,000885,城发环境,13.58,-0.88,-0.12,51822.0,70216483.79,1.39,13.66,13.47,13.66,13.7,0.9,0.81,7.05,0.92,8719422703.0,8719422703.0,0.0,0.07,-2.16,-1.02
4558,300683,海特生物,33.9,-0.88,-0.3,67888.0,229753246.84,3.01,34.47,33.44,34.19,34.2,0.65,5.56,-21.05,1.99,4437319855.0,4137991330.0,0.03,-0.03,9.85,22.25
4559,688005,容百科技,32.66,-0.88,-0.29,268237.0,874440955.0,3.22,33.29,32.23,32.9,32.95,1.02,3.75,-124.53,2.92,23342933850.0,23339448440.0,-0.15,0.12,-12.56,-7.74
4560,000430,ST张家界,7.91,-0.88,-0.07,70228.0,55776974.24,1.88,8.04,7.89,7.97,7.98,0.51,1.9,5.23,3.52,6404215793.0,2931101804.0,0.0,0.0,5.75,1.93
4561,688566,吉贝尔,31.02,-0.89,-0.28,22929.0,71147600.0,1.76,31.4,30.85,31.4,31.3,0.61,1.15,23.92,2.55,6186345432.0,6186345432.0,0.0,0.1,5.65,3.92
4562,920036,觅睿科技,47.77,-0.89,-0.43,27680.0,134374123.93,5.44,49.88,47.26,47.5,48.2,1.16,21.19,32.85,5.72,2599730676.0,623937202.0,0.0,0.04,121.98,121.98
4563,688686,奥普特,107.92,-0.89,-0.97,23721.0,256585871.0,4.24,110.97,106.35,110.97,108.89,0.86,1.94,70.85,4.31,13191650304.0,13191650304.0,-0.06,-0.07,-17.46,-13.06
4564,600071,凤凰光学,20.98,-0.9,-0.19,60689.0,127149327.0,1.84,21.2,20.81,20.85,21.17,1.13,2.16,171.62,11.57,5907420191.0,5907420191.0,0.05,0.0,-2.42,-2.42
4565,688293,奥浦迈,55.31,-0.9,-0.5,15952.0,89656669.0,5.73,58.2,55.0,55.8,55.81,0.92,1.4,184.73,3.0,7703133822.0,6295392718.0,0.16,0.02,-5.82,12.88
4566,601799,星宇股份,131.9,-0.9,-1.2,24733.0,327374367.0,2.03,134.0,131.3,133.1,133.1,0.58,0.87,23.2,3.31,37681115366.0,37681115366.0,0.04,0.02,4.68,6.91
4567,300695,兆丰股份,70.33,-0.9,-0.64,8328.0,58972116.8,2.42,71.73,70.01,71.3,70.97,0.61,0.81,20.52,2.48,7191729465.0,7191729465.0,0.0,0.01,-19.41,-29.71
4568,603100,川仪股份,19.72,-0.9,-0.18,68192.0,134234338.0,1.96,19.92,19.53,19.92,19.9,1.44,1.33,15.75,2.16,10119775031.0,10087552354.0,0.0,-0.05,-20.61,-13.13
4569,003028,振邦智能,28.22,-0.91,-0.26,19056.0,53895336.34,3.37,28.96,28.0,28.64,28.48,1.16,2.7,55.63,2.34,4083744420.0,1990587919.0,0.11,0.07,-8.82,-4.63
4570,300054,鼎龙股份,52.52,-0.91,-0.48,278609.0,1469396748.09,4.0,53.92,51.8,53.26,53.0,0.92,3.77,69.14,9.59,49792543019.0,38767665258.0,0.0,0.0,12.51,39.68
4571,002663,普邦股份,2.18,-0.91,-0.02,584908.0,127595990.88,3.18,2.22,2.15,2.18,2.2,0.66,4.52,-72.18,1.59,3756900606.0,2818504819.0,-0.46,-0.46,11.22,15.34
4572,920185,贝特瑞,31.37,-0.92,-0.29,134000.0,423313108.71,3.79,32.28,31.08,31.68,31.66,1.32,1.2,39.7,2.81,35705032785.0,35060568290.0,-0.03,-0.03,-6.58,-3.06
4573,300928,华安鑫创,30.02,-0.92,-0.28,11033.0,33174144.03,1.39,30.34,29.92,30.25,30.3,0.67,2.06,-30.87,2.19,2401600000.0,1608666070.0,0.0,-0.03,-9.17,-3.63
4574,002467,二六三,7.56,-0.92,-0.07,1344526.0,1015543737.04,2.36,7.65,7.47,7.55,7.63,0.48,9.84,-36.56,6.55,10397811360.0,10333073810.0,0.0,0.0,9.09,24.14
4575,603619,中曼石油,33.24,-0.92,-0.31,237315.0,783903654.0,4.02,33.79,32.44,33.3,33.55,0.89,5.13,30.16,3.56,15368130444.0,15368130444.0,0.0,-0.03,26.77,44.21
4576,002771,真视通,18.35,-0.92,-0.17,543889.0,1004009296.45,7.07,19.15,17.84,18.78,18.52,1.7,31.17,-60.51,6.36,3849171235.0,3202343919.0,0.05,0.27,13.83,21.28
4577,600873,梅花生物,10.79,-0.92,-0.1,370774.0,399348972.0,1.65,10.89,10.71,10.88,10.89,1.13,1.32,7.5,1.88,30257767404.0,30257767404.0,-0.09,0.0,2.96,6.52
4578,301281,科源制药,37.89,-0.92,-0.35,32989.0,125079102.0,3.22,38.79,37.56,38.19,38.24,0.6,4.65,247.88,3.03,4103108100.0,2688371280.0,0.13,0.13,23.34,29.32
4579,600397,江钨装备,15.01,-0.92,-0.14,494679.0,743037527.0,2.77,15.29,14.87,14.95,15.15,1.16,5.0,-51.0,77.61,14859297829.0,14859297829.0,0.07,0.0,59.68,97.5
4580,300601,康泰生物,13.94,-0.92,-0.13,88797.0,124234856.24,1.14,14.09,13.93,14.07,14.07,0.99,0.99,237.55,1.71,15570000785.0,12551212933.0,-0.07,0.0,-12.93,-5.62
4581,600500,中化国际,4.24,-0.93,-0.04,408294.0,172451968.0,2.57,4.29,4.18,4.29,4.28,1.45,1.14,-6.84,1.45,15214418725.0,15214418725.0,0.0,0.47,4.95,8.16
4582,003022,联泓新科,22.31,-0.93,-0.21,148829.0,333456086.82,2.0,22.67,22.22,22.33,22.52,1.02,1.12,97.47,4.01,29796522080.0,29771174016.0,-0.04,0.09,10.17,12.62
4583,002251,步步高,4.27,-0.93,-0.04,557580.0,237246877.95,1.86,4.3,4.22,4.28,4.31,1.16,2.59,38.18,1.4,11480747672.0,9191055948.0,0.0,0.23,-20.04,-19.59
4584,002669,康达新材,13.91,-0.93,-0.13,121895.0,169396032.98,2.85,14.18,13.78,13.91,14.04,1.57,4.03,33.64,1.5,4220294000.0,4210804598.0,0.07,0.07,-5.76,-8.49
4585,301526,国际复材,13.87,-0.93,-0.13,1356455.0,1891902236.14,4.36,14.29,13.68,13.93,14.0,0.57,9.66,143.73,6.37,52302078526.0,19478929842.0,0.0,-0.07,78.74,98.14
4586,000011,深物业A,8.43,-0.94,-0.08,48346.0,40648351.0,2.35,8.51,8.31,8.5,8.51,1.0,0.92,148.27,1.48,5024103746.0,4438188827.0,0.12,-0.59,-3.44,-6.44
4587,300737,科顺股份,6.29,-0.94,-0.06,246883.0,152709917.07,3.78,6.34,6.1,6.29,6.35,1.1,2.78,260.67,1.55,6981721012.0,5578553555.0,-0.16,-0.32,16.7,14.36
4588,688710,益诺思,67.3,-0.94,-0.64,12094.0,81364866.0,2.91,68.48,66.5,67.7,67.94,0.83,1.33,-310.92,4.08,9487928090.0,6103703777.0,-0.04,0.39,5.88,52.43
4589,002849,威星智能,17.97,-0.94,-0.17,57722.0,104794113.0,3.75,18.6,17.92,18.18,18.14,0.8,2.98,41.53,2.9,3964793268.0,3478404740.0,-0.33,-0.06,-1.43,13.02
4590,002683,广东宏大,42.13,-0.94,-0.4,135482.0,574763620.05,3.43,43.16,41.7,42.42,42.53,0.87,2.03,33.45,4.56,32013957704.0,28082135599.0,0.14,0.19,-20.76,-11.86
4591,605179,一鸣食品,17.88,-0.94,-0.17,44419.0,78548389.0,3.21,17.94,17.36,17.8,18.05,1.53,1.11,113.33,6.23,7169880000.0,7169880000.0,0.06,0.06,-16.45,-14.49
4592,000736,*ST中地,5.27,-0.94,-0.05,54850.0,28903787.08,1.88,5.33,5.23,5.33,5.32,0.56,0.73,-2.3,3.26,3937208573.0,3937208573.0,0.0,-0.19,-5.72,-1.86
4593,002913,奥士康,51.26,-0.95,-0.49,78305.0,403925445.72,3.23,52.57,50.9,51.88,51.75,0.95,2.6,43.2,3.69,16267899435.0,15464291802.0,0.12,0.14,23.85,19.93
4594,688188,柏楚电子,143.47,-0.95,-1.37,19353.0,279414307.0,1.7,145.86,143.4,145.38,144.84,1.3,0.67,37.23,6.82,41424082627.0,41424082627.0,-0.01,0.01,-10.21,5.58
4595,688618,三旺通信,41.55,-0.95,-0.4,58234.0,241632024.0,7.15,43.18,40.18,42.0,41.95,0.82,5.29,125.19,5.35,4578212927.0,4572488084.0,0.02,-0.12,21.17,55.85
4596,688299,长阳科技,17.64,-0.95,-0.17,60929.0,108302245.0,2.58,18.03,17.57,17.75,17.81,1.17,2.12,-35.08,2.61,5069610650.0,5069610650.0,-0.06,-0.17,-2.76,4.26
4597,601155,新城控股,14.57,-0.95,-0.14,192656.0,279779884.0,3.33,14.76,14.27,14.63,14.71,0.99,0.85,48.32,0.53,32864425012.0,32864425012.0,-0.14,-0.07,-1.69,4.44
4598,002396,星网锐捷,29.12,-0.95,-0.28,227926.0,667449285.63,2.48,29.68,28.95,29.4,29.4,1.48,3.91,114.54,2.43,17055441254.0,16985121695.0,-0.07,-0.17,-5.08,-3.89
4599,920627,力王股份,20.9,-0.95,-0.2,20501.0,43213874.71,2.42,21.36,20.85,20.91,21.1,0.97,4.38,73.76,4.26,1974005000.0,978485750.0,0.0,-0.19,-20.53,-1.83
4600,601919,中远海控,14.58,-0.95,-0.14,727077.0,1063016960.0,1.15,14.73,14.56,14.7,14.72,1.05,0.58,7.23,0.97,223258985004.0,183069513894.0,-0.07,-0.07,-0.27,-3.95
4601,688595,芯海科技,33.89,-0.96,-0.33,32959.0,112063945.0,2.95,34.7,33.69,34.66,34.22,0.63,2.29,-46.31,7.2,4883328986.0,4883328986.0,-0.03,0.03,-4.67,3.32
4602,002655,共达电声,22.69,-0.96,-0.22,412760.0,926257470.5,5.37,23.23,22.0,23.0,22.91,0.95,11.37,394.62,9.9,8254077440.0,8237715681.0,0.27,0.18,74.94,75.62
4603,301261,恒工精密,77.15,-0.96,-0.75,12370.0,95836595.92,2.0,78.26,76.7,77.67,77.9,1.05,3.3,65.05,4.32,6780728621.0,2891838215.0,0.0,0.03,-17.5,-24.79
4604,603082,北自科技,37.1,-0.96,-0.36,13237.0,49163102.0,1.92,37.6,36.88,37.4,37.46,0.67,3.26,34.93,3.65,6018641845.0,1504660990.0,0.11,0.11,0.11,0.54
4605,688772,珠海冠宇,16.46,-0.96,-0.16,264249.0,435710193.0,1.81,16.7,16.4,16.6,16.62,0.91,2.33,39.51,2.55,18635776688.0,18635776688.0,0.0,-0.12,-19.9,-23.55
4606,600742,富维股份,10.34,-0.96,-0.1,105718.0,109234696.0,2.68,10.48,10.2,10.37,10.44,1.13,1.42,14.68,0.89,7683218479.0,7683218479.0,-0.1,-0.1,8.27,4.87
4607,002603,以岭药业,16.53,-0.96,-0.16,117812.0,194495024.99,1.26,16.63,16.42,16.63,16.69,0.72,0.86,20.7,2.58,27616759865.0,22759276596.0,-0.06,-0.06,-6.72,-3.16
4608,920405,海希通讯,21.5,-0.97,-0.21,32946.0,71234201.53,3.96,21.99,21.13,21.73,21.71,1.77,2.99,51.24,3.71,3015590000.0,2366725504.0,-0.23,0.14,-23.7,-15.95
4609,603929,亚翔集成,184.82,-0.97,-1.81,42055.0,779009063.0,2.41,188.0,183.5,185.99,186.63,0.59,1.97,44.2,17.12,39433195200.0,39433195200.0,-0.02,0.04,24.37,93.53
4610,603477,巨星农牧,18.41,-0.97,-0.18,229990.0,421545985.0,5.16,18.98,18.02,18.92,18.59,0.83,4.51,65.7,3.15,9390396267.0,9390396267.0,0.0,-0.05,2.33,6.97
4611,000951,中国重汽,23.59,-0.97,-0.23,127216.0,301849348.33,3.4,24.16,23.35,23.73,23.82,0.41,1.08,16.64,1.71,27715168202.0,27715168202.0,-0.08,-0.04,41.0,39.59
4612,002864,盘龙药业,31.5,-0.97,-0.31,26500.0,83424913.85,1.45,31.83,31.37,31.7,31.81,0.92,3.57,27.96,1.99,3347850240.0,2337007932.0,0.0,0.06,-12.33,2.14
4613,002548,金新农,5.13,-0.97,-0.05,227372.0,116818522.7,3.86,5.3,5.1,5.2,5.18,0.83,2.83,-33.82,2.98,4248530866.0,4126938754.0,0.0,0.0,-16.59,-15.63
4614,000731,四川美丰,7.09,-0.98,-0.07,111260.0,78669317.97,2.09,7.16,7.01,7.1,7.16,0.59,2.03,-400.31,0.98,3891175631.0,3891175631.0,0.0,0.0,6.78,8.41
4615,603013,亚普股份,19.19,-0.98,-0.19,35193.0,67704054.0,1.86,19.41,19.05,19.31,19.38,1.2,0.69,18.46,2.18,9752733433.0,9752733433.0,-0.05,-0.05,-20.37,-22.21
4616,601568,北元集团,4.04,-0.98,-0.04,255217.0,103090335.0,1.72,4.09,4.02,4.07,4.08,1.0,0.64,56.31,1.4,16047777785.0,16047777785.0,0.25,0.25,1.76,8.6
4617,601766,中国中车,6.09,-0.98,-0.06,1673691.0,1023066812.0,1.14,6.16,6.09,6.15,6.15,1.65,0.69,13.26,1.02,174776082296.0,148156290112.0,-0.16,-0.16,-11.48,-10.7
4618,001256,炜冈科技,24.26,-0.98,-0.24,18778.0,45498921.21,1.84,24.51,24.06,24.5,24.5,0.68,1.76,31.99,2.86,3459780657.0,2593698657.0,-0.04,0.04,12.37,8.59
4619,688071,华依科技,32.5,-0.98,-0.32,15502.0,50286186.0,3.02,32.95,31.96,32.78,32.82,1.02,1.83,-44.7,2.72,2755666030.0,2755666030.0,0.06,-0.06,-5.52,-2.02
4620,600143,金发科技,17.12,-0.98,-0.17,540712.0,926127964.0,2.02,17.36,17.01,17.3,17.29,1.34,2.05,36.96,2.29,45108221599.0,45108221599.0,-0.06,0.06,-13.05,-12.38
4621,300512,中亚股份,9.05,-0.98,-0.09,45182.0,41099095.5,1.53,9.17,9.03,9.16,9.14,1.47,1.39,60.95,2.27,3703598244.0,2931360169.0,0.11,-0.11,-4.54,-4.94
4622,688096,京源环保,8.09,-0.98,-0.08,52047.0,41939198.0,3.43,8.24,7.96,8.11,8.17,0.7,2.2,-28.56,2.24,1909601566.0,1909601566.0,0.25,0.37,-13.75,2.41
4623,603229,奥翔药业,9.97,-0.99,-0.1,66919.0,66869802.0,1.59,10.12,9.96,10.08,10.07,0.58,0.81,29.99,3.53,8278062536.0,8278062536.0,0.0,-0.1,-1.29,0.5
4624,603232,格尔软件,19.91,-0.99,-0.2,74900.0,148922126.0,1.44,20.0,19.71,19.99,20.11,0.68,3.24,-53.44,3.46,4660576502.0,4605182900.0,0.05,0.1,-20.71,-13.25
4625,301479,弘景光电,107.8,-0.99,-1.08,54922.0,588507708.63,5.57,110.08,104.01,106.01,108.88,1.35,10.78,93.98,7.33,9590462897.0,5490170239.0,0.0,0.02,16.74,23.88
4626,603899,晨光股份,25.12,-0.99,-0.25,34084.0,85749652.0,1.3,25.38,25.05,25.35,25.37,1.34,0.37,17.65,2.49,23134775870.0,23134775870.0,-0.08,0.0,-10.16,-7.17
4627,000926,福星股份,2.01,-0.99,-0.02,187817.0,37674515.2,1.97,2.03,1.99,2.03,2.03,0.62,1.19,-2.77,0.37,3201859196.0,3162150381.0,0.0,0.0,-11.84,-10.67
4628,600185,珠免集团,5.92,-1.0,-0.06,235576.0,139294034.0,2.84,6.01,5.84,5.92,5.98,0.94,1.25,-10.84,105.65,11159234306.0,11159234306.0,-0.17,0.0,-6.62,-13.07
4629,000792,盐湖股份,37.51,-1.0,-0.38,772610.0,2894684997.24,2.08,37.99,37.2,37.9,37.89,0.71,1.46,16.88,4.29,198486886013.0,198485116666.0,-0.05,-0.03,11.57,33.2
4630,301040,中环海陆,33.62,-1.0,-0.34,50894.0,169979664.48,2.97,34.02,33.01,33.85,33.96,0.55,5.39,-38.13,4.6,3362035167.0,3172522387.0,-0.09,-0.12,7.28,18.42
4631,688098,申联生物,8.9,-1.0,-0.09,31300.0,27813174.0,2.34,9.04,8.83,9.04,8.99,0.43,0.76,-191.44,2.61,3654731600.0,3654731600.0,0.11,0.11,-6.71,0.23
4632,600233,圆通速递,20.83,-1.0,-0.21,226691.0,472249265.0,2.0,21.1,20.68,20.81,21.04,0.79,0.66,18.59,2.14,71294991768.0,71294991768.0,0.39,0.1,22.17,26.86
4633,600428,中远海特,8.95,-1.0,-0.09,265535.0,238733807.0,3.32,9.2,8.9,9.04,9.04,0.79,1.09,13.8,1.46,24558087535.0,21885305968.0,-0.11,-0.33,19.02,26.06
4634,300852,四会富仕,43.63,-1.0,-0.44,44985.0,197261110.41,2.54,44.43,43.31,44.16,44.07,0.95,2.9,54.66,3.11,7003538429.0,6760743849.0,0.07,0.05,10.68,14.27
4635,605298,必得科技,54.2,-1.0,-0.55,53563.0,289552928.0,6.45,56.5,52.97,54.88,54.75,2.26,2.88,179.31,9.58,10181470000.0,10094804200.0,0.0,0.09,18.7,35.6
4636,002905,金逸影视,9.95,-1.0,-0.1,79336.0,78719788.0,1.39,9.99,9.85,9.95,10.05,0.84,2.27,126.83,44.17,3744384000.0,3476928000.0,0.0,-0.1,-10.92,-11.95
4637,000919,金陵药业,7.88,-1.01,-0.08,554604.0,435787558.2,3.02,8.0,7.76,7.97,7.96,0.57,8.92,90.9,1.3,4900765281.0,4899521817.0,-0.51,-0.51,1.81,-0.88
4638,600502,安徽建工,5.89,-1.01,-0.06,437840.0,257882861.0,2.02,5.94,5.82,5.91,5.95,0.68,2.55,6.63,0.84,10110384895.0,10110384895.0,-0.17,-0.17,28.6,28.32
4639,600835,上海机电,22.65,-1.01,-0.23,85816.0,194147248.0,2.14,22.97,22.48,22.88,22.88,0.9,1.06,29.23,1.65,23165045326.0,18267322395.0,0.0,0.09,-25.1,-24.53
4640,600216,浙江医药,14.75,-1.01,-0.15,217950.0,320200413.0,2.01,14.9,14.6,14.9,14.9,0.69,2.29,16.24,1.3,14184156813.0,14032994756.0,-0.07,0.0,5.21,6.42
4641,688216,气派科技,29.03,-1.02,-0.3,16692.0,48864425.0,2.28,29.7,29.03,29.17,29.33,0.76,1.57,-44.2,5.33,3332057739.0,3089745955.0,-0.07,-0.24,17.34,30.3
4642,600651,飞乐音响,6.78,-1.02,-0.07,206828.0,141250782.0,2.48,6.94,6.77,6.82,6.85,1.18,0.82,308.88,6.75,16997649942.0,16997649942.0,-0.15,-0.29,-25.66,-7.0
4643,300502,新易盛,583.0,-1.02,-6.0,342506.0,20041119488.54,3.39,596.96,577.0,589.0,589.0,0.83,3.87,68.69,39.9,579507428896.0,516199353956.0,-0.1,0.05,45.75,35.3
4644,301335,天元宠物,26.32,-1.02,-0.27,25565.0,67371307.7,3.08,26.95,26.13,26.95,26.59,0.97,5.05,56.77,1.74,3340081696.0,1332417205.0,0.08,0.23,-16.18,-8.74
4645,600568,ST中珠,2.92,-1.02,-0.03,117979.0,34557457.0,2.71,2.99,2.91,2.95,2.95,0.6,0.71,-129.18,3.39,5819179469.0,4873676455.0,0.0,0.0,14.96,16.33
4646,603124,江南新材,122.75,-1.02,-1.27,23483.0,284655532.0,4.54,124.65,119.02,124.52,124.02,1.24,3.03,81.2,9.96,17890223177.0,9526481428.0,0.01,0.15,36.85,55.64
4647,000573,粤宏远Ａ,4.8,-1.03,-0.05,321454.0,154912090.0,3.71,4.93,4.75,4.89,4.85,0.79,5.08,44.65,1.92,3063746899.0,3038231131.0,0.21,0.21,16.22,16.22
4648,300898,熊猫乳品,24.07,-1.03,-0.25,46228.0,110906236.72,1.64,24.26,23.86,24.26,24.32,1.01,4.03,27.63,2.93,2984680000.0,2761554133.0,0.04,-0.04,-14.68,-10.62
4649,002550,千红制药,7.7,-1.03,-0.08,140972.0,108794368.96,1.16,7.78,7.69,7.78,7.78,0.48,1.5,19.29,3.58,9854460000.0,7247549386.0,-0.13,0.0,-5.75,-2.04
4650,301222,浙江恒威,38.58,-1.03,-0.4,42044.0,163636041.28,4.9,40.13,38.22,38.91,38.98,0.91,5.27,47.36,2.7,3867320928.0,3079519257.0,-0.16,-0.21,28.26,35.27
4651,002301,齐心集团,6.71,-1.03,-0.07,98305.0,65794326.0,2.8,6.79,6.6,6.69,6.78,1.15,1.37,25.85,1.54,4839976230.0,4817714396.0,0.0,0.0,-18.27,-12.63
4652,688336,三生国健,84.88,-1.03,-0.88,82887.0,704874679.0,4.12,87.29,83.76,85.75,85.76,0.72,1.34,18.1,6.21,52463182375.0,52352778110.0,-0.05,-0.01,47.85,42.49
4653,688449,联芸科技,48.12,-1.03,-0.5,73118.0,352315293.0,1.77,48.62,47.76,48.05,48.62,0.8,2.49,155.71,11.62,22135200000.0,14108982976.0,0.1,0.02,-6.53,6.51
4654,301139,元道通信,18.04,-1.04,-0.19,49710.0,89546935.16,2.52,18.37,17.91,18.24,18.23,0.59,6.53,93.3,1.12,2193317632.0,1374055350.0,-0.11,0.0,-12.55,-1.74
4655,002677,浙江美大,7.62,-1.04,-0.08,50434.0,38564484.0,1.95,7.75,7.6,7.71,7.7,0.84,0.94,206.33,3.33,4922913550.0,4075714879.0,0.0,0.0,-20.13,-8.74
4656,688321,微芯生物,30.58,-1.04,-0.32,86473.0,265118795.0,2.62,31.23,30.42,30.85,30.9,0.83,2.12,265.8,8.3,13545144556.0,12470773258.0,-0.03,0.03,-13.25,4.65
4657,300730,科创信息,14.26,-1.04,-0.15,70480.0,100860058.4,1.87,14.46,14.19,14.4,14.41,0.62,3.65,-43.83,13.72,3438641384.0,2756730067.0,-0.07,-0.14,-0.83,6.58
4658,603206,嘉环科技,17.14,-1.04,-0.18,73027.0,126092423.0,2.25,17.51,17.12,17.32,17.32,0.81,2.39,70.89,2.31,5231127794.0,5231127794.0,-0.23,-0.23,-6.29,-0.87
4659,600563,法拉电子,126.0,-1.05,-1.34,61804.0,778026686.0,1.92,127.34,124.89,127.34,127.34,0.78,2.75,23.78,4.7,28350000000.0,28350000000.0,-0.15,-0.2,19.43,20.06
4660,603006,联明股份,13.16,-1.05,-0.14,23706.0,31134731.0,2.48,13.31,12.98,13.31,13.3,1.05,0.93,42.96,2.57,3345985930.0,3345985930.0,-0.23,-0.08,-1.64,0.3
4661,300538,同益股份,16.05,-1.05,-0.17,29626.0,47516601.58,1.97,16.25,15.93,16.25,16.22,0.51,2.45,298.79,3.03,2919793097.0,1941813230.0,-0.06,-0.06,-5.59,-0.19
4662,688161,威高骨科,30.11,-1.05,-0.32,22701.0,68658571.0,2.33,30.62,29.91,30.45,30.43,0.95,0.57,44.83,2.91,12044000000.0,12044000000.0,0.03,0.0,-1.34,7.84
4663,001380,华纬科技,19.82,-1.05,-0.21,22244.0,44106259.57,2.25,20.16,19.71,20.03,20.03,1.46,2.53,19.52,2.78,5368330403.0,1744224474.0,-0.05,0.1,-16.44,-13.37
4664,301638,南网数字,28.3,-1.05,-0.3,346802.0,975209756.05,2.34,28.46,27.79,28.03,28.6,0.77,14.76,142.88,8.08,89984101509.0,6649938500.0,0.04,0.0,30.29,50.45
4665,688017,绿的谐波,210.77,-1.05,-2.23,60970.0,1294017385.0,3.27,216.33,209.36,214.33,213.0,1.21,3.33,309.33,10.93,38640490446.0,38640490446.0,-0.01,-0.08,4.93,9.72
4666,688727,恒坤新材,50.16,-1.05,-0.53,26901.0,135445332.0,2.13,50.98,49.9,50.61,50.69,1.06,5.35,219.6,8.99,22537871136.0,2520197156.0,0.02,-0.12,-21.63,5.0
4667,301577,美信科技,62.92,-1.05,-0.67,10155.0,63660961.61,3.21,64.1,62.06,63.59,63.59,1.06,5.39,186.6,3.72,2833256140.0,1185485473.0,-0.06,0.03,2.86,11.44
4668,688248,南网科技,58.68,-1.06,-0.63,57950.0,340897870.0,3.66,60.27,58.1,59.54,59.31,0.88,1.03,78.74,10.16,33136596000.0,33136596000.0,0.0,-0.07,10.72,31.16
4669,301362,民爆光电,149.13,-1.06,-1.6,52389.0,791993268.58,12.03,162.93,144.8,153.44,150.73,1.22,17.66,77.97,6.26,15609437100.0,4424687100.0,-0.14,-0.19,231.92,258.57
4670,603698,航天工程,45.7,-1.06,-0.49,656964.0,3037321146.0,5.61,48.0,45.41,47.78,46.19,1.47,12.26,113.14,7.05,24494743000.0,24494743000.0,-0.02,-0.11,19.48,17.94
4671,601800,中国交建,7.42,-1.07,-0.08,348441.0,259350788.0,1.2,7.49,7.4,7.47,7.5,1.94,0.3,8.19,0.42,120757860150.0,87435284206.0,0.0,0.0,-10.92,-8.62
4672,000402,金 融 街,2.78,-1.07,-0.03,682671.0,186927649.47,3.2,2.79,2.7,2.79,2.81,0.48,2.28,-4.62,0.35,8309225141.0,8308494738.0,0.36,0.0,-1.07,1.09
4673,000793,*ST华闻,2.78,-1.07,-0.03,320222.0,89418404.33,3.2,2.85,2.76,2.8,2.81,0.42,1.63,-41.09,48.48,5552342370.0,5451603950.0,-0.36,0.0,4.91,0.0
4674,300175,ST朗源,6.48,-1.07,-0.07,54221.0,35178725.0,2.14,6.57,6.43,6.53,6.55,1.03,1.15,-203.78,6.05,3050784000.0,3050784000.0,0.15,0.31,3.35,14.89
4675,920092,汉鑫科技,32.45,-1.07,-0.35,20044.0,65672117.24,4.45,33.46,32.0,32.66,32.8,1.47,6.08,-51.76,5.7,2014486265.0,1069337408.0,0.12,0.09,-28.52,-13.33
4676,605378,野马电池,20.4,-1.07,-0.22,17352.0,35468639.0,1.07,20.55,20.33,20.5,20.62,0.82,0.66,73.16,4.27,5331466560.0,5331466560.0,-0.15,-0.24,-13.74,-9.25
4677,600196,复星医药,25.87,-1.07,-0.28,150972.0,391140915.0,1.26,26.12,25.79,26.08,26.15,0.78,0.71,20.5,1.42,69084006638.0,54805305903.0,-0.08,0.08,-7.01,-2.34
4678,300201,海伦哲,12.02,-1.07,-0.13,390381.0,470712728.45,3.29,12.3,11.9,12.16,12.15,0.92,3.89,70.52,6.44,12128704156.0,12063911644.0,-0.08,0.17,56.1,75.99
4679,002706,良信股份,11.09,-1.07,-0.12,949205.0,1047258808.05,4.37,11.28,10.79,11.22,11.21,1.6,10.38,46.96,2.93,12455456472.0,10140487397.0,0.09,0.0,-1.86,2.88
4680,688312,燕麦科技,63.15,-1.08,-0.69,81543.0,512993623.0,5.17,65.0,61.7,63.33,63.84,0.89,5.59,67.47,6.04,9205452290.0,9205452290.0,0.0,0.08,75.22,90.33
4681,688696,极米科技,91.21,-1.08,-1.0,7462.0,68007167.0,1.57,92.2,90.75,92.2,92.21,0.74,1.07,44.52,2.11,6386524200.0,6386524200.0,0.07,0.08,-18.56,-18.18
4682,002868,*ST绿康,40.16,-1.08,-0.44,8547.0,34340316.0,1.43,40.58,40.0,40.55,40.6,0.78,0.8,255.41,89.78,6241500014.0,4297220561.0,0.0,0.17,8.16,19.13
4683,600050,中国联通,4.59,-1.08,-0.05,1483184.0,683532451.0,1.08,4.64,4.59,4.63,4.64,1.11,0.48,15.72,0.85,143503712251.0,142245978008.0,0.0,-0.22,-12.4,-10.18
4684,002110,三钢闽光,3.67,-1.08,-0.04,257738.0,94847547.5,2.43,3.73,3.64,3.7,3.71,1.3,1.06,36.36,0.45,8914709753.0,8914709753.0,0.0,0.0,-13.44,-16.4
4685,002440,闰土股份,11.77,-1.09,-0.13,191666.0,225407452.49,2.69,11.87,11.55,11.8,11.9,0.67,2.03,44.09,1.39,13229478882.0,11138641534.0,-0.08,0.09,52.86,57.56
4686,600965,福成股份,5.43,-1.09,-0.06,90132.0,48886667.0,2.19,5.51,5.39,5.48,5.49,1.22,1.1,61.99,2.04,4445546186.0,4445546186.0,0.0,0.0,-11.42,-8.74
4687,001283,豪鹏科技,71.58,-1.09,-0.79,44387.0,317662621.0,1.92,72.4,71.01,72.4,72.37,0.73,5.57,35.23,2.04,7153924736.0,5707697363.0,0.06,0.04,-1.92,2.26
4688,920015,锦华新材,42.6,-1.09,-0.47,24874.0,106936916.29,6.11,44.26,41.63,42.28,43.07,1.49,6.22,29.66,3.44,5775140014.0,1704529944.0,0.02,-0.09,-24.47,-10.69
4689,688513,苑东生物,66.13,-1.09,-0.73,28879.0,191754157.0,5.07,68.45,65.06,65.98,66.86,0.73,1.64,41.21,3.98,11674078089.0,11674078089.0,-0.05,0.36,11.07,7.44
4690,300831,派瑞股份,17.11,-1.1,-0.19,132207.0,224618477.0,2.89,17.29,16.79,17.09,17.3,1.0,7.17,738.62,5.96,5475200000.0,3156525346.0,0.0,-0.06,41.52,55.26
4691,600187,国中水务,1.79,-1.1,-0.02,367375.0,65980792.0,2.76,1.82,1.77,1.8,1.81,1.25,2.28,-134.23,0.91,2888668174.0,2888668174.0,-0.56,-0.56,-28.97,-28.11
4692,301580,爱迪特,77.9,-1.1,-0.87,53967.0,418293657.14,4.49,79.77,76.23,79.3,78.77,0.91,7.49,43.99,3.98,8301377432.0,5610123677.0,0.0,-0.05,58.3,76.24
4693,600624,ST复华,4.5,-1.1,-0.05,37163.0,16780248.0,1.1,4.55,4.5,4.54,4.55,0.97,0.55,-127.26,4.91,3057061239.0,3057061239.0,0.0,-0.22,-13.96,-14.93
4694,688121,卓然股份,10.7,-1.11,-0.12,38401.0,40987372.0,2.87,10.82,10.51,10.82,10.82,1.65,1.89,34.22,0.99,2499669832.0,2168533337.0,-0.09,0.38,-4.46,-2.01
4695,603583,捷昌驱动,33.05,-1.11,-0.37,40847.0,135934515.0,1.74,33.57,32.99,33.33,33.42,1.34,1.07,25.16,2.71,12749730063.0,12633261863.0,-0.06,0.0,-12.33,-13.19
4696,002778,中晟高科,20.58,-1.11,-0.23,24701.0,51192416.4,1.92,20.97,20.57,20.92,20.81,0.67,2.0,30.56,8.13,2567422914.0,2540163469.0,-0.05,-0.05,-3.7,-2.65
4697,603334,丰倍生物,53.4,-1.11,-0.6,12246.0,65683685.0,2.37,54.3,53.02,53.99,54.0,0.68,3.94,54.52,4.51,7662900000.0,1658263735.0,-0.02,0.0,0.53,27.75
4698,300702,天宇股份,22.28,-1.11,-0.25,24806.0,55413555.6,1.33,22.52,22.22,22.44,22.53,0.83,1.17,26.32,2.08,7752931103.0,4704744681.0,-0.13,-0.04,-13.84,-5.59
4699,002468,申通快递,16.99,-1.11,-0.19,429076.0,733692260.45,3.78,17.55,16.9,17.17,17.18,0.77,2.92,19.0,2.38,26008328800.0,24927727422.0,0.0,0.18,23.74,26.6
4700,002517,恺英网络,17.77,-1.11,-0.2,559303.0,995021073.66,1.56,17.96,17.68,17.87,17.97,0.6,2.96,17.98,3.72,37964596268.0,33569070179.0,0.0,-0.06,-35.41,-18.75
4701,688612,威迈斯,30.89,-1.12,-0.35,56598.0,174958743.0,2.98,31.47,30.54,31.41,31.24,1.15,2.24,24.69,3.45,12948720347.0,7801350772.0,-0.29,-0.26,-9.65,-6.31
4702,001234,泰慕士,27.48,-1.12,-0.31,19285.0,52894935.0,2.09,27.79,27.21,27.79,27.79,0.52,2.11,63.83,3.23,3006688476.0,2514021540.0,-0.18,-0.04,-2.79,1.33
4703,003020,立方制药,23.93,-1.12,-0.27,15934.0,38249109.36,1.57,24.26,23.88,24.2,24.2,0.88,1.16,28.22,2.53,4551059615.0,3295747835.0,0.04,0.04,-12.66,-7.53
4704,688401,路维光电,56.45,-1.12,-0.64,40739.0,230567265.0,2.73,57.62,56.06,57.62,57.09,0.99,2.11,43.31,6.8,10914533833.0,10914533833.0,-0.02,-0.09,-8.15,15.65
4705,920522,纳科诺尔,59.4,-1.12,-0.67,89275.0,541567062.56,9.82,63.8,57.9,60.08,60.07,1.93,6.87,141.25,8.65,9310992768.0,7723027620.0,0.0,0.34,-21.17,-2.77
4706,603300,海南华铁,7.09,-1.12,-0.08,647929.0,460905821.0,2.23,7.22,7.06,7.15,7.17,0.97,3.25,20.02,2.17,14141531369.0,14141531369.0,-0.14,-0.14,-9.1,-9.68
4707,301325,曼恩斯特,45.88,-1.12,-0.52,15737.0,72475872.05,1.62,46.48,45.73,46.41,46.4,0.87,2.72,-139.61,2.33,6601795241.0,2656208836.0,-0.04,-0.13,-16.2,-9.24
4708,002092,中泰化学,6.2,-1.12,-0.07,524059.0,323831326.49,2.71,6.3,6.13,6.28,6.27,0.8,2.03,-55.61,0.75,16058121005.0,15968382050.0,-0.16,0.0,9.73,24.5
4709,601225,陕西煤业,24.52,-1.13,-0.28,416738.0,1021577708.0,3.43,25.07,24.22,24.76,24.8,1.47,0.43,14.37,2.46,237721400000.0,237721400000.0,0.08,0.16,10.35,15.01
4710,301595,太力科技,48.98,-1.13,-0.56,15826.0,77751979.0,2.34,49.78,48.62,49.53,49.54,0.71,6.5,86.31,5.89,5303554400.0,1193299740.0,0.1,0.14,1.09,-0.14
4711,300358,楚天科技,10.47,-1.13,-0.12,124339.0,129900952.2,1.98,10.59,10.38,10.51,10.59,0.64,1.77,66.48,1.42,7487019313.0,7342614895.0,0.0,0.0,-9.74,6.95
4712,300917,特发服务,33.24,-1.13,-0.38,49643.0,164226426.53,2.02,33.34,32.66,33.02,33.62,0.76,2.94,45.35,4.7,5617560000.0,5617560000.0,-0.03,-0.06,-19.81,-14.99
4713,688373,盟科药业-U,6.14,-1.13,-0.07,114200.0,70683357.0,3.38,6.33,6.12,6.26,6.21,0.89,1.89,-16.68,19.6,4029242253.0,3718616675.0,-0.16,-0.16,-5.97,1.66
4714,920149,旭杰科技,10.54,-1.13,-0.12,10512.0,11316422.54,3.47,10.91,10.54,10.66,10.66,1.47,1.66,-20.21,6.76,806132717.0,666834212.0,-0.57,-0.85,-15.34,-8.9
4715,002870,香山股份,37.73,-1.13,-0.43,24742.0,93266917.0,1.99,38.29,37.53,38.05,38.16,1.0,1.92,52.49,3.0,4983213746.0,4865720413.0,0.0,-0.16,0.27,-4.04
4716,300685,艾德生物,22.68,-1.13,-0.26,93464.0,212270027.06,1.87,22.94,22.51,22.72,22.94,0.79,2.4,24.58,4.32,8880039746.0,8835483843.0,0.04,0.22,1.7,10.85
4717,002213,大为股份,37.3,-1.14,-0.43,356266.0,1321982518.46,3.82,38.0,36.56,37.25,37.73,0.82,17.25,-567.04,16.27,8858187516.0,7704579233.0,-0.16,-0.16,27.35,43.57
4718,600251,冠农股份,11.29,-1.14,-0.13,162596.0,182528377.0,2.63,11.4,11.1,11.4,11.42,1.55,2.09,25.18,2.33,8772257552.0,8772257552.0,0.0,0.0,11.78,22.32
4719,688559,海目星,58.88,-1.14,-0.68,78489.0,461774332.0,3.98,59.99,57.62,59.11,59.56,1.18,3.17,-16.65,6.06,14588052511.0,14588052511.0,-0.08,0.02,-5.19,22.51
4720,688386,泛亚微透,78.59,-1.14,-0.91,14508.0,114656234.0,2.78,80.4,78.19,80.4,79.5,0.95,1.59,69.25,8.52,7828268009.0,7151690000.0,-0.15,0.27,-12.14,-10.29
4721,603992,松霖科技,33.75,-1.14,-0.39,60521.0,207355945.0,4.22,35.06,33.62,34.14,34.14,1.14,1.37,72.79,4.4,14952661425.0,14952661425.0,0.09,0.12,-24.67,-17.52
4722,600622,光大嘉宝,2.58,-1.15,-0.03,171000.0,44067704.0,2.3,2.62,2.56,2.6,2.61,0.7,1.14,-5.24,1.32,3869188337.0,3869188337.0,-0.39,-0.39,-11.03,-9.79
4723,002170,芭田股份,13.76,-1.15,-0.16,265012.0,366055745.7,1.72,13.94,13.7,13.91,13.92,0.77,3.37,14.65,3.55,13352039488.0,10830902264.0,-0.15,-0.07,10.08,12.97
4724,600248,陕建股份,3.43,-1.15,-0.04,101136.0,34829888.0,1.15,3.47,3.43,3.46,3.47,0.89,0.27,8.58,0.44,12827292031.0,12710685751.0,0.0,-0.29,-4.46,-2.83
4725,688123,聚辰股份,119.83,-1.15,-1.39,89480.0,1080579706.0,2.93,122.66,119.11,120.77,121.22,0.72,5.65,52.16,7.23,18965619203.0,18965619203.0,0.0,-0.06,-15.86,-4.58
4726,300395,菲利华,110.91,-1.15,-1.29,336118.0,3754645652.42,4.15,114.66,110.0,111.8,112.2,0.88,6.57,130.18,12.73,57924707612.0,56744831061.0,0.0,0.08,13.81,10.58
4727,600449,宁夏建材,12.75,-1.16,-0.15,44956.0,57175912.0,1.63,12.87,12.66,12.81,12.9,0.96,0.94,33.48,0.83,6096808286.0,6096808286.0,0.08,0.08,-0.55,3.16
4728,601019,山东出版,7.68,-1.16,-0.09,212244.0,163019000.0,1.29,7.75,7.65,7.74,7.77,0.78,1.02,13.65,1.04,16027392000.0,16027392000.0,0.0,0.0,-15.51,-11.11
4729,605555,德昌股份,16.18,-1.16,-0.19,34006.0,55133488.0,1.41,16.36,16.13,16.36,16.37,0.48,0.7,36.27,2.59,7832237067.0,7832237067.0,0.0,-0.06,-11.29,-11.58
4730,688170,德龙激光,60.24,-1.16,-0.71,93713.0,568692971.0,3.69,62.07,59.82,61.11,60.95,1.2,9.07,247.15,4.95,6226406400.0,6226406400.0,-0.05,0.05,64.32,91.48
4731,301106,骏成科技,29.83,-1.16,-0.35,14123.0,42275035.71,1.99,30.19,29.59,30.0,30.18,0.73,1.38,28.99,2.37,3046085528.0,3046085528.0,0.1,0.07,-5.45,0.2
4732,600984,建设机械,4.26,-1.16,-0.05,273675.0,115768565.0,3.48,4.32,4.17,4.31,4.31,1.05,2.18,-2.54,1.69,5355007121.0,5355007121.0,0.0,0.0,5.45,4.16
4733,300569,天能重工,6.83,-1.16,-0.08,531330.0,360597773.7,3.76,6.98,6.72,6.95,6.91,1.34,5.21,62.32,1.35,6985165702.0,6964141412.0,0.0,0.29,13.46,18.99
4734,601898,中煤能源,16.19,-1.16,-0.19,333624.0,539929740.0,3.72,16.61,16.0,16.38,16.38,0.87,0.36,12.0,1.34,214657760446.0,148170886476.0,0.06,0.12,22.65,30.14
4735,600380,健康元,10.96,-1.17,-0.13,135993.0,149619615.0,1.08,11.08,10.96,11.06,11.09,0.94,0.74,15.01,1.32,20050809111.0,20050809111.0,-0.18,-0.09,-8.21,-5.11
4736,688551,科威尔,46.48,-1.17,-0.55,22542.0,105471377.0,2.87,47.5,46.15,47.3,47.03,0.83,2.68,60.21,2.93,3907606554.0,3907606554.0,-0.06,-0.06,14.99,26.55
4737,603399,永杉锂业,12.7,-1.17,-0.15,383599.0,489849718.0,4.59,13.2,12.61,12.85,12.85,0.6,7.49,-29.89,3.92,6506091242.0,6506091242.0,-0.47,-0.39,11.7,22.23
4738,600712,南宁百货,5.9,-1.17,-0.07,63555.0,37430068.0,1.51,5.95,5.86,5.91,5.97,0.84,1.18,-77.72,4.25,3213466624.0,3178025389.0,-0.17,0.0,-13.11,-13.49
4739,301080,百普赛斯,47.5,-1.17,-0.56,35635.0,170141213.34,2.85,48.7,47.33,47.89,48.06,0.67,2.83,42.92,2.94,7940940513.0,5984921340.0,0.0,-0.15,-21.49,-12.04
4740,688350,富淼科技,28.74,-1.17,-0.34,22741.0,65631059.0,3.03,29.45,28.57,29.08,29.08,0.89,1.59,270.66,2.54,4116850609.0,4116850609.0,0.14,0.0,1.99,11.7
4741,603683,晶华新材,28.66,-1.17,-0.34,149024.0,427782245.0,2.93,29.16,28.31,28.9,29.0,0.96,5.17,93.42,5.05,8344928102.0,8258937784.0,0.03,0.17,3.47,12.04
4742,600741,华域汽车,20.19,-1.17,-0.24,148834.0,300773848.0,1.52,20.4,20.09,20.34,20.43,0.92,0.47,8.83,0.95,63653497237.0,63653497237.0,0.0,0.0,0.85,0.95
4743,600249,两面针,5.92,-1.17,-0.07,174007.0,103056933.0,1.67,5.99,5.89,5.98,5.99,0.73,3.16,330.69,1.5,3256000000.0,3256000000.0,-0.17,-0.17,0.85,2.96
4744,301391,卡莱特,79.26,-1.17,-0.94,16161.0,128498994.0,2.73,80.99,78.8,80.23,80.2,0.69,1.74,421.99,3.63,7530873920.0,7358151241.0,-0.18,-0.1,-3.65,-6.59
4745,002091,江苏国泰,9.26,-1.17,-0.11,169062.0,157005020.47,1.71,9.38,9.22,9.37,9.37,0.79,1.06,11.65,0.92,15072645252.0,14799245289.0,-0.11,-0.11,0.54,2.55
4746,300846,首都在线,30.44,-1.17,-0.36,366789.0,1119945636.11,3.15,31.13,30.16,30.83,30.8,0.79,9.36,-90.03,19.48,15308154727.0,11932685440.0,-0.03,0.0,26.36,33.33
4747,920970,大禹生物,7.56,-1.18,-0.09,58939.0,45464389.58,4.44,7.9,7.56,7.68,7.65,0.68,8.41,-29.1,3.16,837654048.0,529739028.0,-0.4,-0.53,-7.35,-1.69
4748,688022,瀚川智能,16.72,-1.18,-0.2,42729.0,71661350.0,2.19,16.97,16.6,16.8,16.92,0.87,2.43,83.09,4.31,2940685577.0,2940685577.0,-0.06,0.54,2.39,9.28
4749,301159,三维天地,41.19,-1.18,-0.49,18957.0,78368558.66,3.02,41.85,40.59,41.3,41.68,1.28,3.58,-31.77,5.46,3186046500.0,2183686820.0,-0.02,0.05,-22.73,12.02
4750,603958,哈森股份,25.13,-1.18,-0.3,94144.0,237776154.0,3.42,25.87,25.0,25.04,25.43,0.59,4.29,-223.79,8.01,5512516800.0,5512516800.0,-0.16,-0.16,91.1,88.95
4751,688779,五矿新能,10.92,-1.18,-0.13,249195.0,272794479.0,1.99,11.08,10.86,11.0,11.05,0.79,1.29,92.38,2.9,21067078032.0,21067078032.0,-0.09,0.09,25.09,45.79
4752,603001,奥康国际,9.19,-1.18,-0.11,56764.0,52272208.0,2.47,9.37,9.14,9.31,9.3,0.8,1.42,-13.2,1.55,3685006200.0,3685006200.0,0.22,0.33,5.27,2.68
4753,000813,德展健康,3.34,-1.18,-0.04,206798.0,69124106.87,1.48,3.37,3.32,3.37,3.38,0.66,0.99,-86.08,1.41,7004332504.0,7003180204.0,-0.3,0.0,-17.73,-13.02
4754,002534,西子洁能,18.41,-1.18,-0.22,124405.0,229039493.44,2.25,18.68,18.26,18.45,18.63,0.85,1.51,35.25,2.74,15389566609.0,15194928172.0,-0.05,0.11,4.07,9.78
4755,300077,国民技术,21.71,-1.18,-0.26,249190.0,543149579.57,2.09,22.03,21.57,21.89,21.97,0.6,4.4,-127.55,13.76,14722130657.0,12294978709.0,0.09,0.05,-5.98,7.37
4756,300119,瑞普生物,18.47,-1.18,-0.22,37532.0,69315048.92,2.09,18.69,18.3,18.69,18.69,0.65,1.12,21.43,1.83,8584019420.0,6162025491.0,-0.05,0.05,-7.51,-1.6
4757,300207,欣旺达,29.04,-1.19,-0.35,734450.0,2132520204.14,2.31,29.49,28.81,29.28,29.39,0.51,4.29,28.63,2.15,53650309432.0,49769832433.0,0.0,0.07,16.44,11.05
4758,002240,盛新锂能,49.7,-1.19,-0.6,491895.0,2448638884.66,3.56,50.83,49.04,50.13,50.3,0.62,5.39,-51.22,4.44,45490105438.0,45371563483.0,-0.04,0.12,41.68,44.35
4759,301292,海科新源,91.5,-1.19,-1.1,163895.0,1495960746.34,3.75,93.27,89.8,91.01,92.6,0.58,19.27,-119.43,7.53,20385813687.0,7783781201.0,0.07,0.12,55.53,42.06
4760,002822,ST中装,3.32,-1.19,-0.04,99836.0,33210046.78,2.38,3.38,3.3,3.37,3.36,0.57,0.93,-9.59,2.31,6474000000.0,3548902357.0,-0.3,-0.3,-12.4,-15.31
4761,300969,恒帅股份,130.9,-1.19,-1.57,19353.0,256490655.35,3.28,134.94,130.6,133.15,132.47,0.85,3.82,85.2,10.61,14661471648.0,6635005400.0,0.0,-0.08,-7.16,5.82
4762,600031,三一重工,19.92,-1.19,-0.24,712122.0,1412403374.0,2.03,20.12,19.71,20.08,20.16,1.03,0.84,21.78,2.07,183164488385.0,168809849537.0,0.0,0.0,-10.47,-5.73
4763,603556,海兴电力,34.15,-1.19,-0.41,72777.0,249190449.0,3.39,34.85,33.68,34.33,34.56,1.43,1.5,22.78,2.25,16605921406.0,16605921406.0,0.0,-0.03,-9.63,-6.18
4764,600211,西藏药业,41.39,-1.19,-0.5,24322.0,100821172.0,1.1,41.82,41.36,41.81,41.89,0.9,0.75,14.22,3.51,13340791522.0,13340791522.0,-0.14,0.0,-6.38,-2.73
4765,688435,英方软件,41.9,-1.2,-0.51,24054.0,101647679.0,2.69,42.94,41.8,42.41,42.41,1.16,4.29,-250.44,3.19,3498650000.0,2348417485.0,-0.07,-0.07,-20.88,-10.41
4766,688367,工大高科,38.83,-1.2,-0.47,40017.0,158595848.0,6.13,40.9,38.49,39.4,39.3,1.22,4.57,337.47,5.72,3402463218.0,3402463218.0,0.1,0.65,23.62,25.42
4767,300142,沃森生物,12.31,-1.2,-0.15,330986.0,408017300.41,1.69,12.42,12.21,12.4,12.46,0.9,2.12,110.77,2.28,19687980540.0,19209789727.0,-0.08,0.08,-1.76,13.14
4768,600959,江苏有线,4.1,-1.2,-0.05,780182.0,320365629.0,2.17,4.17,4.08,4.15,4.15,0.57,1.56,79.35,0.9,20502942513.0,20502942513.0,0.0,-0.24,7.61,19.19
4769,301067,显盈科技,33.82,-1.2,-0.41,14674.0,49932611.6,2.25,34.5,33.73,34.23,34.23,0.89,2.3,-2234.37,3.97,3288521520.0,2158693398.0,0.0,0.0,-4.27,3.24
4770,688251,井松智能,35.17,-1.21,-0.43,28898.0,103012969.0,2.75,36.15,35.17,35.65,35.6,0.89,2.89,107.11,4.12,3538188694.0,3513598709.0,-0.11,0.0,30.26,19.63
4771,601668,中国建筑,4.88,-1.21,-0.06,3258127.0,1592000611.0,1.42,4.93,4.86,4.92,4.94,1.93,0.79,5.16,0.42,201643505367.0,201643505367.0,0.21,0.0,-4.5,-4.87
4772,301223,中荣股份,19.67,-1.21,-0.24,33254.0,65724952.0,3.16,20.11,19.48,20.01,19.91,2.44,2.97,22.22,1.26,3798819105.0,2203336230.0,-0.15,-0.15,3.42,7.08
4773,300889,爱克股份,25.99,-1.22,-0.32,47122.0,123003209.46,2.55,26.5,25.83,26.33,26.31,1.04,3.22,-74.11,4.02,5723701809.0,3804077784.0,0.0,0.0,16.29,25.56
4774,688578,艾力斯,96.39,-1.22,-1.19,49884.0,485649631.0,2.68,98.79,96.17,98.0,97.58,0.99,1.11,19.89,6.13,43375500000.0,43375500000.0,-0.03,-0.03,-3.4,-7.45
4775,600801,华新建材,22.73,-1.22,-0.28,86399.0,197117561.0,2.26,23.16,22.64,22.91,23.01,0.73,0.64,16.56,1.47,47255571102.0,30496787562.0,-0.13,-0.04,-4.9,-7.38
4776,688195,腾景科技,353.62,-1.22,-4.38,102953.0,3771386644.0,9.62,384.48,350.05,355.49,358.0,1.3,7.96,647.94,46.29,45740747000.0,45740747000.0,-0.01,0.01,86.31,108.56
4777,600629,华建集团,21.07,-1.22,-0.26,203266.0,429337809.0,3.19,21.48,20.8,21.2,21.33,0.92,2.13,285.44,3.88,20445035545.0,20082176244.0,-0.09,-0.09,-9.88,-2.9
4778,688027,国盾量子,594.08,-1.23,-7.38,26891.0,1594737288.0,2.6,602.66,587.0,598.88,601.46,0.86,3.35,-803.47,18.94,61107663474.0,47748805730.0,0.0,0.22,-3.87,17.92
4779,688255,凯尔达,29.78,-1.23,-0.37,28712.0,85484842.0,2.26,30.16,29.48,30.15,30.15,1.37,2.61,123.99,3.1,3271597149.0,3271597149.0,0.24,0.2,-23.23,-18.7
4780,600201,生物股份,14.5,-1.23,-0.18,202510.0,296445947.0,3.41,14.91,14.41,14.68,14.68,0.93,1.82,74.95,2.95,16120343477.0,16120343477.0,-0.14,-0.07,-14.76,-3.78
4781,300318,博晖创新,5.63,-1.23,-0.07,79279.0,44663498.21,1.93,5.72,5.61,5.71,5.7,0.74,0.99,-102.61,3.42,4599149787.0,4495777295.0,-0.18,-0.18,-15.21,-10.21
4782,603151,邦基科技,16.79,-1.24,-0.21,31988.0,53620141.0,4.59,17.37,16.59,16.72,17.0,1.47,1.87,177.68,2.08,2872980554.0,2872980554.0,0.36,0.3,-11.21,-6.83
4783,920060,万源通,34.1,-1.25,-0.43,99368.0,347558010.91,5.5,35.98,34.08,34.88,34.53,2.33,10.48,41.57,4.82,5184723008.0,3233507675.0,-0.12,-0.18,-0.32,5.31
4784,688101,三达膜,16.6,-1.25,-0.21,27091.0,45043172.0,2.26,16.9,16.52,16.9,16.81,1.9,0.82,14.57,1.24,5511400296.0,5511400296.0,-0.06,0.0,-7.21,0.97
4785,301178,天亿马,54.51,-1.25,-0.69,20834.0,114483954.47,3.08,56.0,54.3,55.19,55.2,0.85,4.21,486.56,4.69,3644146128.0,2696955402.0,-0.07,-0.07,-2.29,11.06
4786,300873,海晨股份,22.95,-1.25,-0.29,21980.0,50641122.78,2.45,23.42,22.85,23.24,23.24,0.9,1.32,19.41,1.68,5292310828.0,3828970771.0,0.0,-0.09,-3.53,4.46
4787,688278,特宝生物,63.79,-1.25,-0.81,21308.0,136489931.0,1.9,65.0,63.77,65.0,64.6,0.94,0.52,25.25,7.55,26038406929.0,26038406929.0,-0.33,-0.23,-16.26,-23.77
4788,300774,倍杰特,17.41,-1.25,-0.22,127437.0,221780343.56,3.23,17.74,17.17,17.56,17.63,1.2,6.54,84.62,4.79,7116575321.0,3392867346.0,0.12,0.06,-33.27,-8.37
4789,002032,苏 泊 尔,45.92,-1.25,-0.58,15686.0,72247947.75,1.61,46.6,45.85,46.45,46.5,0.88,0.2,17.55,5.86,36805598924.0,36790242128.0,-0.02,-0.07,3.47,4.17
4790,300835,龙磁科技,94.7,-1.25,-1.2,66493.0,621518446.18,6.02,96.87,91.1,96.0,95.9,1.47,8.0,67.02,9.22,11292742038.0,7873756214.0,0.0,0.62,41.17,44.4
4791,688600,皖仪科技,27.4,-1.26,-0.35,26390.0,72342107.0,4.58,28.33,27.06,28.33,27.75,0.82,1.96,64.77,4.34,3691012626.0,3691012626.0,-0.54,-0.47,-7.93,9.38
4792,300394,天孚通信,374.5,-1.26,-4.78,404531.0,15195412263.59,5.53,388.0,367.01,376.16,379.28,0.93,5.21,147.87,48.69,291142251180.0,290556718557.0,-0.15,-0.11,93.36,84.46
4793,688379,华光新材,54.83,-1.26,-0.7,43294.0,239306337.0,3.94,56.47,54.28,55.49,55.53,1.21,4.81,27.18,4.21,5207674500.0,4939389062.0,0.0,-0.09,0.16,-0.42
4794,600188,兖矿能源,18.76,-1.26,-0.24,487036.0,914307911.0,4.16,19.29,18.5,19.06,19.0,0.88,0.82,22.47,2.63,188303135005.0,111834963895.0,-0.27,-0.11,34.87,42.66
4795,300270,中威电子,11.8,-1.26,-0.15,255842.0,308398140.0,5.86,12.42,11.72,12.1,11.95,1.81,9.81,-61.86,6.34,3573111130.0,3078976926.0,0.0,0.08,-4.3,7.66
4796,000937,冀中能源,5.46,-1.27,-0.07,193457.0,105881569.46,1.45,5.53,5.45,5.51,5.53,1.41,0.56,35.54,1.01,19293165801.0,18746348859.0,0.0,0.0,1.3,1.49
4797,300014,亿纬锂能,68.96,-1.27,-0.89,606163.0,4182532615.05,1.93,69.85,68.5,69.81,69.85,0.8,2.9,35.9,3.4,148425139522.0,144231575792.0,-0.01,0.1,1.56,4.87
4798,300017,网宿科技,18.66,-1.27,-0.24,2138085.0,4016562862.27,3.02,19.09,18.52,18.8,18.9,0.78,9.28,57.4,4.42,45893332839.0,43015109047.0,-0.05,-0.16,56.54,82.05
4799,603256,宏和科技,103.96,-1.27,-1.34,314331.0,3290246612.0,6.5,108.86,102.02,103.0,105.3,0.94,3.57,167.65,33.93,94040806822.0,91456470900.0,-0.5,-0.12,173.51,182.42
4800,000819,岳阳兴长,15.53,-1.27,-0.2,85329.0,132927865.06,2.23,15.8,15.45,15.66,15.73,1.32,2.33,-110.2,2.77,5738404978.0,5676716712.0,0.0,0.19,-1.27,-4.31
4801,301219,腾远钴业,82.0,-1.28,-1.06,168017.0,1379976554.65,2.83,83.85,81.5,83.25,83.06,0.73,7.98,11.38,2.45,24166808924.0,17254133156.0,-0.1,-0.07,10.75,20.09
4802,002880,卫光生物,27.02,-1.28,-0.35,16635.0,45061940.2,1.46,27.34,26.94,27.34,27.37,0.85,0.73,29.11,2.64,6128136000.0,6128136000.0,-0.07,0.0,4.28,5.96
4803,603061,金海通,240.78,-1.28,-3.12,36630.0,887503775.0,4.9,248.8,236.86,245.0,243.9,1.14,4.21,63.48,8.46,20947860000.0,20947860000.0,-0.38,-0.29,73.42,149.33
4804,300098,高新兴,5.4,-1.28,-0.07,450624.0,244606105.19,2.19,5.5,5.38,5.49,5.47,1.25,2.92,-290.44,3.57,9384024285.0,8325413291.0,0.0,0.19,-24.48,-11.48
4805,000709,河钢股份,2.29,-1.29,-0.03,1006846.0,231654833.37,1.29,2.32,2.29,2.31,2.32,1.31,0.97,21.57,0.46,23672007301.0,23668094391.0,-0.43,0.0,-3.78,-0.87
4806,688484,南芯科技,36.78,-1.29,-0.48,57072.0,211074395.0,1.58,37.33,36.74,37.08,37.26,1.32,1.33,66.06,3.76,15729451393.0,15729451393.0,-0.3,0.05,-12.55,-9.54
4807,601133,柏诚股份,24.55,-1.29,-0.32,216776.0,531031212.0,4.34,25.2,24.12,24.85,24.87,0.71,4.13,73.12,4.43,12962852309.0,12873694565.0,0.0,0.12,43.07,59.42
4808,002368,太极股份,20.71,-1.29,-0.27,89334.0,185299501.12,2.57,21.07,20.53,20.86,20.98,0.97,1.44,2392.25,2.49,12907119933.0,12849099501.0,-0.05,0.0,-22.9,-15.43
4809,600768,宁波富邦,17.6,-1.29,-0.23,135400.0,236388446.0,3.31,17.81,17.22,17.74,17.83,1.12,10.12,40.18,5.48,2353950720.0,2353950720.0,0.0,-0.06,13.4,25.71
4810,600623,华谊集团,9.87,-1.3,-0.13,235670.0,233675156.0,3.0,10.1,9.8,10.1,10.0,1.16,1.26,37.77,0.94,20952344734.0,18516462815.0,-0.2,-0.2,20.51,28.02
4811,002416,爱施德,13.62,-1.3,-0.18,941167.0,1308985294.39,6.52,14.5,13.6,14.5,13.8,3.07,7.69,37.55,2.9,16879018198.0,16669576620.0,0.07,-0.07,0.74,8.27
4812,601567,三星电气,25.91,-1.3,-0.34,188123.0,486182002.0,1.79,26.12,25.65,26.12,26.25,0.81,1.34,17.87,2.93,36408975554.0,36408975554.0,-0.12,-0.08,4.69,12.55
4813,300608,思特奇,12.93,-1.3,-0.17,148790.0,191904697.5,2.29,13.13,12.83,13.13,13.1,0.54,5.17,-23.79,3.22,4282932903.0,3718369614.0,-0.15,0.0,3.27,16.8
4814,002317,众生药业,18.19,-1.3,-0.24,193462.0,351732177.74,1.63,18.34,18.04,18.31,18.43,0.65,2.54,46.27,3.84,15460235377.0,13853820615.0,-0.05,0.11,-14.96,-4.16
4815,603648,畅联股份,9.83,-1.31,-0.13,22822.0,22377962.0,2.51,9.99,9.74,9.98,9.96,1.35,0.63,28.92,1.91,3562517824.0,3562517824.0,0.1,0.1,-8.13,-9.82
4816,300951,博硕科技,36.72,-1.32,-0.49,20422.0,75552987.8,2.63,37.6,36.62,37.21,37.21,0.92,1.35,32.42,2.67,6220389922.0,5559200789.0,0.08,0.14,0.6,6.9
4817,688500,慧辰股份,51.58,-1.32,-0.69,18055.0,93582987.0,2.64,52.55,51.17,52.5,52.27,0.85,2.46,-97.57,5.31,3883804302.0,3781634638.0,0.1,0.14,-26.98,-16.48
4818,000688,国城矿业,44.8,-1.32,-0.6,221069.0,996121747.31,4.3,46.36,44.41,45.45,45.4,0.85,1.87,49.32,20.41,53091033229.0,53090839693.0,-0.02,0.0,74.93,61.15
4819,688800,瑞可达,96.71,-1.32,-1.29,87143.0,837090847.0,3.13,97.47,94.4,97.22,98.0,0.86,4.24,66.51,8.46,19890764938.0,19890764938.0,-0.1,0.03,14.04,16.52
4820,002721,金一文化,2.97,-1.33,-0.04,428009.0,127431439.0,2.99,3.04,2.95,2.98,3.01,0.93,1.61,274.42,3.73,7898354487.0,7898354487.0,0.34,0.0,-10.27,-5.71
4821,605289,罗曼股份,128.18,-1.33,-1.73,50574.0,654839931.0,3.85,132.5,127.5,129.99,129.91,0.84,4.67,256.93,10.62,13972581350.0,13886700750.0,-0.07,-0.05,88.69,94.92
4822,600828,茂业商业,5.21,-1.33,-0.07,173055.0,89941441.0,2.27,5.26,5.14,5.25,5.28,1.11,1.0,-36.71,1.34,9023629065.0,9020386543.0,-0.19,0.0,-29.59,-10.79
4823,920914,远航精密,25.91,-1.33,-0.35,29757.0,78044480.37,3.81,26.8,25.8,26.01,26.26,1.32,2.99,46.49,2.67,2580584180.0,2578543768.0,0.04,-0.04,-17.62,-1.86
4824,002539,云图控股,14.13,-1.33,-0.19,218488.0,309642904.48,3.21,14.47,14.01,14.31,14.32,0.63,2.46,20.63,1.82,17065136757.0,12572783921.0,-0.07,0.0,15.91,19.54
4825,002079,苏州固锝,10.3,-1.34,-0.14,306184.0,316715417.37,1.72,10.46,10.28,10.37,10.44,1.07,3.78,100.28,2.71,8358707665.0,8350871033.0,-0.1,-0.19,3.21,7.85
4826,300390,天华新能,86.61,-1.34,-1.18,618603.0,5331359842.28,4.25,87.87,84.14,86.47,87.79,0.66,9.2,178.9,6.34,71951325749.0,58225095190.0,-0.1,-0.17,62.19,58.6
4827,002630,ST华西,2.21,-1.34,-0.03,729739.0,161061424.55,4.91,2.27,2.16,2.26,2.24,1.3,7.08,52.43,10.81,2609568000.0,2276903080.0,-0.45,0.0,-13.67,-11.6
4828,600033,福建高速,3.65,-1.35,-0.05,323999.0,118989306.0,2.43,3.73,3.64,3.72,3.7,1.29,1.18,10.56,0.81,10017060000.0,10017060000.0,-0.27,-0.27,-4.2,-11.62
4829,000509,华塑控股,3.65,-1.35,-0.05,393993.0,142714445.3,4.05,3.67,3.52,3.65,3.7,1.58,3.67,-365.81,31.74,3916917390.0,3916905549.0,0.0,-0.27,6.73,5.19
4830,603166,福达股份,13.93,-1.35,-0.19,83525.0,116474750.0,2.83,14.25,13.85,14.25,14.12,1.37,1.3,28.41,3.38,8993913568.0,8925169018.0,0.0,0.07,-13.85,-11.27
4831,301053,远信工业,63.63,-1.35,-0.87,133971.0,844616340.63,6.39,65.0,60.88,63.0,64.5,1.59,15.39,304.83,7.88,5979682508.0,5540517856.0,-0.11,0.41,71.42,80.25
4832,600084,中信尼雅,6.59,-1.35,-0.09,70820.0,46800258.0,2.99,6.72,6.52,6.69,6.68,1.09,0.63,37149.16,5.72,7405359810.0,7405359810.0,0.15,0.0,16.02,25.52
4833,000036,华联控股,5.1,-1.35,-0.07,298736.0,151940727.08,2.71,5.17,5.03,5.17,5.17,0.55,2.13,150.48,1.41,7159475498.0,7145870013.0,-0.2,-0.2,-24.33,-22.73
4834,000037,深南电A,10.92,-1.36,-0.15,647999.0,709678545.78,4.7,11.33,10.81,11.2,11.07,2.24,19.12,40.87,3.92,6582167548.0,3700876998.0,0.0,-0.18,24.23,31.88
4835,688503,聚和材料,96.37,-1.36,-1.33,93310.0,902030273.0,4.59,98.89,94.41,97.75,97.7,0.86,4.64,55.58,4.66,23324782176.0,19362641608.0,0.02,0.12,21.28,57.98
4836,920175,东方碳素,10.19,-1.36,-0.14,24262.0,25056552.18,3.87,10.55,10.15,10.2,10.33,1.93,3.06,-10.09,1.83,1212610000.0,807821013.0,0.1,0.1,-15.08,-9.98
4837,300113,顺网科技,28.97,-1.36,-0.4,514792.0,1494909505.66,2.11,29.38,28.76,29.13,29.37,0.73,10.11,45.24,7.84,19530527662.0,14746318120.0,0.0,0.0,24.23,43.13
4838,688226,威腾电气,56.58,-1.36,-0.78,148534.0,845476810.0,5.47,58.58,55.44,57.37,57.36,0.94,7.87,335.88,6.23,10680918922.0,10680918922.0,0.12,-0.19,41.03,52.51
4839,000863,三湘印象,5.06,-1.36,-0.07,290546.0,147898597.4,4.29,5.25,5.03,5.13,5.13,1.07,2.5,607.69,1.33,5974339774.0,5887894015.0,0.0,-0.2,-11.07,-18.78
4840,301176,逸豪新材,28.84,-1.37,-0.4,52564.0,152362481.34,2.63,29.49,28.72,29.49,29.24,0.67,3.2,-188.9,3.21,4875882676.0,4731306055.0,0.0,-0.03,12.0,14.58
4841,002100,天康生物,7.91,-1.37,-0.11,306542.0,242720237.4,3.74,8.13,7.83,8.06,8.02,0.65,2.25,19.67,1.51,10799139484.0,10799139484.0,0.0,0.0,10.47,7.33
4842,688100,威胜信息,38.16,-1.37,-0.53,34996.0,133569918.0,2.58,38.69,37.69,38.58,38.69,1.36,0.71,28.16,5.3,18762706278.0,18762706278.0,0.0,0.08,-5.17,-2.15
4843,688229,博睿数据,88.35,-1.37,-1.23,19592.0,174631544.0,3.8,91.1,87.7,88.7,89.58,0.8,4.41,-41.68,10.61,3922740000.0,3922740000.0,0.1,0.05,20.07,40.95
4844,301372,科净源,32.8,-1.38,-0.46,34188.0,111938932.06,5.32,33.98,32.21,33.45,33.26,0.67,8.3,105.61,2.85,2249142904.0,1350390596.0,-0.09,-0.15,22.62,29.34
4845,603833,欧派家居,49.9,-1.38,-0.7,26488.0,133187172.0,2.91,51.2,49.73,50.55,50.6,1.03,0.43,12.44,1.6,30396728063.0,30396728063.0,-0.08,-0.02,-10.61,-1.89
4846,603005,晶方科技,30.81,-1.38,-0.43,547198.0,1697167409.0,4.0,31.68,30.43,31.68,31.24,1.3,8.39,54.36,4.36,20093410262.0,20093410262.0,0.0,-0.03,5.44,11.39
4847,603558,健盛集团,13.53,-1.38,-0.19,63006.0,84936341.0,2.99,13.73,13.32,13.73,13.72,0.81,1.84,11.45,1.98,4635892803.0,4635892803.0,-0.15,0.0,23.34,20.48
4848,000600,建投能源,9.29,-1.38,-0.13,224841.0,209530652.31,2.87,9.53,9.26,9.4,9.42,1.05,2.06,7.94,1.42,16752047353.0,10126572638.0,0.0,0.0,4.15,10.2
4849,300718,长盛轴承,71.45,-1.38,-1.0,44479.0,318085433.09,1.77,71.98,70.7,71.64,72.45,1.07,2.29,85.26,12.74,21347761694.0,13850013258.0,0.01,0.04,-12.87,-16.3
4850,002817,黄山胶囊,7.84,-1.38,-0.11,127437.0,98414873.74,5.03,7.98,7.58,7.91,7.95,2.11,4.39,33.76,2.4,2344929653.0,2273908073.0,0.38,0.26,-0.25,3.16
4851,300097,智云股份,9.95,-1.39,-0.14,193423.0,192595943.0,3.47,10.2,9.85,10.11,10.09,0.61,7.16,-10.43,13.37,2871069207.0,2686584058.0,-0.3,0.0,31.79,37.43
4852,002626,金达威,17.75,-1.39,-0.25,64570.0,115304551.18,2.11,18.08,17.7,18.01,18.0,1.48,1.06,31.85,2.47,10826350776.0,10825019526.0,0.0,0.0,-9.44,-9.94
4853,300258,精锻科技,12.74,-1.39,-0.18,175172.0,222972054.21,2.48,12.93,12.61,12.93,12.92,1.08,3.07,634.06,1.58,7453501876.0,7260417557.0,0.08,0.16,-9.26,-11.03
4854,688391,钜泉科技,30.42,-1.39,-0.43,11013.0,33688548.0,1.98,30.95,30.34,30.8,30.85,1.52,0.96,81.74,1.88,3503823055.0,3503823055.0,0.2,0.1,-3.89,7.38
4855,300548,长芯博创,256.38,-1.41,-3.67,234511.0,5957872726.4,6.35,262.49,245.97,253.5,260.05,1.02,8.71,223.24,38.05,74753416005.0,69038064855.0,-0.05,-0.01,92.54,80.55
4856,600989,宝丰能源,27.36,-1.41,-0.39,954563.0,2623799945.0,2.74,27.92,27.16,27.6,27.75,0.92,1.3,17.68,4.15,200640729600.0,200640729600.0,0.04,0.0,29.85,39.38
4857,300596,利安隆,43.23,-1.41,-0.62,22905.0,99807893.8,2.37,44.2,43.16,44.2,43.85,0.85,1.03,18.98,2.08,9926458204.0,9642226315.0,0.0,0.0,-6.06,2.42
4858,605286,同力天启,46.6,-1.42,-0.67,39729.0,186900699.0,3.6,48.0,46.3,47.76,47.27,0.82,2.36,39.4,3.64,7828800000.0,7828800000.0,-0.09,0.11,12.02,14.75
4859,000887,中鼎股份,18.68,-1.42,-0.27,231293.0,435071842.49,1.9,19.01,18.65,18.96,18.95,1.59,1.76,14.11,1.74,24592028474.0,24552442957.0,0.0,0.0,-17.67,-19.52
4860,002006,精工科技,17.99,-1.42,-0.26,123384.0,221077141.4,1.92,18.05,17.7,17.88,18.25,1.84,2.37,50.41,3.82,9351083986.0,9351083986.0,-0.11,-0.06,-17.82,-22.32
4861,000683,博源化工,8.32,-1.42,-0.12,636493.0,531122394.16,3.44,8.51,8.22,8.43,8.44,1.65,1.9,18.4,2.37,30924038579.0,27806372031.0,-0.36,0.36,6.94,11.83
4862,300723,一品红,36.06,-1.42,-0.52,101139.0,366666984.22,2.73,36.97,35.97,36.21,36.58,0.56,2.41,-89.77,9.3,16288041142.0,15115946613.0,-0.08,-0.06,-7.21,7.48
4863,603322,超讯通信,37.55,-1.42,-0.54,229096.0,865088830.0,3.41,38.6,37.3,37.47,38.09,1.67,14.54,74.12,20.54,5917384190.0,5917384190.0,0.03,-0.03,-9.61,-2.11
4864,300953,震裕科技,205.48,-1.43,-2.99,71414.0,1472817567.66,4.17,211.88,203.18,209.99,208.47,0.82,5.73,68.5,8.07,35646204166.0,25594212361.0,-0.06,0.08,29.68,22.29
4865,603338,浙江鼎力,50.16,-1.43,-0.73,50582.0,254449526.0,1.95,50.99,50.0,50.9,50.89,1.09,1.0,13.37,2.23,25398409611.0,25398409611.0,-0.08,0.0,-12.37,-11.44
4866,301563,云汉芯城,166.1,-1.44,-2.42,15199.0,252578721.49,1.74,168.0,165.07,168.0,168.52,0.76,10.33,52.38,8.55,10815784044.0,2444953133.0,0.02,0.06,-5.52,8.38
4867,920183,海菲曼,40.26,-1.44,-0.59,14981.0,61904648.6,5.46,42.49,40.26,41.0,40.85,1.61,13.32,26.34,5.45,1970807520.0,452918035.0,-0.45,-0.57,104.26,104.26
4868,600273,嘉化能源,8.91,-1.44,-0.13,182667.0,163989870.0,2.43,9.13,8.91,9.06,9.04,1.28,1.39,11.83,1.19,11683764277.0,11683764277.0,-0.22,-0.11,-11.78,1.95
4869,600113,浙江东日,46.51,-1.44,-0.68,33342.0,156546361.0,3.26,47.88,46.34,47.05,47.19,0.91,0.81,135.97,7.57,19588926457.0,19135663252.0,-0.09,-0.09,-24.62,-26.22
4870,600352,浙江龙盛,13.0,-1.44,-0.19,449299.0,585634935.0,3.34,13.24,12.8,13.19,13.19,0.74,1.38,23.12,1.29,42293314180.0,42293314180.0,0.0,0.15,15.97,21.95
4871,301238,瑞泰新材,21.29,-1.44,-0.31,106118.0,226164227.84,2.08,21.62,21.17,21.49,21.6,0.88,1.45,99.38,2.16,15612665957.0,15612665957.0,0.05,0.09,-2.79,4.36
4872,688699,明微电子,45.22,-1.44,-0.66,19445.0,88623229.0,2.46,46.27,45.14,46.0,45.88,0.85,1.77,-107.15,4.18,4977123021.0,4977123021.0,-0.02,-0.02,-1.87,6.37
4873,603659,璞泰来,35.39,-1.45,-0.52,507058.0,1789611913.0,5.07,36.19,34.37,35.53,35.91,0.75,2.37,32.05,3.7,75607163300.0,75607163300.0,0.0,0.06,26.62,30.54
4874,603926,铁流股份,19.73,-1.45,-0.29,159941.0,314264215.0,6.34,20.58,19.31,20.4,20.02,2.56,6.93,45.47,2.68,4630958735.0,4554445795.0,1.23,1.23,8.59,15.58
4875,002434,万里扬,8.14,-1.45,-0.12,156835.0,128647197.99,1.69,8.27,8.13,8.26,8.26,1.16,1.2,44.5,1.83,10684564000.0,10674147242.0,0.0,0.0,-13.59,-14.59
4876,603599,广信股份,13.62,-1.45,-0.2,127027.0,171682790.0,3.69,13.82,13.31,13.74,13.82,1.11,1.4,17.87,1.24,12397868479.0,12397868479.0,-0.22,0.0,11.73,18.64
4877,603258,电魂网络,17.71,-1.45,-0.26,16875.0,30046955.0,1.78,18.03,17.71,18.02,17.97,0.97,0.7,-20.17,2.18,4319410557.0,4274155309.0,-0.06,-0.11,-12.76,-4.32
4878,603739,蔚蓝生物,14.97,-1.45,-0.22,33610.0,50502377.0,2.04,15.23,14.92,15.11,15.19,0.9,1.33,45.98,2.14,3787842124.0,3787842124.0,0.07,0.0,-5.85,5.8
4879,688767,博拓生物,34.77,-1.45,-0.51,16761.0,58355933.0,2.81,35.47,34.48,34.95,35.28,1.0,1.12,110.96,2.19,5192320023.0,5192320023.0,0.03,0.06,-19.48,-7.97
4880,600166,福田汽车,3.4,-1.45,-0.05,2519553.0,855490917.0,3.19,3.48,3.37,3.44,3.45,0.53,3.18,18.15,1.75,26919161248.0,26919161248.0,0.0,-0.29,14.86,16.44
4881,002806,华锋股份,14.29,-1.45,-0.21,71567.0,102694190.8,3.45,14.67,14.17,14.48,14.5,0.74,4.11,-229.4,2.64,3036327611.0,2487972382.0,0.07,0.14,11.99,14.69
4882,688001,华兴源创,43.85,-1.46,-0.65,98144.0,430872684.0,4.61,45.3,43.25,44.48,44.5,1.03,2.21,241.96,5.66,19490879616.0,19490879616.0,-0.05,-0.05,36.6,45.29
4883,000988,华工科技,114.98,-1.46,-1.7,927997.0,10751370615.15,3.86,118.2,113.7,115.18,116.68,0.82,9.23,78.61,10.46,115612701251.0,115553250842.0,0.03,0.01,38.26,44.94
4884,002146,荣盛发展,1.35,-1.46,-0.02,555317.0,75215197.0,1.46,1.37,1.35,1.36,1.37,0.59,1.42,-1.42,0.49,5870021199.0,5280553824.0,-0.74,-0.74,-17.68,-17.68
4885,301047,义翘神州,74.15,-1.46,-1.1,9148.0,68211782.82,1.87,75.44,74.03,75.0,75.25,0.67,0.77,61.05,1.7,9019364419.0,8866903047.0,0.03,-0.07,-6.45,9.69
4886,920012,创达新材,62.9,-1.46,-0.93,72112.0,477959458.7,21.17,73.52,60.01,61.0,63.83,0.89,54.35,47.29,3.9,3102063202.0,834599154.0,-0.1,-0.98,221.25,221.25
4887,002578,闽发铝业,4.01,-1.47,-0.06,282517.0,113152294.0,2.46,4.05,3.95,4.05,4.07,0.75,3.28,-347.93,2.48,3763907034.0,3453261870.0,0.0,0.25,-8.66,-10.69
4888,920305,*ST云创,6.03,-1.47,-0.09,50633.0,30733862.71,3.1,6.2,6.01,6.18,6.12,0.81,6.24,-5.07,1.68,798228034.0,489038276.0,0.0,0.17,-41.74,-40.24
4889,000623,吉林敖东,17.94,-1.48,-0.27,123917.0,222731983.2,1.81,18.15,17.82,18.15,18.21,1.45,1.04,8.96,0.7,21454363243.0,21370018279.0,-0.11,-0.11,-11.01,-8.14
4890,002382,蓝帆医疗,7.32,-1.48,-0.11,216176.0,158382972.58,2.83,7.47,7.26,7.38,7.43,0.7,2.16,-19.34,0.96,7372312395.0,7314215202.0,0.14,0.0,21.39,30.71
4891,002730,电光科技,26.7,-1.48,-0.4,265465.0,717790345.0,6.35,27.9,26.18,27.05,27.1,1.13,7.67,144.13,5.94,9667532796.0,9238997796.0,0.04,0.0,70.83,77.53
4892,688582,芯动联科,63.03,-1.48,-0.95,59695.0,379196430.0,2.34,64.38,62.88,64.23,63.98,1.23,2.39,83.46,10.01,25321612700.0,15771307100.0,0.0,-0.08,-10.7,-4.66
4893,300550,和仁科技,11.31,-1.48,-0.17,78086.0,88349905.0,2.18,11.5,11.25,11.4,11.48,0.73,2.98,-80.82,2.6,2969555195.0,2966619628.0,-0.09,-0.09,-28.64,-22.05
4894,688362,甬矽电子,47.48,-1.49,-0.72,178327.0,842262147.0,5.95,48.8,45.93,48.0,48.2,1.16,4.34,183.13,7.47,19490088513.0,19490088513.0,0.36,0.21,9.12,46.5
4895,002215,诺 普 信,9.92,-1.49,-0.15,116729.0,115473062.02,1.99,10.0,9.8,9.99,10.07,1.09,1.45,12.99,2.41,9965967395.0,7965687257.0,-0.1,-0.3,-13.59,-6.33
4896,920119,美德乐,96.1,-1.49,-1.45,14993.0,144330204.5,3.95,97.85,94.0,95.9,97.55,1.49,7.9,25.54,4.2,6931045959.0,1823667309.0,0.04,-0.02,129.47,129.47
4897,301529,福赛科技,111.51,-1.49,-1.69,21752.0,243044435.81,4.94,114.6,109.01,111.82,113.2,0.61,4.81,71.26,6.81,9460197287.0,5044546250.0,0.0,0.21,-11.05,-1.41
4898,002197,证通电子,7.88,-1.5,-0.12,176941.0,140009521.4,2.25,8.03,7.85,7.96,8.0,0.58,3.31,-55.05,2.34,4841179873.0,4207920095.0,0.13,0.25,-26.15,-22.13
4899,600602,云赛智联,23.72,-1.5,-0.36,756745.0,1805441553.0,3.36,24.36,23.55,24.16,24.08,0.85,7.04,167.46,6.65,32441214353.0,25482466923.0,0.0,-0.04,15.88,26.91
4900,000581,威孚高科,18.9,-1.51,-0.29,249897.0,471687916.65,2.29,19.1,18.66,19.05,19.19,1.31,3.15,17.11,0.92,18272249598.0,15004810151.0,-0.11,-0.05,-7.71,-8.34
4901,600699,均胜电子,26.1,-1.51,-0.4,337366.0,883825224.0,1.92,26.53,26.02,26.51,26.5,0.95,2.49,30.3,2.34,40475111694.0,35366900108.0,0.04,0.04,-12.56,-16.77
4902,601003,柳钢股份,4.57,-1.51,-0.07,143807.0,66196738.0,2.59,4.68,4.56,4.6,4.64,1.23,0.56,13.69,1.3,12038393493.0,11711964924.0,-0.22,0.0,-8.96,-9.15
4903,300050,世纪鼎利,7.19,-1.51,-0.11,359796.0,259807434.0,2.6,7.33,7.14,7.27,7.3,0.6,6.61,252.75,9.57,3917447902.0,3915059607.0,0.14,0.0,23.54,30.02
4904,688567,孚能科技,13.72,-1.51,-0.21,114542.0,157456503.0,1.94,13.9,13.63,13.86,13.93,0.78,0.94,-21.85,1.81,16767265302.0,16767265302.0,-0.15,0.15,-15.47,-12.33
4905,002229,鸿博股份,19.38,-1.52,-0.3,702506.0,1368492326.71,3.46,19.93,19.25,19.69,19.68,0.83,14.25,-65.95,8.72,9616191037.0,9557366439.0,0.05,0.05,15.7,25.44
4906,300863,卡倍亿,58.81,-1.52,-0.91,36880.0,217855812.8,4.94,61.34,58.39,60.03,59.72,0.6,2.04,60.35,7.75,11066620915.0,10636896128.0,0.02,0.15,21.43,16.69
4907,688360,德马科技,18.83,-1.52,-0.29,28704.0,54222336.0,1.94,19.18,18.81,19.04,19.12,1.03,1.14,53.12,3.42,4966330910.0,4750546039.0,-0.05,-0.05,-9.69,-11.43
4908,000902,新洋丰,14.94,-1.52,-0.23,177559.0,264773819.72,2.31,15.15,14.8,15.1,15.17,1.28,1.55,10.24,1.63,18745726348.0,17073181128.0,-0.07,0.0,-6.1,-4.35
4909,920344,三元基因,22.0,-1.52,-0.34,11482.0,25615438.88,3.8,22.65,21.8,22.33,22.34,0.88,1.01,521.62,4.28,2679820000.0,2502019498.0,0.23,0.27,-16.92,-6.18
4910,600328,中盐化工,8.41,-1.52,-0.13,255451.0,215556332.0,2.34,8.57,8.37,8.51,8.54,0.97,1.74,159.92,1.03,12331663173.0,12331663173.0,-0.12,0.0,-1.29,2.06
4911,301345,涛涛车业,235.94,-1.52,-3.65,9654.0,229020820.46,3.09,241.98,234.57,241.0,239.59,0.57,2.76,31.52,7.11,25729037812.0,8264918271.0,-0.02,0.1,5.05,-6.12
4912,001223,欧克科技,59.1,-1.53,-0.92,19200.0,114050537.8,4.0,60.9,58.5,60.02,60.02,1.19,2.06,44.99,2.83,5517103200.0,5517103200.0,0.0,-0.05,6.07,21.66
4913,605365,立达信,25.14,-1.53,-0.39,109789.0,280424950.0,4.9,26.27,25.02,25.48,25.53,0.76,2.19,74.36,3.39,12620603703.0,12620603703.0,-0.04,0.16,-3.72,-4.99
4914,300666,江丰电子,156.96,-1.54,-2.46,91598.0,1426685188.16,3.49,158.85,153.28,158.84,159.42,0.91,4.14,83.37,8.38,41644734404.0,34706333457.0,-0.03,-0.03,22.03,70.61
4915,603887,城地香江,16.62,-1.54,-0.26,166136.0,277733840.0,2.13,16.94,16.58,16.94,16.88,0.86,2.79,-149.19,2.86,10005728977.0,9893543977.0,-0.12,-0.42,11.02,22.93
4916,000517,荣安地产,1.9,-1.55,-0.03,201653.0,38327506.0,2.07,1.93,1.89,1.92,1.93,0.67,0.81,-70.63,1.05,6049452722.0,4734774190.0,0.0,-0.52,5.56,4.97
4917,300198,ST纳川,2.54,-1.55,-0.04,104800.0,26641485.6,1.94,2.58,2.53,2.58,2.58,0.92,1.02,-18.14,141.61,2620133292.0,2606589938.0,0.0,0.4,0.0,-0.78
4918,002559,亚威股份,10.78,-1.55,-0.17,221795.0,239183235.0,2.47,10.96,10.69,10.9,10.95,0.8,4.4,56.1,3.34,5926466959.0,5433173997.0,0.0,0.09,2.96,6.52
4919,300451,创业慧康,4.41,-1.56,-0.07,405683.0,178768174.4,2.68,4.48,4.36,4.46,4.48,1.55,2.66,-17.01,1.7,6831639892.0,6732719526.0,0.0,0.0,-28.99,-8.88
4920,300997,欢乐家,20.83,-1.56,-0.33,104894.0,216998334.07,4.3,21.12,20.21,20.8,21.16,1.41,2.64,206.29,8.72,9112572484.0,8271412758.0,0.14,0.14,-27.17,-20.34
4921,600480,凌云股份,11.36,-1.56,-0.18,423584.0,483136254.0,2.51,11.58,11.29,11.48,11.54,0.63,3.49,17.7,1.78,13885151091.0,13778489654.0,0.09,0.0,-7.57,-7.57
4922,300813,泰林生物,26.44,-1.56,-0.42,45615.0,121020161.2,3.54,27.2,26.25,26.57,26.86,0.98,6.0,194.38,3.98,3204507350.0,2010790370.0,-0.19,-0.08,1.23,7.61
4923,300648,星云股份,51.79,-1.56,-0.82,24741.0,128385476.95,3.61,53.08,51.18,52.64,52.61,0.81,1.86,-193.49,6.63,9026033706.0,6871856778.0,-0.02,0.0,-12.07,0.41
4924,603920,世运电路,58.17,-1.57,-0.93,561258.0,3288358337.0,3.25,59.82,57.9,59.1,59.1,1.36,7.79,50.29,6.28,41916855080.0,41916855080.0,0.02,-0.07,3.19,20.16
4925,600053,九鼎投资,15.08,-1.57,-0.24,42045.0,63520523.0,2.02,15.35,15.04,15.32,15.32,1.22,0.97,-98.2,2.54,6537795264.0,6537795264.0,-0.07,-0.07,-28.19,-24.11
4926,301096,百诚医药,57.03,-1.57,-0.91,28493.0,164132326.88,3.71,58.7,56.55,57.95,57.94,0.82,3.44,762.87,2.41,6229289037.0,4721352818.0,0.02,0.02,-2.55,-0.19
4927,002895,川恒股份,36.48,-1.57,-0.58,98248.0,359729818.94,2.86,37.37,36.31,37.04,37.06,0.99,1.65,17.54,2.88,22103464852.0,21704194900.0,0.0,0.14,-6.65,-0.49
4928,300506,ST名家汇,5.0,-1.57,-0.08,97127.0,48559633.0,2.56,5.08,4.95,5.08,5.08,0.77,1.32,-105.48,5.17,7127982845.0,3673482565.0,-0.2,-0.2,19.33,19.05
4929,605050,福然德,13.18,-1.57,-0.21,83239.0,109589134.0,2.54,13.4,13.06,13.36,13.39,0.88,1.69,17.3,1.45,6495488606.0,6495488606.0,-0.08,-0.15,-0.23,-0.68
4930,300088,长信科技,7.47,-1.58,-0.12,2891643.0,2169856555.56,3.95,7.7,7.4,7.53,7.59,0.83,11.63,49.01,2.14,18658069835.0,18566712243.0,0.13,0.4,18.01,23.27
4931,603103,横店影视,23.71,-1.58,-0.38,231879.0,543929519.0,3.57,23.9,23.04,23.3,24.09,2.25,3.66,94.45,12.15,15036882000.0,15036882000.0,0.04,-0.08,25.58,43.0
4932,601588,北辰实业,1.87,-1.58,-0.03,1004626.0,189054804.0,5.26,1.95,1.85,1.89,1.9,0.5,3.78,-2.11,0.94,6296327400.0,4974200000.0,-0.53,-1.06,5.65,7.47
4933,301217,铜冠铜箔,46.79,-1.58,-0.75,431838.0,2034111694.93,4.5,48.2,46.06,47.42,47.54,0.85,5.21,619.15,7.2,38789637304.0,38789637304.0,0.0,-0.21,36.1,36.49
4934,300110,华仁药业,3.12,-1.58,-0.05,378879.0,118389934.97,2.84,3.19,3.1,3.19,3.17,0.75,3.21,50.69,2.72,3688504504.0,3684244534.0,0.0,-0.32,-4.29,-0.95
4935,688190,云路股份,88.03,-1.59,-1.42,10772.0,95036507.0,2.53,89.6,87.34,89.06,89.45,0.9,0.9,35.88,4.02,10563600000.0,10563600000.0,0.05,0.0,-14.96,-9.15
4936,301398,星源卓镁,47.59,-1.59,-0.77,18616.0,89100725.99,2.46,48.59,47.4,47.88,48.36,0.57,5.0,88.69,4.75,5330080000.0,1771252210.0,-0.02,0.13,-22.09,-12.1
4937,688795,摩尔线程-U,646.2,-1.59,-10.42,25830.0,1673378877.0,3.21,660.1,639.0,656.59,656.62,0.69,8.79,-296.52,26.56,303732233825.0,18986897833.0,0.03,0.18,1.65,9.92
4938,300196,长海股份,19.11,-1.6,-0.31,181312.0,348404794.0,2.16,19.45,19.03,19.21,19.42,0.56,7.34,23.93,1.65,7810607019.0,4718756242.0,0.1,-0.1,22.89,31.25
4939,605116,奥锐特,27.12,-1.6,-0.44,66370.0,180468921.0,2.83,27.6,26.82,27.5,27.56,0.67,1.63,24.52,4.17,11015689306.0,11015689306.0,-0.07,-0.07,-16.48,8.26
4940,000526,学大教育,31.3,-1.6,-0.51,18487.0,57963540.38,2.07,31.77,31.11,31.77,31.81,1.06,1.55,12.38,3.82,3814252712.0,3739081067.0,0.03,0.0,-23.7,-20.19
4941,002083,孚日股份,11.68,-1.6,-0.19,586694.0,688735559.02,2.7,11.93,11.61,11.87,11.87,0.58,6.2,15.32,2.26,11056743660.0,11056743660.0,0.09,0.0,-7.96,-1.85
4942,301132,满坤科技,41.77,-1.6,-0.68,50888.0,212926719.78,2.19,42.4,41.47,42.03,42.45,0.74,5.37,45.46,3.41,6185562621.0,3957057601.0,0.0,0.05,17.13,25.44
4943,920924,广脉科技,21.97,-1.61,-0.36,49549.0,110886707.87,5.11,23.01,21.87,22.1,22.33,1.05,7.58,132.42,7.4,2357304105.0,1436225938.0,0.09,0.14,-11.52,4.97
4944,301228,实朴检测,56.98,-1.61,-0.93,59186.0,337276973.59,6.13,59.3,55.75,58.15,57.91,0.7,4.96,-128.89,9.9,6837600000.0,6805707952.0,0.02,-0.04,45.17,47.58
4945,301182,凯旺科技,67.16,-1.61,-1.1,38095.0,256659905.1,2.81,68.59,66.67,68.31,68.26,0.71,3.98,-95.17,8.44,6435385372.0,6435385372.0,0.09,0.24,64.93,57.58
4946,920394,民士达,48.93,-1.61,-0.8,26914.0,134325676.43,5.97,51.5,48.53,50.0,49.73,1.62,1.85,58.5,8.49,7156012500.0,7103305691.0,-0.31,-0.16,-7.68,19.57
4947,688579,地纬智能,11.03,-1.61,-0.18,77716.0,85760895.0,2.94,11.27,10.94,11.26,11.21,0.92,1.94,73.38,3.14,4412110300.0,4412110300.0,0.18,0.27,-12.39,2.32
4948,300400,劲拓股份,28.11,-1.61,-0.46,185536.0,522505586.0,5.57,28.99,27.4,28.29,28.57,0.84,7.67,81.21,8.74,6820211238.0,6797391540.0,0.0,0.21,32.66,44.97
4949,688007,光峰科技,14.71,-1.61,-0.24,61456.0,90681210.0,2.41,15.02,14.66,14.94,14.95,1.26,1.34,-25.56,2.75,6760945991.0,6760945991.0,-0.07,0.0,-22.25,-20.79
4950,002460,赣锋锂业,82.71,-1.61,-1.35,646663.0,5342282374.1,3.37,84.21,81.38,83.59,84.06,0.67,5.34,107.51,3.84,173417594155.0,100179843923.0,0.0,0.0,14.88,31.52
4951,002555,三七互娱,21.85,-1.62,-0.36,534574.0,1167251469.84,2.3,22.21,21.7,22.2,22.21,1.02,3.37,16.67,3.57,48337393330.0,34683790851.0,0.05,0.23,-25.3,-7.42
4952,688680,海优新材,50.29,-1.62,-0.83,23424.0,119412804.0,3.5,51.9,50.11,51.04,51.12,0.99,2.4,-9.95,4.48,4906843478.0,4906843478.0,0.0,0.12,-8.06,31.48
4953,002055,ST得润,6.08,-1.62,-0.1,197135.0,119442368.35,3.24,6.15,5.95,6.15,6.18,1.11,3.32,38.0,2.57,3675299303.0,3611459303.0,0.0,-0.16,1.16,-9.79
4954,688733,壹石通,29.12,-1.62,-0.48,49694.0,145656628.0,3.18,29.86,28.92,29.47,29.6,0.76,2.49,-262.97,2.76,5817453533.0,5817453533.0,-0.03,0.0,-8.66,0.48
4955,002738,中矿资源,83.26,-1.62,-1.37,235221.0,1978680827.65,3.19,85.7,83.0,84.65,84.63,0.72,3.31,131.26,4.93,60071413679.0,59216845445.0,0.0,0.0,-1.92,6.0
4956,920284,灵鸽科技,33.13,-1.63,-0.55,42051.0,141034089.52,4.69,34.47,32.89,32.9,33.68,1.25,6.21,-422.81,11.15,3471548419.0,2244965496.0,-0.21,0.06,-21.97,-11.06
4957,920237,力佳科技,21.76,-1.63,-0.36,29820.0,64958414.85,3.84,22.2,21.35,21.98,22.12,0.58,3.52,45.42,3.6,1879907328.0,1844328096.0,-0.23,0.0,-19.62,-6.81
4958,000039,中集集团,11.45,-1.63,-0.19,697233.0,784108697.0,6.19,11.52,10.8,11.5,11.64,1.56,3.03,279.61,1.33,61744358408.0,26351111764.0,0.0,0.0,18.9,13.48
4959,600884,杉杉股份,14.46,-1.63,-0.24,891755.0,1293591853.0,3.67,14.91,14.37,14.75,14.7,0.64,4.86,86.02,1.48,32526509999.0,26535686927.0,0.0,0.0,5.93,7.03
4960,688109,品茗科技,119.8,-1.63,-1.99,9378.0,113477440.0,2.73,122.98,119.66,121.5,121.79,0.89,1.19,199.73,11.73,9445307540.0,9445307540.0,0.0,-0.1,-13.89,-5.74
4961,600398,海澜之家,6.63,-1.63,-0.11,277030.0,184683585.0,1.78,6.74,6.62,6.74,6.74,0.82,0.58,14.7,1.74,31842367062.0,31842367062.0,0.0,0.15,7.8,9.59
4962,688117,圣诺生物,36.26,-1.63,-0.6,23927.0,87207349.0,2.01,36.88,36.14,36.51,36.86,0.55,1.52,34.41,5.36,5706815562.0,5706815562.0,0.06,0.11,-18.43,-4.05
4963,300530,领湃科技,24.74,-1.63,-0.41,24568.0,61046324.75,4.61,25.77,24.61,25.77,25.15,1.03,1.43,-28.11,79.42,4254076498.0,4254076498.0,0.12,0.16,-26.15,-7.34
4964,603688,石英股份,50.95,-1.64,-0.85,265318.0,1377251929.0,5.12,53.55,50.9,53.0,51.8,0.85,4.9,179.99,4.74,27598508825.0,27598508825.0,0.02,-0.08,28.47,39.28
4965,301251,威尔高,67.28,-1.65,-1.13,39377.0,266862588.07,2.62,68.8,67.01,68.26,68.41,0.67,7.29,97.38,5.77,9061851228.0,3632656643.0,0.0,-0.01,15.01,28.69
4966,301121,紫建电子,37.47,-1.65,-0.63,12827.0,48264156.38,2.89,38.46,37.36,38.26,38.1,1.04,2.54,228.92,2.23,3703012356.0,1895668826.0,0.13,0.08,-7.48,-5.95
4967,000518,*ST四环,2.98,-1.65,-0.05,335699.0,100323880.0,7.59,3.13,2.9,3.08,3.03,1.68,3.26,-82.71,9.17,3068077542.0,3068016365.0,0.0,0.0,19.2,23.65
4968,600373,中文传媒,8.35,-1.65,-0.14,161866.0,134889254.0,2.47,8.48,8.27,8.33,8.49,2.63,1.2,40.22,0.64,11250445304.0,11250445304.0,-0.12,-0.12,-16.0,-10.6
4969,601666,平煤股份,7.74,-1.65,-0.13,302231.0,234081036.0,2.41,7.86,7.67,7.81,7.87,1.5,1.22,51.26,0.83,19112876702.0,19112876702.0,0.0,-0.13,-6.3,-1.65
4970,600605,汇通能源,30.33,-1.65,-0.51,81816.0,248212863.0,5.25,31.18,29.56,31.01,30.84,0.94,3.97,259.42,4.41,6256546072.0,6256546072.0,-0.23,-0.26,2.71,1.1
4971,300618,寒锐钴业,46.01,-1.65,-0.77,115074.0,530161539.38,2.57,46.8,45.6,46.35,46.78,0.63,4.22,55.98,2.64,14249163157.0,12537571235.0,0.0,0.02,-7.8,1.77
4972,002043,兔 宝 宝,14.3,-1.65,-0.24,133543.0,192029978.2,3.58,14.7,14.18,14.47,14.54,1.89,1.65,16.44,3.58,11865489064.0,11547583562.0,0.07,0.14,7.28,-0.76
4973,300290,荣科科技,15.53,-1.65,-0.26,292786.0,456940582.87,2.28,15.85,15.49,15.75,15.79,0.76,4.58,-235.13,12.8,9935046797.0,9932094155.0,-0.06,0.0,-19.78,-43.59
4974,688025,杰普特,279.56,-1.65,-4.69,42703.0,1197502458.0,4.76,287.99,274.45,283.0,284.25,0.9,4.49,95.31,11.56,26572016694.0,26572016694.0,-0.04,0.16,104.51,97.47
4975,002552,宝鼎科技,20.76,-1.66,-0.35,154432.0,321951131.0,3.27,21.2,20.51,20.72,21.11,0.58,4.19,64.83,5.38,8054575472.0,7650128280.0,-0.19,-0.19,10.43,25.74
4976,600159,大龙地产,2.96,-1.66,-0.05,260200.0,75926492.0,4.98,3.01,2.86,2.97,3.01,0.76,3.13,-174.65,1.43,2456809567.0,2456809567.0,0.34,0.34,4.59,6.86
4977,600338,西藏珠峰,21.35,-1.66,-0.36,773541.0,1663643794.0,4.61,22.2,21.2,21.67,21.71,0.83,8.46,33.53,4.48,19518387087.0,19518387087.0,-0.05,0.09,11.08,41.95
4978,603279,景津装备,18.42,-1.66,-0.31,58061.0,107675379.0,2.35,18.85,18.41,18.72,18.73,0.93,1.01,18.29,2.25,10616790660.0,10616790660.0,-0.05,-0.11,9.71,9.19
4979,300428,立中集团,21.15,-1.67,-0.36,92681.0,196831323.15,1.95,21.51,21.09,21.45,21.51,1.51,1.55,16.31,1.61,14500049846.0,12621499359.0,0.05,0.05,-12.57,-9.42
4980,002082,万邦德,28.79,-1.67,-0.49,324498.0,938946802.0,7.1,29.58,27.5,29.28,29.28,0.66,5.87,-88.59,7.09,17610527893.0,15928151624.0,-0.17,-0.03,70.25,106.68
4981,688136,科兴制药,31.13,-1.67,-0.53,39013.0,121824376.0,2.94,31.89,30.96,31.46,31.66,0.66,1.94,39.29,3.57,6265138193.0,6265138193.0,0.0,-0.16,-10.13,-1.71
4982,600613,神奇制药,5.86,-1.68,-0.1,158030.0,91876106.0,4.7,6.01,5.73,6.01,5.96,0.76,3.3,46.66,1.34,3129659740.0,2808815071.0,0.17,0.34,-5.48,-3.46
4983,300509,新美星,12.31,-1.68,-0.21,94776.0,116387431.04,3.75,12.61,12.14,12.47,12.52,1.39,3.84,34.42,5.91,3648684000.0,3041844368.0,0.08,0.33,-17.6,-4.13
4984,300357,我武生物,26.31,-1.68,-0.45,83226.0,219640309.86,1.68,26.71,26.26,26.64,26.76,0.72,1.72,29.96,5.23,13775495040.0,12735729234.0,0.0,-0.15,-14.55,-6.87
4985,603685,晨丰科技,31.03,-1.68,-0.53,43462.0,136167194.0,4.18,31.95,30.63,31.71,31.56,1.11,2.16,238.68,4.41,7786996125.0,6251482129.0,0.1,0.13,69.29,59.21
4986,300255,常山药业,42.93,-1.69,-0.74,167531.0,718690718.24,2.22,43.57,42.6,43.26,43.67,0.53,1.83,-660.27,26.01,39455283493.0,39396684043.0,0.0,0.12,-25.1,-30.87
4987,688177,百奥泰,22.64,-1.69,-0.39,31392.0,71566204.0,3.08,23.27,22.56,22.93,23.03,0.6,0.76,-27.86,25.16,9374771200.0,9374771200.0,-0.26,-0.35,-10.09,-2.16
4988,920181,赛英电子,72.72,-1.69,-1.25,41075.0,305692779.04,11.78,79.79,71.08,72.0,73.97,0.84,40.99,35.67,5.02,3141504000.0,728654400.0,0.01,0.03,159.71,159.71
4989,001979,招商蛇口,8.7,-1.69,-0.15,455838.0,397331562.11,3.16,8.89,8.61,8.77,8.85,0.65,0.54,76.62,0.8,78439479888.0,73198176746.0,0.12,0.12,-6.75,0.69
4990,301073,君亭酒店,26.19,-1.69,-0.45,100674.0,264099512.37,3.94,26.94,25.89,26.6,26.64,1.53,5.65,385.68,5.33,5092672895.0,4666521105.0,0.04,0.27,-15.13,0.5
4991,605098,行动教育,62.75,-1.69,-1.08,24789.0,155951054.0,3.98,64.8,62.26,63.79,63.83,0.83,2.08,23.39,7.41,7483006525.0,7483006525.0,-0.05,-0.08,34.51,50.26
4992,603828,ST柯利达,5.77,-1.7,-0.1,39229.0,22838817.0,3.07,5.9,5.72,5.88,5.87,1.28,0.66,-26.09,5.34,3438690112.0,3438571636.0,0.0,-0.17,-37.42,-31.15
4993,688411,海博思创,226.43,-1.7,-3.92,42436.0,964807703.0,2.94,230.88,224.1,228.92,230.35,0.92,3.2,42.97,8.53,40778342964.0,30018793315.0,-0.02,-0.06,-11.59,-9.44
4994,002019,亿帆医药,12.04,-1.71,-0.21,194741.0,235263376.85,1.96,12.26,12.02,12.25,12.25,0.82,2.31,28.32,1.66,14645336623.0,10131347923.0,-0.08,0.0,-5.05,0.67
4995,688512,慧智微-U,12.66,-1.71,-0.22,87006.0,111117572.0,2.33,12.94,12.64,12.9,12.88,0.75,2.68,-26.07,3.6,5910239318.0,4109059947.0,-0.16,-0.08,7.47,13.44
4996,600739,辽宁成大,11.47,-1.71,-0.2,92396.0,106682648.0,1.63,11.66,11.47,11.64,11.67,1.16,0.6,9.64,0.6,17545771590.0,17545771590.0,-0.26,-0.09,-6.06,2.59
4997,002860,星帅尔,13.76,-1.71,-0.24,277232.0,378829422.6,4.36,14.05,13.44,14.04,14.0,1.59,7.89,24.81,2.16,4949644220.0,4837192024.0,-0.07,-0.07,1.93,-2.41
4998,688183,生益电子,108.49,-1.71,-1.89,199524.0,2169897560.0,3.81,111.01,106.8,110.38,110.38,0.71,2.4,61.26,15.54,90244279276.0,90244279276.0,-0.24,-0.25,12.31,13.38
4999,688148,芳源股份,9.18,-1.71,-0.16,450883.0,413126612.0,4.28,9.43,9.03,9.25,9.34,1.37,8.84,19.05,12.18,4683388627.0,4683388627.0,0.0,0.0,-2.24,4.68
5000,301413,安培龙,121.66,-1.71,-2.12,29239.0,357184723.07,2.54,124.3,121.15,124.0,123.78,0.78,4.98,122.78,9.57,11971585495.0,7147512104.0,0.01,-0.02,-10.18,-9.75
5001,603588,高能环境,15.42,-1.72,-0.27,712071.0,1094001104.0,4.97,15.88,15.1,15.57,15.69,0.68,4.67,9.74,2.29,23488275327.0,23488275327.0,-0.13,-0.13,73.45,99.74
5002,688778,厦钨新能,81.35,-1.73,-1.43,101262.0,829893467.0,3.89,83.83,80.61,82.84,82.78,1.15,2.01,54.39,4.47,41056619602.0,41056619602.0,-0.1,0.33,-12.87,5.14
5003,688020,方邦股份,93.54,-1.73,-1.65,38840.0,374096286.0,8.79,99.88,91.51,95.2,95.19,1.64,4.71,-92.16,5.79,7706667060.0,7706667060.0,0.0,0.09,4.95,37.52
5004,000504,*ST生物,9.63,-1.73,-0.17,27452.0,26778557.0,3.47,9.94,9.6,9.84,9.8,1.06,0.83,455.55,13.11,3178122434.0,3169448693.0,-0.21,0.31,12.5,7.6
5005,688655,迅捷兴,35.79,-1.73,-0.63,124915.0,451800949.0,7.39,37.39,34.7,36.01,36.42,0.68,9.36,-213.33,7.27,4774028100.0,4774028100.0,-0.06,-0.17,80.76,108.93
5006,300134,大富科技,11.27,-1.74,-0.2,178950.0,203062169.26,1.92,11.46,11.24,11.43,11.47,0.91,2.51,-38.25,2.27,8649702528.0,8028950928.0,-0.09,0.0,-11.33,-9.84
5007,000595,*ST宝实,6.76,-1.74,-0.12,323746.0,220434465.3,6.69,7.1,6.64,6.88,6.88,2.01,2.84,92.38,16.04,7697317034.0,7697317034.0,0.3,0.3,3.84,20.93
5008,600808,马钢股份,3.94,-1.75,-0.07,495507.0,196239027.0,2.0,4.01,3.93,4.0,4.01,0.99,0.83,-145.31,1.26,30340683873.0,23512939673.0,-0.25,0.0,-3.9,-6.64
5009,600282,南钢股份,5.63,-1.75,-0.1,262643.0,149215573.0,2.44,5.77,5.63,5.7,5.73,0.9,0.43,12.1,1.25,34709462392.0,34709462392.0,-0.18,0.0,6.03,7.03
5010,301446,福事特,39.3,-1.75,-0.7,16224.0,64234301.9,3.73,40.51,39.02,39.85,40.0,1.35,5.11,46.11,3.46,4087200000.0,1248639600.0,0.18,0.0,-0.96,22.97
5011,603306,华懋科技,106.38,-1.75,-1.89,131773.0,1412474447.0,3.16,109.0,105.58,107.5,108.27,0.81,4.0,152.4,11.3,35051661611.0,35051661611.0,-0.11,0.0,72.69,68.83
5012,600212,绿能慧充,7.8,-1.76,-0.14,342461.0,268983064.0,3.53,8.03,7.75,7.89,7.94,1.42,6.45,307.95,10.18,5492371661.0,4143205661.0,-0.13,0.0,-2.01,-3.11
5013,600663,陆家嘴,7.81,-1.76,-0.14,68060.0,53484724.0,2.39,7.99,7.8,7.99,7.95,0.93,0.22,32.14,1.57,39324550233.0,24645889400.0,0.0,-0.13,-4.17,-1.26
5014,688192,迪哲医药-U,58.02,-1.76,-1.04,34725.0,202953545.0,4.23,60.19,57.69,59.2,59.06,0.79,0.75,-35.32,20.68,26988922153.0,26759641618.0,0.0,-0.15,-10.74,0.73
5015,300656,民德电子,24.55,-1.76,-0.44,51440.0,127249188.4,3.72,25.33,24.4,25.21,24.99,0.7,3.87,-281.28,4.29,4201120518.0,3262643249.0,-0.08,-0.24,3.15,11.49
5016,600383,金地集团,2.79,-1.76,-0.05,618189.0,172324241.0,2.46,2.84,2.77,2.83,2.84,0.81,1.37,-0.95,0.28,12595688166.0,12595688166.0,-0.36,-0.36,-11.43,-8.82
5017,301205,联特科技,280.51,-1.77,-5.04,114498.0,3301659159.53,9.69,302.68,275.0,291.26,285.55,1.03,13.73,333.71,22.95,36394489440.0,23395855202.0,0.16,0.05,42.39,66.46
5018,688515,裕太微-U,130.08,-1.77,-2.34,19387.0,254226616.0,3.4,134.0,129.5,132.58,132.42,1.08,3.89,-74.98,6.93,10406400000.0,6480507552.0,-0.01,-0.02,14.16,26.85
5019,002931,锋龙股份,69.25,-1.77,-1.25,112696.0,772077907.94,5.08,70.48,66.9,70.48,70.5,1.36,5.6,527.39,15.92,15131530528.0,13936806814.0,0.14,0.2,12.07,118.45
5020,600106,重庆路桥,6.12,-1.77,-0.11,218598.0,133534577.0,2.73,6.24,6.07,6.24,6.23,1.26,1.64,30.74,1.57,8133633379.0,8133633379.0,0.0,0.33,-6.28,-2.24
5021,605377,华旺科技,9.41,-1.77,-0.17,59020.0,55702334.0,2.4,9.6,9.37,9.6,9.58,1.14,1.06,19.03,1.36,5238267222.0,5238267222.0,-0.21,0.11,10.45,10.19
5022,600116,三峡水利,6.63,-1.78,-0.12,363913.0,242208793.0,2.96,6.8,6.6,6.75,6.75,1.7,1.9,27.12,1.12,12677507454.0,12677507454.0,-0.3,-0.15,1.07,2.16
5023,300322,硕贝德,31.51,-1.78,-0.57,595365.0,1902323806.91,5.05,32.98,31.36,31.86,32.08,1.0,13.52,224.1,14.37,14495802201.0,13877973342.0,0.1,-0.16,12.58,15.46
5024,600894,广日股份,9.91,-1.78,-0.18,109635.0,109000439.0,2.48,10.12,9.87,10.11,10.09,1.17,1.3,12.24,0.95,8440132567.0,8355561450.0,-0.1,-0.1,4.76,7.14
5025,688550,瑞联新材,41.94,-1.78,-0.76,40375.0,169725308.0,2.76,42.77,41.59,42.63,42.7,1.49,2.32,23.46,2.22,7291035730.0,7291035730.0,0.0,-0.02,-14.6,-7.44
5026,600327,大东方,3.83,-1.79,-0.07,176984.0,67568033.0,2.56,3.89,3.79,3.88,3.9,1.61,2.0,-13.84,1.21,3388705554.0,3388705554.0,0.0,0.26,-24.46,-22.63
5027,688573,信宇人,22.0,-1.79,-0.4,43424.0,95727190.0,1.92,22.32,21.89,22.26,22.4,0.64,8.16,-4.56,6.81,2150596536.0,1170756950.0,0.0,0.27,-11.29,-3.47
5028,688110,东芯股份,119.07,-1.79,-2.17,125692.0,1509399896.0,2.98,122.5,118.89,120.59,121.24,0.96,2.84,-269.77,15.4,52658678685.0,52658678685.0,-0.02,0.02,-0.36,-9.35
5029,688679,通源环境,53.88,-1.79,-0.98,32079.0,172210625.0,5.27,55.27,52.38,55.27,54.86,0.72,2.44,-169.57,6.45,7095439689.0,7095439689.0,-0.11,0.13,21.9,102.56
5030,002408,齐翔腾达,6.55,-1.8,-0.12,474158.0,314065573.14,4.2,6.8,6.52,6.66,6.67,0.92,1.72,-32.41,1.69,18620685886.0,18019684197.0,-0.15,0.0,29.45,34.22
5031,002838,道恩股份,27.75,-1.8,-0.51,67311.0,188659919.75,3.11,28.43,27.55,28.21,28.26,1.08,1.6,70.28,3.65,13275555656.0,11672530341.0,0.04,-0.14,5.67,15.24
5032,600360,*ST华微,9.83,-1.8,-0.18,424191.0,427652171.0,7.09,10.42,9.71,9.98,10.01,2.63,4.42,40.76,2.69,9439702838.0,9439702838.0,0.0,-0.1,19.59,23.49
5033,300936,中英科技,72.91,-1.8,-1.34,47536.0,348495337.27,3.81,75.11,72.28,75.04,74.25,0.63,10.02,-572.17,5.48,5482832000.0,3460328650.0,0.04,-0.36,78.05,86.95
5034,002478,常宝股份,10.89,-1.8,-0.2,362090.0,400484359.5,4.06,11.33,10.88,11.1,11.09,0.96,5.01,18.75,1.66,9809758043.0,7870463685.0,-0.09,0.0,21.4,28.57
5035,688602,康鹏科技,8.15,-1.81,-0.15,114094.0,92845628.0,3.01,8.3,8.05,8.3,8.3,1.02,4.4,-69.91,1.56,4232906250.0,2115708712.0,0.0,0.0,-10.93,-6.11
5036,603289,泰瑞机器,11.95,-1.81,-0.22,68209.0,82218664.0,2.63,12.27,11.95,12.26,12.17,0.78,2.32,38.55,2.37,3506015125.0,3506015125.0,-0.08,-0.25,12.63,18.08
5037,603162,海通发展,14.05,-1.82,-0.26,282592.0,399414685.0,4.19,14.5,13.9,14.41,14.31,1.49,10.11,15.49,2.81,13039837427.0,3925928219.0,0.0,0.21,14.32,17.18
5038,002236,大华股份,18.81,-1.83,-0.35,633637.0,1197886086.97,3.03,19.29,18.71,18.85,19.16,0.97,2.63,22.15,1.61,61823872347.0,45306150947.0,-0.16,-0.11,-7.79,-0.69
5039,920971,天马新材,29.4,-1.84,-0.55,66840.0,200232142.87,6.48,31.0,29.06,29.31,29.95,2.36,7.8,80.96,6.61,3089587259.0,2519662379.0,-0.2,-0.41,-9.51,-4.23
5040,688288,鸿泉技术,25.6,-1.84,-0.48,28586.0,73049390.0,2.68,26.08,25.38,25.87,26.08,1.03,2.86,86.84,3.38,2555230822.0,2555230822.0,0.04,0.0,-11.75,-4.51
5041,605598,上海港湾,53.09,-1.85,-1.0,94431.0,505643925.0,4.66,55.1,52.58,54.07,54.09,1.34,3.89,122.17,7.15,12901762390.0,12901762390.0,0.0,0.21,-10.5,-23.59
5042,001203,大中矿业,45.66,-1.85,-0.86,276965.0,1261394604.5,3.91,46.72,44.9,46.52,46.52,0.85,2.12,88.4,10.75,70000452662.0,59630778411.0,0.0,0.0,59.21,48.97
5043,002332,仙琚制药,8.95,-1.86,-0.17,189517.0,169615372.9,1.21,9.02,8.91,9.0,9.12,1.21,1.92,16.33,1.48,8853383551.0,8811934713.0,0.0,0.0,-4.69,-0.67
5044,603897,长城科技,50.71,-1.86,-0.96,172752.0,884131498.0,5.57,52.68,49.8,51.7,51.67,0.94,8.37,36.53,4.35,10468353384.0,10468353384.0,-0.02,-0.29,89.43,86.43
5045,000401,金隅冀东,4.72,-1.87,-0.09,187598.0,89008375.0,2.29,4.81,4.7,4.8,4.81,1.48,0.71,57.37,0.46,12546785349.0,12419993877.0,-0.21,-0.21,-1.46,7.03
5046,301314,科瑞思,50.34,-1.87,-0.96,19896.0,100323120.1,2.92,51.5,50.0,51.3,51.3,1.43,10.9,200.02,2.66,2781285000.0,919075603.0,-0.1,0.08,7.59,19.8
5047,603277,银都股份,14.16,-1.87,-0.27,13423.0,19127586.0,2.22,14.45,14.13,14.37,14.43,1.29,0.22,13.96,3.05,8689982159.0,8634003714.0,0.21,0.14,-14.75,-15.86
5048,603040,新坐标,84.05,-1.87,-1.6,19421.0,164327795.0,3.29,86.52,83.7,85.6,85.65,0.96,1.43,41.1,7.89,11469118059.0,11409295471.0,0.0,0.1,0.51,-8.63
5049,000597,东北制药,5.24,-1.87,-0.1,145066.0,76181240.87,1.69,5.31,5.22,5.28,5.34,0.61,1.03,28.75,1.35,7477942509.0,7384070382.0,-0.19,-0.38,-1.87,0.38
5050,920357,雅葆轩,25.59,-1.88,-0.49,34664.0,90321281.85,5.56,26.89,25.44,26.1,26.08,1.79,7.79,24.7,4.83,2049247200.0,1139128614.0,-0.04,-0.04,3.48,10.3
5051,920857,泓禧科技,25.02,-1.88,-0.48,9117.0,23082837.24,3.61,25.85,24.93,25.46,25.5,1.93,1.23,-87.62,5.16,1851658943.0,1851658943.0,-0.04,0.28,-20.77,-29.3
5052,688802,沐曦股份-U,707.41,-1.88,-13.59,26792.0,1899528489.0,5.16,732.88,695.7,721.0,721.0,0.86,14.77,-358.52,21.5,283034741000.0,12831690890.0,0.06,0.06,18.43,21.95
5053,688063,派能科技,76.06,-1.88,-1.46,102365.0,781311895.0,2.81,77.8,75.62,77.2,77.52,0.81,4.17,220.26,2.03,18662024479.0,18662024479.0,-0.16,-0.14,22.76,33.86
5054,603530,神马电力,60.98,-1.88,-1.17,73227.0,447052143.0,3.02,62.14,60.26,62.13,62.15,0.96,1.71,60.98,14.66,26324125384.0,26066801919.0,-0.03,0.11,30.58,48.44
5055,605188,国光连锁,17.15,-1.89,-0.33,49903.0,85658770.0,1.83,17.38,17.06,17.35,17.48,1.31,0.99,81.09,7.04,8615448275.0,8615448275.0,0.0,0.0,-16.63,-11.55
5056,920273,一致魔芋,23.34,-1.89,-0.45,28038.0,66439437.0,3.61,24.14,23.28,23.49,23.79,1.24,4.08,36.09,3.6,2408008479.0,1602773811.0,0.0,0.09,-31.43,-28.16
5057,603090,宏盛股份,72.85,-1.89,-1.4,62358.0,460103198.0,5.58,76.3,72.16,74.98,74.25,0.95,6.24,88.43,11.51,7285000000.0,7285000000.0,0.0,0.03,-1.42,31.38
5058,002054,德美化工,8.29,-1.89,-0.16,179636.0,149289378.0,2.13,8.44,8.26,8.4,8.45,0.94,4.68,33.82,1.56,3996737097.0,3183462199.0,0.0,0.12,-2.7,12.33
5059,605488,福莱新材,33.55,-1.9,-0.65,73538.0,247966717.0,3.13,34.48,33.41,34.48,34.2,1.27,2.66,117.59,6.13,10128105503.0,9266740321.0,0.0,0.09,-11.55,-2.33
5060,688179,阿拉丁,18.05,-1.9,-0.35,111004.0,200499815.0,3.91,18.57,17.85,18.27,18.4,1.01,3.19,60.72,6.16,6281548082.0,6281548082.0,0.17,0.0,24.74,45.33
5061,000488,ST晨鸣,2.58,-1.9,-0.05,266486.0,68966734.73,3.04,2.64,2.56,2.61,2.63,1.66,1.57,-0.91,8.38,7588956996.0,4371086955.0,0.39,0.0,20.0,17.27
5062,603222,济民健康,10.34,-1.9,-0.2,256061.0,265454788.0,3.23,10.51,10.17,10.44,10.54,0.62,4.88,-52.78,3.88,5429436959.0,5429436959.0,-0.1,-0.1,8.05,13.25
5063,002634,棒杰股份,5.69,-1.9,-0.11,499424.0,279309769.07,5.17,5.74,5.44,5.51,5.8,1.02,11.18,-2.17,-4.3,2613715799.0,2540667721.0,0.35,0.0,-4.85,0.71
5064,603060,国检集团,6.21,-1.9,-0.12,80463.0,50111470.0,3.0,6.36,6.17,6.33,6.33,2.29,1.0,41.81,2.44,4992597742.0,4992597742.0,-0.16,-0.16,-0.8,2.14
5065,002107,沃华医药,7.7,-1.91,-0.15,334779.0,257286174.01,2.8,7.83,7.61,7.83,7.85,0.53,5.86,30.32,6.57,4444513920.0,4399733923.0,0.0,-0.13,6.5,26.44
5066,301509,金凯生科,43.68,-1.91,-0.85,65221.0,284858081.14,2.99,44.65,43.32,44.31,44.53,0.64,11.49,38.15,2.39,5261110502.0,2478443735.0,0.07,0.09,16.11,29.31
5067,002488,金固股份,12.31,-1.91,-0.24,221637.0,273978859.08,2.55,12.55,12.23,12.5,12.55,0.88,2.41,218.78,3.5,12253854890.0,11326234028.0,0.08,0.16,7.51,40.05
5068,688006,杭可科技,31.26,-1.91,-0.61,189305.0,590254332.0,3.67,32.0,30.83,31.62,31.87,0.93,3.14,51.23,3.5,18870791472.0,18870791472.0,-0.03,0.1,-7.84,6.73
5069,002602,世纪华通,16.87,-1.92,-0.33,760925.0,1292137709.53,2.56,17.22,16.78,17.17,17.2,0.7,1.12,21.4,4.18,124343410772.0,114662583287.0,0.06,0.06,-14.93,-1.11
5070,603129,春风动力,272.68,-1.92,-5.33,19786.0,535088297.0,3.97,276.04,265.0,276.04,278.01,0.89,1.29,24.75,5.23,41851679815.0,41851679815.0,-0.04,0.2,2.51,-2.15
5071,000931,中 关 村,5.1,-1.92,-0.1,218796.0,109985165.62,4.62,5.19,4.95,5.19,5.2,1.32,2.91,80.21,2.35,3840947608.0,3830250613.0,0.2,0.39,0.0,4.72
5072,300304,云意电气,12.8,-1.92,-0.25,194554.0,250236823.39,2.99,13.06,12.67,12.97,13.05,1.3,2.28,24.08,3.28,11240239590.0,10937798835.0,0.08,0.08,10.44,9.97
5073,688326,经纬恒润-W,121.78,-1.93,-2.4,17906.0,219778762.0,2.27,124.28,121.46,124.07,124.18,1.31,1.6,146.74,3.31,14606410109.0,13593512387.0,0.02,0.08,-6.62,3.64
5074,002759,天际股份,34.49,-1.93,-0.68,430037.0,1480024920.52,2.1,34.91,34.17,34.73,35.17,0.68,8.58,210.42,5.26,17292686046.0,17277482441.0,0.0,0.15,-23.61,-25.72
5075,300469,信息发展,55.03,-1.94,-1.09,76932.0,421876584.79,3.15,56.0,54.23,56.0,56.12,1.09,3.1,-131.26,35.85,13660582485.0,13660237447.0,0.02,-0.07,-16.09,-10.95
5076,000628,高新发展,60.0,-1.94,-1.19,169158.0,1026679425.71,4.66,62.4,59.55,62.11,61.19,1.19,8.8,184.18,9.56,21136800000.0,11534315100.0,-0.1,-0.18,18.81,34.56
5077,688613,奥精医疗,20.68,-1.94,-0.41,32534.0,67492361.0,2.84,21.19,20.59,20.95,21.09,1.25,2.37,215.45,1.98,2833337517.0,2833337517.0,0.0,0.05,-10.44,1.82
5078,301568,思泰克,56.0,-1.94,-1.11,44783.0,251642800.1,3.71,57.73,55.61,57.12,57.11,1.05,9.41,51.74,5.55,5782470400.0,2665564160.0,0.0,0.0,11.0,15.39
5079,603585,苏利股份,23.59,-1.95,-0.47,113119.0,266959089.0,3.41,24.12,23.3,24.06,24.06,0.61,5.97,24.61,1.74,4568806814.0,4470790364.0,-0.08,-0.04,13.85,25.08
5080,300264,佳创视讯,8.55,-1.95,-0.17,166516.0,144001382.0,4.13,8.88,8.52,8.7,8.72,0.87,4.5,-155.95,378.58,3683831779.0,3167167548.0,0.0,0.12,18.75,27.42
5081,002128,电投能源,33.02,-1.96,-0.66,198620.0,661668980.14,2.32,33.78,33.0,33.35,33.68,0.96,0.89,9.25,1.86,74016756739.0,74016756739.0,-0.09,0.0,9.16,19.59
5082,601100,恒立液压,103.32,-1.96,-2.07,92523.0,958714956.0,2.82,105.7,102.73,105.55,105.39,1.02,0.69,50.67,8.02,138533624893.0,138533624893.0,-0.31,-0.1,-8.27,-6.0
5083,002150,正泰电源,29.95,-1.96,-0.6,191288.0,573416870.34,2.45,30.33,29.58,30.21,30.55,0.65,5.34,179.55,5.0,10808020650.0,10738422091.0,0.17,0.17,40.15,49.0
5084,600603,广汇物流,6.96,-1.97,-0.14,138979.0,97771607.0,4.23,7.22,6.92,7.06,7.1,0.78,1.16,19.56,1.14,8305570891.0,8305570891.0,0.0,0.14,11.18,11.9
5085,600658,电子城,4.97,-1.97,-0.1,206165.0,102660993.0,2.96,5.08,4.93,5.04,5.07,0.58,1.84,-11.07,1.0,5559367674.0,5559367674.0,0.2,0.2,-15.33,-9.47
5086,600643,爱建集团,4.94,-1.98,-0.1,341765.0,168746422.0,2.78,5.02,4.88,5.02,5.04,0.77,2.15,31.44,0.66,7870263643.0,7856337477.0,0.0,0.0,-10.99,-10.67
5087,300926,博俊科技,25.19,-1.98,-0.51,51400.0,130588824.05,2.22,25.75,25.18,25.69,25.7,1.06,1.72,12.96,3.14,10940518155.0,7506284973.0,-0.04,0.0,-21.16,-23.15
5088,603026,石大胜华,96.11,-1.98,-1.94,162228.0,1571824271.0,4.16,99.88,95.8,98.0,98.05,0.63,6.97,1406.73,4.55,22364894456.0,22364894456.0,-0.08,-0.15,34.21,28.47
5089,600512,腾达建设,2.47,-1.98,-0.05,403344.0,99738017.0,2.78,2.52,2.45,2.52,2.52,0.93,2.54,128.08,0.64,3936713118.0,3920890753.0,-0.4,0.0,0.41,2.07
5090,300383,光环新网,17.81,-1.98,-0.36,1470544.0,2622075127.01,3.25,18.15,17.56,18.15,18.17,0.79,8.2,167.2,2.51,32015128605.0,31943199073.0,0.0,0.17,15.72,42.37
5091,300267,尔康制药,3.94,-1.99,-0.08,640799.0,252016774.7,3.23,4.02,3.89,3.98,4.02,0.65,4.51,154.01,1.82,8126663188.0,5604224051.0,-0.25,-0.25,-5.06,15.54
5092,001326,联域股份,55.72,-1.99,-1.13,13831.0,77220220.34,4.36,57.57,55.09,56.84,56.85,0.98,5.74,156.6,3.36,4078704000.0,1343037492.0,0.54,0.34,3.86,18.0
5093,300816,艾可蓝,67.31,-1.99,-1.37,26510.0,180331141.0,4.22,69.5,66.6,69.0,68.68,0.91,4.68,54.52,5.93,5384800000.0,3814361514.0,0.73,0.79,-5.37,39.79
5094,301090,华润材料,8.83,-2.0,-0.18,495666.0,435035195.31,9.1,9.33,8.51,8.7,9.01,2.38,3.37,-151.01,2.04,13001834392.0,12988252704.0,-0.45,-0.34,21.12,25.43
5095,000560,我爱我家,2.94,-2.0,-0.06,962149.0,282589750.89,2.0,2.98,2.92,2.97,3.0,0.82,4.11,-71.67,0.75,6925172502.0,6875002410.0,0.0,-0.34,-2.65,0.68
5096,002199,*ST东晶,9.33,-2.0,-0.19,38382.0,35789307.2,3.68,9.58,9.23,9.4,9.52,0.84,1.58,-43.53,11.91,2271317247.0,2271317247.0,0.11,0.0,-4.7,9.89
5097,688160,步科股份,107.89,-2.01,-2.21,18983.0,205612440.0,3.13,111.0,107.55,110.99,110.1,0.93,2.09,135.21,7.56,9799886705.0,9799886705.0,-0.04,0.01,-25.74,-29.25
5098,000029,深深房Ａ,19.96,-2.01,-0.41,37905.0,76103689.22,2.21,20.4,19.95,20.34,20.37,0.96,0.43,202.02,5.59,20192733600.0,17797533600.0,-0.05,-0.1,-6.29,-9.36
5099,301043,绿岛风,53.71,-2.01,-1.1,11386.0,61201512.0,3.52,55.01,53.08,54.81,54.81,1.1,2.01,44.37,4.36,3652280000.0,3047921653.0,-0.11,0.09,-31.89,-17.75
5100,300528,幸福蓝海,17.06,-2.01,-0.35,167557.0,286244150.0,2.07,17.3,16.94,17.25,17.41,1.12,4.5,-43.95,16.39,6356693401.0,6356693401.0,-0.06,-0.06,-22.52,-17.94
5101,688114,华大智造,48.56,-2.02,-1.0,53901.0,260199435.0,5.41,49.68,47.0,48.7,49.56,2.06,1.3,-85.37,2.62,20226024487.0,20120094489.0,-0.25,0.0,-32.56,-20.08
5102,688790,昂瑞微-UW,143.82,-2.03,-2.98,10206.0,146691548.0,2.82,146.8,142.66,146.14,146.8,1.02,8.46,-120.17,5.14,14314647368.0,1734134243.0,0.04,-0.08,-12.92,-2.68
5103,603655,朗博科技,41.06,-2.03,-0.85,19512.0,80658014.0,2.1,41.93,41.05,41.82,41.91,1.18,1.84,100.28,7.84,4352360000.0,4352360000.0,-0.02,-0.12,-0.8,-1.77
5104,300316,晶盛机电,45.24,-2.04,-0.94,361350.0,1655026993.33,2.94,46.55,45.19,45.97,46.18,0.94,2.93,66.96,3.46,59243308976.0,55715567789.0,0.0,-0.09,17.26,23.1
5105,600649,城投控股,4.33,-2.04,-0.09,328130.0,142272527.0,2.04,4.4,4.31,4.39,4.42,0.99,1.31,37.49,0.52,10844488325.0,10844488325.0,0.0,0.0,-5.87,-2.7
5106,002564,天沃科技,6.25,-2.04,-0.13,202929.0,126117572.0,3.29,6.35,6.14,6.32,6.38,1.21,2.36,114.28,28.83,5368152981.0,5368152981.0,-0.16,0.16,-21.58,-18.83
5107,300301,ST长方,3.84,-2.04,-0.08,244831.0,94387666.0,7.4,4.04,3.75,4.04,3.92,0.52,3.1,-21.2,34.85,3186696073.0,3032829577.0,0.0,-0.26,62.71,62.03
5108,688625,呈和科技,68.84,-2.04,-1.43,29495.0,204331453.0,3.67,70.98,68.4,70.14,70.27,0.62,1.57,46.03,8.55,12964014267.0,12964014267.0,0.0,0.09,15.95,67.09
5109,603758,秦安股份,12.89,-2.05,-0.27,55330.0,71080938.0,2.28,13.05,12.75,13.01,13.16,1.51,1.26,60.32,2.18,5656093962.0,5656093962.0,0.08,0.23,-21.55,-25.88
5110,600376,首开股份,4.78,-2.05,-0.1,493534.0,235565261.0,1.02,4.8,4.75,4.8,4.88,0.98,1.91,-2.98,1.89,12330321857.0,12330321857.0,0.21,0.21,-15.85,-27.69
5111,002769,普路通,10.51,-2.05,-0.22,88827.0,94101964.0,2.89,10.8,10.49,10.72,10.73,1.47,2.38,81.76,3.32,3923572748.0,3920337517.0,0.0,0.0,-20.98,-10.55
5112,688658,悦康药业,19.52,-2.06,-0.41,91011.0,178963911.0,4.16,20.3,19.47,19.79,19.93,0.69,2.02,-33.48,2.65,8784000000.0,8784000000.0,0.05,0.1,-30.48,-13.67
5113,000973,佛塑科技,18.04,-2.06,-0.38,862511.0,1542398092.77,4.78,18.35,17.47,18.01,18.42,0.87,8.92,410.52,5.98,44346591259.0,17452314005.0,-0.11,0.11,35.54,22.72
5114,300635,中达安,13.8,-2.06,-0.29,63437.0,87015774.0,3.26,14.03,13.57,14.01,14.09,0.85,5.27,1478.49,5.12,1932193200.0,1661716333.0,-0.36,-0.22,-19.72,-13.91
5115,000908,ST景峰,7.14,-2.06,-0.15,176635.0,126533072.1,3.16,7.33,7.1,7.29,7.29,1.01,2.01,-211.43,168.42,12563177732.0,6281588866.0,0.0,-0.14,37.31,45.12
5116,002005,ST德豪,2.84,-2.07,-0.06,103649.0,29561368.0,2.07,2.89,2.83,2.89,2.9,0.93,0.59,41.4,13.48,4976886597.0,4975660569.0,0.0,0.0,-3.4,14.52
5117,600796,钱江生化,6.15,-2.07,-0.13,174448.0,106381898.0,5.1,6.33,6.01,6.29,6.28,2.33,5.6,32.04,1.55,5329502461.0,1915589017.0,0.16,0.16,-4.5,1.49
5118,688621,阳光诺和,63.02,-2.07,-1.33,21991.0,139777651.0,3.39,65.03,62.85,63.84,64.35,0.9,1.96,36.0,5.84,7058240000.0,7058240000.0,0.06,0.05,-16.59,1.4
5119,002306,*ST云网,2.36,-2.07,-0.05,206857.0,49333673.0,4.56,2.46,2.35,2.41,2.41,1.02,2.54,-70.19,29.6,2052639500.0,1920946513.0,-0.42,0.0,16.83,18.59
5120,300461,田中精机,57.8,-2.07,-1.22,117169.0,671037611.65,9.69,59.48,53.76,58.75,59.02,0.96,8.15,1442.1,17.07,9077876798.0,8306048255.0,0.1,0.12,191.18,202.94
5121,600228,*ST返利,6.11,-2.08,-0.13,122043.0,75579329.0,7.37,6.52,6.06,6.2,6.24,1.01,2.93,-40.2,6.44,2545868529.0,2541987151.0,0.0,-0.16,14.21,8.91
5122,600977,中国电影,14.6,-2.08,-0.31,614719.0,892328920.0,2.21,14.73,14.4,14.58,14.91,1.38,3.29,233.89,2.45,27258200000.0,27258200000.0,0.07,0.21,-11.03,-7.12
5123,688400,凌云光,47.92,-2.08,-1.02,125301.0,607692789.0,3.43,49.44,47.76,49.4,48.94,0.81,2.72,142.76,5.19,22964720528.0,22090005045.0,-0.08,-0.06,7.71,13.07
5124,603538,美诺华,51.41,-2.08,-1.09,488199.0,2533657507.0,5.26,53.51,50.75,53.34,52.5,0.74,22.58,88.63,5.05,11335280266.0,11116567731.0,0.06,-0.58,146.69,167.2
5125,002274,华昌化工,6.1,-2.09,-0.13,234665.0,143584581.0,2.73,6.23,6.06,6.18,6.23,1.02,2.5,-28.43,1.11,5809424341.0,5720879693.0,-0.16,0.0,4.27,7.96
5126,002102,能特科技,2.81,-2.09,-0.06,541001.0,152038366.58,3.14,2.85,2.76,2.84,2.87,1.28,2.49,11.52,2.1,6956511280.0,6105803995.0,0.0,0.36,-17.84,-15.62
5127,600848,上海临港,9.33,-2.1,-0.2,239094.0,223474855.0,2.52,9.52,9.28,9.52,9.53,1.06,1.0,24.29,1.41,23534803747.0,22335201507.0,-0.21,0.0,-22.83,-20.26
5128,301617,博苑股份,60.08,-2.1,-1.29,33408.0,201809758.26,4.07,62.22,59.72,60.5,61.37,1.52,6.3,45.46,4.75,8029091200.0,3186643200.0,0.03,0.2,-33.35,-22.75
5129,600126,杭钢股份,9.75,-2.11,-0.21,1949398.0,1909825692.0,4.32,10.08,9.65,9.95,9.96,0.84,5.77,1364.08,1.7,32927593559.0,32927593559.0,0.0,0.31,5.29,19.49
5130,603985,恒润股份,24.08,-2.11,-0.52,557886.0,1342505581.0,3.66,24.6,23.7,23.99,24.6,0.86,12.65,127.16,3.25,10615860712.0,10615860712.0,-0.08,-0.21,51.07,58.01
5131,688428,诺诚健华,30.15,-2.11,-0.65,102221.0,312301091.0,4.06,31.35,30.1,30.67,30.8,0.76,3.81,82.81,6.89,53204015153.0,8091045468.0,-0.03,-0.03,36.98,46.93
5132,920651,天罡股份,28.66,-2.12,-0.62,15155.0,44058723.69,6.15,30.0,28.2,29.28,29.28,1.0,3.65,21.77,3.22,1748260000.0,1188454910.0,0.0,0.28,-30.34,-33.81
5133,002370,亚太药业,7.38,-2.12,-0.16,478996.0,354103166.21,3.98,7.62,7.32,7.5,7.54,0.69,6.42,42.46,4.91,5503026371.0,5503026371.0,0.0,0.14,0.27,0.96
5134,603815,交建股份,6.43,-2.13,-0.14,316193.0,203517820.0,3.81,6.63,6.38,6.63,6.57,0.9,5.11,21.78,1.65,3979682831.0,3979682831.0,-0.31,-0.16,-19.83,-13.58
5135,301557,常友科技,110.63,-2.14,-2.42,9866.0,109384921.75,4.14,114.0,109.32,113.1,113.05,0.62,5.55,64.62,4.85,4901779769.0,1965340180.0,-0.49,0.17,-13.4,-15.41
5136,920719,宁新新材,11.44,-2.14,-0.25,61413.0,71051109.96,4.7,11.85,11.3,11.33,11.69,2.23,8.39,-3.2,3.16,1064988496.0,837335493.0,0.44,0.53,-17.34,-11.32
5137,600048,保利发展,5.94,-2.14,-0.13,1106579.0,656636027.0,2.97,6.06,5.88,6.06,6.07,0.81,0.92,68.72,0.37,71104433903.0,71104433903.0,0.0,-0.17,-7.04,-2.62
5138,002305,*ST南置,2.28,-2.15,-0.05,278383.0,63521806.28,3.86,2.34,2.25,2.33,2.33,0.75,1.61,-2.26,-1.29,3954011956.0,3953755469.0,0.0,0.0,2.7,2.24
5139,688068,热景生物,120.24,-2.15,-2.64,17900.0,216663649.0,3.15,123.87,120.0,122.13,122.88,0.65,1.93,-52.95,4.48,11147202706.0,11147202706.0,0.11,-0.07,-33.45,-25.78
5140,688139,海尔生物,32.82,-2.15,-0.72,36268.0,119183338.0,1.91,33.29,32.65,33.22,33.54,0.68,1.15,41.43,2.38,10387297700.0,10387297700.0,-0.12,0.03,-8.3,3.27
5141,600729,重庆百货,21.84,-2.15,-0.48,37447.0,81816654.0,2.6,22.2,21.62,22.09,22.32,1.73,1.95,9.2,1.23,9619495202.0,4203825313.0,-0.05,-0.05,-20.84,-15.48
5142,688700,东威科技,60.23,-2.16,-1.33,129613.0,785216933.0,7.62,63.9,59.21,61.84,61.56,0.96,4.34,138.89,9.73,17972713913.0,17972713913.0,-0.18,-0.18,59.34,70.72
5143,300480,光力科技,33.94,-2.16,-0.75,149643.0,509493860.0,2.8,34.68,33.71,34.68,34.69,0.7,5.54,258.05,9.34,12565355044.0,9169295293.0,0.03,-0.06,81.3,103.11
5144,300166,东方国信,16.3,-2.16,-0.36,1675392.0,2766453255.24,6.3,17.19,16.14,16.5,16.66,0.91,18.5,-141.35,3.17,18561555692.0,14764174261.0,-0.06,-0.24,38.37,59.49
5145,688522,纳睿雷达,36.11,-2.17,-0.8,57342.0,208645624.0,3.66,37.36,36.01,37.1,36.91,1.29,4.66,103.55,4.68,10941171333.0,4445032887.0,-0.14,-0.03,-14.57,-9.57
5146,603118,共进股份,14.85,-2.17,-0.33,991750.0,1472168858.0,2.5,15.03,14.65,15.03,15.18,1.62,12.6,101.62,2.32,11691054629.0,11691054629.0,0.2,0.13,25.0,29.13
5147,301626,苏州天脉,261.0,-2.17,-5.8,23020.0,605222636.02,4.45,268.88,257.0,265.5,266.8,1.04,4.37,158.83,19.17,30192480000.0,13733558478.0,0.04,0.0,40.43,40.1
5148,000668,*ST荣控,14.35,-2.18,-0.32,22933.0,32822392.1,3.41,14.69,14.19,14.69,14.67,0.82,1.56,80.59,2.77,2107181122.0,2107181122.0,0.0,-0.07,24.89,46.13
5149,601222,林洋能源,6.24,-2.19,-0.14,382497.0,239124729.0,2.66,6.37,6.2,6.37,6.38,1.25,1.87,26.61,0.83,12737213773.0,12737213773.0,-0.16,-0.16,7.96,14.08
5150,605088,冠盛股份,36.12,-2.19,-0.81,35982.0,130748015.0,2.55,36.94,36.0,36.94,36.93,0.96,1.8,24.42,2.55,7322465034.0,7213714938.0,0.0,0.0,-0.58,1.46
5151,600446,金证股份,12.48,-2.19,-0.28,171417.0,215245109.0,2.66,12.77,12.43,12.76,12.76,1.35,1.82,-69.78,3.27,11747018138.0,11747018138.0,-0.08,0.08,-27.86,-21.61
5152,601811,新华文轩,13.84,-2.19,-0.31,113710.0,157687444.0,2.97,14.1,13.68,14.08,14.15,1.0,1.44,10.89,1.12,17076359440.0,10959949976.0,-0.14,-0.07,-11.62,3.13
5153,688419,耐科装备,48.21,-2.21,-1.09,19227.0,92743076.0,3.83,49.21,47.32,49.01,49.3,0.72,3.23,68.75,5.32,5522535962.0,2868955068.0,0.0,0.02,21.83,72.24
5154,300850,新强联,41.63,-2.21,-0.94,175825.0,733156314.11,2.16,42.24,41.32,42.2,42.57,1.09,5.85,21.07,2.46,17238393311.0,12521687626.0,0.05,0.02,-9.89,0.63
5155,002253,*ST智胜,11.44,-2.22,-0.26,58299.0,67018284.0,3.5,11.78,11.37,11.77,11.7,0.89,2.8,-29.97,2.42,2581162527.0,2382998263.0,0.09,0.09,-1.55,1.6
5156,002833,弘亚数控,18.03,-2.22,-0.41,48832.0,88862580.0,3.42,18.58,17.95,18.47,18.44,1.24,1.69,16.9,2.66,7648907612.0,5196772602.0,0.0,0.11,6.18,10.14
5157,002656,*ST摩登,3.07,-2.23,-0.07,97934.0,30299149.0,3.5,3.16,3.05,3.16,3.14,1.36,1.45,-47.42,5.15,2187435921.0,2077130695.0,0.0,-0.32,14.55,8.87
5158,603113,金能科技,7.01,-2.23,-0.16,219169.0,153319990.0,3.77,7.2,6.93,7.18,7.17,1.04,2.58,269.88,0.74,5947919218.0,5947919218.0,-0.14,0.0,11.27,14.73
5159,600657,信达地产,3.05,-2.24,-0.07,190956.0,58436418.0,2.56,3.12,3.04,3.12,3.12,0.91,0.67,-1.1,0.54,8698229715.0,8698229715.0,0.0,0.0,-11.34,-11.59
5160,300192,科德教育,20.03,-2.24,-0.46,113862.0,228946540.0,2.88,20.52,19.93,20.35,20.49,1.15,3.51,53.48,6.72,6592740880.0,6502493211.0,0.0,0.05,-16.3,-5.21
5161,300919,中伟新材,56.64,-2.24,-1.3,195459.0,1111176155.63,2.69,57.94,56.38,57.94,57.94,0.88,2.14,37.67,2.52,59033258517.0,51683744554.0,-0.07,-0.12,1.71,22.25
5162,300603,立昂技术,11.79,-2.24,-0.27,427089.0,504406936.35,3.23,12.06,11.67,12.0,12.06,0.9,11.42,-68.6,3.9,5479971143.0,4408648895.0,0.08,0.17,11.97,21.3
5163,603228,景旺电子,64.72,-2.24,-1.48,404913.0,2643583179.0,3.05,66.52,64.5,65.4,66.2,1.13,4.15,51.78,4.88,63737424390.0,63150955049.0,0.0,0.02,-10.25,-11.45
5164,000593,德龙汇能,18.34,-2.24,-0.42,244832.0,452219780.96,4.37,18.97,18.15,18.75,18.76,0.91,6.83,199.09,7.52,6577292705.0,6574581319.0,0.16,0.11,0.33,63.75
5165,603626,科森科技,23.9,-2.25,-0.55,339121.0,819563097.0,4.5,24.67,23.57,24.45,24.45,1.02,6.11,-86.66,6.22,13261624591.0,13261624591.0,0.0,-0.13,17.27,14.14
5166,688331,荣昌生物,146.7,-2.27,-3.41,82276.0,1227986783.0,7.19,156.61,145.82,150.86,150.11,0.76,5.04,116.69,22.92,82808846756.0,23925759530.0,-0.02,-0.2,39.85,88.58
5167,002595,豪迈科技,88.45,-2.27,-2.05,50382.0,446368793.52,4.57,91.75,87.61,90.17,90.5,1.12,0.63,29.57,5.88,70760000000.0,70270695838.0,0.05,-0.01,6.62,4.66
5168,603163,圣晖集成,110.92,-2.27,-2.58,26711.0,298834159.0,4.22,114.48,109.69,111.9,113.5,0.71,2.67,71.77,9.49,11092000000.0,11092000000.0,0.0,-0.17,33.86,61.69
5169,600289,ST信通,7.27,-2.28,-0.17,92489.0,67010780.0,4.3,7.45,7.13,7.36,7.44,1.38,1.63,-25.15,4.1,4587748542.0,4114257913.0,0.0,0.83,4.6,9.49
5170,000762,西藏矿业,36.0,-2.28,-0.84,512321.0,1865107433.38,4.37,37.4,35.79,36.52,36.84,0.78,9.84,-620.62,6.41,18749492640.0,18748822248.0,0.0,0.08,25.87,37.04
5171,002896,中大力德,72.88,-2.29,-1.71,70344.0,512832492.08,2.35,74.0,72.25,74.0,74.59,1.54,3.58,228.41,11.92,14322572190.0,14322572190.0,-0.01,-0.03,-15.94,-18.44
5172,301160,翔楼新材,58.81,-2.29,-1.38,21215.0,125909885.29,3.11,60.55,58.68,60.0,60.19,0.96,2.87,33.06,3.92,6678217657.0,4347778016.0,0.02,-0.05,-16.92,-18.19
5173,300083,创世纪,8.53,-2.29,-0.2,1194622.0,1022472340.52,2.75,8.7,8.46,8.7,8.73,2.08,8.0,99.13,2.72,14201277884.0,12731325375.0,0.12,0.24,-10.49,-7.38
5174,603202,天有为,95.36,-2.29,-2.23,14064.0,134871545.0,2.53,97.68,95.21,97.68,97.59,0.45,4.23,14.69,2.3,15257600000.0,3171867944.0,0.01,-0.04,3.53,3.87
5175,003036,泰坦股份,27.7,-2.29,-0.65,100405.0,280230453.25,3.0,28.4,27.55,28.16,28.35,0.49,4.64,106.68,4.33,5991067797.0,5990914062.0,0.07,-0.14,69.94,78.94
5176,603227,雪峰科技,8.92,-2.3,-0.21,435652.0,385771032.0,3.5,9.06,8.74,9.0,9.13,1.21,4.07,52.32,1.83,9559498786.0,9559498786.0,-0.11,-0.11,5.06,7.21
5177,688062,迈威生物-U,37.88,-2.3,-0.89,74947.0,286472002.0,3.43,39.19,37.86,38.7,38.77,0.72,3.67,-15.62,43.31,15136848000.0,7733959600.0,-0.32,-0.11,-9.49,-1.53
5178,002718,友邦吊顶,73.92,-2.3,-1.74,19424.0,145060303.7,5.02,76.7,72.9,75.72,75.66,0.79,2.07,773.52,10.41,9568783520.0,6947062510.0,0.16,0.11,19.81,105.68
5179,300438,鹏辉能源,67.39,-2.31,-1.59,328091.0,2198270805.12,2.99,68.3,66.24,67.2,68.98,0.64,8.12,222.09,6.51,33920309030.0,27236627999.0,-0.04,0.0,27.73,26.63
5180,300419,ST浩丰,7.18,-2.31,-0.17,92429.0,66899823.0,3.27,7.37,7.13,7.37,7.35,1.4,2.51,-129.4,6.12,2640472069.0,2640472069.0,-0.28,0.0,10.8,13.97
5181,001221,悍高集团,62.62,-2.31,-1.48,13526.0,85158063.0,3.79,64.68,62.25,64.15,64.1,1.08,3.76,38.86,9.14,25048626200.0,2254883580.0,-0.1,0.03,4.58,8.13
5182,000612,焦作万方,13.48,-2.32,-0.32,460378.0,622258088.59,2.1,13.69,13.4,13.65,13.8,0.6,3.86,15.0,2.23,16070847831.0,16070847831.0,-0.15,0.0,4.9,22.32
5183,301636,泽润新能,72.26,-2.34,-1.73,33062.0,238156546.27,3.05,73.68,71.42,73.02,73.99,0.83,20.71,65.36,4.28,4615088890.0,1153772241.0,0.1,0.01,43.12,47.77
5184,600655,豫园股份,5.01,-2.34,-0.12,273919.0,137996356.0,2.53,5.12,4.99,5.1,5.13,0.69,0.7,31.06,0.65,19501215948.0,19488129828.0,-0.2,-0.2,-4.57,-2.34
5185,300020,ST银江,3.75,-2.34,-0.09,168277.0,63530884.8,3.13,3.85,3.73,3.8,3.84,0.87,2.2,-1.67,2.12,2980042403.0,2874688159.0,0.27,0.0,-4.09,7.14
5186,688536,思瑞浦,196.95,-2.34,-4.71,45113.0,892064943.0,3.26,202.68,196.11,201.01,201.66,0.91,3.33,157.2,4.37,27193966377.0,26716066414.0,0.05,0.03,16.88,23.19
5187,300515,三德科技,18.18,-2.36,-0.44,32428.0,59093882.0,2.58,18.58,18.1,18.51,18.62,1.74,1.61,28.23,3.88,3740616810.0,3667956350.0,0.0,0.0,-11.36,-7.53
5188,300132,青松股份,8.69,-2.36,-0.21,182050.0,159370250.4,3.15,8.93,8.65,8.86,8.9,1.11,3.58,30.4,3.19,4489087899.0,4415226358.0,0.0,0.12,1.16,-0.23
5189,603121,华培动力,21.91,-2.36,-0.53,94229.0,208237045.0,4.32,22.59,21.62,22.32,22.44,1.11,2.78,202.17,6.23,7417273696.0,7417273696.0,-0.14,-0.18,5.24,3.54
5190,300912,凯龙高科,27.21,-2.37,-0.66,91894.0,250995041.56,4.88,28.28,26.92,27.64,27.87,1.25,10.69,-86.57,6.34,3125939220.0,2338311077.0,-0.15,-0.18,44.35,64.91
5191,002244,滨江集团,10.28,-2.37,-0.25,263697.0,270147870.6,3.42,10.48,10.12,10.44,10.53,1.0,0.98,10.02,1.08,31985643189.0,27611045472.0,-0.1,0.0,0.1,2.29
5192,688302,海创药业-U,45.33,-2.37,-1.1,13378.0,60933702.0,3.08,46.58,45.15,46.58,46.43,0.63,1.35,-32.84,4.22,4488377057.0,4488377057.0,0.0,-0.02,-11.14,-7.81
5193,688087,英科再生,37.26,-2.38,-0.91,20621.0,76906567.0,3.35,38.14,36.86,37.99,38.17,0.87,1.11,24.03,2.44,7230480917.0,6939506957.0,-0.03,0.03,13.01,20.9
5194,600936,北投科技,4.08,-2.39,-0.1,364120.0,148958098.0,4.07,4.19,4.02,4.19,4.18,1.87,2.18,68.28,6.86,6817787055.0,6817787055.0,-0.24,-0.49,-8.52,-3.32
5195,301237,和顺科技,69.47,-2.39,-1.7,50188.0,339449951.42,5.89,70.32,66.13,68.31,71.17,2.96,8.62,-30.58,4.84,5557600000.0,4046627500.0,0.49,0.89,-4.34,19.96
5196,300329,海伦钢琴,14.61,-2.4,-0.36,44890.0,66086224.0,1.94,14.9,14.61,14.9,14.97,0.97,1.78,-69.52,5.45,3694705076.0,3683597195.0,-0.14,-0.07,-4.94,-9.76
5197,300125,*ST聆达,9.37,-2.4,-0.23,76114.0,72036964.0,3.96,9.68,9.3,9.52,9.6,0.84,2.11,307.0,5.93,6239014378.0,3380792998.0,0.11,0.11,24.27,22.8
5198,300477,ST合纵,2.44,-2.4,-0.06,285813.0,70115420.1,2.8,2.5,2.43,2.48,2.5,0.66,2.88,-14.51,2.65,2615725596.0,2417675364.0,0.0,-0.41,-26.51,-6.87
5199,603299,苏盐井神,10.95,-2.41,-0.27,85897.0,94735969.0,2.67,11.22,10.92,11.19,11.22,1.34,1.1,19.13,1.39,10458001236.0,8517532179.0,0.0,-0.09,1.58,5.09
5200,301631,壹连科技,101.52,-2.41,-2.51,27171.0,278280581.88,4.83,105.62,100.6,104.0,104.03,0.79,8.85,31.47,3.71,9280408162.0,3117222157.0,-0.03,0.02,-1.32,-1.96
5201,000893,亚钾国际,53.07,-2.41,-1.31,184238.0,989188500.04,3.53,54.92,53.0,54.21,54.38,0.83,2.27,26.99,3.76,49039396494.0,43082760627.0,-0.04,0.06,0.76,10.63
5202,688178,万德斯,34.3,-2.45,-0.86,23477.0,81580764.0,5.03,35.79,34.02,34.7,35.16,0.77,2.76,-25.62,3.17,2915426049.0,2915426049.0,-0.09,0.29,36.6,42.74
5203,300338,ST开元,3.58,-2.45,-0.09,104682.0,37623165.0,3.54,3.67,3.54,3.65,3.67,0.98,3.0,-17.03,-37.27,1441396397.0,1250713246.0,0.0,0.0,0.28,-5.79
5204,688443,智翔金泰-U,30.36,-2.47,-0.77,55463.0,170233054.0,5.69,31.87,30.1,31.03,31.13,0.88,4.75,-20.76,7.01,11132404800.0,3542404800.0,-0.13,0.07,0.0,11.45
5205,688785,恒运昌,296.5,-2.48,-7.54,8826.0,263530558.0,4.02,305.99,293.77,302.99,304.04,1.28,6.93,175.5,18.78,20073550492.0,3773752673.0,0.1,0.0,221.65,221.65
5206,603136,天目湖,11.01,-2.48,-0.28,68483.0,75052807.0,2.04,11.04,10.81,11.0,11.29,1.56,2.54,71.1,2.15,2974095077.0,2974095077.0,0.0,0.09,-8.71,-6.54
5207,301630,同宇新材,216.38,-2.49,-5.52,15383.0,333121847.7,2.7,220.0,214.0,220.0,221.9,0.73,15.38,67.99,5.08,8655200000.0,2163800000.0,0.08,0.12,19.42,27.13
5208,002859,洁美科技,48.97,-2.49,-1.25,135755.0,668231787.46,5.14,50.98,48.4,50.73,50.22,1.07,3.34,96.07,7.0,21117163223.0,19876892051.0,0.04,0.12,62.26,77.43
5209,301607,富特科技,47.75,-2.49,-1.22,30236.0,144422387.68,4.04,49.2,47.22,48.97,48.97,1.1,2.7,40.64,6.51,7421324052.0,5340619665.0,-0.13,-0.04,8.23,19.05
5210,300587,天铁科技,5.88,-2.49,-0.15,347912.0,205965810.54,4.64,6.14,5.86,6.14,6.03,0.87,3.31,-98.72,3.19,7633820526.0,6185392565.0,0.17,0.0,-3.13,-4.08
5211,600232,金鹰股份,8.58,-2.5,-0.22,176134.0,149695127.0,5.57,8.79,8.3,8.69,8.8,1.82,4.83,150.19,3.29,3129285108.0,3129285108.0,0.0,-0.12,0.12,8.47
5212,920809,安达科技,8.18,-2.5,-0.21,279145.0,230170913.47,3.81,8.43,8.11,8.39,8.39,0.98,6.08,-19.13,3.13,4900229000.0,3755496471.0,0.0,0.12,4.87,16.52
5213,002733,雄韬股份,30.83,-2.5,-0.79,279931.0,862832402.21,3.42,31.5,30.42,31.41,31.62,0.72,7.59,83.51,4.31,11845345768.0,11372038860.0,0.03,0.06,46.46,57.06
5214,300798,锦鸡股份,11.65,-2.51,-0.3,670209.0,782089826.54,5.61,12.08,11.41,11.88,11.95,1.06,17.57,-269.14,3.25,5462278100.0,4443501876.0,0.0,0.43,52.09,63.85
5215,300909,汇创达,41.09,-2.51,-1.06,34405.0,143112088.43,3.53,42.49,41.0,42.15,42.15,0.8,2.82,92.46,3.52,7107459707.0,5021652086.0,-0.02,0.0,-16.19,-14.57
5216,605319,无锡振华,27.2,-2.51,-0.7,137851.0,374433602.0,3.23,27.8,26.9,27.54,27.9,0.98,3.96,22.43,3.67,9522652571.0,9469721371.0,-0.15,-0.11,22.36,29.28
5217,688273,麦澜德,47.67,-2.52,-1.23,22303.0,107751212.0,3.7,49.46,47.65,48.5,48.9,0.61,2.23,51.98,3.48,4767000000.0,4767000000.0,0.02,-0.87,-4.03,12.11
5218,688213,思特威-W,92.92,-2.52,-2.4,90391.0,846629730.0,3.67,96.2,92.7,96.13,95.32,1.18,2.79,37.34,7.16,37382345533.0,30060500510.0,-0.03,-0.1,-1.87,-2.28
5219,688176,亚虹医药-U,13.53,-2.52,-0.35,141088.0,191742250.0,3.03,13.89,13.47,13.73,13.88,0.95,3.24,-18.56,4.9,7727936676.0,5894830890.0,0.22,0.22,2.81,17.55
5220,603095,越剑智能,17.79,-2.52,-0.46,31431.0,56175273.0,2.96,18.21,17.67,18.21,18.25,1.3,1.22,53.81,1.98,4594609068.0,4594609068.0,0.0,0.0,3.01,-0.28
5221,688185,康希诺,69.85,-2.53,-1.81,21789.0,153104803.0,2.64,71.7,69.81,71.68,71.66,0.89,1.91,619.1,3.48,17256009500.0,7988947135.0,-0.03,-0.1,-0.27,11.14
5222,600499,科达制造,17.67,-2.54,-0.46,251277.0,449373879.0,3.25,18.25,17.66,18.13,18.13,0.92,1.31,25.89,2.69,33888522429.0,33888522429.0,-0.11,-0.11,19.55,27.4
5223,000680,山推股份,11.46,-2.55,-0.3,244272.0,278978514.13,3.49,11.71,11.3,11.7,11.76,1.06,1.86,14.2,2.78,17191634334.0,15066216229.0,-0.09,0.0,-7.36,-4.26
5224,300303,聚飞光电,9.95,-2.55,-0.26,1636140.0,1622499025.0,2.64,10.05,9.78,9.78,10.21,1.17,12.31,68.97,3.67,14097214994.0,13220035023.0,0.0,0.1,42.96,45.47
5225,601086,国芳集团,8.77,-2.56,-0.23,146262.0,127655024.0,4.0,8.98,8.62,8.98,9.0,2.3,2.2,83.11,3.63,5840820000.0,5840820000.0,0.11,0.11,-15.59,-13.77
5226,300209,行云科技,13.34,-2.56,-0.35,940312.0,1253449559.51,5.84,13.7,12.9,13.37,13.69,0.7,12.8,-670.69,12.5,12388005921.0,9799028212.0,0.38,0.38,134.45,144.77
5227,000700,模塑科技,11.43,-2.56,-0.3,332240.0,381877008.37,2.39,11.69,11.41,11.69,11.73,0.91,3.62,20.98,2.61,10492915896.0,10492915896.0,-0.09,-0.09,-15.33,-18.65
5228,301070,开勒股份,93.13,-2.56,-2.45,73404.0,702309395.77,6.41,98.97,92.84,97.0,95.58,0.73,12.37,291.41,10.68,8403104999.0,5527712524.0,0.04,-0.43,46.2,51.31
5229,300408,三环集团,63.49,-2.58,-1.68,255837.0,1647467896.86,4.37,66.03,63.18,64.72,65.17,0.83,1.37,46.47,5.62,121678418085.0,118713852278.0,0.03,0.08,28.08,38.78
5230,600421,*ST华嵘,5.29,-2.58,-0.14,82573.0,42967926.0,3.68,5.36,5.16,5.16,5.43,1.74,4.22,-364.44,167.86,1034724000.0,1034724000.0,-0.19,0.19,-18.74,-24.21
5231,688167,炬光科技,378.88,-2.58,-10.05,62593.0,2371129669.0,6.68,395.95,369.98,393.72,388.93,0.97,6.97,-817.6,15.3,34045976453.0,34045976453.0,0.15,0.17,112.85,116.42
5232,603375,盛景微,41.68,-2.59,-1.11,59139.0,244266115.0,3.67,42.1,40.53,41.8,42.79,1.87,9.27,163.46,2.65,4195786681.0,2658389121.0,-0.1,0.22,7.98,14.19
5233,002208,合肥城建,12.38,-2.6,-0.33,310246.0,386686053.0,2.36,12.64,12.34,12.5,12.71,0.99,3.86,-19.1,1.67,9944753648.0,9942034665.0,0.0,0.32,-3.66,0.0
5234,002353,杰瑞股份,118.02,-2.61,-3.16,173792.0,2061751808.66,4.04,121.0,116.1,121.0,121.18,0.75,2.52,51.35,5.14,120835465411.0,81492380997.0,0.02,0.01,45.88,66.62
5235,688003,天准科技,71.94,-2.61,-1.93,40281.0,288434385.0,4.3,73.87,70.69,73.87,73.87,1.13,2.07,177.86,6.94,13979416770.0,13979416770.0,0.39,0.06,12.81,22.14
5236,301326,捷邦科技,161.35,-2.61,-4.32,36917.0,613815369.28,19.67,191.91,159.32,175.14,165.67,2.21,5.12,-699.63,9.15,11731714613.0,11626463588.0,-0.36,-0.4,55.85,47.81
5237,688231,隆达股份,34.26,-2.62,-0.92,44735.0,154198675.0,3.92,35.47,34.09,35.47,35.18,1.2,1.81,112.54,3.06,8457325719.0,8457325719.0,0.12,0.26,23.68,31.77
5238,300326,ST凯利,6.67,-2.63,-0.18,178537.0,120141113.09,5.4,6.96,6.59,6.95,6.85,1.79,2.49,35.46,1.67,4782474589.0,4780506572.0,0.0,0.0,14.6,17.43
5239,002192,融捷股份,82.33,-2.63,-2.22,303919.0,2533643503.88,7.19,87.58,81.5,85.14,84.55,0.78,11.73,76.69,6.05,21377412863.0,21333158430.0,0.11,0.16,45.49,59.09
5240,300750,宁德时代,432.5,-2.63,-11.7,529278.0,22768028849.94,2.68,437.9,426.01,433.0,444.2,1.19,1.24,23.8,5.53,1973964655360.0,1841087624135.0,0.0,0.12,22.26,17.76
5241,603353,和顺石油,37.98,-2.64,-1.03,55004.0,211602693.0,4.64,39.6,37.79,39.47,39.01,0.81,3.23,224.56,3.96,6528989880.0,6472475640.0,0.0,0.16,25.39,38.97
5242,300285,国瓷材料,35.63,-2.65,-0.97,454687.0,1634757470.94,3.55,36.75,35.45,36.38,36.6,0.99,5.43,58.21,4.97,35524830893.0,29830509176.0,0.0,0.0,11.45,29.99
5243,002624,完美世界,20.15,-2.66,-0.55,965148.0,1984836973.39,6.18,21.35,20.07,20.88,20.7,1.14,5.28,44.05,5.52,39090363341.0,36828820776.0,-0.15,-0.05,9.63,22.94
5244,300415,伊之密,23.81,-2.66,-0.65,153690.0,366847785.78,3.6,24.49,23.61,24.49,24.46,1.89,3.39,20.64,3.29,11156463220.0,10788123830.0,0.0,0.0,-12.4,-8.63
5245,300570,太辰光,137.45,-2.67,-3.77,292876.0,4051357958.79,4.95,143.0,136.01,143.0,141.22,0.91,15.24,104.42,18.28,31218587869.0,26416900085.0,0.01,0.07,27.72,18.95
5246,600521,华海药业,16.43,-2.67,-0.45,360541.0,593886651.0,2.61,16.82,16.38,16.61,16.88,1.0,2.41,92.15,2.6,24599852594.0,24599852594.0,0.0,0.06,-4.2,-3.18
5247,002508,老板电器,19.45,-2.7,-0.54,80420.0,158466905.43,3.35,20.09,19.42,19.99,19.99,1.96,0.86,11.91,1.61,18379061916.0,18157582257.0,0.0,0.1,0.21,0.52
5248,688147,微导纳米,67.31,-2.7,-1.87,94289.0,634384790.0,5.78,68.88,64.88,68.68,69.18,1.19,2.04,145.85,10.42,31040586241.0,31040586241.0,-0.13,0.04,-10.52,7.2
5249,300964,本川智能,75.41,-2.7,-2.09,58479.0,441472488.53,2.53,76.66,74.7,76.11,77.5,0.77,10.44,130.51,5.69,5755915896.0,4223701054.0,0.08,-0.04,19.64,35.63
5250,605196,华通线缆,50.01,-2.7,-1.39,80035.0,400323052.0,4.2,51.65,49.49,51.42,51.4,0.79,1.58,74.48,7.74,25553718772.0,25253188678.0,-0.1,0.04,28.73,43.96
5251,688553,汇宇制药-W,19.4,-2.71,-0.54,109943.0,214967311.0,3.11,19.93,19.31,19.6,19.94,0.83,3.2,-339.58,2.17,8217840000.0,6664670665.0,0.31,0.31,-9.05,9.05
5252,300076,GQY视讯,4.63,-2.73,-0.13,588466.0,268996733.65,3.15,4.65,4.5,4.51,4.76,3.32,13.88,-46.65,2.18,1963120000.0,1963120000.0,0.22,0.0,-43.33,-44.22
5253,300236,上海新阳,85.45,-2.74,-2.41,104389.0,901023624.13,3.66,88.47,85.25,88.06,87.86,0.99,3.75,89.06,5.2,26778504974.0,23802106216.0,0.0,0.07,-3.45,34.02
5254,300508,维宏股份,37.97,-2.77,-1.08,36826.0,139158372.0,4.3,38.69,37.01,38.69,39.05,2.29,4.5,47.07,4.8,4132895150.0,3108191280.0,0.08,0.05,-4.93,2.9
5255,002379,宏桥控股,28.31,-2.78,-0.81,185562.0,528247921.96,5.36,29.46,27.9,29.06,29.12,1.22,1.63,20.65,0.71,368910956299.0,32170740947.0,0.04,0.07,-3.71,18.35
5256,920179,凯德石英,52.69,-2.79,-1.51,69704.0,373786058.88,8.54,55.63,51.0,51.0,54.2,1.91,11.67,169.71,5.26,3950169300.0,3146566395.0,-0.96,-2.01,13.41,36.36
5257,301550,斯菱智驱,158.24,-2.8,-4.55,53873.0,849410357.98,4.05,161.9,155.3,161.02,162.79,0.82,3.82,196.32,13.76,36596956000.0,22324431157.0,-0.1,0.13,-13.58,14.09
5258,300738,奥飞数据,24.29,-2.8,-0.7,967381.0,2361617730.45,2.96,24.85,24.11,24.74,24.99,1.04,9.82,180.82,6.39,23930179211.0,23922650282.0,0.21,-0.16,2.97,31.37
5259,300857,协创数据,307.99,-2.81,-8.91,248546.0,7615468724.16,3.36,312.66,302.0,308.0,316.9,0.89,7.23,91.55,24.28,106601735644.0,105945578349.0,0.01,0.19,57.3,82.59
5260,301611,珂玛科技,100.11,-2.81,-2.89,155908.0,1570534955.72,3.14,102.86,99.63,102.45,103.0,1.05,10.64,133.88,25.28,43647960000.0,14674392896.0,0.08,0.04,-25.82,16.77
5261,600219,南山铝业,6.21,-2.82,-0.18,2818411.0,1751289966.0,3.13,6.37,6.17,6.37,6.39,1.26,2.45,15.06,1.44,71313786681.0,71313786681.0,-0.16,0.16,4.72,15.43
5262,603766,隆鑫通用,15.16,-2.82,-0.44,632082.0,953134526.0,6.6,15.58,14.55,15.2,15.6,3.23,3.08,16.51,3.23,31131694446.0,31131694446.0,-0.07,-0.13,2.92,-4.71
5263,688596,正帆科技,31.68,-2.82,-0.92,137156.0,435398010.0,6.66,32.77,30.6,30.82,32.6,2.04,4.66,-91.01,2.57,9318076131.0,9318076131.0,-0.09,-0.13,-3.74,0.16
5264,605255,天普股份,116.5,-2.82,-3.38,29739.0,348296466.0,6.09,122.3,115.0,122.0,119.88,0.76,2.22,656.29,19.36,15620320000.0,15620320000.0,0.0,-0.09,-33.36,-46.56
5265,000889,中嘉博创,5.14,-2.84,-0.15,2555625.0,1334000874.22,7.94,5.45,5.03,5.42,5.29,1.0,29.38,-181.84,65.17,4812536336.0,4471004050.0,0.59,0.39,34.91,42.78
5266,002248,华东数控,12.64,-2.84,-0.37,208223.0,261247707.0,2.92,12.74,12.36,12.7,13.01,1.44,6.77,119.55,33.88,3886744384.0,3886744384.0,0.0,0.08,1.28,9.63
5267,002531,天顺风能,12.25,-2.85,-0.36,744264.0,913961763.85,4.28,12.61,12.07,12.57,12.61,1.33,4.17,-93.46,2.54,22011763561.0,21888119913.0,0.08,0.16,70.14,78.57
5268,688789,宏华数科,70.02,-2.86,-2.06,22071.0,154713457.0,3.55,71.84,69.28,71.78,72.08,1.49,1.22,23.86,3.53,12621532612.0,12621532612.0,-0.04,0.01,-15.82,-14.16
5269,603373,安邦护卫,39.99,-2.87,-1.18,21013.0,84460715.0,3.21,41.17,39.85,41.17,41.17,1.65,4.63,35.83,2.38,4300000011.0,1816750019.0,0.0,0.08,-0.03,5.35
5270,600539,狮头股份,16.58,-2.87,-0.49,180989.0,303376082.0,6.21,17.47,16.41,17.36,17.07,0.73,7.87,-174.56,12.71,3813400000.0,3813400000.0,-0.42,-0.06,55.83,62.87
5271,688328,深科达,41.11,-2.88,-1.22,66008.0,274942186.0,4.39,42.81,40.95,42.28,42.33,1.19,6.99,159.02,4.68,3883098287.0,3883098287.0,-0.1,-0.29,34.13,40.88
5272,002268,电科网安,16.88,-2.88,-0.5,191623.0,320532763.62,2.42,16.92,16.5,16.9,17.38,2.29,2.27,-22.9,2.6,14274337081.0,14267895673.0,-0.06,-0.06,-20.75,-17.82
5273,301373,凌玮科技,97.61,-2.89,-2.9,70649.0,708465286.63,8.14,105.18,97.0,100.91,100.51,0.73,17.32,77.15,6.37,10587960803.0,3980838196.0,0.1,-0.36,186.67,204.08
5274,001231,农心科技,24.21,-2.89,-0.72,39515.0,96852260.0,3.41,25.0,24.15,24.93,24.93,0.76,7.77,45.59,2.45,2419547400.0,1230872715.0,0.04,0.0,-2.18,-2.93
5275,603863,松炀资源,17.81,-2.89,-0.53,78544.0,140323743.0,3.93,18.34,17.62,17.79,18.34,0.89,3.84,-31.52,10.01,3644816500.0,3644816500.0,0.0,-0.11,-6.46,-10.73
5276,688661,和林微纳,86.2,-2.9,-2.57,75128.0,665750066.0,8.11,91.88,84.68,88.77,88.77,1.54,4.95,439.47,10.66,13092730601.0,13092730601.0,-0.12,0.03,6.49,66.54
5277,000830,鲁西化工,15.72,-2.9,-0.47,418296.0,662531355.03,3.64,16.22,15.63,16.1,16.19,1.46,2.2,21.94,1.57,29935894853.0,29933535564.0,-0.13,0.26,-10.12,-5.13
5278,301180,万祥科技,20.08,-2.9,-0.6,78745.0,158896610.64,5.03,20.9,19.86,20.78,20.68,1.04,4.8,623.84,6.09,8032200800.0,3295891080.0,0.05,0.1,12.05,20.24
5279,603119,浙江荣泰,76.44,-2.91,-2.29,137735.0,1055492886.0,3.18,78.0,75.5,78.0,78.73,0.89,6.76,99.88,13.65,27804449946.0,15584547681.0,0.0,0.08,-31.21,-33.92
5280,600730,中国高科,8.35,-2.91,-0.25,205568.0,173015056.0,5.47,8.73,8.26,8.6,8.6,1.23,3.5,-267.01,2.73,4898577617.0,4898577617.0,0.0,-0.12,-27.01,-23.67
5281,301123,奕东电子,66.53,-2.92,-2.0,175848.0,1198196353.29,6.79,70.49,65.84,68.71,68.53,1.26,7.53,408.2,5.37,15610599200.0,15541408000.0,0.02,-0.18,0.15,-9.56
5282,920242,建邦科技,26.5,-2.93,-0.8,24126.0,64825048.74,6.48,27.89,26.12,26.51,27.3,2.57,6.41,20.64,2.6,1766768250.0,998161588.0,0.04,0.0,-13.71,-9.46
5283,301282,金禄电子,45.04,-2.93,-1.36,154719.0,700612062.96,4.2,46.65,44.7,46.01,46.4,0.69,13.16,75.31,3.96,6807344159.0,5295900306.0,-0.04,0.11,53.3,54.99
5284,601208,东材科技,35.65,-2.94,-1.08,652571.0,2339186771.0,3.35,36.65,35.42,36.51,36.73,1.03,6.46,95.46,6.03,36013021918.0,36013021918.0,-0.03,0.0,24.17,32.09
5285,688221,前沿生物-U,19.07,-2.95,-0.58,107440.0,206543107.0,4.38,19.84,18.98,19.42,19.65,0.85,2.87,-27.29,8.08,7143214913.0,7143214913.0,0.0,0.0,-26.93,5.65
5286,603319,美湖股份,33.93,-2.97,-1.04,143937.0,493793379.0,3.83,35.15,33.81,34.97,34.97,1.17,4.24,129.8,4.67,11507348575.0,11507348575.0,-0.03,-0.03,-8.99,-7.14
5287,300401,花园生物,13.39,-2.97,-0.41,217856.0,293739737.45,3.55,13.82,13.33,13.69,13.8,1.8,4.07,36.2,2.22,7279942297.0,7162324551.0,0.0,0.3,-18.95,-11.44
5288,301183,东田微,193.19,-2.98,-5.93,79617.0,1552537006.18,4.77,200.5,191.0,200.0,199.12,1.0,13.56,144.98,16.57,15469950057.0,11340895550.0,-0.03,0.0,27.97,24.57
5289,688662,富信科技,68.3,-2.98,-2.1,73591.0,503885469.0,3.98,70.0,67.2,68.68,70.4,1.11,8.34,151.1,8.25,6026792000.0,6026792000.0,0.04,0.03,18.39,33.27
5290,601600,中国铝业,12.31,-2.99,-0.38,2863350.0,3528698861.0,2.92,12.6,12.23,12.59,12.69,1.17,2.17,16.66,2.82,211177697035.0,162164125255.0,-0.16,-0.08,-10.41,0.74
5291,600153,建发股份,8.73,-3.0,-0.27,221932.0,195290822.0,3.33,9.02,8.72,8.99,9.0,1.51,0.77,16.53,0.45,25312971550.0,25312971550.0,0.0,0.0,-4.49,-3.54
5292,301307,美利信,44.04,-3.0,-1.36,110701.0,491215909.12,4.16,45.71,43.82,45.39,45.4,1.06,10.16,-32.39,3.25,9274824000.0,4799991826.0,-0.14,-0.09,28.92,27.36
5293,688638,誉辰智能,43.66,-3.0,-1.35,15978.0,70355519.0,4.71,45.37,43.25,44.5,45.01,1.4,6.04,-16.49,3.01,2444960000.0,1155288221.0,0.0,0.0,11.46,20.18
5294,601702,华峰铝业,20.28,-3.01,-0.63,108081.0,221095807.0,3.35,20.85,20.15,20.73,20.91,1.31,1.08,16.85,3.15,20250200568.0,20250200568.0,0.1,0.15,0.15,-0.93
5295,301312,智立方,117.13,-3.04,-3.67,76165.0,891391682.51,3.73,120.0,115.5,118.47,120.8,0.92,12.58,152.18,11.52,14193885084.0,7092545364.0,-0.02,0.06,118.69,134.4
5296,000933,神火股份,33.69,-3.05,-1.06,464869.0,1566756526.59,3.14,34.5,33.41,34.45,34.75,0.95,2.07,8.27,2.82,75768958202.0,75715582630.0,0.0,-0.03,6.99,22.64
5297,688603,天承科技,94.36,-3.07,-2.99,58451.0,560983737.0,5.65,98.8,93.3,97.0,97.35,0.85,12.33,140.72,9.87,11769006085.0,4474702837.0,0.04,0.1,-3.22,25.88
5298,600419,天润乳业,9.45,-3.08,-0.3,61924.0,58813294.0,3.49,9.75,9.41,9.75,9.75,1.89,1.96,71.88,1.23,2981589562.0,2981589562.0,0.0,0.0,-5.5,-4.55
5299,001308,康冠科技,20.14,-3.08,-0.64,34105.0,68870124.22,3.66,20.78,20.02,20.58,20.78,2.23,0.7,28.04,1.8,14172036735.0,9804584587.0,0.0,0.15,-7.95,-3.45
5300,001267,汇绿生态,43.33,-3.09,-1.38,699928.0,3066157104.82,5.77,45.3,42.72,44.35,44.71,1.22,11.56,386.24,20.9,34021185498.0,26242492038.0,-0.05,0.05,76.07,97.85
5301,301696,三瑞智能,102.0,-3.12,-3.28,118107.0,1204857727.09,5.96,105.77,99.5,102.13,105.28,0.75,39.26,96.83,31.66,40801020000.0,3068502108.0,-0.12,-0.09,313.29,313.29
5302,002285,世联行,3.09,-3.13,-0.1,1029209.0,320978906.7,4.7,3.21,3.06,3.19,3.19,1.25,5.21,-9.48,2.81,6157841727.0,6103486814.0,0.0,0.0,6.92,8.42
5303,300188,国投智能,12.67,-3.13,-0.41,239239.0,301600743.45,2.52,12.79,12.46,12.77,13.08,2.02,2.8,-17.92,4.36,10889577518.0,10839293835.0,-0.08,0.0,-19.66,-13.28
5304,603400,华之杰,67.69,-3.13,-2.19,27263.0,182974757.0,5.55,68.88,65.0,66.1,69.88,2.44,13.63,54.34,5.52,6769000000.0,1353800000.0,0.0,0.09,20.4,30.7
5305,002016,世荣兆业,5.55,-3.14,-0.18,281948.0,155480123.24,5.58,5.76,5.44,5.73,5.73,2.47,3.48,54.49,0.91,4490480758.0,4490480758.0,0.18,0.18,-4.97,-3.98
5306,300052,中青宝,13.56,-3.14,-0.44,293727.0,401866793.62,5.36,14.1,13.35,13.67,14.0,1.18,11.22,-97.59,9.39,3550804108.0,3550702408.0,-0.15,-0.29,-3.49,7.96
5307,002581,ST未名,7.41,-3.14,-0.24,46741.0,34862713.0,3.01,7.63,7.4,7.57,7.65,0.75,1.17,-53.28,2.62,4888640692.0,2969862503.0,0.0,0.0,-4.26,-1.2
5308,002384,东山精密,157.0,-3.15,-5.1,1084234.0,17396775143.1,7.71,168.2,155.7,162.08,162.1,1.13,7.82,216.35,13.55,287562382524.0,217652510511.0,0.0,-0.13,97.78,85.47
5309,688488,艾迪药业,18.75,-3.15,-0.61,131034.0,247843615.0,4.8,19.48,18.55,19.05,19.36,0.79,3.11,-403.93,8.18,7889677650.0,7889677650.0,-0.21,0.0,-10.63,14.82
5310,300352,北信源,7.63,-3.17,-0.25,868181.0,666001237.36,5.33,7.92,7.5,7.82,7.88,1.07,6.8,-49.94,8.98,11062157784.0,9740541030.0,0.13,0.26,9.94,24.47
5311,600295,鄂尔多斯,14.8,-3.2,-0.49,118745.0,177277062.0,4.51,15.39,14.7,15.25,15.29,0.74,0.6,17.53,1.9,41421888559.0,29238528559.0,-0.07,0.0,4.01,19.74
5312,688622,禾信仪器,90.96,-3.23,-3.04,16072.0,147025459.0,3.39,93.99,90.8,93.99,94.0,0.7,2.28,-67.17,21.15,6409543790.0,6409543790.0,0.04,0.01,-16.93,-10.06
5313,603826,坤彩科技,33.26,-3.23,-1.11,174432.0,580515816.0,4.54,34.18,32.62,34.16,34.37,0.89,2.66,-234.59,12.14,21791952000.0,21791952000.0,0.09,0.03,86.64,95.65
5314,002882,金龙羽,29.66,-3.26,-1.0,131189.0,391469668.16,2.77,30.43,29.58,30.35,30.66,1.14,5.32,120.0,6.07,12839814000.0,7319570433.0,0.14,0.2,-14.28,-1.66
5315,920493,并行科技,169.03,-3.26,-5.7,47312.0,829468459.42,9.15,185.0,169.01,180.0,174.73,1.59,10.8,826.05,22.65,10092680727.0,7402913605.0,-0.12,-0.56,8.92,27.52
5316,001301,尚太科技,72.23,-3.27,-2.44,83561.0,603728268.23,4.57,74.8,71.39,74.63,74.67,1.27,4.49,19.87,2.79,18837753741.0,13438597428.0,-0.07,-0.04,-16.93,-15.83
5317,688809,强一股份,403.18,-3.31,-13.82,26329.0,1074542580.0,6.24,426.0,400.0,418.0,417.0,0.93,10.81,131.25,12.82,52235718574.0,9818646169.0,0.04,0.14,3.67,57.0
5318,600955,维远股份,18.63,-3.32,-0.64,154665.0,288217338.0,4.31,19.21,18.38,19.17,19.27,1.24,2.81,-10.33,1.35,10246500000.0,10246500000.0,0.0,0.16,5.37,15.0
5319,002664,信质集团,21.33,-3.35,-0.74,175664.0,376744099.48,5.94,22.01,20.7,21.86,22.07,2.67,4.36,78.17,2.44,8706906000.0,8586947957.0,0.05,0.14,-10.75,-10.98
5320,600496,精工钢构,3.75,-3.35,-0.13,963103.0,363942550.0,5.41,3.92,3.71,3.9,3.88,4.12,4.84,12.34,0.81,7462969399.0,7462969399.0,-0.27,-0.27,-16.29,-9.64
5321,688125,安达智能,247.6,-3.36,-8.6,8263.0,206992987.0,6.87,261.0,243.39,256.84,256.2,0.85,1.01,-181.86,11.13,20334485746.0,20226378634.0,0.48,0.4,41.58,83.34
5322,000520,凤凰航运,4.03,-3.36,-0.14,296326.0,119432831.3,5.04,4.18,3.97,4.18,4.17,1.68,2.93,-55.0,10.13,4078696324.0,4078696324.0,0.25,0.0,-12.01,-16.74
5323,000739,普洛药业,17.18,-3.37,-0.6,93287.0,161863209.0,3.43,17.78,17.17,17.76,17.78,1.32,0.81,19.98,3.03,19902060636.0,19894584398.0,0.0,0.0,-5.24,5.59
5324,000419,通程控股,5.71,-3.38,-0.2,169119.0,95532688.84,6.43,5.91,5.53,5.89,5.91,1.77,3.11,25.24,0.92,3103856960.0,3103856960.0,-0.35,-0.17,-10.22,-10.64
5325,600996,贵广网络,9.08,-3.4,-0.32,477483.0,437206023.0,2.77,9.33,9.07,9.28,9.4,1.24,3.83,-10.41,4.84,11320942674.0,11320942674.0,-0.11,0.0,-7.44,-9.56
5326,300565,科信技术,13.94,-3.4,-0.49,258483.0,360382704.45,4.09,14.39,13.8,14.39,14.43,1.12,11.33,-37.45,6.19,3480882291.0,3181179721.0,-0.14,0.0,8.23,10.55
5327,002638,勤上股份,4.53,-3.41,-0.16,506132.0,230177395.5,4.69,4.69,4.47,4.64,4.69,0.65,3.74,-19.89,3.4,6507772401.0,6127650633.0,0.44,0.22,57.84,46.6
5328,301068,大地海洋,37.38,-3.41,-1.32,31386.0,118066323.78,8.24,39.0,35.81,38.99,38.7,1.68,3.11,-226.3,6.68,5282382436.0,3767075099.0,0.48,0.27,33.88,42.02
5329,688520,神州细胞,42.74,-3.41,-1.51,42580.0,183291762.0,3.64,44.21,42.6,44.2,44.25,1.03,0.96,-36.33,137.87,20102148416.0,19033648416.0,0.02,0.23,-9.53,-1.32
5330,688799,华纳药厂,55.5,-3.44,-1.98,78571.0,432335242.0,5.83,56.36,53.01,56.26,57.48,1.29,5.98,67.79,3.51,7288260000.0,7288260000.0,0.54,0.18,18.46,16.35
5331,688205,德科立,247.01,-3.47,-8.89,138924.0,3538099276.0,7.37,264.87,246.0,252.36,255.9,1.02,8.78,546.4,16.87,39098059116.0,39098059116.0,0.25,0.17,66.63,79.67
5332,000498,山东路桥,5.84,-3.47,-0.21,327288.0,192712101.23,3.31,6.01,5.81,6.01,6.05,2.12,2.26,4.07,0.54,9066258132.0,8464187741.0,-0.17,-0.17,-5.19,-3.15
5333,688112,鼎阳科技,52.27,-3.49,-1.89,46404.0,242269191.0,6.19,54.96,51.61,53.86,54.16,0.92,2.91,58.5,5.2,8342129074.0,8342129074.0,0.29,0.52,30.02,39.57
5334,600595,中孚实业,8.54,-3.5,-0.31,709387.0,609076292.0,3.5,8.79,8.48,8.73,8.85,1.06,1.77,21.62,2.05,34227509674.0,34227509674.0,-0.12,-0.12,-9.92,8.79
5335,600713,南京医药,5.78,-3.51,-0.21,531526.0,306160433.0,4.51,5.94,5.67,5.93,5.99,0.48,4.12,12.11,1.05,7565401239.0,7455061178.0,0.35,0.0,4.52,5.86
5336,300911,亿田智能,32.7,-3.51,-1.19,66571.0,220787796.2,5.31,34.3,32.5,34.01,33.89,0.66,3.89,-40.55,5.11,5995097370.0,5602727846.0,0.06,0.12,-13.51,-1.8
5337,603881,数据港,39.47,-3.52,-1.44,774914.0,3066790326.0,3.76,40.22,38.68,39.76,40.91,1.07,10.79,204.37,8.54,28354340151.0,28354340151.0,0.03,0.0,3.38,29.71
5338,300791,仙乐健康,20.5,-3.53,-0.75,36453.0,74953853.1,3.58,21.07,20.31,21.0,21.25,1.41,1.42,18.17,2.57,6306510592.0,5262005457.0,-0.1,0.05,-18.1,-20.73
5339,002929,润建股份,59.16,-3.55,-2.18,204731.0,1216870673.25,4.6,61.5,58.68,60.24,61.34,0.79,9.72,1958.33,2.66,16806355249.0,12456773556.0,0.15,0.12,20.61,48.61
5340,300982,苏文电能,21.74,-3.55,-0.8,64099.0,140296983.8,4.04,22.61,21.7,22.57,22.54,1.68,3.31,335.53,1.55,4499422274.0,4215323954.0,0.0,0.14,-4.06,7.68
5341,603226,菲林格尔,38.72,-3.56,-1.43,40662.0,157749424.0,4.56,40.15,38.32,40.15,40.15,1.14,1.14,-285.04,15.15,13764641334.0,13764641334.0,-0.08,0.28,23.47,22.45
5342,002441,众业达,9.71,-3.57,-0.36,169841.0,165278249.01,4.07,10.05,9.64,9.95,10.07,2.41,4.26,28.07,1.19,5287518443.0,3869960593.0,-0.31,-0.1,1.46,3.3
5343,002824,和胜股份,29.1,-3.58,-1.08,350257.0,1025375642.5,4.97,30.2,28.7,30.11,30.18,0.74,15.92,67.72,4.01,9055304186.0,6402033174.0,-0.31,-0.21,53.24,50.0
5344,002422,科伦药业,33.96,-3.6,-1.27,257184.0,877659695.43,3.92,35.18,33.8,35.11,35.23,1.13,1.97,31.89,2.24,54269892513.0,44347922690.0,0.0,0.18,3.85,15.71
5345,603377,ST东时,3.72,-3.63,-0.14,129350.0,48509783.0,4.92,3.89,3.7,3.89,3.86,1.67,1.81,-3.57,42.26,2661371272.0,2661371272.0,-0.53,-0.27,-9.49,-1.06
5346,688359,三孚新科,96.84,-3.64,-3.66,76437.0,728018220.0,10.8,100.46,89.61,100.0,100.5,1.36,7.74,-193.74,16.17,9562576875.0,9562576875.0,-0.13,0.01,32.82,45.34
5347,002541,鸿路钢构,20.27,-3.66,-0.77,174798.0,351028388.45,6.37,20.63,19.29,19.9,21.04,3.91,3.52,22.16,1.44,13986672015.0,10057401555.0,-0.05,-0.2,-0.64,23.3
5348,920821,则成电子,24.18,-3.67,-0.92,63337.0,156293625.59,5.66,25.28,23.86,24.5,25.1,2.28,8.69,189.21,6.33,3345590718.0,1761595744.0,-0.41,-0.49,-11.91,-7.32
5349,002848,*ST高斯,14.97,-3.67,-0.57,113869.0,172828226.0,6.56,15.8,14.78,15.61,15.54,2.03,6.9,107.73,29.95,2502235500.0,2468927430.0,0.27,0.47,25.17,66.7
5350,300739,明阳电路,29.02,-3.68,-1.11,370731.0,1091420890.11,4.65,30.21,28.81,29.71,30.13,0.81,10.8,109.13,4.0,10837668656.0,9958449716.0,0.03,0.14,55.19,57.89
5351,002314,南山控股,2.61,-3.69,-0.1,761308.0,198896471.6,2.58,2.66,2.59,2.64,2.71,0.78,5.69,16.07,0.77,7067312359.0,3492903659.0,-0.38,-0.38,-9.38,-8.42
5352,600743,华远控股,2.59,-3.72,-0.1,3022565.0,755111660.0,8.92,2.66,2.42,2.55,2.69,1.18,12.88,-124.85,9.6,6076401264.0,6076401264.0,0.39,-0.77,32.14,29.5
5353,000417,合百集团,6.45,-3.73,-0.25,190590.0,123226975.0,4.03,6.67,6.4,6.65,6.7,1.79,2.45,31.4,1.07,5030253090.0,5024727059.0,-0.15,0.0,-22.1,-20.37
5354,002997,瑞鹄模具,31.45,-3.73,-1.22,61451.0,194890541.72,4.07,32.72,31.39,32.61,32.67,2.4,2.94,13.91,2.67,6583155671.0,6583155671.0,0.03,-0.03,-16.27,-15.91
5355,688376,美埃科技,71.59,-3.74,-2.78,30078.0,216997999.0,4.63,74.34,70.9,74.0,74.37,1.06,2.22,83.22,5.04,9682686671.0,9682686671.0,-0.22,-0.24,12.74,23.82
5356,603721,*ST天择,21.37,-3.74,-0.83,44800.0,95769730.0,4.77,22.16,21.1,22.16,22.2,1.63,3.45,104.8,5.58,2778100000.0,2778100000.0,0.09,-0.14,-0.56,11.13
5357,300804,广康生化,48.51,-3.75,-1.89,34265.0,167823225.44,4.52,50.3,48.02,50.18,50.4,0.75,12.46,77.26,2.64,3589740000.0,1334025000.0,-0.02,-0.02,33.53,38.6
5358,600382,广东明珠,9.76,-3.75,-0.38,336981.0,331801569.0,4.83,10.2,9.71,10.15,10.14,1.23,4.85,21.75,2.39,6777422949.0,6777422949.0,0.0,0.0,27.42,40.63
5359,002917,金奥博,13.56,-3.76,-0.53,101546.0,137911420.61,4.33,14.05,13.44,14.05,14.09,2.08,3.9,30.71,2.7,4713648511.0,3532986552.0,-0.15,-0.15,-1.81,1.35
5360,002328,新朋股份,12.51,-3.77,-0.49,1595887.0,2024378964.66,5.77,13.07,12.32,13.01,13.0,0.82,27.96,51.1,2.9,9654842700.0,7140606619.0,0.48,-0.24,78.21,89.26
5361,301259,艾布鲁,37.25,-3.77,-1.46,62079.0,233882960.69,4.75,38.85,37.01,38.71,38.71,1.53,6.28,-589.17,7.02,5811000000.0,3682946166.0,0.13,-0.08,7.04,12.71
5362,603179,新泉股份,64.15,-3.77,-2.51,163295.0,1053575840.0,5.79,66.68,62.82,66.68,66.66,0.99,3.2,40.15,4.41,32725602436.0,32725602436.0,0.02,0.0,-29.27,-13.17
5363,688403,汇成股份,16.92,-3.81,-0.67,619527.0,1061809855.0,5.8,17.82,16.8,17.63,17.59,1.17,6.65,101.82,4.18,15754257126.0,15754257126.0,0.12,0.06,-10.85,3.3
5364,002532,天山铝业,18.89,-3.82,-0.75,612350.0,1165962603.18,4.23,19.59,18.76,19.4,19.64,0.96,1.49,18.15,2.96,87436849769.0,77578537268.0,-0.11,-0.11,2.05,17.48
5365,002990,盛视科技,49.0,-3.83,-1.95,422964.0,2158115799.62,11.11,54.05,48.39,54.01,50.95,1.91,31.15,150.39,5.15,12830754762.0,6654132037.0,0.16,0.18,58.99,73.08
5366,688200,华峰测控,294.21,-3.85,-11.77,31058.0,915643890.0,4.35,302.93,289.61,302.93,305.98,1.3,2.29,74.07,9.76,39875230127.0,39875230127.0,0.02,0.07,28.67,54.68
5367,300344,立方退,0.25,-3.85,-0.01,510279.0,12802994.09,7.69,0.26,0.24,0.26,0.26,1.05,7.97,-1.93,0.71,160426604.0,159998542.0,0.0,0.0,-69.88,-75.49
5368,002271,东方雨虹,15.66,-3.87,-0.63,752331.0,1189944053.1,4.36,16.31,15.6,16.29,16.29,1.37,3.93,23.27,1.82,37407039902.0,29980943154.0,-0.13,0.0,9.51,15.23
5369,600173,卧龙新能,7.68,-3.88,-0.31,636405.0,503897902.0,7.13,8.19,7.62,8.05,7.99,1.62,9.09,-28.77,1.51,5379887954.0,5379196754.0,-0.65,-0.39,4.77,7.71
5370,601933,永辉超市,3.95,-3.89,-0.16,2662928.0,1060076591.0,4.14,4.11,3.94,4.1,4.11,1.36,2.93,31.24,16.75,35846396122.0,35846396122.0,-0.25,0.0,-18.89,-15.78
5371,688361,中科飞测,170.25,-3.92,-6.95,98659.0,1672152974.0,6.75,174.99,163.03,174.21,177.2,1.85,3.56,1032.97,11.65,59615291099.0,47135837901.0,-0.25,0.04,-13.57,11.28
5372,605068,明新旭腾,26.72,-3.92,-1.09,39081.0,105577388.0,4.46,27.81,26.57,27.8,27.81,1.25,2.41,292.62,2.78,4333943786.0,4333943786.0,0.0,0.15,5.45,4.5
5373,600860,京城股份,11.45,-3.94,-0.47,190407.0,218346642.0,2.1,11.63,11.38,11.51,11.92,1.22,4.29,-116.89,7.31,6268714563.0,5084267023.0,0.0,0.0,-8.47,-8.69
5374,300432,富临精工,25.7,-3.96,-1.06,640653.0,1658822283.63,5.38,26.99,25.55,26.51,26.76,0.9,3.79,101.39,9.57,43940838219.0,43447281259.0,-0.27,-0.19,26.35,53.89
5375,688498,源杰科技,1387.66,-3.97,-57.34,36097.0,4993286699.0,5.19,1431.0,1356.0,1431.0,1445.0,1.18,4.25,624.68,51.14,119266221461.0,117727131676.0,-0.36,0.03,80.69,116.15
5376,000959,首钢股份,4.56,-4.0,-0.19,731657.0,334324882.79,3.79,4.68,4.5,4.68,4.75,0.84,0.98,50.79,0.7,35362651207.0,33979329762.0,-0.22,0.0,-11.97,-6.94
5377,605066,天正电气,7.91,-4.0,-0.33,236796.0,185670507.0,3.4,8.0,7.72,8.0,8.24,2.24,4.71,51.65,2.23,3992573489.0,3974246019.0,0.13,0.0,-1.49,8.36
5378,600358,国旅联合,6.23,-4.01,-0.26,242760.0,152081880.0,4.93,6.49,6.17,6.49,6.49,3.52,4.81,-83.87,58.09,3145755392.0,3145755392.0,0.16,0.32,3.83,2.81
5379,603033,三维股份,11.36,-4.05,-0.48,161948.0,185978045.0,6.67,12.04,11.25,11.88,11.84,1.42,1.6,-77.01,4.03,11714017973.0,11502352364.0,-0.35,0.09,6.87,5.09
5380,001367,海森药业,25.41,-4.08,-1.08,83950.0,210314329.35,5.81,26.15,24.61,25.25,26.49,1.26,6.9,28.49,2.59,3871243992.0,3090797237.0,-0.08,0.08,6.1,15.76
5381,002802,洪汇新材,15.69,-4.1,-0.67,386857.0,602351379.36,12.78,17.02,14.93,16.37,16.36,3.93,25.85,69.42,4.52,2843748014.0,2348529518.0,0.06,-0.06,23.16,26.13
5382,920177,恒道科技,38.35,-4.13,-1.65,61653.0,236160528.96,7.0,39.8,37.0,37.91,40.0,0.64,52.37,25.33,3.73,2006472000.0,451456200.0,-0.08,0.13,75.92,75.92
5383,002648,卫星化学,26.26,-4.13,-1.13,877711.0,2319279414.89,5.22,27.46,26.03,27.3,27.39,1.41,2.61,10.45,2.5,88460635819.0,88403830056.0,0.15,0.42,38.36,48.53
5384,688180,君实生物-U,43.18,-4.13,-1.86,353046.0,1566665947.0,7.7,46.55,43.08,45.04,45.04,1.18,4.61,-50.66,7.35,44332468630.0,33092900304.0,-0.25,-0.28,15.24,26.41
5385,600673,东阳光,33.6,-4.14,-1.45,773412.0,2621741793.0,4.56,35.0,33.4,34.71,35.05,1.03,2.58,367.09,10.92,101121049982.0,100852346347.0,0.0,0.06,12.19,49.8
5386,000807,云铝股份,35.14,-4.17,-1.53,623842.0,2194330108.65,3.55,36.1,34.8,36.02,36.67,1.25,1.8,20.13,3.8,121864023212.0,121862747489.0,0.0,0.06,5.97,7.0
5387,000010,美丽生态,3.9,-4.18,-0.17,560153.0,220663878.0,4.91,4.07,3.87,4.07,4.07,1.07,6.45,-105.4,13.73,4483643939.0,3385754327.0,-0.26,0.0,8.33,10.48
5388,688807,优迅股份,348.0,-4.18,-15.19,41883.0,1441827392.0,7.32,362.97,336.38,362.25,363.19,1.52,27.86,315.91,15.77,27840000000.0,5232408288.0,-0.24,-0.03,74.83,85.8
5389,300935,盈建科,31.88,-4.18,-1.39,31405.0,100726158.06,5.65,33.54,31.66,33.21,33.27,1.45,5.21,-32.19,3.33,2532250078.0,1921072222.0,0.06,0.03,-13.49,5.08
5390,603203,快克智能,46.23,-4.19,-2.02,100296.0,466037908.0,6.28,48.5,45.47,48.25,48.25,1.71,4.03,44.32,8.03,11726753485.0,11518357891.0,-0.02,0.11,24.44,26.28
5391,688237,超卓航科,54.87,-4.19,-2.4,20807.0,115528528.0,5.31,57.54,54.5,57.28,57.27,1.4,2.32,388.57,4.07,4920848706.0,4920848706.0,-0.13,0.09,1.72,12.55
5392,603220,中贝通信,30.88,-4.22,-1.36,737912.0,2302666261.0,4.93,32.17,30.58,32.01,32.24,1.09,16.99,146.07,6.74,16562392920.0,13409981965.0,0.0,-0.1,27.39,44.98
5393,600078,澄星股份,12.46,-4.23,-0.55,322198.0,403132803.0,4.92,12.99,12.35,12.94,13.01,0.91,4.86,995.39,5.05,8433088248.0,8255657848.0,0.0,-0.24,22.28,29.93
5394,000610,西安旅游,8.79,-4.25,-0.39,299583.0,258771154.5,6.21,8.98,8.41,8.41,9.18,1.31,12.72,-19.43,13.31,2081014050.0,2070082744.0,0.0,0.23,-34.06,-29.45
5395,600581,*ST八钢,2.9,-4.29,-0.13,491705.0,143978217.0,4.62,3.02,2.88,3.0,3.03,0.98,3.21,-2.37,-2.48,4445403823.0,4445403823.0,0.0,-0.34,-13.95,-13.17
5396,301056,森赫股份,15.82,-4.3,-0.71,86185.0,138570237.6,6.05,16.68,15.68,16.24,16.53,1.72,4.9,57.1,5.15,4220565072.0,2784254031.0,-0.06,0.13,-8.55,-5.83
5397,600266,城建发展,4.89,-4.31,-0.22,720266.0,354140665.0,4.31,5.09,4.87,5.08,5.11,1.79,3.47,-24.57,0.56,10150385749.0,10150385749.0,0.0,0.0,-21.63,-3.55
5398,688610,埃科光电,113.06,-4.32,-5.11,25805.0,292433525.0,4.97,116.37,110.5,115.19,118.17,0.75,6.3,120.19,5.07,7688080000.0,4627836138.0,-0.04,-0.37,63.78,82.92
5399,002294,信立泰,56.2,-4.34,-2.55,202025.0,1151026652.97,4.7,58.85,56.09,58.17,58.75,1.23,1.81,69.53,6.85,62652689267.0,62638594363.0,-0.11,0.12,6.34,13.42
5400,688208,道通科技,34.79,-4.34,-1.58,174408.0,611671147.0,4.45,36.2,34.58,36.07,36.37,1.88,2.6,24.91,6.34,23315683478.0,23315683478.0,-0.17,0.12,-8.76,-5.46
5401,605198,安德利,45.8,-4.38,-2.1,62090.0,292141332.0,11.96,49.95,44.22,48.5,47.9,1.88,2.3,46.33,5.51,15305810400.0,12390548800.0,0.13,0.07,16.54,21.74
5402,688560,明冠新材,17.0,-4.39,-0.78,271697.0,470612450.0,5.01,17.85,16.96,17.03,17.78,3.1,13.5,-24.78,1.32,3422132606.0,3422132606.0,-0.29,-0.29,-9.33,18.96
5403,300903,科翔股份,37.57,-4.4,-1.73,264078.0,1008702130.37,4.86,39.32,37.41,39.3,39.3,0.73,8.04,-102.49,9.03,16357473172.0,12337806236.0,0.11,-0.08,91.59,94.76
5404,603718,海利生物,4.12,-4.41,-0.19,413571.0,167398303.0,6.5,4.22,3.94,4.15,4.31,3.01,6.37,99.09,1.76,2685847364.0,2673796364.0,0.0,-0.24,-35.93,-32.46
5405,600491,龙元建设,2.16,-4.42,-0.1,790651.0,172144847.0,6.64,2.28,2.13,2.23,2.26,1.31,5.17,-9.66,0.34,3304277183.0,3304277183.0,0.0,0.0,-29.18,-18.18
5406,688135,利扬芯片,35.68,-4.42,-1.65,214565.0,774200936.0,3.7,36.98,35.6,36.98,37.33,0.67,9.2,-904.2,6.35,8317148615.0,8317148615.0,0.0,0.03,12.27,28.53
5407,600654,中安科,4.27,-4.47,-0.2,3062089.0,1312826200.0,5.82,4.48,4.22,4.39,4.47,0.74,13.21,232.01,7.88,12287325897.0,9895433884.0,0.23,0.23,7.02,13.26
5408,000552,甘肃能化,2.54,-4.51,-0.12,1541010.0,391756195.61,4.14,2.62,2.51,2.61,2.66,0.95,4.14,-37.02,0.83,13593609414.0,9463561200.0,0.0,0.0,8.55,9.96
5409,603031,安孚科技,54.87,-4.51,-2.59,177814.0,990841538.0,5.92,57.79,54.39,57.0,57.46,1.87,8.2,62.6,5.15,14146846392.0,11896965197.0,0.11,0.18,5.44,24.2
5410,002808,*ST恒久,4.19,-4.56,-0.2,128730.0,54459823.36,5.47,4.41,4.17,4.29,4.39,1.86,7.8,-34.27,4.32,1126272000.0,691374838.0,-0.24,-0.24,-16.37,-16.53
5411,300686,智动力,17.8,-4.56,-0.85,151109.0,269728976.2,5.36,18.5,17.5,18.44,18.65,0.76,5.84,-53.98,4.93,4639111116.0,4608559196.0,-0.22,-0.06,9.07,18.19
5412,300653,正海生物,18.75,-4.58,-0.9,48369.0,89459211.1,3.61,18.81,18.1,18.81,19.65,2.8,2.69,57.21,3.73,3375000000.0,3375000000.0,-0.21,0.05,-15.0,-6.11
5413,301157,华塑科技,81.8,-4.6,-3.94,72483.0,598163174.91,6.96,85.97,80.0,85.51,85.74,1.2,35.08,193.34,4.49,4908000000.0,1689992499.0,0.02,-0.18,45.55,57.25
5414,603038,华立股份,15.85,-4.63,-0.77,200656.0,316584740.0,9.75,16.78,15.16,16.63,16.62,3.62,7.47,68.23,3.06,4258532130.0,4258532130.0,-0.06,0.19,-11.35,-1.55
5415,603311,金海高科,18.96,-4.72,-0.94,126133.0,240971126.0,5.78,19.9,18.75,19.9,19.9,0.9,5.35,43.81,3.25,4472358877.0,4472358877.0,-0.47,-0.05,24.82,24.08
5416,605589,圣泉集团,36.78,-4.76,-1.84,443663.0,1648517750.0,5.28,38.55,36.51,38.27,38.62,1.12,5.26,30.74,3.03,31130168956.0,31027607926.0,-0.03,0.05,23.26,29.96
5417,300991,创益通,52.95,-4.78,-2.66,78428.0,420581596.31,5.12,55.35,52.5,53.6,55.61,1.46,8.51,3753.66,11.95,7624800000.0,4878918900.0,-0.02,0.13,27.71,25.53
5418,300952,恒辉安防,37.33,-4.84,-1.9,84641.0,320983567.56,3.85,38.8,37.29,38.5,39.23,1.64,8.08,58.94,3.8,6442664833.0,3911756721.0,0.0,-0.16,-10.13,-8.66
5419,002975,博杰股份,95.1,-4.87,-4.87,162521.0,1546226142.06,6.17,98.5,92.33,98.0,99.97,1.45,15.35,104.19,6.66,15244776594.0,10067188998.0,0.33,0.41,22.13,23.65
5420,688707,振华新材,14.64,-4.87,-0.75,193727.0,286206696.0,6.89,15.54,14.48,15.32,15.39,1.69,3.81,-17.23,1.87,7447956601.0,7447956601.0,-0.27,0.34,-0.61,5.7
5421,000711,ST京蓝,3.9,-4.88,-0.2,837400.0,328439771.41,3.41,4.04,3.9,4.0,4.1,0.61,3.52,-82.35,19.23,11516396670.0,9288550885.0,0.0,0.0,130.77,128.07
5422,688059,华锐精密,122.29,-4.91,-6.32,40994.0,501445360.0,6.1,128.0,120.16,127.58,128.61,1.4,4.38,65.47,7.09,12227381859.0,11443722836.0,0.0,0.04,38.49,56.58
5423,603557,ST起步,4.07,-4.91,-0.21,164325.0,68234120.0,5.37,4.3,4.07,4.3,4.28,1.32,2.64,-23.25,32.4,2537388134.0,2537388134.0,0.0,0.0,57.14,60.87
5424,600636,*ST国化,5.79,-4.93,-0.3,306768.0,177876120.0,2.46,5.94,5.79,5.79,6.09,2.06,6.99,55.36,1.23,2539707084.0,2539707084.0,0.0,0.0,-38.6,-33.37
5425,000669,ST金鸿,4.24,-4.93,-0.22,256928.0,110001125.8,3.81,4.41,4.24,4.4,4.46,1.07,3.78,-46.8,-259.88,2884933299.0,2884933299.0,0.0,0.0,49.82,43.73
5426,002731,ST萃华,6.56,-4.93,-0.34,13215.0,8669040.0,0.0,6.56,6.56,6.56,6.9,0.07,0.58,7.25,0.9,1680383360.0,1506545984.0,0.0,0.0,-49.54,-47.77
5427,603315,福鞍股份,17.6,-4.97,-0.92,589104.0,1036808051.0,14.2,19.44,16.81,19.06,18.52,2.14,18.39,98.57,3.32,5638446246.0,5638446246.0,0.06,0.0,19.89,13.33
5428,920249,利尔达,10.85,-4.99,-0.57,314072.0,343255288.99,7.79,11.5,10.61,11.09,11.42,1.62,25.19,108.08,6.0,4574685500.0,1352664900.0,0.0,0.0,-25.17,-16.86
5429,002898,*ST赛隆,12.51,-5.01,-0.66,1784.0,2231784.0,0.0,12.51,12.51,12.51,13.17,0.12,0.18,-40.88,4.78,2201760000.0,1266794638.0,0.0,0.0,-9.68,-8.15
5430,605081,*ST太和,7.19,-5.02,-0.38,1457.0,1047583.0,0.0,7.19,7.19,7.19,7.57,0.05,0.13,-7.41,0.91,814246448.0,814246448.0,0.0,0.0,-30.6,-32.99
5431,603398,*ST沐邦,11.5,-5.04,-0.61,141770.0,165990641.0,6.61,12.3,11.5,12.1,12.11,1.62,3.27,-10.51,7.76,4986877526.0,4986877526.0,0.0,0.0,28.49,39.06
5432,000004,*ST国华,3.57,-5.05,-0.19,18523.0,6612711.0,0.0,3.57,3.57,3.57,3.76,0.24,1.47,-13.08,12.79,472597607.0,450847332.0,0.0,0.0,-67.25,-67.78
5433,600193,*ST创兴,2.8,-5.08,-0.15,27619.0,7733320.0,0.0,2.8,2.8,2.8,2.95,0.16,0.65,-115.67,13.37,1191044400.0,1191044400.0,0.0,0.0,-34.27,-26.89
5434,301392,汇成真空,153.9,-5.08,-8.24,82009.0,1267347932.15,6.15,161.89,151.92,160.41,162.14,1.2,20.1,691.58,21.09,15390000000.0,6278490703.0,0.02,-0.16,11.99,19.27
5435,600599,*ST熊猫,3.91,-5.1,-0.21,44283.0,17386527.0,2.43,4.01,3.91,3.92,4.12,0.75,2.67,35.9,5.6,649060000.0,649060000.0,0.0,0.0,-53.78,-60.62
5436,002736,国信证券,11.47,-5.13,-0.62,1051919.0,1211457386.44,4.71,11.95,11.38,11.95,12.09,3.63,1.09,10.61,1.2,117472792898.0,110254564954.0,-0.26,0.09,-11.02,-11.9
5437,002989,中天精装,25.8,-5.15,-1.4,58999.0,153339986.0,5.33,27.03,25.58,27.03,27.2,1.15,3.22,-62.88,3.48,5201662898.0,4730084048.0,-0.35,-0.19,-13.89,-16.34
5438,688093,世华科技,32.18,-5.21,-1.77,76649.0,243248469.0,5.01,32.58,30.88,31.9,33.95,3.56,2.73,26.42,3.14,9022718214.0,9022718214.0,-0.09,0.16,-14.91,-12.67
5439,002749,国光股份,12.37,-5.21,-0.68,81892.0,100044687.44,2.3,12.4,12.1,12.29,13.05,3.41,1.81,23.98,3.09,5768855264.0,5611023217.0,0.08,0.49,-6.85,-7.2
5440,002001,新 和 成,34.3,-5.22,-1.89,644220.0,2221759954.14,5.8,36.2,34.1,36.2,36.19,1.36,2.12,15.58,3.21,105418363624.0,104164364130.0,0.23,0.2,33.57,36.17
5441,301395,仁信新材,13.0,-5.25,-0.72,117586.0,153271272.82,6.27,13.58,12.72,13.57,13.72,0.78,9.14,73.84,2.05,3157055694.0,1672345194.0,-0.15,-0.15,-1.74,6.04
5442,688091,上海谊众,53.95,-5.27,-3.0,76806.0,417344795.0,6.34,56.91,53.3,56.77,56.95,1.52,3.72,173.89,7.8,11151661378.0,11151661378.0,0.0,-0.09,-10.9,14.79
5443,300594,朗进科技,28.48,-5.29,-1.59,63278.0,183131687.0,7.65,30.3,28.0,29.74,30.07,1.46,6.95,-145.34,3.17,2616555856.0,2591626600.0,0.0,-0.11,25.85,45.23
5444,600176,中国巨石,31.71,-5.34,-1.79,1718987.0,5537118419.0,5.31,33.28,31.5,33.08,33.5,1.13,4.29,38.64,4.08,126939465645.0,126939465645.0,0.0,0.13,73.0,85.44
5445,603937,丽岛新材,13.03,-5.37,-0.74,124950.0,164972898.0,6.1,13.7,12.86,13.39,13.77,1.46,5.98,-137.76,1.76,2721843502.0,2721843502.0,0.15,0.15,5.17,8.67
5446,688352,颀中科技,12.42,-5.41,-0.71,267183.0,329393443.0,3.58,12.56,12.09,12.4,13.13,2.95,7.3,-12.6,2.53,14767843117.0,4544243548.0,0.24,0.32,-7.17,-1.51
5447,605376,博迁新材,108.05,-5.52,-6.31,137246.0,1489411947.0,7.07,114.36,106.27,114.36,114.36,1.35,5.25,128.96,16.48,28265880000.0,28265880000.0,0.01,0.03,76.18,65.21
5448,002119,康强电子,22.15,-5.54,-1.3,600468.0,1324025559.4,3.33,22.45,21.67,22.1,23.45,1.56,16.0,81.6,5.91,8312540600.0,8312540600.0,0.05,0.36,11.53,34.49
5449,688257,新锐股份,77.02,-5.55,-4.53,132331.0,1030929274.0,6.85,81.99,76.4,81.52,81.55,1.29,5.24,85.96,8.24,19440502978.0,19440502978.0,-0.14,-0.12,84.35,124.68
5450,603590,康辰药业,36.45,-5.59,-2.16,50755.0,187538096.0,5.78,38.59,36.36,37.83,38.61,1.85,3.21,33.99,1.82,5795931887.0,5767245737.0,0.03,0.14,-14.44,-8.3
5451,688048,长光华芯,309.18,-5.74,-18.83,176423.0,5488795800.0,6.7,327.98,306.0,306.99,328.01,1.04,10.01,3041.67,18.08,54502232777.0,54502232777.0,-0.01,0.03,140.57,146.65
5452,300027,华谊兄弟,1.97,-5.74,-0.12,3175154.0,639568820.74,7.66,2.11,1.95,2.03,2.09,1.12,12.78,-35.99,20.77,5465776660.0,4895408210.0,0.51,0.51,-13.22,-9.22
5453,601778,晶科科技,6.51,-5.79,-0.4,8134380.0,5306072137.0,6.95,6.86,6.38,6.8,6.91,1.22,22.77,49.04,1.47,23257559207.0,23257559207.0,0.62,0.15,55.0,75.0
5454,300703,创源股份,21.13,-5.92,-1.33,206066.0,439156746.58,5.34,22.1,20.9,22.01,22.46,2.44,12.39,-49.75,4.93,3811679579.0,3513337038.0,0.09,0.19,-21.68,-13.54
5455,002262,恩华药业,21.0,-6.0,-1.34,394720.0,833424052.23,5.1,22.0,20.86,22.0,22.34,5.09,4.47,16.8,2.55,21331518243.0,18562464438.0,0.0,0.14,-15.29,-12.97
5456,603293,C埃泰克,60.75,-6.12,-3.96,130920.0,806878013.0,4.25,63.33,60.58,63.33,64.71,0.63,37.3,43.8,5.47,10879757474.0,2132113043.0,0.05,-0.08,81.4,81.4
5457,600299,安迪苏,13.19,-6.12,-0.86,282841.0,379146207.0,6.9,14.12,13.15,14.01,14.05,0.96,1.05,35.19,2.05,40622288400.0,35374277791.0,-0.08,0.0,46.88,47.87
5458,603950,长源东谷,61.18,-6.18,-4.03,153563.0,939035328.0,9.66,65.4,59.1,65.19,65.21,0.66,4.75,50.98,6.58,19830322344.0,19798264024.0,-1.35,0.18,98.06,111.33
5459,688585,上纬新材,128.7,-6.24,-8.56,61948.0,798163952.0,7.1,136.15,126.41,136.0,137.26,1.58,1.54,1263.52,38.55,51912654394.0,51912654394.0,-0.01,-0.05,-12.86,1.04
5460,688530,欧莱新材,33.5,-6.29,-2.25,175493.0,600380500.0,8.5,36.37,33.33,34.58,35.75,1.55,25.89,-133.94,6.65,5361501604.0,2270569834.0,-0.09,0.03,84.78,103.77
5461,605388,均瑶健康,8.31,-6.31,-0.56,820620.0,681388167.0,8.12,8.7,7.98,7.98,8.87,2.5,13.67,-1579.9,2.91,4990022040.0,4990022040.0,0.61,0.73,11.99,11.69
5462,301513,C尚水,96.56,-6.34,-6.54,108968.0,1025787556.2,10.13,99.45,89.01,92.0,103.1,0.71,54.08,60.12,9.86,9656000000.0,1945586378.0,-0.1,0.52,262.19,262.19
5463,688606,奥泰生物,57.25,-6.45,-3.95,14237.0,82055045.0,3.55,58.9,56.73,58.9,61.2,5.5,1.8,58.51,1.17,4538828949.0,4538828949.0,0.28,0.17,-13.32,-10.39
5464,603115,海星股份,44.26,-6.47,-3.06,108783.0,487024111.0,6.95,47.0,43.71,46.57,47.32,0.99,4.5,67.5,4.95,10706069104.0,10706069104.0,0.11,0.07,111.67,136.56
5465,603459,红板科技,62.91,-6.51,-4.38,334094.0,2132301800.0,4.74,65.75,62.56,65.73,67.29,0.82,42.26,87.84,17.74,47418638221.0,4973152387.0,-0.02,-0.17,255.42,255.42
5466,688335,复洁科技,31.86,-6.71,-2.29,50981.0,163365038.0,9.28,34.3,31.13,34.15,34.15,2.36,3.44,427.06,4.06,4716382101.0,4716382101.0,0.0,0.03,-15.2,18.18
5467,300044,ST赛为,6.23,-6.74,-0.45,574028.0,360213922.03,8.23,6.56,6.01,6.56,6.68,1.11,8.02,-3.77,-4.19,4758905290.0,4456806205.0,0.65,0.65,4.88,56.14
5468,605303,园林股份,22.76,-6.87,-1.68,120379.0,275441702.0,11.05,24.76,22.06,24.35,24.44,1.04,7.47,-25.31,3.99,3669763406.0,3669763406.0,-0.04,0.0,28.44,31.56
5469,002708,光洋股份,13.69,-7.0,-1.03,603166.0,825946725.5,7.54,14.51,13.4,14.51,14.72,2.28,11.67,90.76,4.54,7695121168.0,7073028183.0,-0.07,0.07,-2.14,3.09
5470,301008,宏昌科技,34.73,-7.04,-2.63,132930.0,462831234.61,3.85,35.5,34.06,35.0,37.36,1.05,11.48,138.52,3.02,4548353117.0,4023235517.0,0.06,-0.32,-3.85,0.67
5471,002986,宇新股份,13.71,-7.05,-1.04,111023.0,155375480.39,8.07,14.87,13.68,14.76,14.75,1.36,3.68,-60.99,1.37,5211464284.0,4138191330.0,0.0,0.22,22.63,27.42
5472,300055,万邦达,11.49,-7.19,-0.89,570728.0,661697488.41,12.68,12.42,10.85,12.39,12.38,1.66,9.02,-37.7,1.97,9614252973.0,7271438963.0,0.35,0.7,43.8,40.98
5473,688333,铂力特,89.38,-7.21,-6.94,260555.0,2296388473.0,9.12,92.48,83.7,89.99,96.32,3.41,9.5,116.81,4.87,24518915912.0,24518915912.0,0.0,0.15,-22.14,-19.85
5474,601956,东贝集团,6.24,-7.42,-0.5,302272.0,188576651.0,7.12,6.62,6.14,6.62,6.74,5.09,4.86,51.04,1.55,3878887522.0,3878887522.0,0.0,0.32,-13.33,-12.48
5475,603727,博迈科,18.23,-7.51,-1.48,153575.0,280597103.0,7.81,19.28,17.74,18.53,19.71,1.88,5.45,-21.8,1.63,5135742420.0,5135742420.0,0.16,-0.33,19.23,30.87
5476,002921,联诚精密,24.51,-7.75,-2.06,137811.0,346496802.46,8.66,26.76,24.46,26.63,26.57,1.73,10.72,-238.44,2.76,3651257813.0,3149574951.0,0.12,-0.69,26.41,44.01
5477,300855,图南股份,42.1,-7.96,-3.64,178013.0,745455525.8,9.84,44.5,40.0,44.41,45.74,3.26,6.08,43.56,7.92,16651876150.0,12333453410.0,0.0,-0.68,24.56,30.34
5478,301210,金杨精密,36.9,-8.19,-3.29,75622.0,278342003.07,2.99,37.53,36.33,36.66,40.19,1.78,17.4,94.21,2.29,4229268925.0,1603818574.0,0.03,0.24,-3.25,1.37
5479,300858,科拓生物,23.24,-8.68,-2.21,345105.0,812392085.96,8.13,24.98,22.91,24.4,25.45,1.11,17.63,60.25,3.35,6123626542.0,4549001132.0,-0.09,0.04,31.97,38.58
5480,603568,伟明环保,21.27,-8.71,-2.03,296652.0,634819483.0,5.54,22.31,21.02,22.31,23.3,3.19,1.74,16.43,2.44,36374423815.0,36308827135.0,-0.14,-0.19,-20.69,-16.19
5481,600537,亿晶光电,3.67,-8.71,-0.35,2753894.0,1014800152.0,9.2,3.99,3.62,3.96,4.02,1.39,23.26,-15.24,19.32,4344234116.0,4344234116.0,0.27,0.0,18.39,-11.78
5482,601369,陕鼓动力,9.2,-8.82,-0.89,418283.0,386476163.0,5.65,9.7,9.13,9.7,10.09,4.25,2.45,21.2,1.78,15855965326.0,15697143886.0,-0.11,0.0,-8.28,-8.09
5483,300029,*ST天龙,4.09,-8.91,-0.4,95317.0,40457344.13,11.14,4.51,4.01,4.49,4.49,1.99,4.76,-41.97,-46.57,820071585.0,819473423.0,0.25,0.25,-28.37,-8.91
5484,603309,维力医疗,13.12,-8.95,-1.29,194250.0,258788239.0,9.92,14.4,12.97,14.31,14.41,3.73,6.66,14.99,1.99,3829353004.0,3829353004.0,0.0,0.54,-8.76,-2.02
5485,688368,晶丰明源,139.6,-9.0,-13.81,47906.0,677436031.0,10.04,153.0,137.6,153.0,153.41,2.31,5.41,122.34,5.55,17987860233.0,12354667148.0,-0.04,-0.15,5.52,20.94
5486,688201,信安世纪,12.63,-9.66,-1.35,195884.0,248394243.0,4.65,13.1,12.45,13.1,13.98,3.13,6.47,210.84,3.06,4005652696.0,3820963410.0,-0.08,0.16,-17.13,-13.67
5487,600746,江苏索普,8.59,-9.96,-0.95,417585.0,367350254.0,7.23,9.28,8.59,9.16,9.54,2.19,3.58,73.55,1.84,10031770374.0,10031770374.0,0.0,0.0,19.14,24.85
5488,600734,实达集团,3.07,-9.97,-0.34,171401.0,52620107.0,0.0,3.07,3.07,3.07,3.41,0.39,0.79,-57.27,21.55,6687390535.0,6686009035.0,0.0,0.0,-44.68,-33.26
5489,603189,网达软件,13.73,-9.97,-1.52,27340.0,37537820.0,0.0,13.73,13.73,13.73,15.25,0.41,1.01,462.71,2.46,3700898832.0,3700898832.0,0.0,0.0,-38.13,-27.85
5490,605178,时空科技,78.17,-9.99,-8.68,22151.0,173543082.0,1.96,79.87,78.17,78.2,86.85,0.48,2.24,-31.69,6.98,7745083600.0,7745083600.0,0.0,0.0,28.87,50.94
5491,603360,百傲化学,24.02,-10.0,-2.67,319779.0,799136380.0,10.23,26.75,24.02,26.66,26.69,3.6,4.53,101.78,11.26,16963492169.0,16963492169.0,0.0,0.0,-26.41,-25.45
5492,603272,联翔股份,27.54,-10.0,-3.06,3991.0,10991214.0,0.0,27.54,27.54,27.54,30.6,0.06,0.39,975.49,5.11,2853887580.0,2853887580.0,0.0,0.0,28.09,36.95
5493,688693,锴威特,91.19,-10.48,-10.67,99851.0,928931534.0,10.95,100.85,89.7,98.81,101.86,1.37,25.67,-74.01,8.46,6719263201.0,3547693513.0,-0.12,0.46,125.49,143.56
5494,301055,张小泉,31.25,-10.56,-3.69,170035.0,540831526.1,12.94,34.6,30.08,34.25,34.94,1.29,10.9,96.28,7.45,4875000000.0,4875000000.0,-0.29,0.1,22.79,59.36
5495,300632,光莆股份,16.52,-11.47,-2.14,526436.0,886167179.75,12.38,18.37,16.06,18.28,18.66,1.54,23.8,85.53,2.82,5041600362.0,3654398418.0,0.0,0.0,8.76,20.06
5496,300487,蓝晓科技,64.44,-12.08,-8.85,167222.0,1097247434.94,13.3,73.0,63.25,72.9,73.29,6.13,5.43,37.76,8.16,32808677057.0,19848742620.0,-0.05,-0.11,-9.99,4.36
5497,688308,欧科亿,98.07,-13.97,-15.93,294702.0,2933287968.0,13.93,111.88,96.0,110.0,114.0,2.37,18.56,149.99,5.88,15571722104.0,15571722104.0,0.07,0.21,202.41,209.96
5498,920680,广道退,,,,,,,,,,0.86,,0.0,,,,,,,0.0,0.0
5499,920186,中科仪,,,,,,,,,,16.21,,0.0,,,,,,,0.0,0.0
5500,920156,海昌智能,,,,,,,,,,20.93,,0.0,,,,,,,0.0,0.0
5501,920125,鸿仕达,,,,,,,,,,16.57,,0.0,,,,,,,0.0,0.0
5502,833994,翰博高新,,,,,,,,,,32.9,,0.0,,,,,,,0.0,0.0
5503,833874,泰祥股份,,,,,,,,,,20.13,,0.0,,,,,,,2.55,2.55
5504,832317,观典防务,,,,,,,,,,21.88,,0.0,,,,,,,0.0,0.0
5505,810014,莱特定转,,,,,,,,,,100.0,,0.0,,,,200000000.0,,,-0.83,-0.83
5506,810013,万通定转,,,,,,,,,,100.0,,0.0,,,,150000000.0,,,,
5507,810011,优机定转,,,,,,,,,,100.0,,0.0,,,,120000000.0,,,-0.5,-0.5
5508,688820,盛合晶微,,,,,,,,,,19.68,,0.0,39.83,2.13,36659394229.0,3402724014.0,,,0.0,0.0
5509,688808,联讯仪器,,,,,,,,,,81.88,,0.0,48.41,7.03,8406346694.0,1579968271.0,,,0.0,0.0
5510,688555,退市泽达,,,,,,,,,,1.12,,0.0,,,,,,,0.0,0.0
5511,688086,退市紫晶,,,,,,,,,,0.64,,0.0,,,,,,,0.0,0.0
5512,603996,退市中新,,,,,,,,,,0.39,,0.0,,,,,,,0.0,0.0
5513,603963,*ST大药,,,,,,,,,,1.18,,0.0,,,,,,,0.0,0.0
5514,603603,退市博天,,,,,,,,,,0.39,,0.0,,,,,,,0.0,0.0
5515,603555,ST贵人,,,,,,,,,,0.67,,0.0,,,,,,,0.0,0.0
5516,603407,长裕集团,,,,,,,,,,,,0.0,,,,,,,,
5517,603388,*ST元成,,,,,,,,,,0.58,,0.0,,,,,,,0.0,0.0
5518,603157,退市拉夏,,,,,,,,,,0.59,,0.0,,,,,,,0.0,0.0
5519,603133,退市碳元,,,,,,,,,,0.29,,0.0,,,,,,,0.0,0.0
5520,603056,德邦股份,,,,,,,,,,18.85,,0.0,,,,,,,11.01,37.89
5521,603007,*ST花王,,,,,,,,,,6.86,,0.0,-26.61,21.03,6068672253.0,4768310739.0,,,9.76,13.58
5522,603003,退市龙宇,,,,,,,,,,2.44,,0.0,,,,,,,0.0,0.0
5523,601989,中国重工,,,,,,,,,,5.1,,0.0,,,,,,,0.0,0.0
5524,601558,退市锐电,,,,,,,,,,0.25,,0.0,,,,,,,0.0,0.0
5525,601299,中国北车,,,,,,,,,,29.98,,0.0,,,,,,,0.0,0.0
5526,601268,*ST二重,,,,,,,,,,2.35,,0.0,,,,,,,0.0,0.0
5527,601258,*ST庞大,,,,,,,,,,0.4,,0.0,,,,,,,0.0,0.0
5528,601028,玉龙股份,,,,,,,,,,12.83,,0.0,,,,,,,0.0,0.0
5529,600991,广汽长丰,,,,,,,,,,17.82,,0.0,,,,,,,0.0,0.0
5530,600978,*ST宜生,,,,,,,,,,0.52,,0.0,,,,,,,0.0,0.0
5531,600958,东方证券,,,,,,,,,,9.34,,0.0,14.09,1.0,79358667027.0,69764969950.0,,,-12.38,-14.31
5532,600899,*ST信联,,,,,,,,,,1.13,,0.0,,,,,,,0.0,0.0
5533,600898,*ST美讯,,,,,,,,,,0.74,,0.0,,,,,,,0.0,0.0
5534,600896,退市海医,,,,,,,,,,1.12,,0.0,,,,,,,0.0,0.0
5535,600891,退市秋林,,,,,,,,,,0.38,,0.0,,,,,,,0.0,0.0
5536,600890,退市中房,,,,,,,,,,0.36,,0.0,,,,,,,0.0,0.0
5537,600878,*ST北科,,,,,,,,,,2.64,,0.0,,,,,,,0.0,0.0
5538,600870,退市厦华,,,,,,,,,,0.6,,0.0,,,,,,,0.0,0.0
5539,600856,退市中天,,,,,,,,,,0.27,,0.0,,,,,,,0.0,0.0
5540,600852,*ST中川,,,,,,,,,,0.72,,0.0,,,,,,,0.0,0.0
5541,600849,上药转换,,,,,,,,,,14.73,,0.0,,,,,,,0.0,0.0
5542,600842,中西药业,,,,,,,,,,13.96,,0.0,,,,,,,0.0,0.0
5543,600840,新湖创业,,,,,,,,,,23.8,,0.0,,,,,,,0.0,0.0
5544,600837,海通证券,,,,,,,,,,10.41,,0.0,,,,,,,0.0,0.0
5545,600836,*ST易连,,,,,,,,,,0.45,,0.0,,,,,,,0.0,0.0
5546,600832,东方明珠,,,,,,,,,,23.18,,0.0,,,,,,,0.0,0.0
5547,600823,*ST世茂,,,,,,,,,,0.43,,0.0,,,,,,,0.0,0.0
5548,600813,ST鞍一工,,,,,,,,,,3.83,,0.0,,,,,,,0.0,0.0
5549,600811,*ST东方,,,,,,,,,,0.36,,0.0,,,,,,,0.0,0.0
5550,600806,退市昆机,,,,,,,,,,1.47,,0.0,,,,,,,0.0,0.0
5551,600804,退市鹏博,,,,,,,,,,0.14,,0.0,,,,,,,0.0,0.0
5552,600799,*ST龙科,,,,,,,,,,0.54,,0.0,,,,,,,0.0,0.0
5553,600788,*ST达曼,,,,,,,,,,0.91,,0.0,,,,,,,0.0,0.0
5554,600786,东方锅炉,,,,,,,,,,82.2,,0.0,,,,,,,0.0,0.0
5555,600781,退市辅仁,,,,,,,,,,0.77,,0.0,,,,,,,0.0,0.0
5556,600772,S*ST龙昌,,,,,,,,,,1.3,,0.0,,,,,,,0.0,0.0
5557,600767,退市运盛,,,,,,,,,,0.42,,0.0,,,,,,,0.0,0.0
5558,600766,退市园城,,,,,,,,,,0.42,,0.0,,,,,,,0.0,0.0
5559,600762,S*ST金荔,,,,,,,,,,0.77,,0.0,,,,,,,0.0,0.0
5560,600752,*ST哈慈,,,,,,,,,,0.84,,0.0,,,,,,,0.0,0.0
5561,600747,退市大控,,,,,,,,,,0.26,,0.0,,,,,,,0.0,0.0
5562,600735,ST新华锦,,,,,,,,,,6.73,,0.0,131.64,2.37,2885677414.0,2863290796.0,,,20.83,41.68
5563,600723,首商股份,,,,,,,,,,8.93,,0.0,,,,,,,0.0,0.0
5564,600709,ST生态,,,,,,,,,,3.02,,0.0,,,,,,,0.0,0.0
5565,600705,中航产融,,,,,,,,,,3.47,,0.0,,,,,,,0.0,0.0
5566,600701,退市工新,,,,,,,,,,0.45,,0.0,,,,,,,0.0,0.0
5567,600700,*ST数码,,,,,,,,,,0.64,,0.0,,,,,,,0.0,0.0
5568,600695,退市绿庭,,,,,,,,,,0.51,,0.0,,,,,,,0.0,0.0
5569,600687,退市刚泰,,,,,,,,,,0.3,,0.0,,,,,,,0.0,0.0
5570,600680,*ST上普,,,,,,,,,,7.69,,0.0,,,,,,,0.0,0.0
5571,600677,*ST航通,,,,,,,,,,3.01,,0.0,,,,,,,0.0,0.0
5572,600672,*ST华圣,,,,,,,,,,0.7,,0.0,,,,,,,0.0,0.0
5573,600670,*ST斯达,,,,,,,,,,2.87,,0.0,,,,,,,0.0,0.0
5574,600669,*ST鞍成,,,,,,,,,,2.19,,0.0,,,,,,,0.0,0.0
5575,600659,*ST花雕,,,,,,,,,,1.41,,0.0,,,,,,,0.0,0.0
5576,600656,退市博元,,,,,,,,,,4.49,,0.0,,,,,,,0.0,0.0
5577,600652,退市游久,,,,,,,,,,1.19,,0.0,,,,,,,0.0,0.0
5578,600647,退市同达,,,,,,,,,,1.52,,0.0,,,,,,,0.0,0.0
5579,600646,ST国嘉,,,,,,,,,,5.82,,0.0,,,,,,,0.0,0.0
5580,600634,退市富控,,,,,,,,,,0.28,,0.0,,,,,,,0.0,0.0
5581,600632,华联商厦,,,,,,,,,,9.53,,0.0,,,,,,,0.0,0.0
5582,600631,百联股份,,,,,,,,,,15.68,,0.0,,,,,,,0.0,0.0
5583,600627,上电股份,,,,,,,,,,28.73,,0.0,,,,,,,0.0,0.0
5584,600625,PT水仙,,,,,,,,,,4.8,,0.0,,,,,,,0.0,0.0
5585,600614,退市鹏起,,,,,,,,,,0.26,,0.0,,,,,,,0.0,0.0
5586,600607,上实医药,,,,,,,,,,23.52,,0.0,,,,,,,0.0,0.0
5587,600591,*ST上航,,,,,,,,,,7.27,,0.0,,,,,,,0.0,0.0
5588,600565,ST迪马,,,,,,,,,,0.85,,0.0,,,,,,,0.0,0.0
5589,600555,退市海创,,,,,,,,,,0.26,,0.0,,,,,,,0.0,0.0
5590,600553,太行水泥,,,,,,,,,,14.98,,0.0,,,,,,,0.0,0.0
5591,600532,退市未来,,,,,,,,,,0.72,,0.0,,,,,,,0.0,0.0
5592,600485,*ST信威,,,,,,,,,,1.39,,0.0,,,,,,,0.0,0.0
5593,600472,包头铝业,,,,,,,,,,51.82,,0.0,,,,,,,0.0,0.0
5594,600466,*ST蓝光,,,,,,,,,,0.4,,0.0,,,,,,,0.0,0.0
5595,600462,退市九有,,,,,,,,,,0.21,,0.0,,,,,,,0.0,0.0
5596,600432,退市吉恩,,,,,,,,,,1.38,,0.0,,,,,,,0.0,0.0
5597,600401,退市海润,,,,,,,,,,0.15,,0.0,,,,,,,0.0,0.0
5598,600393,ST粤泰,,,,,,,,,,0.37,,0.0,,,,,,,0.0,0.0
5599,600387,退市海越,,,,,,,,,,0.94,,0.0,,,,,,,0.0,0.0
5600,600385,退市金泰,,,,,,,,,,1.2,,0.0,,,,,,,0.0,0.0
5601,600357,承德钒钛,,,,,,,,,,7.4,,0.0,,,,,,,0.0,0.0
5602,600355,*ST精伦,,,,,,,,,,0.58,,0.0,-7.89,2.71,285411736.0,285411736.0,,,-73.15,-74.11
5603,600321,正源股份,,,,,,,,,,0.5,,0.0,,,,,,,0.0,0.0
5604,600317,营口港,,,,,,,,,,2.6,,0.0,,,,,,,0.0,0.0
5605,600311,*ST荣华,,,,,,,,,,0.61,,0.0,,,,,,,0.0,0.0
5606,600306,退市商城,,,,,,,,,,0.29,,0.0,,,,,,,0.0,0.0
5607,600297,广汇汽车,,,,,,,,,,0.78,,0.0,,,,,,,0.0,0.0
5608,600296,S兰铝,,,,,,,,,,14.61,,0.0,,,,,,,0.0,0.0
5609,600291,退市西水,,,,,,,,,,0.89,,0.0,,,,,,,0.0,0.0
5610,600290,*ST华仪,,,,,,,,,,0.37,,0.0,,,,,,,0.0,0.0
5611,600286,S*ST国瓷,,,,,,,,,,0.67,,0.0,,,,,,,0.0,0.0
5612,600277,ST亿利,,,,,,,,,,0.38,,0.0,,,,,,,0.0,0.0
5613,600275,退市昌鱼,,,,,,,,,,0.41,,0.0,,,,,,,0.0,0.0
5614,600270,外运发展,,,,,,,,,,20.99,,0.0,,,,,,,0.0,0.0
5615,600263,路桥建设,,,,,,,,,,16.43,,0.0,,,,,,,0.0,0.0
5616,600260,*ST凯乐,,,,,,,,,,0.47,,0.0,,,,,,,0.0,0.0
5617,600253,天方药业,,,,,,,,,,6.26,,0.0,,,,,,,0.0,0.0
5618,600247,*ST成城,,,,,,,,,,0.65,,0.0,,,,,,,0.0,0.0
5619,600242,退市中昌,,,,,,,,,,0.25,,0.0,,,,,,,0.0,0.0
5620,600240,退市华业,,,,,,,,,,0.41,,0.0,,,,,,,0.0,0.0
5621,600225,退市卓朗,,,,,,,,,,0.29,,0.0,,,,,,,0.0,0.0
5622,600220,ST阳光,,,,,,,,,,0.37,,0.0,,,,,,,0.0,0.0
5623,600213,*ST亚星,,,,,,,,,,6.36,,0.0,,,,,,,0.0,0.0
5624,600209,退市罗顿,,,,,,,,,,1.18,,0.0,,,,,,,0.0,0.0
5625,600205,S山东铝,,,,,,,,,,25.41,,0.0,,,,,,,0.0,0.0
5626,600200,退市苏吴,,,,,,,,,,0.29,,0.0,,,,,,,0.0,0.0
5627,600190,退市锦港,,,,,,,,,,0.63,,0.0,,,,,,,0.0,0.0
5628,600181,S*ST云大,,,,,,,,,,1.02,,0.0,,,,,,,0.0,0.0
5629,600175,退市美都,,,,,,,,,,0.21,,0.0,,,,,,,0.0,0.0
5630,600146,退市环球,,,,,,,,,,0.22,,0.0,,,,,,,0.0,0.0
5631,600145,退市新亿,,,,,,,,,,0.34,,0.0,,,,,,,0.0,0.0
5632,600139,*ST西源,,,,,,,,,,0.74,,0.0,,,,,,,0.0,0.0
5633,600122,*ST宏图,,,,,,,,,,0.38,,0.0,,,,,,,0.0,0.0
5634,600112,*ST天成,,,,,,,,,,0.73,,0.0,,,,,,,0.0,0.0
5635,600102,莱钢股份,,,,,,,,,,7.13,,0.0,,,,,,,0.0,0.0
5636,600093,退市易见,,,,,,,,,,0.5,,0.0,,,,,,,0.0,0.0
5637,600092,S*ST精密,,,,,,,,,,0.96,,0.0,,,,,,,0.0,0.0
5638,600091,退市明科,,,,,,,,,,0.76,,0.0,,,,,,,0.0,0.0
5639,600090,退市济堂,,,,,,,,,,0.27,,0.0,,,,,,,0.0,0.0
5640,600087,退市长油,,,,,,,,,,0.83,,0.0,,,,,,,0.0,0.0
5641,600086,退市金钰,,,,,,,,,,0.16,,0.0,,,,,,,0.0,0.0
5642,600083,*ST博信,,,,,,,,,,0.92,,0.0,,,,,,,0.0,0.0
5643,600077,*ST宋都,,,,,,,,,,0.41,,0.0,,,,,,,0.0,0.0
5644,600074,退市保千,,,,,,,,,,0.17,,0.0,,,,,,,0.0,0.0
5645,600070,*ST富润,,,,,,,,,,0.42,,0.0,,,,,,,0.0,0.0
5646,600069,退市银鸽,,,,,,,,,,0.28,,0.0,,,,,,,0.0,0.0
5647,600068,葛洲坝,,,,,,,,,,9.93,,0.0,,,,,,,0.0,0.0
5648,600065,*ST联谊,,,,,,,,,,1.7,,0.0,,,,,,,0.0,0.0
5649,600005,武钢股份,,,,,,,,,,3.71,,0.0,,,,,,,0.0,0.0
5650,600003,ST东北高,,,,,,,,,,3.87,,0.0,,,,,,,0.0,0.0
5651,600002,齐鲁石化,,,,,,,,,,10.09,,0.0,,,,,,,0.0,0.0
5652,600001,邯郸钢铁,,,,,,,,,,5.29,,0.0,,,,,,,0.0,0.0
5653,301599,理奇智能,,,,,,,,,,13.91,,0.0,20.02,,5103022600.0,,,,0.0,0.0
5654,301531,春光集团,,,,,,,,,,,,0.0,,,,,,,,
5655,301022,海泰科,,,,,,,,,,27.83,,0.0,35.37,1.96,2768643227.0,1869784655.0,,,-16.78,-15.9
5656,300807,天迈科技,,,,,,,,,,56.02,,0.0,-136.47,8.33,3811577664.0,2909678184.0,,,-2.17,1.5
5657,300799,左江退,,,,,,,,,,1.08,,0.0,,,,,,,0.0,0.0
5658,300742,越博退,,,,,,,,,,0.18,,0.0,,,,,,,0.0,0.0
5659,300630,普利退,,,,,,,,,,0.89,,0.0,,,,,,,0.0,0.0
5660,300526,中潜退,,,,,,,,,,0.56,,0.0,,,,,,,0.0,0.0
5661,300495,*ST美尚,,,,,,,,,,0.13,,0.0,,,,,,,0.0,0.0
5662,300431,暴风退,,,,,,,,,,0.28,,0.0,,,,,,,0.0,0.0
5663,300392,腾信退,,,,,,,,,,0.21,,0.0,,,,,,,0.0,0.0
5664,300391,长药退,,,,,,,,,,0.19,,0.0,,,66563861.0,66563861.0,,,-72.06,-78.16
5665,300379,东通退,,,,,,,,,,1.72,,0.0,,,,,,,-8.99,38.71
5666,300372,欣泰退,,,,,,,,,,1.48,,0.0,,,,,,,0.0,0.0
5667,300367,网力退,,,,,,,,,,0.29,,0.0,,,,,,,0.0,0.0
5668,300362,天翔退,,,,,,,,,,1.34,,0.0,,,,,,,0.0,0.0
5669,300356,光一退,,,,,,,,,,1.69,,0.0,,,,,,,0.0,0.0
5670,300336,新文退,,,,,,,,,,0.25,,0.0,,,,,,,0.0,0.0
5671,300330,计通退,,,,,,,,,,2.45,,0.0,,,,,,,0.0,0.0
5672,300325,德威退,,,,,,,,,,0.25,,0.0,,,,,,,0.0,0.0
5673,300312,邦讯退,,,,,,,,,,0.3,,0.0,,,,,,,0.0,0.0
5674,300309,吉艾退,,,,,,,,,,0.23,,0.0,,,,,,,0.0,0.0
5675,300297,蓝盾退,,,,,,,,,,0.23,,0.0,,,,,,,0.0,0.0
5676,300282,三盛退,,,,,,,,,,0.13,,0.0,,,,,,,0.0,0.0
5677,300280,紫天退,,,,,,,,,,0.33,,0.0,,,,,,,0.0,0.0
5678,300273,和佳退,,,,,,,,,,0.38,,0.0,,,,,,,0.0,0.0
5679,300262,*ST巴安,,,,,,,,,,0.68,,0.0,,,,,,,0.0,0.0
5680,300216,千山退,,,,,,,,,,0.19,,0.0,,,,,,,0.0,0.0
5681,300208,中程退,,,,,,,,,,0.28,,0.0,,,,,,,0.0,0.0
5682,300202,聚龙退,,,,,,,,,,0.5,,0.0,,,,,,,0.0,0.0
5683,300186,大华农,,,,,,,,,,45.72,,0.0,,,,,,,0.0,0.0
5684,300178,腾邦退,,,,,,,,,,0.2,,0.0,,,,,,,0.0,0.0
5685,300156,神雾退,,,,,,,,,,0.12,,0.0,,,,,,,0.0,0.0
5686,300123,亚光科技,,,,,,,,,,6.42,,0.0,-5.34,19.3,6560175070.0,6381610859.0,,,-24.82,-20.74
5687,300117,*ST嘉寓,,,,,,,,,,0.43,,0.0,,,,,,,0.0,0.0
5688,300116,*ST保力,,,,,,,,,,0.11,,0.0,,,,,,,0.0,0.0
5689,300108,*ST吉药,,,,,,,,,,0.21,,0.0,,,,,,,0.0,0.0
5690,300104,乐视退,,,,,,,,,,0.18,,0.0,,,,,,,0.0,0.0
5691,300090,盛运退,,,,,,,,,,0.12,,0.0,,,,,,,0.0,0.0
5692,300089,文化退,,,,,,,,,,0.19,,0.0,,,,,,,0.0,0.0
5693,300067,安诺其,,,,,,,,,,4.21,,0.0,-98.67,1.95,4859916957.0,3946806297.0,,,-20.27,-15.8
5694,300064,金刚退,,,,,,,,,,1.32,,0.0,,,,,,,0.0,0.0
5695,300038,数知退,,,,,,,,,,0.3,,0.0,,,,,,,0.0,0.0
5696,300028,金亚退,,,,,,,,,,0.3,,0.0,,,,,,,0.0,0.0
5697,300023,宝德退,,,,,,,,,,1.09,,0.0,,,,,,,0.0,0.0
5698,002781,奇信退,,,,,,,,,,0.42,,0.0,,,,,,,0.0,0.0
5699,002776,*ST柏龙,,,,,,,,,,0.4,,0.0,,,,,,,0.0,0.0
5700,002770,科迪退,,,,,,,,,,0.6,,0.0,,,,,,,0.0,0.0
5701,002751,易尚退,,,,,,,,,,0.86,,0.0,,,,,,,0.0,0.0
5702,002750,龙津退,,,,,,,,,,0.59,,0.0,,,,,,,0.0,0.0
5703,002740,*ST爱迪,,,,,,,,,,0.38,,0.0,,,,,,,0.0,0.0
5704,002711,欧浦退,,,,,,,,,,0.32,,0.0,,,,,,,0.0,0.0
5705,002699,*ST美盛,,,,,,,,,,0.41,,0.0,,,,,,,0.0,0.0
5706,002684,猛狮退,,,,,,,,,,0.69,,0.0,,,,,,,0.0,0.0
5707,002680,长生退,,,,,,,,,,0.77,,0.0,,,,,,,0.0,0.0
5708,002665,ST航高,,,,,,,,,,0.37,,0.0,,,,,,,0.0,0.0
5709,002621,*ST美吉,,,,,,,,,,0.37,,0.0,,,,,,,0.0,0.0
5710,002619,*ST艾格,,,,,,,,,,0.56,,0.0,,,,,,,0.0,0.0
5711,002618,丹邦退,,,,,,,,,,1.26,,0.0,,,,,,,0.0,0.0
5712,002610,ST爱康,,,,,,,,,,0.37,,0.0,,,,,,,0.0,0.0
5713,002604,龙力退,,,,,,,,,,0.25,,0.0,,,,,,,0.0,0.0
5714,002542,中化岩土,,,,,,,,,,2.05,,0.0,-3.89,-28.15,3702539313.0,3605481132.0,,,-43.53,-38.62
5715,002509,天茂退,,,,,,,,,,0.15,,0.0,,,,,,,0.0,0.0
5716,002505,鹏都农牧,,,,,,,,,,0.36,,0.0,,,,,,,0.0,0.0
5717,002504,*ST弘高,,,,,,,,,,0.38,,0.0,,,,,,,0.0,0.0
5718,002503,*ST搜特,,,,,,,,,,0.42,,0.0,,,,,,,0.0,0.0
5719,002502,ST鼎龙,,,,,,,,,,0.64,,0.0,,,,,,,0.0,0.0
5720,002499,科林退,,,,,,,,,,0.86,,0.0,,,,,,,0.0,0.0
5721,002477,雏鹰退,,,,,,,,,,0.17,,0.0,,,,,,,0.0,0.0
5722,002473,圣莱退,,,,,,,,,,0.79,,0.0,,,,,,,0.0,0.0
5723,002464,众应退,,,,,,,,,,0.26,,0.0,,,,,,,0.0,0.0
5724,002450,康得退,,,,,,,,,,0.2,,0.0,,,,,,,0.0,0.0
5725,002447,晨鑫退,,,,,,,,,,0.19,,0.0,,,,,,,0.0,0.0
5726,002435,ST长康,,,,,,,,,,0.37,,0.0,,,,,,,0.0,0.0
5727,002433,太安退,,,,,,,,,,0.27,,0.0,,,,,,,0.0,0.0
5728,002417,深南退,,,,,,,,,,0.45,,0.0,,,,,,,0.0,0.0
5729,002411,必康退,,,,,,,,,,0.62,,0.0,,,,,,,0.0,0.0
5730,002359,北讯退,,,,,,,,,,0.35,,0.0,,,,,,,0.0,0.0
5731,002341,ST新纶,,,,,,,,,,0.61,,0.0,,,,,,,0.0,0.0
5732,002336,人乐退,,,,,,,,,,0.36,,0.0,,,,,,,0.0,0.0
5733,002325,*ST洪涛,,,,,,,,,,0.38,,0.0,,,,,,,0.0,0.0
5734,002308,*ST威创,,,,,,,,,,0.37,,0.0,,,,,,,0.0,0.0
5735,002288,*ST超华,,,,,,,,,,0.37,,0.0,,,,,,,0.0,0.0
5736,002280,ST联络,,,,,,,,,,0.37,,0.0,,,,,,,0.0,0.0
5737,002260,德奥退,,,,,,,,,,0.53,,0.0,,,,,,,0.0,0.0
5738,002231,*ST奥维,,,,,,,,,,0.6,,0.0,,,,,,,-39.39,-57.14
5739,002220,天宝退,,,,,,,,,,0.26,,0.0,,,,,,,0.0,0.0
5740,002147,新光退,,,,,,,,,,0.37,,0.0,,,,,,,0.0,0.0
5741,002143,印纪退,,,,,,,,,,0.25,,0.0,,,,,,,0.0,0.0
5742,002118,*ST紫鑫,,,,,,,,,,0.37,,0.0,,,,,,,0.0,0.0
5743,002113,*ST天润,,,,,,,,,,0.41,,0.0,,,,,,,0.0,0.0
5744,002089,新海退,,,,,,,,,,0.24,,0.0,,,,,,,0.0,0.0
5745,002087,新纺退,,,,,,,,,,0.16,,0.0,,,,,,,0.0,0.0
5746,002071,长城退,,,,,,,,,,0.31,,0.0,,,,,,,0.0,0.0
5747,002070,众和退,,,,,,,,,,0.71,,0.0,,,,,,,0.0,0.0
5748,002018,华信退,,,,,,,,,,0.26,,0.0,,,,,,,0.0,0.0
5749,002013,中航机电,,,,,,,,,,10.78,,0.0,,,,,,,0.0,0.0
5750,002002,ST鸿达,,,,,,,,,,0.58,,0.0,,,,,,,0.0,0.0
5751,001312,福恩股份,,,,,,,,,,18.38,,0.0,18.62,2.46,4288666679.0,1050605744.0,,,0.0,0.0
5752,000996,中期退,,,,,,,,,,0.38,,0.0,,,,,,,0.0,0.0
5753,000982,中银绒业,,,,,,,,,,0.18,,0.0,,,,,,,0.0,0.0
5754,000979,中弘退,,,,,,,,,,0.22,,0.0,,,,,,,0.0,0.0
5755,000976,*ST华铁,,,,,,,,,,0.41,,0.0,,,,,,,0.0,0.0
5756,000971,*ST高升,,,,,,,,,,0.55,,0.0,,,,,,,0.0,0.0
5757,000961,ST中南,,,,,,,,,,0.56,,0.0,,,,,,,0.0,0.0
5758,000956,中原油气,,,,,,,,,,11.91,,0.0,,,,,,,0.0,0.0
5759,000939,凯迪退,,,,,,,,,,0.15,,0.0,,,,,,,0.0,0.0
5760,000918,*ST嘉凯,,,,,,,,,,0.49,,0.0,,,,,,,0.0,0.0
5761,000916,华北高速,,,,,,,,,,8.82,,0.0,,,,,,,0.0,0.0
5762,000866,扬子石化,,,,,,,,,,13.84,,0.0,,,,,,,0.0,0.0
5763,000861,海印股份,,,,,,,,,,0.62,,0.0,,,,,,,0.0,0.0
5764,000851,*ST高鸿,,,,,,,,,,0.38,,0.0,,,,,,,0.0,0.0
5765,000836,ST富通,,,,,,,,,,0.37,,0.0,,,,,,,0.0,0.0
5766,000835,长动退,,,,,,,,,,0.35,,0.0,,,,,,,0.0,0.0
5767,000832,*ST龙涤,,,,,,,,,,1.45,,0.0,,,,,,,0.0,0.0
5768,000827,*ST长兴,,,,,,,,,,1.16,,0.0,,,,,,,0.0,0.0
5769,000817,辽河油田,,,,,,,,,,8.75,,0.0,,,,,,,0.0,0.0
5770,000806,银河退,,,,,,,,,,0.43,,0.0,,,,,,,0.0,0.0
5771,000805,*ST炎黄,,,,,,,,,,1.88,,0.0,,,,,,,0.0,0.0
5772,000787,*ST创智,,,,,,,,,,4.68,,0.0,,,,,,,0.0,0.0
5773,000780,ST平能,,,,,,,,,,10.95,,0.0,,,,,,,0.0,0.0
5774,000769,*ST大菲,,,,,,,,,,0.9,,0.0,,,,,,,0.0,0.0
5775,000765,*ST华信,,,,,,,,,,2.36,,0.0,,,,,,,0.0,0.0
5776,000763,锦州石化,,,,,,,,,,4.22,,0.0,,,,,,,0.0,0.0
5777,000760,斯太退,,,,,,,,,,0.26,,0.0,,,,,,,0.0,0.0
5778,000748,长城信息,,,,,,,,,,20.31,,0.0,,,,,,,0.0,0.0
5779,000732,ST泰禾,,,,,,,,,,0.43,,0.0,,,,,,,0.0,0.0
5780,000730,*ST环保,,,,,,,,,,2.6,,0.0,,,,,,,0.0,0.0
5781,000699,S*ST佳纸,,,,,,,,,,0.81,,0.0,,,,,,,0.0,0.0
5782,000693,华泽退,,,,,,,,,,0.37,,0.0,,,,,,,0.0,0.0
5783,000689,ST宏业,,,,,,,,,,4.88,,0.0,,,,,,,0.0,0.0
5784,000687,华讯退,,,,,,,,,,0.29,,0.0,,,,,,,0.0,0.0
5785,000675,ST银山,,,,,,,,,,7.94,,0.0,,,,,,,0.0,0.0
5786,000673,当代退,,,,,,,,,,0.25,,0.0,,,,,,,0.0,0.0
5787,000671,ST阳光城,,,,,,,,,,0.37,,0.0,,,,,,,0.0,0.0
5788,000667,ST美置,,,,,,,,,,0.58,,0.0,,,,,,,0.0,0.0
5789,000666,经纬纺机,,,,,,,,,,8.97,,0.0,,,,,,,0.0,0.0
5790,000662,天夏退,,,,,,,,,,0.25,,0.0,,,,,,,0.0,0.0
5791,000660,*ST南华,,,,,,,,,,2.38,,0.0,,,,,,,0.0,0.0
5792,000658,ST海洋,,,,,,,,,,4.24,,0.0,,,,,,,0.0,0.0
5793,000653,ST九州,,,,,,,,,,2.51,,0.0,,,,,,,0.0,0.0
5794,000638,*ST万方,,,,,,,,,,0.89,,0.0,-24.19,1.99,277134030.0,276029585.0,,,-79.49,-80.98
5795,000627,*ST天茂,,,,,,,,,,1.58,,0.0,,,,,,,0.0,0.0
5796,000622,恒立退,,,,,,,,,,0.15,,0.0,,,,,,,0.0,0.0
5797,000621,*ST比特,,,,,,,,,,2.66,,0.0,,,,,,,0.0,0.0
5798,000618,吉林化工,,,,,,,,,,5.24,,0.0,,,,,,,0.0,0.0
5799,000616,*ST海投,,,,,,,,,,0.85,,0.0,,,,,,,0.0,0.0
5800,000613,东海A退,,,,,,,,,,0.58,,0.0,,,,,,,0.0,0.0
5801,000611,天首退,,,,,,,,,,1.39,,0.0,,,,,,,0.0,0.0
5802,000606,顺利退,,,,,,,,,,0.28,,0.0,,,,,,,0.0,0.0
5803,000602,金马集团,,,,,,,,,,13.41,,0.0,,,,,,,0.0,0.0
5804,000594,国恒退,,,,,,,,,,1.29,,0.0,,,,,,,0.0,0.0
5805,000588,PT粤金曼,,,,,,,,,,4.37,,0.0,,,,,,,0.0,0.0
5806,000587,*ST金洲,,,,,,,,,,0.72,,0.0,,,,,,,0.0,0.0
5807,000585,东电退,,,,,,,,,,0.35,,0.0,,,,,,,0.0,0.0
5808,000584,工智退,,,,,,,,,,0.29,,0.0,,,,,,,0.0,0.0
5809,000583,S*ST托普,,,,,,,,,,0.76,,0.0,,,,,,,0.0,0.0
5810,000578,盐湖集团,,,,,,,,,,24.44,,0.0,,,,,,,0.0,0.0
5811,000569,长城股份,,,,,,,,,,7.05,,0.0,,,,,,,0.0,0.0
5812,000562,宏源证券,,,,,,,,,,30.5,,0.0,,,,,,,0.0,0.0
5813,000556,PT南洋,,,,,,,,,,1.5,,0.0,,,,,,,0.0,0.0
5814,000549,S湘火炬,,,,,,,,,,8.9,,0.0,,,,,,,0.0,0.0
5815,000542,TCL通讯,,,,,,,,,,27.34,,0.0,,,,,,,0.0,0.0
5816,000540,*ST中天,,,,,,,,,,0.4,,0.0,,,,,,,0.0,0.0
5817,000535,*ST猴王,,,,,,,,,,0.5,,0.0,,,,,,,0.0,0.0
5818,000527,美的电器,,,,,,,,,,14.02,,0.0,,,,,,,0.0,0.0
5819,000522,白云山A,,,,,,,,,,23.27,,0.0,,,,,,,0.0,0.0
5820,000515,攀渝钛业,,,,,,,,,,15.29,,0.0,,,,,,,0.0,0.0
5821,000511,烯碳退,,,,,,,,,,0.61,,0.0,,,,,,,0.0,0.0
5822,000508,琼民源A,,,,,,,,,,,,0.0,,,,,,,,
5823,000502,绿景退,,,,,,,,,,0.59,,0.0,,,,,,,0.0,0.0
5824,000418,小天鹅A,,,,,,,,,,57.39,,0.0,,,,,,,0.0,0.0
5825,000416,*ST民控,,,,,,,,,,0.45,,0.0,,,,,,,0.0,0.0
5826,000413,ST旭电,,,,,,,,,,0.37,,0.0,,,,,,,0.0,0.0
5827,000412,ST五环,,,,,,,,,,2.89,,0.0,,,,,,,0.0,0.0
5828,000406,石油大明,,,,,,,,,,10.12,,0.0,,,,,,,0.0,0.0
5829,000405,ST鑫光,,,,,,,,,,2.86,,0.0,,,,,,,0.0,0.0
5830,000150,*ST宜康,,,,,,,,,,0.51,,0.0,,,,,,,0.0,0.0
5831,000047,ST中侨,,,,,,,,,,8.03,,0.0,,,,,,,0.0,0.0
5832,000046,*ST泛海,,,,,,,,,,0.38,,0.0,,,,,,,0.0,0.0
5833,000040,*ST旭蓝,,,,,,,,,,0.49,,0.0,,,,,,,0.0,0.0
5834,000038,大通退,,,,,,,,,,0.52,,0.0,,,,,,,0.0,0.0
5835,000033,新都退,,,,,,,,,,1.7,,0.0,,,,,,,0.0,0.0
5836,000024,招商地产,,,,,,,,,,40.5,,0.0,,,,,,,0.0,0.0
5837,000023,*ST深天,,,,,,,,,,1.72,,0.0,,,,,,,0.0,0.0
5838,000018,神城A退,,,,,,,,,,0.27,,0.0,,,,,,,0.0,0.0
5839,000015,PT中浩A,,,,,,,,,,6.85,,0.0,,,,,,,0.0,0.0
5840,000013,*ST石化A,,,,,,,,,,2.47,,0.0,,,,,,,0.0,0.0
5841,000005,ST星源,,,,,,,,,,0.83,,0.0,,,,,,,0.0,0.0
5842,000003,PT金田A,,,,,,,,,,2.71,,0.0,,,,,,,0.0,0.0
