序号,代码,名称,最新价,涨跌幅,涨跌额,成交量,成交额,振幅,最高,最低,今开,昨收,量比,换手率,市盈率-动态,市净率,总市值,流通市值,涨速,5分钟涨跌,60日涨跌幅,年初至今涨跌幅
1,300981,中红医疗,15.77,20.02,2.63,438670.0,670374666.77,17.2,15.77,13.51,13.51,13.14,8.89,11.16,-703.51,1.26,6763200403.0,6198160042.0,0.0,0.0,2.27,25.56
2,300185,通裕重工,4.21,19.94,0.7,8574846.0,3433247678.63,17.95,4.21,3.58,3.58,3.51,3.27,23.13,146.8,2.47,16406995842.0,15606378365.0,0.0,0.0,43.69,48.24
3,300677,英科医疗,61.79,17.7,9.29,376678.0,2222011354.37,19.7,63.0,52.66,52.8,52.5,1.75,8.09,32.82,2.23,40457204121.0,28770239752.0,-0.02,-0.02,47.72,58.84
4,300505,川金诺,38.9,14.82,5.02,1037163.0,3994203318.28,18.74,40.66,34.31,34.56,33.88,1.85,47.72,26.34,3.87,10692346645.0,8455351536.0,0.0,0.13,74.44,73.74
5,300720,海川智能,49.18,14.69,6.3,186752.0,889209871.36,21.01,51.27,42.26,42.6,42.88,1.97,10.69,260.26,16.37,9584063450.0,8589384917.0,-0.24,1.84,55.88,45.12
6,300035,中科电气,22.89,13.32,2.69,1367140.0,3156968388.8,16.88,24.24,20.83,20.83,20.2,7.57,23.44,29.29,3.2,15689416499.0,13352838696.0,0.0,-0.26,9.05,7.52
7,300143,盈康生命,13.38,12.53,1.49,611520.0,780156999.81,15.64,13.65,11.79,11.89,11.89,1.75,9.53,86.61,3.97,10027662462.0,8581439348.0,0.0,0.38,32.21,35.43
8,920159,农大科技,51.0,12.51,5.67,74488.0,382478520.01,19.77,55.52,46.56,46.56,45.33,1.82,51.73,26.9,4.31,3876000000.0,734400000.0,0.0,2.0,104.0,104.0
9,688519,南亚新材,133.0,12.31,14.58,81876.0,1039732944.0,23.58,142.1,114.18,116.16,118.42,1.77,3.49,129.64,10.85,31224543266.0,31224543266.0,-0.75,-0.34,88.65,64.48
10,300936,中英科技,59.97,11.49,6.18,125141.0,716899452.25,15.97,61.77,53.18,53.64,53.79,1.6,26.37,-470.62,4.51,4509744000.0,2846192692.0,-0.05,0.02,55.12,53.77
11,688689,银河微电,37.09,10.65,3.57,120153.0,445413854.0,20.17,39.97,33.21,33.79,33.52,2.94,9.32,59.48,3.46,4781021950.0,4781021950.0,0.08,0.03,38.34,30.69
12,300569,天能重工,7.79,10.5,0.74,2042240.0,1556159562.36,16.88,8.25,7.06,7.15,7.05,3.89,20.03,71.08,1.54,7966967105.0,7942767524.0,-0.13,0.0,32.48,35.71
13,600408,安泰集团,4.13,10.13,0.38,1750771.0,700058545.0,11.2,4.13,3.71,3.74,3.75,2.69,17.39,-20.01,3.06,4158084000.0,4158084000.0,0.0,0.0,-14.14,2.48
14,000677,恒天海龙,5.02,10.09,0.46,223718.0,112306566.52,0.0,5.02,5.02,5.02,4.56,0.34,2.59,1183.82,8.54,4337169299.0,4337169299.0,0.0,0.0,18.68,14.35
15,600370,三房巷,2.73,10.08,0.25,2737151.0,709959486.0,10.08,2.73,2.48,2.48,2.48,3.97,7.02,-17.09,2.15,10637938357.0,10637938357.0,0.0,0.0,22.42,20.8
16,600227,赤天化,4.37,10.08,0.4,3981515.0,1707365839.0,10.33,4.37,3.96,3.96,3.97,1.21,31.16,-36.3,3.08,7379739983.0,5583111139.0,0.0,0.0,53.33,83.61
17,600226,亨通股份,6.02,10.05,0.55,1813700.0,1059643011.0,11.33,6.02,5.4,5.48,5.47,3.22,6.1,71.19,4.96,17905774968.0,17905774968.0,0.0,0.0,37.13,12.95
18,600726,华电能源,4.27,10.05,0.39,3716186.0,1493775524.0,14.69,4.27,3.7,4.2,3.88,1.89,4.97,94.78,8.21,33764325617.0,31919685608.0,0.0,0.0,71.49,78.66
19,600683,京投发展,8.76,10.05,0.8,433776.0,364276303.0,12.06,8.76,7.8,7.91,7.96,1.06,5.86,-13.02,-50.19,6489211750.0,6489211750.0,0.0,0.0,92.11,105.15
20,002445,中南文化,4.49,10.05,0.41,1149642.0,516189168.2,0.0,4.49,4.49,4.49,4.08,4.62,4.86,97.33,4.71,10670967814.0,10625050569.0,0.0,0.0,59.22,72.69
21,002429,兆驰股份,11.94,10.05,1.09,3925592.0,4622289667.34,6.82,11.94,11.2,11.28,10.85,1.42,8.68,40.53,3.29,54051670848.0,54020536235.0,0.0,0.0,72.29,60.92
22,002669,康达新材,15.35,10.04,1.4,328678.0,482297549.3,11.04,15.35,13.81,13.84,13.95,4.36,10.86,41.56,1.72,4657190000.0,4646718230.0,0.0,0.0,13.62,0.99
23,002950,奥美医疗,11.3,10.03,1.03,171855.0,187880488.9,10.91,11.3,10.18,10.21,10.27,2.74,3.8,15.39,1.92,7155899099.0,5107545862.0,0.0,0.0,-0.62,3.48
24,600234,科新发展,14.92,10.03,1.36,76408.0,111151721.0,10.25,14.92,13.53,13.56,13.56,3.81,2.91,94.48,7.83,3916812917.0,3916812917.0,0.0,0.0,29.07,16.11
25,600232,金鹰股份,8.78,10.03,0.8,132673.0,112654441.0,11.03,8.78,7.9,7.93,7.98,1.75,3.64,285.2,3.41,3202228816.0,3202228816.0,0.0,0.0,21.27,11.0
26,002969,嘉美包装,26.47,10.02,2.41,1010642.0,2559864299.83,12.34,26.47,23.5,23.88,24.06,1.15,9.25,556.89,10.98,29077181444.0,28912888824.0,0.0,0.38,480.48,109.08
27,603538,美诺华,25.37,10.02,2.31,227271.0,556436233.0,12.1,25.37,22.58,23.08,23.06,2.01,10.51,43.73,2.49,5592820661.0,5484889577.0,0.0,0.0,25.84,31.86
28,603366,日出东方,10.32,10.02,0.94,831871.0,837970442.0,10.23,10.32,9.36,9.42,9.38,7.82,10.23,171.54,2.02,8390656402.0,8390656402.0,0.0,0.0,6.06,7.39
29,000890,法尔胜,11.09,10.02,1.01,389991.0,424799648.06,6.35,11.09,10.45,10.59,10.08,0.44,9.3,-153.27,-839.3,4652299005.0,4652155700.0,0.0,0.0,148.65,118.74
30,601611,中国核建,19.21,10.02,1.75,3072970.0,5725504295.0,13.8,19.21,16.8,17.14,17.46,2.43,10.2,39.25,2.66,57895755213.0,57895755213.0,0.0,0.0,62.38,42.51
31,605222,起帆电缆,23.06,10.02,2.1,201358.0,453379668.0,10.26,23.06,20.91,21.14,20.96,2.49,4.88,31.96,2.04,9521545440.0,9521545440.0,0.0,0.0,37.51,25.39
32,603062,麦加芯彩,56.29,10.01,5.12,40920.0,225455280.0,9.6,56.29,51.38,51.38,51.17,5.0,11.04,27.57,2.98,6079320000.0,2086844799.0,0.0,0.0,24.37,19.08
33,603659,璞泰来,32.41,10.01,2.95,676247.0,2159757611.0,9.1,32.41,29.73,29.73,29.46,1.15,3.17,29.35,3.39,69240694053.0,69240694053.0,0.0,0.0,20.89,18.54
34,002531,天顺风能,12.42,10.01,1.13,1145742.0,1375159506.76,9.83,12.42,11.31,11.5,11.29,1.89,6.41,240.12,2.48,22317232932.0,22192877260.0,0.0,0.0,83.46,81.05
35,002931,锋龙股份,81.58,10.01,7.42,79442.0,642824208.08,2.29,81.58,79.88,79.88,74.16,0.44,3.95,621.29,18.76,17825707732.0,16418262814.0,0.0,0.0,310.16,157.35
36,002543,万和电气,9.79,10.0,0.89,229719.0,219971017.15,10.56,9.79,8.85,8.86,8.9,4.96,3.47,11.39,1.44,7279844000.0,6477171719.0,0.0,0.0,-3.74,-4.11
37,002165,红 宝 丽,12.76,10.0,1.16,1912003.0,2382708421.79,10.78,12.76,11.51,11.6,11.6,1.33,26.28,187.83,4.59,9382043120.0,9284552369.0,0.0,0.0,64.43,68.78
38,002487,大金重工,80.65,10.0,7.33,507261.0,3978503969.73,9.62,80.65,73.6,73.86,73.32,2.58,8.04,46.62,6.21,51434484997.0,50883719453.0,0.0,0.0,41.39,55.31
39,002382,蓝帆医疗,7.59,10.0,0.69,548009.0,410425259.43,10.0,7.59,6.9,6.9,6.9,1.93,5.48,-20.05,0.99,7644177845.0,7587769914.0,0.0,0.0,40.56,35.54
40,002903,宇环数控,31.03,10.0,2.82,431779.0,1286130418.73,13.61,31.03,27.19,27.4,28.21,1.82,40.49,1191.39,6.03,4862338940.0,3309136913.0,0.0,0.0,28.54,34.91
41,603803,瑞斯康达,13.75,10.0,1.25,782862.0,1020366377.0,13.76,13.75,12.03,12.03,12.5,1.95,18.43,-93.06,3.72,5842148909.0,5842148909.0,0.0,0.0,15.06,23.99
42,600847,万里股份,15.51,10.0,1.41,76061.0,114283350.0,11.7,15.51,13.86,14.0,14.1,2.83,4.96,-53.78,4.62,2377487574.0,2377487574.0,0.0,0.0,29.57,33.48
43,003027,同兴科技,24.52,10.0,2.23,101966.0,242194589.55,10.63,24.52,22.15,22.16,22.29,3.47,9.72,38.79,1.88,3205332864.0,2571190935.0,0.0,0.0,18.8,9.96
44,002056,横店东磁,25.84,10.0,2.35,862026.0,2199581659.67,9.54,25.84,23.6,23.79,23.49,2.3,5.3,21.7,4.1,42034239992.0,41990816777.0,0.0,0.0,34.86,32.51
45,002084,海鸥住工,4.29,10.0,0.39,569000.0,236453237.9,10.51,4.29,3.88,3.91,3.9,3.64,8.83,-33.38,1.99,2771580412.0,2765481756.0,0.0,0.0,-5.09,10.57
46,603929,亚翔集成,140.83,10.0,12.8,22768.0,319935418.0,1.62,140.83,138.75,138.75,128.03,0.73,1.07,33.68,13.04,30047488800.0,30047488800.0,0.0,0.0,82.87,47.47
47,003041,真爱美家,69.85,10.0,6.35,152827.0,1003420234.66,15.35,69.85,60.1,61.98,63.5,2.29,11.17,32.75,6.87,10058400000.0,9557114490.0,0.0,0.0,54.88,28.57
48,600722,金牛化工,16.94,10.0,1.54,1777935.0,2973438231.0,6.82,16.94,15.89,16.0,15.4,1.09,26.13,239.91,9.33,11524615311.0,11524615311.0,0.0,0.0,180.46,185.19
49,603280,南方路机,40.7,10.0,3.7,83578.0,331774288.0,11.08,40.7,36.6,37.0,37.0,4.4,29.91,42.98,3.25,4412151347.0,1137225847.0,0.0,0.0,-3.3,8.82
50,603607,京华激光,24.55,9.99,2.23,96134.0,234229313.0,9.18,24.55,22.5,22.56,22.32,3.49,5.39,44.75,4.34,4382587440.0,4382587440.0,0.0,0.0,-5.58,-10.07
51,603558,健盛集团,12.99,9.99,1.18,97711.0,125067549.0,5.08,12.99,12.39,12.39,11.81,2.63,2.85,10.99,1.9,4450868257.0,4450868257.0,0.0,0.0,13.15,15.67
52,002438,江苏神通,19.26,9.99,1.75,309748.0,577175576.2,11.14,19.26,17.31,17.46,17.51,2.61,6.61,31.29,2.66,9775171499.0,9030641646.0,0.0,0.0,33.01,21.13
53,002637,赞宇科技,15.87,9.98,1.44,182967.0,279351094.0,9.63,15.87,14.48,14.48,14.43,0.74,4.13,37.14,1.98,7465263870.0,7026016391.0,0.0,0.0,49.15,54.83
54,603029,天鹅股份,21.6,9.98,1.96,66916.0,140568488.0,9.52,21.6,19.73,19.73,19.64,2.87,5.51,37.52,2.82,2620987200.0,2620987200.0,0.0,0.0,16.0,18.42
55,603248,锡华科技,28.2,9.98,2.56,321572.0,884247556.0,11.04,28.2,25.37,25.65,25.64,3.27,46.4,60.21,7.56,12972000000.0,1954511488.0,0.07,1.99,179.21,28.36
56,002109,兴化股份,5.18,9.98,0.47,937481.0,475782634.72,10.83,5.18,4.67,4.69,4.71,1.13,7.35,-11.71,1.62,6611077828.0,6611077828.0,0.0,0.0,43.49,45.92
57,001366,播恩集团,15.76,9.98,1.43,59373.0,91652177.0,10.96,15.76,14.19,14.29,14.33,1.53,3.7,-190.66,3.15,2532316800.0,2532316800.0,0.0,0.0,13.14,17.88
58,601218,吉鑫科技,6.94,9.98,0.63,2208996.0,1462069443.0,13.95,6.94,6.06,6.32,6.31,3.22,22.8,44.22,2.27,6725092573.0,6725092573.0,0.0,0.0,39.08,37.15
59,600746,江苏索普,9.26,9.98,0.84,525315.0,470444139.0,10.69,9.26,8.36,8.36,8.42,2.29,4.5,64.41,1.98,10814225106.0,10797922533.0,0.0,0.0,35.38,34.59
60,600756,浪潮软件,17.63,9.98,1.6,301368.0,518057982.0,11.35,17.63,15.81,15.91,16.03,4.36,9.3,-21.9,2.72,6163954915.0,5713861015.0,0.0,0.0,-7.01,-4.29
61,603169,兰石重装,12.8,9.97,1.16,1110834.0,1380104384.0,12.2,12.8,11.38,11.45,11.64,2.48,8.5,1120.04,5.05,16720535014.0,16720535014.0,0.0,0.0,33.75,20.08
62,002323,雅博股份,2.54,9.96,0.23,3665591.0,901905467.31,9.52,2.54,2.32,2.33,2.31,2.12,17.29,-66.99,15.41,5386972061.0,5385770087.0,0.0,0.0,45.98,54.88
63,600336,澳柯玛,8.18,9.95,0.74,524312.0,417818421.0,10.08,8.18,7.43,7.44,7.44,7.86,6.57,-540.43,2.69,6527760810.0,6527760810.0,0.0,0.0,0.0,-0.49
64,000010,美丽生态,4.53,9.95,0.41,475600.0,211570338.25,10.68,4.53,4.09,4.1,4.12,0.88,5.61,-122.43,15.95,5207924883.0,3841591008.0,0.0,0.0,23.43,28.33
65,601669,中国电建,7.19,9.94,0.65,18004770.0,12775678440.0,6.57,7.19,6.76,6.95,6.54,1.96,13.77,12.43,0.86,123856085611.0,93984270862.0,0.0,0.0,37.74,38.27
66,600691,潞化科技,4.43,9.93,0.4,705970.0,312600039.0,2.48,4.43,4.33,4.43,4.03,0.6,2.97,-21.7,2.91,10525600047.0,10523845767.0,0.0,0.0,51.19,60.51
67,600121,郑州煤电,5.65,9.92,0.51,715968.0,404522152.0,0.0,5.65,5.65,5.65,5.14,0.92,5.88,-13.51,4.49,6884028015.0,6884028015.0,0.0,0.0,29.29,35.49
68,002470,金正大,3.22,9.9,0.29,3571085.0,1137969440.96,10.92,3.22,2.9,2.9,2.93,0.59,10.87,-269.22,5.15,10581009329.0,10580113123.0,0.0,0.0,76.92,80.9
69,600307,酒钢宏兴,2.22,9.9,0.2,4270271.0,935629126.0,10.89,2.22,2.0,2.03,2.02,2.52,6.82,-14.68,2.04,13904653481.0,13904653481.0,0.0,0.0,37.89,34.55
70,688131,皓元医药,65.85,9.1,5.49,72443.0,464479574.0,12.03,66.94,59.68,60.0,60.36,3.05,3.42,56.37,4.44,13967044976.0,13967044976.0,-0.06,-0.14,-9.17,-8.64
71,001309,德明利,320.05,9.05,26.55,220302.0,6929269535.5,9.48,322.85,295.02,296.22,293.5,1.25,13.69,105.48,22.21,72601952843.0,51488342677.0,-0.01,-0.23,43.71,38.02
72,300641,正丹股份,22.34,8.76,1.8,635144.0,1424800874.94,13.88,23.55,20.7,20.7,20.54,2.9,12.09,13.05,3.76,11740671055.0,11740671055.0,0.0,0.0,23.02,26.57
73,300436,广生堂,111.17,8.72,8.92,142342.0,1581745636.69,17.69,118.6,100.51,102.25,102.25,2.85,10.41,-119.01,46.22,17705712390.0,15199381294.0,-0.03,-0.12,19.29,24.7
74,688325,赛微微电,122.19,8.32,9.39,40167.0,488478349.0,17.73,129.0,109.0,111.44,112.8,2.97,4.92,109.25,5.85,10525326243.0,9978702924.0,0.03,0.0,22.99,39.6
75,600299,安迪苏,15.46,7.74,1.11,618389.0,922471085.0,13.66,15.79,13.83,14.43,14.35,1.26,2.31,41.24,2.4,47613387313.0,41462193681.0,0.06,0.13,73.12,73.32
76,603218,日月股份,16.65,7.63,1.18,663556.0,1068667289.0,11.25,16.98,15.24,15.5,15.47,3.24,6.45,29.62,1.68,17155181813.0,17116803563.0,-0.12,0.3,30.49,25.66
77,300387,富邦科技,10.38,7.56,0.73,589920.0,619912117.01,15.34,11.09,9.61,9.63,9.65,3.93,20.42,27.9,2.02,3000411847.0,2999369975.0,0.1,0.1,17.82,21.97
78,000912,泸天化,6.02,7.5,0.42,2240428.0,1349844951.52,9.29,6.16,5.64,5.64,5.6,1.56,14.29,3850.68,1.5,9439360000.0,9439360000.0,0.0,0.0,40.98,45.06
79,301389,隆扬电子,54.22,7.49,3.78,123701.0,649384216.44,9.93,54.57,49.56,49.95,50.44,1.66,14.63,148.33,6.92,15371370000.0,4585333728.0,-0.06,0.22,0.31,-0.66
80,688268,华特气体,78.8,7.49,5.49,149343.0,1125435358.0,14.8,80.99,70.14,76.0,73.31,1.92,12.45,65.75,4.68,9455714508.0,9449331708.0,0.08,0.06,38.78,37.31
81,688360,德马科技,19.45,7.46,1.35,91314.0,174526542.0,10.28,19.71,17.85,17.92,18.1,4.55,3.62,54.87,3.54,5129853223.0,4906963381.0,0.31,0.31,-12.82,-8.51
82,002273,水晶光电,27.62,7.43,1.91,1306769.0,3581701524.49,11.16,28.28,25.41,25.51,25.71,2.65,9.59,29.3,4.01,38409261944.0,37624291407.0,-0.04,0.0,12.92,9.95
83,920199,倍益康,46.66,7.17,3.12,58474.0,265669473.49,11.02,47.2,42.4,43.07,43.54,1.62,15.42,461.69,6.01,3178003268.0,1769685718.0,-0.06,0.28,39.41,34.89
84,002627,三峡旅游,9.29,7.15,0.62,426632.0,387946449.52,9.23,9.43,8.63,8.64,8.67,2.17,5.95,58.8,2.17,6731546802.0,6661929297.0,0.11,0.22,36.82,25.2
85,300804,广康生化,53.7,7.04,3.53,55438.0,296618738.97,14.35,56.39,49.19,51.1,50.17,1.36,20.16,85.52,2.92,3973800000.0,1476750000.0,0.07,0.15,52.04,53.43
86,000777,中核科技,26.84,6.93,1.74,509454.0,1343171610.02,9.72,27.12,24.68,24.87,25.1,3.04,13.29,69.18,4.5,10290928196.0,10290746597.0,0.04,0.15,29.79,3.83
87,688230,芯导科技,68.83,6.91,4.45,29792.0,203935916.0,11.71,71.62,64.08,64.9,64.38,3.61,2.53,76.25,3.57,8094408000.0,8094408000.0,0.01,0.13,-0.1,-5.04
88,300594,朗进科技,31.46,6.86,2.02,75082.0,232573877.62,10.36,31.95,28.9,29.39,29.44,1.38,8.25,-160.55,3.5,2890338737.0,2862801013.0,0.0,0.19,79.16,60.43
89,301307,美利信,41.66,6.79,2.65,129774.0,533899998.5,9.33,42.38,38.74,39.08,39.01,1.1,11.91,-30.64,3.07,8773596000.0,4540591722.0,0.34,0.22,9.06,20.47
90,002852,道道全,11.87,6.74,0.75,238892.0,279840981.44,8.18,12.09,11.18,11.2,11.12,3.06,8.37,14.18,1.84,4082903780.0,3386131136.0,0.51,0.42,10.83,12.51
91,301092,争光股份,39.45,6.65,2.46,66253.0,258252774.94,8.65,40.22,37.02,37.06,36.99,3.1,10.92,50.34,2.74,5307416954.0,2394164639.0,0.18,0.61,10.04,12.2
92,300385,雪浪环境,13.43,6.59,0.83,274320.0,372845237.88,14.05,14.27,12.5,12.6,12.6,1.5,9.44,-21.28,54.29,4474149867.0,3903599161.0,-0.3,-0.59,109.84,115.92
93,002173,创新医疗,31.71,6.59,1.96,960363.0,2972927195.34,13.88,32.73,28.6,29.45,29.75,1.8,23.07,2221.4,7.86,13993126802.0,13201013888.0,0.0,0.35,47.15,47.42
94,002733,雄韬股份,27.37,6.58,1.69,739366.0,1954912106.74,14.84,28.25,24.44,25.22,25.68,1.22,20.04,74.14,3.83,10515962169.0,10095773714.0,0.44,0.11,36.99,39.43
95,301629,矽电股份,281.78,6.53,17.26,20599.0,581282605.98,13.24,295.79,260.78,263.11,264.52,2.24,19.75,351.86,10.09,11757911268.0,2939449780.0,-0.02,0.21,30.84,29.14
96,600966,博汇纸业,8.5,6.52,0.52,378468.0,315060514.0,8.4,8.57,7.9,7.97,7.98,1.74,2.83,70.16,1.54,11363176448.0,11363176448.0,0.12,-0.35,42.38,24.45
97,001301,尚太科技,86.66,6.46,5.26,170267.0,1472519480.46,6.76,89.0,83.5,84.5,81.4,3.58,9.15,23.83,3.34,22601131651.0,16123340068.0,0.01,-0.05,0.56,0.99
98,002213,大为股份,28.38,6.41,1.71,492304.0,1408853206.0,10.91,29.34,26.43,26.5,26.67,3.18,23.83,-431.44,12.38,6739822030.0,5862090044.0,0.0,0.28,3.05,9.24
99,301003,江苏博云,51.45,6.35,3.07,84359.0,437333704.45,11.93,53.77,48.0,48.38,48.38,4.32,11.23,46.09,4.5,4997509468.0,3865971213.0,0.12,0.51,31.92,15.36
100,002463,沪电股份,81.18,6.34,4.84,1311108.0,10416944888.1,9.47,83.48,76.25,76.36,76.34,1.98,6.82,40.87,10.34,156219831934.0,156093755253.0,0.04,-0.02,9.93,11.1
101,600057,厦门象屿,8.73,6.33,0.52,420917.0,362216535.0,7.55,8.79,8.17,8.18,8.21,2.7,2.01,11.39,1.49,24798344929.0,18267613732.0,0.0,0.0,-1.69,2.46
102,688819,天能股份,34.69,6.25,2.04,145953.0,503289705.0,9.56,35.47,32.35,32.56,32.65,3.26,1.5,21.2,1.98,33722149000.0,33722149000.0,0.03,0.09,8.17,4.43
103,002692,远程股份,6.23,6.13,0.36,1190030.0,753144768.54,12.44,6.46,5.73,5.86,5.87,4.32,16.58,67.94,3.68,4474049580.0,4471326914.0,-0.16,0.16,18.67,22.64
104,300879,大叶股份,25.27,6.09,1.45,134732.0,341903298.27,12.3,26.59,23.66,23.86,23.82,4.93,6.7,30.98,3.71,5114618510.0,5079988881.0,0.04,0.12,-11.33,-15.34
105,688308,欧科亿,93.38,6.05,5.33,165667.0,1526236639.0,10.79,95.81,86.31,89.81,88.05,1.44,10.43,142.81,5.6,14827035893.0,14827035893.0,-0.21,0.88,201.81,195.13
106,301667,纳百川,84.79,6.01,4.81,147515.0,1254413345.44,14.15,92.2,80.88,82.02,79.98,4.61,65.58,121.83,10.32,9468465384.0,1907305179.0,0.0,0.82,274.68,5.66
107,300225,*ST金泰,5.49,5.98,0.31,186936.0,100401404.04,7.34,5.52,5.14,5.16,5.18,2.92,3.94,111.21,3.02,2610108449.0,2608063424.0,0.0,0.37,-0.18,-3.35
108,002826,易明医药,21.79,5.98,1.23,149296.0,322318609.0,10.21,22.47,20.37,20.4,20.56,1.41,8.56,38.11,5.18,4154868173.0,3798572016.0,0.05,-0.14,20.99,18.55
109,600078,澄星股份,13.66,5.89,0.76,892796.0,1231184695.0,10.54,14.19,12.83,12.83,12.9,1.81,13.47,248.36,5.33,9245263681.0,9050745281.0,0.0,-0.22,31.6,42.44
110,603226,菲林格尔,39.0,5.86,2.16,54868.0,211871489.0,8.28,39.5,36.45,36.51,36.84,1.01,1.54,-297.19,15.27,13864179030.0,13864179030.0,0.0,0.21,8.42,23.34
111,600844,金煤科技,4.17,5.84,0.23,2490420.0,1045837011.0,12.44,4.33,3.84,3.91,3.94,1.82,30.27,-35.8,30.34,4238906081.0,3430786744.0,0.0,-1.18,30.31,44.79
112,001369,双欣材料,18.28,5.79,1.0,827126.0,1470677514.73,10.01,18.68,16.95,16.95,17.28,1.74,41.14,38.92,3.14,20967160000.0,3674817213.0,0.0,0.22,166.86,10.72
113,605056,咸亨国际,24.2,5.77,1.32,186992.0,452600978.0,10.45,24.98,22.59,22.76,22.88,2.22,4.64,57.96,5.91,9907315440.0,9762115440.0,0.0,0.08,25.71,47.38
114,688109,品茗科技,132.3,5.77,7.22,19544.0,257218838.0,9.59,135.0,123.0,125.08,125.08,1.95,2.48,220.56,12.96,10430836290.0,10430836290.0,-0.15,0.0,-24.96,4.09
115,300080,易成新能,6.08,5.74,0.33,1383569.0,823278558.84,8.17,6.18,5.71,5.75,5.75,1.95,7.4,-32.23,2.36,11390153051.0,11374832138.0,0.0,0.5,20.16,25.1
116,300077,国民技术,23.22,5.74,1.26,752797.0,1727546333.46,11.02,23.79,21.37,21.8,21.96,2.03,13.29,-117.31,14.72,13540201974.0,13150122228.0,0.09,0.0,10.2,14.84
117,600639,浦东金桥,10.98,5.68,0.59,268571.0,293329339.0,4.81,11.1,10.6,10.6,10.39,6.2,3.16,11.48,0.81,12324093565.0,9335598999.0,0.0,-0.09,6.4,6.91
118,600773,西藏城投,18.25,5.67,0.98,703085.0,1298217144.0,10.48,19.0,17.19,17.25,17.27,1.7,7.39,-115.77,3.68,17366460286.0,17366460286.0,0.16,0.05,52.08,47.3
119,300324,旋极信息,5.6,5.66,0.3,1258932.0,691900146.21,11.13,5.77,5.18,5.25,5.3,2.55,7.36,-41.85,3.51,9674507332.0,9575948749.0,0.0,-0.18,-10.54,-6.35
120,301272,英华特,45.89,5.62,2.44,27221.0,124430081.3,10.31,47.48,43.0,43.48,43.45,2.89,8.69,100.32,2.65,2684670547.0,1437664865.0,0.35,0.31,6.94,11.79
121,300453,三鑫医疗,10.18,5.6,0.54,275884.0,277927599.2,8.82,10.4,9.55,9.63,9.64,2.47,7.67,20.25,3.65,5314817920.0,3663371899.0,-0.1,0.0,12.11,16.74
122,300611,美力科技,27.36,5.6,1.45,96524.0,261559576.58,8.22,27.85,25.72,25.91,25.91,2.6,6.51,37.09,4.7,5775003245.0,4057569533.0,0.0,-0.11,-3.53,0.37
123,689009,九号公司-WD,49.4,5.53,2.59,179570.0,876330443.0,8.33,50.41,46.51,46.86,46.81,2.63,3.23,20.35,4.96,35699258319.0,27449488997.0,0.73,0.67,-14.21,-11.14
124,002743,富煌钢构,6.16,5.48,0.32,519733.0,323870289.7,10.45,6.42,5.81,5.83,5.84,6.77,11.96,48.69,0.81,2681253824.0,2676957224.0,0.16,0.16,12.0,13.24
125,300129,泰胜风能,15.55,5.42,0.8,1613236.0,2439411416.41,11.93,15.98,14.22,14.7,14.75,2.5,22.45,59.71,3.17,17242667960.0,11175943392.0,0.06,0.13,76.1,48.66
126,002545,东方铁塔,27.39,5.35,1.39,297952.0,820478880.55,9.65,28.54,26.03,26.03,26.0,1.27,2.64,30.86,3.61,34074860453.0,30955183962.0,0.04,-0.15,56.34,48.46
127,300201,海伦哲,10.86,5.33,0.55,713860.0,767030853.06,9.8,11.11,10.1,10.28,10.31,1.53,7.11,46.59,6.49,10958213572.0,10900411309.0,-0.18,0.0,90.86,59.0
128,002203,海亮股份,14.29,5.31,0.72,505669.0,711274779.14,8.7,14.58,13.4,13.5,13.57,2.02,2.29,26.56,1.95,32749182865.0,31611498734.0,-0.07,0.14,21.93,12.88
129,600930,华电新能,6.76,5.3,0.34,7651376.0,5156097635.0,11.21,7.05,6.33,6.42,6.42,3.18,23.69,27.45,2.56,281988571427.0,21833539983.0,0.0,-0.15,4.0,7.99
130,300983,尤安设计,31.12,5.24,1.55,42566.0,130066118.96,8.35,31.5,29.03,29.57,29.57,2.88,3.6,-226.04,1.9,5377536000.0,3680950311.0,-0.03,-0.16,18.37,16.12
131,603863,松炀资源,20.72,5.23,1.03,151463.0,313015087.0,6.25,21.19,19.96,20.5,19.69,2.19,7.4,-36.66,11.65,4240348000.0,4240348000.0,0.0,-0.1,4.7,3.86
132,300340,科恒股份,12.36,5.19,0.61,222945.0,278704430.2,12.09,13.18,11.76,11.76,11.75,4.24,8.15,-18.56,-40.47,3405361877.0,3380003446.0,0.08,0.08,-4.04,0.32
133,605507,国邦医药,29.25,5.18,1.44,89062.0,261170876.0,7.73,29.98,27.83,27.83,27.81,2.31,1.59,18.29,1.98,16345587375.0,16345587375.0,-0.14,-0.07,23.63,17.94
134,605365,立达信,20.34,5.17,1.0,83348.0,168186258.0,8.27,20.95,19.35,19.49,19.34,1.27,1.66,60.16,2.74,10210941898.0,10210941898.0,0.0,1.4,1.6,-23.13
135,605069,正和生态,14.04,5.17,0.69,80318.0,111166507.0,6.22,14.15,13.32,13.32,13.35,1.39,3.79,-105.04,3.49,2972236803.0,2972236803.0,-0.07,-0.07,39.56,-4.49
136,002356,赫美集团,4.5,5.14,0.22,2025948.0,923354791.3,9.35,4.71,4.31,4.31,4.28,2.17,15.45,85.52,9.5,5900645345.0,5900611595.0,0.0,-0.22,6.89,13.64
137,300584,海辰药业,44.85,5.13,2.19,84839.0,379920320.16,8.13,45.98,42.51,42.59,42.66,2.46,10.33,123.52,5.16,5382000000.0,3682666958.0,0.02,0.29,-11.97,-10.69
138,301122,采纳股份,34.53,5.08,1.67,28928.0,98788699.35,7.46,35.15,32.7,33.0,32.86,1.57,3.82,383.74,2.36,4221142571.0,2611871921.0,0.06,0.17,24.97,32.5
139,688335,复洁科技,41.61,5.08,2.01,76385.0,319263436.0,11.31,43.88,39.4,39.81,39.6,1.94,5.16,557.75,5.31,6159719373.0,6159719373.0,-0.02,0.0,86.59,54.34
140,002693,*ST双成,7.67,5.07,0.37,102049.0,78271528.0,0.14,7.67,7.66,7.67,7.3,3.35,2.48,-945.32,8.14,3180670383.0,3152228841.0,0.0,0.0,9.57,10.2
141,600152,维科技术,9.77,5.05,0.47,582541.0,565595831.0,10.32,10.1,9.14,9.24,9.3,1.22,11.01,-65.32,3.04,5169105494.0,5169105494.0,0.21,-0.1,37.61,33.84
142,600569,安阳钢铁,2.71,5.04,0.13,1290250.0,352498712.0,10.47,2.84,2.57,2.57,2.58,2.67,4.49,100.08,2.85,7784261956.0,7784261956.0,0.0,0.0,19.91,20.44
143,603968,醋化股份,14.58,5.04,0.7,163732.0,238029056.0,10.23,15.17,13.75,13.88,13.88,1.69,8.01,-92.28,1.65,2981318400.0,2981318400.0,0.07,-0.41,28.91,30.53
144,600367,红星发展,24.8,5.04,1.19,680085.0,1647273978.0,9.45,25.35,23.12,23.8,23.61,1.5,21.12,59.09,3.42,8460046370.0,7984934914.0,0.45,0.69,57.86,41.96
145,600233,圆通速递,20.7,5.02,0.99,322477.0,664024528.0,5.33,20.9,19.85,19.85,19.71,1.65,0.94,18.47,2.12,70847295690.0,70847295690.0,-0.14,0.39,20.77,26.07
146,603843,*ST正平,6.7,5.02,0.32,41711.0,27946370.0,0.0,6.7,6.7,6.7,6.38,0.21,0.6,-35.24,16.75,4687475688.0,4687475688.0,0.0,0.0,-0.15,17.13
147,002620,ST瑞和,7.12,5.01,0.34,205478.0,145156696.48,4.72,7.12,6.8,6.8,6.78,1.91,6.52,-35.82,-121.99,2687757280.0,2245365357.0,0.0,0.0,27.6,41.27
148,301399,英特科技,22.26,5.0,1.06,89232.0,195802815.95,8.3,22.55,20.79,21.18,21.2,1.92,16.32,140.25,3.14,4118545200.0,1217256624.0,-0.04,0.32,20.13,14.04
149,002789,*ST建艺,10.91,5.0,0.52,46141.0,49369081.4,5.39,10.91,10.35,10.43,10.39,1.65,2.95,-3.81,-1.52,1741492538.0,1707045140.0,0.0,0.0,3.22,4.1
150,000908,*ST景峰,5.05,4.99,0.24,985.0,497425.0,0.0,5.05,5.05,5.05,4.81,0.01,0.01,-149.54,119.12,8885720945.0,4442860473.0,0.0,0.0,-4.36,2.64
151,603261,*ST立航,32.63,4.99,1.55,8572.0,27373421.0,6.18,32.63,30.71,31.0,31.08,1.38,1.11,-42.72,3.76,2528988868.0,2528988868.0,0.0,0.0,38.67,35.11
152,002767,先锋电子,23.64,4.97,1.12,82048.0,192126869.5,7.82,24.21,22.45,22.53,22.52,3.19,6.3,127.45,4.17,3546000000.0,3077893036.0,0.04,0.3,14.42,3.19
153,000669,ST金鸿,4.86,4.97,0.23,689093.0,329561379.35,7.78,4.86,4.5,4.86,4.63,1.75,10.13,-53.65,-297.88,3306786753.0,3306786753.0,0.0,0.0,61.46,64.75
154,603557,ST起步,4.01,4.97,0.19,235761.0,93435890.0,6.28,4.01,3.77,3.77,3.82,1.64,3.78,-22.91,31.92,2499981921.0,2499981921.0,0.0,0.0,49.07,58.5
155,600599,*ST熊猫,5.09,4.95,0.24,55877.0,28033145.0,4.95,5.09,4.85,4.92,4.85,2.19,3.37,46.73,7.29,844940000.0,844940000.0,0.0,0.0,-47.42,-48.74
156,000065,北方国际,13.78,4.95,0.65,585734.0,807720906.5,8.68,14.39,13.25,13.32,13.13,1.68,6.01,24.77,1.45,16004672951.0,13434980329.0,0.15,-0.07,13.04,10.59
157,000004,*ST国华,6.16,4.94,0.29,235822.0,141420544.35,9.54,6.16,5.6,5.88,5.87,4.01,18.67,-22.58,22.07,815462537.0,777932651.0,0.0,0.0,-45.82,-44.4
158,002952,亚世光电,27.16,4.91,1.27,147494.0,389830698.99,8.07,27.16,25.07,25.3,25.89,0.92,11.2,267.89,5.13,4463474400.0,3575479069.0,0.11,1.23,24.42,38.29
159,603568,伟明环保,28.83,4.87,1.34,109063.0,310798409.0,5.97,28.91,27.27,27.55,27.49,1.68,0.64,17.32,3.38,49302991941.0,49214080221.0,-0.14,-0.03,31.7,13.59
160,603585,苏利股份,22.16,4.87,1.03,84042.0,185473089.0,7.0,22.61,21.13,21.13,21.13,2.01,4.6,22.31,1.63,4141520670.0,4049445870.0,0.14,0.14,24.63,17.5
161,300685,艾德生物,21.11,4.82,0.97,217771.0,467119627.25,4.22,21.86,21.01,21.01,20.14,5.36,5.59,23.09,4.06,8265328000.0,8224400333.0,-0.19,-0.05,-3.96,3.18
162,001338,永顺泰,13.76,4.8,0.63,326664.0,445385609.28,6.7,13.98,13.1,13.12,13.13,3.67,6.51,20.47,1.85,6903816276.0,6903816276.0,-0.15,-0.15,13.25,13.63
163,002647,*ST仁东,9.94,4.74,0.45,257801.0,252708638.3,5.37,9.96,9.45,9.49,9.49,1.91,3.8,31.25,20.0,11235099071.0,6736695721.0,0.0,-0.1,47.48,23.94
164,002255,海陆重工,13.5,4.73,0.61,1017156.0,1360364591.12,7.37,13.64,12.69,12.78,12.89,2.61,15.94,26.32,2.53,11216894243.0,8612625281.0,0.0,0.0,14.12,6.97
165,920018,宏远股份,33.3,4.72,1.5,70914.0,237692312.64,7.89,34.85,32.34,32.46,31.8,1.96,16.04,39.19,4.4,4240074481.0,1472652540.0,0.15,-0.21,23.33,22.92
166,300301,ST长方,3.14,4.67,0.14,294565.0,90742167.16,9.33,3.19,2.91,2.93,3.0,1.14,3.73,-22.53,15.84,2605787935.0,2480212898.0,0.32,0.32,27.64,32.49
167,300296,利亚德,9.21,4.66,0.41,4591437.0,4308823923.98,8.64,9.7,8.94,8.97,8.8,1.56,20.19,67.19,3.1,24977310215.0,20945246153.0,0.11,-0.32,43.46,45.73
168,002274,华昌化工,7.19,4.66,0.32,792834.0,567495824.2,5.82,7.35,6.95,6.99,6.87,1.36,8.45,-606.65,1.26,6847501805.0,6743135245.0,0.0,0.14,22.91,27.26
169,300313,*ST天山,7.66,4.64,0.34,68910.0,52822261.0,8.2,7.93,7.33,7.38,7.32,1.55,3.49,-117.75,69.7,1836707094.0,1511722364.0,-0.13,-0.13,-13.54,-4.61
170,003002,壶化股份,27.0,4.61,1.19,66775.0,182063953.86,9.96,28.23,25.66,25.72,25.81,3.24,3.65,27.83,3.6,5400000000.0,4936876425.0,-0.33,-0.3,-5.33,-16.59
171,000930,中粮科技,7.96,4.6,0.35,1197185.0,947968024.88,7.23,8.14,7.59,7.61,7.61,1.12,6.45,139.96,1.39,14777281472.0,14776530717.0,0.25,0.0,37.48,37.95
172,600853,龙建股份,4.35,4.57,0.19,789904.0,340706035.0,6.73,4.41,4.13,4.16,4.16,5.43,7.79,10.9,1.09,4411038095.0,4409577800.0,0.0,-0.23,-2.47,0.46
173,001203,大中矿业,39.5,4.53,1.71,357503.0,1432566582.35,8.71,41.5,38.21,38.42,37.79,1.24,2.72,76.48,9.3,60556677183.0,51954997524.0,0.03,0.0,47.61,28.87
174,300904,威力传动,68.58,4.51,2.96,51477.0,353957604.53,17.69,75.0,63.39,65.3,65.62,3.55,23.42,-64.31,7.53,4964042051.0,1507610051.0,-0.04,-0.17,3.11,9.54
175,002880,卫光生物,30.45,4.5,1.31,95570.0,292706265.6,8.51,31.66,29.18,29.23,29.14,2.61,4.21,32.81,2.97,6906060000.0,6906060000.0,0.1,0.53,17.34,19.41
176,600714,金瑞矿业,24.85,4.46,1.06,597669.0,1467647776.0,9.16,25.58,23.4,24.31,23.79,1.23,20.74,117.58,9.32,7161180384.0,7161180384.0,0.4,1.14,105.71,102.69
177,300093,*ST金刚,17.89,4.44,0.76,55570.0,98843779.94,8.0,18.27,16.9,17.2,17.13,1.31,1.99,-18.08,-3.24,9660600000.0,4991310000.0,-0.28,0.06,28.71,7.13
178,300890,翔丰华,32.9,4.44,1.4,167128.0,554318262.77,6.86,33.77,31.61,31.61,31.5,2.58,15.35,147.38,1.91,3919823387.0,3580948946.0,0.18,0.43,8.22,10.4
179,300227,光韵达,12.93,4.44,0.55,317817.0,406883778.9,7.67,13.15,12.2,12.38,12.38,1.2,7.34,-102.92,4.59,7196985286.0,5599565736.0,0.15,0.08,42.4,40.39
180,301509,金凯生科,38.1,4.41,1.61,48547.0,184474433.61,8.14,38.95,35.98,36.45,36.49,2.03,8.56,33.28,2.08,4589018089.0,2161829357.0,0.16,0.26,13.02,12.79
181,600429,三元股份,5.46,4.4,0.23,416195.0,226681893.0,8.41,5.63,5.19,5.2,5.23,2.98,2.78,26.06,1.57,8201406295.0,8176663546.0,-0.18,-0.18,-1.27,5.41
182,605389,长龄液压,69.82,4.38,2.93,15235.0,105188169.0,6.47,70.49,66.16,67.85,66.89,1.37,1.12,68.31,4.78,10060159227.0,9514145183.0,-0.24,-0.14,3.93,-10.49
183,300561,*ST汇科,12.73,4.34,0.53,156892.0,203393235.56,5.49,13.33,12.66,12.84,12.2,1.18,6.51,2062.19,6.96,4176814522.0,3068662917.0,0.08,-0.16,-8.75,-13.46
184,603683,晶华新材,27.63,4.34,1.15,269549.0,752615585.0,10.91,28.99,26.1,26.1,26.48,1.29,9.38,93.93,4.99,8024074193.0,7938368586.0,-0.04,-0.07,-3.15,8.01
185,920396,常辅股份,37.2,4.32,1.54,76326.0,281875807.37,8.89,38.04,34.87,34.87,35.66,1.75,14.88,65.76,7.4,2686626259.0,1908685612.0,0.03,0.46,22.98,13.73
186,002015,协鑫能科,22.28,4.31,0.92,3630103.0,8006589921.69,10.58,22.99,20.73,21.36,21.36,1.4,22.36,35.59,2.93,36167672400.0,36167672400.0,0.45,0.54,123.69,123.92
187,002151,北斗星通,45.7,4.22,1.85,679310.0,3091482903.81,14.34,48.24,41.95,43.36,43.85,1.3,15.34,1027.7,4.81,24811028724.0,20236821993.0,-0.02,-0.02,43.94,0.59
188,300487,蓝晓科技,77.44,4.21,3.13,63642.0,493585040.56,6.07,78.82,74.31,74.63,74.31,1.6,2.07,45.37,9.81,39427322092.0,23852875742.0,0.01,-0.1,45.81,25.41
189,301256,华融化学,15.41,4.19,0.62,303356.0,476710099.77,11.63,16.43,14.71,14.71,14.79,2.55,6.32,104.46,4.33,7396800000.0,7396800000.0,-0.06,0.0,-8.33,13.39
190,000695,滨海能源,14.43,4.19,0.58,392762.0,574355151.42,9.53,15.15,13.83,13.85,13.85,2.62,17.71,-50.73,29.61,3344183366.0,3200735097.0,0.42,0.28,6.97,13.53
191,300345,华民股份,7.72,4.18,0.31,813780.0,637480616.57,8.64,8.1,7.46,7.7,7.41,2.29,16.98,-32.71,8.59,4479375932.0,3700561102.0,0.0,0.13,18.77,23.13
192,600211,西藏药业,43.81,4.16,1.75,80779.0,352763349.0,4.71,44.13,42.15,42.15,42.06,3.08,2.51,15.06,3.72,14120803977.0,14120803977.0,-0.05,0.16,4.06,2.96
193,002636,金安国纪,29.05,4.16,1.16,466597.0,1352541924.26,8.57,29.98,27.59,27.59,27.89,1.36,6.44,91.72,6.07,21148400000.0,21041362864.0,0.03,-0.17,73.43,73.85
194,603949,雪龙集团,22.1,4.15,0.88,207012.0,455517050.0,10.13,22.95,20.8,20.98,21.22,1.95,9.85,57.22,4.41,4657281203.0,4645536555.0,-0.23,-0.41,20.5,17.74
195,688295,中复神鹰,45.02,4.09,1.77,534329.0,2478417665.0,14.98,49.99,43.51,44.73,43.25,3.84,5.94,419.19,8.58,40518000000.0,40518000000.0,-2.11,-1.68,77.52,37.21
196,300716,ST泉为,14.82,4.07,0.58,47681.0,69445839.5,4.56,14.87,14.22,14.26,14.24,0.98,2.98,-30.24,-2255.84,2371496400.0,2371496400.0,-0.07,0.2,31.62,23.81
197,688150,莱特光电,39.33,4.05,1.53,197224.0,765994901.0,11.22,40.7,36.46,37.05,37.8,1.45,4.9,72.0,8.26,15827870218.0,15827870218.0,0.05,0.25,78.29,45.5
198,002360,同德化工,6.69,4.04,0.26,565075.0,377122834.66,6.84,6.84,6.4,6.6,6.43,2.25,17.25,-202.87,1.34,2687869719.0,2191123719.0,0.3,0.3,30.92,38.22
199,300502,新易盛,394.03,4.03,15.26,407737.0,15913142977.38,7.38,399.99,372.02,373.18,378.77,1.04,4.61,46.43,26.97,391669489207.0,348881700582.0,-0.01,0.0,-5.99,-8.55
200,300675,建科院,16.3,4.02,0.63,57500.0,92894807.0,6.13,16.49,15.53,15.72,15.67,2.11,3.92,-25.65,4.48,2390667210.0,2390667210.0,0.37,0.37,0.25,4.35
201,301180,万祥科技,21.2,4.02,0.82,206973.0,440880400.08,8.15,21.76,20.1,20.1,20.38,1.54,12.61,658.64,6.43,8480212000.0,3479725642.0,0.14,0.38,23.83,26.95
202,003018,金富科技,28.04,4.01,1.08,138498.0,385351951.09,11.02,29.3,26.33,27.03,26.96,1.07,14.14,58.52,4.58,7290400000.0,2747329057.0,0.0,1.26,47.58,60.96
203,001280,中国铀业,90.0,3.96,3.43,184896.0,1632816735.2,7.69,91.68,85.02,85.97,86.57,1.19,11.7,116.37,13.6,186136363620.0,14227853310.0,0.0,0.22,32.74,47.73
204,002170,芭田股份,14.56,3.93,0.55,1019243.0,1494330143.47,7.35,15.1,14.07,14.08,14.01,1.91,12.99,15.38,3.84,14089274574.0,11423623484.0,0.14,0.07,22.97,19.54
205,600605,汇通能源,29.23,3.91,1.1,50187.0,146653650.0,7.29,29.95,27.9,28.13,28.13,2.22,2.43,250.01,4.25,6029635400.0,6029635400.0,0.0,-0.14,3.21,-2.57
206,600231,凌钢股份,2.41,3.88,0.09,818316.0,197175516.0,9.48,2.51,2.29,2.31,2.32,2.34,2.91,-6.11,1.46,6867594221.0,6781605421.0,-0.41,0.0,13.15,12.62
207,300198,ST纳川,2.68,3.88,0.1,271823.0,73326291.72,4.65,2.77,2.65,2.66,2.58,2.1,2.65,-19.13,149.41,2764550087.0,2750260249.0,-0.37,-0.74,1.52,4.69
208,688097,博众精工,66.0,3.87,2.46,272863.0,1821195166.0,6.55,69.26,65.1,65.1,63.54,1.65,6.13,49.85,5.96,29478752490.0,29370578490.0,0.53,0.41,88.95,74.83
209,601208,东材科技,33.19,3.85,1.23,740294.0,2404449162.0,7.2,33.5,31.2,31.65,31.96,1.32,7.33,88.87,5.61,33527971878.0,33527971878.0,0.0,0.12,60.03,22.97
210,300190,维尔利,4.58,3.85,0.17,444943.0,201380907.66,6.58,4.64,4.35,4.4,4.41,1.97,5.06,376.77,1.28,4038858060.0,4026102952.0,0.22,0.44,3.62,6.76
211,000922,佳电股份,16.2,3.85,0.6,384512.0,619124597.56,6.92,16.55,15.47,15.55,15.6,2.12,6.55,43.1,2.47,11258759495.0,9514114249.0,0.37,0.37,29.29,17.73
212,605100,华丰股份,41.9,3.84,1.55,39479.0,166589801.0,9.17,43.7,40.0,40.9,40.35,1.96,2.32,420.2,4.01,7153587000.0,7120150800.0,0.0,0.12,-9.78,-6.83
213,002310,东方新能,2.72,3.82,0.1,3440884.0,935529546.78,10.69,2.86,2.58,2.64,2.62,2.21,8.19,-5923.98,10.62,16318156158.0,11421415230.0,0.0,0.37,14.29,20.89
214,688622,禾信仪器,76.85,3.71,2.75,27661.0,214687597.0,7.48,79.79,74.25,74.6,74.1,0.71,3.93,-56.75,17.87,5415275289.0,5415275289.0,-0.22,-0.45,-31.35,-24.01
215,603937,丽岛新材,13.46,3.7,0.48,65629.0,88022726.0,6.93,13.8,12.9,13.01,12.98,2.15,3.14,-142.31,1.82,2811645617.0,2811645617.0,0.15,0.3,9.08,12.26
216,300464,星徽股份,7.57,3.7,0.27,212661.0,160914819.0,6.85,7.7,7.2,7.26,7.3,1.96,5.98,965.47,24.96,3465694849.0,2689944050.0,-0.26,-0.13,6.17,19.4
217,920185,贝特瑞,30.96,3.68,1.1,209328.0,661934713.57,7.6,32.81,30.54,31.23,29.86,3.1,1.87,39.18,2.77,35238374722.0,34602333256.0,-0.06,-0.06,-1.9,-4.33
218,300533,冰川网络,31.85,3.68,1.13,157260.0,513989795.98,7.23,33.98,31.76,33.27,30.72,3.2,9.53,15.59,4.89,7467613745.0,5254599177.0,-0.19,-0.16,-6.76,-8.29
219,300724,捷佳伟创,122.47,3.67,4.33,258642.0,3148087869.52,6.37,124.83,117.3,118.0,118.14,1.35,8.99,11.9,3.19,42655321975.0,35236388569.0,0.04,0.14,35.69,28.11
220,920575,康乐卫士,9.07,3.66,0.32,72081.0,65520428.37,8.23,9.44,8.72,8.72,8.75,2.21,3.84,-8.26,10.43,2548125800.0,1703696828.0,0.11,0.55,-16.87,9.67
221,688710,益诺思,57.59,3.64,2.02,19543.0,113840415.0,10.6,60.5,54.61,55.57,55.57,1.44,2.15,-266.06,3.49,8119016028.0,5223065387.0,-0.48,-1.05,34.37,30.44
222,605305,中际联合,44.13,3.64,1.55,232577.0,1013044565.0,5.59,44.44,42.06,43.2,42.58,3.34,10.94,16.04,3.29,9378507600.0,9378507600.0,0.02,0.16,5.35,5.93
223,002068,黑猫股份,10.15,3.57,0.35,628770.0,643065721.91,7.96,10.55,9.77,9.81,9.8,1.82,8.55,-26.47,2.78,7463753739.0,7460309083.0,0.1,-0.2,8.91,15.08
224,688639,华恒生物,36.12,3.56,1.24,163574.0,595778810.0,7.45,37.98,35.38,37.0,34.88,2.18,6.54,69.06,3.41,9034178831.0,9034178831.0,-0.14,-0.22,5.09,10.87
225,600054,黄山旅游,13.46,3.54,0.46,215378.0,288104029.0,4.31,13.55,12.99,13.06,13.0,2.12,4.2,29.05,2.05,9817447262.0,6909018000.0,0.0,0.07,20.83,19.64
226,301010,晶雪节能,23.42,3.54,0.8,45087.0,104317405.32,7.07,23.83,22.23,22.62,22.62,1.03,4.17,186.66,3.05,2529360000.0,2529360000.0,0.39,0.3,-13.36,5.73
227,600421,*ST华嵘,7.99,3.5,0.27,30209.0,23819433.0,5.18,8.04,7.64,7.64,7.72,1.03,1.54,-550.45,253.53,1562844000.0,1562844000.0,0.0,0.13,14.14,14.47
228,002215,诺 普 信,11.24,3.5,0.38,304452.0,342249626.32,5.8,11.48,10.85,10.86,10.86,1.76,3.79,14.72,2.73,11292084024.0,9025637577.0,0.09,0.36,3.21,6.14
229,000792,盐湖股份,39.6,3.5,1.34,1402156.0,5598309172.58,4.94,40.9,39.01,39.01,38.26,1.79,2.65,34.9,5.1,209546272624.0,209545053142.0,0.1,0.1,57.58,40.63
230,300963,中洲特材,21.86,3.5,0.74,392615.0,845514642.16,7.39,21.97,20.41,20.5,21.12,2.2,13.57,139.67,9.08,10025870400.0,6326561185.0,0.05,0.28,18.8,5.2
231,301305,朗坤科技,27.76,3.5,0.94,107717.0,297122539.84,7.57,28.32,26.29,26.99,26.82,1.28,8.71,20.15,1.77,6696494943.0,3434285483.0,0.0,0.04,27.51,23.54
232,601991,大唐发电,4.74,3.49,0.16,9925088.0,4728940912.0,7.86,4.99,4.63,4.9,4.58,6.22,8.01,9.8,2.5,87721807789.0,58757462362.0,0.0,0.21,36.21,35.82
233,301281,科源制药,49.61,3.46,1.66,60562.0,307996226.54,8.99,52.7,48.39,48.39,47.95,1.18,8.8,128.03,3.92,5372266900.0,3415747720.0,-0.46,-0.34,79.75,69.32
234,002285,世联行,2.99,3.46,0.1,889602.0,266936915.92,6.57,3.08,2.89,2.9,2.89,2.02,4.5,-107.56,2.13,5958558824.0,5907570916.0,0.67,0.34,3.82,4.91
235,300999,金龙鱼,31.6,3.4,1.04,431819.0,1372236522.91,5.63,32.3,30.58,30.59,30.56,1.32,7.96,54.34,1.78,171322292538.0,17147648265.0,0.0,-0.03,9.38,9.95
236,603655,朗博科技,40.0,3.39,1.31,26354.0,105292934.0,6.57,40.98,38.44,38.8,38.69,2.11,2.49,97.69,7.64,4240000000.0,4240000000.0,0.63,0.25,6.67,-4.31
237,688525,佰维存储,209.7,3.38,6.85,380110.0,7971218800.0,8.69,218.63,201.0,201.0,202.85,0.88,8.14,113.02,17.95,97957519587.0,97957519587.0,0.14,0.18,81.9,82.68
238,300409,道氏技术,30.25,3.38,0.99,661933.0,1984232088.61,6.32,30.8,28.95,29.0,29.26,1.63,9.63,42.72,2.95,23663030828.0,20796561671.0,0.0,0.0,38.95,34.5
239,300121,阳谷华泰,14.08,3.38,0.46,285608.0,398902038.0,4.92,14.18,13.51,13.52,13.62,1.93,6.65,29.42,1.81,6268894467.0,6045376353.0,0.0,0.07,-0.28,11.57
240,301358,湖南裕能,79.43,3.36,2.58,402089.0,3193945083.3,9.06,82.46,75.5,76.79,76.85,1.34,5.29,70.25,4.92,60430560129.0,60361885745.0,0.08,-0.09,15.92,22.84
241,300400,劲拓股份,23.15,3.35,0.75,183002.0,421081035.0,5.13,23.3,22.15,22.31,22.4,2.04,7.63,48.9,7.19,5616787270.0,5554226710.0,0.17,0.04,25.88,19.39
242,300335,迪森股份,7.88,3.28,0.25,781215.0,590333252.0,9.31,7.93,7.22,7.5,7.63,1.06,20.34,42.29,1.94,3758857617.0,3027189972.0,0.38,0.38,31.99,36.81
243,002242,九阳股份,10.41,3.27,0.33,145103.0,150206242.03,5.06,10.52,10.01,10.07,10.08,2.91,1.9,48.2,2.29,7943006970.0,7929356337.0,0.0,0.1,-2.53,-0.29
244,600468,百利电气,8.9,3.25,0.28,1184220.0,1042776506.0,9.74,9.19,8.35,8.43,8.62,0.93,10.89,87.73,4.82,9680844357.0,9680844357.0,0.11,0.0,41.72,25.35
245,301309,万得凯,31.89,3.24,1.0,25409.0,80891358.6,5.47,32.39,30.7,30.92,30.89,2.1,9.95,28.77,1.98,3206042016.0,814292016.0,-0.28,0.09,10.65,13.81
246,600132,重庆啤酒,58.43,3.23,1.83,85137.0,497386143.0,4.63,59.22,56.6,56.7,56.6,1.97,1.76,22.97,20.54,28278437099.0,28278437099.0,0.0,-0.02,14.08,11.85
247,301293,三博脑科,87.78,3.23,2.75,308134.0,2679475931.97,16.79,95.45,81.17,83.5,85.03,1.4,19.15,162.16,7.74,18081537719.0,14127812844.0,-0.03,-0.07,60.18,48.83
248,603315,福鞍股份,16.33,3.22,0.51,208584.0,341453467.0,6.83,16.8,15.72,15.78,15.82,1.54,6.51,91.46,3.08,5231581091.0,5231581091.0,0.0,0.06,8.65,5.15
249,603163,圣晖集成,108.0,3.21,3.36,61899.0,671614962.0,5.96,111.9,105.66,106.0,104.64,1.61,6.19,69.97,9.25,10800000000.0,10800000000.0,0.71,0.6,82.37,57.43
250,920304,迪尔化工,14.46,3.21,0.45,117545.0,172185224.97,8.71,15.19,13.97,13.97,14.01,1.5,8.61,42.81,4.45,2451519480.0,1973125303.0,0.0,0.14,12.53,5.93
251,000995,皇台酒业,15.49,3.2,0.48,282990.0,440234005.0,7.4,16.04,14.93,15.21,15.01,2.3,15.95,-288.82,18.64,2748049920.0,2748049920.0,0.13,0.06,27.81,23.82
252,002998,优彩资源,9.06,3.19,0.28,261466.0,237707259.72,9.57,9.5,8.66,8.82,8.78,2.46,9.76,47.28,1.95,3189956791.0,2425985627.0,0.11,-0.22,16.6,20.0
253,603701,德宏股份,23.4,3.17,0.72,131773.0,308185385.0,7.01,24.09,22.5,23.05,22.68,1.85,5.04,414.65,7.62,6115868483.0,6115868483.0,0.0,-0.21,24.14,16.07
254,601112,振石股份,21.62,3.15,0.66,425267.0,923671392.0,5.06,22.11,21.05,21.28,20.96,3.24,23.99,46.78,8.97,37626720855.0,3832142968.0,0.0,-0.09,93.38,93.38
255,300003,乐普医疗,17.67,3.15,0.54,563245.0,988920168.88,6.07,18.0,16.96,17.06,17.13,2.03,3.57,24.88,2.1,32572816932.0,27898878195.0,0.0,0.0,12.26,11.76
256,002815,崇达技术,15.87,3.12,0.48,628624.0,987099467.34,5.13,15.97,15.18,15.24,15.39,1.42,8.09,46.84,2.19,19585981512.0,12333243762.0,0.0,0.06,10.59,16.18
257,300769,德方纳米,46.32,3.09,1.39,375161.0,1770934676.54,8.9,48.88,44.88,44.9,44.93,1.9,14.9,-17.89,2.5,12978309550.0,11661406381.0,0.0,-0.09,2.43,5.25
258,601231,环旭电子,40.3,3.07,1.2,596047.0,2402283625.0,7.19,41.6,38.79,38.91,39.1,1.05,2.49,51.95,4.48,96280934643.0,96280934643.0,-0.1,-0.05,61.07,34.33
259,002469,三维化学,10.1,3.06,0.3,779160.0,802922101.95,8.88,10.75,9.88,9.94,9.8,1.82,12.39,32.03,2.5,6553512563.0,6351838601.0,0.0,-0.3,21.1,20.96
260,600072,中船科技,13.51,3.05,0.4,784500.0,1062410371.0,5.11,13.85,13.18,13.21,13.11,2.66,7.24,-10.61,2.09,20273777569.0,14635887139.0,0.07,0.07,11.1,16.27
261,300962,中金辐照,18.94,3.05,0.56,115462.0,214857332.16,5.55,19.06,18.04,18.18,18.38,1.02,4.37,41.76,5.0,5000195929.0,5000195929.0,0.0,0.0,10.12,16.7
262,000009,中国宝安,9.47,3.05,0.28,637334.0,604637179.45,5.88,9.69,9.15,9.15,9.19,2.22,2.47,64.68,2.42,24425156249.0,24394913804.0,0.0,0.0,-7.7,-3.86
263,300443,金雷股份,32.87,3.04,0.97,388216.0,1266959271.55,7.15,33.68,31.4,32.2,31.9,3.07,15.99,25.87,1.67,10522824236.0,7979982859.0,0.03,0.09,16.68,16.85
264,002779,中坚科技,91.3,3.04,2.69,38610.0,352047917.59,6.24,93.35,87.82,88.33,88.61,1.95,2.33,562.44,22.29,16872240000.0,15138300986.0,0.02,0.01,-31.61,-19.6
265,300518,新迅达,21.11,3.03,0.62,182755.0,387510763.89,6.44,21.82,20.5,20.5,20.49,2.8,9.17,-113.9,5.6,4209578369.0,4209201556.0,0.48,0.09,23.67,20.63
266,000829,天音控股,10.87,3.03,0.32,488451.0,531883873.97,7.96,11.25,10.41,10.53,10.55,1.61,4.77,-146.15,3.82,11142841761.0,11132289502.0,0.0,-0.09,0.93,-0.37
267,002898,*ST赛隆,11.55,3.03,0.34,12585.0,14318247.56,4.91,11.69,11.14,11.21,11.21,0.84,1.24,-37.74,4.41,2032800000.0,1169582580.0,0.09,-0.09,-18.49,-15.2
268,301591,肯特股份,46.58,3.03,1.37,22630.0,103692473.77,4.47,46.8,44.78,45.21,45.21,1.29,6.67,49.75,4.37,3918309600.0,1581331611.0,-0.02,0.04,20.33,14.9
269,002895,川恒股份,42.36,3.02,1.24,234335.0,1004436416.84,6.76,43.9,41.12,41.12,41.12,1.77,3.93,20.02,3.49,25740760692.0,25273110528.0,0.02,0.0,18.92,15.55
270,688323,瑞华泰,22.58,3.01,0.66,63153.0,141898205.0,7.39,23.13,21.51,21.64,21.92,1.25,3.51,-46.39,4.75,4064405058.0,4064405058.0,0.13,0.31,26.93,0.31
271,603196,日播时尚,27.71,3.01,0.81,59095.0,162806422.0,6.06,28.28,26.65,26.65,26.9,1.78,2.49,200.69,9.66,11601828962.0,6566945294.0,-0.04,0.18,2.29,8.54
272,601728,中国电信,6.18,3.0,0.18,4059052.0,2483010150.0,3.67,6.2,5.98,5.98,6.0,2.54,0.52,13.78,1.23,565514117160.0,479751723360.0,-0.16,-0.16,-9.38,-1.9
273,000048,京基智农,20.81,2.97,0.6,219144.0,461339275.41,7.17,21.77,20.32,20.34,20.21,1.5,4.16,27.79,2.61,11035173623.0,10953542236.0,-0.05,0.1,55.88,18.24
274,002759,天际股份,36.79,2.97,1.06,608405.0,2264146533.46,7.3,38.05,35.44,35.47,35.73,1.36,12.15,-136.34,5.94,18445866038.0,18429659601.0,0.0,0.03,5.42,-20.76
275,002812,恩捷股份,72.99,2.96,2.1,518210.0,3856695998.82,7.53,76.57,71.23,71.48,70.89,1.59,6.3,-622.88,2.86,71692247800.0,60044073032.0,0.04,0.12,31.87,28.87
276,002588,史丹利,11.82,2.96,0.34,470010.0,561685692.96,6.71,12.22,11.45,11.45,11.48,1.49,5.47,12.53,1.86,13615363204.0,10148623277.0,-0.08,-0.08,26.28,18.44
277,000973,佛塑科技,17.12,2.95,0.49,909531.0,1561618755.14,6.49,17.8,16.72,16.8,16.63,1.13,9.4,376.12,5.69,42085013434.0,16562284688.0,0.47,0.77,40.33,16.46
278,688551,科威尔,47.48,2.93,1.35,39564.0,186668242.0,5.51,48.76,46.22,46.96,46.13,0.81,4.71,61.51,3.0,3991677263.0,3991677263.0,0.81,0.7,22.12,29.27
279,688139,海尔生物,32.0,2.93,0.91,47116.0,147984171.0,3.18,32.0,31.01,31.14,31.09,2.41,1.49,40.39,2.33,10127773504.0,10127773504.0,0.72,1.17,1.04,0.69
280,002742,*ST三圣,4.58,2.92,0.13,67304.0,30534433.0,3.15,4.59,4.45,4.45,4.45,1.05,1.28,-13.22,-3.26,3133187348.0,2399737363.0,0.0,0.0,-1.29,1.33
281,300664,鹏鹞环保,6.35,2.92,0.18,507709.0,322391175.16,6.48,6.52,6.12,6.17,6.17,1.43,6.75,13.33,1.09,4802227708.0,4776757858.0,0.0,0.0,12.79,18.47
282,301456,盘古智能,32.75,2.92,0.93,92318.0,301550068.19,9.96,34.3,31.13,31.65,31.82,4.41,15.26,60.96,2.24,4927165614.0,1981377227.0,-0.03,0.06,13.24,3.97
283,300096,ST易联众,8.46,2.92,0.24,81744.0,69528056.0,5.47,8.63,8.18,8.18,8.22,1.26,1.9,71.91,10.38,3637800000.0,3637800000.0,-0.24,-0.12,6.68,13.86
284,002366,融发核电,8.88,2.9,0.25,3429171.0,3032359082.7,10.08,9.17,8.3,8.5,8.63,2.4,18.53,-189.09,4.05,18478726243.0,16431168606.0,0.0,0.0,24.2,18.24
285,002159,三特索道,20.31,2.89,0.57,93151.0,191119945.0,10.44,21.62,19.56,19.56,19.74,1.4,6.73,19.54,2.46,3600989911.0,2812377755.0,0.05,0.1,29.36,32.49
286,000504,*ST生物,10.31,2.89,0.29,91746.0,94933267.71,6.19,10.52,9.9,9.9,10.02,1.56,2.79,487.72,14.04,3402538140.0,3393251923.0,0.0,0.1,13.8,15.2
287,600989,宝丰能源,34.7,2.88,0.97,2571595.0,8820847885.0,6.2,35.4,33.31,34.41,33.73,1.03,3.51,22.42,5.26,254467592000.0,254467592000.0,0.03,0.81,92.03,76.77
288,000990,诚志股份,10.06,2.86,0.28,1556061.0,1596041870.99,6.75,10.58,9.92,10.0,9.78,3.11,12.8,88.52,0.68,12225289602.0,12225280548.0,0.2,0.2,33.07,27.02
289,603716,塞力医疗,24.3,2.84,0.67,272432.0,651812244.0,8.72,24.99,22.93,23.08,23.63,1.01,12.96,-43.91,4.82,5107838762.0,5107838762.0,-0.04,0.0,13.71,18.25
290,002645,华宏科技,17.15,2.82,0.47,570998.0,978572861.23,4.68,17.49,16.71,17.01,16.68,2.03,10.22,41.08,2.7,10763346174.0,9585607500.0,0.0,-0.06,16.51,17.14
291,002135,东南网架,7.33,2.81,0.2,477924.0,352480933.12,6.17,7.55,7.11,7.12,7.13,1.18,4.58,120.45,1.3,8176767215.0,7651569651.0,0.0,0.14,65.46,61.45
292,301292,海科新源,64.48,2.79,1.75,232998.0,1545947970.95,11.13,69.73,62.75,63.5,62.73,1.65,27.39,-84.16,5.31,14365871765.0,5485226359.0,0.12,0.12,-0.63,0.11
293,600775,南京熊猫,16.24,2.78,0.44,1073586.0,1703397534.0,12.47,16.99,15.02,15.53,15.8,1.17,15.98,-124.06,4.91,14840737711.0,10910657711.0,0.06,0.0,38.92,32.9
294,601800,中国交建,8.5,2.78,0.23,1313830.0,1108664034.0,3.63,8.55,8.25,8.27,8.27,3.17,1.12,7.6,0.47,138334475913.0,100116716413.0,0.0,0.0,2.16,4.68
295,605167,利柏特,17.37,2.78,0.47,72698.0,125015725.0,6.21,17.65,16.6,16.88,16.9,1.09,1.62,32.87,3.95,7800345900.0,7800345900.0,0.0,0.0,68.8,5.72
296,301061,匠心家居,85.7,2.78,2.32,7448.0,63689733.69,4.59,86.83,83.0,83.58,83.38,0.9,0.51,21.38,4.63,18748366266.0,12455408924.0,-0.16,-0.2,-20.33,-9.6
297,002517,恺英网络,19.27,2.77,0.52,1054016.0,2035832645.37,4.16,19.74,18.96,19.21,18.75,1.54,5.58,19.5,4.03,41169261119.0,36402700189.0,-0.05,0.05,-14.13,-11.89
298,301181,标榜股份,43.96,2.76,1.18,35221.0,155614606.1,7.81,45.38,42.04,42.38,42.78,1.8,3.91,42.12,3.55,5079181173.0,3964366563.0,0.0,0.16,23.03,-0.5
299,300236,上海新阳,83.44,2.76,2.24,176511.0,1475480614.85,8.69,86.8,79.74,79.8,81.2,1.81,6.34,86.97,5.07,26148544183.0,23242157847.0,0.02,0.0,42.36,30.87
300,002703,浙江世宝,22.75,2.76,0.61,507464.0,1147100872.95,8.72,23.45,21.52,21.6,22.14,1.14,8.66,93.78,9.16,18714886736.0,13332593684.0,0.0,-0.22,86.94,10.44
301,000008,神州高铁,2.99,2.75,0.08,1143608.0,342246922.44,5.15,3.06,2.91,2.91,2.91,2.95,4.21,-69.84,2.77,8121969272.0,8121727886.0,0.0,0.0,1.01,4.91
302,300927,江天化学,35.96,2.74,0.96,199931.0,729036082.31,8.94,37.63,34.5,34.78,35.0,1.19,14.19,474.16,5.39,5191185600.0,5066365923.0,-0.03,-0.22,50.65,54.27
303,601101,昊华能源,9.04,2.73,0.24,567054.0,521042514.0,5.0,9.44,9.0,9.02,8.8,1.65,3.94,17.62,1.08,13017581251.0,13017581251.0,0.11,0.0,25.91,26.26
304,002034,旺能环境,18.87,2.72,0.5,124332.0,234166416.78,4.46,19.19,18.37,18.5,18.37,1.93,2.88,11.14,1.18,8189320896.0,8148678916.0,0.0,0.37,15.91,18.68
305,300568,星源材质,15.47,2.72,0.41,1195260.0,1859281899.9,5.84,15.86,14.98,15.0,15.06,1.89,9.82,136.47,2.1,20818143585.0,18829199410.0,-0.06,0.0,1.38,1.44
306,920866,绿亨科技,8.69,2.72,0.23,76468.0,67392838.95,7.8,9.09,8.43,8.45,8.46,1.91,6.7,49.73,2.04,1565989271.0,991635878.0,0.12,0.0,8.08,6.5
307,688278,特宝生物,70.79,2.71,1.87,29397.0,207800100.0,3.18,71.38,69.19,69.19,68.92,1.43,0.72,27.85,8.36,28895733289.0,28895733289.0,0.25,0.27,-15.35,-15.4
308,301030,仕净科技,12.88,2.71,0.34,179632.0,232957012.98,8.61,13.43,12.35,12.48,12.54,2.01,8.89,-8.67,3.1,2606697290.0,2603121545.0,0.0,-0.08,-4.24,8.88
309,002150,正泰电源,33.53,2.7,0.88,592732.0,2000620004.3,6.95,34.98,32.71,33.0,32.65,2.93,16.53,66.38,6.01,12099930965.0,12022013112.0,0.18,0.9,59.9,66.82
310,600753,*ST海钦,12.63,2.68,0.33,98253.0,122260182.0,6.02,12.82,12.08,12.38,12.3,1.51,4.27,84.96,130.81,2908779620.0,2908779620.0,0.72,0.8,58.27,48.76
311,300752,隆利科技,19.52,2.68,0.51,110652.0,216792043.0,7.68,20.2,18.74,18.77,19.01,1.46,7.04,72.22,3.66,4460299621.0,3069804016.0,-0.05,0.21,4.11,6.96
312,920088,科力股份,76.56,2.68,2.0,101255.0,767192540.81,10.45,79.0,71.21,76.9,74.56,0.83,31.58,118.96,9.7,6742754040.0,2455081216.0,0.21,0.98,157.69,162.19
313,300894,火星人,11.48,2.68,0.3,98728.0,113731701.35,6.44,11.8,11.08,11.16,11.18,3.51,3.36,-16.03,4.26,4664118451.0,3375938467.0,-0.09,0.09,-2.21,-2.63
314,300137,先河环保,13.43,2.68,0.35,258642.0,347689522.0,5.43,13.65,12.94,13.14,13.08,0.86,4.88,976.61,4.42,7206299080.0,7118358044.0,0.07,0.15,50.73,29.63
315,688661,和林微纳,92.5,2.68,2.41,57923.0,540971293.0,9.25,96.63,88.3,89.2,90.09,1.27,3.81,474.04,11.45,14049623905.0,14049623905.0,-0.04,-0.34,83.9,78.71
316,600678,四川金顶,11.48,2.68,0.3,268462.0,310678981.0,6.44,11.95,11.23,11.3,11.18,2.69,7.69,93.73,14.21,4006405200.0,4006405200.0,0.09,0.26,-5.67,-16.14
317,600830,香溢融通,9.6,2.67,0.25,140914.0,135434169.0,4.71,9.74,9.3,9.3,9.35,1.82,3.1,54.31,1.95,4361498371.0,4361498371.0,0.0,0.0,2.56,0.31
318,600216,浙江医药,17.76,2.66,0.46,566443.0,1001841848.0,6.59,18.14,17.0,17.23,17.3,1.01,5.95,13.73,1.54,17078686440.0,16896677076.0,0.17,0.0,28.14,28.14
319,301090,华润材料,8.53,2.65,0.22,340219.0,285296729.02,6.38,8.64,8.11,8.36,8.31,1.12,2.31,-98.87,1.99,12560095964.0,12546997040.0,0.0,0.12,19.3,21.16
320,002762,*ST金比,7.01,2.64,0.18,52281.0,36747343.75,4.83,7.16,6.83,6.83,6.83,2.03,2.47,-23.57,3.22,2481715250.0,1481762822.0,0.29,0.14,-3.04,1.89
321,301163,宏德股份,32.35,2.63,0.83,45338.0,146309444.0,6.09,32.98,31.06,31.42,31.52,2.62,8.28,58.53,2.32,2639760000.0,1770374422.0,0.56,0.59,16.91,20.75
322,002136,安 纳 达,14.55,2.61,0.37,267656.0,389427984.85,5.01,14.85,14.14,14.18,14.18,1.49,12.48,-50.6,2.77,3128541000.0,3120331308.0,-0.14,-0.21,16.87,19.85
323,002652,扬子新材,5.51,2.61,0.14,1039358.0,585156224.39,10.43,5.87,5.31,5.45,5.37,2.72,20.3,-135.59,11.25,2821472640.0,2821472640.0,0.18,0.0,47.33,39.49
324,002277,友阿股份,7.1,2.6,0.18,350389.0,247517593.91,5.35,7.23,6.86,6.95,6.92,2.04,2.51,116.21,1.47,9898626880.0,9898626880.0,0.14,0.14,-2.74,2.01
325,600284,浦东建设,7.9,2.6,0.2,274051.0,216511550.0,5.58,8.07,7.64,7.64,7.7,1.9,2.82,21.7,0.97,7665022400.0,7665022400.0,0.0,0.0,-0.88,-5.95
326,688253,英诺特,39.07,2.6,0.99,34816.0,135171124.0,7.14,39.77,37.05,37.05,38.08,1.42,2.54,36.65,2.61,5351977226.0,5351977226.0,0.05,0.03,22.13,29.46
327,003010,若羽臣,29.34,2.59,0.74,76826.0,224247746.54,4.79,29.69,28.32,28.44,28.6,1.61,3.4,65.33,11.63,9126485026.0,6635011620.0,0.0,0.07,-16.05,-16.1
328,000703,恒逸石化,12.8,2.56,0.32,633760.0,808375540.83,7.21,13.19,12.29,12.53,12.48,0.85,1.77,149.66,1.98,46113558029.0,45867104909.0,0.39,0.0,53.29,18.85
329,300165,ST天瑞,5.63,2.55,0.14,151300.0,84661755.0,5.46,5.71,5.41,5.5,5.49,1.19,3.6,-1717.99,2.18,2789731012.0,2367610243.0,-0.18,0.0,20.56,17.05
330,000568,泸州老窖,107.86,2.55,2.68,131095.0,1403484995.23,3.96,108.79,104.62,104.7,105.18,1.86,0.89,11.06,3.2,158763660129.0,158689714980.0,-0.02,-0.15,-10.68,-6.09
331,688816,易思维,69.11,2.54,1.71,25297.0,173478466.0,3.61,69.23,66.8,67.44,67.4,1.62,13.12,90.31,9.2,6911000000.0,1332733965.0,0.03,0.06,23.52,23.52
332,688196,卓越新能,79.39,2.54,1.97,34239.0,278774241.0,10.91,85.66,77.21,77.85,77.42,1.06,2.85,59.36,3.01,10097677215.0,9526800000.0,0.01,0.03,48.84,34.79
333,600800,渤海化学,5.26,2.53,0.13,952672.0,507501979.0,10.14,5.55,5.03,5.1,5.13,0.84,8.58,-7.56,4.91,5838837836.0,5837180936.0,0.19,0.38,4.16,52.02
334,002817,黄山胶囊,8.52,2.53,0.21,92360.0,78413480.07,4.21,8.62,8.27,8.32,8.31,1.32,3.18,38.95,2.67,2548316408.0,2471134793.0,0.24,0.35,6.1,12.11
335,000717,中南股份,2.84,2.53,0.07,748798.0,212035263.2,4.33,2.88,2.76,2.76,2.77,1.92,3.09,-76.78,0.88,6883721476.0,6882913141.0,0.35,0.35,10.94,9.65
336,002442,龙星科技,6.91,2.52,0.17,236555.0,162119676.93,3.12,6.93,6.72,6.74,6.74,1.74,4.8,42.76,1.9,3477730846.0,3403621960.0,0.29,0.29,3.6,11.27
337,301555,惠柏新材,41.26,2.51,1.01,66034.0,273496451.83,6.96,42.7,39.9,40.24,40.25,1.26,13.66,47.32,3.39,3806924042.0,1994807535.0,0.15,0.1,32.37,24.24
338,300757,罗博特科,387.85,2.51,9.48,63519.0,2421520225.06,3.95,388.02,373.09,374.43,378.37,0.75,4.22,-652.25,39.04,65006805851.0,58430678396.0,2.06,2.39,69.15,66.25
339,000793,*ST华闻,2.86,2.51,0.07,255913.0,72876451.0,5.73,2.92,2.76,2.76,2.79,1.22,1.31,-42.27,49.87,5712122007.0,5608484639.0,0.0,0.35,-2.05,2.88
340,300390,天华新能,52.65,2.51,1.29,368459.0,1968430046.69,8.27,55.0,50.75,51.0,51.36,1.38,5.48,998.13,4.01,43739028988.0,35409050411.0,0.04,-0.11,5.22,-3.59
341,002106,莱宝高科,12.64,2.51,0.31,339481.0,428831138.05,5.68,12.93,12.23,12.23,12.33,1.71,4.82,28.82,1.6,8921516262.0,8899835477.0,-0.24,-0.08,14.49,15.33
342,920047,诺思兰德,25.05,2.5,0.61,33143.0,82796593.51,4.01,25.28,24.3,24.58,24.44,1.05,1.84,-127.89,24.8,6870512949.0,4511665996.0,0.04,0.0,0.2,5.65
343,600315,上海家化,20.88,2.5,0.51,112943.0,237468584.0,5.74,21.38,20.21,20.4,20.37,1.3,1.68,25.97,1.99,14036078462.0,14036078462.0,-0.05,-0.19,-8.38,-7.28
344,300267,尔康制药,4.12,2.49,0.1,996596.0,411450392.7,4.98,4.19,3.99,4.0,4.02,1.61,7.01,161.04,1.9,8497932064.0,5860254591.0,0.0,0.0,12.88,20.82
345,000069,华侨城Ａ,2.48,2.48,0.06,895490.0,220823825.3,5.37,2.53,2.4,2.41,2.42,2.01,1.3,-3.42,0.43,19933639971.0,17108532417.0,0.0,-0.4,0.0,0.0
346,600509,天富能源,9.9,2.48,0.24,1400032.0,1396862246.0,6.21,10.26,9.66,10.0,9.66,1.67,10.19,27.27,1.75,13606534329.0,13606534329.0,0.2,0.0,8.43,19.85
347,920926,鸿智科技,16.19,2.47,0.39,18349.0,29768753.94,7.47,16.75,15.57,15.59,15.8,3.24,2.29,48.63,5.16,1430576522.0,1298152716.0,0.43,0.68,-5.87,-5.54
348,300462,ST华铭,13.29,2.47,0.32,64605.0,85439371.8,5.71,13.46,12.72,12.88,12.97,1.89,4.68,-473.58,1.68,2408439556.0,1834472418.0,0.08,0.15,16.58,12.63
349,603008,喜临门,19.18,2.46,0.46,85818.0,164581602.0,3.85,19.45,18.73,18.75,18.72,1.58,2.33,13.27,1.82,7063848903.0,7063848903.0,-0.1,0.21,-12.18,-6.35
350,688188,柏楚电子,149.14,2.45,3.56,24931.0,364761642.0,3.53,149.14,144.0,145.32,145.58,1.78,0.86,38.84,7.15,43061181313.0,43061181313.0,1.57,2.38,10.51,9.75
351,000608,*ST阳光,3.76,2.45,0.09,276296.0,104210135.77,4.36,3.84,3.68,3.71,3.67,0.94,3.71,-12.92,1.36,2819674042.0,2802807622.0,0.0,-0.79,44.62,42.97
352,300054,鼎龙股份,46.22,2.44,1.1,309607.0,1435335805.04,6.49,47.49,44.56,44.67,45.12,1.75,4.2,63.22,8.83,43786540896.0,34068652875.0,-0.04,-0.06,30.2,22.93
353,603011,合锻智能,26.93,2.43,0.64,554917.0,1479201923.0,7.72,27.43,25.4,25.6,26.29,1.21,11.22,-225.28,6.34,13314580788.0,13314580788.0,0.04,-0.04,25.84,13.58
354,000893,亚钾国际,69.19,2.43,1.64,189901.0,1325163419.88,6.93,71.58,66.9,67.55,67.55,0.93,2.34,35.18,4.9,63935101629.0,56169139020.0,-0.04,-0.07,51.5,44.24
355,605178,时空科技,67.79,2.43,1.61,35319.0,240310443.0,8.6,71.5,65.81,66.0,66.18,1.45,3.56,-43.37,5.5,6716633200.0,6716633200.0,0.06,0.13,22.39,30.89
356,300690,双一科技,38.31,2.43,0.91,473535.0,1843493884.5,11.63,40.85,36.5,39.6,37.4,4.99,42.74,32.87,4.01,6334517087.0,4244034629.0,0.0,-0.1,26.31,15.57
357,300381,溢多利,7.19,2.42,0.17,188201.0,135238812.2,6.27,7.37,6.93,7.01,7.02,2.27,3.85,145.46,1.36,3530731905.0,3518360165.0,0.0,0.0,5.89,10.28
358,003026,中晶科技,34.34,2.42,0.81,52911.0,180540606.4,5.34,34.69,32.9,33.17,33.53,1.2,5.53,98.0,6.76,4451116460.0,3286177014.0,-0.03,0.18,10.92,11.2
359,300097,ST智云,8.08,2.41,0.19,78371.0,62985568.0,4.56,8.17,7.81,7.81,7.89,1.03,2.9,-15.67,6.14,2331481326.0,2181680380.0,0.25,0.37,16.43,11.6
360,688183,生益电子,80.74,2.41,1.9,142258.0,1148011571.0,6.54,82.88,77.72,77.8,78.84,1.41,1.71,45.59,11.57,67161241670.0,67161241670.0,-0.27,-0.26,-23.54,-15.62
361,001324,长青科技,21.01,2.39,0.49,112100.0,238964524.93,8.53,22.1,20.35,20.51,20.52,3.1,13.73,59.29,2.56,2899380000.0,1715542136.0,0.0,0.0,10.12,16.46
362,920429,康比特,14.11,2.39,0.33,32295.0,46510810.52,6.24,14.78,13.92,13.97,13.78,4.01,2.85,45.05,2.04,1756695000.0,1601490517.0,-0.21,-0.42,-6.99,-7.48
363,000731,四川美丰,8.14,2.39,0.19,780851.0,646785896.4,6.29,8.56,8.06,8.2,7.95,1.41,14.23,-459.6,1.13,4467442826.0,4467442826.0,0.12,0.12,24.27,24.46
364,600573,惠泉啤酒,12.48,2.38,0.29,110953.0,138519963.0,3.45,12.58,12.16,12.19,12.19,1.96,4.44,23.74,2.27,3120000000.0,3120000000.0,0.0,0.0,-11.93,4.61
365,002999,天禾股份,7.82,2.36,0.18,161919.0,127029334.6,4.58,7.94,7.59,7.62,7.64,1.54,4.71,57.83,2.27,2718169440.0,2687850323.0,0.13,0.0,11.55,14.49
366,603010,万盛股份,12.15,2.36,0.28,148208.0,180949396.0,5.56,12.52,11.86,11.94,11.87,1.81,2.51,107.26,1.98,7163379905.0,7163379905.0,0.0,0.25,12.19,15.49
367,600725,云维股份,5.22,2.35,0.12,387710.0,201593717.0,6.86,5.4,5.05,5.05,5.1,0.96,3.15,-278.63,22.96,6433493400.0,6433493400.0,-0.38,-0.38,44.2,24.88
368,301349,信德新材,53.1,2.35,1.22,54293.0,289607408.9,7.09,54.69,51.01,51.68,51.88,0.97,5.32,132.22,1.99,5416200000.0,5416200000.0,-0.19,-0.52,10.42,13.2
369,603679,华体科技,16.59,2.34,0.38,220939.0,363816592.0,9.93,17.1,15.49,15.8,16.21,2.91,13.2,-36.71,3.64,2776288737.0,2776288737.0,0.0,0.06,4.8,2.66
370,603026,石大胜华,73.0,2.31,1.65,241060.0,1793718454.0,6.31,76.5,72.0,72.5,71.35,2.09,10.36,-204.82,3.51,16987174022.0,16987174022.0,0.01,0.04,-7.56,-2.42
371,600791,京能置业,8.44,2.3,0.19,238108.0,200094926.0,6.3,8.64,8.12,8.16,8.25,1.73,5.26,-10.7,9.69,3822307200.0,3817527594.0,0.48,0.36,66.14,80.34
372,300124,汇川技术,72.79,2.29,1.63,411728.0,2954204554.53,3.02,72.79,70.64,70.98,71.16,1.57,1.72,34.74,5.73,197059170667.0,174591675043.0,1.99,2.02,0.47,-3.37
373,000752,ST西发,10.33,2.28,0.23,36545.0,37772541.74,3.86,10.49,10.1,10.2,10.1,1.11,1.39,14.1,4.43,2724625212.0,2724625212.0,0.1,0.19,-16.36,-6.01
374,688073,毕得医药,57.79,2.27,1.28,13392.0,76793990.0,4.09,58.2,55.89,56.25,56.51,0.87,3.1,34.51,2.57,5252125565.0,2498502800.0,-0.05,0.19,-14.08,-5.34
375,301220,亚香股份,43.48,2.26,0.96,63302.0,271518026.65,4.0,43.5,41.8,42.64,42.52,0.84,8.13,30.4,2.8,4903276123.0,3384267104.0,0.58,0.79,15.39,15.18
376,301248,杰创智能,51.66,2.26,1.14,60541.0,312743159.22,4.95,52.76,50.26,50.73,50.52,0.95,5.39,261.52,5.2,7940400300.0,5802900642.0,-0.1,0.17,74.82,60.53
377,001333,光华股份,27.2,2.26,0.6,31159.0,84142809.88,3.38,27.4,26.5,26.84,26.6,1.73,7.08,33.1,2.03,3481600000.0,1196800000.0,-0.11,-0.07,19.56,26.51
378,002204,大连重工,7.27,2.25,0.16,551128.0,400603237.77,4.5,7.4,7.08,7.11,7.11,2.07,2.85,23.87,1.79,14041060133.0,14041060133.0,-0.14,-0.14,1.25,-4.97
379,301308,江波龙,326.17,2.25,7.17,185629.0,6096376163.31,6.57,337.0,316.03,318.0,319.0,1.0,6.77,143.88,18.16,136712611737.0,89499139253.0,0.01,-0.01,20.64,33.22
380,001311,多利科技,34.17,2.24,0.75,47278.0,163600504.65,6.73,35.45,33.2,34.17,33.42,1.26,3.47,41.53,2.31,10610103943.0,4655808679.0,-0.03,-0.26,18.56,6.51
381,601633,长城汽车,21.07,2.23,0.46,292058.0,612375677.0,3.4,21.18,20.48,20.6,20.61,2.33,0.47,18.19,2.05,180314368097.0,130828757174.0,-0.05,-0.09,-3.08,-6.89
382,002403,爱仕达,11.45,2.23,0.25,76223.0,88328214.71,8.57,12.06,11.1,11.24,11.2,3.19,2.57,-49.59,2.43,3900311730.0,3402498648.0,0.09,0.09,-11.45,-9.56
383,688700,东威科技,48.22,2.23,1.05,242618.0,1160470020.0,6.19,49.3,46.38,47.0,47.17,1.56,8.13,111.19,7.79,14388913579.0,14388913579.0,-0.04,0.0,36.02,36.68
384,002312,川发龙蟒,13.33,2.22,0.29,1461989.0,1965139885.65,4.68,13.67,13.06,13.06,13.04,1.63,7.76,43.2,2.62,25163164223.0,25111309909.0,-0.07,0.08,19.55,21.96
385,002032,苏 泊 尔,45.06,2.22,0.98,26937.0,120592556.29,3.02,45.36,44.03,44.3,44.08,2.38,0.34,17.23,5.75,36124126302.0,36101226269.0,0.0,0.04,-5.83,2.22
386,002988,豪美新材,33.7,2.18,0.72,46031.0,155930126.02,6.49,34.73,32.59,32.91,32.98,1.44,1.84,44.1,3.14,8417297124.0,8414695383.0,0.15,0.15,-13.12,-8.42
387,000881,中广核技,8.45,2.18,0.18,254160.0,214593078.0,5.08,8.6,8.18,8.21,8.27,1.61,2.81,-58.84,1.53,7988848137.0,7636538366.0,0.0,0.12,-3.98,-6.63
388,301156,美农生物,20.7,2.17,0.44,35771.0,74378842.0,3.5,21.08,20.37,20.51,20.26,1.3,4.01,53.42,4.01,2914242773.0,1846957645.0,0.34,0.24,15.71,18.9
389,601963,重庆银行,11.28,2.17,0.24,120738.0,135642425.0,2.81,11.35,11.04,11.05,11.04,0.81,0.64,6.02,0.71,39193385397.0,21238777097.0,0.09,0.18,4.35,5.82
390,300371,汇中股份,14.17,2.16,0.3,46637.0,65836675.0,3.89,14.36,13.82,13.95,13.87,1.12,3.47,43.06,2.44,2851249084.0,1904595099.0,0.5,0.0,11.49,12.73
391,300031,宝通科技,21.74,2.16,0.46,146634.0,320889318.53,4.51,22.27,21.31,21.31,21.28,2.21,4.17,32.7,2.24,9103553149.0,7650347132.0,0.0,0.14,-2.34,-4.36
392,300988,津荣天宇,28.88,2.16,0.61,97062.0,285218525.3,6.61,29.99,28.12,28.27,28.27,1.35,9.1,34.58,3.18,4051787670.0,3080625181.0,-0.45,-0.35,19.39,26.95
393,301096,百诚医药,52.29,2.15,1.1,33012.0,172898927.32,4.55,53.15,50.82,51.5,51.19,1.03,3.99,699.46,2.21,5711546970.0,4328941590.0,-0.08,0.19,-2.84,-8.49
394,300430,诚益通,20.9,2.15,0.44,185933.0,385687253.2,6.06,21.24,20.0,20.31,20.46,1.97,7.16,63.1,2.49,5706678036.0,5430952968.0,0.0,0.14,12.18,8.74
395,002933,新兴装备,34.24,2.15,0.72,47267.0,162911779.0,5.67,35.3,33.4,33.53,33.52,1.46,4.14,103.5,2.63,4018064000.0,3906408969.0,0.09,0.15,0.71,-5.41
396,600346,恒力石化,22.96,2.14,0.48,792123.0,1801194362.0,8.14,23.56,21.73,22.08,22.48,1.18,1.13,24.13,2.5,161617731087.0,161617731087.0,-0.13,-0.17,21.48,1.91
397,603737,三棵树,49.91,2.13,1.04,62029.0,312590576.0,5.42,51.25,48.6,48.6,48.87,1.41,0.84,37.14,11.34,36824470077.0,36824470077.0,-0.18,-0.08,11.18,7.87
398,300888,稳健医疗,34.66,2.12,0.72,49341.0,170439406.69,2.74,34.81,33.88,34.02,33.94,1.56,0.85,20.68,1.76,20183551145.0,20161644639.0,-0.03,0.17,-9.05,-8.4
399,300625,三雄极光,13.02,2.12,0.27,55738.0,72852586.19,4.16,13.24,12.71,12.75,12.75,2.27,3.44,-259.83,1.83,3636889620.0,2108872263.0,0.23,0.15,4.83,9.87
400,920050,爱舍伦,36.57,2.12,0.76,10242.0,37289679.02,2.96,36.77,35.71,35.86,35.81,2.18,5.66,26.49,2.22,2475033244.0,662013947.0,-0.03,0.19,128.85,128.85
401,002768,国恩股份,53.86,2.12,1.12,51288.0,275609136.53,4.91,54.88,52.29,52.29,52.74,1.58,2.9,19.78,2.65,16225325000.0,9519654013.0,0.02,-0.02,1.24,2.24
402,300522,世名科技,12.12,2.11,0.25,70659.0,85683005.04,4.72,12.38,11.82,11.87,11.87,2.46,2.69,158.6,4.86,3908112265.0,3188840127.0,-0.08,0.17,-4.94,-3.66
403,603395,红四方,33.0,2.1,0.68,135187.0,448566542.0,4.89,33.81,32.23,32.23,32.32,2.06,20.8,140.37,6.13,8580000000.0,2145000000.0,0.0,0.03,10.07,12.9
404,600458,时代新材,15.05,2.1,0.31,395191.0,600587593.0,3.32,15.5,15.01,15.01,14.74,2.81,4.58,24.54,1.81,14007840476.0,12975912469.0,-0.07,-0.07,14.8,13.41
405,300189,神农种业,8.26,2.1,0.17,2105519.0,1756343361.2,6.43,8.64,8.12,8.13,8.09,0.96,23.76,1121.76,11.59,8458240000.0,7320343011.0,0.12,0.24,44.15,11.02
406,600243,*ST海华,3.42,2.09,0.07,105328.0,36180977.0,4.48,3.5,3.35,3.37,3.35,1.17,2.4,-176.04,2.37,1500867000.0,1500867000.0,0.29,0.0,-32.41,-35.47
407,000546,金圆股份,6.37,2.08,0.13,375253.0,238313332.5,3.37,6.44,6.23,6.25,6.24,1.52,5.39,-36.48,1.22,4953619429.0,4438012162.0,0.0,0.31,7.6,-0.16
408,600320,振华重工,5.39,2.08,0.11,891920.0,480367414.0,3.6,5.45,5.26,5.27,5.28,1.5,2.68,40.66,1.82,28396425370.0,17905567393.0,-0.19,0.0,12.29,5.07
409,600096,云天化,43.13,2.08,0.88,1253881.0,5493544763.0,6.41,45.1,42.39,42.39,42.25,1.3,6.88,12.47,3.25,78625590228.0,78625590228.0,0.02,-0.07,39.81,29.09
410,603288,海天味业,37.79,2.08,0.77,287350.0,1090182469.0,3.59,38.3,36.97,37.0,37.02,1.67,0.52,31.16,5.59,221140464634.0,210135094558.0,-0.03,-0.03,4.48,2.91
411,000762,西藏矿业,29.56,2.07,0.6,316793.0,948058580.57,5.8,30.76,29.08,29.26,28.96,1.59,6.08,-1599.83,5.23,15395416734.0,15394866268.0,0.07,0.1,16.33,12.52
412,600251,冠农股份,11.84,2.07,0.24,271462.0,321274268.0,4.83,12.11,11.55,11.68,11.6,1.38,3.49,19.88,2.42,9199604023.0,9199604023.0,0.0,0.0,37.83,28.28
413,603855,华荣股份,20.25,2.07,0.41,39836.0,80599486.0,3.78,20.59,19.84,19.84,19.84,1.46,1.19,17.11,3.27,6834597750.0,6794533125.0,0.05,0.2,4.6,4.65
414,603215,比依股份,19.54,2.04,0.39,24342.0,47271689.0,3.13,19.65,19.05,19.2,19.15,1.83,1.3,38.15,3.05,3672338827.0,3658442545.0,-0.05,0.0,-4.68,-11.34
415,002416,爱施德,13.48,2.04,0.27,324737.0,437793077.32,5.37,13.76,13.05,13.13,13.21,1.05,2.65,37.16,2.87,16705518745.0,16498230018.0,0.07,0.15,13.56,7.15
416,688425,铁建重工,5.54,2.03,0.11,823373.0,457563488.0,4.24,5.63,5.4,5.45,5.43,2.22,1.54,19.92,1.59,29547573380.0,29547573380.0,-0.18,0.0,10.58,9.27
417,301043,绿岛风,54.71,2.03,1.09,17203.0,94401316.0,4.7,55.99,53.47,54.0,53.62,1.65,3.03,45.19,4.44,3720280000.0,3104669403.0,-0.02,0.04,-8.82,-16.22
418,301396,宏景科技,153.0,2.01,3.02,224268.0,3414413463.8,9.33,158.0,144.0,144.0,149.98,1.05,29.48,163.84,18.22,23488184691.0,11640404322.0,-0.16,0.69,113.81,130.77
419,300501,海顺新材,16.25,2.01,0.32,67139.0,109257058.21,4.21,16.49,15.82,15.93,15.93,2.33,6.67,48.47,2.08,3144994223.0,1636770671.0,0.0,-0.18,3.24,6.07
420,688065,凯赛生物,56.59,2.0,1.11,127364.0,723356304.0,4.78,58.55,55.9,56.58,55.48,1.74,2.18,72.15,2.3,40817789442.0,33013363227.0,0.87,1.02,23.78,13.63
421,300419,ST浩丰,7.66,2.0,0.15,125237.0,96220004.0,3.6,7.78,7.51,7.51,7.51,0.78,3.41,-138.05,6.53,2816993878.0,2816993878.0,0.26,-0.13,19.69,21.59
422,300619,金银河,42.63,1.99,0.83,84374.0,363081241.09,5.12,43.75,41.61,41.7,41.8,1.36,5.8,470.76,4.7,7417605421.0,6201132324.0,0.05,0.09,-9.26,-2.89
423,920037,广信科技,88.34,1.99,1.72,26051.0,227213877.34,3.47,88.58,85.57,86.5,86.62,1.49,8.81,40.69,9.91,8079833293.0,2611710969.0,-0.12,-0.12,3.2,5.17
424,002857,三晖电气,26.19,1.99,0.51,140410.0,364863559.7,6.23,26.63,25.03,25.44,25.68,1.11,10.97,-89.63,6.49,3421304460.0,3352320000.0,0.11,0.11,28.38,26.28
425,688593,新相微,34.05,1.98,0.66,148613.0,504834640.0,5.84,34.88,32.93,33.38,33.39,1.09,4.61,1752.73,10.04,15646976479.0,10987312668.0,0.06,-0.03,72.23,68.73
426,002758,浙农股份,10.89,1.97,0.21,234558.0,257083497.64,4.49,11.12,10.64,10.69,10.68,1.88,4.53,19.45,1.18,5649759214.0,5643255978.0,0.09,0.0,3.81,8.14
427,601825,沪农商行,8.81,1.97,0.17,273885.0,240353036.0,3.13,8.87,8.6,8.64,8.64,1.51,0.29,6.03,0.67,84967555560.0,82588828760.0,0.34,0.34,-5.67,-5.17
428,300232,洲明科技,8.3,1.97,0.16,991348.0,829965769.78,6.51,8.58,8.05,8.08,8.14,1.08,11.22,53.66,1.95,9025811353.0,7331944548.0,0.0,0.24,13.85,17.07
429,600884,杉杉股份,14.55,1.96,0.28,1450671.0,2138033365.0,5.05,14.98,14.26,14.26,14.27,1.72,7.91,86.55,1.49,32728957157.0,26700846804.0,0.07,0.0,9.07,7.7
430,002430,杭氧股份,31.67,1.96,0.61,242321.0,770234567.68,4.76,32.61,31.13,31.72,31.06,1.71,2.48,30.69,3.2,30984484070.0,30972282410.0,-0.06,0.16,10.35,6.03
431,301015,百洋医药,22.34,1.96,0.43,38166.0,84949818.31,3.47,22.53,21.77,21.92,21.91,1.31,0.73,18.49,4.93,11742441880.0,11740900420.0,-0.04,0.27,-0.4,-5.34
432,603092,德力佳,75.26,1.95,1.44,95797.0,721792291.0,9.2,79.79,73.0,73.81,73.82,3.57,28.64,35.85,7.68,30104007526.0,2517632140.0,0.0,0.03,-4.01,20.44
433,002694,顾地科技,3.13,1.95,0.06,197903.0,62157276.0,5.86,3.22,3.04,3.06,3.07,1.48,2.75,-5.91,22.71,2388455424.0,2249783591.0,0.0,0.0,-26.87,-16.76
434,600323,瀚蓝环境,30.78,1.95,0.59,92521.0,285541127.0,4.07,31.38,30.15,30.15,30.19,1.66,1.13,11.73,1.77,25096385154.0,25096385154.0,0.0,0.2,5.48,7.62
435,000761,本钢板材,3.68,1.94,0.07,290117.0,107663667.36,5.26,3.78,3.59,3.61,3.61,1.48,0.78,-5.12,1.74,15118309411.0,13646309411.0,0.0,0.27,13.23,9.85
436,001255,博菲电气,41.57,1.94,0.79,37625.0,156028403.72,4.71,41.97,40.05,40.58,40.78,1.45,5.3,377.0,4.57,3621669189.0,2953797920.0,-0.02,0.14,29.34,29.78
437,301584,建发致新,29.05,1.93,0.55,40617.0,117642483.7,3.3,29.23,28.29,28.29,28.5,2.03,8.06,39.94,5.89,12238431186.0,1464812930.0,0.03,0.07,-12.82,-0.58
438,300268,*ST佳沃,14.29,1.93,0.27,27025.0,38097972.0,4.64,14.39,13.74,14.03,14.02,1.63,2.02,-4.42,-2.44,2489318000.0,1910680175.0,-0.49,-0.07,4.46,11.99
439,002352,顺丰控股,38.06,1.93,0.72,421501.0,1599400018.65,2.73,38.18,37.16,37.21,37.34,2.17,0.88,17.31,1.95,191800721367.0,181623030732.0,-0.05,-0.03,1.47,-0.68
440,002047,*ST宝鹰,5.83,1.92,0.11,567973.0,330874254.28,5.94,5.97,5.63,5.78,5.72,1.43,3.75,-196.45,-277.13,8839729880.0,8839281081.0,0.52,1.04,51.43,58.42
441,605369,拱东医疗,18.15,1.91,0.34,12234.0,22097489.0,2.13,18.19,17.81,17.86,17.81,1.23,0.55,41.71,2.33,4001947024.0,4001947024.0,0.0,0.06,-2.31,-2.73
442,688400,凌云光,43.19,1.91,0.81,161880.0,714417551.0,8.26,45.5,42.0,42.0,42.38,1.52,3.51,128.67,4.68,20697960760.0,19909585098.0,0.0,-0.02,-0.89,1.91
443,000651,格力电器,38.6,1.9,0.72,593264.0,2277902663.29,2.27,38.66,37.8,37.88,37.88,2.17,1.08,7.56,1.5,216214261603.0,212885004500.0,0.0,0.0,-1.91,-1.58
444,688005,容百科技,31.3,1.89,0.58,263623.0,830213432.0,5.5,32.11,30.42,30.5,30.72,1.43,3.69,-122.65,2.8,22370907211.0,22367566938.0,-0.1,0.03,10.09,-11.58
445,600326,西藏天路,10.82,1.88,0.2,444381.0,482748605.0,3.77,11.0,10.6,10.62,10.62,1.93,3.26,489.22,3.69,14741865057.0,14741865057.0,0.19,0.19,-0.92,-1.9
446,301063,海锅股份,27.6,1.88,0.51,101869.0,281128713.2,7.6,28.7,26.64,27.37,27.09,1.49,10.14,44.0,1.84,2880355982.0,2772326933.0,0.18,-0.11,14.24,13.07
447,002597,金禾实业,25.52,1.88,0.47,120361.0,307786795.11,4.59,26.05,24.9,25.05,25.05,0.98,2.12,27.82,1.92,14503523287.0,14465216235.0,0.04,-0.16,28.43,22.93
448,688307,中润光学,55.32,1.88,1.02,52541.0,292552263.0,7.42,57.43,53.4,54.99,54.3,0.84,5.92,77.39,5.44,4910977680.0,4910977680.0,-0.09,0.18,30.9,28.03
449,688116,天奈科技,44.36,1.88,0.82,120494.0,539745523.0,5.17,45.55,43.3,43.5,43.54,1.41,3.29,68.95,4.27,16259360452.0,16259360452.0,0.0,0.05,-9.95,-5.92
450,603041,美思德,13.56,1.88,0.25,33742.0,45893209.0,3.46,13.75,13.29,13.36,13.31,1.23,1.84,41.24,1.65,2483482704.0,2483482704.0,0.0,0.07,9.8,12.53
451,600258,首旅酒店,16.97,1.86,0.31,171684.0,293387441.0,4.38,17.34,16.61,16.62,16.66,1.38,1.54,18.83,1.57,18948755048.0,18948755048.0,-0.12,0.0,11.87,1.31
452,688739,成大生物,25.68,1.86,0.47,39884.0,101198130.0,1.94,25.68,25.19,25.19,25.21,2.35,0.96,77.71,1.13,10694436000.0,10694436000.0,1.18,1.14,-3.35,-0.31
453,605319,无锡振华,24.61,1.86,0.45,63833.0,158705598.0,4.93,25.34,24.15,24.16,24.16,1.44,2.12,20.29,3.32,8615623941.0,7410078481.0,0.04,-0.24,17.53,16.97
454,300432,富临精工,17.65,1.85,0.32,567011.0,1010768310.86,5.42,18.16,17.22,17.3,17.33,1.7,3.35,69.63,6.58,30177268271.0,29838307946.0,-0.06,-0.11,11.71,5.69
455,605286,同力天启,48.8,1.84,0.88,76873.0,380784274.0,6.26,51.0,48.0,48.14,47.92,0.82,4.58,31.89,3.86,8198400000.0,8198400000.0,-0.16,-0.04,21.06,20.17
456,920976,视声智能,32.79,1.83,0.59,15800.0,51288480.82,3.66,32.98,31.8,32.0,32.2,0.89,3.58,34.59,8.34,2326561986.0,1446681684.0,0.12,0.43,34.88,22.99
457,300595,欧普康视,15.65,1.82,0.28,110406.0,172610240.8,3.45,15.8,15.27,15.33,15.37,1.41,1.65,23.77,2.84,14011274775.0,10461942994.0,0.0,0.0,1.82,6.54
458,301222,浙江恒威,33.11,1.81,0.59,29910.0,100228688.15,6.89,34.45,32.21,32.21,32.52,1.42,3.75,40.65,2.32,3318999376.0,2642894832.0,0.24,0.33,8.49,16.09
459,301395,仁信新材,16.43,1.8,0.29,91599.0,150258833.18,6.94,17.02,15.9,16.08,16.14,1.87,7.12,93.33,2.59,3990032696.0,2113587041.0,0.0,0.06,48.29,34.01
460,688787,海天瑞声,152.03,1.79,2.68,56065.0,852862847.0,13.39,160.0,140.0,147.0,149.35,1.51,9.29,651.62,12.37,9171237115.0,9171237115.0,0.02,0.48,36.22,31.07
461,600720,中交设计,7.38,1.79,0.13,163114.0,120170463.0,2.34,7.42,7.25,7.26,7.25,1.96,1.62,16.88,1.11,16934115270.0,7446787310.0,0.14,0.0,-0.67,2.22
462,002021,中捷资源,3.44,1.78,0.06,620663.0,216535491.8,5.92,3.58,3.38,3.44,3.38,1.15,5.19,2528.96,6.61,4112441991.0,4112306345.0,0.29,0.0,28.36,39.27
463,301301,川宁生物,11.46,1.78,0.2,481638.0,555636627.61,5.51,11.82,11.2,11.26,11.26,2.67,7.8,31.35,3.22,25556774100.0,7079785811.0,-0.17,-0.35,11.59,13.02
464,301105,鸿铭股份,55.06,1.77,0.96,11245.0,62654169.0,7.32,57.66,53.7,55.0,54.1,1.12,6.84,-218.9,3.3,2753000000.0,905048585.0,-0.7,0.2,22.33,15.5
465,300972,万辰集团,197.71,1.76,3.41,13235.0,260001867.93,4.67,199.28,190.2,194.3,194.3,0.89,0.75,33.18,18.17,37820615148.0,34662691580.0,-0.31,-0.21,10.08,-1.67
466,002019,亿帆医药,14.45,1.76,0.25,521689.0,754657599.15,4.51,14.73,14.09,14.09,14.2,1.82,6.2,33.99,1.99,17576836728.0,12159300456.0,0.21,0.14,16.63,20.82
467,002306,*ST云网,2.31,1.76,0.04,178836.0,41154875.27,3.96,2.34,2.25,2.25,2.27,0.57,2.2,-74.76,-52.7,2009151375.0,1880153842.0,0.87,0.87,26.23,16.08
468,002014,永新股份,12.18,1.75,0.21,50372.0,61413677.0,3.51,12.32,11.9,11.9,11.97,1.54,0.83,18.1,3.18,7460150928.0,7363018095.0,0.16,0.0,3.75,2.18
469,000655,金岭矿业,10.45,1.75,0.18,227481.0,241363075.0,6.33,10.96,10.31,10.33,10.27,2.06,3.82,21.16,1.77,6221305404.0,6221305404.0,0.1,0.19,14.84,10.0
470,600177,雅戈尔,7.56,1.75,0.13,511650.0,384752007.0,2.15,7.58,7.42,7.44,7.43,1.7,1.11,11.16,0.82,34953220779.0,34953220779.0,-0.13,0.13,1.89,-0.53
471,300517,海波重科,12.3,1.74,0.21,46305.0,56902733.0,3.72,12.44,11.99,12.06,12.09,1.09,3.73,-221.64,2.44,2465085718.0,1525516700.0,0.08,0.24,6.4,11.21
472,600117,西宁特钢,2.93,1.74,0.05,461654.0,135643075.0,4.17,2.98,2.86,2.86,2.88,1.68,1.42,-12.73,2.37,9537486531.0,9537486531.0,0.0,0.69,4.27,3.17
473,002979,雷赛智能,38.53,1.74,0.66,66822.0,259684678.8,5.91,39.74,37.5,37.87,37.87,1.69,3.03,56.68,7.36,12103846835.0,8504366837.0,0.03,-0.03,-6.25,-8.41
474,002539,云图控股,15.87,1.73,0.27,550167.0,883334748.07,5.96,16.45,15.52,15.6,15.6,1.27,6.24,21.3,2.07,19166576103.0,13984678993.0,-0.06,-0.06,49.44,34.26
475,300796,贝斯美,10.0,1.73,0.17,133017.0,133141496.8,3.05,10.1,9.8,9.8,9.83,1.44,3.68,86.91,2.1,3611428720.0,3611428720.0,0.1,0.1,12.61,15.07
476,688314,康拓医疗,42.86,1.73,0.73,23267.0,99864898.0,5.25,43.72,41.51,41.92,42.13,1.4,2.86,35.24,4.85,3481910912.0,3481910912.0,-0.12,0.16,33.85,29.64
477,002326,永太科技,24.11,1.73,0.41,402911.0,973831970.22,4.56,24.5,23.42,23.62,23.7,1.13,4.99,513.87,8.19,22304827304.0,19484714503.0,-0.12,-0.12,5.19,-3.25
478,920953,国子软件,34.3,1.72,0.58,23639.0,81569112.43,7.41,35.66,33.16,33.71,33.72,1.96,3.95,65.07,7.3,4394378457.0,2054081328.0,-0.03,0.06,-1.07,-4.06
479,920985,海泰新能,8.27,1.72,0.14,84825.0,70421869.55,4.8,8.46,8.07,8.11,8.13,1.3,3.87,-3.86,3.76,2559368174.0,1813758694.0,-0.24,0.24,0.36,15.02
480,688106,金宏气体,26.6,1.72,0.45,462466.0,1245791748.0,11.43,28.65,25.66,27.5,26.15,1.63,9.6,104.59,4.1,12820608336.0,12820608336.0,0.0,0.26,41.72,35.78
481,600581,八一钢铁,2.98,1.71,0.05,556011.0,165971125.0,5.46,3.06,2.9,2.92,2.93,2.25,3.63,-5.99,-9.59,4568035653.0,4568035653.0,-0.33,0.0,-10.78,-10.78
482,601117,中国化学,10.14,1.71,0.17,2785539.0,2840070387.0,5.12,10.48,9.97,9.97,9.97,1.31,4.58,10.97,0.95,61921594883.0,61733003051.0,0.0,0.2,37.96,36.47
483,603519,立霸股份,13.74,1.7,0.23,35153.0,48429486.0,3.77,13.98,13.47,13.49,13.51,1.29,1.32,23.21,3.08,3659344508.0,3659344508.0,-0.36,-0.22,10.72,14.21
484,600872,中炬高新,18.54,1.7,0.31,117138.0,217586835.0,3.84,18.85,18.15,18.28,18.23,1.08,1.52,28.5,2.54,14433561087.0,14294116593.0,-0.11,0.05,6.55,5.64
485,600015,华夏银行,7.16,1.7,0.12,1087688.0,777473000.0,3.55,7.26,7.01,7.03,7.04,1.81,0.71,4.19,0.36,113950887831.0,110172523718.0,0.14,0.14,5.76,5.76
486,688027,国盾量子,661.0,1.69,11.0,44518.0,2903128649.0,5.77,666.5,628.98,640.5,650.0,1.58,5.54,12609.84,20.95,67991121661.0,53127458570.0,-0.71,-0.62,33.0,31.21
487,600067,冠城新材,4.2,1.69,0.07,431320.0,182219064.0,4.36,4.3,4.12,4.15,4.13,1.69,3.1,52.81,1.04,5845008704.0,5845008704.0,0.0,0.0,-9.68,1.2
488,688099,晶晨股份,91.08,1.69,1.51,152427.0,1386671046.0,5.09,92.61,88.05,88.5,89.57,1.36,3.62,44.03,5.22,38359764032.0,38359764032.0,0.23,0.37,3.16,4.41
489,002357,富临运业,15.7,1.68,0.26,108620.0,169073217.6,3.95,15.8,15.19,15.25,15.44,0.82,3.46,23.72,2.86,4921777865.0,4921601240.0,0.06,0.51,51.11,47.14
490,301606,绿联科技,77.3,1.68,1.28,144088.0,1063902028.11,9.71,77.93,70.55,73.93,76.02,0.91,6.58,51.53,10.21,32072528004.0,16929960686.0,0.85,1.71,25.22,31.6
491,300205,*ST天喻,5.47,1.67,0.09,100436.0,54933810.77,4.83,5.57,5.31,5.31,5.38,1.49,2.34,-14.18,2.39,2352406320.0,2352406320.0,-0.18,-0.36,24.04,13.96
492,600803,新奥股份,22.66,1.66,0.37,260647.0,595517305.0,5.79,23.39,22.1,22.27,22.29,0.94,0.85,15.36,2.96,70150490525.0,69605327181.0,0.49,0.35,5.59,9.15
493,301356,天振股份,22.86,1.65,0.37,29833.0,68799141.36,5.65,23.6,22.33,22.43,22.49,0.98,5.44,43.44,1.65,4937760000.0,1252956600.0,-0.26,-0.17,6.92,7.88
494,000929,*ST兰黄,10.46,1.65,0.17,30336.0,31652274.9,2.82,10.55,10.26,10.26,10.29,1.47,1.63,133.35,4.16,1943112360.0,1942989173.0,0.48,0.97,22.05,18.73
495,603317,天味食品,12.35,1.65,0.2,130076.0,160949273.0,3.46,12.55,12.13,12.16,12.15,1.35,1.22,23.08,2.9,13149227706.0,13149227706.0,0.0,0.16,-2.68,-1.36
496,605068,明新旭腾,28.56,1.64,0.46,44724.0,128018318.0,5.34,29.14,27.64,27.87,28.1,2.12,2.76,-87.95,3.08,4632389017.0,4632389017.0,0.04,0.14,-1.35,11.69
497,605005,合兴股份,19.89,1.64,0.32,30291.0,60085154.0,2.81,20.0,19.45,19.45,19.57,1.07,0.76,39.19,3.91,7975890000.0,7975890000.0,0.1,0.3,3.11,3.7
498,300583,赛托生物,14.89,1.64,0.24,41584.0,62061771.2,3.96,15.08,14.5,14.6,14.65,1.57,2.23,-30.6,1.6,2824664656.0,2771757508.0,0.0,0.13,1.71,8.77
499,000833,粤桂股份,28.02,1.63,0.45,734748.0,2127658677.3,9.1,30.31,27.8,28.16,27.57,1.03,16.19,37.98,5.76,22474343832.0,12712730769.0,-0.04,-0.11,34.84,43.99
500,301306,西测测试,108.83,1.63,1.75,83122.0,901418409.44,5.73,111.0,104.86,107.47,107.08,1.93,14.26,-65.0,10.04,9185252000.0,6344789000.0,0.03,0.2,63.68,-4.84
501,300957,贝泰妮,43.1,1.63,0.69,52206.0,224870465.12,3.49,43.63,42.15,42.35,42.41,1.03,1.23,50.36,3.0,18257160000.0,18257160000.0,0.0,0.19,7.72,9.64
502,605122,四方新材,13.84,1.62,0.22,24828.0,34397106.0,3.89,14.04,13.51,13.57,13.62,1.27,1.44,-50.02,1.19,2385379360.0,2385379360.0,0.07,0.14,7.29,5.25
503,600159,大龙地产,3.13,1.62,0.05,185932.0,58449933.0,4.22,3.19,3.06,3.07,3.08,1.01,2.24,-184.68,1.51,2597910116.0,2597910116.0,0.0,0.64,4.33,13.0
504,600805,悦达投资,5.64,1.62,0.09,217666.0,123459163.0,3.78,5.74,5.53,5.53,5.55,1.47,2.56,47.64,1.11,4799044946.0,4795553076.0,-0.18,0.0,3.49,3.87
505,002035,华帝股份,6.27,1.62,0.1,137496.0,86119142.1,2.76,6.32,6.15,6.17,6.17,1.95,1.76,11.2,1.37,5314788185.0,4903376172.0,0.32,0.0,3.64,2.79
506,000637,茂化实华,5.04,1.61,0.08,285022.0,144569985.6,4.03,5.17,4.97,5.0,4.96,0.71,7.82,-20.97,4.72,2620171794.0,1837508677.0,0.0,0.2,11.26,17.21
507,603726,朗迪集团,25.2,1.61,0.4,28110.0,70659648.0,3.67,25.45,24.54,24.61,24.8,0.97,1.52,19.96,3.33,4678410240.0,4654596240.0,0.12,0.16,12.65,4.13
508,600610,中毅达,10.76,1.61,0.17,566229.0,621909380.0,8.5,11.4,10.5,10.56,10.59,1.4,7.99,191.66,101.55,11526914750.0,7625899346.0,0.0,0.19,5.59,8.36
509,688571,杭华股份,8.18,1.61,0.13,62429.0,51142414.0,4.22,8.32,7.98,8.0,8.05,1.53,1.47,31.98,2.07,3469716326.0,3469716326.0,0.0,0.12,11.29,9.8
510,002626,金达威,18.95,1.61,0.3,90433.0,172324522.49,4.88,19.42,18.51,18.56,18.65,1.54,1.48,24.02,2.61,11558263910.0,11556511035.0,0.0,0.0,-0.11,-3.86
511,000816,智慧农业,3.78,1.61,0.06,1213605.0,465107595.89,5.91,3.92,3.7,3.72,3.72,1.88,8.45,400.12,2.67,5469710342.0,5429707184.0,0.0,0.27,-2.58,2.72
512,600727,鲁北化工,8.27,1.6,0.13,411420.0,342775147.0,4.55,8.48,8.11,8.16,8.14,1.19,7.78,75.56,1.36,4371382526.0,4371382526.0,0.0,0.0,18.48,20.91
513,920879,基康技术,23.52,1.6,0.37,47576.0,111555269.71,5.05,23.98,22.81,23.0,23.15,2.15,3.64,47.83,6.21,3937028770.0,3076590824.0,-0.17,-0.51,11.47,9.91
514,603822,ST嘉澳,117.09,1.6,1.84,17403.0,205391963.0,5.22,120.5,114.48,114.48,115.25,1.09,2.27,-265.97,20.14,8995542992.0,8995542992.0,0.08,0.16,38.19,21.35
515,000823,超声电子,15.84,1.6,0.25,306145.0,485995415.71,4.62,16.12,15.4,15.47,15.59,1.34,5.7,35.8,1.81,8506103808.0,8505743543.0,0.0,0.13,-0.75,16.81
516,600104,上汽集团,14.63,1.6,0.23,1093037.0,1595607499.0,2.71,14.7,14.31,14.36,14.4,2.13,0.95,15.57,0.57,168175909884.0,168175909884.0,-0.2,-0.2,-3.43,-3.88
517,601717,中创智领,22.89,1.6,0.36,298464.0,694042783.0,4.48,23.61,22.6,22.6,22.53,1.83,1.94,8.41,1.76,40867804398.0,35300173560.0,-0.09,0.0,-5.22,-6.76
518,001231,农心科技,25.38,1.6,0.4,25576.0,65220386.2,3.56,25.75,24.86,25.0,24.98,1.01,5.12,47.8,2.57,2536477200.0,1266588900.0,0.16,0.2,10.59,1.76
519,002810,山东赫达,19.18,1.59,0.3,83614.0,160854944.15,3.92,19.45,18.71,18.75,18.88,0.84,2.59,36.02,3.0,6691362716.0,6196659746.0,-0.05,0.0,45.08,29.33
520,301073,君亭酒店,29.41,1.59,0.46,43374.0,127436349.54,3.42,29.79,28.8,29.0,28.95,1.29,2.43,433.1,5.99,5718805263.0,5240259095.0,0.0,-0.03,13.07,12.85
521,600428,中远海特,8.32,1.59,0.13,577907.0,478361547.0,4.27,8.44,8.09,8.15,8.19,0.79,2.36,12.88,1.38,22829417686.0,20344776051.0,-0.12,-0.12,17.85,17.18
522,301109,军信股份,17.99,1.58,0.28,229282.0,414752358.07,5.7,18.5,17.49,17.72,17.71,1.81,9.94,17.59,1.86,14195924148.0,4148882998.0,0.0,-0.06,20.98,19.93
523,002848,*ST高斯,12.83,1.58,0.2,85369.0,110821747.0,6.02,13.26,12.5,12.71,12.63,2.27,5.18,-38.27,18.58,2144534500.0,2116003300.0,0.0,0.16,59.78,42.87
524,300886,华业香料,30.01,1.56,0.46,18235.0,54881258.96,4.5,30.65,29.32,29.66,29.55,1.29,4.18,67.78,3.84,2244687980.0,1309825463.0,0.0,0.2,11.35,15.82
525,300350,华鹏飞,6.53,1.56,0.1,276839.0,179799495.2,3.11,6.58,6.38,6.47,6.43,0.86,5.87,546.33,3.97,3669940182.0,3079322173.0,0.15,0.62,-12.82,3.49
526,002407,多氟多,30.85,1.55,0.47,929805.0,2896443677.61,5.53,31.8,30.12,30.13,30.38,1.51,8.6,352.88,4.44,36724844754.0,33334992982.0,-0.03,-0.1,-2.34,-9.02
527,688165,埃夫特-U,18.96,1.55,0.29,58933.0,110195769.0,2.62,18.96,18.47,18.64,18.67,0.93,1.13,-19.83,8.14,9892948800.0,9892948800.0,1.99,2.1,-10.78,-20.2
528,002778,中晟高科,20.98,1.55,0.32,35136.0,73928979.8,4.21,21.45,20.58,20.67,20.66,0.93,2.85,31.15,8.29,2617324234.0,2589534965.0,-0.05,-0.14,-2.6,-0.76
529,600519,贵州茅台,1413.64,1.55,21.64,33608.0,4738808558.0,1.84,1417.62,1392.0,1392.48,1392.0,1.17,0.27,20.54,6.89,1770259266733.0,1770259266733.0,-0.03,0.0,2.66,2.65
530,603657,春光科技,28.21,1.55,0.43,15439.0,43610781.0,4.43,28.74,27.51,27.79,27.78,0.94,1.14,591.76,4.04,3813711311.0,3813711311.0,0.0,0.11,-22.52,-5.34
531,603168,莎普爱思,7.24,1.54,0.11,48463.0,34947274.0,2.66,7.29,7.1,7.1,7.13,1.05,1.3,73.52,1.68,2708675896.0,2697001396.0,0.84,0.98,-10.84,-1.63
532,300072,海新能科,5.94,1.54,0.09,2352154.0,1402692228.14,7.86,6.19,5.73,5.87,5.85,1.04,10.09,180.64,2.31,13957338594.0,13848285944.0,0.17,1.02,33.48,29.13
533,920119,美德乐,97.28,1.53,1.47,10261.0,100774987.52,6.11,100.69,94.84,95.24,95.81,0.99,7.13,25.86,4.25,7016151414.0,1400832000.0,0.43,0.15,132.28,132.28
534,600241,时代万恒,9.27,1.53,0.14,104212.0,97121617.0,5.04,9.46,9.0,9.1,9.13,1.21,3.54,1219.29,2.33,2728180606.0,2728180606.0,0.11,0.43,6.43,11.02
535,002355,兴民智通,7.4,1.51,0.11,529915.0,395186137.9,4.53,7.57,7.24,7.33,7.29,0.9,8.57,-20.47,4.04,4946759400.0,4574433210.0,0.0,-0.27,22.52,22.11
536,600941,中国移动,97.89,1.5,1.45,173241.0,1689803292.0,2.0,98.17,96.24,96.39,96.44,1.7,1.92,13.78,1.55,2119702824069.0,88371946501.0,0.0,-0.01,-6.7,-3.13
537,301252,同星科技,41.61,1.49,0.61,56803.0,235129354.98,6.0,42.46,40.0,40.49,41.0,1.21,12.01,59.63,5.41,7041470558.0,1967339108.0,0.0,0.02,34.7,27.99
538,002384,东山精密,110.93,1.49,1.63,1038026.0,11887996997.48,8.12,118.98,110.11,111.1,109.3,1.17,7.49,124.57,9.54,203180223525.0,153784668732.0,-0.15,0.16,42.58,31.05
539,301196,唯科科技,87.98,1.49,1.29,32546.0,283028695.84,6.34,89.51,84.01,85.53,86.69,0.76,3.97,37.22,3.33,11025102581.0,7210982536.0,-0.09,0.09,11.55,10.02
540,601133,柏诚股份,15.68,1.49,0.23,139240.0,220476109.0,4.66,16.12,15.4,15.4,15.45,1.3,9.32,46.7,2.83,8279328888.0,2342384146.0,-0.06,-0.06,11.92,1.82
541,603199,九华旅游,42.57,1.48,0.62,29866.0,127999947.0,4.22,43.4,41.63,41.63,41.95,1.29,2.7,19.56,2.91,4711647600.0,4711647600.0,-0.07,-0.12,20.46,15.81
542,688408,中信博,44.66,1.48,0.65,70867.0,314527812.0,3.75,45.2,43.55,44.05,44.01,1.4,3.23,-990.06,2.38,9783482469.0,9783482469.0,0.9,1.06,2.03,6.06
543,600423,柳化股份,4.12,1.48,0.06,440897.0,182064699.0,3.94,4.19,4.03,4.04,4.06,1.72,5.52,352.28,5.89,3290623507.0,3290623507.0,-0.24,0.0,2.23,10.75
544,300204,舒泰神,25.49,1.47,0.37,227136.0,587177863.71,8.56,26.8,24.65,24.85,25.12,2.21,5.01,-297.62,13.99,12178422427.0,11563908130.0,0.04,0.0,-9.67,-6.7
545,600860,京城股份,15.16,1.47,0.22,351522.0,539571139.0,8.57,15.98,14.7,14.84,14.94,0.81,7.92,-225.46,10.75,8299887578.0,6731658346.0,0.07,0.26,19.56,20.89
546,688376,美埃科技,56.76,1.47,0.82,21894.0,125734726.0,6.67,58.96,55.23,55.89,55.94,1.14,1.62,65.98,3.99,7676900341.0,7676900341.0,0.0,-0.39,20.84,-1.83
547,603279,景津装备,19.35,1.47,0.28,145078.0,281297303.0,3.83,19.77,19.04,19.17,19.07,1.6,2.52,19.21,2.36,11152817550.0,11152817550.0,0.0,-0.21,27.55,14.7
548,600537,亿晶光电,3.46,1.47,0.05,1535469.0,529451958.0,5.87,3.52,3.32,3.38,3.41,1.27,12.97,-14.37,18.22,4095653962.0,4095653962.0,0.0,0.29,-16.63,-16.83
549,600110,诺德股份,8.34,1.46,0.12,1497228.0,1255280872.0,7.79,8.66,8.02,8.13,8.22,1.5,8.63,-115.78,2.46,14471408973.0,14471408973.0,0.36,0.0,12.55,17.63
550,002195,岩山科技,10.45,1.46,0.15,5919596.0,6095829587.58,9.22,10.77,9.82,10.13,10.3,1.01,10.57,243.44,5.94,59257296573.0,58533184890.0,0.1,0.1,50.79,47.39
551,603429,集友股份,9.06,1.46,0.13,67634.0,60906212.0,4.14,9.18,8.81,8.93,8.93,0.99,1.29,-596.5,3.85,4751838313.0,4751838313.0,0.0,0.0,-4.13,-8.58
552,600841,动力新科,9.08,1.45,0.13,371862.0,335516643.0,6.82,9.31,8.7,8.84,8.95,1.13,3.57,-27.03,3.98,12601421799.0,9470662315.0,-0.11,0.0,47.4,49.1
553,002529,*ST海源,6.99,1.45,0.1,52327.0,36503064.91,4.64,7.14,6.82,6.89,6.89,1.65,2.01,-15.08,9.4,1817400000.0,1817400000.0,0.0,-0.14,-2.51,0.72
554,000498,山东路桥,6.28,1.45,0.09,300394.0,188370719.0,2.26,6.32,6.18,6.2,6.19,1.74,2.07,5.19,0.61,9749329907.0,9101898048.0,-0.16,-0.16,6.08,4.15
555,300653,正海生物,20.31,1.45,0.29,21598.0,43893183.79,2.9,20.53,19.95,20.02,20.02,1.3,1.2,40.68,4.18,3655800000.0,3655800000.0,-0.25,-0.29,-3.74,1.7
556,002283,天润工业,9.18,1.44,0.13,682155.0,631696025.54,9.39,9.74,8.89,8.98,9.05,1.05,6.8,27.99,1.74,10460216894.0,9212372618.0,0.33,0.44,49.76,47.12
557,688275,万润新能,112.6,1.44,1.6,75462.0,848707467.0,7.22,116.89,108.88,111.0,111.0,1.22,8.92,-31.86,2.71,14200938934.0,9525596865.0,-0.07,-0.18,38.45,49.34
558,002116,中国海诚,11.29,1.44,0.16,108171.0,122498488.62,2.88,11.45,11.13,11.15,11.13,1.56,2.35,15.34,1.9,5258814813.0,5201302560.0,0.09,-0.09,6.01,9.82
559,603328,依顿电子,12.66,1.44,0.18,320956.0,406240577.0,4.01,12.85,12.35,12.41,12.48,1.2,3.21,27.02,2.93,12640283455.0,12640283455.0,0.08,0.24,11.25,15.51
560,601399,国机重装,4.95,1.43,0.07,1283700.0,635687934.0,4.3,5.02,4.81,4.86,4.88,1.32,1.78,74.57,2.41,35707101656.0,35707101656.0,0.2,0.2,6.91,3.56
561,600557,康缘药业,14.22,1.43,0.2,76988.0,108988049.0,2.35,14.3,13.97,14.0,14.02,2.04,1.36,30.24,1.71,8050778221.0,8050778221.0,-0.14,-0.28,-6.69,0.78
562,603725,天安新材,9.9,1.43,0.14,52219.0,51601688.0,2.46,9.98,9.74,9.76,9.76,0.85,1.82,23.21,3.65,3018091032.0,2837911032.0,0.51,0.41,5.77,7.03
563,002158,汉钟精机,24.33,1.42,0.34,73461.0,178574622.0,3.42,24.72,23.9,24.3,23.99,1.02,1.38,27.69,2.97,13009838302.0,12982175335.0,0.0,0.21,-0.65,-2.8
564,002083,孚日股份,11.41,1.42,0.16,628175.0,727366236.0,7.11,11.91,11.11,11.14,11.25,1.94,6.64,27.37,2.36,10801151127.0,10801151127.0,0.09,0.0,17.75,-4.12
565,002305,*ST南置,2.16,1.41,0.03,286195.0,62008377.65,3.76,2.2,2.12,2.13,2.13,1.67,1.65,-2.14,-1.22,3745906063.0,3745663076.0,0.47,0.47,-6.49,-3.14
566,301238,瑞泰新材,20.88,1.41,0.29,137784.0,289347607.29,3.93,21.28,20.47,20.58,20.59,1.82,1.88,97.46,2.11,15311999304.0,15311999304.0,0.0,0.05,0.34,2.35
567,300551,古鳌科技,18.67,1.41,0.26,140663.0,257050001.3,5.21,18.77,17.81,18.35,18.41,1.23,4.15,-28.99,14.5,6348973204.0,6330490259.0,-0.27,0.0,36.28,12.2
568,002650,ST加加,6.48,1.41,0.09,32733.0,21102992.5,1.72,6.5,6.39,6.45,6.39,0.62,0.3,-298.3,4.03,7173903180.0,7173660180.0,0.0,0.15,-8.6,0.31
569,001331,胜通能源,54.45,1.4,0.75,45196.0,246712237.87,3.41,55.53,53.7,54.09,53.7,0.7,2.69,259.63,10.15,15367968000.0,9140830722.0,0.26,0.28,269.15,17.58
570,688353,华盛锂电,113.01,1.4,1.56,82716.0,948507485.0,6.94,118.32,110.58,111.73,111.45,1.44,5.19,1358.51,5.12,18025095000.0,18025095000.0,-0.1,0.09,11.91,-0.61
571,600971,恒源煤电,7.95,1.4,0.11,334525.0,266112155.0,3.19,8.08,7.83,7.85,7.84,1.02,2.79,-71.75,0.8,9540038828.0,9540038828.0,0.25,0.0,22.5,27.4
572,002489,浙江永强,3.65,1.39,0.05,522390.0,190940591.36,3.89,3.72,3.58,3.61,3.6,2.3,2.73,8.75,1.69,7916909542.0,6982555587.0,0.0,0.27,-6.89,-4.7
573,603612,索通发展,34.29,1.39,0.47,222904.0,772846998.0,5.85,35.48,33.5,33.53,33.82,1.05,4.48,19.59,3.04,17080001899.0,17080001899.0,0.03,-0.03,42.64,45.91
574,600153,建发股份,9.45,1.39,0.13,216851.0,204741803.0,3.0,9.55,9.27,9.28,9.32,1.42,0.75,17.89,0.49,27400639307.0,27400639307.0,0.0,0.0,-0.21,4.42
575,000401,金隅冀东,5.16,1.38,0.07,352754.0,184459301.13,4.32,5.3,5.08,5.09,5.09,2.16,1.34,254.92,0.5,13716398574.0,13577787558.0,0.39,0.19,15.7,17.01
576,002583,海能达,11.12,1.37,0.15,319645.0,354557867.09,3.92,11.25,10.82,10.96,10.97,1.09,2.49,81.5,7.92,20223047517.0,14263858065.0,-0.09,0.0,-0.27,-1.77
577,600956,新天绿能,9.59,1.37,0.13,1028900.0,994878427.0,11.63,10.27,9.17,9.46,9.46,2.34,4.38,20.82,1.8,43276726570.0,22518170412.0,0.0,0.42,29.42,32.28
578,688556,高测股份,16.42,1.36,0.22,459374.0,755695383.0,7.47,17.0,15.79,16.13,16.2,1.0,5.53,-339.63,3.46,13641307996.0,13641307996.0,0.06,0.12,54.18,43.78
579,002827,高争民爆,35.78,1.36,0.48,54036.0,194664633.0,3.6,36.6,35.33,35.33,35.3,1.64,1.96,50.39,9.32,9912705880.0,9875280000.0,0.0,0.08,2.49,-5.17
580,603348,文灿股份,20.1,1.36,0.27,49395.0,99778563.0,4.89,20.65,19.68,19.78,19.83,2.96,1.57,2011.03,1.46,6320991559.0,6320991559.0,-0.15,-0.1,-0.64,4.36
581,300334,津膜科技,8.17,1.36,0.11,102854.0,84373209.81,3.72,8.33,8.03,8.08,8.06,0.88,3.41,1380.22,4.06,2467873959.0,2467583147.0,0.25,0.25,8.79,17.39
582,920914,远航精密,26.29,1.35,0.35,22668.0,60117716.74,5.9,27.18,25.65,25.79,25.94,1.48,2.28,47.17,2.71,2618431420.0,2616361083.0,-0.04,0.54,2.34,-0.42
583,601015,陕西黑猫,5.24,1.35,0.07,2873297.0,1522585582.0,6.38,5.46,5.13,5.25,5.17,1.81,14.07,-10.76,1.9,10702687628.0,10702687628.0,0.19,-0.57,35.05,44.75
584,601998,中信银行,7.51,1.35,0.1,676878.0,506273327.0,2.7,7.55,7.35,7.39,7.41,1.38,0.17,5.92,0.58,417895168603.0,306130124645.0,0.0,0.13,-1.44,-2.47
585,601186,中国铁建,7.51,1.35,0.1,2088804.0,1567460804.0,2.97,7.59,7.37,7.39,7.41,2.31,1.82,5.16,0.37,101982356665.0,86389373705.0,0.0,-0.13,-2.21,-2.09
586,002811,郑中设计,14.98,1.35,0.2,206506.0,311609920.24,4.6,15.48,14.8,15.21,14.78,2.19,7.29,25.54,3.29,4613390675.0,4241029370.0,0.67,0.6,9.74,0.94
587,300308,中际旭创,542.02,1.35,7.22,211982.0,11483224114.63,4.46,548.88,525.01,526.5,534.8,0.82,1.92,55.77,20.07,602248359395.0,599203371254.0,-0.16,-0.22,-10.56,-11.14
588,300087,荃银高科,9.04,1.35,0.12,277025.0,249993134.03,2.47,9.13,8.91,8.93,8.92,0.87,3.09,-35.68,4.92,8563879029.0,8096880024.0,0.0,0.0,-21.12,-22.6
589,603499,翔港科技,24.2,1.34,0.32,60607.0,146888897.0,4.19,24.6,23.6,23.9,23.88,0.99,2.0,57.53,8.37,7322784238.0,7322784238.0,0.0,-0.17,25.32,18.4
590,000059,华锦股份,6.06,1.34,0.08,893610.0,554568546.29,6.69,6.4,6.0,6.15,5.98,1.34,5.59,-5.22,0.96,9692621774.0,9692621774.0,0.0,0.17,19.29,13.27
591,003019,宸展光电,31.81,1.34,0.42,43620.0,138835106.97,4.3,32.36,31.01,31.37,31.39,1.93,2.55,26.98,3.37,5623133766.0,5435224143.0,0.03,0.03,-4.59,-4.99
592,300753,爱朋医疗,34.81,1.34,0.46,177038.0,612309324.55,10.42,36.37,32.79,34.01,34.35,1.65,20.14,-286.55,6.45,4387730880.0,3059999540.0,0.0,-0.03,30.37,25.44
593,300486,东杰智能,24.27,1.34,0.32,135139.0,329949015.13,3.97,24.98,24.03,24.35,23.95,0.74,2.83,1039.79,6.91,11580404677.0,11576924140.0,0.08,0.08,22.89,23.76
594,002551,尚荣医疗,3.8,1.33,0.05,141822.0,53888625.63,2.4,3.83,3.74,3.75,3.75,1.15,2.32,-68.6,1.24,3212879396.0,2322509544.0,0.0,0.26,-1.04,4.11
595,600802,福建水泥,6.1,1.33,0.08,122317.0,75160739.0,3.32,6.23,6.03,6.03,6.02,1.12,2.67,-277.09,2.53,2795315240.0,2795315240.0,0.16,0.16,-26.77,-7.01
596,300274,阳光电源,175.39,1.32,2.29,1020143.0,18160418915.14,4.12,181.99,174.86,175.09,173.1,1.2,6.42,22.95,8.09,363620551655.0,278819140260.0,0.01,0.04,-5.7,2.54
597,600082,海泰发展,3.83,1.32,0.05,118763.0,45392344.0,3.44,3.87,3.74,3.8,3.78,0.62,1.87,766.29,1.39,2474623614.0,2429504628.0,0.0,0.52,-5.9,-5.67
598,605255,天普股份,114.49,1.32,1.49,16948.0,193602033.0,5.47,116.68,110.5,112.97,113.0,0.77,1.26,644.96,19.02,15350819200.0,15350819200.0,-0.08,-0.1,-14.23,-47.49
599,601003,柳钢股份,5.36,1.32,0.07,422736.0,231047086.0,8.88,5.73,5.26,5.28,5.29,2.31,1.65,16.06,1.52,14119428693.0,13736571552.0,-0.19,-0.19,11.43,6.56
600,300866,安克创新,97.1,1.31,1.26,39423.0,379661642.26,4.06,97.99,94.1,95.06,95.84,1.02,1.28,20.2,5.26,52061026568.0,29851471449.0,-0.07,-0.12,-9.85,-15.11
601,603175,超颖电子,80.17,1.31,1.04,55029.0,446060537.0,6.53,82.99,77.82,78.0,79.13,1.11,12.51,152.31,12.07,35036640665.0,3527424522.0,0.02,0.0,9.37,17.55
602,000859,国风新材,10.81,1.31,0.14,720570.0,776514044.36,6.09,11.11,10.46,10.51,10.67,1.55,8.04,-110.73,3.55,9685503490.0,9684952180.0,0.0,0.28,19.32,6.82
603,603867,新化股份,34.14,1.31,0.44,93589.0,321449742.0,4.84,34.96,33.33,33.46,33.7,1.04,4.34,30.1,2.7,7424997406.0,7363545406.0,0.03,-0.03,32.84,34.41
604,601077,渝农商行,6.97,1.31,0.09,700154.0,487781473.0,2.62,7.03,6.85,6.9,6.88,1.14,0.79,5.55,0.6,79158290000.0,61602549591.0,-0.14,0.0,11.34,11.34
605,300393,中来股份,10.82,1.31,0.14,1169738.0,1254009127.01,9.74,11.26,10.22,10.97,10.68,1.11,12.24,-22.22,3.98,11789768014.0,10342892641.0,0.09,0.19,54.35,61.49
606,002705,新宝股份,13.92,1.31,0.18,77775.0,108186165.85,3.2,14.12,13.68,13.73,13.74,1.42,0.96,11.28,1.31,11301310858.0,11248799328.0,0.07,0.22,-4.66,-2.38
607,300875,捷强装备,46.12,1.3,0.59,74702.0,339972365.89,4.83,46.65,44.45,45.48,45.53,0.67,8.51,-148.91,4.88,4604378716.0,4048951774.0,0.09,0.11,3.83,13.9
608,603606,东方电缆,67.2,1.3,0.86,287318.0,1961087630.0,4.4,69.8,66.88,67.0,66.34,1.62,4.18,37.92,6.03,46214472730.0,46214472730.0,0.01,0.04,15.58,12.47
609,601568,北元集团,4.71,1.29,0.06,1278443.0,604284133.0,4.95,4.84,4.61,4.61,4.65,1.22,3.22,65.65,1.63,18709166675.0,18709166675.0,0.43,0.21,22.98,26.61
610,603273,天元智能,19.6,1.29,0.25,40934.0,80400967.0,4.39,20.05,19.2,19.36,19.35,1.86,7.3,161.36,4.77,4200542640.0,1098744640.0,-0.15,0.31,-1.56,-6.53
611,300073,当升科技,55.64,1.29,0.71,180306.0,1011407301.01,4.01,57.0,54.8,54.99,54.93,1.42,3.56,45.17,2.08,30284499688.0,28152243800.0,0.02,0.04,-5.37,-3.74
612,920402,硅烷科技,10.19,1.29,0.13,73270.0,74605793.42,3.28,10.34,10.01,10.09,10.06,1.39,2.69,-39.08,2.78,4300792083.0,2780578693.0,0.1,0.2,-4.23,0.89
613,603986,兆易创新,278.33,1.29,3.55,226137.0,6301123525.0,5.42,285.67,270.78,270.78,274.78,1.01,3.39,135.11,10.21,195137845187.0,185881239287.0,0.01,0.08,31.94,29.91
614,600322,津投城开,2.35,1.29,0.03,287457.0,68179599.0,3.45,2.4,2.32,2.33,2.32,1.71,2.6,-2.47,-3.37,2598395000.0,2598395000.0,0.0,0.0,-3.29,0.86
615,000596,古井贡酒,113.69,1.29,1.45,30648.0,347531859.49,2.47,114.37,111.6,112.0,112.24,1.25,0.75,11.38,2.36,60096534000.0,46453734000.0,0.06,0.08,-23.8,-13.61
616,600425,青松建化,4.7,1.29,0.06,601466.0,285511952.0,3.66,4.81,4.64,4.64,4.64,1.99,3.75,18.07,1.15,7542107423.0,7542107423.0,0.21,0.0,11.11,12.98
617,000062,深圳华强,26.21,1.28,0.33,491467.0,1303113864.84,6.07,27.19,25.62,25.74,25.88,2.5,4.7,56.94,3.99,27413283330.0,27387542987.0,-0.04,-0.08,5.81,6.46
618,603385,惠达卫浴,7.2,1.27,0.09,41936.0,30231190.0,3.66,7.32,7.06,7.06,7.11,1.1,1.1,134.88,0.73,2740787770.0,2740787770.0,-0.14,-0.28,-0.14,5.26
619,920779,武汉蓝电,38.34,1.27,0.48,51113.0,202572536.12,12.02,41.45,36.9,37.0,37.86,2.13,25.51,48.89,6.25,3070064765.0,768072965.0,0.26,0.03,14.07,13.3
620,920819,颖泰生物,3.98,1.27,0.05,146889.0,58689723.34,3.56,4.06,3.92,3.94,3.93,2.04,1.21,-19.52,1.02,4878684000.0,4822267500.0,0.25,0.25,-0.75,2.84
621,600583,海油工程,7.16,1.27,0.09,1370488.0,988861032.0,3.25,7.34,7.11,7.12,7.07,0.78,3.1,14.79,1.17,31656900368.0,31656900368.0,-0.14,0.0,32.1,30.42
622,920656,海昇药业,17.03,1.25,0.21,4504.0,7654913.38,2.38,17.17,16.77,16.82,16.82,1.03,1.39,24.51,2.42,1703000000.0,551368065.0,-0.12,0.71,0.59,-2.46
623,688775,影石创新,209.9,1.25,2.6,14546.0,302222915.0,3.15,210.33,203.8,205.01,207.3,1.53,4.43,87.31,14.39,84169900000.0,6884720000.0,0.28,-0.03,-18.13,-10.64
624,300472,*ST新元,7.29,1.25,0.09,44700.0,32872204.2,3.19,7.47,7.24,7.28,7.2,1.01,1.69,-18.42,-36.47,2006635347.0,1930693595.0,0.14,0.14,-20.5,-5.32
625,688517,金冠电气,19.48,1.25,0.24,73216.0,143099010.0,4.42,19.93,19.08,19.37,19.24,1.19,5.36,32.77,3.25,2661224824.0,2661224824.0,-0.1,0.15,22.13,24.95
626,301515,港通医疗,24.3,1.25,0.3,42453.0,102589645.9,3.96,24.65,23.7,24.0,24.0,1.64,6.47,-178.53,1.99,2430000000.0,1593364365.0,0.16,0.04,13.13,21.14
627,688611,杭州柯林,60.5,1.24,0.74,8085.0,48764986.0,2.48,60.99,59.51,60.52,59.76,0.65,0.53,-2932.69,10.73,9280070800.0,9280070800.0,-0.05,0.08,23.49,18.98
628,688450,光格科技,35.26,1.23,0.43,19239.0,68719422.0,5.74,36.5,34.5,35.3,34.83,0.96,3.93,-35.85,2.48,2327160000.0,1725295495.0,0.0,-0.11,28.26,27.85
629,301167,建研设计,18.16,1.23,0.22,28145.0,51241929.0,4.35,18.48,17.7,17.9,17.94,1.02,3.96,105.78,2.16,2033920000.0,1291500991.0,0.17,0.5,5.4,11.75
630,603322,超讯通信,35.45,1.23,0.43,98162.0,354061033.0,5.05,37.18,35.41,36.88,35.02,2.5,6.23,69.98,19.39,5586451918.0,5586451918.0,-0.17,-0.08,-31.4,-7.59
631,601229,上海银行,9.87,1.23,0.12,545676.0,536910069.0,2.77,9.95,9.68,9.73,9.75,1.37,0.38,5.82,0.58,140242929391.0,140242929391.0,0.2,0.2,2.81,-2.28
632,300110,华仁药业,3.31,1.22,0.04,270063.0,89438357.72,3.36,3.36,3.25,3.26,3.27,1.48,2.29,53.77,2.89,3913124970.0,3908605579.0,0.3,0.3,-2.36,5.08
633,603227,雪峰科技,9.1,1.22,0.11,234784.0,214513417.0,2.56,9.26,9.03,9.03,8.99,1.37,2.19,18.58,1.92,9752403470.0,9752403470.0,0.11,0.22,9.77,9.38
634,688515,裕太微-U,129.2,1.22,1.56,29522.0,384297081.0,9.93,135.66,122.98,125.92,127.64,1.39,5.93,-74.48,6.88,10336000000.0,6436666480.0,-0.22,0.0,28.01,25.99
635,002910,庄园牧场,11.75,1.21,0.14,50986.0,60097595.0,3.27,11.93,11.55,11.68,11.61,0.82,2.98,-35.57,2.2,2297587327.0,2009977913.0,0.09,0.17,6.43,5.76
636,600249,两面针,5.86,1.21,0.07,96269.0,56378447.0,2.59,5.91,5.76,5.78,5.79,1.36,1.75,102.9,1.47,3223000000.0,3223000000.0,-0.17,0.17,-6.84,1.91
637,001335,信凯科技,45.59,1.2,0.54,28807.0,131186561.15,5.35,46.65,44.24,45.0,45.05,1.69,12.29,50.01,4.45,4273586540.0,1068396635.0,-0.15,0.26,-2.08,-7.56
638,600012,皖通高速,15.13,1.2,0.18,76080.0,115224019.0,3.01,15.35,14.9,14.9,14.95,1.25,0.65,13.12,2.08,25850995281.0,17635528000.0,-0.26,0.07,3.28,2.09
639,002831,裕同科技,34.56,1.2,0.41,283528.0,956591388.27,7.09,35.0,32.58,33.92,34.15,2.02,5.55,20.21,2.76,31812946560.0,17659925649.0,-0.35,0.52,18.28,21.22
640,603230,内蒙新华,11.81,1.2,0.14,26965.0,31710321.0,2.06,11.84,11.6,11.63,11.67,1.3,0.76,15.54,1.49,4175106630.0,4175106630.0,-0.08,-0.08,-7.45,-4.37
641,000019,深粮控股,7.59,1.2,0.09,209237.0,158937793.95,2.93,7.68,7.46,7.49,7.5,0.92,5.03,26.94,1.75,8747742578.0,3159082529.0,0.13,0.13,6.45,9.21
642,300470,中密控股,38.34,1.19,0.45,48317.0,185101512.48,3.69,38.9,37.5,38.0,37.89,1.3,2.45,21.49,2.87,7973252997.0,7564853323.0,0.08,0.05,7.7,1.97
643,600285,羚锐制药,22.05,1.19,0.26,126041.0,279823851.0,3.44,22.5,21.75,21.75,21.79,2.16,2.23,14.41,3.85,12504896466.0,12477333966.0,-0.09,-0.05,0.82,6.47
644,688386,泛亚微透,86.6,1.19,1.02,17047.0,148161701.0,3.6,88.65,85.57,85.71,85.58,1.22,1.87,76.31,9.39,8626135763.0,7880600000.0,0.37,-0.15,22.32,-1.14
645,300461,田中精机,59.29,1.18,0.69,73270.0,436721646.9,9.37,61.5,56.01,58.04,58.6,0.8,5.1,1479.28,17.51,9311891269.0,8520166108.0,0.49,-0.1,186.56,210.74
646,002436,兴森科技,23.94,1.18,0.28,906419.0,2173123995.47,6.72,24.74,23.15,23.45,23.66,1.03,6.0,232.09,7.55,40690185098.0,36161304309.0,0.0,-0.21,9.32,13.08
647,300103,达刚控股,7.76,1.17,0.09,85629.0,66940102.28,4.3,7.95,7.62,7.71,7.67,1.0,2.7,-72.5,5.07,2464583760.0,2462537425.0,-0.13,-0.13,9.3,-3.36
648,300024,机器人,16.48,1.17,0.19,185615.0,301550427.13,2.58,16.48,16.06,16.3,16.29,0.99,1.21,-121.31,6.01,25801416776.0,25377995378.0,1.98,2.36,-6.42,-9.4
649,920027,交大铁发,20.7,1.17,0.24,6141.0,12643216.06,1.32,20.73,20.46,20.49,20.46,0.95,1.46,37.23,3.59,1639512450.0,873612450.0,0.39,0.88,-8.77,-3.18
650,600824,益民集团,4.36,1.16,0.05,165288.0,71838858.0,2.32,4.39,4.29,4.31,4.31,1.55,1.57,179.38,1.91,4595558038.0,4595558038.0,0.0,0.0,-5.01,-3.75
651,002899,英派斯,32.36,1.16,0.37,37962.0,123352323.0,3.88,33.05,31.81,32.07,31.99,1.34,2.57,70.68,2.75,4782710143.0,4782710143.0,0.09,0.19,27.05,18.23
652,002941,新疆交建,16.6,1.16,0.19,240368.0,400216934.48,3.11,16.82,16.31,16.35,16.41,1.49,3.29,20.22,2.58,12113869455.0,12113869455.0,0.0,0.12,3.23,4.73
653,002348,高乐股份,8.71,1.16,0.1,248270.0,215256566.4,4.76,8.88,8.47,8.62,8.61,0.83,2.75,-530.1,18.53,8250112000.0,7869772421.0,-0.23,-0.23,36.95,51.48
654,300812,易天股份,38.25,1.16,0.44,144214.0,557830037.1,6.22,39.85,37.5,37.5,37.81,0.75,15.56,115.84,6.84,5357946359.0,3546083180.0,-0.6,-0.1,32.22,33.74
655,301200,大族数控,149.42,1.16,1.72,34061.0,504318146.53,5.55,152.0,143.8,145.67,147.7,0.99,0.81,110.2,11.29,72248851182.0,62963515246.0,-0.07,-0.15,28.05,25.81
656,001979,招商蛇口,9.6,1.16,0.11,636798.0,620038782.82,4.43,9.93,9.51,9.52,9.49,1.31,0.76,26.0,0.88,86553908842.0,80774622902.0,-0.1,0.0,8.6,11.11
657,002240,盛新锂能,40.37,1.15,0.46,395611.0,1625493035.71,5.44,42.2,40.03,40.1,39.91,1.26,4.33,-36.84,3.52,36950413613.0,36854125107.0,0.02,0.12,32.32,17.25
658,001323,慕思股份,26.4,1.15,0.3,6453.0,16971354.76,1.65,26.44,26.01,26.1,26.1,0.61,0.21,18.45,2.6,11486132170.0,8216948230.0,0.34,0.42,-0.15,1.69
659,000709,河钢股份,2.64,1.15,0.03,1787117.0,473088650.8,2.68,2.68,2.61,2.63,2.61,1.18,1.73,24.87,0.53,27289999683.0,27285488731.0,0.38,0.0,16.81,14.29
660,301028,鼎熔岩,15.0,1.15,0.17,51344.0,77442202.2,4.79,15.39,14.68,14.74,14.83,1.29,2.07,22.5,3.49,5760745320.0,3726891570.0,0.0,0.07,-2.72,2.88
661,300211,*ST亿通,8.82,1.15,0.1,22705.0,20025407.0,2.98,8.91,8.65,8.67,8.72,0.94,0.76,-107.8,5.78,2680660157.0,2620295221.0,-0.23,-0.11,4.75,4.13
662,002919,名臣健康,23.04,1.14,0.26,57435.0,133206393.64,3.6,23.61,22.79,22.79,22.78,0.91,2.17,108.24,7.47,6140760561.0,6091503437.0,0.0,0.13,0.61,0.22
663,688218,江苏北人,22.26,1.14,0.25,35012.0,78481146.0,4.36,22.79,21.83,22.01,22.01,1.17,3.01,-32.41,3.13,2592741024.0,2592741024.0,-0.13,0.27,-1.55,-2.45
664,601577,长沙银行,9.8,1.14,0.11,225146.0,219773814.0,2.37,9.87,9.64,9.67,9.69,1.4,0.56,4.51,0.56,39411226789.0,39402699525.0,-0.1,-0.1,3.81,1.03
665,600987,航民股份,7.99,1.14,0.09,149490.0,119418542.0,2.78,8.08,7.86,7.88,7.9,0.74,1.46,12.67,1.27,8156342795.0,8156342795.0,0.63,0.38,13.01,15.97
666,300858,科拓生物,16.85,1.14,0.19,29839.0,50504704.0,3.48,17.14,16.56,16.68,16.66,1.0,1.52,43.68,2.43,4439892738.0,3298221561.0,0.06,0.18,-1.52,0.48
667,002020,京新药业,16.09,1.13,0.18,103790.0,165650268.22,2.2,16.1,15.75,15.85,15.91,0.84,1.43,18.05,2.45,13853958863.0,11648650510.0,0.06,0.12,-15.4,-15.23
668,300692,中赋科技,8.07,1.13,0.09,143842.0,116267342.24,2.88,8.16,7.93,7.95,7.98,0.65,3.43,33.53,1.55,3781770074.0,3384935289.0,0.12,0.25,-8.92,-3.93
669,600603,广汇物流,8.05,1.13,0.09,394784.0,318561913.0,5.15,8.24,7.83,8.16,7.96,1.04,3.31,22.63,1.31,9606299666.0,9606299666.0,0.0,-0.12,20.87,29.42
670,000898,鞍钢股份,2.68,1.13,0.03,1175001.0,319290871.2,5.28,2.79,2.65,2.66,2.65,1.63,1.48,-9.23,0.55,25109512971.0,21325687744.0,-0.37,-0.37,8.5,5.93
671,600613,神奇制药,6.34,1.12,0.07,68002.0,42982899.0,2.23,6.37,6.23,6.26,6.27,0.91,1.42,50.49,1.45,3386014122.0,3038888661.0,0.32,0.48,-4.66,4.45
672,002513,蓝丰生化,7.31,1.11,0.08,242401.0,179530913.0,4.43,7.54,7.22,7.23,7.23,0.87,8.39,-26.68,-183.94,2745591979.0,2112891918.0,-0.14,0.0,2.67,8.78
673,603210,泰鸿万立,19.19,1.11,0.21,38616.0,73782594.0,3.37,19.46,18.82,18.98,18.98,2.66,5.12,33.71,3.58,6532276000.0,1446747495.0,-0.05,-0.05,-1.34,-1.39
674,601107,四川成渝,6.36,1.11,0.07,230648.0,146691011.0,2.38,6.42,6.27,6.35,6.29,1.63,1.07,11.22,1.16,19449261600.0,13755026400.0,0.16,0.0,7.43,4.61
675,688660,电气风电,15.45,1.11,0.17,555442.0,874817692.0,6.28,16.28,15.32,15.85,15.28,2.11,4.17,-20.83,4.97,20600001030.0,20600001030.0,0.0,-0.19,-7.21,-9.17
676,002947,恒铭达,48.16,1.11,0.53,80703.0,388639464.9,4.51,49.08,46.93,47.23,47.63,1.22,4.19,22.69,3.78,12339041622.0,9277299625.0,0.08,0.1,8.15,-7.42
677,920263,中航泰达,11.93,1.1,0.13,6735.0,8001629.57,2.12,12.0,11.75,11.86,11.8,0.44,0.66,88.39,2.9,1685027749.0,1223943282.0,1.02,1.02,-4.56,-4.33
678,600048,保利发展,6.46,1.1,0.07,2056458.0,1346676693.0,3.44,6.65,6.43,6.43,6.39,1.62,1.72,75.4,0.4,77329064480.0,77329064480.0,-0.15,0.0,1.73,5.9
679,000705,浙江震元,9.17,1.1,0.1,76678.0,70139255.8,2.09,9.22,9.03,9.08,9.07,1.63,2.72,40.99,1.52,3063910533.0,2585580087.0,-0.11,0.33,-5.46,1.33
680,688690,纳微科技,26.0,1.09,0.28,36864.0,95898127.0,2.68,26.29,25.6,25.71,25.72,1.08,0.91,77.19,5.46,10499183890.0,10499183890.0,0.0,0.35,-0.61,0.74
681,600141,兴发集团,40.78,1.09,0.44,444819.0,1852025450.0,6.32,42.68,40.13,40.34,40.34,1.42,3.7,27.88,2.07,49006951368.0,49006951368.0,0.0,0.02,27.0,17.93
682,920892,广咨国际,15.81,1.09,0.17,6238.0,9858502.67,2.49,15.95,15.56,15.7,15.64,0.92,0.42,24.86,6.13,2693254891.0,2344379637.0,0.51,1.02,2.46,0.64
683,300694,蠡湖股份,12.94,1.09,0.14,48361.0,62600298.0,3.13,13.11,12.71,12.79,12.8,1.07,2.23,116.19,2.01,2808890665.0,2808890665.0,-0.15,-0.23,1.41,7.12
684,603908,牧高笛,24.99,1.09,0.27,11954.0,29901549.0,3.56,25.3,24.42,24.52,24.72,0.73,1.28,47.63,4.35,2327243430.0,2327243430.0,-0.04,0.04,2.38,7.02
685,603121,华培动力,19.68,1.08,0.21,145122.0,284008757.0,6.47,20.07,18.81,19.3,19.47,1.26,4.29,181.59,5.59,6662343511.0,6662343511.0,0.0,0.1,3.52,-6.99
686,603515,欧普照明,18.72,1.08,0.2,13734.0,25747247.0,2.43,18.95,18.5,18.5,18.52,0.9,0.19,18.09,2.09,13912852805.0,13784061452.0,0.05,0.11,4.17,2.41
687,600183,生益科技,63.44,1.08,0.68,443421.0,2804699593.0,4.64,64.68,61.77,61.79,62.76,0.97,1.85,46.22,9.22,154103323951.0,151907177951.0,-0.05,-0.09,-0.67,-11.16
688,001368,通达创智,26.21,1.08,0.28,14842.0,38953949.0,2.85,26.57,25.83,25.93,25.93,0.68,4.63,27.81,2.08,2983666302.0,840976655.0,-0.08,-0.04,-7.22,6.63
689,000049,德赛电池,27.09,1.08,0.29,153630.0,420415808.06,4.44,27.8,26.61,26.66,26.8,2.16,4.0,34.64,1.56,10419857886.0,10417049412.0,0.0,0.04,-5.25,0.78
690,605300,佳禾食品,11.34,1.07,0.12,23651.0,26681296.0,1.52,11.36,11.19,11.24,11.22,1.19,0.52,148.63,1.8,5152880090.0,5152880090.0,-0.09,0.0,-9.06,-2.24
691,605488,福莱新材,37.89,1.07,0.4,105460.0,400223075.0,5.6,38.75,36.65,37.05,37.49,1.52,3.82,132.79,6.92,11437779278.0,10464988614.0,-0.03,0.03,9.16,10.31
692,603282,亚光股份,21.65,1.07,0.23,23056.0,50061521.0,3.78,22.12,21.31,21.54,21.42,0.9,3.59,21.96,2.19,2897203000.0,1389593537.0,0.0,0.05,9.9,9.12
693,000639,西王食品,2.85,1.06,0.03,378853.0,108175139.28,2.84,2.89,2.81,2.82,2.82,1.09,3.51,1038.42,1.06,3076370071.0,3076366300.0,0.35,0.0,-21.27,-13.9
694,300197,节能铁汉,1.91,1.06,0.02,829009.0,159132760.74,3.7,1.95,1.88,1.88,1.89,1.37,2.8,-4.84,5.77,5663719333.0,5663576083.0,0.0,0.0,1.6,7.91
695,920239,长虹能源,32.49,1.06,0.34,24873.0,81637779.78,3.33,33.26,32.19,32.19,32.15,1.22,1.39,23.8,5.42,5915590888.0,5829833663.0,0.12,0.43,0.43,-0.03
696,603810,丰山集团,17.22,1.06,0.18,33395.0,58028273.0,3.4,17.65,17.07,17.15,17.04,0.87,2.02,50.41,1.86,2847112094.0,2847112094.0,-0.17,-0.06,5.13,7.83
697,603700,宁水集团,14.3,1.06,0.15,32306.0,46469811.0,4.1,14.69,14.11,14.16,14.15,1.08,1.62,28.45,1.77,2859455656.0,2859455656.0,-0.07,0.0,9.24,5.22
698,300243,瑞丰高材,15.2,1.06,0.16,589890.0,918309647.71,11.5,16.54,14.81,16.22,15.04,2.32,30.35,117.13,3.54,3806489336.0,2954408298.0,-0.59,-0.33,41.53,45.73
699,600650,锦江在线,14.5,1.05,0.15,40939.0,59380259.0,3.34,14.69,14.21,14.21,14.35,1.34,1.05,65.78,1.87,7998346552.0,5663121088.0,0.0,0.07,-5.54,-4.61
700,002494,华斯股份,5.78,1.05,0.06,100221.0,57874971.0,2.97,5.85,5.68,5.71,5.72,0.97,3.49,-370.96,1.78,2180855950.0,1657533132.0,0.35,0.7,4.14,7.24
701,600653,申华控股,1.92,1.05,0.02,323105.0,61889475.0,2.11,1.93,1.89,1.9,1.9,1.61,1.66,-31.47,5.11,3737050209.0,3737050209.0,0.0,0.52,-3.52,1.05
702,002785,万里石,44.3,1.05,0.46,87254.0,382992923.01,4.9,44.85,42.7,43.8,43.84,1.19,4.51,3742.98,11.31,10039252489.0,8571829519.0,0.05,0.25,21.74,25.42
703,603909,建发合诚,11.69,1.04,0.12,17742.0,20706543.0,2.51,11.78,11.49,11.57,11.57,0.57,0.68,29.76,2.71,3047269007.0,3047269007.0,0.52,0.43,-15.04,3.54
704,002557,洽洽食品,22.4,1.04,0.23,56385.0,126924258.4,2.66,22.72,22.13,22.13,22.17,1.21,1.12,50.59,2.18,11331156189.0,11306925549.0,-0.09,0.0,5.56,3.61
705,605566,福莱蒽特,27.13,1.04,0.28,17198.0,46806957.0,2.5,27.47,26.8,26.86,26.85,0.97,1.29,62.97,1.81,3617514200.0,3617514200.0,0.37,0.3,-10.37,-13.85
706,601969,海南矿业,13.56,1.04,0.14,1329274.0,1847855253.0,6.18,14.35,13.52,13.6,13.42,1.59,6.74,64.86,3.85,27010594544.0,26746782913.0,0.07,0.0,22.94,14.14
707,603002,宏昌电子,10.69,1.04,0.11,432774.0,464461509.0,5.1,10.94,10.4,10.41,10.58,1.06,3.82,370.89,3.52,12123299261.0,12123299261.0,-0.28,-0.09,42.91,44.65
708,600743,华远控股,1.96,1.03,0.02,265486.0,52334868.0,2.58,1.99,1.94,1.94,1.94,1.62,1.13,-94.48,7.27,4598357713.0,4598357713.0,0.0,0.0,-8.41,-2.0
709,002027,分众传媒,6.87,1.03,0.07,1283035.0,878259818.08,1.91,6.89,6.76,6.77,6.8,1.35,0.89,17.55,6.03,99217912118.0,99217912118.0,-0.29,-0.29,-2.28,-6.78
710,920057,百甲科技,6.89,1.03,0.07,20868.0,14473830.04,4.25,7.06,6.77,6.79,6.82,1.05,1.81,132.98,1.74,1248904116.0,792836978.0,1.03,0.88,9.02,6.33
711,300824,北鼎股份,10.82,1.03,0.11,62078.0,67597394.0,4.58,11.1,10.61,10.73,10.71,1.71,1.96,31.94,4.69,3531016999.0,3424479222.0,0.19,-0.09,-10.65,-4.33
712,300125,*ST聆达,8.79,1.03,0.09,54838.0,48165514.63,3.91,8.95,8.61,8.66,8.7,0.92,1.52,-34.32,-3.54,5852821386.0,3171522994.0,-0.23,-0.45,45.53,15.2
713,603071,物产环能,14.76,1.03,0.15,89316.0,133111861.0,3.01,15.15,14.71,14.73,14.61,2.3,1.6,13.65,1.46,8235407564.0,8235407564.0,0.0,0.27,12.5,12.5
714,000509,华塑控股,3.94,1.03,0.04,819454.0,330217338.55,7.69,4.2,3.9,3.93,3.9,0.73,7.64,-321.75,34.02,4228124525.0,4228111744.0,-0.25,0.0,5.91,13.54
715,002466,天齐锂业,54.15,1.03,0.55,454958.0,2500177759.39,3.99,55.94,53.8,53.96,53.6,1.56,3.08,385.19,2.1,92393165829.0,79915600691.0,-0.06,0.02,3.64,-2.22
716,603116,红蜻蜓,5.95,1.02,0.06,62188.0,37198292.0,3.57,6.06,5.85,5.91,5.89,1.19,1.08,-49.4,1.31,3428394760.0,3428394760.0,-0.34,0.0,-4.19,-2.94
717,001396,誉帆科技,49.3,1.02,0.5,25515.0,127432901.85,5.51,51.15,48.46,48.46,48.8,0.65,11.49,51.55,4.57,5270289109.0,1094812199.0,0.0,0.08,121.18,14.25
718,300610,晨化股份,12.84,1.02,0.13,99431.0,128953466.29,4.01,13.17,12.66,12.67,12.71,1.47,6.17,39.21,2.39,2760702463.0,2070168149.0,0.08,0.39,4.22,10.59
719,300567,精测电子,134.9,1.02,1.36,65958.0,896640594.01,6.83,140.0,130.88,132.8,133.54,0.78,2.91,282.78,10.68,37737673346.0,30628833747.0,0.01,0.04,85.38,47.92
720,002901,大博医疗,44.99,1.01,0.45,11034.0,49535096.4,1.95,45.31,44.44,44.55,44.54,0.72,0.38,32.9,5.58,18626737575.0,12978553146.0,0.04,0.13,-6.58,-5.02
721,603162,海通发展,14.07,1.01,0.14,127365.0,179357254.0,5.31,14.39,13.65,13.8,13.93,1.03,4.56,38.77,3.01,13056204554.0,3929321809.0,-0.07,0.21,6.03,17.35
722,002907,华森制药,14.1,1.0,0.14,17122.0,24103920.0,1.72,14.15,13.91,13.94,13.96,1.26,0.57,60.95,3.49,5888108027.0,4228794591.0,0.28,0.21,-8.74,-4.79
723,002572,索菲亚,13.13,1.0,0.13,107072.0,140711496.59,2.85,13.28,12.91,12.96,13.0,1.04,1.64,13.92,1.76,12644809263.0,8553717331.0,0.0,0.15,-5.34,-3.53
724,603073,彩蝶实业,21.23,1.0,0.21,25309.0,53930859.0,2.95,21.51,20.89,20.89,21.02,1.08,4.97,29.37,1.78,2462680000.0,1080455163.0,0.05,0.14,10.98,12.99
725,000688,国城矿业,36.4,1.0,0.36,238689.0,886212522.63,7.08,38.25,35.7,35.94,36.04,1.02,2.01,71.82,12.28,43136464498.0,43136307250.0,-0.03,-0.05,60.99,30.94
726,000729,燕京啤酒,13.08,1.0,0.13,192064.0,251685217.82,2.47,13.22,12.9,12.98,12.95,0.98,0.77,15.62,2.33,36866494580.0,32825655204.0,0.0,0.23,6.69,16.47
727,601007,金陵饭店,8.05,1.0,0.08,70421.0,56830841.0,2.89,8.17,7.94,7.95,7.97,1.09,1.81,58.76,1.98,3139500000.0,3139500000.0,0.0,0.0,1.77,3.07
728,603709,中源家居,18.15,1.0,0.18,24874.0,45466044.0,4.95,18.6,17.71,17.86,17.97,1.13,1.99,-98.39,4.42,2288301180.0,2270733251.0,0.0,0.0,1.34,11.21
729,603966,法兰泰克,12.12,1.0,0.12,100131.0,121524193.0,3.0,12.31,11.95,12.0,12.0,0.76,2.52,21.2,2.39,4831892350.0,4820392288.0,-0.08,-0.08,11.19,1.85
730,002141,贤丰控股,4.08,0.99,0.04,268089.0,109188004.0,2.97,4.12,4.0,4.03,4.04,0.92,2.63,74.75,5.07,4214378056.0,4157401170.0,0.74,0.74,7.37,9.38
731,000927,中国铁物,3.07,0.99,0.03,1355175.0,419464119.0,3.62,3.14,3.03,3.05,3.04,1.36,2.24,30.79,1.93,18574585678.0,18574576284.0,-0.32,-0.32,15.85,17.62
732,688981,中芯国际,107.06,0.99,1.05,341633.0,3642164903.0,3.14,107.83,104.5,105.02,106.01,1.05,1.71,169.94,5.68,856635902485.0,214073166496.0,-0.01,0.03,-7.96,-12.84
733,300618,寒锐钴业,48.0,0.99,0.47,156283.0,761353726.68,5.81,49.86,47.1,47.11,47.53,1.5,5.74,46.78,2.65,14865460368.0,13079839584.0,-0.17,-0.15,8.89,6.17
734,002753,永东股份,8.19,0.99,0.08,143089.0,117529899.0,3.21,8.32,8.06,8.14,8.11,1.38,5.89,53.85,1.34,3510858045.0,1988615915.0,0.0,0.24,10.68,14.87
735,688143,长盈通,61.3,0.99,0.6,93189.0,571777214.0,6.95,62.91,58.69,60.05,60.7,0.93,7.62,339.7,5.85,7894263163.0,7501552314.0,0.0,0.0,39.54,22.09
736,002928,华夏航空,9.31,0.98,0.09,271284.0,254830596.45,5.86,9.63,9.09,9.17,9.22,0.75,2.12,14.4,2.98,11900428831.0,11900369479.0,-0.43,-0.32,-6.53,-15.75
737,688208,道通科技,34.03,0.98,0.33,81977.0,280658282.0,3.98,34.78,33.44,33.44,33.7,0.89,1.22,24.39,5.9,22806342497.0,22806342497.0,-0.12,-0.23,-1.51,-7.53
738,300395,菲利华,113.9,0.98,1.11,384865.0,4297356984.99,6.37,115.19,108.01,112.0,112.79,1.31,7.52,133.69,13.07,59486287955.0,58274603353.0,-0.04,-0.07,35.53,13.56
739,300435,中泰股份,28.19,0.97,0.27,214719.0,611594212.97,5.73,29.28,27.68,28.04,27.92,1.01,5.82,24.31,3.28,10873249470.0,10396884420.0,0.04,0.11,46.06,26.87
740,300219,鸿利智汇,8.37,0.97,0.08,580912.0,488578801.54,3.62,8.51,8.21,8.25,8.29,0.92,8.22,58.48,2.24,5925487145.0,5914651218.0,-0.12,-0.24,10.28,16.09
741,300422,博世科,5.22,0.97,0.05,89046.0,46669998.36,3.48,5.31,5.13,5.18,5.17,1.04,1.74,-9.85,2.52,2786855631.0,2669778866.0,0.19,0.0,5.45,13.73
742,920706,铁拓机械,27.16,0.97,0.26,23613.0,64400865.58,5.13,27.88,26.5,26.81,26.9,0.66,5.58,50.97,4.22,2509726454.0,1150140989.0,0.04,-0.18,-1.77,8.64
743,603004,鼎龙科技,24.16,0.96,0.23,40944.0,99006984.0,2.76,24.47,23.81,23.93,23.93,1.28,6.95,34.84,2.75,5690163200.0,1422540800.0,0.08,0.08,2.42,2.94
744,600809,山西汾酒,159.27,0.96,1.52,47221.0,752879378.0,2.48,160.8,156.88,157.3,157.75,0.98,0.39,12.78,5.01,194303701638.0,194303701638.0,0.03,0.06,-11.16,-7.24
745,603335,迪生力,6.33,0.96,0.06,149939.0,95940234.0,5.58,6.56,6.21,6.27,6.27,1.05,3.5,-52.6,12.53,2710155318.0,2710155318.0,0.0,0.0,4.46,12.43
746,600105,永鼎股份,27.61,0.95,0.26,1028565.0,2857063722.0,4.46,28.3,27.08,27.19,27.35,0.9,7.04,91.99,12.23,40365676483.0,40365676483.0,-0.04,0.0,55.29,10.0
747,003016,欣贺股份,8.47,0.95,0.08,55389.0,46939755.3,2.74,8.57,8.34,8.39,8.39,1.34,1.35,257.44,1.33,3561818054.0,3480177672.0,0.12,0.12,-27.17,-12.59
748,001211,双枪科技,28.72,0.95,0.27,10042.0,28891142.0,3.2,29.18,28.27,28.27,28.45,0.65,1.5,183.79,2.39,2067840000.0,1924141634.0,0.49,0.49,7.24,8.62
749,003042,中农联合,18.35,0.94,0.17,73162.0,135167779.6,3.25,18.75,18.16,18.18,18.18,1.17,5.74,-43.78,1.99,2614508000.0,2337161421.0,0.0,-0.05,6.01,14.26
750,600926,杭州银行,17.16,0.94,0.16,369107.0,632281307.0,2.06,17.25,16.9,16.97,17.0,1.17,0.51,6.54,0.93,124392883724.0,124392883724.0,-0.06,0.0,9.58,12.3
751,002734,利民股份,21.45,0.94,0.2,464735.0,1008263260.75,4.94,22.25,21.2,21.35,21.25,0.95,10.7,19.63,2.66,10206759935.0,9316717303.0,-0.09,0.33,34.57,34.57
752,300425,中建环能,5.37,0.94,0.05,138625.0,74562613.51,3.2,5.43,5.26,5.29,5.32,1.16,2.04,-1227.03,1.56,3663547461.0,3646607656.0,0.19,0.37,6.55,8.48
753,600712,南宁百货,6.41,0.94,0.06,69914.0,44782827.0,2.36,6.45,6.3,6.3,6.35,1.08,1.3,9010.02,4.38,3491240858.0,3452736058.0,0.0,-0.16,-6.7,-6.01
754,000011,深物业A,8.59,0.94,0.08,52800.0,45572661.64,2.59,8.73,8.51,8.58,8.51,1.48,1.0,119.16,1.51,5119460400.0,4522424914.0,-0.12,0.12,-7.34,-4.66
755,920029,开发科技,86.6,0.93,0.8,7714.0,67034048.7,2.48,87.64,85.51,85.67,85.8,1.21,2.0,17.02,3.22,12027585362.0,3332945362.0,-0.09,0.0,-7.1,-5.54
756,603398,*ST沐邦,9.79,0.93,0.09,76084.0,74025661.0,2.99,9.85,9.56,9.58,9.7,1.18,1.75,-8.95,6.61,4245350520.0,4245350520.0,-0.1,0.0,6.99,18.38
757,600854,春兰股份,5.44,0.93,0.05,130611.0,71289104.0,2.78,5.52,5.37,5.38,5.39,1.24,2.51,17.64,1.15,2825854447.0,2825854447.0,0.0,0.37,3.62,9.02
758,301371,敷尔佳,23.93,0.93,0.22,15844.0,37894510.62,2.45,24.12,23.54,23.7,23.71,1.33,2.04,28.72,2.23,12446088720.0,1861500342.0,0.04,-0.04,-9.08,1.01
759,300564,筑博设计,16.26,0.93,0.15,19302.0,31310698.8,2.98,16.4,15.92,16.12,16.11,0.63,1.71,-129.82,2.17,2622985152.0,1840497855.0,0.25,-0.06,4.16,3.24
760,603272,联翔股份,23.96,0.93,0.22,26705.0,64517176.0,4.63,24.55,23.45,23.48,23.74,1.12,2.58,848.68,4.45,2482902920.0,2482902920.0,-0.37,-0.04,20.4,19.14
761,600939,重庆建工,3.3,0.92,0.03,298283.0,98380609.0,2.14,3.32,3.25,3.27,3.27,1.64,1.57,-7.53,0.84,6278167315.0,6278167315.0,0.0,0.0,-14.29,4.1
762,603766,隆鑫通用,15.28,0.92,0.14,243723.0,373723411.0,3.7,15.55,14.99,15.0,15.14,0.93,1.19,14.92,3.16,31378119468.0,31378119468.0,-0.13,-0.13,0.2,-3.96
763,600350,山东高速,9.86,0.92,0.09,81631.0,80058653.0,1.84,9.88,9.7,9.74,9.77,0.75,0.17,13.65,1.61,47668868335.0,47668868335.0,-0.2,0.1,9.8,1.13
764,603579,荣泰健康,22.17,0.91,0.2,39269.0,87221378.0,4.19,22.62,21.7,21.8,21.97,1.13,1.95,30.17,1.64,4457330910.0,4457330910.0,-0.05,0.0,-5.78,-6.89
765,605098,行动教育,55.72,0.91,0.5,15718.0,87875777.0,4.27,56.99,54.63,54.93,55.22,0.63,1.32,23.2,6.89,6644671292.0,6644671292.0,-0.02,-0.05,36.77,33.43
766,002457,青龙管业,12.24,0.91,0.11,235575.0,291601220.5,4.04,12.57,12.08,12.08,12.13,1.11,7.07,60.03,1.65,4081878432.0,4079856984.0,-0.08,-0.08,11.68,11.99
767,002107,沃华医药,6.66,0.91,0.06,123461.0,82455746.4,3.48,6.75,6.52,6.6,6.6,1.14,2.16,40.16,5.31,3844215936.0,3805484147.0,-0.3,-0.3,4.72,9.36
768,600064,南京高科,8.89,0.91,0.08,214324.0,190978972.0,2.27,8.97,8.77,8.78,8.81,1.35,1.24,4.73,0.78,15382719435.0,15382719435.0,-0.11,-0.22,5.83,2.42
769,300195,长荣股份,8.86,0.91,0.08,173827.0,155185810.0,4.67,9.09,8.68,8.76,8.78,1.1,5.54,423.07,1.4,3754050718.0,2781264582.0,-0.11,0.0,11.45,10.61
770,301277,新天地,12.39,0.9,0.11,20718.0,25755738.6,3.42,12.62,12.2,12.28,12.28,1.06,0.53,39.64,3.19,4857851376.0,4857851376.0,0.16,0.08,2.31,5.09
771,600007,中国国贸,20.07,0.9,0.18,16952.0,34038727.0,1.31,20.15,19.89,19.89,19.89,0.85,0.17,16.12,2.13,20216160457.0,20216160457.0,-0.2,0.0,3.99,1.26
772,920174,五新隧装,42.54,0.9,0.38,9892.0,42106329.49,2.49,43.09,42.04,42.5,42.16,0.98,1.14,46.35,3.54,9227134063.0,3701012288.0,0.09,0.28,-11.83,-12.0
773,001298,好上好,30.74,0.89,0.27,83186.0,256628647.97,3.18,31.25,30.28,30.9,30.47,1.95,5.05,119.73,5.57,9123187377.0,5059338596.0,-0.03,0.1,-1.6,3.89
774,605180,华生科技,15.86,0.89,0.14,16030.0,25470714.0,3.37,16.1,15.57,15.57,15.72,0.76,0.95,82.05,2.34,2680340000.0,2680340000.0,0.7,0.38,7.23,9.0
775,000707,双环科技,6.78,0.89,0.06,250397.0,170681320.44,3.42,6.93,6.7,6.7,6.72,0.9,4.55,-113.33,1.39,3964382569.0,3733770333.0,-0.15,-0.15,9.53,12.07
776,300985,致远新能,26.2,0.89,0.23,120211.0,322938668.4,10.09,28.17,25.55,25.74,25.97,1.74,6.48,79.51,4.84,4886626976.0,4860385947.0,0.0,-0.19,36.39,42.78
777,600962,国投中鲁,20.43,0.89,0.18,46803.0,96270924.0,5.09,21.08,20.05,20.25,20.25,1.93,1.78,140.78,5.68,5356950300.0,5356950300.0,0.15,0.1,3.08,-6.84
778,300833,浩洋股份,36.45,0.89,0.32,9459.0,34505116.5,2.91,36.95,35.9,35.9,36.13,0.28,1.16,25.76,1.91,4610578725.0,2961761882.0,0.14,0.3,-13.03,-10.4
779,301166,优宁维,32.94,0.89,0.29,12126.0,39948609.0,2.6,33.3,32.45,32.56,32.65,1.26,2.13,-141.99,1.41,2854800044.0,1874900924.0,0.0,0.15,7.86,10.98
780,300621,维业股份,9.17,0.88,0.08,32510.0,29846611.0,2.86,9.29,9.03,9.03,9.09,0.72,1.61,-144.16,2.22,1907879939.0,1857191049.0,-0.22,-0.11,1.33,9.04
781,300412,迦南科技,5.75,0.88,0.05,113798.0,65373401.2,3.33,5.84,5.65,5.69,5.7,0.8,2.43,212.57,2.77,2862100663.0,2690204465.0,0.52,0.35,1.59,7.48
782,600448,华纺股份,3.45,0.88,0.03,167590.0,57658243.0,2.92,3.48,3.38,3.4,3.42,0.81,2.66,-20.67,1.93,2172877834.0,2172877834.0,0.29,0.29,3.6,9.52
783,300357,我武生物,25.21,0.88,0.22,91991.0,231701676.6,2.36,25.45,24.86,24.9,24.99,1.2,1.9,28.71,5.01,13199552640.0,12203258608.0,-0.08,0.04,-15.91,-10.76
784,603669,灵康药业,4.58,0.88,0.04,65312.0,29950108.0,2.42,4.63,4.52,4.55,4.54,0.88,0.91,-71.8,4.9,3303307303.0,3303307303.0,-0.22,0.44,-6.91,0.44
785,001339,智微智能,73.24,0.88,0.64,146515.0,1079216069.06,8.09,76.65,70.78,71.15,72.6,0.8,12.27,105.81,8.2,18474558562.0,8744164395.0,0.12,-0.08,41.58,43.3
786,001210,金房能源,22.93,0.88,0.2,35523.0,82038719.26,3.12,23.38,22.67,22.67,22.73,1.04,3.73,30.03,2.77,3595714661.0,2185207033.0,-0.04,0.0,36.65,33.86
787,600873,梅花生物,12.81,0.87,0.11,888893.0,1128738068.0,3.31,12.89,12.47,12.7,12.7,0.89,3.17,8.91,2.23,35922335537.0,35922335537.0,0.08,0.23,27.84,26.46
788,601985,中国核电,9.24,0.87,0.08,3668430.0,3380695922.0,2.4,9.3,9.08,9.17,9.16,1.61,1.94,17.81,1.64,190048339164.0,174481552171.0,0.0,0.11,7.07,7.07
789,002663,普邦股份,2.31,0.87,0.02,397141.0,92390932.98,3.93,2.36,2.27,2.29,2.29,0.92,3.07,-76.48,1.68,3980935964.0,2986580795.0,0.0,0.0,4.52,22.22
790,002082,万邦德,18.51,0.87,0.16,131693.0,243561353.0,3.92,18.89,18.17,18.37,18.35,0.71,2.38,-56.96,4.56,11322364408.0,10240711586.0,0.27,0.38,48.67,32.88
791,002508,老板电器,20.82,0.87,0.18,54868.0,114449027.6,2.52,21.0,20.48,20.57,20.64,1.16,0.59,12.75,1.72,19673628231.0,19436548205.0,-0.05,0.1,6.22,7.6
792,300177,中海达,9.34,0.86,0.08,132654.0,124634354.18,4.21,9.57,9.18,9.23,9.26,1.33,2.19,-113.38,4.6,6950539076.0,5662872364.0,-0.11,0.11,-6.79,-9.58
793,600477,杭萧钢构,3.51,0.86,0.03,1038119.0,366213281.0,4.89,3.62,3.45,3.46,3.48,1.62,4.4,41.73,1.64,8279979210.0,8279979210.0,0.0,0.0,28.57,18.18
794,301098,金埔园林,9.37,0.86,0.08,40668.0,38263690.0,3.34,9.55,9.24,9.24,9.29,0.79,2.72,-13.42,1.44,1723476375.0,1402589013.0,-0.11,0.0,0.43,9.21
795,300919,中伟新材,54.01,0.86,0.46,169804.0,930803996.15,4.97,55.99,53.33,53.55,53.55,1.24,1.86,37.94,2.49,56292130871.0,49283927864.0,-0.07,-0.02,33.13,16.58
796,920132,泰鹏智能,16.37,0.86,0.14,8463.0,13733686.22,3.2,16.55,16.03,16.19,16.23,0.71,3.02,74.13,5.1,1355828880.0,459422429.0,0.8,-0.12,-4.27,0.86
797,300460,ST惠伦,9.38,0.86,0.08,59477.0,55809581.02,3.44,9.55,9.23,9.31,9.3,1.18,2.12,-25.95,4.72,2633943874.0,2633943874.0,0.43,1.63,-17.21,22.29
798,920175,东方碳素,11.83,0.85,0.1,31868.0,37884300.44,4.18,12.09,11.6,11.73,11.73,1.79,4.02,-11.98,2.12,1407770000.0,937833424.0,0.0,0.34,3.77,4.51
799,003000,劲仔食品,10.65,0.85,0.09,27968.0,29697955.67,1.14,10.66,10.54,10.55,10.56,1.08,0.91,20.84,3.61,4802022793.0,3280842142.0,0.09,0.09,-8.03,-6.5
800,300852,四会富仕,49.61,0.85,0.42,58749.0,289443538.61,3.76,50.1,48.25,48.49,49.19,0.8,3.79,45.62,4.07,7963454996.0,7687382589.0,-0.04,0.14,29.56,29.94
801,002222,福晶科技,62.75,0.85,0.53,105179.0,657552871.56,4.24,63.7,61.06,61.39,62.22,0.62,2.25,112.51,16.91,29508187500.0,29376520054.0,-0.03,0.16,3.05,11.38
802,000798,中水渔业,10.73,0.85,0.09,195735.0,211575308.0,4.42,11.03,10.56,10.58,10.64,0.78,5.35,55.13,9.59,3925663980.0,3925422555.0,-0.09,0.09,-9.38,1.42
803,000921,海信家电,22.64,0.85,0.19,108973.0,246553017.59,1.65,22.77,22.4,22.45,22.45,1.45,1.19,8.36,1.85,31353256911.0,20786292562.0,0.0,0.04,-13.26,-8.75
804,688148,芳源股份,8.42,0.84,0.07,219961.0,188356906.0,7.19,8.84,8.24,8.35,8.35,1.76,4.31,-43.93,8.77,4295657106.0,4295657106.0,0.0,0.24,-9.66,-3.99
805,002244,滨江集团,10.84,0.84,0.09,323452.0,355114275.4,5.12,11.27,10.72,10.73,10.75,1.32,1.2,10.56,1.14,33728051768.0,29115149117.0,-0.09,-0.09,11.64,7.86
806,301687,新广益,63.98,0.84,0.53,56299.0,361732972.11,4.59,65.31,62.4,62.4,63.45,1.32,19.06,69.57,9.02,9396358720.0,1889670094.0,0.0,0.0,191.75,-10.29
807,301449,天溯计量,83.15,0.84,0.69,43477.0,360165250.95,6.85,85.18,79.53,81.0,82.46,2.96,31.25,43.74,6.63,5422826145.0,1156887652.0,0.0,0.08,125.95,-1.52
808,000978,桂林旅游,7.23,0.84,0.06,118452.0,86088975.31,3.07,7.35,7.13,7.13,7.17,1.24,2.53,70.97,3.06,3384579900.0,3384498563.0,0.0,0.0,7.43,-0.14
809,600919,江苏银行,10.75,0.84,0.09,988007.0,1060506350.0,1.97,10.82,10.61,10.62,10.66,1.04,0.54,4.84,0.77,197276737977.0,197276737977.0,0.19,0.09,5.7,6.75
810,002266,浙富控股,4.85,0.83,0.04,1241461.0,605034920.09,3.74,4.96,4.78,4.8,4.81,1.05,2.54,25.7,2.16,25313466300.0,23749485083.0,-0.21,-0.21,20.95,16.59
811,920735,德源药业,34.08,0.83,0.28,18218.0,61487105.46,3.43,34.28,33.12,33.78,33.8,0.83,1.76,16.87,3.06,3998128939.0,3536046432.0,0.03,0.24,-0.58,0.26
812,300261,雅本化学,7.32,0.83,0.06,552622.0,411103453.85,4.55,7.59,7.26,7.39,7.26,2.19,5.9,-764.64,3.51,7051425328.0,6852788292.0,0.0,0.27,3.54,8.77
813,688358,祥生医疗,31.7,0.83,0.26,9410.0,29948463.0,2.67,32.19,31.35,31.45,31.44,0.82,0.84,30.48,2.57,3554381932.0,3549626932.0,0.13,-0.09,5.28,6.38
814,600892,*ST大晟,3.63,0.83,0.03,42410.0,15381919.0,2.22,3.66,3.58,3.59,3.6,0.73,0.76,-22.12,268.85,2030855002.0,2030329916.0,0.0,0.0,1.11,-0.82
815,600729,重庆百货,23.39,0.82,0.19,43830.0,102486363.0,1.81,23.55,23.13,23.19,23.2,1.47,2.28,10.09,1.31,10302197471.0,4502173721.0,0.0,0.04,-10.42,-9.48
816,002774,快意电梯,11.0,0.82,0.09,57536.0,63650555.0,3.39,11.2,10.83,10.98,10.91,1.0,2.04,53.35,3.09,3703566900.0,3099491285.0,0.0,0.09,23.32,18.53
817,688638,誉辰智能,40.72,0.82,0.33,6557.0,26799079.0,3.69,41.5,40.01,40.02,40.39,0.64,2.48,-15.38,2.81,2280320000.0,1077492816.0,0.15,0.25,7.07,12.08
818,300834,星辉环材,25.72,0.82,0.21,28742.0,74354946.6,3.45,26.18,25.3,25.59,25.51,1.09,1.49,94.44,1.69,4982281719.0,4949216756.0,-0.08,0.08,13.25,10.96
819,002461,珠江啤酒,9.8,0.82,0.08,103304.0,101358071.4,1.75,9.86,9.69,9.72,9.72,1.05,0.47,24.03,1.96,21690619104.0,21690619104.0,0.0,0.1,1.55,5.49
820,688091,上海谊众,52.93,0.82,0.43,32785.0,173092141.0,4.0,53.8,51.7,52.5,52.5,0.72,1.59,170.6,7.65,10940823665.0,10940823665.0,0.15,0.17,15.09,12.62
821,920471,美邦科技,14.84,0.82,0.12,52973.0,80214191.19,7.47,15.7,14.6,14.65,14.72,1.11,9.99,-45.34,2.41,1234688000.0,786974208.0,0.27,0.41,17.78,16.94
822,603880,南卫股份,7.35,0.82,0.06,113084.0,83768287.0,3.02,7.5,7.28,7.32,7.29,0.61,3.91,-63.92,8.35,2124458700.0,2124458700.0,0.41,0.14,8.73,17.98
823,600039,四川路桥,9.95,0.81,0.08,199107.0,199807833.0,3.65,10.19,9.83,9.83,9.87,0.89,0.23,12.24,1.74,86521126918.0,86521126918.0,-0.3,-0.3,6.3,0.0
824,600248,陕建股份,3.74,0.81,0.03,429596.0,160561315.0,2.16,3.77,3.69,3.71,3.71,1.33,1.16,9.35,0.48,13986609970.0,13859464930.0,0.0,0.27,2.19,5.95
825,601606,长城军工,43.72,0.81,0.35,143763.0,621892033.0,3.41,43.98,42.5,43.25,43.37,0.93,1.99,-1336.6,14.31,31663265648.0,31663265648.0,0.02,0.25,-11.12,-9.14
826,600810,神马股份,8.74,0.81,0.07,322615.0,280847952.0,2.19,8.8,8.61,8.67,8.67,0.91,2.93,-219.63,1.32,9712524613.0,9626645373.0,-0.11,0.11,3.19,-2.78
827,603529,爱玛科技,28.79,0.81,0.23,57838.0,166006720.0,1.79,28.92,28.41,28.46,28.56,1.36,0.68,9.82,2.63,24986638952.0,24401265586.0,0.0,0.0,-2.9,-3.06
828,600502,安徽建工,5.0,0.81,0.04,308893.0,154830543.0,1.81,5.05,4.96,4.98,4.96,1.17,1.8,7.96,0.77,8582669690.0,8582669690.0,0.2,0.0,5.71,8.93
829,603970,中农立华,13.78,0.8,0.11,57633.0,80027231.0,3.22,14.03,13.59,13.67,13.67,1.21,2.14,18.37,2.39,3704065847.0,3704065847.0,0.0,-0.14,6.33,7.15
830,300404,博济医药,10.14,0.8,0.08,73853.0,74841598.7,2.68,10.25,9.98,10.05,10.06,1.03,2.59,133.9,3.83,3912401569.0,2894129323.0,0.0,-0.1,5.41,8.68
831,301263,泰恩康,29.03,0.8,0.23,44684.0,129940847.4,3.47,29.56,28.56,28.71,28.8,1.63,1.47,294.99,7.12,12352192425.0,8813103177.0,-0.1,0.0,5.37,0.14
832,300649,杭州园林,15.09,0.8,0.12,26405.0,40132395.0,3.61,15.44,14.9,15.05,14.97,0.85,2.49,212.9,4.0,1998166630.0,1601302723.0,0.0,0.0,1.28,5.08
833,600558,大西洋,6.3,0.8,0.05,229520.0,145182237.0,3.84,6.43,6.19,6.21,6.25,1.17,2.56,29.86,2.38,5654910435.0,5654910435.0,0.0,0.0,11.5,3.28
834,600050,中国联通,5.07,0.8,0.04,3167282.0,1606669299.0,2.39,5.12,5.0,5.01,5.03,1.72,1.03,13.55,0.92,158510636408.0,155987808464.0,0.0,0.2,-3.98,-0.78
835,300741,华宝股份,17.69,0.8,0.14,23922.0,42423484.44,2.51,17.91,17.47,17.55,17.55,1.19,0.39,106.08,1.59,10894917200.0,10894858823.0,0.0,0.23,-2.32,-4.79
836,600897,厦门空港,16.48,0.8,0.13,40093.0,66039460.0,2.14,16.61,16.26,16.35,16.35,1.38,0.96,13.41,1.46,6871072320.0,6871072320.0,0.0,0.06,-20.81,-4.19
837,301097,天益医疗,60.2,0.79,0.47,7623.0,45963588.0,3.58,61.14,59.0,59.78,59.73,0.75,2.63,132.45,3.0,3548631554.0,1742270354.0,-0.22,-0.12,9.24,16.62
838,600976,健民集团,31.79,0.79,0.25,10022.0,31930110.0,1.68,32.03,31.5,31.65,31.54,0.99,0.65,12.8,1.89,4876541494.0,4873362494.0,-0.13,-0.03,-11.94,-5.3
839,688443,智翔金泰-U,26.7,0.79,0.21,39864.0,105131158.0,1.89,26.7,26.2,26.2,26.49,1.33,3.42,-18.26,6.17,9790356000.0,3115356000.0,1.6,1.6,-3.61,-1.98
840,600000,浦发银行,10.26,0.79,0.08,996767.0,1024835924.0,2.75,10.41,10.13,10.16,10.18,1.12,0.3,6.83,0.46,341717900958.0,341717900958.0,0.0,0.0,-9.36,-17.52
841,002217,合力泰,2.58,0.78,0.02,1885615.0,488493440.0,3.91,2.63,2.53,2.54,2.56,0.62,2.59,812.6,10.31,19296849234.0,18780651769.0,0.0,0.39,-31.75,-15.41
842,300755,华致酒行,14.26,0.78,0.11,68019.0,97520027.74,3.89,14.58,14.03,14.1,14.15,1.99,1.63,-22.43,2.03,5943545184.0,5938518249.0,-0.07,0.21,-20.65,-19.07
843,000526,学大教育,35.05,0.78,0.27,12510.0,43926630.0,2.67,35.5,34.57,34.72,34.78,1.2,1.05,13.86,4.28,4271231870.0,4187054038.0,0.0,0.34,-7.5,-10.63
844,605567,春雪食品,11.69,0.78,0.09,37309.0,43709949.0,2.67,11.82,11.51,11.51,11.6,0.97,1.87,51.77,2.14,2338000000.0,2338000000.0,0.09,-0.09,3.18,6.27
845,002468,申通快递,14.13,0.78,0.11,332208.0,476103319.93,4.42,14.55,13.93,13.99,14.02,1.17,2.26,21.47,2.1,21630234606.0,20731535520.0,0.0,0.0,1.8,5.29
846,920873,中设咨询,7.71,0.78,0.06,10621.0,8156754.31,2.35,7.79,7.61,7.62,7.65,0.63,0.89,-18.88,4.59,1182613785.0,923707305.0,0.78,0.78,6.64,-0.39
847,920299,灿能电力,28.33,0.78,0.22,35863.0,101281033.3,3.63,28.75,27.73,28.14,28.11,0.54,8.08,101.57,8.8,2552795789.0,1257825681.0,0.04,0.25,36.86,40.88
848,603829,洛凯股份,28.6,0.78,0.22,138269.0,394489741.0,5.36,29.1,27.58,28.38,28.38,1.51,7.42,55.94,4.17,5327212147.0,5327212147.0,0.0,0.03,-11.86,28.65
849,603365,水星家纺,20.86,0.77,0.16,12674.0,26504698.0,2.71,21.09,20.53,20.77,20.7,0.71,0.49,17.68,1.82,5475672818.0,5419475978.0,-0.24,-0.24,2.15,0.1
850,002052,同洲电子,11.83,0.77,0.09,131806.0,156555896.94,4.68,12.08,11.53,11.67,11.74,0.9,1.91,28.79,26.74,8901361580.0,8155450044.0,0.0,0.0,-7.36,-7.22
851,605336,帅丰电器,14.31,0.77,0.11,30013.0,42772758.0,3.66,14.49,13.97,14.01,14.2,0.96,1.64,668.29,1.4,2624632160.0,2624632160.0,-0.21,-0.21,-4.6,-9.09
852,002687,乔治白,5.26,0.77,0.04,73322.0,38669863.72,2.87,5.33,5.18,5.2,5.22,0.87,1.77,83.46,1.78,2655140123.0,2174745075.0,0.19,0.19,6.26,9.13
853,002460,赣锋锂业,70.03,0.76,0.53,537037.0,3820714519.0,4.29,72.68,69.7,70.19,69.5,1.42,4.43,4315.19,3.46,146831509112.0,84832924803.0,0.01,-0.03,12.05,11.35
854,688273,麦澜德,49.17,0.76,0.37,48928.0,237674871.0,7.77,50.64,46.85,48.01,48.8,1.65,4.89,48.18,3.65,4917000000.0,4917000000.0,0.0,0.35,39.37,15.64
855,600594,益佰制药,3.99,0.76,0.03,111503.0,44602488.0,2.27,4.03,3.94,3.95,3.96,1.14,1.41,-27.38,1.31,3159790326.0,3159790326.0,0.0,0.25,-1.97,0.25
856,000875,电投绿能,8.01,0.75,0.06,1586266.0,1274988238.75,6.29,8.25,7.75,7.96,7.95,1.07,4.75,27.84,1.66,29054437714.0,26772662985.0,0.13,0.25,44.58,42.02
857,603589,口子窖,27.01,0.75,0.2,34100.0,91921617.0,1.53,27.13,26.72,26.78,26.81,1.13,0.57,16.33,1.54,16155206939.0,16155206939.0,0.0,-0.26,-9.94,-10.12
858,300793,佳禾智能,16.05,0.75,0.12,81548.0,130985414.8,3.26,16.27,15.75,15.84,15.93,1.27,2.19,158.92,2.04,6107753124.0,5971994199.0,-0.06,0.25,-5.98,-1.59
859,603113,金能科技,8.2,0.74,0.06,780863.0,657642600.0,6.39,8.7,8.18,8.4,8.14,1.98,9.2,-66.7,0.86,6957623051.0,6957623051.0,0.12,-0.36,23.12,34.21
860,601328,交通银行,6.85,0.74,0.05,1795746.0,1229383713.0,1.91,6.9,6.77,6.8,6.8,1.29,0.69,6.49,0.53,605291921928.0,178596211048.0,-0.15,0.0,-6.04,-5.52
861,000888,峨眉山Ａ,13.7,0.74,0.1,147099.0,202465453.0,2.65,13.9,13.54,13.55,13.6,1.41,2.79,23.12,2.65,7218709497.0,7218709497.0,0.0,0.0,8.13,4.42
862,000822,山东海化,6.78,0.74,0.05,822294.0,570477418.06,5.5,7.12,6.75,6.85,6.73,1.21,9.19,-11.49,1.27,6068723258.0,6068723258.0,-0.15,-0.15,26.49,29.14
863,603027,千禾味业,9.53,0.74,0.07,151690.0,145641260.0,3.07,9.72,9.43,9.46,9.46,1.4,1.21,36.69,2.87,12704685176.0,11908834448.0,0.11,0.11,3.93,-3.05
864,688221,前沿生物-U,19.0,0.74,0.14,75921.0,145315543.0,4.4,19.5,18.67,18.83,18.86,0.58,2.03,-27.19,8.05,7116994407.0,7116994407.0,0.16,0.16,2.93,5.26
865,002856,美芝股份,13.65,0.74,0.1,29444.0,40284651.0,3.17,13.86,13.43,13.58,13.55,0.53,2.38,-31.3,22.23,1847019829.0,1691295647.0,0.07,0.22,4.76,15.58
866,603177,德创环保,12.25,0.74,0.09,52973.0,65111775.0,4.03,12.5,12.01,12.1,12.16,0.77,2.59,143.12,6.64,2501352000.0,2501352000.0,0.08,-0.08,0.66,10.06
867,920857,泓禧科技,26.0,0.74,0.19,4971.0,13065630.45,4.07,26.7,25.65,25.99,25.81,1.0,0.67,-91.05,5.36,1924185952.0,1924185952.0,-0.04,-0.08,-14.19,-26.53
868,600713,南京医药,5.43,0.74,0.04,98023.0,53229714.0,1.86,5.47,5.37,5.39,5.39,1.15,0.76,13.26,1.02,7107501927.0,7003843358.0,0.18,0.0,5.85,-0.55
869,000656,*ST金科,1.38,0.73,0.01,932413.0,128873460.46,2.92,1.4,1.36,1.37,1.37,1.54,1.23,-1.02,-0.4,14675032652.0,10502006663.0,-0.72,0.0,-6.12,-4.17
870,603628,清源股份,15.08,0.73,0.11,210527.0,317886918.0,2.94,15.3,14.86,14.9,14.97,1.87,7.74,31.12,3.07,4118403132.0,4104338016.0,0.0,0.0,-2.14,11.7
871,001259,利仁科技,34.53,0.73,0.25,14561.0,50734839.73,4.32,35.47,33.99,34.6,34.28,1.09,3.06,457.68,3.56,2541024303.0,1641711550.0,-0.55,-0.58,15.72,15.06
872,603919,金徽酒,19.42,0.73,0.14,79584.0,154949033.0,2.9,19.67,19.11,19.19,19.28,1.15,1.57,22.82,2.9,9850989142.0,9850989142.0,-0.05,-0.05,-1.57,-3.96
873,300382,斯莱克,12.42,0.73,0.09,100844.0,125870734.82,4.14,12.72,12.21,12.25,12.33,0.98,1.56,412.77,3.5,8053127925.0,8052360717.0,-0.08,-0.08,-21.34,-20.18
874,601528,瑞丰银行,5.6,0.72,0.04,253696.0,141894665.0,2.88,5.67,5.51,5.55,5.56,1.33,1.46,5.4,0.57,10988103812.0,9712956613.0,0.36,0.0,3.32,-1.75
875,600488,津药药业,4.22,0.72,0.03,99133.0,41814300.0,2.15,4.25,4.16,4.2,4.19,1.3,0.91,49.7,1.52,4607761790.0,4607761790.0,0.0,0.24,-0.94,3.18
876,002120,韵达股份,7.0,0.72,0.05,394355.0,277724220.38,2.59,7.1,6.92,6.94,6.95,1.43,1.4,20.85,1.0,20294407497.0,19705907606.0,0.0,0.14,2.79,3.86
877,920033,康普化学,16.82,0.72,0.12,8826.0,14963777.71,3.05,17.22,16.71,16.71,16.7,1.19,1.07,89.49,2.67,2003854905.0,1392039314.0,0.18,0.3,1.75,-5.93
878,002327,富安娜,7.03,0.72,0.05,52961.0,37263126.0,1.58,7.08,6.97,6.99,6.98,1.2,1.08,27.67,1.7,5892866139.0,3451362106.0,0.29,0.14,-0.71,4.77
879,603158,腾龙股份,12.8,0.71,0.09,560959.0,725688179.0,6.61,13.34,12.5,12.52,12.71,1.04,11.43,32.99,2.7,6281857894.0,6281857894.0,0.23,0.0,29.16,20.75
880,600223,福瑞达,7.08,0.71,0.05,60376.0,42711840.0,1.56,7.11,7.0,7.0,7.03,1.12,0.59,38.08,1.72,7197306927.0,7197306927.0,0.28,0.28,-4.58,-3.8
881,300370,安控科技,2.85,0.71,0.02,414104.0,119318022.0,3.89,2.92,2.81,2.82,2.83,0.84,2.65,-51.54,8.77,4461322241.0,4450189739.0,0.35,0.0,5.56,9.2
882,600470,六国化工,8.53,0.71,0.06,1187016.0,1037262298.0,8.97,9.09,8.33,8.48,8.47,0.89,22.76,-16.1,2.73,4449248000.0,4449248000.0,0.0,-0.58,40.53,42.64
883,301118,恒光股份,28.2,0.71,0.2,69402.0,198623274.27,5.36,29.37,27.87,27.94,28.0,1.4,6.61,-1408.25,2.32,3107538480.0,2962479457.0,0.14,0.07,16.77,13.89
884,002723,小崧股份,9.95,0.71,0.07,155529.0,155754816.6,4.86,10.18,9.7,9.87,9.88,0.94,4.9,-34.88,3.51,3306881266.0,3155281146.0,0.1,0.3,5.74,17.47
885,002722,物产金轮,15.51,0.71,0.11,32752.0,51093888.95,3.12,15.79,15.31,15.4,15.4,1.07,1.47,26.49,1.21,3448989875.0,3448757225.0,0.26,0.06,0.91,3.33
886,002419,天虹股份,5.64,0.71,0.04,331033.0,188329649.78,3.04,5.78,5.61,5.63,5.6,2.1,2.83,79.25,1.62,6592301310.0,6591470679.0,0.0,-0.18,3.3,1.99
887,301082,久盛电气,19.99,0.71,0.14,98488.0,195667984.04,3.83,20.23,19.47,19.67,19.85,0.83,4.71,104.12,4.37,4523920388.0,4182537905.0,0.15,1.01,14.23,11.68
888,603201,常润股份,18.51,0.71,0.13,24774.0,45964838.0,2.18,18.69,18.29,18.39,18.38,1.24,1.32,16.08,2.02,3516524654.0,3486446274.0,0.05,0.27,9.4,9.66
889,002192,融捷股份,57.1,0.71,0.4,153480.0,897341812.97,6.03,60.22,56.8,57.36,56.7,1.38,5.92,77.23,4.29,14826312091.0,14795765019.0,-0.24,0.18,16.65,10.34
890,605016,百龙创园,24.29,0.7,0.17,30943.0,75697969.0,2.9,24.7,24.0,24.12,24.12,0.78,0.74,27.89,5.21,10202099253.0,10202099253.0,0.0,0.04,21.33,12.45
891,300731,科创新源,71.7,0.7,0.5,145712.0,1066312336.7,6.78,75.6,70.77,71.2,71.2,1.26,12.12,251.9,14.64,9079500347.0,8616847851.0,0.13,0.46,46.36,27.53
892,603032,德新科技,18.64,0.7,0.13,57784.0,108472383.0,3.19,18.95,18.36,18.48,18.51,0.59,2.49,87.83,3.83,4347358736.0,4318199066.0,0.0,0.11,0.49,-2.71
893,000663,永安林业,7.16,0.7,0.05,77094.0,55354917.9,2.39,7.23,7.06,7.09,7.11,0.57,2.52,-91.43,2.41,2410656932.0,2193116563.0,-0.28,-0.28,-19.82,-2.98
894,688707,振华新材,14.55,0.69,0.1,93097.0,137354910.0,4.22,15.06,14.45,14.45,14.45,1.41,1.83,-17.12,1.86,7402169983.0,7402169983.0,-0.14,-0.14,4.45,5.05
895,600444,国机通用,18.87,0.69,0.13,29182.0,55226854.0,2.83,19.18,18.65,18.83,18.74,1.11,1.99,47.22,3.67,2762981857.0,2762981857.0,0.0,0.0,-1.87,2.95
896,300723,一品红,32.25,0.69,0.22,72253.0,234634106.78,4.5,33.11,31.67,32.0,32.03,1.19,1.73,-80.28,8.32,14567091704.0,13469766878.0,0.0,-0.22,-32.33,-3.87
897,300264,佳创视讯,10.21,0.69,0.07,262269.0,271180522.2,5.62,10.57,10.0,10.2,10.14,0.92,7.08,-186.23,452.08,4399055259.0,3782079610.0,0.0,-0.1,51.93,52.16
898,002607,中公教育,2.92,0.69,0.02,2301986.0,671976592.11,4.83,2.99,2.85,2.88,2.9,1.42,4.53,146.86,22.06,18008806216.0,14845272344.0,0.34,0.0,21.16,6.57
899,300238,冠昊生物,16.1,0.69,0.11,99338.0,159606422.0,3.5,16.31,15.75,15.91,15.99,1.35,3.75,119.83,7.46,4269006786.0,4268658720.0,0.06,0.19,11.5,16.25
900,688726,拉普拉斯,65.55,0.69,0.45,138542.0,910027872.0,7.65,68.0,63.02,64.95,65.1,0.78,6.3,43.41,6.54,26569131689.0,14416049271.0,-0.06,0.34,65.28,82.08
901,003001,中岩大地,18.99,0.69,0.13,20912.0,40099637.4,2.92,19.39,18.84,19.0,18.86,1.37,1.98,109.11,2.8,3310877521.0,2006926456.0,0.05,0.11,-13.13,-5.66
902,002439,启明星辰,14.79,0.68,0.1,369613.0,538957863.9,3.74,14.84,14.29,14.6,14.69,1.48,5.1,-62.28,1.6,17916609032.0,10727822023.0,0.14,0.0,2.64,4.75
903,002883,中设股份,10.3,0.68,0.07,34193.0,35318875.0,2.93,10.46,10.16,10.28,10.23,0.93,2.23,-45.78,2.48,1608418810.0,1579248005.0,0.19,0.0,-10.59,-5.85
904,002641,公元股份,4.44,0.68,0.03,187103.0,83431120.0,2.49,4.5,4.39,4.39,4.41,1.41,1.65,90.41,1.0,5457176787.0,5034936259.0,-0.22,0.0,-0.45,2.78
905,301219,腾远钴业,69.17,0.68,0.47,76949.0,539765114.66,5.82,72.0,68.0,68.0,68.7,1.3,2.66,20.35,2.18,20385587479.0,19987182390.0,0.01,0.22,8.01,1.3
906,920099,瑞华技术,34.08,0.68,0.23,13103.0,44856238.82,4.14,35.0,33.6,33.6,33.85,0.56,2.68,24.86,2.89,2671871932.0,1664804081.0,0.06,0.24,8.64,3.62
907,601187,厦门银行,7.4,0.68,0.05,163658.0,121002112.0,2.45,7.48,7.3,7.33,7.35,1.06,0.62,7.41,0.74,19529546371.0,19487012681.0,-0.13,0.0,-1.99,0.82
908,000953,河化股份,7.36,0.68,0.05,111652.0,82664294.0,2.87,7.48,7.27,7.32,7.31,1.25,3.05,254.75,17.48,2694659355.0,2694659355.0,-0.14,0.0,-8.68,1.94
909,300519,新光药业,16.21,0.68,0.11,23466.0,38254257.0,3.04,16.49,16.0,16.03,16.1,1.07,2.06,42.91,3.13,2593600000.0,1849561000.0,-0.06,-0.06,-4.2,8.79
910,920419,路斯股份,14.78,0.68,0.1,6189.0,9171190.37,2.18,14.97,14.65,14.72,14.68,0.53,0.64,24.67,2.47,1526868592.0,1428018459.0,0.34,0.2,-5.01,-7.57
911,920015,锦华新材,45.81,0.68,0.31,15511.0,71698299.49,5.14,47.19,44.85,45.31,45.5,1.14,4.11,31.89,3.7,6210309015.0,1729112789.0,0.0,-0.02,-5.27,-3.96
912,600648,外高桥,10.41,0.68,0.07,50144.0,52294268.0,2.13,10.52,10.3,10.32,10.34,2.08,0.44,15.07,0.89,14156686189.0,11844192893.0,0.1,0.0,0.19,3.17
913,600287,苏豪时尚,5.95,0.68,0.04,58075.0,34642447.0,2.71,6.03,5.87,5.92,5.91,1.17,1.33,58.83,1.13,2598936640.0,2598936640.0,0.17,0.17,-1.98,8.97
914,600127,金健米业,7.35,0.68,0.05,534058.0,394204694.0,3.01,7.5,7.28,7.31,7.3,0.9,8.32,281.8,6.94,4717106652.0,4717106652.0,0.27,0.14,2.8,9.38
915,600097,开创国际,11.8,0.68,0.08,48954.0,57986531.0,2.73,11.99,11.67,11.69,11.72,1.07,2.03,35.23,1.23,2843051396.0,2843051396.0,0.0,0.08,-4.14,3.87
916,605177,东亚药业,22.6,0.67,0.15,20657.0,47235158.0,4.32,23.28,22.31,22.41,22.45,0.98,1.83,-26.86,1.53,2592810289.0,2544398762.0,-0.04,-0.18,16.49,26.97
917,688013,天臣医疗,40.7,0.67,0.27,6453.0,26192394.0,2.79,41.15,40.02,40.12,40.43,0.61,0.8,39.28,5.85,3303032920.0,3303032920.0,0.32,0.0,-23.63,-15.35
918,600689,上海三毛,13.47,0.67,0.09,41731.0,56840948.0,4.26,13.83,13.26,13.32,13.38,1.07,2.74,133.15,5.72,2707353390.0,2050189806.0,-0.07,0.07,-8.18,0.22
919,000952,广济药业,7.54,0.67,0.05,51599.0,38863032.02,2.14,7.59,7.43,7.48,7.49,0.76,1.5,-20.15,2.71,2614497556.0,2593715024.0,0.13,0.13,-4.44,7.25
920,601598,中国外运,6.02,0.67,0.04,196738.0,118346705.0,1.67,6.05,5.95,5.99,5.98,0.89,0.38,12.09,1.1,43185982387.0,31047970767.0,-0.33,0.0,-6.08,-0.66
921,002200,*ST交投,7.54,0.67,0.05,15843.0,11925133.76,1.47,7.57,7.46,7.49,7.49,0.73,0.81,-36.95,-12.88,3401486881.0,1475773814.0,0.13,0.13,6.35,0.4
922,920685,新芝生物,13.76,0.66,0.09,13383.0,18451305.56,2.63,13.91,13.55,13.66,13.67,1.78,2.44,35.79,2.26,1259259348.0,755477664.0,0.07,0.15,1.25,0.88
923,002247,聚力文化,3.04,0.66,0.02,216135.0,66172341.0,3.64,3.1,2.99,3.01,3.02,0.98,3.36,46.01,3.89,2586644949.0,1956363643.0,0.0,0.33,2.36,8.19
924,300374,中铁装配,15.34,0.66,0.1,62569.0,96855567.8,4.2,15.75,15.11,15.25,15.24,1.27,3.21,-54.28,4.63,3772295250.0,2990296764.0,0.0,-0.07,-5.66,-2.11
925,600036,招商银行,39.76,0.66,0.26,765277.0,3041555947.0,1.77,40.05,39.35,39.46,39.5,1.25,0.37,6.68,0.92,1002741061096.0,820206830497.0,0.05,0.03,-5.4,-3.24
926,920833,美心翼申,18.4,0.66,0.12,12465.0,22914735.96,3.17,18.7,18.12,18.4,18.28,0.53,2.0,52.54,2.47,1515424000.0,1149250200.0,0.05,-0.43,14.5,12.61
927,002051,中工国际,9.2,0.66,0.06,267451.0,247454595.97,3.39,9.39,9.08,9.1,9.14,1.03,2.16,37.04,0.98,11384162220.0,11383506996.0,0.0,0.0,3.25,1.43
928,000858,五 粮 液,102.95,0.66,0.68,153187.0,1577733442.95,1.77,103.66,101.85,102.06,102.27,1.22,0.39,13.93,2.8,399611544115.0,399594712510.0,0.01,-0.01,-4.94,-2.82
929,603817,海峡环保,7.7,0.65,0.05,189936.0,145972965.0,2.48,7.75,7.56,7.65,7.65,0.86,3.33,17.1,1.38,4389647100.0,4389647100.0,0.13,0.39,-8.44,8.6
930,301058,中粮科工,10.8,0.65,0.07,106626.0,115746020.98,2.14,10.97,10.74,10.75,10.73,0.78,2.08,35.14,2.53,5532561846.0,5532561846.0,0.0,0.09,-2.35,-1.46
931,600246,万通发展,10.83,0.65,0.07,453513.0,493798018.0,4.83,11.1,10.58,10.75,10.76,0.94,2.4,-797.06,3.9,21042554365.0,20473167115.0,0.28,0.28,-19.24,-11.95
932,600876,凯盛新能,10.9,0.65,0.07,81427.0,89260868.0,2.95,11.12,10.8,10.83,10.83,1.53,2.06,-8.85,2.06,7037857097.0,4312857097.0,0.0,-0.18,9.77,10.55
933,605589,圣泉集团,33.92,0.65,0.22,246458.0,837238632.0,3.92,34.54,33.22,33.4,33.7,1.14,2.92,28.35,2.8,28709497852.0,28614911932.0,0.03,0.06,25.72,19.86
934,300020,ST银江,4.69,0.64,0.03,88121.0,41261145.0,2.79,4.74,4.61,4.66,4.66,0.58,1.15,-5.14,1.39,3727039698.0,3595539649.0,0.0,0.21,27.45,34.0
935,002719,麦趣尔,9.42,0.64,0.06,65894.0,62311568.0,4.7,9.64,9.2,9.35,9.36,1.1,4.07,-37.18,8.54,1640393685.0,1524731515.0,-0.11,0.11,-2.18,10.3
936,920166,海圣医疗,29.85,0.64,0.19,11044.0,32943682.43,2.16,30.16,29.52,29.76,29.66,0.69,4.65,26.19,3.84,2247529422.0,709376504.0,0.13,0.47,136.16,136.16
937,301135,瑞德智能,29.91,0.64,0.19,17315.0,52152091.0,3.9,30.68,29.52,29.69,29.72,0.79,2.26,97.86,2.44,3049384320.0,2286941033.0,0.0,0.1,9.6,6.44
938,002483,润邦股份,7.9,0.64,0.05,141972.0,112846395.19,3.69,8.04,7.75,7.82,7.85,0.92,1.6,23.44,1.6,7003100463.0,6993481312.0,0.25,0.0,11.9,10.64
939,603801,志邦家居,9.49,0.64,0.06,35796.0,34049002.0,1.8,9.57,9.4,9.46,9.43,0.84,0.82,17.85,1.24,4121994758.0,4121994758.0,0.11,0.21,3.26,3.72
940,688577,浙海德曼,68.68,0.64,0.44,14859.0,101886459.0,5.16,70.22,66.7,67.1,68.24,0.95,1.34,161.16,7.53,7642691788.0,7642691788.0,-0.12,-0.04,-41.83,-29.09
941,002631,德尔未来,7.95,0.63,0.05,519970.0,411458135.87,6.46,8.12,7.61,7.71,7.9,1.17,6.55,-67.05,2.9,6338398904.0,6308900198.0,0.25,0.51,37.54,32.94
942,920523,德瑞锂电,25.72,0.63,0.16,16633.0,42960941.25,3.4,26.18,25.31,25.55,25.56,1.24,2.07,17.57,3.65,2605471211.0,2068767830.0,1.14,0.63,-1.87,-1.08
943,000521,长虹美菱,6.39,0.63,0.04,124243.0,79389546.35,1.89,6.43,6.31,6.34,6.35,1.07,1.42,10.11,1.06,6581212539.0,5594954206.0,0.0,0.0,-3.18,-2.44
944,002732,燕塘乳业,17.54,0.63,0.11,20274.0,35616166.5,2.18,17.72,17.34,17.51,17.43,0.97,1.3,38.83,1.83,2759919000.0,2744989145.0,-0.23,-0.06,-0.9,3.06
945,601026,道生天合,22.4,0.63,0.14,199325.0,444533777.0,5.62,22.99,21.74,22.0,22.26,1.78,18.6,72.17,6.02,14770560000.0,2400915238.0,0.0,0.0,11.55,11.94
946,920519,万德股份,12.83,0.63,0.08,12453.0,15996851.13,2.04,12.97,12.71,12.71,12.75,0.49,1.98,53.01,2.19,1145181474.0,808217562.0,0.79,0.71,6.38,6.65
947,301656,联合动力,25.43,0.63,0.16,65281.0,166439469.88,2.57,25.7,25.05,25.2,25.27,1.77,3.91,57.91,6.61,61153832841.0,4243801377.0,0.04,0.08,-3.09,-3.82
948,605338,巴比食品,25.45,0.63,0.16,29507.0,75475834.0,3.28,25.89,25.06,25.24,25.29,1.29,1.23,22.33,2.61,6096971548.0,6096971548.0,-0.31,-0.27,-4.86,-18.74
949,603639,海利尔,14.45,0.63,0.09,43016.0,62704458.0,2.58,14.77,14.4,14.47,14.36,1.19,1.27,18.22,1.42,5052417010.0,4911241955.0,-0.48,0.0,13.69,13.78
950,601005,重庆钢铁,1.59,0.63,0.01,3597659.0,577025248.0,4.43,1.64,1.57,1.58,1.58,1.89,4.33,-48.35,0.86,14074304390.0,13218682142.0,0.0,0.63,8.9,8.9
951,600649,城投控股,4.88,0.62,0.03,514053.0,253472840.0,3.71,5.01,4.83,4.84,4.85,1.17,2.05,42.08,0.57,12221963748.0,12221963748.0,0.0,0.0,13.23,9.66
952,000536,华映科技,4.89,0.62,0.03,958143.0,464879108.56,3.09,4.92,4.77,4.77,4.86,1.12,3.47,-14.06,23.65,13525900407.0,13511473503.0,0.0,0.0,-18.5,0.2
953,002949,华阳国际,14.51,0.62,0.09,40053.0,58573809.0,4.09,14.94,14.35,14.43,14.42,1.19,2.64,30.22,1.97,2844596467.0,2203812013.0,0.07,0.14,4.39,-6.69
954,600195,中牧股份,8.08,0.62,0.05,201037.0,162804113.0,2.86,8.18,7.95,8.01,8.03,1.26,1.97,27.46,1.44,8250877941.0,8250877941.0,0.0,0.0,-1.46,2.67
955,000565,渝三峡Ａ,8.22,0.61,0.05,137292.0,114164951.33,3.67,8.44,8.14,8.15,8.17,0.91,3.17,162.09,2.86,3564128048.0,3564128048.0,0.12,0.0,8.02,12.6
956,601618,中国中冶,3.31,0.61,0.02,4578096.0,1523932218.0,3.04,3.37,3.27,3.29,3.29,1.6,2.56,12.96,0.66,68595179453.0,59092169453.0,0.0,0.0,8.52,11.45
957,002727,一心堂,13.2,0.61,0.08,66429.0,87780424.4,1.45,13.26,13.07,13.08,13.12,1.26,1.67,21.58,1.06,7729974450.0,5244524116.0,-0.15,0.0,2.17,2.64
958,600981,苏豪汇鸿,3.32,0.61,0.02,369422.0,123614351.0,3.33,3.39,3.28,3.3,3.3,1.37,1.65,107.62,1.47,7444878197.0,7444878197.0,0.0,-0.3,-10.75,5.73
959,600801,华新建材,22.96,0.61,0.14,79865.0,185550780.0,3.16,23.55,22.83,22.83,22.82,0.9,0.6,17.87,1.51,47733740101.0,30805378021.0,-0.17,-0.04,1.82,-6.44
960,600655,豫园股份,4.98,0.61,0.03,144444.0,71982996.0,1.41,5.01,4.94,4.95,4.95,1.16,0.37,-29.81,0.56,19384442200.0,19371434440.0,0.0,0.0,-5.14,-2.92
961,300586,美联新材,10.09,0.6,0.06,87436.0,88453224.14,2.79,10.25,9.97,9.97,10.03,0.82,1.64,-144.67,3.83,7176175948.0,5394078362.0,0.1,0.2,-1.18,-7.35
962,300779,惠城环保,102.63,0.6,0.61,101961.0,1062394441.93,4.85,106.8,101.85,102.03,102.02,1.35,6.33,561.49,15.32,20621784784.0,16527590620.0,0.01,0.05,-22.14,-21.12
963,300439,美康生物,10.2,0.59,0.06,33368.0,34115864.0,2.07,10.3,10.09,10.13,10.14,1.06,1.14,48.57,1.33,3920051913.0,2981786920.0,0.1,0.0,-0.1,3.55
964,603877,太平鸟,15.45,0.59,0.09,16404.0,25300034.0,2.02,15.54,15.23,15.37,15.36,1.05,0.35,193.16,1.7,7278120106.0,7251049002.0,0.06,0.32,-6.31,6.33
965,003012,东鹏控股,6.82,0.59,0.04,85889.0,58877008.0,2.51,6.92,6.75,6.76,6.78,1.02,0.75,16.96,1.04,7890611498.0,7805559946.0,0.15,-0.29,0.15,4.12
966,300289,利德曼,6.85,0.59,0.04,56979.0,39060771.67,1.91,6.91,6.78,6.82,6.81,1.11,1.05,-391.72,2.25,3726478686.0,3720621936.0,0.15,-0.15,-4.99,-1.72
967,300083,创世纪,8.53,0.59,0.05,433111.0,370535880.64,3.66,8.68,8.37,8.43,8.48,0.9,2.9,30.61,2.62,14201277884.0,12735590375.0,0.0,0.12,-7.28,-7.38
968,002594,比亚迪,99.67,0.58,0.57,519765.0,5199004697.47,2.51,100.79,98.3,99.0,99.1,0.74,1.49,29.21,4.13,908711081304.0,347573392498.0,0.0,-0.02,3.79,2.0
969,300899,*ST凯鑫,41.74,0.58,0.24,9733.0,40988404.0,4.34,42.8,41.0,41.66,41.5,0.87,2.38,64.52,4.0,2662321871.0,1708671395.0,0.0,0.14,27.06,28.43
970,002307,北新路桥,5.2,0.58,0.03,477763.0,250019549.43,3.09,5.32,5.16,5.17,5.17,1.34,3.77,-65.48,2.23,8573651091.0,6595116226.0,0.19,0.19,-3.35,2.97
971,002556,辉隆股份,6.95,0.58,0.04,328347.0,230401533.68,3.04,7.11,6.9,6.91,6.91,0.9,3.47,29.96,1.82,6578300656.0,6572067034.0,0.29,0.43,19.42,15.07
972,600846,同济科技,13.78,0.58,0.08,40229.0,55313301.0,1.82,13.84,13.59,13.68,13.7,0.9,0.64,39.22,2.09,8609213690.0,8609213690.0,0.07,0.07,-22.84,4.79
973,301326,捷邦科技,140.66,0.57,0.8,19459.0,275442834.67,4.58,144.5,138.09,139.78,139.86,0.65,7.13,-609.92,7.98,10227350340.0,3840969987.0,0.0,-0.21,33.61,28.86
974,002821,凯莱英,99.31,0.57,0.56,32948.0,323712293.93,3.7,99.95,96.3,98.39,98.75,1.04,1.04,33.59,2.06,35838493271.0,31481263346.0,-0.05,-0.09,7.06,6.87
975,603599,广信股份,15.77,0.57,0.09,274216.0,439222592.0,3.57,16.3,15.74,15.98,15.68,1.04,3.01,20.69,1.44,14354947571.0,14354947571.0,0.06,-0.06,39.68,37.37
976,601886,江河集团,8.87,0.57,0.05,39556.0,35191496.0,1.7,8.95,8.8,8.81,8.82,0.64,0.35,16.47,1.4,10049728272.0,10049728272.0,0.0,0.11,15.49,8.7
977,601608,中信重工,7.1,0.57,0.04,498412.0,355998277.0,4.82,7.27,6.93,7.07,7.06,1.0,1.09,86.6,3.48,32514829403.0,32514829403.0,0.0,0.14,5.03,7.74
978,301137,哈焊华通,58.25,0.57,0.33,133401.0,786223227.82,9.03,60.94,55.71,56.76,57.92,0.91,7.34,304.42,7.72,10590630550.0,10590630550.0,0.05,-0.17,34.31,23.91
979,300672,国科微,160.79,0.57,0.91,168633.0,2669569543.27,7.69,163.62,151.33,155.0,159.88,1.53,8.02,3535.38,8.58,34907903257.0,33820192512.0,-0.01,0.2,58.45,49.41
980,600267,海正药业,10.55,0.57,0.06,105092.0,110849062.0,1.33,10.6,10.46,10.48,10.49,0.83,0.88,20.58,1.49,12647848468.0,12646930618.0,-0.09,0.19,1.34,6.67
981,920266,生物谷,8.85,0.57,0.05,11162.0,9926433.71,2.05,8.98,8.8,8.88,8.8,1.17,0.94,-19.65,1.25,1097400062.0,1048640544.0,0.57,0.45,-2.64,-2.43
982,002942,新农股份,21.69,0.56,0.12,28005.0,61184263.18,2.69,22.08,21.5,21.57,21.57,0.95,2.04,24.54,2.75,3380558502.0,2976058720.0,0.09,0.09,3.58,12.85
983,002482,广田集团,1.79,0.56,0.01,664450.0,119243522.0,2.25,1.81,1.77,1.77,1.78,1.21,1.77,-52.77,13.99,6714222630.0,6700972044.0,0.0,0.56,-0.56,5.92
984,688428,诺诚健华-U,23.26,0.56,0.13,72775.0,169925917.0,4.93,23.89,22.75,22.9,23.13,0.95,2.71,-477.91,6.16,41045618324.0,6242047017.0,-0.04,0.04,-4.0,13.35
985,688626,翔宇医疗,72.28,0.56,0.4,74328.0,535453603.0,11.66,76.99,68.61,70.58,71.88,1.81,4.65,146.95,5.59,11564800000.0,11564800000.0,0.1,-0.36,48.51,19.47
986,300475,香农芯创,153.55,0.56,0.85,248325.0,3850647541.12,6.9,159.99,149.46,150.0,152.7,0.7,5.58,148.99,21.05,71383209523.0,68388063223.0,0.0,-0.18,5.29,6.38
987,301197,工大科雅,23.28,0.56,0.13,29299.0,68092810.71,2.81,23.55,22.9,23.15,23.15,0.54,2.69,-97.54,2.18,2806171200.0,2531682540.0,-0.21,0.22,10.65,11.71
988,605133,嵘泰股份,28.62,0.56,0.16,39327.0,113223302.0,3.94,29.28,28.16,28.16,28.46,1.15,1.39,40.96,2.15,8092853130.0,8074220365.0,-0.03,0.03,-21.63,-16.54
989,601398,工商银行,7.2,0.56,0.04,3033502.0,2176854052.0,1.54,7.22,7.11,7.16,7.16,1.16,0.11,7.13,0.67,2566125051041.0,1941207930281.0,0.14,0.14,-9.55,-9.21
990,688363,华熙生物,45.1,0.56,0.25,23102.0,104237506.0,1.52,45.38,44.7,45.0,44.85,0.93,0.48,74.63,3.05,21723688714.0,21723688714.0,-0.04,0.13,-0.29,3.25
991,001239,永达股份,16.03,0.56,0.09,25717.0,41342191.0,2.57,16.23,15.82,15.88,15.94,1.02,2.26,40.1,2.79,3847200000.0,1827420000.0,0.0,-0.06,-2.26,-1.78
992,600123,兰花科创,7.21,0.56,0.04,1019382.0,748056003.0,4.46,7.5,7.18,7.32,7.17,0.98,6.92,757.72,0.67,10622060551.0,10622060551.0,0.14,0.14,15.92,22.0
993,002890,弘宇股份,16.23,0.56,0.09,20670.0,33823510.35,3.66,16.63,16.04,16.04,16.14,0.89,1.28,173.78,4.58,2757073847.0,2620888728.0,-0.31,-0.12,8.71,11.16
994,601939,建设银行,9.15,0.55,0.05,941555.0,860028932.0,1.65,9.19,9.04,9.1,9.1,0.94,0.98,6.98,0.7,2393643490350.0,87781967095.0,-0.11,0.11,0.0,-1.4
995,603369,今世缘,29.4,0.55,0.16,57206.0,168529666.0,1.78,29.64,29.12,29.17,29.24,1.2,0.46,10.79,2.22,36655921088.0,36655921088.0,0.03,0.03,-16.29,-15.47
996,003013,地铁设计,14.6,0.55,0.08,20685.0,30278575.0,1.65,14.74,14.5,14.53,14.52,1.2,0.52,14.27,2.05,6593812834.0,5839227485.0,-0.27,0.07,-1.02,3.03
997,603650,彤程新材,55.08,0.55,0.3,103556.0,572988881.0,3.74,56.2,54.15,54.16,54.78,1.06,1.69,51.51,9.61,33933849988.0,33845194211.0,0.02,0.04,23.25,24.78
998,000605,渤海股份,7.33,0.55,0.04,53149.0,39033695.4,2.33,7.42,7.25,7.29,7.29,0.86,1.51,146.86,1.21,2584987538.0,2584987538.0,0.14,0.14,4.12,9.24
999,600642,申能股份,9.19,0.55,0.05,556433.0,511563531.0,1.86,9.29,9.12,9.16,9.14,1.59,1.14,10.18,1.22,44976589465.0,44974142904.0,0.0,-0.11,13.46,18.12
1000,688565,力源科技,14.71,0.55,0.08,22695.0,33349904.0,3.69,14.9,14.36,14.6,14.63,0.65,1.52,227.78,4.43,2202528300.0,2202528300.0,0.82,0.68,39.96,31.46
1001,920180,爱得科技,18.66,0.54,0.1,13033.0,24275446.14,1.89,18.78,18.43,18.57,18.56,0.55,4.9,28.35,2.84,2204176038.0,495939621.0,0.0,0.32,143.29,143.29
1002,301055,张小泉,20.67,0.54,0.11,18917.0,39187796.86,3.06,20.98,20.35,20.56,20.56,0.76,1.21,63.68,4.93,3224520000.0,3224520000.0,-0.24,-0.29,9.48,5.41
1003,603559,ST通脉,7.42,0.54,0.04,29065.0,21366773.0,2.98,7.43,7.21,7.3,7.38,0.65,0.72,-34.39,3.13,2977475184.0,2977475184.0,0.54,0.54,-11.14,6.15
1004,000949,新乡化纤,7.51,0.54,0.04,1356796.0,1005108683.69,8.43,7.78,7.15,7.41,7.47,1.11,8.19,70.05,1.93,12443318414.0,12439901372.0,-0.13,0.13,64.33,36.55
1005,601615,明阳智能,22.15,0.54,0.12,1466965.0,3264521641.0,7.76,23.13,21.42,22.6,22.03,2.15,6.49,49.06,1.91,50092152038.0,50092152038.0,0.05,0.05,64.81,52.97
1006,000895,双汇发展,27.93,0.54,0.15,114696.0,320688543.76,1.94,28.18,27.64,27.78,27.78,1.12,0.33,18.33,4.78,96767987679.0,96755445824.0,0.11,0.07,5.56,5.52
1007,002918,蒙娜丽莎,13.06,0.54,0.07,57245.0,75447855.75,3.85,13.44,12.94,12.95,12.99,0.8,2.69,49.74,1.63,5339011310.0,2782941426.0,0.08,0.08,-10.36,-8.22
1008,601588,北辰实业,1.88,0.53,0.01,411858.0,78169554.0,3.21,1.92,1.86,1.86,1.87,1.38,1.55,-2.18,0.84,6329997600.0,5000800000.0,0.0,0.53,6.21,8.05
1009,603195,公牛集团,43.8,0.53,0.23,22208.0,97317877.0,1.26,44.1,43.55,43.61,43.57,1.0,0.12,19.94,5.06,79186437764.0,78869097391.0,0.0,0.02,4.68,7.27
1010,301316,慧博云通,47.32,0.53,0.25,99820.0,471619860.53,4.04,48.0,46.1,47.0,47.07,0.85,2.5,193.52,17.36,19117280000.0,18928473200.0,0.04,0.17,4.09,5.91
1011,002661,克明食品,9.5,0.53,0.05,44970.0,42859397.0,1.8,9.6,9.43,9.44,9.45,1.06,1.43,19.19,1.36,3164808549.0,2988432262.0,0.11,0.11,1.06,5.56
1012,688606,奥泰生物,66.18,0.53,0.35,3445.0,22846941.0,2.19,66.94,65.5,65.5,65.83,1.08,0.43,24.04,1.33,5246806984.0,5246806984.0,-0.47,-0.29,4.17,3.58
1013,688198,佰仁医疗,101.39,0.52,0.52,3149.0,31815233.0,1.62,101.9,100.27,100.87,100.87,0.98,0.23,68.05,11.11,13966283205.0,13966283205.0,0.0,0.07,-8.93,-5.25
1014,301587,中瑞股份,24.97,0.52,0.13,20533.0,51472270.3,2.58,25.35,24.71,24.81,24.84,0.88,2.8,109.79,1.84,3678781159.0,1834122409.0,0.16,0.4,10.24,6.71
1015,002612,朗姿股份,17.56,0.52,0.09,54092.0,95015603.19,2.06,17.69,17.33,17.44,17.47,1.12,2.12,5.89,2.28,7769340785.0,4473220826.0,0.11,0.17,-10.5,-14.09
1016,002671,龙泉股份,5.84,0.52,0.03,119092.0,70226475.87,3.1,5.97,5.79,5.82,5.81,0.99,2.16,20.23,1.85,3289241861.0,3217443452.0,0.17,0.0,5.42,11.45
1017,300272,开能健康,7.78,0.52,0.04,136988.0,106618247.8,2.33,7.87,7.69,7.69,7.74,0.84,2.95,37.42,3.31,4757232492.0,3613592277.0,0.13,0.13,6.28,4.01
1018,300032,金龙机电,5.88,0.51,0.03,605435.0,360829415.0,5.3,6.06,5.75,5.8,5.85,0.93,7.54,119.41,6.84,4722637295.0,4722637295.0,-0.17,0.17,4.26,9.5
1019,600305,恒顺醋业,7.85,0.51,0.04,83035.0,65203884.0,1.28,7.89,7.79,7.81,7.81,1.4,0.75,45.96,2.59,8685801495.0,8658457590.0,-0.13,0.0,-0.38,-0.88
1020,600081,东风科技,11.81,0.51,0.06,24465.0,28936779.0,1.62,11.9,11.71,11.75,11.75,0.75,0.44,219.06,1.42,6531239068.0,6531239068.0,0.0,-0.08,-1.42,-0.17
1021,002022,科华生物,5.97,0.51,0.03,56779.0,34003411.0,1.85,6.02,5.91,5.94,5.94,0.93,1.1,-9.9,0.99,3070666861.0,3070084786.0,0.0,-0.17,-6.72,0.51
1022,002731,ST萃华,7.87,0.51,0.04,182985.0,146049108.05,4.21,8.14,7.81,7.81,7.83,0.95,7.97,8.7,1.08,2015947720.0,1807395868.0,-0.13,0.13,-41.22,-37.34
1023,920179,凯德石英,43.24,0.51,0.22,14677.0,64054861.86,4.25,44.48,42.65,43.09,43.02,0.66,2.46,139.27,4.32,3241702800.0,2582226816.0,0.14,0.53,26.14,11.9
1024,601390,中国中铁,5.94,0.51,0.03,4875680.0,2916099530.0,3.21,6.07,5.88,5.89,5.91,1.42,2.38,6.29,0.47,146636158258.0,121644261658.0,0.17,0.17,11.44,9.8
1025,600702,舍得酒业,50.25,0.5,0.25,52610.0,264869068.0,2.3,50.76,49.61,49.8,50.0,1.36,1.58,26.57,2.36,16721133670.0,16714098670.0,0.0,-0.08,-11.95,-10.4
1026,300420,五洋自控,4.06,0.5,0.02,314769.0,128645191.58,3.22,4.15,4.02,4.04,4.04,1.16,2.82,87.66,1.92,4532517258.0,4532165256.0,-0.25,0.0,-2.4,1.75
1027,600060,海信视像,22.32,0.5,0.11,105256.0,236028169.0,2.07,22.59,22.13,22.21,22.21,0.95,0.81,13.41,1.43,29126980709.0,29019765853.0,-0.04,0.13,-11.11,-8.07
1028,001218,丽臣实业,26.2,0.5,0.13,13030.0,34287441.0,2.38,26.5,25.88,26.07,26.07,0.87,1.4,25.45,1.5,3410670412.0,2434167854.0,-0.23,0.04,14.56,15.01
1029,000965,天保基建,4.01,0.5,0.02,330816.0,133497993.54,3.01,4.08,3.96,3.97,3.99,1.8,2.98,51.66,0.81,4450421889.0,4450421889.0,0.25,0.25,-1.23,2.3
1030,300434,金石亚药,10.2,0.49,0.05,42027.0,42952164.8,1.87,10.31,10.12,10.17,10.15,0.75,1.23,31.76,1.63,4097787494.0,3489635077.0,0.1,0.0,-9.41,-0.78
1031,603883,老百姓,14.31,0.49,0.07,70859.0,101439295.0,1.26,14.37,14.19,14.2,14.24,1.15,0.93,15.41,1.6,10859719277.0,10859719277.0,0.0,0.07,-9.2,-3.31
1032,002293,罗莱生活,10.2,0.49,0.05,93000.0,95856449.32,4.04,10.48,10.07,10.13,10.15,1.3,1.13,18.76,2.12,8505193306.0,8431147304.0,0.1,0.1,3.76,-0.68
1033,600327,大东方,4.12,0.49,0.02,138961.0,57463681.0,2.2,4.17,4.08,4.1,4.1,1.45,1.57,49.12,1.15,3645291614.0,3645291614.0,0.0,0.0,-22.99,-16.77
1034,300013,新宁物流,4.14,0.49,0.02,172101.0,71564554.0,2.91,4.21,4.09,4.1,4.12,0.9,3.86,-342.61,11.8,2311605821.0,1846280829.0,-0.24,0.24,-2.59,5.08
1035,688805,健信超导,46.73,0.49,0.23,25380.0,119017298.0,3.03,47.59,46.18,46.54,46.5,1.18,8.05,104.32,6.41,7835686400.0,1472876281.0,-0.13,-0.17,151.51,10.89
1036,301065,本立科技,24.84,0.49,0.12,19727.0,49146791.89,2.83,25.17,24.47,24.6,24.72,1.09,2.29,35.41,1.96,2633536800.0,2143381500.0,0.08,0.12,12.6,16.35
1037,603043,广州酒家,16.66,0.48,0.08,34759.0,58163115.0,1.75,16.85,16.56,16.58,16.58,0.79,0.62,19.42,2.41,9475721611.0,9395503711.0,0.12,0.18,-3.64,-5.5
1038,301602,超研股份,21.0,0.48,0.1,10533.0,22115608.73,1.82,21.15,20.77,20.81,20.9,1.02,0.51,75.85,6.91,8994922398.0,4378487211.0,-0.05,0.19,-5.41,-2.51
1039,300457,赢合科技,25.03,0.48,0.12,148678.0,375655406.04,3.53,25.69,24.81,24.98,24.91,1.25,2.35,40.09,2.47,16148841083.0,15861412707.0,-0.12,0.16,-8.58,-10.13
1040,601686,友发集团,6.3,0.48,0.03,134227.0,84832751.0,1.91,6.37,6.25,6.27,6.27,1.52,0.91,13.86,1.36,9267991406.0,9267991406.0,0.16,0.0,4.83,5.18
1041,688520,神州细胞,39.4,0.48,0.19,22925.0,90833934.0,4.46,40.46,38.71,39.05,39.21,0.86,0.51,-31.71,127.1,17546227132.0,17546227132.0,-0.25,-0.08,-15.61,-9.03
1042,600785,新华百货,19.32,0.47,0.09,80275.0,156174100.0,4.89,19.97,19.03,19.19,19.23,1.13,3.56,30.41,1.9,4359196330.0,4359196330.0,0.31,0.47,42.58,42.58
1043,300955,嘉亨家化,36.52,0.47,0.17,41825.0,153049718.74,4.68,37.5,35.8,36.37,36.35,1.57,4.15,-93.59,4.19,3681216000.0,3681216000.0,0.05,0.11,1.44,-12.02
1044,600715,文投控股,2.15,0.47,0.01,272290.0,58661481.0,1.4,2.17,2.14,2.14,2.14,0.96,0.95,1780.05,7.77,8728685025.0,6154100318.0,0.0,0.0,-9.66,-1.38
1045,600707,彩虹股份,6.45,0.47,0.03,368250.0,239296997.0,3.89,6.6,6.35,6.38,6.42,0.9,1.03,45.76,1.06,23145113771.0,23140469771.0,-0.15,0.0,2.06,-0.62
1046,600559,老白干酒,14.95,0.47,0.07,93931.0,140232455.0,1.28,14.99,14.8,14.85,14.88,1.29,1.03,25.63,2.59,13675474288.0,13597166188.0,0.07,0.07,-7.32,-6.8
1047,600838,上海九百,10.72,0.47,0.05,79455.0,85636889.0,2.72,10.9,10.61,10.61,10.67,1.16,1.98,113.39,2.73,4297454836.0,4297454836.0,0.19,0.19,16.9,-0.92
1048,600636,*ST国化,8.51,0.47,0.04,31264.0,26615899.0,2.24,8.62,8.43,8.44,8.47,0.97,0.71,81.37,1.81,3732799185.0,3732799185.0,-0.23,0.71,3.53,-2.07
1049,601121,宝地矿业,8.47,0.47,0.04,275839.0,236501353.0,5.1,8.8,8.37,8.37,8.43,1.29,3.45,50.19,2.15,7762993151.0,6776000000.0,0.47,0.12,15.87,14.77
1050,002172,澳洋健康,4.27,0.47,0.02,177454.0,76304369.0,2.82,4.34,4.22,4.25,4.25,0.75,2.32,61.13,18.72,3269677177.0,3267711355.0,0.0,0.0,3.89,7.56
1051,301628,强达电路,112.17,0.47,0.52,22257.0,249637863.96,4.57,114.58,109.48,111.01,111.65,0.78,6.82,65.83,7.37,8454903486.0,3659411646.0,-0.01,0.09,23.67,26.39
1052,600202,哈空调,6.46,0.47,0.03,97054.0,63247910.0,3.11,6.6,6.4,6.46,6.43,1.0,2.53,-77.97,3.07,2476380741.0,2476380741.0,-0.15,-0.15,7.13,10.05
1053,600620,天宸股份,6.62,0.46,0.03,55804.0,37191927.0,3.03,6.75,6.55,6.55,6.59,1.05,0.81,128.78,3.06,4545802488.0,4545802488.0,0.0,0.0,2.64,1.85
1054,300300,海峡创新,13.18,0.46,0.06,808246.0,1067413238.37,6.33,13.59,12.76,13.0,13.12,0.76,12.12,-382.39,61.95,8789044277.0,8788484786.0,-0.08,-0.15,-24.21,-12.31
1055,688151,华强科技,21.9,0.46,0.1,25131.0,55176600.0,2.66,22.22,21.64,21.79,21.8,0.74,0.73,176.78,1.78,7544550000.0,7544550000.0,0.14,0.14,9.83,6.21
1056,688350,富淼科技,28.57,0.46,0.13,23911.0,69040928.0,4.99,29.45,28.03,28.44,28.44,0.61,1.67,286.88,2.4,4092499022.0,4092499022.0,0.21,0.42,25.2,11.04
1057,603868,飞科电器,37.01,0.46,0.17,7371.0,27166280.0,1.36,37.08,36.58,36.8,36.84,0.97,0.17,26.45,4.93,16121556000.0,16121556000.0,0.24,0.46,6.32,-14.49
1058,000799,酒鬼酒,47.33,0.45,0.21,86609.0,412882461.58,3.48,48.34,46.7,46.8,47.12,1.62,2.67,-1176.29,4.09,15378888623.0,15377539718.0,0.0,-0.13,-13.93,-13.28
1059,002202,金风科技,31.43,0.45,0.14,3941956.0,12534772375.98,5.37,32.68,31.0,31.35,31.29,1.27,11.72,38.53,3.46,132753677175.0,105714964696.0,0.0,-0.51,101.6,54.07
1060,688089,嘉必优,19.89,0.45,0.09,59580.0,119809177.0,3.59,20.47,19.76,19.84,19.8,2.27,3.54,21.36,2.03,3347668397.0,3347668397.0,0.15,0.2,-14.08,-14.56
1061,920237,力佳科技,22.2,0.45,0.1,12936.0,29043446.94,5.29,22.99,21.82,21.94,22.1,0.83,1.53,46.34,3.67,1917920160.0,1881621495.0,0.54,0.54,-4.35,-4.93
1062,000897,津滨发展,2.24,0.45,0.01,388505.0,87295748.9,2.24,2.27,2.22,2.23,2.23,1.66,2.4,149.32,1.18,3622689804.0,3622621260.0,0.0,0.0,-7.82,-1.75
1063,603939,益丰药房,24.59,0.45,0.11,105070.0,260221159.0,3.59,25.16,24.28,24.31,24.48,1.31,0.87,18.26,2.72,29812718272.0,29812718272.0,0.0,0.12,7.33,13.21
1064,600694,大商股份,17.7,0.45,0.08,32274.0,57165041.0,1.14,17.78,17.58,17.61,17.62,1.33,0.94,10.27,0.7,6095133556.0,6095133556.0,-0.11,-0.17,3.15,-1.28
1065,600579,中化装备,8.89,0.45,0.04,119186.0,107613311.0,4.07,9.18,8.82,8.82,8.85,1.29,2.41,-122.01,2.68,4388110748.0,4388110748.0,-0.11,0.0,1.48,7.11
1066,301330,熵基科技,37.91,0.45,0.17,51462.0,194343976.6,4.13,38.48,36.92,37.51,37.74,0.93,2.65,52.19,2.63,8922177261.0,7366730378.0,0.0,-0.03,30.05,14.7
1067,920527,夜光明,17.74,0.45,0.08,5027.0,8992759.31,2.21,18.05,17.66,17.66,17.66,1.06,1.38,60.28,2.71,1065157498.0,643850894.0,0.06,0.06,1.9,-2.04
1068,002399,海普瑞,11.43,0.44,0.05,35517.0,40795619.0,1.49,11.56,11.39,11.4,11.38,1.03,0.28,22.72,1.36,16771195612.0,14255515477.0,-0.17,-0.35,-3.95,-3.05
1069,600997,开滦股份,6.87,0.44,0.03,381691.0,265173021.0,3.65,7.1,6.85,6.88,6.84,0.99,2.4,44.23,0.78,10908184976.0,10908184976.0,-0.15,-0.15,15.08,19.48
1070,002512,ST达华,4.56,0.44,0.02,1754595.0,806442603.74,7.93,4.77,4.41,4.77,4.54,2.37,16.03,-37.1,13.06,5072984642.0,4990700126.0,2.24,2.01,-41.84,-26.81
1071,920522,纳科诺尔,57.5,0.44,0.25,19469.0,112615841.87,3.98,58.88,56.6,57.25,57.25,0.48,1.5,138.26,8.38,9013166400.0,7477153950.0,0.17,-0.17,-2.08,-5.88
1072,002956,西麦食品,25.23,0.44,0.11,13746.0,35129320.81,3.9,25.94,24.96,25.12,25.12,0.7,0.62,31.98,3.61,5632518909.0,5631949114.0,0.2,0.28,4.39,-10.28
1073,600641,先导基电,18.38,0.44,0.08,289205.0,539001755.0,4.92,19.03,18.13,18.21,18.3,1.28,3.11,687.23,2.1,17104977930.0,17104977930.0,0.0,0.0,11.53,4.2
1074,603182,嘉华股份,15.89,0.44,0.07,19471.0,31071830.0,2.4,16.15,15.77,15.78,15.82,0.77,1.18,23.86,2.39,2614699500.0,2614699500.0,-0.25,-0.13,0.32,0.44
1075,600426,华鲁恒升,41.41,0.44,0.18,430284.0,1818026410.0,5.7,43.5,41.15,42.09,41.23,0.91,2.03,27.78,2.69,87921159673.0,87766695818.0,0.05,0.05,49.33,31.75
1076,600193,*ST创兴,4.59,0.44,0.02,51369.0,23303703.0,3.06,4.61,4.47,4.52,4.57,0.66,1.21,-189.62,21.92,1952462070.0,1952462070.0,0.66,0.44,9.55,19.84
1077,600239,云南城投,2.3,0.44,0.01,242693.0,56127371.0,2.18,2.33,2.28,2.28,2.29,1.43,1.51,-78.64,2.88,3693079891.0,3693079891.0,0.44,0.0,-8.73,-2.13
1078,002086,东方海洋,2.27,0.44,0.01,374573.0,85179900.56,2.21,2.3,2.25,2.26,2.26,0.85,2.37,-31.64,3.35,4446808555.0,3589519304.0,0.44,0.0,-9.92,-1.73
1079,300635,中达安,13.66,0.44,0.06,31652.0,43613829.0,3.09,13.95,13.53,13.61,13.6,0.69,2.63,1463.49,5.07,1912591240.0,1644858341.0,0.0,-0.07,-19.65,-14.78
1080,688755,汉邦科技,40.14,0.43,0.17,3793.0,15252891.0,1.63,40.56,39.91,39.97,39.97,1.48,2.15,59.28,2.84,3532320000.0,706464000.0,-0.02,-0.3,0.02,1.39
1081,000860,顺鑫农业,14.13,0.43,0.06,74270.0,104939555.65,1.21,14.18,14.01,14.04,14.07,1.28,1.0,102.11,1.5,10481167555.0,10481167555.0,0.07,0.07,-5.42,-3.55
1082,002886,沃特股份,23.43,0.43,0.1,75443.0,176276759.8,3.34,23.76,22.98,23.21,23.33,0.91,3.61,153.66,3.42,6166859528.0,4898701383.0,0.0,-0.13,18.39,7.87
1083,001227,兰州银行,2.36,0.43,0.01,882471.0,208359256.02,1.7,2.38,2.34,2.35,2.35,1.27,2.09,6.7,0.44,13441845316.0,9953300073.0,0.0,0.0,2.61,3.96
1084,000702,正虹科技,7.07,0.43,0.03,56691.0,40223878.3,2.56,7.17,6.99,7.09,7.04,0.94,2.13,-175.38,6.96,2450638382.0,1885106452.0,0.14,0.28,2.32,5.84
1085,001387,雪祺电气,14.06,0.43,0.06,34422.0,48605370.9,2.64,14.3,13.93,13.94,14.0,0.73,3.02,41.6,2.06,2573407424.0,1601579282.0,0.0,0.07,-5.64,1.74
1086,920076,国亮新材,23.3,0.43,0.1,8900.0,20819332.19,2.41,23.65,23.09,23.1,23.2,1.14,4.5,24.13,1.91,1948683640.0,460441016.0,0.0,-0.21,116.54,116.54
1087,603682,锦和商管,6.96,0.43,0.03,80123.0,55996270.0,3.03,7.09,6.88,6.9,6.93,0.79,1.7,-27.67,4.41,3288600000.0,3288600000.0,-0.29,0.14,3.11,5.61
1088,002524,光正眼科,4.68,0.43,0.02,124346.0,58455627.0,3.0,4.76,4.62,4.65,4.66,0.71,2.43,10430.36,19.9,2411751766.0,2390812276.0,0.0,0.43,3.54,13.59
1089,002802,洪汇新材,14.0,0.43,0.06,30382.0,42782277.78,1.94,14.19,13.92,13.98,13.94,0.86,2.02,62.3,4.03,2552227860.0,2110166338.0,-0.14,0.0,7.2,12.54
1090,603219,富佳股份,16.86,0.42,0.07,22706.0,38363981.0,3.69,17.21,16.59,16.71,16.79,0.54,0.4,60.61,5.88,9465204000.0,9465204000.0,-0.12,-0.12,4.01,0.12
1091,002233,塔牌集团,9.64,0.42,0.04,86009.0,83120488.3,2.08,9.79,9.59,9.59,9.6,0.89,0.73,17.85,0.96,11318810897.0,11310349869.0,0.0,0.0,3.32,6.99
1092,301332,德尔玛,9.55,0.42,0.04,28328.0,27096261.1,2.31,9.65,9.43,9.51,9.51,1.02,1.07,37.26,1.51,4407921875.0,2529771125.0,0.0,0.0,-1.24,2.25
1093,600817,宇通重工,12.05,0.42,0.05,31378.0,37982497.0,2.0,12.22,11.98,11.98,12.0,0.89,0.59,25.75,2.64,6426317369.0,6377394369.0,0.0,0.08,9.15,5.98
1094,002365,永安药业,14.41,0.42,0.06,51673.0,74640040.0,2.58,14.64,14.27,14.3,14.35,0.99,2.1,124.91,2.15,4246374825.0,3538521055.0,-0.14,0.07,-7.75,-3.42
1095,603858,步长制药,16.93,0.42,0.07,45803.0,77324025.0,1.25,16.97,16.76,16.76,16.86,1.04,0.43,15.42,1.69,17853843723.0,17853843723.0,0.0,0.18,2.11,8.25
1096,000598,兴蓉环境,7.21,0.42,0.03,336263.0,242942286.56,1.81,7.28,7.15,7.2,7.18,1.13,1.13,10.73,1.09,21514702878.0,21480231868.0,0.0,0.0,1.26,0.56
1097,688575,亚辉龙,14.39,0.42,0.06,49880.0,71957172.0,3.7,14.72,14.19,14.3,14.33,1.17,0.87,342.32,3.05,8222277637.0,8222277637.0,-0.14,-0.07,0.98,1.34
1098,002668,TCL智家,9.6,0.42,0.04,143302.0,137601859.24,2.3,9.7,9.48,9.49,9.56,0.66,1.32,9.26,2.94,10407469709.0,10407469709.0,0.1,0.0,-9.26,-7.51
1099,600129,太极集团,16.79,0.42,0.07,38469.0,64635302.0,1.61,16.87,16.6,16.72,16.72,0.79,0.7,41.85,2.62,9258311326.0,9258311326.0,0.0,-0.06,-11.02,-6.98
1100,301603,乔锋智能,72.18,0.42,0.3,22022.0,160296780.58,3.44,74.08,71.61,71.72,71.88,0.94,5.84,25.41,3.64,8716456800.0,2723531850.0,-0.35,-0.32,-1.35,-4.52
1101,002304,洋河股份,51.23,0.41,0.21,69613.0,356257883.13,1.27,51.48,50.83,50.96,51.02,1.35,0.46,14.56,1.59,77175181141.0,77173359915.0,-0.1,-0.02,-17.49,-15.66
1102,601311,骆驼股份,9.84,0.41,0.04,329012.0,326463357.0,2.76,10.03,9.76,9.8,9.8,1.44,2.8,13.99,1.17,11543757801.0,11543757801.0,0.0,0.0,8.25,7.31
1103,000514,渝 开 发,4.93,0.41,0.02,127729.0,63409059.0,2.44,5.01,4.89,4.91,4.91,1.59,1.51,19.34,1.1,4159790857.0,4159790857.0,0.0,0.0,-6.63,0.2
1104,002481,双塔食品,4.89,0.41,0.02,114827.0,56334118.81,1.85,4.94,4.85,4.86,4.87,1.3,1.03,131.36,2.45,6032775885.0,5466849339.0,0.0,0.0,-14.51,-4.31
1105,300292,吴通控股,4.94,0.41,0.02,833034.0,415485406.6,2.85,5.06,4.92,4.97,4.92,1.86,7.46,54.16,4.73,6628318972.0,5512767376.0,-0.2,0.0,5.56,9.53
1106,920950,迅安科技,17.6,0.4,0.07,2094.0,3706532.12,2.8,17.91,17.42,17.59,17.53,0.69,0.59,30.95,4.05,1290432000.0,628673760.0,0.46,0.34,-1.18,-2.49
1107,688468,科美诊断,7.54,0.4,0.03,28715.0,21699386.0,2.53,7.63,7.44,7.49,7.51,0.83,0.72,68.1,2.14,3024354320.0,3024354320.0,0.13,0.0,-1.82,2.72
1108,600833,第一医药,12.6,0.4,0.05,24203.0,30592250.0,1.99,12.74,12.49,12.52,12.55,0.92,1.08,39.58,2.42,2810887972.0,2810887972.0,0.0,0.0,-7.49,-2.55
1109,600777,*ST新潮,4.97,0.4,0.02,316893.0,158059490.0,2.42,5.07,4.95,4.96,4.95,0.52,0.5,19.05,1.44,33798464250.0,31639777383.0,0.0,0.0,27.76,29.43
1110,605266,健之佳,20.18,0.4,0.08,12466.0,25212598.0,1.49,20.3,20.0,20.0,20.1,0.94,0.81,23.25,1.19,3118676287.0,3118676287.0,-0.1,0.25,1.15,4.99
1111,001206,依依股份,22.34,0.4,0.09,32157.0,72409904.2,2.56,22.72,22.15,22.18,22.25,1.16,3.02,19.77,2.21,4130527671.0,2375087399.0,0.0,-0.09,-22.59,-24.25
1112,601658,邮储银行,5.08,0.4,0.02,1656379.0,841611420.0,1.78,5.12,5.03,5.05,5.06,1.2,0.25,5.98,0.6,610082871739.0,340981767616.0,0.0,0.2,-6.27,-4.69
1113,002888,惠威科技,20.08,0.4,0.08,20410.0,41086341.2,2.65,20.33,19.8,19.99,20.0,0.92,2.72,223.79,7.8,2964679713.0,1504454242.0,0.0,0.05,0.05,2.5
1114,300164,通源石油,19.84,0.4,0.08,1566628.0,3093250920.86,10.88,20.87,18.72,20.35,19.76,0.77,26.86,155.74,8.01,11675019199.0,11570901836.0,0.1,1.22,247.46,259.42
1115,300396,迪瑞医疗,12.6,0.4,0.05,26999.0,34077747.0,1.99,12.73,12.48,12.52,12.55,1.11,0.99,-29.53,1.81,3436022029.0,3430856129.0,0.16,-0.08,-4.76,-2.33
1116,001256,炜冈科技,22.64,0.4,0.09,10703.0,24246706.66,2.26,22.89,22.38,22.46,22.55,0.73,1.0,29.85,2.67,3228748313.0,2420500313.0,-0.04,-0.09,1.57,1.34
1117,600201,生物股份,15.1,0.4,0.06,211886.0,321797126.0,3.39,15.41,14.9,14.93,15.04,1.01,1.91,78.05,3.07,16787392173.0,16787392173.0,-0.07,0.0,5.15,0.2
1118,603958,哈森股份,20.1,0.4,0.08,113404.0,234254471.0,8.69,21.37,19.63,19.63,20.02,1.23,5.17,-179.0,6.4,4409136000.0,4409136000.0,0.3,-0.25,21.89,51.13
1119,688538,和辉光电-U,2.51,0.4,0.01,814288.0,205203345.0,2.4,2.55,2.49,2.49,2.5,1.27,1.42,-17.6,4.33,34661688439.0,14438111670.0,-0.4,-0.4,-5.64,-5.64
1120,001313,粤海饲料,7.6,0.4,0.03,98839.0,75790166.0,3.3,7.78,7.53,7.56,7.57,1.07,1.41,152.3,2.09,5320000000.0,5313356468.0,0.0,-0.13,-14.32,3.83
1121,600461,洪城环境,10.04,0.4,0.04,105030.0,105935241.0,2.0,10.15,9.95,9.97,10.0,1.36,0.82,10.37,1.34,12892920035.0,12892920035.0,0.0,-0.2,1.31,8.31
1122,000429,粤高速Ａ,12.54,0.4,0.05,81480.0,102148259.46,1.6,12.61,12.41,12.55,12.49,1.19,0.63,14.56,2.36,26218708820.0,16343757021.0,-0.4,-0.08,-0.32,6.45
1123,688007,光峰科技,15.39,0.39,0.06,53138.0,82107363.0,2.54,15.61,15.22,15.31,15.33,0.9,1.16,-26.74,2.88,7073484623.0,7073484623.0,-0.13,0.0,-10.31,-17.12
1124,600527,江南高纤,2.6,0.39,0.01,3323193.0,867152766.0,5.79,2.7,2.55,2.58,2.59,2.82,19.19,169.18,2.18,4502578345.0,4502578345.0,-0.38,0.0,17.12,20.93
1125,301630,同宇新材,196.13,0.39,0.77,9094.0,178665011.42,3.47,199.28,192.5,195.39,195.36,0.66,9.09,57.29,4.69,7845200000.0,1961300000.0,0.06,0.05,14.96,15.24
1126,600512,腾达建设,2.59,0.39,0.01,434216.0,112959401.0,2.33,2.63,2.57,2.57,2.58,1.06,2.74,19.66,0.66,4127970436.0,4111379372.0,0.0,-0.38,5.28,7.02
1127,600779,水井坊,36.43,0.39,0.14,34214.0,124837871.0,2.07,36.76,36.01,36.01,36.29,1.21,0.7,40.86,3.53,17759741503.0,17759741503.0,0.0,0.03,-3.78,-5.28
1128,000028,国药一致,25.96,0.39,0.1,40874.0,106386967.8,1.31,26.14,25.8,25.85,25.86,1.26,0.86,11.32,0.78,14448429399.0,12410274364.0,0.0,-0.04,4.38,5.7
1129,603207,小方制药,28.2,0.39,0.11,8848.0,25041986.0,1.71,28.5,28.02,28.09,28.09,0.72,1.63,20.02,4.3,4535124000.0,1534080000.0,-0.04,0.07,-1.84,-1.47
1130,301311,昆船智能,18.2,0.39,0.07,42447.0,77457600.0,2.15,18.45,18.06,18.22,18.13,0.94,1.77,-78.85,2.44,4368000000.0,4368000000.0,0.05,0.05,-4.76,-2.78
1131,300037,新宙邦,59.4,0.39,0.23,249010.0,1492566074.73,5.54,61.48,58.2,58.58,59.17,1.4,4.62,40.67,4.14,44656418129.0,31982076245.0,0.0,-0.08,21.08,13.36
1132,002763,汇洁股份,7.94,0.38,0.03,31751.0,25300529.6,1.9,8.03,7.88,7.93,7.91,0.69,1.05,20.01,1.74,3254796560.0,2410577648.0,0.0,0.38,6.58,9.97
1133,002538,司尔特,7.87,0.38,0.03,352043.0,282090465.02,4.21,8.16,7.83,7.96,7.84,1.03,4.12,32.44,1.25,6717483855.0,6717442836.0,0.0,0.0,22.02,22.59
1134,002314,南山控股,2.63,0.38,0.01,375352.0,99575598.0,2.67,2.68,2.61,2.61,2.62,1.05,2.8,16.19,0.78,7121468009.0,3519669204.0,0.0,-0.38,-13.2,-7.72
1135,688289,圣湘生物,18.28,0.38,0.07,36202.0,66371993.0,1.26,18.41,18.18,18.18,18.21,1.01,0.62,53.45,1.49,10591212750.0,10591212750.0,-0.05,0.11,-4.24,-3.33
1136,003022,联泓新科,21.22,0.38,0.08,175892.0,376449175.7,3.78,21.8,21.0,21.1,21.14,0.93,1.32,91.46,3.84,28340752960.0,28316643327.0,0.0,0.0,10.58,7.12
1137,920060,万源通,34.6,0.38,0.13,46711.0,162021854.23,3.68,35.25,33.98,34.5,34.47,0.91,4.93,42.18,4.89,5260745340.0,3280919811.0,0.32,0.61,5.07,5.23
1138,603173,福斯达,42.7,0.38,0.16,12500.0,53570487.0,2.52,43.27,42.2,42.2,42.54,0.58,0.78,14.86,3.61,6832000000.0,6832000000.0,-0.02,-0.07,11.08,-0.28
1139,300750,宁德时代,397.0,0.38,1.5,355826.0,14201304444.44,2.58,403.99,393.8,393.88,395.5,0.94,0.84,25.09,5.37,1811855975532.0,1689885613922.0,-0.05,0.0,2.43,8.1
1140,301258,富士莱,34.47,0.38,0.13,8687.0,30041071.0,2.45,34.91,34.07,34.17,34.34,0.85,0.98,32.29,1.65,3159864900.0,3070070550.0,0.2,0.35,5.67,6.06
1141,300636,同和药业,8.12,0.37,0.03,48126.0,39210304.04,2.35,8.22,8.03,8.07,8.09,0.93,1.31,30.57,1.44,3410006139.0,2982944394.0,-0.12,0.0,1.12,8.12
1142,600533,栖霞建设,2.69,0.37,0.01,175964.0,47675313.0,3.36,2.75,2.66,2.67,2.68,1.18,1.68,201.37,0.88,2824500000.0,2824500000.0,0.0,0.37,1.89,5.08
1143,300736,百邦科技,21.46,0.37,0.08,46990.0,101564348.0,4.02,21.98,21.12,21.38,21.38,0.56,3.76,-119.77,33.3,2745470593.0,2684350646.0,-0.09,0.05,-0.83,38.36
1144,000877,天山股份,5.39,0.37,0.02,224357.0,122050981.42,2.98,5.5,5.34,5.36,5.37,1.35,0.32,-24.35,0.47,38325550231.0,38325542146.0,0.19,0.19,-2.53,1.32
1145,301040,中环海陆,40.99,0.37,0.15,122299.0,496260406.12,13.66,43.88,38.3,40.39,40.84,1.34,12.98,-46.49,5.61,4099042261.0,3862586322.0,-0.22,-0.32,36.41,44.38
1146,601198,东兴证券,13.54,0.37,0.05,219020.0,297829579.0,2.15,13.73,13.44,13.5,13.49,1.44,0.68,20.53,1.48,43767312341.0,43767312341.0,-0.07,0.0,3.12,-2.45
1147,600996,贵广网络,8.13,0.37,0.03,157186.0,128143365.0,1.98,8.23,8.07,8.11,8.1,0.74,1.26,-9.32,4.33,10136482813.0,10136482813.0,0.12,-0.25,-28.5,-19.02
1148,002431,棕榈股份,2.72,0.37,0.01,506058.0,138951215.48,2.95,2.78,2.7,2.71,2.71,1.3,2.81,-7.14,4.33,4902540961.0,4902540961.0,0.0,0.0,6.67,13.81
1149,688248,南网科技,70.2,0.37,0.26,124102.0,895293100.0,7.52,75.0,69.74,70.7,69.94,0.84,2.2,94.08,12.17,39641940000.0,39641940000.0,0.37,-0.37,57.36,56.91
1150,600754,锦江酒店,27.47,0.37,0.1,90385.0,251111685.0,3.58,28.18,27.2,27.25,27.37,1.13,1.0,29.45,1.85,29291218257.0,24889030411.0,0.0,-0.11,15.13,8.71
1151,002790,瑞尔特,8.09,0.37,0.03,30524.0,24807783.0,2.11,8.2,8.03,8.08,8.06,0.99,1.17,41.18,1.6,3380586907.0,2109042775.0,0.0,0.12,-15.99,-3.58
1152,603833,欧派家居,53.54,0.37,0.2,18371.0,98884402.0,2.47,54.2,52.88,53.2,53.34,0.8,0.3,13.35,1.72,32614044499.0,32614044499.0,-0.22,0.04,5.64,5.27
1153,603260,合盛硅业,49.03,0.37,0.18,101425.0,503354993.0,3.09,50.37,48.86,48.98,48.85,1.28,0.86,-135.25,1.81,57963606317.0,57963606317.0,0.0,-0.08,-10.4,-6.96
1154,603048,浙江黎明,21.94,0.37,0.08,16414.0,35924775.0,2.33,22.17,21.66,21.99,21.86,0.55,1.12,54.07,2.52,3222547200.0,3222547200.0,1.2,1.25,-0.72,4.13
1155,601988,中国银行,5.39,0.37,0.02,2379958.0,1280639450.0,1.68,5.42,5.33,5.37,5.37,1.25,0.11,7.33,0.65,1736724899677.0,1136026125020.0,-0.19,0.0,-5.93,-5.93
1156,002004,华邦健康,5.63,0.36,0.02,521167.0,295208905.0,2.32,5.72,5.59,5.61,5.61,1.1,2.77,13.66,1.15,11146945045.0,10593517385.0,0.0,0.18,17.54,17.78
1157,603566,普莱柯,13.84,0.36,0.05,50924.0,70781031.0,2.39,14.03,13.7,13.72,13.79,1.34,1.47,22.86,1.86,4789501858.0,4789501858.0,0.0,-0.07,6.13,11.34
1158,601098,中南传媒,11.13,0.36,0.04,145820.0,162254757.0,1.53,11.2,11.03,11.11,11.09,1.48,0.81,12.81,1.27,19989480000.0,19989480000.0,-0.18,-0.18,-0.8,-1.15
1159,301207,华兰疫苗,19.46,0.36,0.07,38864.0,75742978.0,1.86,19.68,19.32,19.39,19.39,0.75,0.65,66.3,2.06,11695995150.0,11688612999.0,0.0,0.0,-8.21,4.46
1160,603172,万丰股份,22.28,0.36,0.08,37129.0,83399370.0,2.07,22.71,22.25,22.25,22.2,1.04,7.41,59.84,2.73,2971706400.0,1115782400.0,0.0,0.09,19.66,25.17
1161,002566,益盛药业,8.4,0.36,0.03,34943.0,29384858.0,1.79,8.48,8.33,8.36,8.37,0.76,1.51,86.41,1.25,2779993440.0,1947039931.0,0.0,0.36,1.2,10.09
1162,002495,佳隆股份,2.78,0.36,0.01,218744.0,61065458.6,2.53,2.82,2.75,2.77,2.77,0.9,3.12,175.09,2.37,2601039168.0,1948150349.0,0.0,0.0,-7.02,4.51
1163,920003,中诚咨询,30.44,0.36,0.11,1976.0,5991054.71,2.04,30.59,29.97,30.3,30.33,0.59,1.48,19.44,3.08,1969902866.0,405295998.0,0.1,0.5,-6.8,-7.31
1164,000626,远大控股,8.45,0.36,0.03,339024.0,287936211.14,3.8,8.64,8.32,8.42,8.42,1.02,6.73,99.77,1.8,4280997001.0,4256404602.0,0.24,0.12,4.58,6.56
1165,300118,东方日升,19.58,0.36,0.07,805075.0,1573997140.01,7.33,20.29,18.86,19.35,19.51,0.91,8.69,-17.94,2.12,22321471438.0,18147254646.0,-0.05,-0.1,85.94,33.56
1166,300030,阳普医疗,8.4,0.36,0.03,56987.0,47960745.0,2.63,8.5,8.28,8.39,8.37,0.72,2.09,81.01,4.12,2597173446.0,2286698820.0,0.0,0.0,8.53,14.13
1167,600675,中华企业,2.79,0.36,0.01,378404.0,106102169.0,2.16,2.83,2.77,2.77,2.78,1.34,0.63,35.96,1.15,16868717573.0,16868717573.0,0.0,0.0,0.72,2.95
1168,002333,罗普斯金,5.8,0.35,0.02,67922.0,39695103.64,2.94,5.92,5.75,5.75,5.78,0.89,1.02,66.74,2.05,3914563840.0,3865754885.0,0.0,0.17,0.52,3.2
1169,002697,红旗连锁,5.66,0.35,0.02,271299.0,153686593.46,1.42,5.7,5.62,5.63,5.64,1.13,2.37,15.09,1.64,7697600000.0,6480148150.0,0.0,0.0,-5.35,-4.71
1170,300958,建工修复,14.54,0.35,0.05,30205.0,44135111.06,2.76,14.8,14.4,14.53,14.49,0.88,3.32,-23.8,1.83,2278949859.0,1323858669.0,-0.07,-0.07,11.76,17.16
1171,603898,好莱客,14.31,0.35,0.05,44572.0,64311710.0,3.3,14.67,14.2,14.26,14.26,1.16,1.43,106.57,1.42,4455347837.0,4455347837.0,0.14,0.14,-3.44,7.51
1172,000950,重药控股,5.78,0.35,0.02,175815.0,102013845.14,2.08,5.85,5.73,5.74,5.76,1.13,1.02,19.51,0.86,9988907543.0,9988907543.0,-0.17,-0.17,9.06,-0.17
1173,601059,信达证券,17.44,0.35,0.06,101232.0,176591689.0,1.27,17.55,17.33,17.38,17.38,1.22,0.31,31.33,2.78,56557920000.0,56557920000.0,0.0,0.06,-1.97,-1.52
1174,601127,赛力斯,100.23,0.35,0.35,143532.0,1448234688.0,2.78,102.0,99.22,99.5,99.88,0.76,0.95,24.65,5.89,174599165170.0,151325469204.0,0.01,0.09,-19.17,-17.14
1175,002570,贝因美,5.72,0.35,0.02,201772.0,115059457.5,1.4,5.73,5.65,5.68,5.7,0.5,1.87,43.59,3.59,6177847865.0,6177573305.0,0.18,0.35,-6.69,-6.54
1176,601607,上海医药,17.29,0.35,0.06,107814.0,186449522.0,0.99,17.34,17.17,17.2,17.23,1.31,0.39,9.34,0.85,64117575678.0,48225397761.0,0.06,0.06,-2.21,-2.54
1177,300388,节能国祯,8.88,0.34,0.03,88014.0,77682414.0,2.6,8.94,8.71,8.84,8.85,1.1,1.29,17.83,1.3,6047655011.0,6036644016.0,0.0,0.0,0.68,11.28
1178,001222,源飞宠物,20.78,0.34,0.07,7703.0,16087153.4,2.22,21.06,20.6,20.74,20.71,0.55,0.72,22.85,2.78,3966694200.0,2231977722.0,0.05,-0.1,-18.51,-12.17
1179,603136,天目湖,11.85,0.34,0.04,45967.0,54741587.0,1.95,12.02,11.79,11.81,11.81,1.43,1.7,28.84,2.36,3201001514.0,3201001514.0,0.0,0.08,5.33,0.59
1180,600282,南钢股份,5.91,0.34,0.02,460166.0,274004935.0,2.89,6.03,5.86,5.91,5.89,1.16,0.75,12.56,1.35,36435687875.0,36435687875.0,0.0,0.17,18.91,12.36
1181,600908,无锡银行,5.94,0.34,0.02,224501.0,133667331.0,2.03,6.01,5.89,5.9,5.92,1.36,1.12,5.34,0.58,13036409268.0,11875917230.0,0.0,-0.5,-2.14,0.17
1182,002225,濮耐股份,5.93,0.34,0.02,345931.0,206183893.8,3.21,6.07,5.88,5.9,5.91,0.75,3.55,54.35,1.67,6874288142.0,5776868691.0,0.17,0.17,2.95,4.04
1183,601997,贵阳银行,5.9,0.34,0.02,473964.0,279684639.0,1.87,5.95,5.84,5.87,5.88,1.35,1.3,4.13,0.34,21571568648.0,21571568648.0,0.17,0.17,-0.84,0.51
1184,300926,博俊科技,29.09,0.34,0.1,29972.0,87448801.92,2.14,29.4,28.78,28.87,28.99,0.83,1.01,15.12,3.86,12634365746.0,8668433103.0,-0.07,-0.03,-1.69,-11.26
1185,001378,德冠新材,26.37,0.34,0.09,15506.0,40999064.25,1.45,26.6,26.22,26.3,26.28,0.63,2.4,44.32,1.87,3516007032.0,1701017049.0,0.0,0.11,14.11,11.83
1186,603860,中公高科,32.82,0.34,0.11,8055.0,26517249.0,2.81,33.35,32.43,32.6,32.71,0.75,1.21,338.13,2.74,2188437600.0,2188437600.0,-0.09,-0.21,7.64,8.78
1187,300220,金运激光,15.07,0.33,0.05,19820.0,30126997.4,3.4,15.43,14.92,15.07,15.02,0.84,1.31,1703.26,36.17,2278584000.0,2275861574.0,-0.2,-0.2,-1.44,5.02
1188,920547,无锡晶海,24.3,0.33,0.08,4557.0,11040693.31,2.97,24.62,23.9,24.0,24.22,0.85,1.21,30.09,2.66,1887818400.0,916557120.0,0.33,0.87,3.85,2.75
1189,300410,正业科技,9.0,0.33,0.03,133839.0,121123677.53,3.01,9.15,8.88,8.94,8.97,0.81,3.65,107.55,13.72,3304033173.0,3304033173.0,0.11,0.22,5.02,10.02
1190,603987,康德莱,9.21,0.33,0.03,41610.0,38419904.0,1.74,9.3,9.14,9.18,9.18,0.99,0.95,15.59,1.51,4022844005.0,4022844005.0,0.0,0.11,5.98,7.09
1191,000989,九芝堂,9.06,0.33,0.03,122542.0,111738469.0,2.1,9.19,9.0,9.03,9.03,1.26,1.77,38.38,2.12,7754834629.0,6289033002.0,0.0,0.11,0.0,3.78
1192,300908,仲景食品,27.62,0.33,0.09,8372.0,23186904.26,1.49,27.86,27.45,27.53,27.53,0.97,0.68,19.66,2.29,4032520000.0,3401476856.0,0.04,0.15,-3.76,-0.29
1193,301126,达嘉维康,12.14,0.33,0.04,30213.0,36828772.15,2.56,12.32,12.01,12.06,12.1,0.81,2.19,366.89,1.43,2493594848.0,1673902886.0,0.17,0.25,-6.33,-1.22
1194,002864,盘龙药业,33.41,0.33,0.11,25762.0,86449110.84,3.0,33.93,32.93,33.2,33.3,1.06,3.47,29.65,2.11,3550846874.0,2478712222.0,-0.09,-0.12,-0.39,8.33
1195,300688,创业黑马,30.53,0.33,0.1,127229.0,392531944.34,5.85,31.58,29.8,30.7,30.43,1.52,8.57,-153.74,12.77,5110095036.0,4529994323.0,-0.1,-0.29,8.8,4.59
1196,003025,思进智能,15.08,0.33,0.05,40428.0,61209699.9,2.93,15.35,14.91,15.03,15.03,0.65,1.79,27.69,3.45,4282019655.0,3414352194.0,0.0,0.2,5.9,4.94
1197,002134,天津普林,21.28,0.33,0.07,75858.0,163304298.0,4.62,21.99,21.01,21.21,21.21,1.15,3.08,260.28,10.3,5246395034.0,5243149578.0,-0.05,0.14,-3.84,-20.57
1198,603983,丸美生物,27.44,0.33,0.09,21155.0,58349352.0,2.23,27.76,27.15,27.21,27.35,0.96,0.53,33.84,3.31,11003440000.0,11003440000.0,0.0,0.0,-20.79,-17.22
1199,600600,青岛啤酒,63.42,0.33,0.21,63742.0,405299875.0,1.47,63.89,62.96,62.96,63.21,1.26,0.9,12.3,2.76,86517254574.0,44972767305.0,0.0,-0.08,2.97,3.63
1200,600004,白云机场,9.2,0.33,0.03,121748.0,112114968.0,1.09,9.24,9.14,9.15,9.17,1.17,0.51,16.23,1.14,23710650302.0,21773808204.0,-0.11,-0.11,-4.66,-2.75
1201,603637,镇海股份,12.31,0.33,0.04,70578.0,88213578.0,4.32,12.73,12.2,12.37,12.27,1.04,2.96,42.63,2.85,2938223146.0,2938223146.0,-0.4,-0.16,14.41,13.25
1202,002462,嘉事堂,15.37,0.33,0.05,54838.0,84398415.0,1.96,15.5,15.2,15.27,15.32,1.49,1.88,40.25,1.03,4483538434.0,4479900340.0,0.0,0.0,3.64,7.03
1203,301211,亨迪药业,12.27,0.33,0.04,29588.0,36422469.73,2.13,12.43,12.17,12.25,12.23,0.95,0.71,183.58,2.27,5123952000.0,5123952000.0,0.16,0.08,-9.65,0.41
1204,601916,浙商银行,3.1,0.32,0.01,2181458.0,676769159.0,1.94,3.13,3.07,3.09,3.09,1.35,1.01,5.47,0.48,85140371485.0,66787751485.0,-0.32,0.0,0.98,1.97
1205,002780,三夫户外,15.53,0.32,0.05,34119.0,53057486.2,2.78,15.75,15.32,15.4,15.48,0.75,2.61,90.79,3.55,2568067403.0,2029021817.0,0.13,0.06,-1.21,8.15
1206,000892,欢瑞世纪,6.28,0.32,0.02,335522.0,212646036.0,3.35,6.44,6.23,6.24,6.26,1.02,4.72,-131.89,7.29,6160557370.0,4464052931.0,-0.16,0.0,-20.41,-10.03
1207,600358,ST联合,6.34,0.32,0.02,51895.0,32832735.0,2.37,6.39,6.24,6.33,6.32,0.61,1.03,-75.6,43.69,3201298424.0,3201298424.0,0.16,0.0,10.26,4.62
1208,600383,金地集团,3.1,0.32,0.01,1104440.0,346111001.0,3.24,3.18,3.08,3.09,3.09,1.82,2.45,-2.34,0.26,13995209073.0,13995209073.0,0.0,0.0,-1.27,1.31
1209,002629,仁智股份,6.24,0.32,0.02,220275.0,138268397.55,3.22,6.41,6.21,6.27,6.22,0.57,5.2,-94.28,74.25,2658851520.0,2641356120.0,0.0,0.16,-19.28,-8.5
1210,600332,白云山,25.46,0.32,0.08,108586.0,276936397.0,0.99,25.59,25.34,25.35,25.38,1.16,0.77,9.38,1.09,41392637562.0,35793983562.0,-0.12,-0.08,-0.47,-1.09
1211,601512,中新集团,9.28,0.32,0.03,32659.0,30444788.0,2.05,9.38,9.19,9.2,9.25,0.99,0.22,12.57,0.92,13909699200.0,13909699200.0,0.0,0.0,4.74,3.11
1212,300175,ST朗源,6.5,0.31,0.02,39416.0,25656574.0,2.01,6.57,6.44,6.52,6.48,0.71,0.84,-299.97,5.93,3060200000.0,3060200000.0,0.15,-0.15,11.3,15.25
1213,603551,奥普科技,13.03,0.31,0.04,45250.0,59450771.0,3.08,13.33,12.93,12.99,12.99,1.08,1.19,20.39,3.7,5013196730.0,4947786130.0,-0.08,-0.08,4.91,12.42
1214,002386,天原股份,6.44,0.31,0.02,470172.0,305747450.83,3.27,6.6,6.39,6.42,6.42,1.05,3.61,198.37,1.12,8382607150.0,8381045218.0,0.16,0.31,19.48,18.6
1215,000969,安泰科技,22.65,0.31,0.07,323618.0,736642227.32,4.07,23.15,22.23,22.4,22.58,0.9,3.13,63.37,4.2,23794264342.0,23414347942.0,0.04,-0.09,21.77,7.81
1216,002823,凯中精密,16.32,0.31,0.05,71892.0,118530581.08,2.58,16.68,16.26,16.4,16.27,1.22,3.28,22.45,2.64,5358981248.0,3572746607.0,0.0,-0.06,3.42,1.62
1217,300482,万孚生物,19.28,0.31,0.06,38309.0,73888507.78,1.46,19.44,19.16,19.2,19.22,0.91,0.89,50.61,1.67,9024677046.0,8298084545.0,0.0,-0.05,-7.57,-2.38
1218,000619,海螺新材,6.37,0.31,0.02,81288.0,52137007.0,2.68,6.5,6.33,6.35,6.35,0.97,2.26,-54.96,1.1,2810245453.0,2293200000.0,-0.16,0.0,-1.55,2.58
1219,000803,山高环能,9.77,0.31,0.03,221168.0,219710178.08,6.57,10.25,9.61,9.7,9.74,0.63,4.81,64.95,3.1,4555713415.0,4492126611.0,0.1,-0.31,46.48,36.64
1220,600755,厦门国贸,6.45,0.31,0.02,501760.0,323719039.0,2.49,6.54,6.38,6.42,6.43,1.7,2.35,17.92,0.7,13787656076.0,13752422241.0,0.0,0.0,-8.77,-9.03
1221,600419,天润乳业,9.62,0.31,0.03,38501.0,37156796.0,1.98,9.75,9.56,9.61,9.59,1.1,1.22,-214.46,1.28,3035224295.0,3035224295.0,0.31,0.21,-0.31,-2.83
1222,300696,爱乐达,29.18,0.31,0.09,61186.0,177964039.06,4.54,29.75,28.43,29.09,29.09,1.14,2.3,137.23,4.52,8554204044.0,7758572184.0,-0.07,0.24,10.36,-8.56
1223,002542,中化岩土,3.28,0.31,0.01,188237.0,61832018.0,1.83,3.31,3.25,3.26,3.27,1.13,1.07,-15.03,11.33,5924062901.0,5768769812.0,0.0,0.0,-5.48,-1.8
1224,002798,帝欧水华,6.43,0.31,0.02,56250.0,36485104.12,2.34,6.56,6.41,6.41,6.41,0.64,1.27,-17.51,1.74,3300835883.0,2837440347.0,0.0,-0.16,9.17,12.22
1225,301152,天力锂能,29.5,0.31,0.09,38594.0,115125002.41,3.3,30.3,29.33,29.5,29.41,1.39,5.44,-30.12,2.67,3502830207.0,2094481769.0,0.27,0.27,-7.93,-3.47
1226,002983,芯瑞达,25.63,0.31,0.08,44792.0,115446866.92,2.5,26.05,25.41,25.44,25.55,0.79,3.5,45.6,4.18,5732473002.0,3284677186.0,0.0,0.08,14.42,12.41
1227,300896,爱美客,142.1,0.31,0.44,18654.0,265963403.14,1.59,143.5,141.25,141.36,141.66,0.82,0.89,29.5,5.82,42998331868.0,29640862097.0,-0.09,-0.19,0.65,0.27
1228,002390,信邦制药,3.37,0.3,0.01,323640.0,109090698.68,1.49,3.39,3.34,3.35,3.36,1.3,1.68,32.25,0.97,6550780795.0,6496747449.0,-0.3,0.0,-10.61,4.66
1229,603014,威高血净,39.54,0.3,0.12,10115.0,40068623.0,1.57,39.83,39.21,39.4,39.42,1.26,2.57,36.35,2.37,16517995770.0,1556584307.0,0.0,-0.03,-3.16,-0.23
1230,600820,隧道股份,6.69,0.3,0.02,414177.0,278315266.0,1.65,6.76,6.65,6.66,6.67,1.46,1.32,13.04,0.68,21034002869.0,21034002869.0,0.0,0.0,6.02,3.08
1231,002437,誉衡药业,3.38,0.3,0.01,560874.0,189650335.0,2.97,3.43,3.33,3.37,3.37,1.24,2.67,23.21,3.52,7544255066.0,7095391654.0,0.0,0.3,6.29,10.1
1232,603520,司太立,9.88,0.3,0.03,43828.0,43494836.0,2.54,10.03,9.78,9.8,9.85,0.84,1.0,112.7,1.67,4331489624.0,4331489624.0,0.1,0.1,1.86,5.11
1233,300169,天晟新材,6.68,0.3,0.02,79383.0,53452045.0,3.3,6.82,6.6,6.65,6.66,1.0,2.63,-19.65,-71.11,2177575391.0,2015595024.0,0.0,-0.15,4.38,6.88
1234,600125,铁龙物流,6.71,0.3,0.02,252847.0,169623410.0,1.64,6.76,6.65,6.69,6.69,0.87,1.94,12.0,1.14,8760051775.0,8760051775.0,0.0,0.3,7.88,4.19
1235,300639,凯普生物,6.63,0.3,0.02,155819.0,103788417.0,3.18,6.74,6.53,6.57,6.61,0.89,2.45,-25.18,1.12,4286299469.0,4211139780.0,0.0,-0.15,15.51,23.23
1236,300149,睿智医药,10.14,0.3,0.03,73066.0,74440324.48,3.46,10.37,10.02,10.11,10.11,0.67,1.54,534.04,4.03,5049354879.0,4811967106.0,0.0,-0.1,1.4,6.07
1237,300599,雄塑科技,10.44,0.29,0.03,172671.0,182071211.0,6.92,10.9,10.18,10.34,10.41,1.74,8.13,-133.33,1.89,3738893559.0,2216839434.0,-0.38,-0.19,43.6,28.1
1238,002709,天赐材料,48.77,0.29,0.14,1279642.0,6341012443.03,6.03,51.0,48.07,48.37,48.63,1.21,8.51,72.83,5.56,99192892698.0,73371926375.0,0.18,0.16,22.2,5.38
1239,600768,宁波富邦,17.39,0.29,0.05,36581.0,64124761.0,3.17,17.78,17.23,17.3,17.34,0.83,2.74,108.09,6.01,2325863808.0,2325863808.0,-0.06,-0.11,29.2,24.21
1240,300575,中旗股份,6.95,0.29,0.02,267215.0,188065009.0,3.75,7.16,6.9,6.97,6.93,1.33,7.8,-17.96,1.68,3315097180.0,2381822101.0,0.0,0.14,15.45,19.21
1241,002175,东方智造,3.47,0.29,0.01,1236059.0,430353473.14,5.2,3.56,3.38,3.46,3.46,1.33,9.68,2501.88,5.48,4430429123.0,4430429123.0,0.0,-0.29,-21.32,-21.67
1242,600561,江西长运,7.06,0.28,0.02,79640.0,56772148.0,4.12,7.25,6.96,7.04,7.04,1.76,2.8,-122.4,2.22,2008406208.0,2008406208.0,-0.14,0.14,3.98,8.95
1243,300581,晨曦航空,14.45,0.28,0.04,64837.0,93579969.58,2.22,14.54,14.22,14.4,14.41,0.59,1.18,-136.17,8.32,7949082940.0,7949082940.0,0.07,0.28,-15.6,-12.37
1244,300002,神州泰岳,10.57,0.28,0.03,470947.0,503339548.77,3.7,10.94,10.55,10.7,10.54,1.19,2.55,26.05,2.72,20793027764.0,19523333932.0,-0.09,0.09,-4.86,-8.25
1245,000813,德展健康,3.57,0.28,0.01,249723.0,89431609.5,1.69,3.61,3.55,3.57,3.56,1.09,1.19,-92.01,1.5,7486666778.0,7485435128.0,0.0,0.28,-9.16,-7.03
1246,600076,康欣新材,3.56,0.28,0.01,195290.0,70070756.0,3.66,3.64,3.51,3.54,3.55,0.97,1.45,-18.95,1.26,4786574387.0,4786574387.0,0.28,0.28,23.18,5.64
1247,300026,红日药业,3.6,0.28,0.01,302793.0,108937419.38,1.39,3.62,3.57,3.58,3.59,1.06,1.11,100.43,1.25,10814957413.0,9858702521.0,0.0,0.28,-2.44,2.27
1248,600019,宝钢股份,7.11,0.28,0.02,1573110.0,1123509954.0,1.41,7.18,7.08,7.1,7.09,1.07,0.72,14.59,0.76,154870622565.0,154870622565.0,0.0,0.0,0.28,-4.56
1249,002805,丰元股份,18.0,0.28,0.05,283870.0,516682810.03,4.46,18.58,17.78,18.05,17.95,0.72,10.19,-10.1,5.11,5041125144.0,5013766764.0,0.28,0.28,0.84,1.52
1250,300883,龙利得,7.12,0.28,0.02,118364.0,84620285.0,2.68,7.24,7.05,7.1,7.1,1.2,3.58,5139.07,1.73,2463520000.0,2354402974.0,0.0,0.28,1.71,5.48
1251,300535,达威股份,21.76,0.28,0.06,18929.0,41396606.24,2.9,22.14,21.51,21.79,21.7,0.52,2.42,65.56,2.41,2328752219.0,1699579423.0,-0.09,0.05,16.55,21.84
1252,601326,秦港股份,3.64,0.28,0.01,364287.0,132763735.0,2.48,3.69,3.6,3.62,3.63,1.07,0.77,10.97,1.0,20338179680.0,17317514760.0,0.0,0.28,3.41,4.3
1253,300481,濮阳惠成,18.01,0.28,0.05,116015.0,211167489.4,3.34,18.47,17.87,17.95,17.96,0.67,4.0,36.29,2.19,5256316438.0,5224261988.0,0.06,0.0,14.13,16.19
1254,002713,*ST东易,10.83,0.28,0.03,222257.0,238915931.09,6.3,11.08,10.4,10.65,10.8,0.88,4.22,-132.64,-3.9,10303718143.0,5702004000.0,0.09,0.28,36.23,20.6
1255,603906,龙蟠科技,18.69,0.27,0.05,202820.0,381645846.0,2.95,19.05,18.5,18.71,18.64,1.57,3.59,-86.93,4.28,12804124697.0,10561324697.0,0.0,-0.05,-7.57,-6.6
1256,002738,中矿资源,76.86,0.27,0.21,244437.0,1910107024.08,5.58,80.3,76.02,77.26,76.65,1.14,3.44,203.65,4.62,55453865666.0,54650664524.0,0.0,0.01,20.36,-2.15
1257,002902,铭普光磁,22.08,0.27,0.06,157090.0,349826626.98,5.77,22.76,21.49,21.83,22.02,1.16,8.84,-26.01,6.15,5189000089.0,3922119992.0,-0.14,-0.09,-5.8,-2.69
1258,001872,招商港口,22.24,0.27,0.06,35960.0,79905473.72,1.94,22.45,22.02,22.12,22.18,0.64,0.16,10.87,0.87,55195075986.0,51194201623.0,-0.04,0.09,13.01,15.05
1259,600210,紫江企业,7.45,0.27,0.02,228954.0,171781327.0,2.56,7.58,7.39,7.4,7.43,0.99,1.51,8.78,1.69,11299684377.0,11299684377.0,-0.13,-0.13,2.48,1.36
1260,003028,振邦智能,30.2,0.27,0.08,10771.0,32701651.3,2.49,30.7,29.95,30.01,30.12,0.76,1.53,43.2,2.49,4370272200.0,2130253549.0,0.0,0.17,-1.18,2.06
1261,603508,思维列控,26.2,0.27,0.07,29614.0,77749839.0,1.53,26.4,26.0,26.0,26.13,1.08,0.78,18.9,2.6,9989388677.0,9989388677.0,-0.27,0.0,-10.7,-5.82
1262,000919,金陵药业,7.37,0.27,0.02,59655.0,44085728.0,1.77,7.45,7.32,7.35,7.35,0.78,0.96,50.22,1.21,4583583771.0,4582420785.0,0.0,0.14,1.8,-7.3
1263,600099,林海股份,11.29,0.27,0.03,31997.0,36114710.0,2.31,11.43,11.17,11.22,11.26,0.64,1.46,127.74,4.62,2473864800.0,2473864800.0,-0.18,-0.09,6.01,8.04
1264,605116,奥锐特,25.7,0.27,0.07,28370.0,73413665.0,3.16,26.26,25.45,25.58,25.63,0.87,0.7,22.15,4.14,10438909114.0,10438909114.0,0.0,-0.08,16.29,2.59
1265,603600,永艺股份,10.96,0.27,0.03,28538.0,31513057.0,2.93,11.17,10.85,10.92,10.93,1.11,0.95,14.18,1.58,3621547543.0,3288416853.0,-0.18,0.0,-10.6,-7.67
1266,300887,谱尼测试,11.27,0.27,0.03,213764.0,243021682.21,4.45,11.63,11.13,11.24,11.24,0.83,5.9,-23.2,2.14,6150458391.0,4081962669.0,0.0,-0.09,29.24,17.4
1267,301600,慧翰股份,116.08,0.27,0.31,6946.0,80411909.0,1.86,116.8,114.65,115.65,115.77,0.72,2.15,66.97,9.65,12133087880.0,3744566680.0,-0.04,0.01,-9.62,-10.58
1268,002072,凯瑞德,7.41,0.27,0.02,68709.0,51515919.8,3.25,7.59,7.35,7.39,7.39,1.03,1.87,-122.82,11.57,2724508800.0,2723410638.0,0.0,-0.27,-1.2,2.35
1269,000726,鲁  泰Ａ,7.6,0.26,0.02,90943.0,69379959.54,1.58,7.69,7.57,7.58,7.58,1.01,1.54,9.27,0.64,6211532592.0,4477295189.0,0.13,0.0,7.95,6.74
1270,603818,曲美家居,3.83,0.26,0.01,100237.0,38593867.0,3.14,3.9,3.78,3.81,3.82,0.87,1.46,-29.46,1.21,2629462965.0,2629462965.0,0.0,0.26,0.52,6.09
1271,301083,百胜智能,19.21,0.26,0.05,17884.0,34485187.0,2.61,19.48,18.98,19.16,19.16,0.66,2.09,80.85,4.09,3416818673.0,1644566506.0,0.0,0.0,-8.35,1.59
1272,301266,宇邦新材,49.33,0.26,0.13,44354.0,218915506.13,4.43,50.5,48.32,48.5,49.2,0.82,4.25,77.13,3.01,5425285183.0,5146681084.0,0.0,0.18,34.82,35.71
1273,605033,美邦股份,23.38,0.26,0.06,59902.0,141514825.0,3.26,23.95,23.19,23.27,23.32,1.09,4.43,65.5,2.76,3160976000.0,3160976000.0,0.0,0.13,9.92,16.43
1274,300233,金城医药,15.22,0.26,0.04,83918.0,128478826.0,2.64,15.5,15.1,15.19,15.18,1.3,2.26,138.77,1.6,5842571214.0,5657339644.0,-0.07,0.13,-3.43,8.79
1275,603839,安正时尚,7.71,0.26,0.02,27978.0,21723499.0,2.86,7.84,7.62,7.65,7.69,0.84,0.72,-205.15,1.66,2999455995.0,2999455995.0,-0.13,0.0,-5.17,-5.63
1276,605499,东鹏饮料,227.2,0.26,0.58,34265.0,778036912.0,2.21,228.51,223.51,225.5,226.62,1.47,0.66,25.59,13.43,128315448640.0,118146953600.0,-0.29,-0.24,-12.01,-15.03
1277,300743,天地数码,19.44,0.26,0.05,25268.0,49390943.8,3.3,19.86,19.22,19.39,19.39,0.98,1.98,24.2,4.74,2939593998.0,2476867818.0,-0.05,0.15,10.27,-12.9
1278,300732,设研院,7.61,0.26,0.02,50978.0,38941431.65,2.11,7.7,7.54,7.54,7.59,0.98,1.38,-38.53,0.97,2819962148.0,2816838372.0,0.13,0.26,-1.68,1.47
1279,002940,昂利康,30.5,0.26,0.08,37972.0,116147715.52,2.83,30.98,30.12,30.3,30.42,1.13,2.05,59.4,3.86,6152709673.0,5650901744.0,0.0,0.03,-20.26,-9.01
1280,002691,冀凯股份,8.11,0.25,0.02,78146.0,64200498.02,5.93,8.52,8.04,8.05,8.09,1.22,2.33,-45.1,3.25,2757400000.0,2724800274.0,-0.12,-0.12,-2.87,-10.39
1281,002900,哈三联,11.9,0.25,0.03,25377.0,30344666.86,2.11,12.07,11.82,11.86,11.87,0.81,1.58,-13.52,1.98,3764619145.0,1917356560.0,-0.08,-0.08,-15.9,-4.49
1282,300338,ST开元,3.94,0.25,0.01,45383.0,17806060.0,1.78,3.95,3.88,3.94,3.93,0.65,1.3,-18.74,-41.02,1586341286.0,1376483293.0,0.25,0.0,2.07,3.68
1283,600866,星湖科技,8.05,0.25,0.02,394010.0,318505179.0,1.74,8.15,8.01,8.08,8.03,0.78,3.14,9.88,1.61,13374854559.0,10108943058.0,0.12,0.0,19.26,15.83
1284,301125,腾亚精工,24.48,0.25,0.06,47101.0,116030323.1,5.57,25.39,24.03,24.2,24.42,1.31,4.01,1930.92,5.74,3470233882.0,2872872922.0,0.0,-0.16,35.62,33.19
1285,688236,春立医疗,20.04,0.25,0.05,14301.0,28777723.0,2.45,20.29,19.8,19.88,19.99,0.83,0.5,28.25,2.58,7686712740.0,5780097120.0,0.0,-0.2,-15.26,-11.6
1286,301260,格力博,16.11,0.25,0.04,24364.0,39496929.4,3.42,16.5,15.95,16.03,16.07,0.91,1.19,-65.55,1.74,7772383462.0,3293460255.0,0.0,0.12,-3.99,-5.51
1287,603976,正川股份,20.14,0.25,0.05,9918.0,20024943.0,2.99,20.45,19.85,20.45,20.09,0.94,0.66,139.78,2.58,3045243525.0,3045243525.0,0.0,-0.05,-0.59,4.19
1288,600835,上海机电,24.58,0.24,0.06,59148.0,146056624.0,2.41,24.95,24.36,24.38,24.52,0.83,0.73,26.75,1.8,25138932191.0,19823875694.0,-0.12,-0.16,-13.3,-18.09
1289,000812,陕西金叶,4.26,0.24,0.01,125490.0,53715491.54,1.88,4.31,4.23,4.25,4.25,1.04,1.63,208.05,1.82,3274630536.0,3272365732.0,0.0,-0.23,-18.08,-10.88
1290,601599,浙文影业,4.1,0.24,0.01,348566.0,143553501.0,2.2,4.15,4.06,4.06,4.09,1.1,3.0,26.08,3.13,4758224057.0,4758224057.0,-0.24,0.24,4.59,3.02
1291,600857,宁波中百,12.58,0.24,0.03,21347.0,26994350.0,2.15,12.8,12.53,12.6,12.55,0.84,0.95,46.0,3.17,2821944581.0,2821944581.0,-0.08,0.0,-18.42,-8.24
1292,002761,浙江建投,8.53,0.24,0.02,163429.0,140581526.7,2.0,8.67,8.5,8.5,8.51,1.07,1.51,56.17,1.39,11301151421.0,9227655231.0,-0.12,-0.12,-1.04,-0.47
1293,000790,华神科技,4.17,0.24,0.01,139511.0,58515249.86,2.64,4.24,4.13,4.16,4.16,0.91,2.24,-19.95,2.79,2600909748.0,2596302940.0,-0.48,-0.24,-1.65,7.75
1294,002497,雅化集团,24.6,0.24,0.06,400018.0,1002732557.68,5.09,25.77,24.52,24.58,24.54,1.1,3.78,63.67,2.61,28353037992.0,26040362964.0,-0.2,-0.12,16.59,-0.61
1295,300316,晶盛机电,47.21,0.23,0.11,280161.0,1335949383.18,5.29,48.81,46.32,46.95,47.1,0.88,2.27,51.46,3.54,61823090556.0,58141731992.0,0.02,0.06,30.09,28.46
1296,301170,锡南科技,30.84,0.23,0.07,14720.0,45708980.0,3.41,31.5,30.45,30.65,30.77,1.07,4.38,28.9,1.75,3084000000.0,1035466107.0,-0.16,-0.1,9.71,10.34
1297,300861,美畅股份,17.62,0.23,0.04,134212.0,239188849.68,3.07,18.07,17.53,17.64,17.58,1.19,3.18,56.51,1.87,11837828553.0,7433259344.0,-0.45,0.0,17.86,18.02
1298,002523,天桥起重,4.36,0.23,0.01,257560.0,113137930.1,3.45,4.46,4.31,4.34,4.35,0.79,1.82,54.37,2.47,6176553888.0,6154326098.0,-0.23,0.23,5.06,1.63
1299,600827,百联股份,8.67,0.23,0.02,79261.0,68872523.0,1.27,8.73,8.62,8.63,8.65,1.14,0.49,39.32,0.78,15468737574.0,13910580806.0,0.12,0.12,-3.99,-3.56
1300,301355,南王科技,13.09,0.23,0.03,51460.0,67915008.26,3.22,13.38,12.96,12.96,13.06,1.41,5.14,243.73,1.69,2553831878.0,1311689053.0,0.0,-0.08,-10.34,-1.73
1301,600319,亚星化学,8.77,0.23,0.02,203280.0,182845209.0,9.94,9.5,8.63,8.67,8.75,0.91,5.24,-17.72,8.44,3400211298.0,3400211298.0,-0.11,-0.23,-4.57,-5.5
1302,688699,明微电子,47.43,0.23,0.11,25256.0,120340831.0,4.56,48.76,46.6,46.83,47.32,0.72,2.29,-112.39,4.38,5220365875.0,5220365875.0,-0.08,0.06,-0.27,11.57
1303,001229,魅视科技,38.58,0.23,0.09,46249.0,181270981.39,6.6,40.29,37.75,37.8,38.49,2.06,8.78,73.75,3.97,3952578870.0,2032372487.0,-0.31,-0.23,-5.21,-11.15
1304,001213,中铁特货,4.32,0.23,0.01,276798.0,119558250.12,1.62,4.35,4.28,4.3,4.31,1.09,0.62,30.46,1.0,19199999998.0,19199999998.0,0.0,0.0,6.14,6.67
1305,300642,透景生命,17.53,0.23,0.04,28123.0,49530091.0,2.74,17.83,17.35,17.5,17.49,1.16,2.04,370.05,1.94,2849397039.0,2414003114.0,0.0,0.11,-7.1,-4.68
1306,605577,龙版传媒,13.34,0.23,0.03,20686.0,27712123.0,2.18,13.49,13.2,13.21,13.31,0.61,0.47,15.11,1.49,5928888896.0,5928888896.0,-0.22,0.08,0.45,2.07
1307,603192,汇得科技,25.95,0.23,0.06,14952.0,38804187.0,2.82,26.25,25.52,25.8,25.89,0.79,1.07,42.78,2.31,4343030432.0,3617597819.0,0.0,0.0,10.43,-1.11
1308,600496,精工钢构,4.36,0.23,0.01,258965.0,114043602.0,2.3,4.45,4.35,4.37,4.35,1.02,1.3,11.04,0.94,8676944847.0,8676944847.0,0.0,0.23,1.63,5.06
1309,601579,会稽山,17.19,0.23,0.04,46382.0,80124723.0,2.04,17.38,17.03,17.03,17.15,0.93,0.97,53.17,2.27,8241976001.0,8241976001.0,0.0,0.17,-16.06,-15.19
1310,301267,华厦眼科,17.71,0.23,0.04,34570.0,61373870.5,1.64,17.85,17.56,17.67,17.67,1.03,0.53,25.73,2.48,14876400000.0,11483950023.0,0.11,0.11,-7.42,-1.5
1311,603787,新日股份,13.6,0.22,0.03,25054.0,34253606.0,2.65,13.82,13.46,13.52,13.57,0.95,1.09,20.28,1.97,3129955544.0,3129955544.0,0.07,-0.07,-5.69,-3.27
1312,300729,乐歌股份,13.45,0.22,0.03,23973.0,32298248.52,1.49,13.56,13.36,13.41,13.42,0.88,0.75,20.39,1.26,4594690909.0,4283058337.0,0.0,0.22,-3.24,-1.18
1313,300760,迈瑞医疗,178.57,0.22,0.39,39191.0,699907578.42,1.06,179.21,177.32,178.51,178.18,0.71,0.32,21.45,5.51,216505659727.0,216499271385.0,-0.05,-0.03,-10.14,-6.24
1314,603262,技源集团,26.9,0.22,0.06,5706.0,15384386.0,1.49,27.1,26.7,26.82,26.84,1.0,1.43,69.24,7.02,10760269000.0,1076215200.0,-0.04,-0.07,-2.57,-5.58
1315,002775,文科股份,4.46,0.22,0.01,108050.0,48434491.2,3.15,4.53,4.39,4.43,4.45,0.85,1.89,164.43,10.72,2837757202.0,2548668922.0,0.0,0.22,6.44,4.21
1316,603836,海程邦达,13.91,0.22,0.03,26766.0,37418891.0,2.95,14.15,13.74,13.77,13.88,0.76,1.3,63.87,1.61,2854822147.0,2854822147.0,-0.14,-0.43,-5.76,1.09
1317,001382,新亚电缆,22.33,0.22,0.05,93085.0,208408256.56,3.28,22.68,21.95,22.2,22.28,1.07,15.01,89.4,5.78,9199960000.0,1384460000.0,0.04,0.13,10.05,8.93
1318,300132,青松股份,8.95,0.22,0.02,140418.0,126279538.0,2.58,9.13,8.9,8.93,8.93,0.81,2.76,31.31,3.28,4623398930.0,4547327492.0,0.22,0.0,9.55,2.76
1319,688345,博力威,41.4,0.22,0.09,23621.0,97897149.0,4.48,42.26,40.41,41.31,41.31,1.0,2.36,74.94,3.73,4187589300.0,4140000000.0,2.05,1.5,26.57,32.69
1320,601827,三峰环境,9.28,0.22,0.02,117138.0,108463753.0,2.7,9.41,9.16,9.4,9.26,1.0,0.7,10.54,1.3,15515541024.0,15515541024.0,0.11,0.32,12.08,9.56
1321,603586,金麒麟,17.97,0.22,0.04,11995.0,21631937.0,2.29,18.21,17.8,17.98,17.93,0.83,0.61,19.81,1.52,3523068457.0,3523068457.0,0.06,0.17,-1.91,-5.82
1322,000002,万  科Ａ,4.66,0.22,0.01,1161301.0,544481451.64,1.94,4.73,4.64,4.65,4.65,1.44,1.2,-1.49,0.32,55597106135.0,45278422271.0,-0.21,-0.21,-2.31,0.22
1323,002839,张家港行,4.61,0.22,0.01,332245.0,153086608.54,1.74,4.65,4.57,4.59,4.6,1.14,1.36,5.38,0.61,11268430330.0,11258007355.0,0.0,-0.22,-2.74,0.88
1324,300562,乐心医疗,13.83,0.22,0.03,50413.0,69860491.0,2.1,13.98,13.69,13.75,13.8,1.14,3.11,34.52,2.98,3023427305.0,2242787050.0,-0.07,0.22,-2.95,3.75
1325,688475,萤石网络,28.1,0.21,0.06,83112.0,233639856.0,3.46,28.55,27.58,27.94,28.04,1.74,1.06,39.06,3.82,22128750000.0,22128750000.0,1.15,1.81,-5.13,-6.68
1326,688282,理工导航,76.35,0.21,0.16,8093.0,61041455.0,4.17,77.18,74.0,75.24,76.19,0.61,0.92,-724.78,5.28,6718800000.0,6718800000.0,0.0,1.35,39.0,20.24
1327,601106,中国一重,4.74,0.21,0.01,921520.0,438448450.0,4.44,4.86,4.65,4.68,4.73,1.11,1.34,-310.17,6.16,32505891074.0,32505891074.0,0.0,0.21,32.4,18.8
1328,600115,中国东航,4.7,0.21,0.01,2209884.0,1038880355.0,3.2,4.75,4.6,4.66,4.69,0.77,1.3,37.02,6.39,103812362349.0,80017334997.0,0.21,0.21,-6.93,-21.67
1329,301589,诺瓦星云,176.0,0.21,0.37,10763.0,191904255.48,5.48,183.42,173.8,174.71,175.63,1.73,3.12,27.4,4.25,16270848000.0,6065832960.0,0.17,0.06,15.03,6.96
1330,603231,索宝蛋白,18.72,0.21,0.04,27705.0,52434692.0,2.78,19.1,18.58,18.63,18.68,1.19,2.61,18.33,1.83,3584114446.0,1989299183.0,0.05,0.11,-2.35,2.58
1331,002932,明德生物,18.71,0.21,0.04,13440.0,25142574.39,1.12,18.79,18.58,18.69,18.67,0.74,0.86,241.42,0.78,4350467105.0,2920353362.0,0.0,0.05,3.31,-2.45
1332,688552,航天南湖,38.48,0.21,0.08,39887.0,152566973.0,4.01,38.78,37.24,38.23,38.4,0.71,4.59,406.16,5.02,12977303040.0,3341124162.0,0.0,0.16,9.85,5.95
1333,300459,汤姆猫,4.69,0.21,0.01,831332.0,388686165.57,1.71,4.72,4.64,4.65,4.68,0.94,2.53,-281.45,7.87,16489153304.0,15416937299.0,0.0,0.43,1.52,2.18
1334,603326,我乐家居,9.71,0.21,0.02,36004.0,35048526.0,2.89,9.84,9.56,9.71,9.69,1.05,1.13,16.88,2.7,3099207990.0,3099207990.0,0.0,0.62,6.82,9.1
1335,300021,大禹节水,4.83,0.21,0.01,386128.0,187852703.42,2.49,4.93,4.81,4.81,4.82,1.18,4.42,334.35,1.96,4938034875.0,4215330389.0,-0.21,0.0,5.0,5.0
1336,002275,桂林三金,13.99,0.21,0.03,20681.0,29049990.86,1.43,14.11,13.91,13.96,13.96,1.08,0.37,16.0,2.53,8220084714.0,7820988011.0,-0.14,0.0,-6.11,-0.78
1337,002801,微光股份,35.38,0.2,0.07,31981.0,113854401.01,3.51,36.25,35.01,35.29,35.31,1.56,2.76,20.95,4.42,8124380160.0,4097099526.0,0.06,0.03,6.6,-0.08
1338,000778,新兴铸管,4.97,0.2,0.01,835843.0,419855559.31,2.82,5.08,4.94,4.94,4.96,1.37,2.15,21.12,0.75,19697015956.0,19351219315.0,-0.2,0.0,24.25,18.9
1339,000589,贵州轮胎,4.99,0.2,0.01,342579.0,171736666.88,2.21,5.06,4.95,4.98,4.98,1.07,2.22,12.93,0.87,7757576275.0,7708655313.0,0.0,-0.2,-1.58,-3.67
1340,601816,京沪高铁,5.1,0.2,0.01,1547425.0,788939120.0,1.18,5.13,5.07,5.09,5.09,1.12,0.32,18.17,1.22,249520964787.0,249520964787.0,0.0,0.2,-1.35,-0.97
1341,002866,传艺科技,19.75,0.2,0.04,84340.0,167618612.0,2.94,20.09,19.51,19.71,19.71,0.92,4.65,62.26,2.75,5718064556.0,3580013494.0,0.0,-0.1,2.97,9.66
1342,002783,凯龙股份,10.19,0.2,0.02,229888.0,236820469.35,2.85,10.46,10.17,10.2,10.17,1.31,4.98,28.25,1.94,5088454423.0,4699509399.0,0.0,0.0,14.37,6.48
1343,001219,青岛食品,14.93,0.2,0.03,26418.0,39456315.7,1.68,15.06,14.81,14.92,14.9,0.72,1.39,23.54,2.74,2911107388.0,2838522520.0,0.67,0.47,0.81,4.77
1344,300705,九典制药,14.72,0.2,0.03,50830.0,74942588.2,1.57,14.84,14.61,14.61,14.69,1.07,1.38,13.59,2.79,7364285375.0,5430030904.0,0.0,-0.07,-7.6,-1.74
1345,600740,山西焦化,5.01,0.2,0.01,1306890.0,661948246.0,4.2,5.2,4.99,4.99,5.0,0.97,5.1,-192.34,0.84,12836226982.0,12836226982.0,0.2,0.0,29.46,33.24
1346,600738,丽尚国潮,5.06,0.2,0.01,104753.0,53106128.0,1.58,5.11,5.03,5.05,5.05,1.04,1.38,24.93,1.89,3852356294.0,3848970952.0,0.2,0.2,-1.94,-1.94
1347,600587,新华医疗,15.33,0.2,0.03,92083.0,141612324.0,2.09,15.55,15.23,15.3,15.3,1.26,1.52,16.06,1.18,9299860936.0,9299860936.0,0.0,-0.07,3.09,6.46
1348,688777,中控技术,71.13,0.2,0.14,158103.0,1127308978.0,3.93,72.81,70.02,70.5,70.99,1.06,2.01,125.03,5.54,56277311056.0,55993473050.0,0.84,0.85,37.1,44.16
1349,603270,金帝股份,25.13,0.2,0.05,19528.0,49345970.0,2.63,25.64,24.98,24.98,25.08,0.86,2.76,38.05,2.45,5506150542.0,1777109842.0,0.08,0.04,3.03,-7.03
1350,002873,新天药业,10.4,0.19,0.02,30369.0,31712346.34,2.31,10.55,10.31,10.33,10.38,0.74,1.27,117.67,2.01,2538679582.0,2482155738.0,-0.29,-0.1,-0.1,4.84
1351,601668,中国建筑,5.15,0.19,0.01,3867648.0,2000815519.0,1.36,5.2,5.13,5.13,5.14,1.16,0.94,4.18,0.44,212800010787.0,212800010787.0,-0.19,0.0,0.39,0.39
1352,002388,新亚制程,5.18,0.19,0.01,142393.0,74301801.0,3.09,5.3,5.14,5.17,5.17,0.86,2.81,1173.72,2.7,2645413568.0,2622237704.0,-0.19,0.0,-13.95,-18.81
1353,000030,富奥股份,5.36,0.19,0.01,115937.0,62466914.53,2.06,5.44,5.33,5.33,5.35,0.96,0.69,15.72,1.13,9218186129.0,8956058545.0,0.19,-0.19,-5.3,-6.62
1354,000597,东北制药,5.31,0.19,0.01,143278.0,76478250.65,1.7,5.38,5.29,5.3,5.3,1.05,1.02,32.91,1.41,7577838687.0,7483467891.0,-0.19,-0.19,-2.39,1.72
1355,603739,蔚蓝生物,16.04,0.19,0.03,74099.0,119250640.0,2.75,16.34,15.9,15.9,16.01,1.33,2.93,49.27,2.29,4058583011.0,4058583011.0,0.06,0.0,8.75,13.36
1356,600543,莫高股份,5.31,0.19,0.01,49076.0,26287690.0,2.83,5.42,5.27,5.29,5.3,0.87,1.53,-25.64,2.24,1705147200.0,1705147200.0,-0.56,-0.38,-9.85,0.0
1357,688657,浩辰软件,48.09,0.19,0.09,7914.0,38166982.0,2.77,48.67,47.34,48.01,48.0,1.04,1.93,62.8,2.23,3150582110.0,1973832025.0,0.02,0.21,-9.55,-9.62
1358,300633,开立医疗,26.15,0.19,0.05,27235.0,71234592.0,1.99,26.45,25.93,26.12,26.1,0.76,0.63,253.25,3.63,11315429391.0,11315429391.0,0.04,0.27,-2.17,-1.02
1359,688036,传音控股,57.99,0.19,0.11,97859.0,569971029.0,3.14,58.97,57.15,57.8,57.88,0.65,0.85,25.83,3.27,66757191765.0,66757191765.0,0.17,0.16,-13.06,-12.35
1360,600056,中国医药,10.59,0.19,0.02,113890.0,120788603.0,1.32,10.66,10.52,10.56,10.57,1.07,0.76,26.13,1.34,15841366531.0,15835772152.0,0.09,0.09,-1.49,2.52
1361,300259,新天科技,5.16,0.19,0.01,498860.0,260099627.51,4.47,5.34,5.11,5.13,5.15,1.17,4.27,28.38,2.0,6036175823.0,6034791472.0,0.0,0.0,16.22,17.54
1362,000998,隆平高科,10.6,0.19,0.02,500229.0,533629371.56,3.31,10.88,10.53,10.58,10.58,0.8,3.8,-17.6,2.72,15576149447.0,13939535788.0,0.09,0.19,11.34,13.25
1363,601169,北京银行,5.49,0.18,0.01,1754675.0,964821454.0,1.46,5.54,5.46,5.47,5.48,1.45,0.83,4.13,0.42,116074983653.0,116074983653.0,0.0,0.18,-1.61,0.18
1364,002965,祥鑫科技,33.05,0.18,0.06,33686.0,111012230.64,2.21,33.35,32.62,32.79,32.99,0.87,1.69,41.48,2.06,8770820865.0,6590884177.0,-0.09,-0.09,-12.38,-18.76
1365,300415,伊之密,27.13,0.18,0.05,118121.0,318910539.36,3.4,27.33,26.41,26.94,27.08,0.91,2.61,16.9,4.08,12712089339.0,12292389731.0,-0.11,-0.07,7.74,4.11
1366,300485,赛升药业,10.9,0.18,0.02,43098.0,47179219.0,2.67,11.09,10.8,10.85,10.88,0.79,1.57,75.93,1.54,5250163760.0,2984607284.0,-0.09,-0.09,-3.02,3.02
1367,300864,南大环境,22.02,0.18,0.04,15612.0,34590266.2,2.41,22.43,21.9,21.9,21.98,0.82,0.99,21.98,2.63,3477193240.0,3477193240.0,-0.18,0.09,9.99,11.66
1368,603059,倍加洁,32.57,0.18,0.06,11323.0,36851458.0,2.34,32.97,32.21,32.51,32.51,0.91,1.13,31.84,3.11,3271614159.0,3271614159.0,0.03,0.12,7.81,8.28
1369,002563,森马服饰,5.51,0.18,0.01,186672.0,103330016.16,1.27,5.57,5.5,5.53,5.5,0.97,0.85,20.74,1.3,14844436782.0,12168517293.0,0.0,0.0,-1.78,1.66
1370,600238,*ST椰岛,5.42,0.18,0.01,34338.0,18705607.0,2.03,5.49,5.38,5.41,5.41,0.52,0.77,-264.85,23.94,2429244000.0,2413371964.0,-0.55,0.0,-16.62,-14.38
1371,002959,小熊电器,44.99,0.18,0.08,42200.0,190116683.61,2.94,45.7,44.38,44.4,44.91,2.39,2.8,17.51,2.29,7010950155.0,6771827090.0,-0.02,0.0,5.02,6.54
1372,300160,秀强股份,5.96,0.17,0.01,140690.0,84392148.0,2.18,6.05,5.92,5.94,5.95,1.15,1.85,20.2,1.76,4606759900.0,4543662721.0,0.0,0.0,5.3,9.56
1373,002868,*ST绿康,40.51,0.17,0.07,10565.0,42747428.4,3.26,41.2,39.88,40.15,40.44,0.57,0.99,-45.21,99.65,6295895557.0,4334671437.0,-0.3,0.0,16.98,20.17
1374,000650,仁和药业,5.92,0.17,0.01,200335.0,118708977.83,1.02,5.95,5.89,5.92,5.91,1.26,1.5,16.39,1.3,8287634345.0,7881804137.0,-0.17,0.17,0.0,4.78
1375,300254,仟源医药,11.98,0.17,0.02,96901.0,118178106.0,4.68,12.42,11.86,11.95,11.96,0.94,4.29,103.06,10.43,3068180585.0,2706661407.0,0.0,0.0,17.11,18.38
1376,600638,新黄浦,6.45,0.16,0.01,85077.0,55283489.0,2.64,6.6,6.43,6.47,6.44,0.8,1.26,23.8,0.94,4343409270.0,4343409270.0,0.0,-0.15,10.45,-0.31
1377,603713,密尔克卫,62.7,0.16,0.1,23716.0,151118104.0,5.53,65.3,61.84,62.03,62.6,1.17,1.5,14.17,2.13,9914574813.0,9914574813.0,0.14,0.38,15.58,12.43
1378,002038,双鹭药业,6.14,0.16,0.01,136749.0,84245985.25,2.12,6.22,6.09,6.12,6.13,0.94,1.61,33.53,1.11,6307929000.0,5230748700.0,0.0,0.0,-22.38,-16.69
1379,001283,豪鹏科技,63.8,0.16,0.1,19008.0,122267796.45,2.23,64.88,63.46,63.59,63.7,0.84,2.38,27.3,1.85,6376367675.0,5087585345.0,0.02,0.11,-9.55,-8.86
1380,600197,伊力特,12.92,0.16,0.02,31548.0,40849120.0,1.24,13.0,12.84,12.85,12.9,1.11,0.67,33.4,1.6,6113417344.0,6113417344.0,0.08,0.08,-8.5,-6.65
1381,300678,中科信息,31.28,0.16,0.05,79957.0,249810678.94,3.23,31.79,30.78,31.34,31.23,1.26,2.75,1540.6,10.96,9270963245.0,9111188196.0,0.1,0.06,1.72,1.69
1382,600576,祥源文旅,6.37,0.16,0.01,97700.0,62551053.0,1.89,6.45,6.33,6.36,6.36,1.1,1.48,32.25,2.26,6717473563.0,4206684829.0,0.16,0.16,7.78,2.08
1383,002409,雅克科技,89.17,0.16,0.14,115345.0,1036525248.04,6.2,92.56,87.04,88.01,89.03,1.04,3.62,39.98,5.43,42438471047.0,28402673350.0,-0.06,-0.06,25.1,20.34
1384,300549,优德精密,18.4,0.16,0.03,29488.0,54601919.0,4.14,18.88,18.12,18.37,18.37,1.22,2.92,314.21,4.45,2453456000.0,1859406020.0,0.11,0.0,-9.63,-2.44
1385,300500,启迪设计,12.37,0.16,0.02,27567.0,34239045.0,2.91,12.58,12.22,12.3,12.35,0.85,1.64,37.02,1.94,2152069130.0,2073186703.0,0.81,0.32,-18.19,-10.69
1386,002408,齐翔腾达,6.26,0.16,0.01,716465.0,452525872.51,3.84,6.45,6.21,6.36,6.25,0.83,2.6,-91.56,1.56,17796251586.0,17221859132.0,-0.16,-0.16,33.76,28.28
1387,603527,众源新材,12.41,0.16,0.02,612427.0,776595250.0,7.43,13.12,12.2,12.39,12.39,3.71,19.32,29.47,1.91,3933612592.0,3933612592.0,0.16,0.0,13.96,11.9
1388,920427,华维设计,13.12,0.15,0.02,11898.0,15679804.73,3.05,13.44,13.04,13.1,13.1,0.89,2.34,-113.2,4.34,1352606400.0,667913144.0,0.15,0.54,7.01,6.41
1389,300329,海伦钢琴,13.6,0.15,0.02,35288.0,48379389.0,2.43,13.85,13.52,13.58,13.58,0.89,1.4,-64.72,5.07,3439287408.0,3428947423.0,0.0,0.0,-23.08,-16.0
1390,688419,耐科装备,47.1,0.15,0.07,17479.0,83655574.0,4.42,48.83,46.75,47.39,47.03,1.07,2.94,66.6,5.19,5395383610.0,2802899475.0,-0.28,-0.8,71.46,68.27
1391,603779,威龙股份,6.79,0.15,0.01,50638.0,34566088.0,2.36,6.88,6.72,6.72,6.78,0.85,1.52,-146.43,4.12,2254841900.0,2254841900.0,0.0,0.0,0.15,5.43
1392,000530,冰山冷热,6.47,0.15,0.01,147869.0,96223934.28,3.72,6.63,6.39,6.42,6.46,1.1,2.46,45.32,1.71,5455584920.0,3882268266.0,-0.31,0.0,-16.52,-11.61
1393,600859,王府井,13.18,0.15,0.02,125367.0,165771551.0,1.22,13.28,13.12,13.16,13.16,1.03,1.12,89.84,0.76,14813416168.0,14812053884.0,0.0,0.0,-9.54,-15.13
1394,601901,方正证券,7.41,0.14,0.01,465035.0,344759082.0,1.49,7.47,7.36,7.38,7.4,0.93,0.56,12.04,1.21,60999871337.0,60999871337.0,-0.13,0.14,-4.88,-4.88
1395,002686,亿利达,7.03,0.14,0.01,78581.0,55267697.0,1.85,7.1,6.97,7.0,7.02,0.74,1.5,82.95,2.43,3980661105.0,3674810234.0,-0.28,0.29,-2.77,7.49
1396,603376,大明电子,36.4,0.14,0.05,14045.0,51114772.0,2.17,36.74,35.95,36.0,36.35,1.41,4.53,56.63,10.4,14560036400.0,1129768531.0,-0.16,0.05,-13.64,-1.38
1397,000928,中钢国际,7.15,0.14,0.01,370210.0,265980180.93,3.08,7.29,7.07,7.14,7.14,1.06,2.58,13.84,1.21,10257709040.0,10257583558.0,0.0,0.14,11.2,8.17
1398,603198,迎驾贡酒,35.48,0.14,0.05,22623.0,80365174.0,1.47,35.7,35.18,35.32,35.43,0.81,0.28,14.09,2.79,28384000000.0,28384000000.0,0.0,0.11,-8.89,-10.31
1399,301507,民生健康,14.75,0.14,0.02,29698.0,43963250.0,2.17,14.94,14.62,14.65,14.73,1.03,2.7,34.47,3.25,5259176368.0,1625256156.0,0.0,-0.07,-4.53,-3.97
1400,002188,中天服务,7.06,0.14,0.01,76707.0,54549869.1,2.84,7.2,7.0,7.02,7.05,0.84,2.98,77.11,7.12,2309353280.0,1816982829.0,-0.14,-0.14,14.61,16.12
1401,300405,科隆股份,7.32,0.14,0.01,122475.0,90695186.72,3.42,7.51,7.26,7.31,7.31,1.07,5.6,-53.61,4.97,2081607952.0,1601817293.0,0.0,0.0,6.09,14.73
1402,300281,金明精机,7.37,0.14,0.01,50530.0,37520119.0,3.67,7.58,7.31,7.36,7.36,0.98,1.27,258.72,2.44,3087466785.0,2928291971.0,-0.27,0.27,-6.71,-9.79
1403,688612,威迈斯,28.89,0.14,0.04,31563.0,91873859.0,3.5,29.65,28.64,28.74,28.85,1.03,1.25,21.74,3.34,12110344151.0,7296245510.0,0.0,-0.1,-10.56,-12.37
1404,301038,深水规院,22.13,0.14,0.03,27416.0,61399278.2,3.17,22.72,22.02,22.1,22.1,1.22,1.23,234.21,5.52,4936760400.0,4936760400.0,0.18,0.14,-5.75,-5.63
1405,000911,广农糖业,7.08,0.14,0.01,118253.0,84716449.0,3.39,7.28,7.04,7.05,7.07,0.55,2.95,-483.98,23.61,2834264311.0,2834264311.0,0.0,0.14,-9.11,-3.15
1406,688625,呈和科技,60.68,0.13,0.08,16269.0,99283922.0,3.2,61.74,59.8,60.66,60.6,0.61,0.86,40.58,7.54,11427315307.0,11427315307.0,0.03,0.0,52.85,47.28
1407,688217,睿昂基因,29.84,0.13,0.04,6312.0,19000682.0,4.87,30.87,29.42,30.5,29.8,0.82,1.13,-33.41,1.96,1666739937.0,1666739937.0,-0.33,-0.33,11.68,13.24
1408,601238,广汽集团,7.87,0.13,0.01,202031.0,159180813.0,1.65,7.93,7.8,7.83,7.86,1.22,0.27,-13.96,0.73,80250908633.0,58109700073.0,0.0,0.13,-7.08,-3.55
1409,002349,精华制药,7.67,0.13,0.01,109422.0,84175309.15,1.83,7.76,7.62,7.65,7.66,0.96,1.34,27.06,2.35,6363606544.0,6244767564.0,0.0,0.13,-0.26,5.65
1410,688045,必易微,46.04,0.13,0.06,16366.0,75632213.0,4.39,47.2,45.18,46.04,45.98,1.03,2.34,266.27,2.29,3215333187.0,3215333187.0,0.09,0.31,19.55,19.0
1411,600731,湖南海利,7.86,0.13,0.01,146991.0,116336145.0,2.29,8.0,7.82,7.83,7.85,0.89,2.71,16.62,1.39,4391715390.0,4257625747.0,0.0,0.0,14.74,16.1
1412,920832,齐鲁华信,7.44,0.13,0.01,61591.0,46388920.2,5.65,7.75,7.33,7.4,7.43,1.06,4.99,-215.82,1.39,1032403156.0,917661392.0,-0.13,0.54,1.92,2.48
1413,300632,光莆股份,14.87,0.13,0.02,90897.0,135386368.64,2.69,15.04,14.64,14.84,14.85,0.91,4.11,76.99,2.54,4538050689.0,3289400997.0,0.07,0.0,-9.99,8.07
1414,001278,一彬科技,23.02,0.13,0.03,39847.0,91522216.0,4.09,23.34,22.4,22.99,22.99,0.71,4.67,-56.65,2.26,2848342868.0,1963856366.0,0.17,0.22,16.03,19.03
1415,603656,泰禾智能,22.48,0.13,0.03,17803.0,39946818.0,2.9,22.65,22.0,22.43,22.45,0.7,0.97,107.18,3.12,4112611648.0,4112611648.0,0.0,0.09,-3.6,-2.39
1416,605183,确成股份,23.1,0.13,0.03,46802.0,109018073.0,3.42,23.69,22.9,23.0,23.07,1.11,1.13,18.13,2.65,9606900650.0,9527120180.0,0.0,0.04,21.84,15.96
1417,605009,豪悦护理,29.67,0.13,0.04,8642.0,25717108.0,1.18,29.9,29.55,29.56,29.63,0.95,0.4,23.53,1.88,6381007033.0,6380176273.0,0.03,0.03,-4.38,-3.98
1418,001268,联合精密,31.1,0.13,0.04,12169.0,37878599.58,3.44,31.66,30.59,31.07,31.06,1.05,1.93,42.28,3.27,3356726687.0,1957226687.0,-0.16,-0.13,-11.87,-12.47
1419,600137,浪莎股份,22.86,0.13,0.03,26218.0,60248348.0,2.54,23.23,22.65,22.84,22.83,1.03,2.7,85.05,4.1,2222394062.0,2222394062.0,-0.17,-0.17,19.31,18.88
1420,300917,特发服务,34.79,0.12,0.04,63889.0,226309605.8,3.74,35.99,34.69,34.78,34.75,1.44,3.78,48.52,5.06,5879510000.0,5879510000.0,-0.17,0.03,-15.78,-11.02
1421,000691,*ST亚太,8.41,0.12,0.01,54216.0,45702037.5,2.5,8.55,8.34,8.41,8.4,1.08,1.68,-80.2,-26.43,4078051050.0,2718700700.0,0.0,0.12,4.99,19.29
1422,601865,福莱特,16.19,0.12,0.02,234620.0,383331781.0,3.22,16.56,16.04,16.1,16.17,1.07,1.23,44.62,1.75,37931232494.0,30777600044.0,0.0,-0.12,3.65,3.32
1423,002966,苏州银行,8.3,0.12,0.01,273963.0,227823869.0,1.69,8.38,8.24,8.3,8.29,0.92,0.62,6.22,0.74,37106494691.0,36488634499.0,-0.12,0.0,1.84,0.12
1424,003023,彩虹集团,24.64,0.12,0.03,45548.0,111044908.45,3.13,24.8,24.03,24.4,24.61,0.46,4.33,44.57,1.68,2595617024.0,2589716089.0,0.04,-0.4,3.79,8.74
1425,300665,飞鹿股份,8.08,0.12,0.01,54267.0,44282105.92,2.85,8.26,8.03,8.07,8.07,0.89,2.49,-20.11,3.2,1769081498.0,1762013268.0,0.0,-0.12,-17.13,-17.21
1426,600749,西藏旅游,16.61,0.12,0.02,51195.0,85509355.0,2.23,16.89,16.52,16.58,16.59,1.11,2.26,86.84,3.5,3769897237.0,3769897237.0,0.24,0.42,-2.35,-2.75
1427,603153,上海建科,16.65,0.12,0.02,21919.0,36756171.0,1.74,16.87,16.58,16.69,16.63,1.16,0.53,48.66,1.88,6824187415.0,6824187415.0,-0.06,-0.12,-3.31,-2.06
1428,688215,瑞晟智能,64.21,0.12,0.08,4592.0,29646284.0,3.38,65.8,63.63,64.13,64.13,0.78,0.74,113.64,8.23,4008198102.0,4008198102.0,0.64,0.28,-11.7,-11.45
1429,605555,德昌股份,16.14,0.12,0.02,31229.0,50519510.0,2.05,16.29,15.96,16.07,16.12,0.78,0.65,36.18,2.59,7812874306.0,7812874306.0,-0.06,0.06,-13.69,-11.8
1430,300655,晶瑞电材,16.14,0.12,0.02,297906.0,481977161.68,3.23,16.43,15.91,15.98,16.12,0.85,2.79,101.18,6.79,17317816339.0,17212858080.0,0.06,0.12,-2.77,0.06
1431,002092,中泰化学,8.51,0.12,0.01,1607945.0,1391318455.47,6.47,8.98,8.43,8.7,8.5,0.84,6.24,-92.23,1.02,22041066090.0,21918445500.0,-0.23,0.12,81.06,70.88
1432,601166,兴业银行,18.83,0.11,0.02,668446.0,1260095011.0,1.38,18.99,18.73,18.8,18.81,0.93,0.32,5.14,0.48,398496578386.0,398496578386.0,-0.05,0.0,-6.6,-8.15
1433,600059,古越龙山,9.38,0.11,0.01,83625.0,78735871.0,1.39,9.47,9.34,9.39,9.37,0.88,0.92,47.54,1.47,8550267834.0,8550267834.0,-0.11,0.0,3.65,1.3
1434,600741,华域汽车,18.96,0.11,0.02,116171.0,221066714.0,1.74,19.13,18.8,18.8,18.94,1.03,0.37,9.56,0.92,59775646737.0,59775646737.0,-0.05,-0.05,-3.17,-5.2
1435,603229,奥翔药业,9.46,0.11,0.01,44962.0,42713012.0,1.8,9.57,9.4,9.41,9.45,0.96,0.54,28.45,3.35,7854610992.0,7854610992.0,0.0,0.0,-1.97,-4.64
1436,300530,领湃科技,28.15,0.11,0.03,30740.0,87871202.0,3.63,29.1,28.08,28.08,28.12,1.16,1.94,-31.99,90.37,4840430615.0,4454667491.0,-0.18,-0.18,1.81,5.43
1437,600883,博闻科技,8.75,0.11,0.01,51620.0,45523594.0,3.32,8.94,8.65,8.68,8.74,1.0,2.19,69.63,2.11,2065770000.0,2065770000.0,0.0,0.11,5.29,8.56
1438,301159,三维天地,46.7,0.11,0.05,25179.0,118213263.71,4.65,47.97,45.8,46.62,46.65,0.88,4.75,-36.02,6.19,3612245000.0,2475799333.0,0.19,0.02,21.58,27.01
1439,300947,德必集团,17.87,0.11,0.02,32376.0,58435667.2,2.58,18.26,17.8,17.93,17.85,0.97,2.14,201.63,2.16,2700830628.0,2699759053.0,0.06,0.11,-3.04,-11.27
1440,002033,丽江股份,9.42,0.11,0.01,119837.0,113767906.54,2.13,9.58,9.38,9.4,9.41,1.04,2.18,20.23,2.04,5176202498.0,5176103305.0,0.0,0.0,6.2,2.95
1441,600528,中铁工业,8.72,0.11,0.01,299937.0,263751579.0,2.41,8.88,8.67,8.68,8.71,1.2,1.35,14.63,0.78,19371929847.0,19371929847.0,0.0,-0.11,9.69,6.6
1442,300867,圣元环保,19.22,0.1,0.02,42725.0,82555029.29,2.24,19.54,19.11,19.11,19.2,1.03,2.23,18.54,1.35,5222863039.0,3683086739.0,0.0,0.16,-16.29,0.84
1443,603151,邦基科技,19.19,0.1,0.02,23481.0,45428791.0,2.66,19.5,18.99,19.23,19.17,1.0,1.37,23.18,2.41,3281278910.0,3281278910.0,-0.1,-0.05,5.15,6.49
1444,920694,中裕科技,19.84,0.1,0.02,15251.0,30637232.75,3.68,20.5,19.77,19.98,19.82,0.67,2.44,29.52,2.96,2620635364.0,1239810349.0,0.0,-0.35,4.92,1.48
1445,688581,安杰思,58.14,0.1,0.06,2196.0,12773682.0,0.62,58.37,58.01,58.29,58.08,0.67,0.53,21.17,1.87,4716437673.0,2416281016.0,0.05,-0.05,-0.95,-0.84
1446,300015,爱尔眼科,10.16,0.1,0.01,438939.0,446281976.01,1.58,10.23,10.07,10.15,10.15,0.91,0.55,22.81,4.22,94746030167.0,80826436498.0,0.1,0.2,-9.45,-6.79
1447,003030,祖名股份,20.74,0.1,0.02,22596.0,47254124.0,2.7,21.16,20.6,20.7,20.72,1.11,2.85,60.35,2.54,2587937200.0,1646462529.0,0.14,0.19,-4.56,2.72
1448,002598,山东章鼓,9.9,0.1,0.01,46167.0,45914927.0,2.02,10.04,9.84,9.86,9.89,0.81,1.64,37.4,2.52,3089266736.0,2786293333.0,0.0,0.0,-10.81,-7.39
1449,603800,洪田股份,38.7,0.1,0.04,32807.0,128523141.0,3.41,39.98,38.66,38.66,38.66,0.94,1.58,96.68,9.34,8049600000.0,8049600000.0,-0.03,0.0,-19.48,-20.65
1450,300566,激智科技,20.56,0.1,0.02,91681.0,189412683.41,2.82,20.91,20.33,20.38,20.54,1.02,4.04,24.18,2.57,5388871049.0,4660549661.0,0.15,0.19,9.54,12.04
1451,301353,普莱得,29.29,0.1,0.03,7049.0,20783226.1,2.8,29.87,29.05,29.15,29.26,0.7,2.21,35.07,2.22,2875728783.0,933801783.0,-0.37,0.07,8.2,10.11
1452,601009,南京银行,11.18,0.09,0.01,393597.0,441947337.0,1.88,11.33,11.12,11.17,11.17,0.99,0.32,6.34,0.76,138224681799.0,138224681799.0,0.0,-0.09,-1.32,-2.19
1453,002820,桂发祥,11.6,0.09,0.01,36122.0,42101864.56,2.07,11.76,11.52,11.59,11.59,0.8,1.8,1713.97,2.61,2330072222.0,2330072222.0,-0.09,0.09,-10.91,-3.73
1454,002830,名雕股份,22.71,0.09,0.02,31687.0,72374179.0,1.98,23.05,22.6,22.65,22.69,0.91,4.74,142.79,4.64,3028151400.0,1518220275.0,0.35,0.35,1.38,16.46
1455,688439,振华风光,57.05,0.09,0.05,33996.0,191990894.0,1.84,57.05,56.0,56.76,57.0,1.29,1.7,84.43,2.27,11410000000.0,11410000000.0,0.9,1.15,-6.37,-11.69
1456,601089,福元医药,23.02,0.09,0.02,17146.0,39618773.0,2.35,23.35,22.81,22.98,23.0,0.63,0.36,22.08,3.0,11049600000.0,11049600000.0,-0.09,-0.13,-4.2,-4.08
1457,600668,尖峰集团,11.04,0.09,0.01,50246.0,55492430.0,1.45,11.1,10.94,11.05,11.03,1.36,1.22,5.26,0.79,4558422558.0,4558422558.0,0.45,0.36,-3.75,-2.3
1458,603022,新通联,11.28,0.09,0.01,41222.0,46825057.0,3.37,11.54,11.16,11.26,11.27,0.9,2.06,46.25,2.75,2256000000.0,2256000000.0,-0.18,-0.35,10.37,9.83
1459,603439,三力制药,11.65,0.09,0.01,23635.0,27600494.0,1.63,11.76,11.57,11.57,11.64,1.29,0.59,44.23,3.22,4764037016.0,4704738516.0,-0.09,-0.09,-3.96,-0.43
1460,300055,万邦达,10.74,0.09,0.01,360244.0,392267557.79,4.94,11.14,10.61,10.7,10.73,0.57,5.69,269.68,1.74,8986690768.0,6796801955.0,0.09,-0.09,36.29,31.78
1461,300978,东箭科技,12.17,0.08,0.01,32829.0,40054521.77,2.14,12.29,12.03,12.11,12.16,0.56,1.72,29.57,3.13,5144292334.0,2327139867.0,0.41,0.25,2.96,-2.56
1462,002287,奇正藏药,24.29,0.08,0.02,22631.0,55028095.45,1.24,24.45,24.15,24.23,24.27,0.6,0.4,21.5,2.81,13896751151.0,13869342121.0,0.0,0.08,-0.37,2.66
1463,301009,可靠股份,12.22,0.08,0.01,19015.0,23274623.0,2.21,12.36,12.09,12.19,12.21,0.75,1.26,89.04,2.49,3322129200.0,1845648042.0,-0.08,0.16,-3.55,-3.63
1464,301070,开勒股份,62.43,0.08,0.05,16704.0,104023525.78,5.16,64.25,61.03,62.38,62.38,0.93,2.81,195.35,7.16,5633048911.0,3705520164.0,-0.11,1.33,-0.16,1.43
1465,300960,通业科技,25.05,0.08,0.02,13587.0,34237210.0,2.72,25.5,24.82,25.03,25.03,0.76,1.04,101.97,6.0,3618328838.0,3278500538.0,0.0,0.12,1.09,-0.52
1466,688389,普门科技,13.31,0.08,0.01,19932.0,26598419.0,1.65,13.43,13.21,13.27,13.3,0.92,0.47,30.65,2.69,5703145066.0,5703145066.0,-0.08,0.15,-1.26,2.54
1467,920504,博迅生物,24.18,0.08,0.02,2806.0,6815261.92,2.11,24.53,24.02,24.02,24.16,1.1,1.64,70.25,5.08,1047794358.0,413282263.0,0.17,0.25,3.91,-0.21
1468,600272,开开实业,13.03,0.08,0.01,15862.0,20756385.0,1.92,13.18,12.93,12.95,13.02,0.76,0.99,199.47,4.41,3422354843.0,2084800000.0,0.08,0.0,-17.06,-4.4
1469,688727,恒坤新材,50.98,0.08,0.04,31265.0,161269195.0,4.53,52.59,50.28,50.28,50.94,1.23,6.22,223.19,9.14,22906313208.0,2561396552.0,-0.2,0.0,11.07,6.72
1470,002887,绿茵生态,11.96,0.08,0.01,72135.0,87827235.65,5.86,12.45,11.75,11.91,11.95,1.27,3.71,39.02,1.6,3659608778.0,2327428151.0,0.08,-0.08,26.83,27.78
1471,301283,聚胶股份,48.54,0.08,0.04,7719.0,37753773.0,2.74,49.49,48.16,48.36,48.5,0.79,1.22,20.64,2.38,3903481080.0,3071458299.0,-0.12,0.06,5.91,1.59
1472,603444,吉比特,381.29,0.08,0.29,13635.0,523822119.0,3.12,390.89,379.02,385.2,381.0,1.15,1.89,16.97,5.1,27468551400.0,27468551400.0,0.0,0.02,-13.83,-10.04
1473,603408,建霖家居,12.3,0.08,0.01,18785.0,23225542.0,1.55,12.43,12.24,12.28,12.29,0.86,0.42,11.85,1.6,5505147900.0,5505147900.0,-0.24,-0.08,-10.74,-7.87
1474,002828,贝肯能源,13.88,0.07,0.01,317016.0,442089534.7,4.4,14.25,13.64,14.12,13.87,0.63,16.38,72.11,4.01,2789707888.0,2686640213.0,0.07,0.36,21.86,30.21
1475,300452,山河药辅,15.28,0.07,0.01,36668.0,56355726.63,1.9,15.51,15.22,15.3,15.27,0.77,1.85,20.27,3.84,3582457028.0,3035065575.0,0.0,0.07,10.56,14.2
1476,002846,英联股份,14.79,0.07,0.01,51199.0,76441451.0,2.98,15.09,14.65,14.66,14.78,0.79,1.99,131.69,4.4,6211705876.0,3801297640.0,0.0,0.0,-8.65,-8.36
1477,603107,上海汽配,14.95,0.07,0.01,16549.0,24775004.0,0.94,15.04,14.9,14.95,14.94,0.95,0.76,28.0,2.38,5043158250.0,3261701270.0,-0.13,0.0,-2.29,0.81
1478,300961,深水海纳,13.65,0.07,0.01,28961.0,39758234.0,2.64,13.9,13.54,13.7,13.64,0.71,1.9,-75.25,3.3,2419872000.0,2082563205.0,0.0,0.07,-5.73,-4.61
1479,002007,华兰生物,15.26,0.07,0.01,76092.0,116210040.2,0.85,15.33,15.2,15.23,15.25,0.85,0.48,26.66,2.45,27886988723.0,24014705934.0,0.0,0.07,0.26,0.86
1480,920007,酉立智能,67.22,0.06,0.04,4130.0,27906948.29,1.95,68.05,66.74,67.16,67.18,1.35,3.88,32.89,4.54,2986749289.0,715412377.0,0.09,0.1,-4.64,-2.52
1481,688319,欧林生物,31.31,0.06,0.02,67897.0,214521120.0,3.77,32.05,30.87,31.5,31.29,0.81,1.67,571.38,14.04,12702745659.0,12693365183.0,-0.57,-0.6,17.71,23.46
1482,002415,海康威视,31.94,0.06,0.02,367074.0,1170137175.8,1.25,32.02,31.62,31.69,31.92,1.06,0.41,20.63,3.51,292725997307.0,288943089248.0,0.0,0.06,6.5,7.04
1483,605188,国光连锁,17.05,0.06,0.01,36518.0,62607040.0,1.7,17.28,16.99,17.02,17.04,1.12,0.73,559.3,7.26,8565212425.0,8565212425.0,-0.06,0.0,-28.06,-12.07
1484,603238,诺邦股份,17.51,0.06,0.01,12480.0,21967279.0,2.63,17.81,17.35,17.44,17.5,0.76,0.7,24.3,2.15,3108182590.0,3108182590.0,0.0,0.11,0.06,-0.62
1485,300437,清水源,20.77,0.05,0.01,547042.0,1194981177.69,13.01,23.0,20.3,20.3,20.76,1.16,31.48,-104.93,3.76,5092868325.0,3608799900.0,-0.05,-0.24,2.47,30.06
1486,300791,仙乐健康,20.7,0.05,0.01,13602.0,28198453.1,1.26,20.86,20.6,20.6,20.69,0.89,0.53,18.35,2.59,6368037524.0,5310065430.0,0.0,0.0,-9.49,-19.95
1487,300294,博雅生物,20.85,0.05,0.01,43029.0,90062466.75,1.63,21.09,20.75,20.77,20.84,0.86,0.85,22.99,1.37,10513586187.0,10513586187.0,0.0,0.14,-10.86,-7.74
1488,600882,妙可蓝多,20.72,0.05,0.01,34700.0,72329481.0,2.08,20.99,20.56,20.57,20.71,0.91,0.68,45.05,2.29,10568311566.0,10568311566.0,-0.19,-0.19,-22.05,-17.58
1489,301133,金钟股份,39.02,0.05,0.02,28246.0,112398962.33,5.03,40.59,38.63,38.88,39.0,0.97,2.54,136.52,4.1,4739627668.0,4336525510.0,-0.03,0.03,21.18,1.85
1490,605378,野马电池,21.15,0.05,0.01,27459.0,58437513.0,3.6,21.56,20.8,20.8,21.14,0.85,1.05,75.85,4.42,5527476360.0,5527476360.0,0.24,0.48,-6.46,-5.92
1491,300898,熊猫乳品,25.07,0.04,0.01,23660.0,59459434.0,2.15,25.4,24.86,25.0,25.06,0.91,2.06,32.51,3.17,3108680000.0,2876398653.0,0.32,0.28,-11.29,-6.91
1492,301089,拓新药业,28.31,0.04,0.01,16478.0,47114870.57,2.9,28.92,28.1,28.19,28.3,0.79,1.81,-89.08,2.35,3582474795.0,2575539421.0,-0.21,-0.25,-10.18,1.11
1493,920274,宏裕包材,24.61,0.04,0.01,9029.0,22159785.17,2.76,24.88,24.2,24.56,24.6,0.84,1.11,108.58,4.07,2001613350.0,2001613350.0,0.04,0.0,-11.89,-14.43
1494,688729,屹唐股份,23.61,0.04,0.01,132936.0,318060247.0,4.79,24.47,23.34,23.6,23.6,2.25,6.18,104.03,7.82,69780771600.0,5076172005.0,-1.63,-1.79,-6.05,-3.55
1495,301199,迈赫股份,23.8,0.04,0.01,16427.0,39349423.6,3.07,24.25,23.52,23.76,23.79,0.83,2.29,33.86,2.31,4442888800.0,1706483800.0,0.0,0.04,7.5,2.06
1496,300959,线上线下,80.61,0.04,0.03,13055.0,105456370.5,2.95,81.88,79.5,79.91,80.58,0.81,2.49,1385.72,5.78,6478448358.0,4220354204.0,0.01,0.01,-41.59,-14.88
1497,301665,泰禾股份,30.62,0.03,0.01,67528.0,208915183.38,3.07,31.38,30.44,30.44,30.61,1.23,17.65,28.12,3.92,13779000000.0,1171215000.0,0.0,0.0,6.43,8.43
1498,920122,中纺标,29.95,0.03,0.01,4643.0,13972252.9,3.14,30.5,29.56,30.18,29.94,0.69,1.24,128.27,8.14,2762651135.0,1119385383.0,0.71,0.57,-14.55,-10.62
1499,601995,中金公司,34.17,0.03,0.01,176680.0,605249075.0,1.11,34.46,34.08,34.11,34.16,1.34,0.6,18.84,1.69,164947367180.0,99897445175.0,0.0,0.0,-1.81,-2.37
1500,002223,鱼跃医疗,36.28,0.03,0.01,68394.0,248972411.11,1.27,36.62,36.16,36.26,36.27,0.9,0.73,18.61,2.69,36369862984.0,34108938190.0,-0.03,0.03,1.85,-5.05
1501,002311,海大集团,56.51,0.02,0.01,76377.0,433215364.58,1.98,57.3,56.18,56.71,56.5,0.84,0.46,17.02,3.72,94018510805.0,93949078833.0,-0.02,-0.11,6.74,2.04
1502,600436,片仔癀,156.42,0.01,0.02,12105.0,189556529.0,0.9,157.25,155.84,156.0,156.4,0.86,0.2,33.24,6.52,94370877988.0,94370877988.0,0.0,0.0,-6.63,-7.32
1503,920415,恒拓开源,14.13,0.0,0.0,11304.0,16039669.78,2.05,14.3,14.01,14.05,14.13,0.55,1.04,78.17,3.56,1985427311.0,1529308877.0,0.28,0.14,2.61,0.28
1504,002662,峰璟股份,4.03,0.0,0.0,232747.0,94757230.69,3.23,4.12,3.99,4.0,4.03,1.18,1.55,22.26,1.37,6045000000.0,6044923833.0,-0.25,-0.25,3.07,0.25
1505,000153,丰原药业,6.67,0.0,0.0,62868.0,42177430.8,1.5,6.75,6.65,6.72,6.67,0.82,1.37,23.18,1.48,3099452432.0,3060652875.0,-0.3,-0.15,0.76,6.38
1506,603323,苏农银行,5.07,0.0,0.0,305524.0,154968840.0,1.58,5.11,5.03,5.07,5.07,1.16,1.51,5.01,0.54,10234005086.0,10234005086.0,0.0,0.0,-2.12,0.4
1507,000068,华控赛格,3.45,0.0,0.0,163703.0,57132088.5,3.19,3.54,3.43,3.45,3.45,1.25,1.63,-26.03,5.71,3473016551.0,3473016551.0,-0.29,0.0,-5.99,2.07
1508,000090,天健集团,3.99,0.0,0.0,272129.0,109246953.63,1.75,4.04,3.97,3.98,3.99,1.36,1.46,277.79,0.66,7455496282.0,7455155137.0,0.0,-0.25,4.18,7.84
1509,601882,海天精工,21.85,0.0,0.0,83172.0,183813923.0,4.3,22.6,21.66,22.06,21.85,0.8,1.59,25.34,3.99,11405700000.0,11405700000.0,-0.09,-0.14,14.64,12.28
1510,603789,*ST星农,5.37,0.0,0.0,23343.0,12507139.0,1.68,5.41,5.32,5.36,5.37,0.81,0.9,-16.29,8.4,1424202402.0,1396200000.0,0.19,0.0,-2.72,0.94
1511,600467,好当家,2.66,0.0,0.0,733096.0,196323673.0,2.26,2.7,2.64,2.64,2.66,1.46,5.02,107.82,1.14,3886244849.0,3886244849.0,0.0,0.38,-8.59,2.31
1512,600483,福能股份,11.04,0.0,0.0,516964.0,570882134.0,3.35,11.23,10.86,11.09,11.04,1.38,1.86,11.57,1.17,30692721312.0,30692721312.0,0.36,0.27,9.85,16.58
1513,600582,天地科技,6.27,0.0,0.0,604935.0,380430945.0,1.44,6.33,6.24,6.26,6.27,1.17,1.46,8.32,1.02,25948952353.0,25948952353.0,0.0,0.0,6.81,7.55
1514,603718,海利生物,4.86,0.0,0.0,106423.0,51791755.0,1.23,4.9,4.84,4.87,4.86,0.84,1.64,116.88,2.08,3168256842.0,3154041342.0,0.0,0.21,-30.67,-20.33
1515,603730,岱美股份,9.1,0.0,0.0,160284.0,145905011.0,2.75,9.23,8.98,9.12,9.1,0.69,0.75,32.97,4.28,19552126066.0,19552126066.0,0.11,0.0,14.32,3.88
1516,601880,辽港股份,1.78,0.0,0.0,2221892.0,395724231.0,2.25,1.8,1.76,1.77,1.78,1.17,1.21,24.2,1.04,41957745639.0,32775231161.0,0.0,0.56,11.95,11.25
1517,603193,润本股份,22.38,0.0,0.0,12005.0,26934644.0,1.52,22.56,22.22,22.44,22.38,0.91,1.16,25.53,4.17,9054798367.0,2312666707.0,0.0,0.18,-7.25,-7.64
1518,600861,北京人力,16.89,0.0,0.0,27729.0,46767188.0,0.71,16.92,16.8,16.81,16.89,0.95,0.76,7.12,1.34,9561643807.0,6191449183.0,0.0,0.24,-8.11,-7.91
1519,301036,双乐股份,30.4,0.0,0.0,14519.0,44584565.51,3.03,31.25,30.33,30.44,30.4,1.08,2.06,46.1,1.83,3040000000.0,2141182504.0,-0.43,-0.33,-14.58,-11.63
1520,603313,梦百合,9.09,0.0,0.0,53724.0,49011850.0,2.2,9.2,9.0,9.09,9.09,0.68,0.94,24.18,1.41,5186634785.0,5186634785.0,-0.33,-0.11,-1.94,2.13
1521,000538,云南白药,56.3,0.0,0.0,46696.0,263168619.28,0.73,56.58,56.17,56.26,56.3,0.67,0.26,15.77,2.53,100453984549.0,99808308618.0,0.0,0.04,1.24,-0.81
1522,000545,金浦钛业,3.94,0.0,0.0,2442700.0,980395501.86,6.85,4.14,3.87,3.92,3.94,1.15,24.79,-12.53,4.26,3888122398.0,3882488198.0,-0.25,0.0,29.61,39.72
1523,000548,湖南投资,5.79,0.0,0.0,73303.0,42680470.61,2.07,5.87,5.75,5.82,5.79,0.86,1.47,38.46,1.4,2890459546.0,2890217454.0,0.17,0.0,0.0,6.43
1524,000557,西部创业,5.16,0.0,0.0,251196.0,130069817.93,2.13,5.23,5.12,5.16,5.16,1.7,1.72,19.15,1.18,7525213633.0,7522847582.0,0.19,0.19,4.45,3.61
1525,000586,汇源通信,15.82,0.0,0.0,89554.0,142754097.0,4.68,16.32,15.58,15.62,15.82,0.81,4.63,155.46,9.04,3060220800.0,3060220800.0,0.06,0.06,16.15,16.93
1526,000848,承德露露,8.26,0.0,0.0,64358.0,53210473.35,0.85,8.31,8.24,8.25,8.26,1.2,0.64,16.47,2.47,8425200611.0,8352050051.0,0.0,0.12,-3.05,-2.82
1527,603223,恒通股份,9.26,0.0,0.0,59692.0,55360188.0,0.97,9.32,9.23,9.26,9.26,0.47,0.84,28.19,1.68,6613372046.0,6613372046.0,0.11,0.22,-17.25,-0.43
1528,000882,华联股份,1.84,0.0,0.0,622788.0,114826206.65,1.63,1.86,1.83,1.84,1.84,1.47,2.28,-27.53,0.75,5036727582.0,5033346249.0,0.0,0.0,-11.96,-10.68
1529,000885,城发环境,14.5,0.0,0.0,94521.0,137593190.12,1.59,14.68,14.45,14.49,14.5,1.14,1.47,7.65,1.02,9310134698.0,9310134698.0,0.0,0.07,6.62,5.69
1530,300686,智动力,15.45,0.0,0.0,63590.0,100169493.0,4.08,16.02,15.39,15.5,15.45,1.03,2.46,-46.85,4.28,4026644199.0,4000125819.0,-0.19,-0.26,4.82,2.59
1531,603982,泉峰汽车,8.21,0.0,0.0,48251.0,39832796.0,2.19,8.34,8.16,8.18,8.21,0.75,1.42,-9.76,1.3,2997709049.0,2787734629.0,0.12,0.12,-4.87,-1.91
1532,605337,李子园,11.44,0.0,0.0,36845.0,42278841.0,1.31,11.55,11.4,11.44,11.44,0.9,0.94,22.63,2.84,4462770003.0,4462770003.0,0.0,0.18,-6.76,-3.78
1533,300737,科顺股份,6.55,0.0,0.0,287370.0,192691643.56,5.04,6.87,6.54,6.55,6.55,1.06,3.24,271.45,1.61,7270305196.0,5809228549.0,0.0,-0.46,28.68,19.09
1534,002081,金 螳 螂,3.64,0.0,0.0,276762.0,101502466.61,1.92,3.7,3.63,3.63,3.64,0.95,1.05,19.0,0.7,9665378228.0,9626361796.0,-0.27,0.0,12.69,6.43
1535,002030,达安基因,6.19,0.0,0.0,166197.0,103046685.58,1.45,6.24,6.15,6.19,6.19,1.12,1.18,-46.04,1.12,8687330938.0,8687330938.0,0.16,0.16,-1.59,3.86
1536,300740,水羊股份,20.88,0.0,0.0,84041.0,176672180.96,2.97,21.35,20.73,20.82,20.88,0.72,2.34,44.95,3.93,8143410951.0,7495559799.0,-0.05,0.0,2.96,-12.42
1537,002005,ST德豪,2.98,0.0,0.0,62403.0,18571617.0,1.34,3.0,2.96,2.98,2.98,0.58,0.36,43.45,14.15,5222226077.0,5220939611.0,0.0,0.34,14.18,20.16
1538,920058,华洋赛车,30.26,0.0,0.0,3564.0,10823207.43,1.88,30.57,30.0,30.36,30.26,1.22,1.29,33.82,4.89,1696257889.0,835006181.0,-0.46,0.13,-1.63,-13.0
1539,001391,国货航,5.7,0.0,0.0,156526.0,89278713.65,1.23,5.73,5.66,5.68,5.7,0.98,1.03,28.43,2.67,69590622983.0,8660317914.0,0.0,0.0,-8.51,-3.72
1540,300869,康泰医学,14.24,0.0,0.0,28608.0,40880323.48,1.83,14.4,14.14,14.19,14.24,0.84,1.13,456.52,3.29,5721677525.0,3607863687.0,0.0,0.0,-11.11,-5.07
1541,600887,伊利股份,26.71,0.0,0.0,494171.0,1324445003.0,1.24,26.94,26.61,26.71,26.71,1.01,0.79,12.15,3.0,168950383416.0,168110862848.0,0.0,0.04,-5.55,-6.61
1542,000926,福星股份,2.26,0.0,0.0,317053.0,72221718.16,2.21,2.3,2.25,2.26,2.26,1.24,2.02,-3.11,0.42,3600100389.0,3555452668.0,0.0,0.44,-6.61,0.44
1543,605080,浙江自然,24.16,0.0,0.0,8352.0,20282696.0,1.99,24.48,24.0,24.16,24.16,0.76,0.6,14.06,1.55,3419626694.0,3390884992.0,0.0,0.0,4.41,5.04
1544,605128,上海沿浦,35.0,0.0,0.0,21717.0,76132716.0,2.23,35.44,34.66,35.35,35.0,1.44,1.03,43.79,3.55,7389854710.0,7389854710.0,0.0,0.03,-6.62,-5.05
1545,600807,济高发展,3.35,0.0,0.0,135129.0,45253573.0,2.39,3.39,3.31,3.32,3.35,0.68,1.72,-27.09,67.55,2963526349.0,2636511854.0,0.9,0.9,1.21,8.77
1546,605108,同庆楼,17.58,0.0,0.0,17571.0,31035645.0,1.48,17.77,17.51,17.52,17.58,0.82,0.68,113.52,2.05,4570800000.0,4570800000.0,-0.06,0.06,-12.67,-8.53
1547,603180,金牌家居,20.13,0.0,0.0,8359.0,16880760.0,1.44,20.29,20.0,20.0,20.13,0.9,0.54,35.99,1.12,3105196228.0,3105196228.0,0.1,0.3,-6.93,-1.28
1548,001308,康冠科技,20.7,0.0,0.0,21315.0,44446779.22,2.27,21.08,20.61,20.74,20.7,0.84,0.43,21.73,1.78,14566095353.0,10281036377.0,0.15,0.1,-3.77,-0.77
1549,603368,柳药集团,17.51,0.0,0.0,34338.0,60191316.0,0.97,17.58,17.41,17.49,17.51,0.82,0.86,8.08,0.91,6955170826.0,6955170826.0,-0.06,-0.06,-2.61,-1.74
1550,603176,汇通集团,5.73,0.0,0.0,48303.0,27879286.0,2.44,5.84,5.7,5.73,5.73,0.94,1.05,-68.85,2.51,2723108319.0,2646205989.0,-0.35,-0.17,6.11,8.94
1551,603367,辰欣药业,17.09,0.0,0.0,46664.0,80174951.0,2.4,17.36,16.95,17.1,17.09,0.91,1.03,15.19,1.26,7737568065.0,7737568065.0,-0.18,-0.18,-5.74,-1.33
1552,920006,晟楠科技,25.68,0.0,0.0,12534.0,32223186.8,2.76,26.0,25.29,25.69,25.68,0.56,2.62,292.69,7.25,2318575296.0,1227429836.0,0.0,-0.31,-2.43,-4.46
1553,300950,德固特,22.89,0.0,0.0,23337.0,53792139.14,3.23,23.48,22.74,23.04,22.89,1.0,2.57,36.36,4.4,3503726520.0,2082137920.0,0.0,0.09,-1.55,0.13
1554,603222,济民健康,8.84,0.0,0.0,71777.0,63747689.0,2.6,8.98,8.75,8.84,8.84,0.58,1.37,-45.12,3.32,4641801037.0,4641801037.0,0.0,0.0,-4.54,-3.18
1555,603205,健尔康,27.1,0.0,0.0,7487.0,20339074.0,1.11,27.3,27.0,27.09,27.1,1.53,1.81,41.5,2.9,4227600000.0,1120314000.0,0.0,0.04,-1.78,-5.21
1556,603202,天有为,91.41,0.0,0.0,3359.0,30688642.0,0.55,91.6,91.1,91.1,91.41,0.62,1.01,14.08,2.21,14625600000.0,3040482894.0,0.0,0.2,-1.76,-0.44
1557,000931,中 关 村,5.19,0.0,0.0,85206.0,44493448.63,1.93,5.26,5.16,5.19,5.19,0.8,1.13,59.23,2.39,3908729037.0,3897843271.0,0.19,0.19,1.37,6.57
1558,000020,深华发Ａ,14.49,0.0,0.0,21655.0,31514277.0,2.69,14.76,14.37,14.43,14.49,0.87,1.2,144.7,9.66,4103006179.0,2625086516.0,0.14,0.14,-14.46,4.47
1559,600790,轻纺城,3.9,0.0,0.0,98973.0,38858456.0,2.05,3.96,3.88,3.89,3.9,0.95,0.68,26.23,0.99,5716584619.0,5716584619.0,-0.26,-0.26,1.3,1.83
1560,600818,中路股份,9.28,0.0,0.0,35609.0,33213465.0,2.48,9.43,9.2,9.28,9.28,0.92,1.5,-118.47,5.34,2983036605.0,2208249405.0,0.0,0.0,-8.39,-3.23
1561,600815,厦工股份,3.14,0.0,0.0,355327.0,112627922.0,2.55,3.2,3.12,3.13,3.14,1.08,2.0,-664.73,3.67,5570656667.0,5570656667.0,0.0,0.0,-28.47,-8.99
1562,600829,人民同泰,10.14,0.0,0.0,48139.0,49014476.0,2.17,10.27,10.05,10.1,10.14,0.84,0.83,39.42,1.96,5880070374.0,5880070374.0,0.1,0.1,-20.6,-6.2
1563,600834,申通地铁,8.61,0.0,0.0,25909.0,22460431.0,1.74,8.75,8.6,8.62,8.61,0.92,0.54,87.0,2.4,4110258202.0,4110258202.0,-0.23,-0.23,2.38,1.77
1564,000789,万年青,5.75,0.0,0.0,90350.0,52241360.0,1.57,5.81,5.72,5.74,5.75,1.37,1.13,459.4,0.71,4585092636.0,4585092636.0,0.17,0.17,5.31,9.94
1565,600136,ST明诚,1.81,0.0,0.0,124210.0,22356998.0,1.1,1.81,1.79,1.8,1.81,0.63,0.64,-430.18,15.53,3693894935.0,3516991984.0,0.56,0.0,2.84,7.1
1566,002302,西部建设,6.49,0.0,0.0,264674.0,173130783.16,2.31,6.6,6.45,6.51,6.49,1.26,2.1,-31.06,0.96,8192679433.0,8192679433.0,0.31,0.15,5.36,6.05
1567,300305,裕兴股份,6.85,0.0,0.0,70221.0,48409301.72,3.65,6.97,6.72,6.86,6.85,0.93,2.18,-10.19,1.26,2571492548.0,2202109894.0,-0.15,-0.15,3.16,15.13
1568,601068,中铝国际,6.41,0.0,0.0,542881.0,352306593.0,4.06,6.62,6.36,6.43,6.41,1.93,2.12,120.83,6.56,19152030471.0,16406976175.0,0.0,0.31,29.76,21.17
1569,002279,久其软件,8.77,0.0,0.0,533066.0,470101186.0,5.47,9.06,8.58,8.7,8.77,1.74,6.75,-196.8,5.4,7561554259.0,6925908851.0,0.0,0.23,4.53,9.76
1570,603066,音飞储存,10.56,0.0,0.0,24746.0,26230023.0,2.46,10.73,10.47,10.53,10.56,1.04,0.84,37.33,2.16,3106541581.0,3106541581.0,0.09,0.19,-5.12,-1.77
1571,920809,安达科技,7.38,0.0,0.0,252332.0,189914799.42,5.42,7.72,7.32,7.38,7.38,1.67,5.5,-17.26,2.83,4420989000.0,3388210752.0,0.0,0.0,4.98,5.13
1572,300406,九强生物,12.56,0.0,0.0,25894.0,32569439.98,1.27,12.63,12.47,12.55,12.56,0.76,0.61,20.27,1.93,7364036368.0,5330668791.0,-0.16,0.0,-6.89,-3.9
1573,300314,戴维医疗,13.78,0.0,0.0,28129.0,38931261.0,2.1,13.98,13.69,13.77,13.78,0.78,1.96,40.99,3.26,3968640000.0,1980757153.0,-0.36,0.0,7.4,9.54
1574,600051,宁波联合,8.21,0.0,0.0,70472.0,58264873.0,2.19,8.35,8.17,8.18,8.21,0.97,2.27,28.53,0.75,2552324800.0,2552324800.0,0.0,0.12,7.18,8.89
1575,603895,天永智能,28.76,0.0,0.0,14610.0,42116864.0,2.82,29.26,28.45,28.76,28.76,0.46,1.35,192.02,16.04,3108380800.0,3108380800.0,0.0,-0.03,-1.34,-1.37
1576,603899,晨光股份,26.01,0.0,0.0,24005.0,62596864.0,1.0,26.17,25.91,25.91,26.01,0.61,0.26,18.95,2.68,23954439506.0,23954439506.0,-0.19,-0.15,-4.97,-3.88
1577,002211,ST宏达,3.71,0.0,0.0,44918.0,16614403.0,1.62,3.73,3.67,3.68,3.71,0.87,1.04,-112.95,118.26,1604485140.0,1604485140.0,0.82,0.54,13.8,16.3
1578,002127,南极电商,3.01,0.0,0.0,228531.0,69057834.0,1.66,3.04,2.99,3.0,3.01,1.07,1.15,129.5,1.77,7389159913.0,6004146321.0,0.0,-0.33,-13.01,-10.68
1579,002122,ST汇洲,3.02,0.0,0.0,184411.0,55820626.0,1.66,3.06,3.01,3.01,3.02,0.98,0.93,80.61,2.77,6044531737.0,6004421646.0,0.33,0.0,-4.13,0.67
1580,002191,劲嘉股份,3.94,0.0,0.0,134310.0,53117350.0,1.52,3.98,3.92,3.92,3.94,1.34,0.93,29.74,0.86,5720008606.0,5675631212.0,0.0,-0.25,-7.08,-5.97
1581,002186,全 聚 德,10.92,0.0,0.0,37849.0,41494989.81,1.28,11.02,10.88,10.9,10.92,0.9,1.23,96.04,3.87,3351583741.0,3347103811.0,-0.09,0.0,-8.0,-7.3
1582,600180,瑞茂通,3.84,0.0,0.0,173259.0,66615057.0,2.08,3.88,3.8,3.81,3.84,0.98,1.59,41.86,0.53,4172649462.0,4172649462.0,0.52,0.26,-7.69,9.71
1583,920651,天罡股份,34.91,0.0,0.0,2287.0,7938829.6,2.81,35.14,34.16,34.91,34.91,0.49,1.5,26.52,3.92,2129510000.0,533245747.0,1.36,1.13,-12.37,-19.38
1584,920123,芭薇股份,13.69,0.0,0.0,10153.0,14098348.14,3.29,14.05,13.6,13.6,13.69,1.23,1.6,39.41,3.67,1526982600.0,871134346.0,-0.51,-0.22,-8.79,-8.85
1585,603096,新经典,18.6,0.0,0.0,17363.0,32374599.0,2.15,18.8,18.4,18.49,18.6,1.05,1.13,31.74,1.54,2868764006.0,2868764006.0,0.16,0.27,3.16,6.77
1586,002133,广宇集团,3.71,0.0,0.0,144696.0,54267717.0,2.7,3.8,3.7,3.71,3.71,0.96,1.88,22.76,0.98,2872074889.0,2856218446.0,0.0,0.0,8.16,9.44
1587,002146,荣盛发展,1.56,0.0,0.0,1653643.0,260930385.28,3.21,1.6,1.55,1.56,1.56,1.87,4.23,-1.64,0.57,6783135608.0,6101973308.0,-0.64,-0.64,-1.27,-4.88
1588,301370,国科恒泰,11.17,0.0,0.0,20271.0,22721844.78,1.79,11.3,11.1,11.1,11.17,0.81,0.63,58.53,2.1,5256602000.0,3616271426.0,-0.09,0.0,-3.12,-4.37
1589,300552,万集科技,29.41,0.0,0.0,58091.0,171289161.4,4.15,30.08,28.86,29.02,29.41,1.01,4.22,-40.48,3.49,6268244824.0,4051592949.0,-0.1,0.0,20.09,-3.13
1590,600222,太龙药业,7.32,0.0,0.0,176545.0,129773378.0,2.05,7.42,7.27,7.34,7.32,0.9,3.08,124.41,2.64,4200847592.0,4200847592.0,0.0,0.14,-10.62,11.42
1591,600235,民丰特纸,7.17,0.0,0.0,66651.0,48183516.0,2.65,7.3,7.11,7.14,7.17,1.03,1.9,101.34,1.66,2518821000.0,2518821000.0,-0.28,0.0,6.54,5.44
1592,688455,科捷智能,22.98,0.0,0.0,21417.0,49509327.0,4.0,23.52,22.6,22.86,22.98,0.5,1.83,121.53,4.05,3861344705.0,2689364705.0,0.13,0.17,31.46,14.39
1593,000753,漳州发展,6.97,0.0,0.0,151495.0,105963561.75,2.73,7.1,6.91,6.98,6.97,0.74,1.53,99.55,2.52,6910623065.0,6910623065.0,0.0,0.0,-22.9,-11.44
1594,000755,山西高速,5.58,0.0,0.0,59529.0,33248824.96,1.25,5.62,5.55,5.58,5.58,0.7,0.41,15.72,1.5,8187590894.0,8187590894.0,0.0,0.36,5.88,11.16
1595,000757,浩物股份,5.26,0.0,0.0,108022.0,57355911.0,3.23,5.38,5.21,5.26,5.26,0.88,2.03,49.13,1.76,2802086660.0,2802033665.0,-0.38,0.0,4.78,8.01
1596,300158,振东制药,5.94,0.0,0.0,460314.0,275868887.16,3.7,6.13,5.91,6.1,5.94,2.32,4.64,217.08,1.63,5894280153.0,5890617465.0,0.0,0.17,-6.6,2.24
1597,600300,维维股份,3.75,0.0,0.0,454646.0,171575140.0,2.13,3.8,3.72,3.74,3.75,1.11,2.81,18.85,1.72,6064283175.0,6064283175.0,0.0,-0.27,4.17,6.84
1598,002330,得利斯,5.1,0.0,0.0,112583.0,57811934.0,2.55,5.19,5.06,5.08,5.1,0.86,1.77,449.7,1.41,3240107979.0,3239411447.0,0.0,0.39,-2.49,5.37
1599,688287,*ST观典,3.97,0.0,0.0,49335.0,19772681.0,4.53,4.11,3.93,3.93,3.97,0.4,1.33,-6.88,2.35,1470946932.0,1470946932.0,0.0,-0.25,-33.39,-35.34
1600,300173,ST福能,4.7,0.0,0.0,122454.0,57752270.0,1.91,4.76,4.67,4.68,4.7,0.92,1.67,-130.05,3.57,3453210781.0,3453210781.0,-0.21,0.0,-16.96,11.11
1601,300194,福安药业,4.27,0.0,0.0,130677.0,56030760.56,1.64,4.32,4.25,4.26,4.27,1.03,1.35,22.92,1.14,5080071871.0,4134829802.0,0.23,0.0,-4.9,-3.61
1602,300234,开尔新材,6.11,0.0,0.0,124078.0,76642583.0,3.44,6.27,6.06,6.13,6.11,1.06,3.61,111.96,2.66,3074375360.0,2101760839.0,0.16,0.33,10.89,11.09
1603,002259,升达林业,5.8,0.0,0.0,339736.0,201381839.0,6.72,6.14,5.75,5.85,5.8,0.85,4.52,167.05,16.07,4363503949.0,4363503949.0,0.17,0.52,45.36,53.44
1604,002224,三 力 士,4.8,0.0,0.0,197985.0,95645590.2,2.29,4.88,4.77,4.78,4.8,0.95,2.46,117.45,1.34,4330158355.0,3870625771.0,0.21,0.42,4.8,9.34
1605,300239,东宝生物,5.95,0.0,0.0,95084.0,57056185.0,2.86,6.08,5.91,5.95,5.95,1.04,1.61,54.67,2.09,3531967201.0,3509082609.0,0.17,0.0,4.94,1.54
1606,920149,旭杰科技,11.29,0.0,0.0,3740.0,4213495.75,2.21,11.4,11.15,11.29,11.29,0.62,0.59,-21.14,7.28,863495102.0,714069954.0,1.16,0.98,-2.84,-2.42
1607,300318,博晖创新,6.23,0.0,0.0,67369.0,42135897.96,1.61,6.3,6.2,6.23,6.23,0.92,0.84,-113.55,3.78,5089290084.0,4974900985.0,-0.16,0.16,-5.61,-0.64
1608,600022,山东钢铁,1.74,0.0,0.0,2527480.0,444104585.0,4.6,1.8,1.72,1.72,1.74,1.21,2.36,99.87,0.99,18615998224.0,18615998224.0,0.58,0.58,16.0,15.23
1609,002367,康力电梯,8.16,0.0,0.0,87323.0,71677155.0,2.33,8.29,8.1,8.17,8.16,0.79,1.1,15.21,1.8,6509602921.0,6483799165.0,0.0,-0.12,12.71,1.24
1610,603536,惠发食品,10.08,0.0,0.0,34926.0,35450285.0,2.28,10.24,10.01,10.08,10.08,0.91,1.45,-46.72,5.97,2443198262.0,2424565181.0,-0.1,-0.2,-28.91,-9.35
1611,300029,*ST天龙,4.98,0.0,0.0,25966.0,12948711.06,1.41,5.02,4.95,4.95,4.98,0.77,1.3,-51.11,-56.7,998522370.0,997794045.0,-0.2,0.0,-14.58,10.91
1612,002385,大北农,4.29,0.0,0.0,2176372.0,936689691.7,2.8,4.37,4.25,4.32,4.29,1.0,6.18,53.84,2.12,18447337044.0,15118294135.0,0.23,0.0,6.98,7.25
1613,002391,长青股份,6.72,0.0,0.0,154494.0,104884245.28,2.83,6.88,6.69,6.77,6.72,1.33,3.33,62.61,1.02,4365261936.0,3118891850.0,0.3,0.0,15.66,13.32
1614,003037,三和管桩,7.54,0.0,0.0,45249.0,34287532.0,2.25,7.64,7.47,7.51,7.54,1.06,0.76,42.1,1.61,4517023072.0,4517023072.0,0.0,0.13,-0.92,-6.91
1615,300070,碧水源,4.25,0.0,0.0,679822.0,290679297.0,2.82,4.32,4.2,4.23,4.25,1.01,2.02,-145.06,0.57,15402889793.0,14330312337.0,-0.23,-0.23,3.41,8.42
1616,603565,中谷物流,10.99,0.0,0.0,163767.0,180335741.0,1.18,11.07,10.94,10.94,10.99,1.09,0.78,12.27,2.34,23079693502.0,23079693502.0,-0.18,0.0,6.7,9.46
1617,600221,海航控股,1.55,0.0,0.0,4551032.0,709810189.0,2.58,1.58,1.54,1.54,1.55,1.11,1.06,17.66,12.45,66984230429.0,66410548146.0,-0.64,-0.64,-10.4,-14.36
1618,920245,威博液压,27.3,0.0,0.0,2463.0,6757743.63,2.64,27.88,27.16,27.45,27.3,0.91,0.65,105.65,3.9,1356673500.0,1037289763.0,-0.07,-0.55,6.27,-3.09
1619,688098,申联生物,9.01,0.0,0.0,31316.0,28580401.0,4.11,9.32,8.95,8.95,9.01,1.4,0.76,-193.81,2.64,3699902440.0,3699902440.0,-0.11,-0.44,-0.55,1.46
1620,600664,哈药股份,3.59,0.0,0.0,409526.0,147246129.0,1.67,3.62,3.56,3.58,3.59,0.82,1.63,20.64,1.6,9041450455.0,9041450455.0,0.28,0.28,-1.37,4.06
1621,600665,天地源,3.52,0.0,0.0,89977.0,31883361.0,2.56,3.58,3.49,3.52,3.52,0.87,1.04,-10.39,1.15,3041711274.0,3041711274.0,0.28,0.57,-1.95,7.32
1622,002528,ST英飞拓,3.71,0.0,0.0,563295.0,208631850.31,6.2,3.84,3.61,3.71,3.71,1.26,5.36,-44.99,43.95,4447084554.0,3896314631.0,1.09,1.92,29.72,38.43
1623,002535,林州重机,3.77,0.0,0.0,98016.0,37215562.34,2.39,3.83,3.74,3.75,3.77,0.97,1.31,31.81,4.27,3022345189.0,2813696088.0,-0.26,-0.26,-4.56,-2.84
1624,002948,青岛银行,5.35,0.0,0.0,326430.0,175381301.36,2.62,5.44,5.3,5.35,5.35,0.91,1.05,6.0,0.76,31138897773.0,16651882581.0,-0.19,-0.19,13.59,19.42
1625,002936,郑州银行,1.93,0.0,0.0,1613987.0,313861094.41,1.55,1.96,1.93,1.94,1.93,1.62,2.3,5.77,0.38,17547736321.0,13566542996.0,-1.03,-0.52,-2.03,0.0
1626,002958,青农商行,3.17,0.0,0.0,683461.0,216729158.08,1.89,3.2,3.14,3.17,3.17,1.17,1.26,3.98,0.48,17611323217.0,17243471713.0,0.32,0.32,0.32,2.26
1627,002521,齐峰新材,8.1,0.0,0.0,28454.0,23079476.38,1.36,8.16,8.05,8.08,8.1,0.83,0.68,33.24,1.16,4536494505.0,3389103464.0,0.0,0.37,-7.43,-2.64
1628,002420,毅昌科技,7.96,0.0,0.0,96533.0,77165665.0,2.39,8.09,7.9,7.97,7.96,1.0,2.42,64.48,5.32,3273868400.0,3180492426.0,0.13,0.0,10.4,3.51
1629,603387,基蛋生物,8.35,0.0,0.0,44607.0,37361786.0,1.44,8.42,8.3,8.34,8.35,0.78,0.88,19.78,1.57,4234731867.0,4234731867.0,0.0,-0.12,0.24,-0.24
1630,002526,山东矿机,3.79,0.0,0.0,511068.0,195679705.66,3.69,3.9,3.76,3.78,3.79,1.14,2.89,46.2,2.1,6756788638.0,6712410020.0,0.0,-0.26,3.27,5.28
1631,002454,松芝股份,8.9,0.0,0.0,63552.0,56837904.62,2.13,9.02,8.83,8.88,8.9,0.79,1.01,19.71,1.38,5594376240.0,5580115129.0,0.11,-0.11,3.01,2.18
1632,600597,光明乳业,7.93,0.0,0.0,88064.0,70047455.0,0.88,7.98,7.91,7.91,7.93,1.2,0.64,94.0,1.16,10931296941.0,10931151029.0,0.13,-0.13,-2.1,-1.98
1633,600422,昆药集团,12.15,0.0,0.0,43809.0,53469410.0,1.32,12.28,12.12,12.13,12.15,0.81,0.58,26.28,1.72,9197255448.0,9197255448.0,0.08,0.0,-6.61,-3.26
1634,600439,瑞贝卡,2.73,0.0,0.0,135643.0,37188231.0,1.47,2.76,2.72,2.72,2.73,1.29,1.2,197.97,1.17,3090320251.0,3090320251.0,0.0,0.37,-5.54,-1.44
1635,601665,齐鲁银行,5.79,0.0,0.0,516893.0,299039185.0,1.55,5.83,5.74,5.79,5.79,0.94,0.84,6.24,0.73,35630748220.0,35630748220.0,0.0,0.0,1.58,3.02
1636,000513,丽珠集团,34.73,0.0,0.0,41484.0,143888791.87,1.24,34.85,34.42,34.77,34.73,0.92,0.73,13.18,2.25,30837016049.0,19725009392.0,-0.03,0.14,-2.44,0.78
1637,920478,峆一药业,17.64,0.0,0.0,6710.0,11945971.38,3.06,18.09,17.55,17.64,17.64,1.1,1.42,27.59,2.71,1388421468.0,833314764.0,0.11,-0.11,-3.45,-4.96
1638,600325,华发股份,4.04,0.0,0.0,576176.0,234455834.0,2.72,4.12,4.01,4.03,4.04,1.49,2.09,81.51,0.59,11118694549.0,11118694549.0,0.0,0.25,-8.6,-4.27
1639,600340,华夏幸福,1.55,0.0,0.0,865743.0,135392243.0,2.58,1.58,1.54,1.54,1.55,1.14,2.22,-0.46,-1.27,6066266530.0,6034700346.0,0.0,-0.64,-35.95,-29.22
1640,603808,歌力思,9.71,0.0,0.0,40739.0,39647436.0,1.96,9.83,9.64,9.66,9.71,0.84,1.1,23.68,1.38,3583891845.0,3583891845.0,0.0,0.31,14.5,13.97
1641,000692,惠天热电,4.22,0.0,0.0,130692.0,55157166.18,2.61,4.28,4.17,4.2,4.22,0.73,2.45,-5.33,-17.41,2248555159.0,2248555159.0,0.0,0.24,8.76,22.67
1642,600601,方正科技,10.52,0.0,0.0,659966.0,694174005.0,2.38,10.65,10.4,10.44,10.52,0.86,1.58,106.51,10.09,44959775171.0,43871485379.0,-0.09,-0.09,-14.4,-10.24
1643,600616,金枫酒业,5.37,0.0,0.0,66789.0,36042544.0,2.05,5.44,5.33,5.35,5.37,0.91,1.0,-281.06,1.87,3592556582.0,3592556582.0,0.0,0.0,-1.65,0.19
1644,600303,曙光股份,3.4,0.0,0.0,128269.0,43959723.0,2.94,3.47,3.37,3.39,3.4,0.82,1.9,-7.86,2.07,2324254317.0,2297054317.0,0.0,0.0,-0.58,4.29
1645,600622,光大嘉宝,2.8,0.0,0.0,210447.0,59002303.0,1.07,2.82,2.79,2.8,2.8,1.13,1.4,-5.68,1.43,4199119126.0,4199119126.0,0.36,0.36,-4.76,-2.1
1646,002601,龙佰集团,19.54,0.0,0.0,315743.0,621327181.95,4.25,20.1,19.27,19.38,19.54,0.7,1.59,20.87,1.98,46588207014.0,38837758438.0,-0.05,-0.1,10.52,-0.2
1647,002749,国光股份,14.04,0.0,0.0,66490.0,94471953.91,2.56,14.39,14.03,14.07,14.04,1.68,1.47,17.65,3.4,6547674042.0,6369260489.0,0.0,-0.21,0.5,5.33
1648,002596,海南瑞泽,4.06,0.0,0.0,293893.0,120018887.12,2.22,4.13,4.04,4.05,4.06,1.01,2.56,-43.04,6.97,4659176903.0,4654892588.0,0.25,0.0,-31.53,-24.68
1649,601928,凤凰传媒,9.93,0.0,0.0,104152.0,103514276.0,1.01,9.99,9.89,9.95,9.93,1.21,0.41,11.14,1.26,25270857000.0,25270857000.0,-0.1,-0.3,-3.87,-1.1
1650,002701,奥瑞金,5.38,0.0,0.0,188090.0,101729748.06,1.67,5.45,5.36,5.4,5.38,0.71,0.74,9.6,1.41,13771511323.0,13758842994.0,-0.37,-0.19,-8.03,-9.58
1651,601860,紫金银行,2.85,0.0,0.0,654461.0,186641845.0,2.11,2.88,2.82,2.85,2.85,1.31,1.84,6.5,0.52,10433862802.0,10122026302.0,0.35,0.0,5.17,5.17
1652,601818,光大银行,3.33,0.0,0.0,2865973.0,955681752.0,1.5,3.36,3.31,3.32,3.33,1.1,0.62,3.99,0.4,196754885033.0,154534695818.0,0.0,0.3,-2.63,-1.77
1653,920433,大唐药业,5.71,0.0,0.0,10691.0,6135620.03,1.58,5.79,5.7,5.71,5.71,0.98,0.63,-17.73,3.83,1461301379.0,966796621.0,0.0,0.18,-3.71,-2.73
1654,603334,丰倍生物,55.0,-0.02,-0.01,35288.0,197152620.0,5.96,57.16,53.88,56.02,55.01,1.1,11.36,50.46,6.76,7892500000.0,1707949540.0,0.13,-0.29,25.06,31.58
1655,002371,北方华创,457.88,-0.02,-0.11,64469.0,2966622310.2,3.41,464.7,449.1,450.0,457.99,0.98,0.89,48.52,9.2,331886358214.0,331621084520.0,0.0,-0.05,0.09,-0.26
1656,688216,气派科技,29.85,-0.03,-0.01,20352.0,61383778.0,4.35,30.94,29.64,29.86,29.86,0.8,1.91,-45.59,5.48,3426177179.0,3172631279.0,-0.13,0.03,33.56,33.98
1657,920790,联迪信息,30.5,-0.03,-0.01,6268.0,19454757.48,4.85,31.8,30.32,30.93,30.51,0.82,1.15,310.69,7.7,2408494110.0,1657643219.0,-0.26,-0.2,-6.73,-7.58
1658,300576,容大感光,37.76,-0.03,-0.01,53499.0,202517220.34,2.99,38.43,37.3,37.33,37.77,0.81,2.3,104.9,8.17,13834039519.0,8785019156.0,0.0,0.03,-9.4,-2.05
1659,688128,中国电研,29.0,-0.03,-0.01,16731.0,48782916.0,2.28,29.46,28.8,28.87,29.01,0.79,0.41,22.02,3.29,11730500000.0,11730500000.0,-0.03,-0.03,2.65,0.59
1660,688592,司南导航,45.98,-0.04,-0.02,7735.0,35443987.0,3.22,46.6,45.12,46.0,46.0,0.65,2.01,253.37,3.93,3699579032.0,1771231123.0,0.22,1.23,10.8,11.87
1661,301487,盟固利,23.79,-0.04,-0.01,120487.0,289792825.12,3.57,24.4,23.55,23.75,23.8,0.94,4.42,1013.61,5.8,10934275060.0,6489769355.0,0.0,0.0,5.83,8.48
1662,301187,欧圣电气,22.41,-0.04,-0.01,11093.0,24983925.0,1.69,22.69,22.31,22.37,22.42,0.81,0.44,32.86,3.77,5713060295.0,5713041807.0,0.04,0.13,-8.53,-16.72
1663,688426,康为世纪,22.77,-0.04,-0.01,7336.0,16789731.0,3.16,23.27,22.55,22.9,22.78,0.66,1.91,-24.8,1.85,2561481913.0,874995723.0,0.04,0.49,-9.82,-4.45
1664,002605,姚记科技,23.07,-0.04,-0.01,53381.0,123690771.0,1.56,23.38,23.02,23.16,23.08,0.87,1.58,18.52,2.62,9635216575.0,7780310068.0,0.09,0.13,-0.22,-0.99
1665,001209,洪兴股份,20.55,-0.05,-0.01,40129.0,82860261.0,1.99,20.83,20.42,20.45,20.56,0.56,4.18,117.72,2.1,2702791896.0,1974744770.0,0.0,-0.24,-3.2,-1.49
1666,600671,天目药业,21.33,-0.05,-0.01,24336.0,51982183.0,2.86,21.6,20.99,21.17,21.34,0.66,2.0,137.11,39.01,2597543617.0,2596298969.0,-0.05,-0.23,23.65,23.22
1667,600062,华润双鹤,18.22,-0.05,-0.01,55164.0,100896548.0,1.04,18.35,18.16,18.2,18.23,1.0,0.53,10.52,1.67,18926161814.0,18820857174.0,0.0,0.0,-2.2,-0.38
1668,000902,新洋丰,18.39,-0.05,-0.01,292947.0,545544273.55,3.04,18.91,18.35,18.52,18.4,1.16,2.56,12.6,2.0,23074552283.0,21015776740.0,-0.05,-0.49,22.44,17.73
1669,920005,鼎佳精密,39.35,-0.05,-0.02,6418.0,25440117.49,2.92,40.2,39.05,39.37,39.37,1.01,2.99,54.13,5.06,3266050000.0,846025000.0,-0.18,-0.08,-5.2,-3.72
1670,002741,光华科技,20.6,-0.05,-0.01,146019.0,304309487.97,4.12,21.25,20.4,20.43,20.61,1.0,3.42,79.48,4.98,9579459586.0,8782983349.0,0.0,0.0,-6.7,2.69
1671,300119,瑞普生物,19.68,-0.05,-0.01,60419.0,119489347.67,1.98,19.99,19.6,19.61,19.69,0.99,1.8,18.93,1.96,9146372614.0,6592052573.0,0.1,-0.05,3.09,4.85
1672,301223,中荣股份,19.8,-0.05,-0.01,10334.0,20570626.0,2.02,20.1,19.7,19.84,19.81,0.58,0.92,21.67,1.29,3823925688.0,2217898188.0,0.25,0.25,6.68,7.78
1673,300966,共同药业,21.23,-0.05,-0.01,19665.0,41954882.0,2.31,21.55,21.06,21.28,21.24,1.14,2.58,-56.59,3.16,2447418029.0,1621298223.0,0.0,-0.05,2.96,7.82
1674,002294,信立泰,52.39,-0.06,-0.03,64106.0,336214809.85,2.46,53.09,51.8,52.47,52.42,0.66,0.58,75.43,6.66,58405238269.0,58392098909.0,0.04,0.1,-14.26,5.73
1675,002214,*ST大立,18.1,-0.06,-0.01,26451.0,47888404.0,1.38,18.2,17.95,18.03,18.11,0.75,0.55,-65.89,7.67,10835794635.0,8659341419.0,0.11,0.11,18.84,0.44
1676,002991,甘源食品,52.93,-0.06,-0.03,5620.0,29937523.2,1.7,53.61,52.71,53.0,52.96,0.92,1.13,23.69,2.97,4933913935.0,2642991059.0,-0.02,0.04,-11.59,-6.99
1677,810014,莱特定转,100.0,-0.06,-0.06,5000.0,5000000.0,0.0,100.0,100.0,100.0,100.06,0.29,2.5,,,,200000000.0,-0.06,-0.06,-0.83,-0.83
1678,301037,保立佳,16.33,-0.06,-0.01,19537.0,32056736.0,2.69,16.63,16.19,16.32,16.34,0.81,2.87,240.35,3.58,2270387432.0,1110403829.0,0.0,0.31,7.72,13.4
1679,300928,华安鑫创,32.68,-0.06,-0.02,14745.0,48502933.0,3.36,33.44,32.34,32.63,32.7,0.7,2.75,-33.6,2.38,2614400000.0,1751206101.0,0.0,0.12,5.22,4.91
1680,603677,奇精机械,16.92,-0.06,-0.01,13357.0,22664770.0,1.71,17.11,16.82,16.91,16.93,0.83,0.69,46.39,2.8,3258806636.0,3258806636.0,0.24,0.18,-13.81,-6.93
1681,920124,南特科技,17.64,-0.06,-0.01,11429.0,20240380.94,1.87,17.84,17.51,17.56,17.65,0.7,1.49,25.78,2.48,2623655677.0,1350014055.0,0.0,0.06,-6.91,-3.13
1682,002448,中原内配,16.18,-0.06,-0.01,217454.0,352151186.5,4.32,16.5,15.8,16.05,16.19,0.56,4.77,21.91,2.55,9520468072.0,7370595278.0,0.0,0.0,47.49,25.14
1683,300601,康泰生物,14.09,-0.07,-0.01,75599.0,106712512.25,1.7,14.22,13.98,14.07,14.1,0.9,0.84,240.11,1.73,15737540248.0,12686269026.0,-0.07,0.0,-8.51,-4.6
1684,002080,中材科技,45.98,-0.07,-0.03,456380.0,2104541498.16,4.11,47.0,45.11,46.0,46.01,1.13,2.72,39.11,3.93,77160122392.0,77160122392.0,0.04,0.07,30.03,26.53
1685,603006,联明股份,13.66,-0.07,-0.01,22365.0,30718693.0,2.93,13.91,13.51,13.6,13.67,0.72,0.88,44.59,2.66,3473113055.0,3473113055.0,0.0,0.0,3.8,4.12
1686,002860,星帅尔,13.41,-0.07,-0.01,56648.0,76138001.7,2.16,13.6,13.31,13.45,13.42,0.71,1.62,20.44,2.12,4823744840.0,4688707360.0,-0.15,0.07,-6.22,-4.89
1687,001395,亚联机械,42.69,-0.07,-0.03,5179.0,22205506.36,1.92,43.19,42.37,42.7,42.72,0.88,1.1,20.04,3.11,3724275600.0,2001734100.0,0.02,0.14,-2.56,-1.66
1688,688498,源杰科技,879.3,-0.08,-0.7,21423.0,1879010975.0,4.88,897.96,855.0,867.5,880.0,0.68,2.53,395.83,32.4,75573835472.0,74598580980.0,0.0,0.4,30.17,36.96
1689,920168,通宝光电,24.27,-0.08,-0.02,14157.0,34502706.39,2.39,24.64,24.06,24.31,24.29,0.36,5.02,22.79,2.52,1824458418.0,683795455.0,-0.04,0.29,50.09,50.09
1690,002867,周大生,12.22,-0.08,-0.01,59334.0,72651091.37,0.98,12.29,12.17,12.22,12.23,0.85,0.55,11.29,2.12,13264490972.0,13186562945.0,0.0,0.16,1.92,0.33
1691,300637,扬帆新材,12.24,-0.08,-0.01,60034.0,74078142.0,2.53,12.49,12.18,12.2,12.25,0.94,2.56,70.31,3.92,2873341591.0,2870340515.0,0.0,0.08,1.07,5.25
1692,920212,智新电子,13.08,-0.08,-0.01,4266.0,5583497.14,2.52,13.29,12.96,13.09,13.09,0.72,0.83,132.32,3.27,1387788000.0,674048540.0,0.54,0.23,-1.65,-3.33
1693,603506,南都物业,13.16,-0.08,-0.01,24671.0,32732998.0,4.4,13.48,12.9,13.12,13.17,1.08,1.31,12.0,1.98,2471155572.0,2471155572.0,-0.08,-0.08,7.17,0.77
1694,688195,腾景科技,237.62,-0.08,-0.18,96576.0,2299094857.0,7.1,246.86,229.98,230.98,237.8,1.05,7.47,435.39,31.1,30736147000.0,30736147000.0,0.01,-0.11,23.82,40.15
1695,000001,平安银行,10.93,-0.09,-0.01,841939.0,920839355.51,1.19,11.0,10.87,10.93,10.94,1.18,0.43,4.15,0.47,212106685904.0,212103215137.0,-0.09,0.09,-4.37,-4.21
1696,000411,英特集团,11.51,-0.09,-0.01,37477.0,43264142.64,1.22,11.61,11.47,11.52,11.52,0.93,1.02,15.12,1.28,6503104259.0,4233282605.0,0.0,-0.09,-5.89,-9.73
1697,002262,恩华药业,22.57,-0.09,-0.02,41354.0,93467821.2,1.15,22.69,22.43,22.5,22.59,0.57,0.47,15.55,2.83,22926303178.0,19949814303.0,0.0,0.09,-7.88,-6.46
1698,301520,万邦医药,42.95,-0.09,-0.04,3809.0,16410801.0,2.21,43.49,42.54,42.81,42.99,0.61,1.7,64.86,1.89,2863333348.0,963067506.0,-0.09,-0.07,4.05,8.1
1699,688610,埃科光电,74.16,-0.09,-0.07,9154.0,68154449.0,3.68,75.73,73.0,73.8,74.23,0.72,2.24,78.68,3.33,5042880000.0,3035559243.0,-0.01,0.57,20.12,19.98
1700,603697,有友食品,11.26,-0.09,-0.01,37798.0,42771127.0,1.77,11.38,11.18,11.25,11.27,0.82,0.88,20.78,2.74,4815813023.0,4815813023.0,-0.18,0.0,-10.85,-8.08
1701,600420,国药现代,10.96,-0.09,-0.01,131543.0,145074818.0,1.46,11.09,10.93,10.93,10.97,1.02,0.98,15.56,1.07,14699252704.0,14699252704.0,0.0,-0.09,7.45,8.51
1702,603768,常青股份,11.67,-0.09,-0.01,29181.0,34149342.0,2.91,11.86,11.52,11.68,11.68,1.14,1.23,-30.61,1.18,2776944851.0,2776944851.0,0.34,0.34,-0.51,0.6
1703,002728,特一药业,11.15,-0.09,-0.01,128920.0,144482129.0,2.15,11.32,11.08,11.11,11.16,1.0,3.42,65.78,3.17,5719977830.0,4201479958.0,-0.18,-0.09,-9.2,2.76
1704,603676,卫信康,10.84,-0.09,-0.01,12311.0,13407984.0,1.84,10.98,10.78,10.81,10.85,0.88,0.28,16.14,3.09,4717150660.0,4717150660.0,-0.09,-0.09,-1.81,3.04
1705,605090,九丰能源,42.9,-0.09,-0.04,200206.0,874846341.0,4.87,44.84,42.75,43.74,42.94,0.89,2.84,18.29,2.78,30265420357.0,30205819387.0,0.02,-0.02,31.68,-0.46
1706,300146,汤臣倍健,11.62,-0.09,-0.01,90832.0,105907012.3,1.2,11.72,11.58,11.61,11.63,0.78,0.81,16.25,1.74,19657287100.0,13023912818.0,-0.17,-0.17,-0.6,-3.25
1707,300717,华信新材,22.4,-0.09,-0.02,20716.0,46617890.0,2.05,22.75,22.29,22.42,22.42,0.9,2.03,42.3,3.18,2302160000.0,2281516160.0,0.0,-0.13,15.23,18.27
1708,688339,亿华通-U,32.73,-0.09,-0.03,106088.0,352736329.0,6.53,34.3,32.16,32.69,32.76,1.23,5.42,-12.53,3.91,7872615011.0,6408112405.0,0.31,0.34,9.32,21.4
1709,300805,电声股份,11.61,-0.09,-0.01,72086.0,84265812.0,2.58,11.85,11.55,11.57,11.62,0.75,2.5,110.03,3.16,4927773385.0,3347759197.0,0.17,0.35,-1.61,10.05
1710,002351,漫步者,11.68,-0.09,-0.01,39400.0,46081896.73,1.45,11.77,11.6,11.64,11.69,0.8,0.76,25.97,3.61,10384769760.0,6085943132.0,0.09,0.09,-6.63,-3.15
1711,688511,*ST天微,28.85,-0.1,-0.03,7967.0,23086834.0,1.97,29.17,28.6,28.86,28.88,0.64,0.77,86.91,3.51,2966620747.0,2966620747.0,0.0,0.07,18.53,0.56
1712,600529,山东药玻,19.6,-0.1,-0.02,52018.0,102169230.0,0.82,19.72,19.56,19.6,19.62,0.99,0.78,18.86,1.57,13006836615.0,13006836615.0,-0.05,0.0,-2.63,-1.66
1713,603707,健友股份,9.84,-0.1,-0.01,108930.0,107719462.0,1.93,9.99,9.8,9.85,9.85,0.99,0.67,27.76,2.37,15897850919.0,15897850919.0,0.0,-0.1,4.02,8.97
1714,920726,朱老六,19.38,-0.1,-0.02,17587.0,34564031.55,3.3,19.96,19.32,19.36,19.4,1.01,3.15,99.7,4.48,1970364600.0,1083675433.0,-0.1,-0.51,-8.54,-4.25
1715,920367,新赣江,20.74,-0.1,-0.02,5997.0,12504685.08,2.79,21.11,20.53,20.79,20.76,0.58,1.43,100.76,3.05,1469662325.0,870926068.0,0.24,0.53,-0.1,2.83
1716,300358,楚天科技,10.21,-0.1,-0.01,109370.0,112336997.27,1.96,10.37,10.17,10.17,10.22,0.93,1.56,64.83,1.39,7301095242.0,7160276798.0,-0.1,0.0,12.07,4.29
1717,301004,嘉益股份,51.11,-0.1,-0.05,4598.0,23620301.2,1.64,51.84,51.0,51.16,51.16,0.67,0.34,15.21,4.27,7452156824.0,6945031291.0,-0.04,0.04,-3.8,-1.81
1718,301108,洁雅股份,30.78,-0.1,-0.03,6627.0,20480479.8,2.6,31.3,30.5,30.76,30.81,0.57,1.02,38.27,1.84,3464481437.0,1997395890.0,0.0,-0.1,-11.42,-7.46
1719,601138,工业富联,52.49,-0.1,-0.05,941798.0,4954742371.0,2.21,53.17,52.01,52.02,52.54,0.74,0.47,29.54,6.25,1042356696545.0,1042356696545.0,0.0,0.06,-22.42,-14.95
1720,002905,金逸影视,9.9,-0.1,-0.01,56696.0,56423181.0,1.51,10.03,9.88,9.91,9.91,0.96,1.62,147.19,39.23,3725568000.0,3459456000.0,-0.1,0.0,-10.65,-12.39
1721,000779,甘咨询,9.46,-0.11,-0.01,107058.0,101422474.0,2.11,9.6,9.4,9.49,9.47,0.8,2.3,20.91,1.11,4397286616.0,4396769059.0,0.21,-0.11,9.49,15.23
1722,600619,海立股份,17.88,-0.11,-0.02,119138.0,214087036.0,2.35,18.16,17.74,17.79,17.9,0.83,1.51,260.13,3.13,19191397979.0,14110445388.0,-0.11,0.06,-13.83,-15.26
1723,600774,汉商集团,9.47,-0.11,-0.01,43762.0,41631794.0,2.32,9.61,9.39,9.44,9.48,0.74,1.48,224.71,1.67,2793956847.0,2792154981.0,0.11,0.11,-1.15,3.61
1724,301239,普瑞眼科,35.36,-0.11,-0.04,18775.0,67680058.52,5.17,36.88,35.05,35.18,35.4,0.7,1.25,242.7,2.49,5290529537.0,5290529537.0,0.0,0.0,7.94,7.51
1725,603370,华新精科,47.14,-0.11,-0.05,6823.0,32052992.0,1.4,47.22,46.56,47.15,47.19,0.74,1.95,45.61,4.33,8247143000.0,1649428600.0,0.11,0.15,3.76,-0.32
1726,688187,时代电气,55.9,-0.11,-0.06,35879.0,201377413.0,1.86,56.56,55.52,56.0,55.96,0.75,0.41,18.49,1.79,75909316231.0,48571929921.0,0.43,0.14,14.55,8.99
1727,300823,建科智能,17.57,-0.11,-0.02,16794.0,29662834.0,2.9,17.94,17.43,17.57,17.59,0.62,1.98,93.57,2.45,2301366513.0,1489750215.0,0.06,0.11,9.47,12.48
1728,002091,江苏国泰,9.48,-0.11,-0.01,308178.0,293846950.57,2.42,9.62,9.39,9.41,9.49,1.05,1.93,11.92,0.95,15430735261.0,15137895928.0,-0.11,0.0,6.28,4.98
1729,300529,健帆生物,18.83,-0.11,-0.02,30574.0,57697752.11,1.11,18.94,18.73,18.82,18.85,0.85,0.6,24.88,4.54,15037737328.0,9649757376.0,0.0,0.05,-5.99,-4.27
1730,688026,洁特生物,17.78,-0.11,-0.02,11876.0,21204194.0,2.53,18.08,17.63,17.67,17.8,0.77,0.85,51.76,2.05,2495678054.0,2494881119.0,0.06,0.11,7.82,10.37
1731,002340,格林美,8.91,-0.11,-0.01,2420367.0,2193206830.64,4.6,9.25,8.84,8.84,8.92,1.18,4.77,30.76,2.21,45470701547.0,45224130244.0,0.0,-0.11,21.22,6.58
1732,002098,浔兴股份,9.48,-0.11,-0.01,31490.0,29998071.36,1.69,9.6,9.44,9.48,9.49,0.88,0.88,15.25,2.33,3393840000.0,3393733350.0,0.11,0.21,-12.63,-3.46
1733,002332,仙琚制药,9.08,-0.11,-0.01,90842.0,82730122.48,0.99,9.15,9.06,9.08,9.09,1.03,0.92,16.56,1.5,8981980183.0,8939929296.0,-0.11,0.11,-4.82,0.78
1734,920242,建邦科技,26.16,-0.11,-0.03,1569.0,4112725.24,2.21,26.59,26.01,26.06,26.19,0.53,0.42,20.18,2.69,1721713860.0,967775466.0,0.0,0.58,-7.1,-10.63
1735,002646,天佑德酒,8.54,-0.12,-0.01,46725.0,40045661.91,1.4,8.62,8.5,8.5,8.55,1.04,0.98,140.68,1.43,4091582098.0,4064438989.0,-0.12,-0.23,-5.11,-1.27
1736,600382,广东明珠,8.68,-0.12,-0.01,159522.0,140087851.0,3.45,8.93,8.63,8.75,8.69,0.76,2.3,19.34,2.12,6027462213.0,6027462213.0,-0.12,-0.12,26.16,25.07
1737,300673,佩蒂股份,16.54,-0.12,-0.02,18131.0,30073470.4,1.69,16.73,16.45,16.56,16.56,0.75,1.12,27.18,2.23,4115660440.0,2678790530.0,0.12,0.12,-6.45,-7.75
1738,000915,华特达因,33.1,-0.12,-0.04,23213.0,76939291.4,1.0,33.31,32.98,33.1,33.14,0.74,0.99,14.26,2.72,7756372154.0,7751349229.0,0.06,0.18,0.79,0.18
1739,600771,广誉远,16.99,-0.12,-0.02,42086.0,71694392.0,0.94,17.12,16.96,17.01,17.01,1.15,0.86,79.07,5.04,8316454486.0,8316454486.0,0.06,0.12,-8.75,-5.51
1740,301296,新巨丰,8.33,-0.12,-0.01,30138.0,25194474.0,1.2,8.4,8.3,8.32,8.34,0.83,0.71,39.02,1.29,3538467147.0,3538385929.0,-0.12,0.0,-3.59,-2.23
1741,600560,金自天正,16.0,-0.12,-0.02,19093.0,30559947.0,2.12,16.17,15.83,15.91,16.02,0.76,0.85,72.08,3.71,3578328000.0,3578328000.0,0.19,-0.06,-2.5,-2.08
1742,603115,海星股份,32.11,-0.12,-0.04,106017.0,340703816.0,7.25,33.19,30.86,31.81,32.15,0.93,4.38,39.59,3.76,7767100744.0,7767100744.0,0.0,0.03,73.66,71.62
1743,300940,南极光,24.39,-0.12,-0.03,30523.0,75011479.28,3.07,24.95,24.2,24.26,24.42,0.65,1.94,36.98,4.57,5430296233.0,3840923103.0,0.0,0.33,-21.83,-14.3
1744,600692,亚通股份,8.09,-0.12,-0.01,61850.0,50359655.0,2.59,8.24,8.03,8.1,8.1,0.97,2.43,-131.33,3.08,2845771278.0,2063035083.0,0.0,0.0,5.75,15.41
1745,603237,五芳斋,17.21,-0.12,-0.02,12996.0,22529061.0,1.68,17.47,17.18,17.23,17.23,1.04,0.66,14.54,1.92,3391618362.0,3373361804.0,0.0,0.06,1.95,3.18
1746,920992,中科美菱,15.64,-0.13,-0.02,10355.0,16348877.84,3.26,16.07,15.56,15.69,15.66,1.14,2.13,79.18,2.42,1512871808.0,758821254.0,-0.38,-0.06,-7.24,-10.06
1747,688296,和达科技,15.57,-0.13,-0.02,15155.0,23637562.0,2.37,15.78,15.41,15.5,15.59,0.73,1.41,-25.64,2.8,1679982136.0,1672111501.0,0.26,-0.06,8.73,17.51
1748,601066,中信建投,22.94,-0.13,-0.03,95125.0,218625709.0,1.48,23.16,22.82,22.95,22.97,0.98,0.15,18.83,2.17,177938578643.0,149010693543.0,0.0,0.04,-11.39,-13.79
1749,600511,国药股份,30.46,-0.13,-0.04,54952.0,166849161.0,1.34,30.63,30.22,30.37,30.5,0.81,0.99,11.55,1.27,22982161319.0,16854932075.0,0.43,0.43,5.47,5.95
1750,002591,恒大高新,7.51,-0.13,-0.01,98834.0,74837841.28,3.06,7.68,7.45,7.52,7.52,0.76,4.42,-734.28,3.42,2254498125.0,1678578590.0,0.13,0.13,6.83,-7.51
1751,920802,保丽洁,15.22,-0.13,-0.02,4405.0,6733847.39,2.82,15.49,15.06,15.27,15.24,0.62,1.99,48.95,2.82,1248166174.0,336340585.0,0.26,0.33,-0.46,-1.23
1752,002850,科达利,163.46,-0.13,-0.21,40890.0,674219144.81,3.45,166.9,161.25,161.4,163.67,0.85,2.06,28.45,3.58,44942226587.0,32409435361.0,0.0,0.09,7.47,3.55
1753,601990,南京证券,7.62,-0.13,-0.01,175340.0,133780485.0,0.92,7.67,7.6,7.62,7.63,1.06,0.48,27.54,1.57,33525163798.0,28090071079.0,-0.13,0.13,-4.15,-3.79
1754,688621,阳光诺和,61.72,-0.13,-0.08,17937.0,110695334.0,4.14,62.97,60.41,61.5,61.8,1.35,1.6,35.25,5.71,6912640000.0,6912640000.0,-0.05,-0.27,-9.02,-0.69
1755,002199,*ST东晶,7.91,-0.13,-0.01,19292.0,15262581.0,2.9,8.03,7.8,7.99,7.92,0.81,0.79,-36.91,10.1,1925629091.0,1925629091.0,0.0,0.0,-10.62,-6.83
1756,002198,嘉应制药,7.87,-0.13,-0.01,134730.0,106638904.0,2.79,8.03,7.81,7.91,7.88,0.53,2.65,137.45,5.63,3994102504.0,3993873487.0,0.13,0.13,10.53,11.95
1757,920663,明阳科技,15.42,-0.13,-0.02,5603.0,8689261.7,2.33,15.7,15.34,15.39,15.44,0.8,0.87,25.07,5.06,2059379704.0,988059938.0,-0.19,0.33,-6.49,-15.09
1758,300994,久祺股份,15.28,-0.13,-0.02,25117.0,38647001.81,2.35,15.53,15.17,15.24,15.3,0.87,2.15,20.66,2.97,3561584640.0,1782625920.0,-0.46,-0.46,-4.74,-3.23
1759,300916,朗特智能,29.86,-0.13,-0.04,15638.0,46876682.3,1.87,30.21,29.65,29.78,29.9,0.52,1.67,37.51,3.16,4319070049.0,2789675457.0,0.13,0.23,-14.34,-8.91
1760,603609,禾丰股份,7.52,-0.13,-0.01,57113.0,42988160.0,1.59,7.58,7.46,7.52,7.53,1.0,0.63,39.68,1.06,6830349320.0,6830349320.0,0.0,0.13,3.3,6.06
1761,300538,同益股份,15.82,-0.13,-0.02,29713.0,47308312.0,2.21,16.08,15.73,15.75,15.84,0.85,2.46,294.51,2.99,2877951825.0,1913986623.0,0.0,0.06,-8.4,-1.62
1762,603007,*ST花王,7.26,-0.14,-0.01,205686.0,149265815.0,3.16,7.34,7.11,7.26,7.27,0.71,2.96,-28.16,22.25,6422530693.0,5046346351.0,0.14,0.0,40.7,20.2
1763,002412,汉森制药,6.91,-0.14,-0.01,145215.0,101152584.5,2.17,7.04,6.89,6.92,6.92,1.09,2.92,31.6,1.54,3477112000.0,3440108950.0,0.0,0.14,2.52,7.8
1764,688603,天承科技,83.65,-0.14,-0.12,32843.0,281884310.0,7.99,89.69,83.0,84.0,83.77,0.93,6.93,124.75,8.75,10433206433.0,3966817426.0,0.04,0.2,5.62,11.59
1765,600796,钱江生化,7.05,-0.14,-0.01,220912.0,157017278.0,2.97,7.2,6.99,7.08,7.06,1.38,7.09,30.27,1.78,6109429650.0,2195919117.0,0.0,0.14,13.71,16.34
1766,605138,盛泰集团,7.23,-0.14,-0.01,27187.0,19813880.0,3.04,7.38,7.16,7.38,7.24,1.05,0.49,77.49,1.67,4016781200.0,4016781200.0,-0.14,-0.14,0.56,3.88
1767,300469,信息发展,73.01,-0.14,-0.1,94645.0,698701854.48,4.09,75.28,72.29,72.4,73.11,0.87,3.81,-174.15,47.56,18123916540.0,18123458768.0,0.01,-0.01,16.74,18.14
1768,002301,齐心集团,7.24,-0.14,-0.01,67827.0,49067770.03,2.62,7.31,7.12,7.2,7.25,0.7,0.94,27.9,1.66,5222269435.0,5198249215.0,0.56,0.42,-15.62,-5.73
1769,688290,景业智能,50.49,-0.14,-0.07,6503.0,33017892.0,1.98,51.3,50.3,51.0,50.56,0.83,0.64,-168.48,4.15,5159558660.0,5159558660.0,-0.06,-0.04,-15.89,-15.06
1770,002190,成飞集成,34.65,-0.14,-0.05,51702.0,180009716.45,3.75,35.51,34.21,34.68,34.7,1.12,1.44,-282.83,3.22,12429971735.0,12429971735.0,0.0,0.09,-8.96,-6.55
1771,600535,天士力,14.26,-0.14,-0.02,57164.0,81464240.0,0.84,14.32,14.2,14.25,14.28,0.66,0.38,19.27,1.72,21303727071.0,21303727071.0,-0.07,0.07,-6.12,-5.37
1772,002381,双箭股份,7.1,-0.14,-0.01,60429.0,43107405.5,2.25,7.2,7.04,7.05,7.11,0.96,1.89,40.84,1.38,2922202231.0,2274815746.0,-0.14,-0.14,4.87,7.74
1773,002404,嘉欣丝绸,7.02,-0.14,-0.01,57661.0,40731871.4,1.71,7.12,7.0,7.01,7.03,0.62,1.27,19.38,1.99,3931561818.0,3199625414.0,0.0,0.14,-3.7,0.14
1774,601111,中国国航,7.39,-0.14,-0.01,953882.0,703890034.0,2.57,7.45,7.26,7.27,7.4,0.62,0.82,51.72,2.78,128943831190.0,86005629013.0,-0.14,0.0,-9.66,-21.13
1775,603917,合力科技,13.96,-0.14,-0.02,32482.0,45629812.0,2.29,14.2,13.88,13.98,13.98,0.8,1.59,86.57,1.69,2845606400.0,2845606400.0,0.07,-0.07,-3.06,-5.61
1776,000963,华东医药,34.93,-0.14,-0.05,51830.0,181256212.22,1.23,35.18,34.75,34.84,34.98,0.53,0.3,16.72,2.54,61258028101.0,61232747513.0,0.0,0.17,-16.32,-11.46
1777,300206,理邦仪器,14.74,-0.14,-0.02,62132.0,91646528.82,1.56,14.88,14.65,14.68,14.76,0.73,1.84,24.97,3.99,8544237720.0,4987714788.0,-0.07,0.07,11.41,15.25
1778,600901,江苏金租,6.49,-0.15,-0.01,234975.0,152645626.0,1.85,6.55,6.43,6.51,6.5,0.9,0.41,11.53,1.5,37589213137.0,37580036277.0,-0.31,-0.15,7.99,6.05
1779,002813,路畅科技,26.34,-0.15,-0.04,11391.0,30116787.0,2.35,26.75,26.13,26.38,26.38,0.9,0.95,-34.1,12.66,3160800000.0,3157009016.0,0.27,0.34,-3.16,-9.27
1780,001225,和泰机电,53.97,-0.15,-0.08,10239.0,55494901.0,2.07,54.82,53.7,54.48,54.05,0.47,4.87,84.66,2.57,3554831196.0,1135462579.0,-0.02,-0.09,-2.84,-5.6
1781,688105,诺唯赞,20.11,-0.15,-0.03,13483.0,27223336.0,2.78,20.61,20.05,20.61,20.14,1.11,0.34,-471.32,2.11,7998441680.0,7998441680.0,-0.2,-0.1,-6.94,0.45
1782,603896,寿仙谷,19.96,-0.15,-0.03,19044.0,38067517.0,0.95,20.09,19.9,19.99,19.99,0.47,0.96,38.87,1.76,3956948464.0,3956948464.0,0.0,0.05,1.27,2.99
1783,002011,盾安环境,13.33,-0.15,-0.02,157606.0,211155936.48,1.5,13.48,13.28,13.3,13.35,0.94,1.49,13.98,2.24,14325446263.0,14123925549.0,0.08,0.08,7.94,5.13
1784,603815,交建股份,6.63,-0.15,-0.01,128758.0,85876910.0,2.56,6.74,6.57,6.63,6.64,1.15,2.08,22.46,1.7,4103467678.0,4103467678.0,0.0,0.0,-32.21,-10.89
1785,600403,大有能源,6.86,-0.15,-0.01,593412.0,411704938.0,3.78,7.08,6.82,6.86,6.87,1.03,2.48,-10.96,3.58,16400973078.0,16400973078.0,-0.15,-0.15,-10.56,-1.72
1786,605388,均瑶健康,6.61,-0.15,-0.01,30076.0,19981466.0,1.66,6.7,6.59,6.62,6.62,0.87,0.5,-1256.7,2.31,3969199240.0,3969199240.0,-0.15,-0.15,-17.17,-11.16
1787,300993,玉马科技,13.12,-0.15,-0.02,19385.0,25584256.0,1.83,13.3,13.06,13.1,13.14,0.78,0.81,27.44,2.64,4042681344.0,3159219576.0,0.0,0.08,-14.02,-10.87
1788,603956,威派格,6.12,-0.16,-0.01,78403.0,48088241.0,2.45,6.21,6.06,6.1,6.13,0.9,1.38,-35.51,1.76,3487826470.0,3487826470.0,0.33,0.33,-7.27,-5.26
1789,300800,力合科技,12.77,-0.16,-0.02,29100.0,37502494.56,3.05,13.09,12.7,12.82,12.79,0.86,1.24,103.12,1.51,3023412430.0,2993051755.0,-0.08,-0.23,7.31,9.8
1790,603324,盛剑科技,24.31,-0.16,-0.04,11006.0,26903208.0,2.3,24.75,24.19,24.35,24.35,0.82,0.75,87.69,2.14,3590090590.0,3590090590.0,-0.37,0.0,1.5,-1.86
1791,603879,永悦科技,6.14,-0.16,-0.01,86671.0,53653656.0,2.93,6.28,6.1,6.1,6.15,0.79,2.41,-178.8,8.6,2206374862.0,2206374862.0,0.0,0.0,-7.39,-13.28
1792,300041,回天新材,12.12,-0.16,-0.02,173801.0,213268295.31,3.62,12.44,12.0,12.01,12.14,1.08,3.19,23.55,2.34,6780348249.0,6594335955.0,0.0,0.0,6.69,9.39
1793,301618,长联科技,49.37,-0.16,-0.08,4261.0,21194452.6,2.22,50.3,49.2,49.6,49.45,0.79,1.29,98.87,4.72,4453957008.0,1636828285.0,0.08,0.02,-3.23,3.2
1794,603587,地素时尚,12.76,-0.16,-0.02,15950.0,20440050.0,1.33,12.9,12.73,12.86,12.78,1.11,0.34,19.22,1.68,6049423962.0,6049423962.0,0.0,-0.16,-3.26,-4.49
1795,600918,中泰证券,6.24,-0.16,-0.01,192180.0,120138499.0,1.12,6.29,6.22,6.25,6.25,0.75,0.49,28.51,1.13,49410447815.0,24497287271.0,-0.16,0.0,-6.59,-4.0
1796,301288,*ST清研,19.03,-0.16,-0.03,6462.0,12403118.0,2.52,19.44,18.96,18.96,19.06,0.68,0.83,-297.88,2.59,2055430300.0,1486426088.0,-1.25,-1.04,11.48,6.02
1797,603416,信捷电气,52.0,-0.17,-0.09,10249.0,53346195.0,1.69,52.48,51.6,52.01,52.09,0.68,0.74,34.02,3.1,8171208916.0,7240740000.0,0.0,0.12,-10.27,-5.85
1798,603738,泰晶科技,23.01,-0.17,-0.04,321033.0,741207552.0,7.85,24.0,22.19,22.38,23.05,0.8,8.32,190.14,5.08,8879271191.0,8879271191.0,0.04,0.0,35.67,46.47
1799,002593,日上集团,5.71,-0.17,-0.01,127335.0,73045794.4,2.1,5.79,5.67,5.71,5.72,0.83,2.28,44.04,1.9,4590029346.0,3191028464.0,0.0,0.18,-15.28,-3.38
1800,600107,ST尔雅,5.74,-0.17,-0.01,28610.0,16311774.0,1.91,5.77,5.66,5.7,5.75,0.91,0.79,-43.43,4.53,2066400000.0,2066400000.0,0.88,1.06,-19.27,-17.29
1801,601083,锦江航运,12.08,-0.17,-0.02,116591.0,141446662.0,2.07,12.26,12.01,12.05,12.1,0.68,6.01,9.9,1.71,15632969600.0,2344969600.0,0.17,0.0,7.38,8.24
1802,002016,世荣兆业,5.93,-0.17,-0.01,104566.0,62601704.0,2.53,6.06,5.91,5.91,5.94,0.93,1.29,29.0,0.98,4797937098.0,4797937098.0,-0.17,-0.17,-7.49,2.6
1803,301123,奕东电子,56.52,-0.18,-0.1,37425.0,211600116.56,3.73,57.54,55.43,56.16,56.62,0.65,1.6,346.78,4.56,13261852800.0,13203072000.0,0.04,0.34,22.9,-23.16
1804,301233,盛帮股份,54.59,-0.18,-0.1,7098.0,38604507.0,2.12,55.04,53.88,54.7,54.69,0.88,2.52,31.12,2.91,2809747300.0,1538380319.0,0.2,0.26,8.98,3.16
1805,688573,信宇人,21.72,-0.18,-0.04,16103.0,35418598.0,2.94,22.28,21.64,21.75,21.76,0.81,3.03,-4.5,6.72,2123225307.0,1155856407.0,0.09,0.0,-8.7,-4.7
1806,002603,以岭药业,16.92,-0.18,-0.03,90833.0,153664504.4,0.77,16.98,16.85,16.88,16.95,0.77,0.66,21.19,2.64,28268334962.0,23296246824.0,-0.12,0.0,-3.7,-0.88
1807,603150,万朗磁塑,56.12,-0.18,-0.1,37105.0,214534923.0,9.39,60.5,55.22,55.22,56.22,1.29,4.34,39.48,2.83,4797305960.0,4797305960.0,-0.28,-0.39,53.8,47.76
1808,300631,久吾高科,28.39,-0.18,-0.05,28177.0,80897170.12,3.02,29.16,28.3,28.4,28.44,0.96,2.34,54.86,2.71,3549982807.0,3420737531.0,0.0,-0.04,-1.7,-1.73
1809,920101,志高机械,38.46,-0.18,-0.07,3457.0,13331882.16,1.45,38.86,38.3,38.69,38.53,0.6,1.24,28.6,3.24,3428638772.0,1069901010.0,-0.23,-0.03,-3.75,-3.61
1810,301106,骏成科技,33.11,-0.18,-0.06,11798.0,39315710.4,2.71,33.74,32.84,33.17,33.17,0.71,1.16,32.18,2.63,3381022187.0,3381022187.0,-0.09,0.39,5.88,11.22
1811,301335,天元宠物,27.04,-0.18,-0.05,10883.0,29535879.0,1.62,27.35,26.91,27.01,27.09,0.63,2.15,45.69,1.78,3431451712.0,1368599964.0,0.19,0.22,-5.42,-6.24
1812,600704,物产中大,5.62,-0.18,-0.01,654356.0,369068780.0,1.24,5.67,5.6,5.61,5.63,0.91,1.27,7.14,0.71,29062030982.0,29062030982.0,0.0,0.0,5.64,2.74
1813,920566,梓橦宫,11.17,-0.18,-0.02,11494.0,12873044.6,1.79,11.31,11.11,11.15,11.19,0.85,1.02,19.34,1.95,1624825955.0,1254911086.0,0.36,0.36,-2.79,0.45
1814,300181,佐力药业,16.27,-0.18,-0.03,55491.0,90722249.0,1.04,16.43,16.26,16.29,16.3,0.79,0.92,16.78,3.66,11411571940.0,9809360652.0,0.0,-0.12,-6.82,0.68
1815,600662,外服控股,5.49,-0.18,-0.01,159206.0,87734476.0,1.64,5.55,5.46,5.47,5.5,1.1,0.7,18.04,2.49,12536180989.0,12497826405.0,-0.18,-0.18,3.78,9.36
1816,000723,美锦能源,5.47,-0.18,-0.01,2580744.0,1429578298.44,4.74,5.68,5.42,5.55,5.48,1.13,5.87,-24.51,1.82,24087110085.0,24042914498.0,0.18,0.18,14.2,16.38
1817,000625,长安汽车,10.82,-0.18,-0.02,471307.0,510964330.25,0.83,10.88,10.79,10.81,10.84,1.02,0.57,26.33,1.39,107257838892.0,89450161751.0,0.09,0.09,-7.6,-8.77
1818,603848,好太太,16.66,-0.18,-0.03,11331.0,19000178.0,1.74,16.89,16.6,16.69,16.69,0.59,0.28,35.11,2.68,6704092473.0,6704092473.0,-0.06,-0.06,-11.85,-8.81
1819,600611,大众交通,5.44,-0.18,-0.01,136173.0,74193729.0,1.47,5.49,5.41,5.43,5.45,1.11,0.87,98.34,1.27,12860828380.0,8504441020.0,0.0,0.18,-4.23,-0.37
1820,603719,良品铺子,10.61,-0.19,-0.02,25143.0,26756214.0,1.51,10.71,10.55,10.59,10.63,1.0,0.63,-26.09,2.11,4254610000.0,4254610000.0,-0.09,0.0,-13.6,-9.39
1821,000516,国际医学,5.25,-0.19,-0.01,1360234.0,715618158.18,5.7,5.44,5.14,5.21,5.26,1.07,6.17,-30.02,3.52,11754207953.0,11575495412.0,-0.38,-0.19,11.23,22.38
1822,605136,丽人丽妆,10.28,-0.19,-0.02,61389.0,63273997.0,1.94,10.4,10.2,10.3,10.3,0.94,1.53,-84.61,1.68,4116713380.0,4116713380.0,0.1,0.59,-13.1,-6.12
1823,688280,精进电动-UW,10.75,-0.19,-0.02,217613.0,234708050.0,4.27,11.01,10.55,10.65,10.77,0.72,4.18,39.23,8.53,6344882920.0,5595849559.0,-0.19,0.0,30.94,23.56
1824,600848,上海临港,10.6,-0.19,-0.02,84912.0,90856172.0,2.07,10.79,10.57,10.6,10.62,1.09,0.35,18.19,1.37,26738362242.0,25375470094.0,0.0,-0.09,-7.34,-9.4
1825,002658,雪迪龙,10.29,-0.19,-0.02,110863.0,114614575.56,2.23,10.47,10.24,10.32,10.31,0.75,3.09,42.53,2.52,6541979908.0,3689597825.0,0.0,0.1,18.14,13.95
1826,000736,*ST中地,5.37,-0.19,-0.01,62348.0,33637525.24,1.86,5.44,5.34,5.35,5.38,1.05,0.83,-1.81,3.22,4011918413.0,4011918413.0,0.19,0.37,-6.45,0.0
1827,603866,桃李面包,5.35,-0.19,-0.01,362680.0,195557923.0,2.24,5.44,5.32,5.35,5.36,2.11,2.27,21.53,1.64,8558497479.0,8558497479.0,0.19,0.38,-1.29,1.71
1828,000661,长春高新,90.0,-0.2,-0.18,33221.0,299264298.8,1.08,90.5,89.53,89.96,90.18,0.67,0.83,23.64,1.6,36714377610.0,35965311120.0,0.0,-0.02,-6.44,-2.76
1829,000632,三木集团,4.95,-0.2,-0.01,142845.0,71283088.0,2.42,5.04,4.92,4.95,4.96,0.83,3.07,-12.65,2.62,2304321872.0,2304133950.0,-0.2,-0.2,-36.38,-12.39
1830,600500,中化国际,4.92,-0.2,-0.01,797643.0,393673791.0,2.84,5.02,4.88,4.93,4.93,0.89,2.22,-9.95,1.56,17654467011.0,17654467011.0,0.0,0.41,27.79,25.51
1831,301173,毓恬冠佳,44.41,-0.2,-0.09,5020.0,22489103.39,1.89,45.19,44.35,44.5,44.5,0.83,1.63,25.27,2.65,3900742225.0,1369100746.0,-0.16,-0.16,-3.62,-1.31
1832,688234,天岳先进,82.91,-0.2,-0.17,60963.0,503455469.0,2.76,83.66,81.37,82.05,83.08,1.0,1.42,-192.81,5.58,40179723483.0,35627342658.0,0.0,0.07,1.23,-6.72
1833,600748,上实发展,5.03,-0.2,-0.01,139324.0,70739888.0,2.78,5.16,5.02,5.06,5.04,1.25,0.76,-11.42,0.89,9278151347.0,9278151347.0,-0.2,-0.2,-9.37,-7.2
1834,301088,戎美股份,15.12,-0.2,-0.03,11225.0,16971645.0,2.84,15.23,14.8,15.14,15.15,0.75,0.6,59.7,1.37,3445848000.0,2840292000.0,0.47,0.4,2.37,-11.84
1835,301381,赛维时代,20.15,-0.2,-0.04,21716.0,44030000.4,2.03,20.46,20.05,20.15,20.19,0.69,1.11,29.07,3.05,8129682730.0,3938684230.0,0.0,0.0,-5.97,-2.14
1836,301539,宏鑫科技,20.29,-0.2,-0.04,11242.0,22917802.0,2.36,20.66,20.18,20.3,20.33,0.67,1.5,51.64,3.68,3002920000.0,1523003902.0,0.1,0.0,-1.5,-2.92
1837,688317,之江生物,19.88,-0.2,-0.04,13489.0,26939657.0,1.41,20.09,19.81,19.98,19.92,0.87,0.7,-111.36,1.14,3820101020.0,3820101020.0,0.0,-0.1,-4.79,-1.44
1838,000036,华联控股,5.05,-0.2,-0.01,375639.0,192250877.3,3.95,5.23,5.03,5.05,5.06,1.15,2.68,149.0,1.39,7089284561.0,7075812464.0,0.2,0.0,6.09,-23.48
1839,600925,苏能股份,4.92,-0.2,-0.01,347633.0,171904121.0,1.42,4.98,4.91,4.92,4.93,1.39,2.16,135.24,2.2,33893333334.0,7901759043.0,0.0,0.0,4.46,8.37
1840,002209,达 意 隆,15.16,-0.2,-0.03,26684.0,40689771.0,2.17,15.44,15.11,15.19,15.19,0.61,1.71,21.92,3.68,3017280398.0,2369703913.0,-0.13,-0.2,-3.99,-5.96
1841,002176,江特电机,10.01,-0.2,-0.02,712102.0,723266106.4,3.29,10.32,9.99,10.04,10.03,1.3,4.17,-113.45,5.03,17080319066.0,17077251351.0,0.0,0.1,5.93,2.77
1842,688103,国力电子,60.75,-0.2,-0.12,8699.0,53152483.0,3.06,61.97,60.11,61.0,60.87,0.64,0.91,82.01,5.12,5790419723.0,5790419723.0,-0.08,-0.07,-2.53,0.26
1843,600356,恒丰纸业,9.37,-0.21,-0.02,48815.0,46005345.0,1.7,9.49,9.33,9.38,9.39,0.79,1.63,15.62,1.04,3087757042.0,2799113012.0,-0.21,-0.21,8.07,6.72
1844,003003,天元股份,14.07,-0.21,-0.03,37135.0,52546786.0,2.7,14.34,13.96,13.98,14.1,0.68,3.15,37.56,1.92,2486450400.0,1657394293.0,-0.42,0.0,-0.35,6.43
1845,002917,金奥博,14.03,-0.21,-0.03,38702.0,54701240.0,1.92,14.28,14.01,14.02,14.06,0.85,1.49,27.53,2.9,4877027184.0,3654506775.0,0.07,0.07,6.13,4.86
1846,300009,安科生物,9.57,-0.21,-0.02,95879.0,92034008.77,1.98,9.67,9.48,9.58,9.59,0.8,0.78,21.75,3.84,15994539176.0,11773466010.0,-0.21,-0.1,-1.54,0.0
1847,600455,博通股份,28.69,-0.21,-0.06,12778.0,36932094.0,3.62,29.38,28.34,28.84,28.75,0.72,2.05,46.68,5.42,1791920020.0,1791920020.0,-0.62,-0.24,8.26,10.47
1848,301310,鑫宏业,38.76,-0.21,-0.08,6568.0,25571177.64,2.81,39.29,38.2,38.82,38.84,0.42,1.31,42.24,2.32,5292850094.0,1947463642.0,-0.15,0.13,-12.43,-9.76
1849,301469,恒达新材,33.97,-0.21,-0.07,13418.0,45828988.7,2.17,34.54,33.8,34.14,34.04,0.61,2.91,41.55,2.21,3039635600.0,1564613529.0,0.0,0.06,17.18,11.85
1850,001279,强邦新材,33.04,-0.21,-0.07,5891.0,19585180.0,1.27,33.42,33.0,33.1,33.11,0.88,1.47,87.02,5.24,5286400000.0,1321600000.0,0.03,0.0,-7.89,-3.5
1851,001299,美能能源,13.96,-0.21,-0.03,56225.0,78852239.52,2.36,14.18,13.85,13.92,13.99,0.56,2.57,33.42,2.75,3387234940.0,3048876829.0,0.07,0.22,21.29,-5.1
1852,002807,江阴银行,4.67,-0.21,-0.01,443423.0,207672524.02,1.71,4.72,4.64,4.67,4.68,1.17,1.8,6.74,0.6,11494704325.0,11478936621.0,0.21,0.0,-1.06,2.19
1853,000403,派林生物,14.26,-0.21,-0.03,95575.0,136874793.72,1.89,14.44,14.17,14.29,14.29,1.0,1.02,28.46,1.69,13552666724.0,13414526482.0,0.0,0.0,2.37,4.16
1854,600968,海油发展,4.83,-0.21,-0.01,1127579.0,547575178.0,2.69,4.93,4.8,4.88,4.84,0.58,1.11,12.91,1.72,49097453281.0,49097453281.0,0.0,0.21,22.9,25.78
1855,002847,盐津铺子,62.18,-0.22,-0.14,13031.0,81383103.46,2.33,63.05,61.6,61.99,62.32,0.47,0.53,21.03,7.94,16957087840.0,15162015472.0,0.02,0.03,-9.99,-8.97
1856,300638,广和通,27.17,-0.22,-0.06,121812.0,333910008.22,3.16,27.88,27.02,27.1,27.23,0.81,2.3,57.96,5.67,24433052981.0,14412290744.0,0.04,0.07,-8.83,-8.33
1857,300850,新强联,53.26,-0.22,-0.12,435735.0,2352464367.87,6.22,55.84,52.52,54.06,53.38,1.58,14.49,24.92,3.21,22054211572.0,16019899322.0,0.6,0.38,13.08,28.74
1858,300643,万通智控,22.73,-0.22,-0.05,163139.0,371498439.0,6.54,23.48,21.99,22.51,22.78,0.85,7.07,31.01,4.15,5256393101.0,5247240093.0,0.0,0.04,20.58,16.92
1859,301020,密封科技,22.49,-0.22,-0.05,11877.0,26855963.0,2.53,22.91,22.34,22.61,22.54,0.81,0.81,33.61,3.41,3292536000.0,3292536000.0,-0.04,0.27,-1.53,1.76
1860,601500,通用股份,4.48,-0.22,-0.01,153817.0,69371325.0,1.78,4.55,4.47,4.47,4.49,1.17,0.97,48.49,1.16,7120134493.0,7091843293.0,-0.22,0.0,-6.86,-7.05
1861,600572,康恩贝,4.44,-0.22,-0.01,412000.0,183127019.0,0.9,4.46,4.42,4.43,4.45,1.06,1.63,14.46,1.59,11262837182.0,11232903355.0,0.0,0.0,-3.9,-0.45
1862,002915,中欣氟材,22.22,-0.22,-0.05,69636.0,156423130.24,3.41,22.83,22.07,22.1,22.27,1.22,2.42,714.2,5.53,7449773393.0,6401023723.0,0.0,0.0,-2.46,-9.31
1863,920000,安徽凤凰,17.77,-0.22,-0.04,3688.0,6569887.25,1.85,17.93,17.6,17.71,17.81,0.7,0.64,23.98,2.46,1629153600.0,1023444047.0,0.34,0.4,-3.63,-8.07
1864,920729,永顺生物,8.88,-0.22,-0.02,13230.0,11813245.06,2.02,9.03,8.85,8.88,8.9,0.77,1.72,59.85,3.6,2427348000.0,682206364.0,0.0,-0.22,2.3,2.3
1865,600757,长江传媒,9.14,-0.22,-0.02,74850.0,68519924.0,1.31,9.22,9.1,9.16,9.16,0.97,0.62,9.68,1.12,11092763495.0,11091363521.0,0.33,-0.11,-0.54,2.93
1866,301168,通灵股份,40.29,-0.22,-0.09,10974.0,44210043.0,1.93,40.78,40.0,40.36,40.38,0.59,1.15,81.08,2.24,4834800000.0,3840174307.0,0.22,0.3,-13.21,-13.73
1867,920839,万通液压,35.72,-0.22,-0.08,7071.0,25540465.58,3.27,36.6,35.43,35.8,35.8,0.8,1.09,33.35,6.37,4222460164.0,2323723379.0,0.0,0.06,-15.79,-15.4
1868,605179,一鸣食品,18.05,-0.22,-0.04,18476.0,33449459.0,1.11,18.2,18.0,18.04,18.09,0.8,0.46,116.97,6.42,7238050000.0,7238050000.0,0.0,0.06,-20.73,-13.68
1869,300523,辰安科技,22.83,-0.22,-0.05,41736.0,94877389.0,3.72,23.23,22.38,22.81,22.88,1.12,1.8,-28.48,5.03,5311117276.0,5304743642.0,0.09,0.62,-14.11,-4.6
1870,002833,弘亚数控,18.52,-0.22,-0.04,54402.0,102029612.49,2.86,19.0,18.47,18.56,18.56,0.72,1.89,17.36,2.74,7856779696.0,5343996819.0,0.11,0.16,14.6,13.13
1871,600716,凤凰股份,4.62,-0.22,-0.01,74613.0,34580233.0,1.94,4.68,4.59,4.62,4.63,0.55,0.8,361.57,0.86,4324599926.0,4324599926.0,0.0,0.22,20.94,19.38
1872,002110,三钢闽光,4.4,-0.23,-0.01,465342.0,207455401.0,2.95,4.52,4.39,4.4,4.41,1.2,1.92,43.59,0.54,10687935399.0,10687935399.0,0.23,0.0,-8.9,0.23
1873,002484,江海股份,30.58,-0.23,-0.07,179884.0,552974224.96,3.75,31.35,30.2,30.49,30.65,0.77,2.19,36.47,4.24,26009022116.0,25090041864.0,0.0,0.07,9.37,2.96
1874,603711,香飘飘,13.04,-0.23,-0.03,14971.0,19601942.0,1.3,13.16,12.99,13.1,13.07,0.76,0.36,-45.26,1.63,5383878264.0,5383878264.0,0.0,0.08,-16.2,-2.9
1875,002507,涪陵榨菜,13.02,-0.23,-0.03,211554.0,277830847.04,1.53,13.22,13.02,13.02,13.05,1.71,1.84,19.56,1.72,15024025745.0,14958866985.0,-0.23,0.0,2.36,2.44
1876,600609,金杯汽车,4.39,-0.23,-0.01,119569.0,52654465.0,1.36,4.43,4.37,4.38,4.4,0.86,0.92,23.81,3.64,5727012070.0,5727012070.0,0.0,0.23,-6.79,-5.18
1877,603392,万泰生物,39.75,-0.23,-0.09,22762.0,90851831.0,1.91,40.2,39.44,39.58,39.84,0.81,0.18,-217.36,4.16,50259613959.0,50259613959.0,-0.03,-0.1,-16.89,-11.55
1878,688121,卓然股份,12.83,-0.23,-0.03,54085.0,69820816.0,4.12,13.2,12.67,13.0,12.86,0.71,2.67,41.03,1.18,2997267658.0,2600213338.0,0.63,0.79,1.42,17.49
1879,301255,通力科技,26.26,-0.23,-0.06,8408.0,22267981.92,2.58,26.78,26.1,26.31,26.32,0.67,2.21,90.5,3.81,3999923200.0,999980800.0,-0.19,-0.15,-7.11,-10.22
1880,601016,节能风电,4.42,-0.23,-0.01,12755597.0,5749998261.0,10.16,4.75,4.3,4.61,4.43,2.59,21.5,28.46,1.63,28466482650.0,26228944640.0,0.68,0.23,48.82,49.83
1881,000042,中洲控股,8.55,-0.23,-0.02,41885.0,36105172.72,1.63,8.68,8.54,8.55,8.57,0.73,0.63,69.31,1.72,5684306238.0,5678321777.0,-0.12,-0.12,4.78,12.2
1882,688193,仁度生物,52.88,-0.23,-0.12,3691.0,19642324.0,3.21,54.0,52.3,52.81,53.0,0.86,0.92,222.83,2.32,2118894726.0,2118894726.0,0.0,-0.13,11.92,9.32
1883,603696,安记食品,16.7,-0.24,-0.04,46557.0,77964404.0,1.79,16.88,16.58,16.72,16.74,0.89,1.98,126.88,6.77,3927840000.0,3927840000.0,0.3,0.42,-29.12,-17.65
1884,600313,农发种业,8.25,-0.24,-0.02,806902.0,673431642.0,3.99,8.53,8.2,8.3,8.27,0.65,7.46,115.94,4.53,9581335244.0,8928138970.0,-0.12,-0.12,21.32,28.11
1885,600020,中原高速,4.19,-0.24,-0.01,138027.0,57961056.0,1.43,4.23,4.17,4.19,4.2,0.84,0.61,7.35,0.79,9416487976.0,9416487976.0,0.0,0.24,-5.42,-1.64
1886,301429,森泰股份,21.05,-0.24,-0.05,13624.0,28869792.0,2.56,21.48,20.94,21.1,21.1,1.04,3.09,43.06,1.83,2488531000.0,927065850.0,-0.05,-0.47,7.29,11.55
1887,688765,禾元生物-U,70.7,-0.24,-0.17,6082.0,43060928.0,1.14,71.26,70.45,70.92,70.87,0.52,1.48,-160.03,8.73,25275250000.0,2897199251.0,-0.03,0.07,-9.27,2.3
1888,000802,北京文化,4.16,-0.24,-0.01,104485.0,43567520.32,0.96,4.19,4.15,4.17,4.17,1.09,1.46,-7.32,3.82,2978145061.0,2976335461.0,0.0,0.24,-13.87,-8.57
1889,920806,云星宇,12.56,-0.24,-0.03,16575.0,20892234.19,2.3,12.75,12.46,12.54,12.59,0.9,0.55,49.49,2.44,3777252538.0,3777252538.0,0.0,0.16,-3.38,-8.85
1890,002397,梦洁股份,4.11,-0.24,-0.01,134001.0,55470379.6,2.67,4.19,4.08,4.09,4.12,1.04,2.07,90.25,2.58,3073381731.0,2662713206.0,0.0,0.0,-3.07,1.99
1891,300346,南大光电,50.38,-0.24,-0.12,240811.0,1223577070.81,4.12,51.88,49.8,50.0,50.5,0.92,3.67,86.82,10.12,34820484773.0,33077043360.0,-0.02,-0.06,20.47,17.44
1892,920023,田野股份,4.22,-0.24,-0.01,59046.0,25016861.16,2.13,4.29,4.2,4.22,4.23,1.02,2.2,117.02,1.15,1381222880.0,1134371997.0,0.0,0.24,0.96,-10.59
1893,603357,设计总院,8.35,-0.24,-0.02,44241.0,37126589.0,1.31,8.44,8.33,8.39,8.37,0.99,0.8,14.52,1.22,4680825540.0,4639284708.0,-0.12,-0.12,1.33,2.45
1894,002561,徐家汇,8.48,-0.24,-0.02,32055.0,27276389.64,0.94,8.55,8.47,8.48,8.5,0.93,0.77,-1272.49,1.62,3525670240.0,3514447528.0,0.0,0.0,-5.88,-3.42
1895,600278,东方创业,7.9,-0.25,-0.02,72400.0,57646779.0,2.4,8.05,7.86,7.93,7.92,1.26,0.83,28.7,0.9,6888132900.0,6888132900.0,0.0,0.25,-0.25,3.95
1896,688526,科前生物,15.97,-0.25,-0.04,21374.0,34413492.0,1.69,16.22,15.95,16.02,16.01,1.09,0.46,17.91,1.75,7444065054.0,7444065054.0,0.0,-0.25,3.3,4.65
1897,002786,银宝山新,7.85,-0.25,-0.02,54484.0,43053996.0,2.16,7.98,7.81,7.84,7.87,0.99,1.1,-260.08,16.95,3890554200.0,3878779200.0,-0.13,0.0,-13.16,-8.72
1898,920121,江天科技,39.9,-0.25,-0.1,1979.0,7922754.22,1.68,40.33,39.66,40.0,40.0,0.65,1.66,24.87,3.35,2636120502.0,474501733.0,0.25,0.5,88.12,-13.41
1899,600936,北投科技,4.0,-0.25,-0.01,169073.0,67867416.0,2.0,4.05,3.97,3.99,4.01,0.97,1.01,-14.56,6.85,6684104956.0,6684104956.0,0.0,0.25,17.3,-5.21
1900,600679,上海凤凰,12.04,-0.25,-0.03,25964.0,31426988.0,1.41,12.18,12.01,12.07,12.07,1.02,0.76,40.04,2.9,6204142854.0,4138078854.0,0.0,0.0,-17.08,-10.35
1901,600814,杭州解百,8.09,-0.25,-0.02,117009.0,95105077.0,1.6,8.18,8.05,8.08,8.11,0.94,1.59,23.69,1.59,5946785858.0,5946785858.0,0.12,0.12,4.12,-0.12
1902,300971,博亚精工,24.42,-0.25,-0.06,31695.0,78094270.7,3.19,25.08,24.3,24.51,24.48,0.73,3.44,32.58,2.73,2871792000.0,2248166201.0,0.04,0.12,0.25,-0.16
1903,605001,威奥股份,8.14,-0.25,-0.02,40789.0,33439825.0,1.96,8.28,8.12,8.16,8.16,0.82,1.04,38.2,1.19,3198092040.0,3198092040.0,0.0,-0.25,9.12,6.68
1904,920436,大地电气,16.04,-0.25,-0.04,3307.0,5337146.24,1.87,16.28,15.98,16.2,16.08,0.53,0.37,-137.59,3.94,1515395040.0,1425445142.0,0.38,0.06,-12.83,-7.5
1905,600035,楚天高速,4.02,-0.25,-0.01,172580.0,69577698.0,0.99,4.05,4.01,4.03,4.03,1.27,1.07,8.54,0.73,6472665922.0,6472665922.0,0.0,-0.25,0.5,3.61
1906,601236,红塔证券,7.93,-0.25,-0.02,136742.0,108767067.0,1.38,8.01,7.9,7.91,7.95,1.22,0.29,32.45,1.51,37404126794.0,37404126794.0,-0.13,-0.13,-6.82,-3.17
1907,003017,大洋生物,32.48,-0.25,-0.08,19640.0,64383438.4,2.33,33.15,32.39,32.58,32.56,0.7,2.83,25.57,2.49,2728320000.0,2250473850.0,-0.06,0.0,6.63,8.77
1908,688050,爱博医疗,55.06,-0.25,-0.14,15710.0,86762424.0,1.23,55.6,54.92,55.2,55.2,0.84,0.81,40.12,3.82,10648778816.0,10648778816.0,0.05,0.0,-8.34,-9.23
1909,920160,北矿检测,24.33,-0.25,-0.06,6140.0,14987811.82,1.52,24.59,24.22,24.45,24.39,0.63,2.41,37.28,5.2,2756102400.0,620123040.0,0.33,0.33,1.63,-5.77
1910,600478,科力远,7.82,-0.26,-0.02,664887.0,525731853.0,3.32,8.03,7.77,7.8,7.84,1.24,3.99,74.2,4.49,13024529963.0,13024529963.0,0.0,0.13,19.03,13.5
1911,688506,百利天恒,257.33,-0.26,-0.68,12752.0,328921104.0,3.66,262.83,253.38,256.39,258.01,0.7,0.32,-101.12,16.04,106244819329.0,103189330000.0,0.54,0.75,-28.87,-20.36
1912,300441,鲍斯股份,7.79,-0.26,-0.02,53284.0,41726568.0,1.92,7.91,7.76,7.82,7.81,0.85,0.85,23.4,2.03,5019999612.0,4880817964.0,0.0,0.26,0.91,3.18
1913,603658,安图生物,34.84,-0.26,-0.09,17890.0,62434865.0,0.83,35.06,34.77,35.0,34.93,1.08,0.31,17.37,2.28,19908438917.0,19908438917.0,0.0,-0.06,-2.33,-1.64
1914,301289,国缆检测,57.51,-0.26,-0.15,4874.0,28009543.0,2.32,58.2,56.86,57.66,57.66,0.61,0.63,50.96,4.54,4485780000.0,4457076759.0,0.63,0.67,0.58,-2.06
1915,600733,北汽蓝谷,7.77,-0.26,-0.02,659275.0,513919906.0,1.93,7.87,7.72,7.75,7.79,1.02,1.35,-10.83,20.75,49472786285.0,38008601626.0,0.0,-0.13,2.91,-3.24
1916,301113,雅艺科技,27.23,-0.26,-0.07,16773.0,46037722.62,2.05,27.76,27.2,27.23,27.3,1.05,3.04,1044.48,3.61,2477930000.0,1500848599.0,-0.51,-0.22,11.01,14.27
1917,688598,金博股份,26.68,-0.26,-0.07,42676.0,114984865.0,3.55,27.42,26.47,26.49,26.75,1.11,2.1,-4.01,1.43,5538050735.0,5431397435.0,-0.04,0.04,-8.5,-9.13
1918,605018,长华集团,11.66,-0.26,-0.03,39689.0,46380243.0,2.4,11.83,11.55,11.56,11.69,0.72,0.84,67.46,2.02,5480967146.0,5480967146.0,0.0,0.09,3.28,0.69
1919,300463,迈克生物,11.46,-0.26,-0.03,49733.0,57264801.08,1.22,11.57,11.43,11.45,11.49,0.93,1.01,140.07,1.1,6929479511.0,5636029834.0,0.0,0.0,1.06,2.41
1920,920978,开特股份,26.68,-0.26,-0.07,15502.0,41485465.29,2.39,27.05,26.41,26.68,26.75,0.74,1.54,27.98,6.15,4803159526.0,2692944413.0,-0.22,0.0,-26.24,-27.7
1921,688256,寒武纪-U,1096.1,-0.26,-2.9,92906.0,10301354225.0,3.83,1127.05,1084.97,1111.11,1099.0,1.58,2.22,224.46,39.05,462209114837.0,458553680526.0,-2.05,-2.15,-23.67,-19.14
1922,301360,荣旗科技,72.22,-0.26,-0.19,13678.0,99525991.26,2.4,73.59,71.85,72.55,72.41,0.8,5.37,553.18,3.33,3852214800.0,1838721200.0,0.0,0.24,-1.95,1.86
1923,000428,华天酒店,3.87,-0.26,-0.01,115833.0,45131936.0,2.06,3.93,3.85,3.89,3.88,0.76,1.14,-18.93,2.83,3943243620.0,3943243620.0,0.52,0.52,14.84,17.27
1924,300044,ST赛为,7.61,-0.26,-0.02,335692.0,256179797.45,4.06,7.77,7.46,7.49,7.63,0.9,4.69,-81.21,80.83,5813044825.0,5444028125.0,-0.13,-0.13,68.74,90.73
1925,002303,美盈森,3.88,-0.26,-0.01,239545.0,93181601.31,1.8,3.92,3.85,3.88,3.89,1.2,2.48,17.13,1.31,5941535898.0,3751715587.0,0.26,0.26,-5.6,-3.72
1926,688420,美腾科技,26.96,-0.26,-0.07,6347.0,17184470.0,2.55,27.45,26.76,26.86,27.03,0.8,1.52,170.59,1.65,2384072800.0,1125283440.0,0.33,0.6,7.84,12.95
1927,301448,开创电气,41.82,-0.26,-0.11,6197.0,26144835.5,2.98,42.85,41.6,41.69,41.93,0.71,1.28,-313.55,6.41,4374372000.0,2019174150.0,0.02,0.38,-30.21,-16.09
1928,603989,艾华集团,18.23,-0.27,-0.05,45112.0,82417189.0,2.52,18.45,17.99,18.11,18.28,0.77,1.13,24.64,1.9,7269756848.0,7269756848.0,-0.11,-0.16,8.38,8.64
1929,688162,巨一科技,33.16,-0.27,-0.09,13220.0,44079274.0,3.73,33.85,32.61,33.02,33.25,0.77,0.96,56.18,1.86,4546261699.0,4546261699.0,-0.09,0.0,10.31,7.66
1930,688617,惠泰医疗,234.95,-0.27,-0.63,8613.0,201893166.0,2.22,237.77,232.55,236.66,235.58,1.06,0.61,40.38,10.72,33135010013.0,33135010013.0,0.81,0.87,-1.16,-3.42
1931,000523,红棉股份,3.66,-0.27,-0.01,245318.0,90455848.8,2.45,3.73,3.64,3.65,3.67,0.83,1.85,77.17,3.55,6717814567.0,4850086164.0,0.27,0.0,3.1,-2.92
1932,002263,大东南,3.64,-0.27,-0.01,607939.0,223564920.3,2.47,3.72,3.63,3.64,3.65,1.05,3.24,425.25,2.47,6837230764.0,6837176164.0,0.0,0.0,7.06,9.31
1933,002640,跨境通,3.7,-0.27,-0.01,342732.0,127597213.0,1.89,3.76,3.69,3.7,3.71,0.66,2.21,-256.97,6.76,5764752921.0,5728569419.0,-0.27,-0.27,-16.67,-18.32
1934,002318,久立特材,32.9,-0.27,-0.09,81296.0,268747597.37,2.36,33.38,32.6,33.0,32.99,0.7,0.85,19.11,3.94,32148916688.0,31418109251.0,-0.3,-0.33,36.86,13.64
1935,000983,山西焦煤,7.45,-0.27,-0.02,1237169.0,930998474.87,2.68,7.62,7.42,7.5,7.47,0.93,2.18,22.12,1.15,42294402890.0,42294143443.0,0.0,-0.13,14.44,16.04
1936,000856,冀东装备,10.92,-0.27,-0.03,44764.0,49150413.0,2.83,11.15,10.84,10.92,10.95,0.59,1.97,229.01,5.91,2478840000.0,2478840000.0,0.28,0.18,2.92,6.43
1937,002405,四维图新,10.9,-0.27,-0.03,1320879.0,1462382876.16,6.13,11.38,10.71,10.82,10.93,1.62,5.61,-27.36,3.14,25840072073.0,25678778287.0,0.09,0.18,31.17,20.98
1938,920112,巴兰仕,36.7,-0.27,-0.1,1525.0,5634314.38,1.63,37.28,36.68,36.8,36.8,0.89,0.66,21.62,3.48,3113995000.0,850816100.0,-0.14,0.03,-4.15,-2.81
1939,002057,中钢天源,10.88,-0.27,-0.03,170092.0,187135175.0,3.12,11.16,10.82,10.88,10.91,0.92,2.26,27.74,2.53,8202254721.0,8197263086.0,0.09,0.18,9.13,6.77
1940,001319,铭科精技,26.15,-0.27,-0.07,19102.0,50248950.0,2.29,26.59,25.99,26.18,26.22,0.69,2.33,27.98,2.76,3697610000.0,2144301961.0,0.04,0.11,0.97,-4.81
1941,001289,龙源电力,18.43,-0.27,-0.05,144187.0,267552426.06,3.52,18.84,18.19,18.69,18.48,0.98,0.29,26.31,2.03,154071411903.0,92922846643.0,-0.11,-0.05,19.99,22.54
1942,688171,纬德信息,56.1,-0.27,-0.15,12050.0,67880173.0,4.07,57.39,55.1,55.1,56.25,0.73,1.44,384.43,5.57,4699687740.0,4699687740.0,0.02,0.5,16.78,20.23
1943,001914,招商积余,10.76,-0.28,-0.03,86317.0,93863872.0,2.22,10.99,10.75,10.79,10.79,0.84,0.82,17.32,1.06,11338025672.0,11337984784.0,-0.09,-0.09,-2.89,0.75
1944,001389,广合科技,119.57,-0.28,-0.33,98519.0,1172535283.18,5.49,122.18,115.6,119.08,119.9,1.05,6.49,50.2,12.79,50990205853.0,18164708396.0,0.03,0.06,60.13,46.48
1945,300984,金沃股份,61.33,-0.28,-0.17,18594.0,115332695.76,4.5,63.53,60.76,61.2,61.5,0.89,2.4,151.84,7.28,7560063361.0,4751348561.0,-0.05,-0.1,-8.71,-27.75
1946,003033,征和工业,59.67,-0.28,-0.17,5969.0,35769701.0,1.52,60.38,59.47,59.51,59.84,0.57,0.74,27.85,3.49,4878022500.0,4817973118.0,-0.12,0.1,-7.5,-24.09
1947,300307,慈星股份,7.0,-0.28,-0.02,71397.0,50216495.28,1.85,7.1,6.97,7.0,7.02,0.63,0.91,34.55,1.71,5603876432.0,5519583538.0,0.0,0.0,-3.31,-0.99
1948,600293,三峡新材,3.58,-0.28,-0.01,447511.0,162576814.0,3.34,3.69,3.57,3.59,3.59,0.98,3.86,-52.04,2.47,4153319265.0,4153319265.0,0.0,0.28,11.88,13.65
1949,300700,岱勒新材,14.05,-0.28,-0.04,75978.0,108194967.44,3.69,14.53,14.01,14.09,14.09,0.92,2.81,-43.42,6.43,5578254963.0,3802075403.0,0.0,0.0,13.49,13.77
1950,002425,凯撒文化,3.5,-0.28,-0.01,133187.0,47213859.54,3.7,3.62,3.49,3.52,3.51,1.0,1.39,-23.34,1.16,3348327731.0,3346213143.0,-0.28,0.0,-14.22,-1.13
1951,002096,易普力,14.08,-0.28,-0.04,82345.0,116981117.0,1.91,14.33,14.06,14.08,14.12,0.95,0.66,20.33,2.23,17465406042.0,17465376347.0,-0.07,-0.07,9.49,5.71
1952,300199,翰宇药业,17.69,-0.28,-0.05,140750.0,250640928.28,2.71,18.05,17.57,17.67,17.74,0.58,1.89,164.23,24.07,15624539234.0,13191394878.0,-0.06,-0.06,-6.94,-1.17
1953,000713,国投丰乐,7.14,-0.28,-0.02,211227.0,151870029.68,2.51,7.28,7.1,7.19,7.16,0.79,3.44,-47.12,2.3,5699287044.0,4384066957.0,0.14,0.0,3.78,7.85
1954,002564,天沃科技,7.05,-0.28,-0.02,136482.0,97170199.0,2.55,7.2,7.02,7.07,7.07,1.26,1.59,78.81,30.77,6055276563.0,6055276563.0,-0.14,-0.14,-7.6,-8.44
1955,601999,出版传媒,7.15,-0.28,-0.02,32393.0,23340665.0,1.67,7.25,7.13,7.17,7.17,0.64,0.59,38.46,1.49,3939040105.0,3939040105.0,0.0,0.14,-2.99,4.08
1956,600900,长江电力,27.42,-0.29,-0.08,942776.0,2590387280.0,1.02,27.63,27.35,27.5,27.5,0.77,0.39,19.64,3.03,670918529773.0,670918529773.0,0.04,0.07,-1.22,1.63
1957,002822,ST中装,3.38,-0.29,-0.01,86777.0,29449237.75,1.77,3.42,3.36,3.38,3.39,0.62,0.81,-9.77,2.35,6594184636.0,3618595444.0,-0.29,-0.29,-8.15,-13.78
1958,300749,顶固集创,37.73,-0.29,-0.11,125055.0,466327021.0,8.51,38.8,35.58,38.51,37.84,0.7,7.95,495.4,13.65,7741041462.0,5938535988.0,-0.24,-0.71,215.2,212.59
1959,002205,国统股份,13.87,-0.29,-0.04,28124.0,39449616.0,2.59,14.18,13.82,13.91,13.91,0.7,1.51,-88.16,7.16,2577645572.0,2577645572.0,-0.22,-0.07,0.14,0.65
1960,002129,TCL中环,10.16,-0.29,-0.03,1452240.0,1485255688.84,3.43,10.38,10.03,10.13,10.19,0.99,3.59,-5.33,1.63,41078056254.0,41046804297.0,-0.2,0.1,12.89,18.55
1961,002346,柘中股份,20.6,-0.29,-0.06,47270.0,97845205.92,2.27,20.97,20.5,20.8,20.66,0.76,1.2,19.37,3.15,9096453570.0,8102495577.0,0.0,0.0,10.16,1.43
1962,000985,大庆华科,20.4,-0.29,-0.06,39629.0,81738543.24,3.13,21.03,20.39,20.5,20.46,0.69,3.06,149.98,4.3,2644645800.0,2644645800.0,0.0,-0.1,4.08,6.75
1963,000672,上峰水泥,13.94,-0.29,-0.04,145922.0,206605957.45,3.36,14.38,13.91,13.98,13.98,0.97,1.51,19.2,1.52,13513372573.0,13513372573.0,0.07,0.0,29.19,7.31
1964,000679,大连友谊,6.98,-0.29,-0.02,46077.0,32342828.04,2.71,7.1,6.91,7.0,7.0,0.69,1.29,-32.68,12.6,2487672000.0,2487672000.0,-0.14,0.0,-15.5,-1.97
1965,601838,成都银行,17.15,-0.29,-0.05,319109.0,549321804.0,1.86,17.39,17.07,17.17,17.2,0.98,0.75,5.74,0.86,72689166355.0,72689166355.0,-0.06,0.0,2.45,6.39
1966,603351,威尔药业,26.24,-0.3,-0.08,4888.0,12880647.0,1.82,26.53,26.05,26.35,26.32,0.87,0.36,23.37,2.02,3553922824.0,3553922824.0,0.42,0.46,-1.8,0.85
1967,920931,无锡鼎邦,13.37,-0.3,-0.04,7577.0,10212698.29,2.39,13.65,13.33,13.4,13.41,0.49,2.63,118.61,3.2,1255844100.0,384732446.0,0.0,-0.37,-9.36,-6.44
1968,301585,蓝宇股份,30.19,-0.3,-0.09,6521.0,19786284.28,1.88,30.65,30.08,30.36,30.28,0.82,0.96,49.59,3.25,3139760000.0,2056208597.0,0.17,0.13,-0.36,-2.36
1969,300585,奥联电子,16.44,-0.3,-0.05,37922.0,63117047.0,2.85,16.89,16.42,16.53,16.49,0.66,2.22,633.82,3.95,2813066665.0,2813066665.0,-0.06,0.06,-20.12,-7.59
1970,300597,吉大通信,9.84,-0.3,-0.03,54184.0,53802830.0,2.43,10.04,9.8,9.87,9.87,0.81,2.0,-71.31,2.84,2682089095.0,2670302822.0,0.1,-0.1,1.23,6.49
1971,301186,超达装备,49.1,-0.3,-0.15,8486.0,41661406.04,2.56,49.77,48.51,49.25,49.25,0.7,1.12,26.96,2.48,3954984967.0,3714380532.0,0.51,0.7,6.28,1.11
1972,603214,爱婴室,16.89,-0.3,-0.05,36454.0,61838370.0,2.18,17.18,16.81,16.97,16.94,0.62,2.63,33.53,2.03,2339941208.0,2339941208.0,0.0,0.0,-0.35,-1.57
1973,300778,新城市,13.34,-0.3,-0.04,36789.0,49556879.5,2.54,13.63,13.29,13.5,13.38,0.55,1.81,-103.34,2.2,2716819624.0,2716283943.0,0.23,0.0,-2.2,-3.89
1974,600351,亚宝药业,6.66,-0.3,-0.02,110306.0,73819062.0,1.05,6.72,6.65,6.66,6.68,1.09,1.59,16.07,1.67,4608720306.0,4608720306.0,-0.15,-0.3,2.46,5.88
1975,920964,润农节水,6.68,-0.3,-0.02,19916.0,13459578.76,2.09,6.82,6.68,6.7,6.7,0.89,1.35,457.32,1.96,1744869440.0,986617543.0,-0.15,-0.15,1.83,-0.15
1976,001367,海森药业,22.9,-0.3,-0.07,14896.0,34324053.9,1.87,23.24,22.81,23.15,22.97,0.92,3.75,29.66,2.43,3488842480.0,909077353.0,0.17,0.22,1.51,4.33
1977,300298,三诺生物,16.88,-0.3,-0.05,35632.0,60165837.1,0.89,16.98,16.83,16.9,16.93,0.91,0.79,33.62,2.96,9457312125.0,7617955782.0,0.0,0.12,-1.23,-1.34
1978,601288,农业银行,6.62,-0.3,-0.02,2846114.0,1888392850.0,1.66,6.69,6.58,6.64,6.64,0.94,0.09,7.87,0.85,2316887684239.0,2113396675344.0,-0.15,0.0,-16.41,-13.8
1979,300299,富春股份,6.53,-0.31,-0.02,227981.0,151153236.55,3.66,6.75,6.51,6.63,6.55,1.42,3.31,-366.91,10.49,4507659555.0,4500626745.0,0.0,0.0,-19.78,-8.03
1980,688410,山外山,15.94,-0.31,-0.05,79323.0,127379444.0,4.69,16.45,15.7,15.8,15.99,1.39,2.48,35.6,2.85,5094433915.0,5094433915.0,0.06,-0.13,8.66,6.48
1981,600657,信达地产,3.25,-0.31,-0.01,163789.0,53940403.0,3.68,3.35,3.23,3.25,3.26,1.08,0.57,-1.31,0.5,9268605434.0,9268605434.0,0.0,0.0,-9.72,-5.8
1982,603967,中创物流,13.01,-0.31,-0.04,48806.0,64039396.0,2.3,13.27,12.97,13.08,13.05,1.23,1.41,16.37,1.93,4510133897.0,4510133897.0,-0.08,0.23,1.96,-5.24
1983,301045,天禄科技,48.35,-0.31,-0.15,41780.0,203587387.0,6.08,50.25,47.3,48.4,48.5,0.57,6.53,158.3,5.2,5333892609.0,3092368526.0,-0.02,0.35,79.81,82.25
1984,301081,严牌股份,12.73,-0.31,-0.04,39518.0,50760983.59,3.52,13.1,12.65,12.85,12.77,0.63,1.81,153.22,2.69,2892203323.0,2774731265.0,-0.08,-0.16,17.44,25.67
1985,300942,易瑞生物,9.53,-0.31,-0.03,44595.0,42666629.0,2.3,9.67,9.45,9.53,9.56,0.91,1.1,160.64,4.56,3860305321.0,3860305321.0,0.0,0.21,-2.26,1.28
1986,603788,宁波高发,16.02,-0.31,-0.05,16243.0,26068691.0,1.56,16.17,15.92,15.96,16.07,1.13,0.73,17.21,1.73,3573502389.0,3573502389.0,0.25,0.13,-0.8,-1.96
1987,601788,光大证券,16.13,-0.31,-0.05,136028.0,219599911.0,1.36,16.28,16.06,16.13,16.18,1.0,0.35,19.94,1.22,74372004617.0,63015052273.0,-0.06,0.0,-9.38,-8.09
1988,300721,怡达股份,16.04,-0.31,-0.05,198140.0,327269587.5,6.9,17.12,16.01,16.5,16.09,1.38,14.32,-22.08,2.34,2644141694.0,2219160771.0,0.12,0.12,17.17,26.0
1989,300604,长川科技,124.2,-0.31,-0.39,140711.0,1755792703.01,4.49,128.1,122.51,123.59,124.59,0.8,2.87,68.29,18.21,78792804659.0,60790365027.0,0.16,0.56,42.56,22.59
1990,000031,大悦城,3.22,-0.31,-0.01,284311.0,92995836.47,3.72,3.33,3.21,3.22,3.23,1.22,0.66,-19.42,1.36,13801928952.0,13801901137.0,-0.31,-0.31,8.05,14.18
1991,000422,湖北宜化,19.38,-0.31,-0.06,1169417.0,2300205123.59,4.63,20.19,19.29,19.5,19.44,1.08,11.06,23.73,3.47,21090254225.0,20500225706.0,0.36,-0.05,40.33,36.38
1992,001380,华纬科技,22.05,-0.32,-0.07,11384.0,25259361.8,1.85,22.37,21.96,22.0,22.12,0.69,1.29,21.9,3.22,5972335286.0,1940484959.0,0.09,0.05,-2.91,-3.63
1993,301372,科净源,28.15,-0.32,-0.09,11842.0,33671157.0,3.01,28.9,28.05,28.25,28.24,0.84,2.88,90.64,2.45,1930285755.0,1158948027.0,0.0,-0.14,5.19,11.0
1994,603236,移远通信,78.98,-0.32,-0.25,41606.0,328625254.0,1.67,79.68,78.36,78.78,79.23,0.73,1.59,23.24,4.57,22732293633.0,20665721513.0,0.0,0.38,-13.38,-17.22
1995,600721,百花医药,9.22,-0.32,-0.03,78182.0,72236578.0,2.81,9.34,9.08,9.18,9.25,0.78,2.03,81.38,4.47,3545529195.0,3545529195.0,0.0,0.0,-13.02,-24.67
1996,002589,瑞康医药,3.16,-0.32,-0.01,321776.0,102082219.26,1.89,3.2,3.14,3.16,3.17,1.18,2.36,293.83,0.89,4754885088.0,4315269292.0,0.0,0.0,-25.12,-1.86
1997,688678,福立旺,25.19,-0.32,-0.08,144618.0,366306464.0,3.64,25.83,24.91,25.27,25.27,1.2,5.02,131.35,3.48,7253037686.0,7253037686.0,0.04,0.04,1.61,4.18
1998,603355,莱克电气,31.56,-0.32,-0.1,21250.0,67866291.0,2.72,32.36,31.5,31.58,31.66,0.69,0.37,21.85,3.31,18096381863.0,18096381863.0,0.16,-0.03,-7.99,-0.54
1999,002486,嘉麟杰,3.11,-0.32,-0.01,319769.0,100401398.0,2.88,3.18,3.09,3.11,3.12,1.01,3.9,36.98,2.37,2563520441.0,2551651981.0,-0.32,0.0,-5.47,0.0
2000,001336,楚环科技,27.65,-0.32,-0.09,14695.0,41010445.22,3.06,28.38,27.53,27.6,27.74,0.88,3.15,84.65,2.81,2222327275.0,1288024374.0,0.0,-0.54,12.17,13.04
2001,300787,海能实业,12.5,-0.32,-0.04,39810.0,50143297.38,2.39,12.74,12.44,12.52,12.54,0.66,2.08,33.42,2.6,3917912750.0,2386985750.0,0.0,0.0,5.57,6.38
2002,600119,长江投资,6.23,-0.32,-0.02,41837.0,26234006.0,2.4,6.35,6.2,6.24,6.25,0.94,1.15,-116.98,19.07,2275634405.0,2275634405.0,0.16,0.0,-26.53,-20.64
2003,600825,新华传媒,6.14,-0.32,-0.02,105301.0,64859144.0,1.46,6.2,6.11,6.14,6.16,0.29,1.01,381.86,2.62,6415611399.0,6415611399.0,0.16,0.16,-6.12,-0.65
2004,300172,中电环保,6.14,-0.32,-0.02,273601.0,168352067.5,2.6,6.23,6.07,6.14,6.16,0.66,5.23,35.06,2.14,4154999400.0,3214366056.0,-0.16,0.16,3.19,12.66
2005,600398,海澜之家,6.3,-0.32,-0.02,307626.0,194482946.0,1.42,6.37,6.28,6.29,6.32,0.98,0.64,12.18,1.68,30257452865.0,30257452865.0,0.0,0.16,3.11,4.13
2006,300949,奥雅股份,40.81,-0.32,-0.13,6367.0,26118372.0,2.74,41.63,40.51,40.67,40.94,0.66,1.86,-63.99,3.68,2448600000.0,1399826381.0,0.07,-0.05,-9.31,4.11
2007,301056,森赫股份,15.35,-0.32,-0.05,24556.0,38265511.0,4.87,15.95,15.2,15.41,15.4,0.79,1.4,55.41,4.99,4095175338.0,2701535991.0,-0.45,-0.26,35.24,-8.63
2008,600166,福田汽车,3.08,-0.32,-0.01,1281887.0,398068356.0,2.59,3.14,3.06,3.07,3.09,1.04,1.62,16.44,1.59,24385593130.0,24385593130.0,0.0,0.0,11.59,5.48
2009,002747,埃斯顿,21.94,-0.32,-0.07,182649.0,396277213.8,2.73,21.96,21.36,21.75,22.01,1.23,2.33,549.07,9.85,21233498059.0,17165969057.0,2.05,2.14,-1.88,-7.43
2010,002449,国星光电,9.24,-0.32,-0.03,644749.0,605101295.43,4.85,9.58,9.13,9.2,9.27,1.08,10.42,137.74,1.49,5714729042.0,5714729042.0,-0.11,0.0,3.7,9.22
2011,002736,国信证券,12.21,-0.33,-0.04,323495.0,394849457.76,2.37,12.34,12.05,12.21,12.25,1.36,0.34,10.26,1.29,125051682763.0,117367762693.0,0.16,0.25,-4.61,-6.22
2012,002816,*ST和科,23.86,-0.33,-0.08,18758.0,44863479.0,2.42,24.21,23.63,23.75,23.94,0.61,1.88,265.75,10.31,2386000000.0,2386000000.0,0.08,0.13,17.42,6.19
2013,920768,拾比佰,12.14,-0.33,-0.04,11966.0,14628702.32,2.46,12.33,12.03,12.15,12.18,0.93,1.56,24.79,1.91,1347175800.0,928640632.0,-0.57,-0.65,3.94,0.75
2014,603998,方盛制药,11.91,-0.33,-0.04,50493.0,60470018.0,1.42,12.05,11.88,11.91,11.95,0.98,1.15,14.62,3.13,5229458998.0,5229458998.0,-0.08,-0.08,5.59,7.39
2015,600548,深高速,9.1,-0.33,-0.03,52935.0,48320162.0,1.2,9.19,9.08,9.11,9.13,1.12,0.31,11.78,0.99,23094490756.0,15601276445.0,0.0,-0.22,-0.55,3.41
2016,688213,思特威-W,84.76,-0.33,-0.28,54901.0,465677791.0,2.26,85.75,83.83,84.3,85.04,0.87,1.7,34.05,6.51,34099522249.0,27420663186.0,0.15,0.41,-7.22,-10.86
2017,600373,中文传媒,9.02,-0.33,-0.03,168621.0,152115056.0,0.77,9.06,8.99,9.02,9.05,1.52,1.25,22.82,0.71,12153175645.0,12153175645.0,0.11,0.0,-9.53,-3.43
2018,301049,超越科技,24.35,-0.33,-0.08,13945.0,34186690.16,2.99,24.92,24.19,24.51,24.43,0.85,3.26,-19.6,3.84,2295068683.0,1042821842.0,0.04,-0.04,10.83,13.36
2019,000788,北大医药,6.08,-0.33,-0.02,116484.0,71280718.9,1.64,6.17,6.07,6.09,6.1,0.94,1.95,19.99,2.24,3623603544.0,3623603544.0,0.0,-0.16,-13.14,2.36
2020,600858,银座股份,6.03,-0.33,-0.02,83926.0,50954674.0,2.15,6.13,6.0,6.04,6.05,1.08,1.62,26.69,1.15,3136001532.0,3120814615.0,0.0,0.17,-0.33,-3.52
2021,688113,联测科技,41.7,-0.33,-0.14,6782.0,28422848.0,2.27,42.42,41.47,41.91,41.84,0.74,1.05,30.15,2.73,2685378210.0,2685378210.0,0.34,0.36,8.68,5.49
2022,920422,润普食品,12.26,-0.33,-0.04,11973.0,14846841.99,3.33,12.6,12.19,12.3,12.3,1.28,1.81,58.06,2.53,1084798025.0,811890425.0,0.41,0.41,-2.23,-4.96
2023,600577,精达股份,14.82,-0.34,-0.05,538306.0,802841687.0,4.1,15.2,14.59,14.73,14.87,0.89,2.5,52.98,5.26,31852122994.0,31852122994.0,0.0,-0.13,43.74,19.23
2024,301578,辰奕智能,35.11,-0.34,-0.12,8039.0,28452002.95,2.38,35.84,35.0,35.1,35.23,0.71,3.47,100.05,3.07,2860952078.0,813495189.0,0.0,0.06,1.77,3.94
2025,301234,五洲医疗,38.02,-0.34,-0.13,9414.0,36163012.2,3.46,39.2,37.88,38.21,38.15,0.76,2.34,104.76,3.4,2585360000.0,1527286706.0,-0.26,-0.16,-3.13,-10.54
2026,600009,上海机场,29.27,-0.34,-0.1,77603.0,227497978.0,0.92,29.44,29.17,29.26,29.37,0.91,0.38,33.43,1.73,72832922681.0,59894601404.0,-0.07,0.03,-8.07,-10.65
2027,300154,瑞凌股份,8.76,-0.34,-0.03,38416.0,33903975.0,2.84,8.95,8.7,8.79,8.79,0.67,1.22,30.51,2.21,3938103561.0,2760154683.0,0.23,0.23,-3.95,-11.07
2028,600566,济川药业,26.53,-0.34,-0.09,30930.0,82064458.0,1.13,26.68,26.38,26.51,26.62,0.71,0.34,17.93,1.77,24443263218.0,24360757571.0,-0.15,0.0,-3.18,0.87
2029,301022,海泰科,32.7,-0.34,-0.11,12340.0,40570154.6,2.01,33.21,32.55,32.94,32.81,0.77,1.84,41.56,2.3,3253130920.0,2196980173.0,0.31,0.31,2.09,-1.18
2030,688081,兴图新科,38.41,-0.34,-0.13,11520.0,44671900.0,4.33,39.43,37.76,38.54,38.54,0.62,1.12,-62.07,9.77,3957766400.0,3957766400.0,-0.03,0.0,19.88,6.46
2031,600787,中储股份,5.9,-0.34,-0.02,317567.0,188323785.0,1.86,5.98,5.87,5.91,5.92,1.02,1.46,21.61,0.92,12803469534.0,12803469534.0,0.0,0.17,4.24,4.98
2032,002755,奥赛康,14.66,-0.34,-0.05,49584.0,72832582.4,1.7,14.83,14.58,14.65,14.71,0.68,0.53,45.7,4.25,13606830746.0,13606702104.0,-0.07,0.0,-14.32,-10.23
2033,002500,山西证券,5.85,-0.34,-0.02,218158.0,127949730.62,1.53,5.91,5.82,5.86,5.87,0.91,0.61,21.52,1.15,21000163550.0,21000163550.0,0.0,0.17,-3.31,-2.34
2034,603811,诚意药业,11.69,-0.34,-0.04,41887.0,49266794.0,2.13,11.88,11.63,11.73,11.73,0.97,1.28,20.11,2.89,3826187501.0,3826187501.0,0.0,-0.09,8.14,11.33
2035,002926,华西证券,8.76,-0.34,-0.03,156278.0,137381503.87,1.37,8.85,8.73,8.78,8.79,0.92,0.6,16.28,0.94,22995000000.0,22995000000.0,-0.11,-0.11,-7.5,-5.6
2036,920640,富士达,38.54,-0.34,-0.13,37672.0,145103314.54,3.78,39.27,37.81,38.58,38.67,0.65,2.09,93.08,7.81,7235037120.0,6960410137.0,0.03,0.08,9.64,2.45
2037,002434,万里扬,8.73,-0.34,-0.03,159422.0,140391357.0,2.63,8.92,8.69,8.72,8.76,1.02,1.22,25.23,1.93,11458998000.0,11448007367.0,0.0,0.0,-2.78,-8.39
2038,600276,恒瑞医药,55.11,-0.34,-0.19,244164.0,1347312522.0,1.23,55.63,54.95,55.3,55.3,0.58,0.38,47.7,6.15,365776085056.0,351546815320.0,-0.02,0.05,-12.63,-7.49
2039,688528,秦川物联,11.72,-0.34,-0.04,13232.0,15675105.0,4.08,12.03,11.55,11.77,11.76,0.6,0.79,-16.81,4.07,1968960000.0,1968960000.0,-0.34,-0.26,5.59,8.82
2040,603137,恒尚节能,14.16,-0.35,-0.05,21759.0,30856238.0,1.9,14.29,14.02,14.2,14.21,0.73,2.95,41.27,2.08,2590336009.0,1044064009.0,0.0,0.57,-3.34,3.06
2041,002622,皓宸医疗,2.87,-0.35,-0.01,168333.0,48687999.0,3.13,2.93,2.84,2.87,2.88,0.97,2.0,-68.46,6.62,2410800000.0,2410728968.0,0.0,-0.35,-13.29,-3.37
2042,000716,黑芝麻,5.72,-0.35,-0.02,69082.0,39665501.44,1.05,5.77,5.71,5.73,5.74,0.81,0.94,473.64,1.69,4306496766.0,4225846408.0,0.0,0.0,-8.04,-8.19
2043,920925,锦好医疗,19.84,-0.35,-0.07,10503.0,21004026.36,2.16,20.23,19.8,19.82,19.91,0.88,1.9,128.87,5.25,1953459157.0,1097053852.0,0.0,0.15,-32.86,-37.71
2044,000058,深 赛 格,8.49,-0.35,-0.03,57829.0,49352719.0,1.76,8.6,8.45,8.56,8.52,0.86,0.59,84.4,5.02,10452893705.0,8360437115.0,-0.12,0.0,-8.71,-9.68
2045,601881,中国银河,14.04,-0.35,-0.05,380420.0,537015825.0,1.92,14.26,13.99,14.05,14.09,1.46,0.53,10.5,1.31,153519007674.0,101697583427.0,-0.07,-0.07,-11.97,-10.69
2046,300456,赛微电子,48.03,-0.35,-0.17,282521.0,1371942819.07,3.73,49.46,47.66,48.18,48.2,0.78,4.73,16.74,5.17,35168196826.0,28695479216.0,-0.06,-0.17,-12.86,-14.17
2047,920110,雷特科技,36.59,-0.35,-0.13,2100.0,7717806.45,1.85,37.19,36.51,36.99,36.72,0.48,1.29,31.11,3.85,1427010000.0,594185010.0,0.0,0.0,5.14,2.35
2048,000785,居然智家,2.82,-0.35,-0.01,539433.0,153035364.24,1.77,2.86,2.81,2.83,2.83,1.32,0.91,33.07,0.85,17560277655.0,16631213568.0,0.0,0.0,-11.88,-3.42
2049,603307,扬州金泉,39.93,-0.35,-0.14,5195.0,20948858.0,2.6,40.75,39.71,39.71,40.07,0.96,0.78,23.7,1.94,2718314610.0,2675310000.0,-0.05,0.03,-2.35,1.58
2050,301130,西点药业,31.64,-0.35,-0.11,9921.0,31592107.01,2.58,32.2,31.38,31.78,31.75,0.77,1.68,54.76,2.64,2420291833.0,1867309270.0,-0.6,-0.6,2.89,10.86
2051,301287,康力源,42.92,-0.35,-0.15,6943.0,30100078.11,2.39,43.95,42.92,42.93,43.07,0.91,4.08,37.84,2.47,2861476400.0,730985542.0,0.0,-0.37,2.85,2.88
2052,688067,爱威科技,28.66,-0.35,-0.1,11639.0,33588506.0,3.76,29.41,28.33,28.8,28.76,0.8,1.71,67.33,3.79,1948880000.0,1948880000.0,0.35,0.03,14.14,16.69
2053,603208,江山欧派,14.23,-0.35,-0.05,22592.0,32426059.0,2.03,14.46,14.17,14.17,14.28,0.94,1.28,-45.57,2.09,2521167151.0,2521167151.0,-0.49,-0.21,-5.01,-2.2
2054,002889,东方嘉盛,14.13,-0.35,-0.05,14942.0,21166923.88,1.06,14.25,14.1,14.2,14.18,0.8,0.59,28.3,2.13,5336441379.0,3550650734.0,0.0,0.0,-14.26,-8.01
2055,300174,元力股份,17.21,-0.35,-0.06,89597.0,155088995.46,2.55,17.54,17.1,17.25,17.27,1.12,2.47,27.25,1.81,6268060296.0,6233368360.0,0.17,0.29,8.79,11.75
2056,002584,西陇科学,8.53,-0.35,-0.03,118200.0,101716206.0,2.1,8.68,8.5,8.53,8.56,0.86,2.52,-60.55,2.23,4991896080.0,3995678275.0,0.12,0.12,-6.78,-7.38
2057,603101,汇嘉时代,8.65,-0.35,-0.03,32774.0,28563768.0,1.84,8.8,8.64,8.64,8.68,0.86,0.7,37.95,2.87,4068960000.0,4068960000.0,0.0,0.0,-10.18,-10.46
2058,000552,甘肃能化,2.84,-0.35,-0.01,1575913.0,452177957.71,3.51,2.92,2.82,2.87,2.85,0.9,4.23,-41.4,0.93,15199142206.0,10581293022.0,-0.35,0.35,17.84,22.94
2059,603170,宝立食品,13.71,-0.36,-0.05,16390.0,22583656.0,1.89,13.89,13.63,13.76,13.76,0.61,0.41,21.44,3.89,5484137100.0,5484137100.0,-0.07,0.15,-3.86,-3.99
2060,603329,上海雅仕,11.18,-0.36,-0.04,24887.0,28008972.0,2.14,11.38,11.14,11.14,11.22,1.08,1.21,81.13,2.08,2795572137.0,2307362533.0,-0.18,-0.18,-1.84,1.64
2061,000402,金 融 街,2.74,-0.36,-0.01,211129.0,58417040.28,1.82,2.79,2.74,2.75,2.75,1.4,0.71,-4.55,0.35,8189667945.0,8188948051.0,-0.36,-0.36,-1.08,-0.36
2062,000727,冠捷科技,2.76,-0.36,-0.01,1280424.0,354760647.92,3.25,2.81,2.72,2.75,2.77,0.66,2.83,-15.59,5.4,12501604865.0,12501604865.0,0.0,0.0,-4.5,8.66
2063,301367,瑞迈特,72.1,-0.36,-0.26,6072.0,43956713.4,1.38,72.89,71.89,72.31,72.36,0.62,0.87,26.92,2.17,6460160000.0,5042930892.0,0.0,0.04,-18.16,-15.88
2064,600380,健康元,11.2,-0.36,-0.04,120509.0,135516993.0,1.07,11.3,11.18,11.22,11.24,0.99,0.66,14.08,1.38,20489877923.0,20489877923.0,-0.36,-0.27,-10.61,-3.03
2065,300266,兴源环境,2.8,-0.36,-0.01,323409.0,91314236.28,2.49,2.86,2.79,2.83,2.81,0.6,2.08,-57.36,128.03,4350660479.0,4348055219.0,0.0,0.0,13.82,8.95
2066,000721,西安饮食,8.36,-0.36,-0.03,97626.0,82100113.4,1.67,8.49,8.35,8.41,8.39,1.37,1.91,-42.47,22.04,4797923615.0,4283332175.0,0.12,0.0,-11.72,-6.59
2067,301048,金鹰重工,11.2,-0.36,-0.04,32205.0,36392503.0,3.11,11.48,11.13,11.2,11.24,1.06,0.6,35.79,2.18,5973334080.0,5973334080.0,0.0,0.0,-0.97,-1.75
2068,002825,纳尔股份,10.95,-0.36,-0.04,38778.0,42822213.46,1.91,11.13,10.92,10.96,10.99,0.87,1.51,19.47,2.31,3739809641.0,2809156888.0,0.18,0.09,-9.88,-4.7
2069,300527,ST应急,8.37,-0.36,-0.03,94641.0,79467773.65,1.07,8.45,8.36,8.39,8.4,0.82,0.93,795.94,2.92,8510368014.0,8510368014.0,0.0,0.0,0.48,3.72
2070,001223,欧克科技,52.44,-0.36,-0.19,5186.0,27383929.24,2.36,53.45,52.21,52.63,52.63,0.63,0.56,39.92,2.51,4895378880.0,4895378880.0,0.0,0.29,1.14,7.95
2071,600266,城建发展,5.41,-0.37,-0.02,528186.0,288054128.0,2.03,5.5,5.39,5.43,5.43,1.35,2.54,11.01,0.58,11229772373.0,11229772373.0,0.0,0.19,16.59,6.71
2072,688578,艾力斯,94.51,-0.37,-0.35,43481.0,410458620.0,2.03,95.66,93.73,94.5,94.86,0.86,0.97,19.5,6.01,42529500000.0,42529500000.0,0.43,0.54,-4.05,-9.26
2073,301601,惠通科技,27.15,-0.37,-0.1,9658.0,26431236.66,1.76,27.56,27.08,27.47,27.25,1.17,1.14,127.38,3.01,3814032000.0,2293632000.0,-0.04,0.15,-7.93,-2.3
2074,000828,东莞控股,10.91,-0.37,-0.04,77483.0,84865995.08,1.0,11.01,10.9,10.92,10.95,1.31,0.75,10.18,1.11,11341130383.0,11341115654.0,-0.18,0.0,-1.0,1.39
2075,300144,宋城演艺,8.11,-0.37,-0.03,270008.0,220239587.94,1.35,8.21,8.1,8.12,8.14,0.65,1.14,21.18,2.54,21286157557.0,19130028124.0,-0.12,-0.12,2.01,-0.98
2076,000903,ST云动,2.72,-0.37,-0.01,229695.0,62797352.66,1.83,2.76,2.71,2.72,2.73,0.85,1.2,-12.66,3.96,5262776795.0,5223111683.0,0.0,0.0,-2.51,3.42
2077,600793,宜宾纸业,19.06,-0.37,-0.07,17137.0,32876528.0,1.78,19.35,19.01,19.1,19.13,0.75,0.97,167.63,14.17,3371790278.0,3371790278.0,0.0,0.0,-12.29,-9.67
2078,003006,百亚股份,18.61,-0.37,-0.07,25959.0,48799535.7,2.52,19.04,18.57,18.66,18.68,0.46,0.61,24.52,5.44,7995745372.0,7975742879.0,-0.05,0.16,-7.18,-14.79
2079,300288,朗玛信息,13.55,-0.37,-0.05,39784.0,53969553.0,2.35,13.73,13.41,13.6,13.6,0.81,1.55,254.26,4.21,4579105997.0,3476515248.0,-0.07,0.07,-3.28,0.67
2080,920039,国义招标,10.69,-0.37,-0.04,6354.0,6840444.27,1.86,10.86,10.66,10.85,10.73,0.61,0.41,50.11,3.06,1644335800.0,1644334731.0,0.0,0.09,-4.38,-4.89
2081,603102,百合股份,42.86,-0.37,-0.16,3812.0,16440797.0,1.72,43.44,42.7,43.02,43.02,0.68,0.6,20.78,1.69,2743040000.0,2743040000.0,-0.19,-0.19,2.0,-0.26
2082,688533,上声电子,32.36,-0.37,-0.12,25066.0,81032203.0,1.35,32.58,32.14,32.18,32.48,0.96,1.52,29.0,3.05,5338958448.0,5338958448.0,0.22,0.25,14.27,10.67
2083,002119,康强电子,21.32,-0.37,-0.08,144548.0,307785162.34,3.46,21.66,20.92,21.2,21.4,0.71,3.85,62.24,5.51,8001054880.0,8001054880.0,-0.05,-0.05,28.82,29.45
2084,600218,全柴动力,10.83,-0.37,-0.04,95333.0,103875058.0,2.39,11.02,10.76,10.8,10.87,0.56,2.19,50.99,1.45,4717547123.0,4717547123.0,-0.18,0.0,-5.5,5.56
2085,000980,众泰汽车,2.68,-0.37,-0.01,880517.0,236567796.0,3.72,2.73,2.63,2.67,2.69,0.9,1.75,-45.52,1074.01,13514027941.0,13484121644.0,-0.37,0.0,-30.21,-24.08
2086,688613,奥精医疗,24.08,-0.37,-0.09,50209.0,121746305.0,4.34,24.77,23.72,24.0,24.17,1.01,3.66,250.88,2.3,3299166703.0,3299166703.0,-0.08,-0.12,18.8,18.56
2087,001217,华尔泰,13.41,-0.37,-0.05,201613.0,275227735.0,3.49,13.87,13.4,13.4,13.46,1.3,6.14,151.83,1.98,4450376700.0,4406298325.0,-0.15,-0.22,0.68,-3.53
2088,601012,隆基绿能,18.87,-0.37,-0.07,3419483.0,6538240298.0,3.64,19.47,18.78,18.92,18.94,1.73,4.51,-31.51,2.51,142998072190.0,142997929797.0,0.0,-0.05,3.68,3.68
2089,000697,ST炼石,10.8,-0.37,-0.04,239498.0,262576905.0,4.43,11.22,10.74,11.11,10.84,2.15,3.67,-64.55,-284.08,15077753640.0,7053559358.0,-0.28,0.0,17.01,24.86
2090,600540,新赛股份,5.4,-0.37,-0.02,309106.0,170004040.0,4.43,5.62,5.38,5.52,5.42,0.8,5.32,-49.83,7.2,3139435584.0,3139435584.0,0.19,0.19,14.41,18.16
2091,003008,开普检测,24.05,-0.37,-0.09,15098.0,36417520.24,2.07,24.39,23.89,24.13,24.14,0.79,1.94,32.43,2.38,2501200000.0,1872252216.0,-0.21,0.0,5.58,11.6
2092,603091,众鑫股份,83.35,-0.38,-0.32,2617.0,21971310.0,3.41,84.95,82.1,83.88,83.67,0.75,0.85,32.31,4.03,8521603397.0,2568576363.0,0.26,0.17,8.77,5.23
2093,300860,锋尚文化,26.1,-0.38,-0.1,18845.0,49334355.98,1.18,26.33,26.02,26.25,26.2,0.86,1.72,427.12,1.58,4918563870.0,2855781325.0,-0.04,0.0,-11.94,-2.61
2094,300616,尚品宅配,13.13,-0.38,-0.05,26694.0,35373370.0,2.28,13.37,13.07,13.16,13.18,0.64,1.72,-27.82,0.94,2947894817.0,2035258217.0,-0.23,-0.15,-6.81,-5.74
2095,600298,安琪酵母,42.09,-0.38,-0.16,46155.0,195901463.0,2.56,42.98,41.9,41.9,42.25,0.61,0.54,24.54,3.16,36533213844.0,36077463324.0,-0.14,0.07,3.87,-3.77
2096,688687,凯因科技,20.73,-0.38,-0.08,22658.0,47344143.0,1.92,21.11,20.71,20.78,20.81,0.8,1.33,119.59,2.05,3543677868.0,3543677868.0,-0.14,-0.05,-19.15,-16.81
2097,600252,中恒集团,2.62,-0.38,-0.01,506455.0,133157459.0,1.9,2.65,2.6,2.62,2.63,1.14,1.59,253.93,1.44,8342507243.0,8342507243.0,0.0,0.0,-8.39,-4.38
2098,002963,豪尔赛,15.81,-0.38,-0.06,21359.0,33956408.0,2.71,16.11,15.68,15.84,15.87,0.65,1.87,-67.75,1.84,2377190493.0,1805690961.0,0.19,0.38,0.96,6.25
2099,688366,昊海生科,41.86,-0.38,-0.16,5681.0,23817278.0,1.64,42.3,41.61,41.98,42.02,1.01,0.29,38.35,1.77,9627000265.0,8123010650.0,0.31,0.12,-13.23,-4.65
2100,002282,博深股份,7.84,-0.38,-0.03,69109.0,54524118.0,1.91,7.97,7.82,7.83,7.87,0.78,1.37,19.9,1.14,4130412648.0,3959259882.0,-0.13,0.0,3.7,6.67
2101,300230,永利股份,5.29,-0.38,-0.02,158808.0,84529107.88,2.45,5.38,5.25,5.3,5.31,1.01,2.52,19.87,1.32,4301899103.0,3331761020.0,0.19,0.19,7.96,10.67
2102,688075,安旭生物,39.48,-0.38,-0.15,2917.0,11553061.0,1.14,39.78,39.33,39.61,39.63,0.44,0.23,68.37,0.97,5017229141.0,5017229141.0,0.0,0.03,1.44,2.09
2103,603030,全筑股份,2.62,-0.38,-0.01,187349.0,49432952.0,2.28,2.67,2.61,2.62,2.63,1.06,1.42,-28.76,3.9,3450365822.0,3450365822.0,0.38,0.0,-14.1,-11.49
2104,600011,华能国际,7.85,-0.38,-0.03,1763221.0,1394451513.0,2.41,8.0,7.81,7.95,7.88,1.43,1.6,6.23,1.84,123230032868.0,86332022864.0,0.0,0.13,0.77,5.23
2105,920946,森萱医药,10.32,-0.39,-0.04,15939.0,16536832.09,2.03,10.47,10.26,10.36,10.36,0.91,0.37,33.48,3.49,4405797269.0,4404442769.0,0.1,0.29,-3.91,-2.18
2106,002625,光启技术,43.36,-0.39,-0.17,156216.0,681392095.72,1.84,44.0,43.2,43.29,43.53,0.78,0.73,115.65,9.79,93422929696.0,93422517776.0,0.0,0.12,-12.58,-11.07
2107,300155,安居宝,5.16,-0.39,-0.02,77652.0,40476990.0,2.51,5.27,5.14,5.18,5.18,0.78,2.35,-65.48,2.36,2895935159.0,1706550164.0,-0.19,-0.19,-13.28,-21.46
2108,301595,太力科技,63.98,-0.39,-0.25,15506.0,98643347.18,4.19,64.99,62.3,64.59,64.23,0.54,6.36,97.76,7.78,6927754400.0,1558744740.0,0.03,-0.22,73.95,30.44
2109,301503,智迪科技,38.08,-0.39,-0.15,6472.0,24873282.05,3.14,38.98,37.78,38.08,38.23,0.85,1.99,29.64,2.86,3046400000.0,1236838400.0,-0.13,0.0,3.03,5.6
2110,603797,联泰环保,5.13,-0.39,-0.02,68692.0,35409327.0,2.33,5.21,5.09,5.09,5.15,0.88,1.19,19.51,0.91,2957984625.0,2957984625.0,0.0,0.2,6.21,9.85
2111,600493,凤竹纺织,7.72,-0.39,-0.03,45270.0,35327642.0,2.32,7.89,7.71,7.76,7.75,0.76,1.66,100.09,1.87,2099840000.0,2099840000.0,-0.13,-0.13,-7.43,4.61
2112,600503,华丽家族,2.55,-0.39,-0.01,284930.0,73522172.0,3.13,2.62,2.54,2.55,2.56,1.22,1.78,-117.6,1.15,4085839500.0,4085839500.0,-0.39,0.0,-9.57,-4.85
2113,002059,云南旅游,5.09,-0.39,-0.02,105845.0,54109752.0,1.37,5.15,5.08,5.11,5.11,1.18,1.08,-29.26,4.01,5153293198.0,5003704435.0,-0.2,0.2,-5.04,-5.39
2114,002108,沧州明珠,5.08,-0.39,-0.02,659008.0,337751729.41,2.94,5.2,5.05,5.07,5.1,1.12,4.0,44.94,1.69,8374878886.0,8369290886.0,0.0,0.0,6.72,6.5
2115,601021,春秋航空,48.2,-0.39,-0.19,74242.0,358439893.0,1.92,48.65,47.72,48.01,48.39,0.6,0.76,15.14,2.59,47155670989.0,47155670989.0,-0.08,-0.02,-9.52,-18.99
2116,000756,新华制药,15.35,-0.39,-0.06,41136.0,63195880.27,0.84,15.43,15.3,15.35,15.41,0.81,0.82,31.3,2.06,10694090727.0,7658104424.0,-0.07,0.0,-7.75,-0.39
2117,003004,*ST声迅,31.0,-0.39,-0.12,10884.0,34095351.14,5.72,32.28,30.5,31.24,31.12,0.82,1.58,-501.5,3.95,2537734586.0,2130982811.0,-0.9,-0.32,38.95,38.39
2118,001215,千味央厨,35.48,-0.39,-0.14,14740.0,52630073.0,2.08,36.07,35.33,35.5,35.62,0.73,1.52,48.08,1.85,3447252624.0,3433857753.0,0.0,-0.06,-5.46,-7.84
2119,605155,西大门,17.67,-0.39,-0.07,25210.0,45009882.0,3.21,18.08,17.51,17.7,17.74,0.83,1.35,28.83,2.55,3380237427.0,3301259595.0,0.06,0.11,6.06,2.73
2120,603886,元祖股份,12.77,-0.39,-0.05,30486.0,39130160.0,1.79,12.93,12.7,12.86,12.82,1.26,1.27,17.54,1.97,3064800000.0,3064800000.0,-0.08,0.24,-8.0,-8.59
2121,601966,玲珑轮胎,14.82,-0.4,-0.06,108590.0,161759759.0,1.08,14.96,14.8,14.86,14.88,0.91,0.74,13.94,0.93,21689109762.0,21689109762.0,-0.07,0.0,0.75,2.0
2122,603275,众辰科技,44.81,-0.4,-0.18,9640.0,43360975.0,2.47,45.51,44.4,44.7,44.99,0.67,2.32,35.69,2.28,6666466643.0,1861226502.0,0.0,-0.07,9.37,-1.69
2123,600085,同仁堂,29.95,-0.4,-0.12,39309.0,118056628.0,0.7,30.16,29.95,30.0,30.07,0.85,0.29,26.16,3.01,41075534347.0,41075534347.0,-0.17,-0.1,-9.27,-7.16
2124,301295,美硕科技,35.15,-0.4,-0.14,21620.0,76246209.05,2.75,35.74,34.77,35.07,35.29,0.97,7.35,129.71,3.71,3543120000.0,1033410000.0,-0.26,-0.2,27.86,17.95
2125,301206,三元生物,27.47,-0.4,-0.11,19266.0,53288309.16,1.6,27.83,27.39,27.57,27.58,1.28,1.48,61.85,1.29,5557886979.0,3578877361.0,0.0,0.04,3.9,4.49
2126,603391,力聚热能,75.2,-0.4,-0.3,14226.0,106839681.0,3.02,76.39,74.11,75.5,75.5,0.94,6.25,91.17,3.27,6843200000.0,1710800000.0,-0.15,0.07,4.01,14.86
2127,000910,大亚圣象,7.48,-0.4,-0.03,33603.0,25229788.0,1.07,7.54,7.46,7.47,7.51,0.93,0.61,41.97,0.61,4094533300.0,4092940060.0,-0.13,0.13,0.94,0.27
2128,301418,协昌科技,39.53,-0.4,-0.16,7309.0,29039085.71,2.6,40.29,39.26,39.69,39.69,0.71,2.48,131.58,1.79,2898866693.0,1163618283.0,0.03,-0.08,2.49,8.3
2129,002696,百洋股份,7.53,-0.4,-0.03,60492.0,45832365.2,2.65,7.68,7.48,7.55,7.56,0.76,1.81,54.14,1.9,2608107833.0,2518686718.0,0.27,0.53,6.51,6.51
2130,601828,美凯龙,2.52,-0.4,-0.01,205605.0,52177137.0,1.58,2.56,2.52,2.52,2.53,1.23,0.57,-2.62,0.25,10973926336.0,9105886538.0,0.0,-0.4,-9.68,-6.67
2131,600055,万东医疗,14.93,-0.4,-0.06,44320.0,66343448.0,2.0,15.15,14.85,15.0,14.99,1.1,0.63,-289.33,2.24,10496701596.0,10496701596.0,-0.07,0.27,-5.51,-4.17
2132,300884,狄耐克,14.79,-0.4,-0.06,76626.0,113426279.55,3.57,15.08,14.55,14.81,14.85,1.22,4.0,-1762.27,2.97,3754631108.0,2830952214.0,-0.14,-0.07,-7.91,-0.07
2133,603310,巍华新材,17.33,-0.4,-0.07,27119.0,47369405.0,1.49,17.57,17.31,17.39,17.4,1.18,1.4,41.35,1.51,5984742200.0,3362193300.0,-0.17,0.06,0.93,3.09
2134,002739,万达电影,10.03,-0.4,-0.04,290398.0,291998352.63,0.89,10.1,10.01,10.05,10.07,0.84,1.38,22.43,2.76,21181140441.0,21062121853.0,0.0,0.1,-10.29,-11.4
2135,600269,赣粤高速,5.0,-0.4,-0.02,212335.0,106605688.0,1.2,5.05,4.99,5.0,5.02,0.99,0.91,8.85,0.6,11677035070.0,11677035070.0,-0.2,0.0,-6.02,-3.66
2136,603869,ST智知,9.86,-0.4,-0.04,5554.0,5489959.0,1.21,9.95,9.83,9.88,9.9,0.55,0.11,98.87,1.3,4871989558.0,4871989558.0,0.0,-0.3,-12.51,-6.89
2137,603517,ST绝味,12.11,-0.41,-0.05,24169.0,29324573.0,1.56,12.25,12.06,12.15,12.16,0.54,0.4,19.64,1.15,7338683445.0,7338683445.0,0.17,0.25,-6.12,-5.09
2138,603456,九洲药业,16.82,-0.41,-0.07,90858.0,152836890.0,1.6,16.93,16.66,16.83,16.89,0.93,1.02,15.01,1.71,14960482191.0,14960482191.0,-0.18,0.0,-8.09,-6.03
2139,920020,泰凯英,16.91,-0.41,-0.07,8688.0,14817595.8,2.06,17.18,16.83,16.99,16.98,1.03,1.58,21.9,3.24,3803819950.0,931756236.0,0.18,0.12,-1.11,-1.57
2140,688772,珠海冠宇,16.88,-0.41,-0.07,260374.0,442822549.0,2.89,17.26,16.77,16.83,16.95,0.91,2.3,40.48,2.48,19111294684.0,19111294684.0,0.0,-0.18,-27.52,-21.6
2141,301017,漱玉平民,14.47,-0.41,-0.06,36285.0,52845416.4,2.27,14.73,14.4,14.45,14.53,0.9,1.49,40.33,2.95,5869125433.0,3524985433.0,0.0,0.14,-3.4,-1.9
2142,603296,华勤技术,90.63,-0.41,-0.37,91491.0,835957903.0,3.26,92.84,89.87,90.23,91.0,0.89,1.6,22.28,3.7,92055822337.0,51765903830.0,0.02,-0.1,-6.84,-0.12
2143,600061,国投资本,7.3,-0.41,-0.03,283633.0,207895535.0,1.23,7.38,7.29,7.31,7.33,0.96,0.44,12.27,0.87,46676081280.0,46676081280.0,-0.27,-0.14,-2.14,-4.58
2144,920080,奥美森,26.45,-0.41,-0.11,5513.0,14747044.77,2.41,27.09,26.45,26.66,26.56,1.11,2.43,31.76,3.95,2195350000.0,599367606.0,-0.04,-0.34,-3.18,-4.1
2145,920357,雅葆轩,24.44,-0.41,-0.1,9961.0,24322139.63,2.53,24.66,24.04,24.66,24.54,1.0,2.24,30.23,4.87,1957155200.0,1087936824.0,0.74,0.78,-1.89,5.34
2146,600958,东方证券,9.76,-0.41,-0.04,393891.0,386021680.0,1.22,9.87,9.75,9.79,9.8,1.05,0.53,12.17,1.05,82927258050.0,72902152753.0,-0.1,-0.1,-9.21,-10.46
2147,301160,翔楼新材,64.91,-0.41,-0.27,18621.0,121761433.36,3.62,66.72,64.36,64.9,65.18,0.71,2.52,36.49,4.32,7370908146.0,4798746319.0,-0.12,0.05,0.79,-9.71
2148,301279,金道科技,28.89,-0.41,-0.12,11834.0,34437134.5,2.59,29.44,28.69,29.03,29.01,0.84,1.21,55.18,2.78,3748158930.0,2832707055.0,-0.1,0.1,1.94,-16.5
2149,688385,复旦微电,69.98,-0.41,-0.29,102274.0,717522243.0,3.64,71.44,68.88,69.51,70.27,0.83,1.9,248.1,9.42,57643453235.0,37746039835.0,-0.01,0.23,11.97,-5.05
2150,603183,建研院,4.83,-0.41,-0.02,81522.0,39647134.0,2.27,4.92,4.81,4.83,4.85,0.7,1.64,373.66,1.51,2401250202.0,2401250202.0,0.0,0.21,4.32,12.06
2151,688197,首药控股-U,37.61,-0.42,-0.16,14665.0,54707971.0,3.23,37.95,36.73,37.77,37.77,0.93,2.29,-43.41,8.23,5593334490.0,2407223612.0,0.0,-0.08,-2.82,8.26
2152,605198,安德利,38.0,-0.42,-0.16,10238.0,39164394.0,2.18,38.61,37.78,38.16,38.16,0.98,0.38,33.58,4.74,12699144000.0,10280368000.0,-0.21,0.0,4.51,1.01
2153,002031,巨轮智能,7.08,-0.42,-0.03,303996.0,215828996.5,1.13,7.14,7.06,7.11,7.11,0.84,1.57,-130.52,7.33,15571721344.0,13726375424.0,0.0,-0.14,-12.38,-9.92
2154,603036,如通股份,19.0,-0.42,-0.08,31975.0,60918694.0,2.67,19.37,18.86,19.11,19.08,0.65,1.55,32.48,2.85,3914114475.0,3914114475.0,0.58,0.58,-9.31,-11.09
2155,002643,万润股份,16.63,-0.42,-0.07,134877.0,226110200.56,2.51,16.98,16.56,16.65,16.7,0.96,1.48,37.66,2.13,15348811912.0,15121585329.0,0.06,0.12,17.78,10.94
2156,688138,清溢光电,28.35,-0.42,-0.12,24960.0,70964180.0,3.09,28.89,28.01,28.2,28.47,0.66,0.79,47.69,3.21,8924580000.0,8924580000.0,-0.04,0.32,-0.46,0.67
2157,002568,百润股份,18.76,-0.42,-0.08,38096.0,71828177.0,1.22,18.98,18.75,18.76,18.84,0.64,0.53,26.86,4.14,19670770892.0,13558945239.0,-0.05,-0.05,-12.34,-13.98
2158,002818,富森美,11.89,-0.42,-0.05,38758.0,46320322.8,1.42,12.04,11.87,11.95,11.94,1.12,1.3,13.98,1.61,8899176797.0,3547467001.0,0.0,-0.08,7.41,7.02
2159,601456,国联民生,9.43,-0.42,-0.04,203592.0,192131814.0,1.06,9.5,9.4,9.45,9.47,0.89,0.47,22.79,1.03,53567990161.0,41193911523.0,0.0,0.11,-10.28,-7.28
2160,002250,联化科技,16.49,-0.42,-0.07,250340.0,416279445.45,4.29,17.08,16.37,16.54,16.56,1.2,2.8,35.24,2.26,14838909348.0,14758150216.0,-0.06,-0.06,37.3,23.24
2161,002372,伟星新材,11.72,-0.42,-0.05,189224.0,223424108.26,4.33,12.12,11.61,11.72,11.77,1.8,1.29,25.94,3.85,18658685219.0,17238457037.0,0.0,0.17,14.01,12.37
2162,688728,格科微,14.24,-0.42,-0.06,184736.0,263326468.0,3.08,14.48,14.04,14.2,14.3,0.95,0.74,735.17,4.72,37032354138.0,35584153344.0,0.99,1.06,-3.78,-4.69
2163,002587,奥拓电子,7.16,-0.42,-0.03,277148.0,200198819.33,2.92,7.33,7.12,7.18,7.19,0.76,5.2,220.89,3.51,4665056157.0,3814115654.0,0.0,0.14,4.83,5.92
2164,300402,宝色股份,21.29,-0.42,-0.09,62027.0,132728879.0,3.23,21.76,21.07,21.29,21.38,0.96,2.55,78.51,3.51,5254169681.0,5186637801.0,-0.05,0.09,1.82,-1.02
2165,301408,华人健康,18.45,-0.43,-0.08,58135.0,107980152.04,2.16,18.77,18.37,18.6,18.53,0.62,2.54,35.32,3.52,7380184500.0,4224300985.0,-0.16,-0.05,18.65,-0.59
2166,000868,安凯客车,4.65,-0.43,-0.02,94989.0,44465307.02,1.5,4.71,4.64,4.67,4.67,1.06,1.3,-378.44,5.13,4368743518.0,3409977144.0,0.0,-0.21,-8.64,-6.63
2167,688670,金迪克,18.58,-0.43,-0.08,12119.0,22801483.0,3.16,19.1,18.51,18.59,18.66,0.89,0.98,-13.2,2.08,2289056000.0,2289056000.0,-0.38,-0.21,-22.71,-8.16
2168,601956,东贝集团,6.95,-0.43,-0.03,56249.0,39358263.0,2.29,7.08,6.92,6.99,6.98,0.79,0.9,31.05,1.7,4320235301.0,4320235301.0,0.0,0.14,-2.52,-2.52
2169,688146,中船特气,45.85,-0.43,-0.2,122281.0,560146503.0,6.58,47.68,44.65,46.51,46.05,1.71,8.43,69.95,4.21,24273529425.0,6646913106.0,0.04,0.22,14.88,13.49
2170,000421,南京公用,7.01,-0.43,-0.03,163460.0,115320111.0,2.13,7.15,7.0,7.0,7.04,0.66,2.85,26.06,1.43,4026654295.0,4025817042.0,0.0,-0.14,-2.64,1.45
2171,000800,一汽解放,6.91,-0.43,-0.03,128541.0,89244688.64,1.59,7.0,6.89,6.92,6.94,0.74,0.26,68.53,1.29,34006051537.0,34003147320.0,-0.14,0.14,-1.14,1.92
2172,002251,步步高,4.58,-0.43,-0.02,555374.0,255791407.06,1.96,4.65,4.56,4.58,4.6,1.16,2.58,40.95,1.5,12314244576.0,9858322305.0,0.0,0.0,-12.43,-13.75
2173,688469,芯联集成-U,7.01,-0.43,-0.03,793499.0,557259417.0,2.27,7.11,6.95,6.99,7.04,0.84,1.79,-102.33,4.49,58762637076.0,31052898000.0,0.29,0.29,8.51,4.78
2174,600161,天坛生物,16.04,-0.43,-0.07,57339.0,92338840.0,0.93,16.18,16.03,16.05,16.11,0.68,0.29,29.06,2.77,31717037994.0,31717037994.0,-0.06,-0.06,-5.65,-1.84
2175,300956,英力股份,16.14,-0.43,-0.07,32960.0,53667493.39,2.22,16.45,16.09,16.14,16.21,0.7,1.57,265.08,2.53,3477002432.0,3396701671.0,0.0,0.12,-6.97,-3.0
2176,601515,衢州东峰,4.61,-0.43,-0.02,292706.0,135212894.0,3.02,4.7,4.56,4.63,4.63,0.86,1.52,-69.68,1.7,8871809793.0,8871809793.0,0.44,0.66,4.06,7.21
2177,601965,中国汽研,18.52,-0.43,-0.08,54886.0,102155776.0,1.94,18.78,18.42,18.43,18.6,0.66,0.55,17.52,2.37,18576576507.0,18490474064.0,0.0,0.16,11.57,11.57
2178,600400,红豆股份,2.26,-0.44,-0.01,291337.0,66507472.0,2.64,2.31,2.25,2.27,2.27,1.44,1.27,-17.76,2.22,5178500386.0,5178500386.0,-0.44,-0.44,-11.37,-5.04
2179,600970,中材国际,11.35,-0.44,-0.05,182741.0,209233484.0,2.63,11.61,11.31,11.4,11.4,0.82,0.7,10.76,1.34,29757651597.0,29722641626.0,0.27,0.18,22.17,9.24
2180,605500,森林包装,8.99,-0.44,-0.04,19506.0,17616968.0,1.88,9.12,8.95,8.99,9.03,0.67,0.47,92.46,1.46,3725456000.0,3725456000.0,0.0,0.0,2.63,0.45
2181,002803,吉宏股份,18.28,-0.44,-0.08,78081.0,143404884.04,2.83,18.6,18.08,18.28,18.36,0.76,2.7,28.64,3.12,8233408665.0,5278719037.0,-0.11,-0.11,8.29,11.74
2182,300411,金盾股份,11.21,-0.44,-0.05,47412.0,53342304.0,1.78,11.36,11.16,11.25,11.26,0.63,1.53,235.32,4.7,4557089278.0,3465184755.0,0.0,0.18,-2.44,-3.28
2183,601177,杭齿前进,15.88,-0.44,-0.07,35620.0,56726810.0,1.5,16.04,15.8,15.82,15.95,0.9,0.89,23.43,2.32,6478643000.0,6352952800.0,0.0,0.06,-7.3,-8.47
2184,002715,登云股份,15.93,-0.44,-0.07,23586.0,37904952.0,2.81,16.26,15.81,15.98,16.0,0.66,1.71,-614.82,4.66,2198340000.0,2198340000.0,-0.44,-0.19,-14.81,-8.24
2185,688285,高铁电气,9.15,-0.44,-0.04,13318.0,12261465.0,2.18,9.31,9.11,9.11,9.19,0.58,0.35,66.91,2.04,3443052704.0,3443052704.0,0.11,0.11,3.39,5.41
2186,000718,苏宁环球,2.27,-0.44,-0.01,353337.0,81007253.3,2.63,2.32,2.26,2.27,2.28,1.4,1.55,51.57,0.74,6888624592.0,5180351387.0,0.0,0.0,-4.62,-0.87
2187,603605,珀莱雅,67.74,-0.44,-0.3,16433.0,111550312.0,1.03,68.3,67.6,67.86,68.04,0.68,0.41,19.61,4.78,26823414105.0,26823414105.0,-0.03,0.1,-1.05,-1.08
2188,002138,顺络电子,38.28,-0.44,-0.17,212147.0,817328129.75,3.49,39.15,37.81,38.2,38.45,0.77,2.8,30.23,4.55,30865866591.0,28958810315.0,-0.08,0.0,6.1,7.74
2189,002791,坚朗五金,22.47,-0.44,-0.1,49711.0,112749519.92,2.57,22.97,22.39,22.4,22.57,0.9,2.28,360.13,1.43,7951796242.0,4891821059.0,-0.04,-0.09,3.22,5.94
2190,920270,天铭科技,18.18,-0.44,-0.08,8917.0,16128551.11,1.97,18.27,17.91,18.27,18.26,0.29,1.1,52.73,4.65,1901918880.0,1474912803.0,0.33,0.28,15.06,-29.21
2191,688398,赛特新材,24.64,-0.44,-0.11,23586.0,59626505.0,5.49,25.98,24.62,24.91,24.75,1.08,1.41,165.71,3.61,4134939449.0,4134939449.0,-0.28,-0.69,33.48,44.94
2192,003032,*ST传智,6.72,-0.44,-0.03,35714.0,24179859.0,2.07,6.84,6.7,6.7,6.75,0.93,1.29,-238.26,2.16,2704447200.0,1856197627.0,-0.3,-0.15,5.66,5.49
2193,603276,恒兴新材,17.82,-0.45,-0.08,18952.0,34021348.0,1.96,18.11,17.76,17.96,17.9,0.85,2.51,68.56,2.12,3700314037.0,1347946285.0,0.0,0.0,4.09,7.35
2194,000869,张  裕Ａ,19.91,-0.45,-0.09,13074.0,26098604.15,1.1,20.08,19.86,19.89,20.0,0.92,0.29,52.34,1.28,13085650948.0,9061126513.0,0.05,0.0,-3.44,-3.26
2195,920974,凯大催化,8.79,-0.45,-0.04,33643.0,29837696.09,3.4,9.05,8.75,8.79,8.83,0.49,2.62,55.85,2.25,1439802000.0,1129091269.0,-0.11,0.0,9.88,11.41
2196,002614,奥佳华,6.63,-0.45,-0.03,80468.0,53629523.2,1.65,6.71,6.6,6.64,6.66,0.93,1.82,56.11,0.96,4135390923.0,2925592658.0,-0.15,0.0,-18.65,-9.3
2197,600109,国金证券,8.82,-0.45,-0.04,268882.0,237548310.0,1.35,8.9,8.78,8.83,8.86,1.23,0.73,14.42,0.94,32681318506.0,32681318506.0,0.11,-0.11,-4.75,-5.16
2198,000810,创维数字,11.07,-0.45,-0.05,85591.0,95613617.0,2.25,11.28,11.03,11.1,11.12,0.82,0.77,111.22,1.98,12732665060.0,12294410357.0,-0.09,0.09,-6.19,-6.03
2199,605151,西上海,19.79,-0.45,-0.09,15882.0,31672538.0,2.41,20.2,19.72,19.86,19.88,0.64,1.18,2321.54,1.95,2662828053.0,2662828053.0,0.0,-0.05,2.17,4.76
2200,300428,立中集团,24.17,-0.45,-0.11,143397.0,349895865.51,3.87,24.88,23.94,24.13,24.28,0.77,2.4,18.64,1.84,16570506136.0,14423718180.0,-0.08,0.04,7.09,3.51
2201,688180,君实生物-U,31.0,-0.45,-0.14,224558.0,697747084.0,3.95,31.73,30.5,31.14,31.14,1.91,2.93,-36.37,5.28,31827386001.0,23758219301.0,0.88,0.85,-14.1,-9.25
2202,300906,日月明,33.2,-0.45,-0.15,8174.0,27397052.0,2.91,33.95,32.98,33.11,33.35,0.66,1.13,54.65,2.95,2656000000.0,2396940400.0,-0.51,-0.06,0.24,-5.52
2203,920906,舜宇精工,26.0,-0.46,-0.12,4010.0,10477884.58,1.95,26.33,25.82,26.01,26.12,0.69,1.2,50.61,2.92,1689220000.0,867248798.0,0.31,0.31,0.15,-10.96
2204,603301,振德医疗,92.38,-0.46,-0.43,31919.0,294100315.0,3.23,94.2,91.2,92.94,92.81,0.7,1.2,90.65,4.32,24557886723.0,24557886723.0,0.2,0.41,24.74,31.04
2205,000686,东北证券,8.61,-0.46,-0.04,156191.0,134915902.03,1.62,8.72,8.58,8.62,8.65,0.94,0.67,14.17,1.01,20151299598.0,20151299598.0,0.0,0.0,-8.21,-7.62
2206,688609,九联科技,8.57,-0.46,-0.04,59581.0,51284288.0,1.86,8.68,8.52,8.59,8.61,0.88,1.19,-20.44,5.49,4285000000.0,4285000000.0,0.0,0.0,-14.9,-16.06
2207,605089,味知香,26.2,-0.46,-0.12,7843.0,20694294.0,1.86,26.61,26.12,26.12,26.32,0.96,0.57,51.26,2.95,3615600000.0,3615600000.0,0.0,0.08,-3.25,2.91
2208,300112,万讯自控,8.7,-0.46,-0.04,53599.0,46961126.95,2.75,8.9,8.66,8.73,8.74,0.76,2.26,-37.58,2.54,2524965278.0,2067498537.0,0.0,0.0,-5.02,1.05
2209,688101,三达膜,17.41,-0.46,-0.08,21030.0,36964944.0,2.69,17.8,17.33,17.58,17.49,0.79,0.63,15.31,1.31,5780330069.0,5780330069.0,-0.17,-0.23,2.84,5.9
2210,300989,蕾奥规划,15.22,-0.46,-0.07,23036.0,35025764.2,2.03,15.35,15.04,15.25,15.29,0.63,1.53,213.48,3.23,3210804107.0,2292332295.0,0.46,0.93,-16.37,-13.77
2211,603277,银都股份,15.21,-0.46,-0.07,9510.0,14561814.0,1.37,15.41,15.2,15.28,15.28,0.86,0.16,14.99,3.28,9334366429.0,9274237040.0,0.0,-0.13,-12.03,-9.63
2212,300078,思创智联,4.35,-0.46,-0.02,257741.0,112914212.23,1.83,4.42,4.34,4.38,4.37,0.9,2.31,-765.84,8.42,4862744201.0,4843147094.0,0.0,-0.23,-14.71,-1.81
2213,001238,浙江正特,49.67,-0.46,-0.23,2733.0,13639620.0,2.81,50.4,49.0,50.14,49.9,0.84,0.26,90.71,4.85,5504429400.0,5149144559.0,-0.18,0.02,-1.27,0.55
2214,002076,*ST星光,2.16,-0.46,-0.01,267078.0,58131733.0,2.76,2.21,2.15,2.16,2.17,1.32,2.56,561.05,7.6,2395708901.0,2251312341.0,-0.46,0.0,1.41,7.46
2215,000900,现代投资,4.36,-0.46,-0.02,179084.0,78361020.86,1.37,4.41,4.35,4.37,4.38,0.98,1.18,11.45,0.59,6617731536.0,6617437236.0,0.23,0.0,2.59,6.6
2216,000786,北新建材,26.08,-0.46,-0.12,179436.0,475372718.21,4.05,27.05,25.99,26.2,26.2,0.9,1.06,12.87,1.65,44394315975.0,44062364519.0,-0.15,-0.11,6.97,4.45
2217,603333,尚纬股份,8.64,-0.46,-0.04,116672.0,101042137.0,4.15,8.86,8.5,8.68,8.68,0.67,1.88,-156.78,2.6,5369998343.0,5369998343.0,0.0,0.12,9.23,3.47
2218,601566,九牧王,10.9,-0.46,-0.05,46386.0,50904246.0,1.83,11.09,10.89,10.95,10.95,0.94,0.81,15.14,1.54,6263544935.0,6263544935.0,-0.09,-0.18,-26.85,-16.86
2219,603389,*ST亚振,43.4,-0.46,-0.2,8754.0,38158816.0,1.7,43.99,43.25,43.99,43.6,0.76,0.33,-272.27,48.75,11403436800.0,11403436800.0,-0.02,-0.25,6.24,-3.9
2220,002773,康弘药业,27.47,-0.47,-0.13,35070.0,96548491.75,1.74,27.84,27.36,27.55,27.6,0.64,0.51,18.38,2.76,25308686606.0,18867330777.0,0.0,0.22,-11.7,-8.34
2221,300733,西菱动力,16.9,-0.47,-0.08,25026.0,42487943.54,2.3,17.19,16.8,17.03,16.98,0.83,1.11,51.14,3.02,5165929132.0,3810679296.0,0.06,0.3,-6.89,-10.06
2222,603303,得邦照明,14.74,-0.47,-0.07,12781.0,18966548.0,1.76,14.95,14.69,14.75,14.81,0.61,0.27,26.74,2.26,7030163036.0,7030163036.0,0.07,0.07,13.65,14.35
2223,300607,拓斯达,27.65,-0.47,-0.13,54704.0,151800842.4,1.91,27.98,27.45,27.63,27.78,0.71,1.65,200.48,4.63,13188287192.0,9181166021.0,-0.07,-0.07,-6.27,-16.06
2224,688004,博汇科技,23.23,-0.47,-0.11,12768.0,29846960.0,3.26,23.69,22.93,23.27,23.34,0.78,1.59,-81.92,3.14,1860444240.0,1860444240.0,-0.3,-0.04,-5.49,0.43
2225,688111,金山办公,278.77,-0.47,-1.32,47091.0,1312965552.0,1.91,281.58,276.23,279.0,280.09,0.88,1.02,70.09,10.03,129174246171.0,129174246171.0,-0.34,0.15,-8.06,-9.22
2226,600386,北巴传媒,4.21,-0.47,-0.02,78430.0,33331538.0,2.13,4.29,4.2,4.22,4.23,0.86,0.97,495.43,1.9,3394944000.0,3394944000.0,0.0,-0.24,-9.07,-4.1
2227,601766,中国中车,6.42,-0.47,-0.03,1723136.0,1113782539.0,1.86,6.52,6.4,6.45,6.45,1.13,0.71,13.87,1.09,184246707445.0,156184463468.0,0.0,0.16,-7.63,-5.87
2228,603990,麦迪科技,14.97,-0.47,-0.07,104527.0,156216744.0,2.13,15.08,14.76,14.98,15.04,1.16,3.41,100.34,5.5,4585052483.0,4585052483.0,0.0,-0.13,-3.85,-1.32
2229,688185,康希诺,69.99,-0.47,-0.33,14029.0,98299067.0,2.37,70.97,69.3,70.52,70.32,0.72,1.23,620.34,3.49,17290595632.0,8004959341.0,0.13,0.27,6.77,11.36
2230,600612,老凤祥,42.33,-0.47,-0.2,9697.0,41256218.0,1.11,42.74,42.27,42.3,42.53,0.59,0.31,12.62,1.68,22143574950.0,13423250638.0,-0.07,-0.12,-4.47,-4.81
2231,002061,浙江交科,4.24,-0.47,-0.02,569483.0,243291494.8,1.88,4.31,4.23,4.26,4.26,1.55,2.19,11.9,0.72,11339030007.0,11020344696.0,0.24,0.0,0.71,6.53
2232,002576,通达动力,19.08,-0.47,-0.09,50532.0,97273754.4,1.98,19.45,19.07,19.17,19.17,0.76,3.12,37.85,2.41,3150108000.0,3091486055.0,-0.21,-0.21,11.38,9.66
2233,688671,碧兴物联,23.42,-0.47,-0.11,7614.0,18046327.0,4.63,24.15,23.06,23.06,23.53,0.68,1.63,-21.85,1.81,1838912638.0,1097159597.0,-0.93,-0.34,-17.39,-5.45
2234,600308,华泰股份,4.2,-0.47,-0.02,261246.0,110561093.0,2.37,4.28,4.18,4.22,4.22,0.89,1.72,65.83,0.69,6370854739.0,6370854739.0,0.0,0.0,8.53,7.69
2235,600029,南方航空,6.29,-0.47,-0.03,1191938.0,753818875.0,2.85,6.39,6.21,6.27,6.32,0.85,0.88,37.05,3.08,113980613866.0,84769870799.0,0.16,-0.16,-8.84,-21.47
2236,600148,长春一东,19.0,-0.47,-0.09,14747.0,28174004.0,2.3,19.36,18.92,18.95,19.09,0.7,1.04,246.79,5.66,2688812550.0,2688812550.0,0.0,-0.16,-5.47,-2.91
2237,603378,亚士创能,6.23,-0.48,-0.03,50123.0,31605629.0,2.88,6.4,6.22,6.25,6.26,0.77,1.17,-6.43,2.68,2670157080.0,2670157080.0,-0.16,-0.32,-13.83,-8.52
2238,002228,合兴包装,4.13,-0.48,-0.02,190641.0,79126134.2,1.93,4.19,4.11,4.14,4.15,0.96,1.58,23.55,1.57,5011282648.0,4994498658.0,0.24,0.0,-10.41,-8.63
2239,600377,宁沪高速,12.37,-0.48,-0.06,88946.0,110352552.0,1.21,12.48,12.33,12.45,12.43,0.86,0.23,12.18,1.55,62316936575.0,47033003722.0,-0.32,-0.32,1.39,2.15
2240,002252,上海莱士,6.23,-0.48,-0.03,262779.0,164323277.62,0.8,6.28,6.23,6.25,6.26,1.02,0.4,21.09,1.27,41354645535.0,41332870283.0,-0.16,-0.16,-4.45,-1.42
2241,688391,钜泉科技,31.29,-0.48,-0.15,8719.0,27412781.0,2.67,31.84,31.0,31.41,31.44,0.76,0.76,84.07,1.94,3604031012.0,3604031012.0,0.0,0.0,6.76,10.45
2242,002573,清新环境,4.11,-0.48,-0.02,166562.0,68858886.84,1.94,4.17,4.09,4.15,4.13,0.91,1.18,223.42,0.98,5816747695.0,5806392139.0,0.49,0.49,6.75,9.89
2243,301103,何氏眼科,20.95,-0.48,-0.1,12547.0,26498311.48,1.9,21.35,20.95,21.1,21.05,0.76,0.79,45.65,1.73,3310654567.0,3310654567.0,-0.14,-0.1,4.65,6.78
2244,000698,ST沈化,4.11,-0.48,-0.02,104720.0,43459152.64,1.94,4.19,4.11,4.14,4.13,0.74,1.33,28.42,2.28,3368204163.0,3229286163.0,-0.24,0.0,10.48,12.3
2245,600831,广电网络,4.14,-0.48,-0.02,62709.0,26189673.0,1.92,4.21,4.13,4.16,4.16,0.59,0.88,-3.66,2.0,2943320547.0,2943320547.0,0.0,0.0,-8.2,-1.43
2246,601918,新集能源,8.28,-0.48,-0.04,999342.0,838277362.0,3.49,8.53,8.24,8.34,8.32,1.16,3.86,10.39,1.27,21449686104.0,21449686104.0,0.24,0.12,24.7,26.22
2247,920821,则成电子,22.59,-0.48,-0.11,16077.0,36406260.73,3.44,23.16,22.38,22.7,22.7,1.17,2.21,176.77,5.91,3125595298.0,1645758803.0,0.04,0.04,-19.21,-13.42
2248,002752,昇兴股份,6.26,-0.48,-0.03,79350.0,50064340.0,1.91,6.36,6.24,6.27,6.29,0.91,0.81,21.18,1.77,6115509610.0,6114570610.0,-0.32,-0.16,-28.05,-5.72
2249,688211,中科微至,32.9,-0.48,-0.16,2814.0,9325609.0,1.69,33.4,32.84,33.21,33.06,0.65,0.21,-47.23,1.24,4329926164.0,4329926164.0,-0.27,-0.24,8.08,6.82
2250,603648,畅联股份,10.29,-0.48,-0.05,21546.0,22287210.0,1.55,10.41,10.25,10.32,10.34,0.72,0.59,30.27,2.0,3729227712.0,3729227712.0,0.1,0.0,-1.25,-5.6
2251,000517,荣安地产,2.06,-0.48,-0.01,264811.0,55185912.0,2.9,2.11,2.05,2.07,2.07,1.04,1.06,-76.58,1.14,6558880319.0,5133492017.0,0.0,-0.48,5.64,13.81
2252,300922,天秦装备,20.92,-0.48,-0.1,26047.0,54890656.63,2.28,21.32,20.84,20.99,21.02,0.77,2.09,89.38,3.56,3321308571.0,2612372678.0,0.0,0.14,-7.15,-8.53
2253,000419,通程控股,6.22,-0.48,-0.03,57990.0,36367284.0,1.76,6.32,6.21,6.26,6.25,0.88,1.07,20.38,0.97,3381084114.0,3381084114.0,0.0,0.0,-0.8,-2.66
2254,300438,鹏辉能源,57.75,-0.48,-0.28,608474.0,3580672916.77,7.17,61.66,57.5,58.58,58.03,1.21,15.06,190.32,5.58,29068079040.0,23340484745.0,0.02,0.03,6.98,8.51
2255,300891,惠云钛业,10.44,-0.48,-0.05,199442.0,211142284.77,4.29,10.77,10.32,10.4,10.49,0.85,6.0,-279.34,3.29,4176085201.0,3470484751.0,0.29,0.19,15.23,18.64
2256,605333,沪光股份,26.87,-0.48,-0.13,12602.0,33963290.0,1.11,27.07,26.77,26.97,27.0,0.74,0.29,22.01,3.44,12468765709.0,11736173296.0,0.04,0.07,-11.87,-9.92
2257,688570,天玛智控,18.78,-0.48,-0.09,7124.0,13433748.0,1.38,19.01,18.75,18.9,18.87,0.87,0.38,82.96,1.89,8131740000.0,3534396000.0,0.0,0.0,4.16,1.95
2258,300413,芒果超媒,22.18,-0.49,-0.11,110257.0,245818821.58,1.44,22.45,22.13,22.21,22.29,0.75,1.08,30.63,1.79,41492587677.0,22661305068.0,-0.05,0.0,-8.35,-9.17
2259,002613,北玻股份,4.09,-0.49,-0.02,147554.0,60937675.3,2.19,4.17,4.08,4.12,4.11,0.9,1.91,317.77,2.06,4501325950.0,3158529240.0,0.0,0.25,7.07,9.95
2260,000906,浙商中拓,6.09,-0.49,-0.03,91831.0,56185370.31,2.12,6.18,6.05,6.12,6.12,1.21,1.31,17.06,0.91,4321848760.0,4270550163.0,0.33,0.33,2.53,2.87
2261,605058,澳弘电子,32.38,-0.49,-0.16,17608.0,57459845.0,2.98,33.15,32.18,32.31,32.54,0.62,1.23,32.47,2.65,4627877501.0,4627877501.0,-0.37,-0.34,-3.83,6.09
2262,300935,盈建科,32.53,-0.49,-0.16,15002.0,48936063.02,2.29,32.97,32.22,32.58,32.69,1.01,2.49,-40.88,3.26,2583880020.0,1960701997.0,-0.43,-0.09,8.0,7.22
2263,920208,青矩技术,24.15,-0.49,-0.12,5186.0,12570199.47,1.85,24.49,24.04,24.27,24.27,0.84,0.53,17.2,3.0,3231379979.0,2360684573.0,0.04,0.08,-3.05,-2.27
2264,000529,广弘控股,6.06,-0.49,-0.03,75260.0,45794654.82,1.81,6.14,6.03,6.07,6.09,1.13,1.32,39.51,1.12,3537769400.0,3453499325.0,0.17,0.17,-3.19,0.83
2265,600538,国发股份,6.11,-0.49,-0.03,90390.0,55523917.0,2.28,6.22,6.08,6.14,6.14,1.01,1.72,-623.71,4.15,3202851906.0,3202851906.0,0.16,0.16,-7.14,-0.16
2266,300969,恒帅股份,136.22,-0.49,-0.67,16368.0,226037406.52,4.78,140.35,133.81,135.99,136.89,0.72,3.26,88.66,11.04,15256993491.0,6846732958.0,-0.01,-0.13,36.99,10.12
2267,300658,延江股份,26.58,-0.49,-0.13,318498.0,851432200.6,8.84,28.09,25.73,26.58,26.71,0.83,14.12,156.08,6.59,8844869911.0,5994162492.0,0.53,-0.34,123.93,79.35
2268,600187,国中水务,2.05,-0.49,-0.01,289895.0,60015748.0,1.94,2.09,2.05,2.05,2.06,1.01,1.8,-153.73,1.04,3308251261.0,3308251261.0,-0.49,-0.49,-18.33,-17.67
2269,600368,五洲交通,4.06,-0.49,-0.02,203177.0,82809554.0,1.23,4.1,4.05,4.08,4.08,1.26,1.26,9.64,0.91,6535194663.0,6535194663.0,0.0,0.0,2.27,3.57
2270,603409,汇通控股,38.42,-0.49,-0.19,10881.0,42155879.0,1.86,39.04,38.32,38.65,38.61,0.6,3.01,30.98,3.25,4842072600.0,1389432713.0,0.0,0.23,12.54,3.2
2271,603050,科林电气,22.54,-0.49,-0.11,240614.0,524824172.0,13.42,23.46,20.42,22.26,22.65,2.81,5.97,31.37,4.97,9090814610.0,9090814610.0,-0.13,-0.35,24.94,25.08
2272,002516,旷达科技,6.1,-0.49,-0.03,106069.0,65192493.84,1.79,6.2,6.09,6.13,6.13,0.81,0.73,48.92,2.37,8972115960.0,8911756460.0,-0.33,-0.16,-4.69,-7.44
2273,301575,艾芬达,49.21,-0.49,-0.24,6042.0,29928211.82,2.12,50.18,49.13,49.22,49.45,0.94,3.47,33.18,3.11,4265030700.0,856674057.0,0.0,0.02,2.2,-3.92
2274,002426,胜利精密,4.06,-0.49,-0.02,1653388.0,669458674.32,2.21,4.1,4.01,4.05,4.08,0.67,4.86,-141.74,5.73,13814661219.0,13814555557.0,0.0,-0.25,9.14,6.01
2275,920608,丰安股份,18.26,-0.49,-0.09,4131.0,7616581.71,3.11,18.68,18.11,18.34,18.35,1.02,1.05,33.42,2.37,1136502400.0,719662481.0,0.61,0.61,-3.84,-2.41
2276,688720,艾森股份,66.7,-0.49,-0.33,12518.0,84286615.0,3.55,68.68,66.3,66.33,67.03,0.57,2.22,116.49,5.71,5878493378.0,3760834277.0,0.01,0.12,24.7,-5.23
2277,603099,长白山,38.24,-0.49,-0.19,37482.0,143975052.0,1.87,38.75,38.03,38.3,38.43,0.84,1.41,52.29,7.9,10414888086.0,10197460800.0,0.18,0.26,-21.43,-15.3
2278,688315,诺禾致源,14.31,-0.49,-0.07,22488.0,32255131.0,2.09,14.46,14.16,14.16,14.38,0.84,0.54,35.85,2.19,5955822000.0,5955822000.0,-0.14,0.21,5.53,7.76
2279,603321,梅轮电梯,8.05,-0.49,-0.04,57343.0,46421149.0,2.22,8.18,8.0,8.05,8.09,0.91,1.66,74.91,1.95,2808560225.0,2773743975.0,0.25,0.25,2.16,0.12
2280,301678,新恒汇,65.89,-0.5,-0.33,15740.0,104116141.35,3.22,67.16,65.03,65.58,66.22,0.93,3.29,98.79,8.27,15784309721.0,3156861984.0,-0.09,-0.02,-0.02,2.6
2281,603128,华贸物流,5.94,-0.5,-0.03,155218.0,92460630.0,1.34,5.99,5.91,5.96,5.97,1.05,1.19,19.01,1.28,7775736174.0,7775736174.0,0.0,0.0,1.37,-2.62
2282,603885,吉祥航空,12.01,-0.5,-0.06,221965.0,268580048.0,2.73,12.24,11.91,12.01,12.07,0.64,1.02,18.06,2.67,26229903269.0,26229903269.0,-0.17,-0.08,-10.37,-19.29
2283,300398,飞凯材料,27.97,-0.5,-0.14,270421.0,763157587.31,4.38,28.86,27.63,27.74,28.11,0.79,4.8,40.89,3.22,15857492207.0,15770891241.0,-0.21,0.21,26.62,24.81
2284,300986,志特新材,25.81,-0.5,-0.13,296021.0,780460262.29,5.98,27.11,25.56,26.01,25.94,1.63,7.19,67.66,4.99,10633048295.0,10624274650.0,-0.31,-0.08,150.1,130.86
2285,301019,宁波色母,22.0,-0.5,-0.11,12377.0,27480440.49,1.9,22.4,21.98,22.09,22.11,0.74,1.18,32.99,3.41,3629194602.0,2301408362.0,0.0,-0.23,-20.75,-3.76
2286,300627,华测导航,35.67,-0.5,-0.18,74236.0,266110695.66,3.12,36.45,35.33,35.79,35.85,0.69,1.15,41.23,6.66,28068453727.0,23118306745.0,-0.03,-0.03,15.1,2.18
2287,300512,中亚股份,9.87,-0.5,-0.05,47810.0,47477887.0,3.02,10.1,9.8,9.91,9.92,0.8,1.48,66.48,2.48,4039172891.0,3196964074.0,-0.1,-0.3,0.71,3.68
2288,605158,华达新材,8.01,-0.5,-0.04,27758.0,22444180.0,1.86,8.15,8.0,8.06,8.05,0.94,0.54,45.74,1.66,4096474200.0,4096474200.0,0.0,0.0,-1.35,-0.37
2289,000728,国元证券,7.96,-0.5,-0.04,183160.0,146530214.95,1.13,8.05,7.96,7.99,8.0,0.82,0.42,12.93,0.93,34735672012.0,34735672012.0,-0.13,-0.25,-3.75,-4.67
2290,000631,顺发恒能,3.95,-0.5,-0.02,181563.0,72023097.9,2.52,4.02,3.92,3.98,3.97,0.75,0.79,113.15,1.61,9085000336.0,9085000336.0,0.25,0.0,17.56,21.54
2291,301508,中机认检,31.79,-0.5,-0.16,17770.0,56791457.78,2.54,32.47,31.66,31.81,31.95,1.11,3.02,47.31,3.52,7187248508.0,1870409156.0,0.0,0.35,2.85,1.7
2292,301336,趣睡科技,55.62,-0.5,-0.28,7859.0,43830892.82,2.67,56.58,55.09,55.6,55.9,0.73,2.58,77.14,2.68,2224800000.0,1692533119.0,0.36,0.4,0.22,7.69
2293,688206,概伦电子,34.06,-0.5,-0.17,28203.0,96126042.0,3.18,34.69,33.6,33.87,34.23,0.81,0.65,402.18,7.39,14822157673.0,14822157673.0,0.35,0.74,-2.96,-2.21
2294,601921,浙版传媒,7.89,-0.5,-0.04,73242.0,58000155.0,1.01,7.95,7.87,7.93,7.93,1.03,0.33,20.76,1.29,17533333339.0,17533333339.0,0.0,0.13,-1.99,0.9
2295,603015,弘讯科技,13.8,-0.5,-0.07,53282.0,73893112.0,3.1,14.13,13.7,13.71,13.87,0.77,1.32,130.54,4.0,5578222200.0,5578222200.0,-0.07,0.07,12.2,9.96
2296,002154,报 喜 鸟,3.88,-0.51,-0.02,196735.0,76603731.99,1.28,3.92,3.87,3.89,3.9,1.3,1.67,18.0,1.25,5662214869.0,4577517603.0,0.26,0.26,-3.96,0.78
2297,600075,新疆天业,7.76,-0.51,-0.04,967162.0,767450036.0,4.87,8.13,7.75,7.98,7.8,0.9,5.66,1383.06,1.48,13249142972.0,13249142972.0,-0.13,-0.39,65.46,56.77
2298,000055,方大集团,3.89,-0.51,-0.02,87644.0,34309967.92,1.79,3.95,3.88,3.9,3.91,1.01,1.3,197.17,0.69,4177370743.0,2629065171.0,-0.26,-0.26,-8.9,-5.12
2299,301390,经纬股份,41.02,-0.51,-0.21,8604.0,35429262.0,2.72,41.75,40.63,41.35,41.23,0.58,2.8,117.67,2.58,2461200000.0,1258326238.0,-0.07,0.29,13.79,23.0
2300,300534,陇神戎发,9.74,-0.51,-0.05,48572.0,47575007.95,1.74,9.88,9.71,9.78,9.79,0.66,1.61,81.98,4.28,2954580300.0,2941981493.0,0.0,0.1,-3.37,2.74
2301,920300,辰光医疗,13.59,-0.51,-0.07,12595.0,17280848.29,3.0,13.96,13.55,13.61,13.66,0.96,1.89,-19.21,6.97,1166662442.0,904165205.0,0.07,0.0,-0.07,-11.58
2302,300196,长海股份,19.41,-0.51,-0.1,189717.0,368010260.86,4.46,19.85,18.98,19.11,19.51,1.08,7.68,23.11,1.7,7933194718.0,4792806253.0,-0.1,-0.15,39.94,33.31
2303,603668,天马科技,13.65,-0.51,-0.07,80607.0,110883785.0,2.99,13.92,13.51,13.65,13.72,1.12,1.59,73.15,2.96,6903122663.0,6903122663.0,0.37,0.37,-23.53,-18.07
2304,300786,国林科技,15.54,-0.51,-0.08,36021.0,56143314.0,2.56,15.8,15.4,15.54,15.62,0.77,2.46,-120.98,2.58,2859606760.0,2274080383.0,0.13,0.19,-1.4,-4.6
2305,000685,中山公用,11.74,-0.51,-0.06,130824.0,154637272.48,1.69,11.91,11.71,11.78,11.8,0.94,1.04,10.72,0.96,17317807261.0,14721515770.0,0.0,0.0,-6.68,0.77
2306,688395,正弦电气,27.21,-0.51,-0.14,9465.0,25966755.0,2.56,27.81,27.11,27.14,27.35,0.67,1.09,58.23,3.01,2356323961.0,2356323961.0,-0.15,-0.11,10.43,11.88
2307,300559,佳发教育,11.52,-0.52,-0.06,58443.0,67891380.0,2.94,11.82,11.48,11.58,11.58,1.09,1.88,71.0,3.8,4602407812.0,3584296316.0,0.26,0.09,3.6,-8.64
2308,600128,苏豪弘业,11.38,-0.52,-0.06,45415.0,52038320.0,2.19,11.59,11.34,11.42,11.44,0.75,1.84,43.21,1.31,2864331206.0,2808214150.0,0.26,0.18,2.89,3.55
2309,600033,福建高速,3.84,-0.52,-0.02,478567.0,184331409.0,1.55,3.88,3.82,3.86,3.86,1.17,1.74,9.62,0.85,10538496000.0,10538496000.0,0.0,0.0,-19.33,-7.02
2310,301519,舜禹股份,15.33,-0.52,-0.08,31032.0,47714934.32,4.35,15.7,15.03,15.36,15.41,1.36,4.11,-96.14,1.78,2477985335.0,1157056723.0,-0.2,-0.07,6.98,14.23
2311,002673,西部证券,7.68,-0.52,-0.04,248633.0,191715646.67,1.3,7.77,7.67,7.7,7.72,0.99,0.56,20.7,1.16,34326387494.0,34326387494.0,0.0,-0.13,-3.88,-2.66
2312,601011,宝泰隆,3.8,-0.52,-0.02,1956197.0,754033137.0,4.45,3.95,3.78,3.84,3.82,1.5,10.21,108.42,1.26,7279525248.0,7279525248.0,0.26,-0.26,6.44,11.76
2313,300783,三只松鼠,19.11,-0.52,-0.1,50226.0,96682849.26,1.67,19.42,19.1,19.17,19.21,0.85,1.79,35.83,2.58,7675911789.0,5355881349.0,-0.1,-0.16,-17.59,-17.45
2314,603617,君禾股份,7.68,-0.52,-0.04,54786.0,42367443.0,2.07,7.81,7.65,7.72,7.72,0.88,1.43,73.0,1.99,2993751068.0,2946365468.0,0.13,0.13,4.63,1.86
2315,002069,獐子岛,3.81,-0.52,-0.02,115246.0,44362865.1,2.35,3.89,3.8,3.83,3.83,0.85,1.62,-62.77,149.51,2709337459.0,2705923699.0,-0.26,-0.26,-6.85,2.14
2316,601992,金隅集团,1.92,-0.52,-0.01,1120664.0,217875914.0,3.63,1.98,1.91,1.93,1.93,1.29,1.34,-10.79,0.51,20501320577.0,16001583867.0,0.0,0.52,17.07,14.97
2317,300856,科思股份,13.45,-0.52,-0.07,38181.0,51859894.0,2.14,13.72,13.43,13.52,13.52,0.84,0.83,61.57,2.39,6397993149.0,6183444129.0,-0.15,-0.07,-14.33,-0.22
2318,603992,松霖科技,32.01,-0.53,-0.17,133984.0,431743655.0,5.03,33.17,31.55,32.44,32.18,1.99,3.09,65.56,4.27,13867488940.0,13867488940.0,0.0,0.09,4.34,-21.77
2319,600162,香江控股,1.89,-0.53,-0.01,380317.0,72607268.0,2.63,1.93,1.88,1.91,1.9,1.13,1.16,-88.71,1.07,6177348051.0,6177348051.0,0.0,0.0,-1.05,2.16
2320,601798,蓝科高新,9.38,-0.53,-0.05,83001.0,78511004.0,2.86,9.62,9.35,9.44,9.43,0.68,2.34,74.88,2.62,3325474497.0,3325474497.0,0.0,0.11,3.99,5.75
2321,920982,锦波生物,186.31,-0.53,-0.99,3774.0,70678657.92,2.61,190.0,185.11,186.58,187.3,0.59,0.69,32.92,11.32,21437823495.0,10229366945.0,0.01,0.03,-20.14,-20.28
2322,920895,花溪科技,18.72,-0.53,-0.1,5066.0,9579956.59,3.24,19.26,18.65,18.8,18.82,0.79,1.76,-255.54,5.46,1058129280.0,537954768.0,0.21,0.11,-7.33,-8.5
2323,600518,康美药业,1.88,-0.53,-0.01,1900536.0,358617711.0,1.59,1.9,1.87,1.88,1.89,1.31,1.37,1490.47,3.62,25998325777.0,25986022113.0,-0.53,-0.53,-5.05,-1.57
2324,300650,太龙股份,16.95,-0.53,-0.09,41011.0,69878876.8,2.88,17.32,16.83,17.02,17.04,0.67,2.41,72.35,2.91,3700119336.0,2887353530.0,0.06,0.12,-9.16,2.36
2325,300591,万里马,7.51,-0.53,-0.04,93736.0,71130888.0,2.38,7.68,7.5,7.52,7.55,0.94,2.67,-34.71,11.99,3046610065.0,2631840651.0,0.0,0.0,-25.12,-24.29
2326,600993,马应龙,26.27,-0.53,-0.14,23898.0,63071485.0,1.1,26.5,26.21,26.34,26.41,0.89,0.56,16.95,2.63,11323785717.0,11304165310.0,-0.23,-0.04,-6.65,-6.18
2327,300256,星星科技,3.72,-0.53,-0.02,180213.0,67383338.53,1.6,3.77,3.71,3.72,3.74,0.83,0.8,-1118.13,9.09,8438423396.0,8345423396.0,0.0,-0.27,-16.59,-7.69
2328,603089,正裕工业,13.11,-0.53,-0.07,16992.0,22431699.0,1.97,13.33,13.07,13.24,13.18,0.65,0.71,17.89,2.1,3146836143.0,3146836143.0,0.0,-0.08,0.85,3.47
2329,002316,亚联发展,5.6,-0.53,-0.03,147100.0,82890457.0,3.02,5.72,5.55,5.63,5.63,0.76,4.32,357.01,28.64,2201472000.0,1908396000.0,0.18,0.36,7.69,18.39
2330,688623,双元科技,99.08,-0.53,-0.53,5283.0,52425088.0,2.17,100.38,98.22,98.7,99.61,1.04,2.76,90.87,2.76,5859858716.0,1896658716.0,0.08,0.14,17.95,5.52
2331,688786,悦安新材,34.0,-0.53,-0.18,26234.0,88971655.0,2.37,34.3,33.49,34.28,34.18,0.64,1.82,56.08,6.31,4889200102.0,4889200102.0,-0.06,0.12,23.77,20.52
2332,601968,宝钢包装,5.63,-0.53,-0.03,87494.0,49610691.0,1.94,5.72,5.61,5.67,5.66,0.87,0.69,30.65,1.57,7182638360.0,7182638360.0,-0.35,-0.18,6.03,5.43
2333,002550,千红制药,7.51,-0.53,-0.04,112895.0,85398385.0,1.72,7.64,7.51,7.55,7.55,0.91,1.2,18.81,3.49,9611298000.0,7068713752.0,-0.13,-0.13,-6.71,-4.45
2334,603418,友升股份,54.87,-0.54,-0.3,7680.0,42193124.0,0.89,55.22,54.73,55.0,55.17,0.89,1.9,22.13,2.4,10593665522.0,2217977637.0,-0.02,0.07,-0.51,-9.31
2335,301528,多浦乐,64.51,-0.54,-0.35,7326.0,47611460.05,5.01,66.75,63.5,64.85,64.86,1.12,2.3,82.62,2.61,3993169000.0,2054640726.0,-0.37,-0.05,-0.34,-5.13
2336,000972,*ST中基,3.68,-0.54,-0.02,57472.0,21173286.0,1.35,3.71,3.66,3.69,3.7,0.76,0.75,-14.77,-16.55,2838323571.0,2838323571.0,-0.27,0.27,-4.91,-6.12
2337,603049,中策橡胶,51.46,-0.54,-0.28,18118.0,93529255.0,1.24,51.94,51.3,51.58,51.74,0.67,2.07,9.61,1.86,45001028873.0,4500102898.0,0.0,0.14,-13.47,-8.03
2338,603178,圣龙股份,16.43,-0.54,-0.09,13760.0,22746302.0,1.82,16.67,16.37,16.54,16.52,0.87,0.58,-39.93,3.2,3884247205.0,3884247205.0,0.06,0.12,-9.82,-12.93
2339,603511,爱慕股份,14.78,-0.54,-0.08,11952.0,17741136.0,1.62,14.97,14.73,14.85,14.86,0.83,0.3,44.27,1.37,5971868045.0,5939894471.0,0.07,0.2,-6.93,-4.58
2340,300223,北京君正,119.15,-0.54,-0.65,167860.0,2019824063.3,5.15,123.39,117.22,118.0,119.8,0.71,3.99,168.61,4.64,57494727145.0,50110964352.0,-0.01,-0.04,22.76,12.36
2341,300528,幸福蓝海,16.64,-0.54,-0.09,98791.0,166184207.44,2.63,17.04,16.6,16.68,16.73,0.93,2.65,-1129.2,11.73,6200198019.0,6200198019.0,0.0,-0.12,-22.32,-19.96
2342,000505,京粮控股,7.31,-0.54,-0.04,265588.0,195792146.0,2.45,7.45,7.27,7.36,7.35,0.89,4.2,-77.39,1.73,5314006335.0,4622700256.0,0.0,0.27,-3.94,-14.1
2343,000635,英 力 特,9.23,-0.54,-0.05,118362.0,110763714.0,3.02,9.49,9.21,9.26,9.28,0.71,3.23,-11.03,2.36,3637853340.0,3385746902.0,0.0,-0.22,-3.05,3.82
2344,601002,晋亿实业,5.5,-0.54,-0.03,131122.0,72828662.0,2.17,5.61,5.49,5.53,5.53,0.79,1.37,24.19,1.24,5249423960.0,5249423960.0,-0.18,-0.18,5.36,7.0
2345,002075,沙钢股份,5.41,-0.55,-0.03,418795.0,228298219.87,1.84,5.5,5.4,5.43,5.44,1.0,1.91,38.52,1.8,11868595657.0,11868576587.0,0.0,0.0,-7.2,-5.91
2346,688783,西安奕材-U,23.33,-0.55,-0.13,54608.0,128050864.0,2.47,23.74,23.16,23.43,23.46,1.03,3.32,-127.69,7.57,94201874000.0,3840528281.0,-0.34,-0.3,-1.89,-1.97
2347,300929,华骐环保,12.62,-0.55,-0.07,31304.0,39923191.06,2.84,12.94,12.58,12.69,12.69,0.8,2.47,-678.57,2.07,1667517905.0,1599551633.0,0.0,-0.24,10.7,17.4
2348,600584,长电科技,45.48,-0.55,-0.25,543064.0,2487147609.0,4.4,46.8,44.79,45.27,45.73,0.63,3.03,64.0,2.89,81382574644.0,81382574644.0,0.0,-0.07,23.25,23.65
2349,300417,南华仪器,14.35,-0.55,-0.08,37156.0,53649426.8,4.44,14.75,14.11,14.44,14.43,1.05,4.24,-8046.41,4.21,1930981920.0,1256518115.0,0.14,0.0,1.13,2.57
2350,002269,美邦服饰,1.8,-0.55,-0.01,520760.0,94148128.43,1.66,1.82,1.79,1.8,1.81,1.05,2.07,-49.17,24.06,4522500000.0,4522500000.0,-0.55,0.0,-10.0,-4.76
2351,688267,中触媒,30.95,-0.55,-0.17,39234.0,121963214.0,2.41,31.45,30.7,31.0,31.12,1.01,2.23,25.75,1.92,5453390000.0,5453390000.0,0.23,0.36,10.3,9.87
2352,301151,冠龙节能,19.72,-0.55,-0.11,16345.0,32453803.64,2.42,20.11,19.63,20.02,19.83,0.79,0.97,90.62,1.62,3332760852.0,3329599835.0,0.1,0.15,3.73,4.89
2353,601128,常熟银行,7.2,-0.55,-0.04,349579.0,252592602.0,1.38,7.28,7.18,7.24,7.24,0.96,1.05,5.33,0.8,23878943827.0,23878943827.0,0.0,0.0,0.98,2.27
2354,601188,龙江交通,3.64,-0.55,-0.02,308645.0,112940633.0,1.64,3.69,3.63,3.65,3.66,1.08,2.36,22.78,1.03,4751910491.0,4751910491.0,0.0,0.0,3.12,2.82
2355,920599,同力股份,19.94,-0.55,-0.11,24867.0,49861749.52,1.9,20.24,19.86,20.05,20.05,0.72,0.71,10.75,2.54,9222748500.0,6990452459.0,0.0,-0.35,1.53,-3.81
2356,002037,保利联合,8.8,-0.56,-0.05,67491.0,59972114.91,1.92,8.96,8.79,8.85,8.85,1.17,1.39,-32.18,2.27,4258175381.0,4258175381.0,0.0,0.11,-6.58,-7.37
2357,603221,爱丽家居,12.47,-0.56,-0.07,20784.0,26076471.0,2.63,12.69,12.36,12.5,12.54,0.66,0.86,106.02,1.9,3049413800.0,3021106900.0,0.32,0.4,-0.32,-4.81
2358,600998,九州通,5.31,-0.56,-0.03,299464.0,159638323.0,1.12,5.36,5.3,5.35,5.34,0.93,0.59,10.17,1.01,26775516943.0,26775516943.0,-0.38,-0.19,4.53,3.71
2359,301195,北路智控,33.96,-0.56,-0.19,5648.0,19300717.5,1.76,34.52,33.92,34.25,34.15,0.64,0.64,32.12,1.86,4485091766.0,2978710625.0,-0.18,-0.15,2.88,-1.65
2360,920278,鹿得医疗,8.88,-0.56,-0.05,9929.0,8875816.13,2.02,9.04,8.86,8.98,8.93,0.77,1.34,81.93,4.04,1549560000.0,657546240.0,-0.45,0.0,1.95,-0.34
2361,603661,恒林股份,33.1,-0.57,-0.19,6056.0,20177011.0,2.19,33.66,32.93,33.2,33.29,0.89,0.44,12.38,1.21,4603118726.0,4603118726.0,0.21,0.18,-0.75,3.41
2362,300126,锐奇股份,8.75,-0.57,-0.05,43804.0,38720223.0,3.07,8.99,8.72,8.79,8.8,1.02,2.08,-116.68,2.55,2659629000.0,1843211160.0,0.0,0.11,-4.58,2.22
2363,301060,兰卫医学,10.43,-0.57,-0.06,38300.0,40236435.58,1.53,10.58,10.42,10.51,10.49,0.68,1.06,-4692.0,2.65,4177392310.0,3756724930.0,-0.1,-0.1,2.86,12.76
2364,002216,三全食品,12.18,-0.57,-0.07,114973.0,140991406.4,2.12,12.4,12.14,12.24,12.25,0.75,1.82,20.3,2.37,10708461705.0,7678332961.0,0.0,0.08,6.47,7.88
2365,688785,恒运昌,320.0,-0.57,-1.82,7292.0,237397876.0,5.77,334.77,316.21,321.0,321.82,0.73,5.73,189.41,20.27,21664540160.0,4072852800.0,0.06,0.06,247.15,247.15
2366,002707,众信旅游,6.95,-0.57,-0.04,175793.0,122935978.0,1.57,7.05,6.94,6.95,6.99,1.03,2.13,76.43,7.37,6829869479.0,5735190214.0,0.0,0.0,0.58,-3.34
2367,688550,瑞联新材,45.31,-0.57,-0.26,24666.0,112066538.0,3.36,46.48,44.95,45.11,45.57,0.68,1.42,25.34,2.39,7876891486.0,7876891486.0,-0.18,-0.18,-0.85,0.0
2368,600329,达仁堂,41.6,-0.57,-0.24,17423.0,72869069.0,1.22,42.1,41.59,41.71,41.84,0.62,0.31,11.16,3.56,32035925210.0,23590917210.0,-0.19,-0.1,-4.06,-3.64
2369,301100,风光股份,21.07,-0.57,-0.12,17424.0,37154406.95,2.45,21.56,21.04,21.19,21.19,0.65,1.99,-79.14,2.11,4214000000.0,1843625000.0,0.0,-0.19,-10.68,-1.13
2370,600822,上海物贸,10.31,-0.58,-0.06,36645.0,37974320.0,1.83,10.46,10.27,10.36,10.37,1.18,0.93,194.39,4.17,5113480743.0,4084284931.0,0.0,0.1,-5.41,-3.73
2371,002695,煌上煌,10.23,-0.58,-0.06,25789.0,26564060.94,1.75,10.39,10.21,10.29,10.29,0.82,0.5,42.5,2.04,5724562744.0,5232185509.0,-0.1,0.1,-15.94,-12.86
2372,002478,常宝股份,11.95,-0.58,-0.07,462048.0,549516605.85,4.99,12.17,11.57,11.76,12.02,0.75,6.39,20.57,1.82,10764610525.0,8636551059.0,1.01,0.25,59.33,41.09
2373,000975,山金国际,32.78,-0.58,-0.19,308799.0,1024904230.19,4.09,33.85,32.5,32.66,32.97,0.8,1.22,30.63,6.1,91020955847.0,82849235416.0,0.03,-0.24,52.18,34.73
2374,600018,上港集团,5.18,-0.58,-0.03,581199.0,302035744.0,1.34,5.23,5.16,5.21,5.21,0.87,0.25,9.0,0.86,120590195411.0,120418001053.0,0.0,0.19,-5.99,-3.54
2375,600006,东风股份,6.9,-0.58,-0.04,148760.0,103134977.0,1.3,6.98,6.89,6.9,6.94,0.87,0.74,101.93,1.65,13800000000.0,13800000000.0,-0.14,0.15,-4.83,-3.9
2376,688276,百克生物,18.81,-0.58,-0.11,12838.0,24269308.0,1.11,19.02,18.81,18.92,18.92,0.87,0.31,-28.6,2.02,7780899418.0,7780899418.0,0.0,-0.16,-8.33,-0.27
2377,002291,遥望科技,6.82,-0.58,-0.04,252083.0,172600994.58,1.6,6.9,6.79,6.84,6.86,0.84,2.9,-11.53,2.11,6377589007.0,5927434341.0,-0.15,0.0,-0.87,6.73
2378,600280,中央商场,3.41,-0.58,-0.02,185248.0,63598672.0,2.04,3.47,3.4,3.43,3.43,0.96,1.64,-53.9,6.25,3847621627.0,3847621627.0,0.29,0.29,-16.01,-11.43
2379,300923,研奥股份,29.14,-0.58,-0.17,13612.0,39919184.0,2.97,29.8,28.93,29.38,29.31,0.96,1.78,66.79,2.02,2290404000.0,2228292090.0,-0.03,0.24,12.81,14.14
2380,600881,亚泰集团,1.72,-0.58,-0.01,467531.0,81124986.0,2.89,1.76,1.71,1.73,1.73,1.27,1.45,-4.38,3.28,5559299699.0,5559299699.0,0.0,0.58,-12.69,-7.53
2381,688696,极米科技,91.3,-0.58,-0.53,6129.0,56193545.0,1.64,92.5,90.99,91.6,91.83,0.61,0.88,44.62,2.06,6392826000.0,6392826000.0,0.0,0.0,-13.05,-18.1
2382,300725,药石科技,37.51,-0.58,-0.22,46245.0,174105269.17,1.83,38.05,37.36,37.64,37.73,0.83,2.28,58.01,1.23,8770113361.0,7603798464.0,0.0,0.03,-2.6,-2.72
2383,601008,连云港,5.13,-0.58,-0.03,187371.0,96229224.0,0.78,5.16,5.12,5.15,5.16,0.64,1.51,44.95,1.54,6364472971.0,6364472971.0,0.0,0.0,-1.72,-3.57
2384,920108,宏海科技,11.9,-0.58,-0.07,5884.0,7049354.31,1.75,12.09,11.88,11.91,11.97,0.79,0.81,122.49,4.18,2049180000.0,868315035.0,0.0,0.08,-12.63,-11.52
2385,600604,市北高新,5.18,-0.58,-0.03,68072.0,35523840.0,2.11,5.27,5.16,5.22,5.21,1.09,0.48,-38.89,1.56,9703718885.0,7290615885.0,0.0,0.0,-9.76,-6.5
2386,002718,友邦吊顶,59.85,-0.58,-0.35,15682.0,95692392.72,5.76,62.97,59.5,60.74,60.2,0.87,1.67,513.32,8.57,7747452566.0,5624752316.0,-0.5,0.18,102.47,66.53
2387,002265,建设工业,22.32,-0.58,-0.13,53552.0,119570126.4,1.87,22.53,22.11,22.39,22.45,0.68,0.52,577.77,6.32,23057461884.0,23057461884.0,0.09,0.31,-16.56,-16.78
2388,002562,兄弟科技,6.88,-0.58,-0.04,485284.0,335831006.3,3.61,7.05,6.8,6.86,6.92,0.94,6.92,58.13,1.99,7862614789.0,4826518027.0,0.15,0.15,6.67,6.5
2389,301498,乖宝宠物,58.17,-0.58,-0.34,17871.0,104629418.4,1.74,59.07,58.05,58.46,58.51,0.81,1.0,34.06,5.2,23295505103.0,10438621566.0,-0.05,0.02,-12.76,-10.71
2390,601878,浙商证券,10.27,-0.58,-0.06,201044.0,207264515.0,1.06,10.37,10.26,10.3,10.33,0.96,0.44,18.62,1.29,46972891483.0,46972891483.0,-0.19,0.0,-6.04,-4.38
2391,301376,致欧科技,17.18,-0.58,-0.1,21920.0,37871562.59,1.68,17.44,17.15,17.22,17.28,0.63,1.13,19.08,2.03,6914416991.0,3326784575.0,0.06,0.0,-10.01,-4.93
2392,603209,兴通股份,15.38,-0.58,-0.09,57779.0,89212376.0,1.81,15.6,15.32,15.43,15.47,0.53,1.8,19.35,1.5,4998500000.0,4944540762.0,0.07,0.0,-8.56,1.52
2393,920118,太湖远大,23.51,-0.59,-0.14,6421.0,15218907.17,1.69,23.9,23.5,23.5,23.65,0.52,2.05,45.82,2.11,1196564960.0,736782241.0,0.0,-0.42,6.14,4.44
2394,300052,ST中青宝,13.57,-0.59,-0.08,55892.0,76133183.0,2.12,13.74,13.45,13.65,13.65,0.83,2.13,-97.66,9.4,3553422695.0,3553320920.0,-0.29,-0.15,11.23,8.04
2395,601628,中国人寿,41.93,-0.59,-0.25,129095.0,542678278.0,1.42,42.34,41.74,41.92,42.18,0.9,0.06,5.3,1.89,1185139080650.0,873130612900.0,0.0,0.0,-6.03,-7.85
2396,600630,龙头股份,8.36,-0.59,-0.05,51782.0,43589779.0,1.55,8.48,8.35,8.39,8.41,0.92,1.22,90.62,4.61,3551842951.0,3551842951.0,-0.12,0.0,-18.76,-7.42
2397,002003,伟星股份,10.06,-0.59,-0.06,85076.0,85977783.59,1.09,10.16,10.05,10.09,10.12,0.77,0.83,18.64,2.62,11960229909.0,10282334732.0,0.0,0.0,-8.96,-5.09
2398,920455,汇隆活塞,8.48,-0.59,-0.05,8610.0,7355720.48,2.23,8.64,8.45,8.48,8.53,0.52,0.92,54.11,4.37,1504776000.0,793872677.0,0.0,0.12,-2.3,0.95
2399,300647,超频三,6.76,-0.59,-0.04,92000.0,62879366.0,2.65,6.93,6.75,6.8,6.8,0.65,2.01,1060.47,5.4,3091490122.0,3086900887.0,0.15,-0.29,-9.5,-1.89
2400,300893,松原安全,21.78,-0.59,-0.13,21893.0,48049365.15,2.1,22.21,21.75,21.92,21.91,0.76,0.87,29.37,3.8,10301967573.0,5464016140.0,-0.18,0.0,-4.97,-7.87
2401,002892,科力尔,11.81,-0.59,-0.07,48805.0,57891533.74,1.52,11.95,11.77,11.79,11.88,0.8,1.01,145.51,6.75,8792982915.0,5709157522.0,-0.08,0.25,-8.73,-12.0
2402,603339,四方科技,13.46,-0.59,-0.08,25689.0,34825745.0,2.22,13.72,13.42,13.47,13.54,0.83,0.83,30.21,1.6,4165078216.0,4165078216.0,0.07,0.15,4.34,4.91
2403,688701,卓锦股份,9.87,-0.6,-0.06,21510.0,21492198.0,3.22,10.19,9.87,9.93,9.93,0.74,1.6,-23.1,9.31,1325317662.0,1325317662.0,0.0,-0.5,-13.95,21.1
2404,300976,达瑞电子,58.15,-0.6,-0.35,11319.0,66167074.2,2.68,59.21,57.64,58.48,58.5,0.79,1.31,25.32,2.2,7798160160.0,5011208367.0,-0.02,0.03,-3.28,-3.2
2405,000166,申万宏源,4.93,-0.6,-0.03,775742.0,383808475.88,1.61,4.99,4.91,4.94,4.96,1.05,0.34,11.55,1.11,123446926681.0,111100051068.0,0.0,0.0,-5.37,-6.45
2406,688569,铁科轨道,21.56,-0.6,-0.13,9470.0,20559137.0,1.71,21.87,21.5,21.8,21.69,0.71,0.45,26.52,1.54,4541974052.0,4541974052.0,-0.05,0.0,1.6,-1.87
2407,002623,亚玛顿,24.78,-0.6,-0.15,80070.0,199826885.36,3.29,25.44,24.62,24.81,24.93,0.63,4.03,-62.1,1.74,4932768750.0,4922203178.0,0.32,0.24,33.58,36.91
2408,605007,五洲特纸,16.6,-0.6,-0.1,155301.0,255089820.0,7.78,17.21,15.91,16.38,16.7,0.74,3.87,32.73,2.3,7897118050.0,6665780630.0,0.24,0.3,40.68,22.87
2409,920826,盖世食品,11.66,-0.6,-0.07,19150.0,22604498.82,2.47,11.93,11.64,11.73,11.73,1.14,3.07,34.98,4.18,1638414391.0,728452355.0,0.0,0.0,-13.57,-12.53
2410,000825,太钢不锈,4.96,-0.6,-0.03,785453.0,392688376.93,2.81,5.08,4.94,4.98,4.99,1.25,1.38,37.3,0.85,28253389068.0,28253389068.0,0.0,0.0,13.76,1.43
2411,002527,新时达,14.83,-0.6,-0.09,63395.0,94552096.34,1.94,15.07,14.78,14.85,14.92,0.81,1.2,1696.86,7.86,9833198946.0,7849227264.0,0.0,0.07,-6.73,-16.4
2412,002592,ST八菱,10.0,-0.6,-0.06,27101.0,27278033.0,2.78,10.26,9.98,9.99,10.06,0.46,1.03,22.75,2.89,2833311570.0,2627163700.0,-0.2,0.0,41.84,20.48
2413,688219,会通股份,11.54,-0.6,-0.07,70406.0,81891369.0,1.89,11.74,11.52,11.52,11.61,0.9,1.28,30.84,2.11,6342384000.0,6342384000.0,-0.17,0.09,-3.27,-7.09
2414,002458,益生股份,9.89,-0.6,-0.06,110744.0,110179202.29,1.81,10.03,9.85,9.96,9.95,0.83,1.48,258.18,2.6,10942423729.0,7406311542.0,0.1,0.2,16.77,18.02
2415,603690,至纯科技,26.35,-0.6,-0.16,65300.0,172997825.0,2.75,26.88,26.15,26.21,26.51,0.72,1.71,89.36,2.01,10091107988.0,10091107988.0,-0.08,0.08,-9.98,-16.22
2416,002243,力合科创,9.96,-0.6,-0.06,88770.0,88914930.43,1.8,10.11,9.93,9.99,10.02,0.65,0.74,76.82,1.66,12057618021.0,11993257208.0,0.0,-0.1,4.4,0.1
2417,600658,电子城,4.98,-0.6,-0.03,87062.0,43576150.0,1.4,5.04,4.97,5.02,5.01,0.88,0.78,-11.09,1.0,5570553524.0,5570553524.0,0.0,0.0,-10.59,-9.29
2418,603325,博隆技术,76.19,-0.6,-0.46,4474.0,34211029.0,1.23,76.98,76.04,76.48,76.65,0.77,1.31,14.2,2.26,6095504760.0,2604418008.0,-0.05,-0.04,-0.99,-2.03
2419,601033,永兴股份,16.26,-0.61,-0.1,75710.0,123644599.0,1.59,16.47,16.21,16.36,16.36,0.8,3.15,14.72,1.37,14634000000.0,3902400000.0,0.12,0.0,6.9,7.47
2420,601888,中国中免,73.29,-0.61,-0.45,178009.0,1310670533.0,1.36,74.2,73.2,73.22,73.74,0.81,0.91,37.26,2.72,151626679335.0,143096932620.0,0.01,0.01,-8.38,-22.49
2421,000078,海王生物,3.25,-0.61,-0.02,458795.0,149795594.6,2.14,3.3,3.23,3.27,3.27,0.95,1.75,249.52,4.69,8551150585.0,8535933699.0,0.0,0.31,-29.81,-6.07
2422,688209,英集芯,21.11,-0.61,-0.13,42065.0,88874792.0,2.64,21.43,20.87,21.1,21.24,0.72,0.97,51.61,4.17,9157181274.0,9157181274.0,-0.05,-0.14,-6.26,5.87
2423,001390,古麒绒材,22.8,-0.61,-0.14,11191.0,25582773.36,1.18,22.99,22.72,22.94,22.94,0.8,2.24,24.67,2.87,4560000000.0,1140000000.0,0.13,0.09,-13.67,-6.79
2424,688676,金盘科技,93.98,-0.61,-0.58,101054.0,954494213.0,3.27,96.1,93.01,94.29,94.56,0.51,2.2,65.48,8.26,43210534529.0,43210534529.0,0.03,0.1,14.12,4.03
2425,300681,英搏尔,22.81,-0.61,-0.14,46583.0,106686950.47,1.7,23.08,22.69,22.83,22.95,0.8,2.02,35.16,2.6,6981122305.0,5264428521.0,0.13,0.04,-16.05,-8.98
2426,002041,登海种业,11.33,-0.61,-0.07,333899.0,383336726.92,3.07,11.67,11.32,11.42,11.4,0.62,3.79,138.5,2.75,9970400000.0,9970400000.0,-0.09,-0.18,19.89,18.76
2427,300068,南都电源,16.21,-0.61,-0.1,834566.0,1388832251.51,4.84,16.98,16.19,16.66,16.31,1.76,9.78,-49.58,3.79,14562533917.0,13830043488.0,0.0,0.06,-2.64,4.31
2428,301047,义翘神州,71.18,-0.61,-0.44,5914.0,42241734.1,1.45,71.94,70.9,71.48,71.62,0.86,0.49,58.94,1.64,8658103296.0,8511748603.0,0.08,0.2,4.37,5.3
2429,688117,圣诺生物,37.57,-0.61,-0.23,9439.0,35546960.0,1.11,37.93,37.51,37.72,37.8,0.42,0.6,35.66,5.55,5912991193.0,5912991193.0,0.0,0.0,-5.6,-0.58
2430,001221,悍高集团,65.23,-0.61,-0.4,7897.0,51510926.48,1.83,65.9,64.7,65.02,65.63,0.71,2.19,40.48,9.52,26092652300.0,2348867070.0,0.2,0.2,15.27,12.64
2431,603190,亚通精工,25.95,-0.61,-0.16,10047.0,26236591.0,2.07,26.39,25.85,26.0,26.11,0.76,2.44,23.55,1.43,3231813000.0,1066949353.0,-0.35,-0.12,-1.44,-3.78
2432,600606,绿地控股,1.64,-0.61,-0.01,1208270.0,200514108.0,2.42,1.68,1.64,1.65,1.65,1.5,0.86,-2.58,0.4,23048918035.0,23048918035.0,-0.61,-0.61,-1.8,-1.2
2433,600017,日照港,3.28,-0.61,-0.02,568938.0,187099695.0,2.12,3.32,3.25,3.29,3.3,1.08,1.85,14.42,0.72,10088144753.0,10088144753.0,0.31,0.61,9.7,9.33
2434,301212,联盛化学,31.12,-0.61,-0.19,24216.0,76546505.74,3.19,32.07,31.07,31.25,31.31,0.82,2.58,203.05,2.51,3360960000.0,2917500000.0,0.13,0.1,6.21,3.87
2435,002245,蔚蓝锂芯,18.03,-0.61,-0.11,530293.0,967942221.74,2.87,18.47,17.95,17.99,18.14,0.88,4.89,30.41,2.81,20803203982.0,19565513357.0,0.0,0.0,11.71,1.29
2436,603186,华正新材,68.61,-0.62,-0.43,96719.0,667289621.0,4.45,70.76,67.69,69.04,69.04,0.74,6.17,128.86,6.65,10757397440.0,10757397440.0,-0.06,-0.2,49.18,38.33
2437,000560,我爱我家,3.2,-0.62,-0.02,1562029.0,509055824.2,4.04,3.32,3.19,3.19,3.22,1.44,6.92,133.56,0.8,7537602723.0,7219003101.0,0.0,-0.31,8.84,9.59
2438,600819,耀皮玻璃,7.98,-0.62,-0.05,65051.0,52261796.0,1.87,8.11,7.96,8.03,8.03,0.88,0.87,47.2,2.11,7794521443.0,5964380215.0,0.0,0.13,0.0,-1.24
2439,600365,ST通葡,3.23,-0.62,-0.02,52051.0,16899362.0,2.46,3.28,3.2,3.25,3.25,0.69,1.22,-22.65,5.57,1466516900.0,1380114400.0,0.31,0.31,-1.82,-0.62
2440,600663,陆家嘴,7.96,-0.62,-0.05,110813.0,89013355.0,2.0,8.12,7.96,7.99,8.01,1.52,0.35,32.76,1.6,40079823285.0,25119241950.0,-0.13,-0.13,-0.75,0.63
2441,001220,世盟股份,41.73,-0.62,-0.26,16556.0,69526065.7,1.55,42.34,41.69,41.8,41.99,1.16,7.32,26.45,3.08,3851261700.0,943458881.0,-0.14,-0.17,49.04,49.04
2442,603069,海汽集团,19.2,-0.62,-0.12,32334.0,62543542.0,1.76,19.52,19.18,19.32,19.32,0.84,1.02,-94.58,7.5,6067200000.0,6067200000.0,0.1,0.0,-23.2,-29.28
2443,920016,中草香料,19.23,-0.62,-0.12,5000.0,9669356.06,2.12,19.57,19.16,19.31,19.35,0.79,1.46,71.33,3.85,1480362495.0,658381702.0,0.0,0.0,-0.52,-0.57
2444,300022,吉峰科技,8.04,-0.62,-0.05,99762.0,81047085.0,2.6,8.22,8.01,8.08,8.09,0.9,2.02,-407.42,7.47,3973692655.0,3973604617.0,0.0,0.12,-0.25,2.81
2445,002088,鲁阳节能,11.2,-0.62,-0.07,53213.0,60217367.0,3.11,11.52,11.17,11.27,11.27,1.27,1.05,41.67,2.21,5746972963.0,5664863434.0,-0.09,0.09,1.63,6.97
2446,300684,中石科技,53.78,-0.63,-0.34,77913.0,422675426.82,3.7,55.3,53.3,53.8,54.12,0.72,3.81,48.0,7.69,16107606013.0,10987417061.0,0.0,0.0,21.15,9.26
2447,002241,歌尔股份,25.19,-0.63,-0.16,479433.0,1213624863.12,1.78,25.51,25.06,25.18,25.35,0.77,1.53,25.89,2.5,89314795837.0,79057985745.0,0.04,0.08,-17.19,-12.32
2448,301328,维峰电子,51.87,-0.63,-0.33,8839.0,45827368.5,3.05,52.95,51.36,52.21,52.2,0.55,0.8,52.39,2.93,5700180721.0,5700110696.0,-0.1,-0.31,20.71,9.04
2449,000592,平潭发展,11.03,-0.63,-0.07,1914549.0,2118833588.76,5.5,11.36,10.75,11.0,11.1,0.84,10.0,511.7,11.11,21307543239.0,21123469712.0,0.0,-0.18,-8.24,-28.38
2450,603638,艾迪精密,22.11,-0.63,-0.14,40977.0,91249518.0,2.02,22.45,22.0,22.1,22.25,0.67,0.49,43.61,5.22,18375373589.0,18375373589.0,-0.14,-0.23,14.09,16.8
2451,688189,南新制药,7.94,-0.63,-0.05,36614.0,29229984.0,2.5,8.08,7.88,7.93,7.99,0.98,1.33,-15.87,2.78,2178736000.0,2178736000.0,-0.63,-0.13,-8.63,-0.38
2452,000558,天府文旅,4.75,-0.63,-0.03,267717.0,128384969.86,2.3,4.85,4.74,4.76,4.78,1.12,2.08,-248.96,5.84,6123813758.0,6121251888.0,-0.21,0.0,-11.87,-7.77
2453,002166,莱茵生物,9.4,-0.63,-0.06,96293.0,91027784.49,1.69,9.52,9.36,9.46,9.46,0.76,1.3,74.27,2.27,6971128595.0,6954546995.0,0.0,-0.21,8.05,11.24
2454,600690,海尔智家,25.08,-0.63,-0.16,309915.0,780724579.0,1.51,25.39,25.01,25.1,25.24,0.84,0.5,10.15,1.97,235190951622.0,156825952548.0,-0.24,-0.12,-6.1,-3.87
2455,002344,海宁皮城,4.72,-0.63,-0.03,114225.0,54329192.8,2.11,4.8,4.7,4.73,4.75,1.12,0.89,76.02,0.72,6053952051.0,6048444434.0,0.21,0.0,-4.84,-0.42
2456,603038,华立股份,15.79,-0.63,-0.1,25023.0,39663503.0,2.14,16.05,15.71,16.05,15.89,0.74,0.93,67.97,3.05,4242411504.0,4242411504.0,0.0,0.38,-7.88,-1.93
2457,300247,融捷健康,4.74,-0.63,-0.03,158896.0,75995410.0,2.1,4.83,4.73,4.75,4.77,1.07,1.98,42.96,3.37,3811151084.0,3807524984.0,0.21,-0.21,-5.39,-7.6
2458,301116,益客食品,10.96,-0.63,-0.07,42479.0,47103419.0,2.81,11.22,10.91,10.99,11.03,0.9,0.95,-12.8,3.34,4920816339.0,4920791679.0,0.0,-0.09,-12.46,0.27
2459,300801,泰和科技,28.61,-0.63,-0.18,53181.0,155262077.0,4.41,29.77,28.5,28.5,28.79,1.29,3.9,52.8,2.49,6249282300.0,3905011086.0,-0.31,-0.38,0.88,3.55
2460,600585,海螺水泥,25.34,-0.63,-0.16,309763.0,792131658.0,2.55,25.97,25.32,25.55,25.5,0.95,0.77,15.97,0.71,134284327352.0,101352463352.0,0.04,0.0,14.87,15.92
2461,300498,温氏股份,17.43,-0.63,-0.11,534161.0,937022493.45,1.77,17.7,17.39,17.6,17.54,0.63,0.9,22.15,2.75,115977952194.0,103752795399.0,-0.06,-0.06,4.62,3.26
2462,301313,凡拓数创,31.78,-0.63,-0.2,37067.0,119388355.2,5.1,32.94,31.31,31.75,31.98,0.96,4.91,-25.58,4.57,3287749052.0,2399001521.0,-0.16,-0.22,15.65,19.88
2463,603309,维力医疗,15.55,-0.64,-0.1,43783.0,68346317.0,2.17,15.79,15.45,15.58,15.65,0.58,1.5,17.76,2.35,4538600550.0,4538600550.0,0.06,0.0,16.22,16.13
2464,920339,恒太照明,9.25,-0.64,-0.06,10565.0,9755148.52,2.04,9.35,9.16,9.26,9.31,0.24,0.7,51.14,3.38,2036885150.0,1398388499.0,0.33,0.54,-11.14,-6.57
2465,301565,中仑新材,23.38,-0.64,-0.15,31359.0,74049449.0,2.46,23.88,23.3,23.6,23.53,0.58,2.45,104.97,3.88,9352233800.0,2992873800.0,0.0,0.0,-17.06,-3.15
2466,002074,国轩高科,38.73,-0.64,-0.25,458627.0,1791224878.1,2.67,39.5,38.46,38.7,38.98,0.92,2.64,20.8,2.47,70260627629.0,67242730645.0,0.03,0.08,-0.92,-0.97
2467,920718,合肥高科,14.04,-0.64,-0.09,3731.0,5295578.51,2.69,14.41,14.03,14.15,14.13,0.83,0.87,32.65,2.19,1272960468.0,605266394.0,0.07,0.0,-13.28,-7.2
2468,000610,西安旅游,9.31,-0.64,-0.06,53483.0,50145510.91,1.49,9.45,9.31,9.36,9.37,0.88,2.27,-20.58,14.1,2204122958.0,2192544977.0,-0.11,-0.11,-25.4,-25.28
2469,601158,重庆水务,4.66,-0.64,-0.03,138261.0,64540755.0,1.28,4.7,4.64,4.7,4.69,1.06,0.29,21.52,1.3,22368107539.0,22368107539.0,0.0,0.0,1.3,4.25
2470,002073,软控股份,7.79,-0.64,-0.05,190917.0,149538201.76,1.4,7.89,7.78,7.82,7.84,0.92,1.88,19.66,1.3,7943668835.0,7900028476.0,-0.13,0.0,-9.0,-4.42
2471,000088,盐 田 港,4.63,-0.64,-0.03,317060.0,147657640.91,1.72,4.7,4.62,4.66,4.66,0.93,1.0,16.69,1.34,24073607892.0,14644201387.0,-0.22,0.0,5.23,4.04
2472,301581,黄山谷捷,49.46,-0.64,-0.32,5378.0,26772838.05,1.97,50.35,49.37,49.7,49.78,0.85,1.1,59.3,3.94,3956800000.0,2417505880.0,0.1,0.06,3.39,4.24
2473,300851,交大思诺,31.16,-0.64,-0.2,7802.0,24502416.0,2.55,31.8,31.0,31.36,31.36,0.72,1.44,87.3,2.11,2708844744.0,1686068379.0,0.0,-0.16,12.86,16.31
2474,603159,上海亚虹,26.52,-0.64,-0.17,12553.0,33326964.0,2.81,26.97,26.22,26.84,26.69,1.02,0.9,-659.76,7.41,3712800000.0,3712800000.0,0.0,0.04,11.85,3.15
2475,688659,元琛科技,10.79,-0.64,-0.07,19795.0,21572166.0,2.76,11.06,10.76,10.9,10.86,0.73,1.24,-57.18,3.36,1726400000.0,1726400000.0,-0.37,-0.37,8.99,14.18
2476,603928,兴业股份,15.63,-0.64,-0.1,27162.0,42668508.0,1.59,15.85,15.6,15.73,15.73,0.85,1.04,41.48,2.64,4096310400.0,4096310400.0,0.0,0.06,-9.91,-2.62
2477,603139,康惠股份,27.92,-0.64,-0.18,25823.0,72453215.0,3.31,28.43,27.5,27.73,28.1,0.69,2.59,-15.78,3.85,2788649600.0,2788649600.0,0.0,-0.14,22.89,36.39
2478,000423,东阿阿胶,52.07,-0.65,-0.34,35460.0,185610694.16,1.13,52.63,52.04,52.2,52.41,0.66,0.55,19.74,3.37,33531873226.0,33473214757.0,-0.13,-0.1,10.27,6.09
2479,688586,江航装备,13.77,-0.65,-0.09,63284.0,87698155.0,2.16,14.01,13.71,13.92,13.86,0.52,0.8,198.07,4.4,10896740178.0,10896740178.0,-0.07,-0.07,15.33,5.6
2480,002546,新联电子,10.67,-0.65,-0.07,493568.0,527594199.42,3.91,10.91,10.49,10.73,10.74,0.52,6.16,12.48,2.37,8899303854.0,8549146464.0,0.09,0.85,54.86,52.65
2481,605259,绿田机械,23.08,-0.65,-0.15,28615.0,66283146.0,2.2,23.43,22.92,23.4,23.23,0.56,1.66,14.9,2.22,3980838400.0,3980838400.0,0.13,0.61,7.3,3.13
2482,600660,福耀玻璃,59.51,-0.65,-0.39,102435.0,611523826.0,2.15,60.3,59.01,59.01,59.9,0.84,0.51,16.49,4.38,155305837589.0,119197716617.0,-0.17,0.0,-4.2,-8.12
2483,300471,厚普股份,15.37,-0.65,-0.1,285373.0,448455762.78,5.24,16.11,15.3,15.48,15.47,0.86,7.79,1026.05,4.62,7226339695.0,5633850138.0,0.0,-0.07,15.65,21.98
2484,600359,新农开发,7.69,-0.65,-0.05,147187.0,114498396.0,2.84,7.88,7.66,7.74,7.74,0.83,3.86,204.46,4.38,2933833586.0,2933833586.0,0.26,0.13,6.36,7.55
2485,301598,博科测试,62.35,-0.65,-0.41,4345.0,27292527.0,1.93,63.45,62.24,62.48,62.76,0.88,2.48,35.32,3.88,3672241854.0,1094100529.0,-0.26,0.08,1.51,-0.21
2486,002955,鸿合科技,25.96,-0.65,-0.17,12354.0,32279476.17,2.03,26.39,25.86,26.0,26.13,0.64,0.63,55.99,1.87,6143172116.0,5095423296.0,0.04,0.15,-11.19,-14.24
2487,688120,华海清科,171.53,-0.65,-1.13,40984.0,704006612.0,3.38,175.1,169.27,169.27,172.66,0.9,1.16,55.88,8.11,60661926016.0,60661926016.0,0.57,0.62,18.22,14.29
2488,603722,阿科力,38.08,-0.65,-0.25,8467.0,32613827.0,2.35,38.9,38.0,38.37,38.33,0.61,0.88,-170.26,3.9,3721182208.0,3644260608.0,0.0,-0.08,-0.83,-3.52
2489,688305,科德数控,62.62,-0.65,-0.41,26147.0,165092803.0,2.84,64.19,62.4,62.68,63.03,0.64,1.98,93.77,4.39,8322616176.0,8279226778.0,0.05,0.08,6.24,1.33
2490,300543,朗科智能,10.7,-0.65,-0.07,32619.0,35241914.0,2.14,10.91,10.68,10.76,10.77,0.67,1.3,81.79,2.24,3278173274.0,2677127246.0,-0.09,0.0,-2.46,-3.78
2491,601518,吉林高速,3.05,-0.65,-0.02,197650.0,60638348.0,1.3,3.09,3.05,3.06,3.07,0.89,1.05,10.93,1.03,5766187165.0,5766187165.0,-0.33,0.0,4.45,8.16
2492,000541,佛山照明,6.13,-0.65,-0.04,121731.0,75075870.92,1.94,6.23,6.11,6.13,6.17,0.87,0.99,50.07,1.4,9414320550.0,7543168553.0,0.0,0.0,-0.16,2.0
2493,601318,中国平安,61.2,-0.65,-0.4,458041.0,2813751146.0,1.28,61.87,61.08,61.37,61.6,0.73,0.43,6.26,1.12,1108187690094.0,652395983080.0,0.03,0.1,-2.0,-10.53
2494,000797,中国武夷,3.02,-0.66,-0.02,392098.0,119844663.22,2.96,3.1,3.01,3.04,3.04,1.57,2.5,-24.1,0.94,4743677735.0,4743128856.0,-0.33,0.0,-29.6,-23.16
2495,001373,翔腾新材,40.5,-0.66,-0.27,11646.0,47423103.0,4.02,41.6,39.96,40.65,40.77,0.78,3.52,-114.16,3.2,2781818964.0,1341835146.0,0.1,0.2,25.39,25.46
2496,002024,ST易购,1.51,-0.66,-0.01,191387.0,29017828.23,1.32,1.53,1.51,1.51,1.52,0.93,0.21,143.08,1.11,13989799103.0,13974206390.0,0.0,-0.66,-12.21,-11.18
2497,300085,银之杰,39.39,-0.66,-0.26,243667.0,962995897.55,3.96,40.23,38.66,39.38,39.65,0.91,3.74,-351.44,55.58,27834570674.0,25682786555.0,0.03,0.0,-3.12,-1.75
2498,301525,儒竞科技,89.85,-0.66,-0.6,34772.0,313705032.59,6.01,93.04,87.6,89.6,90.45,1.43,7.04,47.41,2.6,8473912355.0,4438697550.0,0.4,0.64,5.93,4.07
2499,300758,七彩化学,15.15,-0.66,-0.1,224751.0,349689400.0,5.97,16.06,15.15,15.21,15.25,1.53,6.14,62.87,3.43,6151484729.0,5549459468.0,-0.26,-0.26,16.9,19.39
2500,000006,深振业Ａ,9.03,-0.66,-0.06,196766.0,179324631.49,2.53,9.21,8.98,9.03,9.09,0.71,1.46,-1306.66,2.26,12190455265.0,12190386186.0,-0.11,0.0,-11.64,-9.25
2501,920368,连城数控,42.0,-0.66,-0.28,79597.0,335631622.39,6.58,43.48,40.7,41.85,42.28,0.65,3.56,125.95,2.34,9860778480.0,9381211728.0,-0.47,-0.52,56.42,68.61
2502,300702,天宇股份,22.61,-0.66,-0.15,29930.0,68446405.2,2.24,23.12,22.61,22.76,22.76,1.14,1.42,26.71,2.11,7867763565.0,4774428961.0,-0.22,-0.18,-7.49,-4.19
2503,002111,威海广泰,10.52,-0.66,-0.07,75608.0,79960901.4,1.7,10.68,10.5,10.6,10.59,0.88,1.57,33.12,1.87,5596749313.0,5062759847.0,-0.09,0.0,6.05,0.0
2504,301227,森鹰窗业,37.5,-0.66,-0.25,9016.0,34098025.62,2.33,38.26,37.38,37.83,37.75,0.44,2.66,-131.93,2.18,3571143750.0,1272559688.0,-0.11,0.16,-15.98,-29.27
2505,002745,木林森,8.97,-0.66,-0.06,299411.0,269924385.04,1.77,9.1,8.94,8.96,9.03,0.72,2.81,47.73,1.0,13312972599.0,9550143980.0,0.0,0.22,-4.98,-6.27
2506,600170,上海建工,3.02,-0.66,-0.02,3661091.0,1108961061.0,2.96,3.07,2.98,3.03,3.04,1.14,4.12,16.62,0.85,26835538027.0,26835538027.0,0.0,0.33,12.27,13.96
2507,688695,中创股份,26.94,-0.66,-0.18,7854.0,21221552.0,2.36,27.37,26.73,26.91,27.12,0.8,1.47,-112.95,2.94,2291284123.0,1438474177.0,0.37,0.56,-3.13,-1.79
2508,002103,广博股份,8.85,-0.67,-0.06,53346.0,47469785.0,1.23,8.95,8.84,8.89,8.91,0.62,1.41,28.31,3.94,4728315634.0,3336644523.0,-0.11,0.0,-7.23,-2.96
2509,920781,瑞奇智造,8.93,-0.67,-0.06,32061.0,28780516.96,2.11,9.08,8.89,9.01,8.99,0.55,3.14,-29.61,3.82,1380283792.0,911922715.0,0.0,0.11,2.41,-0.33
2510,603757,大元泵业,49.05,-0.67,-0.33,251787.0,1254550793.0,8.36,51.9,47.77,48.0,49.38,1.6,13.5,49.01,4.34,9150143054.0,9150143054.0,0.12,0.22,30.35,10.5
2511,300838,浙江力诺,16.37,-0.67,-0.11,21538.0,35445282.66,3.82,16.69,16.06,16.44,16.48,0.9,2.12,162.18,2.29,2258699860.0,1665727304.0,0.06,0.24,8.2,7.34
2512,603727,博迈科,17.7,-0.67,-0.12,100532.0,182005333.0,5.05,18.56,17.66,18.05,17.82,0.5,3.57,159.76,1.57,4986431203.0,4986431203.0,-0.23,-0.17,18.95,27.06
2513,300354,东华测试,38.7,-0.67,-0.26,11636.0,45195383.0,1.33,39.07,38.55,38.85,38.96,0.57,1.43,39.65,6.5,5352991779.0,3146642588.0,0.0,-0.03,-12.68,-14.95
2514,688057,金达莱,13.3,-0.67,-0.09,19122.0,25614629.0,2.09,13.54,13.26,13.33,13.39,0.63,0.69,38.23,1.16,3670800000.0,3670800000.0,0.0,0.0,9.38,8.84
2515,300973,立高食品,36.91,-0.67,-0.25,25418.0,94864405.57,2.69,37.84,36.84,37.28,37.16,1.23,2.18,18.91,2.55,6250358630.0,4300984663.0,0.0,-0.11,-2.97,-14.16
2516,600851,海欣股份,8.84,-0.67,-0.06,175370.0,156418573.0,3.15,9.08,8.8,8.9,8.9,0.72,2.38,55.58,2.29,10670381157.0,6525742012.0,0.11,0.23,21.43,29.43
2517,603396,金辰股份,39.9,-0.67,-0.27,59051.0,238032156.0,2.96,40.94,39.75,40.16,40.17,0.9,4.26,82.07,2.13,5527246372.0,5527246372.0,0.05,0.05,14.33,18.93
2518,300556,丝路视觉,19.17,-0.67,-0.13,30268.0,58453908.0,2.18,19.55,19.13,19.3,19.3,0.71,2.83,-14.26,5.25,2330407050.0,2051384595.0,0.0,0.0,-3.72,0.95
2519,002101,广东鸿图,11.86,-0.67,-0.08,39814.0,47483740.35,1.51,12.01,11.83,11.88,11.94,0.72,0.6,28.15,1.01,7879502195.0,7853836680.0,-0.17,0.0,-3.81,-3.73
2520,000628,高新发展,53.65,-0.67,-0.36,104004.0,552154219.22,4.89,54.49,51.85,53.67,54.01,0.75,5.41,164.69,8.55,18899822000.0,10313600085.0,0.24,0.13,25.32,20.32
2521,000609,ST中迪,10.41,-0.67,-0.07,207218.0,219364339.65,7.35,11.0,10.23,10.5,10.48,1.27,7.12,-15.44,-365.79,3115354084.0,3029916612.0,0.0,-0.19,5.15,16.97
2522,002799,环球印务,8.94,-0.67,-0.06,88734.0,80298892.8,3.33,9.2,8.9,8.97,9.0,0.8,2.77,-106.96,2.25,2861157600.0,2861120052.0,0.0,0.11,-2.72,4.81
2523,688373,盟科药业-U,5.9,-0.67,-0.04,66869.0,39774322.0,2.19,6.02,5.89,5.96,5.94,0.59,1.1,-16.02,19.03,3871747442.0,3573263581.0,-0.17,-0.17,-4.22,-2.32
2524,000520,凤凰航运,4.44,-0.67,-0.03,217902.0,97440384.0,2.68,4.54,4.42,4.46,4.47,0.55,2.15,-60.6,11.16,4493650540.0,4493650540.0,0.0,0.0,-12.25,-8.26
2525,603903,中持股份,11.93,-0.67,-0.08,32158.0,38784386.0,2.41,12.21,11.92,12.02,12.01,0.81,1.26,48.0,1.95,3045961396.0,3045961396.0,0.0,-0.08,-22.18,-18.01
2526,688123,聚辰股份,128.43,-0.67,-0.87,116653.0,1529937173.0,6.45,135.45,127.11,128.3,129.3,2.26,7.37,56.02,7.95,20326750181.0,20326750181.0,-1.78,-1.8,-7.01,2.27
2527,301393,昊帆生物,50.06,-0.67,-0.34,7314.0,36585092.0,2.52,50.93,49.66,50.4,50.4,0.91,1.74,40.86,2.3,5406480000.0,2107765037.0,0.0,0.08,-0.14,-1.24
2528,603717,天域生物,7.42,-0.67,-0.05,61524.0,46143114.0,2.81,7.61,7.4,7.5,7.47,0.85,2.12,-1002.34,4.16,2152885101.0,2152885101.0,0.0,0.0,-7.94,-5.36
2529,603613,国联股份,27.79,-0.68,-0.19,145829.0,406229713.0,3.93,28.45,27.35,27.76,27.98,1.36,2.02,13.64,2.26,20023745823.0,20023745823.0,0.04,0.0,-6.21,-0.75
2530,601000,唐山港,4.37,-0.68,-0.03,474984.0,208103386.0,1.82,4.42,4.34,4.38,4.4,1.14,0.8,13.99,1.24,25896308043.0,25896308043.0,0.0,0.46,13.8,13.8
2531,600526,菲达环保,5.84,-0.68,-0.04,101624.0,59687743.0,1.87,5.93,5.82,5.86,5.88,0.93,1.16,19.11,1.16,5190024586.0,5098361698.0,0.17,0.17,9.98,8.96
2532,002555,三七互娱,23.54,-0.68,-0.16,525848.0,1253630694.05,4.22,24.38,23.38,24.11,23.7,1.21,3.29,16.66,3.87,52076075011.0,37639690077.0,0.0,0.13,15.73,-0.25
2533,603233,大参林,19.07,-0.68,-0.13,34712.0,66808709.0,2.14,19.46,19.05,19.29,19.2,0.79,0.3,15.07,3.09,21717832638.0,21717832638.0,0.0,0.05,9.35,8.23
2534,688580,伟思医疗,62.41,-0.68,-0.43,42625.0,264792621.0,9.31,65.55,59.7,61.53,62.84,1.19,4.45,43.75,3.53,5977086084.0,5977086084.0,-0.16,-0.21,37.38,28.95
2535,301567,贝隆精密,46.4,-0.68,-0.32,9807.0,46032589.18,2.72,47.57,46.3,46.5,46.72,0.69,4.62,142.08,4.47,3340800000.0,985529040.0,-0.04,-0.04,-8.17,-1.28
2536,600706,曲江文旅,10.19,-0.68,-0.07,51758.0,53178740.0,2.44,10.39,10.14,10.21,10.26,1.15,2.04,-78.47,4.1,2599059209.0,2588567585.0,0.1,0.2,-8.45,-3.87
2537,603500,祥和实业,11.64,-0.68,-0.08,29443.0,34272440.0,1.37,11.73,11.57,11.65,11.72,0.5,0.89,26.48,3.82,3873678463.0,3862541579.0,0.26,0.43,1.93,-2.84
2538,002286,保龄宝,10.15,-0.68,-0.07,83639.0,85770876.5,2.84,10.4,10.11,10.22,10.22,0.61,2.26,21.62,1.75,3862758907.0,3750954120.0,-0.1,0.0,11.91,13.53
2539,920187,通领科技,38.24,-0.68,-0.26,15998.0,61525973.79,2.55,39.0,38.02,38.49,38.5,0.43,7.63,16.18,2.13,2386176000.0,801276601.0,0.1,0.16,29.1,29.1
2540,000573,粤宏远Ａ,4.35,-0.68,-0.03,113063.0,49719241.3,1.83,4.43,4.35,4.37,4.38,0.75,1.79,28.07,1.69,2776520627.0,2753396963.0,-0.23,0.0,3.82,5.33
2541,600302,标准股份,10.26,-0.68,-0.07,95202.0,97851805.0,2.9,10.45,10.15,10.2,10.33,0.62,2.75,-57.9,5.98,3550060589.0,3550060589.0,0.0,-0.1,-5.0,-2.19
2542,688717,艾罗能源,144.59,-0.69,-1.01,118416.0,1734292039.0,9.16,154.98,141.65,144.0,145.6,1.06,11.96,199.9,5.3,23134400000.0,14321322559.0,-0.82,-0.23,122.86,134.72
2543,000089,深圳机场,7.17,-0.69,-0.05,94590.0,68183472.53,1.39,7.26,7.16,7.2,7.22,0.75,0.46,23.56,1.27,14704017380.0,14703823030.0,0.0,-0.14,3.76,2.58
2544,000623,吉林敖东,18.7,-0.69,-0.13,80587.0,151159392.61,1.22,18.88,18.65,18.81,18.83,0.81,0.68,7.42,0.73,22363243737.0,22272137449.0,-0.16,0.0,-3.21,-4.25
2545,601088,中国神华,48.92,-0.69,-0.34,395521.0,1936566598.0,2.54,49.68,48.43,49.41,49.26,0.74,0.24,18.67,2.34,971967996199.0,806741576759.0,-0.08,0.16,20.85,20.79
2546,920008,成电光信,30.06,-0.69,-0.21,9370.0,28254011.86,1.88,30.47,29.9,30.37,30.27,0.57,2.79,89.59,5.81,1916325000.0,1009977553.0,0.13,-0.03,-1.47,0.0
2547,301538,骏鼎达,83.5,-0.69,-0.58,6259.0,52784501.6,2.56,85.5,83.35,84.06,84.08,0.54,2.0,35.78,4.77,6546400000.0,2606842529.0,0.0,0.02,13.47,4.14
2548,300558,贝达药业,43.25,-0.69,-0.3,25578.0,111108469.03,1.81,43.93,43.14,43.69,43.55,0.68,0.61,43.06,3.11,18196738710.0,18138732545.0,-0.07,0.12,-10.33,-7.37
2549,300577,开润股份,20.12,-0.69,-0.14,9221.0,18725445.6,3.7,20.55,19.8,20.17,20.26,0.81,0.65,13.04,2.21,4825505290.0,2860355595.0,0.0,-0.15,-11.33,-5.85
2550,000151,中成股份,12.99,-0.69,-0.09,31709.0,41445228.04,2.29,13.22,12.92,13.09,13.08,0.78,1.03,-115.83,13.17,4382445757.0,4000071688.0,0.08,0.15,5.27,9.34
2551,600697,欧亚集团,12.89,-0.69,-0.09,34349.0,44650360.0,1.93,13.11,12.86,12.95,12.98,0.86,2.21,86.43,0.89,2050645287.0,2002796833.0,0.0,-0.08,-5.29,-2.27
2552,300086,康芝药业,8.62,-0.69,-0.06,145794.0,126985866.0,2.3,8.81,8.61,8.65,8.68,0.95,3.31,-30.46,3.74,3923172423.0,3798683340.0,-0.23,-0.23,-20.19,-28.35
2553,600030,中信证券,25.75,-0.69,-0.18,806477.0,2080610907.0,1.12,25.95,25.66,25.73,25.93,0.85,0.66,12.7,1.36,381629080847.0,313546187581.0,-0.04,-0.04,-8.82,-9.39
2554,301362,民爆光电,103.28,-0.69,-0.72,31888.0,330687047.58,4.68,106.0,101.13,102.5,104.0,0.51,10.75,54.0,4.34,10810317600.0,3064317600.0,-0.31,-0.28,151.35,148.33
2555,600476,湘邮科技,12.79,-0.7,-0.09,30084.0,38698597.0,2.25,12.97,12.68,12.8,12.88,0.82,1.87,-55.63,18.13,2060085300.0,2060085300.0,0.0,0.24,-19.71,-20.11
2556,603755,日辰股份,29.84,-0.7,-0.21,9891.0,29787878.0,1.93,30.39,29.81,30.17,30.05,0.55,1.0,34.94,3.77,2942632241.0,2942632241.0,-0.1,-0.07,-15.15,-17.95
2557,000333,美的集团,76.86,-0.7,-0.54,187293.0,1443018565.54,1.05,77.46,76.65,76.95,77.4,0.84,0.27,11.57,2.68,584365084458.0,526625515991.0,-0.12,-0.07,-4.16,-1.65
2558,301491,汉桑科技,55.18,-0.7,-0.39,8436.0,46802335.02,1.85,56.04,55.01,55.24,55.57,1.05,2.95,34.15,3.4,7118220000.0,1577234771.0,0.0,0.05,-3.13,-1.6
2559,300746,汉嘉数智,12.8,-0.7,-0.09,26769.0,34597980.0,2.33,13.08,12.78,12.98,12.89,0.99,1.2,85.45,3.76,2889450598.0,2861381760.0,0.0,-0.16,-0.23,1.03
2560,600808,马钢股份,4.23,-0.7,-0.03,664716.0,284896244.0,2.82,4.34,4.22,4.26,4.26,0.98,1.11,292.13,1.35,32573881417.0,25243587517.0,-0.24,0.0,12.8,0.24
2561,002045,国光电器,12.82,-0.7,-0.09,79482.0,102590659.37,2.01,13.04,12.78,12.83,12.91,1.04,1.41,282.84,1.63,7211033752.0,7202697547.0,0.08,0.08,-12.13,-9.53
2562,300550,和仁科技,12.84,-0.7,-0.09,30928.0,39969287.84,2.17,13.08,12.8,12.95,12.93,0.75,1.18,195.35,3.02,3371272210.0,3368142075.0,0.23,0.08,-6.0,-11.51
2563,301112,信邦智能,35.61,-0.7,-0.25,5917.0,21179463.5,2.06,36.29,35.55,35.75,35.86,0.6,0.54,819.42,3.24,3926593626.0,3926593626.0,-0.17,-0.08,-4.56,-9.6
2564,300004,南风股份,12.71,-0.7,-0.09,169084.0,217954983.0,5.08,13.28,12.63,12.7,12.8,0.84,3.52,136.77,3.43,6100718631.0,6100718631.0,-0.16,0.0,23.16,3.76
2565,001282,三联锻造,22.7,-0.7,-0.16,57304.0,130771308.7,4.51,23.43,22.4,22.8,22.86,0.53,7.33,41.35,3.11,5043613120.0,1774340960.0,0.13,0.04,9.5,6.47
2566,605186,健麾信息,21.23,-0.7,-0.15,17218.0,36815684.0,2.34,21.64,21.14,21.38,21.38,0.83,1.27,256.2,2.67,2887280000.0,2887280000.0,0.0,0.14,3.31,8.04
2567,603135,中重科技,11.3,-0.7,-0.08,31431.0,35986171.0,2.99,11.62,11.28,11.34,11.38,0.88,1.24,-1704.77,2.41,7167105004.0,2855025863.0,-0.18,0.0,19.2,22.69
2568,301379,天山电子,26.72,-0.71,-0.19,38459.0,103889356.9,4.12,27.62,26.51,26.75,26.91,0.92,3.02,35.58,3.75,5297078184.0,3398740019.0,0.04,-0.04,-3.71,3.37
2569,300537,广信材料,23.83,-0.71,-0.17,42284.0,101949190.0,2.88,24.47,23.78,23.82,24.0,0.64,2.78,423.65,5.48,4952029395.0,3618348296.0,0.08,0.13,-0.79,9.16
2570,002324,普利特,16.86,-0.71,-0.12,256085.0,435292250.89,2.41,17.2,16.79,16.81,16.98,1.1,3.3,43.27,4.1,18753989141.0,13088012719.0,0.0,0.0,34.45,5.44
2571,002375,亚厦股份,4.19,-0.71,-0.03,143724.0,60814905.43,2.13,4.27,4.18,4.21,4.22,1.01,1.08,15.88,0.69,5614585327.0,5559265595.0,-0.24,0.0,8.83,10.55
2572,605299,舒华体育,12.64,-0.71,-0.09,88929.0,113929350.0,2.67,12.97,12.63,12.64,12.73,0.96,2.17,57.98,4.06,5172623251.0,5172623251.0,-0.24,-0.39,-19.39,10.01
2573,002577,雷柏科技,16.79,-0.71,-0.12,18554.0,31444637.2,2.13,17.11,16.75,16.94,16.91,1.3,0.66,431.46,4.0,4712751520.0,4712499670.0,0.06,0.0,-9.92,-5.73
2574,301198,喜悦智行,15.29,-0.71,-0.11,32738.0,50725862.28,2.99,15.72,15.26,15.4,15.4,0.57,2.1,-416.19,2.83,2584010000.0,2378426164.0,0.13,-0.2,25.43,21.74
2575,000920,沃顿科技,13.97,-0.71,-0.1,131971.0,184909436.4,2.42,14.19,13.85,13.9,14.07,0.48,2.79,25.35,3.32,6602517018.0,6602202693.0,0.36,0.22,16.22,12.21
2576,300217,东方电热,5.62,-0.71,-0.04,531752.0,300873491.25,3.71,5.76,5.55,5.62,5.66,0.87,4.33,41.42,1.98,8306230403.0,6895467497.0,-0.18,-0.18,6.64,8.49
2577,603611,诺力股份,23.73,-0.71,-0.17,32746.0,78307113.0,1.92,24.16,23.7,24.01,23.9,0.73,1.27,11.57,1.95,6112866770.0,6112866770.0,0.0,0.0,2.28,-2.94
2578,600758,辽宁能源,4.21,-0.71,-0.03,526224.0,223715137.0,2.83,4.31,4.19,4.23,4.24,1.22,3.98,-41.42,1.0,5565693229.0,5560329689.0,0.24,0.24,4.47,15.66
2579,300871,回盛生物,25.17,-0.71,-0.18,51216.0,129873471.59,2.33,25.67,25.08,25.12,25.35,0.93,2.53,20.33,2.42,5092710460.0,5092710460.0,-0.08,-0.08,30.14,21.42
2580,002398,垒知集团,5.56,-0.71,-0.04,105488.0,59037794.0,2.32,5.66,5.53,5.57,5.6,0.83,1.85,29.84,1.08,3881088433.0,3165461617.0,0.36,0.36,-17.26,-1.07
2581,300328,宜安科技,19.5,-0.71,-0.14,521334.0,1036704470.88,6.06,20.4,19.21,19.71,19.64,0.86,7.6,29442.31,12.29,13463260200.0,13384151138.0,-0.1,0.1,20.3,14.24
2582,601678,滨化股份,5.63,-0.71,-0.04,1181443.0,677327368.0,3.88,5.84,5.62,5.65,5.67,0.69,5.78,45.16,1.01,11579988234.0,11503983234.0,0.0,0.0,30.63,32.78
2583,001205,盛航股份,15.49,-0.71,-0.11,40342.0,62725657.17,1.09,15.64,15.47,15.58,15.6,0.62,2.53,29.81,1.4,2912174742.0,2470691061.0,-0.06,-0.06,-14.75,-9.42
2584,301280,珠城科技,56.2,-0.72,-0.41,8515.0,47980176.86,2.97,57.44,55.76,56.59,56.61,0.63,2.12,35.79,4.12,7687043868.0,2255173368.0,-0.23,0.07,15.21,5.52
2585,300107,建新股份,8.22,-0.72,-0.06,232214.0,194075292.0,3.86,8.5,8.18,8.23,8.28,0.79,6.69,580.57,3.07,4626070243.0,2854704212.0,0.0,0.37,18.1,20.53
2586,688153,唯捷创芯,35.63,-0.72,-0.26,27479.0,98962546.0,2.81,36.5,35.49,35.86,35.89,0.83,0.67,341.1,3.81,15332052475.0,14559109863.0,-0.47,-0.31,-7.0,-5.34
2587,300311,ST任子行,5.55,-0.72,-0.04,148245.0,82569395.64,2.15,5.64,5.52,5.57,5.59,1.18,2.76,-36.42,6.32,3738647333.0,2982620466.0,0.0,0.0,21.18,25.0
2588,605318,法狮龙,73.5,-0.72,-0.53,14317.0,106170862.0,2.7,75.11,73.11,73.4,74.03,0.61,1.14,-4810.48,14.3,9241083558.0,9241083558.0,-0.49,-0.51,38.63,12.78
2589,688302,海创药业-U,41.4,-0.72,-0.3,7947.0,32970942.0,2.57,42.12,41.05,41.85,41.7,0.65,0.8,-29.99,3.85,4099245757.0,4099245757.0,0.0,-0.1,-23.73,-15.8
2590,001296,长江材料,25.84,-0.73,-0.19,18258.0,47531850.56,1.88,26.29,25.8,25.93,26.03,0.62,2.38,25.5,2.17,3865433662.0,1985838600.0,-0.04,-0.15,-3.47,-1.64
2591,600217,中再资环,4.07,-0.73,-0.03,206221.0,84482037.0,1.71,4.13,4.06,4.1,4.1,1.13,1.24,-13.57,2.19,6746650449.0,6746650449.0,0.0,-0.25,-6.44,-0.25
2592,688505,复旦张江,8.11,-0.73,-0.06,34388.0,28070791.0,1.71,8.23,8.09,8.2,8.17,1.08,0.48,-53.4,3.98,8406599731.0,5762739731.0,0.12,0.12,-3.91,-2.29
2593,301190,善水科技,24.43,-0.73,-0.18,22333.0,55315359.0,3.09,25.09,24.33,24.54,24.61,0.75,1.4,46.71,2.68,5243569695.0,3893018220.0,-0.04,0.12,13.95,15.18
2594,300193,佳士科技,9.47,-0.73,-0.07,106206.0,101866864.8,3.14,9.74,9.44,9.53,9.54,0.65,2.53,21.07,1.96,4510085653.0,3974139214.0,0.0,0.11,3.72,5.81
2595,600155,华创云信,6.8,-0.73,-0.05,259075.0,176379679.0,1.46,6.86,6.76,6.82,6.85,0.97,1.17,55.16,0.75,15052088844.0,15052088844.0,0.0,0.0,-0.87,2.72
2596,301636,泽润新能,78.03,-0.73,-0.57,26808.0,208311240.71,5.33,79.87,75.68,76.3,78.6,0.79,16.79,70.58,4.62,4983606229.0,1245901577.0,0.42,0.19,58.02,59.57
2597,600138,中青旅,9.46,-0.73,-0.07,119496.0,113772969.0,1.47,9.58,9.44,9.52,9.53,1.3,1.65,81.63,1.08,6847526400.0,6847526400.0,0.0,0.0,-0.73,-4.25
2598,920009,丹娜生物,75.05,-0.73,-0.55,1641.0,12315631.28,1.15,75.56,74.69,75.56,75.6,0.75,2.28,42.8,6.14,4157019500.0,540360000.0,-0.04,0.35,-7.35,-1.11
2599,603344,星德胜,28.67,-0.73,-0.21,16233.0,46982686.0,2.63,29.28,28.52,29.0,28.88,0.92,3.0,31.27,2.65,5577203197.0,1549068197.0,0.0,0.21,12.17,-23.26
2600,688298,东方生物,23.18,-0.73,-0.17,12248.0,28630434.0,1.58,23.55,23.18,23.35,23.35,1.05,0.61,-8.29,0.78,4673088000.0,4673088000.0,0.0,-0.04,-5.54,-1.07
2601,301300,远翔新材,47.38,-0.73,-0.35,11174.0,53501704.1,3.08,48.47,47.0,47.61,47.73,0.72,2.88,35.39,3.75,3074393440.0,1837065356.0,-0.15,0.0,-5.79,11.75
2602,001202,炬申股份,17.73,-0.73,-0.13,19865.0,35362787.1,1.9,17.99,17.65,17.8,17.86,0.82,1.7,37.41,3.53,2955433380.0,2071288722.0,0.34,0.4,13.36,11.79
2603,002971,和远气体,31.48,-0.73,-0.23,69836.0,220110019.6,4.45,32.33,30.92,32.25,31.71,1.64,4.34,86.64,4.18,6666047400.0,5068423108.0,-0.66,0.35,-1.01,5.35
2604,688072,拓荆科技,339.02,-0.73,-2.49,43571.0,1470319567.0,4.77,347.0,330.72,337.89,341.51,0.91,1.54,103.0,14.48,95720568676.0,95720568676.0,0.5,0.84,9.35,2.73
2605,920128,胜业电气,27.35,-0.73,-0.2,3860.0,10574584.53,2.07,27.75,27.18,27.46,27.55,0.42,1.01,112.87,4.3,2220546500.0,1045727250.0,0.0,0.0,3.95,-1.97
2606,300106,西部牧业,10.85,-0.73,-0.08,47535.0,51898192.76,2.2,11.05,10.81,10.93,10.93,0.66,2.25,-46.91,5.94,2292955564.0,2292955564.0,-0.28,0.0,-5.32,0.93
2607,920230,欧康医药,12.1,-0.74,-0.09,6837.0,8317071.37,2.38,12.33,12.04,12.07,12.19,1.14,1.45,104.85,2.92,1218681690.0,571697751.0,0.0,0.08,-2.26,0.25
2608,300735,光弘科技,22.88,-0.74,-0.17,71499.0,163780978.06,1.87,23.13,22.7,22.94,23.05,0.75,0.94,66.2,3.55,17559500564.0,17329707389.0,-0.09,0.18,-9.13,-7.96
2609,002690,美亚光电,18.78,-0.74,-0.14,39019.0,73796596.6,1.59,19.04,18.74,18.8,18.92,0.95,0.9,23.95,6.08,16568258742.0,8145768942.0,-0.37,-0.05,-7.81,-8.7
2610,603235,天新药业,28.27,-0.74,-0.21,16231.0,45687753.0,1.47,28.36,27.94,28.3,28.48,1.14,0.37,20.17,2.59,12376040600.0,12376040600.0,0.07,0.11,2.61,4.82
2611,301631,壹连科技,94.31,-0.74,-0.7,7849.0,74473281.59,2.18,96.12,94.05,94.8,95.01,0.65,2.56,29.23,3.45,8621309040.0,2895835516.0,-0.01,-0.01,-4.67,-8.92
2612,603900,莱绅通灵,8.0,-0.74,-0.06,63379.0,51072959.0,1.86,8.13,7.98,8.03,8.06,0.89,1.85,29.78,1.39,2743710720.0,2733990720.0,0.13,0.13,-9.5,-5.44
2613,600071,凤凰光学,20.18,-0.74,-0.15,20807.0,42202921.0,2.36,20.48,20.0,20.25,20.33,0.75,0.74,144.9,11.28,5682161080.0,5682161080.0,0.0,-0.1,-5.66,-6.14
2614,601136,首创证券,17.44,-0.74,-0.13,61582.0,107586653.0,0.91,17.57,17.41,17.5,17.57,0.86,0.23,44.49,3.47,47669341472.0,47669341472.0,-0.06,-0.11,-11.74,-7.18
2615,002475,立讯精密,49.33,-0.74,-0.37,819833.0,4071284135.66,2.47,50.28,49.05,49.35,49.7,0.68,1.13,23.4,4.5,359417618345.0,358593225004.0,-0.04,-0.02,-18.38,-12.77
2616,002554,惠博普,4.04,-0.74,-0.03,797212.0,326888562.25,6.63,4.2,3.93,4.16,4.07,0.66,5.98,383.9,2.28,5388229091.0,5387220921.0,0.0,0.25,26.65,26.65
2617,603486,科沃斯,63.7,-0.75,-0.48,36571.0,233971573.0,1.82,64.69,63.52,64.04,64.18,0.79,0.64,19.51,4.29,36877287192.0,36522471822.0,-0.23,-0.08,-18.74,-21.05
2618,301275,汉朔科技,47.7,-0.75,-0.36,40628.0,194450308.52,1.12,48.2,47.66,47.88,48.06,1.17,1.38,48.06,5.04,20148480000.0,14001685231.0,-0.02,0.0,-10.87,-10.71
2619,002872,ST天圣,5.28,-0.75,-0.04,24774.0,13184279.0,2.07,5.37,5.26,5.32,5.32,0.43,1.15,-27.77,0.86,1679040000.0,1134767748.0,0.0,0.0,4.76,8.64
2620,600992,贵绳股份,13.32,-0.75,-0.1,43618.0,58622276.0,2.16,13.6,13.31,13.38,13.42,0.99,1.78,-39.76,2.34,3264598800.0,3264598800.0,0.0,-0.15,0.23,-1.84
2621,002788,鹭燕医药,14.5,-0.75,-0.11,140168.0,204554602.42,1.98,14.76,14.47,14.6,14.61,1.21,3.67,19.23,1.74,5633492672.0,5536010115.0,-0.21,-0.21,29.58,-31.54
2622,688269,凯立新材,45.27,-0.75,-0.34,17703.0,80730991.0,3.62,46.36,44.71,45.3,45.61,0.79,1.35,53.65,5.6,5916970080.0,5916970080.0,0.0,0.04,20.5,13.15
2623,920158,长江能科,19.78,-0.75,-0.15,68517.0,137322991.35,10.84,21.27,19.11,20.65,19.93,0.59,17.96,51.45,5.01,2820232400.0,754397332.0,0.61,1.96,27.04,28.69
2624,920753,天纺标,21.31,-0.75,-0.16,3224.0,6908711.7,1.72,21.59,21.22,21.47,21.47,0.74,1.0,52.76,4.29,1734727082.0,690050298.0,0.19,-0.14,-5.33,-4.87
2625,301006,迈拓股份,18.62,-0.75,-0.14,12489.0,23450640.0,2.51,19.02,18.55,18.73,18.76,0.69,1.45,35.92,2.03,2593393600.0,1602923182.0,0.27,0.22,7.2,12.92
2626,688336,三生国健,56.87,-0.75,-0.43,27876.0,159508442.0,2.86,58.15,56.51,57.26,57.3,0.65,0.45,11.96,4.16,35150579426.0,35076608048.0,-0.07,-0.02,-8.21,-4.53
2627,300019,硅宝科技,22.37,-0.75,-0.17,123586.0,279931058.29,2.84,22.98,22.34,22.54,22.54,0.95,3.66,31.29,3.24,8794020579.0,7550722734.0,-0.04,0.04,7.19,8.33
2628,603126,中材节能,7.96,-0.75,-0.06,85971.0,69038152.0,2.24,8.11,7.93,8.06,8.02,0.77,1.41,2304.8,2.38,4859580000.0,4859580000.0,0.13,0.13,13.71,18.45
2629,600016,民生银行,3.96,-0.75,-0.03,3390901.0,1350436516.0,1.75,4.02,3.95,3.99,3.99,1.12,0.96,4.56,0.31,173378377268.0,140430007923.0,0.0,0.25,-0.25,3.39
2630,000955,欣龙控股,5.27,-0.75,-0.04,115994.0,61744953.0,2.64,5.39,5.25,5.31,5.31,0.92,2.15,9241.64,4.38,2837341650.0,2836908851.0,-0.19,0.0,-19.66,-15.27
2631,603075,热威股份,22.63,-0.75,-0.17,12090.0,27516541.0,1.67,22.98,22.6,22.66,22.8,0.89,2.93,27.74,4.35,9108192802.0,933375844.0,-0.09,0.04,1.39,3.62
2632,603018,华设集团,7.92,-0.75,-0.06,93611.0,74835094.0,2.01,8.06,7.9,7.99,7.98,1.11,1.37,21.88,1.03,5415667512.0,5415667512.0,-0.13,0.0,6.45,4.07
2633,605296,神农集团,30.22,-0.76,-0.23,35287.0,107323841.0,2.33,30.81,30.1,30.45,30.45,0.87,0.68,25.77,3.04,15858380712.0,15653489112.0,0.0,0.0,8.35,3.07
2634,688083,中望软件,58.45,-0.76,-0.45,12442.0,72883072.0,1.66,59.0,58.02,58.65,58.9,0.68,0.73,460.53,3.7,9915823079.0,9915823079.0,-0.05,-0.02,-15.4,-14.18
2635,603823,百合花,16.88,-0.76,-0.13,63761.0,109069741.0,3.47,17.39,16.8,16.98,17.01,0.68,1.53,38.92,2.89,7028286844.0,7028286844.0,0.06,0.06,3.56,12.16
2636,688012,中微公司,312.93,-0.76,-2.4,66910.0,2088913935.0,2.29,316.29,309.07,312.14,315.33,0.76,1.07,92.8,8.63,195939650920.0,195939650920.0,0.45,0.58,13.18,14.74
2637,300235,方直科技,13.1,-0.76,-0.1,47846.0,63152512.0,2.35,13.36,13.05,13.2,13.2,0.94,2.36,351.29,4.73,3297880919.0,2661059212.0,0.0,0.23,-19.24,-19.68
2638,688558,国盛智科,31.42,-0.76,-0.24,9555.0,30395241.0,3.44,32.37,31.28,31.35,31.66,0.67,0.72,26.41,2.4,4147440000.0,4147440000.0,-0.41,-0.57,8.72,8.61
2639,920371,欧福蛋业,10.45,-0.76,-0.08,19062.0,20124132.78,2.37,10.7,10.45,10.54,10.53,0.97,0.98,24.94,3.48,2146905851.0,2026330230.0,-0.29,-0.1,2.55,0.87
2640,600724,宁波富达,6.52,-0.76,-0.05,95725.0,63017151.0,3.04,6.68,6.48,6.58,6.57,0.73,0.66,41.81,3.3,9422971783.0,9421026169.0,0.31,0.31,17.69,14.59
2641,920720,吉冈精密,13.08,-0.76,-0.1,12335.0,16193708.05,1.75,13.27,13.04,13.11,13.18,0.95,1.67,56.37,6.71,3461940367.0,968144623.0,-0.23,-0.08,-4.87,-6.9
2642,920871,派特尔,14.29,-0.76,-0.11,8409.0,12159763.87,3.96,14.78,14.21,14.31,14.4,1.2,1.8,111.1,4.61,1214873510.0,669282825.0,0.42,-0.28,-5.74,-5.99
2643,920370,新安洁,3.86,-0.77,-0.03,40747.0,15915270.83,2.57,3.95,3.85,3.88,3.89,0.88,1.56,-17.0,1.99,1159093704.0,1009214127.0,-0.26,0.0,-4.46,-6.76
2644,301072,中捷精工,24.52,-0.77,-0.19,12008.0,29623082.0,2.59,24.99,24.35,24.91,24.71,0.74,1.79,-69.97,3.44,2575727552.0,1646270912.0,0.12,0.37,6.89,8.88
2645,688252,天德钰,20.54,-0.77,-0.16,33455.0,69259989.0,2.37,20.96,20.47,20.6,20.7,0.83,1.8,35.98,3.49,8401298344.0,3816439342.0,-0.05,0.15,-6.85,-2.98
2646,603161,科华控股,15.45,-0.77,-0.12,23020.0,35781139.0,1.93,15.7,15.4,15.49,15.57,0.68,1.21,27.57,2.01,3003599042.0,2947068188.0,-0.13,0.0,14.87,12.53
2647,000501,武商集团,8.99,-0.77,-0.07,70607.0,63851830.93,1.21,9.09,8.98,9.02,9.06,0.97,0.92,40.56,0.63,6913244652.0,6906374808.0,0.0,-0.11,-7.89,-11.17
2648,300689,澄天伟业,48.89,-0.77,-0.38,17348.0,85210116.5,3.35,50.28,48.63,49.18,49.27,0.69,1.71,341.22,8.18,5651684000.0,4946796487.0,0.08,0.1,6.44,8.77
2649,300492,华图山鼎,65.85,-0.77,-0.51,9812.0,65164627.6,2.37,67.26,65.69,66.26,66.36,0.72,0.5,38.99,32.61,12951447669.0,12951447669.0,-0.02,0.06,-5.07,-11.37
2650,301298,东利机械,16.84,-0.77,-0.13,26709.0,45146259.0,3.42,17.12,16.54,17.02,16.97,1.25,2.47,32.26,2.63,2472112000.0,1822163645.0,0.12,0.0,3.06,6.45
2651,600628,新世界,9.06,-0.77,-0.07,627599.0,575721181.0,3.94,9.34,8.98,9.05,9.13,1.35,9.7,68.17,1.38,5860690979.0,5860690979.0,0.0,0.0,15.27,15.27
2652,002837,英维克,97.22,-0.77,-0.75,224015.0,2184160550.53,2.76,98.7,96.0,96.0,97.97,0.66,2.63,178.43,28.66,94940761390.0,82655954983.0,0.02,0.1,23.63,-9.05
2653,603708,家家悦,11.54,-0.77,-0.09,39678.0,46008319.0,1.38,11.68,11.52,11.58,11.63,0.97,0.62,26.86,3.12,7366428310.0,7366428310.0,-0.09,-0.09,-2.86,-2.45
2654,002029,七 匹 狼,10.3,-0.77,-0.08,106029.0,109993807.03,1.73,10.46,10.28,10.31,10.38,1.01,1.59,13.52,1.06,7261742431.0,6853681378.0,-0.19,-0.1,-11.44,-6.62
2655,002602,世纪华通,16.8,-0.77,-0.13,1107486.0,1872882612.79,4.9,17.49,16.66,17.13,16.93,1.08,1.63,21.31,4.16,123827463010.0,114186804934.0,0.06,0.0,-1.7,-1.52
2656,605588,冠石科技,54.36,-0.77,-0.42,9967.0,54619730.0,3.47,55.86,53.96,54.62,54.78,0.61,1.36,-158.82,3.9,3983255147.0,3973692136.0,0.0,-0.04,7.2,7.66
2657,300446,航天智造,22.0,-0.77,-0.17,106725.0,236075888.01,2.44,22.41,21.87,22.03,22.17,0.76,2.86,21.12,3.15,18599022442.0,8218323762.0,-0.05,0.18,-0.86,-13.18
2658,603927,中科软,18.04,-0.77,-0.14,71827.0,129701342.0,1.71,18.21,17.9,18.1,18.18,0.85,0.86,64.86,4.77,14991961600.0,14991961600.0,0.0,0.17,-6.29,-5.5
2659,300039,上海凯宝,6.39,-0.78,-0.05,226038.0,145234836.91,2.17,6.5,6.36,6.41,6.44,1.05,2.47,26.8,1.47,6683940000.0,5859158584.0,0.0,0.16,1.43,5.97
2660,002130,沃尔核材,25.58,-0.78,-0.2,333083.0,855467670.78,2.87,26.06,25.32,25.42,25.78,0.65,2.91,31.54,4.97,35809118720.0,29276610591.0,0.04,0.16,-3.65,-2.81
2661,300652,雷迪克,45.9,-0.78,-0.36,15284.0,70516208.16,2.29,46.72,45.66,46.18,46.26,0.79,1.28,33.36,4.05,6122627255.0,5495052849.0,-0.07,-0.17,-12.99,-16.33
2662,002329,皇氏集团,3.84,-0.78,-0.03,138743.0,53709985.0,1.81,3.9,3.83,3.86,3.87,0.63,2.13,-48.68,3.58,3196431302.0,2497493468.0,0.0,0.0,-10.7,-1.54
2663,300784,利安科技,52.37,-0.78,-0.41,5150.0,27239172.91,2.65,53.6,52.2,52.51,52.78,0.59,3.04,51.14,3.68,2945163112.0,886563875.0,-0.23,0.02,2.31,4.28
2664,002946,新乳业,17.91,-0.78,-0.14,136596.0,243098373.1,5.6,18.19,17.18,17.44,18.05,1.21,1.61,18.56,4.3,15414728598.0,15236197903.0,0.06,0.0,7.83,-2.98
2665,300200,高盟新材,11.41,-0.78,-0.09,105099.0,121151149.0,2.78,11.7,11.38,11.47,11.5,0.99,2.48,32.22,3.0,4917404280.0,4836941120.0,0.09,0.09,-8.87,-2.56
2666,002689,ST远智,3.84,-0.78,-0.03,77120.0,29793928.3,1.55,3.9,3.84,3.85,3.87,0.72,0.74,71.85,3.28,4006313184.0,4004780252.0,0.0,-0.26,13.95,19.63
2667,600196,复星医药,25.55,-0.78,-0.2,110503.0,283432669.0,1.32,25.84,25.5,25.6,25.75,0.83,0.52,20.28,1.42,68229469254.0,54127389479.0,-0.16,0.0,-6.92,-3.55
2668,600335,国机汽车,6.38,-0.78,-0.05,110424.0,70881425.0,1.71,6.47,6.36,6.41,6.43,0.85,0.74,22.66,0.83,9543131855.0,9543131855.0,-0.16,0.0,0.95,-2.0
2669,002392,北京利尔,7.63,-0.78,-0.06,82749.0,63560384.0,1.82,7.76,7.62,7.68,7.69,0.78,0.72,19.58,1.57,9083445102.0,8727814952.0,-0.13,0.0,-1.17,2.01
2670,300478,杭州高新,25.56,-0.78,-0.2,18074.0,46524690.4,2.76,26.07,25.36,25.86,25.76,0.69,1.43,-146.51,63.04,3237761880.0,3237761880.0,-0.04,0.31,-17.36,-20.87
2671,600624,ST复华,5.11,-0.78,-0.04,34195.0,17506957.0,1.17,5.15,5.09,5.09,5.15,0.46,0.5,-144.51,5.58,3471462874.0,3471462874.0,0.0,-0.2,-12.2,-3.4
2672,920017,星昊医药,17.82,-0.78,-0.14,15117.0,27097088.25,1.84,18.08,17.75,17.9,17.96,1.36,1.22,20.99,1.34,2224511230.0,2200942498.0,0.22,0.22,-2.94,-2.14
2673,920392,佳合科技,22.92,-0.78,-0.18,5285.0,12105103.93,2.73,23.25,22.62,23.01,23.1,0.97,1.45,84.86,5.12,1746618600.0,834056508.0,0.61,1.1,-34.31,-34.68
2674,603087,甘李药业,62.13,-0.78,-0.49,34142.0,212557732.0,1.34,62.72,61.88,62.24,62.62,0.79,0.61,34.01,3.29,37110557724.0,34659753575.0,0.03,0.03,-2.03,-8.73
2675,002795,永和智控,7.66,-0.78,-0.06,148177.0,114100746.0,4.02,7.86,7.55,7.69,7.72,0.69,3.41,-41.97,7.45,3383325691.0,3327725734.0,0.39,0.13,11.5,21.59
2676,603819,神力股份,12.68,-0.78,-0.1,27580.0,35178012.0,2.03,12.9,12.64,12.77,12.78,0.68,1.27,120.81,3.44,2760818771.0,2760818771.0,0.0,-0.08,10.65,4.45
2677,000876,新 希 望,8.87,-0.78,-0.07,382462.0,340892847.28,1.23,8.97,8.86,8.93,8.94,0.9,0.85,39.41,1.79,39939608094.0,39920372488.0,-0.11,-0.11,-1.66,-3.8
2678,601601,中国太保,39.17,-0.79,-0.31,211704.0,832009423.0,1.85,39.68,38.95,39.35,39.48,0.67,0.31,6.18,1.33,376828774792.0,268120273792.0,0.13,0.28,4.45,-6.54
2679,002997,瑞鹄模具,32.67,-0.79,-0.26,16440.0,53950275.77,1.55,33.07,32.56,32.8,32.93,0.82,0.79,14.45,2.78,6838527688.0,6838527688.0,-0.15,0.21,-9.2,-12.65
2680,000783,长江证券,7.55,-0.79,-0.06,398923.0,302758047.45,1.45,7.65,7.54,7.58,7.61,0.85,0.72,9.28,1.17,41752050757.0,41752050757.0,0.0,-0.26,-7.48,-7.36
2681,001317,三羊马,45.41,-0.79,-0.36,19426.0,88708514.65,2.84,46.3,45.0,45.55,45.77,0.8,2.27,-247.09,4.33,3885542887.0,3881711418.0,0.0,0.02,9.71,-17.6
2682,301548,崇德科技,75.69,-0.79,-0.6,18496.0,141572590.5,3.2,78.05,75.61,75.91,76.29,0.61,7.05,48.39,4.36,6585030000.0,1985725788.0,-0.21,-0.22,51.84,36.85
2683,688093,世华科技,33.93,-0.79,-0.27,14168.0,48247239.0,1.78,34.43,33.82,34.2,34.2,0.7,0.54,23.85,3.41,9513388099.0,8911080416.0,0.03,0.21,-4.61,-7.92
2684,600928,西安银行,3.75,-0.79,-0.03,313754.0,118432375.0,1.85,3.81,3.74,3.77,3.78,1.18,0.71,6.15,0.48,16666666669.0,16587577748.0,-0.27,-0.27,-0.53,1.35
2685,600229,城市传媒,6.24,-0.79,-0.05,31307.0,19667345.0,1.91,6.34,6.22,6.27,6.29,0.77,0.47,98.58,1.3,4122816572.0,4122816572.0,0.0,0.16,-7.42,-1.58
2686,001228,永泰运,32.5,-0.79,-0.26,13227.0,43338916.0,3.02,33.2,32.21,32.61,32.76,0.76,1.66,26.51,1.97,3375599793.0,2595599793.0,-0.03,0.0,23.06,23.86
2687,002193,如意集团,6.31,-0.79,-0.05,84372.0,53866695.0,3.3,6.49,6.28,6.36,6.36,0.9,3.22,-10.32,3.02,1651425121.0,1651415656.0,-0.16,-0.16,5.34,18.61
2688,688545,兴福电子,50.4,-0.79,-0.4,45662.0,230705410.0,4.27,51.67,49.5,50.88,50.8,0.74,2.51,87.27,6.14,18144000000.0,9185400000.0,0.2,0.38,53.42,34.22
2689,688033,天宜新材,10.0,-0.79,-0.08,159688.0,161198200.0,4.66,10.37,9.9,10.07,10.08,0.83,2.84,-2.55,3.86,5621985960.0,5621985960.0,0.2,0.1,42.45,29.87
2690,600598,北大荒,17.48,-0.79,-0.14,349184.0,612509366.0,2.95,17.85,17.33,17.62,17.62,0.64,1.96,17.18,3.79,31073844809.0,31073844809.0,0.06,0.23,19.15,16.92
2691,002422,科伦药业,32.59,-0.79,-0.26,70976.0,232246594.27,3.2,33.3,32.25,32.52,32.85,0.42,0.54,32.53,2.2,52080559393.0,42558776018.0,0.03,0.06,0.43,11.04
2692,000809,和展能源,3.78,-0.79,-0.03,366563.0,138968327.0,3.94,3.85,3.7,3.8,3.81,0.77,4.44,-46.85,1.17,3117711088.0,3117711088.0,0.0,0.0,11.5,3.85
2693,601996,丰林集团,2.51,-0.79,-0.02,245935.0,62219801.0,2.77,2.56,2.49,2.51,2.53,1.03,2.19,-35.55,1.1,2813495184.0,2813495184.0,-0.4,-0.4,-3.83,11.56
2694,920100,三协电机,59.97,-0.79,-0.48,3581.0,21653550.24,2.53,61.18,59.65,60.22,60.45,0.75,2.09,73.55,9.61,4426343721.0,1025495276.0,0.0,-0.05,-6.82,-18.59
2695,603081,大丰实业,12.38,-0.8,-0.1,31869.0,39720894.0,1.6,12.56,12.36,12.41,12.48,0.64,0.75,42.6,1.64,5230539465.0,5230539465.0,-0.16,-0.08,-4.25,-11.76
2696,301023,奕帆传动,43.18,-0.8,-0.35,10626.0,46308982.24,2.3,44.09,43.09,43.24,43.53,0.65,2.54,43.4,3.97,3375235947.0,1805186189.0,0.0,-0.14,16.04,-0.28
2697,002453,华软科技,6.21,-0.8,-0.05,117578.0,73215812.0,1.92,6.28,6.16,6.23,6.26,0.58,1.92,-30.37,5.5,5044799852.0,3805259075.0,0.32,0.49,-6.62,-1.9
2698,301127,武汉天源,17.27,-0.8,-0.14,95275.0,164995253.34,2.13,17.48,17.11,17.41,17.41,0.69,1.46,63.46,3.59,11641207483.0,11298671816.0,-0.06,0.06,15.13,13.69
2699,920262,太湖雪,22.46,-0.8,-0.18,5880.0,13332909.44,2.92,23.07,22.41,22.5,22.64,1.37,1.89,39.63,4.32,1552304595.0,700424241.0,-0.04,-0.18,-4.75,-7.95
2700,301557,常友科技,107.8,-0.8,-0.87,16332.0,175895686.4,6.13,110.68,104.02,107.21,108.67,0.69,9.19,62.96,4.72,4776388494.0,1915065275.0,0.0,-0.19,-20.64,-17.58
2701,002189,中光学,21.01,-0.8,-0.17,21871.0,46227699.12,1.65,21.32,20.97,21.18,21.18,0.79,0.84,-21.5,10.43,5487796726.0,5486969940.0,0.0,0.05,-10.63,-9.01
2702,000766,通化金马,21.03,-0.8,-0.17,97471.0,205868076.0,1.6,21.29,20.95,21.16,21.2,0.73,1.01,610.65,8.83,20325383688.0,20315141531.0,-0.33,-0.1,-25.9,-23.5
2703,688529,豪森智能,18.66,-0.8,-0.15,14597.0,27560333.0,3.67,19.27,18.58,18.68,18.81,0.8,0.87,-3.51,2.76,3138163283.0,3138163283.0,-0.05,0.16,-0.96,1.19
2704,688697,纽威数控,16.12,-0.8,-0.13,84625.0,137753713.0,5.54,16.73,15.83,16.27,16.25,1.11,1.85,24.36,3.99,7372214086.0,7372214086.0,-0.31,-0.43,5.22,4.81
2705,300363,博腾股份,21.06,-0.8,-0.17,58540.0,123901726.96,1.74,21.37,21.0,21.15,21.23,0.78,1.17,107.41,2.15,11444892227.0,10505915468.0,-0.05,0.05,-10.38,-9.38
2706,300326,ST凯利,6.19,-0.8,-0.05,74434.0,46375674.0,2.72,6.35,6.18,6.21,6.24,0.89,1.05,46.72,1.59,4438308502.0,4407573654.0,0.0,0.0,9.95,8.98
2707,002418,康盛股份,4.95,-0.8,-0.04,538441.0,267686513.0,3.61,5.05,4.87,4.97,4.99,0.75,4.74,304.99,3.91,5625180000.0,5625166823.0,0.0,0.0,6.22,3.77
2708,002219,新里程,2.47,-0.8,-0.02,896676.0,222267624.6,2.81,2.51,2.44,2.48,2.49,0.77,2.74,-163.12,4.25,8366832930.0,8081947988.0,0.0,0.41,8.81,15.96
2709,002853,皮阿诺,27.16,-0.8,-0.22,22099.0,60422418.0,2.59,27.74,27.03,27.29,27.38,0.85,1.72,-495.14,5.33,4967997148.0,3495622775.0,0.0,-0.04,67.24,29.58
2710,002028,思源电气,211.4,-0.8,-1.71,87594.0,1857420106.78,2.98,214.88,208.52,211.18,213.11,0.78,1.44,52.21,10.67,165121752057.0,128841744697.0,-0.14,-0.1,34.86,36.75
2711,000795,英洛华,9.87,-0.8,-0.08,190396.0,189532249.06,2.61,10.1,9.84,9.9,9.95,1.02,1.68,41.8,4.31,11189462097.0,11189462097.0,0.0,-0.1,-1.5,-1.0
2712,301512,智信精密,48.65,-0.8,-0.39,6414.0,31409634.77,2.81,49.89,48.51,49.04,49.04,0.64,2.58,-47.18,2.57,2594669910.0,1207171910.0,0.0,-0.29,8.67,11.23
2713,300820,英杰电气,51.42,-0.81,-0.42,23604.0,121893626.45,1.99,52.18,51.15,51.67,51.84,0.63,2.11,44.41,4.53,11428249671.0,5747707598.0,0.0,0.1,6.95,7.24
2714,920855,浙江大农,17.25,-0.81,-0.14,5400.0,9387520.96,4.26,17.8,17.06,17.38,17.39,1.07,0.81,36.74,2.24,1289149994.0,1156386715.0,0.7,0.82,-1.09,-4.06
2715,600265,ST景谷,19.69,-0.81,-0.16,2580.0,5103532.0,1.26,19.94,19.69,19.76,19.85,1.0,0.2,-9.0,294.16,2555762000.0,2555762000.0,0.0,-0.05,-5.97,-1.99
2716,603330,天洋新材,7.36,-0.81,-0.06,69435.0,51469720.0,2.16,7.5,7.34,7.4,7.42,0.83,1.71,-221.32,2.09,3184478057.0,2993409373.0,0.0,0.27,-4.66,1.66
2717,300302,同有科技,19.52,-0.81,-0.16,171024.0,336057881.28,5.08,20.2,19.2,19.6,19.68,0.73,4.64,755.45,8.72,9355229337.0,7199247230.0,0.15,0.1,2.09,7.61
2718,300476,胜宏科技,278.23,-0.81,-2.26,299279.0,8394697319.2,4.85,287.49,273.88,275.0,280.49,0.96,3.49,56.3,14.57,242771621196.0,238437426596.0,0.01,0.0,-12.52,-3.25
2719,600165,ST宁科,3.67,-0.81,-0.03,58109.0,21403832.0,1.35,3.71,3.66,3.71,3.7,1.21,0.79,-17.72,-14.03,5930293454.0,2689793081.0,0.0,0.0,29.23,-11.57
2720,301563,云汉芯城,147.6,-0.81,-1.2,6376.0,94680218.43,2.67,150.77,146.8,147.09,148.8,0.73,4.57,88.49,8.01,9611136212.0,2059272396.0,0.01,0.1,-12.13,-3.69
2721,300695,兆丰股份,73.76,-0.81,-0.6,5904.0,43976090.85,2.0,75.2,73.71,74.3,74.36,0.44,0.58,18.69,2.65,7542470714.0,7542470714.0,-0.18,-0.14,-16.99,-26.28
2722,300046,台基股份,33.19,-0.81,-0.27,39928.0,133528489.89,2.15,33.8,33.08,33.48,33.46,0.8,1.69,103.87,6.87,7850476203.0,7850476203.0,-0.24,0.09,-6.93,-4.35
2723,301357,北方长龙,122.33,-0.81,-1.0,16247.0,199216695.76,3.09,124.41,120.6,122.03,123.33,0.74,6.83,773.74,10.24,11645816000.0,2911454000.0,0.0,0.1,-18.83,-13.22
2724,300817,双飞集团,19.25,-0.82,-0.16,13005.0,25223634.84,2.01,19.58,19.19,19.39,19.41,0.63,1.04,68.48,4.13,4202241120.0,2411279120.0,-0.1,0.1,-0.1,-9.24
2725,300163,先锋新材,4.86,-0.82,-0.04,169112.0,82811282.0,2.65,4.96,4.83,4.9,4.9,0.64,3.73,17.82,3.93,2303640000.0,2205419191.0,0.21,0.0,11.21,20.0
2726,600539,狮头股份,12.09,-0.82,-0.1,73983.0,90317827.0,2.95,12.41,12.05,12.19,12.19,0.46,3.22,-127.29,9.27,2780700000.0,2780700000.0,-0.08,0.0,16.7,18.76
2727,601010,文峰股份,2.41,-0.82,-0.02,301740.0,73320143.0,2.06,2.45,2.4,2.43,2.43,1.43,1.63,196.55,1.04,4453680000.0,4453680000.0,0.42,0.42,-23.0,-11.72
2728,600717,天津港,4.81,-0.82,-0.04,260852.0,126469640.0,1.86,4.89,4.8,4.83,4.85,1.02,0.9,13.39,0.7,13920144993.0,13920144993.0,-0.21,0.0,6.89,7.61
2729,688767,博拓生物,36.36,-0.82,-0.3,19087.0,69614828.0,4.23,37.37,35.82,36.32,36.66,1.1,1.28,116.03,2.29,5429760024.0,5429760024.0,-0.11,-0.08,-4.52,-3.76
2730,002793,罗欣药业,4.81,-0.82,-0.04,94551.0,45888583.46,1.86,4.9,4.81,4.85,4.85,0.78,0.87,171.13,3.6,5231300618.0,5223349005.0,-0.21,0.0,-7.14,0.21
2731,002960,青鸟消防,10.83,-0.82,-0.09,82706.0,90477568.81,2.2,11.05,10.81,10.93,10.92,1.19,1.11,29.87,1.5,9479925561.0,8097798405.0,0.0,0.09,3.14,3.04
2732,300069,金利华电,19.46,-0.82,-0.16,37630.0,74158416.0,3.41,20.1,19.43,19.68,19.62,0.72,3.22,235.4,8.06,2276820000.0,2276820000.0,0.0,-0.1,5.65,12.81
2733,688485,九州一轨,24.3,-0.82,-0.2,30024.0,73798104.0,5.31,25.08,23.78,24.12,24.5,0.63,3.38,-260.61,2.77,3652097107.0,2156818865.0,0.0,-0.49,54.78,36.21
2734,002321,华英农业,2.39,-0.83,-0.02,516973.0,124375951.0,2.07,2.43,2.38,2.41,2.41,1.01,2.43,-118.62,5.49,5097607270.0,5076866881.0,0.0,0.0,-5.91,3.91
2735,301138,华研精机,37.26,-0.83,-0.31,9853.0,36950848.04,2.05,37.92,37.15,37.44,37.57,0.76,1.44,47.39,3.81,4471200000.0,2554550816.0,0.0,-0.08,-6.33,-2.72
2736,920580,科创新材,15.55,-0.83,-0.13,16191.0,25163993.47,2.3,15.71,15.35,15.66,15.68,0.9,3.21,75.57,3.92,1337300000.0,784272585.0,0.52,0.19,9.51,4.78
2737,600865,百大集团,11.96,-0.83,-0.1,56746.0,68175323.0,1.82,12.11,11.89,12.02,12.06,0.91,1.51,140.81,1.96,4499834179.0,4499834179.0,0.25,0.25,22.42,-27.07
2738,600283,钱江水利,9.52,-0.83,-0.08,54734.0,52397664.0,1.35,9.63,9.5,9.6,9.6,0.66,1.01,21.77,1.72,5339053029.0,5180471639.0,-0.1,-0.1,2.26,4.04
2739,000937,冀中能源,5.96,-0.83,-0.05,462926.0,278139955.64,2.0,6.07,5.95,6.02,6.01,0.85,1.35,38.79,1.1,21059939226.0,20463047473.0,-0.17,0.0,5.49,10.78
2740,600281,华阳新材,5.99,-0.83,-0.05,308244.0,188179615.0,4.3,6.22,5.96,6.05,6.04,1.49,5.99,33.55,23.59,3081268130.0,3081268130.0,0.0,0.0,-7.28,1.53
2741,600495,晋西车轴,4.77,-0.83,-0.04,96396.0,46325858.0,1.66,4.84,4.76,4.82,4.81,0.82,0.8,195.45,1.76,5763070526.0,5763070526.0,-0.21,0.0,-6.47,-0.21
2742,603569,长久物流,7.21,-0.83,-0.06,52271.0,37979248.0,1.93,7.34,7.2,7.29,7.27,1.06,0.87,67.3,1.45,4351287280.0,4351287280.0,0.0,-0.14,-6.97,-5.75
2743,601228,广州港,3.59,-0.83,-0.03,278269.0,100223447.0,1.66,3.64,3.58,3.64,3.62,0.75,0.37,27.16,1.28,27084867550.0,27084867550.0,0.0,0.28,8.79,10.8
2744,600079,ST人福,19.11,-0.83,-0.16,121433.0,233451695.0,1.66,19.4,19.08,19.26,19.27,0.94,0.79,13.85,1.65,31191838191.0,29490146295.0,-0.05,-0.05,7.72,5.52
2745,603776,永安行,20.25,-0.83,-0.17,39138.0,80096416.0,2.94,20.77,20.17,20.28,20.42,0.89,1.39,-61.45,1.59,5685401583.0,5685401583.0,-0.05,-0.05,9.4,13.26
2746,603212,赛伍技术,14.26,-0.83,-0.12,130106.0,186895674.0,2.71,14.55,14.16,14.27,14.38,0.73,2.97,-40.0,2.44,6238616469.0,6238616469.0,-0.07,-0.07,5.01,-0.21
2747,603160,汇顶科技,71.59,-0.83,-0.6,26339.0,189157318.0,1.47,72.46,71.4,71.78,72.19,0.62,0.57,36.93,3.57,33313403739.0,33313403739.0,0.0,0.08,-10.62,-9.38
2748,002676,顺威股份,7.17,-0.83,-0.06,78844.0,56880597.0,1.66,7.28,7.16,7.26,7.23,0.81,1.1,65.91,3.96,5162400000.0,5162231211.0,0.0,0.0,-10.71,-12.99
2749,600547,山东黄金,46.51,-0.83,-0.39,444479.0,2082039158.0,3.13,47.75,46.28,46.56,46.9,0.96,1.23,40.65,7.05,214407822208.0,168107760069.0,-0.13,-0.06,33.88,20.15
2750,000826,启迪环境,2.36,-0.84,-0.02,565304.0,134648198.6,3.78,2.42,2.33,2.39,2.38,0.67,3.97,-3.69,80.26,3363833665.0,3363408183.0,0.0,0.0,3.51,6.31
2751,301377,鼎泰高科,180.8,-0.84,-1.53,24521.0,443414575.56,3.4,184.42,178.22,180.79,182.33,0.77,3.45,196.93,27.9,74128000000.0,12841139200.0,-0.01,-0.17,49.42,29.98
2752,002681,奋达科技,5.92,-0.84,-0.05,173973.0,103193959.77,1.17,5.97,5.9,5.94,5.97,0.79,1.14,623.27,4.66,10624341213.0,9073470218.0,0.0,0.17,-16.38,-10.98
2753,301552,科力装备,40.24,-0.84,-0.34,11388.0,45948152.53,2.17,40.79,39.91,40.58,40.58,1.12,4.78,23.45,3.33,3830848000.0,957712000.0,-0.05,0.07,6.77,7.34
2754,002393,力生制药,22.44,-0.84,-0.19,38475.0,86598410.0,1.59,22.67,22.31,22.52,22.63,0.69,1.54,13.82,1.25,5780248757.0,5616684135.0,0.18,0.31,12.88,4.81
2755,300545,联得装备,35.59,-0.84,-0.3,98528.0,353589333.64,4.46,36.6,35.0,35.4,35.89,0.67,8.24,51.24,3.09,6600570372.0,4255102497.0,0.0,-0.11,8.9,15.97
2756,002939,长城证券,9.39,-0.84,-0.08,157437.0,148555136.2,1.16,9.5,9.39,9.43,9.47,0.88,0.44,14.72,1.2,37883269117.0,33828973935.0,0.0,-0.11,-7.49,-7.94
2757,002858,力盛体育,15.38,-0.84,-0.13,40036.0,62099909.0,2.9,15.77,15.32,15.55,15.51,0.67,2.72,85.87,4.63,2521087108.0,2260528376.0,0.0,0.07,1.85,2.53
2758,603977,国泰集团,14.21,-0.84,-0.12,103882.0,149071830.0,3.0,14.55,14.12,14.3,14.33,0.64,1.67,34.85,2.64,8827846376.0,8827846376.0,0.0,0.35,18.52,2.23
2759,920786,骑士乳业,9.43,-0.84,-0.08,39591.0,37677905.34,2.42,9.63,9.4,9.55,9.51,0.75,2.78,38.96,2.59,1971369790.0,1340912571.0,-0.11,-0.21,-0.63,-4.17
2760,300043,星辉娱乐,5.87,-0.84,-0.05,292033.0,173877847.0,3.04,6.03,5.85,5.93,5.92,0.8,2.35,20.42,4.25,7303444614.0,7299576871.0,0.0,0.0,2.44,3.89
2761,603100,川仪股份,22.42,-0.84,-0.19,36631.0,82633183.0,1.59,22.74,22.38,22.5,22.61,0.62,0.72,18.25,2.46,11505342606.0,11468708102.0,0.0,0.0,2.89,-1.23
2762,002863,今飞凯达,5.9,-0.84,-0.05,114012.0,67768017.2,2.69,6.02,5.86,5.94,5.95,0.97,1.9,36.56,1.25,3536952969.0,3536952969.0,0.17,0.0,0.0,0.51
2763,300074,华平股份,4.65,-0.85,-0.04,143992.0,67493412.0,2.77,4.75,4.62,4.68,4.69,0.89,2.63,-40.37,2.58,2557907340.0,2543960595.0,0.22,0.22,-8.1,0.87
2764,301121,紫建电子,39.85,-0.85,-0.34,19097.0,77196787.56,3.68,41.18,39.7,39.99,40.19,0.88,3.77,243.46,2.37,3938218371.0,2016076934.0,0.23,0.1,-5.23,0.03
2765,600088,中视传媒,15.08,-0.85,-0.13,29897.0,45369888.0,1.31,15.28,15.08,15.18,15.21,0.84,0.75,-422.2,4.75,5997412512.0,5997412512.0,-0.07,0.0,-8.44,-6.8
2766,920267,鑫汇科,21.07,-0.85,-0.18,2274.0,4806582.38,2.78,21.44,20.85,21.25,21.25,0.61,0.77,-80.57,4.08,1053140567.0,623188401.0,0.81,1.01,-5.05,-7.18
2767,920344,三元基因,22.21,-0.85,-0.19,4435.0,9970209.57,2.59,22.78,22.2,22.47,22.4,0.44,0.39,497.36,4.32,2705400100.0,2525902411.0,-0.05,-0.4,-5.69,-5.29
2768,600025,华能水电,10.49,-0.85,-0.09,364201.0,384353909.0,1.98,10.66,10.45,10.58,10.58,0.76,0.2,19.44,2.84,195440178756.0,188820000000.0,0.1,0.1,11.95,15.53
2769,920195,三祥科技,20.93,-0.85,-0.18,7617.0,16048399.5,2.7,21.4,20.83,21.1,21.11,0.71,1.08,18.54,2.47,2051767900.0,1480985556.0,0.0,0.34,6.84,-4.69
2770,300209,行云科技,9.28,-0.85,-0.08,391656.0,366882177.24,6.09,9.73,9.16,9.55,9.36,0.78,5.5,-466.57,8.7,8617743249.0,6606218198.0,0.0,-0.22,49.92,70.28
2771,603005,晶方科技,30.28,-0.85,-0.26,295950.0,902496340.0,4.49,31.22,29.85,30.25,30.54,0.87,4.54,53.43,4.29,19747759258.0,19747759258.0,0.03,0.1,9.91,9.47
2772,301632,广东建科,23.21,-0.85,-0.2,16024.0,37403211.71,1.75,23.56,23.15,23.4,23.41,1.04,2.19,85.87,3.52,9714777600.0,1700411020.0,-0.04,-0.04,-6.86,-4.01
2773,920670,数字人,18.61,-0.85,-0.16,29470.0,55204740.04,4.64,19.3,18.43,18.58,18.77,0.78,4.42,241.45,7.92,1976054464.0,1240051445.0,0.16,0.22,24.15,10.51
2774,002125,湘潭电化,15.1,-0.85,-0.13,281798.0,430339646.79,3.22,15.5,15.01,15.2,15.23,0.98,4.48,45.31,3.12,9505251329.0,9505251329.0,-0.13,0.0,11.36,6.64
2775,001201,东瑞股份,14.99,-0.86,-0.13,42579.0,64403348.48,2.84,15.38,14.95,15.12,15.12,1.01,2.1,252.72,1.14,3864182175.0,3044988418.0,-0.07,-0.07,1.77,2.88
2776,688049,炬芯科技,49.43,-0.86,-0.43,30417.0,150907242.0,2.45,50.32,49.1,49.26,49.86,0.75,1.74,42.32,4.21,8658536940.0,8658536940.0,-0.08,-0.04,-6.67,-6.03
2777,300997,欢乐家,20.86,-0.86,-0.18,34691.0,73003719.18,2.09,21.28,20.84,20.85,21.04,0.87,0.9,650.18,8.98,9125696689.0,8052111360.0,-0.24,-0.38,-15.55,-20.23
2778,600778,友好集团,6.91,-0.86,-0.06,56418.0,39298995.0,1.87,7.03,6.9,6.98,6.97,0.7,1.81,114.2,9.36,2152405242.0,2150494835.0,0.0,-0.14,-1.71,3.6
2779,603019,中科曙光,89.1,-0.86,-0.77,403761.0,3636751909.0,3.59,92.2,88.97,91.38,89.87,1.04,2.76,61.71,5.88,130363616354.0,130327181582.0,0.03,-0.11,-10.95,4.13
2780,002981,朝阳科技,25.36,-0.86,-0.22,29042.0,74181218.92,2.23,25.85,25.28,25.38,25.58,0.55,2.43,47.27,3.27,3486647876.0,3028415500.0,-0.04,-0.08,-17.42,-11.24
2781,601688,华泰证券,19.65,-0.86,-0.17,438787.0,866458072.0,1.51,19.92,19.62,19.72,19.82,0.69,0.6,10.45,1.03,177377873395.0,143577796783.0,-0.1,0.0,-11.65,-16.7
2782,002590,万安科技,13.61,-0.87,-0.12,62111.0,85163463.48,2.11,13.87,13.58,13.78,13.73,0.86,1.25,35.8,2.35,7064304212.0,6736362933.0,0.0,0.07,2.72,-9.27
2783,603767,中马传动,19.29,-0.87,-0.17,20274.0,39447570.0,1.95,19.64,19.26,19.32,19.46,0.8,0.66,176.61,4.28,5953501635.0,5953501635.0,-0.16,-0.05,-18.44,-19.79
2784,603518,锦泓集团,9.13,-0.87,-0.08,65778.0,60432885.0,1.95,9.26,9.08,9.15,9.21,1.07,1.91,20.72,0.87,3153063614.0,3141395474.0,0.11,-0.11,-10.93,-5.97
2785,301192,泰祥股份,28.55,-0.87,-0.25,6859.0,19782252.46,2.95,29.29,28.44,28.69,28.8,0.66,1.43,50.72,4.6,2852145000.0,1366652813.0,0.11,0.04,-5.28,-3.84
2786,603758,秦安股份,13.63,-0.87,-0.12,28078.0,38524734.0,2.04,13.88,13.6,13.72,13.75,0.53,0.64,34.18,2.36,5980803778.0,5980803778.0,0.07,-0.07,-29.34,-21.62
2787,000776,广发证券,19.32,-0.87,-0.17,289737.0,562300283.23,1.33,19.55,19.29,19.44,19.49,0.82,0.49,10.37,1.16,151176015273.0,114066232689.0,-0.05,0.0,-8.7,-12.26
2788,000913,钱江摩托,15.91,-0.87,-0.14,54120.0,86693283.8,1.74,16.15,15.87,15.98,16.05,0.58,1.17,19.62,1.78,8378102585.0,7352098505.0,-0.13,-0.06,2.98,3.18
2789,688071,华依科技,34.3,-0.87,-0.3,15466.0,53856188.0,3.9,35.4,34.05,34.4,34.6,0.53,1.82,-50.57,2.84,2908287533.0,2908287533.0,-0.03,-0.06,4.76,3.41
2790,300707,威唐工业,16.83,-0.88,-0.15,38998.0,66300440.0,2.47,17.23,16.81,16.98,16.98,0.69,2.72,68.63,2.59,2971184794.0,2411484547.0,-0.41,-0.06,5.65,2.31
2791,300828,锐新科技,20.23,-0.88,-0.18,49206.0,100312996.0,2.6,20.66,20.13,20.39,20.41,0.68,3.94,90.37,4.32,3366717060.0,2523453584.0,0.0,0.05,22.38,20.2
2792,000099,中信海直,20.2,-0.88,-0.18,128376.0,260113760.98,1.91,20.48,20.09,20.2,20.38,0.48,1.65,48.04,2.87,15670556767.0,15670556767.0,0.3,0.25,0.4,-2.65
2793,920249,利尔达,12.43,-0.88,-0.11,26748.0,33425583.91,1.91,12.63,12.39,12.49,12.54,0.76,2.15,106.62,6.87,5240860900.0,1549642830.0,0.08,0.16,-7.86,-4.75
2794,603311,金海高科,15.74,-0.88,-0.14,35785.0,56581195.0,3.02,16.09,15.61,15.88,15.88,0.66,1.52,36.37,2.7,3712812696.0,3712812696.0,-0.06,-0.06,33.73,3.01
2795,601211,国泰海通,17.94,-0.88,-0.16,691054.0,1244712607.0,1.44,18.16,17.9,18.0,18.1,1.03,0.51,10.75,1.01,316262929372.0,242134568862.0,-0.06,0.11,-11.54,-12.7
2796,300902,国安达,19.16,-0.88,-0.17,21646.0,41744513.0,2.12,19.52,19.11,19.14,19.33,0.78,1.79,1254.52,4.24,3483352550.0,2323210814.0,0.05,0.1,-22.96,-8.02
2797,300322,硕贝德,28.02,-0.88,-0.25,271798.0,769219525.25,4.39,28.99,27.75,28.18,28.27,0.68,6.17,190.66,12.93,12890269047.0,12340869979.0,-0.11,0.07,24.7,2.67
2798,600626,申达股份,4.49,-0.88,-0.04,89593.0,40501777.0,1.99,4.56,4.47,4.51,4.53,0.76,0.81,-175.06,1.85,5930143555.0,4974824408.0,-0.22,-0.22,-2.81,-7.04
2799,001300,三柏硕,16.89,-0.88,-0.15,22536.0,38385502.13,2.52,17.25,16.82,17.02,17.04,0.7,0.92,-671.29,3.97,4117375187.0,4117375187.0,-0.06,-0.06,5.96,9.32
2800,000576,甘化科工,10.1,-0.88,-0.09,105101.0,106579654.0,1.96,10.25,10.05,10.18,10.19,0.87,2.42,42.64,2.67,4407823961.0,4381534136.0,0.1,0.2,-2.98,-4.08
2801,301617,博苑股份,61.8,-0.88,-0.55,21790.0,136072176.11,4.11,63.84,61.28,62.5,62.35,1.45,4.11,46.76,4.89,8258952000.0,3277872000.0,-0.02,0.05,-20.93,-20.53
2802,002579,中京电子,12.23,-0.89,-0.11,252887.0,310600404.99,2.35,12.44,12.15,12.18,12.34,0.71,4.33,219.41,3.1,7492325723.0,7135127464.0,0.0,0.08,2.95,0.41
2803,300520,科大国创,41.1,-0.89,-0.37,150102.0,615203449.81,3.86,41.78,40.18,40.88,41.47,0.75,5.4,-75.22,6.78,12002474840.0,11426146596.0,-0.17,-0.17,14.58,17.8
2804,001696,宗申动力,22.17,-0.89,-0.2,490415.0,1091217677.85,2.82,22.55,21.92,22.33,22.37,0.42,5.5,25.13,4.63,25385246816.0,19762298648.0,0.0,0.0,3.99,2.21
2805,600199,金种子酒,8.95,-0.89,-0.08,144352.0,129728226.0,2.21,9.1,8.9,8.93,9.03,1.27,2.19,-43.94,2.85,5887281575.0,5887281575.0,0.0,0.0,-7.83,-7.54
2806,300722,新余国科,31.03,-0.89,-0.28,31300.0,97870805.71,2.08,31.61,30.96,31.1,31.31,0.62,1.13,133.67,13.53,8587753574.0,8587753574.0,-0.06,-0.06,-7.21,-12.64
2807,603065,宿迁联盛,8.88,-0.89,-0.08,61110.0,54893246.0,2.9,9.1,8.84,8.92,8.96,0.58,3.11,313.42,1.84,3720432039.0,1746460280.0,0.0,0.0,0.23,6.99
2808,601366,利群股份,4.45,-0.89,-0.04,143286.0,64262063.0,2.23,4.53,4.43,4.47,4.49,1.18,1.54,226.72,1.03,4152120404.0,4152120404.0,0.0,0.23,-2.41,-8.81
2809,688796,百奥赛图,77.2,-0.89,-0.69,14485.0,111975444.0,4.24,79.3,76.0,77.44,77.89,0.79,4.04,199.2,14.19,34500558024.0,2770525885.0,0.0,0.34,189.36,46.77
2810,002972,科安达,12.31,-0.89,-0.11,19846.0,24624025.8,2.58,12.56,12.24,12.42,12.42,0.5,1.47,37.83,2.52,3028368328.0,1657500754.0,0.08,0.16,-1.36,3.01
2811,601222,林洋能源,6.71,-0.89,-0.06,533015.0,359563957.0,2.22,6.82,6.67,6.74,6.77,0.82,2.59,28.88,0.89,13823735037.0,13823735037.0,0.0,0.15,18.97,22.67
2812,002552,宝鼎科技,18.91,-0.89,-0.17,38112.0,72347357.4,2.46,19.25,18.78,19.0,19.08,0.77,1.03,106.2,5.14,7336802609.0,6968397195.0,0.0,-0.11,16.73,14.54
2813,301033,迈普医学,66.77,-0.89,-0.6,6887.0,46291660.82,2.86,68.28,66.35,67.52,67.37,0.8,1.22,44.26,5.92,4476903127.0,3770443142.0,0.0,-0.09,4.05,-1.08
2814,000820,*ST节能,3.31,-0.9,-0.03,37587.0,12491095.74,1.8,3.36,3.3,3.36,3.34,1.08,1.27,-191.74,14.37,2140097642.0,982960363.0,-0.3,0.0,-2.07,-2.36
2815,600745,闻泰科技,33.11,-0.9,-0.3,177284.0,589192695.0,1.59,33.53,33.0,33.17,33.41,0.39,1.42,20.42,1.21,41210415834.0,41210415834.0,0.03,-0.03,-15.9,-11.19
2816,600750,华润江中,25.3,-0.9,-0.23,48017.0,122023341.0,1.45,25.62,25.25,25.56,25.53,0.97,0.76,17.75,3.99,16081016212.0,15905739735.0,0.16,0.12,7.8,9.19
2817,301229,纽泰格,18.68,-0.9,-0.17,17639.0,33207995.86,2.33,19.06,18.62,18.78,18.85,0.76,1.36,80.67,3.11,3395659759.0,2414962355.0,0.11,0.16,-5.51,-17.67
2818,002511,中顺洁柔,8.79,-0.9,-0.08,175522.0,155461920.49,2.48,8.96,8.74,8.86,8.87,0.74,1.39,36.84,2.06,11307260976.0,11119487194.0,0.0,0.11,10.01,2.69
2819,600874,创业环保,6.58,-0.9,-0.06,176805.0,116881110.0,1.66,6.66,6.55,6.62,6.64,0.91,1.44,11.04,1.02,10333350999.0,8096150999.0,0.3,0.15,11.53,10.77
2820,301501,恒鑫生活,39.45,-0.9,-0.36,6369.0,25301404.35,1.43,40.01,39.44,39.65,39.81,0.97,1.72,23.67,2.83,5834655000.0,1458663750.0,-0.08,-0.15,-8.02,-9.64
2821,600479,千金药业,10.96,-0.9,-0.1,66993.0,73843919.0,1.45,11.1,10.94,11.01,11.06,0.96,1.6,18.74,1.78,5394621775.0,4586838002.0,0.09,0.18,4.78,7.87
2822,301077,星华新材,28.74,-0.9,-0.26,17660.0,51281015.72,2.93,29.57,28.72,28.97,29.0,0.65,1.85,33.99,4.27,4888068764.0,2741871557.0,-0.21,-0.28,4.55,11.05
2823,301215,中汽股份,6.6,-0.9,-0.06,88720.0,59021359.0,2.1,6.72,6.58,6.64,6.66,0.78,0.67,40.98,2.99,8737740000.0,8727840000.0,-0.15,0.0,4.43,-3.65
2824,301110,青木科技,60.61,-0.9,-0.55,14130.0,86214586.7,2.01,61.64,60.41,60.88,61.16,0.74,2.16,52.83,3.85,5608566533.0,3961868596.0,0.0,0.02,-8.28,-8.42
2825,300171,东富龙,15.43,-0.9,-0.14,67628.0,105040702.48,1.73,15.68,15.41,15.5,15.57,0.78,1.2,67.36,1.5,11816726657.0,8681802988.0,-0.19,-0.13,-0.19,-1.72
2826,000615,*ST美谷,3.27,-0.91,-0.03,67702.0,22241378.8,2.12,3.32,3.25,3.28,3.3,0.97,0.73,-35.39,-9.85,5845101106.0,3025784621.0,-0.3,0.31,-6.3,-6.3
2827,002097,山河智能,10.9,-0.91,-0.1,141243.0,155036942.0,2.0,11.1,10.88,10.95,11.0,0.83,1.32,90.9,2.5,11713328178.0,11692420615.0,0.0,-0.18,-9.62,-12.17
2828,000708,中信特钢,17.38,-0.91,-0.16,162160.0,285321184.44,2.91,17.85,17.34,17.42,17.54,1.19,0.32,15.19,2.11,87719606127.0,87719606127.0,0.17,-0.06,16.18,6.17
2829,920943,优机股份,22.8,-0.91,-0.21,9501.0,21869902.44,2.96,23.38,22.7,23.02,23.01,0.58,1.83,31.28,3.46,2314687418.0,1181218592.0,0.04,0.09,-2.06,-13.8
2830,600369,西南证券,4.36,-0.91,-0.04,370119.0,162309065.0,1.59,4.42,4.35,4.39,4.4,1.0,0.56,30.79,1.12,28972675781.0,28972675781.0,-0.23,-0.23,-1.8,-2.68
2831,603721,*ST天择,20.59,-0.91,-0.19,9768.0,20146816.0,1.64,20.8,20.46,20.58,20.78,1.16,0.75,-179.16,5.82,2676700000.0,2676700000.0,0.44,0.54,8.2,7.07
2832,688793,倍轻松,21.71,-0.91,-0.2,10482.0,22915757.0,2.78,22.11,21.5,21.86,21.91,0.85,1.22,-20.9,7.73,1865875046.0,1865875046.0,0.05,0.05,-20.65,-0.41
2833,920489,佳先股份,16.37,-0.91,-0.15,21711.0,36069161.64,3.63,16.91,16.31,16.41,16.52,0.97,2.5,-1108.03,4.65,2233837104.0,1421333910.0,-0.73,-0.37,-11.13,-9.06
2834,688306,均普智能,9.8,-0.91,-0.09,54443.0,53614665.0,1.92,9.94,9.75,9.81,9.89,0.83,0.44,987.07,6.28,12037171440.0,12037171440.0,-0.1,0.0,-13.12,-15.52
2835,603948,建业股份,28.28,-0.91,-0.26,15914.0,45608103.0,2.98,29.07,28.22,28.36,28.54,0.83,0.98,19.61,2.19,4595193643.0,4595193643.0,0.0,-0.11,6.76,3.59
2836,688008,澜起科技,146.5,-0.91,-1.35,265749.0,3921210918.0,3.52,150.45,145.24,146.77,147.85,0.97,2.32,80.09,13.0,179052303077.0,167951485327.0,0.1,0.23,19.01,24.36
2837,000551,创元科技,14.15,-0.91,-0.13,88271.0,125893666.72,3.22,14.52,14.06,14.17,14.28,0.93,1.83,23.54,2.44,6858972601.0,6834200323.0,0.14,0.35,27.82,-3.74
2838,002370,亚太药业,6.56,-0.91,-0.06,128464.0,84934166.94,1.66,6.67,6.56,6.59,6.62,0.83,1.72,37.75,4.36,4891578997.0,4891578997.0,-0.15,-0.15,-16.75,-10.26
2839,688656,浩欧博,138.04,-0.91,-1.27,2858.0,39657123.0,3.46,141.0,136.18,138.99,139.31,0.68,0.45,374.19,10.68,8762743310.0,8762743310.0,0.0,-0.03,-30.38,-10.25
2840,688459,哈铁科技,9.68,-0.92,-0.09,16666.0,16192371.0,1.33,9.78,9.65,9.78,9.77,0.94,0.95,41.83,1.34,4646400000.0,1699662490.0,0.1,0.21,0.41,0.31
2841,300429,强力新材,13.96,-0.92,-0.13,105141.0,148044759.7,2.56,14.25,13.89,13.9,14.09,0.67,2.64,-233.64,4.35,7486809801.0,5564930319.0,0.07,0.14,1.38,4.73
2842,301533,威马农机,35.49,-0.92,-0.33,20285.0,72118786.22,4.66,36.55,34.88,35.66,35.82,1.5,7.13,72.31,3.08,3488904783.0,1009218483.0,0.25,0.4,-8.34,-12.39
2843,600463,空港股份,10.74,-0.92,-0.1,32772.0,35517435.0,2.31,10.96,10.71,10.84,10.84,0.89,1.09,-37.96,3.5,3222000000.0,3222000000.0,0.0,0.09,-5.29,-5.12
2844,688199,久日新材,26.84,-0.92,-0.25,33884.0,92004107.0,3.47,27.65,26.71,26.81,27.09,0.91,2.1,155.82,1.67,4327339417.0,4327339417.0,-0.07,0.0,11.0,13.87
2845,603122,合富中国,16.11,-0.92,-0.15,95315.0,154376432.0,2.21,16.4,16.04,16.2,16.26,0.72,2.39,-388.29,5.8,6412627918.0,6412627918.0,0.06,0.06,-40.73,-33.98
2846,600185,珠免集团,6.46,-0.92,-0.06,204558.0,133583709.0,2.3,6.6,6.45,6.53,6.52,0.88,1.09,-16.16,21.27,12177137436.0,12177137436.0,-0.15,0.0,-8.5,-5.14
2847,301066,万事利,15.05,-0.92,-0.14,41403.0,62639294.8,2.24,15.31,14.97,15.19,15.19,0.81,1.78,132.01,2.82,3535592821.0,3508405884.0,-0.13,0.07,-10.84,-23.57
2848,603188,亚邦股份,5.36,-0.92,-0.05,152137.0,83042586.0,3.88,5.55,5.34,5.4,5.41,0.9,2.67,111.08,3.98,3056111200.0,3056111200.0,-0.19,-0.19,11.67,16.78
2849,601619,嘉泽新能,6.45,-0.92,-0.06,1004703.0,655052004.0,3.53,6.64,6.41,6.55,6.51,0.85,4.13,23.69,2.34,18787340590.0,15703675254.0,0.16,0.16,53.21,45.27
2850,600279,重庆港,5.37,-0.92,-0.05,91930.0,49736320.0,1.48,5.45,5.37,5.39,5.42,0.73,0.77,99.23,0.95,6373471940.0,6373471940.0,-0.19,0.0,3.27,-1.65
2851,603689,皖天然气,8.61,-0.92,-0.08,116086.0,100249595.0,1.73,8.72,8.57,8.68,8.69,0.65,2.23,12.94,1.27,4527111318.0,4486978472.0,0.12,0.23,4.36,6.17
2852,688046,药康生物,15.11,-0.92,-0.14,21504.0,32724397.0,1.9,15.39,15.1,15.23,15.25,0.64,0.52,42.9,2.77,6195100000.0,6195100000.0,-0.07,-0.13,-5.33,-1.63
2853,300359,全通教育,5.33,-0.93,-0.05,63933.0,34331133.5,1.86,5.42,5.32,5.36,5.38,0.7,1.01,-45.22,6.15,3375667139.0,3375498045.0,0.0,0.0,-3.44,-0.56
2854,603595,ST东尼,17.03,-0.93,-0.16,20083.0,34403279.0,1.63,17.26,16.98,17.16,17.19,0.81,0.86,-203.28,2.56,3958492812.0,3958492812.0,0.06,0.18,0.83,0.71
2855,300484,蓝海华腾,18.13,-0.93,-0.17,25045.0,45913615.24,2.4,18.53,18.09,18.29,18.3,0.88,1.51,59.57,5.56,3755881507.0,3015973091.0,-0.11,0.0,-5.28,-4.83
2856,600999,招商证券,15.98,-0.93,-0.15,407477.0,653362366.0,1.12,16.15,15.97,16.09,16.13,1.44,0.55,11.3,1.15,138970498360.0,118603644247.0,-0.13,-0.06,-3.91,-3.97
2857,000796,凯撒旅业,5.31,-0.93,-0.05,335064.0,179546688.0,2.8,5.43,5.28,5.33,5.36,0.95,2.52,-238.53,10.27,8516119144.0,7066371761.0,0.0,0.0,-23.49,-26.25
2858,300521,爱司凯,29.94,-0.93,-0.28,23656.0,71202444.0,3.31,30.6,29.6,30.19,30.22,0.91,1.58,-169.42,8.48,4482916200.0,4482916200.0,0.13,-0.03,3.03,5.05
2859,601163,三角轮胎,14.99,-0.93,-0.14,45313.0,68544219.0,1.98,15.26,14.96,15.09,15.13,0.81,0.57,13.18,0.87,11992000000.0,11992000000.0,-0.2,0.0,2.46,4.9
2860,688184,ST帕瓦,10.6,-0.93,-0.1,5723.0,6110492.0,1.96,10.78,10.57,10.75,10.7,0.41,0.57,-2.42,1.56,1685903648.0,1065167648.0,-0.09,-0.09,13.37,14.22
2861,301558,三态股份,8.51,-0.93,-0.08,64195.0,54999487.0,1.86,8.64,8.48,8.59,8.59,0.76,2.93,158.09,4.95,6713123908.0,1866087922.0,-0.23,0.0,-1.96,4.42
2862,600363,联创光电,57.45,-0.93,-0.54,60655.0,351007953.0,2.38,58.68,57.3,57.7,57.99,0.74,1.35,48.52,5.88,25903541453.0,25903541453.0,-0.12,-0.05,0.26,-8.9
2863,002387,维信诺,8.51,-0.93,-0.08,138517.0,118622035.0,2.56,8.67,8.45,8.58,8.59,0.79,0.99,-5.49,2.96,11886734326.0,11871418879.0,0.0,0.12,-4.17,-1.28
2864,001285,瑞立科密,53.52,-0.93,-0.5,10861.0,58459764.91,1.98,54.37,53.3,53.77,54.02,0.63,2.67,30.47,2.61,9643136408.0,2174158534.0,0.02,0.04,7.41,-8.21
2865,600686,金龙汽车,16.83,-0.94,-0.16,92454.0,157113969.0,2.53,17.2,16.77,16.86,16.99,0.67,1.29,36.6,3.69,12067908028.0,12067908028.0,0.06,-0.18,2.87,-5.13
2866,603078,江化微,23.22,-0.94,-0.22,87229.0,204146332.0,3.03,23.8,23.09,23.17,23.44,0.81,2.26,85.25,4.62,8954496899.0,8954496899.0,-0.26,-0.34,30.16,30.08
2867,920719,宁新新材,12.6,-0.94,-0.12,48449.0,62305853.36,6.84,13.27,12.4,12.5,12.72,1.71,6.62,-3.53,3.48,1172976840.0,922240141.0,0.4,0.64,2.86,-2.33
2868,688332,中科蓝讯,125.0,-0.94,-1.19,10814.0,135899506.0,1.98,127.0,124.5,125.5,126.19,0.94,0.9,10.64,2.85,15074775000.0,15074775000.0,0.0,0.23,-10.66,-4.81
2869,600521,华海药业,15.83,-0.94,-0.15,122135.0,194216180.0,1.69,16.06,15.79,15.91,15.98,0.74,0.82,46.74,2.56,23701501313.0,23701501313.0,-0.06,-0.13,-11.37,-6.72
2870,601333,广深铁路,3.16,-0.94,-0.03,552046.0,175301411.0,1.57,3.2,3.15,3.18,3.19,0.81,0.98,11.53,0.79,22383976920.0,17861068920.0,0.0,0.32,3.95,3.95
2871,000550,江铃汽车,17.9,-0.94,-0.17,30005.0,54100905.0,1.88,18.19,17.85,18.09,18.07,1.06,0.58,13.01,1.31,15451530600.0,9280490564.0,-0.11,0.0,-0.44,-3.76
2872,002916,深南电路,250.23,-0.94,-2.38,104134.0,2597301022.32,5.1,256.38,243.5,250.0,252.61,1.31,1.57,52.03,9.73,170448317067.0,166355268674.0,0.01,-0.01,21.77,7.72
2873,600983,惠而浦,11.63,-0.94,-0.11,34357.0,40385935.0,2.13,11.86,11.61,11.74,11.74,0.99,0.45,21.1,3.21,8913685570.0,8913685570.0,-0.09,-0.09,13.8,21.65
2874,300826,测绘股份,16.92,-0.94,-0.16,20393.0,34708077.62,1.87,17.18,16.86,17.0,17.08,0.59,1.2,111.86,2.09,2983583090.0,2869287475.0,0.06,-0.12,-0.88,-1.05
2875,688591,泰凌微,38.12,-0.94,-0.36,28861.0,111125696.0,2.75,39.08,38.02,38.2,38.48,0.88,1.71,71.63,3.72,9177143592.0,6420832011.0,-0.1,-0.39,-15.46,-10.43
2876,301189,奥尼电子,41.93,-0.94,-0.4,13373.0,56467502.5,3.35,43.0,41.58,42.46,42.33,0.79,1.2,-40.66,2.32,4880503777.0,4686007615.0,0.22,0.46,4.38,-3.59
2877,301188,力诺药包,17.83,-0.94,-0.17,61845.0,111525300.57,2.78,18.27,17.77,18.05,18.0,0.83,2.32,70.17,2.81,4760851971.0,4760851971.0,0.06,0.17,2.41,1.31
2878,300640,德艺文创,7.37,-0.94,-0.07,82453.0,61233808.49,3.09,7.55,7.32,7.42,7.44,1.06,3.74,120.6,2.82,2292021557.0,1626921088.0,-0.27,-0.14,-17.28,-4.78
2879,002967,广电计量,22.1,-0.94,-0.21,51975.0,115679189.56,2.06,22.5,22.04,22.24,22.31,0.94,0.9,44.23,3.77,14083886939.0,12712491197.0,0.0,0.0,-5.07,0.41
2880,300968,格林精密,12.71,-0.94,-0.12,30010.0,38458513.1,2.1,12.96,12.69,12.75,12.83,0.72,0.73,203.58,2.77,5254059800.0,5254059800.0,0.08,0.08,-17.2,-14.64
2881,920526,凯华材料,21.85,-0.95,-0.21,5877.0,12788626.78,3.58,22.2,21.41,22.11,22.06,0.73,1.12,125.37,7.89,1806995000.0,1144229569.0,1.53,1.91,-5.0,-7.1
2882,600718,东软集团,9.37,-0.95,-0.09,175203.0,165067860.0,1.9,9.51,9.33,9.42,9.46,0.87,1.46,164.6,1.18,11210632043.0,11210632043.0,0.11,0.0,-6.11,-6.95
2883,920098,科隆新材,28.27,-0.95,-0.27,6587.0,18781305.7,2.21,28.9,28.27,28.69,28.54,0.67,1.19,40.37,2.44,2298926832.0,1565470021.0,-0.21,-0.14,2.8,-8.48
2884,603633,徕木股份,8.36,-0.95,-0.08,44218.0,37251309.0,3.08,8.6,8.34,8.6,8.44,0.73,1.04,210.55,1.84,3568138438.0,3568138438.0,0.0,0.12,-24.0,-17.47
2885,300532,今天国际,11.45,-0.95,-0.11,52046.0,59820188.54,1.38,11.57,11.41,11.49,11.56,0.86,1.21,17.7,2.78,5198629600.0,4943867088.0,0.17,0.09,-2.47,-2.8
2886,920030,德众汽车,6.25,-0.95,-0.06,15912.0,10019977.02,2.06,6.36,6.23,6.3,6.31,1.13,1.42,-34.86,2.57,1117748006.0,700194731.0,-0.32,0.0,-2.65,-8.76
2887,300536,农尚环境,8.38,-0.95,-0.08,59099.0,49836068.0,2.84,8.57,8.33,8.4,8.46,0.87,2.02,-24.1,5.49,2457754555.0,2457576379.0,0.12,0.24,4.75,15.59
2888,688310,迈得医疗,16.69,-0.95,-0.16,15981.0,26878536.0,2.79,17.09,16.62,16.93,16.85,0.79,0.96,42.51,3.22,2774206626.0,2774206626.0,-0.06,0.06,11.19,8.87
2889,920509,同惠电子,33.13,-0.96,-0.32,14400.0,48015669.19,2.66,33.79,32.9,33.33,33.45,0.85,1.71,76.85,14.34,5310927708.0,2782440013.0,0.0,0.21,-3.13,-11.86
2890,688602,康鹏科技,8.24,-0.96,-0.08,68725.0,57307682.0,2.4,8.43,8.23,8.28,8.32,1.07,2.65,-70.68,1.57,4279650000.0,2139072367.0,-0.12,-0.12,-10.14,-5.07
2891,000572,海马汽车,6.16,-0.96,-0.06,365168.0,227029457.74,2.41,6.3,6.15,6.23,6.22,1.04,2.22,-102.08,6.03,10130960384.0,10116278893.0,0.0,0.0,-32.31,-24.51
2892,000537,绿发电力,12.39,-0.96,-0.12,3210407.0,4226532299.09,12.95,13.76,12.14,13.76,12.51,5.22,15.53,23.84,1.28,25605203141.0,25605203141.0,0.0,0.57,49.46,50.91
2893,002855,捷荣技术,12.36,-0.96,-0.12,39198.0,48710465.0,2.08,12.59,12.33,12.48,12.48,0.72,1.59,-8.07,9.31,3045747270.0,3043368588.0,0.0,0.08,-33.48,-24.54
2894,920275,驱动力,8.22,-0.96,-0.08,10523.0,8751362.86,3.73,8.47,8.16,8.32,8.3,0.96,0.8,287.7,5.63,1310083872.0,1084337363.0,0.24,0.37,-5.41,-5.63
2895,300892,品渥食品,28.82,-0.96,-0.28,11226.0,32633028.0,2.37,29.45,28.76,29.17,29.1,0.83,1.74,177.85,2.74,2882000000.0,1860691250.0,-0.28,-0.03,-13.61,-5.1
2896,300676,华大基因,44.21,-0.96,-0.43,34110.0,151419883.84,1.5,44.74,44.07,44.44,44.64,0.82,0.82,-648.54,2.0,18493797886.0,18393416870.0,-0.11,0.02,-0.96,-2.54
2897,300366,ST创意,6.19,-0.96,-0.06,70521.0,43874495.44,1.6,6.28,6.18,6.2,6.25,0.94,1.33,-14.17,2.29,3760896369.0,3283810413.0,0.0,-0.16,-6.92,-9.1
2898,603578,三星新材,14.31,-0.97,-0.14,41627.0,59901635.0,2.7,14.61,14.22,14.45,14.45,0.66,2.31,-51.23,2.63,2580909128.0,2580909128.0,0.28,0.14,13.48,18.46
2899,301331,恩威医药,27.6,-0.97,-0.27,8954.0,24950820.6,2.19,28.17,27.56,27.96,27.87,0.99,0.87,58.22,2.62,2839816081.0,2834404549.0,-0.29,-0.14,0.55,5.79
2900,688466,金科环境,18.42,-0.97,-0.18,9595.0,17867544.0,2.85,18.9,18.37,18.58,18.6,0.6,0.79,44.38,1.93,2250079480.0,2250079480.0,-0.38,-0.22,-0.86,13.21
2901,000935,四川双马,27.67,-0.97,-0.27,39754.0,111166364.28,2.04,28.22,27.65,27.94,27.94,0.89,0.52,53.97,2.72,21124394014.0,21124394014.0,0.0,-0.11,13.73,11.39
2902,002559,亚威股份,10.25,-0.97,-0.1,180328.0,187001608.5,3.0,10.54,10.23,10.35,10.35,0.64,3.58,41.4,3.19,5635091496.0,5166730405.0,-0.19,-0.1,-2.01,1.28
2903,688126,沪硅产业,19.34,-0.97,-0.19,258997.0,503786748.0,3.07,19.76,19.16,19.23,19.53,1.06,0.95,-43.31,3.19,63919152421.0,52830278426.0,0.47,0.31,-10.05,-10.63
2904,603068,博通集成,33.85,-0.97,-0.33,19500.0,66429428.0,2.28,34.48,33.7,33.92,34.18,0.71,1.28,413.56,3.02,5138000748.0,5138000748.0,-0.03,-0.03,-11.94,-9.78
2905,300242,佳云科技,5.13,-0.97,-0.05,176119.0,90997081.46,2.51,5.23,5.1,5.2,5.18,0.83,2.78,-82.46,12.32,3255268299.0,3255266524.0,-0.19,-0.19,-13.2,2.6
2906,603501,豪威集团,111.73,-0.97,-1.09,84392.0,947264052.0,1.61,113.17,111.35,112.0,112.82,0.89,0.7,32.92,4.91,140897169795.0,135227866692.0,0.0,0.0,-6.91,-11.25
2907,300159,*ST新研,3.07,-0.97,-0.03,167610.0,51702123.0,1.29,3.11,3.07,3.1,3.1,0.86,0.91,-31.41,-9.08,10101592565.0,5623746353.0,-0.32,-0.65,10.04,-3.46
2908,300889,爱克股份,27.27,-0.98,-0.27,42570.0,116918818.9,2.65,27.83,27.1,27.35,27.54,0.5,2.91,-77.76,4.22,6005592472.0,3991427517.0,-0.04,0.11,17.59,31.74
2909,300123,亚光科技,7.06,-0.98,-0.07,280684.0,199438535.91,2.24,7.19,7.03,7.09,7.13,0.65,2.81,-54.72,4.9,7214148908.0,7062956855.0,0.14,0.14,-10.52,-12.84
2910,002884,凌霄泵业,18.27,-0.98,-0.18,28813.0,52986653.0,1.57,18.53,18.24,18.35,18.45,0.76,1.06,13.95,2.83,6534859439.0,4989034356.0,0.11,0.11,3.98,3.28
2911,688161,威高骨科,31.44,-0.98,-0.31,34311.0,109059067.0,3.91,32.5,31.26,31.7,31.75,1.08,0.86,47.16,3.03,12576000000.0,12576000000.0,0.42,0.35,10.2,12.61
2912,002317,众生药业,18.12,-0.98,-0.18,133718.0,243663197.98,1.64,18.4,18.1,18.21,18.3,0.65,1.76,46.1,3.82,15400740243.0,13800507397.0,-0.06,-0.11,-15.72,-4.53
2913,920701,豪声电子,17.09,-0.98,-0.17,6479.0,11159218.86,2.14,17.4,17.03,17.29,17.26,0.87,0.65,32.89,2.77,2344748000.0,1712541732.0,0.0,0.0,-11.45,-6.3
2914,002105,信隆健康,7.1,-0.98,-0.07,76330.0,54532333.9,2.51,7.25,7.07,7.18,7.17,0.9,2.09,-64.71,3.1,2600317845.0,2587743923.0,-0.14,0.0,-16.57,-3.01
2915,000715,中兴商业,6.08,-0.98,-0.06,84265.0,51681366.28,2.28,6.2,6.06,6.15,6.14,1.03,1.56,36.02,1.67,3285842502.0,3277079878.0,-0.16,0.0,-5.74,-3.34
2916,920273,一致魔芋,26.18,-0.98,-0.26,6743.0,17867359.47,2.72,26.8,26.08,26.3,26.44,0.53,0.98,40.73,4.08,2701013795.0,1797798559.0,0.0,0.27,-20.64,-19.42
2917,002319,乐通股份,13.16,-0.98,-0.13,62450.0,82929011.0,3.24,13.54,13.11,13.27,13.29,0.98,3.12,-4391.58,15.17,2756658232.0,2632000000.0,0.0,0.08,6.21,9.3
2918,688061,灿瑞科技,34.2,-0.98,-0.34,6360.0,21904595.0,2.9,34.93,33.93,34.66,34.54,0.58,1.41,-67.34,1.67,3929217172.0,1539721894.0,-0.18,0.0,4.4,4.88
2919,002735,王子新材,17.09,-0.98,-0.17,166047.0,285549715.92,3.77,17.45,16.8,16.9,17.26,1.11,5.82,271.8,3.77,6413096893.0,4871664138.0,0.0,-0.06,16.18,-5.21
2920,002769,普路通,11.17,-0.98,-0.11,67761.0,76739757.79,2.84,11.48,11.16,11.28,11.28,0.9,1.82,86.89,3.52,4169962663.0,4166524269.0,0.0,-0.09,-13.68,-4.94
2921,603380,易德龙,36.3,-0.98,-0.36,8370.0,30551524.0,1.77,36.9,36.25,36.37,36.66,0.65,0.52,24.82,3.81,5824015560.0,5824015560.0,0.0,0.11,-0.47,-4.47
2922,000750,国海证券,4.06,-0.98,-0.04,549421.0,224783032.19,1.46,4.12,4.06,4.1,4.1,1.13,0.95,33.84,1.15,25927868377.0,23532588147.0,-0.25,-0.25,-4.02,-4.25
2923,300509,新美星,13.17,-0.98,-0.13,44125.0,58616030.8,2.26,13.41,13.11,13.17,13.3,0.86,1.79,36.83,6.32,3903588000.0,3254353398.0,-0.08,-0.3,-3.02,2.57
2924,603023,威帝股份,5.04,-0.98,-0.05,86793.0,44125364.0,2.16,5.14,5.03,5.07,5.09,0.56,1.56,2988.94,3.65,2812911731.0,2812911731.0,-0.4,0.0,-7.52,0.2
2925,603025,大豪科技,16.11,-0.98,-0.16,66937.0,108908812.0,1.91,16.41,16.1,16.25,16.27,0.88,0.6,22.46,6.9,17989308393.0,17868805593.0,-0.12,0.0,-6.88,-10.3
2926,688168,安博通,68.66,-0.98,-0.68,5459.0,37759293.0,2.09,69.95,68.5,68.5,69.34,0.56,0.71,-36.25,5.36,5299522375.0,5299522375.0,-0.25,-0.28,-10.44,-8.65
2927,688681,科汇股份,21.0,-0.99,-0.21,28880.0,61087476.0,2.69,21.42,20.85,21.42,21.21,0.78,2.76,46.77,3.58,2198070000.0,2198070000.0,0.43,0.43,20.0,19.45
2928,002574,明牌珠宝,5.98,-0.99,-0.06,63851.0,38615606.2,2.65,6.12,5.96,6.01,6.04,0.74,1.21,-22.07,1.06,3157440000.0,3157440000.0,0.0,0.0,2.4,6.41
2929,000025,特  力Ａ,17.0,-0.99,-0.17,36358.0,62264274.29,1.4,17.24,17.0,17.15,17.17,0.74,0.93,44.47,4.05,7327991440.0,6677231440.0,-0.12,-0.18,-7.36,-2.63
2930,002672,东江环保,5.01,-0.99,-0.05,109687.0,55398414.0,2.37,5.11,4.99,5.07,5.06,0.77,1.21,-7.42,1.82,5537331568.0,4534642693.0,0.2,0.2,1.62,8.44
2931,603798,康普顿,13.97,-0.99,-0.14,31952.0,44953544.0,2.2,14.2,13.89,14.03,14.11,0.51,1.25,49.07,3.1,3582601611.0,3582601611.0,0.07,-0.29,-5.48,-15.38
2932,000883,湖北能源,5.0,-0.99,-0.05,528968.0,265411779.0,2.38,5.09,4.97,5.07,5.05,1.02,0.82,18.67,0.95,35396938150.0,32397927270.0,0.0,0.2,9.17,10.13
2933,301516,中远通,18.93,-0.99,-0.19,80106.0,152836728.64,4.55,19.66,18.79,19.13,19.12,0.57,11.42,-95.76,4.12,5313684222.0,1328421060.0,0.16,-0.42,16.64,21.27
2934,603799,华友钴业,66.83,-0.99,-0.67,437723.0,2970440652.0,3.57,69.16,66.75,67.05,67.5,1.08,2.32,22.55,2.66,126758298625.0,125912994023.0,0.0,-0.04,6.64,-2.09
2935,001356,富岭股份,11.95,-0.99,-0.12,23802.0,28659123.28,1.66,12.14,11.94,12.05,12.07,0.9,1.19,67.98,3.45,7042374000.0,2397728663.0,-0.08,-0.08,-9.4,-7.51
2936,600416,湘电股份,14.07,-0.99,-0.14,182428.0,258687334.0,1.97,14.3,14.02,14.2,14.21,0.68,1.38,77.64,2.15,20764258143.0,18648468681.0,-0.07,0.0,1.74,-10.84
2937,000701,厦门信达,6.02,-0.99,-0.06,113772.0,69101861.44,2.14,6.14,6.01,6.05,6.08,0.71,1.7,454.6,-7.95,4023244898.0,4019834719.0,0.0,0.0,-26.04,-8.37
2938,002264,新 华 都,8.97,-0.99,-0.09,164616.0,148565514.7,2.1,9.12,8.93,9.03,9.06,0.77,2.51,27.21,3.24,6456707361.0,5873401806.0,0.0,0.22,-7.53,1.59
2939,002922,伊戈尔,40.81,-0.99,-0.41,213297.0,872370242.55,5.94,42.09,39.64,40.01,41.22,0.76,5.71,72.74,4.57,17271041920.0,15255010821.0,0.02,0.42,31.22,33.72
2940,002148,北纬科技,8.01,-0.99,-0.08,76455.0,61505840.95,1.73,8.12,7.98,8.07,8.09,0.87,1.7,-12194.53,3.66,4477488513.0,3599034064.0,-0.12,0.13,-9.08,-10.0
2941,000620,盈新发展,3.01,-0.99,-0.03,2581964.0,791978188.52,5.59,3.16,2.99,3.0,3.04,1.65,5.53,-27.28,3.95,17674163270.0,14061963933.0,-0.33,-0.33,2.03,12.31
2942,002142,宁波银行,31.15,-0.99,-0.31,213716.0,665844105.48,2.13,31.5,30.83,31.31,31.46,1.2,0.32,7.01,0.92,205701853171.0,205586491451.0,-0.29,-0.16,11.73,10.89
2943,002982,湘佳股份,14.96,-0.99,-0.15,90023.0,135725259.44,2.51,15.29,14.91,15.11,15.11,0.6,6.93,102.01,1.92,3039781746.0,1942943165.0,-0.07,-0.13,6.7,8.88
2944,920751,惠同新材,22.96,-0.99,-0.23,6464.0,14934759.03,3.23,23.55,22.8,23.02,23.19,0.84,0.78,42.87,4.96,1992468800.0,1905613990.0,0.0,-0.09,21.29,10.01
2945,002879,长缆科技,23.07,-0.99,-0.23,63829.0,147950370.0,2.79,23.55,22.9,23.15,23.3,0.61,4.63,99.89,2.53,4454993255.0,3180983995.0,0.17,0.13,39.48,24.23
2946,603969,银龙股份,9.9,-1.0,-0.1,101725.0,101613594.0,2.6,10.14,9.88,10.01,10.0,0.85,1.21,23.31,3.18,8487705600.0,8353703160.0,0.1,0.0,4.21,-2.08
2947,000923,河钢资源,20.72,-1.0,-0.21,137910.0,292479002.0,4.92,21.65,20.62,21.04,20.93,0.72,2.2,18.87,1.32,13524544072.0,13010116055.0,0.0,0.1,10.8,-2.13
2948,301011,华立科技,23.78,-1.0,-0.24,10624.0,25480622.76,2.54,24.31,23.7,24.09,24.02,0.6,0.76,41.05,3.88,3660454425.0,3331268575.0,0.25,0.3,-8.54,-7.43
2949,601919,中远海控,15.78,-1.0,-0.16,1265149.0,2006160540.0,1.63,16.0,15.74,15.82,15.94,0.88,1.01,6.69,1.05,241634210107.0,198136963597.0,-0.06,0.06,5.55,3.95
2950,002644,佛慈制药,8.87,-1.0,-0.09,47061.0,42062594.0,1.9,9.02,8.85,8.95,8.96,0.61,0.92,89.21,2.49,4529527590.0,4529527590.0,-0.11,-0.22,1.6,2.66
2951,920378,泰德股份,9.87,-1.0,-0.1,6900.0,6834985.35,1.6,9.99,9.83,9.95,9.97,0.81,0.62,59.84,3.87,1535041620.0,1099342946.0,-0.1,0.1,2.17,-0.9
2952,301551,无线传媒,31.61,-1.0,-0.32,31638.0,100629266.14,1.75,32.08,31.52,31.88,31.93,0.93,2.05,43.69,4.94,12644316100.0,4885443089.0,0.0,0.03,-7.08,0.19
2953,002441,众业达,10.84,-1.0,-0.11,142145.0,154855465.04,2.83,11.06,10.75,10.86,10.95,0.76,3.56,24.47,1.29,5902852722.0,4326024262.0,-0.09,0.28,17.7,15.32
2954,300939,秋田微,37.58,-1.0,-0.38,37598.0,142223483.89,2.56,38.37,37.4,37.65,37.96,0.52,3.13,53.07,3.25,4509600000.0,4509600000.0,-0.29,0.16,7.1,8.99
2955,002256,兆新股份,3.96,-1.0,-0.04,1458332.0,582519957.98,4.5,4.09,3.91,3.98,4.0,1.09,7.47,185.62,6.6,7896021321.0,7726330446.0,0.25,-0.25,15.12,13.47
2956,600497,驰宏锌锗,9.88,-1.0,-0.1,1445135.0,1449410305.0,4.11,10.23,9.82,9.85,9.98,1.21,2.87,28.21,2.97,49798959172.0,49798959172.0,-0.2,-0.2,51.53,35.16
2957,301246,宏源药业,21.8,-1.0,-0.22,150233.0,334672914.65,4.0,22.68,21.8,22.02,22.02,1.53,9.39,-5944.69,2.01,8720148240.0,3488931950.0,0.0,-0.18,25.07,-12.8
2958,603035,常熟汽饰,14.91,-1.0,-0.15,37282.0,56038789.0,1.86,15.15,14.87,15.06,15.06,1.12,1.02,11.77,1.03,5462234963.0,5462234963.0,0.0,0.13,-1.78,-3.62
2959,600106,重庆路桥,5.97,-1.0,-0.06,118365.0,71090612.0,1.49,6.04,5.95,6.03,6.03,1.38,0.89,29.98,1.53,7934279620.0,7934279620.0,-0.17,0.0,-5.54,-4.63
2960,002232,启明信息,17.77,-1.0,-0.18,29875.0,53212520.16,1.84,17.98,17.65,17.82,17.95,1.0,0.73,-193.7,5.37,7259906045.0,7259906045.0,0.0,0.4,-3.79,-5.48
2961,300580,贝斯特,21.88,-1.0,-0.22,30587.0,67340086.18,1.72,22.2,21.82,22.02,22.1,0.7,0.65,34.9,3.37,10990822033.0,10340323287.0,0.0,0.09,-10.0,-16.77
2962,300592,华凯易佰,12.84,-1.0,-0.13,53128.0,69030909.4,2.85,13.19,12.82,12.9,12.97,0.69,1.52,78.82,2.25,5192001262.0,4479670226.0,-0.16,0.08,19.11,18.23
2963,002168,*ST惠程,3.98,-1.0,-0.04,35742.0,14283213.4,1.24,4.03,3.98,4.01,4.02,0.63,0.46,-54.16,137.71,3120970205.0,3120970205.0,-0.25,0.0,7.86,-5.24
2964,300048,合康新能,7.96,-1.0,-0.08,415178.0,333449244.55,3.98,8.22,7.9,8.04,8.04,0.71,3.69,91.03,4.89,8981246962.0,8962844437.0,0.0,0.13,43.42,33.78
2965,603111,康尼机电,6.9,-1.0,-0.07,97217.0,67552300.0,1.87,7.02,6.89,6.95,6.97,1.34,1.14,17.12,1.5,5948011637.0,5884862312.0,0.15,0.15,-1.29,0.73
2966,300863,卡倍亿,52.51,-1.0,-0.53,17196.0,90888767.8,3.39,54.0,52.2,53.99,53.04,0.98,0.95,53.89,6.92,9881113148.0,9497422473.0,-0.13,-0.13,7.16,4.19
2967,603125,常青科技,18.57,-1.01,-0.19,30900.0,58010782.0,2.24,18.97,18.55,18.65,18.76,0.72,3.05,54.98,3.14,7517811484.0,1879550480.0,-0.11,-0.16,3.57,10.01
2968,600789,鲁抗医药,8.86,-1.01,-0.09,119928.0,106586352.0,1.01,8.94,8.85,8.92,8.95,0.68,1.33,49.19,2.01,9260381433.0,7962212940.0,0.0,0.0,-6.93,-1.99
2969,300691,联合光电,17.63,-1.01,-0.18,70421.0,125628585.96,2.81,18.06,17.56,17.73,17.81,0.77,3.19,-145.99,2.94,4743329745.0,3891613056.0,0.11,0.11,1.32,2.08
2970,002992,宝明科技,52.98,-1.01,-0.54,16786.0,89543593.4,3.72,54.5,52.51,53.28,53.52,0.75,1.06,-1430.39,13.07,9582420282.0,8372932816.0,-0.06,0.17,0.44,11.28
2971,600499,科达制造,17.68,-1.01,-0.18,274391.0,495038596.0,4.93,18.53,17.65,17.8,17.86,1.02,1.43,22.13,2.7,33907700993.0,33907700993.0,-0.23,-0.06,41.78,27.47
2972,600737,中粮糖业,15.74,-1.01,-0.16,179058.0,285503610.0,2.77,16.15,15.71,15.9,15.9,0.7,0.84,30.98,2.99,33665471109.0,33665471109.0,-0.13,-0.19,-8.86,-8.54
2973,002156,通富微电,45.86,-1.01,-0.47,485718.0,2240628258.93,3.45,46.96,45.36,45.94,46.33,0.73,3.2,60.66,4.58,69596994384.0,69590358901.0,-0.02,-0.09,21.81,21.64
2974,000056,皇庭国际,1.96,-1.01,-0.02,561506.0,111198141.0,3.03,2.01,1.95,2.01,1.98,0.71,6.21,-0.71,-1.11,2317755311.0,1771304005.0,0.51,0.51,-14.04,-2.49
2975,600575,淮河能源,3.94,-1.01,-0.04,623046.0,246187698.0,2.26,4.01,3.92,3.99,3.98,0.88,1.6,28.15,1.24,28237161150.0,15311868596.0,0.25,0.25,10.67,15.88
2976,601061,中信金属,13.59,-1.02,-0.14,136470.0,187662174.0,3.42,14.05,13.58,13.71,13.73,0.97,2.72,21.47,2.82,66591000000.0,6810680781.0,-0.29,-0.22,-1.88,-4.83
2977,000518,*ST四环,2.91,-1.02,-0.03,185396.0,53802765.0,3.06,2.96,2.87,2.9,2.94,1.0,1.8,-176.97,8.35,2996008606.0,2995948867.0,0.34,0.34,17.81,20.75
2978,603306,华懋科技,88.17,-1.02,-0.91,110056.0,984814190.0,3.82,91.21,87.81,88.33,89.08,0.78,3.34,126.31,9.36,29051513577.0,29051513577.0,-0.03,0.0,73.6,39.93
2979,002501,利源股份,1.94,-1.02,-0.02,724222.0,141603187.85,2.55,1.98,1.93,1.95,1.96,1.19,2.04,-58.41,26.12,6887000000.0,6880150260.0,0.0,0.0,-15.28,-22.09
2980,600031,三一重工,21.29,-1.02,-0.22,568707.0,1222612283.0,1.95,21.69,21.27,21.39,21.51,0.71,0.67,20.58,2.46,195761644464.0,180419763888.0,-0.14,0.0,0.52,0.76
2981,603666,亿嘉和,28.2,-1.02,-0.29,28655.0,81575046.0,2.46,28.81,28.11,28.4,28.49,1.16,1.39,-102.73,2.74,5795957844.0,5795957844.0,-0.04,-0.07,-7.08,-5.05
2982,600523,贵航股份,14.62,-1.02,-0.15,46713.0,68673384.0,1.9,14.86,14.58,14.68,14.77,0.83,1.16,30.69,1.84,5911031498.0,5907132344.0,0.0,0.0,-3.43,-6.94
2983,300150,世纪瑞尔,5.82,-1.02,-0.06,99513.0,58405980.0,2.38,5.93,5.79,5.86,5.88,0.77,2.16,61.34,2.16,3405317228.0,2678499210.0,0.34,0.34,5.82,10.02
2984,688247,宣泰医药,9.72,-1.02,-0.1,15550.0,15164464.0,1.32,9.83,9.7,9.82,9.82,1.0,0.34,90.03,3.41,4406464800.0,4406464800.0,0.0,0.21,-4.8,0.21
2985,002337,赛象科技,6.76,-1.02,-0.07,107457.0,73288471.0,2.49,6.89,6.72,6.82,6.83,0.96,1.83,60.06,3.02,3979042470.0,3974856556.0,0.15,0.15,7.13,2.89
2986,002615,哈尔斯,8.74,-1.02,-0.09,82643.0,72694654.25,2.04,8.9,8.72,8.83,8.83,0.54,2.7,30.53,2.4,4075179978.0,2674812420.0,0.11,0.11,12.48,13.95
2987,603955,大千生态,27.76,-1.03,-0.29,12006.0,33485931.0,2.07,28.18,27.6,28.05,28.05,0.8,0.88,-76.58,2.47,3767587200.0,3767587200.0,0.07,0.04,-5.77,-4.31
2988,000159,国际实业,6.74,-1.03,-0.07,230099.0,157205971.8,3.08,6.94,6.73,6.84,6.81,0.61,4.79,120.84,1.59,3239823593.0,3239735130.0,-0.3,-0.15,16.41,16.61
2989,920970,大禹生物,7.66,-1.03,-0.08,11626.0,8995662.92,2.58,7.84,7.64,7.73,7.74,0.53,1.66,-29.48,3.21,848734128.0,536746158.0,0.0,-0.26,-1.16,-0.39
2990,300477,ST合纵,2.87,-1.03,-0.03,289460.0,83915254.2,2.07,2.93,2.87,2.88,2.9,0.74,2.92,-17.07,3.12,3076693632.0,2843741104.0,0.0,-0.35,-16.81,9.54
2991,002580,圣阳股份,13.51,-1.03,-0.14,126122.0,171531307.68,2.2,13.75,13.45,13.6,13.65,0.86,2.79,28.72,2.63,6131770095.0,6111097188.0,0.0,0.0,8.95,8.6
2992,605303,园林股份,17.25,-1.03,-0.18,26447.0,45979151.0,3.04,17.7,17.17,17.43,17.43,1.01,1.64,-19.18,3.03,2781345288.0,2781345288.0,0.29,0.17,-13.88,-0.29
2993,600698,湖南天雁,7.71,-1.03,-0.08,80082.0,62204732.0,2.31,7.88,7.7,7.84,7.79,0.87,0.96,4784.98,10.69,8239196914.0,6402782923.0,-0.13,0.0,-14.14,-14.71
2994,300091,*ST金灵,2.89,-1.03,-0.03,101043.0,29269950.3,0.68,2.91,2.89,2.91,2.92,0.92,0.62,-22.96,10.38,8213510244.0,4726369048.0,-0.34,-0.34,10.31,2.85
2995,603291,联合水务,11.49,-1.03,-0.12,78209.0,91311352.0,3.62,11.87,11.45,11.57,11.61,1.0,6.02,59.53,2.74,4862804740.0,1493045955.0,0.09,-0.17,10.16,19.19
2996,003038,鑫铂股份,16.3,-1.03,-0.17,73772.0,121841639.3,3.1,16.77,16.26,16.41,16.47,0.92,4.52,448.99,1.32,3972240970.0,2660593336.0,-0.12,0.0,3.03,3.16
2997,002841,视源股份,35.1,-1.04,-0.37,27638.0,97501976.07,1.35,35.54,35.06,35.27,35.47,0.64,0.53,21.13,1.86,24430180730.0,18299225155.0,-0.2,-0.09,-7.41,-11.43
2998,688380,中微半导,47.48,-1.04,-0.5,61697.0,295457378.0,3.15,48.78,47.27,47.48,47.98,0.75,1.54,66.77,5.98,19009330200.0,19009330200.0,0.0,0.02,46.27,47.68
2999,920035,精创电气,37.22,-1.04,-0.39,4944.0,18710256.04,3.4,38.38,37.1,37.61,37.61,0.96,3.8,36.38,3.69,2153177000.0,484381080.0,0.11,-0.56,-6.48,-7.76
3000,601866,中远海发,2.86,-1.04,-0.03,1807044.0,521804449.0,2.77,2.93,2.85,2.88,2.89,0.79,1.85,20.36,1.23,37745295645.0,27890673725.0,0.0,0.35,13.04,13.49
3001,603567,珍宝岛,7.6,-1.04,-0.08,145286.0,111410048.0,2.73,7.77,7.56,7.66,7.68,1.39,1.55,-14.38,0.98,7151573514.0,7140507982.0,0.26,0.13,-24.68,-14.89
3002,600917,重庆燃气,5.73,-1.04,-0.06,223943.0,129428768.0,2.25,5.83,5.7,5.76,5.79,0.66,1.43,47.97,1.56,8944757825.0,8944757825.0,0.17,0.17,1.78,4.37
3003,688303,大全能源,23.8,-1.04,-0.25,168188.0,405412443.0,3.28,24.5,23.71,23.98,24.05,1.27,0.78,-45.22,1.31,51055896231.0,51055896231.0,-0.25,-0.17,-18.35,-11.26
3004,603838,*ST四通,9.48,-1.04,-0.1,30704.0,29118797.0,5.22,9.75,9.25,9.4,9.58,0.8,0.96,-63.31,3.24,3033751680.0,3033751680.0,1.07,0.21,28.46,26.74
3005,002236,大华股份,18.07,-1.04,-0.19,243418.0,441246337.63,1.26,18.24,18.01,18.15,18.26,0.85,1.15,15.41,1.56,59391673222.0,38235434244.0,0.0,0.0,-5.09,-4.59
3006,603828,ST柯利达,6.66,-1.04,-0.07,24951.0,16703228.0,2.38,6.8,6.64,6.76,6.73,0.69,0.42,-30.11,6.16,3969094652.0,3968957903.0,-0.15,0.0,-7.88,-20.53
3007,301359,东南电子,21.82,-1.04,-0.23,20194.0,44434569.6,4.4,22.47,21.5,22.04,22.05,1.08,2.95,66.38,3.11,2622240320.0,1492415645.0,-0.27,0.0,7.07,14.12
3008,603258,电魂网络,19.06,-1.04,-0.2,66497.0,129473448.0,5.76,20.17,19.06,19.56,19.26,0.88,2.76,-114.26,2.14,4648671102.0,4599966131.0,0.0,-0.16,2.09,2.97
3009,688605,先锋精科,62.2,-1.05,-0.66,30143.0,187532932.0,2.94,63.23,61.38,62.38,62.86,1.37,2.78,66.16,7.65,12588027043.0,6739477606.0,0.02,0.57,3.82,-3.21
3010,603338,浙江鼎力,52.75,-1.05,-0.56,43014.0,227786457.0,1.74,53.45,52.52,52.8,53.31,0.71,0.85,12.56,2.4,26709850617.0,26709850617.0,-0.23,0.04,-12.91,-6.87
3011,002343,慈文传媒,6.61,-1.05,-0.07,85929.0,57303467.8,2.1,6.73,6.59,6.66,6.68,1.01,1.81,-85.68,3.26,3131026690.0,3131026690.0,0.15,0.15,-22.33,-7.68
3012,301348,蓝箭电子,26.37,-1.05,-0.28,84290.0,223888677.66,3.34,27.07,26.18,26.43,26.65,0.77,5.43,-179.11,4.25,6328800000.0,4091019913.0,0.0,0.08,26.05,30.61
3013,600371,万向德农,9.46,-1.05,-0.1,123665.0,118425396.0,2.82,9.7,9.43,9.58,9.56,0.74,4.23,107.32,5.04,2767787880.0,2767787880.0,0.0,0.11,1.18,8.49
3014,920425,乐创技术,22.58,-1.05,-0.24,9002.0,20448064.71,1.8,22.95,22.54,22.6,22.82,0.54,1.52,47.54,5.97,1601747254.0,1337036269.0,0.0,-0.09,12.45,8.45
3015,688433,华曙高科,92.62,-1.05,-0.98,30805.0,287747812.0,3.54,95.35,92.04,93.5,93.6,0.9,1.52,564.28,18.56,38360314256.0,18718902118.0,-0.28,-0.33,67.21,39.97
3016,300623,捷捷微电,30.03,-1.05,-0.32,110843.0,335605879.66,2.73,30.72,29.89,30.17,30.35,0.72,1.44,54.02,4.23,24987359968.0,23045118366.0,0.0,-0.03,13.02,10.53
3017,603729,龙韵股份,17.95,-1.05,-0.19,27540.0,49967451.0,3.25,18.45,17.86,18.06,18.14,0.77,2.95,-19.31,5.48,1675417100.0,1675417100.0,0.28,0.06,6.34,11.56
3018,600763,通策医疗,44.43,-1.05,-0.47,83089.0,372547472.0,2.03,45.27,44.36,44.9,44.9,0.84,1.86,29.03,4.58,19873055468.0,19873055468.0,0.0,0.02,7.06,10.49
3019,000528,柳    工,10.32,-1.05,-0.11,490998.0,509616439.95,2.59,10.52,10.25,10.38,10.43,1.01,2.41,10.81,1.15,21011167314.0,20983535339.0,-0.1,0.1,-17.24,-13.06
3020,002140,东华科技,14.2,-1.05,-0.15,218644.0,315016900.7,3.55,14.66,14.15,14.49,14.35,0.7,3.09,18.87,2.12,10053796982.0,10038851525.0,0.07,0.14,30.51,26.67
3021,603299,苏盐井神,12.22,-1.05,-0.13,141488.0,174728349.0,3.16,12.55,12.16,12.35,12.35,0.76,1.82,21.35,1.55,11670938365.0,9505410340.0,-0.08,-0.16,19.92,17.27
3022,920665,科强股份,12.2,-1.05,-0.13,12362.0,15274802.19,3.08,12.56,12.18,12.33,12.33,0.81,1.93,48.8,2.19,1585878000.0,781674350.0,0.0,-0.25,-12.48,-13.41
3023,301039,中集车辆,9.31,-1.06,-0.1,122744.0,115646733.0,2.44,9.52,9.29,9.41,9.41,0.9,0.85,21.05,1.2,17448098350.0,13522100025.0,0.0,0.0,-7.09,1.75
3024,688553,汇宇制药-W,17.77,-1.06,-0.19,34264.0,61081191.0,2.39,18.09,17.66,17.91,17.96,0.9,1.0,-311.05,1.99,7527372000.0,6104700913.0,-0.06,0.11,-5.33,-0.11
3025,603085,天成自控,11.19,-1.06,-0.12,47410.0,53522101.0,2.56,11.42,11.13,11.25,11.31,0.59,1.19,66.22,4.98,4443549000.0,4443549000.0,0.09,0.27,5.57,-5.57
3026,300656,民德电子,23.36,-1.06,-0.25,23363.0,54945960.34,2.29,23.8,23.26,23.42,23.61,0.61,1.76,-267.65,4.08,3997481682.0,3104494757.0,-0.09,0.04,9.72,6.09
3027,603356,华菱精工,19.52,-1.06,-0.21,65913.0,130756787.0,5.02,20.4,19.41,19.69,19.73,0.78,4.94,-25.95,6.79,2602796800.0,2602796800.0,0.0,-0.36,42.27,37.56
3028,688088,虹软科技,44.67,-1.06,-0.48,39569.0,177751557.0,2.41,45.5,44.41,44.85,45.15,0.72,0.99,69.54,6.53,17920281768.0,17920281768.0,-0.02,-0.02,-7.11,-9.76
3029,600967,内蒙一机,15.9,-1.06,-0.17,176964.0,282232274.0,1.74,16.08,15.8,16.05,16.07,0.74,1.04,52.55,2.28,27058535205.0,27058535205.0,0.0,0.0,-2.99,-5.36
3030,002054,德美化工,9.34,-1.06,-0.1,259923.0,248528299.85,5.4,9.83,9.32,9.36,9.44,0.96,6.76,41.59,1.78,4502958322.0,3590068748.0,0.11,-0.11,22.09,26.56
3031,000430,ST张家界,7.47,-1.06,-0.08,43957.0,33166986.0,2.12,7.62,7.46,7.51,7.55,0.97,1.19,-202.53,11.29,6047976229.0,2768056950.0,0.0,0.0,10.01,-3.74
3032,300701,森霸传感,12.18,-1.06,-0.13,30102.0,36886972.75,2.19,12.42,12.15,12.28,12.31,0.73,1.21,42.13,3.54,3443713749.0,3034303804.0,0.0,0.0,-5.21,-6.31
3033,002659,凯文教育,5.62,-1.06,-0.06,93046.0,52820815.65,2.46,5.74,5.6,5.64,5.68,0.75,1.56,2636.22,1.55,3362335758.0,3362319955.0,-0.18,0.0,-7.57,-4.1
3034,002674,兴业科技,13.98,-1.06,-0.15,34172.0,48073114.94,2.55,14.27,13.91,14.06,14.13,0.6,1.17,78.14,1.72,4131802197.0,4090039855.0,0.0,0.14,1.45,-6.43
3035,000021,深科技,30.92,-1.06,-0.33,831084.0,2588350170.02,6.21,32.2,30.26,30.6,31.25,0.76,5.29,48.23,3.82,48596361617.0,48588590648.0,-0.03,-0.06,26.26,22.31
3036,002835,同为股份,16.75,-1.06,-0.18,20143.0,34091940.0,2.13,17.09,16.73,16.87,16.93,0.83,1.58,23.51,2.99,3676523344.0,2132077333.0,-0.12,0.0,-1.53,2.26
3037,600390,五矿资本,5.58,-1.06,-0.06,404844.0,226591940.0,1.6,5.64,5.55,5.62,5.64,1.15,0.9,24.96,0.59,25099205261.0,25099205261.0,0.18,0.18,1.27,0.54
3038,600481,双良节能,7.45,-1.06,-0.08,843004.0,635705752.0,4.12,7.7,7.39,7.49,7.53,0.72,4.08,-21.22,3.38,15378005634.0,15378005634.0,-0.13,0.0,29.34,13.91
3039,002234,民和股份,9.35,-1.06,-0.1,82745.0,78334339.28,3.28,9.62,9.31,9.41,9.45,1.13,2.75,-10.62,1.8,3262777982.0,2818170775.0,0.11,0.21,3.09,8.47
3040,300573,兴齐眼药,71.01,-1.06,-0.76,45688.0,325443853.37,1.77,71.95,70.68,71.5,71.77,0.69,2.41,21.91,9.38,17498960712.0,13458620240.0,0.07,0.11,-3.06,1.02
3041,601368,绿城水务,5.56,-1.07,-0.06,104121.0,58325849.0,2.49,5.68,5.54,5.64,5.62,1.02,1.18,27.2,1.01,4909330308.0,4909330308.0,-0.18,0.0,11.42,12.1
3042,000590,古汉医药,12.04,-1.07,-0.13,25726.0,31078331.15,2.38,12.23,11.94,12.16,12.17,0.54,1.07,-145.91,4.94,2883234055.0,2882031981.0,0.33,0.5,6.27,7.4
3043,688186,广大特材,26.75,-1.07,-0.29,166044.0,445389755.0,3.66,27.3,26.31,27.19,27.04,0.66,5.92,34.99,1.59,7503090273.0,7503090273.0,0.26,-0.22,23.33,17.95
3044,688163,赛伦生物,24.03,-1.07,-0.26,8321.0,20086265.0,2.43,24.47,23.88,24.01,24.29,0.82,0.77,50.29,2.34,2600526600.0,2600526600.0,0.21,0.21,5.91,10.38
3045,920026,卓兆点胶,35.02,-1.07,-0.38,3646.0,12809629.53,2.43,35.54,34.68,35.28,35.4,0.46,0.98,55.39,4.56,2874345155.0,1303255992.0,0.34,0.34,1.65,-1.35
3046,301488,豪恩汽电,133.53,-1.07,-1.45,7421.0,99498480.51,1.99,135.6,132.92,134.32,134.98,0.72,3.17,144.52,9.19,12284760000.0,3126229464.0,-0.04,0.21,-0.93,-12.75
3047,000061,农 产 品,9.22,-1.07,-0.1,89639.0,83396954.45,2.15,9.4,9.2,9.33,9.32,0.61,0.53,52.02,2.18,18301342246.0,15645722315.0,0.0,0.0,-1.5,-10.4
3048,300142,沃森生物,12.06,-1.07,-0.13,256536.0,310260380.28,1.64,12.2,12.0,12.14,12.19,0.92,1.65,88.51,1.99,19288143404.0,18764691140.0,0.0,-0.17,5.05,10.85
3049,603312,西典新能,48.97,-1.07,-0.53,31792.0,157794712.0,3.07,50.29,48.77,49.9,49.5,0.97,6.24,27.87,4.6,7835175515.0,2493527915.0,0.27,0.29,0.33,4.64
3050,301230,泓博医药,39.59,-1.07,-0.43,30498.0,121374506.98,1.95,40.28,39.5,39.8,40.02,0.71,2.43,119.27,5.39,5526233692.0,4973130710.0,-0.28,-0.3,29.13,32.99
3051,600736,苏州高新,6.45,-1.07,-0.07,165903.0,108429404.0,2.91,6.62,6.43,6.48,6.52,1.04,1.44,20.0,0.99,7425839250.0,7425839250.0,0.0,0.0,9.88,-4.59
3052,001388,信通电子,45.17,-1.07,-0.49,19901.0,90864264.07,2.23,46.17,45.15,45.49,45.66,1.05,6.38,74.9,5.06,7046520000.0,1409304000.0,0.02,-0.22,4.71,5.19
3053,301363,美好医疗,28.63,-1.07,-0.31,226651.0,656933762.85,8.78,30.5,27.96,28.77,28.94,1.85,6.07,58.67,4.4,16286781883.0,10684802119.0,-0.03,0.35,39.93,19.04
3054,600764,中国海防,26.72,-1.07,-0.29,71472.0,191912185.0,1.96,27.2,26.67,26.95,27.01,1.0,1.01,92.37,2.3,18988017194.0,18988017194.0,0.0,0.0,-4.47,-2.02
3055,603213,镇洋发展,13.7,-1.08,-0.15,29521.0,40845262.0,1.88,13.96,13.7,13.83,13.85,1.24,0.67,89.62,3.26,6055021264.0,6055021264.0,-0.15,-0.15,0.15,4.34
3056,600130,*ST波导,4.57,-1.08,-0.05,153363.0,70404936.0,2.16,4.65,4.55,4.61,4.62,0.9,2.04,731.37,3.57,3427500000.0,3427500000.0,0.22,0.22,11.19,9.07
3057,002712,思美传媒,5.47,-1.08,-0.06,112889.0,62236688.96,2.17,5.57,5.45,5.5,5.53,0.9,2.09,-151.03,2.18,2977190803.0,2958724493.0,0.0,0.0,-9.74,-1.62
3058,920021,流金科技,10.03,-1.08,-0.11,160029.0,162266187.06,4.83,10.47,9.98,10.0,10.14,0.7,6.46,296.28,4.82,3099269829.0,2482973370.0,0.0,-0.1,56.72,49.26
3059,601156,东航物流,18.4,-1.08,-0.2,74304.0,138334019.0,3.01,18.95,18.39,18.48,18.6,0.6,0.79,10.95,1.53,29211022230.0,17380558230.0,0.05,0.0,13.37,-0.05
3060,000408,藏格矿业,79.74,-1.08,-0.87,189635.0,1538020861.05,4.79,83.36,79.5,81.0,80.61,1.29,1.21,32.5,7.71,125209800906.0,125208425391.0,-0.04,0.1,17.26,-5.52
3061,001965,招商公路,10.1,-1.08,-0.11,149514.0,151849458.2,1.47,10.25,10.1,10.21,10.21,0.74,0.22,12.83,1.03,68630459419.0,68630459419.0,-0.3,-0.2,4.12,0.2
3062,600711,盛屯矿业,13.78,-1.08,-0.15,893648.0,1249195613.0,4.38,14.32,13.71,13.83,13.93,0.9,2.89,18.77,2.52,42588627173.0,42588627173.0,-0.14,-0.07,0.58,-9.1
3063,605339,南侨食品,17.27,-1.09,-0.19,11216.0,19555441.0,1.89,17.58,17.25,17.53,17.46,0.88,0.26,180.18,2.14,7327498938.0,7327498938.0,0.06,0.0,-19.3,-11.98
3064,601298,青岛港,9.09,-1.09,-0.1,103019.0,94138561.0,2.07,9.25,9.06,9.25,9.19,0.67,0.19,10.59,1.3,59004099000.0,49013961750.0,-0.11,0.11,8.21,8.99
3065,002145,钛能化学,5.46,-1.09,-0.06,1065489.0,590146920.24,3.62,5.63,5.43,5.51,5.52,0.77,2.86,49.32,1.72,20784430119.0,20359645974.0,0.0,0.18,11.2,11.43
3066,688320,禾川科技,32.73,-1.09,-0.36,16185.0,53307089.0,2.24,33.34,32.6,33.24,33.09,0.62,1.07,-38.45,4.04,4942677354.0,4942677354.0,-0.06,0.03,-5.57,-12.3
3067,300822,贝仕达克,15.44,-1.09,-0.17,17403.0,27115742.37,2.05,15.75,15.43,15.58,15.61,0.68,0.6,111.68,3.82,4810118928.0,4461882651.0,0.0,-0.06,-9.44,-3.86
3068,601666,平煤股份,9.09,-1.09,-0.1,449729.0,412895000.0,2.39,9.3,9.08,9.21,9.19,0.69,1.82,60.2,0.98,22446517987.0,22446517987.0,0.0,0.0,16.54,15.5
3069,603936,博敏电子,15.43,-1.09,-0.17,737921.0,1142808135.0,4.87,15.87,15.11,15.3,15.6,0.95,11.71,181.8,2.22,9727041202.0,9727041202.0,0.46,-0.19,32.9,21.5
3070,002651,利君股份,9.97,-1.09,-0.11,74548.0,74531133.66,1.29,10.09,9.96,10.08,10.08,0.93,1.32,179.05,3.72,10303596200.0,5637672501.0,0.0,0.0,-16.57,-14.71
3071,600816,建元信托,2.71,-1.09,-0.03,468623.0,127386502.0,1.46,2.74,2.7,2.73,2.74,1.14,0.86,388.02,1.92,26678454768.0,14821363760.0,0.0,-0.37,-5.9,-4.24
3072,301608,博实结,87.05,-1.1,-0.97,5354.0,46693872.99,2.22,88.11,86.16,88.0,88.02,0.75,1.34,32.19,3.66,7746579500.0,3476528908.0,-0.05,0.06,2.16,-3.85
3073,300167,ST迪威迅,6.3,-1.1,-0.07,122787.0,77232634.0,3.92,6.43,6.18,6.42,6.37,0.83,3.42,-261.12,85.36,2453056200.0,2261027475.0,0.48,0.64,15.17,27.27
3074,920198,微创光电,9.89,-1.1,-0.11,19606.0,19465895.38,1.8,10.04,9.86,9.95,10.0,0.46,2.78,-136.33,3.7,1595888694.0,696908770.0,-0.2,-0.1,0.41,-1.3
3075,603350,安乃达,35.94,-1.1,-0.4,6201.0,22491480.0,1.9,36.63,35.94,36.15,36.34,0.88,1.41,32.69,3.18,4186794360.0,1581360000.0,-0.08,-0.08,-4.92,-5.64
3076,003015,日久光电,17.08,-1.1,-0.19,74650.0,128550249.0,2.55,17.45,17.01,17.2,17.27,0.9,3.02,46.81,4.41,4800618672.0,4225620899.0,0.12,0.12,5.37,9.49
3077,603284,林平发展,49.27,-1.1,-0.55,18095.0,89306411.0,2.11,49.93,48.88,49.4,49.82,0.85,9.8,25.38,1.91,3715687196.0,910184566.0,0.0,-0.02,30.07,30.07
3078,002010,传化智联,6.31,-1.1,-0.07,301989.0,192398489.22,2.35,6.45,6.3,6.35,6.38,1.0,1.1,20.54,0.97,17441035029.0,17397054001.0,0.0,0.0,10.51,8.61
3079,603931,格林达,30.59,-1.1,-0.34,16984.0,52397768.0,2.55,31.31,30.52,30.78,30.93,0.67,0.85,49.61,3.78,6104490844.0,6104490844.0,-0.03,-0.07,-19.37,-3.13
3080,002806,华锋股份,15.35,-1.1,-0.17,58565.0,90722052.46,3.22,15.8,15.3,15.41,15.52,0.71,3.36,-246.42,2.83,3261555551.0,2672524567.0,-0.13,-0.26,25.2,23.19
3081,603021,ST华鹏,7.19,-1.1,-0.08,143856.0,102830219.0,4.4,7.31,6.99,7.21,7.27,1.14,4.5,-17.96,-56.18,2300426623.0,2300426623.0,-0.14,0.0,41.54,53.96
3082,301051,信濠光电,21.56,-1.1,-0.24,22953.0,49707887.44,2.71,21.95,21.36,21.72,21.8,0.69,1.43,-37.31,1.98,4377616911.0,3471331747.0,-0.14,-0.05,2.33,10.0
3083,600389,江山股份,31.55,-1.1,-0.35,194992.0,618471671.0,6.36,32.7,30.67,31.9,31.9,0.94,4.53,23.97,3.32,13587007500.0,13587007500.0,0.13,0.0,41.35,24.8
3084,688721,龙图光罩,43.25,-1.1,-0.48,6588.0,28587984.0,2.04,43.95,43.06,43.31,43.73,0.53,1.23,99.58,4.76,5773875000.0,2313206355.0,0.44,0.09,-2.35,-7.05
3085,920627,力王股份,23.16,-1.11,-0.26,36387.0,86081135.16,6.02,24.3,22.89,23.07,23.42,1.36,7.78,83.74,4.73,2187462000.0,1083598500.0,0.0,0.3,3.86,8.78
3086,603319,美湖股份,35.7,-1.11,-0.4,60445.0,216644615.0,2.35,36.23,35.38,35.88,36.1,0.59,1.78,70.61,4.88,12107643505.0,12107643505.0,-0.03,0.06,-7.18,-2.3
3087,300668,杰恩设计,27.54,-1.11,-0.31,67937.0,191898715.5,5.89,29.09,27.45,27.57,27.85,2.09,6.81,140.67,4.23,3315300258.0,2745568959.0,0.0,0.15,42.77,-5.62
3088,300907,康平科技,29.3,-1.11,-0.33,10027.0,29615581.0,2.87,29.99,29.14,29.64,29.63,0.82,1.04,42.65,3.52,2812800000.0,2812800000.0,0.03,0.24,-2.24,-1.21
3089,688132,邦彦技术,17.87,-1.11,-0.2,17893.0,32135289.0,2.38,18.2,17.77,18.09,18.07,0.82,1.65,-12.81,2.2,2720264395.0,1938818481.0,-0.06,0.06,-5.05,-2.99
3090,601086,国芳集团,8.94,-1.11,-0.1,48407.0,43612387.0,1.66,9.08,8.93,9.02,9.04,0.88,0.73,73.31,3.74,5954040000.0,5954040000.0,-0.11,-0.11,-15.26,-12.09
3091,603663,三祥新材,50.09,-1.11,-0.56,59561.0,300595460.0,2.61,51.18,49.86,50.5,50.65,0.63,1.41,203.99,16.04,21203084478.0,21179041278.0,0.0,-0.02,50.01,41.7
3092,002968,新大正,12.48,-1.11,-0.14,29850.0,37718025.0,3.09,12.84,12.45,12.63,12.62,1.01,1.4,20.4,2.23,2823946732.0,2660188852.0,-0.16,0.0,7.4,2.63
3093,605168,三人行,35.48,-1.11,-0.4,22144.0,79300683.0,3.04,36.35,35.26,35.87,35.88,0.52,1.05,38.83,2.79,7479786663.0,7479786663.0,-0.06,-0.06,2.87,-8.04
3094,000017,深中华A,7.14,-1.11,-0.08,66776.0,48122070.0,2.35,7.29,7.12,7.19,7.22,0.95,1.51,119.29,13.15,4920780422.0,3147468730.0,0.14,0.14,-11.08,-9.28
3095,000850,华茂股份,5.33,-1.11,-0.06,92884.0,50016432.8,2.97,5.47,5.31,5.37,5.39,0.82,0.98,21.98,1.1,5029734498.0,5028305365.0,0.19,0.0,13.65,-2.56
3096,300745,欣锐科技,25.64,-1.12,-0.29,43349.0,112425744.97,3.36,26.43,25.56,25.9,25.93,0.69,3.05,-51.76,1.91,4322045573.0,3648867655.0,-0.04,-0.04,-6.97,-0.47
3097,300756,金马游乐,42.51,-1.12,-0.48,25066.0,107082127.88,3.44,43.78,42.3,43.07,42.99,0.99,1.91,55.58,4.58,6699498462.0,5578602306.0,0.26,0.24,-25.41,-25.26
3098,300094,国联水产,3.54,-1.12,-0.04,444370.0,158896567.27,2.23,3.61,3.53,3.58,3.58,0.78,4.02,-3.74,3.88,3993712076.0,3913531592.0,-0.28,-0.28,-13.66,-0.56
3099,300912,凯龙高科,26.55,-1.12,-0.3,49800.0,133637714.0,2.79,27.19,26.44,26.85,26.85,0.64,5.8,-84.47,6.19,3050117100.0,2281593499.0,0.19,0.15,56.64,60.91
3100,300718,长盛轴承,73.15,-1.12,-0.83,23831.0,175029333.86,1.91,74.3,72.89,73.8,73.98,0.49,1.23,87.29,13.05,21855686045.0,14179544714.0,0.01,0.12,-11.72,-14.3
3101,300050,世纪鼎利,6.17,-1.12,-0.07,155428.0,96763662.0,1.6,6.27,6.17,6.24,6.24,0.9,2.85,163.29,8.2,3361704250.0,3359652299.0,-0.32,-0.16,6.2,11.57
3102,688567,孚能科技,14.14,-1.12,-0.16,142958.0,205381736.0,3.57,14.63,14.12,14.28,14.3,1.01,1.17,-22.52,1.87,17280548934.0,17280548934.0,-0.28,0.0,-13.99,-9.65
3103,002456,欧菲光,9.68,-1.12,-0.11,810872.0,790926082.34,2.55,9.88,9.63,9.7,9.79,0.82,2.44,-358.67,8.25,32543120755.0,32108844940.0,0.0,0.21,-12.16,-8.85
3104,301059,金三江,14.98,-1.12,-0.17,46863.0,71049227.5,2.77,15.35,14.93,15.04,15.15,0.74,2.27,48.77,5.67,3462686920.0,3096920649.0,0.0,-0.2,17.67,18.89
3105,688301,奕瑞科技,116.74,-1.12,-1.32,17830.0,209592289.0,2.53,118.99,116.0,117.05,118.06,0.62,0.89,37.33,4.0,24684572487.0,23394714562.0,-0.05,0.03,17.27,15.46
3106,002284,亚太股份,14.98,-1.12,-0.17,91402.0,137785809.08,1.72,15.21,14.95,15.07,15.15,0.62,1.25,25.28,3.46,11071723213.0,10953588312.0,-0.07,-0.13,19.08,0.33
3107,301270,汉仪股份,35.94,-1.13,-0.41,20624.0,74595985.9,1.73,36.52,35.89,36.1,36.35,0.76,2.18,242.47,3.65,3594000000.0,3396072813.0,0.11,0.08,-4.29,-3.85
3108,002077,大港股份,15.82,-1.13,-0.18,116594.0,185877179.0,2.69,16.19,15.76,15.95,16.0,0.93,2.01,113.85,2.74,9181113476.0,9181113476.0,0.0,0.0,4.15,6.39
3109,000710,贝瑞基因,11.35,-1.13,-0.13,56961.0,65081082.0,1.83,11.53,11.32,11.43,11.48,0.76,1.73,-57.25,2.48,4012468628.0,3740164626.0,0.0,0.0,-0.87,0.53
3110,000670,盈方微,7.86,-1.13,-0.09,159415.0,126434920.0,2.52,8.05,7.85,7.89,7.95,0.66,1.94,-114.88,237.69,6639540504.0,6459842040.0,-0.13,0.0,3.01,6.5
3111,603259,药明康德,90.87,-1.13,-1.04,227111.0,2073395291.0,1.56,92.15,90.72,91.15,91.91,0.79,0.92,16.84,3.8,271134012675.0,224746975954.0,-0.18,-0.14,-1.41,0.25
3112,002569,*ST步森,14.88,-1.13,-0.17,20679.0,31101800.0,3.52,15.4,14.87,15.05,15.05,0.82,1.48,-283.71,74.27,2142868800.0,2082551604.0,0.07,-0.13,43.08,19.52
3113,300458,全志科技,37.62,-1.13,-0.43,100388.0,380816233.08,2.13,38.39,37.58,37.99,38.05,0.73,1.49,118.49,9.98,31052578111.0,25418885487.0,-0.11,-0.08,-11.23,-10.49
3114,002331,皖通科技,8.72,-1.13,-0.1,50497.0,44394309.6,2.38,8.9,8.69,8.79,8.82,0.84,1.28,-47.71,2.21,3735924851.0,3451770972.0,0.0,0.23,-6.74,-2.24
3115,300306,远方信息,13.16,-1.13,-0.15,23910.0,31774916.36,2.1,13.43,13.15,13.31,13.31,0.68,1.52,49.0,2.38,3539497518.0,2074048768.0,-0.15,-0.08,-2.16,-4.29
3116,603278,大业股份,11.38,-1.13,-0.13,66821.0,76500976.0,2.17,11.6,11.35,11.42,11.51,0.99,1.96,124.79,1.94,3889221881.0,3889221881.0,0.0,-0.18,-3.23,-33.22
3117,002878,元隆雅图,16.6,-1.13,-0.19,52228.0,87202435.0,1.91,16.84,16.52,16.74,16.79,0.76,2.21,363.0,3.38,4349062668.0,3916485111.0,0.06,0.18,-10.7,-8.89
3118,688078,龙软科技,27.06,-1.13,-0.31,8517.0,23241725.0,2.81,27.65,26.88,27.36,27.37,1.06,1.17,-35.96,2.92,1972484580.0,1972484580.0,0.0,0.04,-3.91,-1.6
3119,600895,张江高科,37.24,-1.14,-0.43,147499.0,552674826.0,1.99,37.87,37.12,37.38,37.67,0.84,0.95,58.53,,57673198842.0,57673198842.0,0.0,0.03,-8.64,-15.17
3120,600739,辽宁成大,12.17,-1.14,-0.14,148582.0,181790661.0,2.03,12.38,12.13,12.27,12.31,1.01,0.97,10.23,0.63,18616568461.0,18616568461.0,0.0,0.16,6.38,8.86
3121,920184,国源科技,17.34,-1.14,-0.2,12055.0,21101370.62,2.22,17.69,17.3,17.61,17.54,0.71,1.35,106.13,3.66,2299521714.0,1549267478.0,0.0,-0.06,-1.37,-1.03
3122,300095,华伍股份,10.39,-1.14,-0.12,87705.0,91590271.2,2.28,10.58,10.34,10.46,10.51,0.69,2.59,79.44,2.61,4364736804.0,3519374351.0,0.1,0.1,-4.68,-14.27
3123,002906,华阳集团,30.27,-1.14,-0.35,58928.0,179328005.0,1.89,30.74,30.16,30.5,30.62,0.65,1.12,21.23,2.35,15889299371.0,15883564477.0,-0.03,0.1,3.45,-1.01
3124,300946,恒而达,47.9,-1.14,-0.55,11189.0,54063429.4,2.5,49.02,47.81,48.43,48.45,0.68,1.48,127.22,6.19,7472773620.0,3631025970.0,-0.02,0.04,-18.47,-14.03
3125,002679,福建金森,11.27,-1.14,-0.13,32725.0,37259856.8,2.72,11.55,11.24,11.39,11.4,0.66,1.39,-84.29,3.62,2656970120.0,2656970120.0,0.09,0.09,-24.31,-4.17
3126,300450,先导智能,51.9,-1.14,-0.6,497276.0,2607270676.81,2.5,53.1,51.79,52.2,52.5,1.01,3.19,54.93,6.38,86892092425.0,80933605440.0,-0.36,-0.31,3.8,3.84
3127,000925,众合科技,7.83,-1.14,-0.09,102428.0,80777029.6,2.02,7.96,7.8,7.92,7.92,0.87,1.52,-85.94,1.6,5295975988.0,5271502932.0,0.13,0.26,-9.38,-12.81
3128,603345,安井食品,86.79,-1.14,-1.0,38046.0,334129733.0,2.98,89.06,86.44,87.94,87.79,0.83,1.3,22.86,1.91,28926146408.0,25455006395.0,-0.07,0.09,8.79,9.47
3129,000889,中嘉博创,3.46,-1.14,-0.04,163052.0,56860139.11,2.57,3.53,3.44,3.51,3.5,0.94,1.87,-82.82,45.64,3239567261.0,3009679879.0,0.29,0.29,-6.74,-3.89
3130,003816,中国广核,4.33,-1.14,-0.05,2722112.0,1177438281.69,2.28,4.37,4.27,4.36,4.38,1.12,0.69,19.12,1.77,218659549223.0,170321052973.0,-0.23,-0.23,14.25,15.16
3131,920576,天力复合,69.0,-1.15,-0.8,18136.0,126214841.9,4.87,71.48,68.08,69.65,69.8,0.79,1.69,340.91,16.83,7517550000.0,7391808126.0,0.0,0.1,106.59,-2.29
3132,601858,中国科传,23.16,-1.15,-0.27,305957.0,712731298.0,4.18,23.82,22.84,23.04,23.43,1.88,3.87,44.24,3.34,18307980000.0,18307980000.0,0.13,0.26,24.72,27.6
3133,688212,澳华内镜,39.59,-1.15,-0.46,10621.0,42232738.0,2.07,40.28,39.45,39.91,40.05,0.53,0.79,465.14,4.06,5331397248.0,5331397248.0,-0.15,-0.25,-14.84,-9.43
3134,600567,山鹰国际,1.72,-1.15,-0.02,1403676.0,242929814.0,2.3,1.75,1.71,1.73,1.74,1.18,2.23,-28.09,0.65,10848819686.0,10848819686.0,0.0,0.0,1.78,1.78
3135,688393,安必平,25.7,-1.15,-0.3,10037.0,25847679.0,1.62,26.01,25.59,25.82,26.0,0.64,1.07,-53.47,2.02,2404689864.0,2404689864.0,0.16,0.16,10.73,8.48
3136,688107,安路科技,29.1,-1.15,-0.34,78042.0,225770408.0,2.75,29.38,28.57,29.33,29.44,1.09,1.95,-42.85,12.38,11664716580.0,11664716580.0,1.64,1.75,7.78,7.06
3137,000029,深深房Ａ,20.63,-1.15,-0.24,32474.0,68073904.14,3.02,21.24,20.61,20.89,20.87,0.7,0.36,107.86,5.7,20870545800.0,18394945800.0,0.05,0.1,-15.14,-6.31
3138,001328,登康口腔,34.42,-1.15,-0.4,8121.0,28125675.61,2.21,35.0,34.23,34.75,34.82,0.66,1.76,32.71,4.06,5926222196.0,1584393904.0,0.09,0.09,-5.44,-12.82
3139,603124,江南新材,100.4,-1.15,-1.17,10588.0,106808494.0,3.76,103.12,99.3,100.5,101.57,0.46,3.62,66.42,8.14,14632817980.0,2934257770.0,-0.23,-0.01,31.71,27.3
3140,603108,润达医疗,14.57,-1.15,-0.17,92809.0,135795722.0,1.42,14.74,14.53,14.72,14.74,0.81,1.54,-40.55,2.13,8795643199.0,8795643199.0,0.0,-0.14,-7.14,-2.54
3141,300285,国瓷材料,37.98,-1.15,-0.44,504436.0,1941133168.91,5.02,39.43,37.5,38.38,38.42,0.93,6.0,58.03,5.4,37867894396.0,31954277289.0,-0.47,-0.45,62.31,38.56
3142,301132,满坤科技,39.66,-1.15,-0.46,51962.0,205752410.12,2.57,40.24,39.21,39.68,40.12,0.52,5.48,43.17,3.23,5873100635.0,3757167930.0,0.1,0.03,15.76,19.1
3143,300909,汇创达,41.37,-1.15,-0.48,22061.0,91910652.4,2.82,42.3,41.12,41.75,41.85,0.53,1.81,93.09,3.55,7155892141.0,5055871180.0,-0.12,-0.07,-7.03,-13.99
3144,300088,长信科技,6.81,-1.16,-0.08,1164571.0,801078467.47,2.76,6.97,6.78,6.83,6.89,1.16,4.69,44.68,1.95,17009565673.0,16926279836.0,0.0,-0.15,12.75,12.38
3145,603197,保隆科技,34.1,-1.16,-0.4,15891.0,54539884.0,1.68,34.64,34.06,34.45,34.5,0.75,0.74,27.6,2.27,7285800680.0,7285800680.0,0.0,-0.12,-2.71,-7.81
3146,002660,茂硕电源,9.37,-1.16,-0.11,45074.0,42430145.0,2.43,9.52,9.29,9.47,9.48,0.89,1.31,-43.27,2.78,3341585798.0,3213785473.0,0.75,0.64,-7.68,1.74
3147,002787,华源控股,12.76,-1.16,-0.15,70653.0,91028985.0,2.48,13.02,12.7,12.91,12.91,0.76,2.82,37.47,2.29,4276853403.0,3200975055.0,0.16,0.08,2.57,2.49
3148,603028,赛福天,9.35,-1.16,-0.11,40609.0,38357815.0,2.75,9.57,9.31,9.5,9.46,0.75,1.43,1416.46,5.24,2683824000.0,2657176500.0,0.21,0.11,17.31,0.32
3149,605277,新亚电子,23.0,-1.16,-0.27,50265.0,116342800.0,2.15,23.41,22.91,23.02,23.27,0.58,1.58,35.24,4.61,7451720527.0,7317100009.0,-0.09,0.04,0.35,4.55
3150,600449,宁夏建材,13.63,-1.16,-0.16,82848.0,113727249.0,2.25,13.86,13.55,13.74,13.79,0.91,1.73,22.08,0.88,6517607602.0,6517607602.0,0.37,0.29,6.73,10.28
3151,600965,福成股份,5.96,-1.16,-0.07,195721.0,118719558.0,4.31,6.2,5.94,6.09,6.03,1.24,2.39,68.04,2.24,4879457692.0,4879457692.0,0.0,0.0,5.67,0.17
3152,688331,荣昌生物,112.0,-1.16,-1.31,59601.0,666054525.0,5.06,114.8,109.07,111.93,113.31,0.62,3.65,89.23,16.67,63221478096.0,18266428544.0,0.13,0.04,31.32,43.98
3153,603616,韩建河山,6.82,-1.16,-0.08,227258.0,157884361.0,4.06,7.08,6.8,6.9,6.9,0.71,5.91,205.06,10.63,2668788760.0,2620878260.0,-0.29,-0.15,25.83,31.41
3154,300565,科信技术,13.64,-1.16,-0.16,166770.0,230356272.0,4.71,14.12,13.47,13.75,13.8,0.79,7.31,-36.64,6.05,3405970908.0,3112718178.0,0.0,0.07,5.57,8.17
3155,600228,*ST返利,5.97,-1.16,-0.07,54212.0,32431592.0,2.15,6.05,5.92,5.99,6.04,0.78,1.3,-41.66,6.02,2487534389.0,2483741947.0,0.0,-0.33,-4.94,6.42
3156,603890,春秋电子,14.44,-1.16,-0.17,65505.0,95253094.0,2.33,14.73,14.39,14.52,14.61,0.59,1.47,20.95,2.12,6451907636.0,6451907636.0,0.07,0.0,-14.05,-10.48
3157,600667,太极实业,10.24,-1.16,-0.12,1483795.0,1533882658.0,6.47,10.68,10.01,10.22,10.36,0.94,7.09,36.36,2.47,21417391903.0,21417391903.0,0.1,-0.1,30.61,28.48
3158,301282,金禄电子,32.52,-1.16,-0.38,79012.0,257896676.46,2.86,33.17,32.23,32.88,32.9,0.63,6.72,59.98,2.87,4915071759.0,3823771713.0,0.12,0.09,14.67,11.91
3159,601375,中原证券,4.25,-1.16,-0.05,318804.0,136328257.0,1.4,4.31,4.25,4.28,4.3,0.9,0.92,38.0,1.38,19732259975.0,14651958725.0,-0.23,-0.23,-1.62,-1.16
3160,688082,盛美上海,153.48,-1.17,-1.82,21667.0,334270545.0,2.68,156.5,152.34,153.83,155.3,1.03,0.5,52.79,5.47,73695691816.0,66975573239.0,0.12,0.3,-6.41,-12.82
3161,601319,中国人保,8.46,-1.17,-0.1,481378.0,409411446.0,1.52,8.57,8.44,8.53,8.56,1.05,0.14,5.99,1.19,374134960332.0,300311020692.0,0.0,0.12,-0.24,-5.47
3162,002374,中锐股份,3.39,-1.17,-0.04,212442.0,72837203.0,2.33,3.47,3.39,3.41,3.43,0.91,1.96,-29.22,4.37,3678859469.0,3678859469.0,-0.29,-0.29,-6.09,-5.83
3163,600906,财达证券,6.73,-1.17,-0.08,211054.0,142818544.0,1.76,6.83,6.71,6.78,6.81,0.98,0.99,24.67,1.78,21838850000.0,14296101214.0,0.0,0.15,-1.61,0.9
3164,603055,台华新材,10.16,-1.17,-0.12,476840.0,507758923.0,11.58,11.29,10.1,10.5,10.28,2.99,5.38,16.2,1.76,9045378790.0,9012431942.0,0.0,0.0,14.03,7.63
3165,920363,莱赛激光,17.72,-1.17,-0.21,8078.0,14361431.45,2.96,18.09,17.56,17.9,17.93,0.73,1.58,338.81,4.8,1691374000.0,905307180.0,0.34,0.28,0.11,-8.33
3166,001318,阳光乳业,14.32,-1.17,-0.17,22100.0,31898150.0,1.86,14.57,14.3,14.49,14.49,0.87,0.78,34.74,2.81,4047691200.0,4047691200.0,-0.07,0.07,-10.16,-8.09
3167,920593,鼎智科技,29.64,-1.17,-0.35,14393.0,43254874.34,2.93,30.48,29.6,30.12,29.99,0.82,0.89,195.24,7.84,5640622179.0,4790128610.0,-0.13,-0.2,-9.74,-18.84
3168,600348,华阳股份,10.15,-1.17,-0.12,601545.0,614454621.0,3.02,10.42,10.11,10.27,10.27,0.86,1.67,24.43,1.33,36616125000.0,36616125000.0,0.1,0.1,33.73,22.88
3169,001360,南矿集团,22.8,-1.17,-0.27,41912.0,97574954.87,4.72,23.82,22.73,22.99,23.07,1.21,5.12,61.98,3.28,4651200000.0,1864610129.0,-0.18,0.0,10.14,5.8
3170,600438,通威股份,19.32,-1.18,-0.23,1110059.0,2153374971.0,3.27,19.74,19.1,19.5,19.55,1.15,2.47,-12.38,2.08,86978448519.0,86978448519.0,0.0,-0.05,-14.81,-5.85
3171,600288,大恒科技,15.07,-1.18,-0.18,61637.0,93533072.0,2.56,15.39,15.0,15.25,15.25,0.81,1.41,71.82,3.46,6582576000.0,6582576000.0,0.07,0.27,-1.25,0.6
3172,002698,博实股份,15.11,-1.18,-0.18,62590.0,95124688.24,1.7,15.33,15.07,15.24,15.29,0.79,0.74,27.23,3.89,15450904401.0,12700541706.0,-0.07,0.07,-7.07,-10.11
3173,300355,蒙草生态,4.17,-1.18,-0.05,508244.0,215008252.87,3.08,4.29,4.16,4.21,4.22,1.02,3.91,67.48,1.56,6689689478.0,5414615555.0,0.24,0.24,0.72,3.22
3174,002702,海欣食品,5.85,-1.18,-0.07,149991.0,88555310.8,2.2,5.96,5.83,5.91,5.92,0.82,3.27,-86.51,3.11,3251196000.0,2683650938.0,-0.17,0.0,-47.11,-17.84
3175,600169,ST太重,2.51,-1.18,-0.03,265386.0,66913881.0,1.18,2.54,2.51,2.53,2.54,1.1,0.8,74.07,1.65,8401228957.0,8366185165.0,-0.4,-0.4,7.73,10.09
3176,300865,大宏立,28.42,-1.18,-0.34,8798.0,25318321.0,3.23,29.3,28.37,28.76,28.76,0.76,1.56,195.7,3.13,2719225600.0,1598665868.0,-0.42,0.18,1.25,4.37
3177,300662,科锐国际,25.19,-1.18,-0.3,23108.0,58665872.24,1.96,25.58,25.08,25.44,25.49,0.74,1.18,16.3,2.19,4957552183.0,4944383682.0,0.08,0.12,-0.55,-0.55
3178,001376,百通能源,21.77,-1.18,-0.26,198704.0,447581602.0,8.17,23.4,21.6,22.37,22.03,1.28,9.3,56.85,8.58,10033793000.0,4653398739.0,0.0,0.18,77.86,29.28
3179,002060,广东建工,4.17,-1.18,-0.05,898959.0,377844873.09,4.74,4.34,4.14,4.25,4.22,1.74,5.75,21.03,1.14,15655819819.0,6516937132.0,0.48,0.0,11.5,15.83
3180,301035,润丰股份,82.26,-1.19,-0.99,19934.0,166346453.54,4.42,85.19,81.51,83.0,83.25,1.25,0.71,19.47,3.16,23096220321.0,23061161109.0,-0.01,0.7,15.26,20.95
3181,002423,中粮资本,10.75,-1.19,-0.13,184903.0,199966352.43,2.48,10.97,10.7,10.86,10.88,1.13,0.8,18.12,1.11,24769134931.0,24769134931.0,0.0,0.09,-7.57,-8.12
3182,000544,中原环保,9.17,-1.19,-0.11,74594.0,68814521.96,1.72,9.32,9.16,9.27,9.28,0.7,0.77,6.53,0.99,8937856755.0,8937856755.0,-0.11,-0.11,8.52,10.22
3183,600480,凌云股份,10.77,-1.19,-0.13,93583.0,101590321.0,1.83,10.95,10.75,10.88,10.9,1.0,0.78,16.78,1.69,13164003279.0,12968824578.0,-0.09,-0.09,-9.19,-12.37
3184,601108,财通证券,8.3,-1.19,-0.1,389680.0,324986589.0,1.67,8.41,8.27,8.37,8.4,1.17,0.84,14.19,1.04,38543237191.0,38543237191.0,-0.12,0.12,-0.84,-4.82
3185,600684,珠江股份,4.99,-1.19,-0.06,149934.0,75654863.0,2.97,5.11,4.96,5.01,5.05,0.66,1.76,112.81,8.57,5519310672.0,4258769008.0,0.2,0.2,9.67,14.45
3186,605358,立昂微,36.46,-1.19,-0.44,82768.0,304336771.0,2.6,37.33,36.37,36.42,36.9,0.68,1.23,-170.05,3.49,24478419858.0,24478419858.0,-0.03,-0.08,20.89,4.71
3187,300237,ST美晨,2.46,-1.2,-0.03,177871.0,44084818.42,2.01,2.5,2.45,2.48,2.49,0.72,1.23,-14.29,-20.32,3547110728.0,3547077518.0,0.0,-0.4,-11.19,-4.65
3188,300587,天铁科技,6.57,-1.2,-0.08,275951.0,182988696.24,2.86,6.73,6.54,6.64,6.65,0.9,2.62,-110.3,3.56,8529625996.0,6911229447.0,0.0,0.15,-10.0,7.18
3189,300207,欣旺达,27.08,-1.2,-0.33,998526.0,2740084127.17,3.65,28.0,27.0,27.25,27.41,1.35,5.83,26.7,2.0,50029283038.0,46410711511.0,0.15,0.04,-7.01,3.56
3190,920699,海达尔,43.53,-1.2,-0.53,2238.0,9727689.92,4.24,44.45,42.58,43.62,44.06,0.94,1.07,30.58,5.79,1986069309.0,908701809.0,0.97,0.6,-11.47,-7.74
3191,688800,瑞可达,86.92,-1.2,-1.06,60109.0,526052634.0,3.86,89.47,86.07,87.0,87.98,0.7,2.92,58.22,7.53,17877213198.0,17877213198.0,0.01,0.07,-3.21,4.72
3192,688169,石头科技,132.77,-1.2,-1.61,60295.0,791496440.0,3.18,133.79,129.51,133.67,134.38,2.03,2.33,25.29,2.45,34401552479.0,34401552479.0,2.04,2.08,-14.23,-12.69
3193,603255,鼎际得,30.45,-1.2,-0.37,9202.0,28330005.0,2.76,31.15,30.3,30.66,30.82,0.83,1.52,338.11,2.58,4098316260.0,1847561302.0,-0.03,0.07,-4.81,3.85
3194,603535,嘉诚国际,9.07,-1.2,-0.11,32705.0,29899423.0,1.63,9.22,9.07,9.22,9.18,1.19,0.64,23.37,1.76,4634028391.0,4634028391.0,-0.22,0.0,-14.35,-15.31
3195,300539,横河精密,28.91,-1.2,-0.35,48264.0,140382036.32,2.56,29.54,28.79,29.23,29.26,0.64,2.22,155.02,6.67,7750790138.0,6299148932.0,-0.03,-0.03,-31.54,-31.2
3196,920403,康农种业,24.61,-1.2,-0.3,36121.0,91233372.47,5.34,25.85,24.52,25.16,24.91,0.75,6.11,30.45,4.36,2445276179.0,1454293004.0,-0.04,-0.16,17.53,7.99
3197,600975,新五丰,5.77,-1.2,-0.07,179746.0,104458404.0,1.71,5.86,5.76,5.84,5.84,0.87,1.44,-410.7,2.41,7210548240.0,7210548240.0,-0.17,-0.17,-2.86,-2.04
3198,000404,长虹华意,7.34,-1.21,-0.09,226560.0,167779278.16,2.29,7.48,7.31,7.4,7.43,1.44,3.27,10.09,1.2,5108610486.0,5084561658.0,0.14,0.27,6.53,8.42
3199,688203,海正生材,13.01,-1.21,-0.16,15807.0,20816926.0,2.66,13.36,13.01,13.09,13.17,0.66,0.78,286.2,1.79,2636841665.0,2636841665.0,-0.08,-0.23,0.85,1.8
3200,600262,北方股份,26.93,-1.21,-0.33,31005.0,84297518.0,2.49,27.56,26.88,27.14,27.26,0.68,1.82,18.95,2.6,4578100000.0,4578100000.0,-0.11,-0.07,7.68,3.46
3201,600378,昊华科技,34.4,-1.21,-0.42,54140.0,188134326.0,2.61,35.26,34.35,34.72,34.82,0.72,0.5,27.02,2.47,44375986928.0,36896248487.0,-0.09,-0.15,15.63,7.63
3202,603341,龙旗科技,41.47,-1.21,-0.51,47725.0,199296920.0,2.24,42.23,41.29,41.71,41.98,0.65,1.79,32.04,3.39,21671834007.0,11039846102.0,0.0,0.19,-8.15,-1.87
3203,000507,珠海港,5.7,-1.21,-0.07,302421.0,173377789.48,2.43,5.8,5.66,5.8,5.77,1.03,3.35,15.83,0.96,5242488902.0,5143420394.0,0.18,0.35,7.14,9.4
3204,603825,ST华扬,9.0,-1.21,-0.11,12444.0,11276230.0,1.54,9.13,8.99,9.09,9.11,0.8,0.49,-6.4,13.87,2280028968.0,2280028968.0,-0.11,-0.11,-1.42,-0.66
3205,300628,亿联网络,34.2,-1.21,-0.42,67199.0,231151498.15,1.56,34.69,34.15,34.5,34.62,0.84,0.93,16.66,4.65,43322196335.0,24818842427.0,0.06,0.03,-0.58,-4.07
3206,300210,森远股份,8.99,-1.21,-0.11,53738.0,48911023.51,2.97,9.23,8.96,9.11,9.1,0.72,1.11,386.91,10.54,4353137377.0,4348965973.0,-0.11,-0.11,-6.06,1.12
3207,600651,飞乐音响,7.27,-1.22,-0.09,151845.0,111280678.0,2.04,7.4,7.25,7.35,7.36,0.89,0.61,385.16,7.31,18226093669.0,18226093669.0,-0.14,-0.27,-11.66,-0.27
3208,300059,东方财富,21.1,-1.22,-0.26,1766135.0,3748142630.14,1.87,21.46,21.06,21.3,21.36,0.96,1.32,27.49,3.75,333465194943.0,282241744769.0,-0.05,-0.05,-9.36,-8.97
3209,301203,国泰环保,43.71,-1.22,-0.54,13053.0,57805152.05,2.8,44.91,43.67,44.19,44.25,0.6,2.98,26.72,2.45,3496800000.0,1916355675.0,-0.05,-0.05,33.96,33.92
3210,920221,易实精密,15.38,-1.22,-0.19,5262.0,8167647.32,2.31,15.73,15.37,15.57,15.57,0.81,0.85,29.8,4.25,1784695200.0,949944285.0,0.0,-0.06,-5.18,-10.74
3211,688069,德林海,25.87,-1.22,-0.32,11075.0,28823122.0,2.75,26.42,25.7,26.29,26.19,0.46,0.98,55.89,2.25,2923310000.0,2923310000.0,0.31,-0.08,14.93,15.34
3212,002838,道恩股份,26.01,-1.22,-0.32,19004.0,49883665.95,2.47,26.6,25.95,26.19,26.33,0.59,0.45,71.46,3.46,12443142436.0,10940631141.0,0.0,-0.04,6.16,8.01
3213,301161,唯万密封,32.49,-1.22,-0.4,18233.0,59993953.32,2.61,33.28,32.42,32.99,32.89,0.7,1.52,41.9,4.23,3898800000.0,3898800000.0,-0.18,-0.03,-1.07,-14.18
3214,688092,爱科科技,30.7,-1.22,-0.38,9594.0,29703077.0,2.93,31.35,30.44,30.99,31.08,0.78,1.16,49.84,3.84,2537776818.0,2537776818.0,-0.03,0.36,21.73,22.12
3215,600250,南京商旅,11.36,-1.22,-0.14,73188.0,83953179.0,2.17,11.58,11.33,11.45,11.5,1.06,2.34,140.43,5.65,3553310349.0,3553310349.0,-0.18,-0.18,-8.09,-1.3
3216,002267,陕天然气,8.13,-1.22,-0.1,261081.0,214068908.04,2.79,8.34,8.11,8.23,8.23,0.75,2.35,14.3,1.37,9041173368.0,9041173368.0,-0.12,-0.12,2.91,7.97
3217,600008,首创环保,3.23,-1.22,-0.04,936278.0,304544119.0,1.53,3.28,3.23,3.27,3.27,0.79,1.28,12.4,1.14,23710107887.0,23710107887.0,-0.31,-0.31,8.39,9.12
3218,000999,华润三九,29.12,-1.22,-0.36,105129.0,308729932.49,2.07,29.7,29.09,29.46,29.48,0.77,0.63,14.16,2.19,48462024025.0,48417649367.0,-0.14,-0.03,3.96,2.32
3219,920284,灵鸽科技,35.6,-1.22,-0.44,24115.0,87541448.79,5.33,37.12,35.2,36.05,36.04,0.83,3.56,-454.34,11.99,3730368962.0,2412338414.0,-0.34,-0.34,-13.17,-4.43
3220,300284,苏交科,7.28,-1.22,-0.09,90771.0,66701378.88,2.17,7.42,7.26,7.32,7.37,0.76,0.76,87.24,1.09,9193386195.0,8716725174.0,0.0,0.0,-9.9,-7.61
3221,002909,集泰股份,7.26,-1.22,-0.09,82429.0,60590135.5,2.72,7.44,7.24,7.34,7.35,0.96,2.17,-492.57,3.15,2831400000.0,2761680855.0,-0.14,-0.14,4.16,6.61
3222,300797,钢研纳克,16.12,-1.23,-0.2,28224.0,45810000.0,1.96,16.41,16.09,16.3,16.32,0.78,0.75,46.41,4.88,6169578745.0,6101288864.0,0.06,0.0,-1.04,-4.9
3223,920856,浩淼科技,14.5,-1.23,-0.18,6538.0,9582760.16,3.41,14.9,14.4,14.68,14.68,1.0,1.23,77.9,2.92,1379336106.0,769370537.0,0.0,0.07,-13.02,-13.38
3224,920942,恒立钻具,28.85,-1.23,-0.36,8857.0,25858616.2,2.88,29.69,28.85,29.19,29.21,0.49,2.14,82.86,3.55,1769286835.0,1193707755.0,-0.07,-0.07,-4.88,-6.09
3225,601933,永辉超市,4.01,-1.23,-0.05,1128024.0,455158201.0,1.97,4.08,4.0,4.04,4.06,1.16,1.24,-38.45,9.86,36390898342.0,36390898342.0,0.0,0.25,-15.58,-14.5
3226,600375,汉马科技,5.62,-1.23,-0.07,209710.0,118647496.0,1.76,5.71,5.61,5.64,5.69,0.91,1.43,166.29,2.69,9009261083.0,8220293971.0,0.0,0.18,-5.07,-4.42
3227,000561,烽火电子,10.47,-1.23,-0.13,105459.0,111097309.0,1.79,10.65,10.46,10.55,10.6,0.72,1.47,-77.37,2.87,9046270952.0,7500667387.0,-0.1,-0.1,-10.05,-14.32
3228,300445,康斯特,20.8,-1.23,-0.26,23000.0,48137486.13,1.9,21.13,20.73,21.07,21.06,0.72,1.62,35.13,3.48,4418544270.0,2954946654.0,0.0,-0.1,-1.89,-20.18
3229,688562,航天软件,20.03,-1.23,-0.25,40957.0,82759586.0,2.42,20.46,19.97,20.46,20.28,0.9,2.37,-708.24,4.65,8012000000.0,3465590600.0,-0.1,0.0,-3.14,-16.12
3230,300275,梅安森,12.07,-1.23,-0.15,39456.0,47842283.8,1.72,12.25,12.04,12.19,12.22,0.92,1.45,70.42,3.94,3717621171.0,3276539738.0,0.0,0.0,-8.07,-9.32
3231,002180,纳思达,19.23,-1.23,-0.24,78169.0,151382901.22,2.77,19.65,19.11,19.46,19.47,0.95,0.57,-57.57,2.85,27342731689.0,26250792253.0,0.0,0.16,3.44,-4.9
3232,603098,森特股份,16.91,-1.23,-0.21,200916.0,346255293.0,3.97,17.58,16.9,17.12,17.12,1.55,3.73,71.09,3.23,9126326628.0,9111107628.0,-0.06,-0.24,30.98,21.57
3233,301175,中科环保,7.21,-1.23,-0.09,613650.0,447525422.22,3.56,7.45,7.19,7.3,7.3,0.69,9.87,27.8,2.86,10612254800.0,4483754800.0,0.0,-0.14,34.01,22.0
3234,000100,TCL科技,4.83,-1.23,-0.06,3910037.0,1904096961.27,2.45,4.93,4.81,4.85,4.89,0.8,2.04,24.73,1.65,100468165619.0,92407495515.0,0.0,0.21,8.05,6.39
3235,600682,南京新百,7.18,-1.24,-0.09,152359.0,110052907.0,1.38,7.26,7.16,7.24,7.27,0.81,1.31,34.1,0.55,9658049347.0,8357952775.0,0.0,0.0,-8.3,-17.85
3236,603167,渤海轮渡,9.54,-1.24,-0.12,89513.0,85965674.0,1.97,9.7,9.51,9.61,9.66,1.11,1.91,12.35,1.28,4475638559.0,4475638559.0,0.0,0.1,-3.15,1.17
3237,002239,奥特佳,3.19,-1.24,-0.04,742465.0,239236447.93,2.17,3.25,3.18,3.21,3.23,0.88,2.27,70.5,1.89,10585492848.0,10419025186.0,0.0,0.0,5.98,7.05
3238,301596,瑞迪智驱,69.03,-1.24,-0.87,4316.0,30094548.16,2.29,70.48,68.88,69.8,69.9,0.66,1.38,50.38,6.27,5326720659.0,2161785795.0,0.12,0.04,-7.09,-12.2
3239,601099,太平洋,3.99,-1.24,-0.05,1017351.0,407920854.0,1.49,4.04,3.98,4.02,4.04,1.09,1.49,83.04,2.73,27197102316.0,27197102316.0,-0.25,0.0,-2.92,-2.92
3240,688122,西部超导,78.0,-1.24,-0.98,152580.0,1197335123.0,3.57,80.23,77.41,78.44,78.98,0.93,2.35,60.29,7.11,50673830766.0,50673830766.0,0.15,0.19,15.1,4.59
3241,688200,华峰测控,251.14,-1.24,-3.15,21684.0,550428766.0,3.6,259.36,250.2,255.06,254.29,1.13,1.6,63.23,8.33,34037814127.0,34037814127.0,-0.5,-0.29,41.47,32.04
3242,688651,盛邦安全,44.44,-1.24,-0.56,18967.0,84965465.0,5.2,46.0,43.66,44.6,45.0,0.66,5.84,-76.6,3.57,3350731560.0,1442274691.0,-0.49,-0.04,7.19,0.95
3243,300403,汉宇集团,12.68,-1.25,-0.16,68667.0,87630233.6,2.02,12.9,12.64,12.77,12.84,0.77,1.61,33.99,3.58,7646040000.0,5415166359.0,0.0,0.08,-9.1,-12.01
3244,600977,中国电影,13.44,-1.25,-0.17,233839.0,317103478.0,1.84,13.69,13.44,13.54,13.61,0.95,1.25,283.61,2.27,25092480000.0,25092480000.0,-0.07,-0.15,-22.09,-14.5
3245,688173,希荻微,15.05,-1.25,-0.19,53531.0,81204692.0,3.02,15.43,14.97,15.24,15.24,0.72,1.31,-56.79,4.35,6212914241.0,6170887658.0,-0.4,-0.27,-1.05,2.38
3246,300270,中威电子,11.07,-1.25,-0.14,48589.0,54305505.0,2.77,11.33,11.02,11.1,11.21,0.61,1.86,-58.04,5.95,3352062730.0,2888497845.0,0.09,0.09,-1.6,1.0
3247,601162,天风证券,3.96,-1.25,-0.05,1068449.0,425414466.0,1.75,4.02,3.95,4.01,4.01,1.06,1.24,195.39,1.46,39892981527.0,34047963077.0,-0.25,-0.25,-7.69,-4.81
3248,688566,吉贝尔,29.95,-1.25,-0.38,30631.0,91872432.0,2.31,30.39,29.69,30.23,30.33,0.96,1.54,23.09,2.46,5972954407.0,5972954407.0,-0.13,0.34,2.39,0.34
3249,002079,苏州固锝,10.3,-1.25,-0.13,204277.0,212128310.77,2.3,10.51,10.27,10.39,10.43,0.81,2.52,100.17,2.71,8349279045.0,8341442413.0,-0.1,0.1,7.18,7.85
3250,601777,千里科技,10.23,-1.25,-0.13,217057.0,223708548.0,2.32,10.43,10.19,10.36,10.36,0.91,0.48,651.06,4.42,46250853726.0,46250853726.0,-0.29,-0.1,-2.76,-3.76
3251,600556,天下秀,6.31,-1.25,-0.08,401453.0,255207987.0,1.72,6.41,6.3,6.38,6.39,0.8,2.22,239.93,2.97,11406887621.0,11406887621.0,-0.32,-0.16,0.64,3.95
3252,688627,精智达,231.75,-1.25,-2.93,22020.0,514887410.0,3.77,238.89,230.04,230.04,234.68,0.61,3.04,316.59,12.53,21787223990.0,16767503694.0,-0.09,-0.07,17.57,3.65
3253,300287,飞利信,4.73,-1.25,-0.06,196792.0,93614195.72,1.88,4.8,4.71,4.78,4.79,0.85,1.49,-50.41,6.32,6788845112.0,6235189909.0,0.0,0.0,-11.92,-3.27
3254,000566,海南海药,5.55,-1.25,-0.07,245105.0,137034428.69,1.78,5.64,5.54,5.59,5.62,0.96,1.89,-22.29,25.87,7200376449.0,7196882763.0,-0.18,-0.18,-29.03,-22.38
3255,301592,六九一二,115.47,-1.25,-1.46,6037.0,70258045.38,2.06,117.58,115.17,116.8,116.93,0.59,2.58,-269.41,9.22,8082900000.0,2697197219.0,0.08,0.08,-0.05,-5.51
3256,002226,江南化工,6.3,-1.25,-0.08,521835.0,332588674.4,2.35,6.44,6.29,6.34,6.38,0.95,1.97,18.84,1.63,16688213987.0,16687877018.0,0.0,-0.16,7.14,8.43
3257,300347,泰格医药,55.11,-1.25,-0.7,108408.0,599425168.79,2.92,56.33,54.7,55.6,55.81,1.47,1.91,34.88,2.24,47451145616.0,31204064893.0,0.49,0.64,10.75,-2.8
3258,000096,广聚能源,11.04,-1.25,-0.14,182693.0,204251722.0,2.86,11.33,11.01,11.26,11.18,0.57,3.58,142.53,2.09,5829120000.0,5639761920.0,0.0,-0.18,3.66,7.5
3259,301345,涛涛车业,208.99,-1.25,-2.65,8210.0,173045309.76,2.66,213.65,208.01,210.88,211.64,0.61,2.83,28.18,6.67,22790165348.0,6072820135.0,-0.32,0.0,-5.43,-16.84
3260,002058,*ST威尔,21.2,-1.26,-0.27,8915.0,19037160.0,2.79,21.6,21.0,21.47,21.47,0.51,0.62,11.68,76.01,3041104638.0,3034096957.0,0.09,-0.05,-3.2,-9.32
3261,601113,华鼎股份,4.7,-1.26,-0.06,276875.0,131409490.0,3.15,4.84,4.69,4.75,4.76,1.32,2.51,20.73,1.31,5189515462.0,5189515462.0,-0.42,-0.21,6.82,0.43
3262,300014,亿纬锂能,68.22,-1.26,-0.87,710458.0,4913836939.52,3.47,70.36,67.96,68.69,69.09,1.06,3.55,37.69,3.53,141496541033.0,136427110172.0,0.0,-0.23,-4.56,3.74
3263,920346,威贸电子,22.8,-1.26,-0.29,5923.0,13663335.96,2.56,23.35,22.76,23.09,23.09,1.22,1.33,37.92,3.86,1838890748.0,1016964770.0,-0.04,-0.26,-6.13,-8.87
3264,920087,秋乐种业,18.03,-1.26,-0.23,106188.0,196674899.47,7.56,19.16,17.78,18.32,18.26,0.82,6.47,237.34,5.43,2978556000.0,2957751634.0,0.11,0.0,14.84,13.04
3265,000838,财信发展,2.35,-1.26,-0.03,378321.0,91072946.0,4.62,2.46,2.35,2.38,2.38,1.21,3.59,-103.98,6.3,2586086100.0,2476349759.0,-0.42,-0.84,-35.08,-23.95
3266,601022,宁波远洋,9.41,-1.26,-0.12,171656.0,162629923.0,1.68,9.55,9.39,9.49,9.53,0.63,1.31,17.33,2.05,12314239673.0,12314239673.0,0.0,0.11,1.07,2.62
3267,603528,多伦科技,8.62,-1.26,-0.11,74613.0,64864667.0,1.95,8.78,8.61,8.67,8.73,0.97,1.06,-230.4,3.2,6085117729.0,6085117729.0,0.0,-0.12,-11.95,-10.86
3268,920564,天润科技,25.79,-1.26,-0.33,9085.0,23644615.04,2.57,26.35,25.68,26.2,26.12,0.7,2.22,371.9,7.09,2297982386.0,1057150076.0,-0.62,-0.42,10.73,13.41
3269,301535,浙江华远,28.67,-1.27,-0.37,45607.0,134138574.4,5.89,30.38,28.67,28.83,29.04,0.85,7.15,115.83,10.58,12193182363.0,1828977363.0,0.0,-0.1,52.26,31.51
3270,603016,新宏泰,31.93,-1.27,-0.41,15401.0,49520571.0,2.81,32.66,31.75,32.37,32.34,0.66,1.04,74.21,5.74,4730748800.0,4730748800.0,0.13,0.19,22.48,6.01
3271,002700,万憬能源,6.99,-1.27,-0.09,101839.0,71887116.04,2.26,7.13,6.97,7.07,7.08,0.54,3.87,34.17,2.11,2891261013.0,1841619469.0,0.0,0.0,0.14,4.17
3272,301131,聚赛龙,44.33,-1.27,-0.57,12279.0,54969007.28,2.18,45.29,44.31,44.82,44.9,0.87,3.14,48.3,2.51,2423185655.0,1735735697.0,-0.14,-0.31,-5.5,-8.16
3273,688351,微电生理,23.39,-1.27,-0.3,17277.0,40540640.0,1.73,23.67,23.26,23.67,23.69,0.53,0.37,215.19,6.11,11007334000.0,11007334000.0,-0.13,-0.04,5.17,1.04
3274,600515,海南机场,3.89,-1.27,-0.05,948553.0,372724332.0,2.28,3.97,3.88,3.93,3.94,1.13,1.03,517.99,1.89,44444454352.0,35694688656.0,0.0,-0.26,-18.79,-27.02
3275,000338,潍柴动力,24.88,-1.27,-0.32,1439678.0,3610079349.22,4.05,25.7,24.68,25.04,25.2,0.85,2.88,18.32,2.31,216793902644.0,124577044761.0,0.32,0.32,44.48,44.65
3276,688321,微芯生物,30.4,-1.27,-0.39,66403.0,202745353.0,2.99,31.01,30.09,30.84,30.79,0.73,1.63,263.64,7.62,13465413939.0,12397366605.0,-0.07,-0.07,7.53,4.04
3277,601869,长飞光纤,241.9,-1.27,-3.1,159105.0,3922417649.0,5.68,254.97,241.06,243.78,245.0,0.9,3.92,319.8,15.5,200270245625.0,98293238157.0,-0.5,-0.27,170.34,107.89
3278,600798,宁波海运,3.88,-1.27,-0.05,427749.0,167649236.0,2.54,3.97,3.87,3.91,3.93,0.61,3.55,-111.3,1.2,4681352700.0,4681352700.0,-0.51,-0.26,4.86,10.23
3279,301337,亚华电子,30.38,-1.27,-0.39,12143.0,37094524.0,2.18,30.89,30.22,30.7,30.77,0.73,3.28,-408.08,2.89,3165596000.0,1123627845.0,0.26,0.26,6.63,10.43
3280,300808,久量股份,29.43,-1.27,-0.38,21727.0,64278856.0,4.09,30.2,28.98,29.61,29.81,0.89,1.83,-74.28,4.86,4708800000.0,3499214581.0,0.24,0.79,-0.24,-2.13
3281,600038,中直股份,35.76,-1.27,-0.46,84846.0,304778665.0,1.66,36.28,35.68,36.22,36.22,0.75,1.27,59.0,1.7,29319381297.0,23921123503.0,0.03,0.03,2.52,-1.02
3282,300555,ST路通,13.19,-1.27,-0.17,12706.0,16951224.0,2.1,13.47,13.19,13.36,13.36,0.52,0.64,-54.55,5.55,2638000000.0,2611420343.0,-0.45,0.0,-5.11,-10.03
3283,301087,可孚医疗,60.85,-1.28,-0.79,47864.0,287738479.6,5.22,61.5,58.28,61.3,61.64,1.08,2.47,34.21,2.61,12711382450.0,11807335217.0,-0.03,0.13,37.7,36.22
3284,002685,华东重机,6.96,-1.28,-0.09,166303.0,116826174.2,2.55,7.12,6.94,7.03,7.05,0.83,1.65,131.48,4.46,7013526861.0,7012591959.0,0.0,0.0,-15.94,-7.08
3285,300051,琏升科技,9.27,-1.28,-0.12,96946.0,90919801.0,3.3,9.52,9.21,9.39,9.39,0.71,2.64,-28.49,21.39,3448603986.0,3408356659.0,0.0,0.0,25.27,43.72
3286,600360,*ST华微,9.26,-1.28,-0.12,123309.0,114997069.0,1.6,9.41,9.26,9.41,9.38,0.79,1.28,44.64,2.59,8892334515.0,8892334515.0,0.0,-0.22,16.92,16.33
3287,920089,禾昌聚合,20.03,-1.28,-0.26,22129.0,44671724.94,3.7,20.65,19.9,20.0,20.29,0.98,2.58,18.31,2.38,3017880040.0,1718909523.0,0.0,0.1,11.22,0.96
3288,300375,鹏翎股份,5.38,-1.28,-0.07,161111.0,87635706.76,2.57,5.51,5.37,5.44,5.45,0.93,3.16,65.61,1.78,4087394841.0,2741310271.0,0.0,0.0,-4.44,2.28
3289,688329,艾隆科技,26.26,-1.28,-0.34,11491.0,30472773.0,2.74,26.88,26.15,26.6,26.6,0.8,1.49,107.33,2.54,2027272000.0,2027272000.0,0.08,0.0,17.76,23.34
3290,300276,三丰智能,7.7,-1.28,-0.1,147025.0,113981120.92,2.05,7.83,7.67,7.78,7.8,0.85,1.39,213.51,5.44,10788031023.0,8139855270.0,0.0,0.13,-15.57,-20.62
3291,002976,瑞玛精密,27.07,-1.28,-0.35,21681.0,59264650.32,2.08,27.63,27.06,27.2,27.42,0.74,3.25,144.56,3.94,4052397597.0,1804633732.0,-0.11,-0.07,-1.24,-3.42
3292,301119,正强股份,47.14,-1.28,-0.61,12863.0,61357458.0,3.69,48.6,46.84,47.75,47.75,1.0,1.53,40.41,4.81,4902560000.0,3964945400.0,0.17,0.19,0.3,-10.53
3293,688377,迪威尔,43.93,-1.28,-0.57,23165.0,103334587.0,4.56,45.8,43.77,44.98,44.5,0.5,1.19,69.53,4.51,8551721310.0,8551721310.0,0.21,0.3,16.16,19.7
3294,688560,明冠新材,16.84,-1.29,-0.22,35559.0,60517668.0,2.7,17.26,16.8,16.9,17.06,0.72,1.77,-24.55,1.31,3389924299.0,3389924299.0,0.18,-0.06,8.16,17.84
3295,002100,天康生物,7.68,-1.29,-0.1,322297.0,249397070.0,2.06,7.83,7.67,7.82,7.78,0.67,2.36,19.1,1.46,10485131635.0,10485131635.0,-0.26,-0.13,11.3,4.21
3296,600338,西藏珠峰,18.4,-1.29,-0.24,534849.0,1007586309.0,5.31,19.29,18.3,18.51,18.64,1.34,5.85,28.9,3.86,16821467091.0,16821467091.0,-0.27,-0.05,33.04,22.34
3297,002313,日海智能,9.18,-1.29,-0.12,36147.0,33454829.0,2.15,9.35,9.15,9.25,9.3,0.64,0.97,-47.04,256.89,3436992000.0,3436750337.0,0.0,0.0,-17.67,-9.91
3298,002730,电光科技,19.2,-1.29,-0.25,201920.0,385644094.26,5.5,19.58,18.51,19.23,19.45,0.62,5.84,76.57,4.27,6951933696.0,6643773696.0,0.26,0.63,27.15,27.66
3299,002984,森麒麟,19.1,-1.29,-0.25,81774.0,157278426.97,1.81,19.43,19.08,19.3,19.35,0.95,1.15,14.62,1.46,19787321675.0,13630523408.0,-0.21,-0.1,-12.1,-9.78
3300,920022,世昌股份,28.42,-1.29,-0.37,3533.0,10145494.85,2.33,29.09,28.42,28.79,28.79,1.26,2.13,24.97,4.0,1714322820.0,472198300.0,-0.11,-0.04,-2.03,-5.24
3301,600903,贵州燃气,6.86,-1.29,-0.09,222947.0,154229377.0,2.01,6.99,6.85,6.91,6.95,0.64,1.94,134.14,2.63,7889064539.0,7889064539.0,0.0,0.0,0.59,3.78
3302,000886,海南高速,6.1,-1.29,-0.08,155132.0,95411758.8,1.94,6.21,6.09,6.18,6.18,1.17,1.59,-425.58,1.99,6031852630.0,5964805078.0,0.0,-0.16,-17.79,-11.08
3303,600508,上海能源,13.79,-1.29,-0.18,158208.0,219790821.0,3.22,14.15,13.7,13.93,13.97,0.98,2.19,29.3,0.78,9966281220.0,9966281220.0,0.07,0.15,13.87,17.16
3304,600909,华安证券,6.14,-1.29,-0.08,612032.0,377979864.0,1.45,6.23,6.14,6.19,6.22,0.93,1.22,14.66,1.21,30848644967.0,30848644967.0,-0.16,0.0,-6.83,-9.44
3305,601006,大秦铁路,5.34,-1.29,-0.07,2201219.0,1179760772.0,1.85,5.42,5.32,5.41,5.41,1.06,1.09,12.96,0.65,107585929003.0,107585929003.0,0.0,0.19,-2.38,3.49
3306,688177,百奥泰,22.27,-1.29,-0.29,10842.0,24306878.0,2.04,22.71,22.25,22.56,22.56,0.54,0.26,-27.41,24.74,9221561600.0,9221561600.0,-0.22,-0.18,-5.15,-3.76
3307,002633,申科股份,19.16,-1.29,-0.25,50682.0,98241900.0,3.66,19.78,19.07,19.49,19.41,0.74,3.39,350.76,6.75,2874000000.0,2862863250.0,0.05,0.16,14.25,16.47
3308,920885,星辰科技,21.23,-1.3,-0.28,20166.0,43014521.84,2.84,21.66,21.05,21.53,21.51,0.64,2.28,106.97,8.88,3626506477.0,1878922851.0,0.14,0.24,10.8,-9.51
3309,688255,凯尔达,29.62,-1.3,-0.39,17027.0,51140853.0,2.63,30.41,29.62,30.05,30.01,1.04,1.55,123.32,3.08,3254019729.0,3254019729.0,-0.7,-0.4,-10.08,-19.14
3310,300016,北陆药业,10.6,-1.3,-0.14,331132.0,353030392.91,2.7,10.81,10.52,10.66,10.74,0.63,5.89,101.29,2.7,5966455528.0,5958415693.0,0.0,0.0,30.54,33.5
3311,688620,安凯微,11.36,-1.3,-0.15,45850.0,52384983.0,2.43,11.58,11.3,11.49,11.51,0.78,1.97,-31.98,3.44,4453120000.0,2639138387.0,-0.09,0.0,-6.27,-5.65
3312,603662,柯力传感,60.07,-1.3,-0.79,17448.0,105266244.0,1.22,60.75,60.01,60.57,60.86,0.68,0.62,49.79,6.13,16869450171.0,16869450171.0,-0.08,-0.1,-7.94,-16.57
3313,601699,潞安环能,15.2,-1.3,-0.2,450441.0,692697257.0,2.79,15.59,15.16,15.58,15.4,0.62,1.51,21.94,0.97,45469419840.0,45469419840.0,0.0,-0.07,21.5,28.81
3314,002493,荣盛石化,13.62,-1.3,-0.18,732309.0,1007466213.94,4.42,14.08,13.47,13.55,13.8,0.86,0.78,114.85,3.11,136056203499.0,127513143624.0,0.0,-0.44,43.67,16.31
3315,301586,佳力奇,46.42,-1.3,-0.61,9357.0,43621640.84,2.13,47.15,46.15,46.78,47.03,0.48,1.77,68.02,3.02,3851722849.0,2456131823.0,0.0,0.04,-0.11,-7.46
3316,301269,华大九天,93.67,-1.3,-1.23,21623.0,203438570.63,1.34,94.78,93.51,94.27,94.9,0.72,0.4,4229.27,9.83,51091140741.0,51091140741.0,-0.04,-0.05,-11.18,-11.91
3317,600182,S佳通,14.48,-1.3,-0.19,18308.0,26604625.0,1.5,14.67,14.45,14.67,14.67,0.79,1.08,30.34,4.37,4923200000.0,2461600000.0,0.0,-0.07,-5.67,-2.75
3318,300168,万达信息,6.06,-1.3,-0.08,172375.0,104945599.0,1.63,6.14,6.04,6.13,6.14,1.03,1.2,-16.06,7.08,8730209171.0,8721446223.0,-0.16,-0.16,-9.01,-6.19
3319,688802,沐曦股份-U,513.2,-1.3,-6.77,8081.0,416958795.0,3.03,526.0,510.22,515.5,519.97,0.58,4.46,-262.76,15.58,205331320000.0,9308920944.0,0.0,0.31,390.35,-11.53
3320,301616,浙江华业,50.76,-1.3,-0.67,7043.0,35945298.0,1.94,51.54,50.54,51.21,51.43,0.86,3.52,16.83,2.84,4060800000.0,1015200000.0,-0.02,0.16,0.63,-0.63
3321,002402,和而泰,31.78,-1.3,-0.42,200392.0,643358325.35,2.02,32.42,31.77,32.01,32.2,0.93,2.46,36.55,5.59,29385004697.0,25856776989.0,-0.22,-0.13,-28.28,-18.76
3322,603889,新澳股份,8.36,-1.3,-0.11,38271.0,32375133.0,2.36,8.56,8.36,8.41,8.47,0.44,0.53,12.13,1.7,6104818463.0,6058667919.0,-0.24,-0.36,10.73,5.16
3323,301080,百普赛斯,44.86,-1.3,-0.59,26612.0,119911169.44,2.6,45.75,44.57,45.33,45.45,0.71,2.11,42.47,2.85,7499591398.0,5652285712.0,-0.16,0.02,-17.03,-16.93
3324,600179,安通控股,4.52,-1.31,-0.06,420414.0,191441592.0,2.18,4.61,4.51,4.55,4.58,0.7,1.09,21.61,1.67,19126501945.0,17457498797.0,0.0,0.0,0.89,-18.12
3325,300176,鸿特科技,7.56,-1.31,-0.1,123880.0,94719795.0,2.87,7.75,7.53,7.63,7.66,0.74,3.2,79.38,3.07,2927842848.0,2927842848.0,-0.13,-0.13,10.04,13.34
3326,002666,德联集团,6.03,-1.31,-0.08,293565.0,179301401.34,2.95,6.19,6.01,6.12,6.11,1.39,5.86,44.52,1.32,4751635785.0,3019029252.0,0.17,-0.17,16.86,9.44
3327,300145,南方泵业,5.28,-1.31,-0.07,1154445.0,609805632.68,3.93,5.39,5.18,5.34,5.35,0.72,6.04,26.76,3.45,10138877950.0,10089175525.0,0.57,0.38,24.24,11.86
3328,600399,抚顺特钢,6.8,-1.31,-0.09,613632.0,420476310.0,2.76,6.94,6.75,6.83,6.89,0.63,3.11,-18.3,2.33,13410280000.0,13410280000.0,0.15,0.0,30.52,16.44
3329,300221,银禧科技,10.51,-1.31,-0.14,125408.0,132784412.0,2.82,10.75,10.45,10.53,10.65,0.95,2.75,44.08,3.47,4979161739.0,4797739769.0,-0.1,0.0,9.82,1.84
3330,688015,交控科技,24.1,-1.31,-0.32,10479.0,25636246.0,2.74,24.77,24.1,24.46,24.42,0.76,0.56,29.23,1.71,4547205882.0,4547205882.0,-0.21,-0.04,2.21,5.79
3331,603130,云中马,41.33,-1.31,-0.55,10506.0,43904621.0,2.89,42.38,41.17,41.79,41.88,0.86,0.76,84.44,4.16,5683461886.0,5683461886.0,0.07,0.12,-9.64,-27.04
3332,600167,联美控股,6.76,-1.31,-0.09,139522.0,94732912.0,2.04,6.88,6.74,6.86,6.85,1.0,0.62,21.12,1.41,15296801530.0,15296801530.0,-0.15,-0.29,-10.94,-3.84
3333,301526,国际复材,12.06,-1.31,-0.16,1554263.0,1866692460.48,4.91,12.35,11.75,12.13,12.22,0.87,11.07,124.97,5.54,45476789259.0,16936978651.0,-0.08,-0.17,53.83,72.29
3334,600171,上海贝岭,30.21,-1.31,-0.4,100220.0,303939245.0,2.03,30.68,30.06,30.38,30.61,0.57,1.41,78.64,4.77,21416572984.0,21416572984.0,-0.03,0.07,-6.9,-3.33
3335,002164,宁波东力,12.76,-1.31,-0.17,70723.0,91039965.52,2.09,13.02,12.75,12.83,12.93,0.8,1.47,87.12,4.74,6790536272.0,6121931782.0,0.0,-0.08,-20.65,-20.3
3336,688677,海泰新光,39.6,-1.32,-0.53,9464.0,37789697.0,1.99,40.3,39.5,40.13,40.13,0.64,0.79,27.66,3.52,4747129200.0,4747129200.0,0.2,0.03,-11.49,-8.25
3337,600681,百川能源,4.49,-1.32,-0.06,705452.0,320051147.0,3.3,4.62,4.47,4.56,4.55,0.94,5.27,23.87,1.71,6020438097.0,6015741386.0,0.22,0.22,8.98,3.94
3338,920896,旺成科技,18.7,-1.32,-0.25,4371.0,8265232.43,2.85,19.24,18.7,18.86,18.95,0.75,0.99,30.55,4.25,1892893288.0,828460210.0,0.0,-0.32,-7.88,-12.04
3339,688011,新光光电,65.7,-1.32,-0.88,7419.0,48706532.0,1.89,66.47,65.21,66.01,66.58,0.46,0.74,-174.43,6.22,6570000000.0,6547827761.0,-0.12,-0.15,44.43,2.91
3340,300042,朗科科技,38.0,-1.32,-0.51,193636.0,746735921.77,6.1,39.88,37.53,38.37,38.51,0.76,9.66,-200.65,7.6,7615200000.0,7614498900.0,0.08,0.03,38.03,47.86
3341,301421,波长光电,92.45,-1.32,-1.24,27932.0,261630732.05,3.61,95.68,92.3,93.3,93.69,0.68,6.03,311.42,8.96,10698129100.0,4281219438.0,0.0,-0.03,-4.46,-11.23
3342,000957,中通客车,11.21,-1.32,-0.15,83435.0,94429562.0,2.11,11.43,11.19,11.32,11.36,0.65,1.41,18.01,2.13,6646453123.0,6646453123.0,0.09,0.0,1.54,-1.84
3343,000553,安道麦A,6.71,-1.32,-0.09,536604.0,363785741.14,3.97,6.95,6.68,6.88,6.8,2.69,2.46,-27.73,0.85,15633036950.0,14608152858.0,0.0,0.15,12.77,22.45
3344,300278,华昌达,5.24,-1.32,-0.07,193824.0,102487903.0,3.01,5.36,5.2,5.29,5.31,1.04,1.38,466.36,4.2,7408765302.0,7385492743.0,0.0,-0.19,-7.09,-14.1
3345,600189,泉阳泉,8.17,-1.33,-0.11,86802.0,71381864.0,2.17,8.32,8.14,8.27,8.28,0.88,1.21,177.61,4.73,5843166124.0,5843166124.0,0.0,-0.12,12.69,18.23
3346,301177,迪阿股份,29.57,-1.33,-0.4,17614.0,52664668.44,2.2,30.23,29.57,29.81,29.97,0.8,0.44,86.57,1.9,11836118444.0,11828275740.0,0.0,-0.27,2.35,2.42
3347,301556,托普云农,93.33,-1.33,-1.26,11208.0,105277450.12,1.82,94.84,93.12,94.5,94.59,0.72,3.8,65.39,8.06,7959182400.0,2751368400.0,-0.05,0.0,-3.5,-4.8
3348,688338,赛科希德,32.55,-1.33,-0.44,17372.0,57557182.0,3.82,33.66,32.4,32.92,32.99,0.78,1.64,39.65,2.01,3454935120.0,3454935120.0,0.25,0.22,24.33,25.77
3349,002567,唐人神,4.45,-1.33,-0.06,350259.0,156899949.5,1.77,4.52,4.44,4.5,4.51,0.95,2.45,-13.11,1.16,6377078699.0,6369805161.0,0.0,-0.22,-1.55,1.14
3350,603630,拉芳家化,17.04,-1.33,-0.23,28422.0,48799252.0,1.85,17.33,17.01,17.1,17.27,1.04,1.26,229.18,2.01,3837486043.0,3837486043.0,-0.06,0.0,-16.51,-11.98
3351,600354,敦煌种业,7.4,-1.33,-0.1,598809.0,453863669.0,5.07,7.77,7.39,7.61,7.5,0.56,11.35,78.69,5.67,3905735392.0,3905735392.0,0.0,-0.13,12.46,14.37
3352,301136,招标股份,16.27,-1.33,-0.22,54083.0,88500381.84,1.94,16.52,16.2,16.47,16.49,0.91,1.97,467.54,3.07,4477582421.0,4477582421.0,0.06,-0.06,-39.65,-19.69
3353,603933,睿能科技,21.52,-1.33,-0.29,23024.0,49961423.0,1.7,21.88,21.51,21.65,21.81,0.73,1.11,82.21,3.38,4466359254.0,4466359254.0,-0.09,-0.05,-24.23,-17.42
3354,600784,鲁银投资,7.42,-1.33,-0.1,116822.0,87104346.0,1.99,7.55,7.4,7.48,7.52,0.87,1.73,23.29,1.54,5013339895.0,5013339895.0,0.0,0.13,13.63,6.3
3355,300331,苏大维格,43.48,-1.34,-0.59,78157.0,344968748.8,5.15,45.45,43.18,43.38,44.07,0.64,3.72,237.32,7.22,11290116195.0,9140190376.0,0.21,-0.02,40.26,34.36
3356,300809,华辰装备,34.72,-1.34,-0.47,24110.0,84255111.8,2.13,35.36,34.61,34.99,35.19,0.55,1.6,152.43,5.35,8802881024.0,5227773179.0,-0.06,-0.03,-4.43,-8.8
3357,600905,三峡能源,4.43,-1.34,-0.06,5027613.0,2243513246.0,2.23,4.52,4.42,4.49,4.49,1.19,1.76,22.02,1.42,126643290129.0,126643290129.0,0.23,0.0,6.24,8.31
3358,688136,科兴制药,29.49,-1.34,-0.4,13111.0,38881838.0,2.21,30.06,29.4,29.89,29.89,0.57,0.65,37.22,3.38,5935076303.0,5935076303.0,-0.17,-0.03,-9.73,-6.88
3359,002253,*ST智胜,10.29,-1.34,-0.14,29583.0,30573980.0,1.92,10.44,10.24,10.38,10.43,0.95,1.42,-26.95,2.18,2321692518.0,2143448613.0,0.1,0.1,7.3,-8.61
3360,603882,金域医学,27.91,-1.34,-0.38,42542.0,119407831.0,1.17,28.24,27.91,28.15,28.29,0.91,0.92,-121.81,1.89,12929538455.0,12842356044.0,-0.04,-0.07,1.64,1.56
3361,301397,溯联股份,30.25,-1.34,-0.41,14146.0,43231029.36,2.51,30.92,30.15,30.76,30.66,0.57,2.0,34.85,2.4,4708802665.0,2139818390.0,-0.1,0.0,-12.4,-13.15
3362,002099,海翔药业,7.38,-1.34,-0.1,320853.0,240221585.95,3.48,7.63,7.37,7.51,7.48,0.98,1.99,1228.98,2.33,11946118567.0,11923850229.0,-0.14,-0.14,17.89,18.27
3363,003043,华亚智能,49.3,-1.34,-0.67,19250.0,95706358.0,2.7,50.5,49.15,49.97,49.97,0.86,2.3,100.84,3.82,6597856567.0,4132626533.0,0.0,0.18,-0.28,6.32
3364,300101,振芯科技,22.8,-1.34,-0.31,165714.0,380458033.22,2.99,23.3,22.61,22.88,23.11,0.86,2.93,104.67,7.02,12948249960.0,12905789862.0,-0.13,0.04,-2.85,-19.8
3365,605006,山东玻纤,9.55,-1.34,-0.13,286031.0,274406421.0,3.93,9.8,9.42,9.42,9.68,0.85,4.77,-20104.86,2.33,5730170754.0,5730170754.0,0.1,-0.1,28.36,30.82
3366,603680,今创集团,13.98,-1.34,-0.19,51853.0,73006943.0,2.82,14.3,13.9,14.1,14.17,0.69,0.66,16.68,1.96,10956388363.0,10956388363.0,0.0,0.36,17.18,-9.28
3367,688718,唯赛勃,16.21,-1.34,-0.22,22575.0,37008136.0,2.31,16.59,16.21,16.3,16.43,0.68,1.3,61.09,3.51,2816558646.0,2816558646.0,-0.18,-0.12,13.36,23.93
3368,688062,迈威生物-U,33.11,-1.34,-0.45,56068.0,186590343.0,3.67,33.88,32.65,33.56,33.56,0.85,2.75,-13.64,37.63,13230756000.0,6760068700.0,-0.03,-0.3,-20.31,-13.93
3369,600094,大名城,4.38,-1.35,-0.06,189361.0,84070039.0,3.15,4.5,4.36,4.42,4.44,1.14,0.89,29.65,1.0,10183281197.0,9312887181.0,0.23,0.23,8.15,5.29
3370,002210,飞马国际,2.93,-1.35,-0.04,615250.0,182938439.0,2.69,3.01,2.93,2.96,2.97,1.26,2.32,408.0,8.18,7797412028.0,7782832055.0,0.0,-0.34,-21.87,-18.61
3371,001332,锡装股份,60.47,-1.35,-0.83,31125.0,190337477.65,4.81,62.95,60.0,61.21,61.3,0.64,6.48,25.1,2.61,6681330300.0,2902771705.0,0.02,-0.46,16.31,7.62
3372,300506,ST名家汇,5.11,-1.35,-0.07,69151.0,35589823.7,2.51,5.23,5.1,5.2,5.18,0.83,0.94,-48.16,-208.87,7284798468.0,3754299181.0,-0.2,-0.2,61.2,21.67
3373,002452,长高电新,12.41,-1.35,-0.17,382816.0,467569220.76,3.34,12.43,12.01,12.35,12.58,0.48,7.42,28.48,2.96,7698321175.0,6402378444.0,0.08,0.81,55.71,50.79
3374,600880,博瑞传播,5.12,-1.35,-0.07,211837.0,109267086.0,2.31,5.21,5.09,5.16,5.19,1.01,1.94,535.04,1.84,5597860311.0,5596314496.0,0.2,0.2,-3.76,3.64
3375,603017,中衡设计,13.13,-1.35,-0.18,211233.0,282194850.0,3.16,13.55,13.13,13.31,13.31,1.25,7.65,48.34,2.45,3626378547.0,3626378547.0,-0.3,-0.61,23.17,18.5
3376,301099,雅创电子,42.45,-1.35,-0.58,21772.0,93151717.8,2.88,43.52,42.28,42.71,43.03,0.73,2.43,56.42,4.8,6225962234.0,3811177004.0,0.02,-0.02,-1.21,-0.26
3377,300588,熙菱信息,25.55,-1.35,-0.35,38817.0,100439453.0,4.36,26.5,25.37,25.8,25.9,0.53,2.2,-90.9,17.85,4892084817.0,4517802867.0,-0.12,-0.04,-13.89,-5.37
3378,600073,光明肉业,6.57,-1.35,-0.09,147700.0,97505916.0,1.95,6.68,6.55,6.65,6.66,1.07,1.58,27.5,1.23,6160882631.0,6160882631.0,0.0,0.31,0.31,2.66
3379,688496,清越科技,6.56,-1.35,-0.09,53033.0,35259298.0,3.61,6.76,6.52,6.6,6.65,0.49,2.23,-32.3,3.15,2952000000.0,1560923136.0,0.46,0.15,0.0,10.44
3380,600469,风神股份,7.33,-1.35,-0.1,126569.0,93212715.0,3.5,7.5,7.24,7.39,7.43,1.05,1.74,21.88,1.52,6523955172.0,5346874884.0,-0.14,-0.27,6.23,5.62
3381,600592,龙溪股份,21.87,-1.35,-0.3,49866.0,109732573.0,1.89,22.22,21.8,22.05,22.17,0.83,1.25,56.04,3.44,8738236598.0,8738236598.0,0.0,-0.05,-22.17,-19.92
3382,300147,ST香雪,9.5,-1.35,-0.13,59926.0,57042346.0,2.18,9.64,9.43,9.63,9.63,0.92,0.91,-13.02,9.07,6282150928.0,6245284354.0,0.11,-0.11,-0.84,4.4
3383,300025,华星创业,5.86,-1.35,-0.08,82485.0,48914252.0,2.86,6.01,5.84,5.93,5.94,0.78,1.63,-56.04,5.53,2981526523.0,2967457829.0,0.17,0.0,-7.57,1.74
3384,301419,阿莱德,36.6,-1.35,-0.5,39283.0,144211251.56,2.86,37.26,36.2,36.99,37.1,0.82,4.95,63.05,4.63,4392000000.0,2903353560.0,-0.49,-0.54,9.68,8.03
3385,301000,肇民科技,32.78,-1.35,-0.45,19935.0,65848699.08,1.84,33.33,32.72,33.02,33.23,0.67,0.87,55.57,6.4,7961518615.0,7515448375.0,-0.03,-0.09,-16.4,-16.74
3386,603809,豪能股份,11.7,-1.35,-0.16,147270.0,173494674.0,2.61,11.91,11.6,11.8,11.86,1.29,1.6,30.41,2.95,10767379042.0,10767379042.0,0.09,0.34,-9.44,-18.47
3387,300455,航天智装,24.14,-1.35,-0.33,107994.0,262885580.96,3.23,24.79,24.0,24.4,24.47,0.89,1.52,-82.06,10.27,17326917975.0,17106145605.0,0.12,0.29,-12.91,-19.64
3388,600178,东安动力,11.7,-1.35,-0.16,35081.0,41336183.0,1.77,11.89,11.68,11.82,11.86,0.78,0.75,-1246.26,2.15,5457771084.0,5457771084.0,0.0,-0.17,-1.18,-8.52
3389,688601,力芯微,54.4,-1.36,-0.75,42501.0,232410739.0,2.72,55.55,54.05,55.15,55.15,0.41,3.18,203.64,5.79,7272882880.0,7272882880.0,-0.06,-0.2,16.99,27.73
3390,002586,ST围海,5.06,-1.36,-0.07,120909.0,61518450.0,3.12,5.2,5.04,5.12,5.13,1.21,1.11,115.72,1.94,5789771993.0,5502841095.0,0.0,-0.2,21.93,12.69
3391,605117,德业股份,134.14,-1.36,-1.85,209070.0,2836362909.0,5.16,140.22,133.2,138.71,135.99,1.03,2.3,38.96,13.05,121917074533.0,121917074533.0,0.19,0.49,54.18,55.61
3392,688595,芯海科技,33.35,-1.36,-0.46,20824.0,70016690.0,2.57,34.16,33.29,33.61,33.81,0.72,1.45,-45.32,6.43,4805504618.0,4805504618.0,0.12,0.03,-2.14,1.68
3393,300905,宝丽迪,32.61,-1.36,-0.45,46024.0,151535438.0,2.51,33.44,32.61,33.0,33.06,1.16,3.3,41.2,3.02,5830462427.0,4552053738.0,0.0,-0.15,2.48,1.18
3394,300563,神宇股份,33.29,-1.36,-0.46,24259.0,81413552.32,2.01,33.92,33.24,33.55,33.75,0.54,1.89,85.3,5.49,6063324951.0,4265973449.0,0.0,-0.03,-13.89,-9.24
3395,000725,京东方Ａ,4.36,-1.36,-0.06,5289828.0,2328660717.81,2.26,4.45,4.35,4.4,4.42,0.72,1.46,26.33,1.22,161513270359.0,158449653697.0,0.0,0.0,4.56,3.56
3396,600113,浙江东日,55.72,-1.36,-0.77,19549.0,109744310.0,1.98,56.78,55.66,55.93,56.49,0.59,0.48,162.9,9.06,23467963495.0,22924944235.0,-0.09,0.02,-0.27,-11.79
3397,000035,中国天楹,7.99,-1.36,-0.11,1835329.0,1506477117.05,9.75,8.6,7.81,8.15,8.1,0.77,7.93,45.67,1.83,19080381824.0,18481075727.0,0.0,-0.37,39.93,44.75
3398,301016,雷尔伟,23.95,-1.36,-0.33,32307.0,77677463.46,9.1,24.36,22.15,24.25,24.28,0.99,1.56,87.7,5.24,5230680000.0,4961246284.0,-0.21,-0.04,28.76,6.07
3399,300795,米奥会展,12.34,-1.36,-0.17,18702.0,23351851.7,2.56,12.62,12.3,12.46,12.51,0.83,1.08,79.87,6.61,3688350356.0,2138092568.0,-0.08,-0.24,-12.98,-9.4
3400,000532,华金资本,14.55,-1.36,-0.2,46037.0,67570487.0,1.83,14.81,14.54,14.74,14.75,0.87,1.34,36.33,3.2,5015506347.0,4998648804.0,-0.07,-0.07,1.82,-9.74
3401,920145,恒合股份,17.4,-1.36,-0.24,9108.0,15964757.13,3.29,17.85,17.27,17.64,17.64,0.79,1.87,-120.24,4.78,1227570000.0,845518200.0,-0.06,0.12,-20.4,-31.23
3402,600661,昂立教育,10.12,-1.36,-0.14,44097.0,45014370.0,1.95,10.32,10.12,10.25,10.26,1.07,1.54,47.35,21.55,2899874160.0,2899874160.0,-0.3,-0.1,-5.07,-1.27
3403,600103,青山纸业,3.64,-1.36,-0.05,490759.0,179759518.0,1.9,3.7,3.63,3.67,3.69,0.75,2.22,94.13,2.05,8156609359.0,8052877731.0,0.0,0.0,-14.55,-13.13
3404,001358,兴欣新材,29.75,-1.36,-0.41,10590.0,32024503.65,3.81,30.66,29.51,30.16,30.16,0.77,2.08,61.52,2.56,3665200000.0,1516545163.0,-0.13,-0.03,13.77,15.27
3405,002765,蓝黛科技,10.91,-1.36,-0.15,80293.0,88237560.12,1.99,11.11,10.89,11.01,11.06,0.87,1.35,31.29,2.71,7114717462.0,6501106877.0,0.09,0.09,-11.8,-18.4
3406,000564,供销大集,2.18,-1.36,-0.03,1811227.0,399449087.19,2.26,2.23,2.18,2.21,2.21,0.94,1.23,408.05,2.5,39366578112.0,32078737243.0,0.0,-0.46,-15.18,-12.8
3407,688449,联芸科技,46.0,-1.37,-0.64,55737.0,259186406.0,3.22,47.39,45.89,46.07,46.64,0.91,1.9,148.91,11.11,21160000000.0,13487390210.0,-0.48,-0.48,0.26,1.81
3408,002893,京能热力,11.51,-1.37,-0.16,52150.0,60455519.59,2.06,11.73,11.49,11.65,11.67,0.9,2.57,39.35,2.49,3034496400.0,2333981893.0,0.0,0.0,-7.62,2.86
3409,002800,天顺股份,23.83,-1.37,-0.33,93502.0,225679947.2,5.88,24.92,23.5,23.98,24.16,0.74,6.39,-152.23,7.37,3628190587.0,3488063824.0,-0.38,0.17,54.74,51.21
3410,603359,东珠生态,6.47,-1.37,-0.09,104712.0,68417715.0,2.29,6.61,6.46,6.51,6.56,0.91,2.35,-71.58,1.09,2886241120.0,2886241120.0,0.0,0.0,-29.52,-32.18
3411,300244,迪安诊断,20.2,-1.37,-0.28,155323.0,315068946.77,1.81,20.5,20.13,20.4,20.48,0.79,3.1,166.98,1.95,12624584607.0,10129473032.0,-0.15,0.05,33.42,27.44
3412,300739,明阳电路,28.01,-1.37,-0.39,260682.0,731733166.93,3.87,28.68,27.58,27.92,28.4,0.58,7.6,105.33,3.86,10460478948.0,9611859978.0,-0.25,-0.04,58.61,52.39
3413,002635,安洁科技,15.16,-1.37,-0.21,117921.0,179821485.11,2.54,15.49,15.1,15.4,15.37,0.6,2.98,74.62,1.71,10000851524.0,5993531575.0,-0.13,0.13,8.6,9.38
3414,688588,凌志软件,12.96,-1.37,-0.18,26331.0,34345037.0,1.6,13.16,12.95,13.1,13.14,0.8,0.66,51.03,4.1,5184129639.0,5184129639.0,-0.23,-0.08,-11.9,-9.43
3415,002377,国创高新,3.59,-1.37,-0.05,208994.0,75989440.0,2.47,3.67,3.58,3.65,3.64,0.73,2.4,-93.72,7.43,3289607472.0,3131731549.0,-0.28,0.0,19.27,25.52
3416,920679,前进科技,19.5,-1.37,-0.27,2840.0,5615730.94,2.98,20.09,19.5,19.77,19.77,0.64,0.76,55.96,2.16,1089075000.0,724912500.0,0.0,-0.05,-0.51,-2.26
3417,688029,南微医学,74.04,-1.37,-1.03,10845.0,80883605.0,2.22,75.5,73.83,75.07,75.07,0.78,0.58,24.4,3.39,13908223125.0,13908223125.0,-0.03,0.07,-5.71,-9.22
3418,000045,深纺织Ａ,12.96,-1.37,-0.18,82818.0,108424596.0,2.59,13.25,12.91,13.14,13.14,0.54,1.81,82.82,2.21,6564523163.0,5923003163.0,0.0,0.0,5.28,6.06
3419,000014,沙河股份,14.35,-1.37,-0.2,91848.0,132594412.37,2.75,14.66,14.26,14.66,14.55,0.65,3.79,-80.85,2.18,3473363314.0,3473363314.0,-0.14,-0.35,-0.62,6.69
3420,003031,中瓷电子,83.8,-1.38,-1.17,157632.0,1347401678.87,5.61,88.07,83.3,83.3,84.97,1.21,4.63,63.95,6.01,37798229584.0,28505131125.0,0.12,0.06,28.31,14.54
3421,688795,摩尔线程-U,549.47,-1.38,-7.71,11540.0,639042593.0,2.48,561.9,548.1,554.25,557.18,0.73,3.93,-252.14,22.58,258266404395.0,16144739635.0,0.0,0.14,-12.55,-6.54
3422,603283,赛腾股份,45.18,-1.38,-0.63,69990.0,318809389.0,3.3,46.43,44.92,45.24,45.81,0.62,2.58,22.92,3.81,12251642811.0,12251642811.0,-0.15,-0.09,7.39,4.29
3423,601377,兴业证券,6.43,-1.38,-0.09,741302.0,479952298.0,1.53,6.53,6.43,6.49,6.52,1.0,0.86,16.52,0.99,55529398300.0,55529398300.0,-0.16,-0.16,-10.57,-13.34
3424,300515,三德科技,19.25,-1.38,-0.27,17630.0,34243681.0,2.25,19.65,19.21,19.44,19.52,0.51,0.87,21.61,4.26,3960774125.0,3883904544.0,-0.21,0.05,-0.62,-2.09
3425,000563,陕国投Ａ,3.57,-1.38,-0.05,741281.0,266275122.12,1.66,3.62,3.56,3.6,3.62,1.23,1.45,12.74,0.96,18256874178.0,18256874178.0,0.0,0.28,3.48,3.48
3426,300802,矩子科技,20.66,-1.38,-0.29,52312.0,109263280.35,3.39,21.3,20.59,20.83,20.95,0.76,2.69,53.38,4.04,5869056748.0,4022849067.0,0.24,0.0,5.73,7.94
3427,002920,德赛西威,117.24,-1.38,-1.64,60325.0,710244719.51,2.22,119.14,116.5,117.2,118.88,0.74,1.09,28.52,4.54,69969921629.0,65036364768.0,-0.05,0.07,7.52,-2.54
3428,688137,近岸蛋白,41.47,-1.38,-0.58,5405.0,22645677.0,2.4,42.38,41.37,42.18,42.05,0.94,1.65,-38.2,1.42,2910175455.0,1355050455.0,-0.02,0.12,3.62,3.55
3429,002338,奥普光电,51.02,-1.39,-0.72,20959.0,107858851.34,2.11,51.99,50.9,51.56,51.74,0.72,0.87,241.36,8.99,12244800000.0,12244800000.0,-0.04,0.1,-3.37,-12.62
3430,002760,凤形股份,23.38,-1.39,-0.33,54157.0,128191082.6,2.87,24.06,23.38,23.71,23.71,0.66,5.02,110.82,3.05,2524775946.0,2524775946.0,-0.34,-0.21,3.59,7.69
3431,605368,蓝天燃气,8.54,-1.39,-0.12,110335.0,94947484.0,2.42,8.73,8.52,8.71,8.66,0.68,1.54,17.46,1.9,6102990714.0,6102990714.0,-0.12,-0.12,-7.87,10.62
3432,300937,药易购,31.27,-1.39,-0.44,13221.0,41668172.48,2.24,31.89,31.18,31.5,31.71,0.78,1.98,-268.49,3.6,2991497146.0,2083487610.0,0.03,0.03,-4.2,-8.27
3433,300857,协创数据,247.59,-1.39,-3.49,84005.0,2127485357.61,5.28,260.68,247.43,250.08,251.08,0.93,2.43,92.09,21.81,85696041197.0,85450370019.0,-0.29,-0.35,72.28,46.78
3434,000425,徐工机械,11.31,-1.39,-0.16,982871.0,1128449324.46,3.05,11.64,11.29,11.41,11.47,0.76,1.09,16.67,2.22,132876844155.0,101894311565.0,-0.09,-0.09,3.86,-2.33
3435,000807,云铝股份,34.75,-1.39,-0.49,747116.0,2654713379.74,5.59,36.5,34.53,35.34,35.24,1.04,2.15,20.55,3.73,120511519824.0,120510256522.0,0.35,0.26,28.28,5.82
3436,002558,巨人网络,35.43,-1.39,-0.5,522492.0,1871894788.45,5.93,37.24,35.11,36.91,35.93,1.05,2.75,35.65,4.52,67336910633.0,67336910633.0,-0.03,0.2,-12.86,-18.16
3437,002369,卓翼科技,7.8,-1.39,-0.11,82648.0,64818963.0,1.77,7.92,7.78,7.85,7.91,0.84,1.46,-21.24,14.27,4422258984.0,4416480175.0,-0.13,0.0,-21.21,-9.62
3438,002677,浙江美大,8.52,-1.39,-0.12,69843.0,60196985.0,2.66,8.75,8.52,8.62,8.64,0.89,1.31,230.7,3.73,5504360032.0,4557098526.0,-0.12,-0.47,9.65,2.04
3439,603289,泰瑞机器,11.35,-1.39,-0.16,46416.0,53059649.0,2.35,11.58,11.31,11.41,11.51,0.35,1.58,37.68,2.29,3329965627.0,3329965627.0,0.18,0.18,10.41,12.15
3440,603687,大胜达,9.91,-1.39,-0.14,128438.0,128600717.0,2.69,10.14,9.87,10.11,10.05,0.81,2.34,44.96,1.67,5450815772.0,5450815772.0,-0.1,0.0,13.26,3.99
3441,688523,航天环宇,65.09,-1.39,-0.92,70070.0,461268748.0,6.95,67.99,63.4,65.0,66.01,0.6,7.26,616.93,15.8,26483819200.0,6282222339.0,-0.09,-0.41,59.22,16.32
3442,002421,达实智能,2.82,-1.4,-0.04,481068.0,136390391.0,1.75,2.86,2.81,2.85,2.86,1.03,2.4,-10.82,2.01,5980040222.0,5658872864.0,0.0,0.0,-3.42,-1.05
3443,688665,四方光电,48.02,-1.4,-0.68,3815.0,18425989.0,2.07,48.9,47.89,48.22,48.7,0.65,0.38,36.91,4.18,4859256215.0,4859256215.0,-0.21,-0.1,-1.88,-1.54
3444,002491,通鼎互联,11.25,-1.4,-0.16,1530421.0,1769515846.82,7.19,11.98,11.16,11.36,11.41,0.83,13.01,-158.52,5.58,13837438125.0,13235274799.0,-0.09,-0.44,94.97,87.5
3445,002595,豪迈科技,90.71,-1.4,-1.29,29754.0,271091529.55,2.0,92.2,90.36,91.8,92.0,0.61,0.37,30.43,6.37,72568000000.0,72074933186.0,-0.29,-0.15,18.02,7.34
3446,600551,时代出版,8.44,-1.4,-0.12,48479.0,41216764.0,1.52,8.57,8.44,8.51,8.56,0.98,0.71,15.48,0.98,5722786217.0,5722786217.0,-0.24,-0.24,0.84,3.94
3447,002985,北摩高科,38.12,-1.4,-0.54,52103.0,199475617.61,2.3,38.77,37.88,38.67,38.66,0.66,2.97,74.39,4.83,12650259232.0,6696570629.0,0.26,0.26,36.44,20.14
3448,301276,嘉曼服饰,26.7,-1.4,-0.38,18717.0,50548355.42,2.88,27.38,26.6,27.09,27.08,0.54,2.59,38.43,1.66,3460320000.0,1929545107.0,0.07,0.15,15.28,-10.94
3449,603477,巨星农牧,19.0,-1.4,-0.27,131979.0,252425739.0,2.91,19.51,18.95,19.42,19.27,0.57,2.59,67.8,3.26,9691337809.0,9691337809.0,0.0,-0.05,11.24,10.4
3450,000547,航天发展,31.03,-1.4,-0.44,2213093.0,6944499576.83,6.64,32.18,30.09,30.8,31.47,0.67,13.93,-76.1,10.55,49600470387.0,49310426554.0,-0.29,-0.45,40.22,-6.0
3451,688231,隆达股份,33.75,-1.4,-0.48,56199.0,190779113.0,3.36,34.65,33.5,34.37,34.23,0.75,2.28,110.86,3.02,8331428576.0,8331428576.0,-0.24,-0.24,37.2,29.81
3452,002962,五方光电,15.41,-1.41,-0.22,42270.0,65842458.2,2.37,15.75,15.38,15.54,15.63,0.65,2.02,92.83,2.54,4494563074.0,3223525517.0,-0.13,0.0,1.65,3.98
3453,688549,中巨芯-U,9.76,-1.41,-0.14,191108.0,188779246.0,3.33,10.07,9.74,9.83,9.9,0.78,3.24,-839.44,4.81,14418213760.0,5751753440.0,-0.2,-0.2,6.67,7.02
3454,002292,奥飞娱乐,8.38,-1.41,-0.12,234790.0,198401389.41,2.0,8.53,8.36,8.5,8.5,0.82,2.31,183.85,4.2,12391503461.0,8529740309.0,-0.12,0.0,-13.79,-5.31
3455,002362,汉王科技,20.34,-1.41,-0.29,38134.0,78277344.0,2.86,20.85,20.26,20.43,20.63,1.0,1.84,-40.9,4.73,4972207500.0,4222460577.0,0.0,0.05,-9.28,-6.01
3456,603051,鹿山新材,22.45,-1.41,-0.32,42527.0,96579119.0,2.59,23.0,22.41,22.78,22.77,0.81,2.63,232.93,2.12,3628658515.0,3628658515.0,-0.04,-0.09,8.66,5.95
3457,301001,凯淳股份,30.79,-1.41,-0.44,12407.0,38600384.21,2.59,31.5,30.69,31.23,31.23,0.75,2.47,5034.95,3.15,2463200000.0,1548737000.0,-0.32,-0.13,-3.87,4.23
3458,300057,万顺新材,6.31,-1.41,-0.09,404553.0,257802540.8,2.81,6.45,6.27,6.38,6.4,0.96,5.58,-48.79,1.09,5664751887.0,4575674440.0,0.16,0.16,4.64,10.9
3459,002675,东诚药业,13.27,-1.41,-0.19,80905.0,108112021.47,1.86,13.48,13.23,13.44,13.46,0.55,1.09,55.04,2.5,10942385005.0,9864705600.0,0.0,-0.08,-9.48,-3.42
3460,000607,华媒控股,4.17,-1.42,-0.06,165069.0,69519035.0,2.6,4.26,4.15,4.22,4.23,1.09,1.87,-54.81,2.74,4243802370.0,3690589461.0,0.0,0.0,-3.92,0.48
3461,300407,凯发电气,13.91,-1.42,-0.2,59768.0,83877006.52,2.83,14.26,13.86,14.15,14.11,0.59,2.32,48.41,2.31,4451763258.0,3587878159.0,0.07,0.22,10.22,22.88
3462,000012,南  玻Ａ,4.87,-1.42,-0.07,411411.0,201919844.27,2.23,4.96,4.85,4.91,4.94,0.9,2.1,73.89,1.13,14816823110.0,9541871832.0,0.21,0.0,4.28,9.93
3463,603079,圣达生物,18.02,-1.42,-0.26,39182.0,71412292.0,2.79,18.48,17.97,18.18,18.28,1.11,2.07,47.9,2.16,3406313824.0,3406313824.0,-0.06,0.06,3.92,1.69
3464,300341,麦克奥迪,15.93,-1.42,-0.23,37813.0,60676838.0,2.1,16.24,15.9,16.11,16.16,0.63,0.73,42.89,4.28,8242346652.0,8209820778.0,-0.19,-0.13,-11.35,-2.51
3465,600867,通化东宝,9.02,-1.42,-0.13,295938.0,267994280.0,1.42,9.13,9.0,9.12,9.15,0.76,1.51,11.02,2.48,17666056318.0,17666056318.0,-0.11,-0.11,3.44,10.4
3466,600023,浙能电力,5.57,-1.42,-0.08,910046.0,509764693.0,2.48,5.68,5.54,5.68,5.65,0.93,0.68,8.99,0.99,74686641412.0,74686641412.0,0.0,0.18,9.0,12.53
3467,300283,温州宏丰,8.33,-1.42,-0.12,189401.0,159603685.78,3.43,8.58,8.29,8.43,8.45,0.89,5.16,263.38,3.61,4139828589.0,3058930122.0,0.0,0.0,5.18,10.62
3468,301325,曼恩斯特,50.12,-1.42,-0.72,25144.0,128293275.07,3.62,51.88,50.04,50.86,50.84,0.98,4.34,-152.51,2.55,7211900119.0,2901682364.0,0.06,0.12,-0.4,-0.85
3469,603206,嘉环科技,15.98,-1.42,-0.23,19164.0,30839801.0,1.67,16.23,15.96,16.14,16.21,0.75,0.63,66.09,2.15,4877095808.0,4877095808.0,0.0,0.0,-5.28,-7.58
3470,000735,罗 牛 山,7.62,-1.42,-0.11,360137.0,276390514.42,2.33,7.77,7.59,7.72,7.73,1.11,3.13,2350.94,2.08,8774533464.0,8769839080.0,0.13,0.0,-14.29,-15.71
3471,605088,冠盛股份,34.05,-1.42,-0.49,18089.0,62367655.0,2.52,34.85,33.98,34.3,34.54,0.84,0.91,23.02,2.4,6902822105.0,6800304365.0,0.0,0.0,1.55,-4.35
3472,603352,至信股份,41.3,-1.43,-0.6,24140.0,99954550.0,1.55,41.8,41.15,41.8,41.9,1.02,5.43,42.55,4.02,9361333347.0,1834643964.0,0.02,0.07,88.76,88.76
3473,603013,亚普股份,22.81,-1.43,-0.33,28703.0,66404484.0,3.03,23.44,22.74,23.16,23.14,0.93,0.56,20.85,2.6,11592488255.0,11592488255.0,0.0,0.0,4.92,-7.54
3474,601200,上海环境,8.97,-1.43,-0.13,213991.0,193308131.0,1.98,9.13,8.95,9.1,9.1,0.81,1.59,17.39,1.04,12075685351.0,12075685351.0,0.0,-0.11,11.43,11.43
3475,300467,迅游科技,29.67,-1.43,-0.43,50396.0,151584100.0,3.82,30.75,29.6,30.27,30.1,1.3,2.99,255.97,9.44,6029089294.0,5001094320.0,0.0,-0.1,8.88,3.38
3476,603997,继峰股份,13.09,-1.43,-0.19,68205.0,90361182.0,2.71,13.41,13.05,13.24,13.28,0.82,0.54,49.74,3.22,16653947070.0,16653947070.0,0.0,0.15,0.85,-5.83
3477,603926,铁流股份,19.94,-1.43,-0.29,36459.0,73389783.0,2.72,20.43,19.88,20.43,20.23,0.85,1.58,45.95,2.71,4680249223.0,4602921903.0,-0.15,0.05,29.06,16.81
3478,002376,新北洋,7.55,-1.44,-0.11,112790.0,85812652.0,2.09,7.68,7.52,7.62,7.66,0.97,1.44,75.23,1.62,6119747185.0,5898888258.0,-0.13,0.13,0.53,-2.2
3479,301510,固高科技,33.6,-1.44,-0.49,44037.0,149210516.72,2.2,34.27,33.52,33.9,34.09,0.74,1.58,225.93,9.54,13440336000.0,9379751136.0,-0.06,-0.12,-9.8,-10.28
3480,688271,联影医疗,119.28,-1.44,-1.74,60234.0,719535423.0,1.97,120.83,118.44,120.83,121.02,1.57,0.73,52.07,4.55,98305564809.0,98305564809.0,0.34,0.41,-7.52,-4.96
3481,000652,泰达股份,4.11,-1.44,-0.06,134150.0,55679121.4,1.92,4.19,4.11,4.15,4.17,0.94,0.91,64.95,1.06,6064608532.0,6060040295.0,-0.24,0.0,-8.46,-1.2
3482,920139,华岭股份,19.15,-1.44,-0.28,26473.0,51170667.79,2.73,19.59,19.06,19.31,19.43,0.75,1.02,-92.79,4.95,5161066557.0,4946870475.0,0.16,0.0,-6.86,-8.37
3483,300553,集智股份,38.39,-1.44,-0.56,16053.0,62303312.43,2.77,39.38,38.3,38.8,38.95,0.79,1.91,100.6,5.01,4262128476.0,3234565651.0,0.08,0.08,-0.7,-4.95
3484,688509,正元地信,4.8,-1.44,-0.07,68807.0,33358479.0,2.26,4.9,4.79,4.86,4.87,0.8,1.79,-21.71,3.24,3696000000.0,1847002560.0,0.21,0.0,-3.03,-12.57
3485,603239,浙江仙通,21.93,-1.44,-0.32,23008.0,50879817.0,2.56,22.39,21.82,22.2,22.25,0.69,0.85,29.36,4.73,5936889600.0,5936889600.0,0.0,0.09,3.69,6.92
3486,688010,福光股份,29.51,-1.44,-0.43,18699.0,55489835.0,2.17,30.05,29.4,29.95,29.94,0.53,1.16,373.25,2.7,4738172167.0,4738172167.0,0.0,0.1,-4.56,-5.17
3487,002443,金洲管道,9.57,-1.44,-0.14,149532.0,144840704.0,3.4,9.87,9.54,9.71,9.71,0.86,2.88,39.85,1.46,4981524926.0,4970912294.0,0.0,0.0,21.29,17.28
3488,920106,林泰新材,69.13,-1.44,-1.01,4468.0,31224162.4,2.55,70.84,69.05,69.89,70.14,0.95,1.02,27.68,6.76,3912308655.0,3017861716.0,0.0,0.0,-12.49,-12.16
3489,300507,苏奥传感,8.91,-1.44,-0.13,98845.0,88780120.0,2.1,9.08,8.89,9.07,9.04,0.85,1.28,62.36,3.37,7133763941.0,6905176475.0,0.11,0.0,-2.94,-3.05
3490,301318,维海德,28.81,-1.44,-0.42,8188.0,23810403.75,2.22,29.36,28.71,29.32,29.23,0.7,0.92,34.02,2.08,3897960877.0,2557845375.0,0.17,0.31,0.95,4.23
3491,300727,润禾材料,34.08,-1.45,-0.5,27063.0,92592637.7,2.81,34.73,33.76,34.24,34.58,0.59,1.67,48.32,4.72,6139046876.0,5516822756.0,0.15,0.09,1.82,-4.38
3492,605199,ST葫芦娃,6.82,-1.45,-0.1,30124.0,20692217.0,1.45,6.92,6.82,6.91,6.92,1.1,0.75,-182.5,3.96,2728741689.0,2728741689.0,-0.15,-0.15,-23.02,-10.5
3493,920810,春光智能,12.26,-1.45,-0.18,6723.0,8318713.48,2.57,12.54,12.22,12.41,12.44,0.56,1.08,809.34,5.13,1175734000.0,765116502.0,0.0,0.0,-4.07,-6.7
3494,600395,盘江股份,6.13,-1.45,-0.09,489789.0,303435692.0,3.54,6.3,6.08,6.24,6.22,0.94,2.28,-567.74,1.25,13158810600.0,13158810600.0,0.0,0.0,31.26,31.55
3495,688789,宏华数科,76.05,-1.45,-1.12,14287.0,110101176.0,2.75,77.92,75.8,77.17,77.17,0.67,0.79,25.92,3.84,13708476937.0,13708476937.0,-0.01,-0.18,0.2,-6.77
3496,300622,博士眼镜,29.26,-1.45,-0.43,43478.0,127755676.7,1.82,29.67,29.13,29.4,29.69,0.88,2.79,56.93,7.86,6667012722.0,4557906364.0,0.0,0.0,-8.1,-5.8
3497,600507,方大特钢,6.81,-1.45,-0.1,243432.0,168884358.0,3.76,7.06,6.8,6.91,6.91,0.92,1.05,14.98,1.57,15752809531.0,15752809531.0,-0.15,-0.15,21.82,15.62
3498,603583,捷昌驱动,33.94,-1.45,-0.5,25112.0,85803009.0,1.51,34.44,33.92,34.4,34.44,0.67,0.66,25.84,2.78,13093066213.0,12973461653.0,0.0,-0.06,-5.59,-10.85
3499,603060,国检集团,6.81,-1.45,-0.1,72372.0,49815630.0,2.17,6.96,6.81,6.89,6.91,1.12,0.9,46.85,2.59,5474972251.0,5474972251.0,-0.15,-0.29,9.31,12.01
3500,688758,赛分科技,19.02,-1.45,-0.28,19971.0,38337393.0,2.44,19.49,19.02,19.25,19.3,0.71,0.67,62.67,5.85,7921146878.0,5671453441.0,-0.42,-0.31,-0.16,7.28
3501,002724,海洋王,7.46,-1.45,-0.11,92349.0,69260480.8,2.25,7.59,7.42,7.54,7.57,0.78,1.63,78.78,2.12,5755375035.0,4235695227.0,0.13,0.0,4.92,10.03
3502,002664,信质集团,21.59,-1.46,-0.32,72662.0,158669297.08,2.92,22.17,21.53,21.8,21.91,0.83,1.8,54.4,2.5,8813038000.0,8691617740.0,-0.05,0.05,-6.74,-9.89
3503,003005,竞业达,19.54,-1.46,-0.29,24630.0,48364688.94,1.77,19.82,19.47,19.82,19.83,1.06,1.94,-100.9,2.52,4521335022.0,2481154145.0,-0.05,0.05,-6.28,-4.17
3504,920682,球冠电缆,9.43,-1.46,-0.14,34464.0,32802680.15,2.82,9.65,9.38,9.55,9.57,0.44,1.83,32.15,2.64,3059846400.0,1774464996.0,0.21,0.11,1.4,2.72
3505,603995,甬金股份,18.92,-1.46,-0.28,54036.0,103206610.0,2.81,19.35,18.81,19.28,19.2,1.28,1.48,11.53,1.21,6917490573.0,6917490573.0,0.0,0.21,12.02,4.65
3506,600271,航天信息,9.43,-1.46,-0.14,174130.0,165246330.0,1.57,9.57,9.42,9.54,9.57,0.97,0.94,-28.63,1.29,17472702136.0,17472702136.0,0.0,-0.11,0.75,-19.33
3507,002599,盛通股份,7.4,-1.46,-0.11,90455.0,67382382.0,2.13,7.54,7.38,7.49,7.51,0.93,2.27,340.83,3.18,3941830424.0,2945249846.0,0.0,0.14,-9.65,-13.35
3508,603281,江瀚新材,32.33,-1.46,-0.48,55481.0,181033362.0,3.26,33.3,32.23,32.9,32.81,1.36,1.49,28.09,2.57,12069866688.0,12069866688.0,-0.83,-0.98,17.44,16.5
3509,920725,惠丰钻石,35.7,-1.46,-0.53,25179.0,90829158.42,4.66,37.2,35.51,35.7,36.23,0.53,5.98,-172.2,5.44,3258517500.0,1502176103.0,-0.22,-0.2,-6.05,5.9
3510,300474,景嘉微,64.64,-1.46,-0.96,53293.0,346057744.24,1.62,65.58,64.52,65.3,65.6,0.73,1.31,-349.31,4.85,33782106575.0,26274488022.0,0.0,0.0,-11.56,-10.06
3511,688486,龙迅股份,67.23,-1.47,-1.0,8363.0,56662832.0,2.13,68.58,67.13,67.88,68.23,0.67,0.63,52.14,5.71,8963620061.0,8963076775.0,0.01,0.03,-9.75,-9.53
3512,920019,铜冠矿建,20.16,-1.47,-0.3,25877.0,52698409.66,2.98,20.72,20.11,20.56,20.46,0.83,1.54,98.69,4.63,4238976672.0,3377519027.0,0.0,-0.1,3.49,-3.82
3513,601857,中国石油,12.05,-1.47,-0.18,3448139.0,4185118567.0,3.52,12.39,11.96,12.32,12.23,0.63,0.21,13.1,1.42,2205402782707.0,1951161037707.0,0.0,0.17,23.97,15.75
3514,301102,兆讯传媒,11.41,-1.47,-0.17,22463.0,25891118.68,2.33,11.66,11.39,11.62,11.58,0.7,0.55,103.9,1.54,4632460000.0,4632460000.0,0.0,-0.09,-4.04,8.77
3515,301029,怡合达,28.07,-1.47,-0.42,75892.0,215223094.74,3.19,28.77,27.86,28.28,28.49,0.69,1.64,31.99,4.18,17802070126.0,12964993186.0,0.0,0.04,6.97,5.84
3516,600869,远东股份,13.38,-1.47,-0.2,511142.0,693078710.0,3.46,13.8,13.33,13.5,13.58,0.57,2.3,132.83,6.97,29694939741.0,29694939741.0,0.07,-0.15,71.98,66.21
3517,301339,通行宝,14.07,-1.47,-0.21,34496.0,49040016.8,1.82,14.33,14.07,14.23,14.28,0.72,0.61,36.9,2.97,8165289812.0,8017086000.0,-0.14,-0.14,-1.68,-3.23
3518,002911,佛燃能源,15.38,-1.47,-0.23,113516.0,177319034.59,3.52,15.9,15.35,15.61,15.61,0.65,0.9,19.96,2.16,19969303057.0,19487044471.0,-0.06,-0.13,31.23,29.57
3519,688022,瀚川智能,16.09,-1.47,-0.24,43043.0,70377192.0,4.1,16.65,15.98,16.31,16.33,0.9,2.45,79.96,4.15,2829882233.0,2829882233.0,-0.06,0.31,5.16,5.16
3520,600969,郴电国际,10.72,-1.47,-0.16,112289.0,121928018.0,3.49,11.07,10.69,10.89,10.88,0.84,3.03,36.75,1.09,3966941188.0,3966941188.0,0.19,0.0,12.61,4.79
3521,601199,江南水务,6.03,-1.47,-0.09,111395.0,67760676.0,2.12,6.14,6.01,6.1,6.12,1.26,1.19,15.35,1.24,5639318061.0,5639318061.0,0.17,0.0,6.16,8.26
3522,605077,华康股份,16.03,-1.48,-0.24,26083.0,42281637.0,2.77,16.45,16.0,16.22,16.27,0.61,0.87,21.64,1.61,4857890426.0,4799853811.0,-0.12,-0.06,7.22,8.46
3523,000539,粤电力Ａ,5.31,-1.48,-0.08,739589.0,395526510.29,4.08,5.47,5.25,5.41,5.39,1.58,2.89,35.81,1.19,27879007966.0,13569104434.0,0.19,0.0,16.45,20.14
3524,300099,尤洛卡,9.29,-1.48,-0.14,289409.0,274255117.68,4.67,9.69,9.25,9.35,9.43,0.81,4.98,89.18,3.0,6849194219.0,5401319710.0,0.22,0.22,23.87,23.37
3525,300590,移为通信,11.95,-1.48,-0.18,51318.0,61814838.38,1.98,12.17,11.93,12.06,12.13,0.84,1.45,73.14,2.99,5496014579.0,4234630955.0,0.0,0.08,-4.09,-5.76
3526,688006,杭可科技,28.05,-1.48,-0.42,82628.0,234575153.0,3.09,28.83,27.95,28.4,28.47,0.94,1.37,42.95,3.13,16933003864.0,16933003864.0,0.04,0.11,-3.11,-4.23
3527,603893,瑞芯微,167.21,-1.48,-2.52,35256.0,591386874.0,1.67,169.5,166.66,167.54,169.73,0.68,0.84,67.72,16.61,70388470785.0,70368740005.0,0.07,0.11,-7.73,-6.05
3528,002766,索菱股份,5.32,-1.48,-0.08,247875.0,132811110.77,3.33,5.45,5.27,5.39,5.4,1.12,2.9,22144.24,3.99,4594102620.0,4549911295.0,0.0,0.19,3.3,-12.07
3529,002748,世龙实业,12.69,-1.48,-0.19,90200.0,116172436.0,3.65,13.12,12.65,12.85,12.88,0.75,3.76,56.5,2.22,3045600000.0,3045600000.0,-0.08,0.0,11.81,-1.7
3530,002373,千方科技,10.58,-1.49,-0.16,214863.0,228962121.22,1.86,10.75,10.55,10.69,10.74,0.95,1.56,66.36,1.46,16718391315.0,14574945853.0,-0.09,0.0,-1.12,-9.96
3531,000633,合金投资,7.26,-1.49,-0.11,81864.0,60050713.0,2.85,7.44,7.23,7.35,7.37,0.79,2.13,288.91,14.23,2795872268.0,2795851577.0,0.14,0.14,-14.79,0.69
3532,001359,平安电工,74.5,-1.49,-1.13,15811.0,117697111.8,4.56,76.73,73.28,74.76,75.63,1.06,3.41,51.59,7.0,13819985793.0,3455310000.0,0.0,-0.05,26.92,4.93
3533,300901,中胤时尚,16.53,-1.49,-0.25,18043.0,29938562.0,2.09,16.8,16.45,16.74,16.78,0.79,0.75,-241.53,4.1,3967200000.0,3967200000.0,-0.48,0.18,4.22,1.22
3534,600536,中国软件,41.02,-1.49,-0.62,89974.0,370079753.0,2.11,41.73,40.85,41.45,41.64,0.81,1.07,-276.13,10.87,38303925676.0,34606764813.0,-0.02,0.05,-8.52,-11.4
3535,002023,海特高新,11.23,-1.49,-0.17,132020.0,149345135.1,2.11,11.44,11.2,11.38,11.4,0.85,1.78,52.44,1.9,8319860439.0,8319860439.0,0.0,0.0,-15.18,-17.06
3536,600708,光明地产,3.96,-1.49,-0.06,212404.0,85213990.0,3.23,4.07,3.94,4.0,4.02,0.65,0.95,-9.56,0.97,8825401502.0,8812099973.0,0.0,0.0,22.22,1.8
3537,301320,豪江智能,17.89,-1.49,-0.27,26679.0,48226025.54,4.35,18.42,17.63,18.12,18.16,0.88,3.91,135.27,3.07,3256158900.0,1220262141.0,-0.22,-0.17,2.64,5.42
3538,600751,海航科技,3.93,-1.5,-0.06,640124.0,256676238.0,4.76,4.11,3.92,3.97,3.99,1.29,2.49,88.25,1.5,11394397487.0,10112632974.0,0.0,-0.25,1.55,2.61
3539,300260,新莱应材,50.55,-1.5,-0.77,60490.0,308432176.88,2.44,51.7,50.45,50.98,51.32,0.66,2.1,106.46,9.92,20614631314.0,14540047570.0,-0.04,-0.1,1.2,-11.14
3540,603042,华脉科技,20.31,-1.5,-0.31,163748.0,336476550.0,6.06,21.16,19.91,20.23,20.62,0.76,10.2,-67.23,3.78,3261579650.0,3261579650.0,0.0,-0.1,14.42,19.68
3541,688499,利元亨,55.26,-1.5,-0.84,41689.0,234055380.0,3.57,57.18,55.18,55.83,56.1,1.01,2.47,182.94,4.02,9323937463.0,9323937463.0,0.0,0.04,-10.13,-4.26
3542,000503,国新健康,8.54,-1.5,-0.13,86278.0,74132881.48,1.61,8.66,8.52,8.6,8.67,0.95,0.88,-45.31,6.61,8362816111.0,8362309928.0,-0.12,-0.12,-11.78,-3.83
3543,600261,阳光照明,3.95,-1.5,-0.06,275219.0,109411714.0,2.24,4.02,3.93,4.01,4.01,0.63,2.06,30.72,1.52,5273459216.0,5273459216.0,0.0,0.0,15.16,17.21
3544,603077,和邦生物,3.28,-1.5,-0.05,11115310.0,3739934911.0,8.41,3.54,3.26,3.33,3.33,2.15,12.59,233.34,1.6,28967442108.0,28967442108.0,0.61,0.31,46.43,45.13
3545,600618,氯碱化工,14.96,-1.51,-0.23,260656.0,399592134.0,5.53,15.73,14.89,15.15,15.19,0.76,3.48,21.18,1.91,17299743641.0,11217606041.0,-0.13,-0.13,24.98,25.93
3546,300134,大富科技,11.12,-1.51,-0.17,88832.0,99718559.33,2.57,11.37,11.08,11.24,11.29,0.77,1.25,-37.74,2.24,8534577827.0,7922088227.0,0.0,0.0,-9.22,-11.04
3547,301286,侨源股份,48.26,-1.51,-0.74,16132.0,78670917.0,2.73,49.45,48.11,48.63,49.0,0.5,1.0,80.07,10.11,19308826000.0,7783343747.0,0.0,-0.06,24.45,14.12
3548,688228,开普云,115.68,-1.51,-1.77,23665.0,275172764.0,2.87,118.2,114.83,117.11,117.45,1.05,3.5,-723.07,5.97,7814271917.0,7814271917.0,-0.04,-0.16,-39.72,-40.56
3549,600176,中国巨石,26.1,-1.51,-0.4,588574.0,1550588947.0,3.21,26.8,25.95,26.5,26.5,0.81,1.47,30.51,3.31,104481868601.0,104481868601.0,0.04,-0.11,66.56,52.63
3550,002581,ST未名,7.85,-1.51,-0.12,75284.0,59084777.53,3.76,8.06,7.76,7.93,7.97,1.24,1.88,-56.45,2.77,5178924350.0,3146210614.0,0.38,-0.63,4.95,4.67
3551,002977,天箭科技,28.68,-1.51,-0.44,18819.0,54257827.76,1.75,29.12,28.61,28.99,29.12,0.81,2.82,-101.1,3.29,3445041600.0,1910666476.0,0.0,0.03,-31.39,-18.78
3552,603901,永创智能,13.04,-1.51,-0.2,58073.0,76299711.0,2.64,13.3,12.95,13.23,13.24,0.89,1.19,40.44,2.6,6834030558.0,6358609931.0,0.0,0.08,-5.71,-8.17
3553,688596,正帆科技,30.75,-1.51,-0.47,36803.0,114170471.0,2.31,31.43,30.71,31.07,31.22,0.7,1.25,65.55,2.35,9044531725.0,9044531725.0,-0.13,-0.26,5.31,-2.78
3554,603505,金石资源,20.9,-1.51,-0.32,141728.0,299465946.0,4.48,21.65,20.7,20.96,21.22,0.95,1.68,55.99,9.76,17590878192.0,17590878192.0,0.1,0.05,16.43,11.88
3555,600486,扬农化工,84.0,-1.51,-1.29,74405.0,636768884.0,5.24,87.98,83.51,85.99,85.29,0.78,1.84,24.19,3.02,34047324612.0,33935046936.0,0.04,0.0,29.49,21.05
3556,002726,龙大美食,3.91,-1.51,-0.06,149795.0,59105335.32,3.02,4.01,3.89,3.96,3.97,0.92,1.39,-17.67,3.91,4219518294.0,4216316004.0,0.0,0.26,-9.91,-4.87
3557,688381,帝奥微,22.82,-1.51,-0.35,24051.0,55287954.0,2.03,23.27,22.8,23.01,23.17,0.83,0.97,-80.64,2.23,5647950000.0,5647950000.0,0.0,0.04,-5.97,0.04
3558,605166,聚合顺,11.11,-1.51,-0.17,72326.0,81310875.0,2.3,11.37,11.11,11.25,11.28,0.93,2.3,18.79,1.79,3496679697.0,3496679697.0,-0.09,-0.09,5.51,7.14
3559,301021,英诺激光,56.1,-1.51,-0.86,55891.0,314013618.13,5.04,57.8,54.93,56.27,56.96,0.61,3.66,291.14,8.54,8575041407.0,8568673047.0,0.0,-0.04,45.41,15.31
3560,603399,永杉锂业,10.99,-1.52,-0.17,193180.0,217002870.0,4.57,11.48,10.97,11.1,11.16,0.96,3.77,-25.87,3.39,5630074233.0,5630074233.0,-0.09,-0.09,0.83,5.77
3561,603759,海天股份,10.34,-1.52,-0.16,62326.0,64964934.0,2.29,10.54,10.3,10.5,10.5,1.02,1.35,34.45,1.68,4774598400.0,4774598400.0,0.0,0.1,-1.62,-1.9
3562,600460,士兰微,28.56,-1.52,-0.44,252335.0,726185547.0,2.31,29.15,28.48,28.72,29.0,0.74,1.52,102.11,3.98,47525891893.0,47525891893.0,-0.04,-0.14,-0.31,0.53
3563,688653,康希通信,13.59,-1.52,-0.21,57516.0,78820699.0,3.04,13.95,13.53,13.73,13.8,0.81,1.82,-131.37,3.97,5768683200.0,4300033603.0,-0.07,-0.07,8.98,11.85
3564,688293,奥浦迈,47.8,-1.52,-0.74,6416.0,30746245.0,2.76,48.97,47.63,48.3,48.54,0.51,0.56,149.06,2.59,6215722043.0,5440603361.0,-0.15,-0.17,-6.79,-2.45
3565,002174,游族网络,10.4,-1.52,-0.16,227187.0,239673661.09,4.92,10.9,10.38,10.86,10.56,1.09,2.32,100.09,2.06,10190034057.0,10184294037.0,-0.38,-0.19,-11.64,-15.03
3566,002836,新宏泽,14.3,-1.52,-0.22,35672.0,51867064.44,3.72,14.8,14.26,14.48,14.52,0.97,1.55,61.37,8.72,3294720000.0,3294720000.0,0.0,0.21,-16.37,-4.54
3567,301026,浩通科技,30.45,-1.52,-0.47,48647.0,150501482.26,4.27,31.7,30.38,30.8,30.92,0.84,4.26,30.87,2.98,4819442904.0,3480713435.0,0.0,0.0,21.36,7.45
3568,002451,摩恩电气,11.05,-1.52,-0.17,266002.0,294882349.85,5.53,11.45,10.83,11.1,11.22,0.59,6.06,517.96,6.28,4869403500.0,4852596450.0,0.0,0.0,8.55,9.08
3569,300979,华利集团,47.14,-1.52,-0.73,18801.0,89395992.0,2.21,48.17,47.11,48.02,47.87,1.07,0.16,17.16,3.39,55012380000.0,55011899172.0,0.0,0.0,-18.09,-6.11
3570,300295,三六五网,10.4,-1.52,-0.16,38004.0,40103089.0,3.41,10.72,10.36,10.6,10.56,0.99,2.27,-222.95,1.75,1971982626.0,1742269235.0,0.0,0.0,-24.8,-17.0
3571,002124,天邦食品,2.59,-1.52,-0.04,661270.0,172468054.5,2.28,2.64,2.58,2.61,2.63,1.03,3.35,16.63,1.46,5754808625.0,5108398538.0,-0.38,0.0,-5.47,-5.47
3572,688615,合合信息,189.03,-1.52,-2.92,20529.0,390187679.0,1.66,191.98,188.8,190.79,191.95,0.84,2.12,58.27,9.06,26464200000.0,18273576223.0,-0.28,0.02,-2.21,-16.94
3573,002746,仙坛股份,6.48,-1.52,-0.1,249775.0,163434707.58,2.43,6.61,6.45,6.58,6.58,1.17,3.52,21.66,1.22,5576290951.0,4598701951.0,0.15,0.47,7.28,6.75
3574,605258,协和电子,35.72,-1.52,-0.55,25826.0,93110915.0,3.03,36.63,35.53,36.08,36.27,0.62,2.93,52.73,2.63,3143360000.0,3143360000.0,-0.03,0.31,8.67,14.23
3575,002882,金龙羽,30.26,-1.53,-0.47,43687.0,133906930.0,3.03,31.09,30.16,30.62,30.73,1.05,1.77,93.57,6.19,13099554000.0,7466266159.0,0.0,0.0,-3.94,0.33
3576,600929,雪天盐业,6.44,-1.53,-0.1,204354.0,133153526.0,2.29,6.59,6.44,6.51,6.54,0.95,1.25,242.78,1.4,10562329369.0,10562329369.0,0.0,-0.16,8.78,13.98
3577,688628,优利德,41.11,-1.53,-0.64,10065.0,42072232.0,3.86,42.6,40.99,41.53,41.75,0.68,0.9,30.14,3.63,4594765543.0,4594765543.0,0.0,0.12,29.28,29.11
3578,300075,数字政通,13.56,-1.53,-0.21,67559.0,91935344.0,1.96,13.77,13.5,13.7,13.77,0.9,1.31,-121.01,2.42,8422524942.0,6989345735.0,0.0,0.15,-12.23,-11.6
3579,300813,泰林生物,25.77,-1.53,-0.4,16901.0,43931844.6,2.48,26.31,25.66,26.05,26.17,0.57,2.22,159.1,3.95,3123303874.0,1959836151.0,0.04,0.08,1.22,4.88
3580,300965,恒宇信通,56.12,-1.53,-0.87,4578.0,25886928.0,1.68,57.08,56.12,56.54,56.99,0.68,0.82,98.14,2.74,3367200000.0,3126655650.0,-0.21,-0.18,-12.12,-20.55
3581,600886,国投电力,14.78,-1.53,-0.23,573196.0,854553705.0,2.47,15.1,14.73,15.01,15.01,1.07,0.77,13.62,1.79,118306425192.0,110172777400.0,-0.07,-0.14,7.73,12.65
3582,920454,同心传动,14.78,-1.53,-0.23,7837.0,11714073.08,2.86,15.18,14.75,15.18,15.01,1.08,1.24,56.64,4.72,1553378000.0,933787468.0,-0.2,-0.2,-7.8,-11.02
3583,920261,一诺威,15.41,-1.53,-0.24,32693.0,51408104.51,4.86,16.09,15.33,15.64,15.65,1.11,1.91,23.58,2.72,4486355647.0,2632860556.0,0.0,0.06,4.4,2.53
3584,603985,恒润股份,18.03,-1.53,-0.28,235269.0,428257515.0,4.37,18.65,17.85,18.4,18.31,1.05,5.34,92.7,2.47,7948669794.0,7948669794.0,-0.06,0.0,25.91,18.31
3585,688160,步科股份,113.9,-1.54,-1.78,9117.0,104746793.0,2.64,116.46,113.41,114.46,115.68,0.67,1.0,141.9,7.98,10345788263.0,10345788263.0,0.0,0.02,8.39,-25.31
3586,002328,新朋股份,7.03,-1.54,-0.11,186265.0,132752970.35,3.64,7.26,7.0,7.14,7.14,0.72,3.26,28.72,1.63,5425543100.0,4012667029.0,0.14,0.14,3.69,6.35
3587,600084,中信尼雅,7.01,-1.54,-0.11,74375.0,52706547.0,3.37,7.22,6.98,7.12,7.12,0.82,0.66,39516.79,6.09,7877325078.0,7877325078.0,0.29,0.14,27.69,33.52
3588,002891,中宠股份,43.42,-1.54,-0.68,36293.0,158940955.06,3.15,44.5,43.11,43.91,44.1,1.13,1.19,29.74,4.57,13216078909.0,13216078909.0,-0.14,0.07,-19.73,-16.11
3589,300514,友讯达,14.71,-1.54,-0.23,57789.0,85651971.0,2.54,15.04,14.66,15.0,14.94,0.71,3.61,29.37,2.78,2942000000.0,2357399961.0,0.0,0.14,8.88,11.36
3590,920675,秉扬科技,11.5,-1.54,-0.18,46843.0,54625146.1,4.37,11.9,11.39,11.8,11.68,0.57,5.93,39.49,3.19,1979886000.0,908705505.0,0.09,0.52,16.16,16.87
3591,001269,欧晶科技,25.5,-1.54,-0.4,72929.0,188590813.87,2.86,26.18,25.44,25.64,25.9,1.07,3.79,-42.21,5.62,4906495443.0,4906495443.0,-0.35,0.04,5.59,5.9
3592,301323,新莱福,53.2,-1.54,-0.83,10654.0,57149786.0,2.02,54.2,53.11,53.86,54.03,0.63,1.57,40.34,2.58,5617318308.0,3600201632.0,0.0,0.02,-3.38,-2.51
3593,300598,诚迈科技,40.25,-1.54,-0.63,29860.0,120634214.4,1.86,40.86,40.1,40.67,40.88,0.7,1.38,-96.66,5.89,8733515075.0,8731069244.0,0.05,0.1,-13.22,-12.44
3594,603390,通达电气,12.18,-1.54,-0.19,42262.0,51847120.0,1.7,12.37,12.16,12.36,12.37,1.07,1.21,58.53,2.65,4283121165.0,4269259948.0,0.0,0.08,-0.33,-6.81
3595,301078,孩子王,8.94,-1.54,-0.14,276318.0,249390165.62,1.98,9.11,8.93,9.0,9.08,0.62,2.2,40.44,2.71,11275151387.0,11212592977.0,-0.22,0.0,-5.99,-13.79
3596,688686,奥普特,95.85,-1.54,-1.5,7570.0,73321492.0,2.89,98.47,95.66,97.36,97.35,0.7,0.62,63.9,3.83,11716268362.0,11716268362.0,0.05,-0.1,-19.37,-22.78
3597,301398,星源卓镁,52.18,-1.55,-0.82,10589.0,55733583.76,2.74,53.45,52.0,52.44,53.0,0.58,2.85,97.24,5.21,5844160000.0,1942087420.0,0.13,0.1,5.95,-3.62
3598,301157,华塑科技,57.23,-1.55,-0.9,11114.0,64038506.27,2.7,58.54,56.97,57.9,58.13,0.71,5.38,135.27,3.14,3433800000.0,1182374948.0,0.03,-0.16,6.12,10.02
3599,603185,弘元绿能,25.34,-1.55,-0.4,217629.0,559286367.0,3.46,26.09,25.2,25.48,25.74,0.95,3.21,55.16,1.42,17309166163.0,17206422599.0,0.0,0.0,-19.3,-16.92
3600,300483,首华燃气,21.54,-1.55,-0.34,425063.0,920917038.43,6.12,22.54,21.2,22.32,21.88,0.56,11.18,-3794.36,3.07,8190793335.0,8188208535.0,0.14,0.19,35.81,51.9
3601,603072,天和磁材,39.95,-1.55,-0.63,23746.0,95455755.0,1.92,40.68,39.9,40.4,40.58,0.8,1.88,66.09,4.93,10557986000.0,5042888500.0,0.03,0.05,-5.58,-1.82
3602,300930,屹通新材,32.49,-1.55,-0.51,17748.0,58349711.2,4.85,33.6,32.0,33.03,33.0,1.02,3.77,53.61,3.54,3249000000.0,1531091282.0,0.0,-0.03,9.14,9.39
3603,002474,榕基软件,8.21,-1.56,-0.13,432845.0,362165905.74,5.88,8.68,8.19,8.32,8.34,1.6,8.16,-117.7,3.74,5108262000.0,4357588408.0,-0.12,-0.12,-25.77,-16.73
3604,605055,迎丰股份,9.45,-1.56,-0.15,38796.0,37041324.0,3.85,9.79,9.42,9.79,9.6,0.87,0.88,-73.07,3.98,4158000000.0,4158000000.0,0.11,0.11,11.83,-2.68
3605,002137,实益达,8.86,-1.56,-0.14,164208.0,147068494.0,2.56,9.07,8.84,9.05,9.0,0.84,4.14,126.61,3.38,5116693006.0,3512624357.0,0.0,0.0,-4.63,3.26
3606,601336,新华保险,70.8,-1.56,-1.12,106635.0,761812266.0,1.82,72.08,70.77,71.69,71.92,0.79,0.51,5.04,2.2,220863899280.0,147649105272.0,-0.11,-0.21,6.55,1.58
3607,688478,晶升股份,33.38,-1.56,-0.53,17662.0,59570245.0,3.83,34.51,33.21,33.67,33.91,0.83,1.71,-131.6,3.06,4618660284.0,3451807975.0,0.0,0.15,-7.71,-10.77
3608,603636,南威软件,10.08,-1.56,-0.16,88099.0,89406888.0,2.64,10.34,10.07,10.24,10.24,1.13,1.52,-43.62,2.6,5850034072.0,5850034072.0,-0.1,-0.1,-30.24,-14.86
3609,603076,乐惠国际,26.53,-1.56,-0.42,21979.0,58844146.0,3.34,27.15,26.25,26.9,26.95,0.85,1.82,71.48,2.47,3202206656.0,3202206656.0,-0.15,-0.04,12.99,13.18
3610,002913,奥士康,47.9,-1.56,-0.76,102147.0,489764806.05,4.13,48.96,46.95,48.66,48.66,0.6,3.39,40.37,3.44,15201568142.0,14450635531.0,-0.02,0.04,15.28,12.07
3611,300251,光线传媒,16.44,-1.56,-0.26,769755.0,1281442059.3,2.81,16.89,16.42,16.71,16.7,0.96,2.77,15.49,4.49,48228193822.0,45627000764.0,0.0,0.06,0.86,0.37
3612,300240,飞力达,7.56,-1.56,-0.12,103992.0,79543655.0,2.99,7.77,7.54,7.65,7.68,0.81,2.86,63.47,1.9,2809015902.0,2747144325.0,-0.13,-0.26,-1.31,0.27
3613,002320,海峡股份,9.48,-1.56,-0.15,195339.0,187062560.65,2.7,9.71,9.45,9.56,9.63,0.93,0.87,83.42,5.26,21184644459.0,21184644459.0,-0.11,0.0,-23.73,-22.1
3614,301259,艾布鲁,34.81,-1.56,-0.55,28936.0,102266742.95,4.58,36.25,34.63,35.32,35.36,0.96,2.93,-550.57,6.56,5430360000.0,3441700833.0,0.03,0.2,-0.17,5.33
3615,603733,仙鹤股份,24.04,-1.56,-0.38,31704.0,77451456.0,2.78,24.69,24.01,24.38,24.42,0.83,0.45,16.4,2.05,17013687076.0,17013687076.0,-0.04,0.04,5.16,-0.54
3616,688156,路德科技,22.54,-1.57,-0.36,30672.0,70455593.0,4.15,23.47,22.52,22.77,22.9,1.06,3.05,-32.28,2.98,2270097099.0,2270097099.0,0.0,-0.31,38.96,40.79
3617,688322,奥比中光-UW,80.68,-1.57,-1.29,33599.0,272923145.0,2.62,82.6,80.45,80.98,81.97,0.73,1.05,254.66,10.87,32364317283.0,25710811307.0,-0.15,-0.04,-2.41,-10.03
3618,600894,广日股份,9.4,-1.57,-0.15,64198.0,61027280.0,2.2,9.6,9.39,9.55,9.55,1.34,0.76,15.09,0.93,8005776603.0,7925557783.0,0.0,-0.21,3.64,1.62
3619,002721,金一文化,3.13,-1.57,-0.05,513749.0,162413091.0,2.83,3.2,3.11,3.17,3.18,1.41,1.93,-165.08,4.06,8323855065.0,8323855065.0,0.0,0.0,-2.19,-0.63
3620,603166,福达股份,14.43,-1.57,-0.23,44952.0,65334882.0,1.98,14.68,14.39,14.6,14.66,0.58,0.7,31.55,3.65,9316738894.0,9245526844.0,-0.07,0.0,-7.5,-8.09
3621,600095,湘财股份,10.02,-1.57,-0.16,218665.0,220274419.0,1.67,10.18,10.01,10.15,10.18,1.06,0.76,48.64,2.34,28649061185.0,28649061185.0,0.0,-0.1,-12.57,-9.4
3622,600256,广汇能源,7.51,-1.57,-0.12,4054714.0,3093104995.0,5.24,7.85,7.45,7.74,7.63,0.77,6.34,35.58,2.01,48003942260.0,48003942260.0,0.0,0.0,52.02,52.64
3623,605228,神通科技,12.54,-1.57,-0.2,54778.0,69470813.0,2.43,12.83,12.52,12.71,12.74,0.78,1.15,39.79,3.33,6008607700.0,5983276900.0,-0.16,0.08,-12.06,-16.01
3624,605208,永茂泰,13.13,-1.57,-0.21,49800.0,66005678.0,3.0,13.49,13.09,13.45,13.34,0.67,1.51,64.75,1.99,4332112200.0,4332112200.0,-0.08,-0.15,-1.13,-3.31
3625,603393,新天然气,42.14,-1.57,-0.67,163927.0,694776224.0,4.11,43.36,41.6,43.06,42.81,0.53,3.87,16.43,1.99,17864044720.0,17834546888.0,0.12,0.1,55.5,58.48
3626,600362,江西铜业,50.74,-1.57,-0.81,362498.0,1875873830.0,4.25,52.83,50.64,51.5,51.55,0.92,1.75,21.88,2.15,175698890010.0,105298053330.0,0.0,-0.06,20.72,-7.61
3627,000768,中航西飞,26.88,-1.57,-0.43,276490.0,746928655.68,2.42,27.36,26.7,27.01,27.31,0.61,1.0,56.5,3.43,74757287028.0,74635833861.0,0.04,-0.07,12.99,5.91
3628,688286,敏芯股份,70.7,-1.57,-1.13,13844.0,98448723.0,1.96,72.01,70.6,71.38,71.83,0.95,2.47,105.95,3.69,3963425880.0,3963425880.0,-0.03,0.07,-11.47,-10.45
3629,301149,隆华新材,12.54,-1.57,-0.2,103231.0,130884907.25,1.96,12.79,12.54,12.62,12.74,0.69,3.95,40.29,2.64,5392200226.0,3275808074.0,-0.08,-0.16,18.3,17.86
3630,300612,宣亚国际,15.71,-1.57,-0.25,66533.0,105496920.0,2.32,16.05,15.68,15.91,15.96,0.89,3.7,-110.9,5.78,2834940132.0,2825906882.0,0.06,0.06,-9.24,-11.79
3631,000712,锦龙股份,11.18,-1.58,-0.18,201886.0,227522650.02,2.29,11.42,11.16,11.3,11.36,0.65,2.25,49.37,3.95,10017280000.0,10014307518.0,0.09,0.09,-11.83,-6.99
3632,002714,牧原股份,49.79,-1.58,-0.8,376326.0,1883566594.96,2.33,50.75,49.57,50.5,50.59,0.56,0.99,14.59,3.59,287437402926.0,189639853061.0,0.02,0.02,3.73,-1.56
3633,300789,唐源电气,21.75,-1.58,-0.35,9834.0,21614784.74,2.71,22.32,21.72,22.17,22.1,0.66,0.99,60.02,2.94,3128716990.0,2150986978.0,-0.18,-0.18,-3.33,-5.43
3634,300451,创业慧康,4.98,-1.58,-0.08,209404.0,105158947.65,1.78,5.07,4.98,5.05,5.06,0.84,1.37,-47.34,1.79,7714640966.0,7602934975.0,0.0,0.0,-1.19,2.89
3635,601868,中国能建,3.74,-1.58,-0.06,37981674.0,14411953529.0,8.68,3.94,3.61,3.8,3.8,1.25,11.71,37.05,1.42,155924951999.0,121283441359.0,0.0,0.0,60.52,59.15
3636,601952,苏垦农发,10.59,-1.58,-0.17,272645.0,289261701.0,2.7,10.8,10.51,10.8,10.76,0.79,1.98,26.36,2.07,14593020000.0,14593020000.0,0.09,0.19,16.37,16.12
3637,301633,港迪技术,66.02,-1.58,-1.06,3174.0,21168123.0,1.91,67.28,66.0,67.0,67.08,0.75,1.24,63.54,4.02,3675993600.0,1684212585.0,-0.06,-0.08,-1.65,-5.58
3638,601058,赛轮轮胎,14.31,-1.58,-0.23,255219.0,369637710.0,3.23,14.75,14.28,14.56,14.54,0.71,0.78,12.29,2.23,47052714706.0,47052714706.0,0.07,0.0,-17.24,-11.56
3639,001277,速达股份,39.86,-1.58,-0.64,14305.0,57652100.2,2.15,40.64,39.77,40.58,40.5,1.19,3.15,30.16,1.96,3029360000.0,1808959245.0,0.03,-0.13,3.29,0.91
3640,300218,安利股份,16.79,-1.58,-0.27,44155.0,74584451.0,2.29,17.08,16.69,17.03,17.06,0.65,2.04,22.51,2.36,3643211730.0,3631280655.0,0.06,0.18,6.6,3.32
3641,001325,元创股份,56.0,-1.58,-0.9,28334.0,161388970.92,2.93,57.62,55.95,56.8,56.9,0.73,14.46,26.94,2.43,4390400000.0,1097600000.0,-0.09,-0.14,126.26,13.89
3642,600530,交大昂立,5.6,-1.58,-0.09,101888.0,57361500.0,2.99,5.74,5.57,5.66,5.69,1.47,1.31,1834.36,13.63,4339552000.0,4339552000.0,-0.18,-0.18,-23.91,-13.04
3643,601636,旗滨集团,6.81,-1.59,-0.11,410022.0,283761798.0,4.34,7.08,6.78,6.89,6.92,0.83,1.39,16.51,1.34,20148431888.0,20148431888.0,0.15,0.15,12.94,14.84
3644,002093,国脉科技,10.53,-1.59,-0.17,104161.0,110253951.0,1.87,10.7,10.5,10.67,10.7,0.87,1.03,40.6,2.76,10608975000.0,10608975000.0,-0.09,-0.19,-21.48,-8.43
3645,603991,至正股份,100.77,-1.59,-1.63,18549.0,189583696.0,3.87,104.07,100.11,102.4,102.4,0.58,2.49,-335.7,4.4,15388557477.0,7510891748.0,0.09,0.17,27.8,36.82
3646,300433,蓝思科技,31.51,-1.59,-0.51,360302.0,1142604465.25,1.87,32.03,31.43,31.8,32.02,0.69,0.73,43.88,3.09,166333124814.0,156579013773.0,-0.03,-0.1,7.69,4.1
3647,301329,信音电子,23.45,-1.59,-0.38,23910.0,56538806.69,2.35,23.97,23.41,23.72,23.83,0.74,3.99,64.69,2.55,3991190000.0,1405686800.0,0.0,-0.04,-7.75,-0.38
3648,300706,阿石创,37.13,-1.59,-0.6,61700.0,232362282.0,3.92,38.48,37.0,37.21,37.73,0.76,5.43,-138.56,8.1,5692084658.0,4220065808.0,0.05,-0.05,2.31,9.43
3649,002044,美年健康,6.19,-1.59,-0.1,770247.0,481226943.2,3.66,6.37,6.14,6.26,6.29,0.75,1.99,350.4,3.06,24229231783.0,23981469011.0,0.0,0.16,22.09,17.23
3650,003020,立方制药,24.1,-1.59,-0.39,12025.0,29318918.28,2.04,24.6,24.1,24.45,24.49,1.09,0.87,28.42,2.55,4583390586.0,3319161004.0,-0.21,-0.21,-12.2,-6.88
3651,300128,锦富技术,6.83,-1.59,-0.11,163885.0,112682938.14,2.16,6.97,6.82,6.95,6.94,0.62,1.26,-40.37,13.42,8872958264.0,8863407363.0,0.0,0.0,-6.69,-6.44
3652,002001,新 和 成,38.67,-1.6,-0.63,458098.0,1777872064.01,3.97,39.5,37.94,38.5,39.3,0.61,1.51,16.75,3.69,118849216366.0,117435450756.0,0.18,0.03,59.99,53.51
3653,300293,蓝英装备,18.47,-1.6,-0.3,31881.0,59536919.0,3.04,18.95,18.38,18.7,18.77,0.88,1.14,-149.26,6.69,6250951818.0,5177804387.0,-0.05,0.05,-15.66,-12.55
3654,300076,GQY视讯,7.37,-1.6,-0.12,87573.0,65336717.55,3.2,7.58,7.34,7.49,7.49,0.81,2.07,-74.25,3.47,3124880000.0,3124880000.0,0.0,0.14,5.44,-11.2
3655,603488,展鹏科技,10.44,-1.6,-0.17,83196.0,87112637.0,3.02,10.65,10.33,10.51,10.61,0.86,2.85,-42.05,3.38,3048380194.0,3048380194.0,0.1,0.87,29.53,33.85
3656,600792,云煤能源,4.93,-1.6,-0.08,646874.0,326478712.0,4.59,5.14,4.91,4.99,5.01,1.04,5.83,-22.58,1.92,5471923348.0,5471923348.0,-0.2,-0.2,17.1,27.06
3657,301560,众捷汽车,37.58,-1.6,-0.61,39909.0,152193617.03,3.72,38.72,37.3,38.19,38.19,1.66,16.41,55.87,4.66,4569728000.0,913945600.0,-0.03,0.16,11.25,10.33
3658,600026,中远海能,22.11,-1.6,-0.36,858287.0,1920295295.0,4.98,22.94,21.82,22.56,22.47,0.5,2.47,33.28,2.82,120836032750.0,76827306093.0,0.0,0.23,93.61,89.3
3659,601279,英利汽车,4.3,-1.6,-0.07,106714.0,46186265.0,2.29,4.38,4.28,4.35,4.37,1.03,0.67,-95.46,1.62,6818879736.0,6818879736.0,0.0,0.0,-18.56,-17.31
3660,688009,中国通号,6.13,-1.61,-0.1,595096.0,367595199.0,2.89,6.26,6.08,6.23,6.23,0.9,0.69,17.73,1.3,64915590470.0,52846840340.0,0.49,0.49,16.98,12.07
3661,003011,海象新材,26.25,-1.61,-0.43,23028.0,61101064.0,3.3,26.9,26.02,26.86,26.68,0.61,2.95,22.36,1.91,2695245000.0,2049830108.0,-0.08,0.04,12.9,19.1
3662,920418,苏轴股份,26.27,-1.61,-0.43,21297.0,56274411.49,2.02,26.75,26.21,26.59,26.7,1.41,1.37,27.83,4.62,4268601792.0,4098023037.0,0.15,-0.04,-1.09,-12.46
3663,301297,富乐德,34.94,-1.61,-0.57,39319.0,138153106.29,2.17,35.6,34.83,35.4,35.51,1.02,1.08,92.38,4.95,25966974674.0,12682443668.0,-0.06,0.06,-5.36,-2.13
3664,000570,苏常柴Ａ,6.1,-1.61,-0.1,204658.0,126420919.0,3.06,6.26,6.07,6.22,6.2,0.43,3.68,72.57,1.25,4304724293.0,3389724293.0,0.33,0.0,2.87,9.71
3665,301502,华阳智能,45.22,-1.61,-0.74,8626.0,39353395.32,3.2,46.46,44.99,45.82,45.96,0.86,3.66,78.71,3.11,2581315870.0,1066604140.0,0.07,0.07,0.29,1.21
3666,688432,有研硅,15.25,-1.61,-0.25,127784.0,196684360.0,4.13,15.73,15.09,15.33,15.5,0.77,1.02,91.11,4.21,19067103335.0,19067103335.0,0.13,0.33,22.69,22.88
3667,000819,岳阳兴长,15.92,-1.61,-0.26,77039.0,124047235.06,2.78,16.37,15.92,16.25,16.18,0.62,2.11,-138.74,2.77,5882511736.0,5819274312.0,0.0,-0.06,-2.69,-1.91
3668,300837,浙矿股份,39.21,-1.61,-0.64,20597.0,81574608.0,3.26,40.35,39.05,39.5,39.85,0.64,2.72,56.69,2.84,3921071245.0,2963857120.0,-0.03,-0.15,41.3,15.26
3669,600168,武汉控股,5.49,-1.61,-0.09,138796.0,76526487.0,2.33,5.6,5.47,5.6,5.58,0.86,1.4,49.32,1.02,5453752654.0,5453752654.0,0.18,0.18,6.19,7.86
3670,688799,华纳药厂,43.4,-1.61,-0.71,10072.0,44093442.0,2.4,44.36,43.3,44.0,44.11,0.48,0.77,23.6,2.79,5699288000.0,5699288000.0,0.0,-0.02,-9.19,-9.01
3671,002276,万马股份,15.77,-1.62,-0.26,251442.0,399843342.77,2.74,16.12,15.68,15.92,16.03,0.81,2.5,29.04,2.62,15944659783.0,15884421143.0,0.0,0.25,-0.82,-6.74
3672,300554,三超新材,25.57,-1.62,-0.42,37831.0,97939363.1,3.54,26.42,25.5,25.9,25.99,0.68,4.78,-113.21,4.57,2920390024.0,2023577096.0,0.0,-0.08,6.45,10.26
3673,600826,兰生股份,10.92,-1.62,-0.18,52420.0,57593880.0,1.8,11.1,10.9,11.03,11.1,0.96,0.71,33.26,1.87,8032026355.0,8032026355.0,0.09,0.0,-0.73,3.61
3674,002514,宝馨科技,4.85,-1.62,-0.08,106020.0,51908951.0,2.43,4.96,4.84,4.93,4.93,0.84,1.91,-48.1,28.35,3492166180.0,2687066180.0,0.0,-0.21,-32.45,-17.52
3675,300671,富满微,40.15,-1.62,-0.66,70739.0,284745523.0,4.17,41.1,39.4,40.32,40.81,0.71,3.2,-112.1,5.55,8888666369.0,8862842411.0,0.05,0.2,15.71,25.9
3676,603999,读者传媒,7.29,-1.62,-0.12,73729.0,54316322.0,2.56,7.45,7.26,7.35,7.41,0.79,1.28,39.52,2.05,4199040000.0,4199040000.0,0.14,0.14,-2.8,3.7
3677,600522,中天科技,29.75,-1.62,-0.49,1328936.0,4039500140.0,6.75,31.74,29.7,29.93,30.24,0.74,3.89,32.57,2.77,101535252147.0,101535252147.0,-0.07,-0.2,77.93,64.18
3678,002187,广百股份,6.67,-1.62,-0.11,120834.0,81043369.0,2.36,6.78,6.62,6.77,6.78,1.17,1.72,-113.11,1.16,4674967202.0,4674967202.0,0.6,0.45,-17.86,-11.89
3679,002459,晶澳科技,12.74,-1.62,-0.21,1209055.0,1563703138.84,3.55,13.16,12.7,12.9,12.95,1.2,3.66,-8.9,1.86,42165420049.0,42115297921.0,-0.08,-0.16,11.17,11.27
3680,605086,龙高股份,35.76,-1.62,-0.59,15111.0,54788529.0,3.88,36.99,35.58,36.3,36.35,0.84,0.84,60.1,5.01,6408192000.0,6408192000.0,0.03,0.2,-12.37,-21.68
3681,603358,华达科技,48.5,-1.62,-0.8,53409.0,257160447.0,4.48,49.3,47.09,49.3,49.3,0.73,1.19,43.44,5.94,22782539186.0,21788439973.0,0.52,1.66,13.0,-3.67
3682,300845,捷安高科,12.75,-1.62,-0.21,81994.0,105013198.77,2.47,13.0,12.68,12.9,12.96,1.07,5.67,570.03,3.27,2621924025.0,1843767606.0,0.16,-1.09,9.25,13.13
3683,600361,创新新材,4.84,-1.63,-0.08,863829.0,423807998.0,3.25,4.98,4.82,4.94,4.92,0.91,2.31,19.1,1.63,18066088499.0,18066088499.0,0.21,0.21,9.5,14.15
3684,300709,精研科技,42.78,-1.63,-0.71,60008.0,258500421.34,3.17,43.89,42.51,43.06,43.49,0.68,4.02,39.61,3.47,7960360413.0,6386329350.0,0.07,0.45,-4.42,-9.29
3685,300605,恒锋信息,15.1,-1.63,-0.25,33053.0,50434542.25,2.61,15.48,15.08,15.27,15.35,0.85,2.77,179.26,5.21,2493599564.0,1804247026.0,0.0,-0.07,-21.11,-3.51
3686,002026,山东威达,13.86,-1.63,-0.23,66936.0,93684718.98,2.34,14.17,13.84,14.1,14.09,0.75,1.52,19.93,1.62,6105772675.0,6105245648.0,-0.29,-0.07,-7.17,-7.91
3687,605050,福然德,12.65,-1.63,-0.21,35420.0,45171191.0,1.87,12.87,12.63,12.8,12.86,0.88,0.72,16.71,1.39,6234289140.0,6234289140.0,-0.16,-0.08,-1.33,-4.67
3688,600415,小商品城,13.85,-1.63,-0.23,354913.0,493987307.0,1.28,14.02,13.84,13.99,14.08,1.02,0.65,16.48,3.42,75947295280.0,75947295280.0,-0.14,-0.14,-14.82,-13.17
3689,605008,长鸿高科,12.68,-1.63,-0.21,24592.0,31395805.0,2.17,12.91,12.63,12.82,12.89,1.16,0.38,382.51,4.07,8190803410.0,8190803410.0,-0.08,-0.24,-16.08,-11.14
3690,920407,驰诚股份,20.51,-1.63,-0.34,6585.0,13649285.98,4.03,21.17,20.33,20.7,20.85,0.8,1.89,93.32,6.41,1751225840.0,712945956.0,-0.24,-0.29,2.35,-18.25
3691,000887,中鼎股份,19.29,-1.63,-0.32,148393.0,288344983.0,1.94,19.61,19.23,19.45,19.61,0.81,1.13,14.57,1.8,25395087220.0,25354209028.0,-0.16,-0.05,-11.35,-16.89
3692,688259,创耀科技,38.51,-1.63,-0.64,21663.0,84323636.0,2.94,39.55,38.4,39.12,39.15,0.89,1.94,54.27,2.71,4301567000.0,4301567000.0,-0.16,-0.13,-4.75,-7.43
3693,301210,金杨精密,40.39,-1.63,-0.67,18352.0,75143671.2,2.87,41.49,40.31,40.98,41.06,0.88,4.22,103.12,2.51,4629272950.0,1755507648.0,0.05,0.0,6.85,10.96
3694,300751,迈为股份,247.18,-1.64,-4.12,57217.0,1436632642.09,3.86,256.8,247.1,250.06,251.3,0.81,2.96,78.1,8.79,69063329383.0,47792848457.0,-0.27,-0.32,65.8,20.0
3695,300998,宁波方正,23.93,-1.64,-0.4,24558.0,59385358.0,3.29,24.58,23.78,24.32,24.33,1.21,2.28,-111.5,2.6,3282459674.0,2576796279.0,0.38,0.13,5.19,9.22
3696,600215,派斯林,7.2,-1.64,-0.12,54473.0,39619442.0,2.6,7.36,7.17,7.28,7.32,0.71,1.19,-29.16,1.64,3289556736.0,3289556736.0,-0.14,-0.14,3.6,0.7
3697,688416,恒烁股份,90.2,-1.64,-1.5,29275.0,267837519.0,6.39,94.66,88.8,89.58,91.7,0.72,3.53,-75.82,5.84,7487113148.0,7487113148.0,0.03,-0.2,69.55,63.61
3698,300493,润欣科技,17.41,-1.64,-0.29,98310.0,172552841.92,1.98,17.75,17.4,17.61,17.7,0.76,1.94,145.24,7.67,8922991428.0,8820102681.0,-0.17,-0.17,-11.44,-13.34
3699,600520,三佳科技,27.02,-1.64,-0.45,37293.0,101970317.0,3.28,27.8,26.9,27.34,27.47,0.7,2.35,634.38,11.03,4280778600.0,4280778600.0,0.15,0.19,6.34,9.84
3700,600052,东望时代,4.21,-1.64,-0.07,115320.0,49117943.0,2.34,4.3,4.2,4.28,4.28,1.12,1.37,40.36,1.31,3554059860.0,3554059860.0,0.0,-0.24,-14.78,-10.62
3701,688658,悦康药业,17.98,-1.64,-0.3,92555.0,168895725.0,4.1,18.68,17.93,18.25,18.28,1.2,2.06,-31.87,2.43,8091000000.0,8091000000.0,-0.11,-0.06,-25.58,-20.48
3702,002600,领益智造,14.36,-1.64,-0.24,640481.0,924559968.78,1.92,14.59,14.31,14.44,14.6,0.56,0.89,40.54,4.51,104933516993.0,103375544847.0,0.0,-0.07,-6.33,-7.59
3703,688265,南模生物,43.58,-1.65,-0.73,3291.0,14483863.0,2.44,44.59,43.51,44.49,44.31,0.6,0.42,104.76,1.93,3397649897.0,3397649897.0,-0.09,0.07,7.05,6.27
3704,300228,富瑞特装,10.75,-1.65,-0.18,482080.0,531857583.46,5.12,11.27,10.71,10.93,10.93,0.72,8.58,27.84,2.67,6422324652.0,6036719464.0,0.0,0.0,21.33,8.7
3705,600435,北方导航,16.09,-1.65,-0.27,333776.0,541079184.0,3.61,16.57,15.98,16.25,16.36,0.61,2.21,146.57,8.34,24333836181.0,24333836181.0,0.0,-0.12,13.79,4.35
3706,601019,山东出版,8.96,-1.65,-0.15,70485.0,63644092.0,2.09,9.12,8.93,9.02,9.11,0.93,0.34,11.28,1.2,18698624000.0,18698624000.0,-0.11,0.11,7.56,3.7
3707,002238,天威视讯,7.75,-1.65,-0.13,55327.0,43220238.0,2.16,7.89,7.72,7.87,7.88,0.63,0.69,-109.54,2.93,6219833490.0,6219833490.0,0.0,0.13,-19.35,-4.67
3708,688058,宝兰德,31.06,-1.65,-0.52,13621.0,42635112.0,4.15,32.02,30.71,31.83,31.58,0.79,1.8,-31.31,3.72,2355483057.0,2355483057.0,0.36,0.19,11.93,14.07
3709,603225,新凤鸣,17.9,-1.65,-0.3,390001.0,690261554.0,3.85,18.03,17.33,18.03,18.2,0.91,2.34,25.92,1.56,30027138662.0,29866967672.0,-0.33,-0.06,10.56,-8.02
3710,600391,航发科技,43.5,-1.65,-0.73,159012.0,697972450.0,2.98,44.65,43.33,44.0,44.23,0.61,4.82,367.35,8.18,14360627465.0,14360627465.0,0.0,0.0,57.38,17.25
3711,000595,*ST宝实,6.51,-1.66,-0.11,146658.0,96142480.04,3.47,6.7,6.47,6.64,6.62,1.03,1.29,47.18,14.57,7412652943.0,7412652943.0,0.15,0.31,14.61,16.46
3712,688680,海优新材,50.22,-1.66,-0.85,21951.0,111469549.0,3.66,51.79,49.92,50.68,51.07,0.68,2.61,-8.78,3.73,4219679806.0,4219679806.0,-0.1,0.12,26.5,31.29
3713,300849,锦盛新材,20.77,-1.66,-0.35,24075.0,50410375.0,3.17,21.29,20.62,21.12,21.12,0.77,1.98,-246.69,5.29,3115500000.0,2522890838.0,0.0,0.34,21.25,32.89
3714,002653,海思科,46.34,-1.66,-0.78,19430.0,90650894.1,2.59,47.42,46.2,46.65,47.12,0.42,0.4,131.81,12.28,51896998730.0,22393256242.0,0.0,0.15,-24.37,-9.7
3715,301413,安培龙,125.14,-1.66,-2.11,18227.0,229626096.82,3.03,128.3,124.44,126.5,127.25,0.67,3.1,126.29,9.84,12314024403.0,7351961735.0,-0.03,-0.07,-2.83,-7.17
3716,000959,首钢股份,5.34,-1.66,-0.09,317478.0,171574551.49,2.95,5.48,5.32,5.41,5.43,1.07,0.42,32.58,0.82,41411525756.0,40171116625.0,0.0,0.0,23.9,8.98
3717,002534,西子洁能,18.91,-1.66,-0.32,170461.0,323249547.68,4.16,19.34,18.54,19.1,19.23,0.61,2.07,67.15,2.96,15807534197.0,15595866095.0,-0.11,-0.11,16.01,12.76
3718,300885,海昌新材,23.07,-1.66,-0.39,31003.0,72222662.88,2.26,23.58,23.05,23.28,23.46,0.8,1.86,100.77,6.51,5724862026.0,3853100069.0,-0.26,-0.22,-13.69,-31.71
3719,300613,富瀚微,41.0,-1.66,-0.69,24051.0,99379613.2,2.18,41.82,40.91,41.35,41.69,0.82,1.1,87.17,3.46,9533854804.0,8992448738.0,-0.1,0.0,-10.34,-10.99
3720,600027,华电国际,5.32,-1.66,-0.09,1705471.0,914165881.0,2.59,5.44,5.3,5.42,5.41,1.11,1.85,7.2,1.27,61774638659.0,49027403380.0,0.0,0.19,2.31,7.26
3721,300602,飞荣达,34.93,-1.66,-0.59,217013.0,771978324.81,4.05,36.35,34.91,35.41,35.52,0.65,5.49,53.27,5.12,20324489645.0,13811457284.0,-0.23,-0.4,20.45,5.34
3722,688159,有方科技,43.5,-1.67,-0.74,17230.0,75414801.0,2.37,44.4,43.35,43.75,44.24,0.89,1.86,157.96,4.5,4041533670.0,4033703670.0,-0.11,-0.05,-18.83,-10.01
3723,688326,经纬恒润-W,124.0,-1.67,-2.11,12306.0,153494342.0,2.76,126.58,123.1,125.18,126.11,0.68,1.1,149.42,3.37,14872679040.0,13841157264.0,-0.21,0.11,31.52,5.53
3724,300255,常山药业,41.81,-1.67,-0.71,139081.0,588808802.63,3.17,43.15,41.8,42.58,42.52,0.88,1.52,-643.04,25.33,38425935309.0,38368864659.0,-0.21,-0.21,-35.08,-32.67
3725,600782,新钢股份,4.11,-1.67,-0.07,628939.0,262352386.0,3.11,4.23,4.1,4.15,4.18,0.88,2.0,27.26,0.49,13086331032.0,12928630332.0,-0.24,0.0,9.02,5.93
3726,688288,鸿泉技术,27.08,-1.67,-0.46,13439.0,36818218.0,3.2,27.88,27.0,27.44,27.54,0.91,1.35,91.86,3.57,2702955104.0,2702955104.0,0.0,-0.07,1.42,1.01
3727,001379,腾达科技,22.97,-1.67,-0.39,24461.0,56839875.85,2.83,23.6,22.94,23.34,23.36,0.64,3.63,54.5,3.05,4594000000.0,1545858030.0,-0.09,-0.09,0.35,-2.5
3728,301148,嘉戎技术,52.5,-1.67,-0.89,14977.0,79598366.0,2.98,53.99,52.4,53.39,53.39,0.7,2.54,77.35,3.45,6116096700.0,3090836700.0,0.0,-0.19,0.21,10.41
3729,002230,科大讯飞,51.8,-1.67,-0.88,284747.0,1481886273.94,1.73,52.52,51.61,52.52,52.68,0.72,1.3,-1347.05,6.73,119753700137.0,113403171393.0,0.0,0.06,6.52,3.0
3730,002943,宇晶股份,54.24,-1.67,-0.92,44337.0,241965767.07,2.5,55.36,53.98,55.1,55.16,0.5,3.04,369.94,12.48,11147488113.0,7898089637.0,0.04,0.15,45.22,36.97
3731,600111,北方稀土,50.82,-1.68,-0.87,714043.0,3661121322.0,3.04,52.15,50.58,51.12,51.69,0.78,1.98,89.4,7.69,183717646090.0,183717646090.0,0.02,0.08,8.45,10.19
3732,000050,深天马Ａ,9.39,-1.68,-0.16,247623.0,234997570.91,2.93,9.64,9.36,9.5,9.55,0.75,1.01,137.88,0.85,23078250537.0,23077966724.0,-0.21,-0.21,3.41,3.99
3733,603728,鸣志电器,61.52,-1.68,-1.05,29880.0,185086574.0,1.68,62.4,61.35,62.02,62.57,0.66,0.71,387.8,8.69,25769651400.0,25769651400.0,0.0,0.02,-10.1,-14.97
3734,300557,理工光科,38.7,-1.68,-0.66,41811.0,164471597.7,4.09,40.22,38.61,39.36,39.36,0.77,3.51,88.56,4.69,4677586879.0,4616393974.0,0.08,-0.03,31.77,9.66
3735,603383,顶点软件,32.21,-1.68,-0.55,17886.0,57903626.0,1.43,32.62,32.15,32.52,32.76,0.73,0.87,48.04,4.53,6615259490.0,6615172523.0,0.0,0.03,-16.14,-10.8
3736,920252,天宏锂电,29.2,-1.68,-0.5,31136.0,92887312.95,4.07,30.31,29.1,29.51,29.7,1.07,4.56,310.34,11.36,2997399418.0,1992352179.0,0.1,0.07,-1.38,-3.28
3737,301075,多瑞医药,85.92,-1.68,-1.47,13010.0,112250284.04,4.38,88.23,84.4,87.48,87.39,0.53,1.63,-64.66,11.52,6873600000.0,6873600000.0,-0.2,0.05,61.96,43.99
3738,000905,厦门港务,11.7,-1.68,-0.2,123493.0,145977783.87,2.1,11.95,11.7,11.82,11.9,0.66,1.66,42.19,1.71,8679172285.0,8679148885.0,-0.09,-0.09,-19.25,-10.28
3739,300263,隆华科技,11.11,-1.68,-0.19,330194.0,369287897.63,3.89,11.42,10.98,11.2,11.3,0.68,3.38,47.79,2.74,11498920015.0,10838128812.0,0.0,0.09,35.16,25.68
3740,688379,华光新材,50.37,-1.68,-0.86,19336.0,98177932.0,3.08,51.71,50.13,51.23,51.23,0.48,2.15,23.68,3.87,4537607642.0,4537607642.0,-0.38,-0.28,0.74,-8.52
3741,603590,康辰药业,38.09,-1.68,-0.65,20967.0,80496473.0,2.07,38.86,38.06,38.3,38.74,0.87,1.33,35.52,1.9,6056709069.0,6026732239.0,0.03,0.03,-9.85,-4.18
3742,300319,麦捷科技,13.43,-1.68,-0.23,283882.0,384996824.52,3.22,13.83,13.39,13.59,13.66,0.59,3.37,36.48,2.5,11920311191.0,11318505290.0,0.0,0.15,11.18,14.88
3743,002921,联诚精密,25.22,-1.68,-0.43,53351.0,136201104.6,3.43,25.98,25.1,25.65,25.65,0.84,4.15,-245.35,2.84,3757026603.0,3240811109.0,0.32,0.28,61.67,48.18
3744,603915,国茂股份,16.34,-1.68,-0.28,57233.0,94350600.0,2.71,16.75,16.3,16.55,16.62,0.55,0.87,43.41,2.91,10729374723.0,10729374723.0,0.06,0.25,-5.33,-11.24
3745,688357,建龙微纳,36.92,-1.68,-0.63,16962.0,63769248.0,4.45,38.47,36.8,37.73,37.55,0.65,1.7,37.5,1.98,3694210585.0,3694210585.0,0.33,0.08,12.91,11.71
3746,000801,四川九洲,15.09,-1.69,-0.26,171446.0,259795257.2,1.89,15.34,15.05,15.33,15.35,0.87,1.69,117.58,5.24,15336340613.0,15336340613.0,0.07,0.07,-7.08,-11.03
3747,600208,衢州发展,3.5,-1.69,-0.06,676724.0,239656281.0,3.09,3.6,3.49,3.56,3.56,0.79,0.8,41.28,0.72,29781292800.0,29777917180.0,-0.57,-0.28,-15.87,-9.56
3748,600089,特变电工,30.32,-1.69,-0.52,2045496.0,6294311708.0,3.66,31.33,30.2,30.85,30.84,0.6,4.05,20.95,2.23,153200670753.0,153200670753.0,-0.03,0.03,35.36,36.45
3749,920167,同享科技,19.73,-1.69,-0.34,23920.0,47940725.31,3.89,20.41,19.63,20.29,20.07,0.63,3.66,100.06,3.45,2170822845.0,1289628011.0,0.0,-0.15,13.72,15.31
3750,301221,光庭信息,54.22,-1.69,-0.93,16602.0,90483561.99,2.67,55.4,53.93,54.7,55.15,0.86,2.65,84.12,2.51,5021981106.0,3400850765.0,0.28,0.48,15.07,-3.59
3751,600203,福日电子,11.64,-1.69,-0.2,95374.0,111831215.0,2.2,11.87,11.61,11.8,11.84,0.8,1.61,59.26,3.98,6902381274.0,6902381274.0,0.0,0.0,-23.17,-12.74
3752,300881,盛德鑫泰,46.61,-1.69,-0.8,19869.0,94639565.0,5.36,48.94,46.4,47.04,47.41,0.65,3.46,25.36,4.69,5127100000.0,2675705313.0,0.0,-0.28,39.8,37.66
3753,600212,绿能慧充,7.58,-1.69,-0.13,108732.0,83054717.0,2.33,7.74,7.56,7.64,7.71,0.95,2.05,299.26,9.89,5337458615.0,4026346015.0,-0.13,0.0,-9.11,-5.84
3754,002139,拓邦股份,12.8,-1.69,-0.22,167215.0,215467654.37,2.0,13.0,12.74,12.91,13.02,1.04,1.56,28.47,2.26,15959487846.0,13708927283.0,0.0,0.16,-5.81,-7.11
3755,301368,丰立智能,56.64,-1.7,-0.98,9629.0,54945793.0,1.98,57.64,56.5,57.14,57.62,0.56,1.5,4916.01,7.01,6802464000.0,3631838362.0,-0.19,-0.11,-4.0,-9.62
3756,300327,中颖电子,26.05,-1.7,-0.45,90382.0,237560214.66,2.87,26.66,25.9,26.43,26.5,0.93,2.67,116.91,5.08,8892692981.0,8827152718.0,-0.04,-0.08,-10.27,-7.06
3757,605598,上海港湾,48.12,-1.7,-0.83,26920.0,130954528.0,2.82,49.5,48.12,48.78,48.95,0.76,1.11,111.45,6.48,11769421009.0,11693968849.0,-0.1,-0.15,-6.76,-30.74
3758,603916,苏博特,11.58,-1.7,-0.2,95848.0,113193150.0,3.9,12.02,11.56,11.79,11.78,0.94,2.28,39.34,1.17,4936500419.0,4867367819.0,0.0,-0.09,22.67,22.41
3759,001230,劲旅环境,24.86,-1.7,-0.43,27769.0,69851203.2,3.6,25.69,24.78,25.61,25.29,0.77,3.53,20.04,1.73,3336859777.0,1952933732.0,0.12,-0.08,12.03,14.09
3760,002845,同兴达,15.57,-1.7,-0.27,128799.0,203452396.9,2.84,16.0,15.55,15.72,15.84,0.78,5.15,-248.67,2.14,5099980047.0,3896164415.0,0.06,-0.06,5.06,10.66
3761,601137,博威合金,20.14,-1.71,-0.35,148624.0,301171222.0,2.54,20.55,20.03,20.35,20.49,0.59,1.62,15.75,1.88,18493640414.0,18479945214.0,-0.2,0.0,-5.22,-5.76
3762,300226,上海钢联,27.66,-1.71,-0.48,106156.0,296069442.28,3.38,28.46,27.51,27.95,28.14,0.62,3.47,39.46,4.11,8815834533.0,8473797666.0,0.04,0.04,13.36,10.11
3763,002444,巨星科技,33.36,-1.71,-0.58,115881.0,387393380.8,1.94,33.75,33.09,33.57,33.94,0.68,1.01,13.87,2.11,39847792152.0,38265013474.0,-0.15,-0.12,-5.39,-1.94
3764,001314,亿道信息,46.1,-1.71,-0.8,33404.0,155189431.0,3.54,47.6,45.94,46.63,46.9,0.45,2.69,706.31,3.18,6575427400.0,5734174316.0,-0.04,0.11,0.07,2.88
3765,688262,国芯科技,36.12,-1.71,-0.63,82713.0,301136514.0,3.21,37.1,35.92,36.47,36.75,0.67,2.46,-50.4,6.17,12136316858.0,12136316858.0,0.0,-0.08,18.93,19.01
3766,600643,爱建集团,4.61,-1.71,-0.08,164176.0,76189074.0,1.92,4.68,4.59,4.67,4.69,1.49,1.03,29.34,0.61,7344517287.0,7331521411.0,0.0,0.22,-14.63,-16.64
3767,920807,奔朗新材,13.82,-1.71,-0.24,17867.0,24958552.37,2.63,14.17,13.8,14.02,14.06,0.75,1.45,107.69,2.68,2513581600.0,1707260610.0,-0.07,-0.22,-4.82,-5.08
3768,301169,零点有数,57.43,-1.71,-1.0,15653.0,90548615.64,4.06,59.23,56.86,58.15,58.43,0.78,2.17,-57.43,9.45,4137287982.0,4135995807.0,0.0,0.38,25.26,14.63
3769,688683,莱尔科技,37.35,-1.71,-0.65,9896.0,37361978.0,2.63,38.3,37.3,38.2,38.0,0.64,0.64,141.7,5.04,6017002830.0,5795895648.0,-0.11,-0.51,22.74,17.82
3770,002937,兴瑞科技,26.98,-1.71,-0.47,87225.0,235185071.48,4.59,27.72,26.46,27.45,27.45,0.87,2.94,50.85,5.27,8034069299.0,8011810259.0,0.3,1.31,32.25,14.32
3771,603402,陕西旅游,140.66,-1.71,-2.44,9251.0,132267870.0,3.91,145.85,140.26,141.6,143.1,0.92,4.78,22.1,6.0,10877706760.0,2719426760.0,0.04,-0.08,74.86,74.86
3772,000852,石化机械,8.01,-1.72,-0.14,366219.0,297184770.8,4.66,8.34,7.96,8.22,8.15,0.63,3.87,834.05,2.44,7657301189.0,7575367676.0,0.25,0.0,11.72,10.18
3773,002132,恒星科技,3.99,-1.72,-0.07,439397.0,176702403.93,2.46,4.07,3.97,4.05,4.06,1.01,3.14,208.23,1.61,5592163345.0,5583933802.0,0.25,0.0,15.99,12.39
3774,688205,德科立,182.4,-1.72,-3.2,109858.0,2045157913.0,6.28,192.66,181.0,182.26,185.6,0.89,6.94,394.58,12.44,28871244010.0,28871244010.0,-0.36,-0.16,10.53,32.67
3775,301201,诚达药业,42.37,-1.72,-0.74,26056.0,111529993.1,3.43,43.68,42.2,42.8,43.11,0.84,2.4,293.11,3.08,6555224723.0,4599022160.0,0.28,-0.42,3.7,4.1
3776,605288,凯迪股份,107.81,-1.72,-1.89,4593.0,50076094.0,3.46,111.23,107.43,108.83,109.7,0.51,0.65,199.17,3.43,7619257424.0,7568144703.0,-0.45,-0.32,20.16,20.06
3777,601225,陕西煤业,26.24,-1.72,-0.46,609157.0,1617312310.0,3.93,27.1,26.05,26.69,26.7,0.85,0.63,15.37,2.63,254396800000.0,254396800000.0,0.0,0.04,19.27,23.08
3778,920066,科拜尔,24.62,-1.72,-0.43,4997.0,12450637.94,3.71,25.44,24.51,25.01,25.05,0.86,2.51,54.7,3.85,1547448886.0,489281286.0,0.04,0.37,2.29,-0.28
3779,001287,中电港,22.23,-1.72,-0.39,107872.0,241394566.5,2.3,22.7,22.18,22.39,22.62,0.82,2.47,49.19,3.14,16892579156.0,9723279691.0,-0.13,-0.04,-4.59,-1.9
3780,002472,双环传动,38.2,-1.72,-0.67,98709.0,379531107.02,1.54,38.78,38.18,38.51,38.87,0.65,1.31,27.09,3.37,32453858284.0,28848716171.0,-0.24,-0.13,-6.65,-19.43
3781,300913,兆龙互连,51.5,-1.72,-0.9,49863.0,258891048.81,3.7,52.99,51.05,51.79,52.4,0.62,1.95,95.79,12.09,17653227680.0,13172868945.0,-0.17,-0.14,-7.82,-2.15
3782,688589,力合微,23.44,-1.72,-0.41,26308.0,62324661.0,3.31,24.16,23.37,23.69,23.85,0.73,1.81,162.8,3.26,3406496547.0,3406496547.0,0.0,0.0,3.08,3.03
3783,300148,天舟文化,4.57,-1.72,-0.08,258733.0,119714965.4,2.58,4.68,4.56,4.63,4.65,0.82,3.18,51.62,3.73,3851501598.0,3720829545.0,0.0,-0.22,0.0,4.1
3784,000157,中联重科,9.16,-1.72,-0.16,651463.0,604440030.06,3.0,9.41,9.13,9.28,9.32,0.72,0.92,15.16,1.36,79220582762.0,64765023045.0,-0.11,-0.22,10.49,8.66
3785,300027,华谊兄弟,1.7,-1.73,-0.03,687665.0,118454915.9,2.89,1.75,1.7,1.73,1.73,0.98,2.77,-31.06,17.92,4716660062.0,4224463938.0,-0.58,0.0,-31.45,-21.66
3786,300081,恒信东方,5.1,-1.73,-0.09,152634.0,78596734.0,2.12,5.2,5.09,5.16,5.19,0.84,2.52,-15.28,2.9,3084456627.0,3083989594.0,0.0,0.0,-21.9,-1.73
3787,300098,高新兴,5.69,-1.73,-0.1,330898.0,189917755.37,2.25,5.81,5.68,5.77,5.79,0.85,2.15,116.69,3.64,9887981145.0,8772521238.0,0.18,0.0,-1.73,-6.72
3788,601168,西部矿业,30.02,-1.73,-0.53,402880.0,1231714466.0,4.75,31.35,29.9,30.28,30.55,0.9,1.69,18.22,4.05,71537660000.0,71537660000.0,0.0,0.03,19.36,8.77
3789,603053,成都燃气,10.2,-1.73,-0.18,78486.0,80801193.0,2.41,10.41,10.16,10.34,10.38,0.77,0.88,16.33,1.88,9066678000.0,9066678000.0,0.1,0.1,4.08,6.25
3790,600621,华鑫股份,15.38,-1.73,-0.27,109745.0,170076476.0,1.73,15.64,15.37,15.6,15.65,0.96,1.03,24.21,1.82,16316631111.0,16316631111.0,-0.06,-0.06,0.39,0.92
3791,605377,华旺科技,10.18,-1.74,-0.18,127500.0,130292503.0,2.8,10.42,10.13,10.3,10.36,0.57,2.29,20.59,1.48,5666903328.0,5666903328.0,0.0,-0.1,27.73,19.2
3792,603386,骏亚科技,14.11,-1.74,-0.25,60886.0,86756973.0,2.3,14.43,14.1,14.24,14.36,0.69,1.87,159.02,3.38,4604411322.0,4604411322.0,-0.14,-0.07,-29.98,-7.96
3793,301559,中集环科,18.05,-1.74,-0.32,29716.0,54006493.34,1.91,18.35,18.0,18.25,18.37,0.45,3.3,81.59,2.38,10830000000.0,1624500000.0,0.0,-0.06,12.67,13.59
3794,300980,祥源新材,35.5,-1.74,-0.63,33871.0,122005868.85,4.59,36.96,35.3,35.96,36.13,0.71,3.44,90.43,3.48,4901314529.0,3491121404.0,0.08,0.11,35.19,8.8
3795,920961,创远信科,25.43,-1.74,-0.45,19793.0,50857571.07,3.25,26.26,25.42,25.7,25.88,0.62,1.95,947.74,4.79,3632434118.0,2584897756.0,-0.04,0.0,-2.49,-10.33
3796,600388,龙净环保,19.21,-1.74,-0.34,124726.0,242848941.0,3.94,19.87,19.1,19.72,19.55,0.86,0.98,23.45,2.29,24397589289.0,24397589289.0,-0.1,0.0,22.75,17.78
3797,300011,鼎汉技术,9.04,-1.74,-0.16,188918.0,172765494.82,3.7,9.31,8.97,9.18,9.2,0.76,3.72,320.53,3.76,5474220698.0,4585594276.0,0.0,0.33,9.44,5.36
3798,603305,旭升集团,15.25,-1.74,-0.27,196850.0,303063856.0,2.45,15.58,15.2,15.4,15.52,0.83,1.7,44.08,2.18,17624555479.0,17624555479.0,-0.07,0.0,12.05,-5.75
3799,300710,万隆光电,30.49,-1.74,-0.54,20877.0,63797242.5,2.38,31.05,30.31,31.05,31.03,0.68,2.8,-220.88,6.56,3033459247.0,2273944596.0,0.1,0.13,18.5,-2.12
3800,300765,新诺威,29.99,-1.74,-0.53,60845.0,183298256.26,2.95,30.66,29.76,30.48,30.52,0.64,0.43,-1313.69,11.42,42123742391.0,42123742391.0,-0.2,-0.3,-4.67,-16.86
3801,300416,苏试试验,16.8,-1.75,-0.3,134605.0,228125544.99,2.51,17.18,16.75,17.01,17.1,1.05,2.66,40.86,3.21,8543603141.0,8486409859.0,0.06,0.12,-1.52,-5.83
3802,300775,三角防务,37.05,-1.75,-0.66,190753.0,710909204.03,3.45,37.96,36.66,37.6,37.71,0.63,3.59,40.52,3.47,20286663107.0,19695200093.0,0.0,0.14,29.09,21.88
3803,000863,三湘印象,5.61,-1.75,-0.1,203502.0,115756016.0,3.5,5.79,5.59,5.71,5.71,0.77,1.75,673.75,1.47,6623724532.0,6527882495.0,-0.18,0.0,21.96,-9.95
3804,688076,ST诺泰,32.08,-1.75,-0.57,25837.0,83393362.0,2.36,32.68,31.91,32.5,32.65,0.72,0.82,31.01,3.41,10138944856.0,10138944856.0,-0.03,0.03,-15.31,-14.91
3805,301290,东星医疗,29.2,-1.75,-0.52,33754.0,98744318.25,2.76,29.7,28.88,29.69,29.72,1.49,4.95,-41.24,1.37,2925061353.0,1990371280.0,0.45,0.41,11.62,15.55
3806,688119,中钢洛耐,5.6,-1.75,-0.1,154605.0,87469600.0,2.98,5.74,5.57,5.68,5.7,0.85,1.37,-42.07,2.24,6300000000.0,6300000000.0,-0.36,0.18,35.27,0.18
3807,301228,实朴检测,42.65,-1.75,-0.76,23515.0,100503350.8,3.94,43.99,42.28,43.98,43.41,1.09,1.97,-96.48,7.41,5118000000.0,5094128539.0,0.21,0.21,-3.07,10.46
3808,688130,晶华微,23.58,-1.75,-0.42,8563.0,20308248.0,3.04,24.13,23.4,23.4,24.0,0.49,1.42,-66.78,2.3,2850611997.0,1421522517.0,0.26,0.43,5.17,12.61
3809,301216,万凯新材,25.24,-1.75,-0.45,226301.0,577014525.78,5.57,26.26,24.83,26.04,25.69,0.82,4.13,141.54,2.42,14643961274.0,13839653767.0,-0.04,0.08,42.76,49.7
3810,300008,天海防务,8.36,-1.76,-0.15,884503.0,749303076.97,2.94,8.58,8.33,8.5,8.51,0.63,5.37,46.79,6.18,14446323552.0,13771344994.0,-0.12,0.0,2.08,5.96
3811,605020,永和股份,28.39,-1.76,-0.51,91544.0,263665792.0,4.01,29.47,28.31,28.83,28.9,0.78,1.82,23.18,2.57,14502143546.0,14278011991.0,-0.04,0.07,7.99,5.58
3812,688260,昀冢科技,29.65,-1.76,-0.53,37156.0,111083568.0,3.81,30.5,29.35,29.81,30.18,0.77,3.1,-20.2,26.01,3558000000.0,3558000000.0,-0.03,0.07,-12.1,2.95
3813,300449,汉邦高科,8.37,-1.76,-0.15,161343.0,136828584.8,4.69,8.7,8.3,8.5,8.52,0.65,4.18,-45.04,10.41,3231121228.0,3231121228.0,0.0,0.48,16.41,9.84
3814,300511,雪榕生物,7.25,-1.76,-0.13,160656.0,117381598.2,3.52,7.46,7.2,7.39,7.38,0.52,2.87,-55.89,3.14,4646140866.0,4060391623.0,0.0,0.14,7.41,16.19
3815,002479,富春环保,5.57,-1.76,-0.1,187385.0,104940518.0,2.29,5.67,5.54,5.67,5.67,0.95,2.17,14.85,1.14,4818050000.0,4807315741.0,0.0,0.18,12.75,13.67
3816,300187,永清环保,5.59,-1.76,-0.1,158692.0,89739853.0,2.99,5.73,5.56,5.7,5.69,0.83,2.47,27.4,3.2,3609027902.0,3589514062.0,0.18,0.18,4.88,14.78
3817,002347,泰尔股份,8.91,-1.76,-0.16,125606.0,112846046.0,2.32,9.08,8.87,9.06,9.07,0.87,2.55,-62.82,3.93,4496897279.0,4396041648.0,0.0,0.0,18.8,-28.03
3818,301095,广立微,73.06,-1.76,-1.31,35257.0,258989742.48,2.96,74.83,72.63,73.9,74.37,0.59,2.02,296.47,4.67,14632536289.0,12749286715.0,0.08,0.1,5.43,1.88
3819,301285,鸿日达,78.8,-1.77,-1.42,18987.0,151187268.2,4.18,81.66,78.31,80.05,80.22,0.62,2.42,-653.16,15.98,16285596000.0,6185784870.0,0.22,0.29,33.7,16.26
3820,600676,交运股份,7.77,-1.77,-0.14,195023.0,154559405.0,3.79,8.07,7.77,7.93,7.91,0.56,1.9,-208.25,1.56,7991390175.0,7991390175.0,-0.13,-0.13,32.14,32.14
3821,688378,奥来德,38.36,-1.77,-0.69,33533.0,129979770.0,2.94,39.34,38.19,39.0,39.05,0.66,1.39,124.72,5.58,10028269291.0,9243247504.0,-0.03,-0.18,44.32,40.51
3822,688237,超卓航科,48.42,-1.77,-0.87,9040.0,44143486.0,3.0,49.78,48.3,49.52,49.29,0.76,1.01,342.89,3.59,4342400116.0,4342400116.0,0.25,0.21,-0.16,-0.68
3823,300660,江苏雷利,46.02,-1.77,-0.83,31644.0,146719855.36,1.94,46.82,45.91,46.53,46.85,0.65,0.71,58.29,5.93,20577223939.0,20560749653.0,-0.09,-0.07,-8.76,-16.05
3824,002510,天汽模,7.77,-1.77,-0.14,367479.0,288525409.0,3.54,7.99,7.71,7.91,7.91,0.87,3.66,113.63,3.16,7887627761.0,7807660770.0,-0.13,-0.38,11.0,6.0
3825,002978,安宁股份,37.66,-1.77,-0.68,54921.0,209604542.64,3.91,38.91,37.41,38.25,38.34,0.85,1.49,21.05,2.08,17775141818.0,13907068154.0,0.08,0.16,23.8,13.95
3826,300007,汉威科技,47.63,-1.77,-0.86,98552.0,473230266.52,2.62,48.8,47.53,48.04,48.49,0.93,3.48,137.87,5.37,15596234833.0,13493342708.0,-0.02,-0.04,-6.63,-11.14
3827,000063,中兴通讯,36.46,-1.78,-0.66,731670.0,2685444343.15,2.34,37.22,36.35,36.8,37.12,0.68,1.82,31.05,2.32,174407681980.0,146847070119.0,0.0,0.03,-13.95,-3.65
3828,300006,莱美药业,4.98,-1.78,-0.09,186720.0,93454344.0,2.37,5.07,4.95,5.06,5.07,0.57,1.77,-85.89,2.86,5258437801.0,5257988072.0,0.0,0.4,2.05,-3.11
3829,603088,宁波精达,12.72,-1.78,-0.23,160554.0,205913678.0,4.86,13.13,12.5,12.87,12.95,0.7,3.67,63.16,5.84,6390374928.0,5569729805.0,-0.08,0.0,25.94,23.14
3830,002973,侨银股份,13.8,-1.78,-0.25,26254.0,36442280.22,1.35,13.99,13.8,13.98,14.05,0.51,0.84,28.17,2.24,5639586287.0,4299147134.0,-0.14,-0.14,3.29,0.95
3831,002737,葵花药业,12.69,-1.78,-0.23,101743.0,129317288.6,1.93,12.91,12.66,12.9,12.92,2.11,1.74,-165.73,1.83,7410960000.0,7410960000.0,0.08,-0.16,-12.78,-14.08
3832,600742,富维股份,10.48,-1.78,-0.19,112979.0,119165449.0,1.87,10.67,10.47,10.59,10.67,0.83,1.52,14.88,0.9,7787246582.0,7787246582.0,-0.1,-0.29,6.5,6.29
3833,688232,新点软件,24.32,-1.78,-0.44,23381.0,57419532.0,2.5,24.88,24.26,24.74,24.76,0.94,0.73,223.47,1.44,7830601632.0,7830601632.0,0.04,-0.04,-6.1,-2.01
3834,000821,ST京机,13.79,-1.78,-0.25,160219.0,223414899.0,3.92,14.2,13.65,13.85,14.04,0.72,2.65,22.62,2.0,8589443189.0,8338134036.0,0.44,0.44,7.4,2.38
3835,300666,江丰电子,144.9,-1.78,-2.62,79046.0,1158305684.03,4.34,150.4,144.0,145.1,147.52,0.68,3.57,79.88,7.77,38444966967.0,32045665674.0,-0.03,-0.03,65.22,57.5
3836,001306,夏厦精密,71.56,-1.78,-1.3,5057.0,36469866.46,1.84,72.86,71.52,72.77,72.86,0.8,3.26,133.39,3.36,4497588936.0,1109180000.0,-0.03,-0.01,-13.78,-19.6
3837,688759,必贝特-U,39.22,-1.78,-0.71,20403.0,80427274.0,3.58,40.28,38.85,39.9,39.93,0.54,4.39,-115.3,10.57,17650437688.0,1822238895.0,0.0,0.08,22.64,34.96
3838,688711,宏微科技,30.33,-1.78,-0.55,50285.0,152979471.0,3.3,30.95,29.93,30.02,30.88,0.74,2.36,370.74,5.95,6463104412.0,6463104412.0,-0.1,-0.03,15.28,-4.41
3839,600339,中油工程,4.41,-1.78,-0.08,1377654.0,618187293.0,5.35,4.62,4.38,4.53,4.49,0.62,2.47,35.28,0.92,24621680347.0,24621680347.0,0.23,0.23,32.43,31.64
3840,600615,鑫源智造,12.67,-1.78,-0.23,34624.0,44525964.0,3.64,13.07,12.6,12.9,12.9,0.78,1.54,421.2,3.89,2858663809.0,2854120854.0,0.4,0.08,9.13,13.33
3841,603381,永臻股份,26.42,-1.78,-0.48,98210.0,262892751.0,4.54,27.42,26.2,27.08,26.9,0.68,6.91,2146.1,1.75,6268312133.0,3755277664.0,-0.19,-0.11,32.1,33.03
3842,002840,华统股份,9.95,-1.78,-0.18,143519.0,144298066.1,2.37,10.15,9.91,10.12,10.13,0.93,1.8,84.29,1.98,7981555610.0,7926472749.0,0.0,0.0,3.97,3.43
3843,000060,中金岭南,7.18,-1.78,-0.13,1579809.0,1158976702.64,5.61,7.57,7.16,7.23,7.31,1.33,3.56,28.44,1.68,31887618248.0,31887214373.0,-0.14,0.0,34.21,22.74
3844,603327,福蓉科技,9.87,-1.79,-0.18,106723.0,106002544.0,1.89,10.03,9.84,9.95,10.05,0.73,1.02,94.93,4.92,10318683883.0,10318683883.0,0.0,0.1,-32.07,-9.12
3845,600933,爱柯迪,17.6,-1.79,-0.32,105473.0,186626866.0,1.95,17.9,17.55,17.81,17.92,0.93,1.08,15.19,1.86,18130333232.0,17201814485.0,-0.17,-0.17,-8.86,-12.44
3846,301378,通达海,33.97,-1.79,-0.62,19527.0,66865480.49,1.91,34.58,33.92,34.42,34.59,0.7,4.25,-48.78,2.51,3281502000.0,1559716618.0,0.09,-0.03,11.89,19.61
3847,603033,三维股份,10.42,-1.79,-0.19,43244.0,45559407.0,2.92,10.72,10.41,10.56,10.61,0.5,0.43,-70.64,3.69,10744724233.0,10550573208.0,-0.19,0.0,-3.43,-3.61
3848,603187,海容冷链,16.41,-1.8,-0.3,46776.0,77238268.0,2.21,16.72,16.35,16.62,16.71,0.58,1.22,15.82,1.5,6341088316.0,6274558631.0,-0.06,-0.12,13.17,6.63
3849,603379,三美股份,68.59,-1.8,-1.26,69700.0,481866734.0,3.87,70.35,67.65,68.9,69.85,0.89,1.14,19.74,5.5,41872757148.0,41872757148.0,0.2,0.32,22.0,12.96
3850,688503,聚和材料,88.18,-1.8,-1.62,83840.0,752745369.0,5.18,92.65,88.0,91.66,89.8,0.84,4.17,52.18,4.26,21342526640.0,17717108405.0,0.03,-0.05,61.53,44.56
3851,300213,佳讯飞鸿,8.72,-1.8,-0.16,144967.0,129386095.0,5.86,9.22,8.7,8.83,8.88,1.06,2.63,-264.03,2.36,5182859835.0,4815374689.0,-0.11,-0.46,-4.49,-8.4
3852,600188,兖矿能源,21.77,-1.8,-0.4,1397384.0,3089453533.0,5.82,22.84,21.55,22.21,22.17,1.24,2.36,23.02,4.19,218515951443.0,128963544299.0,0.42,-0.18,62.1,65.55
3853,600980,北矿科技,22.9,-1.8,-0.42,38516.0,89193979.0,3.22,23.56,22.81,23.32,23.32,0.79,2.04,38.72,2.99,4334134745.0,4334134745.0,0.13,0.13,1.33,-0.35
3854,603596,伯特利,48.48,-1.8,-0.89,102256.0,498619449.0,2.07,49.32,48.3,48.77,49.37,0.77,1.69,24.74,4.02,29403711795.0,29403711795.0,-0.02,-0.06,8.77,-5.44
3855,002289,*ST宇顺,27.21,-1.8,-0.5,14913.0,40991744.0,2.92,27.99,27.18,27.98,27.71,0.89,0.53,-482.94,34.85,7625704075.0,7617541075.0,0.0,0.04,-17.37,-6.72
3856,688246,嘉和美康,22.32,-1.8,-0.41,22052.0,49773475.0,2.9,22.89,22.23,22.6,22.73,0.83,1.6,-12.15,2.36,3070910547.0,3070910547.0,0.0,0.13,0.54,-4.0
3857,001234,泰慕士,28.29,-1.8,-0.52,36111.0,104175215.8,5.0,29.64,28.2,28.7,28.81,1.22,3.95,67.2,3.39,3095313573.0,2589114945.0,-0.21,0.14,-7.94,4.31
3858,002639,雪人集团,20.71,-1.8,-0.38,643136.0,1348907975.74,5.17,21.48,20.39,20.7,21.09,0.78,9.88,306.41,6.38,16000591106.0,13474325827.0,0.0,-0.24,31.66,11.34
3859,300870,欧陆通,263.64,-1.81,-4.86,37552.0,997775256.6,3.66,270.87,261.03,264.69,268.5,0.54,3.44,97.26,10.96,28744842675.0,28741678995.0,-0.08,0.05,21.59,19.29
3860,002345,潮宏基,10.3,-1.81,-0.19,147381.0,152865864.0,2.57,10.52,10.25,10.45,10.49,0.98,1.7,21.66,2.58,9151680882.0,8933089215.0,-0.19,-0.39,-20.65,-17.6
3861,603665,康隆达,32.09,-1.81,-0.59,19163.0,62045319.0,2.54,32.85,32.02,32.68,32.68,0.62,1.2,29.17,7.26,5170053819.0,5139781718.0,0.0,0.0,4.36,0.53
3862,688238,和元生物,7.58,-1.81,-0.14,130917.0,100505155.0,3.11,7.81,7.57,7.7,7.72,0.86,2.04,-22.29,3.35,4919698186.0,4859884406.0,-0.13,0.0,8.13,13.81
3863,301209,联合化学,91.15,-1.81,-1.68,8283.0,76397273.6,3.45,94.0,90.8,94.0,92.83,0.87,0.87,161.48,13.37,10208800000.0,8721505450.0,0.03,0.14,-15.24,-19.26
3864,920553,凯腾精工,9.79,-1.81,-0.18,14389.0,14218631.76,2.41,10.02,9.78,9.88,9.97,0.56,1.57,58.55,3.95,1406729603.0,899360484.0,-0.1,-0.1,0.2,-1.41
3865,688352,颀中科技,13.55,-1.81,-0.25,99548.0,136107602.0,3.12,13.93,13.5,13.61,13.8,0.96,2.72,60.62,2.62,16111455252.0,4957689217.0,0.0,0.15,5.69,7.45
3866,002410,广联达,12.5,-1.81,-0.23,294240.0,369743617.46,1.96,12.7,12.45,12.66,12.73,1.1,1.85,49.78,3.47,20649304275.0,19851013488.0,0.0,0.08,0.56,-0.64
3867,600935,华塑股份,3.25,-1.81,-0.06,2447762.0,811360552.0,6.65,3.44,3.22,3.31,3.31,3.02,6.98,-73.08,1.95,11682898682.0,11399055889.0,0.31,0.62,27.45,32.65
3868,600489,中金黄金,30.77,-1.82,-0.57,660797.0,2072814281.0,4.5,32.08,30.67,30.88,31.34,1.04,1.36,30.41,5.11,149151807594.0,149151807594.0,0.03,0.2,44.39,31.72
3869,300698,万马科技,36.64,-1.82,-0.68,21086.0,77783826.0,2.17,37.33,36.52,37.04,37.32,0.77,1.78,112.67,9.54,4909760000.0,4343523352.0,-0.03,0.08,-9.55,-13.03
3870,601339,百隆东方,7.54,-1.82,-0.14,146073.0,111837830.0,4.04,7.81,7.5,7.63,7.68,0.84,0.97,15.42,1.23,11306750260.0,11306750260.0,0.13,0.0,42.0,30.22
3871,002809,红墙股份,14.04,-1.82,-0.26,465322.0,679817767.49,12.24,15.55,13.8,13.9,14.3,1.62,33.45,-350.41,1.91,2971038279.0,1953223459.0,-0.07,-0.35,25.92,31.34
3872,300645,正元智慧,18.89,-1.82,-0.35,30218.0,57460435.0,2.18,19.24,18.82,19.14,19.24,0.69,2.17,294.92,2.6,2684391218.0,2631762337.0,0.11,0.37,2.89,0.85
3873,002395,双象股份,18.79,-1.83,-0.35,43066.0,82237443.0,3.29,19.38,18.75,19.02,19.14,0.98,1.61,20.73,3.35,5039647110.0,5039223978.0,-0.05,-0.21,12.58,12.31
3874,603105,芯能科技,10.7,-1.83,-0.2,215187.0,232303563.0,3.39,11.04,10.67,10.97,10.9,0.82,4.3,21.56,2.51,5350097391.0,5350097391.0,0.09,0.09,12.87,16.43
3875,000678,襄阳轴承,12.35,-1.83,-0.23,66279.0,82548837.32,2.15,12.6,12.33,12.59,12.58,0.82,1.44,-158.51,7.12,5676205693.0,5676205693.0,0.0,0.08,-12.41,-17.83
3876,002777,久远银海,18.29,-1.83,-0.34,56526.0,104025534.18,1.66,18.58,18.27,18.58,18.63,0.86,1.4,130.87,4.52,7466545685.0,7398515170.0,-0.22,0.0,1.33,1.95
3877,300203,聚光科技,14.48,-1.83,-0.27,72323.0,105372602.69,2.37,14.81,14.46,14.65,14.75,1.13,1.61,-78.18,2.28,6497720448.0,6492376242.0,0.0,0.0,-8.82,-8.7
3878,600116,三峡水利,6.99,-1.83,-0.13,338213.0,238255575.0,2.81,7.17,6.97,7.16,7.12,1.24,1.77,28.6,1.18,13365878899.0,13365878899.0,0.14,0.0,9.73,7.7
3879,688249,晶合集成,32.15,-1.83,-0.6,344109.0,1120363203.0,6.99,34.1,31.81,32.36,32.75,1.39,2.9,92.71,2.94,64544073059.0,38201216287.0,-0.09,-0.16,0.22,-3.13
3880,002571,德力股份,12.35,-1.83,-0.23,71518.0,89053516.0,2.38,12.63,12.33,12.59,12.58,0.65,2.4,-40.43,4.96,4840591145.0,3684081422.0,-0.56,-0.16,31.94,5.02
3881,300847,中船汉光,17.18,-1.83,-0.32,82369.0,143690475.84,3.37,17.69,17.1,17.55,17.5,1.25,2.78,44.28,3.47,5085451800.0,5085451800.0,0.06,0.23,-2.22,0.23
3882,301590,优优绿能,194.36,-1.83,-3.63,6296.0,123458188.1,3.91,200.4,192.66,197.02,197.99,0.63,7.32,49.5,4.2,8173445958.0,1672017079.0,-0.03,0.08,15.66,9.62
3883,002553,南方精工,25.28,-1.83,-0.47,61772.0,157181600.78,1.71,25.7,25.26,25.7,25.75,0.97,2.46,18.28,6.01,8934195674.0,6340224000.0,-0.08,0.0,-4.75,-7.43
3884,002995,天地在线,22.52,-1.83,-0.42,69549.0,158029006.39,2.57,23.04,22.45,22.95,22.94,0.84,6.19,-67.57,4.5,3996274890.0,2531635524.0,0.0,-0.09,18.53,36.32
3885,688108,赛诺医疗,21.38,-1.84,-0.4,88455.0,188860134.0,3.26,21.9,21.19,21.9,21.78,0.99,2.12,188.97,9.59,8935813760.0,8935813760.0,-0.19,-0.05,17.93,11.12
3886,300964,本川智能,63.02,-1.84,-1.18,34493.0,219322860.98,2.99,64.8,62.88,64.0,64.2,0.66,6.16,109.07,4.75,4810208458.0,3529739298.0,0.0,-0.02,11.84,13.35
3887,688297,中无人机,53.85,-1.84,-1.01,187544.0,1005474389.0,5.2,55.2,52.35,54.56,54.86,0.66,2.78,410.37,6.35,36348750000.0,36348750000.0,2.07,2.07,18.98,12.14
3888,603922,金鸿顺,21.32,-1.84,-0.4,43757.0,95735296.0,4.97,22.38,21.3,21.72,21.72,0.76,2.44,182.42,3.68,3820544000.0,3820544000.0,0.0,-0.14,9.11,2.7
3889,688147,微导纳米,71.67,-1.84,-1.34,53148.0,388059398.0,4.52,74.8,71.5,72.73,73.01,0.86,1.15,155.29,11.09,33051142473.0,33051142473.0,-0.01,-0.25,3.73,14.14
3890,601155,新城控股,14.97,-1.84,-0.28,183559.0,280004071.0,4.59,15.6,14.9,15.22,15.25,1.32,0.81,26.0,0.55,33766674154.0,33766674154.0,0.13,0.2,8.16,7.31
3891,002196,方正电机,14.36,-1.85,-0.27,212438.0,307146541.1,2.46,14.64,14.28,14.48,14.63,0.73,4.35,388.2,5.03,7120720915.0,7011778445.0,0.0,0.0,11.49,-9.51
3892,300161,华中数控,31.92,-1.85,-0.6,90496.0,293936761.75,4.46,33.33,31.88,32.33,32.52,1.15,4.64,-79.95,4.13,6342405240.0,6224237304.0,-0.22,-0.13,10.34,9.92
3893,300844,山水比德,37.66,-1.85,-0.71,6867.0,26180178.6,5.47,39.7,37.6,39.7,38.37,0.81,0.76,-70.15,4.79,3510321741.0,3390901881.0,-0.4,-0.08,4.32,6.11
3894,301139,元道通信,18.53,-1.85,-0.35,28430.0,53178907.39,2.17,18.92,18.51,18.8,18.88,0.76,3.73,95.83,1.15,2252892224.0,1411377252.0,0.0,0.05,-3.34,0.93
3895,002708,光洋股份,12.71,-1.85,-0.24,80599.0,103273946.24,2.08,12.95,12.68,12.85,12.95,0.8,1.56,84.26,4.22,7144265161.0,6566704763.0,-0.08,0.0,2.91,-4.29
3896,000739,普洛药业,18.0,-1.85,-0.34,35331.0,64147733.54,2.34,18.42,17.99,18.34,18.34,0.49,0.31,22.33,3.21,20851984368.0,20844151290.0,-0.11,0.0,12.99,10.63
3897,002688,金河生物,6.38,-1.85,-0.12,295985.0,190244240.4,4.15,6.57,6.3,6.52,6.5,1.31,3.96,26.55,2.1,4923027459.0,4768817876.0,0.16,0.31,5.28,7.23
3898,301366,一博科技,33.48,-1.85,-0.63,17437.0,58738416.4,1.99,34.1,33.42,33.94,34.11,0.63,2.29,306.35,3.28,7015272009.0,2554168677.0,0.03,0.0,-7.77,-5.08
3899,600990,四创电子,25.0,-1.85,-0.47,38170.0,96181512.0,1.92,25.49,25.0,25.47,25.47,0.82,1.42,-56.35,3.76,6776876550.0,6725317400.0,0.0,-0.08,-15.57,-21.01
3900,002383,合众思壮,10.62,-1.85,-0.2,399896.0,429517776.24,6.93,11.17,10.42,10.82,10.82,0.63,5.4,752.26,4.64,7862626439.0,7862626439.0,-0.09,-0.09,6.41,-15.65
3901,002908,德生科技,9.53,-1.85,-0.18,57232.0,54954375.84,1.85,9.69,9.51,9.69,9.71,1.09,1.78,698.4,3.72,4111547799.0,3067084043.0,-0.21,-0.21,-1.24,-9.5
3902,601929,吉视传媒,3.16,-1.86,-0.06,949285.0,302430554.0,2.48,3.22,3.14,3.2,3.22,1.09,2.72,-23.87,2.2,11027730611.0,11027730611.0,0.0,0.0,-13.42,-8.14
3903,300105,龙源技术,7.92,-1.86,-0.15,126817.0,101209653.0,2.48,8.09,7.89,8.06,8.07,0.71,2.46,81.36,2.12,4085250206.0,4085250206.0,-0.13,0.13,6.74,10.61
3904,688568,中科星图,68.58,-1.86,-1.3,254376.0,1756306818.0,5.55,70.98,67.1,69.01,69.88,1.19,3.15,1782.37,14.65,55418051785.0,55418051785.0,-1.89,-2.03,55.55,16.24
3905,688115,思林杰,42.73,-1.86,-0.81,10281.0,44292769.0,2.87,43.87,42.62,43.66,43.54,1.48,1.54,-293.63,2.25,2848809100.0,2848809100.0,-0.21,-0.21,-33.91,-34.84
3906,300339,润和软件,44.9,-1.86,-0.85,155017.0,698759088.42,2.1,45.7,44.74,45.5,45.75,0.59,1.99,341.33,9.93,35758846761.0,34918124613.0,-0.02,0.04,-10.34,-9.29
3907,600433,冠豪高新,3.69,-1.86,-0.07,727497.0,271177587.0,3.72,3.81,3.67,3.8,3.76,1.06,4.16,-21.27,1.53,6458530370.0,6458530370.0,0.27,0.27,15.31,12.5
3908,300120,经纬辉开,8.43,-1.86,-0.16,148410.0,127075381.0,3.61,8.7,8.39,8.55,8.59,0.97,2.81,-391.89,1.62,4842140821.0,4446378227.0,0.24,-0.12,-5.17,-0.82
3909,003039,顺控发展,16.9,-1.86,-0.32,85641.0,145760591.88,4.24,17.34,16.61,17.23,17.22,1.02,1.39,37.5,3.71,10436066537.0,10436066537.0,0.0,-0.12,17.36,6.09
3910,301262,海看股份,24.75,-1.86,-0.47,47740.0,119423233.38,2.38,25.28,24.68,25.14,25.22,0.88,3.91,24.26,2.69,10320750000.0,3021365952.0,0.04,0.0,0.49,1.56
3911,000917,电广传媒,9.97,-1.87,-0.19,373410.0,374372647.73,2.17,10.13,9.91,10.03,10.16,0.77,2.63,80.24,1.36,14133036690.0,14132069849.0,0.0,0.1,7.9,-3.02
3912,000301,东方盛虹,11.56,-1.87,-0.22,349835.0,406646802.83,2.8,11.83,11.5,11.7,11.78,0.67,0.53,453.43,2.29,76425822465.0,76394904412.0,0.09,0.0,24.84,6.15
3913,002117,东港股份,11.02,-1.87,-0.21,66309.0,73766262.0,2.58,11.29,11.0,11.16,11.23,1.26,1.27,35.16,4.09,5771404924.0,5769572574.0,-0.09,0.09,-16.89,-20.2
3914,601811,新华文轩,13.66,-1.87,-0.26,40071.0,55225176.0,2.73,13.99,13.61,13.9,13.92,1.31,0.51,12.94,1.12,16854268060.0,10817407274.0,-0.15,0.07,-1.94,1.79
3915,600580,卧龙电驱,40.47,-1.87,-0.77,219432.0,894715627.0,2.09,41.24,40.38,40.9,41.24,0.76,1.41,57.92,5.91,63218895670.0,63037387720.0,-0.02,-0.02,-6.36,-17.58
3916,002185,华天科技,13.65,-1.87,-0.26,1046038.0,1438854246.73,3.74,14.05,13.53,13.75,13.91,0.77,3.2,61.62,2.54,44585238625.0,44575112018.0,0.0,-0.15,23.53,24.43
3917,601116,三江购物,14.68,-1.87,-0.28,105191.0,156195557.0,2.81,15.06,14.64,14.97,14.96,0.86,1.92,52.66,2.5,8039918912.0,8039918912.0,-0.07,0.0,-9.77,6.61
3918,688636,智明达,43.04,-1.87,-0.82,27840.0,121009904.0,2.46,44.11,43.03,43.75,43.86,0.66,1.66,67.88,5.33,7484931628.0,7214683511.0,-0.05,-0.12,10.53,0.47
3919,002249,大洋电机,9.96,-1.87,-0.19,320775.0,322373795.02,2.17,10.15,9.93,10.1,10.15,0.87,1.73,21.79,2.48,24542064372.0,18439892796.0,-0.2,-0.2,-8.12,-8.62
3920,688085,三友医疗,20.49,-1.87,-0.39,17824.0,36673674.0,1.68,20.78,20.43,20.6,20.88,0.49,0.56,107.96,3.25,6832646584.0,6531011901.0,0.0,-0.05,12.58,13.71
3921,002683,广东宏大,44.98,-1.88,-0.86,81619.0,371174626.63,3.82,46.58,44.83,45.71,45.84,0.66,1.23,39.24,5.13,34184901070.0,29895279466.0,0.0,-0.04,16.35,-5.9
3922,605189,富春染织,14.58,-1.88,-0.28,30731.0,45276282.0,3.97,15.05,14.46,14.82,14.86,0.9,1.58,90.9,1.6,2829651452.0,2829651452.0,0.07,0.21,-10.0,-6.96
3923,002295,精艺股份,11.51,-1.88,-0.22,32538.0,37966968.0,3.41,11.88,11.48,11.66,11.73,0.69,1.3,153.53,2.13,2884590160.0,2880883940.0,-0.17,0.0,-10.71,-13.59
3924,302132,中航成飞,72.88,-1.88,-1.4,73616.0,541115445.18,1.94,74.27,72.83,74.26,74.28,1.02,1.26,67.33,9.77,194742019483.0,42712745087.0,-0.11,-0.14,-5.5,-7.75
3925,002414,高德红外,14.12,-1.88,-0.27,358901.0,508756934.42,1.67,14.3,14.06,14.26,14.39,0.69,1.06,77.72,8.7,60302793845.0,47988407526.0,0.07,0.0,12.15,-3.75
3926,688182,灿勤科技,28.67,-1.88,-0.55,30417.0,87811038.0,2.7,29.34,28.55,29.01,29.22,0.76,0.76,95.47,5.05,11468000000.0,11468000000.0,0.0,0.0,12.12,-2.75
3927,600156,华升股份,8.35,-1.88,-0.16,148988.0,127715089.0,5.29,8.78,8.33,8.6,8.51,1.22,3.71,-95.34,8.95,3357624362.0,3357624362.0,0.0,0.0,-4.46,1.09
3928,688261,东微半导,85.41,-1.88,-1.64,26224.0,225060431.0,3.5,87.3,84.25,86.14,87.05,0.67,2.15,237.63,3.55,10469128615.0,10428269666.0,0.0,0.01,25.64,4.15
3929,601908,京运通,4.17,-1.88,-0.08,867775.0,365760343.0,3.06,4.29,4.16,4.25,4.25,0.99,3.59,-33.21,1.14,10068893930.0,10068893930.0,0.0,-0.24,1.46,6.65
3930,600586,金晶科技,6.25,-1.88,-0.12,504047.0,319447161.0,3.3,6.45,6.24,6.36,6.37,0.78,3.56,-24.64,1.61,8858360625.0,8858360625.0,0.0,0.0,9.84,11.01
3931,688652,京仪装备,109.7,-1.88,-2.1,33088.0,364203454.0,4.36,112.58,107.7,110.01,111.8,0.79,2.74,125.77,8.38,18429600000.0,13246275000.0,0.05,0.01,12.13,11.59
3932,601808,中海油服,17.69,-1.89,-0.34,349096.0,626459999.0,4.27,18.4,17.63,18.32,18.03,0.5,1.18,19.73,1.84,84409462480.0,52370678920.0,0.11,-0.17,26.81,26.0
3933,002628,成都路桥,5.19,-1.89,-0.1,320383.0,168301601.92,3.4,5.33,5.15,5.29,5.29,0.87,4.25,-103.91,1.37,3929351154.0,3912143122.0,0.0,0.19,24.16,26.28
3934,300497,富祥药业,15.61,-1.89,-0.3,319292.0,514164683.69,6.41,16.6,15.58,15.99,15.91,1.94,7.24,-100.5,3.91,8408309860.0,6881554344.0,-0.06,0.06,8.18,3.31
3935,688607,康众医疗,54.5,-1.89,-1.05,14892.0,82533399.0,4.75,56.71,54.07,55.93,55.55,0.63,1.69,-676.5,5.6,4803031972.0,4803031972.0,-0.35,-0.51,58.48,27.34
3936,300151,昌红科技,17.63,-1.89,-0.34,77951.0,139199026.5,3.23,18.18,17.6,17.91,17.97,0.63,2.12,145.29,6.05,9388130620.0,6497185910.0,0.0,0.0,32.46,16.91
3937,300848,美瑞新材,16.64,-1.89,-0.32,76537.0,129162565.6,3.48,17.15,16.56,16.76,16.96,1.22,3.02,91.52,4.61,7120050113.0,4211958600.0,0.0,0.0,11.75,5.18
3938,601677,明泰铝业,16.55,-1.9,-0.32,354261.0,593518509.0,3.14,17.05,16.52,16.78,16.87,1.02,2.91,10.99,1.1,20580316027.0,20158009677.0,0.0,0.12,18.38,11.9
3939,301032,新柴股份,13.95,-1.9,-0.27,87743.0,123569924.0,3.31,14.35,13.88,14.14,14.22,0.39,5.49,42.58,2.79,3363810930.0,2230225211.0,-0.07,0.22,8.9,15.96
3940,603859,能科科技,40.8,-1.9,-0.79,45303.0,186108103.0,2.07,41.56,40.7,41.27,41.59,0.77,1.85,45.36,3.27,9983666201.0,9983666201.0,-0.05,0.0,2.51,-2.97
3941,688390,固德威,99.08,-1.9,-1.92,140501.0,1434340851.0,6.71,105.0,98.22,100.5,101.0,1.02,5.78,176.99,8.78,24082604460.0,24082604460.0,0.0,-0.07,87.62,59.47
3942,002183,怡 亚 通,5.16,-1.9,-0.1,660065.0,345474424.0,2.85,5.3,5.15,5.28,5.26,1.02,2.54,285.57,1.45,13400566910.0,13400489510.0,-0.19,-0.19,7.95,8.4
3943,605399,晨光新材,16.04,-1.9,-0.31,86174.0,139878749.0,3.0,16.47,15.98,16.45,16.35,0.6,2.77,-111.16,2.33,5007773461.0,4996898341.0,-0.12,0.0,6.15,18.64
3944,300332,天壕能源,6.19,-1.9,-0.12,788377.0,491775752.99,4.12,6.4,6.14,6.3,6.31,0.61,9.5,41.95,1.26,5355110169.0,5137395644.0,0.0,0.49,14.63,18.58
3945,600812,华北制药,5.69,-1.9,-0.11,411620.0,235492123.0,1.72,5.78,5.68,5.78,5.8,0.56,2.4,46.19,1.77,9762505805.0,9762505805.0,-0.18,0.18,-0.18,2.89
3946,603615,茶花股份,20.16,-1.9,-0.39,42642.0,87596003.0,4.33,20.99,20.1,20.44,20.55,1.05,1.76,621.68,4.26,4875091200.0,4875091200.0,-0.25,-0.25,-15.22,-13.77
3947,300825,阿尔特,9.3,-1.9,-0.18,71855.0,67409292.32,2.43,9.52,9.29,9.44,9.48,0.99,1.48,-23.03,2.2,4631776473.0,4505014860.0,-0.21,-0.11,-5.3,-3.93
3948,000158,常山北明,20.19,-1.9,-0.39,322329.0,653433271.9,1.94,20.55,20.15,20.48,20.58,0.5,2.03,-155.82,6.19,32276071597.0,32060352047.0,-0.05,0.05,-4.45,-0.98
3949,603806,福斯特,17.47,-1.91,-0.34,298487.0,530822698.0,3.99,18.13,17.42,17.78,17.81,0.85,1.14,49.71,2.87,45574673667.0,45574673667.0,0.11,-0.11,26.32,25.14
3950,002036,联创电子,10.27,-1.91,-0.2,276645.0,287253726.73,2.67,10.55,10.27,10.34,10.47,0.62,2.63,159.65,5.06,10839007019.0,10818566833.0,-0.19,-0.19,-7.73,-6.81
3951,300951,博硕科技,37.96,-1.91,-0.74,17066.0,65343629.8,2.04,38.7,37.91,38.36,38.7,0.73,1.13,33.52,2.76,6430446662.0,5746929792.0,0.03,0.0,9.87,10.51
3952,002522,浙江众成,6.17,-1.91,-0.12,270932.0,168761063.97,3.18,6.33,6.13,6.27,6.29,0.68,2.99,87.89,2.42,5588658818.0,5583972653.0,0.0,-0.16,22.42,9.4
3953,301459,丰茂股份,39.0,-1.91,-0.76,9593.0,37842176.28,1.99,39.79,39.0,39.4,39.76,1.15,3.68,35.85,3.26,4060750980.0,1017860649.0,-0.03,-0.03,-3.73,-12.12
3954,301008,宏昌科技,31.35,-1.91,-0.61,13566.0,42981248.46,2.82,32.18,31.28,31.83,31.96,0.95,1.17,122.25,2.74,4105697386.0,3631685386.0,0.16,-0.06,-10.27,-9.13
3955,300061,旗天科技,9.22,-1.91,-0.18,68949.0,64126834.04,2.13,9.4,9.2,9.32,9.4,0.92,1.11,-163.39,11.6,6075921702.0,5736404680.0,-0.11,-0.22,-17.97,-12.36
3956,600255,鑫科材料,3.6,-1.91,-0.07,479851.0,174283404.0,2.45,3.68,3.59,3.66,3.67,1.07,2.66,249.19,4.49,6502129038.0,6502129038.0,0.28,0.28,-11.55,-6.49
3957,600877,电科芯片,17.46,-1.91,-0.34,158094.0,278501446.0,2.19,17.82,17.43,17.76,17.8,0.83,1.34,1561.2,8.37,20673678730.0,20673678730.0,-0.17,-0.06,12.14,-0.51
3958,002824,和胜股份,19.98,-1.91,-0.39,40399.0,81572609.95,2.41,20.44,19.95,20.26,20.37,0.61,2.14,46.5,2.75,6217353183.0,3779336540.0,0.0,-0.15,9.12,2.99
3959,688133,泰坦科技,22.95,-1.92,-0.45,30277.0,70504498.0,3.12,23.65,22.92,23.28,23.4,1.14,1.84,-289.31,1.36,3773828622.0,3773828622.0,0.0,-0.04,3.85,3.66
3960,300829,金丹科技,20.38,-1.92,-0.4,142618.0,296934239.78,5.58,21.38,20.22,20.88,20.78,0.82,9.01,26.3,1.92,4631866681.0,3225021504.0,-0.1,0.54,21.6,22.85
3961,002358,森源电气,8.7,-1.92,-0.17,536217.0,470211463.88,3.04,8.93,8.66,8.78,8.87,0.52,5.77,42.21,2.41,8088885700.0,8088874607.0,0.12,0.12,57.61,60.52
3962,603686,福龙马,19.93,-1.92,-0.39,125818.0,253616298.0,2.46,20.41,19.91,20.2,20.32,1.04,3.03,54.82,2.44,8279527952.0,8279527952.0,0.0,-0.05,-28.8,-32.87
3963,603610,麒盛科技,19.9,-1.92,-0.39,49870.0,100311778.0,2.71,20.4,19.85,20.1,20.29,0.57,1.41,35.84,2.23,7024533258.0,7024533258.0,0.15,0.1,1.63,4.46
3964,920045,蘅东光,384.0,-1.92,-7.5,9479.0,362142630.27,4.08,389.98,374.0,380.03,391.5,0.64,4.71,86.6,24.27,26139474432.0,7728973440.0,0.26,0.46,1115.57,24.27
3965,920002,万达轴承,90.93,-1.92,-1.78,4223.0,38700867.13,1.98,92.7,90.86,92.41,92.71,0.57,1.33,66.02,5.61,4137584880.0,2896585061.0,0.03,-0.19,-11.72,-17.19
3966,300494,盛天网络,12.24,-1.92,-0.24,118906.0,147756980.2,4.09,12.71,12.2,12.48,12.48,0.9,2.98,146.65,4.17,6003843330.0,4875780352.0,-0.08,0.0,3.03,0.49
3967,001286,陕西能源,11.15,-1.93,-0.22,363373.0,407646040.28,3.17,11.48,11.12,11.33,11.37,1.29,3.46,12.98,1.6,41812500000.0,11707500000.0,0.0,0.09,12.85,19.76
3968,002945,华林证券,16.29,-1.93,-0.32,141157.0,231909042.67,1.99,16.61,16.28,16.53,16.61,0.6,0.52,74.96,6.11,43983000000.0,43983000000.0,-0.12,0.0,11.12,6.26
3969,603336,宏辉果蔬,9.17,-1.93,-0.18,80776.0,74529537.0,2.03,9.35,9.16,9.35,9.35,0.72,1.33,388.37,3.91,5581952726.0,5581952726.0,0.0,0.11,0.99,7.13
3970,688669,聚石化学,27.41,-1.93,-0.54,16657.0,46353341.0,3.18,28.2,27.31,27.95,27.95,0.67,1.37,-28.04,2.81,3325746685.0,3325746685.0,0.04,0.07,27.43,17.94
3971,000407,胜利股份,5.09,-1.93,-0.1,479544.0,245678880.0,2.89,5.23,5.08,5.22,5.19,0.65,5.48,27.98,1.47,4479630899.0,4457731459.0,0.0,0.0,4.3,1.6
3972,600376,首开股份,5.6,-1.93,-0.11,1028199.0,585377199.0,3.85,5.8,5.58,5.7,5.71,1.03,3.99,-3.49,2.22,14445565355.0,14445565355.0,0.18,0.18,-4.27,-15.28
3973,688226,威腾电气,43.98,-1.94,-0.87,40419.0,180961416.0,4.68,45.99,43.89,44.59,44.85,0.65,2.14,261.08,4.84,8302347370.0,8302347370.0,-0.18,-0.5,15.34,18.54
3974,600640,国脉文化,12.65,-1.94,-0.25,57295.0,73042931.0,2.56,12.93,12.6,12.85,12.9,0.79,0.72,385.46,2.53,10065553641.0,10065553641.0,0.08,0.16,-2.39,0.72
3975,301158,德石股份,26.82,-1.94,-0.53,145070.0,396620754.95,5.08,28.1,26.71,27.67,27.35,0.66,9.9,31.6,2.9,4032937078.0,3929677959.0,0.15,-0.07,23.42,19.89
3976,920834,三维装备,13.62,-1.94,-0.27,12339.0,17003459.48,2.95,14.02,13.61,13.95,13.89,1.13,1.96,34.73,5.3,1634400068.0,855287499.0,0.07,-0.07,-15.25,-11.39
3977,300135,宝利国际,4.54,-1.94,-0.09,650197.0,300230119.4,5.62,4.76,4.5,4.65,4.63,0.65,7.06,-309.82,4.43,4184064000.0,4184064000.0,-0.87,0.22,12.94,14.94
3978,002582,好想你,11.12,-1.94,-0.22,133273.0,149719008.0,2.91,11.41,11.08,11.28,11.34,0.85,3.87,-792.96,1.59,4978511748.0,3827973297.0,0.0,0.09,7.65,0.63
3979,603332,苏州龙杰,13.64,-1.94,-0.27,112415.0,155384768.0,5.1,14.27,13.56,13.56,13.91,2.32,5.2,40.54,2.31,2950975590.0,2950975590.0,0.0,0.07,7.57,-1.73
3980,688557,兰剑智能,34.79,-1.94,-0.69,18320.0,64357737.0,4.65,36.33,34.68,35.57,35.48,1.02,1.78,31.03,2.88,3572224676.0,3572224676.0,-0.03,-0.06,-7.91,-4.5
3981,603960,克来机电,22.57,-1.95,-0.45,133736.0,303701459.0,4.17,23.29,22.33,22.8,23.02,0.63,5.1,194.47,5.29,5917806603.0,5917806603.0,0.04,0.04,17.06,13.76
3982,600066,宇通客车,30.65,-1.95,-0.61,152451.0,470674148.0,2.56,31.4,30.6,31.18,31.26,0.93,0.69,15.46,5.06,67857237185.0,67857237185.0,-0.23,-0.33,-5.11,-6.27
3983,603090,宏盛股份,67.46,-1.95,-1.34,24376.0,167890605.0,5.31,70.85,67.2,68.0,68.8,0.94,2.44,78.59,11.0,6746000000.0,6746000000.0,0.0,0.13,34.92,21.66
3984,002049,紫光国微,73.74,-1.95,-1.47,126474.0,937615812.82,1.77,74.95,73.62,74.53,75.21,0.94,1.49,37.21,4.77,62651322207.0,62640134006.0,0.04,0.07,-4.28,-6.43
3985,603266,天龙股份,20.11,-1.95,-0.4,29318.0,59620612.0,2.54,20.62,20.1,20.3,20.51,0.58,1.47,36.27,2.55,3999612543.0,3999612543.0,-0.1,0.0,0.2,-11.64
3986,300771,智莱科技,14.6,-1.95,-0.29,36465.0,53729997.6,2.69,14.93,14.53,14.88,14.89,0.86,2.01,38.44,1.78,3504000000.0,2645507415.0,-0.07,0.07,8.79,-5.81
3987,000525,红太阳,7.04,-1.95,-0.14,856489.0,622669960.2,6.82,7.5,7.01,7.11,7.18,1.01,7.7,-25.34,3.5,9174236129.0,7826790435.0,0.0,0.14,22.01,28.94
3988,688192,迪哲医药-U,48.23,-1.95,-0.96,26830.0,130373722.0,2.83,49.29,47.9,49.0,49.19,1.09,0.58,-29.36,17.16,22409266085.0,22218673182.0,-0.02,0.21,-22.02,-16.27
3989,000026,飞亚达,15.1,-1.95,-0.3,37493.0,56985858.04,2.53,15.4,15.01,15.37,15.4,1.05,1.03,70.17,1.84,6127036506.0,5504867068.0,0.07,0.33,-0.85,-7.81
3990,300320,海达股份,11.08,-1.95,-0.22,111675.0,125362135.4,3.45,11.42,11.03,11.3,11.3,0.82,2.3,29.98,2.7,6661674836.0,5382528270.0,0.09,0.18,13.87,18.76
3991,688114,华大智造,53.79,-1.95,-1.07,26955.0,145644551.0,2.66,54.86,53.4,54.6,54.86,0.99,0.65,-94.56,2.9,22404403977.0,22287065127.0,-0.11,-0.09,-10.6,-11.47
3992,603118,共进股份,12.54,-1.95,-0.25,259886.0,327638519.0,3.28,12.83,12.41,12.6,12.79,0.61,3.3,85.81,1.96,9872446131.0,9872446131.0,-0.08,0.0,6.09,9.04
3993,301178,天亿马,51.01,-1.96,-1.02,15821.0,81047804.2,2.09,51.87,50.78,51.65,52.03,0.68,3.2,610.41,4.42,3410161328.0,2523788205.0,-0.23,0.0,-1.9,3.93
3994,000410,沈阳机床,7.51,-1.96,-0.15,274405.0,208748882.17,2.74,7.72,7.51,7.57,7.66,0.8,1.63,13027.28,4.2,19894538298.0,12623678739.0,-0.13,-0.13,2.74,5.03
3995,300333,兆日科技,10.0,-1.96,-0.2,41324.0,41684155.0,2.16,10.2,9.98,10.18,10.2,0.87,1.23,-390.18,5.79,3360000000.0,3347800670.0,0.1,0.0,-9.75,-13.04
3996,000567,海德股份,5.49,-1.96,-0.11,122363.0,67791049.38,2.32,5.61,5.48,5.57,5.6,1.07,0.63,47.09,1.99,10730710931.0,10704962924.0,0.0,0.0,-13.0,-14.49
3997,002930,宏川智慧,14.04,-1.96,-0.28,146785.0,208189609.87,4.54,14.55,13.9,14.15,14.32,0.71,3.39,-126.33,2.75,6423157831.0,6075387817.0,0.07,0.65,15.75,26.15
3998,002682,龙洲股份,6.01,-1.96,-0.12,281623.0,171105235.0,2.77,6.17,6.0,6.1,6.13,0.52,5.01,-26.51,3.14,3379835250.0,3379784766.0,0.0,0.0,-37.0,-29.87
3999,002114,罗平锌电,9.52,-1.96,-0.19,200119.0,194941189.97,5.56,10.04,9.5,9.71,9.71,1.29,6.19,-23.98,3.64,3078722942.0,3078680635.0,-0.1,0.0,10.96,13.06
4000,300992,泰福泵业,32.82,-1.97,-0.66,43467.0,144228441.5,6.06,34.15,32.12,33.5,33.48,1.15,5.61,178.16,3.46,3129031428.0,2543374938.0,0.09,0.4,31.97,21.56
4001,002162,悦心健康,4.98,-1.97,-0.1,358653.0,178419375.76,2.36,5.03,4.91,4.98,5.08,0.5,3.9,1113.71,5.58,4580110806.0,4574100723.0,0.0,0.2,-4.6,6.87
4002,600794,保税科技,3.99,-1.97,-0.08,306041.0,122857215.0,2.21,4.06,3.97,4.04,4.07,1.02,2.55,61.27,1.82,4788607106.0,4788607106.0,0.0,0.25,4.45,2.31
4003,920146,华阳变速,7.46,-1.97,-0.15,17123.0,12905120.1,2.89,7.65,7.43,7.61,7.61,1.07,1.6,-40.49,5.14,1007028705.0,799248376.0,0.0,0.13,-10.01,-13.56
4004,000782,恒申新材,5.97,-1.97,-0.12,137901.0,83427058.0,3.28,6.15,5.95,6.11,6.09,0.81,2.61,-53.89,2.38,4098891609.0,3152993549.0,0.17,0.17,13.5,20.36
4005,600864,哈投股份,6.46,-1.97,-0.13,265334.0,172502894.0,1.97,6.57,6.44,6.55,6.59,1.05,1.28,18.52,1.02,13440485559.0,13440485559.0,0.16,0.16,-6.78,-2.56
4006,600617,国新能源,3.46,-1.98,-0.07,736398.0,257007542.0,4.25,3.58,3.43,3.48,3.53,0.69,4.15,-542.77,1.97,6675003545.0,6143377704.0,-0.29,0.0,5.81,10.19
4007,300440,运达科技,16.37,-1.98,-0.33,53775.0,88669263.0,2.51,16.73,16.31,16.61,16.7,0.56,1.23,134.68,4.46,7194886742.0,7167139019.0,0.0,0.18,33.96,32.98
4008,601890,亚星锚链,11.41,-1.98,-0.23,371137.0,427311105.0,2.66,11.68,11.37,11.58,11.64,0.59,3.87,38.86,2.96,10946754000.0,10946754000.0,0.09,0.18,9.19,10.88
4009,688051,佳华科技,35.15,-1.98,-0.71,5130.0,18197728.0,2.76,35.99,35.0,35.58,35.86,0.53,0.66,-21.12,4.6,2718290100.0,2718290100.0,-0.03,-0.2,-18.56,-11.26
4010,603194,中力股份,35.06,-1.98,-0.71,31494.0,111515897.0,2.66,35.96,35.01,35.88,35.77,2.51,1.99,15.39,2.67,14059060000.0,5540423570.0,0.03,0.0,-5.27,-10.81
4011,000759,中百集团,5.95,-1.98,-0.12,186097.0,112055963.0,2.64,6.1,5.94,6.05,6.07,1.16,2.84,-5.1,3.25,3941658361.0,3901450849.0,0.0,0.0,-22.93,-21.5
4012,600418,江淮汽车,49.01,-1.98,-0.99,271686.0,1346179179.0,2.62,50.2,48.89,49.59,50.0,0.88,1.24,-57.77,10.78,110477273337.0,107038319857.0,-0.02,0.02,-1.7,-0.99
4013,600960,渤海汽车,5.45,-1.98,-0.11,213992.0,117770900.0,3.6,5.63,5.43,5.54,5.56,0.68,2.25,18.49,1.4,5180309573.0,5180309573.0,0.0,0.0,9.0,-2.33
4014,603290,斯达半导,106.9,-1.98,-2.16,41094.0,443618343.0,2.71,109.56,106.6,107.88,109.06,0.57,1.72,50.28,3.7,25599713515.0,25599713515.0,-0.05,-0.05,9.03,11.25
4015,000830,鲁西化工,19.74,-1.99,-0.4,462780.0,933606098.89,6.21,20.82,19.57,20.38,20.14,0.75,2.43,27.55,1.97,37591257277.0,37588294658.0,0.05,-0.05,33.56,19.13
4016,600173,卧龙新能,7.88,-1.99,-0.16,114341.0,90948338.0,3.48,8.12,7.84,8.12,8.04,0.98,1.63,54.65,1.44,5519989203.0,5519280003.0,0.0,0.0,6.92,10.52
4017,600843,上工申贝,10.81,-1.99,-0.22,89496.0,97344863.0,1.54,10.97,10.8,10.88,11.03,1.03,1.91,770.22,2.53,7709329649.0,5072297711.0,0.0,0.0,-4.93,-13.8
4018,301176,逸豪新材,27.53,-1.99,-0.56,54605.0,151198873.66,2.56,28.09,27.37,27.96,28.09,0.62,9.69,-180.32,3.07,4654405343.0,1551468457.0,-0.18,-0.36,1.81,9.38
4019,688056,莱伯泰科,37.89,-1.99,-0.77,5310.0,20324815.0,3.54,38.97,37.6,38.83,38.66,0.7,0.79,64.9,3.13,2555773709.0,2555773709.0,0.32,0.37,8.04,12.73
4020,920541,铁大科技,13.82,-1.99,-0.28,10354.0,14493800.87,2.2,14.13,13.82,14.08,14.1,0.88,1.15,26.6,4.04,1889194000.0,1244611013.0,-0.14,-0.22,4.54,4.62
4021,688618,三旺通信,32.58,-1.99,-0.66,12926.0,42559503.0,3.16,33.63,32.58,32.9,33.24,0.67,1.17,98.16,4.19,3589847825.0,3585358888.0,0.0,-0.06,16.77,22.21
4022,603080,新疆火炬,23.12,-1.99,-0.47,37864.0,88478376.0,2.12,23.59,23.09,23.53,23.59,0.57,2.68,15.56,2.15,3271480000.0,3271480000.0,0.04,0.04,-1.58,-2.12
4023,920957,汉维科技,12.28,-2.0,-0.25,5731.0,7166652.28,4.39,12.77,12.22,12.48,12.53,0.9,1.34,246.19,3.36,1317660382.0,524414134.0,-0.41,-0.32,-6.69,-2.0
4024,600693,东百集团,12.23,-2.0,-0.25,204576.0,251994717.0,2.96,12.55,12.18,12.4,12.48,0.96,2.35,90.62,3.01,10638219589.0,10627292524.0,0.0,0.0,-0.81,-31.37
4025,601799,星宇股份,136.0,-2.0,-2.78,19218.0,264456102.0,3.57,140.66,135.7,138.66,138.78,0.79,0.67,25.54,3.51,38852400984.0,38852400984.0,-0.18,0.15,7.85,10.24
4026,002065,东华软件,8.83,-2.0,-0.18,361996.0,321476303.88,1.78,8.98,8.82,8.97,9.01,0.79,1.24,60.57,2.32,28304409371.0,25676948161.0,-0.11,0.0,-11.61,-3.5
4027,002548,金新农,6.37,-2.0,-0.13,168209.0,108350658.6,2.46,6.53,6.37,6.52,6.5,0.49,2.09,-41.99,3.7,5275466201.0,5124483404.0,0.0,-0.16,7.78,4.77
4028,603978,深圳新星,26.97,-2.0,-0.55,300109.0,823940793.0,4.14,28.04,26.9,27.52,27.52,4.29,14.22,-69.06,3.76,5693213244.0,5693213244.0,-0.07,-0.19,-5.6,-4.5
4029,301067,显盈科技,32.78,-2.0,-0.67,20512.0,68121228.0,3.47,33.86,32.7,33.45,33.45,0.96,3.21,-2165.66,3.84,3187396080.0,2092311342.0,-0.03,0.09,4.06,0.06
4030,000936,华西股份,7.85,-2.0,-0.16,257180.0,204135561.8,2.25,8.02,7.84,7.94,8.01,1.35,2.9,15.83,1.3,6955201163.0,6954215595.0,-0.13,-0.25,8.28,-4.62
4031,300663,科蓝软件,15.19,-2.0,-0.31,66396.0,101598551.43,2.26,15.52,15.17,15.43,15.5,0.79,1.45,-516.54,9.61,7267675262.0,6950180247.0,-0.26,-0.07,-11.12,-13.89
4032,300133,华策影视,7.84,-2.0,-0.16,426806.0,337197850.84,1.75,7.97,7.83,7.9,8.0,0.63,2.65,63.4,2.04,14804044491.0,12639874584.0,0.0,0.0,1.29,-5.77
4033,300620,光库科技,165.0,-2.0,-3.36,137590.0,2296414664.19,5.36,171.8,162.78,165.02,168.36,0.81,5.57,267.42,19.8,41114789925.0,40772768025.0,-0.29,-0.21,-2.29,12.21
4034,300807,天迈科技,50.35,-2.0,-1.03,8596.0,43667188.0,2.86,51.57,50.1,51.43,51.38,0.81,1.65,-167.38,7.29,3425793205.0,2615253971.0,0.0,0.26,9.34,-8.77
4035,601689,拓普集团,63.12,-2.0,-1.29,147792.0,940164252.0,1.85,64.19,63.0,63.8,64.41,0.75,0.85,41.83,4.71,109692181810.0,109692181810.0,0.0,-0.03,-6.46,-18.22
4036,000958,电投产融,6.81,-2.01,-0.14,505502.0,346596318.66,2.59,6.97,6.79,6.92,6.95,0.85,0.94,143.92,1.81,118311006631.0,36660965202.0,0.0,0.15,2.56,5.26
4037,920068,天工股份,21.9,-2.01,-0.45,55728.0,123908690.89,4.52,22.75,21.74,22.2,22.35,1.37,8.89,102.59,10.28,14357640329.0,1373223316.0,0.0,-0.45,24.29,12.31
4038,300036,超图软件,17.02,-2.01,-0.35,86667.0,148583876.89,1.84,17.33,17.01,17.27,17.37,0.87,1.98,146.43,3.11,8386887821.0,7462891765.0,0.0,0.06,0.18,-6.28
4039,000417,合百集团,7.32,-2.01,-0.15,129915.0,96285378.0,2.95,7.52,7.3,7.45,7.47,0.96,1.67,24.86,1.21,5708752344.0,5702480941.0,0.0,0.0,-8.61,-9.63
4040,301505,苏州规划,25.36,-2.01,-0.52,51141.0,131054450.31,4.1,26.3,25.24,26.13,25.88,1.1,6.83,249.98,3.02,2901183772.0,1900017558.0,0.0,0.04,16.49,13.88
4041,002406,远东传动,7.79,-2.01,-0.16,158818.0,124771111.1,2.39,7.95,7.76,7.92,7.95,1.04,2.64,44.75,1.42,5688453389.0,4691238475.0,0.13,0.26,2.64,-1.89
4042,600570,恒生电子,27.29,-2.01,-0.56,228477.0,626793190.0,1.69,27.69,27.22,27.61,27.85,1.01,1.21,85.18,5.72,51690832452.0,51690832452.0,0.04,0.0,-7.24,-9.49
4043,600028,中国石化,6.33,-2.01,-0.13,4759634.0,3036060428.0,3.1,6.51,6.31,6.49,6.46,0.73,0.5,19.15,0.92,765458505025.0,599783169124.0,0.0,0.16,6.75,2.43
4044,605162,新中港,9.7,-2.02,-0.2,70435.0,68951122.0,3.03,9.96,9.66,9.96,9.9,0.87,1.76,31.73,3.05,3885655119.0,3885655119.0,0.1,0.21,6.36,13.58
4045,603375,盛景微,38.88,-2.02,-0.8,23344.0,91453046.0,3.28,39.9,38.6,39.7,39.68,1.74,3.66,152.48,2.48,3913920013.0,2479802520.0,-0.05,0.57,1.12,6.52
4046,688129,东来技术,24.77,-2.02,-0.51,16349.0,40856940.0,3.4,25.43,24.57,25.08,25.28,0.61,1.36,29.71,2.81,2984259876.0,2984259876.0,0.28,0.32,22.38,22.44
4047,688536,思瑞浦,177.5,-2.02,-3.66,41033.0,727683474.0,3.92,181.1,174.0,180.0,181.16,0.85,3.02,141.49,3.94,24476955173.0,24077693773.0,0.0,-0.14,19.79,11.02
4048,300843,胜蓝股份,58.18,-2.02,-1.2,65247.0,380235702.8,2.81,59.22,57.55,58.47,59.38,0.56,4.15,69.45,6.01,9524348929.0,9139508941.0,-0.19,0.02,20.48,12.84
4049,688251,井松智能,33.52,-2.02,-0.69,35386.0,121677215.0,6.23,35.16,33.03,33.76,34.21,0.88,3.54,102.09,3.93,3372194627.0,3348758281.0,0.48,0.21,20.32,14.01
4050,603706,东方环宇,20.38,-2.02,-0.42,20986.0,43340023.0,2.4,20.88,20.38,20.8,20.8,0.66,1.11,20.94,2.33,3859619711.0,3859619711.0,-0.15,-0.2,2.72,5.05
4051,688369,致远互联,23.71,-2.02,-0.49,35991.0,86096560.0,3.02,24.33,23.6,24.0,24.2,0.76,3.12,-12.2,3.24,2731820463.0,2731820463.0,0.04,0.21,-3.38,-6.76
4052,920204,沪江材料,16.91,-2.03,-0.35,13078.0,22312915.5,8.57,17.44,15.96,17.26,17.26,0.81,2.62,76.41,3.24,1594406647.0,845343464.0,0.0,-0.29,-2.2,-4.73
4053,603888,新华网,20.79,-2.03,-0.43,90968.0,190806309.0,2.36,21.26,20.76,21.12,21.22,0.83,1.35,51.71,3.81,14027806513.0,14027806513.0,0.0,0.05,7.28,7.0
4054,002870,香山股份,37.22,-2.03,-0.77,16760.0,62791663.0,2.55,37.99,37.02,37.99,37.99,0.76,1.3,40.72,2.9,4915855172.0,4799950008.0,0.08,0.16,-3.8,-5.34
4055,000599,青岛双星,6.77,-2.03,-0.14,229291.0,157683108.41,5.21,7.09,6.73,6.9,6.91,1.05,2.81,-15.91,4.2,5529458342.0,5529364408.0,0.0,0.15,4.96,2.27
4056,603918,金桥信息,14.5,-2.03,-0.3,89635.0,130815828.0,2.64,14.85,14.46,14.84,14.8,0.96,2.46,-66.58,5.29,5294059127.0,5294059127.0,-0.07,-0.07,-9.2,-7.58
4057,002649,博彦科技,12.54,-2.03,-0.26,103512.0,130432013.4,2.34,12.79,12.49,12.7,12.8,0.88,1.89,30.06,1.73,7340220431.0,6878733860.0,-0.08,0.08,-6.42,-4.93
4058,603052,可川科技,58.3,-2.03,-1.21,123991.0,753091214.0,9.54,63.68,58.0,58.7,59.51,1.49,6.6,329.88,10.07,10954411541.0,10954411541.0,0.0,-0.07,76.24,84.79
4059,605118,力鼎光电,41.7,-2.04,-0.87,21648.0,91162956.0,3.01,42.78,41.5,42.36,42.57,0.85,0.53,59.57,11.54,17152377600.0,16976737200.0,0.29,0.02,43.94,38.49
4060,002678,珠江钢琴,5.28,-2.04,-0.11,151751.0,80720535.8,2.78,5.39,5.24,5.38,5.39,0.76,1.12,-24.65,2.21,7171931305.0,7167993085.0,0.19,0.0,4.35,-0.94
4061,002655,共达电声,16.77,-2.04,-0.35,163220.0,276374729.02,3.21,17.23,16.68,16.99,17.12,0.53,4.51,72.11,8.26,6068930098.0,6067271126.0,0.12,-0.06,29.3,29.8
4062,920717,瑞星股份,10.07,-2.04,-0.21,20034.0,20531291.1,3.7,10.43,10.05,10.38,10.28,0.47,4.52,372.33,2.05,1154827600.0,445899600.0,-0.2,-0.3,-16.71,-9.28
4063,300540,蜀道装备,22.55,-2.04,-0.47,91951.0,212260709.0,6.13,23.94,22.53,23.89,23.02,0.93,4.45,199.8,4.69,5176557931.0,4661698450.0,-0.04,-0.09,20.72,12.75
4064,600728,佳都科技,6.23,-2.04,-0.13,310985.0,194787077.0,1.89,6.33,6.21,6.32,6.36,0.86,1.46,52.75,1.69,13286093396.0,13286093396.0,-0.16,0.0,-0.48,-6.74
4065,300759,康龙化成,27.79,-2.04,-0.58,287929.0,806365304.26,3.42,28.69,27.72,28.56,28.37,1.17,2.03,33.56,3.38,51058112022.0,39462688002.0,-0.14,-0.04,-4.5,-2.25
4066,002184,海得控制,12.47,-2.04,-0.26,48449.0,61017856.92,2.36,12.75,12.45,12.64,12.73,0.87,2.02,612.69,3.75,4388297374.0,2997432655.0,-0.08,-0.08,-8.17,-4.74
4067,603217,元利科技,24.05,-2.04,-0.5,21807.0,53440910.0,3.5,24.91,24.05,24.6,24.55,0.83,1.05,24.62,1.49,5004506780.0,5004506780.0,0.0,-0.12,-10.06,-6.13
4068,300188,国投智能,13.9,-2.04,-0.29,211985.0,295104323.9,3.45,14.23,13.74,14.04,14.19,0.9,2.48,-24.51,3.86,11946734609.0,11891520751.0,-0.29,-0.22,-11.86,-4.86
4069,300918,南山智尚,15.34,-2.04,-0.32,57608.0,89193725.24,2.3,15.66,15.3,15.58,15.66,0.91,1.14,49.63,2.04,7764102110.0,7764102110.0,0.0,0.2,-12.34,-17.48
4070,603037,凯众股份,14.83,-2.05,-0.31,41072.0,61537767.0,2.51,15.18,14.8,15.15,15.14,0.82,1.54,50.93,4.1,3958396431.0,3946885979.0,0.0,-0.13,12.26,2.56
4071,603373,安邦护卫,41.19,-2.05,-0.86,10348.0,43231740.0,3.23,42.46,41.1,41.95,42.05,0.57,2.28,36.91,2.45,4429032270.0,1871266149.0,0.05,-0.17,-7.96,8.51
4072,301303,真兰仪表,16.25,-2.05,-0.34,40007.0,65623965.2,2.23,16.58,16.21,16.58,16.59,0.66,3.93,19.93,1.97,6643000000.0,1653190744.0,0.06,0.18,5.25,7.33
4073,688178,万德斯,26.34,-2.05,-0.55,11696.0,31371400.0,3.5,27.19,26.25,26.83,26.89,0.57,1.38,-19.68,2.44,2238843211.0,2238843211.0,0.0,-0.42,2.57,9.61
4074,300269,联建光电,8.6,-2.05,-0.18,706595.0,623701951.6,5.47,9.06,8.58,8.68,8.78,0.77,13.44,194.23,43.94,4722378895.0,4520844586.0,-0.23,-0.46,11.69,31.1
4075,002515,金字火腿,6.21,-2.05,-0.13,268090.0,168517761.49,3.0,6.39,6.2,6.3,6.34,0.58,2.21,256.12,2.88,7517913958.0,7517823976.0,0.0,0.0,-12.04,1.97
4076,688608,恒玄科技,178.29,-2.05,-3.73,29252.0,525076830.0,3.17,182.78,177.01,180.5,182.02,1.19,1.73,51.13,4.27,30076406013.0,30076406013.0,0.16,0.22,-20.62,-21.44
4077,688399,硕世生物,63.63,-2.05,-1.33,13653.0,87505236.0,2.76,65.29,63.5,65.29,64.96,0.96,1.63,-134.39,1.82,5336757607.0,5336757607.0,0.03,-0.14,-4.55,-7.11
4078,300582,英飞特,15.8,-2.05,-0.33,61834.0,98477482.19,2.73,16.19,15.75,16.13,16.13,0.82,2.79,-44.91,3.56,4716876510.0,3500329835.0,-0.13,0.06,5.76,-1.06
4079,688053,ST思科瑞,39.2,-2.05,-0.82,9180.0,36326420.0,3.77,40.39,38.88,39.81,40.02,0.84,0.92,-201.77,2.43,3920000000.0,3920000000.0,0.51,0.51,18.43,6.67
4080,920639,晨光电缆,8.62,-2.05,-0.18,45867.0,40163785.5,3.86,8.94,8.6,8.78,8.8,0.5,3.86,95.03,2.04,1737792000.0,1023656325.0,-0.23,-0.12,11.37,8.02
4081,002012,凯恩股份,7.15,-2.05,-0.15,167984.0,121613030.0,3.56,7.37,7.11,7.25,7.3,1.05,3.6,143.94,2.17,3343522111.0,3337558317.0,0.0,0.14,12.78,10.85
4082,603530,神马电力,66.38,-2.05,-1.39,79740.0,534535580.0,6.26,69.25,65.01,67.06,67.77,0.61,1.87,77.58,17.55,28655222089.0,28375111698.0,-0.02,0.11,59.64,61.59
4083,002368,太极股份,19.95,-2.06,-0.42,70375.0,141277945.56,1.82,20.31,19.94,20.31,20.37,0.9,1.13,2304.46,2.4,12433464156.0,12377572914.0,-0.05,-0.05,-17.19,-18.54
4084,300977,深圳瑞捷,19.97,-2.06,-0.42,26517.0,53670180.14,2.84,20.5,19.92,20.43,20.39,0.47,2.8,84.04,2.19,3039967738.0,1893197598.0,0.0,-0.35,9.07,16.17
4085,688018,乐鑫科技,151.01,-2.06,-3.17,17860.0,272084513.0,2.54,154.41,150.5,153.2,154.18,0.76,1.15,50.7,5.63,25240265940.0,23539495731.0,-0.15,-0.05,-9.71,-11.17
4086,601718,际华集团,3.33,-2.06,-0.07,691613.0,232149376.0,2.65,3.41,3.32,3.4,3.4,0.97,1.59,-58.62,1.19,14522361445.0,14522361445.0,0.0,-0.3,-2.92,-0.6
4087,301093,华兰股份,85.66,-2.07,-1.81,33730.0,292476004.76,4.02,88.22,84.7,87.0,87.47,0.64,2.15,197.86,6.47,14065511112.0,13442965669.0,-0.61,0.22,70.98,67.63
4088,002520,日发精机,6.61,-2.07,-0.14,299818.0,200240500.7,3.41,6.81,6.58,6.8,6.75,0.52,4.18,-13.95,19.29,4959120580.0,4742279530.0,-0.15,0.15,3.12,4.92
4089,300525,博思软件,11.35,-2.07,-0.24,108843.0,124575237.44,2.16,11.59,11.34,11.58,11.59,0.65,1.75,873.28,3.42,8608446975.0,7060641233.0,-0.09,-0.09,-21.07,-19.5
4090,000155,川能动力,15.16,-2.07,-0.32,842972.0,1297675270.96,5.1,15.87,15.08,15.48,15.48,1.32,4.57,60.41,2.71,27987912065.0,27987912065.0,0.07,-0.13,33.45,30.13
4091,300644,南京聚隆,31.23,-2.07,-0.66,44556.0,140569443.5,2.26,31.93,31.21,31.8,31.89,1.25,5.11,25.7,3.44,3455415587.0,2722505606.0,-0.16,-0.13,-4.23,-15.39
4092,600257,大湖股份,6.61,-2.07,-0.14,112062.0,74975023.0,3.26,6.8,6.58,6.72,6.75,0.83,2.33,-4218.19,3.99,3180977813.0,3180977813.0,0.0,0.15,2.96,5.25
4093,603286,日盈电子,59.72,-2.07,-1.26,16598.0,100001700.0,2.94,61.33,59.54,61.0,60.98,0.48,1.44,-287.52,8.33,7010884999.0,6892573707.0,0.13,0.2,4.22,-13.65
4094,603009,北特科技,52.15,-2.07,-1.1,86088.0,451666004.0,5.5,54.15,51.22,52.57,53.25,0.72,2.54,146.2,10.28,18064228852.0,17648027786.0,-0.02,-0.02,18.58,8.28
4095,688037,芯源微,172.5,-2.07,-3.65,44929.0,780742588.0,3.32,176.84,171.0,173.0,176.15,0.63,2.23,485.13,12.45,34780708560.0,34780708560.0,0.5,0.47,34.63,16.15
4096,000007,全新好,13.69,-2.07,-0.29,105292.0,146024687.0,4.51,14.27,13.64,14.23,13.98,1.26,3.04,1040.72,25.96,4742873722.0,4742873722.0,-0.15,0.15,34.74,19.67
4097,300224,正海磁材,16.46,-2.08,-0.35,191475.0,318611126.12,3.39,16.95,16.38,16.7,16.81,0.7,2.07,50.4,3.03,15319328864.0,15232690008.0,-0.06,0.12,8.29,6.47
4098,002182,宝武镁业,19.29,-2.08,-0.41,278266.0,546669389.93,4.97,20.2,19.22,19.67,19.7,0.98,3.22,164.1,3.56,19131659057.0,16695735373.0,0.0,0.0,38.28,26.08
4099,300373,扬杰科技,77.2,-2.08,-1.64,89955.0,702526655.78,3.12,79.41,76.95,78.02,78.84,0.86,1.66,32.31,4.54,41946449156.0,41853814792.0,-0.1,0.03,18.04,13.53
4100,002194,武汉凡谷,12.23,-2.08,-0.26,159047.0,196730502.27,2.8,12.56,12.21,12.4,12.49,0.6,3.11,-612.15,3.36,8356585407.0,6248230868.0,-0.08,-0.08,-3.09,-6.28
4101,600510,黑牡丹,8.94,-2.08,-0.19,115468.0,104697602.0,4.27,9.3,8.91,9.15,9.13,0.94,1.12,108.47,0.89,9226307586.0,9226307586.0,0.0,0.0,-3.87,6.56
4102,300109,新开源,18.3,-2.09,-0.39,104323.0,193635354.13,3.91,18.95,18.22,18.58,18.69,0.72,2.32,33.17,2.39,8894715092.0,8235402893.0,0.0,0.11,8.28,8.99
4103,000156,华数传媒,7.98,-2.09,-0.17,177985.0,143702583.66,2.82,8.19,7.96,8.16,8.15,1.15,1.05,31.77,0.99,14786400887.0,13565009498.0,0.0,0.13,4.45,5.42
4104,688709,成都华微,46.0,-2.09,-0.98,60004.0,276597035.0,3.07,47.0,45.56,46.5,46.98,0.67,2.71,124.49,9.58,29294963196.0,10200327546.0,0.0,0.33,15.14,0.02
4105,300376,易事特,7.49,-2.09,-0.16,379378.0,287556781.76,3.66,7.73,7.45,7.61,7.65,0.5,1.63,138.74,2.6,17438521165.0,17432487408.0,0.27,0.13,23.6,15.41
4106,002201,九鼎新材,11.74,-2.09,-0.25,197016.0,233894954.44,3.17,12.07,11.69,12.03,11.99,0.92,3.27,75.97,6.57,7650209469.0,7067754951.0,0.0,0.09,48.61,2.89
4107,002363,隆基机械,8.89,-2.09,-0.19,116500.0,104372189.6,2.09,9.05,8.86,9.05,9.08,0.97,2.8,67.04,1.74,3706199226.0,3696090105.0,0.0,0.11,-5.32,-11.98
4108,603773,沃格光电,41.02,-2.1,-0.88,139867.0,580026745.0,3.99,42.53,40.86,41.89,41.9,0.71,6.23,-103.25,7.9,9215497126.0,9212297566.0,0.02,0.05,28.99,15.94
4109,002078,太阳纸业,16.3,-2.1,-0.35,191276.0,314902917.0,2.94,16.74,16.25,16.61,16.65,0.89,0.69,13.98,1.49,45550922440.0,45271541564.0,0.06,0.0,11.26,3.49
4110,920491,奥迪威,24.76,-2.1,-0.53,19937.0,49743558.56,1.78,25.19,24.74,25.06,25.29,0.86,1.73,37.4,3.26,3494705137.0,2861638758.0,0.0,-0.08,-8.7,-17.22
4111,000524,岭南控股,13.04,-2.1,-0.28,140957.0,186215143.9,3.0,13.4,13.0,13.31,13.32,1.07,2.1,99.98,3.84,8739520105.0,8736134086.0,0.15,0.15,9.4,8.76
4112,300589,江龙船艇,17.28,-2.1,-0.37,153787.0,268058984.55,3.17,17.75,17.19,17.65,17.65,0.59,6.64,-132.8,8.3,6526102971.0,4002167474.0,0.12,0.12,-25.52,-4.27
4113,301257,普蕊斯,61.99,-2.1,-1.33,8432.0,52956967.1,3.89,64.26,61.8,63.31,63.32,0.75,1.12,42.04,3.91,4897505692.0,4669019169.0,-0.39,-0.4,37.36,19.12
4114,002849,威星智能,18.16,-2.1,-0.39,72002.0,131921263.3,2.96,18.63,18.08,18.55,18.55,0.57,3.72,41.97,2.93,4006713731.0,3515182531.0,-0.33,0.06,29.62,14.21
4115,300897,山科智能,25.93,-2.11,-0.56,14666.0,38472501.0,3.96,26.96,25.91,26.96,26.49,0.91,1.68,104.28,3.71,3635899518.0,2266797177.0,0.04,0.0,3.31,0.82
4116,301479,弘景光电,97.3,-2.11,-2.1,30513.0,293985716.83,4.85,98.52,93.7,97.51,99.4,1.06,14.53,44.88,6.75,8656326901.0,2043466967.0,-0.6,-0.49,17.33,11.81
4117,002102,能特科技,3.71,-2.11,-0.08,2447326.0,922659604.48,4.49,3.85,3.68,3.78,3.79,2.61,11.26,15.21,2.77,9184575391.0,8061399581.0,0.27,0.54,4.51,11.41
4118,002533,金杯电工,15.34,-2.11,-0.33,196669.0,304903406.0,2.87,15.75,15.3,15.61,15.67,0.59,3.08,18.2,2.61,11258655891.0,9781480942.0,0.0,-0.07,24.92,22.92
4119,300184,力源信息,10.67,-2.11,-0.23,370783.0,401498251.38,3.3,11.01,10.65,10.9,10.9,0.76,3.54,59.08,3.0,12281512742.0,11163033171.0,0.0,0.0,4.92,6.81
4120,688698,伟创电气,71.36,-2.11,-1.54,32238.0,233052051.0,2.99,73.53,71.35,72.39,72.9,0.69,1.51,56.91,6.49,15272665153.0,15272665153.0,-0.08,-0.17,-19.14,-27.83
4121,300033,同花顺,318.18,-2.12,-6.88,69595.0,2223767116.3,1.91,323.37,317.15,323.32,325.06,0.88,2.22,53.37,18.02,171053568000.0,99638242954.0,0.0,0.08,-1.89,-1.24
4122,600198,大唐电信,8.78,-2.12,-0.19,167415.0,148453010.0,2.23,8.97,8.77,8.96,8.97,0.92,1.29,-173.14,41.74,11445639090.0,11431119279.0,-0.11,-0.23,1.74,-9.02
4123,600037,歌华有线,7.84,-2.12,-0.17,143864.0,114098939.0,2.25,8.01,7.83,8.01,8.01,0.77,1.03,318.0,0.86,10911538611.0,10911538611.0,-0.25,-0.25,3.29,7.4
4124,688279,峰岹科技,168.37,-2.12,-3.65,7354.0,124703235.0,3.23,172.74,167.19,170.0,172.02,0.89,0.79,85.52,3.81,19381757650.0,15752373930.0,-0.2,-0.04,-8.5,-17.26
4125,300214,日科化学,7.85,-2.12,-0.17,371726.0,298062263.48,5.36,8.26,7.83,8.2,8.02,1.46,8.0,681.52,1.51,3649485520.0,3649485520.0,-0.25,-0.13,12.46,17.51
4126,300122,智飞生物,16.18,-2.12,-0.35,160922.0,261906329.52,1.94,16.5,16.18,16.4,16.53,0.93,1.14,-24.08,1.32,38731518106.0,22883475093.0,0.0,-0.06,-18.28,-14.26
4127,600133,东湖高新,9.63,-2.13,-0.21,229321.0,223398299.0,3.05,9.89,9.59,9.79,9.84,0.94,2.15,101.76,1.17,10267889996.0,10267889996.0,0.0,0.1,6.88,6.06
4128,688181,八亿时空,33.95,-2.13,-0.74,29775.0,102354080.0,3.14,34.99,33.9,34.27,34.69,0.64,2.21,58.29,2.12,4565648487.0,4565648487.0,0.03,0.09,2.14,5.04
4129,600546,山煤国际,12.39,-2.13,-0.27,468677.0,587642550.0,4.19,12.85,12.32,12.56,12.66,0.68,2.36,17.61,1.5,24562631575.0,24562631575.0,0.08,0.16,20.64,22.79
4130,300100,双林股份,31.67,-2.13,-0.69,55180.0,176552717.44,2.13,32.35,31.66,32.19,32.36,0.82,1.0,33.77,5.88,18114699710.0,17475063665.0,-0.09,-0.06,-16.83,-20.07
4131,301321,翰博高新,21.58,-2.13,-0.47,38738.0,84865234.9,4.26,22.45,21.51,22.26,22.05,0.68,2.62,-343.4,4.14,4023267300.0,3185645837.0,0.14,0.09,18.9,13.28
4132,300841,康华生物,61.56,-2.13,-1.34,14999.0,93020867.23,2.61,62.9,61.26,62.8,62.9,0.87,1.26,31.73,2.28,7999531102.0,7321286169.0,-0.23,0.02,-22.02,-14.81
4133,002935,天奥电子,19.28,-2.13,-0.42,51589.0,100487693.44,3.05,19.83,19.23,19.8,19.7,0.83,1.24,402.84,5.17,8176696354.0,8002952224.0,0.05,0.0,1.15,-13.74
4134,600761,安徽合力,20.21,-2.13,-0.44,178396.0,363485274.0,2.28,20.6,20.13,20.48,20.65,0.54,2.0,12.04,1.67,18000900700.0,18000900700.0,0.0,0.05,1.46,-3.26
4135,601595,上海电影,25.7,-2.13,-0.56,68551.0,178102318.0,2.86,26.45,25.7,26.1,26.26,1.02,1.53,61.96,6.65,11518740000.0,11518740000.0,-0.04,-0.04,-10.79,-10.23
4136,920395,朗鸿科技,10.98,-2.14,-0.24,6228.0,6900813.67,3.12,11.28,10.93,11.17,11.22,0.96,0.6,40.73,6.99,1675391030.0,1133848866.0,0.18,0.18,-8.12,-3.94
4137,002862,实丰文化,16.89,-2.14,-0.37,36447.0,62253426.8,2.61,17.34,16.89,17.03,17.26,0.45,2.89,-36.2,7.09,2837520000.0,2132327301.0,-0.35,-0.3,-17.17,-13.52
4138,600985,淮北矿业,14.19,-2.14,-0.31,380814.0,548084469.0,3.93,14.67,14.1,14.5,14.5,1.01,1.41,26.78,0.92,38217341081.0,38217341081.0,0.14,-0.28,23.61,27.72
4139,002208,合肥城建,15.54,-2.14,-0.34,491013.0,780566909.61,5.23,16.35,15.52,15.8,15.88,0.92,6.11,-238.51,1.94,12483156033.0,12479931312.0,-0.06,-0.26,29.82,25.53
4140,300877,金春股份,31.11,-2.14,-0.68,35929.0,113879993.39,5.57,32.58,30.81,31.55,31.79,1.0,2.99,37.91,2.24,3733200000.0,3733167335.0,-0.19,0.13,19.01,6.29
4141,300925,法本信息,19.63,-2.14,-0.43,69641.0,137325847.52,2.09,19.98,19.56,19.94,20.06,0.84,1.99,74.29,3.83,8415556590.0,6861590198.0,0.0,0.2,-3.77,-7.58
4142,300248,新开普,11.82,-2.15,-0.26,69328.0,82661826.7,2.07,12.06,11.81,12.06,12.08,0.86,1.69,-1008.98,2.65,5630438005.0,4835716948.0,-0.08,0.0,-4.68,-4.75
4143,600114,东睦股份,30.9,-2.15,-0.68,114283.0,356357294.0,3.17,31.7,30.7,31.4,31.58,0.82,1.85,35.24,6.02,19509749439.0,19046249439.0,-0.29,-0.16,5.89,1.15
4144,000676,智度股份,8.18,-2.15,-0.18,239650.0,197317113.73,1.91,8.31,8.15,8.3,8.36,0.95,1.9,64.79,2.42,10305075779.0,10298853392.0,0.0,0.12,-2.62,-5.21
4145,301041,金百泽,29.08,-2.15,-0.64,45395.0,133741424.28,2.69,29.88,29.08,29.5,29.72,0.72,5.75,330.96,4.65,3102254400.0,2295012182.0,-0.14,-0.14,-1.82,6.91
4146,600699,均胜电子,25.44,-2.15,-0.56,233746.0,599768638.0,2.27,25.97,25.38,25.97,26.0,1.08,1.72,26.41,2.48,39451603123.0,34472564703.0,0.04,0.04,-5.74,-18.88
4147,688039,当虹科技,46.13,-2.16,-1.02,13786.0,64239753.0,2.12,47.12,46.12,47.04,47.15,0.6,1.25,-57.55,4.79,5102043689.0,5102043689.0,-0.19,-0.32,-1.07,3.08
4148,300987,川网传媒,18.08,-2.16,-0.4,39816.0,72918913.35,2.81,18.56,18.04,18.39,18.48,0.83,2.3,271.13,3.95,3134493440.0,3134493440.0,-0.11,-0.28,4.93,7.62
4149,600734,实达集团,4.08,-2.16,-0.09,463472.0,190698892.0,2.64,4.17,4.06,4.14,4.17,0.82,2.13,-76.12,28.64,8887476672.0,8885640672.0,0.0,0.25,-36.94,-11.3
4150,301111,粤万年青,19.89,-2.16,-0.44,45095.0,90000519.0,2.9,20.32,19.73,20.16,20.33,1.13,2.82,-293.6,4.25,3182400000.0,3182400000.0,0.0,-0.05,-16.18,4.52
4151,002271,东方雨虹,16.28,-2.16,-0.36,608966.0,1015949797.67,6.67,17.28,16.17,16.64,16.64,1.43,3.18,36.02,1.87,38888033818.0,31175900822.0,0.49,0.49,26.2,19.79
4152,002990,盛视科技,26.32,-2.16,-0.58,21891.0,58138801.63,2.3,26.9,26.28,26.67,26.9,0.94,1.63,84.31,2.82,6891948272.0,3529390612.0,-0.04,-0.08,-8.16,-7.03
4153,603360,百傲化学,26.23,-2.16,-0.58,67337.0,178616315.0,3.02,26.99,26.18,26.76,26.81,0.89,0.95,111.15,12.3,18524246444.0,18524246444.0,-0.15,0.0,-24.41,-18.59
4154,600850,电科数字,25.76,-2.16,-0.57,83295.0,216180622.0,2.13,26.29,25.73,26.29,26.33,0.79,1.22,51.57,3.6,17521919568.0,17521919568.0,-0.04,0.0,0.12,-13.09
4155,301226,祥明智能,34.94,-2.16,-0.77,50822.0,178940326.92,4.48,36.22,34.62,35.44,35.71,0.7,4.67,145.6,4.17,3801472000.0,3801472000.0,0.06,-0.03,18.64,2.67
4156,001316,润贝航科,48.11,-2.16,-1.06,14083.0,68411755.6,2.77,49.37,48.01,49.16,49.17,0.44,1.27,35.23,4.43,5538202856.0,5354240560.0,-0.15,0.02,31.2,21.86
4157,920876,慧为智能,28.05,-2.16,-0.62,22941.0,64893676.74,4.71,29.1,27.75,28.24,28.67,0.44,5.95,272.6,7.01,1800267485.0,1081771784.0,-0.04,0.04,10.39,10.78
4158,600685,中船防务,33.55,-2.16,-0.74,129859.0,438333308.0,2.74,34.29,33.35,34.01,34.29,0.71,1.58,54.29,2.64,47423138982.0,27559150323.0,0.0,0.18,11.54,17.93
4159,601801,皖新传媒,6.79,-2.16,-0.15,224051.0,153835608.0,2.88,6.96,6.76,6.91,6.94,1.36,1.14,10.43,1.09,13294353099.0,13294353099.0,0.3,0.3,4.78,4.78
4160,000027,深圳能源,7.26,-2.16,-0.16,548400.0,401412826.72,2.83,7.44,7.23,7.42,7.42,0.99,1.15,13.19,1.05,34538650790.0,34538650790.0,0.14,0.0,11.01,11.35
4161,600637,东方明珠,10.4,-2.16,-0.23,399921.0,420847651.0,2.54,10.65,10.38,10.56,10.63,1.07,1.19,48.41,1.17,34963758097.0,34963758097.0,0.0,-0.1,4.21,5.58
4162,920438,戈碧迦,40.03,-2.17,-0.89,19827.0,81172689.79,5.06,42.1,40.03,40.94,40.92,0.62,1.42,205.31,5.79,5823364250.0,5579943822.0,-1.04,-0.6,2.35,-0.3
4163,002153,石基信息,10.84,-2.17,-0.24,186147.0,203369541.2,2.53,11.08,10.8,11.04,11.08,0.84,1.16,1048.61,4.25,29584461236.0,17341439635.0,0.0,0.0,-0.09,0.09
4164,002518,科士达,53.69,-2.17,-1.19,78599.0,427589662.36,3.94,55.48,53.32,54.13,54.88,0.64,1.39,52.59,6.72,31259665297.0,30342388828.0,0.06,0.07,12.56,10.66
4165,603082,北自科技,37.49,-2.17,-0.83,16711.0,63328305.0,2.64,38.38,37.37,38.22,38.32,0.72,4.12,38.79,3.82,6081910587.0,1520478181.0,0.11,0.16,3.11,1.6
4166,603382,海阳科技,30.26,-2.17,-0.67,17489.0,53129357.0,1.42,30.68,30.24,30.54,30.93,1.33,4.82,44.19,3.16,5484666396.0,1096934683.0,-0.16,-0.16,-2.7,-6.14
4167,603458,勘设股份,10.39,-2.17,-0.23,109287.0,114502303.0,4.9,10.77,10.25,10.67,10.62,1.03,3.57,-18.07,1.11,3180633700.0,3180633700.0,0.39,1.07,25.94,3.69
4168,601519,大智慧,11.23,-2.18,-0.25,228292.0,257530473.0,2.09,11.41,11.17,11.4,11.48,0.94,1.15,-566.72,16.47,22338266800.0,22338266800.0,-0.18,-0.27,-14.47,-12.74
4169,920932,科达自控,17.03,-2.18,-0.38,11604.0,19924966.4,2.3,17.4,17.0,17.34,17.41,1.11,1.34,-30.64,2.82,1794116461.0,1478427876.0,0.0,0.12,-13.6,-20.94
4170,920634,新威凌,23.73,-2.18,-0.53,9454.0,22791931.96,3.83,24.6,23.67,24.18,24.26,0.89,2.34,88.04,5.24,1516555017.0,960079327.0,-0.25,0.04,0.42,-2.06
4171,600863,华能蒙电,5.37,-2.19,-0.12,782410.0,421104253.0,2.73,5.49,5.34,5.49,5.49,0.93,1.2,14.29,2.02,42074967937.0,35049387545.0,0.37,0.19,14.26,19.87
4172,002123,梦网科技,10.7,-2.19,-0.24,147388.0,158737710.61,2.56,10.95,10.67,10.95,10.94,0.96,2.05,-110.93,4.99,8618011013.0,7704746518.0,-0.09,0.09,-5.14,-12.01
4173,688456,有研粉材,58.88,-2.19,-1.32,15322.0,91072963.0,2.56,60.3,58.76,59.75,60.2,0.45,1.48,86.07,4.81,6103500800.0,6103500800.0,-0.08,-0.03,20.53,-24.22
4174,600491,龙元建设,3.12,-2.19,-0.07,235370.0,74250224.0,3.45,3.21,3.1,3.19,3.19,0.88,1.54,-13.96,0.49,4772844820.0,4772844820.0,0.32,0.32,5.41,18.18
4175,920476,海能技术,22.3,-2.19,-0.5,10075.0,22612270.64,3.9,23.0,22.11,23.0,22.8,0.99,1.25,45.1,3.98,1899509540.0,1796281569.0,0.41,0.27,9.31,7.83
4176,688222,成都先导,25.78,-2.2,-0.58,83614.0,216799278.0,3.0,26.49,25.7,26.29,26.36,0.87,2.09,90.6,6.93,10329530400.0,10329530400.0,-0.42,-0.15,7.78,9.94
4177,002797,第一创业,7.54,-2.2,-0.17,1909383.0,1459172048.0,4.41,7.85,7.51,7.66,7.71,0.91,4.54,30.84,1.86,31686096000.0,31686096000.0,0.0,0.13,9.75,9.75
4178,002401,中远海科,15.56,-2.2,-0.35,41810.0,65562758.75,2.51,15.92,15.52,15.82,15.91,0.9,1.13,326.84,3.54,5783160926.0,5778422906.0,0.0,0.0,-2.45,-2.32
4179,002996,顺博合金,8.01,-2.2,-0.18,181485.0,148036586.15,3.66,8.3,8.0,8.15,8.19,1.0,4.47,16.41,1.67,5362189056.0,3250200438.0,-0.12,0.0,9.58,5.95
4180,300842,帝科股份,97.7,-2.2,-2.2,63595.0,628742898.21,3.79,100.81,97.02,99.0,99.9,0.9,4.91,361.39,7.77,14193830891.0,12666066388.0,-0.31,0.13,59.12,64.84
4181,000617,中油资本,8.88,-2.2,-0.2,860643.0,767710459.36,2.2,9.06,8.86,9.02,9.08,0.92,0.68,21.07,1.07,112261662222.0,112261662222.0,0.0,0.11,-1.44,-7.02
4182,301622,英思特,65.83,-2.21,-1.49,19394.0,128613327.94,2.17,67.16,65.7,67.16,67.32,1.02,3.09,46.71,4.89,7631795660.0,4135425920.0,0.0,-0.06,1.84,2.22
4183,600984,建设机械,4.42,-2.21,-0.1,734069.0,340390537.0,10.4,4.87,4.4,4.57,4.52,2.09,5.84,-2.64,1.75,5556134149.0,5556134149.0,0.0,0.0,-3.49,8.07
4184,603602,纵横通信,13.74,-2.21,-0.31,38004.0,52735653.0,2.49,14.05,13.7,14.01,14.05,0.91,1.64,77.83,2.96,3174729968.0,3174729968.0,-0.07,0.15,-7.79,-5.63
4185,688235,百济神州-U,228.68,-2.21,-5.16,30998.0,709724202.0,2.06,231.82,227.0,231.31,233.84,1.04,2.69,247.85,10.77,352491721617.0,26310836857.0,0.14,0.15,-17.6,-14.86
4186,920169,七丰精工,32.33,-2.21,-0.73,17983.0,58699403.36,3.72,33.29,32.06,32.92,33.06,0.83,3.54,86.61,7.75,2612266910.0,1642467553.0,-0.12,-0.22,7.77,3.13
4187,300626,华瑞股份,19.46,-2.21,-0.44,44751.0,87731354.0,3.47,20.0,19.31,19.79,19.9,0.68,2.49,192.37,6.62,3502800000.0,3500883677.0,-0.05,0.21,44.36,22.31
4188,000831,中国稀土,53.02,-2.21,-1.2,257999.0,1383945484.7,3.23,54.63,52.88,53.96,54.22,0.68,2.43,219.58,11.64,56265927187.0,56265927187.0,-0.04,0.0,13.29,14.17
4189,000997,新 大 陆,22.51,-2.22,-0.51,133729.0,302536265.8,2.26,22.97,22.45,22.97,23.02,1.18,1.33,18.63,3.17,22804834067.0,22677460466.0,-0.04,-0.13,-11.97,-20.52
4190,002181,粤 传 媒,10.56,-2.22,-0.24,535101.0,579743663.55,5.46,11.1,10.51,10.78,10.8,1.18,4.72,79.08,2.88,12260774317.0,11980711818.0,-0.19,-0.28,15.54,22.51
4191,920475,三友科技,14.5,-2.23,-0.33,5546.0,8161163.77,3.44,14.96,14.45,14.85,14.83,0.81,0.99,-128.97,4.19,1465370000.0,814877177.0,-0.07,-0.07,-8.86,-15.7
4192,002163,海南发展,13.6,-2.23,-0.31,266971.0,367898418.8,2.95,13.98,13.57,13.87,13.91,1.09,3.32,-23.62,16.32,11491426991.0,10928264700.0,0.0,-0.07,-13.38,-42.95
4193,300596,利安隆,47.3,-2.23,-1.08,59369.0,286131142.24,4.18,49.3,47.28,47.86,48.38,0.62,2.66,20.77,2.28,10861010249.0,10550018614.0,0.0,0.04,14.69,12.06
4194,600596,新安股份,13.13,-2.23,-0.3,284384.0,380333354.0,4.24,13.65,13.08,13.43,13.43,0.88,2.11,186.2,1.42,17720209253.0,17720209253.0,0.0,0.08,16.5,14.47
4195,688362,甬矽电子,39.11,-2.23,-0.89,75331.0,297000552.0,3.6,40.38,38.94,39.46,40.0,0.63,1.84,195.21,6.07,16053991303.0,16053991303.0,0.03,0.18,21.8,20.67
4196,300832,新产业,52.47,-2.24,-1.2,34019.0,181028229.4,3.34,54.2,52.41,53.78,53.67,0.76,0.5,25.66,4.71,41226664649.0,35843425140.0,-0.06,-0.13,-11.52,-6.72
4197,000948,南天信息,16.16,-2.24,-0.37,44624.0,72561631.91,2.66,16.52,16.08,16.52,16.53,1.1,1.15,-433.54,2.35,6300602588.0,6288313183.0,0.25,0.25,-5.77,-9.97
4198,300996,普联软件,17.05,-2.24,-0.39,54397.0,93522310.8,2.92,17.51,17.0,17.44,17.44,0.98,2.32,2439.36,3.83,4821331618.0,4003055350.0,-0.35,0.0,-0.76,3.08
4199,600098,广州发展,7.87,-2.24,-0.18,533330.0,423292264.0,3.98,8.13,7.81,8.05,8.05,1.3,1.52,9.59,1.0,27591157400.0,27591157400.0,-0.51,-0.25,17.81,20.34
4200,920981,晶赛科技,30.06,-2.24,-0.69,5997.0,18316393.34,3.19,31.04,30.06,30.59,30.75,0.65,1.61,237.36,4.52,2298628080.0,1121527117.0,-0.43,-0.2,-5.5,-5.94
4201,600506,统一股份,22.56,-2.25,-0.52,76420.0,174421083.0,3.51,23.29,22.48,23.25,23.08,0.73,3.98,66.03,9.03,4331947151.0,4331947151.0,-0.04,0.09,-8.14,-13.93
4202,300818,耐普矿机,40.37,-2.25,-0.93,19061.0,78117764.72,3.8,41.87,40.3,41.2,41.3,0.83,1.74,81.76,3.76,6813350023.0,4419804972.0,-0.22,-0.25,13.72,6.6
4203,688522,纳睿雷达,36.85,-2.25,-0.85,30024.0,112131013.0,2.55,37.78,36.82,37.7,37.7,1.08,2.44,102.94,4.84,11165388081.0,4536124671.0,0.0,-0.14,-5.39,-7.71
4204,301128,强瑞技术,106.2,-2.25,-2.45,35164.0,371234572.56,4.0,108.0,103.65,107.95,108.65,0.74,3.99,71.07,12.35,10985462874.0,9370170007.0,0.19,0.07,21.61,5.24
4205,688375,国博电子,111.99,-2.25,-2.58,38824.0,438897210.0,3.02,114.99,111.53,113.88,114.57,0.88,0.65,131.52,10.32,66747708651.0,66747708651.0,0.0,0.1,62.16,20.28
4206,000733,振华科技,49.88,-2.25,-1.15,120215.0,604116347.29,2.1,50.81,49.74,50.81,51.03,0.83,2.17,33.27,1.81,27641971218.0,27638245182.0,-0.04,0.04,2.97,-4.83
4207,301369,联动科技,135.2,-2.25,-3.11,6255.0,85501242.4,3.36,139.66,135.01,136.15,138.31,0.56,1.72,494.98,6.35,9541793810.0,4916331410.0,-0.1,-0.08,18.61,0.97
4208,000668,*ST荣控,13.46,-2.25,-0.31,19852.0,26986317.0,3.7,13.9,13.39,13.77,13.77,1.37,1.35,-54.09,2.8,1976491839.0,1976491839.0,0.0,0.22,21.26,37.07
4209,300222,科大智能,12.61,-2.25,-0.29,259283.0,329096100.91,2.79,12.88,12.52,12.79,12.9,0.48,4.09,102.82,5.72,9814126361.0,7992262248.0,0.08,-0.08,13.91,15.27
4210,300271,华宇软件,7.38,-2.25,-0.17,137426.0,102336765.81,2.52,7.54,7.35,7.54,7.55,0.71,1.72,-32.62,1.64,5991531767.0,5883649680.0,0.0,0.0,-4.4,1.65
4211,688448,磁谷科技,60.08,-2.25,-1.38,13386.0,81259445.0,4.08,61.5,58.99,61.46,61.46,1.04,2.79,431.15,4.25,4304870184.0,2882175784.0,0.25,0.28,34.38,23.95
4212,688367,工大高科,35.12,-2.25,-0.81,14082.0,50052269.0,3.34,36.2,35.0,36.01,35.93,0.78,1.61,305.23,5.17,3077375952.0,3077375952.0,-0.14,0.09,14.4,13.44
4213,920505,九菱科技,44.29,-2.25,-1.02,9385.0,42478954.47,4.97,46.24,43.99,45.36,45.31,1.05,2.6,162.97,8.53,2872991762.0,1598567429.0,-0.47,-0.45,-1.99,2.1
4214,002717,ST岭南,1.74,-2.25,-0.04,603890.0,105334337.96,2.25,1.77,1.73,1.77,1.78,0.92,3.74,-11.52,3.69,3167206391.0,2810448122.0,0.0,0.0,3.57,7.41
4215,300790,宇瞳光学,26.47,-2.25,-0.61,86512.0,231271450.44,2.88,27.19,26.41,26.95,27.08,0.58,2.66,39.52,3.82,9902929427.0,8592784389.0,0.0,-0.08,-10.33,-11.5
4216,603786,科博达,59.81,-2.26,-1.38,30329.0,183151470.0,2.78,61.35,59.65,61.0,61.19,1.45,0.75,28.03,4.43,24154669227.0,24154669227.0,-0.18,-0.08,-17.87,-23.42
4217,300290,荣科科技,15.57,-2.26,-0.36,140829.0,220961994.5,2.45,15.92,15.53,15.86,15.93,0.98,2.2,-235.74,12.83,9960636099.0,9957675853.0,-0.06,0.0,-51.36,-43.44
4218,300183,东软载波,16.03,-2.26,-0.37,49787.0,80636348.8,2.62,16.42,15.99,16.36,16.4,0.66,1.22,-509.18,2.4,7415624466.0,6516789905.0,0.06,0.06,6.51,8.09
4219,920405,海希通讯,24.24,-2.26,-0.56,20261.0,49676372.4,3.87,25.02,24.06,24.56,24.8,0.83,1.84,57.77,4.18,3399902400.0,2668345405.0,-1.26,-0.9,-19.33,-5.24
4220,601727,上海电气,9.03,-2.27,-0.21,2087901.0,1900972215.0,2.27,9.22,9.01,9.2,9.24,0.49,1.66,98.79,2.6,140327298373.0,113919225913.0,0.0,0.0,6.24,4.88
4221,688458,美芯晟,37.94,-2.27,-0.88,15291.0,58610701.0,3.4,39.12,37.8,38.52,38.82,0.98,1.8,-294.45,2.21,4231699704.0,3227500446.0,-0.11,0.18,-3.34,-4.29
4222,002896,中大力德,76.91,-2.27,-1.79,26715.0,206500548.18,2.19,78.4,76.68,78.0,78.7,0.6,1.36,198.15,12.65,15114558550.0,15114558550.0,-0.01,0.04,-8.93,-13.93
4223,600063,皖维高新,7.74,-2.27,-0.18,1755933.0,1394468249.0,5.68,8.15,7.7,7.83,7.92,1.77,8.49,31.61,1.87,16014883915.0,16014883915.0,0.13,0.0,30.74,31.41
4224,688584,上海合晶,21.11,-2.27,-0.49,79837.0,168814582.0,4.35,21.6,20.66,21.58,21.6,2.34,2.33,112.07,3.4,14047825832.0,7228828815.0,0.81,1.25,-3.3,-3.78
4225,300111,向日葵,4.3,-2.27,-0.1,297685.0,129423710.0,2.5,4.41,4.3,4.39,4.4,0.82,2.31,3178.2,8.05,5535006070.0,5535006070.0,-0.23,-0.23,-40.44,-29.85
4226,300473,德尔股份,36.2,-2.27,-0.84,63736.0,235385423.0,4.86,37.8,36.0,36.85,37.04,0.9,4.23,59.17,3.21,6250378265.0,5449004566.0,-0.08,-0.14,32.36,21.56
4227,001212,中旗新材,54.24,-2.27,-1.26,45912.0,251615456.85,2.99,55.66,54.0,55.08,55.5,0.56,2.64,2209.36,5.92,10900050006.0,9429554790.0,-0.04,0.13,20.35,6.98
4228,603703,盛洋科技,13.33,-2.27,-0.31,96501.0,130426153.0,3.52,13.74,13.26,13.6,13.64,1.14,2.33,581.49,6.69,5531711660.0,5531711660.0,0.0,0.0,7.07,-8.57
4229,600973,宝胜股份,7.33,-2.27,-0.17,317084.0,234481607.0,2.53,7.5,7.31,7.46,7.5,0.66,2.31,-229.04,2.75,10052114598.0,10052114598.0,0.0,-0.14,12.42,0.41
4230,605599,菜百股份,24.04,-2.28,-0.56,43025.0,105159925.0,3.66,24.9,24.0,24.61,24.6,0.9,0.55,21.68,4.49,18697778312.0,18697778312.0,0.12,-0.08,60.27,46.85
4231,300508,维宏股份,40.8,-2.28,-0.95,22061.0,91268226.6,4.48,42.5,40.63,41.49,41.75,0.75,2.69,44.58,5.25,4440930264.0,3345333086.0,0.02,0.2,14.13,10.57
4232,920690,捷众科技,27.92,-2.28,-0.65,5988.0,17003882.9,4.59,28.94,27.63,28.57,28.57,1.0,1.39,25.15,3.06,1851096000.0,1203326314.0,-0.07,0.07,-8.13,-16.23
4233,603109,神驰机电,24.85,-2.28,-0.58,19752.0,49537145.0,2.01,25.35,24.84,25.25,25.43,0.86,0.95,23.08,2.61,5189881746.0,5189881746.0,0.0,-0.04,-7.72,-3.64
4234,301383,天键股份,30.89,-2.28,-0.72,20630.0,64212321.2,2.66,31.66,30.82,31.66,31.61,1.28,2.92,-401.09,2.51,5046289248.0,2181274183.0,0.13,0.06,-17.3,-13.33
4235,600150,中国船舶,35.18,-2.28,-0.82,790381.0,2809487048.0,2.5,35.98,35.08,35.89,36.0,0.86,1.05,33.93,1.88,264751356912.0,264751356912.0,0.03,0.09,1.79,5.77
4236,601065,江盐集团,9.02,-2.28,-0.21,220487.0,200303279.0,2.17,9.2,9.0,9.12,9.23,1.11,5.3,22.21,1.31,5797840233.0,3754629833.0,-0.11,0.11,7.0,8.67
4237,920533,骏创科技,25.2,-2.29,-0.59,12263.0,31287035.98,2.83,25.89,25.16,25.65,25.79,0.73,1.68,93.72,8.97,3295084666.0,1843055752.0,-0.12,-0.2,-7.59,-20.58
4238,603950,长源东谷,44.78,-2.29,-1.05,95188.0,431309000.0,4.34,46.5,44.51,45.83,45.83,0.67,2.94,39.73,5.01,14514577224.0,14491112504.0,0.25,0.27,44.17,54.68
4239,300053,航宇微,17.52,-2.29,-0.41,204541.0,362275257.14,3.07,18.02,17.47,17.81,17.93,0.76,3.14,-126.31,7.18,12209238139.0,11402347619.0,-0.11,0.0,3.67,-7.89
4240,301511,德福科技,39.28,-2.29,-0.92,320860.0,1270386687.96,4.9,40.69,38.72,40.17,40.2,0.72,8.56,278.84,6.09,24759048160.0,14715507683.0,0.18,0.2,13.07,9.75
4241,603171,税友股份,54.13,-2.29,-1.27,34704.0,189636215.0,2.83,55.57,54.0,55.26,55.4,0.67,0.86,149.38,8.71,21995454850.0,21970825700.0,0.0,0.06,5.62,-1.81
4242,002496,*ST辉丰,2.13,-2.29,-0.05,524556.0,112396443.46,3.67,2.18,2.1,2.17,2.18,0.89,4.72,-746.21,2.42,3211166012.0,2369523337.0,0.0,0.47,23.12,15.76
4243,002938,鹏鼎控股,51.13,-2.29,-1.2,359019.0,1826381841.4,4.49,52.33,49.98,50.84,52.33,1.63,1.55,31.71,3.47,118521948448.0,118078812356.0,-0.06,-0.04,-3.16,1.09
4244,002609,捷顺科技,8.96,-2.29,-0.21,96851.0,87612912.92,2.4,9.15,8.93,9.15,9.17,1.2,2.11,60.4,2.4,5765212015.0,4116225711.0,0.11,0.11,-1.1,-3.55
4245,688266,泽璟制药-U,78.95,-2.29,-1.85,20264.0,160679597.0,2.75,80.8,78.58,80.8,80.8,0.62,0.77,-130.05,19.3,20898711285.0,20898711285.0,0.14,0.15,-26.82,-14.83
4246,001330,博纳影业,7.26,-2.29,-0.17,699494.0,512604337.0,3.1,7.44,7.21,7.39,7.43,0.87,5.09,-6.75,2.38,9979007824.0,9979007824.0,-0.14,0.14,-31.83,-4.47
4247,000680,山推股份,11.95,-2.29,-0.28,292992.0,356775213.89,4.42,12.46,11.92,12.2,12.23,1.6,2.23,16.04,3.07,17926704213.0,15710686558.0,0.0,-0.25,11.58,-0.17
4248,300792,壹网壹创,37.15,-2.29,-0.87,48914.0,183540755.0,3.1,38.14,36.96,37.93,38.02,0.74,2.3,67.05,3.01,8802422420.0,7895625952.0,0.03,0.24,30.76,31.23
4249,601139,深圳燃气,7.65,-2.3,-0.18,689669.0,535872186.0,3.7,7.91,7.62,7.71,7.83,0.89,2.4,15.64,1.33,22007079567.0,22007079567.0,0.26,-0.26,16.79,15.91
4250,002871,伟隆股份,19.02,-2.31,-0.45,32540.0,62550557.23,2.77,19.53,18.99,19.49,19.47,1.05,2.18,34.95,4.32,4790260132.0,2841502943.0,-0.52,-0.31,22.0,5.67
4251,920703,广厦环能,14.83,-2.31,-0.35,12438.0,18735241.47,3.03,15.26,14.8,15.07,15.18,0.61,1.63,24.67,1.98,2235236920.0,1131012130.0,-0.07,-0.47,4.36,2.91
4252,601900,南方传媒,13.97,-2.31,-0.33,102599.0,144751477.0,2.73,14.34,13.95,14.3,14.3,1.47,1.16,10.86,1.43,12321122213.0,12321122213.0,-0.07,0.07,3.25,4.18
4253,688328,深科达,44.49,-2.31,-1.05,92835.0,424170879.0,6.85,47.0,43.88,44.0,45.54,0.84,9.83,167.96,5.06,4202360565.0,4202360565.0,-0.49,-0.47,70.39,52.47
4254,002611,东方精工,16.92,-2.31,-0.4,214946.0,365521580.21,1.96,17.22,16.88,17.18,17.32,0.85,2.14,30.27,3.77,20596484873.0,16957185202.0,0.0,-0.06,-6.42,-11.97
4255,688291,金橙子,41.5,-2.31,-0.98,14538.0,60959147.0,3.65,42.85,41.3,42.36,42.48,0.67,1.42,114.34,4.38,4260668050.0,4260668050.0,0.0,-0.1,20.12,-2.86
4256,688032,禾迈股份,119.97,-2.31,-2.84,41241.0,500484203.0,4.23,123.98,118.78,122.79,122.81,1.12,3.32,-92.81,2.57,14885103194.0,14885103194.0,0.16,0.2,23.72,19.03
4257,603320,迪贝电气,23.14,-2.32,-0.55,35288.0,82901293.0,4.52,24.1,23.03,23.42,23.69,0.91,2.37,39.82,2.96,3451243137.0,3451243137.0,0.39,0.09,22.18,21.41
4258,300614,百川畅银,15.13,-2.32,-0.36,47473.0,72522457.06,3.36,15.57,15.05,15.49,15.49,0.58,2.96,-23.85,2.29,2427467473.0,2427467473.0,-0.07,-0.13,10.68,19.32
4259,300667,必创科技,17.27,-2.32,-0.41,53209.0,93352240.0,3.73,17.9,17.24,17.51,17.68,1.0,3.08,-221.36,3.12,3534064394.0,2981328286.0,-0.06,-0.17,1.71,-2.32
4260,688646,ST逸飞,51.77,-2.32,-1.23,12508.0,65870504.0,4.96,54.23,51.6,52.85,53.0,0.89,2.16,-97.79,3.22,4874798216.0,3001882829.0,0.14,0.17,39.39,45.05
4261,688355,明志科技,21.87,-2.32,-0.52,20061.0,44266536.0,2.9,22.42,21.77,22.38,22.39,0.57,1.62,33.99,2.46,2710919295.0,2710919295.0,0.37,0.32,22.04,22.87
4262,600353,旭光电子,16.0,-2.32,-0.38,224375.0,363814354.0,3.3,16.49,15.95,16.38,16.38,0.74,2.71,98.53,7.1,13279619824.0,13260978544.0,-0.12,0.0,2.37,-0.74
4263,600839,四川长虹,9.68,-2.32,-0.23,904904.0,881474407.0,2.02,9.86,9.66,9.83,9.91,0.67,1.96,33.25,2.89,44685244069.0,44672799548.0,0.0,0.0,4.54,6.37
4264,601018,宁波港,4.21,-2.32,-0.1,540479.0,228780642.0,2.32,4.3,4.2,4.29,4.31,0.96,0.28,15.85,1.01,81902975160.0,81902975160.0,0.0,0.0,14.09,15.98
4265,688512,慧智微-U,12.18,-2.33,-0.29,108993.0,134282574.0,4.25,12.65,12.12,12.3,12.47,0.69,3.36,-25.09,3.46,5686154415.0,3953266205.0,-0.33,-0.25,10.43,9.14
4266,603577,汇金通,11.31,-2.33,-0.27,117655.0,134242256.0,3.02,11.61,11.26,11.58,11.58,0.74,3.47,34.96,1.98,3835663221.0,3835663221.0,0.18,0.09,11.98,7.51
4267,600938,中国海油,42.0,-2.33,-1.0,1199884.0,5101635671.0,5.26,43.66,41.4,43.5,43.0,0.78,4.01,14.68,2.54,1996258067328.0,125580000000.0,0.0,0.02,48.83,39.17
4268,002865,钧达股份,82.89,-2.34,-1.99,102311.0,863570394.04,4.15,86.28,82.76,84.55,84.88,0.49,4.55,-46.2,5.21,25800843050.0,18639125499.0,0.0,0.07,125.98,51.79
4269,920662,方盛股份,27.12,-2.34,-0.65,14599.0,39859299.24,3.35,27.88,26.95,27.7,27.77,0.68,5.41,121.95,5.18,2374356054.0,732404944.0,-0.29,-0.07,2.34,-6.55
4270,002670,国盛证券,15.41,-2.34,-0.37,236943.0,366679070.0,2.72,15.74,15.31,15.74,15.78,0.85,1.46,92.4,2.64,29819654503.0,25015833270.0,0.06,0.26,-11.74,-8.49
4271,301458,钧崴电子,36.38,-2.34,-0.87,35268.0,129536106.45,2.34,37.17,36.3,37.0,37.25,0.74,3.0,63.73,5.87,9701334546.0,4273994687.0,0.08,0.0,8.53,13.37
4272,002617,露笑科技,8.78,-2.34,-0.21,899190.0,801174348.26,3.34,9.05,8.75,8.95,8.99,1.0,4.75,51.44,2.64,16883991828.0,16606964030.0,0.0,0.0,9.48,8.4
4273,688066,航天宏图,22.13,-2.34,-0.53,91146.0,203295111.0,3.09,22.79,22.09,22.79,22.66,0.77,3.49,-4.95,-17.43,5782077072.0,5782077072.0,-0.27,-0.23,-22.27,-32.03
4274,002278,神开股份,12.5,-2.34,-0.3,206393.0,261906087.64,3.52,12.93,12.48,12.8,12.8,0.57,6.18,96.8,3.87,4875473925.0,4174958263.0,0.0,0.0,6.38,-1.57
4275,301013,利和兴,23.38,-2.34,-0.56,62955.0,149057428.1,3.13,24.06,23.31,23.75,23.94,0.67,3.33,-62.21,7.12,5464912649.0,4424469496.0,0.0,0.0,-15.53,-16.53
4276,002094,青岛金王,7.1,-2.34,-0.17,272543.0,195178045.18,2.2,7.24,7.08,7.24,7.27,1.36,3.95,54.4,3.17,4905372598.0,4902220198.0,0.0,0.0,0.0,-7.19
4277,002048,宁波华翔,29.2,-2.34,-0.7,140278.0,416833363.73,4.65,30.55,29.16,29.6,29.9,0.84,1.98,200.88,2.11,23763927162.0,20725991136.0,-0.1,0.0,2.1,-7.18
4278,301314,科瑞思,48.32,-2.34,-1.16,13900.0,67928612.28,3.19,49.88,48.3,49.22,49.48,0.91,8.55,191.99,2.55,2669680000.0,785200000.0,-0.04,-0.17,3.38,14.99
4279,600160,巨化股份,38.72,-2.35,-0.93,238063.0,936999640.0,3.86,40.1,38.57,39.45,39.65,0.91,0.88,24.14,5.12,104534168256.0,104534168256.0,-0.03,0.05,7.26,1.26
4280,605066,天正电气,8.73,-2.35,-0.21,199452.0,175672234.0,2.46,8.93,8.71,8.9,8.94,0.68,3.97,31.42,2.47,4406468591.0,4386241181.0,-0.11,0.0,17.02,19.59
4281,600206,有研新材,22.07,-2.35,-0.53,227053.0,506223130.0,2.88,22.68,22.03,22.42,22.6,0.71,2.68,57.11,4.41,18683432037.0,18683432037.0,-0.05,-0.05,9.75,8.56
4282,603120,肯特催化,43.59,-2.35,-1.05,18049.0,79549013.0,2.84,44.82,43.55,44.64,44.64,0.91,7.99,58.69,3.35,3940536000.0,985134000.0,0.0,0.0,13.19,13.22
4283,688233,神工股份,76.17,-2.35,-1.83,39940.0,309062147.0,3.72,78.98,76.08,77.0,78.0,0.87,2.35,127.86,6.87,12972187911.0,12972187911.0,0.05,-0.04,16.18,8.77
4284,920092,汉鑫科技,34.3,-2.36,-0.83,9339.0,32233074.67,3.93,35.4,34.02,34.92,35.13,0.43,2.83,-54.71,6.03,2129333710.0,1130301174.0,0.2,0.32,13.95,-8.39
4285,002729,好利科技,19.41,-2.36,-0.47,97033.0,189899540.84,2.92,19.95,19.37,19.9,19.88,0.67,5.53,68.31,6.41,3551446147.0,3405750631.0,0.0,0.0,11.81,21.24
4286,688191,智洋创新,50.95,-2.36,-1.23,40221.0,206422753.0,3.35,52.45,50.7,52.0,52.18,0.59,1.74,183.84,13.55,11802586352.0,11802586352.0,0.49,0.12,48.76,58.33
4287,002851,麦格米特,117.64,-2.37,-2.86,112692.0,1326812223.83,3.61,119.85,115.5,118.5,120.5,0.64,2.46,241.3,10.33,68407120268.0,53874375696.0,-0.02,0.06,49.82,30.61
4288,688472,阿特斯,15.67,-2.37,-0.38,920083.0,1459944776.0,3.43,16.14,15.59,16.0,16.05,1.05,6.83,55.9,2.4,57088005555.0,21117744307.0,0.32,0.26,-3.63,5.1
4289,601949,中国出版,6.58,-2.37,-0.16,120628.0,80283161.0,2.82,6.76,6.57,6.69,6.74,0.85,0.63,39.45,1.3,12528109795.0,12528109795.0,-0.15,-0.15,-0.6,2.02
4290,000932,华菱钢铁,6.17,-2.37,-0.15,736629.0,463440095.5,4.11,6.41,6.15,6.31,6.32,1.14,1.07,12.63,0.77,42280598517.0,42280598517.0,0.0,-0.16,15.98,9.79
4291,603297,永新光学,115.88,-2.37,-2.81,10200.0,119655805.0,3.19,119.49,115.7,117.39,118.69,0.7,0.92,63.83,6.43,12855344796.0,12831288108.0,0.0,-0.03,15.98,10.05
4292,000581,威孚高科,23.84,-2.38,-0.58,146945.0,354122727.97,2.91,24.47,23.76,24.4,24.42,0.52,1.85,15.0,1.15,23048170921.0,18925790448.0,0.0,0.0,18.43,15.62
4293,300933,中辰股份,9.04,-2.38,-0.22,175351.0,159486246.49,3.46,9.3,8.98,9.21,9.26,0.6,3.21,119.81,2.34,4945697704.0,4945697704.0,0.11,0.33,6.6,9.05
4294,002476,宝莫股份,6.16,-2.38,-0.15,162344.0,101250933.0,4.12,6.38,6.12,6.3,6.31,0.71,2.65,74.67,3.93,3769920000.0,3769472322.0,0.33,0.0,2.16,-14.92
4295,600120,浙江东方,6.16,-2.38,-0.15,651283.0,403723799.0,2.38,6.29,6.14,6.29,6.31,1.36,1.91,19.73,1.28,21038749991.0,21038749991.0,-0.16,0.0,0.16,0.33
4296,688513,苑东生物,57.4,-2.38,-1.4,12030.0,69328080.0,3.45,58.8,56.77,58.8,58.8,0.59,0.68,35.77,3.46,10132951494.0,10132951494.0,0.17,-0.02,3.65,-6.74
4297,688313,仕佳光子,81.54,-2.38,-1.99,222669.0,1831573779.0,3.38,83.62,80.8,81.96,83.53,0.71,4.93,107.88,24.27,36854965185.0,36854965185.0,0.01,0.34,-13.35,-8.15
4298,300368,汇金股份,11.87,-2.38,-0.29,125004.0,149763400.0,3.04,12.19,11.82,12.15,12.16,0.9,2.36,-91.21,33.7,6278559048.0,6278559048.0,-0.08,-0.17,-22.77,-21.7
4299,603959,百利科技,6.12,-2.39,-0.15,138140.0,85714608.0,3.03,6.29,6.1,6.27,6.27,0.6,2.82,-19.5,126.32,3000629831.0,3000629831.0,0.0,0.16,1.16,6.62
4300,300291,百纳千成,7.34,-2.39,-0.18,156360.0,115966359.68,2.66,7.52,7.32,7.48,7.52,1.13,1.68,-76.77,2.26,6913470038.0,6831768447.0,0.0,-0.14,30.6,-2.0
4301,300384,三联虹普,18.41,-2.39,-0.45,83889.0,156814556.17,3.71,18.99,18.29,18.68,18.86,1.22,3.81,21.75,2.12,5872923749.0,4054483436.0,0.11,0.16,14.7,13.29
4302,000977,浪潮信息,61.79,-2.39,-1.51,526600.0,3254889551.19,4.3,63.51,60.79,62.05,63.3,1.06,3.59,45.92,4.32,90737172512.0,90635537169.0,-0.02,-0.03,-4.02,-7.22
4303,920374,云里物里,22.45,-2.39,-0.55,5892.0,13361581.59,3.61,23.04,22.21,23.0,23.0,0.57,1.73,117.48,6.84,1830079100.0,765849220.0,0.9,0.85,-5.67,-7.54
4304,603228,景旺电子,62.14,-2.39,-1.52,268062.0,1670971434.0,3.86,63.88,61.42,62.89,63.66,0.95,2.75,48.41,4.79,61196248315.0,60633158005.0,-0.05,-0.06,-12.64,-14.98
4305,300479,神思电子,20.39,-2.39,-0.5,55499.0,113737804.54,2.63,20.87,20.32,20.8,20.89,1.02,2.82,-28.52,9.13,4017663237.0,4015369362.0,0.1,0.2,7.2,6.64
4306,001322,箭牌家居,8.58,-2.39,-0.21,50051.0,43431379.0,3.3,8.84,8.55,8.8,8.79,1.36,0.64,191.22,1.76,8298258197.0,6740557824.0,0.0,0.12,3.37,-3.27
4307,300560,中富通,15.48,-2.4,-0.38,59501.0,93055001.1,2.33,15.84,15.47,15.76,15.86,0.8,3.18,165.66,3.67,3556431269.0,2894214872.0,0.0,-0.06,-25.15,-4.21
4308,300510,金冠股份,4.87,-2.4,-0.12,392609.0,193050775.04,3.01,4.99,4.84,4.99,4.99,0.56,4.76,-42.7,1.81,4016243709.0,4016243709.0,0.21,0.21,13.26,17.92
4309,688576,西山科技,75.5,-2.4,-1.86,3549.0,27043134.0,2.64,77.25,75.21,76.93,77.36,1.16,1.63,65.74,1.98,3435254530.0,1645314045.0,-0.63,-0.22,19.96,19.92
4310,688798,艾为电子,71.65,-2.4,-1.76,22548.0,162828839.0,2.62,73.25,71.33,72.82,73.41,1.11,1.66,52.77,3.98,16703666769.0,9726003146.0,0.08,0.14,-4.38,-5.86
4311,301183,东田微,146.55,-2.4,-3.6,28414.0,419232344.74,4.05,151.68,145.6,147.7,150.15,0.52,4.84,109.98,12.57,11735189093.0,8602972425.0,0.01,-0.01,-9.81,-5.51
4312,301387,光大同创,60.09,-2.4,-1.48,27931.0,170230139.5,5.81,63.38,59.8,61.37,61.57,0.78,6.54,170.82,3.89,6414439488.0,2564901029.0,-0.13,0.1,44.45,8.47
4313,002354,天娱数科,6.11,-2.4,-0.15,602108.0,370471914.45,2.24,6.23,6.09,6.21,6.26,0.81,3.7,177.55,7.87,10109519360.0,9934440115.0,0.0,0.16,-4.53,-4.08
4314,600688,上海石化,3.26,-2.4,-0.08,1150164.0,380173813.0,4.19,3.39,3.25,3.35,3.34,0.59,1.57,-59.73,1.42,34368933050.0,23891932010.0,0.31,0.31,20.74,17.27
4315,920971,天马新材,28.69,-2.41,-0.71,18309.0,53202134.94,3.1,29.59,28.68,29.26,29.4,0.53,2.14,80.87,6.46,3014974777.0,2458813389.0,-0.03,-0.07,-3.34,-6.55
4316,300991,创益通,59.5,-2.41,-1.47,27348.0,163258128.56,3.62,60.99,58.78,60.12,60.97,0.67,2.97,4217.99,13.42,8568000000.0,5482449000.0,-0.02,0.35,51.25,41.06
4317,002043,兔 宝 宝,15.81,-2.41,-0.39,137535.0,217885264.15,5.99,16.32,15.35,16.23,16.2,1.56,1.87,18.18,3.95,13118418329.0,11638084947.0,-0.19,-0.44,20.87,9.72
4318,301205,联特科技,223.05,-2.41,-5.51,72206.0,1623402847.28,3.89,229.9,221.0,229.45,228.56,0.41,10.62,265.35,18.25,28939399200.0,15158094354.0,-0.23,-0.04,66.57,32.37
4319,603156,养元饮品,30.6,-2.42,-0.76,76126.0,234080272.0,4.78,31.51,30.01,31.36,31.36,0.98,0.6,25.85,4.29,38564493520.0,38564493520.0,0.03,0.03,9.52,6.43
4320,300713,英可瑞,18.98,-2.42,-0.47,41211.0,79150949.45,2.42,19.45,18.98,19.28,19.45,0.42,4.62,-50.58,5.9,3012520974.0,1691284606.0,-0.05,-0.21,10.28,9.71
4321,600309,万华化学,84.5,-2.42,-2.1,491371.0,4217892403.0,4.4,87.98,84.17,86.31,86.6,0.93,1.57,21.67,2.52,264524852397.0,264524852397.0,-0.02,-0.11,21.93,10.2
4322,002315,焦点科技,41.86,-2.42,-1.04,72195.0,303870945.0,3.33,43.08,41.65,42.91,42.9,1.39,3.57,26.34,4.84,13279493476.0,8468916825.0,-0.02,0.02,-2.85,-8.52
4323,301024,霍普股份,39.1,-2.42,-0.97,11238.0,44450263.88,3.72,40.3,38.81,40.1,40.07,0.82,1.83,-59.23,6.22,2486173500.0,2406996000.0,0.57,0.54,6.25,10.55
4324,301068,大地海洋,34.31,-2.42,-0.85,66407.0,228441380.28,7.71,35.8,33.09,34.45,35.16,3.07,6.59,-207.71,6.13,4848543108.0,3457687176.0,0.09,0.5,21.32,30.36
4325,920271,邦德股份,15.31,-2.42,-0.38,6035.0,9367150.34,3.44,15.74,15.2,15.61,15.69,1.46,1.04,20.03,3.16,2002900130.0,886302499.0,-0.2,0.0,-2.36,-6.48
4326,600959,江苏有线,4.02,-2.43,-0.1,558826.0,226881538.0,2.43,4.11,4.01,4.09,4.12,0.82,1.12,48.2,0.88,20102885098.0,20102885098.0,0.25,0.25,16.18,16.86
4327,688484,南芯科技,38.91,-2.43,-0.97,58553.0,229319842.0,2.23,39.61,38.72,39.6,39.88,1.06,1.98,69.89,3.98,16640373945.0,11485286643.0,0.0,0.13,-3.69,-4.3
4328,920445,龙竹科技,10.86,-2.43,-0.27,25682.0,28123498.79,2.61,11.11,10.82,11.01,11.13,0.47,2.45,64.08,5.27,1606769852.0,1136826733.0,0.18,0.0,-16.91,-6.78
4329,603298,杭叉集团,25.71,-2.43,-0.64,79635.0,207686505.0,3.45,26.52,25.61,26.16,26.35,1.18,0.61,14.41,2.96,33675267780.0,33675267780.0,0.0,-0.04,-1.57,-3.24
4330,920799,艾融软件,39.71,-2.43,-0.99,17219.0,68726785.18,1.89,40.38,39.61,40.33,40.7,0.88,1.43,127.59,20.06,8330365786.0,4793178514.0,0.0,-0.08,-13.69,-16.84
4331,688809,强一股份,337.5,-2.43,-8.41,20426.0,701997863.0,5.46,354.87,336.0,343.99,345.91,0.83,8.39,109.87,10.73,43726263750.0,8219140538.0,-0.25,-0.02,296.64,31.43
4332,600207,安彩高科,5.61,-2.43,-0.14,358565.0,203616189.0,3.13,5.78,5.6,5.72,5.75,1.03,3.29,-12.82,2.56,6111043428.0,6111043428.0,0.0,0.18,6.45,8.93
4333,603061,金海通,235.01,-2.43,-5.85,16283.0,387163991.0,2.72,241.56,235.01,237.01,240.86,0.63,2.71,79.88,8.73,14100600000.0,14100600000.0,-0.21,-0.2,74.02,67.39
4334,300670,大烨智能,7.19,-2.44,-0.18,96979.0,70481189.0,2.71,7.37,7.17,7.37,7.37,0.61,4.32,-24.08,4.0,2278658244.0,1615551485.0,-0.14,-0.14,-9.9,1.13
4335,000811,冰轮环境,19.19,-2.44,-0.48,223526.0,432635709.81,3.61,19.75,19.04,19.55,19.67,0.65,2.28,33.37,3.1,19045652532.0,18775413118.0,0.05,0.16,11.44,3.62
4336,003036,泰坦股份,18.4,-2.44,-0.46,77021.0,144494159.7,3.98,19.13,18.38,18.95,18.86,0.71,3.56,70.86,2.88,3979385609.0,3979283489.0,-0.05,-0.16,9.13,18.86
4337,300659,中孚信息,14.8,-2.44,-0.37,59067.0,88107447.0,2.5,15.13,14.75,15.12,15.17,0.81,3.1,-19.26,3.21,3853807194.0,2816924389.0,0.0,0.07,-18.73,-3.65
4338,300084,海默科技,10.8,-2.44,-0.27,385504.0,425639723.74,5.78,11.38,10.74,11.26,11.07,0.56,11.14,-68.02,4.4,5490610909.0,3737897690.0,0.19,0.09,18.29,8.11
4339,601872,招商轮船,15.58,-2.44,-0.39,1596298.0,2507993820.0,5.7,16.26,15.35,15.87,15.97,0.63,1.98,28.59,3.09,125801309861.0,125801309861.0,0.13,0.13,89.31,73.5
4340,600760,中航沈飞,51.66,-2.44,-1.29,217285.0,1132058067.0,2.95,52.96,51.4,52.77,52.95,1.24,0.77,80.68,6.71,146460992925.0,146000768295.0,-0.02,0.04,-6.85,-7.77
4341,301107,瑜欣电子,30.75,-2.44,-0.77,15029.0,46972107.4,3.08,31.68,30.71,31.46,31.52,0.69,2.52,32.18,3.31,3149357190.0,1831981988.0,0.03,-0.16,7.89,8.89
4342,688501,青达环保,26.66,-2.45,-0.67,17201.0,46249124.0,2.49,27.23,26.55,27.23,27.33,0.72,1.38,18.3,2.94,3311865160.0,3311865160.0,0.3,0.23,3.33,0.87
4343,603257,中国瑞林,65.31,-2.45,-1.64,27299.0,181451226.0,4.59,68.17,65.1,67.0,66.95,0.83,10.96,66.55,3.21,7837200000.0,1626219000.0,0.0,0.09,14.62,10.13
4344,300192,科德教育,19.15,-2.45,-0.48,72459.0,140281476.0,3.06,19.68,19.08,19.5,19.63,1.02,2.23,51.13,6.43,6303094750.0,6216812032.0,0.05,0.1,-4.77,-9.37
4345,300349,金卡智能,14.75,-2.45,-0.37,101442.0,151084994.0,2.65,15.1,14.7,15.0,15.12,0.74,2.75,22.3,1.39,6153896367.0,5447273250.0,0.0,-0.07,9.83,-5.63
4346,300967,晓鸣股份,20.33,-2.45,-0.51,90390.0,186771563.06,4.65,21.24,20.27,20.85,20.84,0.69,7.25,15.62,4.65,3813322903.0,2535560162.0,0.1,0.05,7.28,7.97
4347,300952,恒辉安防,39.08,-2.45,-0.98,27947.0,110096039.0,2.95,40.16,38.98,39.39,40.06,0.58,2.67,61.7,3.98,6744691714.0,4095136690.0,0.05,0.08,15.25,-4.38
4348,600916,中国黄金,9.91,-2.46,-0.25,594930.0,594942626.0,2.85,10.17,9.88,10.08,10.16,1.06,3.54,37.29,2.31,16648800000.0,16648800000.0,0.1,0.1,23.41,21.6
4349,688063,派能科技,78.5,-2.46,-1.98,234510.0,1871830599.0,7.9,83.99,77.63,80.93,80.48,1.32,9.56,228.97,2.1,19260701047.0,19260701047.0,0.09,-0.63,33.75,38.16
4350,920247,华密新材,22.63,-2.46,-0.57,23765.0,54325489.98,4.05,23.46,22.52,23.05,23.2,1.12,2.08,83.11,7.44,3565224477.0,2585858816.0,0.13,0.04,-10.27,-16.92
4351,301062,上海艾录,8.74,-2.46,-0.22,60743.0,53698300.0,3.35,9.0,8.7,8.97,8.96,0.74,1.95,-59.07,2.59,3778102614.0,2723465107.0,0.0,-0.11,11.48,6.07
4352,300343,ST联创,6.75,-2.46,-0.17,211695.0,145580132.95,3.61,6.98,6.73,6.93,6.92,1.18,1.99,328.68,3.75,7215541553.0,7196980876.0,0.0,-0.15,15.38,11.94
4353,002725,跃岭股份,16.67,-2.46,-0.42,129087.0,218035567.0,3.92,17.28,16.61,17.04,17.09,0.57,6.09,161.81,4.14,4267520000.0,3534270196.0,-0.3,-0.12,-4.85,-1.36
4354,600770,综艺股份,5.95,-2.46,-0.15,210251.0,126149798.0,2.62,6.09,5.93,6.05,6.1,0.8,1.62,63.89,2.26,7735000000.0,7735000000.0,0.0,0.0,15.09,15.09
4355,300353,东土科技,22.5,-2.47,-0.57,136211.0,309539216.23,2.73,23.03,22.4,23.03,23.07,0.69,2.54,-69.97,6.96,13835089823.0,12088327995.0,0.0,-0.04,10.24,10.51
4356,300010,豆神教育,6.71,-2.47,-0.17,390554.0,264924140.64,2.33,6.86,6.7,6.84,6.88,0.98,2.35,113.33,7.78,13866970942.0,11160961625.0,-0.15,-0.15,2.29,-7.32
4357,600273,嘉化能源,10.28,-2.47,-0.26,418150.0,433391120.0,3.8,10.61,10.21,10.5,10.54,1.3,3.08,12.72,1.39,13948721486.0,13948721486.0,0.59,0.39,25.83,17.62
4358,300572,安车检测,26.48,-2.47,-0.67,35173.0,94206873.52,2.58,27.11,26.41,27.03,27.15,0.87,1.92,-214.61,3.42,6063623742.0,4861651234.0,-0.04,-0.08,-9.56,-6.86
4359,300772,运达股份,20.97,-2.47,-0.53,340896.0,720151997.75,3.72,21.59,20.79,21.5,21.5,1.85,4.89,49.22,2.5,16500196374.0,14633325222.0,0.05,0.24,11.25,10.02
4360,600490,鹏欣资源,8.67,-2.47,-0.22,550682.0,487562544.0,5.17,9.1,8.64,8.8,8.89,0.97,2.76,61.48,3.02,19185730975.0,17276027417.0,0.0,0.12,22.11,12.16
4361,300953,震裕科技,171.03,-2.47,-4.34,42580.0,736701767.2,3.55,176.83,170.6,174.0,175.37,0.56,3.42,54.02,6.94,29669896333.0,21303183473.0,-0.1,-0.24,14.16,1.79
4362,688038,中科通达,21.68,-2.47,-0.55,27490.0,60661377.0,3.91,22.5,21.63,22.06,22.23,0.72,2.36,-633.88,4.24,2522975312.0,2522975312.0,-0.14,0.14,28.74,22.69
4363,603979,金诚信,62.36,-2.47,-1.58,100676.0,636368760.0,3.27,64.4,62.31,63.55,63.94,0.88,1.61,16.64,3.73,38899449987.0,38899449987.0,-0.02,-0.14,-5.94,-18.11
4364,000951,中国重汽,22.42,-2.48,-0.57,294573.0,663667487.07,2.78,22.94,22.3,22.92,22.99,1.09,2.51,18.81,1.69,26340571051.0,26340571051.0,0.09,0.22,33.37,32.66
4365,600635,大众公用,6.28,-2.48,-0.16,932875.0,589967369.0,2.64,6.42,6.25,6.42,6.44,0.65,3.86,26.75,2.04,18541289759.0,15190011719.0,0.0,0.16,-10.92,-3.98
4366,300763,锦浪科技,103.16,-2.48,-2.62,267748.0,2807645090.85,6.24,108.78,102.18,105.97,105.78,0.95,8.33,35.59,4.51,41063688554.0,33175374498.0,-0.01,0.25,43.28,44.46
4367,300719,安达维尔,17.7,-2.48,-0.45,122041.0,217902889.35,2.53,18.11,17.65,17.92,18.15,0.5,6.79,5951.09,4.34,4499820555.0,3179276336.0,-0.28,-0.23,4.24,-2.26
4368,000878,云南铜业,22.45,-2.48,-0.57,553715.0,1268303994.52,5.08,23.47,22.3,22.76,23.02,1.09,2.76,24.53,2.94,50732592302.0,44981287185.0,0.0,-0.04,26.12,9.46
4369,688516,奥特维,75.98,-2.48,-1.93,84930.0,654243618.0,3.98,78.7,75.6,78.61,77.91,0.6,2.7,54.02,6.45,23958764510.0,23915479996.0,-0.29,0.07,91.14,67.87
4370,300380,安硕信息,36.78,-2.49,-0.94,18099.0,67166979.62,2.55,37.66,36.7,37.5,37.72,0.92,1.42,290.89,13.16,5091788259.0,4684504672.0,-0.03,-0.05,-12.84,-11.09
4371,920152,昆工科技,19.58,-2.49,-0.5,9004.0,17898645.86,3.44,20.21,19.52,20.08,20.08,0.88,1.1,-10.63,10.47,2180070486.0,1608716786.0,-0.25,-0.71,-30.44,-11.8
4372,920223,荣亿精密,17.63,-2.49,-0.45,11726.0,20902049.37,3.37,18.23,17.62,18.23,18.08,0.67,1.44,-146.54,11.37,2772934550.0,1438321513.0,-0.23,-0.28,-18.0,-21.26
4373,002756,永兴材料,69.81,-2.49,-1.78,118486.0,843974986.82,5.1,73.4,69.75,71.2,71.59,0.71,3.05,53.1,3.01,37634678507.0,27137286048.0,-0.1,-0.16,52.46,28.68
4374,000837,秦川机床,12.13,-2.49,-0.31,298877.0,367399728.72,3.3,12.53,12.12,12.31,12.44,0.84,2.97,195.7,2.54,12410759003.0,12219802478.0,-0.08,0.0,-3.12,-5.82
4375,002608,江苏国信,8.58,-2.5,-0.22,356735.0,306841744.34,2.5,8.76,8.54,8.69,8.8,1.08,0.94,7.53,0.93,32415923860.0,32415923860.0,0.12,0.12,10.42,16.1
4376,600058,五矿发展,12.5,-2.5,-0.32,155346.0,198619768.0,5.07,13.14,12.49,12.77,12.82,1.31,1.45,88.15,2.68,13398883888.0,13398883888.0,-0.16,-0.32,31.86,8.51
4377,688559,海目星,57.64,-2.5,-1.48,95658.0,569827468.0,5.89,61.08,57.6,58.7,59.12,1.14,3.86,-16.3,5.93,14280831296.0,14280831296.0,0.0,-0.12,22.27,19.93
4378,601609,金田股份,10.53,-2.5,-0.27,252898.0,269070178.0,2.87,10.82,10.51,10.73,10.8,0.79,1.46,23.2,1.83,18202560172.0,18202560172.0,-0.09,-0.09,1.45,-2.5
4379,000700,模塑科技,12.41,-2.51,-0.32,265563.0,331655015.01,2.51,12.65,12.33,12.6,12.73,0.65,2.89,22.78,2.84,11392570977.0,11392570977.0,-0.08,0.0,21.79,-11.67
4380,000659,珠海中富,3.88,-2.51,-0.1,279309.0,108987622.0,2.76,3.97,3.86,3.94,3.98,0.7,2.17,-69.77,29.34,4988525778.0,4988525778.0,0.26,0.0,19.02,-4.43
4381,688543,国科军工,67.68,-2.51,-1.74,51200.0,350237938.0,3.46,69.8,67.4,69.57,69.42,0.55,4.42,57.11,5.85,14134428455.0,7848310055.0,0.01,0.04,19.15,9.04
4382,600654,中安科,3.49,-2.51,-0.09,403010.0,142289135.0,2.23,3.57,3.49,3.57,3.58,0.94,1.74,38.13,5.81,10042673340.0,8087707737.0,-0.29,0.0,-12.75,-7.43
4383,688277,天智航-U,23.99,-2.52,-0.62,73451.0,176541267.0,3.98,24.56,23.58,24.0,24.61,0.84,1.61,-59.44,9.23,10939248896.0,10939248896.0,0.0,-0.29,58.77,57.93
4384,002379,宏桥控股,31.71,-2.52,-0.82,224636.0,726018829.91,5.44,33.2,31.43,32.72,32.53,0.95,1.98,-1825.98,20.13,413216758185.0,36034411708.0,0.03,-0.22,39.45,32.57
4385,002616,长青集团,6.19,-2.52,-0.16,298991.0,185879945.26,2.99,6.34,6.15,6.34,6.35,1.14,5.09,19.78,1.63,5318549318.0,3636502859.0,0.65,0.49,8.03,13.37
4386,601698,中国卫通,35.64,-2.52,-0.92,485028.0,1753627074.0,4.24,37.15,35.6,36.5,36.56,0.79,1.15,395.18,9.49,150557096084.0,150557096084.0,0.03,0.03,61.41,-0.25
4387,002171,楚江新材,12.4,-2.52,-0.32,391327.0,490159158.35,2.83,12.72,12.36,12.61,12.72,0.85,2.42,42.5,2.32,20124429613.0,20010394228.0,-0.08,-0.08,4.73,-6.49
4388,002128,电投能源,33.61,-2.52,-0.87,194332.0,661580509.84,4.0,34.88,33.5,34.67,34.48,0.69,0.87,13.72,2.02,75339285100.0,75339285100.0,0.0,0.09,26.83,21.73
4389,301076,新瀚新材,40.67,-2.52,-1.05,26883.0,110769625.01,2.97,41.91,40.67,41.28,41.72,0.82,2.45,103.53,6.07,7112418404.0,4466035820.0,-0.12,-0.2,-5.15,-17.52
4390,600316,洪都航空,38.75,-2.52,-1.0,84446.0,329956409.0,2.52,39.7,38.7,39.7,39.75,0.71,1.18,1755.14,5.18,27788187340.0,27788187340.0,-0.05,-0.15,22.55,11.0
4391,688679,通源环境,42.9,-2.52,-1.11,29727.0,132421442.0,7.75,46.31,42.9,43.5,44.01,1.21,2.26,-140.66,5.14,5649487058.0,5649487058.0,0.0,-0.23,72.91,61.28
4392,301261,恒工精密,80.41,-2.53,-2.09,14289.0,116304781.26,2.92,82.61,80.2,82.01,82.5,0.93,3.81,67.8,4.5,7067250660.0,3014033842.0,-0.01,0.11,-5.39,-21.61
4393,603816,顾家家居,33.97,-2.53,-0.88,41438.0,143017929.0,3.62,35.18,33.92,34.31,34.85,0.9,0.51,13.6,2.7,27904708100.0,27589286867.0,0.0,-0.03,14.03,10.51
4394,002178,延华智能,6.54,-2.53,-0.17,247559.0,164105684.04,3.28,6.73,6.51,6.7,6.71,0.45,3.48,485.52,10.68,4657480627.0,4655061853.0,0.15,0.0,-4.94,2.35
4395,300516,久之洋,60.86,-2.53,-1.58,37920.0,233451517.0,2.79,62.55,60.81,62.0,62.44,0.79,2.11,377.82,8.43,10954800000.0,10954800000.0,-0.16,-0.25,10.65,-24.58
4396,600730,中国高科,9.25,-2.53,-0.24,92443.0,87049754.0,3.9,9.6,9.23,9.48,9.49,1.19,1.58,-295.79,3.03,5426568019.0,5426568019.0,-0.22,-0.54,-28.52,-15.45
4397,300079,数码视讯,5.79,-2.53,-0.15,388195.0,226730645.12,2.19,5.91,5.78,5.89,5.94,0.9,3.03,251.52,1.96,8256702479.0,7419767208.0,-0.17,0.0,6.63,7.42
4398,688396,华润微,49.8,-2.54,-1.3,184140.0,925015189.0,3.64,51.1,49.24,50.49,51.1,1.17,1.39,99.96,2.88,66110964020.0,66110964020.0,0.02,0.32,-5.5,-5.79
4399,920061,西磁科技,26.84,-2.54,-0.7,5408.0,14729568.03,3.34,27.76,26.84,27.57,27.54,0.72,1.37,406.82,6.79,1900003600.0,1056540496.0,-0.59,-0.81,-7.45,-4.82
4400,688401,路维光电,51.03,-2.54,-1.33,25664.0,132844608.0,3.51,52.87,51.03,52.3,52.36,0.71,1.33,39.36,5.91,9866571557.0,9866571557.0,-0.18,-0.33,-4.87,4.55
4401,002055,ST得润,6.15,-2.54,-0.16,209854.0,131164370.0,3.33,6.34,6.13,6.3,6.31,1.48,3.53,38.44,2.6,3717613605.0,3653038605.0,0.0,0.16,-14.11,-8.75
4402,688318,财富趋势,114.86,-2.54,-2.99,17256.0,200069369.0,2.78,117.78,114.5,117.78,117.85,0.72,0.67,93.41,7.66,29417882554.0,29417882554.0,-0.03,-0.16,-13.66,-13.2
4403,300005,探路者,14.56,-2.54,-0.38,244107.0,362156576.32,4.69,15.2,14.5,14.95,14.94,0.81,2.76,292.1,6.14,12866703828.0,12861056004.0,0.07,0.07,40.0,34.44
4404,300323,华灿光电,13.07,-2.54,-0.34,2136362.0,2831094858.65,5.82,13.68,12.9,13.2,13.41,0.79,24.3,-81.31,3.12,21212594277.0,11491926449.0,0.08,0.08,61.16,63.78
4405,688403,汇成股份,15.32,-2.54,-0.4,287251.0,444539822.0,3.37,15.82,15.29,15.6,15.72,0.95,3.31,85.72,3.69,13312206423.0,13312206423.0,0.0,0.13,-0.2,-6.47
4406,688135,利扬芯片,29.05,-2.55,-0.76,77837.0,229406104.0,4.33,30.28,28.99,29.47,29.81,0.88,3.83,-642.54,5.17,5910316419.0,5910316419.0,0.03,0.14,-0.62,4.65
4407,688712,北芯生命-U,40.16,-2.55,-1.05,29571.0,119638155.0,2.18,40.98,40.08,40.97,41.21,0.72,7.97,207.72,17.85,16746720000.0,1490526352.0,0.02,0.02,129.22,129.22
4408,688172,燕东微,40.56,-2.55,-1.06,127992.0,530290715.0,6.46,42.99,40.3,41.0,41.62,0.73,1.64,-147.78,3.16,57904190014.0,31577216752.0,0.05,0.02,64.61,40.15
4409,300910,瑞丰新材,52.29,-2.55,-1.37,36333.0,191351362.06,2.94,53.78,52.2,53.29,53.66,1.0,1.75,20.21,4.22,15474455687.0,10849446548.0,-0.06,0.04,-8.23,-7.53
4410,688368,晶丰明源,125.81,-2.55,-3.29,9718.0,123340472.0,2.6,128.94,125.58,128.06,129.1,0.62,1.1,312.72,9.31,11134245515.0,11134245515.0,-0.02,-0.09,30.25,8.99
4411,300975,商络电子,16.42,-2.55,-0.43,358185.0,594553987.73,3.62,16.97,16.36,16.7,16.85,0.83,7.28,59.85,4.95,11280632018.0,8079843405.0,0.18,0.18,28.89,29.39
4412,600855,航天长峰,17.88,-2.56,-0.47,107259.0,193476253.0,2.62,18.32,17.84,18.32,18.35,0.79,2.29,-81.27,5.47,8377543977.0,8361398337.0,-0.06,-0.06,-12.61,-15.02
4413,920190,雷神科技,24.7,-2.56,-0.65,14932.0,37261676.63,2.84,25.35,24.63,25.25,25.35,0.65,1.5,106.82,2.88,2470000025.0,2456243360.0,0.04,0.24,-0.84,-11.82
4414,300408,三环集团,54.79,-2.56,-1.44,229591.0,1264674032.49,2.63,56.01,54.53,55.81,56.23,0.83,1.23,40.21,5.0,105004890957.0,102446781251.0,-0.02,0.35,22.57,19.76
4415,300854,中兰环保,23.97,-2.56,-0.63,23420.0,57019999.0,4.15,24.85,23.83,24.74,24.6,0.81,2.88,-87.2,2.5,2398647938.0,1949740774.0,0.46,0.13,38.55,42.34
4416,600143,金发科技,17.82,-2.57,-0.47,472009.0,847346521.0,2.19,18.16,17.76,18.11,18.29,1.04,1.79,33.08,2.46,46952599819.0,46952599819.0,0.0,0.06,-2.73,-8.8
4417,002334,英威腾,9.86,-2.57,-0.26,312169.0,311709085.52,2.87,10.12,9.83,10.05,10.12,0.62,4.25,41.15,2.67,8112222316.0,7238182271.0,-0.1,0.0,11.54,9.31
4418,920225,利通科技,26.51,-2.57,-0.7,22072.0,58987144.34,4.52,27.49,26.26,27.2,27.21,0.88,2.67,40.82,4.6,3364619880.0,2194554903.0,0.42,0.04,-19.67,-17.29
4419,300503,昊志机电,48.12,-2.57,-1.27,59978.0,291556808.5,3.91,49.99,48.06,49.99,49.39,0.53,2.49,91.5,11.03,14831872894.0,11595721764.0,-0.17,-0.19,37.68,-24.48
4420,605169,洪通燃气,13.27,-2.57,-0.35,44509.0,59762334.0,3.89,13.75,13.22,13.6,13.62,0.62,1.57,30.47,1.92,3753817600.0,3753817600.0,0.0,0.08,-1.12,0.68
4421,001288,运机集团,33.0,-2.57,-0.87,24156.0,80444830.52,3.01,33.87,32.85,33.87,33.87,1.36,1.59,54.19,3.53,7751053035.0,5007563880.0,0.24,0.0,6.52,3.29
4422,688435,英方软件,49.38,-2.57,-1.3,22350.0,110563524.0,3.3,50.67,49.0,50.1,50.68,0.55,3.99,-295.15,3.76,4123230000.0,2767657647.0,0.59,0.63,-5.37,5.58
4423,600446,金证股份,14.02,-2.57,-0.37,123927.0,174910208.0,2.71,14.38,13.99,14.3,14.39,1.06,1.32,-175.07,3.58,13196570056.0,13196570056.0,0.0,0.0,-11.71,-11.93
4424,603129,春风动力,250.15,-2.57,-6.6,13255.0,336537222.0,4.01,259.17,248.88,254.57,256.75,0.74,0.87,20.22,5.3,38167302399.0,38167302399.0,-0.01,0.12,-10.94,-10.24
4425,605099,共创草坪,40.87,-2.57,-1.08,26103.0,108115677.0,3.69,42.25,40.7,42.08,41.95,0.82,0.65,23.95,5.48,16451472786.0,16407071618.0,0.1,-0.15,13.24,14.51
4426,600588,用友网络,13.21,-2.58,-0.35,416076.0,553696210.0,2.21,13.47,13.17,13.47,13.56,0.88,1.22,-24.21,6.09,45138535773.0,45138535773.0,0.0,-0.08,-1.42,-0.38
4427,920227,美登科技,63.0,-2.58,-1.67,6942.0,44321740.44,3.32,65.15,63.0,64.5,64.67,1.07,3.92,56.29,5.9,2453314500.0,1116247671.0,-0.49,-0.47,9.0,5.18
4428,603598,引力传媒,19.66,-2.58,-0.52,107106.0,213076529.0,2.87,20.18,19.6,20.1,20.18,0.77,3.98,195.22,25.4,5299606614.0,5293708614.0,0.0,0.1,3.69,15.72
4429,002544,普天科技,27.91,-2.58,-0.74,107403.0,303107312.48,3.21,28.76,27.84,28.5,28.65,1.03,1.58,811.38,5.08,18993700870.0,18991891074.0,-0.07,-0.11,-6.59,-19.08
4430,920010,凯添燃气,12.84,-2.58,-0.34,141900.0,184322766.58,6.45,13.5,12.65,13.3,13.18,0.62,8.17,93.71,4.35,3010980000.0,2229582258.0,-0.08,1.02,10.5,16.94
4431,002258,利尔化学,16.63,-2.58,-0.44,337314.0,573297036.07,5.86,17.5,16.5,17.0,17.07,1.26,4.22,27.8,1.69,13311271102.0,13289870237.0,0.12,0.24,28.22,27.43
4432,301053,远信工业,36.32,-2.58,-0.96,23240.0,84940068.69,3.41,37.3,36.03,36.98,37.28,0.71,2.98,157.3,4.5,3085726679.0,2835051524.0,0.0,0.11,6.45,2.89
4433,301322,绿通科技,32.8,-2.58,-0.87,19857.0,65678425.8,3.03,33.69,32.67,33.69,33.67,0.6,2.09,49.67,1.64,4634242398.0,3116907904.0,0.06,0.28,20.81,19.36
4434,300389,艾比森,18.88,-2.58,-0.5,150837.0,289169059.69,3.72,19.55,18.83,19.06,19.38,0.61,6.47,27.45,4.23,6968613985.0,4402463340.0,0.0,0.11,20.79,16.33
4435,002606,大连电瓷,13.2,-2.58,-0.35,288627.0,385057318.5,5.17,13.72,13.02,13.54,13.55,0.56,6.85,37.67,3.19,5795766504.0,5559075126.0,-0.08,-0.08,48.98,51.03
4436,002480,新筑股份,6.8,-2.58,-0.18,356077.0,245944707.0,3.72,7.05,6.79,7.04,6.98,0.78,4.64,-92.75,5.42,5230346956.0,5220482033.0,-0.15,-0.29,10.75,9.32
4437,688507,索辰科技,92.94,-2.58,-2.46,13044.0,121994591.0,2.94,95.3,92.5,94.42,95.4,0.73,2.65,257.43,2.9,8281770385.0,4575968746.0,0.12,0.3,0.62,-7.33
4438,688041,海光信息,235.74,-2.59,-6.26,136568.0,3237068552.0,2.38,240.8,235.05,239.0,242.0,0.71,0.59,215.53,24.35,547939461572.0,547939461572.0,-0.02,0.03,7.54,5.09
4439,600328,中盐化工,10.14,-2.59,-0.27,834276.0,853954353.0,3.17,10.42,10.09,10.2,10.41,1.03,5.69,192.81,1.24,14868378665.0,14868378665.0,0.2,0.1,28.35,23.06
4440,600459,贵研铂业,21.45,-2.59,-0.57,227309.0,496074163.0,4.54,22.35,21.35,22.02,22.02,0.99,2.99,24.42,2.2,16297862853.0,16295699234.0,0.0,0.0,28.6,15.26
4441,002006,精工科技,19.58,-2.59,-0.52,159428.0,313060338.76,2.99,19.95,19.35,19.53,20.1,1.23,3.07,52.74,4.23,10177555555.0,10177555555.0,0.0,0.1,-12.55,-15.46
4442,002095,生 意 宝,18.02,-2.59,-0.48,69522.0,126361967.0,3.57,18.6,17.94,18.4,18.5,0.96,2.76,-1216.49,5.14,4554014400.0,4535785638.0,0.0,-0.06,1.87,-0.11
4443,600158,中体产业,10.86,-2.6,-0.29,415812.0,458690335.0,4.3,11.29,10.81,11.1,11.15,0.78,4.33,-370.93,4.01,10420311908.0,10420311908.0,-0.09,0.18,22.02,24.4
4444,600629,华建集团,21.74,-2.6,-0.58,326184.0,729963274.0,5.69,22.98,21.71,22.26,22.32,0.77,3.42,100.3,3.98,21095162447.0,20720764667.0,-0.14,-0.28,9.03,0.18
4445,300615,欣天科技,15.01,-2.6,-0.4,162312.0,246006164.66,2.6,15.38,14.98,15.2,15.41,1.03,12.96,150.31,5.44,2900370292.0,1880038899.0,-0.13,-0.13,5.11,13.03
4446,603377,ST东时,3.75,-2.6,-0.1,53337.0,20218066.0,2.6,3.85,3.75,3.85,3.85,0.85,0.75,-19.54,3.31,2681112746.0,2681112746.0,-0.53,-0.53,-5.3,-0.27
4447,300600,国瑞科技,13.12,-2.6,-0.35,48759.0,64762060.0,3.27,13.49,13.05,13.41,13.47,0.71,1.66,-76.23,3.16,3860356378.0,3860356378.0,0.0,0.23,-16.96,-11.95
4448,603712,七一二,18.35,-2.6,-0.49,113562.0,210218188.0,2.28,18.74,18.31,18.74,18.84,1.06,1.47,-51.56,3.39,14166200000.0,14166200000.0,0.0,0.05,-14.45,-11.65
4449,603216,梦天家居,35.85,-2.61,-0.96,26889.0,97651916.0,3.45,37.0,35.73,36.63,36.81,0.49,1.21,106.35,4.46,7983436500.0,7983436500.0,0.2,-0.25,14.54,-23.72
4450,600366,宁波韵升,13.08,-2.61,-0.35,265660.0,351296276.0,3.43,13.5,13.04,13.36,13.43,0.85,2.42,39.08,2.35,14375456947.0,14375456947.0,0.08,0.0,-7.5,-5.15
4451,600151,航天机电,13.79,-2.61,-0.37,325200.0,452159246.0,2.97,14.15,13.73,14.1,14.16,0.85,2.27,-60.11,4.26,19778339038.0,19778339038.0,0.0,0.0,-7.01,-21.42
4452,688348,昱能科技,58.62,-2.61,-1.57,57167.0,338809910.0,4.8,60.96,58.07,59.84,60.19,0.82,3.66,-69.88,2.67,9160983240.0,9160983240.0,0.05,0.38,13.38,16.33
4453,300252,金信诺,14.18,-2.61,-0.38,242339.0,349128121.34,3.43,14.67,14.17,14.49,14.56,0.68,4.34,892.45,4.3,9389341366.0,7923669979.0,-0.14,-0.21,3.05,-3.01
4454,300853,申昊科技,21.66,-2.61,-0.58,24469.0,53814948.8,3.37,22.38,21.63,22.08,22.24,0.82,2.22,-18.51,5.22,3182915622.0,2388183103.0,-0.51,-0.14,4.08,4.54
4455,600372,中航机载,14.2,-2.61,-0.38,550044.0,785916260.0,2.19,14.47,14.15,14.45,14.58,0.79,1.14,52.07,1.79,68712332146.0,68712332146.0,0.07,0.14,14.24,5.81
4456,000909,ST数源,5.97,-2.61,-0.16,49600.0,29797884.97,3.92,6.18,5.94,6.1,6.13,1.25,1.13,-29.05,2.63,2613154043.0,2613132103.0,0.0,-0.17,7.37,7.18
4457,002642,荣联科技,8.19,-2.62,-0.22,145091.0,119930389.5,2.62,8.38,8.16,8.36,8.41,0.98,2.19,634.53,4.61,5418342763.0,5418342763.0,0.0,0.12,-3.19,-0.97
4458,002066,瑞泰科技,19.35,-2.62,-0.52,37643.0,73515490.0,4.03,20.09,19.29,19.86,19.87,1.01,1.63,1625.89,6.43,4545450450.0,4469850000.0,-0.15,0.16,4.26,3.59
4459,300056,中创环保,9.3,-2.62,-0.25,230221.0,215469792.23,5.24,9.66,9.16,9.3,9.55,0.9,5.98,-57.53,24.29,3585061120.0,3581897260.0,0.0,0.11,-9.71,13.14
4460,603271,永杰新材,46.0,-2.62,-1.24,25376.0,117897435.0,2.67,47.14,45.88,47.14,47.24,0.8,2.68,21.99,3.21,9049120000.0,4350495816.0,-0.11,-0.3,21.21,11.98
4461,920075,柏星龙,23.81,-2.62,-0.64,6186.0,14942840.75,4.29,24.7,23.65,24.66,24.45,0.93,1.77,66.69,3.85,1543245150.0,830465752.0,0.46,0.46,-6.19,-10.15
4462,603103,横店影视,23.45,-2.62,-0.63,75702.0,179481863.0,3.07,24.1,23.36,23.9,24.08,0.92,1.19,93.41,12.01,14871990000.0,14871990000.0,0.17,-0.04,40.59,41.44
4463,002053,云南能投,12.64,-2.62,-0.34,188926.0,241465684.11,3.31,13.05,12.62,12.86,12.98,0.72,2.05,38.47,1.57,11638020425.0,11637937949.0,-0.16,-0.32,9.25,9.72
4464,605376,博迁新材,93.49,-2.63,-2.53,50043.0,472706972.0,3.56,96.66,93.24,94.73,96.02,0.55,1.91,121.01,14.85,24456984000.0,24456984000.0,-0.01,0.06,73.29,42.95
4465,601001,晋控煤业,18.15,-2.63,-0.49,330411.0,611239992.0,4.29,18.87,18.07,18.63,18.64,0.84,1.97,17.85,1.62,30377655000.0,30377655000.0,-0.06,0.11,26.83,38.02
4466,603331,百达精工,15.95,-2.63,-0.43,96456.0,155429281.0,3.24,16.44,15.91,16.44,16.38,0.56,4.77,40.48,2.43,3224701394.0,3224701394.0,0.13,0.13,34.94,11.93
4467,603131,上海沪工,22.54,-2.63,-0.61,67041.0,152687365.0,2.89,23.15,22.48,23.02,23.15,0.8,1.99,-2886.39,5.97,7593888739.0,7593888739.0,-0.09,-0.04,-28.15,-25.49
4468,002169,智光电气,15.53,-2.63,-0.42,400992.0,633126887.89,5.27,16.27,15.43,15.88,15.95,0.91,5.29,-177.83,4.61,12155394580.0,11782206708.0,0.06,0.13,82.28,34.23
4469,301626,苏州天脉,244.46,-2.63,-6.6,22557.0,559765472.88,5.41,256.99,243.4,252.82,251.06,0.57,4.29,148.77,17.95,28279132800.0,12863240251.0,0.37,0.09,46.88,31.22
4470,600191,华资实业,12.95,-2.63,-0.35,58259.0,76647278.0,3.53,13.37,12.9,13.26,13.3,0.62,1.2,82.24,3.71,6279869400.0,6279869400.0,0.0,-0.23,2.94,0.78
4471,002875,安奈儿,19.21,-2.64,-0.52,40472.0,78699197.2,3.75,19.88,19.14,19.88,19.73,0.69,2.22,-48.93,6.37,4092054111.0,3504606356.0,-0.05,0.16,19.54,16.0
4472,600563,法拉电子,117.85,-2.64,-3.2,48045.0,574216704.0,3.61,121.77,117.4,120.01,121.05,0.84,2.14,22.4,4.63,26516250000.0,26516250000.0,0.1,0.17,12.67,12.29
4473,001386,马可波罗,22.5,-2.64,-0.61,54442.0,123849922.42,2.55,23.06,22.47,23.0,23.11,1.5,5.56,18.98,2.26,26885700000.0,2201877090.0,0.0,0.0,1.08,-1.01
4474,002394,联发股份,16.6,-2.64,-0.45,206708.0,347145094.47,5.87,17.34,16.34,16.85,17.05,1.14,6.39,15.29,1.24,5373420000.0,5366541060.0,0.0,0.24,28.48,4.67
4475,688563,航材股份,65.0,-2.64,-1.76,30670.0,200655357.0,2.7,66.55,64.75,66.47,66.76,0.89,2.62,54.55,2.81,29250000000.0,7604284545.0,-0.32,-0.43,20.64,11.21
4476,603980,吉华集团,7.38,-2.64,-0.2,506738.0,386129325.0,8.97,7.98,7.3,7.6,7.58,0.96,7.49,259.45,1.29,4995030197.0,4995030197.0,0.0,0.27,38.46,46.43
4477,688227,品高股份,69.27,-2.64,-1.88,14081.0,98492154.0,3.47,71.63,69.16,70.78,71.15,0.64,1.25,-150.88,6.07,7831338899.0,7831338899.0,0.06,0.03,-5.11,6.55
4478,000016,深康佳Ａ,3.3,-2.65,-0.09,391390.0,130251625.76,2.06,3.37,3.3,3.37,3.39,1.07,2.45,-6.07,6.28,7946219846.0,5268759540.0,-0.3,-0.3,-37.26,-33.6
4479,301031,中熔电气,137.95,-2.65,-3.75,23618.0,329669548.83,2.98,141.99,137.77,140.77,141.7,0.67,3.43,42.02,9.64,13563586116.0,9493398956.0,0.11,-0.04,26.35,22.96
4480,688292,浩瀚深度,27.14,-2.65,-0.74,52115.0,141700252.0,3.26,27.71,26.8,27.57,27.88,0.66,3.29,-1213.08,4.16,4297585564.0,4297585564.0,0.48,0.67,12.52,-6.41
4481,002876,三利谱,27.92,-2.65,-0.76,45857.0,129546027.0,3.66,28.8,27.75,28.5,28.68,0.66,3.08,80.93,2.04,4854867301.0,4158667527.0,-0.11,0.04,14.33,16.62
4482,002832,比音勒芬,16.86,-2.66,-0.46,186758.0,316979067.85,2.94,17.31,16.8,17.28,17.32,1.27,4.8,11.65,1.76,9622121436.0,6565592268.0,0.0,0.06,10.12,12.7
4483,603020,爱普股份,10.99,-2.66,-0.3,110602.0,123701243.0,4.78,11.5,10.96,11.3,11.29,1.76,2.89,28.17,1.27,4211783136.0,4211783136.0,0.09,0.09,10.23,8.38
4484,605081,*ST太和,9.53,-2.66,-0.26,19868.0,19267275.0,3.06,9.83,9.53,9.78,9.79,1.09,1.75,-9.82,1.21,1079244596.0,1079244596.0,-0.63,-0.73,-5.83,-11.18
4485,688166,博瑞医药,44.72,-2.66,-1.22,120103.0,542342022.0,2.74,45.91,44.65,45.91,45.94,0.97,2.84,337.54,7.61,18921204217.0,18921204217.0,-0.09,-0.11,-13.57,-8.85
4486,000037,深南电A,9.89,-2.66,-0.27,151192.0,150730092.0,2.95,10.16,9.86,10.1,10.16,1.11,4.46,-224.19,4.06,5961322074.0,3351801604.0,0.1,0.2,14.2,19.44
4487,000665,湖北广电,5.1,-2.67,-0.14,213671.0,109456365.98,1.91,5.19,5.09,5.19,5.24,1.38,1.88,-11.22,1.44,5799462425.0,5799310878.0,-0.2,0.0,-10.53,-12.37
4488,001266,宏英智能,35.06,-2.67,-0.96,28130.0,99933146.62,4.05,36.38,34.92,36.22,36.02,0.53,4.84,239.81,3.86,3631523285.0,2036333954.0,-0.06,-0.03,16.32,-10.95
4489,301185,鸥玛软件,20.05,-2.67,-0.55,36445.0,73990339.0,2.86,20.6,20.01,20.55,20.6,1.03,2.61,51.84,2.87,3076022880.0,2804400778.0,0.05,0.05,2.61,4.97
4490,600710,苏美达,13.48,-2.67,-0.37,212533.0,288792107.0,3.18,13.85,13.41,13.72,13.85,0.55,1.63,13.0,2.07,17614982370.0,17614982370.0,0.45,0.3,27.29,24.7
4491,601899,紫金矿业,35.77,-2.67,-0.98,2471205.0,8945230520.0,3.65,36.94,35.6,36.2,36.75,1.04,1.2,18.84,5.67,951114754418.0,736893947618.0,0.03,0.03,17.66,3.77
4492,300542,新晨科技,16.73,-2.68,-0.46,37621.0,63487480.5,2.79,17.17,16.69,17.17,17.19,1.12,1.52,-165.18,9.23,4994907110.0,4143412095.0,0.0,-0.06,-8.73,-18.35
4493,000070,特发信息,17.09,-2.68,-0.47,912175.0,1604520138.84,7.0,18.26,17.03,17.31,17.56,0.76,10.26,1443.22,10.21,15386891948.0,15187521581.0,-0.06,-0.41,26.59,45.57
4494,301071,力量钻石,50.5,-2.68,-1.39,138822.0,710007088.61,4.28,52.51,50.29,51.89,51.89,0.73,7.13,213.04,2.48,13143751807.0,9827005434.0,-0.34,-0.18,32.37,40.9
4495,002299,圣农发展,18.51,-2.68,-0.51,130505.0,245127259.9,3.26,19.1,18.48,18.92,19.02,0.72,1.07,14.89,2.03,23009997956.0,22562536549.0,0.0,-0.05,16.86,11.91
4496,301025,读客文化,11.25,-2.68,-0.31,71109.0,80949611.0,3.2,11.57,11.2,11.5,11.56,0.67,2.57,517.96,7.28,4503480750.0,3117945825.0,0.0,0.09,5.63,15.15
4497,600289,ST信通,7.97,-2.69,-0.22,125870.0,101139187.0,5.13,8.29,7.87,8.09,8.19,0.83,2.22,-27.57,4.5,5029484990.0,4510403791.0,0.5,0.5,13.05,20.03
4498,600333,长春燃气,5.78,-2.69,-0.16,210200.0,122328403.0,3.2,5.93,5.74,5.93,5.94,0.63,3.45,-46.7,1.88,3520197354.0,3520197354.0,0.0,0.17,-4.62,4.52
4499,688030,山石网科,17.0,-2.69,-0.47,26625.0,45638557.0,2.92,17.47,16.96,17.31,17.47,0.99,1.48,-15.94,4.19,3064008736.0,3064008736.0,0.0,0.06,-10.2,-6.44
4500,002227,奥 特 迅,9.77,-2.69,-0.27,65085.0,64351360.0,2.29,10.0,9.77,10.0,10.04,0.58,2.65,-36.66,2.54,2421066281.0,2402802204.0,0.0,-0.2,-24.2,-18.85
4501,301141,中科磁业,54.26,-2.69,-1.5,28328.0,155551081.82,3.77,56.1,54.0,55.31,55.76,0.85,6.36,149.78,5.26,6730009147.0,2415253947.0,0.2,0.28,-0.8,3.91
4502,002400,省广集团,9.05,-2.69,-0.25,719150.0,657593674.52,2.69,9.28,9.03,9.24,9.3,0.96,4.17,123.14,3.16,15777201008.0,15621789793.0,0.0,0.0,4.02,2.03
4503,300687,赛意信息,20.26,-2.69,-0.56,74203.0,151823455.24,2.64,20.75,20.2,20.65,20.82,0.81,2.25,224.73,2.99,8274419219.0,6667291254.0,0.05,0.0,-9.27,-11.8
4504,600732,爱旭股份,15.2,-2.69,-0.42,606499.0,939588436.0,4.35,15.77,15.09,15.43,15.62,0.95,3.35,-45.35,4.97,32182198830.0,27489525052.0,-0.07,-0.13,16.65,13.43
4505,688719,爱科赛博,39.29,-2.7,-1.09,21770.0,86366206.0,2.97,40.43,39.23,40.43,40.38,1.08,2.43,-106.14,2.65,4533493073.0,3525189088.0,-0.13,0.05,-18.54,-11.01
4506,300421,力星股份,25.19,-2.7,-0.7,62860.0,160050778.08,2.74,25.86,25.15,25.86,25.89,0.72,2.73,107.56,5.84,7406627892.0,5802367174.0,0.0,0.0,-18.16,-31.51
4507,300092,科新机电,17.56,-2.71,-0.49,236027.0,419155226.47,4.49,18.16,17.35,18.05,18.05,0.8,11.25,65.37,2.96,4810092639.0,3685251455.0,-0.4,-0.17,6.88,11.21
4508,600010,包钢股份,2.87,-2.71,-0.08,14454089.0,4227243401.0,5.42,3.0,2.84,2.93,2.95,1.25,4.61,419.15,2.5,129978337529.0,90062891084.0,0.0,0.0,19.09,20.59
4509,301225,恒勃股份,115.07,-2.71,-3.21,9410.0,109607939.67,3.48,118.99,114.87,118.99,118.28,0.74,3.15,94.73,7.76,11895936600.0,3438521740.0,-0.35,-0.1,10.25,-30.47
4510,920792,东和新材,12.56,-2.71,-0.35,10975.0,13975091.14,3.18,12.95,12.54,12.95,12.91,0.79,1.09,27.7,1.99,2079182400.0,1260507005.0,0.08,-0.08,4.49,4.32
4511,600032,浙江新能,8.99,-2.71,-0.25,586480.0,532131300.0,4.0,9.29,8.92,9.24,9.24,1.36,2.44,26.44,1.67,21618031163.0,21618031163.0,0.0,-0.11,23.32,21.32
4512,000938,紫光股份,25.8,-2.71,-0.72,1060213.0,2754297220.77,2.75,26.45,25.72,26.15,26.52,1.27,3.71,39.42,5.1,73790060749.0,73790060749.0,0.0,0.04,1.26,4.88
4513,002090,金智科技,12.19,-2.71,-0.34,143353.0,177159553.05,3.35,12.59,12.17,12.53,12.53,0.86,3.62,78.82,3.2,4883034495.0,4827453471.0,-0.33,-0.16,0.66,3.31
4514,300394,天孚通信,325.0,-2.71,-9.04,224433.0,7335764289.86,3.36,333.33,322.12,323.18,334.04,0.65,2.89,129.32,51.8,252660164575.0,252152025450.0,0.01,0.06,35.33,60.07
4515,603040,新坐标,86.32,-2.71,-2.4,16404.0,143058654.0,4.45,89.62,85.67,89.48,88.72,0.97,1.21,42.21,8.1,11778872943.0,11717434683.0,0.02,0.31,7.36,-6.16
4516,300810,中科海讯,36.08,-2.72,-1.01,30437.0,111654044.0,3.94,37.44,35.98,37.14,37.09,0.93,2.67,-41.53,5.72,4259244000.0,4112778142.0,-0.14,0.03,-6.91,-5.75
4517,603268,*ST松发,123.17,-2.72,-3.45,54662.0,679066722.0,4.56,127.98,122.21,126.15,126.62,0.55,2.34,45.04,12.65,119570763581.0,28729376881.0,0.05,-0.03,55.81,47.72
4518,688365,光云科技,20.0,-2.72,-0.56,95138.0,192375754.0,3.7,20.67,19.91,20.38,20.56,0.75,2.23,-322.84,9.01,8516493680.0,8516493680.0,-0.1,0.0,17.58,18.55
4519,300066,三川智慧,7.15,-2.72,-0.2,381991.0,276745066.79,3.54,7.38,7.12,7.33,7.35,0.7,3.8,38.76,2.84,7436237823.0,7192258988.0,0.14,0.0,10.17,14.77
4520,688790,昂瑞微-UW,131.77,-2.72,-3.68,5441.0,72419634.0,2.95,135.36,131.36,134.51,135.45,0.84,4.51,-110.1,4.71,13115290528.0,1588839308.0,0.0,0.05,58.64,-10.83
4521,301536,星宸科技,73.98,-2.72,-2.07,87238.0,651724977.61,4.37,76.73,73.41,75.14,76.05,0.68,4.66,101.17,9.64,31198492863.0,13848557523.0,-0.03,-0.04,26.4,23.49
4522,600719,大连热电,6.76,-2.73,-0.19,165418.0,112298998.0,4.03,6.99,6.71,6.98,6.95,1.4,4.09,-18.22,9.28,2735093296.0,2735093296.0,-0.15,0.0,13.61,3.68
4523,300082,奥克股份,10.69,-2.73,-0.3,335728.0,364147875.68,4.19,11.06,10.6,10.9,10.99,1.55,4.95,-831.04,2.66,7270249758.0,7251256439.0,-0.19,-0.09,5.84,7.98
4524,688299,长阳科技,18.17,-2.73,-0.51,50420.0,93116653.0,3.69,18.86,18.17,18.5,18.68,0.69,1.75,-36.14,2.69,5221928884.0,5221928884.0,-0.16,-0.27,3.41,7.39
4525,600552,凯盛科技,13.48,-2.74,-0.38,225390.0,307042008.0,2.67,13.82,13.45,13.73,13.86,0.74,2.39,74.22,3.0,12733300931.0,12733300931.0,-0.22,-0.22,18.56,8.71
4526,300712,永福股份,31.2,-2.74,-0.88,69851.0,219848959.55,3.58,32.15,31.0,31.51,32.08,0.65,3.74,118.31,4.54,5851436292.0,5826288312.0,0.0,-0.26,-1.11,18.5
4527,002953,日丰股份,12.8,-2.74,-0.36,100983.0,130771803.86,3.12,13.16,12.75,13.1,13.16,0.76,4.75,33.95,3.01,6292219494.0,2722351053.0,-0.08,0.0,11.3,11.5
4528,300250,初灵信息,22.39,-2.74,-0.63,60430.0,136820101.0,2.3,22.9,22.37,22.81,23.02,0.89,3.84,604.88,9.13,4785850835.0,3523201892.0,0.0,0.04,-23.01,-6.82
4529,600593,大连圣亚,38.62,-2.74,-1.09,53237.0,208972585.0,5.36,40.5,38.37,39.6,39.71,1.0,4.13,57.28,23.28,5037785900.0,4974256000.0,0.13,0.21,-15.23,-6.76
4530,300836,佰奥智能,55.3,-2.74,-1.56,16310.0,91013904.06,3.17,56.75,54.95,56.75,56.86,0.86,2.58,75.75,8.99,5125514233.0,3495503986.0,-0.29,-0.18,5.19,0.73
4531,603211,晋拓股份,22.61,-2.75,-0.64,46217.0,106037518.0,3.18,23.35,22.61,23.12,23.25,0.71,1.7,82.48,5.0,6145578880.0,6145578880.0,-0.13,-0.35,18.56,0.27
4532,300768,迪普科技,17.32,-2.75,-0.49,49855.0,87136709.0,2.86,17.8,17.29,17.67,17.81,0.81,1.19,89.35,3.28,11151118955.0,7285964720.0,0.0,0.06,-10.68,-6.53
4533,300785,值得买,49.6,-2.75,-1.4,59644.0,299426732.88,2.8,51.01,49.58,51.0,51.0,0.79,4.88,550.05,5.22,9863220053.0,6067780536.0,-0.06,-0.14,20.33,13.19
4534,002067,景兴纸业,5.31,-2.75,-0.15,436787.0,234337147.01,2.93,5.45,5.29,5.45,5.46,0.78,3.27,143.74,1.17,7831473959.0,7102676459.0,0.0,-0.19,-3.63,-6.02
4535,688244,永信至诚,21.59,-2.75,-0.61,18272.0,39638395.0,2.25,22.03,21.53,21.93,22.2,0.68,1.21,-73.07,3.34,3259259195.0,3259259195.0,0.0,0.05,-10.82,-11.66
4536,300246,宝莱特,14.84,-2.75,-0.42,295983.0,441257470.98,4.19,15.29,14.65,15.15,15.26,1.29,14.01,-353.05,3.39,3926740782.0,3135831912.0,-0.47,-0.13,76.67,83.21
4537,002547,春兴精工,3.52,-2.76,-0.1,388018.0,138108530.61,3.04,3.61,3.5,3.56,3.62,0.75,3.51,-14.89,-26.14,3970761231.0,3888921224.0,-0.28,0.0,-25.89,-24.63
4538,002389,航天彩虹,23.96,-2.76,-0.68,461839.0,1118741250.62,2.56,24.53,23.9,24.47,24.64,0.45,4.69,2919.66,2.95,23598587863.0,23594802303.0,0.04,-0.13,3.5,-0.08
4539,688096,京源环保,8.81,-2.76,-0.25,81510.0,72998584.0,4.64,9.2,8.78,9.06,9.06,0.45,3.45,-31.1,2.44,2079551199.0,2079551199.0,-0.23,0.0,13.68,11.52
4540,300337,银邦股份,13.04,-2.76,-0.37,223944.0,295619682.54,3.5,13.47,13.0,13.31,13.41,0.82,3.15,125.71,6.2,10718040628.0,9276650328.0,0.0,0.0,0.15,-15.93
4541,605218,伟时电子,19.06,-2.76,-0.54,47149.0,90711320.0,2.96,19.59,19.01,19.54,19.6,1.37,2.22,142.89,3.07,4628048582.0,4056605748.0,-0.63,0.05,0.11,3.31
4542,688599,天合光能,19.06,-2.76,-0.54,638250.0,1237900500.0,4.08,19.76,18.96,19.38,19.6,1.06,2.72,-6.38,2.02,44649340095.0,44649340095.0,0.26,0.0,12.45,15.17
4543,603256,宏和科技,70.58,-2.76,-2.0,180092.0,1279313770.0,6.13,73.6,69.15,71.18,72.58,0.65,2.05,344.97,39.11,63845711288.0,62091166950.0,-0.04,-0.28,97.04,91.74
4544,300920,润阳科技,40.09,-2.76,-1.14,17640.0,71698823.0,4.03,41.56,39.9,41.19,41.23,1.04,3.19,105.59,3.38,4009000000.0,2220236758.0,0.0,0.07,3.17,-12.98
4545,301217,铜冠铜箔,41.13,-2.77,-1.17,195184.0,809279474.12,2.6,42.1,41.0,41.87,42.3,0.59,2.35,407.71,6.3,34097409325.0,34097409325.0,-0.12,0.07,22.67,19.98
4546,300661,圣邦股份,72.73,-2.77,-2.07,204020.0,1496127943.51,3.24,74.88,72.46,74.61,74.8,0.54,3.44,98.22,9.16,44950507763.0,43110709464.0,0.0,0.07,7.89,5.96
4547,300748,金力永磁,33.91,-2.78,-0.97,263536.0,904140472.09,3.33,34.98,33.82,34.54,34.88,0.88,2.33,67.87,6.62,46646233061.0,38341167988.0,-0.15,-0.06,-2.95,-0.59
4548,920056,能之光,25.2,-2.78,-0.72,9512.0,24398490.71,4.21,26.19,25.1,25.75,25.92,1.14,3.08,37.33,3.84,2058630840.0,777265801.0,0.04,0.16,2.44,1.74
4549,300915,海融科技,25.92,-2.78,-0.74,26071.0,68515277.3,3.04,26.7,25.89,26.7,26.66,1.16,4.53,-157.79,2.12,3261753827.0,1493051305.0,-0.46,-0.08,4.73,9.14
4550,300378,鼎捷数智,42.95,-2.78,-1.23,87565.0,379580444.9,2.72,44.0,42.8,43.91,44.18,0.7,3.25,171.22,5.12,11663151099.0,11576724961.0,-0.02,-0.07,-0.67,-5.1
4551,300488,恒锋工具,30.72,-2.78,-0.88,84276.0,261226310.45,5.85,32.18,30.33,31.18,31.6,1.27,5.53,36.61,3.26,5573898885.0,4683551631.0,0.03,0.03,-3.24,-5.88
4552,301007,德迈仕,34.3,-2.78,-0.98,25108.0,87253652.49,2.95,35.27,34.23,35.13,35.28,0.84,1.64,102.94,7.67,5259562000.0,5247677050.0,0.06,0.15,-8.63,-15.35
4553,301218,华是科技,38.04,-2.79,-1.09,69071.0,264433884.21,5.7,39.73,37.5,38.66,39.13,0.6,9.86,-169.36,4.73,4338081600.0,2665418521.0,0.56,0.05,57.32,60.91
4554,601898,中煤能源,18.82,-2.79,-0.54,751627.0,1443097150.0,5.27,19.77,18.75,19.55,19.36,0.81,0.82,14.99,1.59,249528045188.0,172240647528.0,-0.16,-0.26,41.5,51.29
4555,603826,坤彩科技,24.78,-2.79,-0.71,119463.0,300773845.0,4.55,25.85,24.69,25.71,25.49,0.74,1.82,199.38,8.32,16235856000.0,16235856000.0,-0.08,-0.08,40.16,45.76
4556,300578,会畅科技,21.26,-2.79,-0.61,55384.0,118910001.8,2.7,21.79,21.2,21.78,21.87,0.69,2.79,311.29,3.55,4215214672.0,4214074605.0,-0.05,0.09,11.02,3.2
4557,301333,诺思格,64.84,-2.79,-1.86,11336.0,74492109.46,3.69,66.98,64.52,66.71,66.7,0.79,1.18,49.15,3.26,6262328639.0,6253411842.0,-0.26,-0.12,16.3,8.88
4558,000630,铜陵有色,6.95,-2.8,-0.2,3523447.0,2485256045.08,3.78,7.2,6.93,7.1,7.15,1.21,3.16,39.48,2.58,93195826995.0,77443929578.0,0.0,0.0,27.06,15.64
4559,301153,中科江南,21.54,-2.8,-0.62,38214.0,82922757.0,3.02,22.16,21.49,21.91,22.16,0.82,1.16,-88.72,4.52,7600401493.0,7091614372.0,-0.09,0.05,8.57,-12.86
4560,002989,中天精装,28.15,-2.8,-0.81,26659.0,76092115.6,3.56,29.11,28.08,28.9,28.96,0.73,1.45,-68.6,3.79,5675246677.0,5160713940.0,0.04,0.14,18.28,-8.72
4561,688070,纵横股份,55.5,-2.8,-1.6,15508.0,87385079.0,3.31,57.39,55.5,56.11,57.1,0.53,1.77,417.45,7.64,4860690000.0,4860690000.0,-0.14,-0.22,6.85,0.18
4562,688047,龙芯中科,145.15,-2.8,-4.18,64816.0,942940464.0,3.26,148.47,143.6,147.29,149.33,0.66,1.62,-128.3,23.22,58205150000.0,58205150000.0,0.35,0.69,9.58,9.87
4563,002585,双星新材,7.64,-2.8,-0.22,382699.0,296114294.43,3.69,7.88,7.59,7.77,7.86,1.06,4.32,-29.34,1.01,8719704756.0,6773332060.0,0.0,0.13,6.7,13.52
4564,002309,中利集团,3.47,-2.8,-0.1,1420838.0,498260066.81,4.2,3.6,3.45,3.56,3.57,0.99,5.91,-55.77,5.61,10436598886.0,8349279109.0,0.0,0.29,2.66,2.36
4565,002040,南 京 港,10.73,-2.81,-0.31,212805.0,231197047.8,3.44,11.06,10.68,10.99,11.04,0.63,4.38,28.84,1.54,5235671149.0,5215589525.0,0.0,0.0,4.38,8.93
4566,688409,富创精密,91.09,-2.81,-2.63,42539.0,394084956.0,5.12,95.47,90.67,92.0,93.72,0.84,1.39,-2986.09,6.21,27892739130.0,27892739130.0,-0.19,0.1,32.88,35.15
4567,301566,达利凯普,22.14,-2.81,-0.64,109484.0,245312545.91,3.38,22.82,22.05,22.6,22.78,0.75,5.28,52.59,6.16,8856221400.0,4594067889.0,0.05,0.14,15.61,13.95
4568,002560,通达股份,10.7,-2.82,-0.31,294376.0,318636214.04,4.09,11.09,10.64,11.04,11.01,0.75,6.5,31.97,2.1,5625402699.0,4846415221.0,0.09,0.0,14.07,6.15
4569,301150,中一科技,51.05,-2.82,-1.48,180136.0,936205200.74,4.47,53.28,50.93,52.0,52.53,0.85,8.09,230.77,3.34,11906568490.0,11362978748.0,0.06,-0.02,17.01,21.58
4570,300730,科创信息,12.73,-2.82,-0.37,54775.0,70446595.28,2.98,13.1,12.71,13.02,13.1,0.94,2.83,-39.13,12.25,3069698795.0,2460951876.0,-0.08,-0.08,-1.09,-4.86
4571,688016,心脉医疗,107.25,-2.82,-3.11,23643.0,257688636.0,3.74,111.13,107.0,109.94,110.36,0.86,1.92,23.47,3.19,13219862048.0,13219862048.0,-0.15,-0.17,17.32,17.01
4572,603181,皇马科技,16.54,-2.82,-0.48,84895.0,142932574.0,3.76,17.18,16.54,17.04,17.02,1.0,1.44,21.64,2.92,9737098000.0,9737098000.0,-0.06,-0.12,16.64,15.75
4573,603086,先达股份,8.62,-2.82,-0.25,313837.0,275164779.0,3.38,8.91,8.61,8.85,8.87,1.42,7.22,14.35,1.73,3748089293.0,3748089293.0,0.0,0.12,4.74,4.87
4574,300711,广哈通信,25.87,-2.82,-0.75,48590.0,127096796.6,2.7,26.55,25.83,26.55,26.62,0.62,1.96,136.43,8.71,6446043577.0,6426801419.0,-0.12,-0.08,15.08,11.41
4575,301018,申菱环境,101.02,-2.83,-2.94,120888.0,1224983343.5,6.44,104.7,98.0,103.99,103.96,0.71,6.07,134.3,10.13,26876630015.0,20102920802.0,-0.77,-0.76,78.64,59.04
4576,603878,武进不锈,8.94,-2.83,-0.26,185281.0,168097671.0,3.8,9.26,8.91,9.08,9.2,0.7,3.3,64.26,1.91,5016569277.0,5016569277.0,0.11,0.0,-17.38,-3.46
4577,603179,新泉股份,75.77,-2.83,-2.21,67149.0,514935479.0,3.45,78.2,75.51,77.32,77.98,0.67,1.32,46.56,5.99,38653451233.0,38653451233.0,0.09,0.09,10.97,2.56
4578,920510,丰光精密,15.81,-2.83,-0.46,18314.0,29316366.93,4.24,16.35,15.66,16.35,16.27,1.29,1.95,-187.44,7.49,2912422217.0,1484544423.0,0.06,0.19,-6.23,-24.75
4579,688019,安集科技,236.78,-2.84,-6.92,30834.0,739209540.0,3.41,244.46,236.15,241.2,243.7,1.41,1.83,50.57,11.29,39912216911.0,39912216911.0,0.0,0.06,17.9,8.65
4580,002121,科陆电子,9.58,-2.84,-0.28,662627.0,643055272.82,4.26,9.95,9.53,9.76,9.86,0.68,4.73,51.47,21.49,15910623871.0,13411256630.0,0.0,-0.1,27.22,24.42
4581,300304,云意电气,14.01,-2.84,-0.41,254801.0,360644044.5,3.88,14.46,13.9,14.39,14.42,0.75,2.98,27.86,3.67,12302793489.0,11971762631.0,0.0,0.21,26.44,20.36
4582,300782,卓胜微,79.59,-2.84,-2.33,90040.0,726317028.53,4.61,82.98,79.2,81.43,81.92,0.72,2.01,-158.86,4.3,42576129129.0,35676020117.0,0.0,0.23,15.01,-2.32
4583,603012,创力集团,8.21,-2.84,-0.24,170746.0,142044387.0,3.67,8.49,8.18,8.49,8.45,0.66,2.64,45.22,1.4,5307765000.0,5307765000.0,0.12,0.24,42.04,35.93
4584,300761,立华股份,21.92,-2.84,-0.64,106077.0,235348349.6,4.03,22.76,21.85,22.47,22.56,0.74,1.69,47.94,2.04,18352950531.0,13766113570.0,-0.14,-0.09,9.98,5.64
4585,688629,华丰科技,106.55,-2.85,-3.13,146557.0,1571327418.0,3.68,109.66,105.62,109.66,109.68,0.62,8.06,136.44,26.91,49118786143.0,19368983658.0,-0.05,0.0,24.03,6.49
4586,300629,新劲刚,26.61,-2.85,-0.78,245868.0,667854436.38,5.66,28.07,26.52,27.46,27.39,0.7,11.34,446.97,3.93,6690377313.0,5769953725.0,-0.15,-0.04,36.18,11.9
4587,603337,杰克科技,45.0,-2.85,-1.32,26646.0,121049518.0,3.67,46.5,44.8,46.2,46.32,0.54,0.56,23.59,4.37,21438526095.0,21317647095.0,0.0,0.04,16.7,3.85
4588,300862,蓝盾光电,23.22,-2.85,-0.68,39567.0,92846343.8,3.51,24.0,23.16,23.95,23.9,1.0,2.61,-54.47,2.15,4286827684.0,3517156783.0,0.0,0.0,-10.52,1.49
4589,600889,南京化纤,16.05,-2.85,-0.47,67078.0,108300708.0,2.6,16.45,16.02,16.15,16.52,1.09,1.83,-129.03,15.79,8956187600.0,5879853461.0,0.0,0.19,6.36,-5.03
4590,600795,国电电力,5.09,-2.86,-0.15,3329765.0,1713008740.0,4.01,5.28,5.07,5.26,5.24,1.23,1.87,10.05,1.48,90783301127.0,90783301127.0,0.0,0.2,-11.48,0.99
4591,688733,壹石通,31.9,-2.86,-0.94,67201.0,216569566.0,3.29,32.8,31.72,32.47,32.84,0.75,3.36,-288.07,3.02,6372828561.0,6372828561.0,-0.09,0.13,-2.63,10.08
4592,002540,亚太科技,7.12,-2.86,-0.21,189922.0,136992755.0,3.14,7.33,7.1,7.28,7.33,1.02,2.18,22.69,1.64,8908123657.0,6207035423.0,0.0,0.0,-0.56,0.56
4593,688055,龙腾光电,4.42,-2.86,-0.13,304953.0,136129398.0,3.96,4.57,4.39,4.5,4.55,0.52,0.91,-70.76,3.62,14733333628.0,14733333628.0,0.0,0.0,15.4,22.78
4594,300654,世纪天鸿,11.2,-2.86,-0.33,79263.0,89487224.68,3.82,11.56,11.12,11.48,11.53,0.75,2.25,119.15,4.8,4100598342.0,3945329181.0,0.09,0.36,12.11,13.02
4595,600769,祥龙电业,14.28,-2.86,-0.42,258518.0,371807871.0,5.44,14.81,14.01,14.64,14.7,1.12,6.89,233.35,44.56,5354674416.0,5354674416.0,-0.35,-0.14,12.44,18.6
4596,000603,盛达资源,44.3,-2.87,-1.31,191502.0,870526522.87,5.59,46.8,44.25,45.22,45.61,0.87,2.87,71.05,9.29,30565642028.0,29535534704.0,0.0,0.07,54.41,43.09
4597,300903,科翔股份,40.32,-2.87,-1.19,430387.0,1762501663.75,6.0,42.49,40.0,41.01,41.51,0.77,13.11,-109.99,9.69,17554786220.0,13240892932.0,0.05,0.27,98.33,109.02
4598,301182,凯旺科技,58.28,-2.87,-1.72,54841.0,324440374.35,5.28,61.0,57.83,60.0,60.0,0.93,5.72,-82.59,7.32,5584488676.0,5584488676.0,-0.21,0.19,60.6,36.74
4599,603203,快克智能,39.25,-2.87,-1.16,43288.0,172367310.0,3.74,40.65,39.14,40.2,40.41,0.68,1.74,37.63,6.82,9956198882.0,9779267732.0,-0.2,-0.1,28.56,7.21
4600,000993,闽东电力,14.15,-2.88,-0.42,307170.0,435655480.41,4.39,14.56,13.92,14.55,14.57,0.67,6.99,32.08,2.43,6480013088.0,6222428144.0,-0.07,-0.07,-0.07,18.11
4601,300948,冠中生态,21.62,-2.88,-0.64,75214.0,164673126.65,4.04,22.4,21.5,22.3,22.26,1.09,5.01,-339.42,3.96,3447931591.0,3248499263.0,-0.41,-0.64,8.05,-0.32
4602,603200,上海洗霸,67.95,-2.89,-2.02,56149.0,387537872.0,4.42,70.6,67.51,69.0,69.97,1.67,3.2,74.86,10.98,11923872999.0,11923872999.0,0.06,0.06,-6.38,-4.48
4603,688112,鼎阳科技,42.73,-2.89,-1.27,9963.0,43169183.0,2.89,44.0,42.73,43.4,44.0,0.5,0.62,47.73,4.25,6819574811.0,6819574811.0,-0.35,-0.07,19.59,14.1
4604,300767,震安科技,20.52,-2.89,-0.61,51313.0,106420110.55,3.83,21.23,20.42,21.23,21.13,0.59,2.14,-190.61,3.51,5669491895.0,4922583778.0,0.05,0.1,4.32,-1.35
4605,000901,航天科技,23.53,-2.89,-0.7,235938.0,560031395.65,3.22,24.18,23.4,24.0,24.23,0.94,2.96,148.44,4.35,18781679083.0,18781490255.0,-0.04,0.09,-5.2,-17.35
4606,001326,联域股份,63.63,-2.9,-1.9,9695.0,62671008.49,3.42,65.87,63.63,65.53,65.53,0.59,4.02,178.83,3.84,4657716000.0,1533694824.0,-0.59,-1.01,42.22,34.75
4607,688003,天准科技,58.59,-2.9,-1.75,17599.0,104493308.0,3.17,60.5,58.59,59.67,60.34,0.55,0.91,144.85,5.65,11385238095.0,11385238095.0,-0.17,-0.15,5.57,-0.53
4608,600955,维远股份,18.77,-2.9,-0.56,80603.0,154681771.0,5.02,19.73,18.76,19.11,19.33,1.06,1.47,-43.16,1.23,10323500000.0,10323500000.0,-0.05,-0.05,25.89,15.86
4609,300781,因赛集团,37.18,-2.9,-1.11,43520.0,163839304.1,2.98,38.24,37.1,38.06,38.29,0.6,3.59,167.2,9.14,6104039141.0,4504990510.0,-0.13,-0.19,5.21,6.9
4610,603421,鼎信通讯,9.38,-2.9,-0.28,601500.0,578493248.0,6.63,9.99,9.35,9.55,9.66,1.26,9.22,-13.64,2.18,6117546993.0,6117546993.0,-0.21,-0.11,17.1,31.01
4611,002008,大族激光,68.7,-2.9,-2.05,260122.0,1803379436.57,4.38,71.1,68.0,70.53,70.75,0.68,2.72,61.45,4.17,70733754130.0,65726940243.0,0.29,0.38,75.7,66.79
4612,300397,天和防务,13.03,-2.91,-0.39,166722.0,220387810.78,3.28,13.44,13.0,13.35,13.42,0.73,4.11,-61.02,4.69,6744806787.0,5283735466.0,0.08,0.08,-8.05,-12.08
4613,603127,昭衍新药,32.41,-2.91,-0.97,93116.0,304928977.0,3.42,33.5,32.36,33.28,33.38,0.71,1.48,225.69,2.99,24286375810.0,20429741184.0,0.0,-0.15,8.18,-7.43
4614,300310,宜通世纪,6.67,-2.91,-0.2,359517.0,243260494.02,3.93,6.9,6.63,6.79,6.87,0.62,5.2,1300.06,3.08,5880662402.0,4614909275.0,-0.15,0.0,4.06,12.86
4615,002648,卫星化学,28.25,-2.92,-0.85,1197942.0,3449361946.58,6.53,29.92,28.02,29.68,29.1,0.83,3.56,19.01,2.97,95164240743.0,95103130201.0,-0.04,0.0,71.21,59.79
4616,688002,睿创微纳,103.6,-2.92,-3.12,64116.0,672165380.0,3.43,107.19,103.53,105.38,106.72,1.11,1.39,43.35,7.19,47701753800.0,47701753800.0,-0.38,-0.28,21.45,2.78
4617,600405,动力源,5.98,-2.92,-0.18,432996.0,262481374.0,3.9,6.2,5.96,6.1,6.16,0.74,7.1,-17.68,17.68,3664720936.0,3648513994.0,-0.17,0.0,10.95,14.78
4618,603988,中电电机,27.19,-2.93,-0.82,59215.0,163600024.0,4.14,28.26,27.1,27.94,28.01,0.83,2.52,122.31,9.53,6395088000.0,6395088000.0,0.0,-0.07,8.59,11.89
4619,688429,时创能源,15.55,-2.93,-0.47,35099.0,55079958.0,3.75,16.02,15.42,16.02,16.02,0.74,2.93,-18.48,4.52,6220012440.0,1863314002.0,0.0,0.13,12.44,18.79
4620,688616,西力科技,14.57,-2.93,-0.44,50188.0,73858886.0,2.86,14.95,14.52,14.85,15.01,0.66,2.8,25.18,2.89,2613541321.0,2613541321.0,0.21,0.07,17.78,19.13
4621,603039,泛微网络,43.1,-2.93,-1.3,55171.0,239732396.0,2.45,44.16,43.07,43.9,44.4,0.61,2.15,82.86,4.99,11049372661.0,11049372661.0,-0.09,-0.02,-12.89,-19.5
4622,600192,长城电工,9.9,-2.94,-0.3,204168.0,203167835.0,4.71,10.23,9.75,10.03,10.2,1.02,4.62,-20.69,4.31,4373305200.0,4373305200.0,0.0,-0.2,10.12,-2.37
4623,603285,键邦股份,35.38,-2.94,-1.07,41547.0,147360722.0,6.47,37.19,34.83,35.53,36.45,1.15,6.67,39.71,3.38,5660800000.0,2204060076.0,-0.25,0.14,44.64,45.24
4624,688788,科思科技,60.07,-2.94,-1.82,18723.0,113128346.0,3.38,61.92,59.83,60.71,61.89,0.76,1.19,-32.23,5.14,9423445689.0,9423445689.0,0.03,0.15,2.49,-10.8
4625,688779,五矿新能,11.9,-2.94,-0.36,415404.0,502512235.0,4.89,12.4,11.8,12.22,12.26,0.85,2.15,100.67,3.16,22957710194.0,22957710194.0,0.34,0.08,66.9,58.88
4626,000415,渤海租赁,4.62,-2.94,-0.14,529045.0,248382862.38,3.78,4.78,4.6,4.75,4.76,0.66,0.98,-15.61,0.99,28572488323.0,24915455486.0,0.22,0.0,21.9,14.07
4627,300115,长盈精密,34.71,-2.94,-1.05,277038.0,972793059.7,2.52,35.58,34.68,35.11,35.76,0.67,2.04,78.78,5.68,47236351325.0,47096982275.0,-0.2,-0.23,-20.21,-25.35
4628,688757,胜科纳米,27.0,-2.95,-0.82,10307.0,28105751.0,4.03,28.05,26.93,28.05,27.82,0.8,2.94,174.81,12.27,10889410122.0,946208763.0,0.07,0.0,2.54,2.62
4629,002654,万润科技,15.44,-2.95,-0.47,501445.0,784140463.81,3.9,16.03,15.41,15.92,15.91,0.64,5.93,352.63,8.34,13051471279.0,13050544879.0,-0.13,-0.06,12.87,9.74
4630,600776,东方通信,16.11,-2.95,-0.49,174880.0,284707713.0,2.95,16.6,16.11,16.49,16.6,0.79,1.83,41.66,5.35,20234161031.0,15401161031.0,-0.25,-0.19,17.42,-2.36
4631,301315,威士顿,51.71,-2.95,-1.57,14904.0,78072954.6,3.06,53.31,51.68,53.29,53.28,1.07,4.03,158.84,4.47,4550480000.0,1913270000.0,-0.08,-0.12,-19.09,-9.57
4632,300253,卫宁健康,9.21,-2.95,-0.28,547012.0,509993557.67,3.58,9.53,9.19,9.5,9.49,0.96,3.0,-63.4,3.62,20405021639.0,16806010865.0,-0.11,0.0,12.18,4.42
4633,000970,中科三环,13.47,-2.95,-0.41,253380.0,346028836.34,3.75,13.93,13.41,13.78,13.88,0.76,2.08,179.25,2.49,16375826162.0,16375826162.0,-0.07,0.0,2.51,-0.66
4634,920414,欧普泰,13.82,-2.95,-0.42,32590.0,46073527.52,4.63,14.48,13.82,14.16,14.24,0.71,5.81,-69.63,3.98,1102119723.0,774992252.0,-0.65,-1.0,20.91,22.84
4635,000571,新大洲A,7.22,-2.96,-0.22,249675.0,182874179.29,5.38,7.56,7.16,7.56,7.44,0.97,3.07,-44.5,42.7,6058511380.0,5877024406.0,0.0,0.28,14.42,23.21
4636,300680,隆盛科技,42.32,-2.96,-1.29,60036.0,257421874.04,3.37,43.65,42.18,43.59,43.61,1.06,3.41,34.37,4.86,9636944421.0,7441470085.0,-0.02,-0.02,-13.62,-24.25
4637,603660,苏州科达,9.5,-2.96,-0.29,171715.0,163662173.0,4.8,9.86,9.39,9.84,9.79,1.18,3.0,-11.68,6.37,5469967437.0,5429180612.0,-0.11,0.0,-6.31,-13.87
4638,301050,雷电微力,49.23,-2.96,-1.5,62356.0,310542936.21,2.72,50.58,49.2,50.5,50.73,0.95,2.96,58.24,3.9,12170255178.0,10356301737.0,0.0,-0.12,4.7,-5.69
4639,301057,汇隆新材,36.36,-2.96,-1.11,23505.0,86539596.66,3.15,37.54,36.36,36.87,37.47,0.4,2.85,103.77,5.59,4253008766.0,3002861975.0,-0.03,-0.16,22.22,0.66
4640,603112,华翔股份,17.35,-2.96,-0.53,70637.0,123945334.0,4.19,18.05,17.3,18.05,17.88,0.78,1.4,16.68,2.15,9368330307.0,8765197740.0,0.0,-0.12,-5.24,-0.12
4641,603580,*ST艾艾,15.06,-2.96,-0.46,13374.0,20443275.0,4.96,15.74,14.97,15.54,15.52,1.56,1.02,110.99,4.67,1967938392.0,1967938392.0,-0.07,0.0,-6.34,-7.49
4642,301571,国科天成,58.28,-2.96,-1.78,46719.0,274789693.02,3.33,60.0,58.0,59.88,60.06,0.94,3.92,51.35,5.13,10456941918.0,6945052177.0,0.0,0.03,16.68,1.04
4643,600237,铜峰电子,10.18,-2.96,-0.31,311370.0,321555669.0,3.34,10.53,10.18,10.46,10.49,0.63,4.98,60.26,3.34,6420568298.0,6358588793.0,-0.29,-0.49,21.33,13.62
4644,600021,上海电力,21.2,-2.97,-0.65,552339.0,1184787419.0,3.11,21.86,21.18,21.86,21.85,0.79,1.96,14.71,2.83,59810180834.0,59810180834.0,-0.05,-0.05,3.47,5.89
4645,300715,凯伦股份,13.73,-2.97,-0.42,52336.0,72739119.0,3.11,14.15,13.71,14.11,14.15,0.63,1.57,147.4,2.79,5190701054.0,4588001367.0,-0.22,-0.07,31.26,31.51
4646,603353,和顺石油,39.75,-2.98,-1.22,80263.0,321614032.0,3.95,41.0,39.38,40.89,40.97,0.57,4.71,235.02,4.14,6833263500.0,6774115500.0,0.0,0.08,27.61,45.44
4647,688737,中自科技,28.66,-2.98,-0.88,23887.0,69360961.0,3.22,29.59,28.64,29.41,29.54,0.89,2.0,-60.98,1.94,3426718828.0,3426718828.0,0.07,0.03,24.5,27.72
4648,300071,福石控股,5.21,-2.98,-0.16,427534.0,226661749.44,4.28,5.43,5.2,5.38,5.37,0.69,4.52,-70.15,35.8,5021837391.0,4925278012.0,-0.19,0.0,-11.99,-20.21
4649,688778,厦钨新能,76.58,-2.98,-2.35,65512.0,511310684.0,4.43,79.9,76.4,78.01,78.93,1.06,1.3,51.2,4.21,38649243136.0,38649243136.0,-0.3,-0.1,4.39,-1.02
4650,920808,曙光数创,79.18,-2.98,-2.43,19111.0,153424367.4,3.31,81.8,79.1,80.8,81.61,0.79,0.98,434.34,20.95,15836000079.0,15406225133.0,-0.38,-0.26,-5.83,11.51
4651,300990,同飞股份,88.1,-2.98,-2.71,29704.0,263892606.41,3.4,90.6,87.51,89.5,90.81,0.54,3.85,62.46,7.38,15028023115.0,6794534979.0,-0.06,-0.06,17.26,-2.06
4652,300182,捷成股份,6.16,-2.99,-0.19,1550986.0,966368013.82,3.62,6.36,6.13,6.34,6.35,0.81,6.87,57.96,1.95,16409165893.0,13914836671.0,0.16,0.16,13.44,11.59
4653,002042,华孚时尚,4.55,-2.99,-0.14,406196.0,186984451.17,3.62,4.69,4.52,4.66,4.69,0.67,2.39,110.93,1.34,7738100165.0,7738100165.0,0.22,0.0,8.33,7.06
4654,002632,道明光学,13.28,-2.99,-0.41,250768.0,336480689.0,3.43,13.69,13.22,13.68,13.69,0.75,4.31,34.65,3.87,8294675915.0,7727446226.0,-0.08,-0.15,-13.37,6.67
4655,300067,安诺其,4.87,-2.99,-0.15,428182.0,210918444.46,3.39,5.02,4.85,5.0,5.02,0.63,4.57,-114.13,2.25,5621804175.0,4565545526.0,-0.2,-0.2,-1.62,-2.6
4656,002353,杰瑞股份,105.23,-2.99,-3.24,239138.0,2535507204.74,3.89,108.5,104.28,108.47,108.47,1.01,3.45,44.69,4.86,107740349307.0,72950054545.0,0.22,0.15,48.42,48.57
4657,605028,世茂能源,28.86,-2.99,-0.89,27520.0,80250903.0,2.82,29.63,28.79,29.58,29.75,0.68,1.72,29.56,3.38,4617600000.0,4617600000.0,-0.03,-0.24,3.7,-2.3
4658,301522,上大股份,34.29,-3.0,-1.06,73880.0,256103735.4,3.14,35.22,34.11,35.1,35.35,0.75,2.63,124.88,6.74,12751308011.0,9649777511.0,0.09,0.2,7.19,-12.46
4659,002144,宏达高科,15.85,-3.0,-0.49,61371.0,98803326.0,3.86,16.43,15.8,16.38,16.34,0.94,4.46,35.38,1.32,2801686069.0,2181661775.0,-0.06,-0.19,19.26,24.9
4660,301668,昊创瑞通,55.6,-3.0,-1.72,29459.0,165022655.86,3.84,57.5,55.3,57.5,57.32,0.71,12.78,49.7,5.85,6116000000.0,1281472470.0,-0.07,-0.05,8.15,17.03
4661,920062,科润智控,11.97,-3.0,-0.37,80638.0,98346726.87,3.81,12.44,11.97,12.33,12.34,0.47,6.04,141.94,3.03,2258814136.0,1598114760.0,-0.25,-0.5,23.4,24.56
4662,301392,汇成真空,123.05,-3.0,-3.8,25076.0,308920512.62,3.82,126.6,121.76,126.45,126.85,0.43,6.15,522.73,16.97,12305000000.0,5019936849.0,-0.14,0.03,-2.71,-4.64
4663,600571,信雅达,14.48,-3.01,-0.45,72798.0,106396672.0,3.01,14.89,14.44,14.84,14.93,1.02,1.59,225.33,5.63,6752289114.0,6628244659.0,0.0,0.0,-5.36,-8.82
4664,301027,华蓝集团,22.23,-3.01,-0.69,87461.0,198769347.16,7.07,23.62,22.0,23.09,22.92,0.9,7.4,247.02,3.43,3267810000.0,2628526240.0,-0.09,0.18,35.71,20.75
4665,688349,三一重能,29.05,-3.01,-0.9,196902.0,582019781.0,7.01,30.9,28.8,29.74,29.95,2.19,1.66,48.48,2.57,35627042446.0,34554516446.0,0.24,0.31,13.43,14.91
4666,300504,天邑股份,17.73,-3.01,-0.55,298871.0,541275403.0,6.4,18.83,17.66,18.3,18.28,1.44,13.69,-65.25,2.27,4805265803.0,3869599645.0,0.0,0.11,19.8,19.07
4667,603063,禾望电气,32.2,-3.01,-1.0,258938.0,844759767.0,3.46,33.15,32.0,33.0,33.2,0.63,5.65,33.11,2.98,14758338120.0,14758338120.0,0.03,-0.16,6.17,-2.63
4668,000719,中原传媒,12.88,-3.01,-0.4,158119.0,207018752.56,4.67,13.47,12.85,13.2,13.28,1.99,2.37,9.77,1.08,13178864287.0,8592860354.0,-0.23,0.0,7.6,9.52
4669,301380,挖金客,34.0,-3.02,-1.06,19616.0,67341764.72,3.14,35.0,33.9,34.8,35.06,1.13,2.43,96.77,4.74,3447342722.0,2745112876.0,-0.21,0.09,4.13,-10.05
4670,688068,热景生物,124.14,-3.02,-3.86,20766.0,263229369.0,5.58,131.25,124.11,125.97,128.0,1.09,2.24,-54.67,4.62,11508763672.0,11508763672.0,-0.69,-0.95,-32.09,-23.37
4671,300774,倍杰特,22.15,-3.02,-0.69,112597.0,256047230.08,7.4,23.68,21.99,22.7,22.84,1.16,5.78,64.12,6.01,9054115069.0,4316601990.0,-0.05,0.0,24.65,16.58
4672,300770,新媒股份,41.47,-3.02,-1.29,52587.0,219069087.19,1.36,41.99,41.41,41.84,42.76,2.13,2.31,14.33,2.65,9448466369.0,9448466369.0,-0.02,0.0,-2.03,-2.22
4673,300140,节能环境,7.7,-3.02,-0.24,599523.0,467377669.14,4.28,8.02,7.68,7.9,7.94,0.82,5.88,20.28,1.7,23862816023.0,7854933625.0,0.13,-0.13,22.03,13.74
4674,603876,鼎胜新材,20.88,-3.02,-0.65,408072.0,871504847.0,5.95,22.08,20.8,21.34,21.53,1.25,4.39,47.44,2.65,19403099407.0,19403099407.0,0.05,-0.14,56.76,39.11
4675,300465,高伟达,16.62,-3.03,-0.52,111855.0,187427679.15,4.2,17.28,16.56,17.18,17.14,1.32,2.52,259.11,10.99,7375114313.0,7375114313.0,-0.12,-0.06,-23.55,-17.44
4676,000554,泰山石油,9.29,-3.03,-0.29,475260.0,449912027.43,5.85,9.79,9.23,9.73,9.58,0.59,13.11,29.6,3.86,4466569924.0,3369048200.0,-0.11,-0.32,40.33,43.36
4677,300045,华力创通,23.66,-3.03,-0.74,192907.0,463213705.48,4.1,24.65,23.65,24.27,24.4,0.89,3.74,1252.56,9.76,15678896084.0,12215969744.0,0.0,-0.13,-3.59,-18.16
4678,002050,三花智控,47.3,-3.03,-1.48,709775.0,3382233733.26,2.4,48.35,47.18,48.21,48.78,0.89,1.93,46.04,6.29,199039059126.0,174262543311.0,0.0,-0.17,3.18,-14.3
4679,300466,赛摩智能,9.6,-3.03,-0.3,88109.0,85732189.0,3.84,9.95,9.57,9.91,9.9,0.75,1.96,-408.54,7.13,5141087117.0,4309172755.0,0.1,0.0,-5.42,-4.48
4680,002085,万丰奥威,15.67,-3.03,-0.49,432474.0,684902520.48,2.85,16.09,15.63,16.08,16.16,0.7,2.04,34.23,4.38,33272072138.0,33272072138.0,-0.06,0.0,0.51,-2.12
4681,000681,视觉中国,22.11,-3.03,-0.69,286864.0,640626289.02,2.76,22.69,22.06,22.6,22.8,0.97,4.24,156.33,4.27,15489767110.0,14952184725.0,0.0,0.0,-1.82,-7.14
4682,600828,茂业商业,6.07,-3.04,-0.19,322418.0,198796603.0,4.63,6.34,6.05,6.21,6.26,0.7,1.86,188.94,1.5,10513134054.0,10509356299.0,0.0,-0.16,-6.33,3.94
4683,601233,桐昆股份,20.35,-3.05,-0.64,564761.0,1156368350.0,4.91,20.99,19.96,20.73,20.99,0.89,2.38,23.45,1.29,48412680322.0,48324579677.0,0.0,0.0,41.52,18.25
4684,600352,浙江龙盛,14.94,-3.05,-0.47,795671.0,1212755210.0,5.06,15.68,14.9,15.3,15.41,0.94,2.45,26.09,1.42,48604777988.0,48604777988.0,0.2,0.2,43.93,40.15
4685,000933,神火股份,36.88,-3.05,-1.16,623090.0,2371166574.37,7.62,39.48,36.58,38.21,38.04,1.05,2.77,17.83,3.46,82943282235.0,82888182593.0,0.03,0.46,40.44,34.26
4686,300513,恒实科技,9.84,-3.05,-0.31,107462.0,107390913.42,4.24,10.25,9.82,10.15,10.15,0.89,3.73,-26.9,2.34,3086720965.0,2836653867.0,0.0,0.1,2.71,3.69
4687,301607,富特科技,47.94,-3.05,-1.51,42359.0,205554706.78,3.48,49.45,47.73,49.1,49.45,0.69,3.79,40.8,6.54,7450853928.0,5361870298.0,0.02,0.13,12.11,19.52
4688,603106,恒银科技,9.85,-3.05,-0.31,75187.0,74689884.0,3.15,10.16,9.84,10.11,10.16,1.27,1.44,216.03,3.92,5127122000.0,5127122000.0,-0.1,-0.1,-13.75,-7.86
4689,002039,黔源电力,19.03,-3.06,-0.6,105696.0,203405344.12,3.26,19.63,18.99,19.63,19.63,0.65,2.47,12.38,1.87,8136431138.0,8136408302.0,0.0,0.0,4.05,4.73
4690,603000,人民网,20.29,-3.06,-0.64,268077.0,550527077.0,2.82,20.85,20.26,20.73,20.93,0.96,2.42,500.14,6.11,22434471526.0,22434471526.0,-0.05,-0.05,4.7,6.51
4691,002237,恒邦股份,16.79,-3.06,-0.53,303534.0,516677485.39,4.16,17.42,16.7,17.22,17.32,0.98,2.55,32.07,1.95,24009203150.0,20019657374.0,-0.06,0.06,32.0,25.11
4692,301171,易点天下,47.22,-3.06,-1.49,197235.0,939219057.45,3.43,48.67,47.0,48.24,48.71,0.84,5.18,82.09,5.95,22282452434.0,17985576266.0,-0.08,0.17,28.49,16.59
4693,301101,明月镜片,36.42,-3.06,-1.15,42381.0,156810038.11,3.59,37.76,36.41,37.56,37.57,1.99,2.22,36.92,4.27,7339070682.0,6953191677.0,-0.05,0.0,-11.02,-12.09
4694,601567,三星医疗,30.44,-3.06,-0.96,310379.0,953877416.0,3.98,31.5,30.25,31.47,31.4,0.59,2.21,21.0,3.44,42774574136.0,42774574136.0,0.53,0.36,31.21,32.23
4695,300911,亿田智能,40.54,-3.06,-1.28,71755.0,296765711.32,6.7,43.1,40.3,41.43,41.82,0.66,4.19,-50.28,6.33,7432429400.0,6945987183.0,0.5,0.17,17.85,21.74
4696,600644,乐山电力,12.62,-3.07,-0.4,439275.0,561400941.0,4.38,13.09,12.52,12.97,13.02,0.71,7.6,311.87,3.53,7298408723.0,7298408723.0,0.0,-0.08,23.6,29.44
4697,920130,立方控股,23.03,-3.07,-0.73,15729.0,36656172.33,3.37,23.76,22.96,23.76,23.76,0.4,2.78,-44.16,4.45,2124361725.0,1303212866.0,-0.09,-0.09,5.11,-20.48
4698,920641,格利尔,19.86,-3.07,-0.63,20714.0,41594640.64,3.03,20.42,19.8,20.22,20.49,0.5,4.56,168.21,4.29,1490989500.0,902073492.0,0.05,-0.1,9.06,8.29
4699,300798,锦鸡股份,9.77,-3.08,-0.31,374327.0,368765251.0,4.46,10.13,9.68,10.05,10.08,0.74,9.81,-225.7,2.73,4580716711.0,3726343860.0,0.1,0.0,31.14,37.41
4700,603685,晨丰科技,27.06,-3.08,-0.86,30252.0,83515063.0,4.08,28.2,27.06,27.78,27.92,0.96,1.5,208.14,3.84,6790722370.0,5451663114.0,-0.18,-0.15,32.13,38.84
4701,300489,光智科技,43.48,-3.08,-1.38,31662.0,140461442.0,4.5,45.42,43.4,44.88,44.86,0.64,2.31,-499.17,9.45,5986014866.0,5963887720.0,0.0,-0.11,9.52,-14.41
4702,688095,福昕软件,76.79,-3.08,-2.44,30654.0,237913365.0,3.41,79.2,76.5,79.0,79.23,1.32,3.36,254.91,2.67,7015497848.0,7015497848.0,-0.04,-0.07,-15.06,-13.98
4703,300941,创识科技,21.63,-3.09,-0.69,35455.0,77261541.0,2.69,22.2,21.6,22.2,22.32,1.12,3.34,216.73,3.47,4428742500.0,2299011581.0,0.0,0.09,-27.44,-8.39
4704,300931,通用电梯,12.83,-3.1,-0.41,75786.0,98764622.9,3.93,13.24,12.72,13.24,13.24,0.97,4.1,-261.22,4.81,3081073180.0,2373234870.0,0.16,0.16,14.35,15.9
4705,688283,坤恒顺维,43.16,-3.1,-1.38,6144.0,26953753.0,3.17,44.56,43.15,44.54,44.54,0.57,0.5,112.4,5.33,5256888000.0,5256888000.0,-0.19,-0.3,13.55,7.1
4706,300277,海联讯,20.61,-3.1,-0.66,456435.0,952848513.23,5.12,21.49,20.4,21.17,21.27,0.78,5.95,5967.38,14.39,31257224207.0,15807719444.0,0.24,0.05,66.48,57.93
4707,688583,思看科技,133.0,-3.1,-4.26,11242.0,152622761.0,5.83,140.8,132.8,139.0,137.26,0.62,3.65,123.13,10.0,11757200000.0,4096857786.0,-0.14,-0.02,47.52,42.72
4708,688281,华秦科技,81.4,-3.1,-2.6,24258.0,199656987.0,3.21,84.0,81.3,84.0,84.0,0.98,0.89,70.79,4.7,22187252945.0,22187252945.0,-0.1,-0.12,27.19,10.39
4709,002206,海 利 得,6.88,-3.1,-0.22,302357.0,211721670.58,3.8,7.14,6.87,7.07,7.1,1.24,3.54,14.45,2.04,7995985674.0,5868754800.0,0.15,0.0,23.08,17.61
4710,300342,天银机电,40.47,-3.11,-1.3,248132.0,1022102366.47,5.12,42.37,40.23,41.83,41.77,1.11,5.92,531.55,10.97,17201171023.0,16948789986.0,-0.3,0.2,79.07,22.16
4711,600312,平高电气,23.04,-3.11,-0.74,324748.0,759883670.0,3.45,23.82,23.0,23.68,23.78,0.54,2.39,23.87,2.75,31263466959.0,31263466959.0,-0.04,0.04,35.77,32.8
4712,920570,坤博精工,33.65,-3.11,-1.08,8234.0,28106717.19,3.37,34.72,33.55,34.62,34.73,0.98,3.38,171.16,4.83,1688214477.0,819085553.0,0.0,0.21,0.45,-0.62
4713,688750,金天钛业,19.93,-3.11,-0.64,61649.0,124223317.0,2.82,20.5,19.92,20.4,20.57,0.96,2.65,155.52,3.74,9217625000.0,4642062237.0,-0.05,-0.1,6.46,-0.2
4714,300803,指南针,103.27,-3.11,-3.31,139820.0,1457729843.1,3.07,106.5,103.23,106.0,106.58,0.91,2.31,276.3,22.58,62973211062.0,62513377325.0,-0.01,-0.1,-19.07,-21.04
4715,301439,泓淋电力,17.14,-3.11,-0.55,105012.0,181267800.89,3.45,17.64,17.03,17.58,17.69,0.75,5.73,35.03,2.25,6669205006.0,3140852277.0,0.0,0.18,13.14,14.96
4716,920642,通易航天,13.72,-3.11,-0.44,18155.0,25308135.9,3.04,14.15,13.72,14.14,14.16,0.87,1.82,-41.49,6.47,1422356214.0,1371408366.0,-0.44,-0.58,-11.94,-18.58
4717,301236,软通动力,45.65,-3.12,-1.47,155703.0,715321169.06,2.63,46.84,45.6,46.84,47.12,0.68,1.98,358.41,4.2,47256390632.0,35867627445.0,-0.07,0.0,-2.46,-3.75
4718,301550,斯菱智驱,145.5,-3.12,-4.69,30621.0,450484525.91,3.45,150.39,145.21,148.38,150.19,0.65,2.17,180.51,12.65,33650512500.0,20527077435.0,0.04,0.19,24.89,4.9
4719,603095,越剑智能,19.26,-3.12,-0.62,40094.0,79007345.0,5.03,20.21,19.21,19.78,19.88,0.72,1.55,46.19,2.15,4974264792.0,4974264792.0,0.05,-0.1,32.83,7.96
4720,688060,云涌科技,47.81,-3.12,-1.54,6230.0,30146897.0,2.98,49.28,47.81,48.96,49.35,0.84,1.04,-234.75,3.19,2877718706.0,2877718706.0,-0.23,-0.1,13.7,12.95
4721,688682,霍莱沃,45.05,-3.12,-1.45,9870.0,45142522.0,3.59,46.68,45.01,46.08,46.5,0.76,0.97,-203.45,7.5,4587842220.0,4587842220.0,-0.09,-0.31,5.06,-14.86
4722,601096,宏盛华源,6.49,-3.13,-0.21,629899.0,414555561.0,4.33,6.75,6.46,6.71,6.7,0.47,3.83,46.01,3.79,17361756521.0,10662917751.0,-0.15,0.0,55.64,56.39
4723,688518,联赢激光,25.67,-3.13,-0.83,91372.0,238814412.0,5.09,26.98,25.63,26.1,26.5,0.72,2.68,50.87,2.68,8761815189.0,8761815189.0,-0.12,0.04,9.19,5.68
4724,300191,潜能恒信,44.22,-3.13,-1.43,257411.0,1146586841.88,6.07,46.42,43.65,45.5,45.65,0.57,11.64,-583.48,13.32,14150400000.0,9781242900.0,-0.27,0.23,146.76,139.29
4725,603363,傲农生物,4.33,-3.13,-0.14,881083.0,385438841.0,3.36,4.46,4.31,4.45,4.47,0.85,4.14,20.42,3.37,11270824707.0,9220346214.0,0.23,0.0,-11.81,-6.07
4726,688502,茂莱光学,329.78,-3.13,-10.66,6327.0,210871569.0,3.12,339.5,328.88,339.05,340.44,0.64,1.2,375.33,13.54,17412384000.0,17412384000.0,-0.05,-0.04,-8.49,-17.36
4727,603516,淳中科技,145.93,-3.13,-4.71,38474.0,570371664.0,4.55,151.88,145.02,150.39,150.64,0.85,1.89,-760.89,21.31,29662939954.0,29662939954.0,0.01,0.03,-23.99,-34.71
4728,300414,中光防雷,14.24,-3.13,-0.46,101826.0,146871652.42,2.99,14.66,14.22,14.63,14.7,0.64,3.25,203.2,4.67,4642517196.0,4464646979.0,-0.07,-0.07,15.4,-4.75
4729,300152,ST新动力,2.48,-3.13,-0.08,359358.0,90229922.0,3.91,2.57,2.47,2.52,2.56,0.9,5.04,-183.32,7.51,1767744000.0,1767293694.0,-0.4,-0.4,9.73,15.89
4730,300258,精锻科技,14.23,-3.13,-0.46,200281.0,288904197.0,4.02,14.77,14.18,14.64,14.69,0.6,3.51,67.96,1.76,8325222268.0,8109548048.0,-0.14,0.21,4.56,-0.63
4731,688157,松井股份,38.85,-3.14,-1.26,15173.0,60038913.0,3.99,40.44,38.84,39.3,40.11,0.69,0.97,278.11,4.55,6077347458.0,6077347458.0,0.0,-0.03,15.97,7.23
4732,688691,灿芯股份,106.57,-3.14,-3.45,39583.0,428471715.0,4.81,111.29,106.0,108.6,110.02,0.73,5.54,-111.14,10.38,12788400000.0,7616026116.0,0.0,0.05,-7.72,4.5
4733,000690,宝新能源,4.94,-3.14,-0.16,1314479.0,654429339.2,3.53,5.09,4.91,5.09,5.1,0.94,6.05,9.82,0.86,10748886038.0,10741888593.0,0.2,0.41,14.09,17.9
4734,300444,双杰电气,16.32,-3.15,-0.53,635741.0,1050213370.05,5.46,17.12,16.2,16.98,16.85,0.52,10.23,78.15,7.32,13033561469.0,10142010128.0,-0.06,0.06,70.71,69.47
4735,002829,星网宇达,25.2,-3.15,-0.82,57455.0,146080086.68,2.54,25.85,25.19,25.85,26.02,0.96,3.93,102.35,3.05,5236796729.0,3680433389.0,0.0,-0.04,-9.39,-19.8
4736,603777,来伊份,12.9,-3.15,-0.42,89575.0,117078813.0,4.73,13.45,12.82,13.18,13.32,0.82,2.68,-25.81,2.72,4314071741.0,4314071741.0,0.0,0.31,-5.91,-6.05
4737,301231,荣信文化,34.92,-3.16,-1.14,41572.0,146825506.94,3.58,36.07,34.78,36.07,36.06,0.65,6.35,-433.85,3.5,2947248000.0,2284850520.0,0.03,0.06,18.05,12.36
4738,600568,ST中珠,3.06,-3.16,-0.1,367718.0,113842856.0,6.65,3.23,3.02,3.17,3.16,1.04,2.2,-135.37,3.55,6098181224.0,5107345874.0,0.0,0.33,14.18,21.91
4739,600595,中孚实业,8.57,-3.16,-0.28,1052532.0,939322378.0,8.81,9.3,8.52,8.9,8.85,1.04,2.63,21.7,2.06,34347746827.0,34347746827.0,0.12,0.35,14.73,9.17
4740,300424,航新科技,17.77,-3.16,-0.58,100422.0,180200402.2,2.89,18.28,17.75,18.23,18.35,0.74,4.09,185.6,5.74,4361382136.0,4358800403.0,-0.06,0.0,0.79,-2.95
4741,600053,九鼎投资,16.55,-3.16,-0.54,57698.0,96875613.0,3.57,17.16,16.55,17.1,17.09,1.61,1.33,-107.77,2.79,7175100240.0,7175100240.0,-0.42,-0.36,-9.61,-16.71
4742,002530,金财互联,9.5,-3.16,-0.31,166908.0,160082709.0,2.96,9.76,9.47,9.76,9.81,1.15,2.4,96.52,5.59,7402382663.0,6603671673.0,0.11,0.0,-4.33,-11.87
4743,603031,安孚科技,54.48,-3.16,-1.78,83061.0,463762257.0,5.37,57.47,54.45,56.18,56.26,0.83,3.93,62.15,5.12,14046294723.0,11501817600.0,-0.38,-0.4,34.52,23.31
4744,605003,众望布艺,30.63,-3.16,-1.0,13921.0,43670734.0,5.37,32.3,30.6,31.74,31.63,0.82,1.27,48.23,2.34,3369300000.0,3369300000.0,-0.07,-0.1,21.02,-13.84
4745,300426,华智数媒,8.56,-3.17,-0.28,77698.0,67381797.5,3.17,8.81,8.53,8.8,8.84,0.8,1.94,-7.91,26.18,3855276854.0,3424000000.0,0.12,0.12,2.39,10.88
4746,301299,卓创资讯,66.84,-3.17,-2.19,30451.0,206021430.44,4.29,69.48,66.52,68.23,69.03,0.96,5.04,61.12,6.8,4035836630.0,4035836630.0,-0.09,0.03,20.67,22.91
4747,301086,鸿富瀚,125.0,-3.18,-4.1,13162.0,166426090.19,3.55,128.98,124.4,128.52,129.1,0.67,2.78,103.33,5.82,11250000000.0,5917289125.0,-0.07,0.24,26.43,11.72
4748,002492,恒基达鑫,8.23,-3.18,-0.27,85652.0,71353741.5,3.65,8.51,8.2,8.48,8.5,0.74,2.15,47.34,1.93,3333150000.0,3274179787.0,-0.24,-0.24,-1.56,-5.84
4749,688535,华海诚科,126.3,-3.18,-4.15,28988.0,368765301.0,4.22,130.66,125.15,127.01,130.45,0.68,5.53,500.02,5.56,12126608995.0,6625135712.0,-0.01,0.17,28.08,12.69
4750,002221,东华能源,9.43,-3.18,-0.31,795995.0,757201627.38,6.26,9.97,9.36,9.94,9.74,1.15,5.45,148.06,1.34,14862884843.0,13776052306.0,0.21,0.0,21.68,16.42
4751,300102,乾照光电,32.54,-3.18,-1.07,433406.0,1439288645.58,4.94,34.08,32.42,33.5,33.61,0.74,4.73,255.38,7.07,29947663902.0,29817699956.0,0.0,-0.12,23.82,18.07
4752,603790,雅运股份,23.72,-3.18,-0.78,45234.0,109892047.0,5.14,24.86,23.6,24.5,24.5,1.03,2.36,51.94,3.6,4539059200.0,4539059200.0,0.0,-0.04,22.58,21.7
4753,300131,英唐智控,14.62,-3.18,-0.48,591962.0,876035932.56,3.31,15.09,14.59,14.98,15.1,1.03,5.68,477.39,9.39,16593984871.0,15237951084.0,-0.07,0.07,5.26,-0.27
4754,000409,云鼎科技,10.92,-3.19,-0.36,127351.0,140477850.16,3.28,11.23,10.86,11.2,11.28,1.52,2.16,109.55,4.71,7401035515.0,6448086743.0,0.09,0.18,-2.5,-1.97
4755,300697,电工合金,16.08,-3.19,-0.53,97988.0,159972298.7,3.85,16.69,16.05,16.5,16.61,1.0,4.86,40.94,5.67,6956851200.0,3239979525.0,0.0,0.0,-6.07,-4.17
4756,300938,信测标准,39.71,-3.19,-1.31,102725.0,411936345.33,4.0,40.99,39.35,40.6,41.02,1.07,4.88,46.79,5.33,9669239979.0,8367571633.0,0.05,-0.08,17.07,21.81
4757,600608,*ST沪科,3.03,-3.19,-0.1,26279.0,7994288.0,4.15,3.13,3.0,3.05,3.13,0.95,0.83,703.72,25.62,996450166.0,964665466.0,0.0,0.0,-23.68,-10.36
4758,688392,骄成超声,112.99,-3.2,-3.74,34288.0,396533578.0,5.05,118.13,112.24,116.0,116.73,2.32,2.96,113.79,7.27,13076712346.0,13076712346.0,-0.03,0.35,5.97,0.7
4759,000582,北部湾港,11.19,-3.2,-0.37,533009.0,606047888.34,3.81,11.6,11.16,11.56,11.56,1.08,2.47,26.78,1.41,28166175331.0,24135131615.0,0.18,0.0,26.16,19.3
4760,002297,博云新材,11.79,-3.2,-0.39,296630.0,355236748.89,4.02,12.25,11.76,12.15,12.18,0.73,5.18,168.71,3.21,6756905816.0,6756905816.0,-0.08,-0.25,14.91,-1.5
4761,600703,三安光电,18.14,-3.2,-0.6,3405816.0,6247031443.0,3.68,18.77,18.08,18.39,18.74,1.0,6.83,766.08,2.56,90500799708.0,90500799708.0,0.11,0.0,29.39,28.38
4762,688028,沃尔德,105.52,-3.2,-3.49,44795.0,479603939.0,4.32,109.82,105.11,109.14,109.01,0.63,2.97,169.02,8.02,15928138480.0,15928138480.0,-0.36,-0.56,54.61,63.5
4763,002881,美格智能,44.78,-3.2,-1.48,70034.0,315516664.28,2.49,45.82,44.67,45.82,46.26,0.51,3.85,89.63,6.99,13523860026.0,8146600157.0,0.0,0.0,-3.47,0.49
4764,603070,万控智造,15.99,-3.21,-0.53,81137.0,130996940.0,4.66,16.71,15.94,16.71,16.52,0.59,2.02,79.96,2.98,6411990000.0,6411990000.0,0.06,0.19,23.86,23.38
4765,601069,西部黄金,35.3,-3.21,-1.17,172247.0,618265766.0,4.17,36.75,35.23,36.14,36.47,0.78,1.94,81.45,7.06,32158269042.0,31317752038.0,0.0,-0.08,36.4,32.31
4766,600475,华光环能,21.65,-3.22,-0.72,192214.0,419259701.0,3.44,22.17,21.4,22.0,22.37,0.59,2.04,45.08,2.38,20696658033.0,20413476033.0,-0.14,0.05,24.07,19.15
4767,002446,盛路通信,10.52,-3.22,-0.35,324364.0,346687049.0,4.14,10.95,10.5,10.83,10.87,0.68,3.83,85.91,3.79,9630173416.0,8918617154.0,0.0,-0.09,17.94,0.29
4768,300063,天龙集团,11.71,-3.22,-0.39,448460.0,532309558.0,3.31,12.08,11.68,12.01,12.1,0.75,7.16,60.06,5.11,8882352927.0,7336952528.0,-0.09,-0.17,36.8,36.64
4769,600871,石化油服,3.31,-3.22,-0.11,3381525.0,1134143928.0,6.43,3.49,3.27,3.46,3.42,0.64,2.5,70.33,6.57,62747821707.0,44840610882.0,-0.3,0.0,51.83,53.24
4770,688048,长光华芯,173.05,-3.22,-5.76,106140.0,1889093107.0,6.71,185.0,173.0,175.33,178.81,0.72,6.02,1562.56,10.15,30505244136.0,30505244136.0,0.02,-0.37,22.54,38.05
4771,000758,中色股份,7.48,-3.23,-0.25,650100.0,496139369.04,4.92,7.83,7.45,7.66,7.73,1.18,3.29,23.22,2.5,14888490676.0,14781731554.0,0.0,0.0,22.62,12.65
4772,000967,盈峰环境,9.0,-3.23,-0.3,517046.0,470608007.82,3.98,9.34,8.97,9.32,9.3,0.8,1.63,45.35,1.67,28502495127.0,28488925827.0,-0.11,-0.11,32.74,22.62
4773,920014,特瑞斯,15.56,-3.23,-0.52,100781.0,158787755.12,9.08,16.61,15.15,16.2,16.08,0.66,15.03,214.32,2.4,1896090921.0,1043255957.0,0.39,1.1,30.54,34.49
4774,300821,东岳硅材,13.12,-3.24,-0.44,469931.0,634142984.4,6.12,13.86,13.03,13.53,13.56,1.06,3.92,4133.46,3.22,15744000000.0,15741254640.0,-0.08,0.38,-1.35,12.52
4775,300365,恒华科技,6.87,-3.24,-0.23,372241.0,259609933.5,4.23,7.13,6.83,7.1,7.1,0.61,7.27,416.63,2.19,4121007072.0,3515548119.0,0.15,0.29,3.62,8.7
4776,600623,华谊集团,11.61,-3.25,-0.39,529308.0,628973465.0,5.75,12.26,11.57,12.0,12.0,0.66,2.83,46.8,1.11,24646071161.0,21732085341.0,0.0,-0.09,52.56,50.58
4777,688582,芯动联科,62.01,-3.25,-2.08,40881.0,255814374.0,3.37,63.98,61.82,63.6,64.09,0.59,1.63,82.39,9.86,24911838863.0,15516083663.0,0.0,-0.05,1.66,-6.2
4778,920082,方正阀门,16.66,-3.25,-0.56,24848.0,42099581.78,4.36,17.35,16.6,17.23,17.22,0.82,6.28,39.0,4.56,2421614300.0,659186437.0,0.24,0.18,-1.77,-7.34
4779,603400,华之杰,67.36,-3.25,-2.26,10605.0,72522902.0,3.5,69.74,67.3,69.24,69.62,0.71,5.3,45.68,5.35,6736000000.0,1347200000.0,0.0,-0.04,28.97,30.06
4780,600674,川投能源,15.72,-3.26,-0.53,510133.0,810448115.0,4.18,16.36,15.68,16.25,16.25,0.95,1.05,13.61,1.73,76628819336.0,76628819336.0,-0.06,0.13,8.34,13.09
4781,688768,容知日新,48.65,-3.26,-1.64,12580.0,62012551.0,3.32,50.28,48.61,50.03,50.29,0.5,1.44,51.02,3.88,4280650887.0,4245371659.0,-0.04,-0.1,17.43,11.99
4782,688220,翱捷科技-U,78.42,-3.26,-2.64,79352.0,630243290.0,3.74,81.11,78.08,80.05,81.06,1.17,2.15,-83.25,6.01,32803155715.0,28947906415.0,-0.01,0.03,-13.39,-5.07
4783,688539,高华科技,38.82,-3.26,-1.31,27874.0,109543782.0,3.56,40.13,38.7,39.61,40.13,1.07,2.66,118.61,4.11,7217414400.0,4065230400.0,-0.05,0.15,-8.07,-21.59
4784,301517,陕西华达,56.33,-3.26,-1.9,26102.0,149141689.45,3.43,58.3,56.3,57.86,58.23,0.79,2.66,-446.63,6.36,8519201615.0,5529188316.0,-0.19,-0.14,-10.26,-18.93
4785,301577,美信科技,70.62,-3.26,-2.38,23609.0,170262302.0,5.0,73.98,70.33,72.6,73.0,0.64,12.53,209.43,4.17,3179983290.0,1330562366.0,0.09,0.11,20.84,25.08
4786,600379,宝光股份,13.04,-3.26,-0.44,88725.0,117884915.0,4.82,13.66,13.01,13.6,13.48,0.77,2.69,65.27,5.55,4305828395.0,4305828395.0,0.08,0.15,11.84,11.84
4787,600101,明星电力,10.99,-3.26,-0.37,451774.0,500873075.0,2.82,11.27,10.95,11.27,11.36,0.93,8.25,32.74,1.95,6021008556.0,6021008556.0,0.0,0.09,20.5,19.33
4788,002161,远 望 谷,7.97,-3.28,-0.27,258200.0,208496543.7,3.28,8.21,7.94,8.19,8.24,1.01,3.66,30.56,3.51,5895866478.0,5616798697.0,0.0,0.13,8.29,9.03
4789,920351,华光源海,21.24,-3.28,-0.72,26890.0,58426438.83,6.06,22.48,21.15,22.19,21.96,0.69,6.78,97.58,4.27,1869872724.0,842491822.0,-0.19,-0.19,-5.52,-8.57
4790,300049,福瑞医科,53.08,-3.28,-1.8,73892.0,394101111.7,5.52,55.15,52.12,54.8,54.88,1.72,3.16,94.28,7.38,14064920772.0,12394251233.0,-0.17,-0.15,-24.06,-24.61
4791,688152,麒麟信安,37.19,-3.28,-1.26,12098.0,45593479.0,3.43,38.45,37.13,38.45,38.45,0.68,1.18,-64.61,3.11,3824261051.0,3824261051.0,0.08,0.13,-11.05,-7.83
4792,600501,航天晨光,24.2,-3.28,-0.82,76976.0,188546940.0,3.32,24.98,24.15,24.81,25.02,0.96,1.8,-68.6,6.01,10353345640.0,10353345640.0,0.04,0.0,2.28,-19.68
4793,002987,京北方,17.67,-3.28,-0.6,126598.0,224867727.06,3.12,18.17,17.6,18.15,18.27,1.35,1.5,47.22,5.26,15328020886.0,14905481233.0,0.0,0.0,-6.56,-17.93
4794,688017,绿的谐波,198.0,-3.28,-6.71,46016.0,923659707.0,3.29,204.34,197.6,202.51,204.71,0.98,2.51,290.59,10.26,36299364750.0,36299364750.0,-0.1,-0.23,25.48,3.07
4795,688167,炬光科技,329.5,-3.29,-11.2,58361.0,1948995187.0,4.93,344.98,328.17,331.0,340.7,0.88,6.49,-711.04,13.3,29608713158.0,29608713158.0,-0.03,0.16,97.54,88.21
4796,605011,杭州热电,21.17,-3.29,-0.72,76869.0,164404175.0,3.11,21.8,21.12,21.79,21.89,1.13,1.92,43.77,3.51,8470117000.0,8470117000.0,0.0,0.0,3.22,3.57
4797,002638,勤上股份,4.1,-3.3,-0.14,1080394.0,446936177.0,6.37,4.27,4.0,4.16,4.24,0.94,7.99,-24.74,2.86,5890036831.0,5545997262.0,0.49,0.24,31.83,32.69
4798,600633,浙数文化,12.9,-3.3,-0.44,332124.0,432707761.0,3.6,13.32,12.84,13.2,13.34,1.11,2.62,22.94,1.6,16358160689.0,16358160689.0,-0.08,0.16,-0.62,0.31
4799,300648,星云股份,57.81,-3.3,-1.97,46960.0,274934719.69,4.57,60.24,57.51,59.7,59.78,1.05,3.54,-215.98,7.4,10075207734.0,7670632175.0,0.0,-0.07,12.27,12.08
4800,688597,煜邦电力,9.96,-3.3,-0.34,82880.0,83746226.0,3.98,10.31,9.9,10.29,10.3,0.59,2.47,43.97,3.43,3347157640.0,3347157640.0,0.0,0.3,12.8,21.32
4801,688685,迈信林,47.14,-3.3,-1.61,27441.0,131055469.0,3.43,48.75,47.08,48.75,48.75,0.94,1.87,123.9,8.24,6922587582.0,6922587582.0,-0.51,-0.13,-8.64,-15.03
4802,600163,中闽能源,6.75,-3.3,-0.23,740517.0,503461583.0,5.73,7.07,6.67,7.05,6.98,1.02,3.89,29.37,1.85,12845223965.0,12845223965.0,0.45,0.3,8.52,24.54
4803,688776,国光电气,112.25,-3.3,-3.83,32007.0,365593061.0,5.83,117.89,111.12,113.25,116.08,0.91,2.95,-126.41,6.95,12166038783.0,12166038783.0,0.0,0.4,22.16,11.43
4804,301382,蜂助手,34.9,-3.3,-1.19,67509.0,237721240.35,3.33,36.08,34.88,35.7,36.09,0.72,3.83,55.61,5.38,9967227215.0,6152469976.0,-0.11,-0.31,1.78,-1.52
4805,603489,八方股份,33.14,-3.3,-1.13,45032.0,150822051.0,2.63,33.98,33.08,33.73,34.27,0.74,1.92,87.17,2.89,7775239824.0,7775239824.0,-0.03,-0.3,5.78,8.37
4806,600893,航发动力,53.88,-3.3,-1.84,425331.0,2310547876.0,4.68,55.86,53.25,55.12,55.72,0.76,1.6,997.73,3.61,143622217543.0,143596921961.0,-0.02,-0.13,47.74,34.6
4807,688333,铂力特,95.82,-3.31,-3.28,48971.0,475042810.0,3.38,98.87,95.52,98.03,99.1,0.75,1.79,125.22,5.22,26285550713.0,26285550713.0,-0.06,-0.16,15.17,-14.07
4808,688489,三未信安,41.53,-3.31,-1.42,7660.0,32098757.0,3.1,42.78,41.45,42.78,42.95,0.9,0.67,-116.27,2.61,4784657844.0,4748147991.0,0.02,0.14,-2.74,-9.14
4809,688600,皖仪科技,26.56,-3.31,-0.91,36740.0,99954074.0,4.99,27.89,26.52,27.34,27.47,0.93,2.73,62.79,4.2,3577857494.0,3577857494.0,0.0,-0.15,15.43,6.03
4810,301213,观想科技,72.01,-3.32,-2.47,24498.0,179260813.68,3.37,74.32,71.81,74.01,74.48,0.59,4.74,5662.35,7.34,5760799928.0,3723712638.0,0.0,-0.03,9.02,4.29
4811,601100,恒立液压,107.7,-3.32,-3.7,50865.0,554139885.0,3.81,111.4,107.16,110.21,111.4,0.51,0.38,51.9,8.47,144406420838.0,144406420838.0,0.17,0.17,-2.24,-2.01
4812,688531,日联科技,74.48,-3.32,-2.56,24389.0,184054498.0,3.87,76.98,74.0,76.3,77.04,0.67,2.28,70.65,3.16,12333436577.0,7966666356.0,0.2,0.3,19.84,12.8
4813,603699,纽威股份,59.92,-3.32,-2.06,49652.0,300618118.0,3.28,61.69,59.66,61.13,61.98,0.53,0.65,31.28,11.13,46454951308.0,45427912262.0,-0.13,0.2,23.9,15.3
4814,603308,应流股份,61.82,-3.32,-2.12,235998.0,1465633612.0,5.47,64.1,60.6,62.78,63.94,0.88,3.48,107.12,8.55,41978032783.0,41978032783.0,0.18,-0.05,48.61,48.07
4815,603406,天富龙,38.64,-3.33,-1.33,36509.0,141821455.0,1.7,39.3,38.62,39.22,39.97,1.79,9.96,35.75,3.32,15456386400.0,1416640662.0,-0.03,0.0,-3.3,-5.06
4816,688077,大地熊,32.2,-3.33,-1.11,25092.0,81727930.0,3.15,33.17,32.12,33.0,33.31,0.88,2.19,65.0,3.35,3686207829.0,3686207829.0,-0.06,0.0,3.77,5.4
4817,300634,彩讯股份,26.03,-3.34,-0.9,138463.0,364399749.07,3.38,26.86,25.95,26.81,26.93,0.71,3.19,44.86,4.03,11745019727.0,11311948205.0,-0.12,-0.04,4.83,3.17
4818,920394,民士达,52.08,-3.34,-1.8,14296.0,75269462.24,5.12,54.29,51.53,52.8,53.88,0.82,0.98,59.43,9.37,7616700000.0,7560600049.0,-0.34,-0.5,43.63,27.27
4819,603507,振江股份,37.57,-3.34,-1.3,357313.0,1398637878.0,9.0,41.0,37.5,40.95,38.87,2.48,19.66,119.32,2.86,6924200104.0,6829185574.0,0.0,-0.11,57.86,42.8
4820,600406,国电南瑞,29.21,-3.34,-1.01,1396432.0,4122582255.0,3.57,30.18,29.1,30.0,30.22,0.83,1.74,36.24,4.77,234607597317.0,233918186344.0,-0.07,0.0,30.0,29.94
4821,688155,先惠技术,81.43,-3.34,-2.81,20560.0,170822580.0,4.31,84.93,81.3,83.1,84.24,0.8,1.63,29.26,4.47,10295684131.0,10295684131.0,0.04,-0.04,33.69,34.71
4822,002126,银轮股份,45.97,-3.34,-1.59,264258.0,1232813903.61,3.97,47.69,45.8,47.12,47.56,0.77,3.33,43.41,5.75,38877262221.0,36457816438.0,0.04,0.24,31.49,21.61
4823,603132,金徽股份,17.63,-3.34,-0.61,109024.0,195402665.0,4.77,18.46,17.59,18.15,18.24,0.97,1.11,37.37,5.47,17242140000.0,17242140000.0,0.0,-0.06,28.5,20.18
4824,600118,中国卫星,87.37,-3.34,-3.02,392938.0,3498602190.0,5.42,91.8,86.9,90.4,90.39,0.94,3.32,5231.48,16.27,103314075725.0,103314075725.0,0.0,-0.32,79.48,-7.98
4825,301568,思泰克,57.07,-3.34,-1.97,43902.0,252639065.95,3.61,58.79,56.66,58.3,59.04,0.67,9.22,56.8,5.84,5892956888.0,2716495475.0,-0.4,0.0,18.55,17.6
4826,688708,佳驰科技,57.01,-3.34,-1.97,18635.0,107748627.0,4.09,59.41,57.0,58.54,58.98,1.4,1.31,52.28,6.52,22804570100.0,8111174714.0,-0.19,-0.14,-2.63,-8.42
4827,300360,炬华科技,17.92,-3.34,-0.62,162368.0,294159555.52,3.88,18.53,17.81,18.45,18.54,0.71,3.25,14.41,2.18,9214233298.0,8964957335.0,0.06,0.11,12.07,3.05
4828,301319,唯特偶,46.07,-3.34,-1.59,30416.0,143045268.99,6.97,48.86,45.54,47.67,47.66,1.1,3.25,61.84,4.89,5733452825.0,4309363060.0,-0.11,0.0,-3.09,-16.9
4829,300839,博汇股份,13.62,-3.34,-0.47,125960.0,174275815.4,5.75,14.35,13.54,14.29,14.09,0.53,4.35,-46.64,5.33,4017403892.0,3945564956.0,0.0,0.15,8.1,13.12
4830,300819,聚杰微纤,49.4,-3.35,-1.71,42277.0,212984260.5,5.24,51.74,49.06,51.44,51.11,0.6,3.14,105.32,8.48,7370727000.0,6657255150.0,0.61,0.39,65.66,42.9
4831,300982,苏文电能,26.8,-3.35,-0.93,124500.0,338172599.74,4.18,27.76,26.6,27.73,27.73,0.71,6.42,413.62,1.91,5546665913.0,5196443513.0,0.07,-0.22,40.31,32.74
4832,301193,家联科技,26.24,-3.35,-0.91,46719.0,124423576.8,3.94,27.25,26.18,27.16,27.15,0.69,3.37,-52.04,3.36,5121484496.0,3633676496.0,0.0,0.04,27.38,21.65
4833,603316,诚邦股份,15.81,-3.36,-0.55,168602.0,272346558.0,5.56,16.69,15.78,16.59,16.36,0.63,6.38,-34.93,7.9,4178013840.0,4178013840.0,-0.25,-0.32,2.4,9.03
4834,600292,电投水电,14.66,-3.36,-0.51,153146.0,227976945.0,4.15,15.22,14.59,15.01,15.17,0.7,1.96,859.62,2.2,64213822907.0,11446775607.0,0.0,0.07,14.09,12.34
4835,600487,亨通光电,49.68,-3.38,-1.74,1307841.0,6660754105.0,6.9,53.0,49.45,51.05,51.42,0.85,5.35,38.69,3.98,122547377760.0,121476598290.0,0.0,-0.08,143.53,100.89
4836,603318,水发燃气,8.58,-3.38,-0.3,560272.0,487378110.0,6.19,9.06,8.51,8.95,8.88,0.49,12.2,-78.5,2.77,4759096210.0,3938828528.0,0.12,0.0,29.41,28.06
4837,603466,风语筑,10.0,-3.38,-0.35,366299.0,370933180.0,3.48,10.32,9.96,10.3,10.35,0.84,6.16,84.65,2.82,5947860190.0,5947860190.0,0.0,0.2,4.93,6.84
4838,300570,太辰光,127.9,-3.38,-4.47,158332.0,2043374442.35,3.72,131.92,127.0,129.01,132.37,0.74,8.24,83.69,17.5,29049526289.0,24581487642.0,-0.07,-0.05,0.02,10.69
4839,603678,火炬电子,37.2,-3.38,-1.3,85378.0,322113987.0,3.19,38.33,37.1,38.25,38.5,0.63,1.8,41.42,2.88,17691078673.0,17691078673.0,0.0,-0.03,13.69,5.32
4840,688590,新致软件,14.86,-3.38,-0.52,79006.0,118942241.0,3.19,15.35,14.86,15.35,15.38,0.94,2.96,-33.13,2.85,3959979657.0,3959979657.0,-0.07,-0.13,-17.99,-20.36
4841,603300,海南华铁,7.14,-3.38,-0.25,773887.0,558328772.0,3.11,7.35,7.12,7.34,7.39,1.15,3.88,20.16,2.18,14240764415.0,14240764415.0,0.0,0.14,-0.97,-9.04
4842,002440,闰土股份,13.39,-3.39,-0.47,782345.0,1074530588.3,6.57,14.19,13.28,14.0,13.86,0.88,8.27,50.16,1.58,15050358728.0,12671742578.0,-0.07,0.15,76.65,79.25
4843,688371,菲沃泰,20.53,-3.39,-0.72,21161.0,43985111.0,4.09,21.31,20.44,21.25,21.25,1.11,0.63,227.11,3.49,6887247469.0,6887247469.0,-0.05,0.29,10.26,11.15
4844,920571,国航远洋,10.53,-3.39,-0.37,330282.0,353603766.79,6.97,11.12,10.36,10.86,10.9,0.63,11.74,206.38,4.32,5848440480.0,2963446170.0,0.1,0.29,1.25,7.01
4845,300780,德恩精工,22.5,-3.39,-0.79,72191.0,164345788.0,3.56,23.29,22.46,23.23,23.29,0.65,6.71,-76.25,3.22,3300075000.0,2419537770.0,-0.09,-0.18,23.49,16.7
4846,600988,赤峰黄金,40.91,-3.4,-1.44,492387.0,2048831391.0,3.99,42.56,40.87,41.82,42.35,0.83,2.96,28.33,6.21,77745821292.0,68070614474.0,0.02,-0.2,37.24,30.95
4847,300157,新锦动力,7.39,-3.4,-0.26,1109583.0,845197536.29,7.97,7.96,7.35,7.8,7.65,0.67,15.68,53.17,-27.98,5571599655.0,5230824030.0,-0.14,0.27,56.57,62.78
4848,688716,中研股份,36.0,-3.41,-1.27,20874.0,76236606.0,3.17,37.18,36.0,36.89,37.27,1.24,2.99,369.19,3.7,4380480000.0,2517378120.0,-0.19,-0.14,-2.36,-14.99
4849,605111,新洁能,41.32,-3.41,-1.46,104467.0,438544861.0,3.67,42.85,41.28,42.61,42.78,0.83,2.52,38.48,4.03,17161541668.0,17161541668.0,0.05,-0.36,21.96,15.65
4850,002296,辉煌科技,13.02,-3.41,-0.46,165941.0,219032870.0,3.64,13.47,12.98,13.34,13.48,0.94,4.78,23.41,2.11,5072337068.0,4523349081.0,0.0,-0.08,20.67,16.25
4851,600337,美克家居,2.55,-3.41,-0.09,557426.0,145135452.0,4.55,2.66,2.54,2.6,2.64,1.24,3.88,-12.49,1.46,3664345249.0,3664345249.0,-0.39,0.0,-14.72,-12.67
4852,002757,南兴股份,20.98,-3.41,-0.74,135119.0,287656081.75,3.91,21.8,20.95,21.54,21.72,0.68,4.79,50.63,3.11,6198665055.0,5917491263.0,0.0,-0.14,26.01,7.76
4853,920837,华原股份,14.44,-3.41,-0.51,13521.0,19771848.67,4.08,14.99,14.38,14.93,14.95,0.6,0.99,29.18,3.84,2190732644.0,1975215644.0,0.0,0.0,4.11,-0.96
4854,920260,中寰股份,11.63,-3.41,-0.41,49434.0,58254082.15,3.9,12.08,11.61,12.01,12.04,0.67,5.0,28.61,2.69,1204286500.0,1149241233.0,-0.09,-0.17,4.12,5.92
4855,603920,世运电路,55.03,-3.41,-1.94,215076.0,1199446316.0,4.35,57.48,55.0,56.5,56.97,0.74,2.98,47.57,5.94,39654195205.0,39654195205.0,-0.04,-0.16,35.38,13.67
4856,605289,罗曼股份,133.3,-3.42,-4.72,47342.0,652283868.0,7.39,143.0,132.8,137.0,138.02,0.94,4.37,516.83,11.35,14530699750.0,14441388750.0,0.08,-0.35,92.41,102.71
4857,603533,掌阅科技,25.42,-3.42,-0.9,198153.0,508752826.0,3.38,26.22,25.33,26.03,26.32,0.79,4.51,-38.62,4.83,11156757546.0,11156757546.0,0.04,-0.04,29.83,14.92
4858,002488,金固股份,12.13,-3.42,-0.43,303134.0,379855875.06,7.01,12.93,12.05,12.35,12.56,0.99,3.29,215.58,3.44,12074675858.0,11160618908.0,-0.08,0.25,42.04,38.0
4859,688479,友车科技,35.31,-3.42,-1.25,56042.0,198116972.0,5.47,36.49,34.49,36.01,36.56,1.13,8.99,119.43,2.72,5095847394.0,2200427394.0,-0.54,-0.79,86.83,87.52
4860,002578,闽发铝业,4.24,-3.42,-0.15,453705.0,196694001.0,6.15,4.48,4.21,4.38,4.39,1.29,5.27,-367.89,2.62,3979791976.0,3651329259.0,0.0,0.0,-15.54,-5.57
4861,002064,华峰化学,10.7,-3.43,-0.38,680004.0,734306657.58,3.52,11.06,10.67,10.95,11.08,1.13,1.37,27.25,1.97,53099219698.0,52949758620.0,-0.09,0.0,18.49,-2.73
4862,300547,川环科技,32.93,-3.43,-1.17,56099.0,186820579.8,3.55,33.96,32.75,33.89,34.1,0.72,3.15,39.1,5.59,7142720310.0,5868903049.0,-0.03,0.06,-3.74,-16.42
4863,920765,美之高,16.58,-3.44,-0.59,8873.0,14980543.58,3.9,17.22,16.55,17.19,17.17,1.2,1.68,-215.35,4.71,1441134877.0,875541784.0,0.0,-0.18,-32.79,-20.1
4864,688500,慧辰股份,51.86,-3.44,-1.85,24864.0,130152876.0,3.17,53.5,51.8,53.24,53.71,0.9,3.39,-94.13,5.39,3904887381.0,3802163093.0,-0.25,-0.25,-30.85,-16.03
4865,600100,同方股份,8.95,-3.45,-0.32,604046.0,545389222.0,3.45,9.22,8.9,9.2,9.27,1.07,1.8,68.27,1.86,29985164531.0,29985164531.0,0.11,0.11,-0.89,0.34
4866,600409,三友化工,8.67,-3.45,-0.31,583128.0,517089507.0,5.23,9.1,8.63,8.94,8.98,0.79,2.82,110.33,1.29,17897909714.0,17897909714.0,0.12,0.12,44.5,40.06
4867,002427,尤夫股份,6.99,-3.45,-0.25,412200.0,295193568.26,4.97,7.35,6.99,7.2,7.24,1.63,4.19,266.34,7.27,6888175111.0,6883091347.0,-0.14,-0.14,13.84,4.17
4868,688521,芯原股份,208.52,-3.46,-7.48,200906.0,4217254963.0,4.62,216.0,206.02,215.0,216.0,1.01,3.82,-207.77,32.08,109663852726.0,109663852726.0,0.45,0.55,46.85,52.24
4869,301662,宏工科技,151.12,-3.46,-5.41,11632.0,180021737.38,5.04,158.99,151.1,153.96,156.53,0.77,7.0,308.24,8.38,12089600000.0,2512796461.0,-0.18,-0.24,20.17,25.64
4870,301052,果麦文化,34.56,-3.46,-1.24,46914.0,164613090.83,3.91,35.8,34.4,35.67,35.8,1.22,5.85,212.59,4.75,3420034756.0,2771570961.0,-0.03,0.06,-12.17,-9.51
4871,600513,联环药业,21.51,-3.46,-0.77,114350.0,250668497.0,4.98,22.55,21.44,22.02,22.28,0.68,4.01,-131.34,4.6,6140164368.0,6140164368.0,-0.19,-0.28,19.37,17.48
4872,600505,西昌电力,14.81,-3.46,-0.53,189169.0,284661738.0,4.95,15.51,14.75,15.4,15.34,0.91,5.19,327.64,4.43,5399244675.0,5399244675.0,-0.13,0.07,13.14,13.31
4873,301129,瑞纳智能,27.83,-3.47,-1.0,45081.0,126862662.0,3.3,28.74,27.79,28.55,28.83,0.51,6.8,-60.92,2.24,3782024642.0,1844641975.0,0.0,0.07,12.95,16.69
4874,300496,中科创达,66.99,-3.47,-2.41,137126.0,927430689.03,2.48,68.58,66.86,68.5,69.4,0.73,3.72,101.07,3.06,30867058937.0,24693920120.0,-0.01,-0.04,4.22,-0.76
4875,300279,和晶科技,10.29,-3.47,-0.37,203999.0,213214505.8,4.41,10.72,10.25,10.57,10.66,0.66,4.19,57.64,4.86,5032833752.0,5010655839.0,0.19,0.29,42.32,42.52
4876,688176,亚虹医药-U,15.25,-3.48,-0.55,267642.0,412101256.0,6.96,16.02,14.92,15.51,15.8,0.53,6.14,-20.77,5.43,8710349912.0,6644210722.0,0.0,0.26,52.2,32.49
4877,605196,华通线缆,54.91,-3.48,-1.98,123990.0,705171460.0,7.12,58.89,54.84,56.59,56.89,0.73,2.46,81.78,8.5,28059162705.0,27727506305.0,0.13,-0.05,48.49,58.06
4878,301489,思泉新材,178.36,-3.48,-6.44,26280.0,476557659.24,4.08,185.9,178.36,181.8,184.8,0.72,5.52,170.13,13.29,14403259718.0,8490012160.0,-0.08,-0.19,-5.46,-10.37
4879,300018,中元股份,13.31,-3.48,-0.48,169430.0,229498302.38,4.93,13.93,13.25,13.76,13.79,0.53,3.77,43.04,4.67,6459815984.0,5980346061.0,0.0,0.0,23.24,21.0
4880,688548,广钢气体,25.53,-3.48,-0.92,388538.0,1020564908.0,10.55,28.02,25.23,27.58,26.45,1.2,5.62,117.72,5.61,33684244241.0,17646565821.0,-0.27,-0.39,103.1,75.58
4881,000738,航发控制,23.52,-3.49,-0.85,332242.0,790802809.63,3.45,24.28,23.44,24.26,24.37,0.82,2.53,57.86,2.47,30933127704.0,30933127704.0,0.0,-0.04,23.72,10.37
4882,300065,海兰信,26.26,-3.49,-0.95,710323.0,1910960934.45,5.59,27.66,26.14,27.01,27.21,0.68,10.81,356.98,10.78,18947618342.0,17249964671.0,0.0,-0.11,48.36,44.52
4883,600456,宝钛股份,37.07,-3.49,-1.34,111387.0,418445780.0,3.18,38.22,37.0,38.2,38.41,0.89,2.33,42.61,2.45,17711213371.0,17711213371.0,0.0,0.03,14.31,-6.03
4884,002980,华盛昌,35.14,-3.49,-1.27,132248.0,470774522.58,4.67,36.7,35.0,36.36,36.41,0.6,13.04,76.92,6.17,6655556762.0,3562842632.0,-0.09,0.06,55.08,66.78
4885,300012,华测检测,15.17,-3.5,-0.55,278701.0,427392180.6,3.69,15.66,15.08,15.65,15.72,1.35,1.95,23.57,3.38,25528504006.0,21719946167.0,0.0,0.2,12.79,11.96
4886,003007,直真科技,42.75,-3.5,-1.55,36872.0,159022072.5,3.95,44.41,42.66,44.18,44.3,0.76,5.13,-68.57,5.3,4352805000.0,3073196439.0,0.07,0.05,25.96,14.64
4887,688648,中邮科技,61.67,-3.5,-2.24,26753.0,166888566.0,5.71,64.7,61.05,64.5,63.91,0.66,3.85,13.33,3.84,8387120000.0,4287848743.0,0.0,0.41,17.98,0.34
4888,301251,威尔高,69.6,-3.51,-2.53,70440.0,495221497.25,4.74,72.42,69.0,71.0,72.13,0.74,13.05,100.74,5.97,9374328857.0,3757920665.0,-0.34,-0.13,25.07,33.13
4889,600885,宏发股份,29.93,-3.51,-1.09,287339.0,871889567.0,4.48,31.09,29.7,30.8,31.02,0.82,1.86,23.64,4.33,46319497788.0,46319497788.0,-0.07,-0.1,1.91,-1.55
4890,300679,电连技术,37.44,-3.51,-1.36,87849.0,332753137.83,4.3,38.88,37.21,38.7,38.8,1.03,2.44,32.0,3.16,15905260800.0,13457483957.0,0.0,0.16,-21.03,-23.09
4891,688508,芯朋微,63.0,-3.51,-2.29,37035.0,236197707.0,2.7,64.76,63.0,64.66,65.29,1.03,2.82,44.4,3.04,8272551798.0,8272551798.0,-0.16,-0.24,4.36,3.45
4892,003029,吉大正元,23.65,-3.51,-0.86,47351.0,113206208.0,4.0,24.6,23.62,24.35,24.51,0.92,2.73,-46.65,4.24,4579118369.0,4097054601.0,-0.04,0.0,-10.08,-9.66
4893,300882,万胜智能,23.6,-3.52,-0.86,80859.0,192506313.64,4.17,24.43,23.41,24.43,24.46,0.51,3.04,30.86,5.15,6754348037.0,6285317908.0,-0.08,-0.13,22.6,25.53
4894,301069,凯盛新材,22.74,-3.52,-0.83,126286.0,292563475.54,4.67,23.78,22.68,23.21,23.57,1.36,2.96,66.77,6.08,10305181967.0,9704845967.0,-0.04,-0.22,-10.79,-18.2
4895,002925,盈趣科技,21.91,-3.52,-0.8,96856.0,214300613.51,3.08,22.6,21.9,22.6,22.71,0.77,1.32,71.22,3.66,16907268951.0,16017264265.0,-0.05,-0.18,8.36,29.34
4896,002009,天奇股份,25.95,-3.53,-0.95,313878.0,825633422.77,3.46,26.79,25.86,26.6,26.9,0.75,8.86,116.5,5.21,10437951722.0,9189480666.0,0.08,0.04,58.72,14.72
4897,600219,南山铝业,7.37,-3.53,-0.27,2976396.0,2245479694.0,5.76,7.76,7.32,7.64,7.64,1.01,2.59,16.83,1.65,84634880490.0,84634880490.0,0.0,0.27,56.48,36.99
4898,000559,万向钱潮,16.95,-3.53,-0.62,755978.0,1294244524.81,3.59,17.48,16.85,17.3,17.57,0.84,2.28,54.5,5.98,56195325626.0,56181524427.0,0.0,0.06,38.59,-1.45
4899,603556,海兴电力,39.65,-3.53,-1.45,40907.0,164879422.0,4.62,41.41,39.51,41.41,41.1,0.48,0.84,19.75,2.61,19280374341.0,19280374341.0,0.03,0.0,15.36,8.93
4900,300245,天玑科技,12.04,-3.53,-0.44,61389.0,74929244.2,3.77,12.48,12.01,12.48,12.48,0.92,2.02,-64.19,3.04,3672801627.0,3664717778.0,0.08,0.08,-12.56,-0.41
4901,300811,铂科新材,84.66,-3.53,-3.1,120603.0,1023926272.08,3.49,86.96,83.9,86.48,87.76,0.83,5.08,62.68,8.46,24534492043.0,20117627286.0,0.22,0.25,12.71,18.72
4902,601020,华钰矿业,31.87,-3.54,-1.17,322794.0,1046185049.0,4.6,33.28,31.76,32.88,33.04,0.89,3.94,24.46,6.11,26132274925.0,26132274925.0,-0.03,-0.13,16.19,18.65
4903,600780,通宝能源,6.79,-3.55,-0.25,336560.0,231320580.0,4.26,7.07,6.77,7.07,7.04,1.18,2.94,12.0,0.95,7784752131.0,7784752131.0,0.15,0.0,16.87,19.54
4904,688561,奇安信-U,33.57,-3.56,-1.24,83963.0,285107812.0,3.39,34.71,33.53,34.63,34.81,0.7,1.23,-18.14,3.07,22903223978.0,22903223978.0,-0.09,-0.09,-5.36,-5.65
4905,300674,宇信科技,21.7,-3.56,-0.8,149857.0,327338447.92,3.33,22.4,21.65,22.18,22.5,1.1,2.13,41.05,3.45,15278038202.0,15255355952.0,0.0,-0.05,0.37,-10.55
4906,920116,星图测控,96.45,-3.56,-3.56,20107.0,195469969.23,3.69,99.69,96.0,99.69,100.01,0.9,1.31,152.84,26.28,15410298750.0,14802663750.0,-0.01,-0.23,24.21,14.14
4907,920508,殷图网联,22.51,-3.56,-0.83,10170.0,23285023.86,4.07,23.46,22.51,23.23,23.34,0.35,3.19,591.66,6.93,1350600000.0,718202372.0,-0.18,-0.09,4.45,1.17
4908,000636,风华高科,21.7,-3.56,-0.8,621849.0,1365005436.38,3.51,22.38,21.59,22.24,22.5,0.77,5.37,82.42,2.01,25107186679.0,25107186679.0,0.23,0.09,32.24,33.29
4909,603693,江苏新能,14.87,-3.57,-0.55,539181.0,830853563.0,8.63,16.15,14.82,15.66,15.42,2.9,6.05,25.48,1.9,13256246336.0,13256246336.0,0.27,-0.2,24.54,25.38
4910,300762,上海瀚讯,36.48,-3.57,-1.35,236522.0,874440854.86,4.23,37.93,36.33,37.65,37.83,0.85,3.77,-356.77,9.81,22908191363.0,22908191363.0,-0.14,-0.11,11.29,-12.48
4911,600531,豫光金铅,15.4,-3.57,-0.57,515532.0,809676375.0,5.01,16.13,15.33,15.77,15.97,1.11,4.26,22.51,2.9,18622645549.0,18622645549.0,0.0,0.06,40.77,31.06
4912,301091,深城交,24.58,-3.57,-0.91,60860.0,151369219.47,3.84,25.48,24.5,25.3,25.49,1.05,1.15,225.7,5.47,12960542400.0,12960542400.0,0.0,0.04,-5.9,-8.08
4913,300624,万兴科技,73.45,-3.57,-2.72,84786.0,630264671.06,3.81,76.1,73.2,75.96,76.17,0.67,4.95,-172.92,13.15,14200552998.0,12577079715.0,-0.04,-0.07,5.08,3.96
4914,920689,克莱特,33.12,-3.58,-1.23,23348.0,78509966.93,3.73,34.21,32.93,33.75,34.35,0.97,6.16,44.25,4.93,2431008000.0,1256262035.0,-0.15,0.21,7.74,7.67
4915,688619,罗普特,15.6,-3.58,-0.58,55221.0,86880643.0,4.57,16.2,15.46,16.2,16.18,1.03,2.98,-13.0,4.29,2892833455.0,2892833455.0,0.0,0.06,4.07,14.71
4916,002167,东方锆业,13.95,-3.59,-0.52,536292.0,761489594.81,5.46,14.68,13.89,14.36,14.47,0.86,7.08,209.53,6.17,10806692535.0,10565757384.0,0.0,0.14,15.77,12.96
4917,301202,朗威股份,40.71,-3.6,-1.52,19258.0,79600614.0,3.84,42.3,40.68,42.19,42.23,0.82,5.18,74.39,4.66,5552844000.0,1513597800.0,0.0,0.02,2.75,0.77
4918,688630,芯碁微装,179.3,-3.6,-6.7,57828.0,1055377667.0,5.0,188.6,179.3,185.0,186.0,1.24,4.39,81.47,10.23,23621110379.0,23621110379.0,-0.6,-0.66,40.55,33.28
4919,000737,北方铜业,15.26,-3.6,-0.57,579206.0,903742703.9,4.99,16.01,15.22,15.66,15.83,1.07,3.04,31.63,4.37,29065972798.0,29063252322.0,-0.07,-0.26,2.28,-0.84
4920,300816,艾可蓝,67.83,-3.61,-2.54,29512.0,205117215.44,5.66,71.49,67.51,69.99,70.37,0.52,5.21,54.94,5.98,5426400000.0,3843829171.0,0.09,0.0,62.54,40.87
4921,002131,利欧股份,7.73,-3.62,-0.29,5441928.0,4224510968.44,3.74,7.95,7.65,7.91,8.02,1.06,9.3,66.67,3.95,52345849374.0,45218365299.0,0.0,0.0,54.29,37.06
4922,300399,天利科技,24.47,-3.62,-0.92,53150.0,131659894.0,3.98,25.3,24.29,25.24,25.39,1.2,2.69,623.24,9.42,4835272000.0,4834800341.0,0.12,0.25,-3.93,-3.47
4923,301317,鑫磊股份,57.3,-3.62,-2.15,58794.0,339590294.65,6.26,59.73,56.01,58.78,59.45,0.53,11.26,17.8,6.7,9006987000.0,2990872801.0,0.07,-0.31,79.57,77.73
4924,000960,锡业股份,36.89,-3.63,-1.39,446500.0,1678857769.39,5.43,38.76,36.68,38.15,38.28,0.86,2.71,26.08,3.04,60699984709.0,60699984709.0,-0.14,0.19,46.62,32.84
4925,300873,海晨股份,25.39,-3.64,-0.96,43043.0,111010729.4,4.4,26.43,25.27,26.43,26.35,0.78,2.58,21.48,1.86,5854979169.0,4236059602.0,0.0,0.12,15.72,15.57
4926,000519,中兵红箭,18.28,-3.64,-0.69,481673.0,891100268.06,3.58,18.92,18.24,18.86,18.97,0.87,3.46,-324.58,2.49,25455978191.0,25455978191.0,-0.11,-0.11,1.11,0.38
4927,603619,中曼石油,36.49,-3.64,-1.38,367260.0,1371777167.0,7.66,39.1,36.2,38.69,37.87,0.64,7.94,27.91,3.88,16870730442.0,16870730442.0,0.03,0.05,66.62,58.31
4928,600986,浙文互联,10.33,-3.64,-0.39,836897.0,873533134.0,3.82,10.69,10.28,10.65,10.72,0.88,5.63,91.01,2.94,15364574060.0,15364574060.0,0.1,0.1,15.29,32.1
4929,605123,派克新材,105.18,-3.64,-3.97,24987.0,266051988.0,3.27,108.69,105.12,107.97,109.15,0.88,2.06,40.25,2.76,12744754421.0,12744754421.0,-0.21,-0.21,38.81,1.23
4930,300609,汇纳科技,36.28,-3.64,-1.37,68265.0,250487268.0,4.52,37.9,36.2,37.9,37.65,1.33,5.69,-91.28,4.37,4357749960.0,4351031630.0,0.0,-0.08,-8.98,-5.94
4931,300703,创源股份,21.13,-3.65,-0.8,56305.0,121196328.0,4.38,21.96,21.0,21.79,21.93,1.03,3.32,35.89,4.09,3811679579.0,3584949249.0,0.0,-0.14,-11.22,-13.54
4932,003009,中天火箭,61.96,-3.65,-2.35,45328.0,284432842.72,3.53,64.13,61.86,63.81,64.31,0.68,2.75,-260.5,6.25,10205891219.0,10204025294.0,-0.02,-0.05,-0.85,-21.11
4933,688190,云路股份,107.3,-3.65,-4.07,17105.0,185376871.0,4.33,111.36,106.54,111.36,111.37,0.6,1.43,44.1,4.9,12876000000.0,12876000000.0,-0.09,-0.11,14.38,10.73
4934,301365,矩阵股份,25.87,-3.65,-0.98,39627.0,103251299.85,3.87,26.76,25.72,26.76,26.85,1.16,3.91,50.73,2.67,4656600000.0,2622761446.0,-0.23,0.27,-7.87,8.52
4935,300815,玉禾田,22.89,-3.66,-0.87,85366.0,198216358.92,4.12,23.75,22.77,23.65,23.76,0.96,2.19,15.87,2.07,9123770880.0,8935812117.0,0.0,0.0,0.22,0.48
4936,688510,航亚科技,36.1,-3.66,-1.37,97176.0,354300697.0,3.63,37.28,35.92,36.9,37.47,0.76,3.74,91.74,7.76,9368766149.0,9368766149.0,-0.11,-0.06,53.75,34.2
4937,300859,西域旅游,36.88,-3.66,-1.4,72280.0,271781454.83,4.99,38.6,36.69,38.38,38.28,1.96,4.66,43.49,7.06,5716400000.0,5716400000.0,0.0,0.03,3.8,-0.24
4938,600331,宏达股份,17.57,-3.67,-0.67,557533.0,999723920.0,4.82,18.45,17.57,18.16,18.24,0.79,2.74,-745.45,14.59,46412912000.0,35702240000.0,-0.17,-0.17,61.04,37.37
4939,688080,映翰通,57.29,-3.67,-2.18,20383.0,118058526.0,3.14,58.99,57.12,58.92,59.47,0.64,2.77,28.08,3.61,4219759802.0,4219759802.0,0.07,0.05,15.55,13.45
4940,920183,海菲曼,43.01,-3.67,-1.64,16650.0,72451949.89,2.55,44.15,43.01,44.15,44.65,0.52,14.8,28.14,5.82,2105425520.0,483855059.0,-0.14,-0.21,118.21,118.21
4941,300651,金陵体育,27.55,-3.67,-1.05,81812.0,228713506.26,5.1,28.86,27.4,28.55,28.6,0.97,9.36,82.65,3.59,3890326904.0,2408779866.0,-0.11,-0.07,21.53,35.85
4942,920592,华信永道,32.72,-3.68,-1.25,13717.0,45514914.53,4.27,34.0,32.55,33.8,33.97,0.97,2.73,-73.78,7.74,2643612400.0,1645348464.0,-0.12,0.03,-19.74,-16.89
4943,688084,晶品特装,76.46,-3.68,-2.92,11021.0,85343641.0,3.96,79.5,76.36,79.03,79.38,0.66,1.46,-370.71,3.67,5784892186.0,5784892186.0,-0.03,0.08,-1.3,-7.66
4944,000555,神州信息,17.74,-3.69,-0.68,439891.0,786511941.91,3.96,18.33,17.6,18.25,18.42,0.65,4.53,-121.56,3.12,17310238512.0,17241569190.0,-0.06,-0.11,3.44,7.19
4945,002923,润都股份,15.94,-3.69,-0.61,85889.0,138701111.08,5.56,16.74,15.82,16.58,16.55,0.91,3.33,-73.21,5.1,5338198979.0,4113872238.0,0.0,0.25,18.07,31.19
4946,688207,格灵深瞳,15.93,-3.69,-0.61,60556.0,97441529.0,3.99,16.53,15.87,16.38,16.54,0.83,2.34,-22.88,2.19,4125442232.0,4125442232.0,0.25,0.13,1.4,4.8
4947,920086,科马材料,33.93,-3.69,-1.3,27108.0,93151500.32,3.75,35.14,33.82,35.14,35.23,1.21,10.14,31.1,3.28,2839262400.0,907440885.0,0.0,0.0,190.99,190.99
4948,688418,震有科技,40.24,-3.69,-1.54,54933.0,223632513.0,4.14,41.88,40.15,41.2,41.78,0.7,2.85,-123.89,8.86,7748398472.0,7748398472.0,0.0,-0.1,16.3,-7.45
4949,002290,禾盛新材,63.3,-3.7,-2.43,42142.0,270172072.0,4.12,65.98,63.27,65.0,65.73,0.6,1.7,81.75,16.55,15705510489.0,15659815802.0,-0.02,-0.06,50.54,38.51
4950,000720,新能泰山,4.16,-3.7,-0.16,699055.0,294788469.16,4.4,4.33,4.14,4.28,4.32,0.6,5.56,-988.07,2.22,5227171335.0,5227171335.0,0.24,0.48,18.52,27.22
4951,300855,图南股份,40.23,-3.71,-1.55,90433.0,366578804.98,4.45,41.52,39.66,41.52,41.78,0.91,3.09,96.74,8.07,15912232245.0,11785625432.0,-0.15,0.15,46.5,24.55
4952,002063,远光软件,7.25,-3.72,-0.28,1603972.0,1174318809.24,4.38,7.52,7.19,7.47,7.53,0.82,9.09,45.99,3.51,13847975245.0,12786990191.0,0.42,0.55,19.44,19.44
4953,688258,卓易信息,118.21,-3.72,-4.57,43674.0,521321862.0,4.21,123.0,117.83,123.0,122.78,0.82,3.61,174.38,15.89,14320223836.0,14320223836.0,-0.04,0.19,82.59,54.38
4954,600982,宁波能源,5.17,-3.72,-0.2,580648.0,303106152.0,4.28,5.38,5.15,5.37,5.37,1.26,5.2,17.93,1.31,5778134097.0,5778134097.0,0.0,0.0,15.4,19.12
4955,300995,奇德新材,36.45,-3.72,-1.41,25578.0,95165180.3,3.83,37.8,36.35,37.62,37.86,1.32,4.26,156.24,4.84,3067153047.0,2188475460.0,-0.08,-0.05,-5.08,-11.76
4956,301042,安联锐视,94.3,-3.73,-3.65,12121.0,114050615.1,5.72,97.79,92.19,97.79,97.95,0.35,1.84,325.13,6.25,6574933311.0,6225763986.0,0.76,0.77,11.66,7.16
4957,002152,广电运通,12.92,-3.73,-0.5,333289.0,434930030.16,3.35,13.35,12.9,13.33,13.42,1.34,1.34,37.47,2.57,32085307042.0,32069167572.0,0.0,-0.08,7.13,-5.28
4958,601038,一拖股份,15.23,-3.73,-0.59,331346.0,511008041.0,4.17,15.84,15.18,15.83,15.82,2.61,4.53,12.91,2.18,17113117538.0,11143871338.0,0.07,0.2,20.02,7.48
4959,601975,招商南油,4.37,-3.74,-0.17,3030228.0,1333262337.0,3.96,4.52,4.34,4.43,4.54,0.55,6.47,16.2,1.83,20453106243.0,20453106243.0,0.23,0.0,43.28,44.7
4960,300945,曼卡龙,17.49,-3.74,-0.68,154201.0,273806955.44,4.13,18.17,17.42,18.11,18.17,0.74,6.47,33.64,2.75,4583632791.0,4169627316.0,0.17,0.06,5.81,8.23
4961,001236,弘业期货,10.03,-3.74,-0.39,261866.0,265423802.76,3.84,10.4,10.0,10.37,10.42,1.16,3.45,3627.75,5.41,10108011113.0,7603520113.0,0.1,0.1,-5.29,-5.38
4962,002792,通宇通讯,40.31,-3.75,-1.57,249465.0,1020784123.7,4.27,41.99,40.2,41.27,41.88,0.94,7.38,626.59,7.59,21115830369.0,13617704869.0,-0.07,-0.12,35.59,-5.6
4963,688668,鼎通科技,134.06,-3.76,-5.24,66899.0,909392926.0,6.07,142.0,133.55,138.08,139.3,1.27,4.8,77.38,9.45,18670617440.0,18670617440.0,0.04,0.04,31.59,8.11
4964,603119,浙江荣泰,83.46,-3.76,-3.26,83565.0,706455110.0,3.89,86.76,83.39,86.69,86.72,0.76,4.1,112.02,15.5,30357919839.0,17015781651.0,-0.05,-0.01,-14.85,-27.85
4965,300351,永贵电器,17.9,-3.76,-0.7,153837.0,278579511.23,3.33,18.47,17.85,18.4,18.6,0.63,5.84,73.32,2.79,6961398981.0,4715048236.0,0.0,0.17,3.41,-0.72
4966,002342,巨力索具,13.23,-3.78,-0.52,572780.0,767748911.81,4.73,13.85,13.2,13.76,13.75,0.84,6.0,861.01,5.22,12700800000.0,12630548700.0,0.0,-0.08,80.49,43.8
4967,688370,丛麟科技,25.94,-3.78,-1.02,15381.0,40559442.0,4.71,27.07,25.8,27.07,26.96,1.64,1.12,148.46,1.34,3556578381.0,3556578381.0,-0.04,0.12,9.45,6.44
4968,300480,光力科技,30.58,-3.78,-1.2,201257.0,614607747.28,6.67,31.63,29.51,30.9,31.78,0.76,8.13,221.58,8.42,10789529229.0,7569489234.0,-0.03,0.07,91.24,83.0
4969,002897,意华股份,64.87,-3.78,-2.55,132902.0,876075123.35,4.24,67.57,64.71,67.3,67.42,0.58,7.29,35.0,4.58,12577040750.0,11833923567.0,0.0,-0.18,36.14,19.97
4970,002160,常铝股份,5.59,-3.79,-0.22,642004.0,365211417.79,4.99,5.85,5.56,5.72,5.81,1.3,6.23,117.98,1.55,5773246724.0,5761777844.0,0.0,0.18,7.5,7.5
4971,603067,振华股份,37.52,-3.79,-1.48,288865.0,1097241730.0,5.97,39.47,37.14,39.02,39.0,0.78,4.06,48.83,7.68,26667725593.0,26667725593.0,0.08,0.05,31.1,30.23
4972,002207,准油股份,11.17,-3.79,-0.44,437366.0,496711093.98,8.35,11.95,10.98,11.84,11.61,0.64,16.77,-68.89,82.63,2927158572.0,2913268923.0,-0.09,0.27,43.39,50.95
4973,600184,光电股份,17.21,-3.8,-0.68,117797.0,205598688.0,3.52,17.8,17.17,17.77,17.89,1.02,2.02,304.94,2.96,10028739724.0,10028739724.0,-0.12,0.0,-10.46,-9.71
4974,300606,金太阳,33.94,-3.8,-1.34,81065.0,279552836.2,4.73,35.46,33.79,34.92,35.28,0.56,6.89,167.9,6.96,4695525214.0,3993872055.0,-0.03,0.12,53.02,44.36
4975,001337,四川黄金,53.73,-3.8,-2.12,212741.0,1167746700.5,5.91,56.98,53.68,54.5,55.85,0.64,5.07,45.85,13.03,22566600000.0,22566600000.0,-0.06,-0.43,97.97,92.86
4976,300317,珈伟新能,5.31,-3.8,-0.21,884651.0,473750103.45,5.25,5.55,5.26,5.48,5.52,0.63,10.67,-80.42,2.83,4408300431.0,4401530181.0,-0.19,0.0,31.76,38.28
4977,002115,三维通信,12.86,-3.81,-0.51,495946.0,645723390.65,3.96,13.35,12.82,13.35,13.37,0.95,6.59,2722.85,5.03,10429348530.0,9673234542.0,0.0,0.0,17.12,0.94
4978,300386,飞天诚信,15.6,-3.82,-0.62,64794.0,101944339.0,4.01,16.18,15.53,16.0,16.22,1.26,2.58,471.15,4.42,6521486400.0,3911819387.0,-0.06,0.0,-5.4,-13.62
4979,300130,新国都,24.95,-3.82,-0.99,130629.0,328479758.49,2.7,25.61,24.91,25.6,25.94,1.09,3.01,26.05,3.26,14154113119.0,10832100085.0,-0.04,-0.04,1.22,-10.03
4980,003040,楚天龙,17.1,-3.82,-0.68,99749.0,171996454.36,3.21,17.63,17.06,17.63,17.78,1.49,2.18,-134.51,5.63,7885425121.0,7812139412.0,0.0,0.06,-8.21,-17.31
4981,000426,兴业银锡,46.9,-3.83,-1.87,527804.0,2537810879.42,5.29,49.46,46.88,48.58,48.77,0.95,2.97,45.79,9.09,83277316159.0,83257136262.0,-0.23,-0.06,38.35,31.74
4982,920748,路桥信息,39.46,-3.85,-1.58,10366.0,41307905.98,2.41,40.38,39.39,40.29,41.04,1.13,2.91,-50.06,13.7,3028160400.0,1407381702.0,0.05,-0.3,-27.38,-15.21
4983,001226,拓山重工,45.62,-3.86,-1.83,14338.0,66654503.0,5.52,48.1,45.48,47.85,47.45,1.02,4.23,154.59,4.67,3406294854.0,1547736054.0,-0.28,0.09,13.34,3.21
4984,603058,永吉股份,12.7,-3.86,-0.51,129270.0,166917504.0,5.15,13.33,12.65,13.01,13.21,0.72,3.13,39.99,4.27,5266217141.0,5252874013.0,0.0,0.16,39.25,35.54
4985,002212,天融信,8.46,-3.86,-0.34,441175.0,376487406.21,3.3,8.73,8.44,8.72,8.8,0.7,3.78,-31.78,1.07,9978179816.0,9871550433.0,0.0,0.0,-6.52,-6.73
4986,002912,中新赛克,30.08,-3.87,-1.21,30393.0,92799489.33,3.58,31.17,30.05,31.17,31.29,1.03,1.87,-362.36,3.14,5136220160.0,4879638091.0,0.0,0.0,4.55,-0.2
4987,300608,思特奇,11.92,-3.87,-0.48,81735.0,98775734.8,5.81,12.59,11.87,12.42,12.4,0.7,2.84,-16.76,2.96,3948376914.0,3427913310.0,-0.08,0.08,5.67,7.68
4988,603267,鸿远电子,55.12,-3.87,-2.22,69686.0,390378882.0,3.35,57.01,55.09,56.73,57.34,0.79,3.02,42.96,2.9,12737178767.0,12737178767.0,0.05,-0.04,14.36,1.27
4989,002248,华东数控,14.14,-3.87,-0.57,378908.0,543641354.6,4.62,14.73,14.05,14.59,14.71,1.23,12.32,141.04,45.65,4347987784.0,4347987784.0,-0.07,-0.07,18.72,22.64
4990,920163,方大新材,15.62,-3.88,-0.63,20171.0,32431813.4,5.35,16.38,15.51,16.19,16.25,1.15,3.38,48.2,4.04,2010530799.0,933404106.0,-0.32,-0.51,8.47,7.95
4991,688175,高凌信息,35.96,-3.88,-1.45,12520.0,46014747.0,5.24,37.76,35.8,37.0,37.41,0.73,0.97,-114.42,2.69,4650239320.0,4650239320.0,0.0,0.11,35.09,11.64
4992,002993,奥海科技,47.69,-3.89,-1.93,49925.0,241084994.5,4.11,49.55,47.51,49.5,49.62,0.55,2.09,27.53,2.66,13164347600.0,11371534235.0,0.1,0.19,10.7,9.11
4993,300491,通合科技,28.58,-3.9,-1.16,119554.0,345480298.2,4.17,29.74,28.5,29.57,29.74,0.67,7.66,184.24,4.26,5020738598.0,4458182168.0,0.04,-0.03,9.84,13.73
4994,688702,盛科通信-U,187.0,-3.9,-7.59,66889.0,1254826696.0,5.13,194.23,184.24,190.01,194.59,0.72,3.3,-511.67,34.38,76670000000.0,37959463421.0,1.06,0.98,29.79,31.98
4995,300034,钢研高纳,20.23,-3.9,-0.82,252798.0,516908662.99,3.8,20.94,20.14,20.85,21.05,0.74,3.3,97.07,4.23,16122532419.0,15509249753.0,0.0,0.1,17.82,3.32
4996,600578,京能电力,5.66,-3.9,-0.23,859775.0,494890044.0,5.26,5.96,5.65,5.95,5.89,1.39,1.28,8.96,1.59,37891554945.0,37891554945.0,-0.18,0.0,24.4,10.98
4997,002657,中科金财,24.56,-3.91,-1.0,95316.0,236286165.42,3.52,25.4,24.5,25.33,25.56,1.2,2.84,-55.98,4.8,8351676997.0,8254960822.0,-0.08,-0.08,-9.74,-17.75
4998,600392,盛和资源,25.3,-3.91,-1.03,617923.0,1588114751.0,4.41,26.36,25.2,26.29,26.33,0.92,3.53,42.23,3.33,44346512221.0,44346512221.0,0.0,0.08,20.48,17.51
4999,301580,爱迪特,86.28,-3.92,-3.52,70951.0,635145210.28,9.58,94.4,85.8,90.25,89.8,1.04,9.85,48.72,4.41,9194388252.0,6213626070.0,0.03,0.09,97.62,95.2
5000,603629,利通电子,61.7,-3.92,-2.52,322508.0,2014724469.0,4.56,64.38,61.45,62.3,64.22,0.74,12.56,56.22,8.59,16188846000.0,15847768400.0,-0.48,0.21,130.83,131.52
5001,688312,燕麦科技,49.53,-3.92,-2.02,50898.0,256696324.0,4.21,51.7,49.53,50.9,51.55,0.69,3.49,52.56,4.73,7220048328.0,7220048328.0,-0.18,-0.2,49.86,49.28
5002,920091,大鹏工业,72.25,-3.92,-2.95,30708.0,222870186.76,5.11,75.0,71.16,72.53,75.2,1.31,22.59,114.59,9.32,4440860700.0,981942525.0,-0.29,-0.07,29.16,-9.69
5003,002634,棒杰股份,6.86,-3.92,-0.28,96027.0,66782475.0,4.76,7.14,6.8,7.07,7.14,0.62,2.15,-2.61,-5.19,3151158239.0,3063089731.0,0.15,-0.15,20.14,21.42
5004,301115,联检科技,22.27,-3.93,-0.91,101656.0,231732396.78,5.74,23.55,22.22,23.33,23.18,1.37,6.57,87.57,1.62,4087098410.0,3446654721.0,0.23,-0.04,39.97,40.86
5005,600868,梅雁吉祥,4.16,-3.93,-0.17,3877726.0,1640207069.0,6.93,4.42,4.12,4.33,4.33,3.3,20.43,-191.98,4.08,7896298505.0,7896298505.0,0.0,0.24,11.23,24.55
5006,688118,普元信息,31.56,-3.93,-1.29,42271.0,134439798.0,4.57,32.8,31.3,32.44,32.85,0.52,4.53,394.39,3.38,2945075462.0,2945075462.0,0.0,0.13,29.45,23.67
5007,001216,华瓷股份,20.51,-3.93,-0.84,79774.0,164862913.32,3.65,21.1,20.32,21.0,21.35,0.46,3.25,20.5,2.86,5165786017.0,5036296111.0,0.0,0.15,23.04,19.87
5008,600797,浙大网新,9.74,-3.94,-0.4,458067.0,450268373.0,3.35,10.06,9.72,10.04,10.14,0.9,4.46,240.63,2.87,10008106844.0,10008106844.0,0.1,0.0,-6.53,-1.72
5009,688334,西高院,23.36,-3.95,-0.96,59822.0,141621298.0,4.69,24.37,23.23,24.33,24.32,0.72,3.81,29.73,2.54,7395296326.0,3665293745.0,0.04,0.34,21.79,20.66
5010,688388,嘉元科技,44.53,-3.95,-1.83,336838.0,1539881121.0,7.12,47.55,44.25,45.78,46.36,0.94,7.54,336.33,2.73,19885717748.0,19885717748.0,0.07,0.41,13.6,8.66
5011,600330,天通股份,18.43,-3.96,-0.76,1836916.0,3456164507.0,10.11,20.14,18.2,19.8,19.19,1.05,14.89,297.45,2.83,22732196287.0,22732196287.0,-0.32,-0.11,62.95,40.37
5012,300047,天源迪科,12.85,-3.96,-0.53,197266.0,255881455.49,3.29,13.26,12.82,13.24,13.38,1.09,3.61,159.22,2.49,8195019035.0,7024346372.0,-0.08,-0.16,-10.95,2.39
5013,000593,德龙汇能,15.03,-3.96,-0.62,352630.0,537352611.25,4.66,15.7,14.97,15.65,15.65,1.57,9.84,163.16,6.16,5390224065.0,5388002030.0,0.27,0.2,26.2,34.2
5014,300766,每日互动,40.72,-3.96,-1.68,321485.0,1309894088.92,2.5,41.38,40.32,41.09,42.4,0.77,8.97,-222.46,10.24,16074210105.0,14587941547.0,0.0,0.05,22.72,24.26
5015,300454,深信服,120.04,-3.97,-4.96,99035.0,1200571797.81,4.33,124.96,119.55,124.52,125.0,0.59,3.52,-474.95,5.56,51018797239.0,33782431658.0,-0.2,-0.15,6.84,4.24
5016,605060,联德股份,55.88,-3.97,-2.31,58578.0,331066568.0,3.18,57.5,55.65,57.33,58.19,0.69,2.45,56.71,5.56,13444280960.0,13351989552.0,-0.16,0.02,49.09,51.19
5017,300401,花园生物,15.94,-3.98,-0.66,300955.0,481217757.02,5.66,16.64,15.7,16.6,16.6,1.26,5.63,27.76,2.74,8662910286.0,8521800655.0,0.13,-0.13,11.16,5.42
5018,000420,吉林化纤,4.82,-3.98,-0.2,5674045.0,2849458945.58,10.36,5.3,4.78,5.21,5.02,6.56,23.08,272.27,2.68,11851745413.0,11847710109.0,0.0,0.0,25.19,6.4
5019,300369,绿盟科技,9.64,-3.98,-0.4,643841.0,622418253.35,5.08,10.03,9.52,10.03,10.04,0.55,7.97,-29.89,3.14,7814394991.0,7789659146.0,0.21,0.31,22.65,28.88
5020,300377,赢时胜,19.3,-3.98,-0.8,321402.0,629591219.36,3.23,19.95,19.3,19.93,20.1,0.98,4.65,-251.58,5.75,14494359444.0,13336191090.0,-0.1,-0.21,-5.81,-14.41
5021,300241,瑞丰光电,7.46,-3.99,-0.31,1144071.0,872032617.75,5.66,7.88,7.44,7.62,7.77,0.68,19.51,76.51,2.34,5223968299.0,4374393808.0,-0.13,-0.13,19.74,33.45
5022,603083,剑桥科技,117.71,-3.99,-4.89,249437.0,2990203817.0,5.62,124.33,117.44,119.84,122.6,0.66,9.05,120.07,12.51,41510475406.0,32439507386.0,0.23,-0.06,-2.04,-12.41
5023,600517,国网英大,7.2,-4.0,-0.3,556672.0,405257879.0,3.6,7.45,7.18,7.45,7.5,0.86,0.97,13.83,1.78,41172737357.0,41172737357.0,-0.14,0.0,21.42,19.8
5024,300579,数字认证,29.05,-4.0,-1.21,38363.0,112213836.5,3.3,30.0,29.0,30.0,30.26,0.94,1.46,-51.41,10.03,7843500000.0,7619193098.0,-0.03,0.17,-0.21,-13.57
5025,300593,新雷能,27.1,-4.0,-1.13,157063.0,432123923.74,4.64,28.3,26.99,28.05,28.23,0.97,3.49,-122.71,6.16,14701708510.0,12202140877.0,0.11,-0.07,1.88,-8.94
5026,002428,云南锗业,43.36,-4.01,-1.81,459826.0,2049504973.9,6.97,46.3,43.15,44.78,45.17,0.8,7.04,1170.33,19.46,28319283200.0,28315624700.0,-0.23,-0.09,56.36,36.57
5027,300831,派瑞股份,19.38,-4.01,-0.81,330642.0,664412847.55,9.31,21.18,19.3,19.9,20.19,0.8,17.92,836.61,6.75,6201600000.0,3575304571.0,0.16,-0.05,42.82,75.86
5028,688667,菱电电控,97.9,-4.01,-4.09,14997.0,150468504.0,6.87,104.78,97.77,100.1,101.99,1.16,2.85,38.29,2.89,5158885240.0,5158885240.0,0.0,-0.1,66.5,39.02
5029,300423,昇辉科技,10.28,-4.01,-0.43,276885.0,287944853.05,3.92,10.65,10.23,10.52,10.71,0.44,8.31,592.95,3.79,5114416061.0,3426945765.0,0.1,0.19,32.47,22.67
5030,301002,崧盛股份,40.49,-4.01,-1.69,35222.0,144230098.62,4.13,42.08,40.34,42.08,42.18,0.85,4.14,593.54,6.34,5463586092.0,3441049776.0,0.0,-0.05,33.32,11.21
5031,600080,金花股份,8.6,-4.02,-0.36,120822.0,104876076.0,3.91,8.93,8.58,8.9,8.96,0.86,3.24,69.82,2.03,3210124451.0,3210124451.0,0.0,0.0,7.63,14.06
5032,003021,兆威机电,114.22,-4.02,-4.78,42783.0,494268452.63,3.32,118.0,114.05,117.88,119.0,0.62,2.06,126.44,8.07,30551873994.0,23684977874.0,-0.02,-0.01,5.17,-8.02
5033,920579,机科股份,20.01,-4.03,-0.84,36994.0,74331758.42,7.24,21.02,19.51,20.9,20.85,2.77,8.3,-68.11,5.39,2590894800.0,891934144.0,0.4,-0.25,-16.63,-23.36
5034,600550,保变电气,17.14,-4.03,-0.72,922412.0,1612678942.0,4.76,17.93,17.08,17.77,17.86,0.61,5.01,162.22,40.32,31563798147.0,31563798147.0,-0.06,-0.23,78.91,62.46
5035,301208,中亦科技,36.52,-4.05,-1.54,16588.0,61327310.24,3.91,37.9,36.41,37.9,38.06,1.15,2.51,101.93,2.85,4382402191.0,2412951631.0,-0.08,-0.05,-2.61,-7.96
5036,603698,航天工程,30.83,-4.05,-1.3,176038.0,551123184.0,4.01,32.0,30.71,31.81,32.13,0.91,3.28,92.15,4.79,16524571700.0,16524571700.0,-0.06,0.0,34.86,-20.44
5037,002541,鸿路钢构,22.74,-4.05,-0.96,61862.0,143593445.45,5.53,23.97,22.66,23.7,23.7,0.93,1.25,23.71,1.64,15690989809.0,11281742422.0,0.0,0.09,45.3,38.32
5038,300814,中富电路,97.2,-4.05,-4.1,66107.0,648976298.37,3.92,100.78,96.81,100.0,101.3,0.61,3.45,501.02,11.32,18607008830.0,18607008830.0,0.0,-0.23,19.88,31.46
5039,002951,金时科技,16.54,-4.06,-0.7,260420.0,437877166.84,8.58,17.88,16.4,17.58,17.24,2.79,6.49,-145.72,3.99,6698700000.0,6634597990.0,0.06,0.0,25.21,11.01
5040,605580,恒盛能源,22.93,-4.06,-0.97,69174.0,160944868.0,4.6,24.0,22.9,23.82,23.9,1.09,2.47,50.31,6.65,6420400000.0,6420400000.0,-0.09,0.0,-37.61,1.64
5041,688359,三孚新科,85.01,-4.06,-3.6,23745.0,204068071.0,4.53,89.0,84.99,89.0,88.61,0.8,2.41,-169.35,14.19,8359045796.0,8359045796.0,-0.15,-0.11,22.86,27.59
5042,920111,聚星科技,25.2,-4.07,-1.07,26138.0,66940029.44,4.19,26.23,25.13,26.08,26.27,0.63,3.47,31.57,4.17,3909893400.0,1897260750.0,0.08,-0.12,9.14,8.02
5043,300840,酷特智能,18.34,-4.08,-0.78,78285.0,145903895.0,3.4,18.96,18.31,18.9,19.12,0.93,4.42,80.02,3.44,4401600000.0,3247741376.0,0.05,0.0,-0.43,-10.32
5044,002549,凯美特气,19.98,-4.08,-0.85,572117.0,1136183723.3,5.86,20.72,19.5,20.3,20.83,1.81,8.26,138.2,6.72,13893051062.0,13833343329.0,0.0,0.0,-4.95,-5.84
5045,001233,海安集团,68.89,-4.08,-2.93,20513.0,143699395.99,4.62,71.9,68.58,71.8,71.82,0.87,5.8,20.79,3.39,12811702979.0,2437736029.0,0.16,0.19,5.22,19.48
5046,603155,新亚强,16.89,-4.09,-0.72,131350.0,225724789.0,3.29,17.46,16.88,17.3,17.61,0.59,4.16,50.73,2.46,5333639052.0,5333639052.0,-0.06,-0.18,-8.9,-1.4
5047,002413,雷科防务,13.84,-4.09,-0.59,1268783.0,1782851135.11,4.09,14.39,13.8,14.14,14.43,0.73,9.79,-151.13,5.44,18259675634.0,17928758078.0,-0.07,-0.36,41.51,10.28
5048,000066,中国长城,16.41,-4.09,-0.7,1434456.0,2386166957.73,3.45,16.97,16.38,16.9,17.11,0.77,4.45,2471.05,4.77,52935363034.0,52931929242.0,0.0,-0.18,11.86,13.88
5049,920046,亿能电力,32.61,-4.09,-1.39,78889.0,263032096.22,7.88,34.88,32.2,34.1,34.0,0.6,12.31,219.82,13.1,3298501500.0,2089560329.0,0.0,-0.09,137.34,142.45
5050,301611,珂玛科技,107.52,-4.09,-4.58,61088.0,668551104.82,4.22,112.1,107.37,111.0,112.1,0.74,4.17,143.79,27.15,46878720000.0,15760570614.0,0.0,0.04,100.45,25.42
5051,920493,并行科技,166.49,-4.1,-7.11,27067.0,450887835.72,4.21,170.9,163.6,170.9,173.6,0.69,6.18,455.78,22.81,9941018838.0,7291670628.0,-0.07,0.9,24.14,25.61
5052,002272,川润股份,18.7,-4.1,-0.8,534217.0,1017444950.64,4.87,19.6,18.65,19.35,19.5,0.53,13.82,-314.01,6.08,9067205510.0,7227416258.0,0.0,0.16,31.04,14.37
5053,600259,中稀有色,90.03,-4.11,-3.86,109263.0,998821004.0,3.81,93.39,89.81,93.0,93.89,0.66,3.25,178.09,8.67,30289324977.0,30289324977.0,-0.2,-0.08,70.87,60.02
5054,300548,长芯博创,158.85,-4.11,-6.8,180253.0,2897151913.23,5.48,165.58,156.5,162.08,165.65,0.64,6.69,138.96,24.71,46316113395.0,42774949770.0,0.03,0.05,18.28,11.87
5055,603496,恒为科技,29.4,-4.11,-1.26,162877.0,483948382.0,3.07,30.3,29.36,30.19,30.66,0.76,5.09,269.45,6.77,9414151744.0,9414151744.0,0.03,-0.07,4.0,7.77
5056,000683,博源化工,9.31,-4.12,-0.4,534612.0,508643571.01,5.46,9.82,9.29,9.71,9.71,0.73,1.6,24.44,2.38,34603701824.0,31179301934.0,-0.11,0.0,33.96,25.13
5057,002630,ST华西,2.33,-4.12,-0.1,337248.0,79296977.6,4.53,2.43,2.32,2.4,2.43,1.8,3.27,55.28,11.4,2751264000.0,2400535827.0,0.0,0.43,-13.38,-6.8
5058,601958,金钼股份,21.88,-4.12,-0.94,501689.0,1118103609.0,5.57,23.05,21.78,22.8,22.82,0.97,1.55,22.14,3.73,70598104272.0,70598104272.0,0.05,0.0,54.85,40.44
5059,603191,望变电气,25.15,-4.12,-1.08,189624.0,482273460.0,6.29,26.47,24.82,26.4,26.23,0.79,5.75,76.9,3.35,8298610671.0,8298610671.0,0.0,-0.08,68.68,69.82
5060,688100,威胜信息,41.81,-4.13,-1.8,47070.0,200557232.0,4.95,43.73,41.57,43.48,43.61,0.82,0.96,30.85,5.81,20557357167.0,20557357167.0,0.0,0.19,20.07,6.39
5061,600963,岳阳林纸,5.57,-4.13,-0.24,941370.0,528630782.0,5.68,5.83,5.5,5.8,5.81,1.74,5.36,-41.66,1.29,9789652947.0,9789652947.0,-0.18,0.0,29.84,19.27
5062,920924,广脉科技,21.33,-4.13,-0.92,20851.0,45421086.28,4.76,22.33,21.27,22.11,22.25,0.83,3.19,128.56,7.18,2288634345.0,1394387768.0,-0.33,-0.28,4.97,1.91
5063,300835,龙磁科技,84.24,-4.13,-3.63,35884.0,306675802.0,4.55,88.0,84.0,88.0,87.87,0.67,4.36,56.51,8.41,10045412770.0,6931581078.0,0.05,-0.13,33.76,28.45
5064,688001,华兴源创,33.15,-4.14,-1.43,60933.0,206069672.0,5.49,35.0,33.1,34.72,34.58,0.63,1.37,182.92,4.28,14734838295.0,14734838295.0,-0.3,-0.15,21.47,9.84
5065,688383,新益昌,73.33,-4.14,-3.17,14710.0,109357654.0,4.05,76.2,73.1,75.73,76.5,0.83,1.45,-56.09,6.03,7453737845.0,7453737845.0,0.2,0.11,-0.97,-6.31
5066,600345,长江通信,42.13,-4.14,-1.82,142021.0,609794609.0,5.35,44.38,42.03,43.5,43.95,0.67,6.71,626.05,3.94,13886559121.0,8912993183.0,-0.12,-0.09,51.11,21.55
5067,000400,许继电气,31.0,-4.14,-1.34,403820.0,1274270199.88,4.17,32.26,30.91,32.09,32.34,0.65,3.99,26.27,2.67,31577289719.0,31362739029.0,-0.03,-0.03,21.52,20.58
5068,603189,网达软件,19.16,-4.15,-0.83,77866.0,152260152.0,4.35,19.97,19.1,19.76,19.99,1.37,2.89,645.7,3.43,5164546367.0,5164546367.0,0.05,0.16,-5.01,0.68
5069,002861,瀛通通讯,18.41,-4.16,-0.8,77723.0,146274061.02,4.42,19.21,18.36,19.21,19.21,0.98,5.18,-72.14,3.11,3429487740.0,2764599324.0,0.11,-0.11,-13.36,3.49
5070,301609,山大电力,52.59,-4.17,-2.29,58206.0,309526010.11,6.3,55.86,52.4,55.86,54.88,0.65,15.88,73.57,6.96,8565859200.0,1927318320.0,0.1,-0.11,22.02,26.91
5071,603057,紫燕食品,30.37,-4.17,-1.32,43931.0,135151095.0,4.23,31.61,30.27,31.54,31.69,0.92,1.07,48.34,6.26,12512440000.0,12512440000.0,0.13,0.07,73.05,49.31
5072,300179,四方达,24.8,-4.17,-1.08,383328.0,970734331.91,5.56,26.19,24.75,25.97,25.88,0.69,10.25,151.68,10.09,12045953464.0,9274750574.0,-0.08,-0.12,42.12,64.02
5073,688035,德邦科技,67.3,-4.17,-2.93,52034.0,355991678.0,5.28,70.8,67.09,70.39,70.23,0.6,3.66,90.95,4.07,9572752000.0,9572752000.0,0.0,-0.07,47.1,39.48
5074,601702,华峰铝业,21.6,-4.17,-0.94,95168.0,209935610.0,5.55,22.82,21.57,22.48,22.54,1.13,0.95,18.06,3.52,21568260960.0,21568260960.0,0.0,-0.18,17.39,5.52
5075,301235,华康洁净,48.96,-4.17,-2.13,70837.0,360043365.04,7.83,52.83,48.83,51.4,51.09,0.89,9.74,64.71,2.9,5276753205.0,3561599117.0,0.0,-0.04,51.11,32.79
5076,000629,钒钛股份,3.9,-4.18,-0.17,2530926.0,999281179.46,3.69,4.03,3.88,3.98,4.07,1.28,2.72,-182.82,2.95,36234696596.0,36232279001.0,0.26,0.0,30.43,25.81
5077,601216,君正集团,6.4,-4.19,-0.28,1834088.0,1198633588.0,5.09,6.73,6.39,6.7,6.68,0.75,2.17,14.47,1.87,54003311296.0,54003311296.0,0.0,-0.16,34.74,32.78
5078,603165,荣晟环保,14.63,-4.19,-0.64,128680.0,190003271.0,4.98,15.32,14.56,15.29,15.27,0.74,4.27,19.35,1.97,4410604721.0,4410604721.0,0.21,0.07,19.23,19.14
5079,300212,易华录,11.42,-4.19,-0.5,171211.0,198542432.72,4.11,11.89,11.4,11.88,11.92,0.74,2.45,-11.53,30.23,8221171459.0,7977003888.0,0.0,-0.09,-35.04,-34.56
5080,920207,众诚科技,32.59,-4.2,-1.43,49495.0,163482014.2,4.35,33.98,32.5,33.98,34.02,0.58,8.79,3818.7,10.09,3004635050.0,1835288512.0,-0.28,-0.31,59.75,45.49
5081,300231,银信科技,11.19,-4.2,-0.49,139980.0,158803599.97,3.85,11.6,11.15,11.6,11.68,1.03,3.15,70.77,3.06,4971625231.0,4971369931.0,0.09,0.09,5.97,6.27
5082,002532,天山铝业,18.66,-4.21,-0.82,676925.0,1300857999.5,7.7,20.0,18.5,19.64,19.48,0.83,1.65,19.39,2.99,86372240164.0,76633960054.0,0.32,0.38,40.51,16.04
5083,300215,电科院,9.78,-4.21,-0.43,327108.0,324485955.25,4.8,10.2,9.71,10.16,10.21,0.52,6.54,-236.65,3.74,7326141149.0,4888732473.0,-0.1,0.0,32.7,53.77
5084,600783,鲁信创投,21.57,-4.22,-0.95,217785.0,476440790.0,4.4,22.48,21.49,22.32,22.52,0.91,2.93,37.52,3.39,16055829972.0,16055829972.0,-0.14,-0.14,40.43,-12.78
5085,601696,中银证券,13.59,-4.23,-0.6,717895.0,987671903.0,4.23,14.17,13.57,14.11,14.19,1.4,2.58,33.15,2.02,37753020000.0,37753020000.0,-0.07,-0.07,-3.82,-9.34
5086,301191,菲菱科思,119.45,-4.23,-5.27,28272.0,342554565.06,5.64,126.03,119.0,124.96,124.72,0.67,5.42,133.03,4.98,8282901900.0,6235096849.0,0.09,0.21,14.86,11.1
5087,920496,许昌智能,10.4,-4.24,-0.46,63489.0,67765910.03,4.79,10.92,10.4,10.67,10.86,0.49,4.38,159.15,3.06,1721980000.0,1507983693.0,-0.57,-0.76,3.07,4.1
5088,002197,证通电子,8.33,-4.25,-0.37,214999.0,181913859.81,3.91,8.65,8.31,8.65,8.7,0.97,4.03,-58.19,2.47,5117643190.0,4448220100.0,0.0,0.0,-22.73,-17.69
5089,920578,巨能股份,20.49,-4.25,-0.91,8413.0,17891749.0,5.47,21.66,20.49,21.44,21.4,0.71,3.66,-612.41,5.92,1567056698.0,471270000.0,-2.34,-2.43,-15.54,-21.34
5090,300970,华绿生物,24.77,-4.25,-1.1,35332.0,89336317.12,6.11,26.26,24.68,25.91,25.87,0.77,3.71,139.45,1.97,3037027407.0,2356521915.0,-0.16,0.0,42.52,20.77
5091,000966,长源电力,4.95,-4.26,-0.22,1278018.0,639147245.03,4.45,5.15,4.92,5.15,5.17,1.25,3.92,37.87,1.25,17231123329.0,16144537959.0,-0.2,0.2,15.65,15.93
5092,300868,杰美特,38.36,-4.27,-1.71,32068.0,124276408.0,4.59,39.88,38.04,39.88,40.07,0.61,3.97,-146.54,3.25,4908238720.0,3098087898.0,0.0,0.16,39.49,21.01
5093,002565,顺灏股份,13.19,-4.28,-0.59,584584.0,783659868.79,4.43,13.76,13.15,13.64,13.78,0.76,5.52,155.76,7.5,13981253881.0,13980660331.0,0.0,-0.15,-0.08,-28.04
5094,002235,安妮股份,10.51,-4.28,-0.47,450036.0,480633815.97,4.19,10.94,10.48,10.9,10.98,0.7,8.13,-3293.56,8.1,6091304705.0,5818107954.0,0.1,0.0,-6.49,1.64
5095,300657,弘信电子,31.58,-4.3,-1.42,274881.0,879490213.14,4.55,33.0,31.5,33.0,33.0,0.68,5.87,126.16,12.11,15225527901.0,14795353573.0,0.0,0.0,3.03,14.17
5096,600562,国睿科技,26.48,-4.3,-1.19,145507.0,389972531.0,3.61,27.42,26.42,27.15,27.67,1.32,1.17,66.21,5.06,32884395603.0,32884395603.0,-0.04,0.04,-0.15,-6.3
5097,002157,正邦科技,3.34,-4.3,-0.15,2410609.0,817453074.23,4.87,3.5,3.33,3.49,3.49,0.94,3.33,2803.37,2.63,30895543047.0,24162409051.0,-0.3,0.0,7.74,3.09
5098,000862,银星能源,7.57,-4.3,-0.34,780085.0,593098009.49,5.31,7.82,7.4,7.8,7.91,0.6,12.42,21.95,1.55,6948917049.0,4753710856.0,0.4,0.0,32.34,29.62
5099,301468,博盈特焊,53.78,-4.31,-2.42,88165.0,477095817.0,5.0,55.69,52.88,55.65,56.2,0.93,11.75,126.11,3.1,6997524305.0,4033640151.0,-0.39,0.26,16.74,2.87
5100,000767,晋控电力,3.77,-4.31,-0.17,1778774.0,674798124.46,4.31,3.9,3.73,3.89,3.94,0.85,6.11,27.59,1.85,11600072166.0,10979169064.0,0.0,0.0,31.82,34.64
5101,603861,白云电器,18.62,-4.32,-0.84,274864.0,520064628.0,4.73,19.42,18.5,19.16,19.46,0.72,5.2,50.81,2.53,10064630522.0,9842280220.0,-0.05,-0.27,58.2,53.0
5102,000880,潍柴重机,29.27,-4.32,-1.32,196511.0,581048134.41,4.22,30.34,29.05,30.34,30.59,0.8,8.66,54.5,6.6,13576855547.0,6645074436.0,-0.03,0.1,4.5,7.14
5103,000981,山子高科,4.21,-4.32,-0.19,3664830.0,1558899419.29,3.64,4.36,4.2,4.33,4.4,1.06,3.85,72.27,25.0,42089352438.0,40051229152.0,0.24,0.0,30.34,1.2
5104,300490,华自科技,17.73,-4.32,-0.8,252520.0,455672476.72,4.59,18.53,17.68,18.34,18.53,0.54,6.42,-28.15,3.21,7068431050.0,6972368811.0,-0.34,-0.23,39.28,47.87
5105,603871,嘉友国际,15.45,-4.33,-0.7,128276.0,202272662.0,5.45,16.3,15.42,16.1,16.15,0.93,0.94,18.14,3.66,21135733766.0,21135733766.0,-0.13,-0.13,21.94,10.75
5106,002322,理工能科,14.36,-4.33,-0.65,140640.0,204737213.0,4.6,15.01,14.32,15.0,15.01,1.13,4.0,28.6,1.96,5248981649.0,5046099390.0,-0.14,0.0,18.19,19.57
5107,301302,华如科技,28.53,-4.33,-1.29,127228.0,368585977.81,4.53,29.8,28.45,29.55,29.82,0.57,9.15,-23.94,2.83,4446828450.0,3965384700.0,-0.04,-0.11,20.99,24.75
5108,300058,蓝色光标,14.98,-4.34,-0.68,2817392.0,4282456877.33,4.98,15.71,14.93,15.66,15.66,0.9,8.1,206.13,6.78,53781513980.0,52130845775.0,0.07,0.0,62.47,30.03
5109,600126,杭钢股份,9.26,-4.34,-0.42,2549615.0,2414693297.0,5.37,9.76,9.24,9.6,9.68,1.35,7.55,233.14,1.6,31272770909.0,31272770909.0,0.0,-0.22,9.59,13.48
5110,603045,福达合金,31.28,-4.34,-1.42,74115.0,236952431.0,5.6,32.69,30.86,32.4,32.7,0.63,5.47,57.25,4.16,4236724448.0,4236724448.0,-0.1,-0.03,56.63,59.19
5111,300136,信维通信,64.13,-4.35,-2.92,585387.0,3813829563.95,4.52,66.95,63.92,66.52,67.05,1.05,7.1,95.66,8.08,62050176755.0,52879541094.0,0.0,0.05,89.62,3.44
5112,688223,晶科能源,7.89,-4.36,-0.36,2917018.0,2350015583.0,4.61,8.26,7.88,8.19,8.25,0.93,2.92,-11.63,3.09,78941059631.0,78941059631.0,0.0,-0.13,43.72,39.89
5113,603993,洛阳钼业,19.76,-4.36,-0.9,3530942.0,7110088050.0,4.89,20.7,19.69,20.3,20.66,1.39,2.02,22.2,5.44,422751569078.0,345026241398.0,0.05,0.15,12.59,-1.2
5114,002062,宏润建设,8.33,-4.36,-0.38,212973.0,180067653.54,3.79,8.65,8.32,8.64,8.71,1.13,1.89,31.73,2.03,10306466505.0,9368758997.0,-0.36,-0.6,-13.68,-9.95
5115,300499,高澜股份,38.27,-4.37,-1.75,335025.0,1299971100.54,4.92,40.0,38.03,39.77,40.02,0.6,12.34,255.92,8.44,11681862544.0,10386617150.0,0.24,0.1,39.77,24.74
5116,603626,科森科技,23.3,-4.39,-1.07,638990.0,1529203701.0,5.91,24.55,23.11,23.67,24.37,1.9,11.52,-84.48,6.06,12928696777.0,12928696777.0,0.6,0.3,81.32,11.27
5117,000612,焦作万方,13.94,-4.39,-0.64,601814.0,860512855.21,6.31,14.81,13.89,14.5,14.58,1.08,5.05,15.52,2.31,16619259552.0,16604775892.0,0.07,0.0,43.71,26.5
5118,920171,志晟信息,19.81,-4.39,-0.91,19369.0,39039205.04,5.12,20.86,19.8,20.86,20.72,1.29,2.87,414.61,9.09,1985620385.0,1337118145.0,-0.35,-0.3,-8.58,-15.34
5119,002268,电科网安,19.17,-4.39,-0.88,244874.0,474156459.92,4.14,19.95,19.12,19.92,20.05,1.0,2.9,-57.0,3.01,16210843711.0,16204360896.0,-0.05,0.0,2.4,-6.67
5120,301327,华宝新能,62.67,-4.39,-2.88,55884.0,355503086.96,5.45,65.88,62.31,64.88,65.55,1.03,7.33,57.52,1.76,10928479581.0,4780677921.0,0.32,0.22,10.92,8.67
5121,688372,伟测科技,136.34,-4.4,-6.27,77389.0,1066730145.0,4.45,141.35,135.0,137.25,142.61,0.9,5.19,67.73,6.83,20322000955.0,20322000955.0,-0.04,0.36,32.72,24.98
5122,603117,万林物流,5.21,-4.4,-0.24,312118.0,165914120.0,5.5,5.47,5.17,5.43,5.45,1.67,5.21,166.23,3.03,3121820236.0,3121820236.0,0.0,0.19,1.36,10.38
5123,000722,湖南发展,13.66,-4.41,-0.63,228191.0,315243574.49,3.85,14.19,13.64,14.11,14.29,1.01,4.92,74.27,2.01,6340402132.0,6340402132.0,-0.22,-0.07,13.27,15.76
5124,000531,穗恒运Ａ,7.16,-4.41,-0.33,343774.0,249070022.63,4.94,7.49,7.12,7.48,7.49,1.29,3.78,12.73,1.07,7456433537.0,6513777694.0,0.0,0.14,12.4,11.7
5125,002270,华明装备,31.75,-4.43,-1.47,247701.0,798442689.47,5.12,33.22,31.52,32.8,33.22,0.96,2.76,40.09,9.06,28455157434.0,28454701441.0,0.0,0.09,28.54,26.8
5126,002424,ST百灵,5.18,-4.43,-0.24,328510.0,172760544.7,5.9,5.47,5.15,5.45,5.42,1.7,2.71,95.57,2.22,7239559712.0,6284451172.0,0.39,0.19,-5.82,19.08
5127,600157,永泰能源,1.94,-4.43,-0.09,20298286.0,4012697000.0,4.93,2.03,1.93,2.01,2.03,1.02,9.3,160.43,0.9,42326462441.0,42326462441.0,0.0,-0.51,19.75,23.57
5128,002490,山东墨龙,11.2,-4.44,-0.52,1148515.0,1311846347.31,9.39,12.04,10.94,11.9,11.72,0.68,21.2,1234.02,17.95,8935902080.0,6067286400.0,-0.09,0.18,67.16,72.31
5129,603588,高能环境,15.23,-4.45,-0.71,1265828.0,1925951829.0,8.53,16.06,14.7,16.0,15.94,1.33,8.31,27.68,2.4,23198860780.0,23198860780.0,-0.52,-0.91,122.99,97.28
5130,920556,雅达股份,10.96,-4.45,-0.51,92254.0,102978239.53,4.88,11.48,10.92,11.47,11.47,0.6,7.85,63.83,3.35,1768014592.0,1287786453.0,0.0,-0.09,12.07,8.95
5131,002218,拓日新能,6.0,-4.46,-0.28,842496.0,513781115.87,3.98,6.25,6.0,6.2,6.28,0.64,6.05,-58.37,2.09,8478123294.0,8354389494.0,-0.17,0.0,36.99,38.25
5132,000987,越秀资本,8.98,-4.47,-0.42,728381.0,660203406.66,4.47,9.35,8.93,9.32,9.4,1.71,1.45,11.23,1.42,45053849509.0,45029538063.0,0.11,0.0,22.01,10.32
5133,002957,科瑞技术,26.25,-4.48,-1.23,159894.0,425936136.92,4.55,27.44,26.19,27.31,27.48,0.64,3.82,33.49,3.44,11024539733.0,10990320128.0,-0.3,-0.04,31.18,21.25
5134,002465,海格通信,16.0,-4.48,-0.75,1169521.0,1890037483.47,4.24,16.61,15.9,16.61,16.75,1.03,4.72,-170.01,3.3,39709343168.0,39646193744.0,-0.06,0.0,23.36,1.59
5135,688031,星环科技-U,219.52,-4.49,-10.31,51217.0,1147450096.0,5.38,231.88,219.52,229.5,229.83,0.49,4.23,-108.46,30.83,26591756280.0,26591756280.0,-0.25,-0.47,192.65,102.9
5136,300001,特锐德,30.85,-4.49,-1.45,498386.0,1562143738.7,5.29,32.47,30.76,32.31,32.3,0.85,4.83,35.62,4.06,32563338446.0,31823505870.0,0.26,0.16,19.57,20.13
5137,300726,宏达电子,47.42,-4.49,-2.23,70564.0,340613179.43,4.23,49.5,47.4,49.48,49.65,0.96,3.29,44.76,3.89,19529445450.0,10168670019.0,0.0,-0.06,14.02,-6.86
5138,301386,未来电器,27.43,-4.49,-1.29,39009.0,108588595.0,4.21,28.59,27.38,28.59,28.72,0.76,9.09,40.38,2.59,3840200000.0,1177323140.0,-0.04,-0.07,11.87,16.72
5139,688361,中科飞测,163.75,-4.52,-7.75,126583.0,2090179082.0,4.78,170.0,161.8,168.0,171.5,2.31,5.1,993.53,11.2,57339230059.0,40657660420.0,-1.56,-1.76,27.28,7.03
5140,002716,湖南白银,13.52,-4.52,-0.64,1603719.0,2206177470.93,5.08,14.16,13.44,13.99,14.16,0.93,6.9,180.54,11.34,38168158494.0,31432029190.0,0.0,0.07,116.32,95.38
5141,001260,坤泰股份,23.42,-4.53,-1.11,158936.0,385448192.78,17.24,26.98,22.75,26.98,24.53,7.33,13.82,54.09,3.25,2693300000.0,2693300000.0,0.3,1.65,12.54,16.4
5142,688480,赛恩斯,106.62,-4.55,-5.08,26356.0,284074832.0,5.26,111.75,105.88,111.7,111.7,0.77,2.76,92.41,8.84,10163677205.0,10163677205.0,0.5,0.14,125.03,107.07
5143,300364,中文在线,26.97,-4.56,-1.29,535718.0,1467043490.64,4.88,28.26,26.88,28.1,28.26,0.94,8.11,-28.32,41.56,19647648182.0,17811294730.0,0.0,0.0,7.79,7.36
5144,688327,云从科技-UW,14.44,-4.56,-0.69,306702.0,449184414.0,4.36,15.01,14.35,15.01,15.13,0.94,3.68,-27.52,20.06,14996640629.0,12034888618.0,0.07,0.07,3.07,0.49
5145,605287,德才股份,47.15,-4.57,-2.26,42342.0,203963076.0,5.26,49.62,47.02,48.88,49.41,0.56,3.02,100.9,4.25,6601000000.0,6601000000.0,-0.65,-0.11,73.54,81.91
5146,000032,深桑达Ａ,17.74,-4.57,-0.85,272293.0,489690608.68,4.09,18.46,17.7,18.46,18.59,1.18,2.39,-54.11,3.3,21557280977.0,20187396811.0,0.0,-0.06,-7.36,-8.32
5147,600452,涪陵电力,15.25,-4.57,-0.73,705152.0,1090363601.0,5.82,16.13,15.2,16.0,15.98,0.68,4.59,59.4,4.28,23432260224.0,23432260224.0,0.0,-0.13,64.33,62.75
5148,600765,中航重机,17.71,-4.58,-0.85,496419.0,891897959.0,3.61,18.35,17.68,18.23,18.56,1.34,3.2,45.16,1.95,27494671450.0,27494671450.0,0.06,0.06,8.52,-7.57
5149,001258,立新能源,9.38,-4.58,-0.45,678154.0,641129672.68,6.0,9.83,9.24,9.71,9.83,0.76,7.27,49.47,2.88,8754666673.0,8754575218.0,0.11,0.0,27.27,31.93
5150,688021,奥福科技,27.88,-4.59,-1.34,53584.0,152647934.0,9.58,30.3,27.5,29.75,29.22,1.2,7.01,151.82,2.44,2130414430.0,2130414430.0,0.87,0.61,46.97,51.93
5151,605398,新炬网络,29.51,-4.59,-1.42,49319.0,147470759.0,4.66,30.85,29.41,30.64,30.93,0.87,3.03,354.39,4.66,4801760344.0,4801760344.0,-0.03,0.03,-2.09,3.43
5152,688585,上纬新材,124.01,-4.6,-5.98,40020.0,501130373.0,5.56,130.0,122.77,128.05,129.99,0.65,0.99,1221.51,37.24,50020887889.0,50020887889.0,-0.21,-0.2,14.63,-2.64
5153,300571,平治信息,30.25,-4.6,-1.46,51661.0,158804004.12,4.79,31.68,30.16,31.33,31.71,0.65,4.47,425.93,2.9,4220730894.0,3498024544.0,0.0,-0.1,2.4,9.4
5154,688663,新风光,62.1,-4.61,-3.0,53162.0,334050520.0,7.53,65.9,61.0,65.15,65.1,0.8,3.76,92.28,6.27,8785572660.0,8785572660.0,0.6,0.63,51.69,60.18
5155,600310,广西能源,4.35,-4.61,-0.21,747816.0,328451109.0,4.82,4.55,4.33,4.55,4.56,1.18,5.1,61.13,2.1,6375841641.0,6375841641.0,0.0,0.0,14.47,14.17
5156,601600,中国铝业,14.08,-4.61,-0.68,3956295.0,5722503342.0,6.98,15.0,13.97,14.7,14.76,1.1,3.0,16.66,3.29,241541996284.0,185480981608.0,0.0,0.07,32.96,15.22
5157,600301,华锡有色,58.55,-4.61,-2.83,94781.0,563128965.0,5.1,61.25,58.12,60.68,61.38,0.85,3.44,56.2,8.24,37036825895.0,16120904123.0,0.02,-0.1,57.99,52.63
5158,600845,宝信软件,22.7,-4.62,-1.1,288084.0,663910947.0,4.33,23.66,22.63,23.66,23.8,1.17,1.35,44.52,5.93,65166678805.0,48443029273.0,0.0,0.0,9.13,9.61
5159,002155,湖南黄金,32.98,-4.63,-1.6,708072.0,2376170440.81,4.57,34.44,32.86,34.01,34.58,0.73,4.53,37.57,6.75,51536240402.0,51531588276.0,0.0,-0.18,59.02,56.38
5160,300747,锐科激光,31.49,-4.63,-1.53,248006.0,791227899.79,4.09,32.68,31.33,32.68,33.02,0.92,4.87,106.28,5.17,17684784000.0,16037026987.0,-0.1,-0.1,19.78,16.5
5161,920305,*ST云创,7.4,-4.64,-0.36,35931.0,27067446.02,5.67,7.82,7.38,7.71,7.76,0.65,4.43,-6.22,2.07,979583325.0,600146475.0,-0.13,0.0,-31.92,-26.66
5162,600645,中源协和,29.59,-4.64,-1.44,181290.0,547955354.0,6.57,31.55,29.51,31.18,31.03,0.68,3.88,96.24,3.73,13846607655.0,13841319182.0,0.17,-0.2,9.27,17.42
5163,000962,东方钽业,48.71,-4.64,-2.37,205051.0,1012315999.64,4.4,50.78,48.53,49.8,51.08,0.8,4.09,88.56,8.94,24591938494.0,24436071706.0,0.0,0.0,77.51,47.34
5164,000968,蓝焰控股,9.46,-4.64,-0.46,636233.0,614359711.96,5.65,9.98,9.42,9.95,9.92,0.7,6.58,25.61,1.48,9152575164.0,9152575164.0,0.0,-0.11,41.41,43.12
5165,601369,陕鼓动力,11.51,-4.64,-0.56,361596.0,420362173.0,5.8,12.1,11.4,12.09,12.07,1.31,2.12,24.09,2.26,19837191403.0,19638491971.0,0.44,0.61,22.19,14.99
5166,001207,联科科技,30.94,-4.65,-1.51,157373.0,497330665.74,6.04,32.61,30.65,32.1,32.45,1.65,7.98,22.89,2.85,6699344142.0,6104145917.0,0.0,0.13,36.6,21.96
5167,600862,中航高科,24.52,-4.67,-1.2,329485.0,820679292.0,4.16,25.47,24.4,25.37,25.72,1.15,2.37,33.14,4.45,34157564104.0,34157564104.0,0.0,0.12,16.98,3.77
5168,600961,株冶集团,20.2,-4.67,-0.99,203420.0,418748855.0,4.81,21.16,20.14,20.77,21.19,0.94,2.71,18.94,5.91,21672028601.0,15186610440.0,0.0,0.0,39.99,25.47
5169,601330,绿色动力,8.78,-4.67,-0.43,1180202.0,1061384943.0,9.66,9.6,8.71,9.2,9.21,3.04,11.93,15.04,1.49,12560531576.0,8684251203.0,0.23,0.0,26.7,30.46
5170,603688,石英股份,48.41,-4.69,-2.38,197317.0,969725278.0,4.61,50.5,48.16,49.73,50.79,0.65,3.64,145.52,4.52,26222645970.0,26222645970.0,0.0,0.02,30.1,32.34
5171,688766,普冉股份,244.0,-4.69,-12.0,83816.0,2131301586.0,9.38,268.0,244.0,248.95,256.0,1.6,5.66,173.48,14.94,36123980888.0,36123980888.0,-1.04,-1.09,78.86,91.81
5172,688311,盟升电子,41.0,-4.7,-2.02,53373.0,222505829.0,5.11,42.98,40.78,42.98,43.02,1.3,3.18,-425.82,4.12,6884739106.0,6884739106.0,0.0,0.1,9.92,-10.09
5173,601388,怡球资源,4.05,-4.71,-0.2,1243455.0,512975072.0,4.94,4.24,4.03,4.2,4.25,1.34,5.65,68.57,1.95,8914951595.0,8914951595.0,0.0,-0.25,37.29,34.55
5174,300127,银河磁体,33.16,-4.71,-1.64,88235.0,295918320.0,3.3,34.2,33.05,34.04,34.8,1.27,3.82,55.32,7.23,10715533298.0,7653863202.0,-0.03,-0.06,5.04,9.33
5175,688309,恒誉环保,54.56,-4.72,-2.7,41140.0,224935454.0,7.14,57.0,52.91,57.0,57.26,0.91,5.18,120.56,5.61,4332133237.0,4332133237.0,0.29,-0.15,125.27,126.11
5176,300229,拓尔思,19.8,-4.72,-0.98,383895.0,769641512.84,4.62,20.72,19.76,20.69,20.78,0.95,4.4,-81.04,4.36,17297694454.0,17285998613.0,0.0,-0.05,0.71,-0.5
5177,300830,金现代,12.91,-4.72,-0.64,309465.0,405152304.08,4.5,13.49,12.88,13.47,13.55,0.52,9.18,-118.8,4.27,5830682044.0,4351764407.0,-0.15,0.23,24.37,26.82
5178,000543,皖能电力,8.89,-4.72,-0.44,942294.0,851084763.12,4.93,9.31,8.85,9.3,9.33,1.41,4.16,7.93,1.17,20152415013.0,20152415013.0,0.0,0.11,8.95,11.82
5179,603110,东方材料,16.96,-4.72,-0.84,114651.0,197604785.0,4.94,17.74,16.86,17.68,17.8,0.95,5.7,801.75,4.9,3412805375.0,3412805375.0,0.0,0.3,0.59,5.6
5180,301446,福事特,41.45,-4.73,-2.06,13145.0,55401509.5,5.52,43.51,41.11,43.51,43.51,0.88,4.14,48.63,3.65,4310800000.0,1316949400.0,0.1,0.46,44.88,29.69
5181,002975,博杰股份,75.06,-4.75,-3.74,34763.0,264907987.0,4.42,78.49,75.01,78.01,78.8,0.76,3.28,85.35,5.36,12032312631.0,7945775039.0,-0.07,-0.21,-2.53,-2.41
5182,688125,安达智能,270.5,-4.75,-13.5,8343.0,230697331.0,6.93,286.92,267.25,267.25,284.0,0.64,1.02,-198.68,12.16,22215179298.0,22097073588.0,-0.44,0.0,286.54,100.3
5183,688387,信科移动-U,14.6,-4.76,-0.73,583485.0,866263216.0,5.15,15.28,14.49,15.15,15.33,0.76,2.89,-184.91,8.34,49913750000.0,29444947120.0,-0.14,0.14,97.56,13.18
5184,601360,三六零,12.0,-4.76,-0.6,1824605.0,2213883222.0,4.44,12.54,11.98,12.48,12.6,0.88,2.61,-515.35,2.86,83994694548.0,83994694548.0,0.0,-0.17,-0.66,7.43
5185,301079,邵阳液压,38.58,-4.76,-1.93,74953.0,293753321.04,4.34,40.31,38.55,40.3,40.51,0.95,10.78,1279.8,8.89,4202605588.0,2682282177.0,0.0,0.0,50.29,22.05
5186,002869,金溢科技,23.0,-4.76,-1.15,106559.0,247893624.32,4.64,24.0,22.88,23.99,24.15,2.36,6.76,-103.06,1.93,4069044793.0,3622919842.0,-0.13,0.31,1.23,-1.12
5187,000682,东方电子,14.17,-4.77,-0.71,430593.0,619698028.16,5.44,14.89,14.08,14.86,14.88,0.89,3.21,28.78,3.45,18998101689.0,18995691826.0,0.07,0.35,18.78,19.48
5188,000600,建投能源,10.19,-4.77,-0.51,1289472.0,1340906994.6,7.85,10.99,10.15,10.99,10.7,2.45,11.83,8.7,1.56,18374958291.0,11107618426.0,0.3,0.1,27.22,20.88
5189,920770,艾能聚,18.12,-4.78,-0.91,67657.0,125523444.18,6.78,19.28,17.99,18.98,19.03,1.25,8.26,54.44,3.82,2357995011.0,1483915656.0,-0.22,-0.28,-4.53,6.03
5190,688337,普源精电,43.98,-4.78,-2.21,39667.0,175763855.0,5.28,45.97,43.53,45.63,46.19,1.03,2.13,100.07,2.7,8526596860.0,8176627989.0,-0.27,-0.07,19.84,19.22
5191,300418,昆仑万维,50.51,-4.79,-2.54,572396.0,2940399704.61,6.28,53.33,50.0,53.0,53.05,0.89,4.56,-71.48,4.52,63408079696.0,63364325409.0,0.02,-0.22,23.26,21.13
5192,600590,泰豪科技,14.5,-4.79,-0.73,616401.0,901355026.0,4.73,15.0,14.28,14.73,15.23,0.7,7.31,189.24,3.87,12366611375.0,12231758084.0,0.21,0.14,57.1,54.09
5193,603269,海鸥股份,16.25,-4.8,-0.82,237138.0,391668532.0,6.44,17.28,16.18,17.12,17.07,0.49,7.68,73.46,5.27,5017216230.0,5017216230.0,0.37,0.25,29.38,24.14
5194,688633,星球石墨,25.17,-4.8,-1.27,37466.0,95881256.0,6.28,26.68,25.02,26.44,26.44,1.42,2.61,21.75,2.1,3618687099.0,3618687099.0,0.04,0.08,9.15,6.29
5195,920870,恒进感应,16.22,-4.81,-0.82,29589.0,48999567.97,4.17,16.93,16.22,16.81,17.04,0.9,4.48,131.03,4.8,2173480000.0,1070567038.0,-0.92,-0.55,-7.53,-7.53
5196,301165,锐捷网络,91.94,-4.82,-4.66,97831.0,913883709.93,4.29,95.54,91.4,95.19,96.6,0.83,1.23,80.61,14.74,73134090867.0,73134090867.0,0.45,-0.21,4.42,3.54
5197,002819,东方中科,27.03,-4.82,-1.37,57957.0,158132557.0,4.01,28.14,27.0,28.13,28.4,1.33,2.47,-73.9,2.01,8098461003.0,6354192938.0,-0.07,-0.04,-2.21,-1.03
5198,688079,美迪凯,13.6,-4.83,-0.69,107708.0,149420773.0,5.46,14.29,13.51,14.19,14.29,0.65,2.66,-36.09,4.37,5594794914.0,5497338402.0,-0.07,0.15,22.85,20.14
5199,688692,达梦数据,241.42,-4.83,-12.26,10748.0,263604241.0,4.87,252.92,240.56,249.01,253.68,0.63,1.47,52.89,7.39,27338400800.0,17656650043.0,-0.2,-0.27,-3.69,-7.6
5200,301500,飞南资源,23.45,-4.83,-1.19,176110.0,420881848.79,7.67,25.2,23.31,24.53,24.64,0.76,12.23,49.34,2.82,13177774470.0,3377988165.0,-0.21,-0.21,55.4,49.46
5201,301172,君逸数码,26.55,-4.84,-1.35,41174.0,111060244.85,4.37,27.7,26.48,27.7,27.9,0.71,4.17,200.34,3.13,4579344000.0,2622239424.0,0.04,0.0,13.9,20.63
5202,002970,锐明技术,72.22,-4.85,-3.68,49140.0,361442067.0,4.85,75.68,72.0,75.0,75.9,0.72,3.99,35.7,6.78,13045625806.0,8905466833.0,0.21,0.22,47.39,48.91
5203,688488,艾迪药业,16.03,-4.87,-0.82,84192.0,137418468.0,5.16,16.88,16.01,16.88,16.85,0.88,2.0,-341.81,7.0,6745148412.0,6745148412.0,-0.06,-0.12,20.16,-1.84
5204,300708,聚灿光电,11.32,-4.87,-0.58,1057745.0,1223843114.67,5.71,11.95,11.27,11.51,11.9,0.66,14.9,46.07,3.77,10628519430.0,8037361355.0,0.09,-0.18,24.26,27.48
5205,002885,京泉华,29.7,-4.87,-1.52,193434.0,580086919.48,6.18,31.15,29.22,30.95,31.22,0.7,8.38,83.97,5.47,8046233950.0,6857957294.0,0.03,-0.1,10.66,15.61
5206,688722,同益中,18.12,-4.88,-0.93,61194.0,112727136.0,4.46,18.92,18.07,18.76,19.05,1.68,2.73,37.14,2.84,4070960604.0,4060786224.0,-0.22,-0.11,3.13,-7.31
5207,002017,东信和平,20.63,-4.89,-1.06,188618.0,392663942.04,4.2,21.44,20.53,21.37,21.69,1.38,3.25,79.88,6.77,11974310283.0,11967171746.0,0.0,0.1,-2.23,-7.49
5208,301499,维科精密,35.28,-4.91,-1.82,71583.0,254441656.88,5.44,36.72,34.7,36.69,37.1,1.08,20.71,92.14,3.76,4877631672.0,1219407936.0,-0.03,-0.45,19.11,19.88
5209,002808,*ST恒久,4.07,-4.91,-0.21,65167.0,27013316.2,5.37,4.3,4.07,4.28,4.28,1.92,3.95,-33.29,4.19,1094016000.0,671574127.0,-1.21,-0.97,-17.61,-18.92
5210,600525,ST长园,5.61,-4.92,-0.29,364109.0,207514076.0,5.59,5.94,5.61,5.93,5.9,1.4,2.76,-16.92,1.97,7398356653.0,7398356653.0,0.0,0.0,57.14,58.92
5211,600516,方大炭素,6.76,-4.92,-0.35,2045938.0,1409398415.0,5.63,7.11,6.71,7.02,7.11,0.86,5.08,180.34,1.68,27215559688.0,27215559688.0,0.15,0.15,14.0,18.8
5212,300693,盛弘股份,47.78,-4.92,-2.47,224537.0,1085442707.47,5.17,50.1,47.5,50.0,50.25,0.84,8.35,31.51,6.88,14945384423.0,12845797535.0,0.48,0.27,21.42,24.82
5213,688631,莱斯信息,66.18,-4.93,-3.43,22152.0,149081047.0,4.32,69.11,66.1,68.91,69.61,0.89,3.41,195.87,5.65,10818444600.0,4293096600.0,0.0,0.02,1.12,-2.79
5214,601212,白银有色,9.06,-4.93,-0.47,1696605.0,1570873360.0,5.46,9.55,9.03,9.43,9.53,1.15,2.29,-234.16,4.35,67087257070.0,67087257070.0,0.0,0.11,82.29,54.87
5215,603097,江苏华辰,37.31,-4.94,-1.94,54363.0,205108680.0,4.66,38.93,37.1,38.93,39.25,0.66,3.4,64.0,5.69,6161865183.0,5969718683.0,0.03,0.03,34.99,31.37
5216,688020,方邦股份,96.01,-4.94,-4.99,21748.0,211931756.0,3.91,99.5,95.55,99.5,101.0,0.81,2.64,-92.66,5.95,7908631730.0,7908631730.0,-0.54,-0.14,32.3,41.15
5217,601126,四方股份,46.73,-4.98,-2.45,333846.0,1579603853.0,4.66,48.65,46.36,48.55,49.18,1.03,4.05,41.48,8.23,38934010735.0,38556240742.0,0.28,-0.02,59.6,55.35
5218,603608,天创时尚,11.46,-4.98,-0.6,261141.0,309152276.0,8.71,12.5,11.45,12.4,12.06,1.2,6.22,-690.33,4.55,4809957622.0,4809957622.0,-0.17,-0.35,55.07,11.26
5219,301237,和顺科技,60.88,-4.99,-3.2,13453.0,84270670.0,5.57,64.36,60.79,63.9,64.08,1.31,2.04,-159.13,3.72,4870400000.0,4009709000.0,-0.23,0.05,28.41,5.13
5220,002246,北化股份,24.12,-5.0,-1.27,361664.0,881524378.8,6.38,25.42,23.8,25.39,25.39,0.74,6.59,52.72,4.42,13242719231.0,13242719231.0,0.17,-0.12,42.22,34.0
5221,001270,*ST铖昌,111.91,-5.0,-5.89,64647.0,735162905.95,5.59,118.5,111.91,117.0,117.8,1.1,3.18,191.46,15.66,23066318571.0,22773635872.0,0.0,0.0,111.63,22.08
5222,002656,*ST摩登,3.04,-5.0,-0.16,494199.0,154055138.44,8.13,3.3,3.04,3.29,3.2,3.2,7.3,-46.95,5.1,2166060326.0,2056833001.0,0.0,0.0,5.56,7.8
5223,000034,神州数码,37.4,-5.0,-1.97,344124.0,1292401039.12,3.91,38.49,36.95,38.31,39.37,0.98,5.69,30.29,2.43,27056818129.0,22618520672.0,0.0,-0.13,-5.1,-3.88
5224,600482,中国动力,32.85,-5.0,-1.73,627780.0,2097043966.0,4.54,34.3,32.73,34.1,34.58,1.05,2.77,46.28,1.85,74511893189.0,74511893189.0,0.18,0.06,61.11,58.7
5225,600696,*ST岩石,1.71,-5.0,-0.09,76471.0,13211705.0,3.33,1.77,1.71,1.73,1.8,1.28,2.29,-3.83,1.99,571942727.0,571942727.0,0.0,-0.58,-62.99,-41.03
5226,002485,ST雪发,5.13,-5.0,-0.27,116657.0,60395347.24,3.7,5.33,5.13,5.25,5.4,1.22,2.14,-45.79,2.37,2790720000.0,2790720000.0,0.0,0.0,21.85,22.14
5227,603813,*ST原尚,33.77,-5.01,-1.78,2564.0,8658628.0,0.0,33.77,33.77,33.77,35.55,0.29,0.24,-65.61,6.5,3546356550.0,3546356550.0,0.0,0.0,-11.97,-11.48
5228,600759,洲际油气,7.02,-5.01,-0.37,6146028.0,4388826003.0,8.53,7.58,6.95,7.51,7.39,0.68,14.83,262.95,3.31,29126045146.0,29088674176.0,0.0,0.0,162.92,125.0
5229,002536,飞龙股份,37.57,-5.01,-1.98,489464.0,1860358070.54,6.27,39.43,36.95,39.43,39.55,0.86,8.99,56.48,6.25,21594705812.0,20453754204.0,0.19,-0.45,58.19,26.5
5230,688693,锴威特,45.75,-5.02,-2.42,28526.0,132528357.0,5.09,48.2,45.75,48.17,48.17,0.72,7.33,-36.94,4.21,3371052653.0,1779876941.0,-0.07,-0.24,16.89,22.2
5231,301638,南网数字,31.86,-5.04,-1.69,764879.0,2460707632.85,8.11,33.23,30.51,32.01,33.55,0.74,32.55,480.46,10.73,101303656328.0,7486467866.0,0.19,-0.44,49.86,69.38
5232,688023,安恒信息,57.3,-5.05,-3.05,49055.0,284836815.0,4.23,59.74,57.19,59.5,60.35,0.71,4.82,-100.03,2.46,5832250647.0,5832250647.0,0.12,-0.07,10.36,11.46
5233,301428,世纪恒通,34.22,-5.05,-1.82,66127.0,229247552.43,5.13,36.02,34.17,35.81,36.04,0.57,10.81,53.18,2.65,3376373345.0,2094149945.0,-0.09,-0.03,-1.55,2.03
5234,688141,杰华特,50.89,-5.06,-2.71,179148.0,914127645.0,6.98,53.0,49.26,53.0,53.6,1.64,3.98,-31.98,14.71,22916866682.0,22916866682.0,-0.22,0.02,30.25,17.18
5235,688179,阿拉丁,17.83,-5.06,-0.95,121323.0,220522214.0,5.11,18.69,17.73,18.68,18.78,0.87,3.64,57.41,6.09,5938781346.0,5938781346.0,0.0,-0.22,35.8,43.56
5236,688579,地纬智能,11.99,-5.07,-0.64,88513.0,108056994.0,6.1,12.7,11.93,12.7,12.63,1.01,2.21,79.84,3.42,4796119900.0,4796119900.0,0.0,0.17,10.61,11.22
5237,301529,福赛科技,106.65,-5.08,-5.71,21423.0,233247146.0,5.8,112.92,106.4,112.03,112.36,1.1,4.74,63.62,6.62,9047888447.0,4824687092.0,0.0,0.09,20.37,-5.7
5238,600381,*ST春天,2.61,-5.09,-0.14,49727.0,13017318.0,4.73,2.74,2.61,2.74,2.75,0.77,0.85,-405.82,1.49,1532228534.0,1532228534.0,0.0,0.0,-43.14,-41.08
5239,002104,恒宝股份,17.28,-5.11,-0.93,446562.0,776125662.09,4.23,17.96,17.19,17.92,18.21,1.39,7.45,246.13,5.71,12240100581.0,10362798789.0,0.0,0.23,-5.57,-20.04
5240,600875,东方电气,38.4,-5.11,-2.07,1175332.0,4583097978.0,5.81,40.62,38.27,40.05,40.47,0.86,5.19,33.58,2.99,132801036518.0,86913277248.0,0.1,-0.03,80.2,58.15
5241,002364,中恒电气,32.86,-5.11,-1.77,359403.0,1202361075.74,4.71,34.28,32.65,33.84,34.63,0.58,6.44,191.38,7.66,18518744586.0,18339289554.0,-0.06,-0.45,31.6,24.28
5242,603123,翠微股份,13.16,-5.12,-0.71,410093.0,541590821.0,3.1,13.53,13.1,13.5,13.87,0.83,6.29,-25.34,5.75,10511374511.0,8583951489.0,0.0,0.15,9.39,-21.71
5243,301312,智立方,80.11,-5.13,-4.33,46581.0,380414314.22,5.07,84.38,80.1,82.64,84.44,0.62,7.69,104.08,7.88,9707778827.0,4850882004.0,-0.06,0.0,58.51,60.32
5244,300162,雷曼光电,9.62,-5.13,-0.52,651250.0,637067680.19,4.14,10.03,9.61,9.8,10.14,0.89,19.03,341.37,4.51,4035686489.0,3291596324.0,-0.52,-0.62,16.46,18.33
5245,300286,安科瑞,30.89,-5.13,-1.67,94027.0,293954954.0,5.1,32.41,30.75,32.32,32.56,0.69,4.53,30.22,3.47,7746737993.0,6418171418.0,0.23,0.03,35.6,33.84
5246,300348,长亮科技,13.51,-5.13,-0.73,329232.0,450205226.17,4.14,14.06,13.47,14.05,14.24,1.38,4.64,-721.25,5.18,10957126082.0,9580811247.0,-0.07,0.07,-0.52,-12.73
5247,300447,全信股份,19.96,-5.13,-1.08,175399.0,358630144.7,6.13,21.2,19.91,21.07,21.04,0.91,8.71,148.15,3.12,6233715085.0,4017686823.0,-0.2,-0.45,16.18,10.4
5248,002771,真视通,15.12,-5.14,-0.82,133241.0,204501859.24,5.33,15.87,15.02,15.81,15.94,1.73,7.63,-45.08,5.15,3171633192.0,2638661584.0,-0.13,0.0,-3.2,-0.07
5249,301012,扬电科技,31.37,-5.14,-1.7,188585.0,604462802.79,6.29,33.3,31.22,33.27,33.07,0.65,9.57,133.62,5.3,6178640282.0,6178640282.0,-0.48,0.16,15.08,18.6
5250,000488,ST晨鸣,2.76,-5.15,-0.15,878245.0,245879592.57,3.78,2.87,2.76,2.83,2.91,1.03,5.22,-1.01,2.54,8118419112.0,4640629147.0,0.0,0.0,33.33,25.45
5251,002961,瑞达期货,26.1,-5.16,-1.42,212229.0,554122592.04,5.52,27.1,25.58,27.04,27.52,0.93,4.45,24.2,3.88,12447962601.0,12447903876.0,-0.04,-0.04,-14.23,-3.58
5252,300062,中能电气,9.19,-5.16,-0.5,461495.0,431725906.86,4.13,9.58,9.18,9.53,9.69,0.59,10.07,849.27,4.24,5789124430.0,4213139418.0,0.0,-0.43,-6.32,10.32
5253,688210,统联精密,45.24,-5.18,-2.47,40426.0,185272187.0,5.45,47.5,44.9,47.43,47.71,1.29,2.5,-1574.78,5.68,7322493333.0,7322493333.0,-0.02,0.27,-18.66,-18.22
5254,688270,臻镭科技,148.52,-5.18,-8.11,125360.0,1903132964.0,5.61,157.0,148.22,156.02,156.63,1.39,5.86,238.62,14.1,31790943632.0,31790943632.0,-0.32,-0.46,94.07,21.67
5255,301613,新铝时代,50.11,-5.18,-2.74,40265.0,205019057.82,7.1,53.85,50.1,52.85,52.85,1.85,4.8,29.42,4.54,7207884887.0,4204291487.0,0.0,-0.08,6.66,-3.08
5256,603667,五洲新春,72.19,-5.19,-3.95,208678.0,1534582097.0,4.1,75.3,72.18,74.72,76.14,0.86,5.7,201.33,8.86,26436177966.0,26436177966.0,0.0,-0.19,34.88,3.16
5257,600545,卓郎智能,3.83,-5.2,-0.21,1456642.0,566467202.0,6.93,4.05,3.77,3.94,4.04,0.59,8.15,-21.5,2.14,6847703810.0,6847703810.0,0.0,0.0,42.91,49.61
5258,000638,*ST万方,1.64,-5.2,-0.09,219956.0,36401332.0,4.62,1.72,1.64,1.69,1.73,0.74,7.09,-44.57,3.66,510673944.0,508638786.0,0.0,0.0,-68.58,-64.96
5259,688356,键凯科技,101.9,-5.2,-5.59,9921.0,102798726.0,5.41,107.0,101.19,105.85,107.49,0.93,1.64,97.49,4.69,6180306330.0,6180306330.0,0.0,-0.1,23.88,23.97
5260,600355,*ST精伦,0.91,-5.21,-0.05,320590.0,29282774.0,3.13,0.94,0.91,0.91,0.96,0.74,6.51,-12.38,4.25,447801172.0,447801172.0,0.0,0.0,-65.66,-59.38
5261,002396,星网锐捷,30.54,-5.21,-1.68,222133.0,687088210.0,4.41,31.91,30.49,31.79,32.22,0.82,3.81,38.95,2.59,17887128293.0,17813379690.0,-0.16,-0.13,0.56,0.79
5262,600131,国网信通,22.03,-5.21,-1.21,573043.0,1295640271.0,8.48,23.95,21.98,23.45,23.24,0.85,4.79,38.93,4.06,26399761619.0,26345790432.0,-0.14,0.05,35.99,36.92
5263,688229,博睿数据,99.79,-5.21,-5.48,29709.0,298890137.0,7.19,106.0,98.43,104.67,105.27,0.6,6.69,-47.08,11.98,4430676000.0,4430676000.0,0.77,0.72,62.34,59.21
5264,600172,黄河旋风,10.32,-5.23,-0.57,2138308.0,2261747160.0,6.8,11.02,10.28,10.8,10.89,0.89,16.75,-21.35,15.07,14883343792.0,13170959340.0,-0.19,0.19,47.22,80.74
5265,300872,天阳科技,17.39,-5.23,-0.96,163735.0,288748032.2,4.8,18.22,17.34,18.15,18.35,1.4,3.88,110.21,2.33,8488425633.0,7339305041.0,0.0,-0.17,-7.99,-15.42
5266,300900,广联航空,38.13,-5.24,-2.11,287690.0,1124383059.45,5.96,40.4,38.0,40.25,40.24,0.71,11.25,537.35,8.78,12458227979.0,9751160031.0,0.0,0.0,63.79,-2.41
5267,600135,乐凯胶片,10.63,-5.26,-0.59,455625.0,495060728.0,5.88,11.26,10.6,11.01,11.22,1.01,8.23,-51.07,2.47,5881654462.0,5881654462.0,0.0,-0.19,24.91,3.0
5268,603001,奥康国际,9.19,-5.26,-0.51,181490.0,165862683.0,9.79,9.72,8.77,9.7,9.7,2.15,4.53,-13.2,1.55,3685006200.0,3685006200.0,1.77,3.84,2.11,2.68
5269,603912,佳力图,9.7,-5.27,-0.54,481946.0,471274890.0,5.66,10.14,9.56,10.14,10.24,1.21,8.89,-90.13,3.0,5255876285.0,5255876285.0,-0.21,-0.1,14.93,13.19
5270,300541,先进数通,15.27,-5.27,-0.85,205320.0,318546958.52,4.84,16.0,15.22,15.98,16.12,1.21,5.31,57.17,3.81,6566779393.0,5903053435.0,-0.13,0.07,2.97,1.39
5271,600149,廊坊发展,6.27,-5.29,-0.35,476012.0,298580527.0,7.85,6.54,6.02,6.49,6.62,0.94,12.52,1628.51,10.22,2383603200.0,2383603200.0,0.16,0.32,17.86,25.65
5272,600888,新疆众和,9.48,-5.29,-0.53,1690666.0,1648168617.0,6.49,10.08,9.43,10.0,10.01,1.79,10.89,20.81,1.18,14723254797.0,14723254797.0,0.0,0.11,22.01,15.75
5273,688170,德龙激光,50.0,-5.3,-2.8,57452.0,293504459.0,6.76,53.57,50.0,52.79,52.8,0.66,5.56,205.14,4.11,5168000000.0,5168000000.0,-0.24,-0.4,53.42,58.93
5274,601179,中国西电,17.65,-5.31,-0.99,3225191.0,5801199563.0,5.15,18.55,17.59,18.51,18.64,0.66,6.29,72.3,4.0,90471823513.0,90471823513.0,-0.06,0.11,110.87,93.96
5275,002339,积成电子,11.93,-5.32,-0.67,432694.0,525579575.48,5.71,12.6,11.88,12.6,12.6,0.47,9.04,-59.23,3.49,6013820829.0,5712007696.0,0.08,0.08,31.97,35.26
5276,002455,百川股份,15.3,-5.32,-0.86,2418399.0,3910960748.02,12.44,17.15,15.14,16.53,16.16,2.75,46.58,1418.67,5.22,9092153841.0,7944214318.0,0.46,0.86,118.88,113.39
5277,002519,银河电子,8.17,-5.33,-0.46,711050.0,589753487.0,4.75,8.52,8.11,8.52,8.63,0.87,6.36,-171.88,4.01,9202940437.0,9140477216.0,0.0,0.0,27.26,26.08
5278,300827,上能电气,40.0,-5.33,-2.25,537217.0,2212141966.07,7.46,43.05,39.9,41.49,42.25,1.14,13.94,53.72,8.33,22267663160.0,15409777720.0,0.03,-0.17,11.61,16.89
5279,301155,海力风电,85.42,-5.34,-4.82,126251.0,1090917943.26,7.81,90.24,83.19,90.24,90.24,2.63,10.24,40.18,3.23,18569580051.0,10536488322.0,0.04,0.04,9.82,5.55
5280,301117,佳缘科技,52.45,-5.34,-2.96,60730.0,324994293.64,4.89,55.01,52.3,55.01,55.41,0.79,7.64,-531.21,5.19,6774894119.0,4167146573.0,-0.02,0.08,-0.64,-1.5
5281,600995,南网储能,15.57,-5.35,-0.88,587280.0,925739782.0,5.59,16.45,15.53,16.45,16.45,0.9,1.84,26.04,2.22,49761810384.0,49761810384.0,-0.06,0.0,27.1,23.87
5282,001208,华菱线缆,20.88,-5.35,-1.18,221633.0,470006330.0,5.26,22.0,20.84,22.0,22.06,0.81,8.41,108.47,3.86,13328757020.0,5499744957.0,0.0,0.0,63.0,-13.14
5283,920693,阿为特,29.7,-5.35,-1.68,19830.0,59973366.18,7.65,31.8,29.4,31.31,31.38,1.72,5.42,340.57,6.11,2159190000.0,1087317000.0,0.34,0.17,-20.8,-24.49
5284,002706,良信股份,11.83,-5.36,-0.67,616510.0,742626228.96,5.92,12.5,11.76,12.4,12.5,0.69,6.74,32.76,3.26,13286568987.0,10824326850.0,0.17,0.17,21.96,9.74
5285,002927,泰永长征,20.57,-5.38,-1.17,111669.0,233029166.44,4.97,21.58,20.5,21.49,21.74,0.58,5.06,103.53,4.44,4591063143.0,4540577204.0,-0.1,0.0,5.81,2.44
5286,301046,能辉科技,27.76,-5.39,-1.58,93216.0,261224962.35,5.08,28.99,27.5,28.7,29.34,0.73,7.24,150.41,5.21,4680822633.0,3575912173.0,0.0,0.18,-10.45,16.64
5287,001400,江顺科技,134.41,-5.41,-7.69,19655.0,269469413.36,6.46,143.48,134.3,143.0,142.1,0.71,13.1,92.41,6.56,8064600000.0,2016150000.0,-0.44,-0.5,100.91,72.85
5288,300788,中信出版,36.03,-5.41,-2.06,76984.0,281606689.9,8.06,38.8,35.73,38.3,38.09,0.9,4.05,31.94,3.03,6851159085.0,6851159085.0,0.59,0.45,27.05,31.5
5289,300153,科泰电源,33.63,-5.43,-1.93,235898.0,807101017.12,5.76,35.49,33.44,34.93,35.56,0.63,7.41,211.43,11.84,10761600000.0,10705441868.0,0.0,0.06,5.39,15.69
5290,300180,华峰超纤,6.78,-5.44,-0.39,899902.0,617011972.21,3.91,7.05,6.77,7.02,7.17,1.33,5.25,93.95,2.53,11939987851.0,11611672365.0,-0.15,-0.15,5.61,-2.16
5291,301658,首航新能,50.3,-5.45,-2.9,206357.0,1061397001.44,8.5,54.36,49.84,53.06,53.2,1.04,50.04,136.33,6.57,20742268091.0,2074226834.0,-1.37,-0.42,71.32,76.12
5292,300141,和顺电气,14.36,-5.46,-0.83,93884.0,137242610.0,5.73,15.19,14.32,15.19,15.19,0.61,3.69,-146.17,5.6,3702648456.0,3658048594.0,0.07,0.14,22.95,14.24
5293,300315,掌趣科技,5.35,-5.48,-0.31,1929323.0,1046295764.58,5.12,5.6,5.31,5.55,5.66,1.57,7.47,141.9,2.93,14485718866.0,13819197965.0,0.38,0.56,5.73,8.3
5294,601118,海南橡胶,7.88,-5.52,-0.46,1322161.0,1061267606.0,6.71,8.39,7.83,8.33,8.34,1.12,3.09,-91.91,3.48,33721891040.0,33721891040.0,0.38,0.0,38.0,34.7
5295,300249,依米康,17.44,-5.53,-1.02,354962.0,625411089.88,5.47,18.16,17.15,18.02,18.46,0.7,9.51,208.4,22.99,7682110615.0,6512549911.0,0.0,0.17,19.86,19.21
5296,601778,晶科科技,5.8,-5.54,-0.34,5701567.0,3366528604.0,6.51,6.15,5.75,6.1,6.14,1.01,15.97,43.67,1.31,20711803706.0,20711803706.0,0.17,0.0,75.76,55.91
5297,300682,朗新科技,18.5,-5.56,-1.09,515766.0,973060830.7,7.15,19.9,18.5,19.8,19.59,1.0,5.0,141.44,2.94,19947362689.0,19093072760.0,-0.16,-0.27,21.71,21.63
5298,603232,格尔软件,23.37,-5.61,-1.39,211250.0,500015831.0,4.68,24.44,23.28,24.4,24.76,0.87,9.13,-62.72,4.07,5470500897.0,5405480883.0,0.0,-0.17,-3.67,1.83
5299,688411,海博思创,259.58,-5.61,-15.42,97035.0,2603373311.0,8.15,281.5,259.1,270.0,275.0,1.17,7.32,49.26,9.78,46748409073.0,34413630564.0,-0.96,-0.97,-8.97,3.82
5300,002796,世嘉科技,57.72,-5.61,-3.43,195829.0,1144503527.86,7.36,61.5,57.0,59.8,61.15,0.84,8.6,-214.15,17.01,14566620239.0,13143317477.0,0.23,0.1,186.03,108.15
5301,000751,锌业股份,6.05,-5.62,-0.36,981236.0,606175136.91,5.62,6.37,6.01,6.36,6.41,1.18,6.96,142.57,2.71,9774565100.0,8529706113.0,0.0,0.0,54.34,47.92
5302,000818,航锦科技,23.57,-5.64,-1.41,502334.0,1202182714.95,3.96,24.45,23.46,24.3,24.98,0.71,7.63,768.13,6.74,15556200919.0,15514043617.0,-0.04,-0.08,17.91,22.12
5303,688052,纳芯微,164.0,-5.64,-9.81,28455.0,473948121.0,5.25,172.14,163.02,172.14,173.81,0.86,2.0,-110.63,3.49,26670243012.0,23374663012.0,0.02,0.16,8.68,3.68
5304,600318,新力金融,8.7,-5.64,-0.52,395974.0,351732080.0,5.42,9.18,8.68,9.15,9.22,0.89,7.72,83.91,4.08,4460730398.0,4460730398.0,-0.11,0.0,-2.03,-3.12
5305,301265,华新环保,20.15,-5.66,-1.21,232945.0,480040532.74,7.35,21.67,20.1,20.87,21.36,0.69,13.72,84.27,2.89,6104909617.0,3421412633.0,-0.05,0.05,53.35,44.86
5306,002229,鸿博股份,16.83,-5.66,-1.01,492414.0,843576635.79,4.88,17.68,16.81,17.64,17.84,0.68,9.98,273.84,6.57,8350902743.0,8299955186.0,-0.06,0.0,-8.33,8.93
5307,301273,瑞晨环保,33.51,-5.66,-2.01,38890.0,134827325.0,11.6,37.46,33.34,35.35,35.52,1.68,7.07,-46.33,2.6,2400716450.0,1842586456.0,0.48,-0.03,20.97,26.5
5308,600498,烽火通信,52.36,-5.66,-3.14,819927.0,4417210594.0,7.05,56.12,52.21,55.0,55.5,0.59,6.45,104.03,4.46,71113649358.0,66582099436.0,-0.04,-0.04,112.59,63.22
5309,600343,航天动力,32.32,-5.66,-1.94,356794.0,1177477199.0,5.98,34.25,32.2,34.0,34.26,0.74,5.59,-141.6,15.21,20626829167.0,20626829167.0,-0.09,-0.22,0.97,-34.0
5310,600666,奥瑞德,4.16,-5.67,-0.25,2642910.0,1112648047.0,4.76,4.35,4.14,4.34,4.41,0.89,10.92,29.52,10.18,11446021159.0,10066172210.0,0.24,0.0,23.44,23.81
5311,000506,招金黄金,18.14,-5.67,-1.09,424779.0,783311531.87,5.72,19.18,18.08,19.0,19.23,1.19,4.57,153.84,26.32,16852382185.0,16846744273.0,0.0,0.22,51.8,38.9
5312,688818,电科蓝天,62.16,-5.68,-3.74,199149.0,1276015970.0,7.09,66.66,61.99,64.64,65.9,0.63,15.09,329.83,25.27,107967189002.0,8206135632.0,-0.24,-0.13,556.39,556.39
5313,002046,国机精工,47.2,-5.68,-2.84,206798.0,988076853.49,4.82,49.49,47.08,49.4,50.04,1.02,3.91,92.1,5.85,25311794612.0,24958737526.0,-0.02,-0.02,30.78,9.31
5314,301232,飞沃科技,178.35,-5.69,-10.77,35088.0,638937646.23,5.29,188.0,178.0,186.0,189.12,0.71,7.86,218.6,9.5,13405204587.0,7966406713.0,0.13,-0.03,82.83,5.93
5315,300776,帝尔激光,82.69,-5.69,-4.99,95356.0,797865769.66,4.48,86.44,82.51,83.01,87.68,0.99,5.67,43.64,5.76,22657313197.0,13895511309.0,-0.01,-0.01,40.06,33.07
5316,688090,瑞松科技,54.85,-5.69,-3.31,39625.0,225018238.0,8.1,59.21,54.5,59.21,58.16,0.92,3.24,563.48,7.44,6711998010.0,6711998010.0,-0.65,-0.6,55.03,23.31
5317,688059,华锐精密,117.11,-5.69,-7.06,46365.0,545957708.0,7.54,123.98,114.62,121.8,124.17,1.35,4.95,62.7,6.79,11709450400.0,10958985864.0,0.39,0.51,36.49,49.95
5318,603938,三孚股份,27.2,-5.72,-1.65,207226.0,579926484.0,6.27,28.95,27.14,28.71,28.85,0.92,5.42,121.7,4.19,10407386318.0,10407386318.0,0.04,-0.44,50.53,42.33
5319,920469,富恒新材,10.22,-5.72,-0.62,63646.0,65781131.33,7.47,10.88,10.07,10.75,10.84,1.85,6.15,-15.13,4.31,1440468120.0,1057240216.0,0.29,1.09,-9.32,-16.43
5320,300880,迦南智能,23.38,-5.73,-1.42,178898.0,424388898.69,6.94,24.83,23.11,24.8,24.8,0.59,9.17,50.14,4.35,4562309606.0,4561823022.0,-0.17,0.04,27.07,32.99
5321,300139,晓程科技,64.18,-5.74,-3.91,354038.0,2316377127.68,6.15,68.09,63.9,66.88,68.09,0.79,15.15,171.73,15.87,17585320000.0,14996249061.0,0.0,0.06,128.89,111.4
5322,920090,同辉信息,7.67,-5.77,-0.47,127152.0,100536547.05,7.74,8.26,7.63,8.16,8.14,0.75,9.39,-25.0,33.35,1528888298.0,1038114558.0,-0.13,0.13,19.47,20.79
5323,688201,信安世纪,15.66,-5.78,-0.96,106703.0,169424515.0,5.84,16.55,15.58,16.49,16.62,0.93,3.53,62.64,3.61,4966628759.0,4737631592.0,-0.19,0.0,16.09,7.04
5324,002300,太阳电缆,10.43,-5.78,-0.64,775813.0,824893491.26,5.87,11.03,10.38,10.94,11.07,0.6,10.74,66.47,3.98,7533940491.0,7533278269.0,0.1,0.1,5.35,13.37
5325,002380,科远智慧,37.66,-5.8,-2.32,134814.0,517209998.08,6.88,40.1,37.35,40.08,39.98,0.73,9.51,31.23,3.71,9038085501.0,5338376177.0,0.0,0.08,40.79,38.46
5326,600295,鄂尔多斯,15.91,-5.8,-0.98,226583.0,370952968.0,9.24,17.31,15.75,16.89,16.89,1.89,1.15,19.57,2.12,44528530201.0,31431418201.0,0.25,0.76,47.31,28.72
5327,300921,南凌科技,26.12,-5.81,-1.61,103584.0,275713687.94,6.35,27.86,26.1,27.8,27.73,0.68,9.03,161.76,5.8,4800790360.0,2995991870.0,0.04,0.04,6.35,13.71
5328,300442,润泽科技,83.54,-5.81,-5.15,618556.0,5260722983.35,5.63,88.41,83.42,87.92,88.69,0.95,3.8,21.77,10.08,136533062088.0,136034364879.0,-0.01,-0.24,66.41,58.22
5329,002624,完美世界,19.25,-5.82,-1.19,766739.0,1508930167.19,9.93,21.15,19.12,20.85,20.44,1.35,4.2,42.08,5.27,37344391777.0,35183861039.0,0.05,0.1,34.71,17.45
5330,000039,中集集团,12.28,-5.83,-0.76,772584.0,970821749.57,6.67,13.1,12.23,13.04,13.04,1.21,3.36,31.72,1.36,66220150328.0,28261279691.0,0.0,0.08,29.4,21.7
5331,601226,华电科工,10.94,-5.85,-0.68,577289.0,650954256.0,8.18,11.85,10.9,11.66,11.62,0.76,4.97,79.41,2.92,12714727278.0,12714727278.0,0.0,0.0,40.26,39.54
5332,002179,中航光电,35.56,-5.88,-2.22,693047.0,2516402692.99,4.82,37.3,35.48,37.21,37.78,1.27,3.31,35.46,3.07,75295724069.0,74551780066.0,0.0,-0.06,7.33,0.34
5333,600927,永安期货,14.56,-5.88,-0.91,185336.0,274069344.0,6.01,15.46,14.53,15.46,15.47,1.77,1.27,33.47,1.61,21192888895.0,21192888895.0,-0.14,0.07,-6.06,-9.4
5334,688239,航宇科技,61.35,-5.88,-3.83,88776.0,555364665.0,5.66,64.72,61.03,64.58,65.18,0.93,4.66,62.91,5.84,11695153015.0,11695153015.0,0.0,0.1,15.45,-9.34
5335,002772,众兴菌业,18.42,-5.88,-1.15,146852.0,277175632.31,6.64,19.66,18.36,19.56,19.57,1.03,3.76,26.59,2.14,7243505833.0,7185976378.0,0.0,-0.11,44.13,27.47
5336,688347,华虹公司,119.12,-5.91,-7.48,180310.0,2169666246.0,5.35,125.0,118.23,124.77,126.6,1.04,4.42,617.83,4.65,206986746830.0,48571180000.0,0.02,0.27,5.58,10.43
5337,002471,中超控股,8.6,-5.91,-0.54,1462932.0,1278706344.75,5.8,9.07,8.54,9.03,9.14,0.6,10.9,-353.39,6.75,11771336000.0,11546134362.0,-0.12,0.12,100.0,7.23
5338,300617,安靠智电,61.9,-5.93,-3.9,140631.0,885869365.62,7.46,66.49,61.58,66.05,65.8,0.57,10.12,104.21,3.52,10257304402.0,8599378516.0,-0.31,0.1,97.2,94.04
5339,003035,南网能源,9.97,-5.94,-0.63,2094628.0,2184440112.52,10.75,11.0,9.86,10.5,10.6,0.92,5.53,82.73,5.42,37765151506.0,37765151506.0,-0.1,-0.2,117.21,117.69
5340,301085,亚康股份,60.48,-5.94,-3.82,45801.0,282490532.39,5.43,63.9,60.41,63.49,64.3,0.54,7.77,1453.61,4.89,5248192824.0,3562982156.0,-0.2,-0.3,12.31,14.68
5341,688807,优迅股份,233.9,-5.95,-14.8,24506.0,579954323.0,5.95,245.5,230.7,242.1,248.7,0.84,16.3,212.33,10.6,18712000000.0,3516839938.0,0.04,0.75,352.77,24.88
5342,688655,迅捷兴,26.85,-5.95,-1.7,138993.0,379681019.0,5.78,28.43,26.78,27.86,28.55,0.83,10.42,-167.56,5.45,3581521500.0,3581521500.0,-0.11,-0.26,41.32,56.74
5343,601700,风范股份,6.3,-5.97,-0.4,908463.0,583502015.0,7.01,6.73,6.26,6.71,6.7,1.28,7.98,251.43,2.82,7174170990.0,7174170990.0,0.0,0.0,25.75,11.31
5344,002177,御银股份,9.07,-6.01,-0.58,1610560.0,1482237550.13,6.32,9.65,9.04,9.65,9.65,0.97,23.86,442.9,4.04,6904005037.0,6121514994.0,0.0,-0.11,36.8,-3.61
5345,300878,维康药业,29.49,-6.02,-1.89,35767.0,107483235.88,6.88,31.5,29.34,30.9,31.38,0.99,2.48,-25.86,4.21,4269866596.0,4250215551.0,0.0,0.24,32.48,15.6
5346,300876,蒙泰高新,28.9,-6.05,-1.86,63723.0,184303262.0,4.55,29.9,28.5,29.42,30.76,2.34,7.86,-46.08,3.66,3142005226.0,2343931726.0,-0.17,0.0,-13.47,-18.06
5347,301373,凌玮科技,68.61,-6.05,-4.42,92621.0,665656500.65,12.31,75.88,66.89,73.47,73.03,0.73,24.07,54.08,4.51,7442270164.0,2639613525.0,0.75,-0.41,121.82,113.74
5348,002432,九安医疗,55.31,-6.06,-3.57,410185.0,2283994979.12,8.02,58.98,54.26,58.63,58.88,1.03,9.36,12.14,1.16,25717810945.0,24248438129.0,-0.34,-0.07,38.1,38.14
5349,000791,甘肃能源,8.35,-6.07,-0.54,1087532.0,923685536.69,5.4,8.8,8.32,8.77,8.89,1.19,5.62,12.84,1.86,27086061846.0,16162441913.0,0.12,-0.12,27.09,29.46
5350,688202,美迪西,64.84,-6.1,-4.21,51940.0,344597622.0,6.21,68.95,64.66,68.95,69.05,1.56,3.87,-56.2,4.43,8711395611.0,8711395611.0,-0.03,0.0,18.3,14.96
5351,603881,数据港,35.52,-6.11,-2.31,483965.0,1746857253.0,5.63,37.5,35.37,37.5,37.83,0.84,6.74,159.67,7.73,25516751004.0,25516751004.0,0.0,-0.11,9.06,16.73
5352,603856,东宏股份,13.99,-6.11,-0.91,86603.0,123155598.0,4.9,14.68,13.95,14.6,14.9,0.99,3.07,17.01,1.46,3945964279.0,3945964279.0,0.0,0.0,10.24,12.19
5353,603887,城地香江,16.7,-6.13,-1.09,372847.0,631553992.0,6.01,17.69,16.62,17.57,17.79,0.78,6.26,2642.96,2.85,10053891331.0,9941166331.0,-0.18,-0.06,10.09,23.52
5354,601616,广电电气,5.49,-6.15,-0.36,851810.0,477713565.0,7.18,5.89,5.47,5.87,5.85,0.61,9.98,-459.14,1.93,4686677501.0,4686677501.0,0.0,-0.18,37.59,42.23
5355,000591,太阳能,6.26,-6.15,-0.41,2872234.0,1826863234.9,6.0,6.63,6.23,6.63,6.67,0.91,7.32,16.37,1.01,24567010006.0,24561370860.0,0.16,0.16,42.27,42.92
5356,001267,汇绿生态,43.2,-6.15,-2.83,680140.0,3003948261.2,5.95,45.82,43.08,44.69,46.03,0.87,11.22,491.88,21.41,33919114090.0,26186081242.0,0.09,0.12,107.69,97.26
5357,603618,杭电股份,18.98,-6.18,-1.25,813770.0,1580615388.0,7.51,20.3,18.78,19.86,20.23,0.72,11.77,-44.87,4.84,13122309192.0,13122309192.0,-0.05,-0.42,136.36,135.48
5358,688382,益方生物-U,18.91,-6.2,-1.25,208821.0,399741603.0,8.23,20.16,18.5,20.0,20.16,1.26,3.61,-34.52,7.11,10936569965.0,10936569965.0,-0.32,-0.37,-32.92,-30.58
5359,600186,莲花控股,6.03,-6.22,-0.4,1315190.0,803396659.0,6.69,6.43,6.0,6.41,6.43,0.8,7.39,32.07,5.67,10810370785.0,10735138395.0,-0.17,0.17,10.85,0.84
5360,300603,立昂技术,10.53,-6.23,-0.7,318223.0,340937655.0,5.08,11.09,10.52,11.01,11.23,0.87,8.51,-61.27,3.49,4894325372.0,3937495578.0,-0.19,-0.28,4.46,8.33
5361,300427,红相股份,13.81,-6.25,-0.92,479518.0,677372287.85,7.06,14.82,13.78,14.67,14.73,0.58,9.53,-392.05,5.85,7022665315.0,6946497503.0,-0.07,0.07,3.21,12.73
5362,688330,宏力达,52.21,-6.27,-3.49,67094.0,357514570.0,5.39,55.0,52.0,54.82,55.7,0.79,4.79,11.44,1.66,7309400000.0,7309400000.0,-0.02,-0.13,36.32,44.51
5363,600396,华电辽能,3.88,-6.28,-0.26,1582216.0,626138289.0,8.21,4.15,3.81,4.0,4.14,0.97,10.74,1289.2,4.23,5714102450.0,5714102450.0,-0.26,-0.51,27.63,36.14
5364,688300,联瑞新材,91.0,-6.28,-6.1,108667.0,1001729723.0,6.78,97.1,90.52,96.98,97.1,0.65,4.5,75.09,12.89,21973696290.0,21973696290.0,0.53,0.5,54.68,46.56
5365,601877,正泰电器,38.33,-6.28,-2.57,997034.0,3889056603.0,8.07,41.3,38.0,40.78,40.9,1.2,4.64,14.78,1.88,82369980850.0,82369980850.0,0.0,0.39,36.89,37.43
5366,300546,雄帝科技,23.67,-6.29,-1.59,123476.0,295108640.65,6.97,25.2,23.44,25.0,25.26,2.13,9.22,180.21,3.93,4417595796.0,3169744025.0,0.0,0.08,-1.25,-9.62
5367,002843,泰嘉股份,23.37,-6.3,-1.57,280224.0,667728825.58,5.17,24.54,23.25,24.49,24.94,0.47,11.17,76.21,4.16,5883106824.0,5861022174.0,-0.43,-0.38,23.0,16.62
5368,002335,科华数据,64.06,-6.3,-4.31,537944.0,3521903241.68,6.96,68.66,63.9,67.74,68.37,0.85,11.83,71.88,5.22,33017423466.0,29126329575.0,0.19,0.03,9.45,15.36
5369,300468,四方精创,35.93,-6.31,-2.42,637033.0,2308499731.25,4.59,37.56,35.8,37.48,38.35,1.05,12.02,213.77,11.58,19066228451.0,19035500755.0,0.0,-0.03,11.24,-7.47
5370,300303,聚飞光电,10.4,-6.31,-0.7,2114666.0,2230864935.13,4.86,10.89,10.35,10.61,11.1,0.62,15.91,48.19,3.87,14734777481.0,13823659054.0,-0.29,-0.1,48.57,52.05
5371,002537,海联金汇,8.56,-6.35,-0.58,861741.0,750997923.16,5.03,8.99,8.53,8.99,9.14,1.56,7.37,37.57,2.38,10049583337.0,10008349817.0,0.0,-0.12,6.47,-5.52
5372,002877,智能自控,9.69,-6.38,-0.66,331250.0,327674258.04,6.09,10.26,9.63,10.26,10.35,0.58,13.77,152.59,2.84,3448125405.0,2330586978.0,-0.21,0.1,0.83,5.56
5373,002575,群兴玩具,7.91,-6.39,-0.54,995242.0,799489512.64,7.22,8.46,7.85,8.36,8.45,0.75,17.0,-171.26,5.88,4876515000.0,4631269405.0,0.0,0.38,7.33,27.99
5374,000839,国安股份,3.64,-6.43,-0.25,4085403.0,1514122679.7,7.46,3.91,3.62,3.84,3.89,1.28,10.42,1267.13,9.3,14268167921.0,14268167921.0,0.28,0.0,35.32,37.88
5375,688530,欧莱新材,32.23,-6.44,-2.22,86959.0,287749986.0,6.42,34.44,32.23,33.43,34.45,0.74,12.83,-127.37,6.39,5158244678.0,2184491515.0,-0.71,-0.65,90.04,96.05
5376,688025,杰普特,225.0,-6.47,-15.56,50647.0,1166802030.0,6.64,239.98,224.0,237.28,240.56,0.9,5.33,76.22,9.3,21386120175.0,21386120175.0,0.12,0.01,40.31,58.93
5377,002782,可立克,25.24,-6.48,-1.75,215873.0,553918708.62,4.59,26.4,25.16,26.38,26.99,0.94,4.44,40.41,5.84,12518131688.0,12279290288.0,0.24,-0.04,38.91,38.99
5378,688225,亚信安全,20.24,-6.51,-1.41,83926.0,172033683.0,6.47,21.6,20.2,21.6,21.65,1.07,2.1,-18.32,4.55,8096202400.0,8096202400.0,-0.15,-0.3,11.27,4.33
5379,920001,纬达光电,19.65,-6.52,-1.37,91495.0,182568929.18,8.56,21.0,19.2,21.0,21.02,0.93,10.32,-153.99,4.23,3019344409.0,1742778543.0,0.1,0.51,-0.56,0.87
5380,688257,新锐股份,75.99,-6.53,-5.31,126930.0,977623192.0,5.78,79.91,75.21,79.88,81.3,1.32,5.03,81.07,8.1,19180522219.0,19180522219.0,-0.51,-0.34,137.39,121.67
5381,600979,广安爱众,5.43,-6.54,-0.38,1283124.0,715004150.0,5.85,5.75,5.41,5.73,5.81,0.94,10.41,33.95,1.48,6850797477.0,6691170660.0,-0.37,-0.37,16.52,23.69
5382,605366,宏柏新材,9.81,-6.57,-0.69,505963.0,506513598.0,6.1,10.45,9.81,10.45,10.5,1.05,6.98,-73.56,3.15,7108302309.0,7108302309.0,-0.41,-0.51,45.77,58.23
5383,600821,金开新能,10.15,-6.62,-0.72,5001465.0,5269198045.0,10.67,11.18,10.02,10.9,10.87,1.32,25.04,27.09,2.1,20272224048.0,20272224048.0,0.4,0.0,93.33,99.02
5384,300448,浩云科技,8.59,-6.63,-0.61,702000.0,604839190.16,7.28,9.03,8.36,9.03,9.2,1.42,15.11,-184.46,4.74,5811281709.0,3990432307.0,0.0,0.12,8.73,9.71
5385,605268,王力安防,13.5,-6.64,-0.96,394597.0,527045017.0,7.95,14.16,13.01,13.35,14.46,1.94,8.96,38.01,3.59,6025083750.0,5946648750.0,0.0,0.0,25.93,26.52
5386,600879,航天电子,23.32,-6.68,-1.67,2282813.0,5454902299.0,7.92,24.96,22.98,24.7,24.99,1.43,6.92,275.91,3.71,76939660469.0,76939660469.0,-0.04,0.04,75.47,9.38
5387,300138,晨光生物,14.66,-6.68,-1.05,265894.0,394804603.99,7.26,15.65,14.51,15.6,15.71,1.81,6.68,19.48,2.09,7082247363.0,5839272861.0,-0.07,0.14,20.36,18.13
5388,300895,铜牛信息,57.78,-6.7,-4.15,83465.0,491559744.17,6.27,61.5,57.62,61.01,61.93,0.49,6.04,-104.33,10.4,8135461961.0,7983592836.0,0.16,0.14,24.23,30.87
5389,603220,中贝通信,26.22,-6.72,-1.89,422902.0,1135370062.0,6.37,27.99,26.2,27.75,28.11,0.61,9.74,124.02,5.72,14062997233.0,11386306325.0,-0.08,-0.19,16.02,23.1
5390,002361,神剑股份,12.65,-6.78,-0.92,1197896.0,1546034121.83,7.59,13.47,12.44,13.25,13.57,1.05,14.8,297.59,5.44,12030592358.0,10235405748.0,0.08,-0.39,91.96,-11.79
5391,605298,必得科技,48.96,-6.8,-3.57,37090.0,186239146.0,7.61,52.8,48.8,52.8,52.53,0.9,1.99,136.2,8.81,9197136000.0,9118848960.0,0.1,0.2,26.38,22.49
5392,301338,凯格精机,188.06,-6.81,-13.74,51882.0,1009406522.0,10.55,208.88,187.6,199.11,201.8,0.96,8.77,123.76,12.78,20009584000.0,11123749000.0,-0.05,-0.13,175.71,113.44
5393,301278,快可电子,45.66,-6.82,-3.34,76787.0,354309431.7,7.65,48.79,45.04,48.5,49.0,0.87,14.94,153.91,2.88,4096073809.0,2347013676.0,0.04,-0.07,29.61,36.58
5394,603778,国晟科技,20.49,-6.86,-1.51,1135663.0,2415326645.0,11.45,22.68,20.16,21.6,22.0,0.91,17.67,-66.81,18.49,13454597039.0,13172142840.0,-0.1,-0.92,56.89,16.42
5395,300265,通光线缆,18.5,-6.89,-1.37,775808.0,1454955269.28,6.14,19.6,18.38,19.5,19.87,0.71,16.6,201.91,3.75,8650624698.0,8645081635.0,-0.11,0.0,85.19,38.06
5396,300321,同大股份,37.0,-6.92,-2.75,32649.0,122962165.0,4.78,38.9,37.0,37.94,39.75,1.64,3.68,223.45,5.18,3285600000.0,3281748300.0,-0.19,-0.35,-22.22,-18.29
5397,300017,网宿科技,17.75,-6.97,-1.33,3409477.0,6210692175.33,7.18,19.02,17.65,18.89,19.08,0.78,14.78,53.14,4.31,43655233542.0,40934013915.0,-0.06,-0.17,74.36,73.17
5398,603601,再升科技,11.61,-6.97,-0.87,1463247.0,1733624145.0,6.73,12.36,11.52,12.23,12.48,0.88,12.81,122.42,5.44,13262578673.0,13262578673.0,0.0,0.09,83.41,-6.9
5399,300777,中简科技,40.39,-6.98,-3.03,247664.0,1018706855.98,5.18,42.58,40.33,42.58,43.42,1.36,5.85,45.93,3.97,17759787419.0,17109820392.0,-0.02,0.07,25.36,-1.0
5400,300806,斯迪克,52.43,-7.04,-3.97,209275.0,1119148378.7,8.33,57.0,52.3,57.0,56.4,1.12,6.62,393.75,10.48,23766545372.0,16578899318.0,-0.38,-0.21,101.19,70.56
5401,300040,九洲集团,7.77,-7.06,-0.59,1049326.0,832605538.41,5.38,8.2,7.75,8.2,8.36,1.0,20.28,86.96,1.95,4999299088.0,4020011870.0,-0.13,-0.13,24.12,29.07
5402,688102,斯瑞新材,38.76,-7.09,-2.96,178449.0,712888964.0,6.45,41.45,38.76,41.0,41.72,1.08,2.43,194.83,15.82,30056747351.0,28439501196.0,-0.54,-1.15,48.0,0.16
5403,688272,富吉瑞,35.06,-7.1,-2.68,30324.0,109260112.0,7.71,37.65,34.74,37.43,37.74,0.73,3.99,-33.7,6.42,2664560000.0,2664560000.0,-0.09,-0.09,21.11,7.35
5404,002261,拓维信息,36.9,-7.1,-2.82,2149788.0,8063280383.77,7.63,39.49,36.46,39.0,39.72,0.79,18.76,332.53,17.83,46487781391.0,42274569169.0,-0.08,-0.19,20.59,11.48
5405,002149,西部材料,43.53,-7.13,-3.34,465677.0,2074428686.37,6.59,46.31,43.22,45.75,46.87,0.9,9.54,230.15,7.29,21251967347.0,21248702597.0,0.0,-0.37,82.36,-4.35
5406,603897,长城科技,31.67,-7.13,-2.43,128067.0,414552050.0,6.86,33.99,31.65,33.83,34.1,1.05,6.2,22.81,2.72,6537818017.0,6537818017.0,0.0,-0.13,23.28,16.43
5407,301486,致尚科技,165.8,-7.15,-12.77,91827.0,1565547187.74,9.35,181.2,164.5,178.57,178.57,1.59,12.67,98.04,8.16,21335308971.0,12012832579.0,-0.01,0.01,36.33,33.66
5408,000988,华工科技,118.69,-7.2,-9.21,1602099.0,19453659273.5,6.42,126.8,118.59,125.3,127.9,1.12,15.94,67.74,10.94,119343116294.0,119281747629.0,0.06,-0.22,47.7,49.62
5409,688662,富信科技,60.9,-7.26,-4.77,65032.0,409743765.0,7.49,65.74,60.82,64.21,65.67,0.74,7.37,134.73,7.36,5373816000.0,5373816000.0,0.0,-0.11,38.5,18.83
5410,002467,二六三,6.84,-7.32,-0.54,1784291.0,1244339845.51,7.05,7.32,6.8,7.28,7.38,0.79,13.05,93.05,4.82,9407543611.0,9349486266.0,-0.15,-0.15,10.14,12.32
5411,600744,华银电力,8.35,-7.33,-0.66,2376914.0,2012377476.0,7.99,8.93,8.21,8.85,9.01,0.66,11.7,35.66,11.92,16959887688.0,16959887688.0,-0.12,-0.12,37.34,42.01
5412,002986,宇新股份,16.38,-7.35,-1.3,258828.0,447108846.76,10.35,18.13,16.3,17.51,17.68,0.64,8.58,-72.86,1.64,6226388401.0,4944097300.0,0.18,0.06,52.94,52.23
5413,002929,润建股份,50.2,-7.36,-3.99,197576.0,1016238766.72,6.16,53.2,49.86,52.51,54.19,0.88,9.38,1661.74,2.26,14260970817.0,10570149299.0,-0.04,-0.2,23.07,26.1
5414,301588,美新科技,25.18,-7.39,-2.01,69286.0,180121828.0,9.53,27.47,24.88,27.21,27.19,1.67,9.44,79.06,3.2,2993090046.0,1847184228.0,0.64,0.76,32.39,38.58
5415,301518,长华化学,45.55,-7.46,-3.67,59509.0,280242710.89,7.86,49.2,45.33,48.39,49.22,1.11,11.12,65.33,4.34,6626136408.0,2436863644.0,-0.18,-0.18,27.16,28.06
5416,603093,南华期货,21.24,-7.53,-1.73,298105.0,625596256.0,7.97,22.5,20.67,22.32,22.97,1.97,4.89,32.53,2.95,15244476727.0,12957799567.0,0.28,0.09,7.98,8.98
5417,300352,北信源,7.1,-7.55,-0.58,1269653.0,918966721.04,6.12,7.54,7.07,7.54,7.68,0.7,9.95,-46.47,8.35,10293751018.0,9063937262.0,-0.14,-0.14,17.74,15.82
5418,600602,云赛智联,20.55,-7.56,-1.68,894839.0,1876012677.0,6.52,21.95,20.5,21.8,22.23,0.66,8.33,145.16,5.83,28105689500.0,22076926445.0,0.05,-0.24,13.41,9.95
5419,688110,东芯股份,133.0,-7.6,-10.94,258569.0,3501224386.0,7.02,143.0,132.89,143.0,143.94,1.09,5.85,-301.33,17.21,58819217814.0,58819217814.0,-0.05,-0.09,5.92,1.26
5420,002506,协鑫集成,5.42,-7.67,-0.45,10135155.0,5608761297.7,6.81,5.78,5.38,5.77,5.87,0.74,17.34,-42.84,17.82,31708715034.0,31676817521.0,0.18,0.18,89.51,93.57
5421,300531,优博讯,18.17,-7.72,-1.52,363828.0,675839242.1,8.58,19.86,18.17,19.86,19.69,1.77,11.78,51.79,4.15,5834004794.0,5610146269.0,-0.66,-0.22,5.03,0.72
5422,300383,光环新网,15.17,-7.73,-1.27,1289581.0,2002366456.82,7.6,16.4,15.15,16.34,16.44,0.79,7.19,142.41,2.14,27269483489.0,27208216167.0,0.07,-0.13,14.15,21.26
5423,301005,超捷股份,146.5,-7.77,-12.35,98192.0,1475576393.81,7.69,158.01,145.8,157.01,158.85,1.29,7.42,518.92,25.57,19669238112.0,19392290849.0,-0.01,-0.22,94.09,-5.65
5424,300166,东方国信,12.1,-7.77,-1.02,915550.0,1131248160.91,6.94,12.97,12.06,12.94,13.12,0.83,10.11,-104.93,2.35,13778823551.0,10959908500.0,-0.17,-0.17,20.52,18.4
5425,688316,青云科技-U,76.42,-7.82,-6.48,58407.0,456603528.0,6.43,81.7,76.37,81.51,82.9,0.6,12.19,-60.35,134.07,3660375018.0,3660375018.0,0.0,-0.03,23.66,27.01
5426,002112,三变科技,25.24,-7.82,-2.14,670405.0,1722601690.1,5.81,26.52,24.93,26.36,27.38,0.77,25.58,138.66,8.53,7423873558.0,6614887842.0,-0.12,0.24,89.92,90.35
5427,300257,开山股份,31.56,-7.83,-2.68,379719.0,1234354609.42,7.89,34.2,31.5,33.8,34.24,1.05,3.98,77.35,4.74,31359121168.0,30130022712.0,-0.25,-0.16,117.51,124.63
5428,000601,韶能股份,6.46,-7.85,-0.55,1635974.0,1074305369.37,6.85,6.9,6.42,6.88,7.01,0.82,15.59,29.89,1.67,6875657873.0,6779943819.0,0.47,0.16,27.42,37.45
5429,600673,东阳光,34.82,-7.88,-2.98,867138.0,3087958881.0,6.8,37.3,34.73,37.0,37.8,0.61,2.89,86.8,10.76,104792707154.0,104514247018.0,-0.09,-0.17,46.36,55.24
5430,600589,大位科技,10.86,-7.89,-0.93,2187146.0,2427709492.0,6.7,11.6,10.81,11.55,11.79,0.78,14.79,317.96,22.67,16123515005.0,16056183005.0,0.0,0.0,41.96,51.68
5431,000510,新金路,16.83,-7.93,-1.45,684847.0,1171606375.21,8.37,18.19,16.66,18.0,18.28,1.28,11.29,-104.29,8.84,10914988603.0,10210168870.0,0.0,-0.12,79.62,45.34
5432,002842,翔鹭钨业,34.43,-7.94,-2.97,522020.0,1833709428.82,7.57,36.9,34.07,36.47,37.4,1.04,19.44,163.18,10.09,11264546489.0,9243157299.0,-0.49,0.5,195.54,138.11
5433,603138,海量数据,20.3,-7.94,-1.75,286564.0,588268843.0,9.52,22.05,19.95,22.02,22.05,0.76,9.94,-59.32,7.78,5965616013.0,5853359855.0,-0.29,-0.39,41.17,42.76
5434,301162,国能日新,75.46,-7.98,-6.54,49524.0,383801622.73,9.51,82.88,75.08,82.16,82.0,1.15,5.81,99.47,6.54,10004767813.0,6431119852.0,0.51,-0.17,48.31,47.21
5435,301120,新特电气,25.24,-8.05,-2.21,285421.0,740526236.38,7.29,27.2,25.2,27.01,27.45,0.63,13.06,186.37,6.08,9375172228.0,5517962818.0,-0.08,-0.51,36.43,46.15
5436,300699,光威复材,38.21,-8.08,-3.36,494050.0,1928312371.68,5.65,40.43,38.08,40.3,41.57,1.59,6.01,52.82,5.59,31765959920.0,31387338902.0,-0.13,-0.13,25.48,-3.17
5437,920077,吉林碳谷,18.4,-8.09,-1.62,284245.0,542923142.77,7.94,19.99,18.4,19.8,20.02,1.96,8.97,56.47,4.09,10813345433.0,5832005433.0,-0.22,-0.81,32.56,8.11
5438,300846,首都在线,32.07,-8.27,-2.89,689055.0,2270647294.63,7.32,34.5,31.94,34.3,34.96,0.65,17.56,-121.67,18.93,16127875233.0,12585234397.0,-0.03,-0.12,62.22,40.47
5439,600549,厦门钨业,62.4,-8.41,-5.73,965269.0,6185911570.0,6.72,66.8,62.22,66.13,68.13,1.41,6.21,42.87,5.76,99065355542.0,96965355552.0,0.0,0.02,69.89,51.97
5440,002025,航天电器,54.9,-8.44,-5.06,428244.0,2395763664.15,7.32,58.99,54.6,58.76,59.96,1.27,9.44,128.4,3.84,25002886741.0,24917830830.0,-0.05,-0.04,23.23,9.52
5441,301291,明阳电气,64.54,-8.47,-5.97,242793.0,1588401954.05,8.88,69.96,63.7,68.56,70.51,0.9,15.02,32.32,4.1,20149388000.0,10432049076.0,0.05,0.0,48.81,55.11
5442,600236,桂冠电力,9.84,-8.47,-0.91,434361.0,437895274.0,6.51,10.5,9.8,10.5,10.75,0.8,0.55,24.04,4.35,77562597572.0,77562597572.0,0.0,-0.1,41.99,25.67
5443,300773,拉卡拉,27.02,-8.47,-2.5,952409.0,2608867667.11,8.64,29.26,26.71,29.0,29.52,0.87,12.97,46.43,5.93,20985486733.0,19847753161.0,0.0,0.26,24.0,-5.13
5444,688087,英科再生,39.8,-8.67,-3.78,87367.0,355637402.0,7.76,43.0,39.62,42.37,43.58,1.18,4.69,25.67,2.61,7723380045.0,7412570502.0,0.03,0.35,37.91,29.14
5445,600268,国电南自,15.14,-8.8,-1.46,820125.0,1273737789.0,8.61,16.46,15.03,16.45,16.6,0.76,8.11,54.77,4.48,15380283579.0,15303986987.0,0.26,-0.39,42.97,44.47
5446,688127,蓝特光学,58.53,-8.89,-5.71,209989.0,1263247719.0,8.53,64.0,58.52,63.63,64.24,1.58,5.17,61.18,10.86,23757192381.0,23757192381.0,-0.05,-0.14,60.84,52.07
5447,002350,北京科锐,13.83,-9.01,-1.37,769807.0,1158077115.3,15.79,16.21,13.81,15.42,15.2,1.08,14.51,194.05,4.54,7500442584.0,7337526844.0,0.0,-1.14,58.6,69.9
5448,000899,赣能股份,13.91,-9.03,-1.38,790311.0,1123908207.51,6.8,14.92,13.88,14.92,15.29,0.87,8.1,11.69,2.15,13571677642.0,13571677642.0,0.14,0.14,40.65,40.51
5449,300683,海特生物,34.46,-9.1,-3.45,108187.0,381301887.0,9.5,38.0,34.4,37.91,37.91,0.97,8.86,-21.4,2.02,4510620714.0,4206347529.0,-0.03,-0.52,15.95,24.27
5450,301391,卡莱特,76.89,-9.2,-7.79,34160.0,271449487.29,10.44,85.5,76.66,85.42,84.68,1.44,3.68,409.37,3.52,7305688818.0,7138130822.0,0.01,-0.01,-8.82,-9.38
5451,601789,宁波建工,6.79,-9.22,-0.69,4480873.0,3156495745.0,10.29,7.5,6.73,7.35,7.48,1.8,41.23,42.56,1.63,10350620845.0,7379362426.0,-0.44,-1.16,30.33,36.07
5452,000534,万泽股份,40.57,-9.24,-4.13,428328.0,1773217059.84,9.98,44.69,40.23,43.56,44.7,1.22,8.57,91.24,13.2,20672383294.0,20283799777.0,0.52,0.37,89.93,84.41
5453,300113,顺网科技,26.92,-9.33,-2.77,819328.0,2254622106.01,7.07,28.8,26.7,28.63,29.69,0.86,15.8,42.63,7.28,18401598927.0,13955933727.0,-0.11,-0.07,35.75,33.0
5454,300932,三友联众,15.9,-9.35,-1.64,395882.0,647345235.18,7.92,17.1,15.71,17.0,17.54,1.07,17.36,60.71,2.9,5089653568.0,3625101388.0,-0.06,-0.31,22.59,32.61
5455,600230,沧州大化,21.22,-9.35,-2.19,297531.0,681606872.0,13.93,24.33,21.07,23.58,23.41,1.14,7.19,138.34,2.18,8784252738.0,8784252738.0,-0.05,0.0,61.98,39.06
5456,301388,欣灵电气,39.39,-9.41,-4.09,87903.0,359556314.31,8.37,43.0,39.36,42.4,43.48,0.75,32.13,169.51,4.13,4035410964.0,1077576001.0,-0.03,-0.15,26.29,29.66
5457,002498,汉缆股份,9.4,-9.44,-0.98,5231466.0,5245189497.39,14.93,10.95,9.4,10.68,10.38,1.4,15.73,52.79,3.51,31271882400.0,31271882400.0,-0.11,-0.42,153.37,145.43
5458,300738,奥飞数据,22.68,-9.71,-2.44,1208264.0,2803742805.98,8.28,24.74,22.66,24.7,25.12,1.18,12.27,115.21,6.36,22343859380.0,22337532476.0,0.0,-0.26,14.03,22.66
5459,301680,固德电材,117.5,-9.8,-12.77,73407.0,901691424.75,9.65,129.58,117.01,126.5,130.27,0.79,43.69,54.31,9.45,9729000000.0,1974291400.0,0.34,0.27,102.59,102.59
5460,301361,众智科技,43.26,-9.89,-4.75,110298.0,492507229.45,9.12,47.48,43.1,47.08,48.01,1.12,36.23,53.43,4.16,5032695360.0,1317007440.0,0.02,-0.07,28.83,32.74
5461,301268,铭利达,23.61,-9.92,-2.6,110971.0,268026679.26,8.58,25.83,23.58,25.74,26.21,1.46,3.22,-191.14,5.62,9453370337.0,8138314350.0,0.0,-0.04,22.84,29.51
5462,300669,沪宁股份,33.23,-9.95,-3.67,60221.0,208789570.5,10.84,37.02,33.02,36.9,36.9,1.36,3.3,327.02,7.33,6403604629.0,6064472907.0,0.0,0.12,23.53,26.35
5463,600397,江钨装备,15.96,-9.98,-1.77,926615.0,1514290370.0,8.69,17.5,15.96,17.43,17.73,0.92,9.36,-38.63,101.62,15799759717.0,15799759717.0,0.0,0.0,136.09,110.0
5464,000533,顺钠股份,16.96,-9.98,-1.88,1590977.0,2787825427.44,8.49,18.56,16.96,18.05,18.84,0.94,23.23,109.14,12.36,11716239360.0,11615944704.0,0.0,0.0,109.12,103.6
5465,000815,美利云,16.96,-9.98,-1.88,1093565.0,1886893013.96,6.21,18.13,16.96,18.1,18.84,0.52,15.73,273.44,8.73,11791661074.0,11791661074.0,0.0,0.0,46.97,51.56
5466,002667,威领股份,30.11,-9.99,-3.34,321419.0,998987593.7,10.88,33.75,30.11,32.76,33.45,0.84,13.58,-451.02,20.78,7846410065.0,7124357210.0,0.0,0.0,104.97,130.02
5467,002254,泰和新材,12.43,-9.99,-1.38,831178.0,1078552648.05,8.47,13.6,12.43,13.41,13.81,3.17,9.77,215.6,1.51,10653220785.0,10572558164.0,-1.74,-1.51,32.09,24.05
5468,002378,章源钨业,36.92,-10.0,-4.1,1222503.0,4634059047.04,7.75,40.1,36.92,39.9,41.02,0.94,10.23,152.81,19.03,44356340229.0,44123880943.0,0.0,0.0,181.4,160.37
5469,002281,光迅科技,88.94,-10.0,-9.88,886078.0,8058743904.32,6.12,94.99,88.94,93.1,98.82,1.1,11.37,74.84,7.34,71745741383.0,69326716309.0,0.0,0.0,33.95,27.15
5470,000657,中钨高新,56.07,-10.0,-6.23,1232874.0,7058483767.68,5.83,59.7,56.07,59.7,62.3,1.7,8.49,113.29,12.94,127761348708.0,81465523926.0,0.0,0.0,126.09,102.35
5471,600410,华胜天成,28.59,-10.01,-3.18,2842279.0,8356705252.0,7.59,31.0,28.59,31.0,31.77,0.76,25.92,65.61,6.61,31348782987.0,31348782987.0,0.0,0.0,56.74,59.9
5472,603681,永冠新材,19.42,-10.01,-2.16,176510.0,348768929.0,7.74,21.09,19.42,20.9,21.58,1.68,9.23,24.95,1.43,3711775225.0,3711775225.0,0.0,0.0,1.04,2.32
5473,920036,觅睿科技,55.61,-10.02,-6.19,61331.0,346027456.5,9.06,59.5,53.9,59.0,61.8,0.62,46.96,38.24,6.66,3026397799.0,726337614.0,-0.48,-0.75,158.41,158.41
5474,001896,豫能控股,15.44,-10.02,-1.72,2252350.0,3700395963.06,12.12,17.52,15.44,17.16,17.16,1.01,14.76,61.41,6.83,23558063735.0,23558063735.0,0.0,-0.32,178.2,196.92
5475,002298,中电鑫龙,11.95,-10.02,-1.33,1509355.0,1851925377.64,6.4,12.8,11.95,12.68,13.28,1.1,22.85,243.31,3.88,8844325267.0,7894809468.0,0.0,0.0,13.81,14.46
5476,600108,亚盛集团,6.26,-10.06,-0.7,3610443.0,2330267808.0,9.34,6.91,6.26,6.82,6.96,0.82,18.54,259.33,2.82,12187688657.0,12187688657.0,0.0,0.0,98.1,98.73
5477,300170,汉得信息,23.41,-10.48,-2.74,1564548.0,3756620284.21,7.61,25.35,23.36,25.25,26.15,0.85,16.01,123.57,4.32,23930339010.0,22874084445.0,0.04,-0.26,27.99,23.73
5478,688343,云天励飞-U,87.81,-10.58,-10.39,247283.0,2239179429.0,9.3,96.93,87.8,96.8,98.2,1.11,9.35,-78.46,8.28,31576772798.0,23235135401.0,-0.66,-1.17,21.17,15.42
5479,688158,优刻得-W,43.01,-10.79,-5.2,870616.0,3879943344.0,9.33,47.47,42.97,47.0,48.21,0.91,21.47,-255.93,8.13,19625681534.0,17439432783.0,0.02,-0.21,76.42,53.11
5480,301179,泽宇智能,23.13,-11.45,-2.99,339570.0,820031195.85,11.33,25.99,23.03,25.31,26.12,0.86,14.3,120.86,3.86,9353947071.0,5493501035.0,-1.28,-1.78,44.02,46.3
5481,300943,春晖智控,33.39,-12.13,-4.61,190787.0,673934322.96,9.95,37.13,33.35,36.85,38.0,1.03,14.2,125.81,6.87,6805549800.0,4485622183.0,-0.09,-0.42,76.85,60.68
5482,920375,派诺科技,18.09,-15.07,-3.21,204810.0,400126392.89,13.57,20.98,18.09,20.58,21.3,0.76,31.55,212.43,2.41,1966018468.0,1174333841.0,-0.11,-0.77,37.67,38.41
5483,920680,广道退,,,,,,,,,,0.86,,0.0,,,,,,,-90.97,0.0
5484,920188,悦龙科技,,,,,,,,,,14.04,,0.0,,,,,,,0.0,0.0
5485,920078,族兴新材,,,,,,,,,,6.98,,0.0,,,,,,,0.0,0.0
5486,920028,新恒泰,,,,,,,,,,9.4,,0.0,,,,,,,0.0,0.0
5487,833994,翰博高新,,,,,,,,,,32.9,,0.0,,,,,,,0.0,0.0
5488,833874,泰祥股份,,,,,,,,,,20.13,,0.0,,,,,,,2.55,2.55
5489,832317,观典防务,,,,,,,,,,21.88,,0.0,,,,,,,0.0,0.0
5490,810013,万通定转,,,,,,,,,,100.0,,0.0,,,,150000000.0,,,,
5491,810011,优机定转,,,,,,,,,,100.5,,0.0,,,,120600000.0,,,0.0,0.0
5492,688813,泰金新能,,,,,,,,,,,,0.0,,,,,,,,
5493,688781,视涯科技,,,,,,,,,,22.68,,0.0,-96.13,10.31,20412000000.0,,,,0.0,0.0
5494,688555,退市泽达,,,,,,,,,,1.12,,0.0,,,,,,,0.0,0.0
5495,688086,退市紫晶,,,,,,,,,,0.64,,0.0,,,,,,,0.0,0.0
5496,603996,退市中新,,,,,,,,,,0.39,,0.0,,,,,,,0.0,0.0
5497,603963,*ST大药,,,,,,,,,,1.18,,0.0,,,,,,,0.0,0.0
5498,603603,退市博天,,,,,,,,,,0.39,,0.0,,,,,,,0.0,0.0
5499,603555,ST贵人,,,,,,,,,,0.67,,0.0,,,,,,,0.0,0.0
5500,603388,*ST元成,,,,,,,,,,0.58,,0.0,,,,,,,0.0,0.0
5501,603157,退市拉夏,,,,,,,,,,0.59,,0.0,,,,,,,0.0,0.0
5502,603133,退市碳元,,,,,,,,,,0.29,,0.0,,,,,,,0.0,0.0
5503,603056,德邦股份,,,,,,,,,,18.85,,0.0,-51.66,2.39,19068065980.0,19068065980.0,,,34.93,37.89
5504,603003,退市龙宇,,,,,,,,,,2.44,,0.0,,,,,,,0.0,0.0
5505,601989,中国重工,,,,,,,,,,5.1,,0.0,,,,,,,0.0,0.0
5506,601558,退市锐电,,,,,,,,,,0.25,,0.0,,,,,,,0.0,0.0
5507,601555,东吴证券,,,,,,,,,,9.29,,0.0,11.8,1.09,46159249356.0,46159249356.0,,,3.57,2.54
5508,601299,中国北车,,,,,,,,,,29.98,,0.0,,,,,,,0.0,0.0
5509,601268,*ST二重,,,,,,,,,,2.35,,0.0,,,,,,,0.0,0.0
5510,601258,*ST庞大,,,,,,,,,,0.4,,0.0,,,,,,,0.0,0.0
5511,601028,玉龙股份,,,,,,,,,,12.83,,0.0,,,,,,,0.0,0.0
5512,600991,广汽长丰,,,,,,,,,,17.82,,0.0,,,,,,,0.0,0.0
5513,600978,*ST宜生,,,,,,,,,,0.52,,0.0,,,,,,,0.0,0.0
5514,600899,*ST信联,,,,,,,,,,1.13,,0.0,,,,,,,0.0,0.0
5515,600898,*ST美讯,,,,,,,,,,0.74,,0.0,,,,,,,0.0,0.0
5516,600896,退市海医,,,,,,,,,,1.12,,0.0,,,,,,,0.0,0.0
5517,600891,退市秋林,,,,,,,,,,0.38,,0.0,,,,,,,0.0,0.0
5518,600890,退市中房,,,,,,,,,,0.36,,0.0,,,,,,,0.0,0.0
5519,600878,*ST北科,,,,,,,,,,2.64,,0.0,,,,,,,0.0,0.0
5520,600870,退市厦华,,,,,,,,,,0.6,,0.0,,,,,,,0.0,0.0
5521,600856,退市中天,,,,,,,,,,0.27,,0.0,,,,,,,0.0,0.0
5522,600852,*ST中川,,,,,,,,,,0.72,,0.0,,,,,,,0.0,0.0
5523,600849,上药转换,,,,,,,,,,14.73,,0.0,,,,,,,0.0,0.0
5524,600842,中西药业,,,,,,,,,,13.96,,0.0,,,,,,,0.0,0.0
5525,600840,新湖创业,,,,,,,,,,23.8,,0.0,,,,,,,0.0,0.0
5526,600837,海通证券,,,,,,,,,,10.41,,0.0,,,,,,,0.0,0.0
5527,600836,*ST易连,,,,,,,,,,0.45,,0.0,,,,,,,0.0,0.0
5528,600832,东方明珠,,,,,,,,,,23.18,,0.0,,,,,,,0.0,0.0
5529,600823,*ST世茂,,,,,,,,,,0.43,,0.0,,,,,,,0.0,0.0
5530,600813,ST鞍一工,,,,,,,,,,3.83,,0.0,,,,,,,0.0,0.0
5531,600811,*ST东方,,,,,,,,,,0.36,,0.0,,,,,,,0.0,0.0
5532,600806,退市昆机,,,,,,,,,,1.47,,0.0,,,,,,,0.0,0.0
5533,600804,退市鹏博,,,,,,,,,,0.14,,0.0,,,,,,,0.0,0.0
5534,600799,*ST龙科,,,,,,,,,,0.54,,0.0,,,,,,,0.0,0.0
5535,600788,*ST达曼,,,,,,,,,,0.91,,0.0,,,,,,,0.0,0.0
5536,600786,东方锅炉,,,,,,,,,,82.2,,0.0,,,,,,,0.0,0.0
5537,600781,退市辅仁,,,,,,,,,,0.77,,0.0,,,,,,,0.0,0.0
5538,600772,S*ST龙昌,,,,,,,,,,1.3,,0.0,,,,,,,0.0,0.0
5539,600767,退市运盛,,,,,,,,,,0.42,,0.0,,,,,,,0.0,0.0
5540,600766,退市园城,,,,,,,,,,0.42,,0.0,,,,,,,0.0,0.0
5541,600762,S*ST金荔,,,,,,,,,,0.77,,0.0,,,,,,,0.0,0.0
5542,600752,*ST哈慈,,,,,,,,,,0.84,,0.0,,,,,,,0.0,0.0
5543,600747,退市大控,,,,,,,,,,0.26,,0.0,,,,,,,0.0,0.0
5544,600735,ST新华锦,,,,,,,,,,6.73,,0.0,131.64,2.37,2885677414.0,2863290796.0,,,22.14,41.68
5545,600723,首商股份,,,,,,,,,,8.93,,0.0,,,,,,,0.0,0.0
5546,600709,ST生态,,,,,,,,,,3.02,,0.0,,,,,,,0.0,0.0
5547,600705,中航产融,,,,,,,,,,3.47,,0.0,,,,,,,0.0,0.0
5548,600701,退市工新,,,,,,,,,,0.45,,0.0,,,,,,,0.0,0.0
5549,600700,*ST数码,,,,,,,,,,0.64,,0.0,,,,,,,0.0,0.0
5550,600695,退市绿庭,,,,,,,,,,0.51,,0.0,,,,,,,0.0,0.0
5551,600687,退市刚泰,,,,,,,,,,0.3,,0.0,,,,,,,0.0,0.0
5552,600680,*ST上普,,,,,,,,,,7.69,,0.0,,,,,,,0.0,0.0
5553,600677,*ST航通,,,,,,,,,,3.01,,0.0,,,,,,,0.0,0.0
5554,600672,*ST华圣,,,,,,,,,,0.7,,0.0,,,,,,,0.0,0.0
5555,600670,*ST斯达,,,,,,,,,,2.87,,0.0,,,,,,,0.0,0.0
5556,600669,*ST鞍成,,,,,,,,,,2.19,,0.0,,,,,,,0.0,0.0
5557,600659,*ST花雕,,,,,,,,,,1.41,,0.0,,,,,,,0.0,0.0
5558,600656,退市博元,,,,,,,,,,4.49,,0.0,,,,,,,0.0,0.0
5559,600652,退市游久,,,,,,,,,,1.19,,0.0,,,,,,,0.0,0.0
5560,600647,退市同达,,,,,,,,,,1.52,,0.0,,,,,,,0.0,0.0
5561,600646,ST国嘉,,,,,,,,,,5.82,,0.0,,,,,,,0.0,0.0
5562,600634,退市富控,,,,,,,,,,0.28,,0.0,,,,,,,0.0,0.0
5563,600632,华联商厦,,,,,,,,,,9.53,,0.0,,,,,,,0.0,0.0
5564,600631,百联股份,,,,,,,,,,15.68,,0.0,,,,,,,0.0,0.0
5565,600627,上电股份,,,,,,,,,,28.73,,0.0,,,,,,,0.0,0.0
5566,600625,PT水仙,,,,,,,,,,4.8,,0.0,,,,,,,0.0,0.0
5567,600614,退市鹏起,,,,,,,,,,0.26,,0.0,,,,,,,0.0,0.0
5568,600607,上实医药,,,,,,,,,,23.52,,0.0,,,,,,,0.0,0.0
5569,600591,*ST上航,,,,,,,,,,7.27,,0.0,,,,,,,0.0,0.0
5570,600565,ST迪马,,,,,,,,,,0.85,,0.0,,,,,,,0.0,0.0
5571,600555,退市海创,,,,,,,,,,0.26,,0.0,,,,,,,0.0,0.0
5572,600553,太行水泥,,,,,,,,,,14.98,,0.0,,,,,,,0.0,0.0
5573,600532,退市未来,,,,,,,,,,0.72,,0.0,,,,,,,0.0,0.0
5574,600485,*ST信威,,,,,,,,,,1.39,,0.0,,,,,,,0.0,0.0
5575,600472,包头铝业,,,,,,,,,,51.82,,0.0,,,,,,,0.0,0.0
5576,600466,*ST蓝光,,,,,,,,,,0.4,,0.0,,,,,,,0.0,0.0
5577,600462,退市九有,,,,,,,,,,0.21,,0.0,,,,,,,0.0,0.0
5578,600432,退市吉恩,,,,,,,,,,1.38,,0.0,,,,,,,0.0,0.0
5579,600401,退市海润,,,,,,,,,,0.15,,0.0,,,,,,,0.0,0.0
5580,600393,ST粤泰,,,,,,,,,,0.37,,0.0,,,,,,,0.0,0.0
5581,600387,退市海越,,,,,,,,,,0.94,,0.0,,,,,,,0.0,0.0
5582,600385,退市金泰,,,,,,,,,,1.2,,0.0,,,,,,,0.0,0.0
5583,600357,承德钒钛,,,,,,,,,,7.4,,0.0,,,,,,,0.0,0.0
5584,600321,正源股份,,,,,,,,,,0.5,,0.0,,,,,,,0.0,0.0
5585,600317,营口港,,,,,,,,,,2.6,,0.0,,,,,,,0.0,0.0
5586,600311,*ST荣华,,,,,,,,,,0.61,,0.0,,,,,,,0.0,0.0
5587,600306,退市商城,,,,,,,,,,0.29,,0.0,,,,,,,0.0,0.0
5588,600297,广汇汽车,,,,,,,,,,0.78,,0.0,,,,,,,0.0,0.0
5589,600296,S兰铝,,,,,,,,,,14.61,,0.0,,,,,,,0.0,0.0
5590,600291,退市西水,,,,,,,,,,0.89,,0.0,,,,,,,0.0,0.0
5591,600290,*ST华仪,,,,,,,,,,0.37,,0.0,,,,,,,0.0,0.0
5592,600286,S*ST国瓷,,,,,,,,,,0.67,,0.0,,,,,,,0.0,0.0
5593,600277,ST亿利,,,,,,,,,,0.38,,0.0,,,,,,,0.0,0.0
5594,600275,退市昌鱼,,,,,,,,,,0.41,,0.0,,,,,,,0.0,0.0
5595,600270,外运发展,,,,,,,,,,20.99,,0.0,,,,,,,0.0,0.0
5596,600263,路桥建设,,,,,,,,,,16.43,,0.0,,,,,,,0.0,0.0
5597,600260,*ST凯乐,,,,,,,,,,0.47,,0.0,,,,,,,0.0,0.0
5598,600253,天方药业,,,,,,,,,,6.26,,0.0,,,,,,,0.0,0.0
5599,600247,*ST成城,,,,,,,,,,0.65,,0.0,,,,,,,0.0,0.0
5600,600242,退市中昌,,,,,,,,,,0.25,,0.0,,,,,,,0.0,0.0
5601,600240,退市华业,,,,,,,,,,0.41,,0.0,,,,,,,0.0,0.0
5602,600225,退市卓朗,,,,,,,,,,0.29,,0.0,,,,,,,0.0,0.0
5603,600220,ST阳光,,,,,,,,,,0.37,,0.0,,,,,,,0.0,0.0
5604,600213,*ST亚星,,,,,,,,,,6.36,,0.0,,,,,,,0.0,0.0
5605,600209,退市罗顿,,,,,,,,,,1.18,,0.0,,,,,,,0.0,0.0
5606,600205,S山东铝,,,,,,,,,,25.41,,0.0,,,,,,,0.0,0.0
5607,600200,退市苏吴,,,,,,,,,,0.29,,0.0,,,,,,,-27.5,0.0
5608,600190,退市锦港,,,,,,,,,,0.63,,0.0,,,,,,,0.0,0.0
5609,600181,S*ST云大,,,,,,,,,,1.02,,0.0,,,,,,,0.0,0.0
5610,600175,退市美都,,,,,,,,,,0.21,,0.0,,,,,,,0.0,0.0
5611,600146,退市环球,,,,,,,,,,0.22,,0.0,,,,,,,0.0,0.0
5612,600145,退市新亿,,,,,,,,,,0.34,,0.0,,,,,,,0.0,0.0
5613,600139,*ST西源,,,,,,,,,,0.74,,0.0,,,,,,,0.0,0.0
5614,600122,*ST宏图,,,,,,,,,,0.38,,0.0,,,,,,,0.0,0.0
5615,600112,*ST天成,,,,,,,,,,0.73,,0.0,,,,,,,0.0,0.0
5616,600102,莱钢股份,,,,,,,,,,7.13,,0.0,,,,,,,0.0,0.0
5617,600093,退市易见,,,,,,,,,,0.5,,0.0,,,,,,,0.0,0.0
5618,600092,S*ST精密,,,,,,,,,,0.96,,0.0,,,,,,,0.0,0.0
5619,600091,退市明科,,,,,,,,,,0.76,,0.0,,,,,,,0.0,0.0
5620,600090,退市济堂,,,,,,,,,,0.27,,0.0,,,,,,,0.0,0.0
5621,600087,退市长油,,,,,,,,,,0.83,,0.0,,,,,,,0.0,0.0
5622,600086,退市金钰,,,,,,,,,,0.16,,0.0,,,,,,,0.0,0.0
5623,600083,*ST博信,,,,,,,,,,0.92,,0.0,,,,,,,0.0,0.0
5624,600077,*ST宋都,,,,,,,,,,0.41,,0.0,,,,,,,0.0,0.0
5625,600074,退市保千,,,,,,,,,,0.17,,0.0,,,,,,,0.0,0.0
5626,600070,*ST富润,,,,,,,,,,0.42,,0.0,,,,,,,0.0,0.0
5627,600069,退市银鸽,,,,,,,,,,0.28,,0.0,,,,,,,0.0,0.0
5628,600068,葛洲坝,,,,,,,,,,9.93,,0.0,,,,,,,0.0,0.0
5629,600065,*ST联谊,,,,,,,,,,1.7,,0.0,,,,,,,0.0,0.0
5630,600005,武钢股份,,,,,,,,,,3.71,,0.0,,,,,,,0.0,0.0
5631,600003,ST东北高,,,,,,,,,,3.87,,0.0,,,,,,,0.0,0.0
5632,600002,齐鲁石化,,,,,,,,,,10.09,,0.0,,,,,,,0.0,0.0
5633,600001,邯郸钢铁,,,,,,,,,,5.29,,0.0,,,,,,,0.0,0.0
5634,301683,慧谷新材,,,,,,,,,,,,0.0,,,,,,,,
5635,301682,宏明电子,,,,,,,,,,69.66,,0.0,19.92,2.25,6350346174.0,,,,0.0,0.0
5636,300799,左江退,,,,,,,,,,1.08,,0.0,,,,,,,0.0,0.0
5637,300742,越博退,,,,,,,,,,0.18,,0.0,,,,,,,0.0,0.0
5638,300630,普利退,,,,,,,,,,0.89,,0.0,,,,,,,0.0,0.0
5639,300526,中潜退,,,,,,,,,,0.56,,0.0,,,,,,,0.0,0.0
5640,300495,*ST美尚,,,,,,,,,,0.13,,0.0,,,,,,,0.0,0.0
5641,300431,暴风退,,,,,,,,,,0.28,,0.0,,,,,,,0.0,0.0
5642,300392,腾信退,,,,,,,,,,0.21,,0.0,,,,,,,0.0,0.0
5643,300391,*ST长药,,,,,,,,,,0.92,,0.0,-1.15,-0.5,322309223.0,322309223.0,,,-55.98,5.75
5644,300379,东通退,,,,,,,,,,1.72,,0.0,,,,,,,-43.05,38.71
5645,300372,欣泰退,,,,,,,,,,1.48,,0.0,,,,,,,0.0,0.0
5646,300367,网力退,,,,,,,,,,0.29,,0.0,,,,,,,0.0,0.0
5647,300362,天翔退,,,,,,,,,,1.34,,0.0,,,,,,,0.0,0.0
5648,300356,光一退,,,,,,,,,,1.69,,0.0,,,,,,,0.0,0.0
5649,300344,*ST立方,,,,,,,,,,1.87,,0.0,-14.47,5.31,1199990998.0,1196789090.0,,,5.65,83.33
5650,300336,新文退,,,,,,,,,,0.25,,0.0,,,,,,,0.0,0.0
5651,300330,计通退,,,,,,,,,,2.45,,0.0,,,,,,,0.0,0.0
5652,300325,德威退,,,,,,,,,,0.25,,0.0,,,,,,,0.0,0.0
5653,300312,邦讯退,,,,,,,,,,0.3,,0.0,,,,,,,0.0,0.0
5654,300309,吉艾退,,,,,,,,,,0.23,,0.0,,,,,,,0.0,0.0
5655,300297,蓝盾退,,,,,,,,,,0.23,,0.0,,,,,,,0.0,0.0
5656,300282,三盛退,,,,,,,,,,0.13,,0.0,,,,,,,0.0,0.0
5657,300280,紫天退,,,,,,,,,,0.33,,0.0,,,,,,,0.0,0.0
5658,300273,和佳退,,,,,,,,,,0.38,,0.0,,,,,,,0.0,0.0
5659,300262,*ST巴安,,,,,,,,,,0.68,,0.0,,,,,,,0.0,0.0
5660,300216,千山退,,,,,,,,,,0.19,,0.0,,,,,,,0.0,0.0
5661,300208,中程退,,,,,,,,,,0.28,,0.0,,,,,,,0.0,0.0
5662,300202,聚龙退,,,,,,,,,,0.5,,0.0,,,,,,,0.0,0.0
5663,300186,大华农,,,,,,,,,,45.72,,0.0,,,,,,,0.0,0.0
5664,300178,腾邦退,,,,,,,,,,0.2,,0.0,,,,,,,0.0,0.0
5665,300156,神雾退,,,,,,,,,,0.12,,0.0,,,,,,,0.0,0.0
5666,300117,*ST嘉寓,,,,,,,,,,0.43,,0.0,,,,,,,0.0,0.0
5667,300116,*ST保力,,,,,,,,,,0.11,,0.0,,,,,,,0.0,0.0
5668,300108,*ST吉药,,,,,,,,,,0.21,,0.0,,,,,,,0.0,0.0
5669,300104,乐视退,,,,,,,,,,0.18,,0.0,,,,,,,0.0,0.0
5670,300090,盛运退,,,,,,,,,,0.12,,0.0,,,,,,,0.0,0.0
5671,300089,文化退,,,,,,,,,,0.19,,0.0,,,,,,,0.0,0.0
5672,300064,金刚退,,,,,,,,,,1.32,,0.0,,,,,,,0.0,0.0
5673,300038,数知退,,,,,,,,,,0.3,,0.0,,,,,,,0.0,0.0
5674,300028,金亚退,,,,,,,,,,0.3,,0.0,,,,,,,0.0,0.0
5675,300023,宝德退,,,,,,,,,,1.09,,0.0,,,,,,,0.0,0.0
5676,002859,洁美科技,,,,,,,,,,42.62,,0.0,78.3,6.27,18366548237.0,17287104550.0,,,46.31,54.42
5677,002781,奇信退,,,,,,,,,,0.42,,0.0,,,,,,,0.0,0.0
5678,002776,*ST柏龙,,,,,,,,,,0.4,,0.0,,,,,,,0.0,0.0
5679,002770,科迪退,,,,,,,,,,0.6,,0.0,,,,,,,0.0,0.0
5680,002751,易尚退,,,,,,,,,,0.86,,0.0,,,,,,,0.0,0.0
5681,002750,龙津退,,,,,,,,,,0.59,,0.0,,,,,,,0.0,0.0
5682,002740,*ST爱迪,,,,,,,,,,0.38,,0.0,,,,,,,0.0,0.0
5683,002711,欧浦退,,,,,,,,,,0.32,,0.0,,,,,,,0.0,0.0
5684,002699,*ST美盛,,,,,,,,,,0.41,,0.0,,,,,,,0.0,0.0
5685,002684,猛狮退,,,,,,,,,,0.69,,0.0,,,,,,,0.0,0.0
5686,002680,长生退,,,,,,,,,,0.77,,0.0,,,,,,,0.0,0.0
5687,002665,ST航高,,,,,,,,,,0.37,,0.0,,,,,,,0.0,0.0
5688,002621,*ST美吉,,,,,,,,,,0.37,,0.0,,,,,,,0.0,0.0
5689,002619,*ST艾格,,,,,,,,,,0.56,,0.0,,,,,,,0.0,0.0
5690,002618,丹邦退,,,,,,,,,,1.26,,0.0,,,,,,,0.0,0.0
5691,002610,ST爱康,,,,,,,,,,0.37,,0.0,,,,,,,0.0,0.0
5692,002604,龙力退,,,,,,,,,,0.25,,0.0,,,,,,,0.0,0.0
5693,002509,天茂退,,,,,,,,,,0.15,,0.0,,,,,,,0.0,0.0
5694,002505,鹏都农牧,,,,,,,,,,0.36,,0.0,,,,,,,0.0,0.0
5695,002504,*ST弘高,,,,,,,,,,0.38,,0.0,,,,,,,0.0,0.0
5696,002503,*ST搜特,,,,,,,,,,0.42,,0.0,,,,,,,0.0,0.0
5697,002502,ST鼎龙,,,,,,,,,,0.64,,0.0,,,,,,,0.0,0.0
5698,002499,科林退,,,,,,,,,,0.86,,0.0,,,,,,,0.0,0.0
5699,002477,雏鹰退,,,,,,,,,,0.17,,0.0,,,,,,,0.0,0.0
5700,002473,圣莱退,,,,,,,,,,0.79,,0.0,,,,,,,0.0,0.0
5701,002464,众应退,,,,,,,,,,0.26,,0.0,,,,,,,0.0,0.0
5702,002450,康得退,,,,,,,,,,0.2,,0.0,,,,,,,0.0,0.0
5703,002447,晨鑫退,,,,,,,,,,0.19,,0.0,,,,,,,0.0,0.0
5704,002435,ST长康,,,,,,,,,,0.37,,0.0,,,,,,,0.0,0.0
5705,002433,太安退,,,,,,,,,,0.27,,0.0,,,,,,,0.0,0.0
5706,002417,深南退,,,,,,,,,,0.45,,0.0,,,,,,,0.0,0.0
5707,002411,必康退,,,,,,,,,,0.62,,0.0,,,,,,,0.0,0.0
5708,002359,北讯退,,,,,,,,,,0.35,,0.0,,,,,,,0.0,0.0
5709,002341,ST新纶,,,,,,,,,,0.61,,0.0,,,,,,,0.0,0.0
5710,002336,人乐退,,,,,,,,,,0.36,,0.0,,,,,,,0.0,0.0
5711,002325,*ST洪涛,,,,,,,,,,0.38,,0.0,,,,,,,0.0,0.0
5712,002308,*ST威创,,,,,,,,,,0.37,,0.0,,,,,,,0.0,0.0
5713,002288,*ST超华,,,,,,,,,,0.37,,0.0,,,,,,,0.0,0.0
5714,002280,ST联络,,,,,,,,,,0.37,,0.0,,,,,,,0.0,0.0
5715,002260,德奥退,,,,,,,,,,0.53,,0.0,,,,,,,0.0,0.0
5716,002231,*ST奥维,,,,,,,,,,0.6,,0.0,-0.83,2.54,208110010.0,184695430.0,,,-76.47,-57.14
5717,002220,天宝退,,,,,,,,,,0.26,,0.0,,,,,,,0.0,0.0
5718,002147,新光退,,,,,,,,,,0.37,,0.0,,,,,,,0.0,0.0
5719,002143,印纪退,,,,,,,,,,0.25,,0.0,,,,,,,0.0,0.0
5720,002118,*ST紫鑫,,,,,,,,,,0.37,,0.0,,,,,,,0.0,0.0
5721,002113,*ST天润,,,,,,,,,,0.41,,0.0,,,,,,,0.0,0.0
5722,002089,新海退,,,,,,,,,,0.24,,0.0,,,,,,,0.0,0.0
5723,002087,新纺退,,,,,,,,,,0.16,,0.0,,,,,,,0.0,0.0
5724,002071,长城退,,,,,,,,,,0.31,,0.0,,,,,,,0.0,0.0
5725,002070,众和退,,,,,,,,,,0.71,,0.0,,,,,,,0.0,0.0
5726,002018,华信退,,,,,,,,,,0.26,,0.0,,,,,,,0.0,0.0
5727,002013,中航机电,,,,,,,,,,10.78,,0.0,,,,,,,0.0,0.0
5728,002002,ST鸿达,,,,,,,,,,0.58,,0.0,,,,,,,0.0,0.0
5729,001257,盛龙股份,,,,,,,,,,,,0.0,,,,,,,,
5730,000996,中期退,,,,,,,,,,0.38,,0.0,,,,,,,0.0,0.0
5731,000982,中银绒业,,,,,,,,,,0.18,,0.0,,,,,,,0.0,0.0
5732,000979,中弘退,,,,,,,,,,0.22,,0.0,,,,,,,0.0,0.0
5733,000976,*ST华铁,,,,,,,,,,0.41,,0.0,,,,,,,0.0,0.0
5734,000971,*ST高升,,,,,,,,,,0.55,,0.0,,,,,,,0.0,0.0
5735,000961,ST中南,,,,,,,,,,0.56,,0.0,,,,,,,0.0,0.0
5736,000956,中原油气,,,,,,,,,,11.91,,0.0,,,,,,,0.0,0.0
5737,000939,凯迪退,,,,,,,,,,0.15,,0.0,,,,,,,0.0,0.0
5738,000918,*ST嘉凯,,,,,,,,,,0.49,,0.0,,,,,,,0.0,0.0
5739,000916,华北高速,,,,,,,,,,8.82,,0.0,,,,,,,0.0,0.0
5740,000866,扬子石化,,,,,,,,,,13.84,,0.0,,,,,,,0.0,0.0
5741,000861,海印股份,,,,,,,,,,0.62,,0.0,,,,,,,0.0,0.0
5742,000851,*ST高鸿,,,,,,,,,,0.38,,0.0,,,,,,,0.0,0.0
5743,000836,ST富通,,,,,,,,,,0.37,,0.0,,,,,,,0.0,0.0
5744,000835,长动退,,,,,,,,,,0.35,,0.0,,,,,,,0.0,0.0
5745,000832,*ST龙涤,,,,,,,,,,1.45,,0.0,,,,,,,0.0,0.0
5746,000827,*ST长兴,,,,,,,,,,1.16,,0.0,,,,,,,0.0,0.0
5747,000817,辽河油田,,,,,,,,,,8.75,,0.0,,,,,,,0.0,0.0
5748,000806,银河退,,,,,,,,,,0.43,,0.0,,,,,,,0.0,0.0
5749,000805,*ST炎黄,,,,,,,,,,1.88,,0.0,,,,,,,0.0,0.0
5750,000787,*ST创智,,,,,,,,,,4.68,,0.0,,,,,,,0.0,0.0
5751,000780,ST平能,,,,,,,,,,10.95,,0.0,,,,,,,0.0,0.0
5752,000769,*ST大菲,,,,,,,,,,0.9,,0.0,,,,,,,0.0,0.0
5753,000765,*ST华信,,,,,,,,,,2.36,,0.0,,,,,,,0.0,0.0
5754,000763,锦州石化,,,,,,,,,,4.22,,0.0,,,,,,,0.0,0.0
5755,000760,斯太退,,,,,,,,,,0.26,,0.0,,,,,,,0.0,0.0
5756,000748,长城信息,,,,,,,,,,20.31,,0.0,,,,,,,0.0,0.0
5757,000732,ST泰禾,,,,,,,,,,0.43,,0.0,,,,,,,0.0,0.0
5758,000730,*ST环保,,,,,,,,,,2.6,,0.0,,,,,,,0.0,0.0
5759,000711,ST京蓝,,,,,,,,,,4.65,,0.0,-97.0,22.93,13564507011.0,10908229344.0,,,170.35,171.93
5760,000699,S*ST佳纸,,,,,,,,,,0.81,,0.0,,,,,,,0.0,0.0
5761,000693,华泽退,,,,,,,,,,0.37,,0.0,,,,,,,0.0,0.0
5762,000689,ST宏业,,,,,,,,,,4.88,,0.0,,,,,,,0.0,0.0
5763,000687,华讯退,,,,,,,,,,0.29,,0.0,,,,,,,0.0,0.0
5764,000675,ST银山,,,,,,,,,,7.94,,0.0,,,,,,,0.0,0.0
5765,000673,当代退,,,,,,,,,,0.25,,0.0,,,,,,,0.0,0.0
5766,000671,ST阳光城,,,,,,,,,,0.37,,0.0,,,,,,,0.0,0.0
5767,000667,ST美置,,,,,,,,,,0.58,,0.0,,,,,,,0.0,0.0
5768,000666,经纬纺机,,,,,,,,,,8.97,,0.0,,,,,,,0.0,0.0
5769,000662,天夏退,,,,,,,,,,0.25,,0.0,,,,,,,0.0,0.0
5770,000660,*ST南华,,,,,,,,,,2.38,,0.0,,,,,,,0.0,0.0
5771,000658,ST海洋,,,,,,,,,,4.24,,0.0,,,,,,,0.0,0.0
5772,000653,ST九州,,,,,,,,,,2.51,,0.0,,,,,,,0.0,0.0
5773,000627,*ST天茂,,,,,,,,,,1.58,,0.0,,,,,,,0.0,0.0
5774,000622,恒立退,,,,,,,,,,0.15,,0.0,,,,,,,0.0,0.0
5775,000621,*ST比特,,,,,,,,,,2.66,,0.0,,,,,,,0.0,0.0
5776,000618,吉林化工,,,,,,,,,,5.24,,0.0,,,,,,,0.0,0.0
5777,000616,*ST海投,,,,,,,,,,0.85,,0.0,,,,,,,0.0,0.0
5778,000613,东海A退,,,,,,,,,,0.58,,0.0,,,,,,,0.0,0.0
5779,000611,天首退,,,,,,,,,,1.39,,0.0,,,,,,,0.0,0.0
5780,000606,顺利退,,,,,,,,,,0.28,,0.0,,,,,,,0.0,0.0
5781,000602,金马集团,,,,,,,,,,13.41,,0.0,,,,,,,0.0,0.0
5782,000594,国恒退,,,,,,,,,,1.29,,0.0,,,,,,,0.0,0.0
5783,000588,PT粤金曼,,,,,,,,,,4.37,,0.0,,,,,,,0.0,0.0
5784,000587,*ST金洲,,,,,,,,,,0.72,,0.0,,,,,,,0.0,0.0
5785,000585,东电退,,,,,,,,,,0.35,,0.0,,,,,,,0.0,0.0
5786,000584,工智退,,,,,,,,,,0.29,,0.0,,,,,,,0.0,0.0
5787,000583,S*ST托普,,,,,,,,,,0.76,,0.0,,,,,,,0.0,0.0
5788,000578,盐湖集团,,,,,,,,,,24.44,,0.0,,,,,,,0.0,0.0
5789,000569,长城股份,,,,,,,,,,7.05,,0.0,,,,,,,0.0,0.0
5790,000562,宏源证券,,,,,,,,,,30.5,,0.0,,,,,,,0.0,0.0
5791,000556,PT南洋,,,,,,,,,,1.5,,0.0,,,,,,,0.0,0.0
5792,000549,S湘火炬,,,,,,,,,,8.9,,0.0,,,,,,,0.0,0.0
5793,000542,TCL通讯,,,,,,,,,,27.34,,0.0,,,,,,,0.0,0.0
5794,000540,*ST中天,,,,,,,,,,0.4,,0.0,,,,,,,0.0,0.0
5795,000535,*ST猴王,,,,,,,,,,0.5,,0.0,,,,,,,0.0,0.0
5796,000527,美的电器,,,,,,,,,,14.02,,0.0,,,,,,,0.0,0.0
5797,000522,白云山A,,,,,,,,,,23.27,,0.0,,,,,,,0.0,0.0
5798,000515,攀渝钛业,,,,,,,,,,15.29,,0.0,,,,,,,0.0,0.0
5799,000511,烯碳退,,,,,,,,,,0.61,,0.0,,,,,,,0.0,0.0
5800,000508,琼民源A,,,,,,,,,,,,0.0,,,,,,,,
5801,000502,绿景退,,,,,,,,,,0.59,,0.0,,,,,,,0.0,0.0
5802,000418,小天鹅A,,,,,,,,,,57.39,,0.0,,,,,,,0.0,0.0
5803,000416,*ST民控,,,,,,,,,,0.45,,0.0,,,,,,,0.0,0.0
5804,000413,ST旭电,,,,,,,,,,0.37,,0.0,,,,,,,0.0,0.0
5805,000412,ST五环,,,,,,,,,,2.89,,0.0,,,,,,,0.0,0.0
5806,000406,石油大明,,,,,,,,,,10.12,,0.0,,,,,,,0.0,0.0
5807,000405,ST鑫光,,,,,,,,,,2.86,,0.0,,,,,,,0.0,0.0
5808,000150,*ST宜康,,,,,,,,,,0.51,,0.0,,,,,,,0.0,0.0
5809,000047,ST中侨,,,,,,,,,,8.03,,0.0,,,,,,,0.0,0.0
5810,000046,*ST泛海,,,,,,,,,,0.38,,0.0,,,,,,,0.0,0.0
5811,000040,*ST旭蓝,,,,,,,,,,0.49,,0.0,,,,,,,0.0,0.0
5812,000038,大通退,,,,,,,,,,0.52,,0.0,,,,,,,0.0,0.0
5813,000033,新都退,,,,,,,,,,1.7,,0.0,,,,,,,0.0,0.0
5814,000024,招商地产,,,,,,,,,,40.5,,0.0,,,,,,,0.0,0.0
5815,000023,*ST深天,,,,,,,,,,1.72,,0.0,,,,,,,0.0,0.0
5816,000018,神城A退,,,,,,,,,,0.27,,0.0,,,,,,,0.0,0.0
5817,000015,PT中浩A,,,,,,,,,,6.85,,0.0,,,,,,,0.0,0.0
5818,000013,*ST石化A,,,,,,,,,,2.47,,0.0,,,,,,,0.0,0.0
5819,000005,ST星源,,,,,,,,,,0.83,,0.0,,,,,,,0.0,0.0
5820,000003,PT金田A,,,,,,,,,,2.71,,0.0,,,,,,,0.0,0.0
