序号,代码,名称,最新价,涨跌幅,涨跌额,成交量,成交额,振幅,最高,最低,今开,昨收,量比,换手率,市盈率-动态,市净率,总市值,流通市值,涨速,5分钟涨跌,60日涨跌幅,年初至今涨跌幅
1,301181,标榜股份,53.35,20.0,8.89,88381.0,435577110.36,22.87,53.35,43.18,43.97,44.46,5.11,9.8,51.11,4.3,6164110910.0,4811168247.0,0.0,0.0,23.35,20.76
2,300489,光智科技,61.44,20.0,10.24,214152.0,1265733739.82,21.66,61.44,50.35,51.0,51.2,2.67,15.45,-257.53,13.37,8549857382.0,8518562673.0,0.0,0.0,18.43,20.94
3,688693,锴威特,78.5,17.3,11.58,102529.0,758412134.0,22.16,79.56,64.73,65.11,66.92,1.57,26.35,-63.71,7.28,5784210564.0,3053996499.0,-0.25,0.49,105.77,109.67
4,300843,胜蓝股份,69.61,14.43,8.78,172256.0,1156856777.85,20.01,71.77,59.6,60.01,60.83,2.09,10.73,101.84,7.15,11395573407.0,11172515541.0,0.06,0.16,39.58,35.01
5,300461,田中精机,74.55,13.82,9.05,143277.0,1037442481.0,19.73,77.39,64.47,65.36,65.5,1.32,9.97,1860.01,22.02,11708576389.0,10713077809.0,0.07,-0.01,283.29,290.72
6,300548,长芯博创,231.86,12.34,25.47,314150.0,6993638027.43,15.94,233.0,200.11,200.11,206.39,1.15,11.67,201.89,34.41,67604052714.0,62435313664.0,-0.06,-0.04,72.82,63.28
7,300854,中兰环保,33.79,11.01,3.35,86441.0,274153911.24,14.36,33.86,29.49,30.44,30.44,1.91,10.63,-122.92,3.53,3381323063.0,2748508166.0,0.09,0.18,99.59,100.65
8,002107,沃华医药,7.65,10.07,0.7,531223.0,399872583.39,11.51,7.65,6.85,6.92,6.95,1.76,9.3,30.12,6.53,4415653440.0,4371164222.0,0.0,0.0,14.86,25.62
9,002328,新朋股份,9.19,10.06,0.84,913082.0,815494162.81,11.26,9.19,8.25,8.3,8.35,1.16,16.0,37.54,2.13,7092566300.0,5245577524.0,0.0,0.0,31.1,39.03
10,600743,华远控股,2.41,10.05,0.22,1885965.0,425000375.0,14.61,2.41,2.09,2.2,2.19,4.02,8.04,-116.18,8.93,5654103106.0,5654103106.0,0.0,0.0,20.5,20.5
11,000889,中嘉博创,3.95,10.03,0.36,1186611.0,453154092.22,11.42,3.95,3.54,3.66,3.59,5.35,13.64,-94.54,52.11,3698349908.0,3435906220.0,0.0,0.0,9.12,9.72
12,002645,华宏科技,21.29,10.03,1.94,443489.0,908460872.36,10.65,21.29,19.23,19.5,19.35,0.91,7.93,50.99,3.35,13361611664.0,11899567561.0,0.0,0.0,40.07,45.42
13,000078,海王生物,3.84,10.03,0.35,3051348.0,1150325432.1,12.32,3.84,3.41,3.46,3.49,1.02,11.62,294.82,5.54,10103513307.0,10085533970.0,0.0,0.0,7.26,10.98
14,605189,富春染织,16.02,10.03,1.46,88756.0,142117965.0,0.82,16.02,15.9,16.02,14.56,2.14,4.57,40.52,1.68,3109124530.0,3109124530.0,0.0,0.0,1.33,2.23
15,002962,五方光电,15.37,10.02,1.4,161794.0,245213584.48,9.81,15.37,14.0,14.16,13.97,4.4,7.73,92.59,2.53,4482896460.0,3215158157.0,0.0,0.0,4.56,3.71
16,600629,华建集团,22.18,10.02,2.02,302055.0,659007775.0,8.28,22.18,20.51,20.7,20.16,2.08,3.17,300.47,4.09,21522111457.0,21140136169.0,0.0,0.0,0.91,2.21
17,002342,巨力索具,15.59,10.02,1.42,2726427.0,4158828044.98,7.69,15.59,14.5,14.5,14.17,1.49,28.56,858.34,6.13,14966400000.0,14883617100.0,0.0,0.0,68.0,69.46
18,002213,大为股份,32.51,10.02,2.96,650266.0,2082697509.3,7.95,32.51,30.16,30.16,29.55,2.97,31.48,-494.22,14.18,7720634749.0,6715170801.0,0.0,0.0,14.88,25.13
19,605056,咸亨国际,29.32,10.02,2.67,183023.0,518823980.0,10.66,29.32,26.48,26.65,26.65,1.38,4.54,70.22,7.17,12003408624.0,11827488624.0,0.0,0.0,75.46,78.56
20,603958,哈森股份,22.28,10.02,2.03,128919.0,277251318.0,11.41,22.28,19.97,20.1,20.25,1.6,5.88,-198.41,7.1,4887340800.0,4887340800.0,0.0,0.0,66.39,67.52
21,603773,沃格光电,39.22,10.01,3.57,225722.0,866398925.0,8.78,39.22,36.09,36.22,35.65,2.79,10.05,-98.75,7.55,8814170746.0,8811111586.0,0.0,0.0,10.79,10.85
22,601811,新华文轩,15.93,10.01,1.45,256561.0,390035642.0,9.88,15.93,14.5,15.0,14.48,5.36,3.24,12.53,1.29,19655087130.0,12615029127.0,0.0,0.0,16.36,18.7
23,002824,和胜股份,22.97,10.01,2.09,276352.0,620204180.83,11.21,22.97,20.63,20.8,20.88,2.17,12.56,53.46,3.16,7147777909.0,5053426186.0,0.0,0.0,19.45,18.4
24,000070,特发信息,20.88,10.01,1.9,1862159.0,3590593320.53,14.65,20.88,18.1,18.67,18.98,1.14,20.95,1763.28,12.47,18799198589.0,18555614430.0,0.0,0.0,74.73,77.85
25,002580,圣阳股份,17.25,10.01,1.57,1136714.0,1824513315.28,14.22,17.25,15.02,15.5,15.68,0.92,25.13,36.67,3.36,7829240129.0,7802844300.0,0.0,0.0,34.03,38.67
26,601869,长飞光纤,398.31,10.0,36.21,214583.0,8098605833.0,12.51,398.31,353.0,354.86,362.1,1.13,5.28,405.24,23.89,329762883567.0,161848613849.0,0.0,0.0,249.64,242.31
27,002636,金安国纪,37.19,10.0,3.38,629186.0,2294791919.97,10.26,37.19,33.72,33.85,33.81,1.3,8.69,117.42,7.77,27074320000.0,26937290358.0,0.0,0.0,118.89,122.56
28,002718,友邦吊顶,76.11,10.0,6.92,24701.0,181571931.8,11.72,76.11,68.0,68.85,69.19,0.73,2.63,796.44,10.72,9852274265.0,7152880515.0,0.0,0.0,75.05,111.77
29,002384,东山精密,131.9,10.0,11.99,936590.0,12250396662.58,4.83,131.9,126.11,128.0,119.91,1.91,6.76,181.76,11.38,241589033471.0,182855835264.0,0.0,0.0,61.86,55.82
30,603507,振江股份,46.21,10.0,4.2,177322.0,786937687.0,10.26,46.21,41.9,42.0,42.01,1.32,9.76,76.45,3.39,8516563396.0,8399698306.0,0.0,0.0,58.8,75.64
31,603950,长源东谷,44.88,10.0,4.08,7473.0,33538824.0,0.0,44.88,44.88,44.88,40.8,0.1,0.23,37.4,4.83,14546990304.0,14523473184.0,0.0,0.0,54.23,55.03
32,600594,益佰制药,5.06,10.0,0.46,761850.0,377500878.0,9.78,5.06,4.61,4.61,4.6,0.47,9.62,-34.72,1.67,4007152644.0,4007152644.0,0.0,0.0,21.63,27.14
33,002536,飞龙股份,33.56,10.0,3.05,667560.0,2170087970.4,8.55,33.56,30.95,30.95,30.51,2.85,12.26,60.87,5.52,19289814401.0,18270100077.0,0.0,0.0,13.15,13.0
34,002281,光迅科技,108.09,10.0,9.83,891018.0,9380866707.99,12.21,108.09,96.09,96.13,98.26,1.46,11.43,90.96,8.92,87193582034.0,84253707734.0,0.0,0.0,55.57,54.52
35,603306,华懋科技,97.06,10.0,8.82,219418.0,2059489182.0,9.98,97.06,88.25,89.2,88.24,1.81,6.66,139.05,10.31,31980769656.0,31980769656.0,0.0,0.0,54.09,54.04
36,603929,亚翔集成,198.99,10.0,18.09,60091.0,1145013453.0,12.65,198.99,176.1,177.29,180.9,1.55,2.82,47.59,18.43,42456506400.0,42456506400.0,0.0,0.0,72.2,108.37
37,002975,博杰股份,86.9,10.0,7.9,114849.0,982113708.8,6.51,86.9,81.76,83.21,79.0,2.61,10.85,95.2,6.09,13930295332.0,9199145362.0,0.0,0.0,8.1,12.99
38,002947,恒铭达,65.34,10.0,5.94,309215.0,1984812056.38,12.34,65.34,58.01,58.5,59.4,2.8,16.05,31.47,5.37,16740718014.0,12586675112.0,0.0,0.0,28.29,25.61
39,600337,美克家居,2.86,10.0,0.26,1413879.0,401302603.0,3.46,2.86,2.77,2.8,2.6,5.23,9.84,-14.01,1.64,4109814672.0,4109814672.0,0.0,0.0,-18.98,-2.05
40,603216,梦天家居,36.52,10.0,3.32,58641.0,205955553.0,12.11,36.52,32.5,33.33,33.2,3.08,2.63,108.33,4.54,8132638800.0,8132638800.0,0.0,0.0,-15.7,-22.3
41,002150,正泰电源,32.78,10.0,2.98,402642.0,1254120325.8,12.65,32.78,29.01,29.5,29.8,1.73,11.23,64.89,5.88,11829279362.0,11753104379.0,0.0,0.0,62.44,63.08
42,605318,法狮龙,93.17,10.0,8.47,77726.0,708398197.0,7.27,93.17,87.01,87.01,84.7,2.96,6.18,-6097.86,18.13,11714173539.0,11714173539.0,0.0,0.0,46.68,42.96
43,002025,航天电器,78.22,10.0,7.11,268439.0,2045586295.04,11.01,78.22,70.39,70.39,71.11,0.92,5.91,194.83,5.39,35623420781.0,35501813008.0,0.0,0.0,37.59,56.03
44,600707,彩虹股份,6.38,10.0,0.58,469681.0,297063846.0,5.69,6.38,6.05,6.05,5.8,2.8,1.31,45.26,1.05,22893926490.0,22889332890.0,0.0,0.0,-9.5,-1.69
45,002635,安洁科技,15.75,9.99,1.43,367508.0,556980716.93,11.94,15.75,14.04,14.12,14.32,2.1,9.29,93.43,1.78,10390066722.0,6229646467.0,0.0,0.0,12.18,13.64
46,603757,大元泵业,54.16,9.99,4.92,291444.0,1495413250.0,12.33,54.16,48.09,48.88,49.24,1.84,15.62,69.82,4.79,10103399547.0,10103399547.0,0.0,0.0,20.54,22.01
47,600619,海立股份,18.38,9.99,1.67,491227.0,875522597.0,11.73,18.38,16.42,16.5,16.71,2.96,6.22,274.68,3.22,19728070182.0,14505032787.0,0.0,0.0,-14.27,-12.89
48,603121,华培动力,21.57,9.99,1.96,120597.0,249728836.0,11.17,21.57,19.38,19.56,19.61,0.99,3.56,199.03,6.13,7302172233.0,7302172233.0,0.0,0.0,3.01,1.94
49,002039,黔源电力,21.25,9.99,1.93,307096.0,632817567.12,8.9,21.25,19.53,19.53,19.32,1.99,7.18,15.14,2.05,9085610178.0,9085584678.0,0.0,0.0,16.76,16.95
50,600330,天通股份,19.7,9.99,1.79,1004147.0,1881494933.0,11.56,19.7,17.63,17.63,17.91,0.77,8.14,317.95,3.03,24298657995.0,24298657995.0,0.0,0.0,55.85,50.04
51,600345,长江通信,49.42,9.99,4.49,240379.0,1141503376.0,11.4,49.42,44.3,44.3,44.93,1.2,11.36,734.38,4.63,16289431563.0,10455260458.0,0.0,0.0,42.05,42.59
52,002843,泰嘉股份,25.0,9.99,2.27,247557.0,600180818.84,10.12,25.0,22.7,22.81,22.73,1.35,9.87,81.53,4.45,6293439050.0,6269814050.0,0.0,0.0,23.33,24.75
53,002364,中恒电气,31.93,9.99,2.9,74470.0,237783348.6,0.0,31.93,31.93,31.93,29.03,0.24,1.33,185.96,7.44,17994629173.0,17820253057.0,0.0,0.0,16.11,20.76
54,603777,来伊份,15.43,9.98,1.4,88621.0,136742234.0,0.0,15.43,15.43,15.43,14.03,0.93,2.65,-30.88,3.26,5160164881.0,5160164881.0,0.0,0.0,11.49,12.38
55,603863,松炀资源,20.6,9.98,1.87,133782.0,269164361.0,10.41,20.6,18.65,18.67,18.73,0.9,6.54,-36.45,11.58,4215790000.0,4215790000.0,0.0,0.0,4.89,3.26
56,601133,柏诚股份,24.68,9.98,2.24,387876.0,922303890.0,13.06,24.68,21.75,22.44,22.44,1.08,25.96,73.51,4.45,13031494704.0,3686864842.0,0.0,0.0,42.33,60.26
57,000586,汇源通信,25.12,9.98,2.28,535423.0,1336684862.13,3.81,25.12,24.25,25.0,22.84,8.76,27.68,246.85,14.35,4859212800.0,4859212800.0,0.0,0.0,89.87,85.66
58,603808,歌力思,11.36,9.97,1.03,158198.0,171091642.0,11.13,11.36,10.21,10.26,10.33,1.7,4.29,27.7,1.61,4192895094.0,4192895094.0,0.0,0.0,33.02,33.33
59,300547,川环科技,41.41,9.96,3.75,415726.0,1687481137.76,15.72,42.83,36.91,36.91,37.66,2.17,23.33,49.17,7.03,8982084665.0,7380239152.0,0.07,0.41,5.94,5.1
60,000990,诚志股份,11.04,9.96,1.0,1326063.0,1419485581.43,9.76,11.04,10.06,10.18,10.04,2.41,10.91,97.14,0.75,13416222386.0,13416212450.0,0.0,0.0,36.63,39.39
61,301123,奕东电子,65.2,9.75,5.79,283041.0,1855146498.1,16.45,69.67,59.9,60.17,59.41,3.65,12.12,400.04,5.26,15298528000.0,15230720000.0,0.0,-0.08,-9.82,-11.36
62,300679,电连技术,44.07,9.74,3.91,657627.0,2859351003.3,10.03,45.0,40.97,41.0,40.16,4.7,18.3,37.67,3.72,18721817400.0,15840580074.0,-0.05,0.14,-14.04,-9.47
63,603061,金海通,315.18,9.63,27.68,43096.0,1295008588.0,14.83,316.25,273.6,276.55,287.5,2.21,7.18,107.13,11.71,18910800000.0,18910800000.0,0.69,0.58,85.53,124.49
64,605178,时空科技,79.1,9.59,6.92,81114.0,634356463.0,11.5,79.4,71.1,71.8,72.18,2.84,8.19,-50.6,6.41,7837228000.0,7837228000.0,-0.25,-0.38,41.6,52.73
65,301197,工大科雅,23.75,9.45,2.05,78130.0,176838946.5,14.47,23.99,20.85,21.58,21.7,2.45,7.18,-99.51,2.23,2862825000.0,2582794688.0,-0.21,0.3,13.53,13.96
66,301511,德福科技,44.99,9.23,3.8,518804.0,2261912325.69,12.55,45.77,40.6,40.85,41.19,1.84,13.85,319.38,6.98,28358186780.0,16854650984.0,-0.09,0.13,21.79,25.71
67,688125,安达智能,271.46,8.98,22.36,25718.0,676689411.0,17.34,280.0,236.8,250.0,249.1,3.21,3.15,-199.38,12.2,22294020600.0,22175495735.0,-0.78,-1.28,91.53,101.01
68,920663,明阳科技,17.35,8.98,1.43,54630.0,96181442.61,19.03,18.79,15.76,15.9,15.92,3.92,8.53,27.14,5.71,2317136049.0,1111727622.0,-0.06,-0.06,-3.88,-4.46
69,601677,明泰铝业,17.66,8.74,1.42,1622567.0,2839290439.0,4.74,17.86,17.09,17.1,16.24,6.21,13.32,11.11,1.15,21960627253.0,21509997033.0,-0.39,-0.56,16.03,19.41
70,300390,天华新能,62.0,8.73,4.98,1109110.0,7003236513.5,9.93,66.56,60.9,65.0,57.02,3.36,16.5,128.07,4.54,51506548856.0,41680590022.0,0.03,-0.11,11.03,13.53
71,688308,欧科亿,98.59,8.46,7.69,124207.0,1199704798.0,13.96,101.8,89.11,89.15,90.9,1.02,7.82,150.78,5.91,15654288592.0,15654288592.0,-0.41,1.0,202.42,211.6
72,603226,菲林格尔,39.92,8.39,3.09,79193.0,308116100.0,10.07,40.15,36.44,36.44,36.83,1.88,2.23,-293.87,15.62,14191231458.0,14191231458.0,0.0,0.23,26.53,26.25
73,301323,新莱福,68.03,8.36,5.25,66708.0,444547178.52,11.4,69.18,62.02,62.16,62.78,2.04,9.86,51.58,3.3,7183198581.0,4603791673.0,-0.1,-0.1,18.95,24.67
74,688313,仕佳光子,106.98,8.27,8.17,592664.0,6133907428.0,16.25,112.64,96.58,96.84,98.81,1.27,13.11,141.53,31.84,48353497369.0,48353497369.0,0.11,-0.53,23.63,20.5
75,688079,美迪凯,15.46,8.26,1.18,239763.0,362616672.0,11.27,15.68,14.07,14.07,14.28,1.97,5.93,-40.64,4.98,6361344412.0,6250559289.0,-0.26,-0.13,32.93,36.57
76,300147,ST香雪,10.78,8.23,0.82,305818.0,320146912.39,13.76,11.19,9.82,9.9,9.96,1.98,4.65,-14.77,10.29,7128588105.0,7086754245.0,0.0,0.09,18.2,18.46
77,301362,民爆光电,136.2,8.1,10.2,75565.0,1004285136.97,11.27,139.8,125.6,125.98,126.0,2.05,25.47,71.21,5.72,14256054000.0,4041054000.0,0.1,0.07,225.14,227.48
78,603334,丰倍生物,56.77,8.03,4.22,41208.0,227946658.0,8.13,57.27,53.0,53.0,52.55,3.14,13.27,57.96,4.8,8146495000.0,1762914462.0,-0.02,0.02,31.72,35.81
79,300077,国民技术,22.34,8.03,1.66,1077899.0,2383205182.48,14.56,23.32,20.31,20.36,20.68,3.62,19.03,-131.26,14.16,15149350478.0,12651765286.0,0.09,0.09,5.93,10.48
80,605005,合兴股份,21.17,8.01,1.57,167924.0,349696632.0,10.97,21.56,19.41,19.63,19.6,4.96,4.19,41.71,4.16,8489170000.0,8489170000.0,-0.05,-0.61,10.15,10.38
81,301070,开勒股份,98.5,8.0,7.3,205691.0,2088857291.69,13.23,107.37,95.3,104.9,91.2,3.83,34.65,308.22,11.3,8887639240.0,5846447800.0,-0.25,-0.12,49.27,60.03
82,688312,燕麦科技,60.78,7.9,4.45,136950.0,820710616.0,16.86,64.4,54.9,55.0,56.33,1.81,9.39,64.5,5.81,8859974508.0,8859974508.0,0.07,-0.03,74.3,83.18
83,600791,京能置业,13.54,7.89,0.99,471733.0,624804845.0,11.31,13.81,12.39,12.5,12.55,1.57,10.43,-17.16,15.54,6131995200.0,6124327444.0,0.15,0.37,191.81,189.32
84,002008,大族激光,76.36,7.85,5.56,664940.0,4969879282.44,10.37,77.88,70.54,71.0,70.8,1.96,6.95,68.3,4.63,78620516235.0,73055446244.0,-0.05,-0.08,79.46,85.38
85,300782,卓胜微,97.53,7.58,6.87,468694.0,4449105499.9,13.57,101.18,88.88,90.03,90.66,2.17,10.46,-194.66,5.27,52173010101.0,43717580626.0,-0.02,0.28,21.07,19.7
86,301053,远信工业,53.78,7.56,3.78,102461.0,542547222.45,6.64,54.32,51.0,51.0,50.0,1.01,12.05,252.13,6.66,4945880819.0,4574699380.0,-0.04,-0.35,52.01,52.35
87,688001,华兴源创,41.9,7.55,2.94,142101.0,575120704.0,10.42,42.41,38.35,38.76,38.96,1.64,3.2,231.2,5.41,18624124422.0,18624124422.0,0.1,0.17,35.73,38.83
88,301265,华新环保,22.02,7.41,1.52,183506.0,395329457.86,12.1,22.68,20.2,21.5,20.5,1.9,10.81,117.53,3.2,6671469468.0,3738933309.0,0.09,-0.05,63.47,58.3
89,600498,烽火通信,54.95,7.22,3.7,1414581.0,7372283477.0,10.3,54.98,49.7,51.2,51.25,1.33,11.12,109.18,4.68,74631303136.0,69875599007.0,0.0,1.89,55.75,71.29
90,920438,戈碧迦,40.85,7.22,2.75,62665.0,252465222.1,10.24,41.5,37.6,38.0,38.1,2.52,4.5,209.51,5.91,5942653750.0,5694246943.0,0.0,0.1,3.39,1.74
91,688268,华特气体,102.1,7.09,6.76,154975.0,1601039107.0,11.14,108.22,97.6,97.6,95.34,1.38,12.92,90.52,6.64,12251630092.0,12243359992.0,-0.08,-0.43,63.49,77.91
92,603112,华翔股份,19.01,7.04,1.25,328831.0,620205807.0,4.56,19.11,18.3,18.56,17.76,5.15,6.47,18.4,2.36,10264666233.0,9656258673.0,0.0,-0.11,9.82,9.44
93,300626,华瑞股份,27.08,6.99,1.77,198911.0,534044853.77,12.29,27.87,24.76,25.44,25.31,1.1,11.06,267.69,9.21,4874400000.0,4871733297.0,-0.59,-0.33,88.58,70.21
94,603158,腾龙股份,13.16,6.99,0.86,874403.0,1134744025.0,7.56,13.43,12.5,12.7,12.3,2.23,17.82,33.92,2.78,6458535148.0,6458535148.0,-0.08,0.3,24.03,24.15
95,688383,新益昌,95.19,6.99,6.22,30491.0,287240229.0,10.35,97.4,88.19,88.19,88.97,1.09,3.0,-72.81,7.83,9675730335.0,9675730335.0,-0.43,-0.21,17.81,21.62
96,688002,睿创微纳,116.01,6.98,7.57,132049.0,1519898623.0,7.27,117.53,109.65,109.65,108.44,2.0,2.84,47.89,8.29,53858553295.0,53858553295.0,0.22,0.16,16.82,15.09
97,301205,联特科技,248.39,6.88,16.0,136483.0,3364268353.83,9.51,253.68,231.58,232.6,232.39,1.36,16.36,295.5,20.32,32227112160.0,20716895917.0,-0.12,0.24,50.71,47.4
98,600218,全柴动力,9.98,6.85,0.64,316189.0,308114946.0,9.96,10.13,9.2,9.24,9.34,4.2,7.26,67.44,1.34,4347287192.0,4347287192.0,0.1,0.1,-5.04,-2.73
99,002273,水晶光电,30.11,6.85,1.93,1496376.0,4455606087.32,8.23,30.55,28.23,28.58,28.18,1.79,10.98,31.94,4.37,41871936174.0,41016198924.0,0.03,0.07,15.14,19.86
100,603182,嘉华股份,17.35,6.83,1.11,245034.0,425802385.0,7.94,17.86,16.57,17.86,16.24,7.5,14.89,26.06,2.61,2854942500.0,2854942500.0,0.41,1.11,10.65,9.67
101,688403,汇成股份,15.99,6.81,1.02,890422.0,1406165101.0,15.1,16.84,14.58,14.7,14.97,2.95,9.56,96.22,3.95,14888331645.0,14888331645.0,0.0,0.0,-3.03,-2.38
102,601069,西部黄金,35.43,6.72,2.23,541621.0,1886253089.0,7.98,35.96,33.31,33.31,33.2,5.09,6.1,68.39,6.82,32276698928.0,31433086535.0,0.0,0.08,24.75,32.8
103,600769,祥龙电业,14.8,6.71,0.93,221264.0,325175292.0,10.45,15.2,13.75,13.92,13.87,2.18,5.9,241.85,46.18,5549662560.0,5549662560.0,0.07,-0.13,11.36,22.92
104,002806,华锋股份,14.34,6.7,0.9,229706.0,322650517.82,11.68,14.78,13.21,13.4,13.44,2.0,13.19,-230.21,2.65,3046951570.0,2496677674.0,-0.49,-0.42,13.18,15.09
105,603588,高能环境,18.45,6.65,1.15,1812508.0,3247340116.0,9.02,18.66,17.1,17.3,17.3,1.9,11.9,11.66,2.74,28103675732.0,28103675732.0,-0.11,0.33,124.45,138.99
106,000573,粤宏远Ａ,4.58,6.51,0.28,680875.0,306164986.3,7.21,4.6,4.29,4.32,4.3,3.69,10.76,29.55,1.78,2923325166.0,2898978871.0,0.22,0.0,11.44,10.9
107,300389,艾比森,19.13,6.4,1.15,207627.0,389533566.82,8.84,19.3,17.71,17.89,17.98,1.39,9.46,28.03,4.31,7060889064.0,4197837539.0,0.0,-0.05,11.29,17.87
108,000795,英洛华,9.6,6.31,0.57,656150.0,632397507.49,11.18,9.93,8.92,9.0,9.03,7.03,5.79,43.54,4.11,10883367389.0,10883351194.0,-0.1,-0.1,-5.14,-3.71
109,301396,宏景科技,203.3,6.3,12.05,160229.0,3175356125.89,12.28,207.5,184.02,188.04,191.25,1.24,21.06,217.71,24.21,31210117305.0,15467282344.0,0.05,0.02,198.44,206.64
110,300696,爱乐达,30.07,6.25,1.77,109719.0,323541655.73,10.0,30.59,27.76,27.96,28.3,2.86,4.13,141.42,4.66,8815110199.0,7995211295.0,0.1,-0.3,-3.71,-5.77
111,002491,通鼎互联,16.14,6.18,0.94,3792356.0,5749294204.46,14.87,16.66,14.4,15.59,15.2,2.18,32.24,-227.43,8.0,19852111230.0,18988207578.0,-0.12,-0.55,162.01,169.0
112,920223,荣亿精密,16.77,6.14,0.97,64453.0,108199414.43,13.86,17.77,15.58,15.69,15.8,4.27,7.9,-139.39,10.82,2637669450.0,1368159488.0,0.24,0.42,-28.27,-25.1
113,002631,德尔未来,7.27,6.13,0.42,408920.0,290140843.56,10.66,7.44,6.71,6.91,6.85,2.08,5.15,-61.31,2.65,5796246545.0,5769270999.0,-0.14,-0.41,23.01,21.57
114,300776,帝尔激光,80.76,6.12,4.66,143623.0,1160357610.85,10.37,83.68,75.79,75.85,76.1,3.19,8.54,42.62,5.87,22128798052.0,13574521906.0,0.1,0.09,24.9,29.96
115,300998,宁波方正,24.91,6.09,1.43,69177.0,169494003.41,7.79,25.13,23.3,23.42,23.48,2.52,6.42,-116.06,2.71,3416885519.0,2682323248.0,0.16,0.16,14.0,13.69
116,002969,嘉美包装,24.59,6.08,1.41,809771.0,1969034189.23,8.63,24.98,22.98,22.98,23.18,1.36,7.41,517.34,10.2,27012009509.0,26859385576.0,0.0,0.08,63.17,94.23
117,603619,中曼石油,35.6,6.05,2.03,416082.0,1431543330.0,7.15,35.85,33.45,33.91,33.57,1.22,9.0,27.23,3.78,16459249212.0,16459249212.0,-0.11,0.0,51.42,54.45
118,300790,宇瞳光学,30.13,6.02,1.71,697677.0,2111480152.91,7.74,31.2,29.0,29.0,28.42,3.52,21.49,44.98,4.35,11272204898.0,9780906447.0,-0.13,0.13,-3.8,0.74
119,603909,建发合诚,12.32,6.02,0.7,183305.0,218474374.0,9.04,12.46,11.41,11.57,11.62,4.24,7.03,29.41,2.78,3211493085.0,3211493085.0,-0.08,0.0,9.8,9.12
120,300747,锐科激光,32.46,6.01,1.84,419176.0,1339380561.09,9.47,33.0,30.1,30.32,30.62,1.93,8.23,109.56,5.33,18229536000.0,16531022419.0,0.03,0.03,8.45,20.22
121,688156,路德科技,24.04,6.0,1.36,50669.0,118559417.0,10.32,24.7,22.36,22.82,22.68,1.06,5.03,-34.43,3.18,2421168334.0,2421168334.0,-0.08,0.25,46.67,50.16
122,688667,菱电电控,116.6,6.0,6.6,20576.0,232416536.0,8.82,116.7,107.0,108.98,110.0,1.39,3.9,45.3,3.44,6144290286.0,6144290286.0,0.08,0.11,63.72,65.58
123,300599,雄塑科技,10.25,6.0,0.58,176207.0,176227976.64,6.93,10.29,9.62,9.72,9.67,2.06,8.3,-130.91,1.85,3670848562.0,2176494656.0,0.0,0.1,13.38,25.77
124,603629,利通电子,74.62,5.99,4.22,431524.0,3210721962.0,7.91,76.99,71.42,71.42,70.4,1.33,16.8,67.98,10.38,19574318400.0,19166296240.0,-0.01,0.03,168.8,180.0
125,600151,航天机电,13.93,5.93,0.78,1614915.0,2261151842.0,12.47,14.47,12.83,13.0,13.15,4.74,11.26,-44.89,4.51,19979134358.0,19979134358.0,0.07,0.14,-29.33,-20.63
126,301387,光大同创,63.3,5.92,3.54,53586.0,333716393.42,9.64,64.18,58.42,59.36,59.76,2.78,12.55,179.94,4.1,6757098013.0,2701917709.0,-0.19,-0.25,13.14,14.26
127,001256,炜冈科技,24.0,5.87,1.33,79806.0,187533100.92,7.15,24.13,22.51,22.65,22.67,1.91,7.46,31.65,2.83,3422701392.0,2565901392.0,0.0,0.0,10.6,7.43
128,301517,陕西华达,59.29,5.86,3.28,129679.0,768596238.18,11.77,61.48,54.89,55.43,56.01,4.11,13.21,-470.1,6.69,8966864260.0,5819733273.0,-0.02,0.03,-18.78,-14.67
129,002655,共达电声,21.16,5.85,1.17,706059.0,1492954509.69,12.76,21.99,19.44,19.6,19.99,1.6,19.52,90.99,10.43,7657636307.0,7655543054.0,0.0,0.57,62.77,63.78
130,300868,杰美特,57.27,5.82,3.15,63074.0,358993492.32,12.16,59.88,53.3,53.74,54.12,1.35,7.81,-218.77,4.86,7327811040.0,4625325702.0,-0.24,-0.09,79.81,80.66
131,688345,博力威,51.79,5.82,2.85,81980.0,416625005.0,11.46,53.59,47.98,48.5,48.94,1.5,8.2,93.75,4.67,5238532605.0,5179000000.0,0.14,0.45,56.99,65.99
132,300938,信测标准,40.57,5.79,2.22,143887.0,575705027.29,8.5,41.0,37.74,38.36,38.35,2.21,6.81,50.31,5.3,9878646838.0,8574310790.0,-0.05,-0.1,25.14,24.45
133,688025,杰普特,275.6,5.76,15.01,59318.0,1567649549.0,8.12,276.5,255.33,257.05,260.59,0.88,6.24,93.96,11.4,26195620979.0,26195620979.0,0.0,0.25,101.05,94.67
134,000823,超声电子,14.43,5.64,0.77,534418.0,768573488.87,10.83,14.85,13.37,13.41,13.66,2.76,9.95,34.83,1.63,7748932973.0,7748604777.0,-0.07,-0.14,3.89,6.42
135,688450,光格科技,38.78,5.64,2.07,34776.0,135555826.0,10.13,40.31,36.59,36.72,36.71,2.22,7.11,-39.43,2.73,2559480000.0,1897531460.0,0.13,0.73,38.6,40.61
136,605016,百龙创园,28.07,5.61,1.49,183972.0,513461480.0,13.84,28.64,24.96,24.96,26.58,4.3,4.38,24.44,5.66,11789745822.0,11789745822.0,-0.74,-1.02,27.07,29.95
137,600810,神马股份,9.05,5.6,0.48,766333.0,674091170.0,7.93,9.1,8.42,8.47,8.57,2.04,6.96,-227.42,1.37,10057021419.0,9968096119.0,0.11,0.11,-1.52,0.67
138,000534,万泽股份,41.53,5.59,2.2,423281.0,1723231553.86,7.58,42.36,39.38,40.5,39.33,2.98,8.47,93.39,13.51,21161549869.0,20763771376.0,0.1,0.27,98.42,88.77
139,603036,如通股份,19.65,5.59,1.04,89190.0,171807105.0,8.44,19.88,18.31,18.41,18.61,3.51,4.33,38.49,2.92,4048018391.0,4048018391.0,0.0,0.05,-6.47,-8.05
140,688146,中船特气,57.51,5.58,3.04,237275.0,1373843006.0,12.8,60.98,54.01,54.47,54.47,1.29,16.37,87.73,5.28,30446470605.0,8337273123.0,-0.88,-0.83,35.1,42.35
141,001282,三联锻造,21.2,5.58,1.12,115664.0,244591668.58,11.01,22.0,19.79,19.9,20.08,4.9,14.8,42.91,2.9,4710334720.0,1657093760.0,0.19,-0.05,-1.53,-0.56
142,603920,世运电路,57.08,5.55,3.0,582619.0,3306003674.0,8.17,58.42,54.0,54.62,54.08,3.05,8.09,49.35,6.16,41131409454.0,41131409454.0,-0.02,0.0,7.25,17.91
143,301552,科力装备,43.11,5.53,2.26,56423.0,234388119.69,9.25,43.38,39.6,40.5,40.85,2.42,23.71,26.44,3.47,4104072000.0,1026018000.0,0.02,-0.32,12.85,14.99
144,300632,光莆股份,16.74,5.48,0.87,518091.0,850514120.56,11.03,17.0,15.25,15.63,15.87,1.3,23.42,86.67,2.86,5108740319.0,3703064741.0,0.24,0.06,7.24,21.66
145,002708,光洋股份,13.49,5.47,0.7,474310.0,637490556.82,10.32,13.9,12.58,12.64,12.79,4.86,9.18,89.43,4.48,7582701575.0,6969696873.0,-0.07,-0.15,0.9,1.58
146,300303,聚飞光电,10.23,5.46,0.53,2497238.0,2478058520.64,8.56,10.23,9.4,9.48,9.7,1.86,18.79,47.4,3.81,14493920541.0,13597695397.0,0.1,0.49,45.11,49.56
147,002475,立讯精密,55.09,5.4,2.82,2996031.0,16300584856.34,8.57,55.78,51.3,51.5,52.27,2.71,4.12,26.14,5.02,401384903238.0,400464249956.0,0.0,0.0,-6.72,-2.58
148,603637,镇海股份,14.31,5.38,0.73,272416.0,382668416.0,7.44,14.49,13.48,13.62,13.58,2.46,11.41,49.56,3.31,3415594900.0,3415594900.0,0.0,0.21,31.65,31.65
149,300191,潜能恒信,38.78,5.35,1.97,199287.0,761636792.31,6.44,39.38,37.01,37.9,36.81,1.03,9.01,-511.7,11.69,12409600000.0,8577942100.0,-0.03,0.0,98.57,109.85
150,002980,华盛昌,55.68,5.33,2.82,193891.0,1057207528.48,11.54,57.4,51.3,53.15,52.86,0.99,19.12,121.88,9.77,10545856589.0,5645392082.0,0.18,-0.59,155.41,164.26
151,603175,超颖电子,88.49,5.32,4.47,80679.0,709386810.0,6.86,90.2,84.44,84.7,84.02,1.88,18.34,167.16,13.32,38672724615.0,3893498765.0,0.0,0.01,29.35,29.75
152,688135,利扬芯片,29.03,5.26,1.45,178138.0,511534847.0,9.32,29.59,27.02,27.22,27.58,2.71,7.64,-735.68,5.17,6767007407.0,6767007407.0,-0.03,-0.07,-1.93,4.57
153,603010,万盛股份,12.43,5.25,0.62,266288.0,325493544.0,7.62,12.6,11.7,11.79,11.81,2.77,4.55,-7.57,2.79,7271926542.0,7271926542.0,0.16,0.24,14.77,18.16
154,000506,招金黄金,19.69,5.24,0.98,707900.0,1331876256.87,8.98,19.72,18.04,18.24,18.71,2.14,7.62,115.15,26.17,18292359714.0,18286240062.0,-0.05,0.36,47.71,50.77
155,603538,美诺华,45.5,5.23,2.26,992019.0,4381780191.0,17.55,47.56,39.97,46.5,43.24,1.4,45.88,78.44,4.47,10032197084.0,9838627344.0,-0.72,-1.47,124.14,136.49
156,301316,慧博云通,43.9,5.23,2.18,164277.0,703650571.22,10.02,44.99,40.81,41.21,41.72,2.92,4.11,179.54,16.11,17735600000.0,17560439000.0,-0.11,-0.2,-6.85,-1.75
157,002937,兴瑞科技,29.65,5.22,1.47,107751.0,315409285.89,8.13,29.95,27.66,27.85,28.18,1.62,3.63,55.88,5.79,8829138425.0,8804676582.0,0.0,0.03,23.54,25.64
158,000703,恒逸石化,15.6,5.19,0.77,995467.0,1557190961.96,10.65,16.17,14.59,14.73,14.83,2.16,2.62,193.46,2.41,59608896594.0,59309809494.0,0.0,-0.13,45.12,44.85
159,301392,汇成真空,143.8,5.18,7.08,88489.0,1257988709.7,7.1,146.71,137.0,142.01,136.72,1.19,21.69,610.88,19.83,14380000000.0,5866452002.0,0.0,0.27,4.01,11.44
160,301369,联动科技,143.99,5.15,7.05,16668.0,237702833.25,7.92,145.35,134.5,135.81,136.94,2.19,4.58,302.87,6.72,10162151558.0,5235965678.0,-0.2,-0.21,11.18,7.54
161,300443,金雷股份,29.51,5.09,1.43,213032.0,616917619.17,9.01,29.98,27.45,27.8,28.08,1.75,8.77,30.04,1.5,9447171987.0,7164262068.0,-0.1,-0.1,-0.64,4.91
162,600226,亨通股份,5.18,5.07,0.25,1047045.0,536048897.0,8.32,5.27,4.86,4.9,4.93,2.46,3.52,61.25,4.26,15407294740.0,15407294740.0,-0.19,0.0,-0.58,-2.81
163,000909,*ST数源,6.44,5.06,0.31,52564.0,33469032.0,5.55,6.44,6.1,6.19,6.13,0.9,1.2,-6.45,4.55,2818879738.0,2818856071.0,0.0,0.0,16.25,15.62
164,002650,ST加加,7.7,5.05,0.37,215289.0,164872762.5,5.05,7.7,7.33,7.33,7.33,2.0,1.94,-354.46,4.79,8524545445.0,8524256695.0,0.0,0.0,22.22,19.2
165,300681,英搏尔,24.8,5.04,1.19,263481.0,665733192.06,11.73,26.07,23.3,23.4,23.61,2.44,11.42,38.23,2.83,7590172432.0,5723710098.0,-0.04,0.57,-6.42,-1.04
166,600482,中国动力,36.76,5.03,1.76,490414.0,1776263426.0,9.94,37.48,34.0,34.0,35.0,1.23,2.16,51.78,2.07,83380736488.0,83380736488.0,-0.05,0.05,57.97,77.58
167,603843,*ST正平,9.2,5.02,0.44,289176.0,249787811.0,10.05,9.2,8.32,8.32,8.76,1.09,4.13,-48.39,23.01,6436533780.0,6436533780.0,0.0,0.0,55.41,60.84
168,603813,*ST原尚,25.15,5.01,1.2,2674.0,6725110.0,0.0,25.15,25.15,25.15,23.95,0.61,0.25,-48.86,4.84,2641127250.0,2641127250.0,0.0,0.0,-35.31,-34.08
169,603876,鼎胜新材,23.71,5.0,1.13,409730.0,953156137.0,10.5,24.11,21.74,22.28,22.58,1.34,4.41,53.87,3.01,22032925620.0,22032925620.0,-0.08,-0.13,47.73,57.96
170,001270,*ST铖昌,121.73,5.0,5.8,89310.0,1080364197.08,3.47,121.73,117.71,120.58,115.93,1.56,4.39,208.26,17.04,25090366899.0,24772001561.0,0.0,0.0,20.45,32.79
171,002528,ST英飞拓,4.62,5.0,0.22,17439.0,8056818.0,0.0,4.62,4.62,4.62,4.4,0.07,0.17,-56.02,54.73,5537878879.0,4852014446.0,0.0,0.0,67.39,72.39
172,603203,快克智能,44.2,4.99,2.1,119600.0,519103908.0,9.74,44.88,40.78,41.88,42.1,2.31,4.8,42.37,7.68,11211821416.0,11012576656.0,-0.02,-0.23,20.34,20.73
173,002620,ST瑞和,9.92,4.97,0.47,327341.0,316194895.5,5.93,9.92,9.36,9.45,9.45,0.75,10.38,-49.91,-169.97,3744740480.0,3128374206.0,0.0,0.0,80.36,96.83
174,688309,恒誉环保,65.47,4.97,3.1,22572.0,143952850.0,6.46,65.55,61.52,62.35,62.37,0.9,2.84,155.48,6.76,5198401081.0,5198401081.0,0.08,0.44,175.43,171.32
175,301180,万祥科技,20.54,4.96,0.97,139648.0,279833351.8,10.88,21.22,19.09,19.5,19.57,1.88,8.51,638.13,6.23,8216205400.0,3371394561.0,-0.05,-0.68,13.11,22.99
176,600228,*ST返利,5.94,4.95,0.28,145199.0,85326443.0,5.83,5.94,5.61,5.75,5.66,2.89,3.49,-41.45,5.99,2475034216.0,2471260831.0,0.0,0.0,5.69,5.88
177,002822,ST中装,3.18,4.95,0.15,158340.0,49571968.36,5.94,3.18,3.0,3.01,3.03,1.63,1.48,-9.19,2.21,6201000000.0,3399249848.0,0.0,0.0,-17.62,-18.88
178,300804,广康生化,51.92,4.87,2.41,56471.0,291814870.95,10.91,53.88,48.48,49.26,49.51,1.45,20.53,82.69,2.82,3842080000.0,1427800000.0,0.12,0.7,46.54,48.34
179,600808,马钢股份,4.1,4.86,0.19,1175719.0,472259299.0,6.39,4.11,3.86,3.87,3.91,2.77,1.97,-151.21,1.31,31572792863.0,24467779863.0,0.0,0.24,-1.44,-2.84
180,002408,齐翔腾达,6.9,4.86,0.32,1336244.0,905169600.96,5.93,6.97,6.58,6.72,6.58,1.41,4.86,-34.14,1.78,19615684368.0,18982568086.0,0.0,0.0,36.36,41.39
181,000793,*ST华闻,2.82,4.83,0.13,276089.0,75928717.98,6.32,2.82,2.65,2.68,2.69,2.41,1.41,-41.68,49.17,5632232189.0,5530044294.0,0.0,0.0,2.55,1.44
182,300227,光韵达,12.87,4.8,0.59,479126.0,618110979.74,9.93,13.28,12.06,12.06,12.28,2.35,11.06,-27.9,5.29,7670151802.0,5573581672.0,-0.08,0.0,30.93,39.74
183,300233,金城医药,15.51,4.8,0.71,390099.0,623979323.65,7.03,16.5,15.46,15.98,14.8,3.42,10.55,134.75,1.63,5953894844.0,5735833178.0,0.06,-0.13,7.11,10.86
184,301111,粤万年青,20.8,4.79,0.95,200260.0,427706389.08,15.82,22.86,19.72,19.72,19.85,4.72,12.52,-307.03,4.45,3328000000.0,3328000000.0,-0.14,-0.1,4.16,9.3
185,300553,集智股份,41.81,4.79,1.91,58897.0,242220479.27,5.84,41.93,39.6,39.71,39.9,2.63,6.94,109.56,5.45,4641866947.0,3549474584.0,0.0,0.17,5.96,3.52
186,301307,美利信,42.53,4.75,1.93,142350.0,599395303.25,9.33,43.55,39.76,39.76,40.6,1.99,13.06,-31.28,3.13,8956818000.0,4635414449.0,0.07,0.0,24.07,22.99
187,300693,盛弘股份,48.33,4.75,2.19,258560.0,1266569149.7,10.03,50.4,45.77,45.99,46.14,1.52,9.62,31.75,6.97,15117422126.0,12993666698.0,0.25,-0.23,20.95,26.25
188,600539,狮头股份,15.08,4.72,0.68,263217.0,383951550.0,10.0,15.3,13.86,14.4,14.4,1.05,11.44,-158.77,11.56,3468400000.0,3468400000.0,0.33,0.33,46.55,48.13
189,301200,大族数控,182.89,4.67,8.16,86482.0,1588035604.42,10.71,189.84,171.12,172.99,174.73,2.04,2.05,107.29,12.82,88432555164.0,77067048332.0,-0.02,-0.03,47.63,53.99
190,688275,万润新能,113.72,4.67,5.07,54457.0,611414032.0,7.88,115.65,107.09,110.9,108.65,0.98,4.32,-32.18,2.74,14342191612.0,14342191612.0,-0.04,-0.07,46.75,50.82
191,301282,金禄电子,38.49,4.65,1.71,212415.0,797414543.14,8.24,38.69,35.66,36.0,36.78,1.44,18.07,64.35,3.39,5817377368.0,4525737184.0,0.0,0.34,29.95,32.45
192,002906,华阳集团,29.93,4.65,1.33,226699.0,676073191.51,10.24,30.93,28.0,28.3,28.6,3.38,4.32,20.1,2.25,15710826897.0,15701654609.0,-0.07,0.0,-8.27,-2.13
193,300131,英唐智控,12.85,4.64,0.57,1229734.0,1553011302.36,11.56,13.36,11.94,12.02,12.28,1.99,11.8,419.59,8.25,14585000382.0,13393137581.0,-0.08,-0.23,-15.74,-12.35
194,300137,先河环保,13.33,4.63,0.59,260165.0,344280084.29,7.06,13.58,12.68,12.76,12.74,1.28,4.91,969.33,4.38,7152640859.0,7065354633.0,-0.15,-0.3,24.58,28.67
195,603516,淳中科技,148.23,4.62,6.55,97950.0,1442178266.0,7.29,152.0,141.67,141.99,141.68,1.91,4.82,-772.88,21.64,30130456996.0,30130456996.0,0.0,-0.06,-35.45,-33.68
196,002838,道恩股份,27.2,4.62,1.2,90695.0,245359994.38,6.54,27.5,25.8,26.03,26.0,3.24,2.16,68.88,3.57,13012436534.0,11441182893.0,-0.04,-0.07,16.59,12.96
197,603687,大胜达,18.16,4.61,0.8,1132065.0,1981989972.0,13.48,18.54,16.2,16.89,17.36,1.28,20.58,82.39,3.06,9988578650.0,9988578650.0,0.11,0.67,86.45,90.56
198,300706,阿石创,37.18,4.61,1.64,192648.0,704798593.03,11.11,38.45,34.5,34.55,35.54,1.9,16.95,-138.74,8.12,5699749733.0,4225748633.0,0.0,0.13,1.75,9.58
199,301093,华兰股份,88.0,4.6,3.87,48608.0,422024121.1,8.58,89.1,81.88,84.17,84.13,1.37,3.1,203.27,6.65,14449742912.0,13810191208.0,0.0,0.34,81.07,72.21
200,688676,金盘科技,84.77,4.59,3.72,240772.0,2009852637.0,8.37,85.58,78.8,79.68,81.05,2.12,5.24,59.1,7.74,38975920536.0,38975920536.0,-0.09,-0.04,-1.82,-6.17
201,603042,华脉科技,23.34,4.57,1.02,536789.0,1223213142.0,6.05,23.34,21.99,21.99,22.32,1.67,33.43,-77.26,4.34,3748166866.0,3748166866.0,0.04,0.17,32.09,37.54
202,301235,华康洁净,50.59,4.57,2.21,56867.0,284507780.0,8.41,51.57,47.5,48.0,48.38,1.21,7.82,66.87,3.0,5452429425.0,3680173597.0,-0.02,-0.02,25.63,37.21
203,603398,*ST沐邦,12.61,4.56,0.55,77965.0,95670249.0,6.55,12.66,11.87,12.06,12.06,1.15,1.8,-11.53,8.51,5468219618.0,5468219618.0,0.0,-0.39,39.18,52.48
204,603077,和邦生物,3.0,4.53,0.13,4681575.0,1383545111.0,8.71,3.08,2.83,2.85,2.87,2.3,5.3,213.42,1.46,26495018184.0,26495018184.0,0.0,-0.33,26.58,32.74
205,002306,*ST云网,2.54,4.53,0.11,472755.0,119051206.5,4.94,2.55,2.43,2.47,2.43,1.43,5.81,-75.54,31.85,2209196750.0,2067459383.0,0.0,0.0,23.3,27.64
206,000007,全新好,13.4,4.52,0.58,94981.0,125546485.14,8.03,13.53,12.5,12.72,12.82,1.59,2.74,1018.68,25.41,4642403790.0,4642403790.0,0.07,0.0,15.42,17.13
207,688376,美埃科技,68.81,4.51,2.97,34338.0,237106159.0,9.26,71.1,65.0,65.15,65.84,1.54,2.54,79.98,4.84,9306686267.0,9306686267.0,0.01,-0.01,9.05,19.01
208,603315,福鞍股份,15.18,4.47,0.65,510184.0,796108917.0,11.56,15.98,14.3,14.58,14.53,9.72,15.93,85.02,2.86,4863159888.0,4863159888.0,0.07,-0.07,0.07,-2.25
209,002217,合力泰,2.57,4.47,0.11,6130236.0,1562332560.01,7.72,2.62,2.43,2.46,2.46,3.03,8.42,809.45,10.27,19222055245.0,18707858545.0,0.0,0.39,-18.67,-15.74
210,000063,中兴通讯,35.56,4.47,1.52,1837523.0,6429909683.74,6.93,35.9,33.54,33.7,34.04,3.21,4.56,30.28,2.26,170102500582.0,143222211010.0,-0.03,0.0,-9.45,-6.03
211,601231,环旭电子,36.68,4.44,1.56,714803.0,2585262819.0,8.09,37.49,34.65,34.83,35.12,1.72,2.99,47.28,4.08,87632374261.0,87632374261.0,-0.03,0.0,26.7,22.27
212,603186,华正新材,74.01,4.43,3.14,169009.0,1244764390.0,8.28,75.87,70.0,70.96,70.87,1.4,10.78,41.94,6.26,11604066237.0,11604066237.0,-0.19,-0.05,50.0,49.21
213,603163,圣晖集成,107.0,4.42,4.53,48617.0,516939356.0,9.16,109.05,99.66,100.57,102.47,1.62,4.86,69.23,9.16,10700000000.0,10700000000.0,0.02,-0.09,30.54,55.98
214,601600,中国铝业,12.77,4.42,0.54,4172123.0,5242775947.0,6.3,12.8,12.03,12.15,12.23,1.32,3.17,17.29,2.92,219068983846.0,168223873234.0,0.0,-0.08,-8.59,4.5
215,300756,金马游乐,44.84,4.4,1.89,58522.0,261966403.47,9.03,46.49,42.61,42.88,42.95,1.9,4.46,58.62,4.83,7066702212.0,5884369029.0,-0.02,0.2,-21.42,-21.17
216,002047,*ST宝鹰,4.76,4.39,0.2,298324.0,138784909.38,5.48,4.76,4.51,4.61,4.56,1.2,1.97,121.9,142.09,7217343779.0,7216916540.0,0.42,1.06,27.27,29.35
217,300570,太辰光,128.29,4.34,5.34,344804.0,4345250226.2,7.7,129.89,120.42,121.0,122.95,1.5,17.94,97.46,17.07,29138105767.0,24656414055.0,0.0,0.21,10.47,11.03
218,688638,誉辰智能,44.07,4.33,1.83,25958.0,114064357.0,8.71,44.9,41.22,42.2,42.24,1.67,9.81,-16.65,3.04,2467920000.0,1166137240.0,0.0,1.01,19.37,21.3
219,605228,神通科技,14.74,4.32,0.61,188810.0,273997233.0,6.37,14.83,13.93,14.02,14.13,1.78,3.96,53.11,3.86,7062749402.0,7032974602.0,0.0,0.0,-11.58,-1.27
220,605100,华丰股份,45.69,4.32,1.89,49210.0,221561531.0,5.53,45.9,43.48,43.8,43.8,2.54,2.9,458.21,4.38,7800653700.0,7764193080.0,0.07,0.09,2.26,1.6
221,002290,禾盛新材,66.75,4.31,2.76,80562.0,532515179.87,7.33,67.48,62.79,63.5,63.99,1.93,3.26,101.37,17.11,16561498028.0,16500336671.0,0.01,0.0,34.47,46.06
222,600331,宏达股份,16.56,4.28,0.68,899253.0,1473232740.0,9.38,16.94,15.45,15.64,15.88,1.54,4.43,-588.69,13.88,43744896000.0,33649920000.0,0.0,0.18,23.86,29.48
223,600173,卧龙新能,7.09,4.26,0.29,280462.0,198772845.0,8.24,7.28,6.72,6.77,6.8,2.28,4.0,-26.56,1.39,4966589270.0,4965951170.0,0.0,0.0,-3.27,-0.56
224,600184,光电股份,19.62,4.25,0.8,706363.0,1369777323.0,8.45,19.93,18.34,18.4,18.82,0.99,12.12,347.65,3.37,11433112922.0,11433112922.0,0.0,-0.2,-4.01,2.94
225,600105,永鼎股份,34.64,4.24,1.41,1864375.0,6371852515.0,5.18,34.92,33.2,33.95,33.23,1.03,12.75,115.41,15.35,50643499941.0,50643499941.0,-0.14,-0.14,32.31,38.01
226,300056,中创环保,9.19,4.2,0.37,246052.0,224185191.77,8.62,9.43,8.67,8.74,8.82,2.28,6.39,-56.85,24.01,3542657171.0,3539530733.0,0.0,0.11,6.74,11.8
227,600259,中稀有色,95.46,4.18,3.83,197574.0,1870759751.0,7.31,96.7,90.0,90.94,91.63,1.44,5.87,251.78,9.2,32116171969.0,32116171969.0,-0.01,-0.04,63.99,69.68
228,605167,利柏特,17.3,4.15,0.69,74932.0,127211474.0,6.32,17.37,16.32,16.77,16.61,1.73,1.67,32.74,3.93,7769417959.0,7769417959.0,-0.12,0.52,6.07,5.3
229,603090,宏盛股份,68.38,4.14,2.72,81654.0,546219032.0,6.06,68.56,64.58,65.0,65.66,2.1,8.17,83.0,10.8,6838000000.0,6838000000.0,0.06,-0.19,20.05,23.32
230,002993,奥海科技,50.51,4.14,2.01,90258.0,453204913.7,6.29,50.85,47.8,48.0,48.5,1.82,3.79,29.16,2.82,13942780400.0,12043954586.0,-0.06,-0.1,12.77,15.56
231,300121,阳谷华泰,12.63,4.12,0.5,256386.0,324308999.0,8.24,12.96,11.96,12.12,12.13,3.24,5.97,28.49,1.59,5623314703.0,5422815145.0,0.08,0.16,-1.79,0.08
232,600256,广汇能源,6.58,4.11,0.26,3071183.0,1994534460.0,3.48,6.6,6.38,6.45,6.32,1.16,4.8,31.17,1.77,42059379503.0,42059379503.0,-0.15,0.0,31.6,33.74
233,603317,天味食品,13.18,4.11,0.52,148971.0,193931137.0,5.85,13.3,12.56,12.62,12.66,2.07,1.4,24.63,3.09,14032940985.0,14032940985.0,0.0,0.0,3.86,5.27
234,300953,震裕科技,183.55,4.1,7.23,97711.0,1746223645.18,8.22,185.0,170.51,173.25,176.32,1.45,7.84,61.19,7.21,31841837525.0,22862651736.0,-0.01,0.0,9.32,9.24
235,000988,华工科技,114.93,4.09,4.52,1112309.0,12664832660.44,9.13,117.85,107.77,108.21,110.41,1.69,11.07,78.57,10.45,115562426116.0,115503001559.0,0.0,-0.05,43.32,44.88
236,300620,光库科技,231.11,4.09,9.09,228782.0,5270011754.33,8.1,236.01,218.03,218.03,222.02,1.03,9.26,325.96,26.53,57588115755.0,57108017779.0,-0.01,-0.12,54.19,57.16
237,688272,富吉瑞,55.02,4.07,2.15,52592.0,286142137.0,7.96,56.5,52.29,53.01,52.87,1.24,6.92,-52.89,10.08,4181520000.0,4181520000.0,-1.22,-1.27,84.88,68.46
238,300565,科信技术,15.6,4.07,0.61,579257.0,897452254.03,7.67,15.86,14.71,14.76,14.99,1.72,25.38,-41.91,6.92,3895391947.0,3560000262.0,0.0,0.0,20.65,23.71
239,300557,理工光科,35.49,4.05,1.38,74308.0,260915375.13,6.1,35.7,33.62,33.8,34.11,2.38,6.23,81.22,4.3,4289600990.0,4233483776.0,-0.17,-0.03,-2.45,0.57
240,300485,赛升药业,11.87,4.03,0.46,437076.0,528036170.46,13.41,12.9,11.37,11.42,11.41,1.97,15.96,392.38,1.7,5717380168.0,3250209950.0,0.25,0.42,6.46,12.19
241,300661,圣邦股份,79.74,4.0,3.07,337084.0,2614780894.19,6.59,80.05,75.0,75.5,76.67,1.36,5.63,90.45,9.34,49481661127.0,47755654858.0,-0.09,-0.19,10.75,16.17
242,301099,雅创电子,52.2,4.0,2.01,140785.0,736965675.55,11.04,54.35,48.81,49.0,50.19,1.69,15.68,69.38,5.91,7655953559.0,4686535679.0,-0.1,-0.08,6.84,22.65
243,603297,永新光学,111.25,4.0,4.28,30011.0,337308991.0,11.16,117.31,105.37,105.87,106.97,2.14,2.71,61.28,6.18,12341707875.0,12318612375.0,0.0,-0.01,0.27,5.65
244,920505,九菱科技,40.7,3.99,1.56,25554.0,104120611.59,9.4,41.99,38.31,38.7,39.14,2.67,7.08,157.47,7.86,2640116611.0,1468992874.0,-0.07,-0.17,-10.94,-6.18
245,300051,琏升科技,12.79,3.98,0.49,351152.0,440651742.91,7.89,12.92,11.95,12.1,12.3,1.19,9.55,-39.31,29.51,4758106255.0,4702576232.0,0.0,0.0,92.33,98.29
246,603009,北特科技,49.8,3.97,1.9,94927.0,470110667.0,6.2,50.45,47.48,48.0,47.9,1.61,2.81,139.61,9.82,17250212787.0,16852766706.0,0.0,0.0,3.34,3.41
247,603488,展鹏科技,11.0,3.97,0.42,136159.0,149055935.0,7.94,11.29,10.45,10.5,10.58,1.71,4.66,-44.31,3.56,3211894840.0,3211894840.0,0.0,-0.09,39.06,41.03
248,603283,赛腾股份,46.36,3.97,1.77,169255.0,775095116.0,7.04,47.2,44.06,44.16,44.59,2.73,6.24,23.52,3.91,12571628170.0,12571628170.0,-0.09,-0.13,1.62,7.02
249,002348,高乐股份,9.21,3.95,0.35,703152.0,650851678.96,4.63,9.53,9.12,9.5,8.86,3.53,7.78,-560.53,19.59,8723712000.0,8321538921.0,-0.32,-0.65,56.1,60.17
250,600358,ST联合,6.37,3.92,0.24,127512.0,79446490.0,5.87,6.38,6.02,6.09,6.13,1.99,2.53,-85.75,59.39,3216446524.0,3216446524.0,0.0,0.16,3.75,5.12
251,688813,泰金新能,50.5,3.85,1.87,112954.0,557543521.0,10.51,51.5,46.39,46.5,48.63,0.99,37.55,39.59,7.81,8080000000.0,1518887288.0,0.68,0.72,92.16,92.16
252,300265,通光线缆,20.23,3.85,0.75,989322.0,1957761383.73,8.01,20.67,19.11,19.38,19.48,1.34,21.17,220.79,4.1,9459575007.0,9453513593.0,0.0,0.35,44.09,50.97
253,603393,新天然气,34.52,3.82,1.27,152204.0,515000245.0,4.3,34.55,33.12,33.2,33.25,0.95,3.6,18.14,1.6,14633764208.0,14609600346.0,-0.03,0.0,25.71,29.82
254,000977,浪潮信息,65.07,3.81,2.39,1062559.0,6839691218.62,6.96,65.66,61.3,61.5,62.68,2.29,7.24,48.36,4.55,95553775941.0,95446745486.0,0.03,0.05,-4.44,-2.3
255,000810,创维数字,11.98,3.81,0.44,387687.0,464646615.89,6.41,12.28,11.54,11.6,11.54,3.15,3.49,76.61,2.12,13779343036.0,13305061977.0,-0.33,-0.42,-4.24,1.7
256,301239,普瑞眼科,38.39,3.76,1.39,81437.0,317420552.24,11.11,40.61,36.5,36.7,37.0,2.46,5.44,263.49,2.7,5743875253.0,5743875253.0,0.0,-0.08,16.97,16.72
257,600581,*ST八钢,2.77,3.75,0.1,855615.0,233661788.0,7.49,2.8,2.6,2.62,2.67,1.6,5.58,-2.26,-2.37,4246127100.0,4246127100.0,0.0,0.36,-18.05,-17.07
258,002246,北化股份,24.23,3.72,0.87,305750.0,742563417.58,5.74,24.84,23.5,23.68,23.36,1.18,5.57,50.58,4.35,13303113059.0,13303113059.0,-0.08,0.0,21.27,34.61
259,688215,瑞晟智能,78.31,3.72,2.81,13653.0,105875234.0,5.43,78.8,74.7,75.2,75.5,1.49,2.19,138.59,10.04,4888366195.0,4888366195.0,0.03,0.01,6.33,8.0
260,605366,宏柏新材,12.07,3.69,0.43,456192.0,551091974.0,10.05,12.53,11.36,11.58,11.64,1.48,5.88,-96.94,3.88,9367257839.0,9367257839.0,0.0,0.0,87.42,94.68
261,688627,精智达,267.28,3.69,9.5,44574.0,1178716486.0,6.52,269.0,252.18,254.8,257.78,1.01,6.16,365.13,14.46,25127461609.0,19338159169.0,0.1,-0.08,16.96,19.54
262,600989,宝丰能源,29.63,3.67,1.05,1260088.0,3698574092.0,4.51,29.99,28.7,29.0,28.58,1.07,1.72,19.14,4.49,217287456800.0,217287456800.0,0.0,0.0,45.39,50.94
263,300141,和顺电气,14.19,3.65,0.5,129791.0,181342257.0,6.21,14.26,13.41,13.55,13.69,1.77,5.1,-144.44,5.53,3658814874.0,3614743004.0,0.0,-0.21,7.42,12.89
264,603113,金能科技,7.41,3.64,0.26,321252.0,235614684.0,5.73,7.53,7.12,7.15,7.15,1.41,3.79,-60.28,0.78,6287315465.0,6287315465.0,-0.27,0.0,18.37,21.28
265,603608,天创时尚,10.57,3.63,0.37,180516.0,189875841.0,9.31,10.89,9.94,10.08,10.2,1.83,4.3,-636.74,4.2,4436611433.0,4436611433.0,-0.09,-0.09,10.8,2.62
266,300491,通合科技,25.13,3.63,0.88,151258.0,382640949.36,8.58,26.6,24.52,26.45,24.25,3.16,9.7,109.95,3.66,4414666234.0,3920018120.0,-0.04,-0.12,-4.19,0.0
267,300042,朗科科技,48.1,3.62,1.68,400456.0,1896024417.1,7.5,48.42,44.94,44.94,46.42,1.7,19.98,355.07,9.13,9639240000.0,9638352555.0,-0.04,0.52,74.53,87.16
268,603063,禾望电气,32.76,3.61,1.14,435326.0,1429436325.0,8.13,33.8,31.23,31.33,31.62,2.13,9.49,28.3,2.91,15030320498.0,15030320498.0,0.03,-0.21,-0.85,-0.94
269,603083,剑桥科技,115.55,3.59,4.0,430281.0,4960076186.0,3.68,117.04,112.93,112.93,111.55,1.85,15.61,154.65,5.47,40748750600.0,31844236500.0,-0.01,0.06,-7.08,-14.01
270,002865,钧达股份,75.53,3.58,2.61,156745.0,1167406141.14,8.68,76.73,70.4,71.75,72.92,1.62,7.01,414.97,5.84,23509924908.0,16883096880.0,0.0,0.83,30.29,38.31
271,688361,中科飞测,170.79,3.57,5.88,68271.0,1171719191.0,8.07,176.39,163.08,164.8,164.91,1.66,2.75,1036.25,11.68,59804379247.0,42405629454.0,0.1,0.12,-2.28,11.63
272,688677,海泰新光,73.16,3.57,2.52,107154.0,765218142.0,8.78,74.9,68.7,72.41,70.64,0.89,8.94,51.11,6.51,8770201320.0,8770201320.0,-0.01,0.15,61.5,69.51
273,301252,同星科技,38.1,3.56,1.31,43273.0,164839929.58,6.22,38.8,36.51,36.85,36.79,1.79,9.15,54.6,4.95,6447489264.0,1801384764.0,0.0,0.11,17.23,17.19
274,300903,科翔股份,34.32,3.56,1.18,322905.0,1109409845.13,8.51,35.32,32.5,32.5,33.14,1.75,9.83,-93.62,8.25,14942466842.0,11270521960.0,0.09,-0.23,74.92,77.92
275,605055,迎丰股份,10.5,3.55,0.36,106933.0,111948119.0,6.41,10.69,10.04,10.06,10.14,1.11,2.43,-81.19,4.42,4620000000.0,4620000000.0,-0.19,-0.1,9.26,8.14
276,002647,*ST仁东,9.36,3.54,0.32,180121.0,164689991.0,6.31,9.45,8.88,9.02,9.04,1.27,1.77,29.42,18.83,10579529910.0,9503129910.0,0.0,-0.11,21.88,16.71
277,688208,道通科技,36.42,3.52,1.24,172450.0,626649157.0,7.11,37.17,34.67,34.95,35.18,1.6,2.57,26.08,6.64,24408082560.0,24408082560.0,0.08,0.03,-1.57,-1.03
278,002648,卫星化学,28.84,3.52,0.98,531363.0,1521214850.92,3.59,29.1,28.1,28.23,27.86,0.95,1.58,18.29,2.9,97151741700.0,97089354867.0,0.14,0.14,55.72,63.12
279,688097,博众精工,63.52,3.49,2.14,173189.0,1102200954.0,9.6,65.9,60.01,60.01,61.38,1.23,3.89,47.98,5.74,28371066033.0,28266956753.0,0.0,0.16,68.04,68.26
280,920873,中设咨询,7.7,3.49,0.26,61506.0,48064649.64,8.33,8.04,7.42,7.53,7.44,2.61,5.13,-18.86,4.58,1181079915.0,922509242.0,-0.13,-0.26,-1.03,-0.52
281,300827,上能电气,37.64,3.49,1.27,423071.0,1550482375.14,8.11,38.06,35.11,35.81,36.37,1.11,10.98,50.55,7.84,20953871034.0,14500600835.0,-0.03,0.05,-3.29,9.99
282,002897,意华股份,66.85,3.47,2.24,163512.0,1083820763.99,6.25,67.5,63.46,63.52,64.61,1.38,8.96,36.06,4.72,12960924528.0,12195125489.0,0.0,-0.04,25.54,23.64
283,603668,天马科技,14.07,3.46,0.47,171066.0,238859459.0,5.66,14.18,13.41,13.45,13.6,1.19,3.38,75.41,3.05,7116560019.0,7116560019.0,0.0,0.0,-15.85,-15.55
284,600110,诺德股份,10.16,3.46,0.34,3045792.0,2985254085.0,7.43,10.24,9.51,9.77,9.82,1.01,17.55,-141.05,3.0,17629438269.0,17629438269.0,0.0,0.49,36.56,43.3
285,600817,宇通重工,12.26,3.46,0.41,108772.0,132687532.0,6.08,12.45,11.73,11.85,11.85,1.39,2.06,21.13,2.56,6538311282.0,6488535682.0,0.0,0.16,8.88,7.83
286,600071,凤凰光学,21.0,3.45,0.7,108286.0,222863225.0,5.91,21.1,19.9,20.0,20.3,1.45,3.85,150.79,11.74,5913051669.0,5913051669.0,-0.05,-0.28,-1.82,-2.33
287,688710,益诺思,69.28,3.45,2.31,23256.0,159813215.0,7.29,70.88,66.0,67.98,66.97,0.94,2.56,-320.06,4.2,9767067727.0,6283277826.0,0.12,-0.35,50.31,56.92
288,301021,英诺激光,59.16,3.43,1.96,79178.0,463447741.83,6.66,59.99,56.18,56.35,57.2,2.02,5.18,307.02,9.0,9042770938.0,9036055213.0,-0.05,0.0,22.21,21.6
289,300991,创益通,52.95,3.42,1.75,51939.0,271977908.47,5.57,53.3,50.45,51.0,51.2,1.36,5.64,3753.66,11.95,7624800000.0,4878918900.0,0.04,0.09,28.8,25.53
290,603328,依顿电子,12.7,3.42,0.42,820060.0,1035038587.0,3.99,12.82,12.33,12.38,12.28,2.22,8.21,27.23,2.94,12680221160.0,12680221160.0,0.08,0.08,12.99,15.88
291,002512,ST达华,3.93,3.42,0.13,947196.0,360203581.83,7.89,3.98,3.68,3.75,3.8,1.44,8.65,-31.98,11.26,4372111764.0,4301195503.0,-0.25,-0.25,-37.72,-36.92
292,300251,光线传媒,16.13,3.4,0.53,1573170.0,2497694783.31,8.72,16.56,15.2,15.38,15.6,2.49,5.67,15.19,4.4,47318781408.0,44766637611.0,-0.06,0.06,-4.78,-1.53
293,688593,新相微,32.03,3.39,1.05,168267.0,538643138.0,8.55,32.99,30.34,30.48,30.98,2.43,5.21,1648.75,9.45,14718727066.0,10335495588.0,0.0,-0.16,48.91,58.72
294,001309,德明利,406.58,3.38,13.28,178215.0,7170035860.4,9.52,417.84,380.38,383.19,393.3,0.93,11.08,133.99,28.21,92230907630.0,65408937246.0,-0.01,-0.35,59.39,75.64
295,003028,振邦智能,27.91,3.37,0.91,49487.0,138477907.28,9.44,29.13,26.58,27.0,27.0,3.6,7.02,55.02,2.31,4038884010.0,1968721078.0,-0.5,-0.61,-8.04,-5.68
296,688293,奥浦迈,48.24,3.36,1.57,25317.0,123387934.0,6.56,49.96,46.9,46.9,46.67,1.62,2.22,150.44,2.61,6272937894.0,5490684229.0,0.0,0.02,-6.66,-1.55
297,688368,晶丰明源,138.64,3.36,4.51,25430.0,350797988.0,7.2,141.26,131.6,133.01,134.13,1.32,2.87,501.74,10.26,17864161481.0,12269706686.0,-0.01,-0.11,11.63,20.11
298,002034,旺能环境,17.93,3.34,0.58,97884.0,173953907.0,5.99,18.24,17.2,17.28,17.35,2.44,2.27,10.59,1.12,7781377640.0,7742760221.0,0.0,0.22,10.61,12.77
299,603284,林平发展,54.66,3.33,1.76,55898.0,298721396.0,4.8,54.76,52.22,52.48,52.9,1.23,30.26,28.15,2.12,4122172968.0,1009756208.0,0.04,0.04,44.3,44.3
300,001325,元创股份,61.99,3.33,2.0,45408.0,274719620.88,4.82,62.0,59.11,59.5,59.99,0.97,23.17,29.83,2.69,4860016000.0,1215004000.0,0.03,0.31,24.15,26.07
301,002179,中航光电,36.88,3.31,1.18,747316.0,2742451277.26,6.02,37.45,35.3,35.36,35.7,2.52,3.56,36.13,3.19,78090728450.0,77319058337.0,-0.05,-0.08,-0.94,4.06
302,300559,佳发教育,14.7,3.3,0.47,197891.0,293367282.0,7.52,15.16,14.09,14.17,14.23,1.18,6.36,90.6,4.85,5872864135.0,4573711445.0,0.07,0.07,13.78,16.57
303,003031,中瓷电子,96.47,3.3,3.08,200617.0,1936288920.22,9.13,100.03,91.5,92.0,93.39,1.05,5.9,73.62,6.91,43513069308.0,32814916463.0,0.0,0.12,31.61,31.86
304,000420,吉林化纤,5.02,3.29,0.16,2143150.0,1072524908.74,7.82,5.17,4.79,4.81,4.86,1.84,8.72,283.56,2.79,12343519082.0,12339316338.0,0.0,0.0,12.05,10.82
305,300252,金信诺,14.51,3.27,0.46,455508.0,647393106.86,6.05,14.65,13.8,13.91,14.05,1.97,8.15,913.22,4.4,9607852131.0,8108071325.0,0.07,0.07,-2.09,-0.75
306,688072,拓荆科技,391.85,3.27,12.4,60418.0,2349531707.0,7.72,398.44,369.15,370.01,379.45,1.25,2.14,119.2,16.73,110773256752.0,110773256752.0,0.27,0.37,9.46,18.74
307,000155,川能动力,17.17,3.25,0.54,1380199.0,2334985975.46,12.99,18.2,16.04,16.65,16.63,1.36,7.48,63.08,3.03,31698710432.0,31698710432.0,0.06,-0.12,37.91,47.38
308,300432,富临精工,23.89,3.24,0.75,802219.0,1889890489.48,9.12,24.47,22.36,23.35,23.14,1.3,4.75,94.25,8.9,40846172181.0,40387375458.0,-0.13,0.13,33.69,43.05
309,300870,欧陆通,300.0,3.23,9.4,78707.0,2383926541.43,9.29,311.99,285.0,289.0,290.6,1.44,7.22,110.68,12.47,32709204300.0,32705604300.0,0.67,0.67,31.6,35.75
310,603118,共进股份,14.41,3.22,0.45,961351.0,1360078553.0,6.38,14.47,13.58,13.67,13.96,1.34,12.21,98.61,2.25,11344653010.0,11344653010.0,0.07,0.0,21.91,25.3
311,000788,北大医药,6.74,3.22,0.21,1431594.0,963215037.33,11.33,7.15,6.41,6.45,6.53,1.04,24.02,22.16,2.49,4016955245.0,4016955245.0,0.0,0.9,6.98,13.47
312,300456,赛微电子,53.9,3.22,1.68,923287.0,4948579588.08,8.14,54.86,50.61,50.8,52.22,1.29,15.45,26.78,5.86,39466287923.0,32202497219.0,0.0,0.02,1.37,-3.68
313,301226,祥明智能,44.91,3.22,1.4,138299.0,606599585.16,8.94,45.12,41.23,42.3,43.51,1.07,12.71,187.14,5.36,4886208000.0,4886208000.0,0.07,-0.13,35.15,31.97
314,301141,中科磁业,53.93,3.22,1.68,70846.0,378855435.14,7.79,55.07,51.0,51.01,52.25,2.49,15.92,148.86,5.23,6689078388.0,2400564788.0,-0.04,0.15,-1.19,3.27
315,920061,西磁科技,23.84,3.2,0.74,18561.0,44111838.37,7.79,24.39,22.59,22.82,23.1,2.74,4.72,361.35,6.04,1687633600.0,938447296.0,0.51,-0.13,-18.27,-15.46
316,603615,茶花股份,18.68,3.2,0.58,86418.0,164194990.0,8.73,19.68,18.1,18.1,18.1,1.82,3.57,576.04,3.95,4517197600.0,4517197600.0,-0.27,-0.32,-23.13,-20.1
317,002418,康盛股份,5.17,3.19,0.16,1499754.0,767415815.14,6.19,5.25,4.94,4.98,5.01,2.38,13.2,318.55,4.08,5875188000.0,5875174237.0,0.19,-0.19,5.73,8.39
318,600133,东湖高新,9.15,3.16,0.28,245349.0,215292636.0,5.98,9.15,8.62,8.81,8.87,1.82,2.3,96.69,1.11,9756094856.0,9756094856.0,3.62,4.21,-0.65,0.77
319,688511,*ST天微,21.64,3.15,0.66,16897.0,36243235.0,4.39,21.77,20.85,20.85,20.98,1.41,1.26,84.75,2.63,2892789431.0,2892789431.0,0.19,0.19,-9.8,-0.92
320,300819,聚杰微纤,44.03,3.14,1.34,57812.0,251693599.0,6.09,44.5,41.9,42.43,42.69,0.99,4.29,93.87,7.56,6569496150.0,5933581868.0,0.2,0.0,29.54,27.36
321,000949,新乡化纤,7.58,3.13,0.23,942434.0,712625424.16,5.85,7.68,7.25,7.31,7.35,1.39,5.69,63.43,1.93,12559301409.0,12555852516.0,-0.13,0.0,26.76,37.82
322,301186,超达装备,61.73,3.09,1.85,36244.0,221125496.54,4.59,61.75,59.0,59.46,59.88,1.26,4.79,33.9,3.12,4972336253.0,4669841104.0,0.29,0.54,28.82,27.12
323,603031,安孚科技,52.28,3.08,1.56,95423.0,501694654.0,7.37,53.88,50.14,50.31,50.72,1.6,4.4,59.64,4.91,13479080178.0,11335398952.0,0.06,0.23,15.74,18.33
324,600986,浙文互联,10.41,3.07,0.31,2783021.0,2860723573.0,5.35,10.6,10.06,10.15,10.1,4.4,18.71,181.04,2.99,15483563985.0,15483563985.0,0.0,-0.1,26.8,33.12
325,301319,唯特偶,48.65,3.07,1.45,56609.0,271147267.2,7.39,49.49,46.0,46.56,47.2,2.03,6.05,65.3,5.16,6054536139.0,4550694875.0,-0.43,-0.45,-10.14,-12.25
326,688141,杰华特,63.22,3.06,1.88,165519.0,1043493051.0,7.04,64.88,60.56,61.7,61.34,1.29,3.68,-39.7,18.67,28469332121.0,28469332121.0,-0.52,0.0,30.49,45.57
327,002490,山东墨龙,9.45,3.05,0.28,785051.0,735915558.54,4.58,9.59,9.17,9.45,9.17,1.03,14.49,1462.42,15.14,7539667380.0,5119272900.0,-0.11,0.11,29.81,45.38
328,603901,永创智能,12.85,3.05,0.38,134760.0,171686724.0,6.58,13.08,12.26,12.35,12.47,2.14,2.76,39.85,2.56,6734504008.0,6266010522.0,-0.08,-0.16,-10.7,-9.51
329,002782,可立克,22.03,3.04,0.65,132850.0,291343268.36,6.64,22.39,20.97,21.0,21.38,1.3,2.73,36.46,4.93,10926087206.0,10717621436.0,0.0,0.05,17.87,21.31
330,001339,智微智能,63.87,3.03,1.88,64485.0,406820627.0,5.39,64.28,60.94,61.2,61.99,1.24,5.4,92.28,7.15,16112540084.0,7627009288.0,-0.02,0.06,18.1,24.97
331,300037,新宙邦,60.06,3.0,1.75,234387.0,1401818566.17,6.88,61.21,57.2,57.8,58.31,1.37,4.35,41.15,4.28,45152616589.0,32355791969.0,0.12,0.08,10.96,14.62
332,600234,科新发展,15.43,3.0,0.45,54465.0,83346302.0,7.68,15.8,14.65,14.93,14.98,1.74,2.07,97.71,8.1,4050698613.0,4050698613.0,-0.06,0.19,20.55,20.08
333,300668,杰恩设计,47.93,2.99,1.39,87552.0,412246024.5,9.58,48.9,44.44,45.99,46.54,1.05,8.78,244.83,7.36,5769874415.0,4778326806.0,0.36,-0.15,61.38,64.26
334,002066,瑞泰科技,21.01,2.99,0.61,101521.0,212155699.66,6.03,21.48,20.25,20.31,20.4,3.28,4.39,-85.43,7.86,4935396070.0,4853310000.0,-0.05,0.05,12.84,12.47
335,920132,泰鹏智能,13.83,2.98,0.4,28650.0,40983655.01,12.21,15.08,13.44,13.44,13.43,7.27,10.19,62.63,4.31,1145455920.0,388944202.0,0.44,0.51,-17.33,-14.79
336,301486,致尚科技,168.37,2.98,4.87,121288.0,2059838878.47,7.43,175.0,162.85,162.99,163.5,1.4,16.74,99.56,8.29,21666019128.0,12199038729.0,-0.03,0.19,29.96,35.73
337,002956,西麦食品,29.24,2.96,0.84,25284.0,73505317.6,4.47,29.48,28.21,28.38,28.4,1.07,1.13,37.07,4.18,6527738917.0,6527078561.0,0.0,0.03,10.63,3.98
338,000908,ST景峰,7.31,2.96,0.21,276516.0,202797320.77,5.35,7.45,7.07,7.16,7.1,0.85,3.14,-216.46,172.43,12862301012.0,6431150506.0,0.0,0.0,56.87,48.58
339,003038,鑫铂股份,15.03,2.95,0.43,115164.0,172769592.44,6.92,15.42,14.41,14.46,14.6,3.31,7.06,414.01,1.22,3662747348.0,2453295573.0,-0.07,0.0,-6.59,-4.87
340,300568,星源材质,15.41,2.94,0.44,1174459.0,1814901683.98,8.15,15.99,14.77,14.87,14.97,2.1,9.65,570.21,2.11,20737400947.0,18756170841.0,0.0,-0.06,-1.72,1.05
341,300394,天孚通信,346.9,2.94,9.9,484902.0,16728771469.68,8.48,359.71,331.13,337.02,337.0,1.33,6.25,133.69,48.98,269685572588.0,269143192703.0,-0.03,-0.02,71.94,70.86
342,603052,可川科技,66.26,2.94,1.89,94888.0,621911399.0,6.59,67.3,63.06,63.06,64.37,1.13,5.05,374.92,11.44,12450073905.0,12450073905.0,-0.03,0.0,80.35,110.02
343,605117,德业股份,126.91,2.93,3.61,148076.0,1866241941.0,6.06,129.85,122.38,122.4,123.3,1.06,1.63,36.4,11.18,115403392905.0,115403392905.0,0.01,-0.02,45.69,47.23
344,688256,寒武纪,1198.0,2.92,34.0,97509.0,11687631029.0,6.12,1222.22,1151.0,1160.0,1164.0,1.02,2.33,245.32,42.68,505178833660.0,501183568352.0,0.33,0.13,-13.38,-11.62
345,301182,凯旺科技,61.04,2.92,1.73,112345.0,713489718.49,15.83,67.9,58.51,58.85,59.31,3.85,11.72,-86.5,7.67,5848956568.0,5848956568.0,-0.02,0.11,48.48,43.22
346,002589,瑞康医药,3.52,2.92,0.1,2049799.0,732876433.1,11.4,3.75,3.36,3.4,3.42,1.46,15.01,327.31,0.99,5296580858.0,4806882249.0,0.0,0.0,5.39,9.32
347,002952,亚世光电,27.18,2.92,0.77,138663.0,367804765.82,6.25,27.2,25.55,25.93,26.41,1.33,10.53,268.09,5.14,4466761200.0,3578111970.0,-0.04,0.59,34.16,38.39
348,301571,国科天成,69.42,2.92,1.97,66303.0,459482152.4,7.75,71.33,66.1,67.0,67.45,1.61,5.56,61.16,6.11,12455746533.0,8272572446.0,0.09,0.12,22.22,20.35
349,603127,昭衍新药,37.0,2.92,1.05,424746.0,1577962537.0,8.04,38.55,35.66,35.95,35.95,0.92,6.74,93.09,3.33,27725884140.0,23323061518.0,-0.08,-0.27,-3.77,5.68
350,603458,勘设股份,10.99,2.9,0.31,188320.0,204822443.0,5.81,11.13,10.51,10.7,10.68,1.14,6.15,-8.72,1.29,3364308409.0,3364308409.0,-0.09,-0.09,-3.6,9.68
351,603530,神马电力,59.34,2.9,1.67,82167.0,488333099.0,6.45,60.6,56.88,56.99,57.67,2.14,1.92,69.35,15.69,25616162681.0,25365759689.0,-0.02,0.29,43.26,44.45
352,688717,艾罗能源,110.07,2.87,3.07,82414.0,904642618.0,6.18,112.61,106.0,106.99,107.0,1.05,8.32,152.18,4.03,17611200000.0,10902192227.0,-0.02,0.06,64.65,78.69
353,002929,润建股份,53.64,2.84,1.48,340840.0,1846654687.18,3.51,55.03,53.2,53.93,52.16,2.18,16.19,1775.61,2.41,15238216626.0,11294478255.0,-0.11,-0.02,31.34,34.74
354,300789,唐源电气,21.42,2.83,0.59,36451.0,76931307.0,6.34,21.72,20.4,20.61,20.83,1.43,3.69,59.11,2.89,3081246801.0,2118351313.0,-0.09,-0.28,-9.92,-6.87
355,603353,和顺石油,42.14,2.83,1.16,113135.0,476502536.0,7.35,43.46,40.45,40.82,40.98,0.97,6.64,249.15,4.39,7244118840.0,7181414520.0,-0.02,-0.09,51.69,54.19
356,600759,洲际油气,5.45,2.83,0.15,4983104.0,2685338234.0,3.77,5.5,5.3,5.42,5.3,1.03,12.03,204.14,2.57,22612100576.0,22583087501.0,0.0,1.11,63.17,74.68
357,300604,长川科技,134.2,2.83,3.69,227307.0,3034237418.27,6.24,136.16,128.01,128.8,130.51,1.31,4.64,73.79,19.68,85138977999.0,65687066577.0,0.13,-0.04,20.54,32.46
358,002259,升达林业,5.46,2.82,0.15,340245.0,185120159.06,5.46,5.58,5.29,5.31,5.31,2.01,4.52,157.26,15.13,4107712338.0,4107712338.0,-0.18,-0.18,37.88,44.44
359,600595,中孚实业,8.38,2.82,0.23,671450.0,557185630.0,6.13,8.47,7.97,8.01,8.15,1.04,1.68,21.22,2.01,33586244855.0,33586244855.0,-0.24,0.0,-0.83,6.75
360,300814,中富电路,94.23,2.82,2.58,115890.0,1094121098.83,7.47,96.66,89.81,89.84,91.65,1.33,6.05,485.71,10.97,18038461338.0,18038461338.0,0.01,-0.17,21.07,27.44
361,301317,鑫磊股份,54.9,2.81,1.5,61707.0,334156468.14,6.57,55.54,52.03,52.57,53.4,1.41,11.82,17.06,6.42,8629731000.0,2865600642.0,0.0,0.07,65.61,70.29
362,688679,通源环境,55.5,2.8,1.51,46036.0,252752758.0,6.8,56.68,53.01,53.26,53.99,1.45,3.5,-181.98,6.65,7308776963.0,7308776963.0,0.53,0.43,119.37,108.65
363,301133,金钟股份,43.33,2.8,1.18,61726.0,265138676.52,7.88,44.2,40.88,41.95,42.15,1.15,5.55,151.59,4.56,5263148818.0,4815521537.0,-0.34,0.02,12.25,13.1
364,688519,南亚新材,134.16,2.8,3.66,82082.0,1113427400.0,8.69,139.98,128.64,129.94,130.5,0.93,3.5,131.06,10.95,31496877628.0,31496877628.0,0.07,0.02,70.25,65.92
365,000612,焦作万方,12.52,2.79,0.34,526185.0,652152821.13,5.25,12.6,11.96,12.0,12.18,1.53,4.41,13.94,2.08,14926336413.0,14926336413.0,-0.16,0.0,5.3,13.61
366,002998,优彩资源,8.86,2.78,0.24,152268.0,134199738.82,5.34,8.95,8.49,8.61,8.62,2.33,5.63,46.6,1.9,3143649843.0,2396543385.0,-0.11,-0.11,17.2,17.35
367,688143,长盈通,65.82,2.76,1.77,154565.0,1001548129.0,8.2,67.13,61.88,62.99,64.05,1.18,12.63,364.75,6.29,8476352388.0,8054684719.0,0.06,0.27,33.13,31.09
368,603698,航天工程,32.08,2.75,0.86,293951.0,938386799.0,7.4,32.73,30.42,30.53,31.22,2.28,5.48,79.42,4.95,17194559200.0,17194559200.0,0.06,-0.25,-24.05,-17.21
369,688719,爱科赛博,46.09,2.74,1.23,32815.0,150094450.0,5.28,46.59,44.22,44.22,44.86,1.18,3.66,-124.5,3.1,5318113916.0,4135300715.0,-0.22,-0.24,2.74,4.39
370,300806,斯迪克,50.68,2.74,1.35,158070.0,798404552.24,6.93,51.89,48.47,48.8,49.33,1.15,5.0,380.61,10.13,22973269492.0,16025531517.0,-0.02,0.02,62.8,64.87
371,300975,商络电子,20.6,2.74,0.55,714498.0,1481281667.97,10.77,21.75,19.59,19.65,20.05,1.41,14.52,75.08,6.21,14152315442.0,10136709753.0,-0.15,0.1,53.39,62.33
372,603256,宏和科技,76.2,2.74,2.03,231438.0,1740922187.0,6.78,77.18,72.15,72.5,74.17,0.89,2.63,341.38,40.63,68929487109.0,67035235500.0,0.07,0.13,104.73,107.01
373,601068,中铝国际,6.38,2.74,0.17,423646.0,265837176.0,5.8,6.43,6.07,6.11,6.21,1.49,1.66,74.0,6.36,19062395383.0,16330188455.0,0.0,0.16,6.69,20.6
374,301326,捷邦科技,150.22,2.74,4.01,22025.0,332198449.5,7.12,154.41,144.0,145.59,146.21,1.43,3.06,-651.37,8.52,10922455340.0,10824464581.0,-0.22,-0.01,28.56,37.61
375,300567,精测电子,131.72,2.73,3.5,105732.0,1395544046.82,8.17,135.98,125.5,126.0,128.22,1.19,4.66,276.11,10.43,36848094647.0,29906831845.0,0.19,0.08,27.02,44.43
376,001299,美能能源,13.93,2.73,0.37,57359.0,78622941.5,3.76,13.96,13.45,13.55,13.56,1.15,2.63,32.98,2.79,3379955782.0,3042310872.0,0.0,0.14,6.99,-5.3
377,300757,罗博特科,488.25,2.73,12.97,89341.0,4390237503.29,4.83,499.94,477.0,478.0,475.28,1.03,5.93,-1231.7,48.9,81834660196.0,73556216906.0,0.0,-0.03,94.01,109.28
378,688381,帝奥微,23.0,2.72,0.61,49354.0,113323996.0,6.16,23.46,22.08,22.29,22.39,2.27,1.99,-81.28,2.25,5692500000.0,5692500000.0,-0.09,-0.17,-3.36,0.83
379,688660,电气风电,12.89,2.71,0.34,363963.0,470870127.0,9.32,13.44,12.27,12.41,12.55,2.43,2.73,-17.38,4.15,17186667526.0,17186667526.0,-0.15,0.23,-26.34,-24.22
380,301251,威尔高,64.79,2.71,1.71,68990.0,438618168.03,4.93,64.92,61.81,61.97,63.08,1.21,12.78,93.77,5.56,8726476532.0,3498213791.0,-0.03,0.09,20.2,23.93
381,002338,奥普光电,51.38,2.7,1.35,64860.0,335686931.4,6.4,52.65,49.45,49.69,50.03,2.16,2.7,243.06,9.06,12331200000.0,12331200000.0,-0.12,-0.19,-14.68,-12.01
382,301196,唯科科技,107.3,2.7,2.82,55359.0,586942619.61,7.48,108.51,100.7,101.9,104.48,0.94,6.75,45.39,4.06,13446163980.0,8794480860.0,-0.08,-0.1,36.32,34.18
383,301149,隆华新材,12.73,2.66,0.33,223297.0,280398187.63,4.76,12.74,12.15,12.25,12.4,1.42,8.55,40.9,2.68,5473900229.0,3325441529.0,0.0,0.08,17.87,19.64
384,301590,优优绿能,179.6,2.65,4.64,8350.0,152277343.56,5.79,188.0,177.87,177.87,174.96,2.06,9.71,45.74,3.88,7552741789.0,1545041508.0,0.11,0.23,-4.91,1.3
385,300845,捷安高科,12.42,2.64,0.32,117623.0,144639036.03,6.2,12.59,11.84,12.01,12.1,1.9,8.13,555.27,3.19,2554062462.0,1796046562.0,0.08,0.08,10.11,10.2
386,688163,赛伦生物,29.92,2.64,0.77,23883.0,70833575.0,4.36,30.16,28.89,29.26,29.15,0.76,2.21,62.61,2.91,3237942400.0,3237942400.0,0.23,0.23,33.63,37.44
387,000628,高新发展,55.5,2.63,1.42,142584.0,780121747.87,4.99,55.88,53.18,53.6,54.08,2.03,7.42,170.37,8.84,19551540000.0,10669241468.0,-0.04,-0.11,22.11,24.47
388,002831,裕同科技,38.05,2.62,0.97,212968.0,816399961.79,9.98,39.89,36.19,36.98,37.08,1.29,4.17,22.25,3.04,35025538675.0,19443291983.0,0.0,0.0,30.53,33.46
389,301209,联合化学,89.87,2.61,2.29,11348.0,100257742.02,4.44,89.97,86.08,87.62,87.58,1.21,1.19,159.21,13.19,10065440000.0,8599031210.0,0.08,0.33,-19.41,-20.39
390,688362,甬矽电子,44.02,2.59,1.11,210133.0,939132889.0,9.28,46.28,42.3,42.51,42.91,1.39,5.12,219.72,6.84,18069791414.0,18069791414.0,-0.2,-0.07,20.6,35.82
391,605208,永茂泰,13.85,2.59,0.35,90358.0,123830351.0,4.44,13.95,13.35,13.54,13.5,1.69,2.74,68.31,2.1,4569669000.0,4569669000.0,0.07,0.0,0.65,1.99
392,688127,蓝特光学,67.35,2.59,1.7,113711.0,776258864.0,8.76,70.51,64.76,65.36,65.65,1.07,2.8,70.31,12.49,27337210095.0,27337210095.0,0.07,0.06,70.51,74.98
393,600078,澄星股份,11.89,2.59,0.3,302179.0,355437443.0,5.69,12.08,11.42,11.42,11.59,1.8,4.56,216.18,4.64,8047304917.0,7877991317.0,0.0,0.34,8.19,23.98
394,301128,强瑞技术,163.33,2.57,4.09,71374.0,1166663584.46,8.53,168.2,154.61,158.91,159.24,0.89,8.09,109.31,18.99,16895062629.0,14410827375.0,0.0,0.14,66.17,61.86
395,300731,科创新源,66.23,2.57,1.66,95516.0,629268076.0,6.61,67.77,63.5,63.68,64.57,1.16,7.95,232.68,13.53,8386824379.0,7959467687.0,0.23,0.42,19.76,17.81
396,002135,东南网架,7.2,2.56,0.18,373655.0,266306110.42,6.98,7.34,6.85,6.94,7.02,0.89,3.58,118.31,1.27,8031753360.0,7515870350.0,0.28,0.42,45.45,58.59
397,603308,应流股份,68.7,2.54,1.7,235736.0,1619804635.0,4.78,70.16,66.96,67.8,67.0,1.35,3.47,119.04,9.51,46650147684.0,46650147684.0,-0.03,-0.07,68.09,64.55
398,603778,国晟科技,32.84,2.53,0.81,1426749.0,4715307018.0,9.87,34.27,31.11,32.0,32.03,1.1,22.19,-107.63,29.64,21675783221.0,21111428543.0,-0.03,0.43,54.18,86.59
399,600938,中国海油,38.31,2.52,0.94,742752.0,2810690491.0,3.08,38.4,37.25,37.55,37.37,0.97,2.48,14.92,2.27,1820872537127.0,114546900000.0,0.0,-0.08,28.6,26.94
400,688662,富信科技,62.45,2.51,1.53,54443.0,338015839.0,6.14,63.5,59.76,59.76,60.92,1.22,6.17,138.16,7.54,5510588000.0,5510588000.0,0.18,0.32,21.4,21.85
401,300164,通源石油,14.35,2.5,0.35,1759163.0,2519048892.34,5.43,14.73,13.97,14.46,14.0,1.12,30.16,112.65,5.8,8444381326.0,8369074664.0,0.0,-0.07,135.25,159.96
402,300669,沪宁股份,32.36,2.5,0.79,18652.0,59101627.0,6.27,32.68,30.7,31.6,31.57,1.64,1.02,318.46,7.13,6235950821.0,5905697961.0,-0.12,-0.43,24.51,23.04
403,002428,云南锗业,55.59,2.47,1.34,925942.0,5137385809.25,6.18,56.7,53.35,53.8,54.25,1.03,14.18,1500.43,24.95,36306940800.0,36302250394.0,-0.02,0.14,74.05,75.09
404,002898,*ST赛隆,13.28,2.47,0.32,25201.0,33585969.3,4.24,13.56,13.01,13.23,12.96,1.0,2.49,-43.39,5.08,2337280000.0,1344766810.0,-0.15,-0.08,-5.41,-2.5
405,600895,张江高科,37.13,2.46,0.89,530703.0,1973357167.0,7.12,38.17,35.59,35.74,36.24,2.47,3.43,58.31,4.21,57502842992.0,57502842992.0,0.0,0.03,-16.6,-15.42
406,300677,英科医疗,59.45,2.45,1.42,257669.0,1486196026.21,7.74,59.54,55.05,55.13,58.03,1.0,5.53,31.58,2.14,38925081485.0,27680704859.0,-0.1,-0.07,52.44,52.83
407,603124,江南新材,117.0,2.45,2.8,30385.0,352804051.0,4.38,118.0,113.0,113.38,114.2,1.16,3.92,77.4,9.49,17052188283.0,9080230770.0,0.04,0.08,34.9,48.35
408,300179,四方达,24.39,2.44,0.58,632391.0,1521506802.73,7.94,24.9,23.01,23.3,23.81,1.21,16.91,127.13,9.65,11846806653.0,9121418004.0,0.37,0.37,53.3,61.31
409,300302,同有科技,21.88,2.43,0.52,460988.0,1002445631.8,6.88,22.42,20.95,21.02,21.36,1.31,12.5,846.78,9.77,10486291900.0,8069648023.0,-0.05,0.05,12.09,20.62
410,603803,瑞斯康达,14.34,2.43,0.34,915745.0,1286673550.0,7.43,14.5,13.46,13.8,14.0,1.2,21.55,-97.05,3.88,6092830207.0,6092830207.0,0.28,0.42,28.26,29.31
411,301183,东田微,195.9,2.42,4.62,103834.0,1999469074.59,5.75,197.0,186.0,188.7,191.28,0.97,17.69,147.01,16.8,15686956965.0,11499981563.0,-0.05,0.13,25.44,26.31
412,603936,博敏电子,13.96,2.42,0.33,443201.0,613515771.0,4.48,14.03,13.42,13.45,13.63,1.51,7.03,164.48,2.01,8800356136.0,8800356136.0,0.07,0.0,5.12,9.92
413,688479,友车科技,34.47,2.41,0.81,25578.0,87497208.0,5.53,35.01,33.15,33.68,33.66,0.75,4.1,116.58,2.66,4974620778.0,2148080778.0,-0.29,-0.29,79.53,83.06
414,300651,金陵体育,34.02,2.41,0.8,255436.0,863016058.95,4.7,34.33,32.77,33.33,33.22,1.09,29.22,102.06,4.44,4803953586.0,2974471545.0,-0.12,0.06,64.51,67.75
415,600884,杉杉股份,14.0,2.41,0.33,946027.0,1320631416.0,6.66,14.33,13.42,13.51,13.67,1.94,5.16,83.28,1.44,31491780082.0,25691536444.0,0.0,0.0,3.32,3.63
416,603721,*ST天择,20.08,2.4,0.47,15900.0,31625839.0,3.37,20.15,19.49,19.52,19.61,1.67,1.22,-174.72,5.68,2610400000.0,2610400000.0,0.0,-0.05,3.03,4.42
417,600176,中国巨石,28.0,2.38,0.65,952071.0,2611902787.0,6.03,28.05,26.4,27.0,27.35,1.18,2.38,34.12,3.6,112087828384.0,112087828384.0,0.21,0.11,59.91,63.74
418,603162,海通发展,14.64,2.38,0.34,196653.0,289861168.0,4.55,14.98,14.33,14.33,14.3,1.56,7.04,29.22,3.01,13587417789.0,4090789261.0,0.14,-0.07,19.71,22.1
419,600066,宇通客车,37.58,2.37,0.87,269811.0,1009241526.0,3.57,37.77,36.46,36.46,36.71,0.58,1.22,14.98,5.33,83199836000.0,83199836000.0,0.0,0.05,12.51,14.92
420,002440,闰土股份,12.09,2.37,0.28,524579.0,633866557.14,4.23,12.35,11.85,11.89,11.81,1.91,5.54,45.29,1.43,13589158851.0,11441476308.0,0.08,0.17,57.83,61.85
421,000062,深圳华强,28.98,2.37,0.67,855786.0,2434415830.23,5.4,29.13,27.6,27.93,28.31,1.65,8.19,65.47,4.5,30310452152.0,30281204231.0,-0.03,0.24,15.18,17.71
422,603259,药明康德,106.19,2.36,2.45,477029.0,5070197962.0,4.54,107.68,102.97,103.73,103.74,0.95,1.93,16.54,3.97,316845172289.0,262637629323.0,0.01,-0.05,10.33,17.16
423,688231,隆达股份,31.67,2.36,0.73,32730.0,102641807.0,5.3,31.95,30.31,31.03,30.94,1.19,1.33,104.03,2.83,7817965719.0,7817965719.0,0.03,0.0,14.66,21.81
424,301055,张小泉,23.12,2.35,0.53,48047.0,110198729.66,4.91,23.25,22.14,22.37,22.59,0.94,3.08,71.23,5.51,3606720000.0,3606720000.0,0.04,0.3,11.74,17.9
425,300057,万顺新材,6.96,2.35,0.16,832747.0,575881472.65,6.18,7.1,6.68,6.7,6.8,1.36,11.37,-54.24,1.21,6297140847.0,5095876341.0,-0.14,-0.29,16.19,22.32
426,301310,鑫宏业,43.38,2.34,0.99,58080.0,248859683.55,4.69,43.5,41.51,41.79,42.39,1.62,11.56,47.28,2.59,5923731607.0,2179591661.0,-0.14,-0.02,1.64,1.0
427,603115,海星股份,45.23,2.33,1.03,104274.0,467463150.0,9.14,46.8,42.76,43.05,44.2,0.86,4.31,55.77,5.3,10940702792.0,10940702792.0,0.0,0.44,117.87,141.74
428,688788,科思科技,58.88,2.33,1.34,27628.0,161628498.0,3.91,59.33,57.08,57.08,57.54,1.61,1.76,-31.73,5.04,9236765143.0,9236765143.0,-0.15,-0.22,-11.71,-12.56
429,002916,深南电路,243.0,2.31,5.49,153479.0,3689769508.04,3.74,244.88,236.0,237.04,237.51,1.41,2.31,50.53,9.45,165523482585.0,161548696350.0,0.04,-0.07,3.7,4.61
430,000807,云铝股份,35.56,2.3,0.8,685372.0,2419025341.49,4.98,35.78,34.05,34.18,34.76,1.11,1.98,20.37,3.85,123320565322.0,123319274352.0,0.0,0.0,1.89,8.28
431,301499,维科精密,31.25,2.29,0.7,32130.0,99321727.55,5.3,31.63,30.01,30.43,30.55,2.01,9.3,81.61,3.33,4320464563.0,1080116156.0,0.16,-0.19,1.46,6.18
432,600741,华域汽车,20.56,2.29,0.46,241944.0,494612233.0,3.08,20.56,19.94,20.0,20.1,0.86,0.77,8.99,0.97,64820005111.0,64820005111.0,0.1,0.29,-0.92,2.8
433,920047,诺思兰德,29.52,2.29,0.66,80268.0,237133626.07,7.1,30.64,28.59,29.0,28.86,0.92,4.46,-150.71,29.23,8096508672.0,5316741725.0,0.0,0.07,21.78,24.5
434,600522,中天科技,31.4,2.28,0.7,2222982.0,6900041051.0,9.02,32.18,29.41,30.28,30.7,1.32,6.51,34.37,2.93,107166619073.0,107166619073.0,0.19,0.48,71.96,73.29
435,000338,潍柴动力,25.98,2.28,0.58,1370188.0,3533828169.22,5.43,26.28,24.9,25.0,25.4,1.32,2.74,20.71,2.43,226348076554.0,129990748712.0,0.19,0.27,47.11,51.05
436,603829,洛凯股份,28.92,2.26,0.64,61431.0,176420919.0,6.22,29.29,27.53,28.0,28.28,1.18,3.3,56.57,4.22,5386817318.0,5386817318.0,0.1,0.28,29.86,30.09
437,300293,蓝英装备,19.11,2.25,0.42,178138.0,342105421.33,6.8,19.58,18.31,18.37,18.69,1.64,5.26,-154.43,6.92,6467552206.0,6467552206.0,0.05,0.0,-12.66,-9.52
438,300715,凯伦股份,13.7,2.24,0.3,64859.0,87605485.4,5.6,13.82,13.07,13.4,13.4,1.11,2.07,147.08,2.79,5179359391.0,4287533615.0,0.0,0.07,17.9,31.23
439,000608,*ST阳光,4.12,2.23,0.09,162733.0,66411605.53,4.96,4.17,3.97,3.99,4.03,0.94,2.18,-14.16,1.49,3089642833.0,3071161543.0,0.0,-0.24,42.07,56.65
440,300447,全信股份,19.83,2.22,0.43,163768.0,324017894.9,5.72,20.17,19.06,19.23,19.4,1.59,8.13,208.84,3.1,6193114736.0,3994809321.0,-0.05,-0.15,10.17,9.68
441,002762,*ST金比,7.36,2.22,0.16,38178.0,27991294.63,3.33,7.42,7.18,7.18,7.2,1.09,1.81,-24.75,3.38,2605624000.0,1555745274.0,0.68,0.55,1.8,6.98
442,600392,盛和资源,25.27,2.18,0.54,1031864.0,2599893256.0,5.01,25.69,24.45,24.7,24.73,1.46,5.89,42.18,3.33,44293927424.0,44293927424.0,0.04,0.0,12.81,17.37
443,600990,四创电子,23.08,2.17,0.49,83102.0,192141269.0,4.96,23.51,22.39,22.5,22.59,2.74,3.09,-52.02,3.47,6255864719.0,6208813024.0,0.04,0.04,-30.42,-27.08
444,920976,视声智能,31.55,2.17,0.67,17497.0,54906437.43,5.12,32.0,30.42,30.78,30.88,1.96,3.97,33.28,8.03,2238579770.0,1391973380.0,0.0,-0.13,15.91,18.34
445,002531,天顺风能,11.31,2.17,0.24,678664.0,757659549.04,7.41,11.53,10.71,10.91,11.07,1.01,3.8,-86.29,2.35,20322697622.0,20208541732.0,0.0,-0.18,59.97,64.87
446,300058,蓝色光标,16.66,2.15,0.35,8650743.0,14282218549.7,4.97,16.95,16.14,16.4,16.31,2.61,24.86,229.25,7.54,59813085642.0,57977295768.0,-0.06,-0.12,21.96,44.62
447,002821,凯莱英,121.25,2.13,2.53,151466.0,1827639731.52,4.97,122.45,116.55,118.72,118.72,0.75,4.78,38.63,2.48,43756090113.0,38441567783.0,0.0,-0.25,25.5,30.47
448,002848,*ST高斯,13.97,2.12,0.29,40135.0,55824762.75,4.02,14.15,13.6,13.66,13.68,1.25,2.43,-41.67,20.23,2335085500.0,2304019182.0,0.0,0.0,41.11,55.57
449,300798,锦鸡股份,10.1,2.12,0.21,404286.0,406658008.91,6.57,10.38,9.73,9.85,9.89,1.59,10.6,-233.33,2.82,4735537237.0,3852306347.0,-0.49,-0.49,39.31,42.05
450,000938,紫光股份,27.02,2.12,0.56,1658678.0,4444598682.72,5.29,27.43,26.03,26.16,26.46,1.62,5.8,41.29,5.34,77279358195.0,77279358195.0,-0.04,-0.04,6.0,9.84
451,600236,桂冠电力,9.7,2.11,0.2,191426.0,184434711.0,4.11,9.74,9.35,9.45,9.5,1.16,0.24,23.31,4.19,76459064679.0,76459064679.0,0.1,0.31,24.04,23.88
452,002463,沪电股份,85.84,2.11,1.77,1013954.0,8702831456.24,3.52,87.11,84.15,84.68,84.07,1.59,5.27,43.22,10.93,165187366016.0,165054052118.0,0.0,-0.01,16.47,17.48
453,002692,远程股份,6.28,2.11,0.13,924066.0,586681370.76,8.29,6.62,6.11,6.25,6.15,2.09,12.88,68.48,3.71,4509956880.0,4507212363.0,0.16,0.16,21.94,23.62
454,688257,新锐股份,73.36,2.1,1.51,89066.0,656100094.0,7.11,75.31,70.2,70.9,71.85,0.84,3.53,78.26,7.82,18516687853.0,18516687853.0,0.0,0.08,96.99,114.0
455,301550,斯菱智驱,169.38,2.09,3.47,46775.0,789955225.53,6.16,172.83,162.61,165.17,165.91,1.0,3.32,210.14,14.72,39173359500.0,23896057567.0,-0.07,-0.08,1.94,22.12
456,300686,智动力,18.13,2.08,0.37,373735.0,673965321.5,10.14,18.8,17.0,17.31,17.76,2.54,14.44,-54.98,5.02,4725117109.0,4693998777.0,0.17,0.11,19.83,20.39
457,300483,首华燃气,20.11,2.08,0.41,396102.0,793661438.29,4.26,20.49,19.65,20.04,19.7,0.86,10.38,45.35,2.5,7677923191.0,7675509991.0,-0.1,-0.1,32.48,41.82
458,000697,ST炼石,9.88,2.07,0.2,96893.0,95287900.0,5.06,10.06,9.57,9.61,9.68,2.22,1.48,-26.63,4.13,13793352404.0,6452700598.0,-0.1,0.0,10.39,14.22
459,002438,江苏神通,17.23,2.07,0.35,105767.0,179478849.88,4.21,17.26,16.55,16.72,16.88,1.32,2.26,27.99,2.38,8744870453.0,8078813892.0,0.06,-0.06,7.89,8.36
460,301349,信德新材,59.16,2.07,1.2,81370.0,476558606.44,4.68,59.84,57.13,57.6,57.96,1.25,7.98,156.25,2.21,6034320000.0,6034320000.0,0.0,0.27,22.0,26.11
461,301389,隆扬电子,54.4,2.06,1.1,100851.0,548079572.56,6.4,55.3,51.89,52.01,53.3,1.33,11.93,148.82,6.94,15422400000.0,4600556157.0,0.02,-0.04,1.08,-0.33
462,301217,铜冠铜箔,43.05,2.06,0.87,631884.0,2710480402.97,7.68,43.78,40.54,41.0,42.18,1.45,7.62,426.74,6.6,35689119169.0,35689119169.0,-0.02,0.68,22.89,25.58
463,002335,科华数据,58.77,2.05,1.18,306523.0,1798041157.22,5.71,59.9,56.61,56.81,57.59,1.63,6.74,65.95,4.79,30290883190.0,26721111288.0,-0.02,-0.02,0.88,5.83
464,605287,德才股份,43.4,2.05,0.87,114751.0,496186438.0,5.9,44.62,42.11,42.53,42.53,1.33,8.2,92.87,3.91,6076000000.0,6076000000.0,0.23,0.23,52.66,67.44
465,300410,正业科技,8.51,2.04,0.17,211771.0,181062485.33,6.83,8.78,8.21,8.28,8.34,2.24,5.77,101.69,12.98,3124146922.0,3124146922.0,0.12,0.0,0.24,4.03
466,601339,百隆东方,7.52,2.04,0.15,100826.0,75477832.0,3.93,7.57,7.28,7.3,7.37,1.06,0.67,15.38,1.23,11276758880.0,11276758880.0,-0.13,0.13,27.46,29.88
467,688630,芯碁微装,244.9,2.04,4.9,98509.0,2422996992.0,6.98,251.95,235.2,239.2,240.0,1.62,7.48,111.28,13.98,32263301348.0,32263301348.0,0.0,0.0,75.64,82.04
468,605319,无锡振华,27.83,2.02,0.55,131878.0,368731672.0,7.7,29.0,26.9,27.28,27.28,1.64,3.79,22.94,3.75,9743214009.0,9689056829.0,0.0,-0.18,29.8,32.27
469,600525,ST长园,5.55,2.02,0.11,188965.0,104972524.0,5.7,5.69,5.38,5.4,5.44,1.63,1.43,-16.74,1.95,7319229844.0,7319229844.0,0.0,0.0,44.16,57.22
470,920088,科力股份,53.88,2.01,1.06,100449.0,546850012.31,4.18,55.51,53.3,54.5,52.82,1.04,30.84,83.72,6.83,4745292420.0,1754668472.0,0.07,0.17,71.54,84.52
471,688120,华海清科,182.14,2.0,3.58,46972.0,858340559.0,6.17,186.68,175.66,176.66,178.56,1.42,1.33,59.34,8.61,64414173641.0,64414173641.0,-0.4,-0.27,11.69,21.36
472,600313,农发种业,7.68,1.99,0.15,798045.0,608415452.0,3.32,7.73,7.48,7.6,7.53,1.2,7.37,107.93,4.21,8919352082.0,8311285732.0,0.13,0.13,17.61,19.25
473,002990,盛视科技,33.28,1.99,0.65,137339.0,456792963.0,6.9,34.2,31.95,32.17,32.63,0.96,10.24,106.61,3.56,8714439153.0,4462694513.0,-0.09,-0.21,11.9,17.56
474,605588,冠石科技,55.48,1.99,1.08,16678.0,92691235.0,5.35,56.76,53.85,53.9,54.4,1.58,2.28,-57.84,4.21,4065323686.0,4055563644.0,-0.02,0.05,7.21,9.88
475,605099,共创草坪,43.33,1.98,0.84,72925.0,314442573.0,3.62,43.76,42.22,42.48,42.49,1.04,1.82,25.39,5.8,17442028822.0,17394955110.0,-0.02,0.07,20.29,21.41
476,300487,蓝晓科技,71.57,1.98,1.39,30124.0,216086637.36,4.56,72.82,69.62,69.96,70.18,1.36,0.98,41.93,9.07,36438811560.0,22044917898.0,-0.31,-0.29,10.12,15.9
477,301018,申菱环境,104.3,1.97,2.01,141275.0,1463805041.13,6.74,105.8,98.91,99.5,102.29,1.53,7.14,138.66,10.46,27749282425.0,20626046130.0,0.24,0.23,55.37,64.2
478,001311,多利科技,32.04,1.97,0.62,44394.0,140312597.13,7.13,32.58,30.34,31.0,31.42,1.66,3.26,38.94,2.17,9948719061.0,4365587067.0,0.13,0.31,-1.84,-0.12
479,000034,神州数码,34.75,1.97,0.67,263476.0,914185541.13,3.52,35.32,34.12,34.25,34.08,1.61,4.35,48.18,2.28,25193445069.0,21069625908.0,0.03,0.03,-13.04,-10.69
480,002092,中泰化学,6.75,1.96,0.13,768912.0,515164833.0,2.87,6.78,6.59,6.62,6.62,0.87,2.99,-60.55,0.81,17482631740.0,17384932071.0,0.15,0.15,24.54,35.54
481,605589,圣泉集团,36.47,1.96,0.7,600394.0,2193582964.0,6.09,37.52,35.34,35.69,35.77,1.72,7.12,30.48,3.01,30867788522.0,30766091927.0,-0.27,-0.22,25.07,28.87
482,603429,*ST集友,10.38,1.96,0.2,57523.0,59662941.0,3.63,10.55,10.18,10.18,10.18,0.65,1.1,-299.05,4.3,5444159127.0,5444159127.0,0.19,0.0,2.67,4.74
483,600292,电投水电,14.6,1.96,0.28,210205.0,307705246.0,6.28,14.96,14.06,14.25,14.32,1.1,2.69,120.16,3.76,63951010535.0,11399926594.0,0.07,0.07,10.69,11.88
484,300235,方直科技,13.6,1.95,0.26,104641.0,141152538.5,3.67,13.65,13.16,13.33,13.34,1.36,5.15,364.7,4.91,3423754236.0,2762626358.0,-0.15,0.15,-15.0,-16.62
485,688678,福立旺,26.75,1.94,0.51,146454.0,388696379.0,6.36,27.27,25.6,25.85,26.24,1.39,5.09,139.5,3.78,7702213501.0,7702213501.0,-0.04,0.19,5.61,10.63
486,600126,杭钢股份,9.49,1.93,0.18,4462659.0,4423797561.0,8.59,10.24,9.44,10.24,9.31,5.26,13.21,238.93,1.64,32049524398.0,32049524398.0,-0.32,-1.04,12.71,16.3
487,000668,*ST荣控,14.81,1.93,0.28,18027.0,26647900.75,3.58,15.08,14.56,14.88,14.53,1.27,1.23,-59.52,3.08,2174728391.0,2174728391.0,0.34,0.54,36.75,50.81
488,301630,同宇新材,233.9,1.92,4.4,28417.0,667319278.07,6.71,240.3,224.91,229.37,229.5,1.55,28.42,68.32,5.59,9356000000.0,2339000000.0,-0.15,-0.12,33.81,37.43
489,002192,融捷股份,73.05,1.91,1.37,391695.0,2855192170.82,8.76,75.78,69.5,71.96,71.68,1.12,15.12,68.04,5.37,18967812579.0,18928546378.0,-0.04,0.08,31.41,41.16
490,003018,金富科技,31.5,1.91,0.59,163910.0,527646119.66,7.21,33.34,31.11,33.04,30.91,1.17,6.9,81.18,5.12,8190000000.0,7477706250.0,-0.1,0.16,87.39,80.83
491,002371,北方华创,472.84,1.91,8.86,93029.0,4380051603.86,4.31,478.0,458.01,461.0,463.98,1.18,1.28,50.1,9.5,342729854149.0,342455913350.0,0.06,0.14,-2.7,3.0
492,002654,万润科技,13.92,1.9,0.26,513645.0,711123614.24,5.56,14.16,13.4,13.41,13.66,1.25,6.08,317.91,7.52,11766611412.0,11765776212.0,-0.14,0.29,-7.69,-1.07
493,600127,金健米业,7.49,1.9,0.14,793228.0,593672527.0,4.49,7.65,7.32,7.32,7.35,1.27,12.36,1274.12,7.16,4806956303.0,4806956303.0,0.0,0.13,10.8,11.46
494,603126,中材节能,8.06,1.9,0.15,218012.0,177014616.0,7.08,8.33,7.77,7.77,7.91,1.83,3.57,358.84,2.4,4920630000.0,4920630000.0,0.12,0.0,18.18,19.94
495,920045,蘅东光,379.0,1.88,7.0,17144.0,642854497.61,6.56,384.94,360.52,362.0,372.0,1.38,8.52,85.48,23.96,25799116692.0,7628335765.0,-0.06,-0.04,16.19,22.65
496,600075,新疆天业,6.52,1.88,0.12,457805.0,293575103.0,6.88,6.67,6.23,6.3,6.4,0.67,2.68,-195.09,1.25,11134827051.0,11134827051.0,-0.31,0.0,19.2,31.72
497,688400,凌云光,46.04,1.86,0.84,175929.0,812126880.0,5.2,46.95,44.6,44.6,45.2,1.14,3.82,137.16,4.99,22063767386.0,21223368787.0,-0.2,-0.24,2.81,8.64
498,688202,美迪西,65.8,1.86,1.2,41856.0,277755105.0,6.15,67.59,63.62,63.96,64.6,1.08,3.12,-57.03,4.5,8840373707.0,8840373707.0,0.05,0.0,7.9,16.67
499,300210,森远股份,9.38,1.85,0.17,167948.0,156804398.0,4.99,9.56,9.1,9.19,9.21,1.4,3.47,403.69,11.0,4541983159.0,4537630792.0,0.11,0.21,4.8,5.51
500,603997,继峰股份,12.68,1.85,0.23,100794.0,125502765.0,4.1,12.71,12.2,12.38,12.45,0.88,0.79,35.57,3.01,16132318476.0,16132318476.0,0.08,-0.08,-10.13,-8.78
501,000962,东方钽业,45.33,1.84,0.82,263467.0,1187686481.88,5.39,46.21,43.81,44.51,44.51,1.55,5.25,92.58,8.26,23909769325.0,22740191817.0,-0.04,-0.02,27.73,37.11
502,301172,君逸数码,29.57,1.83,0.53,153149.0,459079535.83,8.57,31.0,28.51,28.69,29.04,1.52,15.51,223.13,3.48,5100233600.0,2920512986.0,-0.14,-0.1,25.35,34.35
503,600654,中安科,4.48,1.82,0.08,6745486.0,3131369814.0,9.09,4.84,4.44,4.84,4.4,4.78,29.11,48.94,7.46,12891620614.0,10382094567.0,0.0,0.0,13.71,18.83
504,688330,宏力达,50.19,1.81,0.89,42103.0,212043767.0,5.52,51.3,48.58,48.77,49.3,1.92,3.01,11.0,1.59,7026600000.0,7026600000.0,0.02,0.04,35.47,38.92
505,002713,*ST东易,13.55,1.8,0.24,317249.0,426367519.55,4.66,13.7,13.08,13.49,13.31,1.05,6.03,-165.95,-4.88,12891540243.0,7134086260.0,0.0,0.44,36.87,50.89
506,300209,行云科技,11.9,1.8,0.21,1620074.0,1924694074.37,9.24,12.5,11.42,12.13,11.69,2.17,22.06,-598.3,11.15,11050769899.0,8741262048.0,0.08,0.17,111.74,118.35
507,002350,北京科锐,14.7,1.8,0.26,285738.0,414640647.56,4.29,14.78,14.16,14.44,14.44,1.09,5.39,206.25,4.83,7972270860.0,7799106624.0,0.07,0.0,76.9,80.59
508,002318,久立特材,31.75,1.8,0.56,110285.0,349744790.81,4.17,32.18,30.88,31.14,31.19,1.12,1.16,18.44,3.8,31025170360.0,30311370956.0,0.0,0.03,9.52,9.67
509,603038,华立股份,15.29,1.8,0.27,36372.0,54982732.0,3.4,15.32,14.81,14.88,15.02,1.52,1.35,65.82,2.95,4108072951.0,4108072951.0,0.2,0.07,-8.61,-5.03
510,301086,鸿富瀚,143.75,1.79,2.53,14944.0,211714366.94,3.64,143.8,138.66,139.72,141.22,0.81,3.16,118.83,6.7,12937500000.0,6804882494.0,0.24,0.07,24.08,28.47
511,301526,国际复材,12.52,1.79,0.22,1719215.0,2143942040.01,6.42,12.78,11.99,12.09,12.3,1.21,12.24,129.74,5.75,47211393161.0,17582999396.0,-0.4,-0.08,73.41,78.86
512,920807,奔朗新材,11.91,1.79,0.21,63760.0,76432851.81,7.09,12.3,11.47,11.5,11.7,2.33,5.16,92.81,2.31,2166190800.0,1471491481.0,0.08,0.08,-21.85,-18.2
513,002207,准油股份,7.99,1.78,0.14,608608.0,475272820.2,7.52,8.14,7.55,7.64,7.85,1.7,23.34,-49.28,59.11,2093822470.0,2083887081.0,0.13,0.5,1.4,7.97
514,605199,ST葫芦娃,6.86,1.78,0.12,52646.0,36209109.0,5.93,7.08,6.68,6.71,6.74,0.74,1.32,-183.57,3.98,2744746039.0,2744746039.0,0.29,0.44,-10.91,-9.97
515,002981,朝阳科技,24.53,1.78,0.43,42067.0,104215217.45,5.89,25.27,23.85,23.99,24.1,2.4,3.52,45.72,3.16,3372534401.0,2929299378.0,0.04,-0.04,-16.62,-14.14
516,600266,城建发展,5.15,1.78,0.09,704349.0,363290757.0,5.14,5.27,5.01,5.05,5.06,2.84,3.39,10.48,0.55,10690079061.0,10690079061.0,-0.39,-0.39,-16.12,1.58
517,688150,莱特光电,46.41,1.78,0.81,149887.0,690746308.0,6.75,47.38,44.3,44.8,45.6,1.18,3.72,84.96,9.75,18677128320.0,18677128320.0,-0.24,-0.15,70.0,71.7
518,603595,ST东尼,15.43,1.78,0.27,32586.0,49907836.0,4.49,15.65,14.97,15.12,15.16,1.31,1.4,-184.18,2.32,3586585090.0,3586585090.0,-0.32,0.13,-9.98,-8.75
519,002778,中晟高科,21.36,1.76,0.37,56237.0,119995974.27,3.14,21.61,20.95,21.5,20.99,1.53,4.56,31.72,8.44,2664730488.0,2636437886.0,0.09,0.09,0.99,1.04
520,600568,ST中珠,2.89,1.76,0.05,175307.0,50267208.0,3.17,2.9,2.81,2.82,2.84,1.11,1.05,-127.85,3.36,5759393378.0,4823604436.0,0.0,-0.34,14.68,15.14
521,605277,新亚电子,23.87,1.75,0.41,104067.0,247301394.0,4.22,24.05,23.06,23.06,23.46,2.0,3.27,36.57,4.79,7733589956.0,7593877270.0,0.0,0.13,6.85,8.5
522,300207,欣旺达,24.96,1.75,0.43,611549.0,1514794424.27,4.69,25.25,24.1,24.25,24.53,0.97,3.57,24.61,1.85,46112662652.0,42777376637.0,-0.04,0.0,-5.56,-4.55
523,301222,浙江恒威,35.98,1.75,0.62,60189.0,218775178.88,8.4,37.85,34.88,35.06,35.36,2.7,7.54,44.17,2.52,3606692768.0,2871982967.0,0.03,0.11,23.73,26.16
524,601515,衢州东峰,4.64,1.75,0.08,631033.0,293735892.0,4.61,4.74,4.53,4.53,4.56,0.56,3.28,-70.13,1.71,8929543913.0,8929543913.0,0.0,-0.43,8.67,7.91
525,002837,英维克,93.09,1.74,1.59,421797.0,3923600841.69,5.87,94.88,89.51,90.0,91.5,1.26,4.96,170.85,27.44,90907585659.0,79144649757.0,-0.02,-0.08,-9.18,-12.91
526,300863,卡倍亿,54.28,1.74,0.93,27355.0,147404585.24,3.15,54.42,52.74,53.06,53.35,0.94,1.51,55.7,7.15,10214184378.0,9817560310.0,0.02,-0.13,5.21,7.7
527,002816,*ST和科,23.39,1.74,0.4,27469.0,64433468.0,4.57,23.75,22.7,22.88,22.99,1.28,2.75,260.51,10.11,2339000000.0,2339000000.0,-0.04,0.13,2.59,4.09
528,000933,神火股份,34.73,1.73,0.59,481517.0,1666907125.9,4.8,35.14,33.5,33.63,34.14,0.97,2.14,19.5,3.18,78107922777.0,78052899517.0,-0.14,0.14,16.58,26.43
529,002379,宏桥控股,29.5,1.72,0.5,140720.0,414387342.54,4.79,29.92,28.53,28.62,29.0,0.83,1.24,21.52,0.74,384417986959.0,33523025714.0,0.03,0.07,8.02,23.33
530,000719,中原传媒,13.71,1.71,0.23,97502.0,132497290.43,3.04,13.75,13.34,13.35,13.48,1.35,1.46,10.4,1.15,14028123399.0,9146592815.0,0.07,0.07,12.56,16.58
531,301607,富特科技,48.26,1.71,0.81,35493.0,171146932.95,5.06,49.1,46.7,47.21,47.45,0.97,3.17,41.07,6.58,7500588456.0,5397660838.0,-0.02,-0.14,9.26,20.32
532,000831,中国稀土,51.71,1.71,0.87,388810.0,2014927166.62,5.06,52.75,50.18,50.38,50.84,1.44,3.66,214.15,11.35,54875727930.0,54875727930.0,-0.08,-0.1,5.72,11.35
533,300438,鹏辉能源,53.39,1.7,0.89,302472.0,1598776852.84,5.28,53.87,51.1,52.22,52.5,0.86,7.48,175.95,5.16,26873501990.0,21578328667.0,0.0,-0.07,0.64,0.32
534,002586,ST围海,4.78,1.7,0.08,77166.0,36517326.0,4.26,4.83,4.63,4.68,4.7,1.01,0.71,109.32,1.84,5469389353.0,5198336054.0,-0.21,-0.21,9.89,6.46
535,688603,天承科技,88.78,1.7,1.48,40814.0,356116765.0,4.65,88.88,84.82,86.3,87.3,1.19,8.61,132.4,9.29,11073043241.0,4210090269.0,0.02,0.32,13.78,18.44
536,002938,鹏鼎控股,55.6,1.7,0.93,353290.0,1951566136.31,4.37,55.99,53.6,53.8,54.67,1.32,1.53,34.48,3.78,128883636490.0,128404487310.0,0.05,0.02,4.59,9.92
537,603737,三棵树,51.61,1.69,0.86,39692.0,203517909.0,4.43,52.15,49.9,50.55,50.75,1.28,0.54,38.41,11.72,38078759782.0,38078759782.0,-0.25,-0.06,9.51,11.54
538,002158,汉钟精机,23.47,1.69,0.39,66670.0,156728740.0,5.24,23.96,22.75,22.81,23.08,1.79,1.25,26.72,2.87,12549975542.0,12523290387.0,-0.13,-0.21,-7.78,-6.23
539,688353,华盛锂电,117.45,1.69,1.95,65949.0,770540386.0,6.91,120.0,112.02,115.95,115.5,0.87,4.13,1413.13,5.46,18733275000.0,18733275000.0,0.04,0.14,-1.18,3.3
540,600255,鑫科材料,3.61,1.69,0.06,773483.0,277523244.0,3.66,3.63,3.5,3.51,3.55,1.9,4.28,211.07,4.47,6520190508.0,6520190508.0,0.0,-0.28,-9.75,-6.23
541,601952,苏垦农发,10.23,1.69,0.17,259801.0,265350934.0,2.49,10.34,10.09,10.13,10.06,0.92,1.89,25.47,2.0,14096940000.0,14096940000.0,0.0,0.2,11.32,12.17
542,300745,欣锐科技,25.9,1.69,0.43,51474.0,133082975.75,7.07,26.55,24.75,25.36,25.47,1.01,3.62,-52.29,1.93,4365872868.0,3685868653.0,0.12,-0.31,-4.74,0.54
543,301372,科净源,28.28,1.69,0.47,23906.0,67444492.0,3.56,28.6,27.61,28.36,27.81,1.53,5.81,91.06,2.46,1939200040.0,1164300185.0,-0.18,-0.21,9.91,11.51
544,600699,均胜电子,26.62,1.68,0.44,558891.0,1479005431.0,6.11,27.14,25.54,25.8,26.18,1.54,4.12,30.9,2.38,41281512387.0,36071528003.0,-0.04,0.04,-18.62,-15.11
545,600683,京投发展,9.07,1.68,0.15,196317.0,176613586.0,5.16,9.14,8.68,8.84,8.92,0.84,2.65,-13.48,-51.96,6718852805.0,6718852805.0,-0.22,-0.11,109.95,112.41
546,600487,亨通光电,59.54,1.67,0.98,1941819.0,11401581735.0,8.01,60.8,56.11,57.21,58.56,1.2,7.94,46.36,4.77,146848994982.0,145586084183.0,0.02,0.05,142.13,140.76
547,300073,当升科技,54.93,1.67,0.9,182641.0,1003268415.74,4.13,55.79,53.56,53.64,54.03,1.56,3.61,47.28,2.03,29898051183.0,27793004168.0,-0.02,-0.04,-9.21,-4.97
548,300134,大富科技,11.01,1.66,0.18,308021.0,336346625.54,4.71,11.14,10.63,10.66,10.83,1.56,4.32,-37.36,2.22,8450153046.0,7843722246.0,-0.18,-0.18,-15.7,-11.92
549,300916,朗特智能,30.72,1.65,0.5,32103.0,98293481.14,3.47,30.96,29.91,30.18,30.22,1.84,3.44,38.59,3.25,4443463895.0,2870021100.0,0.03,-0.07,-6.74,-6.28
550,002001,新 和 成,36.9,1.65,0.6,503310.0,1851296334.54,3.31,37.2,36.0,36.42,36.3,0.92,1.66,15.99,3.52,113409259992.0,112060205143.0,-0.03,-0.03,44.42,46.49
551,301188,力诺药包,24.06,1.65,0.39,426314.0,1030855494.86,9.72,25.29,22.99,25.06,23.67,0.95,15.93,94.88,3.8,6436930957.0,6436930957.0,0.46,0.25,35.78,36.7
552,688387,信科移动-U,15.5,1.64,0.25,816293.0,1256615805.0,9.05,15.98,14.6,14.9,15.25,1.4,4.05,-196.31,8.86,52990625000.0,31260046600.0,0.06,0.06,22.43,20.16
553,688069,德林海,32.39,1.63,0.52,21140.0,68300208.0,5.15,32.9,31.26,31.8,31.87,0.74,1.87,69.97,2.82,3660070000.0,3660070000.0,-0.28,-0.31,35.52,44.4
554,002787,华源控股,12.53,1.62,0.2,99511.0,122960723.24,4.38,12.62,12.08,12.23,12.33,1.47,3.97,37.01,2.27,4199762785.0,3143277228.0,0.0,0.16,0.8,0.64
555,301626,苏州天脉,264.0,1.62,4.2,23000.0,603308049.76,5.48,266.9,252.66,255.52,259.8,0.92,4.37,160.66,19.39,30539520000.0,13891415472.0,0.19,-0.22,42.09,41.71
556,002972,科安达,13.15,1.62,0.21,82542.0,108680539.2,4.1,13.35,12.82,12.86,12.94,1.22,6.13,37.0,2.63,3235015720.0,1770599042.0,0.0,0.08,9.31,10.04
557,920566,梓橦宫,10.65,1.62,0.17,40626.0,43111207.99,3.72,10.72,10.33,10.33,10.48,0.97,3.62,18.44,1.86,1549184997.0,1196490875.0,0.0,0.0,-7.79,-4.23
558,920344,三元基因,20.99,1.6,0.33,16412.0,35082277.37,9.2,22.33,20.43,20.47,20.66,1.09,1.44,470.04,4.08,2556791900.0,2387154057.0,-0.05,0.05,-14.15,-10.49
559,603296,华勤技术,99.05,1.6,1.56,172829.0,1704831407.0,5.95,101.61,95.81,97.0,97.49,0.83,3.04,24.82,3.9,100608288673.0,56346264464.0,0.02,-0.04,4.36,9.16
560,603978,深圳新星,24.98,1.59,0.39,95432.0,235516480.0,5.49,25.17,23.82,24.39,24.59,1.28,4.52,-63.96,3.49,5273135589.0,5273135589.0,-0.04,0.16,-14.16,-11.54
561,002245,蔚蓝锂芯,18.67,1.58,0.29,1205063.0,2237244455.45,6.64,19.1,17.88,18.38,18.38,1.27,11.1,31.49,2.91,21541642726.0,20260018545.0,0.0,-0.05,3.95,4.89
562,002427,尤夫股份,6.44,1.58,0.1,451268.0,292360480.04,6.47,6.69,6.28,6.34,6.34,1.85,4.58,245.39,6.69,6346187084.0,6341503330.0,-0.16,0.0,-3.74,-4.02
563,000811,冰轮环境,18.72,1.57,0.29,335013.0,625639692.54,3.96,18.95,18.22,18.35,18.43,1.82,3.42,32.55,3.02,18579187879.0,18315567148.0,-0.05,-0.05,10.51,1.08
564,688081,兴图新科,41.99,1.57,0.65,20984.0,87147912.0,5.06,42.17,40.08,41.34,41.34,1.22,2.04,-67.85,10.68,4326649600.0,4326649600.0,0.02,0.0,12.54,16.38
565,603272,联翔股份,33.65,1.57,0.52,95039.0,324703636.0,4.68,34.99,33.44,34.35,33.13,1.36,9.17,1191.91,6.25,3487048550.0,3487048550.0,-0.3,-0.47,74.9,67.33
566,688359,三孚新科,80.37,1.57,1.24,24775.0,197843309.0,4.15,81.08,77.8,79.0,79.13,1.21,2.51,-160.79,13.42,7936227834.0,7936227834.0,0.0,0.21,16.04,20.62
567,301160,翔楼新材,55.28,1.56,0.85,29177.0,161174777.15,6.74,56.99,53.32,54.56,54.43,1.68,3.95,31.08,3.68,6277365619.0,4086807834.0,0.02,-0.05,-28.16,-23.1
568,600589,大位科技,11.04,1.56,0.17,2330995.0,2552575509.0,3.68,11.1,10.7,10.87,10.87,2.1,15.77,323.23,23.05,16390755586.0,16322307586.0,0.0,0.09,38.35,54.19
569,600302,标准股份,12.39,1.56,0.19,187693.0,231984482.0,6.23,12.71,11.95,12.14,12.2,1.32,5.42,-69.92,7.22,4287061472.0,4287061472.0,-0.08,-0.32,19.36,18.11
570,603012,创力集团,8.49,1.56,0.13,221016.0,188059425.0,2.99,8.61,8.36,8.36,8.36,1.1,3.42,46.77,1.44,5488785000.0,5488785000.0,-0.12,-0.12,28.05,40.56
571,688106,金宏气体,27.5,1.55,0.42,442128.0,1234058592.0,7.64,28.97,26.9,26.95,27.08,1.18,8.81,104.61,4.46,13801055895.0,13801055895.0,-0.15,-0.15,31.83,40.38
572,301489,思泉新材,185.12,1.55,2.82,33562.0,620591612.12,4.94,188.0,179.0,179.98,182.3,0.95,7.05,176.58,13.8,14949155859.0,8811791046.0,0.01,-0.01,-6.85,-6.97
573,605198,安德利,41.28,1.55,0.63,31864.0,131943694.0,5.04,42.05,40.0,40.94,40.65,1.27,1.18,41.76,4.96,13795280640.0,11167726080.0,0.0,0.05,9.73,9.73
574,002986,宇新股份,15.8,1.54,0.24,82721.0,129879702.16,3.15,15.98,15.49,15.5,15.56,0.94,2.74,-70.28,1.58,6005917994.0,4769031584.0,-0.13,0.0,36.92,46.84
575,600352,浙江龙盛,13.87,1.54,0.21,630880.0,874964122.0,4.25,14.08,13.5,13.85,13.66,1.52,1.94,24.22,1.32,45123712898.0,45123712898.0,0.0,0.0,24.62,30.11
576,603021,ST华鹏,7.27,1.54,0.11,71216.0,51353108.0,3.07,7.32,7.1,7.11,7.16,0.93,2.23,-18.16,-56.81,2326022469.0,2326022469.0,-0.14,0.0,48.07,55.67
577,600971,恒源煤电,7.27,1.54,0.11,191110.0,137881656.0,2.65,7.31,7.12,7.18,7.16,0.97,1.59,-45.5,0.74,8724035507.0,8724035507.0,-0.27,-0.27,15.21,16.51
578,601388,怡球资源,3.97,1.53,0.06,1203787.0,475773928.0,3.84,4.0,3.85,3.89,3.91,0.99,5.47,67.22,1.91,8738853786.0,8738853786.0,-0.25,-0.25,24.45,31.89
579,300440,运达科技,16.59,1.53,0.25,114502.0,189447354.38,4.71,16.9,16.13,16.39,16.34,1.11,2.62,136.49,4.52,7291580394.0,7263459763.0,0.0,0.06,36.66,34.77
580,002046,国机精工,46.67,1.52,0.7,203900.0,944994661.28,4.61,47.15,45.03,45.31,45.97,2.5,3.86,91.05,5.78,25024027156.0,24679243104.0,0.02,-0.04,9.35,8.08
581,002436,兴森科技,22.08,1.52,0.33,786229.0,1718985970.92,3.86,22.16,21.32,21.49,21.75,1.51,5.21,214.06,6.96,37528792271.0,33351779412.0,-0.09,0.18,1.05,4.3
582,605289,罗曼股份,111.06,1.51,1.65,77520.0,868020423.0,8.77,116.3,106.71,109.41,109.41,1.19,7.16,222.62,9.2,12106372950.0,12031962750.0,0.75,-0.12,62.25,68.89
583,002487,大金重工,72.69,1.51,1.08,170676.0,1235155705.88,4.92,73.63,70.11,70.88,71.61,0.88,2.71,42.02,5.6,46358000179.0,45861594136.0,0.0,-0.04,35.36,39.98
584,300504,天邑股份,16.17,1.51,0.24,110503.0,176819816.0,3.83,16.19,15.58,15.73,15.93,1.29,5.06,-59.51,2.07,4382467459.0,3529127256.0,-0.12,0.19,6.24,8.6
585,300508,维宏股份,39.08,1.51,0.58,28676.0,112689324.28,6.44,40.24,37.76,38.0,38.5,1.56,3.5,48.44,4.94,4253714576.0,3199054918.0,-0.36,-0.31,8.56,5.91
586,688772,珠海冠宇,15.68,1.49,0.23,433965.0,681826167.0,5.44,16.08,15.24,15.25,15.45,1.75,3.83,37.64,2.42,17752671839.0,17752671839.0,-0.06,-0.06,-28.89,-27.17
587,600667,太极实业,9.63,1.48,0.14,1410977.0,1349267086.0,5.8,9.8,9.25,9.3,9.49,1.16,6.75,34.2,2.33,20141551174.0,20141551174.0,0.0,0.0,12.24,20.83
588,000679,大连友谊,6.87,1.48,0.1,100222.0,69384753.24,6.35,7.15,6.72,6.8,6.77,1.92,2.81,-32.16,12.4,2448468000.0,2448468000.0,-0.43,-0.15,-4.32,-3.51
589,688530,欧莱新材,31.79,1.47,0.46,130892.0,419050561.0,9.58,33.5,30.5,31.0,31.33,1.82,19.31,-125.63,6.31,5087824955.0,2154669105.0,0.19,-0.09,88.66,93.37
590,600367,红星发展,20.7,1.47,0.3,258530.0,529266664.0,3.33,20.76,20.08,20.29,20.4,1.09,8.03,49.32,2.85,7061409671.0,6664844867.0,0.0,0.05,14.68,18.49
591,002193,如意集团,6.21,1.47,0.09,130042.0,80647248.0,3.27,6.33,6.13,6.26,6.12,1.02,4.97,-10.16,2.97,1625253566.0,1625244251.0,0.0,-0.16,18.74,16.73
592,301306,西测测试,154.56,1.47,2.24,82067.0,1282808765.26,8.21,162.0,149.5,152.34,152.32,0.99,14.08,-92.31,14.25,13044864000.0,9010848000.0,-0.16,-0.21,17.06,35.15
593,603219,富佳股份,16.53,1.47,0.24,59000.0,98150960.0,4.85,16.97,16.18,16.19,16.29,1.2,1.05,86.66,5.76,9279942000.0,9279942000.0,0.12,-0.18,-5.92,-1.84
594,603618,杭电股份,26.36,1.46,0.38,868621.0,2256908262.0,8.66,26.8,24.55,25.87,25.98,0.93,12.56,-62.31,6.72,18224661238.0,18224661238.0,0.11,-0.26,214.93,227.05
595,600724,宁波富达,6.95,1.46,0.1,166532.0,115064480.0,4.09,6.99,6.71,6.79,6.85,0.57,1.15,54.78,3.5,10044425443.0,10042351515.0,-0.14,0.29,25.45,22.14
596,001390,古麒绒材,22.24,1.46,0.32,40063.0,89451606.16,4.74,22.79,21.75,21.88,21.92,2.52,8.01,24.06,2.8,4448000000.0,1112000000.0,0.04,-0.04,-10.75,-9.08
597,301560,众捷汽车,42.41,1.46,0.61,32585.0,138408232.0,4.9,43.15,41.1,41.33,41.8,1.03,13.4,63.05,5.26,5157056000.0,1031411200.0,-0.35,-0.26,22.57,24.52
598,301629,矽电股份,257.53,1.46,3.7,12294.0,318888554.34,7.33,266.61,248.0,249.43,253.83,1.57,6.4,321.58,9.22,10746024873.0,4943559787.0,-0.02,0.28,6.41,18.02
599,600195,中牧股份,8.42,1.45,0.12,586203.0,497240095.0,4.82,8.72,8.32,8.33,8.3,1.09,5.74,28.61,1.5,8598068349.0,8598068349.0,0.0,0.0,6.45,6.99
600,688582,芯动联科,62.65,1.44,0.89,50999.0,318618625.0,4.15,63.42,60.86,61.15,61.76,1.25,2.04,82.95,9.95,25168951858.0,15676223858.0,0.03,-0.06,-8.67,-5.23
601,600623,华谊集团,9.85,1.44,0.14,253680.0,249799370.0,2.78,9.99,9.72,9.75,9.71,0.88,1.35,39.7,0.94,20909888108.0,18478942120.0,-0.3,-0.2,18.96,27.76
602,000708,中信特钢,16.91,1.44,0.24,149312.0,253163337.13,3.9,17.15,16.5,16.6,16.67,1.08,0.3,14.4,1.98,85347444841.0,85347064366.0,-0.18,-0.18,6.82,3.3
603,002676,顺威股份,7.08,1.43,0.1,334234.0,237168527.5,4.3,7.21,6.91,6.93,6.98,1.36,4.64,65.09,3.91,5097600000.0,5097433330.0,0.0,0.14,-16.11,-14.08
604,002729,好利科技,21.32,1.43,0.3,195194.0,409418652.03,4.76,21.5,20.5,20.6,21.02,1.21,11.12,75.03,7.04,3900918694.0,3740886319.0,0.05,0.28,30.4,33.17
605,301218,华是科技,36.15,1.43,0.51,39086.0,140229183.56,4.38,36.5,34.94,35.48,35.64,1.07,5.58,-160.94,4.49,4122546000.0,2532988421.0,0.19,-0.03,52.79,52.92
606,301285,鸿日达,86.0,1.42,1.2,48614.0,423961280.08,7.62,89.96,83.5,84.38,84.8,1.91,2.35,-712.84,17.44,17773620000.0,17773620000.0,0.31,0.3,25.53,26.88
607,300457,赢合科技,27.31,1.41,0.38,150291.0,408011067.88,3.19,27.39,26.53,26.69,26.93,1.06,2.37,32.74,2.59,17619850179.0,17307773893.0,-0.04,0.0,-6.28,-1.94
608,600010,包钢股份,2.87,1.41,0.04,11788556.0,3369375128.0,4.59,2.91,2.78,2.8,2.83,0.88,3.76,419.15,2.5,129978337529.0,90062891084.0,0.0,0.35,13.89,20.59
609,300700,岱勒新材,14.4,1.41,0.2,119201.0,171545607.2,4.3,14.61,14.0,14.28,14.2,1.25,4.4,-44.51,6.59,5717215051.0,3896789026.0,0.0,0.07,17.94,16.6
610,605089,味知香,25.3,1.4,0.35,12523.0,31543469.0,2.2,25.38,24.83,24.94,24.95,0.85,0.91,49.5,2.85,3491400000.0,3491400000.0,0.04,-0.04,-1.29,-0.63
611,002957,科瑞技术,37.57,1.4,0.52,633763.0,2418311946.83,8.42,39.9,36.78,38.88,37.05,2.3,15.14,47.94,4.93,15778741248.0,15729764845.0,0.19,-0.03,65.58,73.53
612,002518,科士达,47.19,1.4,0.65,107452.0,510049466.78,4.53,48.15,46.04,46.39,46.54,1.63,1.9,46.22,5.9,27475202186.0,26668976137.0,0.02,-0.02,-2.26,-2.74
613,000518,*ST四环,2.92,1.39,0.04,110404.0,32272125.91,5.21,2.98,2.83,2.86,2.88,1.04,1.07,-177.57,8.37,3006304168.0,3006244224.0,0.0,0.0,19.67,21.16
614,688157,松井股份,42.26,1.39,0.58,29585.0,125212955.0,5.83,43.2,40.77,41.31,41.68,2.16,1.89,302.53,4.95,6610777441.0,6610777441.0,0.17,0.26,11.62,16.64
615,300919,中伟新材,51.2,1.39,0.7,210150.0,1082017404.78,3.5,52.3,50.53,51.99,50.5,1.62,2.3,34.05,2.28,53363397530.0,46719769088.0,0.0,0.0,0.31,10.51
616,000967,盈峰环境,9.5,1.39,0.13,737384.0,704486370.41,5.55,9.74,9.22,9.37,9.37,0.6,2.33,47.87,1.76,30085972513.0,30071537795.0,0.53,0.11,29.96,29.43
617,300913,兆龙互连,53.09,1.39,0.73,85760.0,452987564.89,3.92,53.44,51.39,51.49,52.36,1.4,3.35,98.75,12.46,18198249661.0,13579565287.0,0.0,-0.04,-0.56,0.87
618,603345,安井食品,97.83,1.38,1.33,49804.0,487570102.0,3.21,99.11,96.01,97.96,96.5,0.89,1.7,23.99,2.1,32605656218.0,28692974717.0,-0.14,-0.11,18.25,23.4
619,002392,北京利尔,7.36,1.38,0.1,162317.0,119373224.2,4.27,7.47,7.16,7.22,7.26,1.74,1.42,21.85,1.5,8762012575.0,8418966979.0,-0.14,-0.14,-6.48,-1.6
620,300635,中达安,14.04,1.37,0.19,71863.0,100014431.66,3.18,14.1,13.66,13.89,13.85,1.58,5.97,1504.2,5.21,1965796560.0,1690615747.0,0.14,0.36,-14.13,-12.41
621,001316,润贝航科,49.65,1.35,0.66,29898.0,146328052.9,5.27,49.96,47.38,48.55,48.99,1.14,2.69,36.35,4.57,5715480603.0,5525629678.0,0.08,0.02,26.85,25.76
622,301397,溯联股份,32.99,1.35,0.44,47030.0,155040110.36,3.59,33.39,32.22,32.24,32.55,1.43,6.65,38.01,2.62,5135319005.0,2333639956.0,0.0,-0.06,-11.08,-5.28
623,600552,凯盛科技,12.86,1.34,0.17,479370.0,612656533.0,4.41,12.97,12.41,12.5,12.69,1.4,5.07,94.41,2.86,12147644657.0,12147644657.0,-0.08,-0.16,3.79,3.71
624,301148,嘉戎技术,52.1,1.34,0.69,15236.0,79135009.83,5.76,52.97,50.01,50.5,51.41,1.53,2.59,118.56,3.45,6069497868.0,3067287468.0,0.02,-0.04,8.81,9.57
625,300014,亿纬锂能,65.11,1.34,0.86,634661.0,4143740224.89,4.58,66.95,64.01,65.98,64.25,1.07,3.12,33.03,3.21,136553345802.0,132593906498.0,0.02,-0.06,-6.45,-0.99
626,002454,松芝股份,9.93,1.33,0.13,320158.0,316981081.18,4.59,10.1,9.65,9.65,9.8,0.99,5.11,25.23,1.56,6241815288.0,6225574922.0,-0.1,0.0,12.71,14.01
627,600309,万华化学,87.59,1.33,1.15,296315.0,2577943443.0,2.56,87.8,85.59,85.91,86.44,0.9,0.95,21.89,2.53,274198009721.0,274198009721.0,-0.03,-0.07,5.59,14.23
628,688517,金冠电气,20.8,1.32,0.27,96295.0,201628634.0,6.48,21.55,20.22,20.5,20.53,1.72,7.05,34.99,3.47,2841554227.0,2841554227.0,0.1,0.1,29.92,33.42
629,300004,南风股份,13.83,1.32,0.18,166822.0,228812222.0,3.96,13.95,13.41,13.48,13.65,1.31,3.48,148.82,3.73,6638311460.0,6638311460.0,-0.07,-0.07,10.82,12.9
630,002443,金洲管道,8.48,1.31,0.11,121249.0,102360143.0,2.87,8.52,8.28,8.33,8.37,0.61,2.33,35.31,1.29,4414141210.0,4404737331.0,0.0,0.12,5.47,3.92
631,688488,艾迪药业,18.53,1.31,0.24,236656.0,435175265.0,7.22,19.02,17.7,18.4,18.29,0.88,5.62,-399.19,8.08,7797105432.0,7797105432.0,-0.11,0.32,13.33,13.47
632,002214,*ST大立,18.63,1.31,0.24,32119.0,59382757.89,3.26,18.75,18.15,18.18,18.39,1.78,0.67,-49.82,8.5,11153085859.0,8912902245.0,0.0,0.11,-2.15,3.39
633,688010,福光股份,33.49,1.3,0.43,61310.0,205198049.0,4.63,34.06,32.53,32.7,33.06,1.47,3.82,423.6,3.07,5377207247.0,5377207247.0,-0.09,0.03,2.01,7.62
634,920166,海圣医疗,28.1,1.3,0.36,22732.0,65271666.49,8.36,29.84,27.52,28.0,27.74,1.68,9.57,24.65,3.61,2115764716.0,667788267.0,0.0,0.18,122.31,122.31
635,603659,璞泰来,31.91,1.3,0.41,573164.0,1810916945.0,5.37,32.17,30.48,31.45,31.5,0.98,2.68,28.9,3.34,68172494515.0,68172494515.0,0.06,0.09,14.45,16.72
636,688799,华纳药厂,63.16,1.3,0.81,54946.0,348238096.0,4.75,65.19,62.23,63.6,62.35,0.67,4.18,34.35,4.05,8294171200.0,8294171200.0,-0.03,-0.14,28.9,32.41
637,002857,三晖电气,22.04,1.29,0.28,36207.0,78830839.0,4.6,22.21,21.21,22.12,21.76,1.08,2.83,-75.43,5.46,2879173360.0,2821120000.0,0.09,-0.18,7.46,6.27
638,603132,金徽股份,18.06,1.29,0.23,89664.0,160278880.0,3.48,18.07,17.45,17.53,17.83,1.13,0.92,32.57,5.51,17662680000.0,17662680000.0,0.11,0.22,20.8,23.11
639,002988,豪美新材,32.16,1.29,0.41,64436.0,210868737.31,9.35,33.97,31.0,31.8,31.75,2.57,2.58,42.08,3.0,8032674852.0,8032674852.0,-0.03,0.03,-15.37,-12.61
640,603399,永杉锂业,11.74,1.29,0.15,434437.0,506540788.0,5.87,11.93,11.25,11.59,11.59,1.39,8.48,-27.63,3.63,6014292219.0,6014292219.0,0.0,0.09,3.16,12.99
641,300786,国林科技,14.91,1.29,0.19,64145.0,96049201.84,4.82,15.25,14.54,14.6,14.72,1.55,4.38,-116.08,2.47,2743676756.0,2181887935.0,0.07,0.0,-10.67,-8.47
642,605060,联德股份,53.66,1.28,0.68,105620.0,569993527.0,4.95,55.25,52.63,53.65,52.98,1.92,4.42,56.7,5.23,12910166720.0,12821541864.0,-0.07,-0.07,45.82,45.18
643,001287,中电港,25.58,1.27,0.32,544178.0,1395374191.49,3.44,25.92,25.05,25.26,25.26,2.18,12.44,56.6,3.61,19438244481.0,11188551259.0,-0.16,-0.23,10.02,12.89
644,688279,峰岹科技,156.64,1.27,1.97,13165.0,203800148.0,3.08,156.66,151.9,154.22,154.67,1.2,1.41,82.36,3.54,18031469491.0,14654937651.0,0.04,0.0,-21.38,-23.02
645,603289,泰瑞机器,12.05,1.26,0.15,104557.0,125061588.0,3.61,12.15,11.72,11.77,11.9,1.31,3.56,40.01,2.43,3535354163.0,3535354163.0,0.0,0.17,18.02,19.07
646,301518,长华化学,40.49,1.25,0.5,17349.0,69846359.0,3.2,40.78,39.5,39.73,39.99,1.0,3.24,58.07,3.86,5890060662.0,2166160460.0,-0.22,-0.05,11.88,13.83
647,300313,*ST天山,8.16,1.24,0.1,60035.0,50196444.26,8.81,8.69,7.98,8.07,8.06,1.38,3.04,-125.43,74.25,1956596591.0,1610398758.0,-0.49,-0.61,-1.81,1.62
648,002396,星网锐捷,27.94,1.23,0.34,168788.0,468136858.88,3.59,28.08,27.09,27.18,27.6,1.06,2.89,40.02,2.35,16364321038.0,16296850967.0,-0.04,-0.07,-6.52,-7.79
649,603275,众辰科技,46.14,1.23,0.56,22070.0,101357235.0,3.2,46.42,44.96,45.1,45.58,1.62,5.31,36.75,2.35,6864333205.0,1916469333.0,-0.02,0.02,-0.09,1.23
650,688625,呈和科技,59.2,1.23,0.72,50496.0,298086214.0,6.98,60.64,56.56,58.25,58.48,1.87,2.68,39.59,7.35,11148600299.0,11148600299.0,0.08,-0.07,28.58,43.69
651,002815,崇达技术,14.77,1.23,0.18,332654.0,489893023.26,3.98,14.88,14.3,14.35,14.59,1.47,4.28,43.59,2.03,18228415055.0,11478387547.0,0.0,0.0,5.88,8.13
652,688766,普冉股份,242.79,1.22,2.93,54202.0,1308641688.0,5.67,246.6,233.0,235.0,239.86,0.98,3.66,173.21,14.87,35944841475.0,35944841475.0,0.0,-0.02,48.49,90.86
653,300516,久之洋,60.43,1.22,0.73,47888.0,286894645.36,3.79,60.96,58.7,59.18,59.7,1.52,2.66,450.2,8.36,10877400000.0,10877400000.0,0.0,0.08,-29.25,-25.12
654,300480,光力科技,31.48,1.22,0.38,208867.0,654989946.89,6.14,32.3,30.39,30.69,31.1,1.2,7.8,237.79,8.67,11579032090.0,8429121632.0,0.25,0.25,82.7,88.39
655,600691,潞化科技,3.34,1.21,0.04,869509.0,288490398.0,4.85,3.41,3.25,3.31,3.3,1.1,3.66,-16.36,2.19,7935779720.0,7934457080.0,0.0,0.0,9.87,21.01
656,605090,九丰能源,39.77,1.2,0.47,160094.0,633198387.0,2.75,39.98,38.9,39.0,39.3,1.27,2.27,16.96,2.57,28057245113.0,28001992652.0,-0.03,-0.03,-10.12,-7.73
657,601019,山东出版,9.25,1.2,0.11,113202.0,104193912.0,2.84,9.3,9.04,9.04,9.14,1.4,0.54,11.64,1.24,19303825000.0,19303825000.0,0.0,0.11,3.58,7.06
658,300326,ST凯利,6.73,1.2,0.08,86047.0,57526696.49,2.26,6.75,6.6,6.6,6.65,0.89,1.21,50.79,1.73,4825495350.0,4792079271.0,0.0,0.15,17.66,18.49
659,688059,华锐精密,122.45,1.2,1.45,27881.0,340410559.0,6.12,125.0,117.6,119.5,121.0,1.03,2.98,65.56,7.09,12243379742.0,11458695407.0,-0.01,-0.07,50.06,56.79
660,000830,鲁西化工,16.88,1.2,0.2,400075.0,676720958.06,2.94,17.08,16.59,16.65,16.68,0.99,2.1,23.56,1.69,32144904906.0,32142371522.0,-0.24,-0.18,-4.31,1.87
661,300622,博士眼镜,24.45,1.2,0.29,102457.0,252202643.6,4.47,24.98,23.9,23.95,24.16,2.27,6.58,47.57,6.57,5571034212.0,3808640143.0,-0.2,-0.08,-24.3,-21.28
662,001389,广合科技,127.12,1.19,1.5,141250.0,1827235966.69,6.02,133.7,126.14,128.13,125.62,1.74,9.3,59.13,13.6,60061019585.0,19315304079.0,0.14,0.12,55.12,55.73
663,688055,龙腾光电,4.29,1.18,0.05,253959.0,109216545.0,4.25,4.37,4.19,4.19,4.24,1.22,0.76,-68.68,3.52,14300000286.0,14300000286.0,0.0,0.0,15.01,19.17
664,603867,新化股份,30.97,1.18,0.36,49201.0,152529402.0,4.21,31.5,30.21,30.6,30.61,0.93,2.28,27.31,2.45,6735564431.0,6679818431.0,-0.03,0.06,19.53,21.93
665,603187,海容冷链,14.75,1.17,0.17,31431.0,45926384.0,2.67,14.76,14.37,14.49,14.58,0.62,0.82,14.22,1.35,5699637578.0,5639837892.0,0.0,0.34,-3.97,-4.16
666,600379,宝光股份,12.06,1.17,0.14,45193.0,54260322.0,3.78,12.18,11.73,11.92,11.92,0.97,1.37,60.36,5.13,3982230862.0,3982230862.0,0.0,-0.08,1.77,3.43
667,300777,中简科技,37.05,1.17,0.43,120960.0,446921845.57,4.53,37.58,35.92,36.22,36.62,1.77,2.86,42.13,3.64,16291164246.0,15694945420.0,0.0,0.16,-9.68,-9.19
668,300236,上海新阳,81.96,1.17,0.95,110581.0,898735654.44,3.93,82.5,79.32,79.6,81.01,1.47,3.97,85.42,4.98,25684739708.0,22829904808.0,-0.06,-0.3,15.53,28.54
669,600007,中国国贸,21.59,1.17,0.25,27542.0,59412696.0,2.16,21.72,21.26,21.4,21.34,0.75,0.27,18.09,2.23,21747229909.0,21747229909.0,0.0,-0.05,9.04,8.93
670,603269,海鸥股份,14.0,1.16,0.16,134666.0,186421776.0,4.7,14.14,13.49,13.64,13.84,1.21,4.36,63.29,4.54,4322524752.0,4322524752.0,0.14,0.14,9.29,6.95
671,600527,江南高纤,2.61,1.16,0.03,1987766.0,518182026.0,5.43,2.67,2.53,2.56,2.58,1.66,11.48,169.83,2.19,4519895954.0,4519895954.0,0.0,-0.38,18.64,21.4
672,301189,奥尼电子,49.92,1.16,0.57,44963.0,225547578.06,5.13,51.35,48.82,49.07,49.35,1.16,4.02,-48.41,2.76,5810511533.0,5578953020.0,0.04,-0.1,14.18,14.79
673,600268,国电南自,14.84,1.16,0.17,437903.0,643104944.0,5.11,15.06,14.31,14.5,14.67,0.84,4.33,31.4,4.03,15075522346.0,15000737575.0,0.0,0.0,35.9,41.6
674,300125,*ST聆达,8.75,1.16,0.1,54365.0,47481734.8,3.12,8.83,8.56,8.6,8.65,1.19,1.51,286.68,5.54,5826187386.0,3157090580.0,0.0,0.11,21.36,14.68
675,002772,众兴菌业,17.54,1.15,0.2,99496.0,174930333.0,4.09,17.8,17.09,17.25,17.34,0.98,2.68,19.62,1.96,6572984029.0,6518506438.0,0.11,0.23,20.8,21.38
676,603889,新澳股份,7.95,1.15,0.09,78603.0,62389836.0,3.69,8.06,7.77,7.86,7.86,1.11,1.08,12.09,1.57,5804751672.0,5761532292.0,0.13,-0.13,2.05,0.0
677,600130,*ST波导,4.41,1.15,0.05,210578.0,92323287.0,4.59,4.5,4.3,4.32,4.36,1.38,2.81,629.92,3.44,3307500000.0,3307500000.0,-0.23,-0.45,5.25,5.25
678,002849,威星智能,17.64,1.15,0.2,70657.0,124066293.0,3.21,17.76,17.2,17.41,17.44,1.33,3.65,40.77,2.84,3891984042.0,3414527525.0,0.0,0.0,7.17,10.94
679,300749,顶固集创,27.46,1.14,0.31,117891.0,321363455.0,6.19,28.0,26.32,27.12,27.15,0.88,7.49,360.55,9.93,5633951724.0,4322083176.0,0.0,0.11,131.34,127.51
680,301616,浙江华业,48.62,1.14,0.55,8378.0,40110546.42,3.62,48.9,47.16,47.96,48.07,1.84,2.95,16.12,2.72,3889600000.0,1380895078.0,-0.14,0.02,-5.35,-4.82
681,688012,中微公司,321.3,1.14,3.61,131581.0,4234144036.0,5.78,329.39,311.03,314.03,317.69,1.5,2.1,95.4,8.86,201428692353.0,201428692353.0,0.02,-0.13,-2.54,17.81
682,600429,三元股份,6.25,1.13,0.07,248509.0,155184375.0,4.21,6.34,6.08,6.17,6.18,0.78,1.66,29.83,1.8,9388056656.0,9359733913.0,0.0,0.0,18.82,20.66
683,300899,*ST凯鑫,37.0,1.12,0.41,6360.0,23328916.0,3.25,37.29,36.1,36.15,36.59,1.03,1.55,86.65,3.71,2359988242.0,1514634442.0,-0.22,0.22,10.45,13.85
684,002128,电投能源,32.38,1.12,0.36,115265.0,372964242.9,3.47,32.69,31.58,31.68,32.02,0.76,0.51,13.22,1.95,72582149703.0,72582149703.0,-0.25,-0.15,8.88,17.28
685,300054,鼎龙股份,52.35,1.12,0.58,437656.0,2294609125.12,5.12,53.56,50.91,51.49,51.77,0.95,5.93,68.91,9.56,49631371422.0,38642179670.0,0.17,-0.06,29.93,39.23
686,002828,贝肯能源,12.65,1.12,0.14,439731.0,553434179.2,3.04,12.78,12.4,12.6,12.51,0.95,22.72,65.72,3.65,2542493140.0,2448558984.0,0.0,0.08,14.27,18.67
687,300739,明阳电路,27.06,1.12,0.3,343902.0,923077808.45,4.48,27.2,26.0,26.09,26.76,1.54,10.02,101.76,3.73,10105696548.0,9285859728.0,0.11,0.22,46.35,47.23
688,601139,深圳燃气,7.24,1.12,0.08,322215.0,232730501.0,2.09,7.28,7.13,7.17,7.16,0.97,1.12,14.79,1.28,20827620058.0,20827620058.0,0.0,0.0,8.71,9.7
689,002742,*ST三圣,4.56,1.11,0.05,39784.0,18012431.0,2.66,4.58,4.46,4.51,4.51,0.94,0.76,-7.43,18.53,3119505307.0,2389258161.0,0.22,0.22,2.47,0.88
690,003019,宸展光电,32.0,1.11,0.35,37422.0,119178441.48,2.75,32.15,31.28,31.61,31.65,1.57,2.19,29.13,3.31,5656900288.0,5467868288.0,0.0,-0.03,-6.16,-4.42
691,688607,康众医疗,64.42,1.11,0.71,27698.0,178866190.0,4.39,65.6,62.8,63.52,63.71,1.04,3.14,-799.64,6.62,5677271919.0,5677271919.0,0.14,-0.03,49.12,50.51
692,603409,汇通控股,39.4,1.1,0.43,30965.0,121696717.0,3.13,39.73,38.51,38.63,38.97,1.61,8.56,31.77,3.33,4965582000.0,1424873735.0,0.15,0.2,6.17,5.83
693,002922,伊戈尔,37.65,1.1,0.41,166486.0,626066498.82,4.0,38.26,36.77,36.77,37.24,1.11,4.45,79.57,4.21,15933710569.0,14087409462.0,0.08,0.11,16.64,23.36
694,688819,天能股份,32.96,1.1,0.36,38343.0,126271164.0,3.71,33.41,32.2,32.62,32.6,0.97,0.39,20.13,1.88,32040416000.0,32040416000.0,0.0,0.15,-2.66,-0.78
695,300429,强力新材,13.8,1.1,0.15,297064.0,410963548.5,4.32,14.05,13.46,13.46,13.65,1.5,7.42,-231.75,4.3,7426096365.0,5526444448.0,-0.07,-0.29,-12.66,3.53
696,603196,璞源材料,31.33,1.1,0.34,143043.0,454111167.0,7.74,33.0,30.6,32.32,30.99,2.16,6.04,729.2,6.84,13117477495.0,7424842875.0,-0.03,-0.03,21.67,22.72
697,603890,春秋电子,15.78,1.09,0.17,424368.0,666898145.0,2.82,15.91,15.47,15.47,15.61,1.93,9.5,22.89,2.31,7050636568.0,7050636568.0,0.0,-0.06,-5.11,-2.17
698,002395,双象股份,18.63,1.09,0.2,85532.0,159484504.0,3.53,18.95,18.3,18.31,18.43,1.1,3.19,20.55,3.32,4996733670.0,4996314141.0,0.0,0.11,10.24,11.36
699,603048,浙江黎明,22.29,1.09,0.24,26445.0,58661844.0,2.86,22.36,21.73,21.84,22.05,1.18,1.8,105.08,2.59,3273955200.0,3273955200.0,-0.04,0.0,4.31,5.79
700,601801,皖新传媒,6.5,1.09,0.07,127480.0,82337000.0,2.64,6.53,6.36,6.39,6.43,1.36,0.65,9.99,1.05,12726553041.0,12726553041.0,-0.15,-0.31,-1.52,0.31
701,002674,兴业科技,13.1,1.08,0.14,28182.0,36709077.0,4.01,13.25,12.73,12.96,12.96,1.22,0.96,73.22,1.61,3871717366.0,3832583841.0,0.15,0.08,-10.7,-12.32
702,688357,建龙微纳,34.59,1.08,0.37,13289.0,45850963.0,4.76,35.08,33.45,34.18,34.22,1.18,1.33,35.13,1.85,3461071076.0,3461071076.0,0.12,0.06,3.25,4.66
703,605298,必得科技,50.66,1.08,0.54,20759.0,105245348.0,2.95,51.19,49.71,50.88,50.12,1.19,1.11,167.6,8.96,9516481000.0,9435475660.0,0.0,0.02,28.97,26.75
704,002819,东方中科,26.53,1.07,0.28,37448.0,99460096.78,4.0,26.9,25.85,26.04,26.25,0.95,1.59,-72.54,1.98,7948655953.0,6236653298.0,-0.19,-0.23,-13.44,-2.86
705,600800,渤海化学,4.72,1.07,0.05,363268.0,169879809.0,3.21,4.75,4.6,4.68,4.67,0.75,3.27,-8.11,4.67,5239413420.0,5237926620.0,0.21,0.43,34.86,36.42
706,002496,*ST辉丰,1.89,1.07,0.02,313179.0,58883293.04,3.21,1.91,1.85,1.86,1.87,0.98,2.82,-662.13,2.15,2849344490.0,2102534792.0,0.0,0.53,-1.05,2.72
707,688003,天准科技,69.82,1.07,0.74,58309.0,402523124.0,5.04,70.66,67.18,68.3,69.08,1.33,3.0,172.61,6.73,13567457310.0,13567457310.0,-0.09,0.13,12.96,18.54
708,300096,ST易联众,8.54,1.07,0.09,75402.0,64575167.0,4.97,8.78,8.36,8.42,8.45,1.37,1.75,72.59,10.47,3672200000.0,3672200000.0,0.12,0.0,14.02,14.94
709,603683,晶华新材,26.8,1.06,0.28,107154.0,286055545.0,4.11,27.12,26.03,26.5,26.52,0.97,3.72,91.34,4.84,7803352168.0,7722942520.0,0.19,0.6,5.39,4.77
710,603266,天龙股份,19.09,1.06,0.2,38489.0,73384784.0,4.76,19.49,18.59,18.91,18.89,2.15,1.94,34.43,2.42,3796748058.0,3796748058.0,-0.05,0.0,-17.86,-16.12
711,002976,瑞玛精密,27.85,1.05,0.29,21968.0,61213977.0,3.01,28.12,27.29,27.34,27.56,1.07,3.3,148.72,4.05,4169164133.0,1856632783.0,0.0,-0.07,-3.23,-0.64
712,600107,ST尔雅,5.84,1.04,0.06,41721.0,24460454.0,5.71,6.01,5.68,5.76,5.78,0.67,1.16,-44.19,4.61,2102400000.0,2102400000.0,-0.17,-0.17,-16.09,-15.85
713,002890,弘宇股份,16.55,1.04,0.17,25953.0,42572833.6,2.5,16.61,16.2,16.21,16.38,0.52,1.61,177.21,4.67,2811433898.0,2672563676.0,0.0,-0.06,11.67,13.36
714,600603,广汇物流,6.86,1.03,0.07,216069.0,148108314.0,5.45,7.04,6.67,6.78,6.79,1.11,1.81,19.28,1.12,8186237976.0,8186237976.0,-0.29,-0.29,5.54,10.29
715,000935,四川双马,25.82,1.02,0.26,50903.0,132150152.2,4.11,26.31,25.26,25.35,25.56,1.17,0.67,50.36,2.54,19712029398.0,19712029398.0,-0.08,-0.08,0.7,3.95
716,300470,中密控股,37.87,1.01,0.38,33198.0,124949101.94,2.37,38.0,37.11,37.23,37.49,1.04,1.68,21.23,2.83,7875510980.0,7472117771.0,-0.05,-0.08,1.47,0.72
717,600491,龙元建设,3.0,1.01,0.03,192546.0,57454461.0,3.37,3.02,2.92,2.97,2.97,0.98,1.26,-13.42,0.47,4589273865.0,4589273865.0,0.0,0.0,2.04,13.64
718,600973,宝胜股份,6.97,1.01,0.07,350376.0,238362901.0,4.2,6.97,6.68,6.83,6.9,1.39,2.55,-217.79,2.61,9558422749.0,9558422749.0,0.14,0.87,-5.17,-4.52
719,002859,洁美科技,42.9,1.01,0.43,87552.0,374384924.6,5.42,43.7,41.4,41.9,42.47,1.78,2.16,78.87,6.31,18499618180.0,17413082887.0,-0.23,-0.14,50.26,55.43
720,300709,精研科技,42.39,1.0,0.42,93946.0,399100322.9,5.53,43.2,40.88,41.0,41.97,1.27,6.29,39.25,3.44,7887790508.0,6328108956.0,-0.07,-0.09,-11.23,-10.11
721,300702,天宇股份,23.27,1.0,0.23,69948.0,165293825.6,5.34,24.24,23.01,23.01,23.04,1.34,3.31,27.49,2.18,8097428490.0,4913797519.0,0.0,-0.3,-5.33,-1.4
722,601857,中国石油,12.1,1.0,0.12,1871447.0,2262853270.0,1.75,12.22,12.01,12.02,11.98,0.77,0.12,14.08,1.4,2214553831598.0,1959257141598.0,0.0,0.0,17.82,16.23
723,600714,金瑞矿业,17.25,1.0,0.17,168571.0,286833670.0,4.45,17.33,16.57,17.01,17.08,0.93,5.85,162.63,6.59,4971040709.0,4971040709.0,-0.17,-0.06,36.36,40.7
724,300050,世纪鼎利,7.12,0.99,0.07,526780.0,370878095.15,3.4,7.16,6.92,6.93,7.05,1.29,9.67,250.29,9.48,3879308632.0,3876943589.0,-0.14,-0.28,26.24,28.75
725,603391,力聚热能,70.09,0.99,0.69,18469.0,129962050.0,4.11,71.55,68.7,69.38,69.4,1.74,8.12,28.23,2.82,6378190000.0,1594547500.0,-0.03,-0.23,8.68,7.06
726,300650,太龙股份,15.25,0.99,0.15,99934.0,152349532.2,4.9,15.58,14.84,14.93,15.1,1.9,5.87,71.98,2.62,3681390748.0,2597766450.0,0.26,0.0,-11.9,-7.91
727,920662,方盛股份,24.84,0.98,0.24,17878.0,44149313.55,4.92,25.09,23.88,24.0,24.6,1.87,6.62,111.7,4.74,2174742050.0,670831077.0,-0.16,0.24,-19.22,-14.4
728,301358,湖南裕能,72.1,0.98,0.7,172315.0,1242910155.65,4.72,73.5,70.13,71.4,71.4,0.9,2.27,70.68,4.47,60804829429.0,54791539245.0,-0.14,-0.08,6.36,11.51
729,688337,普源精电,53.5,0.98,0.52,67729.0,363127424.0,7.93,55.2,51.0,52.46,52.98,1.44,3.64,120.49,3.28,10372281310.0,9946557467.0,-0.02,-0.07,38.49,45.03
730,300691,联合光电,16.62,0.97,0.16,61300.0,102261026.0,4.5,16.95,16.21,16.35,16.46,1.5,2.78,-137.63,2.78,4471590491.0,3668667554.0,0.06,-0.06,-6.1,-3.76
731,002887,绿茵生态,11.45,0.97,0.11,63937.0,72653711.4,4.14,11.57,11.1,11.23,11.34,1.08,2.94,37.36,1.53,3503558489.0,2487296564.0,0.0,-0.17,21.81,22.33
732,300716,ST泉为,14.57,0.97,0.14,46713.0,67202901.5,4.71,14.71,14.03,14.42,14.43,0.86,2.92,-29.73,-2217.79,2331491400.0,2331491400.0,0.07,0.28,9.88,21.72
733,603897,长城科技,36.48,0.97,0.35,143781.0,519571959.0,6.28,37.15,34.88,35.3,36.13,1.01,6.96,26.28,3.13,7530773643.0,7530773643.0,0.11,0.08,36.07,34.12
734,300684,中石科技,52.03,0.97,0.5,85863.0,446148116.0,3.86,52.49,50.5,50.91,51.53,1.26,4.2,46.43,7.44,15583464873.0,10629886755.0,0.0,-0.02,5.88,5.71
735,002921,联诚精密,26.33,0.96,0.25,82235.0,215425711.35,3.76,26.75,25.77,26.0,26.08,1.66,6.4,-256.15,2.96,3922383444.0,3383447918.0,0.0,-0.04,56.73,54.7
736,688131,皓元医药,72.55,0.96,0.69,37851.0,276446985.0,4.09,74.31,71.37,72.0,71.86,0.75,1.78,62.11,4.89,15388141427.0,15388141427.0,-0.15,-0.08,-3.14,0.65
737,000968,蓝焰控股,9.53,0.95,0.09,1081933.0,1025304452.66,6.14,9.79,9.21,9.65,9.44,1.82,11.18,25.8,1.49,9220300350.0,9220300350.0,0.0,0.11,38.72,44.18
738,920009,丹娜生物,65.69,0.95,0.62,4150.0,27554137.21,4.2,67.7,64.97,64.99,65.07,1.48,5.76,37.23,5.37,3638569100.0,472968000.0,0.05,-0.12,-15.25,-13.44
739,600777,*ST新潮,5.29,0.95,0.05,279079.0,147827257.0,2.48,5.36,5.23,5.28,5.24,0.71,0.44,20.28,1.53,35974622914.0,33676946148.0,0.0,0.0,35.99,37.76
740,002541,鸿路钢构,21.28,0.95,0.2,45976.0,98184179.0,4.46,21.64,20.7,20.93,21.08,0.83,0.93,22.19,1.53,14683590552.0,10558535032.0,-0.23,-0.23,25.62,29.44
741,600869,远东股份,15.98,0.95,0.15,1304652.0,2074079167.0,4.86,16.25,15.48,15.64,15.83,1.11,5.88,158.64,8.33,35465256881.0,35465256881.0,0.38,0.44,76.97,98.51
742,601568,北元集团,4.28,0.94,0.04,507598.0,217607747.0,3.54,4.35,4.2,4.21,4.24,1.21,1.28,59.65,1.48,17001111119.0,17001111119.0,0.0,0.0,7.54,15.05
743,688661,和林微纳,82.8,0.94,0.77,52452.0,437779031.0,6.47,85.85,80.54,80.54,82.03,1.4,3.45,422.14,10.24,12576311993.0,12576311993.0,0.0,0.06,46.76,59.97
744,603055,台华新材,9.66,0.94,0.09,119389.0,115855086.0,3.76,9.81,9.45,9.5,9.57,0.87,1.35,15.4,1.67,8600232785.0,8568907337.0,-0.1,0.0,-0.31,2.33
745,003023,彩虹集团,25.02,0.93,0.23,65656.0,165070329.26,4.52,25.58,24.46,24.59,24.79,1.42,6.25,45.25,1.7,2635646832.0,2629654892.0,0.0,-0.12,9.5,10.41
746,688700,东威科技,58.84,0.93,0.54,168649.0,997469278.0,5.81,60.89,57.5,57.66,58.3,1.06,5.65,135.68,9.51,17557936022.0,17557936022.0,0.07,0.12,60.07,66.78
747,603045,福达合金,31.64,0.93,0.29,77824.0,243826746.0,5.39,32.43,30.74,31.26,31.35,1.68,5.75,57.91,4.21,4285484704.0,4285484704.0,-0.53,-0.28,59.07,61.02
748,600298,安琪酵母,41.03,0.93,0.38,46784.0,190833606.0,1.97,41.1,40.3,40.43,40.65,0.68,0.55,23.06,2.96,35611113371.0,35168883825.0,0.0,0.15,-7.09,-6.2
749,002126,银轮股份,44.7,0.93,0.41,242523.0,1088321284.84,4.7,45.74,43.66,43.78,44.29,1.27,3.05,42.26,5.59,37852214567.0,35501411975.0,-0.16,-0.09,18.95,18.25
750,603886,元祖股份,13.12,0.92,0.12,49948.0,64960353.0,2.23,13.15,12.86,13.03,13.0,0.82,2.08,22.56,2.02,3148800000.0,3148800000.0,-0.15,0.23,-4.72,-6.08
751,603703,盛洋科技,13.12,0.92,0.12,114362.0,149081741.0,2.77,13.16,12.8,12.81,13.0,1.11,2.76,572.33,6.58,5444565414.0,5444565414.0,0.0,0.0,-13.28,-10.01
752,300990,同飞股份,82.28,0.92,0.75,36148.0,297445974.7,4.81,83.92,80.0,80.01,81.53,1.34,4.69,55.5,6.73,14035252462.0,6345966774.0,0.0,0.01,-6.4,-8.53
753,600666,奥瑞德,6.56,0.92,0.06,8378695.0,5632436120.0,11.54,7.15,6.4,7.15,6.5,1.87,34.63,46.54,16.05,18049494905.0,15873579254.0,0.0,-0.15,92.38,95.24
754,605566,福莱蒽特,30.73,0.92,0.28,25848.0,79216019.0,2.89,30.9,30.02,30.24,30.45,0.93,1.94,71.33,2.05,4097538200.0,4097538200.0,-0.03,0.03,-1.76,-2.41
755,002552,宝鼎科技,17.68,0.91,0.16,59687.0,104698932.21,4.05,17.87,17.16,17.3,17.52,1.26,1.62,55.21,4.58,6859580652.0,6515138150.0,-0.06,-0.11,4.25,7.09
756,301077,星华新材,27.76,0.91,0.25,18341.0,50475623.78,2.84,27.89,27.11,27.32,27.51,1.32,1.92,32.83,4.12,4721391402.0,2648376981.0,0.0,0.07,3.97,7.26
757,600426,华鲁恒升,38.75,0.91,0.35,265737.0,1032117379.0,3.39,39.44,38.14,38.25,38.4,0.91,1.25,24.81,2.49,82273483153.0,82262633075.0,0.05,0.1,16.44,23.29
758,600716,凤凰股份,4.43,0.91,0.04,94021.0,41032971.0,3.87,4.46,4.29,4.38,4.39,0.87,1.0,346.7,0.82,4146748414.0,4146748414.0,-0.23,0.0,12.44,14.47
759,002461,珠江啤酒,9.96,0.91,0.09,199290.0,200087695.93,3.65,10.19,9.83,9.88,9.87,1.44,0.9,24.39,2.0,22044751661.0,22044751661.0,-0.4,-0.6,5.29,7.21
760,002685,华东重机,7.78,0.91,0.07,1009056.0,793994558.12,4.8,8.04,7.67,7.76,7.71,1.94,10.01,146.97,4.99,7839833187.0,7838788138.0,0.13,0.13,2.23,3.87
761,002409,雅克科技,84.45,0.9,0.75,103766.0,875344504.58,4.19,85.78,82.27,82.65,83.7,1.09,3.26,37.86,5.15,40192092407.0,26899245984.0,0.01,-0.07,2.95,13.97
762,600395,盘江股份,5.6,0.9,0.05,366575.0,203892676.0,2.7,5.64,5.49,5.54,5.55,1.09,1.71,-518.66,1.14,12021099406.0,12021099406.0,-0.53,-0.36,18.14,20.17
763,300976,达瑞电子,57.26,0.9,0.51,15657.0,89203894.21,3.15,57.75,55.96,56.56,56.75,1.36,1.82,24.93,2.16,7678807408.0,4934510595.0,0.0,0.09,-12.22,-4.68
764,605080,浙江自然,23.51,0.9,0.21,19557.0,45609630.0,3.0,23.68,22.98,23.11,23.3,2.53,1.39,13.68,1.51,3327625148.0,3299656712.0,-0.04,0.13,-0.13,2.22
765,603319,美湖股份,32.46,0.9,0.29,122618.0,396516769.0,5.5,33.43,31.66,31.94,32.17,1.65,3.62,64.2,4.44,11008798548.0,11008798548.0,0.0,-0.06,-8.07,-11.17
766,000800,一汽解放,6.82,0.89,0.06,204842.0,139682377.06,2.37,6.87,6.71,6.76,6.76,1.19,0.42,46.32,1.27,33563136250.0,33560116408.0,0.0,-0.15,-0.58,0.59
767,603160,汇顶科技,68.46,0.88,0.6,74302.0,502993116.0,3.3,68.95,66.71,67.07,67.86,1.53,1.6,38.09,3.4,31886986006.0,31886986006.0,-0.04,-0.07,-16.15,-13.34
768,688155,先惠技术,78.38,0.88,0.68,37061.0,293223146.0,5.42,80.51,76.3,76.6,77.7,1.86,2.93,28.17,4.3,9910054307.0,9910054307.0,-0.11,-0.01,14.88,29.66
769,300162,雷曼光电,9.17,0.88,0.08,379781.0,350789449.0,7.04,9.55,8.91,8.98,9.09,1.22,11.1,325.4,4.3,3846906975.0,3137623523.0,0.0,0.11,12.52,12.79
770,600389,江山股份,31.15,0.87,0.27,109835.0,344032464.0,3.24,31.8,30.8,30.88,30.88,1.0,2.55,23.66,3.28,13414747500.0,13414747500.0,-0.13,-0.19,22.54,23.22
771,002380,科远智慧,33.48,0.87,0.29,116122.0,383765268.66,4.64,33.72,32.18,33.19,33.19,3.14,8.19,27.76,3.3,8034920409.0,4745853277.0,0.03,0.03,19.36,23.09
772,301122,采纳股份,29.15,0.87,0.25,23248.0,66831565.0,5.74,29.66,28.0,28.98,28.9,1.7,3.07,323.95,1.99,3563460931.0,2204925181.0,-0.24,-0.51,4.22,11.86
773,300761,立华股份,20.83,0.87,0.18,70661.0,146502780.8,2.32,20.91,20.43,20.65,20.65,0.77,1.13,45.56,1.93,17440326622.0,13081575988.0,-0.19,-0.14,0.1,0.39
774,002189,中光学,19.74,0.87,0.17,40753.0,80511324.47,3.37,19.97,19.31,19.36,19.57,1.09,1.56,-20.2,9.8,5156073649.0,5155296841.0,0.0,-0.1,-15.39,-14.51
775,300260,新莱应材,48.75,0.87,0.42,110725.0,541228053.2,3.91,49.49,47.6,47.74,48.33,1.41,3.85,102.67,9.57,19880579160.0,14022301069.0,-0.02,-0.08,-16.21,-14.31
776,600322,津投城开,2.34,0.86,0.02,295232.0,68752419.0,6.47,2.42,2.27,2.32,2.32,1.15,2.67,-2.46,-3.36,2587338000.0,2587338000.0,0.0,0.0,-1.27,0.43
777,688077,大地熊,29.44,0.86,0.25,32339.0,95030463.0,3.73,29.77,28.68,28.88,29.19,1.17,2.82,58.71,3.06,3370247158.0,3370247158.0,-0.17,0.03,-7.19,-3.63
778,688379,华光新材,48.2,0.86,0.41,19007.0,91630412.0,4.58,49.19,47.0,47.05,47.79,1.7,2.11,23.89,3.7,4577966640.0,4342122064.0,0.42,0.52,-13.23,-12.46
779,000554,泰山石油,8.18,0.86,0.07,336070.0,274490730.07,2.59,8.3,8.09,8.27,8.11,0.81,9.27,26.06,3.4,3932889341.0,2966503151.0,-0.12,0.25,22.46,26.23
780,600888,新疆众和,8.35,0.85,0.07,288447.0,239037428.0,2.42,8.35,8.15,8.21,8.28,0.93,1.86,19.59,1.02,12968267674.0,12968267674.0,0.0,0.0,-1.53,1.95
781,600501,航天晨光,22.52,0.85,0.19,138877.0,313808515.0,7.39,23.48,21.83,22.24,22.33,2.29,3.25,-63.84,5.59,9634600984.0,9634600984.0,-0.27,-0.27,-25.13,-25.26
782,300611,美力科技,27.26,0.85,0.23,50696.0,135995014.98,3.26,27.3,26.42,26.8,27.03,0.87,3.42,39.44,4.54,5753895777.0,4042739235.0,-0.04,0.96,-6.23,0.0
783,600246,万通发展,9.5,0.85,0.08,615629.0,586346175.0,7.32,9.86,9.17,9.26,9.42,1.16,3.26,-699.17,3.42,18458381022.0,17958918522.0,0.0,0.0,-24.36,-22.76
784,601000,唐山港,4.72,0.85,0.04,413376.0,194837260.0,3.21,4.8,4.65,4.66,4.68,0.61,0.7,14.0,1.3,27970383058.0,27970383058.0,-0.21,0.0,20.41,22.92
785,002539,云图控股,14.17,0.85,0.12,272206.0,386762161.96,6.05,14.57,13.72,13.91,14.05,1.56,3.09,19.02,1.85,17113445708.0,12486635245.0,0.0,0.07,13.36,19.88
786,600388,龙净环保,19.28,0.84,0.16,255740.0,490740233.0,5.18,19.65,18.66,18.86,19.12,1.39,2.01,22.01,2.23,24486492529.0,24486492529.0,-0.05,0.05,16.99,18.21
787,000525,红太阳,6.02,0.84,0.05,283708.0,170674659.42,4.69,6.19,5.91,5.96,5.97,1.37,2.55,-21.67,2.99,7845014417.0,6692795230.0,0.17,0.0,7.5,10.26
788,301176,逸豪新材,28.0,0.83,0.23,69506.0,193751387.59,5.44,28.28,26.77,27.18,27.77,0.72,4.24,-183.4,3.12,4733866676.0,4593501024.0,0.18,-0.28,8.57,11.24
789,300292,吴通控股,4.88,0.83,0.04,562919.0,272360426.2,3.72,4.92,4.74,4.78,4.84,1.11,5.04,53.5,4.67,6547813073.0,5445810687.0,0.0,-0.2,6.32,8.2
790,002850,科达利,182.51,0.83,1.51,33138.0,602058613.28,3.03,183.96,178.48,179.78,181.0,0.47,1.66,28.53,3.81,50327144911.0,36333867773.0,-0.09,-0.1,14.74,15.62
791,605399,晨光新材,14.76,0.82,0.12,50180.0,73573825.0,2.87,14.84,14.42,14.51,14.64,1.11,1.61,-102.29,2.15,4608150641.0,4598143361.0,-0.14,-0.07,4.61,9.17
792,600353,旭光电子,14.83,0.82,0.12,236436.0,349127824.0,3.74,15.02,14.47,14.53,14.71,1.44,2.85,76.18,6.49,12308547624.0,12291269488.0,0.07,0.07,-12.71,-8.0
793,600929,雪天盐业,6.18,0.82,0.05,156819.0,96492861.0,2.12,6.2,6.07,6.08,6.13,0.94,0.96,232.98,1.35,10135899922.0,10135899922.0,-0.16,-0.16,9.38,9.38
794,600346,恒力石化,23.43,0.82,0.19,321198.0,753521603.0,4.56,23.86,22.8,22.85,23.24,1.06,0.46,24.63,2.55,164926107986.0,164926107986.0,0.13,-0.09,-1.72,3.99
795,603002,宏昌电子,11.1,0.82,0.09,764651.0,841746226.0,4.18,11.21,10.75,10.81,11.01,1.69,6.74,385.11,3.65,12588271450.0,12588271450.0,0.18,0.45,45.48,50.2
796,002064,华峰化学,11.08,0.82,0.09,383256.0,424382047.25,3.73,11.25,10.84,10.98,10.99,0.93,0.77,29.6,2.01,54984986379.0,54868055538.0,-0.09,-0.18,-2.29,0.73
797,603257,中国瑞林,56.04,0.81,0.45,17061.0,95650679.0,3.51,56.75,54.8,55.05,55.59,1.67,6.85,57.11,2.75,6724800000.0,1395396000.0,0.0,-0.05,-9.82,-5.5
798,603211,晋拓股份,26.3,0.8,0.21,166976.0,436659414.0,3.3,26.66,25.8,26.0,26.09,2.44,6.14,95.94,5.82,7148550400.0,7148550400.0,0.04,-0.15,14.4,16.63
799,603020,爱普股份,11.39,0.8,0.09,54435.0,61941169.0,2.39,11.51,11.24,11.31,11.3,0.75,1.42,29.2,1.32,4365078246.0,4365078246.0,0.0,0.44,12.22,12.33
800,688170,德龙激光,54.71,0.79,0.43,81612.0,446117832.0,5.73,55.77,52.66,53.36,54.28,1.1,7.9,224.46,4.5,5654825600.0,5654825600.0,0.05,0.15,61.67,73.9
801,603838,*ST四通,8.98,0.79,0.07,26856.0,24294212.0,4.15,9.19,8.82,8.82,8.91,1.33,0.84,-59.97,3.07,2873743680.0,2873743680.0,0.0,0.22,17.85,20.05
802,000669,ST金鸿,5.18,0.78,0.04,253673.0,131426909.2,3.7,5.29,5.1,5.14,5.14,1.0,3.73,-57.18,-317.5,3524517568.0,3524517568.0,0.19,0.19,75.0,75.59
803,603324,盛剑科技,25.71,0.78,0.2,34391.0,88152569.0,3.02,25.87,25.1,25.38,25.51,1.33,2.33,92.74,2.26,3796842002.0,3796842002.0,0.04,0.16,-0.5,3.79
804,688209,英集芯,20.94,0.77,0.16,70102.0,146583224.0,4.67,21.47,20.5,20.51,20.78,1.63,1.62,51.19,4.14,9083437986.0,9083437986.0,-0.14,-0.14,-2.65,5.02
805,600926,杭州银行,17.13,0.76,0.13,495554.0,850993340.0,1.88,17.28,16.96,16.97,17.0,2.12,0.68,6.53,0.93,124175413647.0,124175413647.0,-0.12,-0.12,10.16,12.11
806,001228,永泰运,31.63,0.76,0.24,11692.0,36573626.0,2.74,31.7,30.84,31.34,31.39,0.91,1.46,25.8,1.92,3285237583.0,2526117583.0,0.0,0.09,19.4,20.54
807,600980,北矿科技,22.5,0.76,0.17,39638.0,89240642.0,3.22,22.84,22.12,22.12,22.33,1.37,2.09,34.19,2.86,4258429335.0,4258429335.0,0.0,0.04,-4.58,-2.09
808,300283,温州宏丰,8.08,0.75,0.06,167922.0,135036513.6,2.74,8.1,7.88,7.92,8.02,1.03,4.57,159.51,3.6,4015584034.0,2967125496.0,0.0,0.0,4.8,7.3
809,603819,神力股份,13.44,0.75,0.1,96437.0,128712666.0,4.95,13.66,13.0,13.28,13.34,0.56,4.43,128.06,3.65,2926293713.0,2926293713.0,0.0,-0.07,12.28,10.71
810,000409,云鼎科技,10.68,0.75,0.08,113392.0,120794405.69,2.74,10.76,10.47,10.59,10.6,2.22,1.92,87.84,4.51,7238375393.0,6306362541.0,0.0,0.0,-5.65,-4.13
811,688061,灿瑞科技,31.1,0.75,0.23,11599.0,36092864.0,3.6,31.49,30.38,30.59,30.87,1.17,2.58,-61.23,1.52,3573060060.0,1400156459.0,0.1,-0.16,-7.8,-4.63
812,603153,上海建科,16.2,0.75,0.12,20074.0,32468805.0,2.11,16.3,15.96,16.07,16.08,1.41,0.5,47.34,1.83,6639749917.0,6541238738.0,0.0,0.12,-7.53,-4.71
813,002222,福晶科技,81.69,0.74,0.6,467177.0,3763511451.08,6.78,83.5,78.0,78.18,81.09,0.91,9.98,146.47,22.02,38414722500.0,38243313517.0,0.1,-0.17,40.46,44.99
814,300727,润禾材料,32.78,0.74,0.24,46415.0,152907777.92,4.36,33.47,32.05,32.15,32.54,1.41,2.87,46.48,4.54,5904869619.0,5306380574.0,-0.06,-0.06,-10.73,-8.02
815,600549,厦门钨业,58.39,0.74,0.43,583610.0,3407926227.0,5.35,59.91,56.81,56.97,57.96,1.31,3.76,40.11,5.39,92699136380.0,90734088312.0,0.0,0.09,34.79,42.21
816,000782,恒申新材,5.43,0.74,0.04,133582.0,72180136.0,3.15,5.48,5.31,5.37,5.39,1.06,2.53,-49.01,2.17,3728137594.0,2867798153.0,0.0,0.0,9.92,9.48
817,600428,中远海特,9.48,0.74,0.07,400174.0,376760756.0,3.51,9.57,9.24,9.3,9.41,0.56,1.64,14.61,1.54,26012365345.0,23181307327.0,-0.21,-0.11,32.96,33.52
818,603558,健盛集团,13.84,0.73,0.1,122402.0,172764687.0,4.15,14.38,13.81,13.95,13.74,1.14,3.57,11.71,2.02,4742110598.0,4742110598.0,0.07,-0.14,22.91,23.24
819,002983,芯瑞达,23.3,0.73,0.17,20841.0,48456623.13,2.98,23.49,22.8,23.0,23.13,1.06,1.63,41.46,3.8,5211339093.0,2986070169.0,0.0,0.0,0.04,2.19
820,300352,北信源,6.93,0.73,0.05,697319.0,486467713.14,4.8,7.1,6.77,6.78,6.88,1.45,5.46,-45.36,8.15,10047280923.0,8846913412.0,0.0,0.0,8.79,13.05
821,605058,澳弘电子,35.01,0.72,0.25,44299.0,155129436.0,3.77,35.5,34.19,34.31,34.76,1.29,3.1,35.1,2.87,5003767490.0,5003767490.0,-0.14,0.06,14.52,14.71
822,300243,瑞丰高材,14.05,0.72,0.1,204786.0,285889783.27,4.73,14.2,13.54,13.8,13.95,1.16,10.5,108.54,3.28,3527270568.0,2740428657.0,0.0,0.0,33.18,34.71
823,920839,万通液压,33.84,0.71,0.24,11792.0,39787643.37,4.35,34.49,33.03,33.18,33.6,1.31,1.81,31.6,6.03,4000225419.0,2201422149.0,0.03,0.06,-23.75,-19.85
824,000049,德赛电池,25.44,0.71,0.18,99875.0,252735435.63,3.96,25.67,24.67,25.0,25.26,1.03,2.6,32.53,1.47,9785204305.0,9782566889.0,-0.04,-0.04,-6.92,-5.36
825,600573,惠泉啤酒,12.7,0.71,0.09,110936.0,141768972.0,4.52,13.09,12.52,12.52,12.61,1.31,4.44,24.16,2.31,3175000000.0,3175000000.0,-0.08,-0.08,7.17,6.45
826,002164,宁波东力,12.74,0.71,0.09,143044.0,181742559.35,2.69,12.8,12.46,12.65,12.65,1.52,2.98,86.99,4.73,6779892798.0,6112335322.0,-0.08,0.0,-19.11,-20.42
827,001234,泰慕士,25.58,0.71,0.18,16088.0,40900442.0,2.44,25.79,25.17,25.37,25.4,1.15,1.76,59.42,3.01,2798802446.0,2340199090.0,-0.04,-0.04,-7.42,-5.68
828,300748,金力永磁,32.7,0.71,0.23,434053.0,1420279353.34,4.22,33.26,31.89,32.0,32.47,1.73,3.84,63.75,6.09,44981770012.0,36952036361.0,-0.09,-0.15,-7.91,-4.13
829,300308,中际旭创,693.02,0.71,4.88,249619.0,17248692686.8,3.2,700.0,678.01,682.0,688.14,0.92,2.26,71.32,25.87,770027227829.0,766132973808.0,0.06,-0.14,14.5,13.61
830,002402,和而泰,31.31,0.71,0.22,325149.0,1018285150.22,3.57,31.8,30.69,30.79,31.09,1.42,4.0,36.01,5.51,28950424703.0,25474376574.0,0.0,0.0,-23.09,-19.96
831,300594,朗进科技,30.3,0.7,0.21,31061.0,92878319.0,4.62,30.47,29.08,29.99,30.09,0.69,3.41,-154.63,3.37,2783765535.0,2757243188.0,0.56,-0.1,52.72,54.51
832,605303,园林股份,18.68,0.7,0.13,71073.0,133309939.0,5.18,19.3,18.34,18.49,18.55,0.84,4.41,-20.77,3.28,3011914781.0,3011914781.0,-0.11,-0.11,5.48,7.98
833,600063,皖维高新,7.21,0.7,0.05,508559.0,366028559.0,2.09,7.26,7.11,7.17,7.16,0.89,2.46,34.37,1.78,14918257497.0,14918257497.0,0.0,0.0,16.86,22.41
834,002430,杭氧股份,29.32,0.69,0.2,112921.0,331902214.85,2.82,29.65,28.83,28.86,29.12,0.94,1.15,28.41,2.97,28685477993.0,28673128409.0,0.0,-0.07,-7.16,-1.84
835,600088,中视传媒,14.58,0.69,0.1,48111.0,70244217.0,3.38,14.84,14.35,14.42,14.48,1.62,1.21,-408.2,4.59,5798559312.0,5798559312.0,0.0,0.0,-11.15,-9.89
836,300555,ST路通,13.14,0.69,0.09,23676.0,30964121.0,4.06,13.38,12.85,12.85,13.05,0.85,1.2,-54.34,5.53,2628000000.0,2601521100.0,0.08,-0.08,-8.75,-10.37
837,000951,中国重汽,24.67,0.69,0.17,158572.0,392513232.75,5.18,25.27,24.0,24.1,24.5,0.65,1.35,17.4,1.79,28984027111.0,28984027111.0,-0.12,0.04,43.68,45.98
838,603281,江瀚新材,35.19,0.69,0.24,38218.0,133863662.0,2.09,35.28,34.55,35.18,34.95,1.08,1.02,30.57,2.8,13137600023.0,13137600023.0,0.03,0.09,25.45,26.81
839,002532,天山铝业,18.87,0.69,0.13,703658.0,1326276157.29,4.38,19.13,18.31,18.48,18.74,0.67,1.71,18.13,2.95,87344275021.0,77496400119.0,0.11,0.05,4.14,17.35
840,603125,常青科技,17.79,0.68,0.12,32267.0,57455143.0,3.28,18.07,17.49,17.55,17.67,1.63,3.19,52.67,3.01,7202039111.0,1800603287.0,0.11,0.17,4.4,5.39
841,600750,华润江中,26.53,0.68,0.18,50281.0,132980423.0,2.43,26.79,26.15,26.42,26.35,0.79,0.8,18.6,4.19,16862820557.0,16679022733.0,-0.19,-0.19,15.5,14.5
842,300219,鸿利智汇,7.51,0.67,0.05,186691.0,140218009.26,3.62,7.62,7.35,7.39,7.46,1.03,2.64,52.47,2.01,5316655730.0,5306933171.0,0.13,0.13,2.46,4.16
843,688702,盛科通信-U,220.46,0.67,1.47,75581.0,1680183593.0,7.62,228.68,212.0,217.82,218.99,1.02,3.72,-603.22,40.53,90388600000.0,44751568480.0,-0.02,0.11,55.65,55.59
844,301150,中一科技,57.32,0.67,0.38,121829.0,694865161.36,4.6,57.98,55.36,55.82,56.94,1.2,5.47,259.11,3.76,13368942328.0,12758588479.0,0.07,-0.12,29.24,36.51
845,300478,杭州高新,24.38,0.66,0.16,32389.0,79230424.95,4.21,25.03,24.01,24.15,24.22,1.24,2.56,-139.75,60.13,3088287740.0,3088287740.0,0.0,0.08,-23.93,-24.52
846,600366,宁波韵升,12.42,0.65,0.08,276435.0,343044936.0,3.4,12.57,12.15,12.19,12.34,1.6,2.52,37.11,2.23,13650089853.0,13650089853.0,-0.08,0.08,-11.48,-9.93
847,000761,本钢板材,3.14,0.64,0.02,193155.0,60523666.0,3.85,3.2,3.08,3.11,3.12,0.93,0.52,-3.27,1.85,12899875170.0,11643875170.0,0.32,0.32,-7.37,-6.27
848,002241,歌尔股份,23.69,0.64,0.15,886796.0,2096971169.47,3.74,24.04,23.16,23.28,23.54,1.72,2.83,24.35,2.35,83996328439.0,74350285125.0,-0.04,0.0,-21.03,-17.54
849,301286,侨源股份,47.2,0.64,0.3,15074.0,70722440.93,3.16,47.58,46.1,46.55,46.9,1.14,0.93,78.31,9.89,18884720000.0,7612387586.0,0.04,0.13,7.94,11.61
850,600299,安迪苏,14.08,0.64,0.09,227230.0,319146384.0,3.86,14.3,13.76,14.11,13.99,0.71,0.85,37.56,2.18,43363291939.0,37761169924.0,0.14,0.14,54.73,57.85
851,002198,嘉应制药,7.88,0.64,0.05,187970.0,147458727.22,2.55,7.95,7.75,7.87,7.83,1.28,3.7,137.62,5.64,3999177602.0,3998948294.0,-0.25,-0.13,10.21,12.09
852,002131,利欧股份,8.0,0.63,0.05,8285663.0,6638090524.05,3.02,8.12,7.88,8.03,7.95,2.28,14.16,68.99,4.09,54174229624.0,46797790736.0,0.0,0.0,20.66,41.84
853,002549,凯美特气,19.25,0.63,0.12,503767.0,971853137.67,4.91,19.65,18.71,18.8,19.13,1.33,7.28,133.15,6.47,13385447094.0,13327920876.0,0.0,0.05,-13.68,-9.28
854,300066,三川智慧,6.48,0.62,0.04,309179.0,200026569.17,3.42,6.56,6.34,6.38,6.44,1.67,3.07,35.13,2.58,6739415538.0,6518299055.0,-0.15,0.15,0.47,4.01
855,600480,凌云股份,9.81,0.62,0.06,165539.0,160651493.0,3.08,9.88,9.58,9.74,9.75,1.29,1.36,15.29,1.54,11990610229.0,11898502069.0,-0.1,0.1,-20.37,-20.18
856,603159,上海亚虹,26.06,0.62,0.16,6200.0,16106672.0,2.05,26.23,25.7,25.7,25.9,0.57,0.44,-648.31,7.28,3648400000.0,3648400000.0,0.0,0.08,2.52,1.36
857,600795,国电电力,4.87,0.62,0.03,1205317.0,583705845.0,2.07,4.88,4.78,4.82,4.84,0.85,0.68,9.61,1.42,86859464929.0,86859464929.0,0.0,0.0,-2.6,-3.37
858,002763,汇洁股份,8.06,0.62,0.05,62995.0,50777930.6,2.62,8.13,7.92,8.01,8.01,0.52,2.07,60.27,1.84,3303987440.0,2447130452.0,0.0,0.12,9.07,11.63
859,688147,微导纳米,66.68,0.62,0.41,70661.0,474261241.0,6.71,69.0,64.55,65.68,66.27,1.11,1.53,144.48,10.32,30750056315.0,30750056315.0,0.02,0.06,-4.7,6.2
860,300357,我武生物,26.18,0.61,0.16,132423.0,348252880.49,4.69,26.88,25.66,25.76,26.02,1.04,2.74,29.81,5.2,13707429120.0,12672800887.0,-0.04,-0.04,-13.31,-7.33
861,300499,高澜股份,37.63,0.61,0.23,329410.0,1232651554.3,4.71,38.01,36.25,36.25,37.4,1.29,12.14,251.64,8.3,11486503463.0,10212918823.0,0.0,0.0,21.39,22.65
862,688200,华峰测控,285.15,0.61,1.72,22179.0,637835091.0,6.13,293.98,276.61,277.1,283.43,1.12,1.64,71.79,9.46,38647299109.0,38647299109.0,0.05,0.17,43.02,49.92
863,002868,*ST绿康,37.98,0.61,0.23,7409.0,27853440.0,2.78,38.1,37.05,37.75,37.75,1.02,0.69,-42.38,93.43,5902693489.0,4063955102.0,-0.03,-0.26,2.18,12.67
864,300807,天迈科技,52.82,0.61,0.32,15945.0,84682645.0,4.17,53.89,51.7,52.49,52.5,1.36,3.07,-175.59,7.65,3593850985.0,2743549449.0,0.02,-0.09,-8.36,-4.29
865,300617,安靠智电,57.3,0.61,0.35,58644.0,334743827.7,7.41,59.9,55.68,56.0,56.95,0.75,4.22,96.47,3.26,9495049147.0,7960329385.0,0.39,0.09,71.61,79.62
866,000695,滨海能源,13.09,0.61,0.08,174114.0,227454540.0,4.38,13.32,12.75,13.21,13.01,0.63,7.85,-46.02,26.86,3033635500.0,2903508137.0,-0.15,-0.08,-7.56,2.99
867,601208,东材科技,33.54,0.6,0.2,466133.0,1562854038.0,3.87,33.95,32.66,32.67,33.34,0.89,4.61,89.81,5.67,33881535908.0,33881535908.0,0.0,-0.12,25.67,24.27
868,603170,宝立食品,13.45,0.6,0.08,41789.0,56038200.0,2.17,13.52,13.23,13.29,13.37,1.14,1.04,21.03,3.81,5380134500.0,5380134500.0,0.0,-0.44,-9.55,-5.81
869,600172,黄河旋风,8.43,0.6,0.05,1235094.0,1045899647.0,4.18,8.61,8.26,8.35,8.38,1.23,9.68,-17.44,12.31,12157615133.0,10758835973.0,0.0,-0.12,41.68,47.64
870,601702,华峰铝业,20.31,0.59,0.12,153795.0,313239809.0,3.86,20.66,19.88,20.11,20.19,1.66,1.54,16.87,3.15,20280156486.0,20280156486.0,-0.25,0.05,-1.41,-0.78
871,603239,浙江仙通,25.78,0.59,0.15,85485.0,221121527.0,2.93,26.09,25.34,25.63,25.63,0.97,3.16,31.45,5.26,6979161600.0,6979161600.0,-0.08,-0.15,19.02,25.69
872,300866,安克创新,104.6,0.59,0.61,56568.0,589582598.83,4.98,106.68,101.5,102.5,103.99,1.0,1.84,22.04,5.33,56082225229.0,32167010400.0,0.0,-0.25,-6.26,-8.56
873,002353,杰瑞股份,112.49,0.59,0.66,266908.0,2986852845.24,5.67,114.94,108.6,111.61,111.83,0.94,3.85,47.78,5.2,115173542654.0,77983005186.0,0.05,0.01,53.53,58.82
874,688066,航天宏图,18.86,0.59,0.11,153976.0,293696222.0,6.67,19.65,18.4,18.75,18.75,1.14,5.89,-4.21,-14.85,4927709794.0,4927709794.0,-0.21,0.0,-41.56,-42.08
875,002545,东方铁塔,22.72,0.58,0.13,139772.0,317774981.8,4.34,23.12,22.14,22.49,22.59,1.01,1.24,25.6,2.99,28265090526.0,25677319446.0,0.04,-0.09,9.65,23.14
876,601808,中海油服,15.71,0.58,0.09,279195.0,438012282.0,2.05,15.85,15.53,15.76,15.62,0.86,0.94,19.51,1.61,74961710320.0,46508952280.0,0.0,0.06,8.72,11.89
877,002160,常铝股份,5.17,0.58,0.03,344923.0,176831449.1,2.72,5.17,5.03,5.06,5.14,0.5,3.35,109.11,1.43,5339478633.0,5328871458.0,0.0,0.19,-10.71,-0.58
878,603966,法兰泰克,13.9,0.58,0.08,230194.0,319169462.0,3.04,14.02,13.6,13.7,13.82,0.85,5.79,24.17,2.67,5541526705.0,5528337690.0,0.07,-0.14,14.03,16.81
879,300053,航宇微,17.75,0.57,0.1,481511.0,863456085.93,5.1,18.28,17.38,17.48,17.65,1.72,7.4,-36.25,8.63,12369519233.0,11552035972.0,0.0,0.06,-5.94,-6.68
880,301003,江苏博云,51.69,0.56,0.29,27771.0,142484174.0,3.07,51.96,50.38,51.2,51.4,1.57,3.7,49.2,4.44,5020821466.0,3884004898.0,-0.12,0.12,20.13,15.9
881,920225,利通科技,25.11,0.56,0.14,26822.0,66457622.12,6.09,25.55,24.03,24.61,24.97,0.69,3.24,38.29,4.36,3186933428.0,2078659887.0,0.12,0.28,-31.95,-21.65
882,002497,雅化集团,23.31,0.56,0.13,574352.0,1344314386.41,7.98,24.46,22.61,24.25,23.18,1.74,5.43,60.33,2.48,26866232341.0,24674831735.0,-0.04,0.0,-5.13,-5.82
883,300109,新开源,18.37,0.55,0.1,97604.0,179237166.66,2.96,18.59,18.05,18.15,18.27,1.25,2.18,33.12,2.4,8879701714.0,8216085629.0,-0.05,-0.11,7.93,9.41
884,600757,长江传媒,9.1,0.55,0.05,91825.0,83361137.0,1.99,9.14,8.96,9.01,9.05,1.09,0.76,9.64,1.12,11044217484.0,11042823637.0,0.0,-0.11,1.22,2.48
885,301002,崧盛股份,36.3,0.55,0.2,23814.0,85699683.5,3.96,36.5,35.07,36.0,36.1,0.89,2.8,532.12,5.69,4898201411.0,3084961889.0,0.0,0.08,-3.59,-0.3
886,603377,ST东时,3.64,0.55,0.02,65326.0,23852163.0,3.59,3.71,3.58,3.58,3.62,0.9,0.91,-18.98,3.21,2604137481.0,2604137481.0,0.0,0.0,-3.7,-3.19
887,600598,北大荒,16.38,0.55,0.09,374414.0,609770475.0,2.58,16.54,16.12,16.25,16.29,0.86,2.11,24.97,3.64,29118396909.0,29118396909.0,0.0,0.06,8.19,9.57
888,601799,星宇股份,125.66,0.55,0.69,26572.0,334749332.0,3.25,127.39,123.33,124.01,124.97,1.08,0.93,22.1,3.15,35898475792.0,35898475792.0,-0.13,-0.21,-1.69,1.86
889,600012,皖通高速,14.84,0.54,0.08,56871.0,84160071.0,2.37,14.95,14.6,14.69,14.76,0.93,0.49,13.51,1.98,25355503633.0,17297504000.0,0.27,0.07,1.71,0.13
890,300741,华宝股份,16.88,0.54,0.09,29363.0,49677193.9,2.68,17.07,16.62,16.78,16.79,0.84,0.48,124.05,1.53,10396054400.0,10395997852.0,-0.18,-0.24,-9.05,-9.15
891,605358,立昂微,35.24,0.54,0.19,188848.0,664687653.0,4.74,35.87,34.21,34.35,35.05,1.79,2.81,-164.36,3.38,23659354024.0,23659354024.0,-0.03,-0.06,-16.35,1.21
892,000957,中通客车,11.32,0.53,0.06,177865.0,201085545.37,2.31,11.47,11.21,11.3,11.26,0.92,3.0,18.18,2.15,6711672556.0,6711672556.0,-0.09,-0.09,-2.92,-0.88
893,601002,晋亿实业,5.85,0.52,0.03,784154.0,460626366.0,3.26,5.98,5.79,5.79,5.82,1.36,8.22,23.05,1.29,5583478212.0,5583478212.0,-0.34,-0.17,12.72,13.81
894,920422,润普食品,11.59,0.52,0.06,27299.0,31037461.51,5.12,11.65,11.06,11.45,11.53,2.63,4.12,54.88,2.39,1025514609.0,767521209.0,1.4,1.93,-13.05,-10.16
895,002886,沃特股份,21.6,0.51,0.11,57888.0,125714431.0,3.26,22.0,21.3,21.31,21.49,1.09,2.77,141.66,3.15,5685197004.0,4516088342.0,-0.09,-0.09,-6.05,-0.55
896,002795,永和智控,7.93,0.51,0.04,140574.0,111028185.32,2.79,7.97,7.75,7.83,7.89,0.93,3.24,-43.45,7.71,3502581296.0,3445021550.0,-0.25,0.0,15.77,25.87
897,300469,信息发展,54.78,0.51,0.28,62824.0,341812317.17,3.89,55.3,53.18,54.5,54.5,0.64,2.53,-130.67,35.69,13598522779.0,13598179308.0,0.0,0.0,-20.69,-11.36
898,300097,智云股份,8.1,0.5,0.04,148394.0,119415378.2,4.84,8.24,7.85,8.05,8.06,0.98,5.5,-8.49,10.88,2337252319.0,2187068429.0,-0.12,-0.37,12.03,11.88
899,002286,保龄宝,10.1,0.5,0.05,92487.0,93982599.6,3.88,10.3,9.91,9.96,10.05,1.43,2.5,21.51,1.74,3843730538.0,3732476513.0,0.0,0.1,2.33,12.98
900,300602,飞荣达,32.78,0.49,0.16,186486.0,611068176.47,4.81,33.28,31.71,31.99,32.62,1.31,4.72,49.99,4.8,19073483268.0,12961338957.0,-0.03,-0.09,1.36,-1.15
901,300759,康龙化成,30.55,0.49,0.15,459140.0,1416637228.56,5.03,31.66,30.13,30.2,30.4,0.81,3.23,33.73,3.61,56129014835.0,43381976195.0,0.03,-0.03,0.13,7.46
902,301308,江波龙,325.5,0.49,1.58,142436.0,4597648266.95,4.96,331.06,315.0,316.75,323.92,1.05,5.19,143.59,18.12,136431784409.0,89315295174.0,0.0,0.11,13.16,32.94
903,000692,惠天热电,4.23,0.48,0.02,170466.0,71479937.0,2.61,4.25,4.14,4.24,4.21,0.39,3.2,-5.34,-17.46,2253883488.0,2253883488.0,0.0,0.0,21.55,22.97
904,603261,*ST立航,35.48,0.48,0.17,4020.0,14257058.0,2.58,35.91,35.0,35.35,35.31,0.51,0.52,-46.45,4.09,2749878181.0,2749878181.0,0.34,0.0,39.58,46.92
905,603019,中科曙光,83.3,0.48,0.4,357336.0,2958669536.0,3.22,83.89,81.22,81.8,82.9,1.31,2.44,135.17,5.47,121877544807.0,121843481771.0,0.0,0.01,-6.82,-2.65
906,300829,金丹科技,19.01,0.48,0.09,63761.0,122205909.25,4.28,19.5,18.69,18.8,18.92,0.89,4.03,24.53,1.79,4320499784.0,3008226633.0,-0.26,-0.21,11.69,14.59
907,300464,星徽股份,8.29,0.48,0.04,140933.0,116313111.0,3.15,8.36,8.1,8.1,8.25,0.61,3.97,1057.3,27.33,3795325006.0,2945790776.0,-0.12,0.12,29.33,30.76
908,002432,九安医疗,88.01,0.48,0.42,303996.0,2604435233.9,10.26,89.99,81.0,86.74,87.59,0.91,6.93,19.31,1.84,40922519278.0,38584433913.0,-0.34,-0.41,115.03,119.81
909,000553,安道麦A,6.38,0.47,0.03,187247.0,119556327.88,3.78,6.52,6.28,6.38,6.35,1.17,0.86,-14.21,0.85,14864199067.0,13889719111.0,-0.16,-0.31,11.73,16.42
910,300012,华测检测,14.93,0.47,0.07,227131.0,338498382.7,2.76,15.04,14.63,14.71,14.86,0.96,1.59,24.72,3.27,25124625235.0,21368445494.0,0.07,-0.2,2.97,10.18
911,300249,依米康,17.04,0.47,0.08,295271.0,497625919.11,3.07,17.12,16.6,16.81,16.96,1.01,7.91,203.62,22.47,7505915418.0,6363179500.0,0.0,0.06,13.6,16.47
912,688610,埃科光电,96.14,0.46,0.44,23559.0,227187904.0,7.21,99.51,92.61,94.8,95.7,1.02,5.76,102.2,4.31,6537520000.0,3935257088.0,-0.01,0.37,49.68,55.54
913,605299,舒华体育,21.76,0.46,0.1,504595.0,1103653567.0,9.88,22.73,20.59,21.4,21.66,0.8,12.33,99.82,6.99,8904769140.0,8904769140.0,0.09,-0.87,90.38,89.38
914,600885,宏发股份,26.47,0.46,0.12,228227.0,602826098.0,3.11,26.7,25.88,26.26,26.35,0.69,1.47,23.31,3.24,40964821465.0,40964821465.0,-0.11,-0.19,-15.97,-12.93
915,601113,华鼎股份,4.45,0.45,0.02,227921.0,101969443.0,3.84,4.55,4.38,4.42,4.43,1.93,2.06,19.63,1.24,4913477406.0,4913477406.0,0.0,-0.22,-8.06,-4.91
916,301275,汉朔科技,42.0,0.45,0.19,57901.0,240855384.68,2.61,42.18,41.09,41.3,41.81,1.17,1.97,42.32,4.44,17740800000.0,12328527876.0,-0.1,-0.24,-23.59,-21.38
917,603960,克来机电,22.52,0.45,0.1,118351.0,264854686.0,5.17,22.84,21.68,21.92,22.42,1.23,4.51,194.04,5.28,5904696708.0,5904696708.0,-0.04,-0.09,12.1,13.51
918,603639,海利尔,13.58,0.44,0.06,29751.0,40199714.0,2.0,13.63,13.36,13.39,13.52,0.56,0.88,17.13,1.33,4748223045.0,4615547803.0,0.0,-0.07,5.03,6.93
919,002540,亚太科技,6.83,0.44,0.03,111249.0,75976195.0,2.65,6.89,6.71,6.75,6.8,1.01,1.27,21.77,1.58,8545310071.0,5969680530.0,-0.15,-0.29,-4.34,-3.53
920,002471,中超控股,9.05,0.44,0.04,2871845.0,2598829613.62,7.66,9.49,8.8,9.02,9.01,0.92,21.39,-546.95,6.88,12387278000.0,12148708805.0,0.0,-0.22,11.04,12.84
921,300442,润泽科技,87.29,0.44,0.38,482292.0,4157862265.88,2.88,87.5,85.0,85.5,86.91,1.22,2.96,61.26,9.99,142661850487.0,142267299687.0,0.01,-0.23,51.47,65.32
922,603139,康惠股份,27.11,0.44,0.12,28635.0,78275867.0,8.48,27.85,25.56,26.82,26.99,1.13,2.87,-15.33,3.74,2707746800.0,2707746800.0,-0.51,-0.66,28.24,32.44
923,002299,圣农发展,18.29,0.44,0.08,74742.0,136353576.34,1.54,18.35,18.07,18.15,18.21,0.75,0.61,14.71,2.0,22736513377.0,22294370259.0,0.0,-0.05,9.06,10.58
924,301035,润丰股份,82.66,0.44,0.36,15711.0,129907488.0,3.21,83.96,81.32,82.28,82.3,0.87,0.56,19.56,3.18,23208528711.0,23173299019.0,0.0,0.02,16.59,21.54
925,603386,骏亚科技,13.96,0.43,0.06,61396.0,85420567.0,2.09,14.02,13.73,13.89,13.9,1.15,1.88,157.33,3.35,4555462938.0,4555462938.0,-0.14,0.29,-10.23,-8.94
926,688181,八亿时空,33.06,0.43,0.14,34170.0,113197579.0,2.98,33.5,32.52,32.9,32.92,1.25,2.54,56.77,2.06,4445959911.0,4445959911.0,-0.06,-0.21,-3.42,2.29
927,600753,*ST海钦,11.95,0.42,0.05,16598.0,19789594.0,1.76,12.06,11.85,11.95,11.9,0.44,0.72,80.39,123.76,2752170741.0,2752170741.0,0.0,0.08,43.98,40.75
928,603062,麦加芯彩,49.73,0.42,0.21,11091.0,55411207.0,2.63,50.58,49.28,49.53,49.52,1.06,2.99,25.55,2.57,5370840000.0,1843645263.0,-0.38,-0.26,3.76,5.2
929,002272,川润股份,19.22,0.42,0.08,962877.0,1856926371.25,4.81,19.66,18.74,18.74,19.14,1.27,24.91,-322.75,6.24,9319341706.0,7428392539.0,0.0,-0.16,15.71,17.55
930,688028,沃尔德,99.8,0.42,0.42,76762.0,769220596.0,7.55,103.5,96.0,96.0,99.38,0.96,5.09,159.4,7.59,15064710200.0,15064710200.0,0.04,0.1,50.3,54.63
931,301225,恒勃股份,114.44,0.41,0.47,23728.0,272249518.79,6.32,117.48,110.28,112.91,113.97,0.65,7.94,94.22,7.71,11830807200.0,3419696080.0,-0.55,-0.42,-25.88,-30.85
932,300752,隆利科技,17.06,0.41,0.07,48684.0,83510812.65,3.65,17.43,16.81,16.82,16.99,1.23,3.1,63.12,3.2,3898192189.0,2682933223.0,0.0,0.12,-8.43,-6.52
933,301391,卡莱特,70.5,0.41,0.29,14466.0,102249509.0,4.49,72.15,69.0,69.65,70.21,1.39,1.56,375.35,3.23,6698544176.0,6544911210.0,-0.18,-0.07,-16.37,-16.91
934,920077,吉林碳谷,17.29,0.41,0.07,102136.0,178412725.01,5.05,17.79,16.92,17.01,17.22,1.4,3.22,53.06,3.84,10161018616.0,5480183366.0,0.06,-0.12,1.35,1.59
935,002706,良信股份,9.76,0.41,0.04,330348.0,320397392.64,3.29,9.85,9.53,9.61,9.72,0.83,3.61,27.03,2.69,10961700195.0,8930298398.0,-0.1,0.0,-10.54,-9.46
936,603861,白云电器,17.02,0.41,0.07,190334.0,323318239.0,4.42,17.4,16.65,16.9,16.95,1.5,3.6,46.44,2.31,9199785794.0,8996541856.0,0.18,0.18,33.28,39.85
937,002667,威领股份,25.0,0.4,0.1,141614.0,350887510.0,6.43,25.36,23.76,24.31,24.9,1.1,5.99,-374.47,17.25,6514787500.0,5915275000.0,0.4,0.4,78.32,90.99
938,000792,盐湖股份,37.4,0.4,0.15,818007.0,3037593388.32,3.76,37.68,36.28,36.95,37.25,1.06,1.55,23.35,4.4,197904813033.0,197903048875.0,-0.21,-0.13,15.54,32.81
939,300563,神宇股份,32.26,0.4,0.13,44108.0,141791775.47,3.11,32.51,31.51,31.7,32.13,1.45,3.44,82.66,5.32,5875724329.0,4133983282.0,-0.15,-0.15,-14.72,-12.05
940,605268,王力安防,12.43,0.4,0.05,74662.0,92678028.0,2.5,12.55,12.24,12.3,12.38,1.28,1.69,35.0,3.31,5547540075.0,5475321775.0,-0.24,-0.24,16.82,16.49
941,603869,ST智知,10.06,0.4,0.04,14098.0,14246196.0,2.89,10.21,9.92,9.97,10.02,1.31,0.29,134.55,1.33,4970812875.0,4970812875.0,-0.2,-0.2,-7.62,-5.0
942,300415,伊之密,24.97,0.4,0.1,60657.0,151893988.87,3.46,25.33,24.47,24.68,24.87,1.13,1.34,15.55,3.75,11699995237.0,11313710711.0,-0.04,-0.04,-7.38,-4.18
943,000504,*ST生物,10.0,0.4,0.04,15973.0,15858771.0,1.51,10.01,9.86,9.86,9.96,0.66,0.49,473.05,13.62,3300230980.0,3291223980.0,0.0,0.2,14.29,11.73
944,301228,实朴检测,44.73,0.4,0.18,48790.0,220392944.3,6.64,46.44,43.48,44.01,44.55,2.52,4.08,-101.18,7.77,5367600000.0,5342564351.0,0.13,0.52,18.18,15.85
945,002823,凯中精密,15.24,0.4,0.06,47248.0,72117853.92,2.31,15.38,15.03,15.19,15.18,1.26,2.16,20.96,2.46,5004342783.0,3336314846.0,0.0,-0.2,-6.04,-5.11
946,300988,津荣天宇,27.38,0.4,0.11,57700.0,157483582.8,2.53,27.64,26.95,27.2,27.27,0.9,5.41,32.79,3.02,3841341635.0,2920620411.0,0.0,0.0,16.81,20.35
947,003015,日久光电,14.89,0.4,0.06,59003.0,87423110.18,2.36,14.94,14.59,14.66,14.83,0.96,2.39,40.03,3.69,4185082672.0,3682672973.0,0.0,0.13,-6.59,-4.55
948,002041,登海种业,10.32,0.39,0.04,126635.0,129697890.4,2.24,10.38,10.15,10.32,10.28,0.81,1.44,126.15,2.51,9081600000.0,9081600000.0,-0.1,0.0,6.72,8.18
949,300931,通用电梯,13.03,0.39,0.05,45656.0,59152708.86,2.31,13.09,12.79,12.9,12.98,0.88,2.47,-265.29,4.89,3129102380.0,2410229957.0,-0.08,0.0,19.32,17.71
950,600578,京能电力,5.17,0.39,0.02,284595.0,147010995.0,2.14,5.2,5.09,5.13,5.15,0.78,0.43,8.19,1.46,34611190648.0,34611190648.0,-0.19,-0.19,-2.08,1.37
951,600508,上海能源,12.87,0.39,0.05,83250.0,107091924.0,2.65,13.09,12.75,12.83,12.82,0.74,1.15,42.2,0.74,9301380660.0,9301380660.0,-0.16,-0.16,6.8,9.35
952,301300,远翔新材,44.2,0.39,0.17,9693.0,42473671.25,3.16,44.5,43.11,43.69,44.03,1.03,2.5,33.02,3.5,2868049600.0,1713767175.0,-0.02,-0.09,1.17,4.25
953,688093,世华科技,33.67,0.39,0.13,31474.0,105854669.0,3.88,34.11,32.81,33.16,33.54,1.67,1.12,23.67,3.38,9440488573.0,9440488573.0,0.06,0.15,-9.66,-8.63
954,002895,川恒股份,39.81,0.38,0.15,67035.0,264750586.12,3.43,40.06,38.7,39.4,39.66,0.8,1.13,19.14,3.14,24121133107.0,23685416638.0,-0.03,0.0,0.94,8.59
955,300585,奥联电子,16.01,0.38,0.06,77112.0,122730887.0,4.76,16.29,15.53,15.85,15.95,1.81,4.51,617.25,3.85,2739488887.0,2739488887.0,0.13,-0.25,-16.27,-10.01
956,603135,中重科技,10.64,0.38,0.04,37398.0,40017872.0,3.77,10.91,10.51,10.51,10.6,1.47,1.48,-1605.2,2.27,6748495331.0,2688272140.0,0.0,0.0,13.68,15.53
957,300763,锦浪科技,90.75,0.38,0.34,220365.0,1978341403.64,5.67,92.28,87.15,89.93,90.41,1.03,6.85,31.3,3.97,36123785734.0,29184424541.0,0.01,-0.09,21.34,27.08
958,002592,ST八菱,8.16,0.37,0.03,80055.0,64551083.0,5.41,8.3,7.86,8.03,8.13,1.3,3.05,19.78,2.47,2311982241.0,2143617606.0,0.0,0.37,-10.92,-1.69
959,600183,生益科技,59.2,0.37,0.22,419173.0,2478621390.0,3.76,59.75,57.53,57.81,58.98,0.8,1.75,43.13,8.6,143803858416.0,141754491405.0,0.0,0.0,-17.83,-17.1
960,002825,纳尔股份,10.76,0.37,0.04,85823.0,92695946.99,3.82,10.98,10.57,10.62,10.72,1.27,3.35,19.13,2.27,3674917967.0,2760413526.0,-0.09,-0.09,-5.94,-6.35
961,603228,景旺电子,59.08,0.37,0.22,222068.0,1311699625.0,3.72,59.69,57.5,57.9,58.86,1.14,2.28,47.27,4.45,58183050571.0,57647688880.0,0.0,-0.19,-24.11,-19.17
962,301682,宏明电子,113.22,0.37,0.42,56300.0,642265621.64,6.29,117.3,110.2,110.91,112.8,0.97,21.92,43.18,3.65,13761818313.0,2908261874.0,-0.1,-0.25,62.53,62.53
963,001301,尚太科技,73.1,0.37,0.27,44972.0,330046574.34,5.25,74.81,70.99,72.11,72.83,1.06,2.42,20.11,2.82,19064651785.0,13600463408.0,-0.11,-0.18,-17.57,-14.81
964,300268,*ST佳沃,13.69,0.37,0.05,13330.0,18051354.72,2.57,13.71,13.36,13.58,13.64,1.36,1.0,-5.58,-2.33,2384798000.0,1830455675.0,0.22,0.22,2.09,7.29
965,002421,达实智能,2.74,0.37,0.01,1510476.0,415219291.0,3.66,2.8,2.7,2.79,2.73,3.76,7.53,-10.51,1.96,5810393691.0,5498337464.0,0.0,0.0,-6.8,-3.86
966,002394,联发股份,13.88,0.36,0.05,92059.0,127871123.72,4.77,14.22,13.56,13.82,13.83,2.1,2.85,12.79,1.04,4492956000.0,4487204211.0,0.0,-0.07,-14.27,-12.48
967,301246,宏源药业,22.35,0.36,0.08,292710.0,662327401.36,7.27,23.54,21.92,22.01,22.27,1.47,17.21,-6094.67,2.06,8940151980.0,3801231008.0,-0.13,0.04,-7.3,-10.6
968,300613,富瀚微,43.0,0.35,0.15,40870.0,175653544.97,2.59,43.41,42.3,42.45,42.85,1.06,1.86,69.06,3.55,10010607217.0,9442791099.0,-0.14,-0.19,-9.95,-6.64
969,600871,石化油服,2.83,0.35,0.01,1904880.0,536876938.0,3.55,2.88,2.78,2.85,2.82,0.9,1.41,81.43,5.8,53648439707.0,38338044953.0,0.0,0.0,26.34,31.02
970,688385,复旦微电,69.25,0.35,0.24,115620.0,807985671.0,5.67,71.61,67.7,68.2,69.01,1.08,2.14,245.51,9.3,57042142563.0,37352290063.0,-0.07,-0.24,-16.45,-6.04
971,688411,海博思创,222.88,0.35,0.78,45174.0,998017448.0,4.03,225.86,216.9,220.0,222.1,0.85,3.41,42.29,8.4,40139014617.0,29548154635.0,0.0,0.0,-11.24,-10.86
972,688158,优刻得-W,46.14,0.35,0.16,504996.0,2298555756.0,3.96,46.5,44.68,44.98,45.98,0.99,12.45,-286.24,8.71,21053916437.0,18708566115.0,0.04,0.07,52.63,64.26
973,603311,金海高科,17.47,0.34,0.06,132191.0,231714883.0,5.0,18.0,17.13,17.14,17.41,2.43,5.6,40.37,3.0,4120891855.0,4120891855.0,-0.06,0.0,16.7,14.33
974,600596,新安股份,11.94,0.34,0.04,333672.0,396683091.0,3.53,12.08,11.66,11.8,11.9,1.34,2.47,169.32,1.3,16114188765.0,16114188765.0,0.0,0.0,-3.24,4.1
975,300322,硕贝德,26.4,0.34,0.09,258427.0,673665487.24,4.1,26.54,25.46,25.73,26.31,1.27,5.87,187.76,12.04,12145007239.0,11627372143.0,0.04,0.04,-8.93,-3.26
976,600801,华新建材,23.66,0.34,0.08,120045.0,282900566.0,1.91,23.74,23.29,23.41,23.58,0.56,0.89,17.24,1.53,49189037055.0,31744566375.0,-0.08,0.04,-3.15,-3.59
977,600230,沧州大化,20.72,0.34,0.07,149912.0,308737034.0,3.29,20.95,20.27,20.53,20.65,0.8,3.62,135.08,2.13,8577272231.0,8577272231.0,-0.1,0.19,24.52,35.78
978,688029,南微医学,76.56,0.34,0.26,15436.0,118587607.0,2.35,77.3,75.51,76.29,76.3,0.84,0.82,25.23,3.5,14381598628.0,14381598628.0,0.26,0.13,-10.98,-6.13
979,605376,博迁新材,105.61,0.34,0.36,72619.0,773467013.0,5.77,110.0,103.93,103.93,105.25,0.99,2.78,136.69,16.77,27627576000.0,27627576000.0,0.0,-0.05,60.04,61.48
980,603766,隆鑫通用,14.81,0.34,0.05,154263.0,227169363.0,1.96,14.85,14.56,14.62,14.76,0.36,0.75,14.47,3.06,30412954799.0,30412954799.0,0.0,0.0,-5.61,-6.91
981,603893,瑞芯微,160.37,0.34,0.54,67585.0,1075787060.0,3.33,161.27,155.95,157.0,159.83,1.45,1.61,64.92,15.41,67514904002.0,67495980342.0,0.0,0.01,-14.56,-9.89
982,688035,德邦科技,59.5,0.34,0.2,41720.0,248908792.0,4.89,60.9,58.0,58.28,59.3,1.1,2.93,80.41,3.6,8463280000.0,8463280000.0,-0.25,-0.39,18.38,23.32
983,002877,智能自控,8.86,0.34,0.03,88006.0,77710283.0,2.27,8.93,8.73,8.79,8.83,0.92,3.66,139.52,2.6,3152775138.0,2130959817.0,0.0,0.11,-5.24,-3.49
984,300127,银河磁体,30.09,0.33,0.1,90315.0,272120092.84,3.67,30.66,29.56,29.77,29.99,2.0,3.91,54.71,6.42,9723473972.0,6945257653.0,0.03,0.03,-4.81,-0.79
985,300408,三环集团,58.58,0.33,0.19,196309.0,1151135127.74,3.55,59.3,57.23,57.52,58.39,0.97,1.05,42.88,5.18,112268415993.0,109533114922.0,-0.12,0.15,24.69,28.04
986,688665,四方光电,45.81,0.33,0.15,5104.0,23383840.0,2.8,46.29,45.01,45.66,45.66,1.19,0.5,35.21,3.99,4635621141.0,4635621141.0,0.22,0.11,-8.64,-6.07
987,301087,可孚医疗,57.85,0.33,0.19,24721.0,142511010.13,2.25,58.23,56.93,57.53,57.66,1.18,1.27,32.52,2.48,12084691450.0,11225215157.0,0.1,0.03,13.92,29.51
988,301032,新柴股份,12.63,0.32,0.04,56895.0,71674995.0,3.42,12.76,12.33,12.49,12.59,1.17,3.56,38.55,2.52,3045514842.0,2019193148.0,0.0,0.0,2.02,4.99
989,002995,天地在线,24.84,0.32,0.08,301417.0,745017686.85,4.52,25.28,24.16,24.75,24.76,1.49,26.81,-74.54,4.96,4407969283.0,2792443447.0,0.04,-0.04,41.06,50.36
990,688211,中科微至,31.97,0.31,0.1,5408.0,17268473.0,2.6,32.08,31.25,31.92,31.87,1.65,0.41,-45.72,1.21,4191038798.0,4191038798.0,0.0,0.0,2.76,3.8
991,002738,中矿资源,78.0,0.31,0.24,183259.0,1422151613.61,3.97,78.69,75.6,78.0,77.76,0.7,2.58,122.97,4.62,56276366406.0,55475786028.0,0.0,-0.06,-10.96,-0.7
992,300481,濮阳惠成,16.13,0.31,0.05,69861.0,112085278.02,3.17,16.29,15.78,15.97,16.08,0.93,2.41,35.85,1.94,4707628215.0,4678919815.0,-0.06,-0.19,-0.06,4.06
993,300354,东华测试,35.89,0.31,0.11,38455.0,138203405.56,4.53,36.68,35.06,35.51,35.78,2.11,4.73,36.77,6.03,4964312014.0,2918165439.0,-0.06,-0.03,-23.65,-21.12
994,002074,国轩高科,35.28,0.31,0.11,258122.0,906991996.58,2.84,35.58,34.58,34.92,35.17,0.9,1.49,18.95,2.25,64001935005.0,61252866955.0,-0.08,-0.14,-13.76,-9.79
995,002283,天润工业,10.05,0.3,0.03,385547.0,384163299.08,3.39,10.1,9.76,9.81,10.02,0.8,3.84,31.13,1.88,11451544639.0,10078406616.0,0.3,0.3,59.52,61.06
996,002048,宁波华翔,26.98,0.3,0.08,124427.0,337821342.71,3.75,27.51,26.5,26.69,26.9,1.0,1.75,185.6,1.95,21957217632.0,19150247975.0,-0.15,-0.07,-11.1,-14.24
997,600901,江苏金租,6.78,0.3,0.02,248703.0,168340682.0,1.63,6.81,6.7,6.71,6.76,0.85,0.43,12.04,1.57,39268854402.0,39259267482.0,-0.15,-0.15,7.45,10.78
998,001314,亿道信息,41.69,0.29,0.12,24664.0,103095288.45,2.81,42.24,41.07,41.2,41.57,1.45,1.98,638.74,2.88,5946411460.0,5185633996.0,0.02,0.17,-8.27,-6.96
999,300643,万通智控,17.44,0.29,0.05,48892.0,85859559.54,3.85,17.8,17.13,17.22,17.39,1.18,2.12,23.8,3.19,4033061842.0,4026039033.0,0.0,-0.17,-10.56,-10.29
1000,301382,蜂助手,34.32,0.29,0.1,93289.0,316360015.4,4.21,34.68,33.24,33.58,34.22,1.33,5.29,54.68,5.29,9801582751.0,6050222624.0,0.15,0.2,-4.75,-3.16
1001,300511,雪榕生物,7.15,0.28,0.02,196284.0,140095396.5,1.96,7.2,7.06,7.1,7.13,1.14,3.5,-55.12,3.09,4582056164.0,4004386222.0,-0.14,-0.14,14.04,14.58
1002,300905,宝丽迪,31.88,0.28,0.09,25796.0,82491229.44,1.98,32.28,31.65,31.85,31.79,1.12,1.85,40.33,2.95,5707020388.0,4451921844.0,0.06,0.0,-4.98,-1.09
1003,600879,航天电子,21.56,0.28,0.06,1323558.0,2847855734.0,4.84,22.09,21.05,21.29,21.5,1.19,4.01,313.39,3.41,71132893641.0,71132893641.0,-0.05,0.0,-9.9,1.13
1004,600098,广州发展,7.15,0.28,0.02,218133.0,155937490.0,1.96,7.2,7.06,7.08,7.13,0.61,0.62,8.71,0.91,25066934614.0,25066934614.0,0.0,0.0,8.33,9.33
1005,600128,苏豪弘业,10.77,0.28,0.03,77430.0,83177082.0,1.49,10.83,10.67,10.73,10.74,1.25,3.14,56.16,1.26,2710794999.0,2657685975.0,-0.19,0.19,-2.27,-2.0
1006,688449,联芸科技,46.51,0.28,0.13,71277.0,330528017.0,3.9,47.11,45.3,45.63,46.38,0.92,2.43,150.56,11.23,21394600000.0,13636924319.0,0.15,0.32,-6.04,2.94
1007,301020,密封科技,21.58,0.28,0.06,8197.0,17520392.0,1.77,21.58,21.2,21.44,21.52,0.77,0.56,35.7,3.23,3159312000.0,3159312000.0,0.94,0.84,-3.32,-2.35
1008,002903,宇环数控,29.93,0.27,0.08,114634.0,339830491.76,3.32,30.04,29.05,29.55,29.85,0.91,10.75,1149.15,5.82,4689971140.0,3191829450.0,0.03,-0.07,28.4,30.13
1009,688237,超卓航科,52.79,0.27,0.14,8093.0,42381899.0,2.89,53.14,51.62,52.3,52.65,0.67,0.9,373.84,3.91,4734310246.0,4734310246.0,0.17,0.08,6.3,8.29
1010,001298,好上好,29.26,0.27,0.08,56114.0,164186175.65,2.57,29.48,28.73,28.81,29.18,1.04,3.41,114.54,5.3,8727834783.0,4816301629.0,-0.17,-0.2,-4.72,-1.12
1011,600664,哈药股份,3.75,0.27,0.01,2444866.0,949834275.0,10.16,4.09,3.71,3.76,3.74,2.01,9.71,21.56,1.67,9444412035.0,9444412035.0,0.0,0.27,6.23,8.7
1012,000923,河钢资源,18.72,0.27,0.05,112291.0,210196523.9,3.96,19.11,18.37,18.49,18.67,1.2,1.79,17.04,1.19,12219086150.0,11754313347.0,-0.05,-0.16,-16.47,-11.57
1013,601882,海天精工,18.91,0.27,0.05,43292.0,81757458.0,3.13,19.21,18.62,18.63,18.86,1.32,0.83,23.01,3.35,9871020000.0,9871020000.0,0.16,0.0,-3.96,-2.83
1014,600261,阳光照明,3.71,0.27,0.01,197353.0,73457423.0,2.43,3.77,3.68,3.71,3.7,1.36,1.48,28.85,1.43,4953046504.0,4953046504.0,-0.27,0.0,8.16,10.09
1015,600546,山煤国际,11.21,0.27,0.03,248982.0,277976263.0,2.24,11.29,11.04,11.14,11.18,0.98,1.26,15.93,1.36,22223333329.0,22223333329.0,-0.27,-0.09,9.37,11.1
1016,600156,华升股份,7.41,0.27,0.02,61236.0,45228297.0,2.44,7.49,7.31,7.39,7.39,0.53,1.52,-84.61,7.94,2979640302.0,2979640302.0,0.0,0.14,-10.94,-10.29
1017,002478,常宝股份,11.09,0.27,0.03,623893.0,690000662.26,3.8,11.27,10.85,11.08,11.06,2.22,8.63,19.09,1.69,9989918889.0,8015008472.0,0.0,-0.18,31.24,30.93
1018,603178,圣龙股份,15.51,0.26,0.04,21397.0,33047188.0,2.0,15.61,15.3,15.47,15.47,1.62,0.91,-37.7,3.02,3666748274.0,3666748274.0,0.06,0.06,-19.51,-17.81
1019,002203,海亮股份,15.14,0.26,0.04,269154.0,410871366.81,4.37,15.57,14.91,14.95,15.1,0.83,1.22,28.14,2.07,34697174848.0,33491818813.0,-0.07,0.2,15.31,19.59
1020,920914,远航精密,23.08,0.26,0.06,16278.0,37875416.58,4.39,23.77,22.76,22.98,23.02,1.3,1.64,41.41,2.38,2298721840.0,2296904290.0,0.04,0.13,-18.56,-12.58
1021,301303,真兰仪表,15.3,0.26,0.04,29480.0,45037315.83,1.51,15.35,15.12,15.13,15.26,1.3,2.9,18.77,1.86,6254640000.0,1556542670.0,0.0,-0.07,-0.26,1.06
1022,002519,银河电子,8.1,0.25,0.02,777075.0,626920936.11,4.58,8.25,7.88,8.0,8.08,0.94,6.95,-170.41,3.97,9124090274.0,9062162234.0,0.0,0.12,3.32,25.0
1023,301121,紫建电子,35.87,0.25,0.09,16659.0,60104601.64,3.72,36.78,35.45,35.64,35.78,1.34,3.29,219.14,2.13,3544890665.0,1814722199.0,0.0,0.0,-12.58,-9.96
1024,300836,佰奥智能,56.5,0.25,0.14,11126.0,62661956.25,4.15,57.4,55.06,55.81,56.36,0.91,1.75,77.4,9.18,5236736965.0,3585051391.0,0.09,0.02,1.29,2.91
1025,300428,立中集团,21.22,0.24,0.05,74349.0,157502551.79,1.89,21.33,20.93,21.0,21.17,1.09,1.25,16.36,1.61,14548040555.0,12663272643.0,-0.05,-0.24,-11.47,-9.12
1026,600361,创新新材,4.18,0.24,0.01,499937.0,208240733.0,2.16,4.2,4.11,4.14,4.17,0.98,1.34,16.5,1.41,15602530976.0,15602530976.0,0.0,0.0,-5.43,-1.42
1027,605368,蓝天燃气,8.22,0.24,0.02,35396.0,29021532.0,0.98,8.25,8.17,8.25,8.2,0.54,0.5,16.81,1.83,5874307221.0,5874307221.0,0.0,0.0,4.98,6.48
1028,600206,有研新材,21.36,0.23,0.05,309812.0,659157774.0,2.72,21.48,20.9,21.01,21.31,1.45,3.66,55.27,4.27,18082379172.0,18082379172.0,0.0,0.0,-2.2,5.07
1029,688082,盛美上海,151.33,0.23,0.34,40579.0,617352638.0,4.51,154.87,148.06,148.58,150.99,1.59,0.85,52.05,5.39,72663337519.0,71878895311.0,0.15,0.05,-18.2,-14.04
1030,002565,顺灏股份,17.23,0.23,0.04,2815755.0,4916437371.31,6.98,18.0,16.8,17.05,17.19,1.29,26.57,203.47,9.79,18263609126.0,18262833776.0,0.0,0.0,-6.56,-6.0
1031,688019,安集科技,268.72,0.23,0.62,26662.0,718046480.0,3.72,272.0,262.03,265.0,268.1,1.18,1.52,59.59,12.81,47024494093.0,47024494093.0,-0.32,0.1,14.73,23.31
1032,300145,南方泵业,4.53,0.22,0.01,716464.0,320072464.06,3.32,4.54,4.39,4.44,4.52,1.27,3.75,22.96,2.96,8698696423.0,8656054002.0,-0.22,-0.22,-2.16,-4.03
1033,688390,固德威,82.22,0.22,0.18,90184.0,734803016.0,3.79,83.11,80.0,80.87,82.04,0.86,3.71,146.88,7.29,19984575482.0,19984575482.0,-0.1,-0.24,16.05,32.34
1034,601579,会稽山,18.15,0.22,0.04,99176.0,179968189.0,3.42,18.5,17.88,17.93,18.11,0.64,2.07,35.57,2.31,8702260873.0,8702260873.0,0.06,0.11,-11.38,-10.46
1035,600382,广东明珠,8.99,0.22,0.02,152793.0,136698767.0,2.68,9.07,8.83,8.95,8.97,0.93,2.2,20.03,2.2,6242728720.0,6242728720.0,0.0,0.11,25.91,29.54
1036,300939,秋田微,38.9,0.21,0.08,61482.0,239484629.81,3.68,39.44,38.01,38.2,38.82,0.87,5.12,54.93,3.36,4668000000.0,4668000000.0,-0.13,-0.15,9.12,12.82
1037,002783,凯龙股份,9.66,0.21,0.02,122765.0,118920262.02,2.59,9.79,9.54,9.59,9.64,0.88,2.66,26.78,1.84,4823794870.0,4455079567.0,-0.21,-0.31,0.63,0.94
1038,301516,中远通,19.52,0.21,0.04,98398.0,192975863.62,4.21,19.93,19.11,19.4,19.48,0.75,14.02,-98.74,4.25,5479298258.0,1369824569.0,0.0,0.0,22.0,25.05
1039,002233,塔牌集团,9.44,0.21,0.02,80187.0,75710614.38,2.12,9.56,9.36,9.37,9.42,1.04,0.68,17.48,0.94,11083980796.0,11075695308.0,-0.21,-0.21,4.89,4.77
1040,002597,金禾实业,23.85,0.21,0.05,76604.0,182673388.0,2.86,24.17,23.49,23.61,23.8,0.54,1.35,26.0,1.79,13554429090.0,13518628809.0,-0.13,-0.17,11.61,14.88
1041,300095,华伍股份,9.62,0.21,0.02,89561.0,85416714.0,2.5,9.64,9.4,9.45,9.6,1.47,2.61,73.55,2.42,4041267378.0,3302884903.0,-0.1,-0.1,-19.3,-20.63
1042,688590,新致软件,14.43,0.21,0.03,244110.0,361568471.0,9.03,15.42,14.12,14.28,14.4,3.24,8.67,-33.99,2.76,4062292965.0,4062292965.0,0.07,0.0,-25.08,-22.67
1043,300393,中来股份,10.2,0.2,0.02,603743.0,613949235.43,7.27,10.47,9.73,10.03,10.18,0.95,6.32,-20.94,3.76,11114199052.0,9750231510.0,-0.1,0.0,47.61,52.24
1044,301007,德迈仕,35.72,0.2,0.07,25655.0,91047183.5,2.75,35.98,35.0,35.51,35.65,0.81,1.68,107.2,7.99,5477304800.0,5464927820.0,0.14,-0.06,-8.69,-11.85
1045,002156,通富微电,44.74,0.2,0.09,605858.0,2700837479.61,3.92,45.27,43.52,43.69,44.65,1.42,3.99,59.18,4.47,67897285843.0,67890812412.0,0.0,0.0,11.93,18.67
1046,603215,比依股份,20.0,0.2,0.04,36738.0,74100928.0,3.71,20.58,19.84,19.9,19.96,1.7,1.96,39.04,3.12,3758791020.0,3744567600.0,0.0,0.05,-9.91,-9.26
1047,002885,京泉华,24.53,0.2,0.05,105396.0,258494419.0,3.27,24.83,24.03,24.15,24.48,1.11,4.56,69.35,4.51,6645593225.0,5664164728.0,0.04,-0.04,-5.33,-4.52
1048,301321,翰博高新,19.87,0.2,0.04,41445.0,82842960.1,4.69,20.4,19.47,19.64,19.83,1.24,2.81,-316.19,3.81,3704463450.0,2933215142.0,0.15,-0.05,4.63,4.3
1049,603798,康普顿,15.43,0.19,0.03,59483.0,91582051.0,2.27,15.53,15.18,15.25,15.4,0.67,2.32,54.2,3.42,3957018100.0,3957018100.0,-0.32,-0.32,-5.8,-6.54
1050,000829,天音控股,10.61,0.19,0.02,182098.0,192944796.99,2.93,10.75,10.44,10.46,10.59,0.94,1.78,-142.66,3.73,10876315647.0,10866015788.0,-0.09,0.0,-3.37,-2.75
1051,600111,北方稀土,51.8,0.19,0.1,952562.0,4967081807.0,4.16,53.05,50.9,51.0,51.7,1.35,2.63,91.12,7.84,187260410616.0,187260410616.0,-0.02,-0.04,7.58,12.32
1052,601216,君正集团,5.54,0.18,0.01,719089.0,399430450.0,2.35,5.63,5.5,5.53,5.53,0.66,0.85,12.53,1.62,46746616341.0,46746616341.0,0.0,0.0,4.33,14.94
1053,600526,菲达环保,5.5,0.18,0.01,100846.0,55395062.0,2.55,5.57,5.43,5.47,5.49,1.11,1.16,17.99,1.09,4887865620.0,4801539270.0,0.0,0.18,2.61,2.61
1054,688531,日联科技,72.88,0.18,0.13,25220.0,184280187.0,5.18,74.27,70.5,72.0,72.75,1.05,2.2,69.13,3.09,12068486274.0,8365080912.0,0.05,0.05,10.17,10.37
1055,688629,华丰科技,126.81,0.18,0.23,183633.0,2323581651.0,4.72,129.4,123.42,123.43,126.58,0.86,10.1,162.38,32.02,58458500899.0,23051908190.0,-0.24,-0.21,19.68,26.73
1056,600282,南钢股份,5.66,0.18,0.01,315439.0,177774148.0,2.83,5.74,5.58,5.61,5.65,0.82,0.51,12.17,1.26,34894415122.0,34894415122.0,-0.18,0.0,6.79,7.6
1057,300488,恒锋工具,28.46,0.18,0.05,40220.0,114056000.33,3.66,28.91,27.87,28.06,28.41,1.07,2.48,35.75,3.02,5442143883.0,4617732874.0,0.04,0.04,-12.35,-12.81
1058,002965,祥鑫科技,29.42,0.17,0.05,54112.0,158279110.19,3.37,29.75,28.76,29.12,29.37,1.36,2.71,36.93,1.83,7807490162.0,5866983737.0,-0.03,-0.07,-28.35,-27.68
1059,300055,万邦达,11.5,0.17,0.02,223968.0,256675945.2,3.05,11.65,11.3,11.65,11.48,0.51,3.54,288.77,1.86,9622620469.0,7277767456.0,0.0,-0.09,44.84,41.1
1060,920010,凯添燃气,11.63,0.17,0.02,144024.0,169010679.96,5.0,12.04,11.46,11.85,11.61,0.98,8.29,84.88,3.94,2727235000.0,2019473649.0,0.09,0.09,2.56,5.92
1061,002476,宝莫股份,6.03,0.17,0.01,128110.0,77670110.0,2.99,6.16,5.98,6.02,6.02,1.05,2.09,73.09,3.84,3690360000.0,3689921770.0,-0.33,0.0,-22.99,-16.71
1062,688809,强一股份,341.25,0.17,0.57,21357.0,735221349.0,5.1,352.96,335.58,337.34,340.68,1.06,8.77,111.09,10.85,44212111125.0,8310464321.0,0.08,0.15,16.47,32.89
1063,600207,安彩高科,5.9,0.17,0.01,700334.0,401260589.0,9.17,6.03,5.49,5.77,5.89,0.78,6.43,-13.48,2.69,6426944069.0,6426944069.0,-0.17,-0.17,13.46,14.56
1064,301421,波长光电,98.22,0.17,0.17,98324.0,987792623.4,9.56,105.0,95.63,96.0,98.05,1.74,21.23,330.86,9.52,11365821960.0,4548419397.0,0.0,-0.02,-10.63,-5.69
1065,002789,*ST建艺,12.02,0.17,0.02,20424.0,24374950.0,3.08,12.11,11.74,12.06,12.0,0.83,1.31,-4.2,-1.67,1918674638.0,1880722510.0,0.59,0.67,14.8,14.69
1066,002913,奥士康,49.91,0.16,0.08,78220.0,391445622.05,3.77,50.6,48.72,49.0,49.83,1.27,2.59,42.06,3.59,15839462755.0,15057019193.0,0.02,0.02,15.53,16.78
1067,000762,西藏矿业,30.8,0.16,0.05,384211.0,1183825087.59,4.33,31.47,30.14,30.75,30.75,0.9,7.38,-530.97,5.49,16041232592.0,16040659034.0,-0.06,-0.13,9.76,17.24
1068,300522,世名科技,12.18,0.16,0.02,70887.0,86476040.0,2.8,12.34,12.0,12.06,12.16,1.09,2.69,192.42,4.97,3927459355.0,3204626464.0,-0.25,-0.08,-4.47,-3.18
1069,600620,天宸股份,6.34,0.16,0.01,95500.0,60752619.0,4.74,6.54,6.24,6.32,6.33,1.98,1.39,123.34,2.93,4353532896.0,4353532896.0,-0.31,-0.31,-11.45,-2.46
1070,002899,英派斯,32.01,0.16,0.05,63170.0,204100444.0,2.28,32.66,31.93,32.12,31.96,1.63,4.27,69.92,2.72,4730981202.0,4730981202.0,-0.09,0.03,16.82,16.95
1071,003043,华亚智能,55.61,0.16,0.09,18036.0,100200332.93,2.81,56.17,54.61,55.0,55.52,0.61,2.15,113.74,4.31,7442364821.0,4661605345.0,-0.02,-0.02,16.9,19.93
1072,000875,电投绿能,6.41,0.16,0.01,541169.0,347642133.45,4.38,6.54,6.26,6.34,6.4,0.91,1.62,22.28,1.33,23250804713.0,21424815197.0,-0.16,-0.16,13.25,13.65
1073,300157,新锦动力,6.56,0.15,0.01,516011.0,337354850.85,3.82,6.67,6.42,6.5,6.55,0.87,7.29,47.19,-24.84,4945831358.0,4643329586.0,-0.15,0.0,39.57,44.49
1074,300883,龙利得,6.62,0.15,0.01,93056.0,61665107.0,2.57,6.71,6.54,6.59,6.61,1.04,2.81,4778.18,1.61,2290520000.0,2189065687.0,0.0,0.0,-1.49,-1.93
1075,601118,海南橡胶,6.78,0.15,0.01,402116.0,270597588.0,2.51,6.81,6.64,6.77,6.77,0.99,0.94,-79.08,2.99,29014520464.0,29014520464.0,-0.29,-0.29,17.71,15.9
1076,688087,英科再生,39.29,0.15,0.06,19571.0,77025636.0,3.44,39.94,38.59,39.18,39.23,0.65,1.05,25.34,2.58,7624412110.0,7317585302.0,0.03,0.03,26.21,27.48
1077,603129,春风动力,247.85,0.15,0.36,10118.0,250744709.0,2.55,250.8,244.5,244.99,247.49,0.67,0.66,20.16,5.25,38040702810.0,38040702810.0,-0.18,0.04,-10.24,-11.06
1078,300462,ST华铭,13.17,0.15,0.02,18678.0,24528384.0,2.59,13.29,12.95,12.96,13.15,0.53,1.35,-469.31,1.67,2386692923.0,1817908333.0,-0.23,-0.45,10.67,11.61
1079,000930,中粮科技,6.74,0.15,0.01,393733.0,264825319.28,2.82,6.83,6.64,6.75,6.73,0.77,2.12,118.51,1.17,12512421749.0,12511786059.0,-0.3,-0.3,14.82,16.81
1080,688455,科捷智能,28.88,0.14,0.04,43545.0,125398630.0,3.81,29.3,28.2,28.28,28.84,0.72,2.59,152.73,5.09,4852725634.0,4852725634.0,-0.07,0.17,44.62,43.75
1081,002376,新北洋,7.08,0.14,0.01,140296.0,99782190.0,2.4,7.17,7.0,7.05,7.07,1.56,1.8,76.19,1.51,5738782790.0,5531672697.0,-0.28,-0.42,-9.35,-8.29
1082,002996,顺博合金,7.29,0.14,0.01,84358.0,61400720.91,1.79,7.33,7.2,7.23,7.28,0.85,2.03,14.94,1.52,4880194534.0,3034888659.0,-0.14,0.0,-7.13,-3.57
1083,601398,工商银行,7.33,0.14,0.01,2530525.0,1847689325.0,1.23,7.35,7.26,7.32,7.32,0.82,0.09,7.09,0.68,2612457864462.0,1976257517911.0,0.0,0.0,-6.03,-7.57
1084,688372,伟测科技,152.6,0.14,0.22,79137.0,1205923568.0,4.44,155.77,149.01,151.2,152.38,1.04,4.72,85.32,7.65,25600887269.0,25600887269.0,0.0,0.12,37.87,39.88
1085,002099,海翔药业,7.12,0.14,0.01,183087.0,129957369.94,2.11,7.17,7.02,7.04,7.11,0.56,1.13,1185.68,2.25,11525252601.0,11503768785.0,0.14,0.14,9.37,14.1
1086,003022,联泓新科,21.66,0.14,0.03,200659.0,436388082.8,2.87,21.98,21.36,21.48,21.63,1.35,1.5,94.63,3.89,28928402880.0,28903793330.0,0.0,0.0,7.28,9.34
1087,301042,安联锐视,94.3,0.13,0.12,9204.0,86705134.0,2.65,95.1,92.6,94.2,94.18,0.74,1.39,325.13,6.25,6574933311.0,6225763986.0,-0.16,-0.05,23.74,7.16
1088,688168,安博通,70.59,0.13,0.09,6783.0,47975472.0,3.33,71.68,69.33,70.0,70.5,1.03,0.88,-35.46,5.51,5448489432.0,5448489432.0,0.0,-0.04,-7.95,-6.08
1089,600676,交运股份,7.74,0.13,0.01,112232.0,86812007.0,2.2,7.81,7.64,7.67,7.73,1.06,1.09,-24.1,1.65,7960535387.0,7960535387.0,0.0,0.26,27.51,31.63
1090,300218,安利股份,15.85,0.13,0.02,49355.0,78505282.0,2.46,16.07,15.68,15.75,15.83,1.66,2.28,21.25,2.23,3439243950.0,3427980845.0,0.0,-0.13,-3.88,-2.46
1091,603456,九洲药业,17.21,0.12,0.02,154801.0,268112451.0,4.01,17.72,17.03,17.15,17.19,0.76,1.74,15.36,1.75,15307366142.0,15307366142.0,0.0,0.12,-7.47,-3.85
1092,601001,晋控煤业,16.15,0.12,0.02,185218.0,301141117.0,2.67,16.45,16.02,16.05,16.13,0.93,1.11,15.88,1.44,27030255000.0,27030255000.0,0.06,0.0,18.84,22.81
1093,688398,赛特新材,24.26,0.12,0.03,13764.0,33190973.0,2.89,24.55,23.85,24.06,24.23,1.01,0.82,163.15,3.55,4071172613.0,4071172613.0,-0.12,0.17,38.23,42.71
1094,002725,跃岭股份,16.07,0.12,0.02,86455.0,138371950.6,3.24,16.21,15.69,15.72,16.05,1.31,4.08,155.99,3.99,4113920000.0,3407061911.0,0.0,0.12,-4.91,-4.91
1095,605151,西上海,18.77,0.11,0.02,22973.0,43048562.0,2.67,19.05,18.55,19.05,18.75,1.31,1.71,2201.89,1.85,2525582747.0,2525582747.0,0.11,0.0,-1.47,-0.64
1096,688378,奥来德,36.51,0.11,0.04,45939.0,167242101.0,3.92,36.93,35.5,36.0,36.47,1.03,1.91,118.7,5.31,9544632738.0,8797470447.0,0.03,0.03,27.43,33.74
1097,300857,协创数据,231.11,0.11,0.26,96029.0,2212558869.23,3.68,233.99,225.5,227.0,230.85,0.98,2.79,68.7,18.22,79991970924.0,79499602624.0,-0.05,0.06,22.67,37.01
1098,920036,觅睿科技,44.89,0.11,0.05,26312.0,118948289.71,6.47,46.9,44.0,44.58,44.84,1.5,20.14,30.87,5.37,2442995814.0,586320725.0,-0.13,-0.16,108.6,108.6
1099,601311,骆驼股份,9.48,0.11,0.01,210091.0,199065349.0,2.85,9.58,9.31,9.4,9.47,1.06,1.79,13.48,1.13,11121425199.0,11121425199.0,-0.11,-0.11,0.85,3.38
1100,688300,联瑞新材,93.73,0.11,0.1,52489.0,493961883.0,3.35,95.8,92.66,93.63,93.63,0.91,2.17,77.34,13.28,22632907179.0,22632907179.0,-0.04,-0.01,45.54,50.96
1101,603027,千禾味业,9.5,0.11,0.01,165540.0,155762141.0,2.32,9.52,9.3,9.43,9.49,1.39,1.32,36.58,2.86,12664691414.0,11871345987.0,-0.21,0.0,-8.12,-3.36
1102,300540,蜀道装备,20.25,0.1,0.02,33443.0,67510342.4,1.93,20.37,19.98,20.12,20.23,0.68,1.62,77.37,4.11,4648571978.0,4186225881.0,-0.05,-0.2,0.5,1.25
1103,002244,滨江集团,9.79,0.1,0.01,149029.0,145759858.12,2.15,9.87,9.66,9.7,9.78,0.72,0.55,9.54,1.03,30461035683.0,26294954783.0,-0.2,-0.1,-5.41,-2.59
1104,002583,海能达,10.47,0.1,0.01,324442.0,340754181.72,3.06,10.63,10.31,10.36,10.46,1.36,2.53,-73.86,9.13,19040944919.0,13430087875.0,-0.19,-0.19,-10.59,-7.51
1105,002664,信质集团,20.64,0.1,0.02,74489.0,154569014.9,4.8,21.29,20.3,20.42,20.62,1.26,1.85,52.01,2.39,8425248000.0,8309170456.0,-0.05,-0.05,-13.28,-13.86
1106,300199,翰宇药业,20.79,0.1,0.02,655108.0,1352170165.0,4.24,21.1,20.22,20.4,20.77,0.97,8.79,193.02,28.29,18362587375.0,15503058198.0,0.0,0.0,9.31,16.15
1107,301280,珠城科技,55.25,0.09,0.05,12560.0,68971942.7,2.77,55.83,54.3,54.95,55.2,0.84,3.13,36.16,3.94,7557102735.0,2217052110.0,-0.14,-0.14,7.07,3.74
1108,600060,海信视像,22.51,0.09,0.02,92206.0,207763061.0,2.09,22.68,22.21,22.31,22.49,0.71,0.71,11.97,1.38,29374925438.0,29266797910.0,-0.04,-0.13,-7.52,-7.29
1109,600615,鑫源智造,11.54,0.09,0.01,32058.0,36921485.0,2.86,11.69,11.36,11.53,11.53,1.07,1.42,383.63,3.54,2603707999.0,2599570217.0,-0.09,0.09,-2.78,3.22
1110,002588,史丹利,10.65,0.09,0.01,139917.0,149152280.4,1.6,10.76,10.59,10.64,10.64,0.79,1.63,11.29,1.68,12267649587.0,9144064121.0,-0.19,0.0,5.24,6.71
1111,601098,中南传媒,11.17,0.09,0.01,140759.0,158088727.0,1.97,11.36,11.14,11.25,11.16,1.88,0.78,12.58,1.24,20061320000.0,20061320000.0,-0.09,-0.27,-0.98,-0.8
1112,601877,正泰电器,32.75,0.09,0.03,248767.0,812319423.0,2.6,33.06,32.21,32.34,32.72,0.94,1.16,12.63,1.61,70378733964.0,70378733964.0,0.03,0.06,13.6,17.43
1113,002058,*ST威尔,22.24,0.09,0.02,10789.0,23755423.28,2.66,22.39,21.8,22.17,22.22,0.86,0.75,12.25,79.73,3190290904.0,3182939449.0,0.0,0.04,-6.95,-4.88
1114,605222,起帆电缆,23.4,0.09,0.02,157755.0,365842968.0,5.82,23.8,22.44,22.8,23.38,1.39,3.82,32.43,2.07,9661937852.0,9661937852.0,0.13,0.13,26.21,27.24
1115,301355,南王科技,12.43,0.08,0.01,45998.0,57245423.0,2.58,12.55,12.23,12.45,12.42,1.07,4.59,231.44,1.61,2425067245.0,1245553470.0,-0.32,-0.24,-7.31,-6.68
1116,002669,康达新材,13.01,0.08,0.01,54410.0,70687410.0,2.23,13.1,12.81,12.85,13.0,0.81,1.8,35.22,1.45,3947234000.0,3938358578.0,0.08,0.0,-12.86,-14.41
1117,688352,颀中科技,12.67,0.08,0.01,104277.0,132492168.0,3.32,12.89,12.47,12.51,12.66,1.23,2.85,56.68,2.45,15065102439.0,4635713828.0,-0.31,-0.24,-2.61,0.48
1118,301379,天山电子,24.57,0.08,0.02,36935.0,91086116.51,3.71,25.08,24.17,24.28,24.55,1.3,2.9,32.71,3.45,4870853704.0,3125263558.0,-0.04,-0.12,-11.2,-4.95
1119,601126,四方股份,43.78,0.07,0.03,231073.0,1011083032.0,5.03,44.79,42.59,43.0,43.75,0.96,2.8,44.0,7.45,36476160710.0,36122238812.0,0.02,0.11,45.79,45.55
1120,300001,特锐德,28.55,0.07,0.02,381948.0,1068134703.64,5.43,28.7,27.15,28.14,28.53,1.81,3.69,24.24,3.53,30135601706.0,29546416784.0,-0.04,-0.17,6.93,11.18
1121,002851,麦格米特,102.57,0.07,0.07,156136.0,1620926536.72,4.7,105.92,101.1,101.1,102.5,1.1,3.41,210.39,9.0,59643984409.0,46972923454.0,0.0,0.04,11.16,13.88
1122,300551,古鳌科技,14.23,0.07,0.01,101172.0,143673968.96,3.94,14.52,13.96,14.08,14.22,1.06,2.98,-22.09,11.06,4839094199.0,4825006769.0,0.07,0.0,-13.5,-14.48
1123,603305,旭升集团,14.89,0.07,0.01,238975.0,354987702.0,2.69,15.03,14.63,14.77,14.88,1.19,2.07,43.04,2.12,17208500399.0,17208500399.0,0.0,0.13,-11.95,-7.97
1124,688335,复洁科技,36.32,0.06,0.02,21303.0,77198261.0,4.77,37.09,35.36,35.75,36.3,1.18,1.44,486.84,4.63,5376616381.0,5376616381.0,0.03,0.03,17.35,34.72
1125,600933,爱柯迪,17.15,0.06,0.01,97222.0,166643731.0,2.28,17.28,16.89,17.01,17.14,1.19,0.99,14.8,1.81,17666775496.0,16761997285.0,-0.06,-0.17,-14.76,-14.68
1126,601088,中国神华,46.79,0.06,0.03,222418.0,1041816417.0,1.54,47.3,46.58,46.8,46.76,0.68,0.13,19.2,2.27,1014848631084.0,771615665914.0,0.0,0.04,14.74,15.53
1127,600233,圆通速递,19.92,0.05,0.01,89716.0,179007463.0,1.96,20.14,19.75,19.83,19.91,0.53,0.26,17.78,2.04,68180328181.0,68180328181.0,-0.4,-0.2,19.64,21.32
1128,603075,热威股份,22.47,0.04,0.01,12950.0,29105538.0,1.38,22.63,22.32,22.46,22.46,0.8,3.14,27.54,4.32,9043795504.0,926776633.0,0.09,0.22,-1.45,2.88
1129,688290,景业智能,48.98,0.04,0.02,12138.0,59932236.0,3.37,50.3,48.65,49.44,48.96,1.45,1.19,-163.44,4.02,5005252192.0,5005252192.0,0.16,0.16,-18.77,-17.6
1130,002931,锋龙股份,68.74,0.04,0.03,82061.0,563874761.12,4.03,70.07,67.3,67.52,68.71,0.77,4.08,523.51,15.81,15020092541.0,13834167515.0,-0.12,-0.13,79.2,116.85
1131,688110,东芯股份,114.88,0.04,0.05,156797.0,1830666631.0,4.63,119.98,114.66,114.83,114.83,1.08,3.55,-260.28,14.86,50805652199.0,50805652199.0,-0.03,-0.09,-10.6,-12.54
1132,301161,唯万密封,30.39,0.03,0.01,22074.0,66653061.22,1.74,30.48,29.95,30.19,30.38,1.04,1.84,39.19,3.96,3646800000.0,3646800000.0,0.0,-0.03,-19.96,-19.73
1133,301606,绿联科技,72.91,0.03,0.02,51492.0,376650317.87,3.75,74.15,71.42,72.0,72.89,1.28,3.12,42.93,8.95,30251073955.0,12030062289.0,0.03,0.03,14.91,24.12
1134,920725,惠丰钻石,30.26,0.03,0.01,20740.0,62710268.39,3.34,30.59,29.58,29.77,30.25,1.1,4.93,-145.96,4.61,2761981500.0,1273273078.0,0.0,0.1,-11.65,-10.23
1135,600114,东睦股份,30.05,0.03,0.01,199961.0,603536033.0,3.46,30.6,29.56,30.0,30.04,1.67,3.24,34.27,5.85,18973073484.0,18522323484.0,-0.27,-0.27,-1.15,-1.64
1136,600875,东方电气,38.31,0.03,0.01,1063592.0,4059233699.0,4.26,38.98,37.35,37.9,38.3,1.09,4.7,34.58,2.93,132489784089.0,86709574254.0,0.03,0.05,55.1,57.78
1137,688558,国盛智科,29.71,0.03,0.01,10825.0,32173644.0,1.92,29.93,29.36,29.66,29.7,1.14,0.82,24.98,2.27,3921720000.0,3921720000.0,0.13,0.0,0.71,2.7
1138,688456,有研粉材,56.06,0.02,0.01,28053.0,157253125.0,3.59,56.76,54.75,55.4,56.05,1.15,2.71,81.95,4.58,5811179600.0,5811179600.0,0.0,-0.09,-19.35,-27.85
1139,301328,维峰电子,47.81,0.02,0.01,8248.0,39414609.0,1.78,48.2,47.35,47.88,47.8,1.0,0.75,48.29,2.7,5254012729.0,5253948186.0,0.21,0.19,-1.36,0.5
1140,301628,强达电路,106.88,0.01,0.01,20882.0,222754730.12,2.53,107.8,105.1,105.5,106.87,1.34,7.49,66.64,6.87,8056165504.0,2979365504.0,-0.03,-0.02,15.38,20.43
1141,300332,天壕能源,5.91,0.0,0.0,478849.0,284172759.48,3.72,6.07,5.85,5.93,5.91,0.72,5.77,40.06,1.2,5113486316.0,4905619944.0,0.0,0.17,9.65,13.22
1142,002643,万润股份,16.28,0.0,0.0,128862.0,210924549.94,2.4,16.54,16.15,16.2,16.28,1.34,1.42,36.87,2.09,15025776183.0,14803331880.0,-0.18,0.0,6.89,8.61
1143,601015,陕西黑猫,4.2,0.0,0.0,686563.0,288528186.0,5.48,4.35,4.12,4.18,4.2,0.66,3.36,-8.62,1.52,8578490084.0,8578490084.0,0.24,0.48,13.51,16.02
1144,002656,*ST摩登,3.04,0.0,0.0,54071.0,16390223.0,1.64,3.06,3.01,3.02,3.04,0.65,0.8,-46.95,5.1,2166060326.0,2056833001.0,0.33,0.66,10.55,7.8
1145,300242,佳云科技,4.88,0.0,0.0,344980.0,166627144.0,3.48,4.91,4.74,4.84,4.88,1.74,5.44,-86.08,12.46,3096629493.0,3096627805.0,-0.41,-0.41,-3.17,-2.4
1146,600719,大连热电,6.66,0.0,0.0,102746.0,67538817.0,2.1,6.66,6.52,6.66,6.66,0.58,2.54,-28.45,8.78,2694633336.0,2694633336.0,0.0,0.6,5.38,2.15
1147,601991,大唐发电,3.84,0.0,0.0,1431517.0,549269517.0,2.6,3.88,3.78,3.83,3.84,0.86,1.15,9.62,2.09,71065768335.0,47600982167.0,-0.26,0.0,5.79,10.03
1148,603007,*ST花王,6.45,0.0,0.0,133383.0,85003558.0,2.79,6.48,6.3,6.36,6.45,1.05,1.92,-25.02,19.77,5705967351.0,4483324237.0,0.0,-0.15,8.4,6.79
1149,600851,海欣股份,8.31,0.0,0.0,202160.0,166787322.0,3.49,8.38,8.09,8.24,8.31,0.75,2.74,52.25,2.15,10030641111.0,6134492774.0,0.12,0.12,15.26,21.67
1150,603389,*ST亚振,42.14,0.0,0.0,7891.0,33291636.0,2.25,42.66,41.71,42.08,42.14,1.02,0.3,-264.36,47.34,11072369280.0,11072369280.0,0.07,0.0,-8.09,-6.69
1151,600158,中体产业,11.9,0.0,0.0,894559.0,1069884064.0,3.28,12.14,11.75,12.01,11.9,0.77,9.32,-406.45,4.39,11418205497.0,11418205497.0,0.0,0.08,34.92,36.31
1152,600219,南山铝业,6.32,0.0,0.0,2004174.0,1263862415.0,3.32,6.39,6.18,6.25,6.32,0.91,1.75,15.33,1.46,72576993853.0,72576993853.0,0.16,0.16,11.46,17.47
1153,002429,兆驰股份,10.23,0.0,0.0,1132540.0,1152301836.59,4.3,10.38,9.94,10.0,10.23,1.08,2.5,34.72,2.82,46310602410.0,46283926774.0,0.0,-0.1,35.86,37.87
1154,600243,*ST海华,3.1,0.0,0.0,48041.0,14629219.0,3.23,3.1,3.0,3.09,3.1,0.88,1.09,-159.57,2.15,1360435000.0,1360435000.0,0.65,0.32,-39.22,-41.51
1155,601866,中远海发,2.98,0.0,0.0,3038507.0,916282244.0,3.69,3.08,2.97,3.0,2.98,1.03,3.12,24.44,1.28,39329014344.0,29060911784.0,0.0,0.0,16.86,18.25
1156,003816,中国广核,4.54,0.0,0.0,1499712.0,677743307.65,1.98,4.56,4.47,4.52,4.54,0.77,0.38,23.48,1.86,229264379239.0,178581521739.0,-0.22,-0.22,18.85,20.74
1157,601919,中远海控,15.2,0.0,0.0,577286.0,875440044.0,0.92,15.22,15.08,15.15,15.2,0.86,0.46,7.54,1.01,232752851307.0,190854362907.0,0.0,0.0,1.54,0.13
1158,603333,尚纬股份,7.81,0.0,0.0,84499.0,65358994.0,2.18,7.84,7.67,7.84,7.81,0.57,1.36,-102.64,2.38,4854130447.0,4854130447.0,0.0,0.13,-4.05,-6.47
1159,600740,山西焦化,4.32,0.0,0.0,428983.0,185107712.0,2.31,4.36,4.26,4.34,4.32,0.8,1.67,-165.85,0.73,11068363385.0,11068363385.0,-0.46,0.0,12.5,14.89
1160,301168,通灵股份,43.21,0.0,0.0,27358.0,117935836.0,2.82,43.75,42.53,43.05,43.21,1.37,2.87,86.96,2.4,5185200000.0,4118489249.0,-0.18,-0.35,-6.57,-7.47
1161,002202,金风科技,23.84,0.0,0.0,2132337.0,5058621263.18,4.99,24.2,23.01,23.42,23.84,0.89,6.34,36.29,2.6,100695121344.0,80185961131.0,0.0,-0.13,-0.67,16.86
1162,600166,福田汽车,3.1,0.0,0.0,1352656.0,420238503.0,2.58,3.14,3.06,3.08,3.1,1.04,1.71,16.54,1.6,24543941138.0,24543941138.0,-0.32,0.0,4.38,6.16
1163,002169,智光电气,14.85,0.0,0.0,197297.0,291543562.79,1.95,14.89,14.6,14.69,14.85,0.81,2.6,-170.04,4.41,11623155796.0,11266308410.0,-0.07,0.0,29.36,28.35
1164,000551,创元科技,13.94,0.0,0.0,263706.0,368710035.97,2.65,14.17,13.8,14.12,13.94,3.54,5.44,22.91,2.33,6757178661.0,6754587996.0,0.0,0.0,-8.11,-5.17
1165,002176,江特电机,10.49,0.0,0.0,1175450.0,1229937774.11,4.67,10.71,10.22,10.39,10.49,1.11,6.89,-118.89,5.27,17899355345.0,17896140527.0,-0.29,-0.19,3.15,7.7
1166,002971,和远气体,30.61,0.0,0.0,58330.0,180512409.54,4.41,31.55,30.2,30.52,30.61,1.39,3.62,107.33,4.08,6481820550.0,4928349153.0,-0.1,-0.03,2.2,2.44
1167,000617,中油资本,10.39,0.0,0.0,4328850.0,4508656097.37,3.85,10.61,10.21,10.55,10.39,0.77,3.42,24.65,1.25,131351201631.0,131351201631.0,0.1,0.39,7.45,8.8
1168,603699,纽威股份,51.74,0.0,0.0,45364.0,234190380.0,1.95,52.11,51.1,51.75,51.74,0.57,0.6,27.01,9.61,40113137194.0,39226304747.0,0.12,0.0,-1.63,-0.44
1169,600262,北方股份,25.77,0.0,0.0,56281.0,144230136.0,3.76,26.14,25.17,25.61,25.77,1.74,3.31,18.13,2.49,4380900000.0,4380900000.0,0.08,0.19,-9.1,-1.0
1170,603786,科博达,55.44,0.0,0.0,35084.0,194783524.0,2.8,56.18,54.63,55.1,55.44,1.26,0.87,25.98,4.11,22389815448.0,22389815448.0,0.2,0.16,-33.4,-29.01
1171,002200,*ST交投,7.35,0.0,0.0,15115.0,11132280.0,1.36,7.43,7.33,7.35,7.35,1.21,0.77,-133.31,2.58,3315773020.0,1438585880.0,0.27,0.14,-2.91,-2.13
1172,688007,光峰科技,14.42,0.0,0.0,59331.0,84818595.0,2.57,14.47,14.1,14.3,14.42,1.31,1.29,-25.06,2.7,6627657457.0,6627657457.0,-0.14,0.14,-23.91,-22.35
1173,002076,*ST星光,2.1,0.0,0.0,150818.0,31397283.0,1.9,2.1,2.06,2.09,2.1,0.71,1.45,545.47,7.39,2329161431.0,2188775887.0,0.0,0.0,-3.67,4.48
1174,600336,澳柯玛,7.14,0.0,0.0,100272.0,72148791.0,2.8,7.31,7.11,7.29,7.14,1.12,1.26,-471.72,2.35,5697825451.0,5697825451.0,-0.14,0.14,-12.82,-13.14
1175,600383,金地集团,2.72,0.0,0.0,773782.0,209945616.0,3.68,2.77,2.67,2.71,2.72,1.36,1.71,-0.92,0.27,12279667316.0,12279667316.0,-0.37,-0.37,-14.73,-11.11
1176,603303,得邦照明,15.28,0.0,0.0,15866.0,24075356.0,1.77,15.32,15.05,15.28,15.28,0.86,0.33,27.58,2.29,7287713106.0,7287713106.0,0.07,0.39,16.91,18.54
1177,002582,好想你,11.54,0.0,0.0,145134.0,167747510.0,2.43,11.7,11.42,11.5,11.54,1.26,4.22,-822.91,1.65,5166549062.0,3972555023.0,0.09,0.0,-1.87,4.43
1178,603938,三孚股份,27.88,0.0,0.0,225767.0,614847808.0,5.6,28.12,26.56,27.33,27.88,0.92,5.9,124.75,4.29,10667570976.0,10667570976.0,0.0,-0.11,40.6,45.89
1179,002723,小崧股份,9.48,0.0,0.0,117081.0,111186824.0,5.17,9.64,9.15,9.27,9.48,1.16,3.69,-33.23,3.35,3150676824.0,3006237715.0,0.21,0.0,9.85,11.92
1180,600960,渤海汽车,5.18,0.0,0.0,172116.0,89418234.0,2.51,5.26,5.13,5.15,5.18,1.27,1.81,17.57,1.33,4923670383.0,4923670383.0,0.0,-0.19,-9.6,-7.17
1181,002274,华昌化工,6.4,0.0,0.0,256201.0,163957116.43,2.34,6.48,6.33,6.46,6.4,0.79,2.73,-539.99,1.12,6095133734.0,6002234432.0,0.0,-0.16,10.34,13.27
1182,000691,*ST亚太,7.93,0.0,0.0,58473.0,45818238.5,2.14,7.94,7.77,7.83,7.93,1.07,1.81,-107.4,8.52,3845296650.0,2563531100.0,0.0,0.25,2.06,12.48
1183,002488,金固股份,11.95,0.0,0.0,201541.0,241286350.65,3.85,12.17,11.71,11.81,11.95,1.08,2.19,212.38,3.39,11895496827.0,10995003788.0,-0.08,-0.08,19.02,35.95
1184,603288,海天味业,41.15,0.0,0.0,137426.0,567217829.0,1.58,41.64,40.99,41.21,41.15,0.56,0.25,34.21,5.83,240802596446.0,228818712386.0,-0.22,-0.1,8.06,12.06
1185,301500,飞南资源,24.6,0.0,0.0,197367.0,477449104.57,4.35,24.8,23.73,24.27,24.6,1.12,13.7,51.76,2.95,13824019274.0,3543646433.0,0.24,0.37,51.29,56.79
1186,000736,*ST中地,5.05,0.0,0.0,40313.0,20286971.42,1.98,5.09,4.99,5.01,5.05,0.84,0.54,-1.7,3.02,3772846925.0,3772846925.0,0.0,0.0,-10.46,-5.96
1187,600359,新农开发,7.06,0.0,0.0,119759.0,84654641.0,2.27,7.17,7.01,7.08,7.06,0.76,3.14,-331.18,4.12,2693480509.0,2693480509.0,-0.14,-0.28,-3.02,-1.26
1188,300224,正海磁材,14.71,0.0,0.0,251119.0,369728915.79,2.52,14.87,14.5,14.51,14.71,1.39,2.71,44.54,2.66,13690603134.0,13640195333.0,0.0,-0.07,-7.19,-4.85
1189,000921,海信家电,22.03,0.0,0.0,85678.0,189407540.17,2.32,22.3,21.79,21.82,22.03,0.84,0.93,9.57,1.75,30508491597.0,20226480190.0,-0.05,-0.18,-11.92,-11.21
1190,600037,歌华有线,7.59,0.0,0.0,190765.0,144890923.0,2.37,7.67,7.49,7.54,7.59,1.49,1.37,307.86,0.83,10563594140.0,10563594140.0,-0.13,0.0,1.74,3.97
1191,000426,兴业银锡,43.56,0.0,0.0,790818.0,3445520415.99,3.1,44.25,42.9,43.15,43.56,1.69,4.45,42.53,8.45,77346692791.0,77327950012.0,-0.07,0.0,8.12,22.36
1192,603580,*ST艾艾,16.77,0.0,0.0,8099.0,13440723.0,2.44,16.85,16.44,16.77,16.77,0.54,0.62,123.6,5.21,2191389564.0,2191389564.0,0.3,0.78,2.44,3.01
1193,688502,茂莱光学,344.43,-0.02,-0.07,11490.0,397198027.0,5.37,352.75,334.24,335.32,344.5,0.93,2.18,392.0,14.14,18185904000.0,18185904000.0,-0.06,-0.1,-16.81,-13.69
1194,603338,浙江鼎力,49.7,-0.02,-0.01,38126.0,189596129.0,2.98,50.38,48.9,49.18,49.71,1.36,0.75,11.84,2.26,25165489586.0,25165489586.0,0.0,-0.04,-15.79,-12.25
1195,600211,西藏药业,42.18,-0.02,-0.01,37641.0,159065997.0,1.83,42.66,41.89,42.19,42.19,0.89,1.17,14.5,3.58,13595423687.0,13595423687.0,-0.05,0.0,-4.55,-0.87
1196,688008,澜起科技,139.17,-0.03,-0.04,371454.0,5192060559.0,3.76,141.9,136.66,137.52,139.21,1.21,3.24,76.09,12.35,170093576923.0,159548178928.0,0.06,-0.01,4.23,18.14
1197,300911,亿田智能,29.72,-0.03,-0.01,65333.0,190379063.75,4.51,29.97,28.63,29.18,29.73,0.74,3.81,-36.86,4.64,5448755163.0,5092142862.0,-0.03,0.2,-12.9,-10.75
1198,300657,弘信电子,29.84,-0.03,-0.01,218964.0,649706391.3,3.62,30.33,29.25,29.45,29.85,0.95,4.67,119.21,11.45,14386629277.0,13980156764.0,-0.03,-0.1,1.91,7.88
1199,688282,理工导航,76.12,-0.03,-0.02,14976.0,115461677.0,6.28,78.63,73.85,75.49,76.14,0.85,1.7,-725.49,5.26,6698560000.0,6698560000.0,0.0,0.49,25.61,19.87
1200,002997,瑞鹄模具,31.5,-0.03,-0.01,33594.0,105625989.66,2.51,31.85,31.06,31.3,31.51,0.64,1.6,13.93,2.68,6593621738.0,6593621738.0,-0.06,-0.03,-15.28,-15.78
1201,001359,平安电工,74.71,-0.03,-0.02,9148.0,67880333.0,2.05,74.85,73.32,74.01,74.73,0.69,1.97,51.74,7.02,13858941457.0,3465049800.0,-0.15,-0.03,7.56,5.23
1202,300046,台基股份,31.76,-0.03,-0.01,98226.0,313614424.56,4.94,32.77,31.2,31.3,31.77,1.91,4.15,153.02,6.61,7512236343.0,7512236343.0,-0.09,-0.09,-12.17,-8.47
1203,301322,绿通科技,31.34,-0.03,-0.01,17101.0,54188597.42,3.19,32.08,31.08,31.2,31.35,1.14,1.8,47.46,1.57,4427962097.0,2978167491.0,-0.22,-0.67,10.31,14.05
1204,603202,天有为,96.55,-0.04,-0.04,26426.0,252767387.0,1.66,96.6,95.0,96.08,96.59,2.32,7.94,14.87,2.33,15448000000.0,3211449769.0,0.57,0.49,3.55,5.16
1205,601225,陕西煤业,25.27,-0.04,-0.01,304407.0,771794972.0,2.25,25.68,25.11,25.34,25.28,0.9,0.31,14.81,2.53,244992650000.0,244992650000.0,-0.16,-0.12,14.09,18.53
1206,300566,激智科技,18.32,-0.05,-0.01,39725.0,72734561.52,1.91,18.43,18.08,18.15,18.33,0.94,1.75,21.55,2.29,4801756693.0,4152785496.0,-0.05,0.0,-3.32,-0.16
1207,002576,通达动力,18.49,-0.05,-0.01,48358.0,89261783.0,2.22,18.64,18.23,18.45,18.5,0.65,2.98,37.06,2.3,3052699000.0,2995889788.0,-0.05,-0.05,6.57,6.26
1208,688188,柏楚电子,135.3,-0.06,-0.08,15536.0,209761388.0,3.03,136.6,132.5,133.98,135.38,1.17,0.54,35.11,6.44,39065159123.0,39065159123.0,0.07,0.1,-7.76,-0.43
1209,002832,比音勒芬,17.36,-0.06,-0.01,98093.0,172035216.0,3.34,17.88,17.3,17.37,17.37,1.32,2.52,11.99,1.81,9907474978.0,6760301410.0,-0.06,-0.06,14.97,16.04
1210,301067,显盈科技,32.33,-0.06,-0.02,14213.0,45569631.6,2.87,32.59,31.66,32.15,32.35,1.02,2.23,-2135.93,3.79,3143639880.0,2063588337.0,-0.06,0.0,-4.18,-1.31
1211,001376,百通能源,15.89,-0.06,-0.01,107928.0,169325416.0,5.41,16.04,15.18,15.65,15.9,0.73,5.05,41.5,6.26,7323701000.0,3396532199.0,-0.13,-0.06,-11.48,-5.64
1212,301568,思泰克,53.81,-0.07,-0.04,46353.0,251469600.23,4.01,55.18,53.02,53.21,53.85,1.02,9.74,49.72,5.33,5556334504.0,2561321562.0,0.0,0.0,8.29,10.88
1213,603679,华体科技,13.47,-0.07,-0.01,72544.0,97426609.0,3.71,13.66,13.16,13.35,13.48,0.69,4.08,-31.65,2.95,2393433343.0,2393433343.0,0.0,0.07,-18.26,-16.65
1214,605118,力鼎光电,42.83,-0.07,-0.03,28443.0,120645025.0,3.2,43.09,41.72,42.43,42.86,0.84,0.7,61.17,11.85,17614479950.0,17436778280.0,-0.19,0.07,40.33,42.25
1215,603871,嘉友国际,13.59,-0.07,-0.01,81694.0,110754549.0,1.91,13.71,13.45,13.66,13.6,0.7,0.6,15.95,3.22,18591237662.0,18591237662.0,0.0,-0.07,-3.55,-2.58
1216,300246,宝莱特,14.56,-0.07,-0.01,126158.0,183302681.05,4.53,14.84,14.18,14.69,14.57,1.05,5.97,-346.39,3.33,3852665937.0,3076920712.0,0.07,-0.14,63.05,79.75
1217,300932,三友联众,13.48,-0.07,-0.01,80932.0,109021623.49,2.52,13.62,13.28,13.46,13.49,0.82,3.55,59.41,2.45,4315001893.0,3073356397.0,-0.07,-0.22,10.49,12.43
1218,920580,科创新材,13.23,-0.08,-0.01,15549.0,20418366.3,4.31,13.45,12.88,13.19,13.24,1.67,2.84,64.29,3.33,1137780000.0,724515469.0,1.38,2.4,-13.3,-10.85
1219,600562,国睿科技,25.17,-0.08,-0.02,66914.0,168506946.0,2.7,25.44,24.76,25.0,25.19,0.98,0.54,62.93,4.8,31257561833.0,31257561833.0,-0.04,0.04,-13.98,-10.93
1220,300065,海兰信,24.15,-0.08,-0.02,734274.0,1789028387.39,5.59,24.89,23.54,23.74,24.17,1.61,11.18,328.29,9.91,17425170714.0,15864016472.0,-0.04,-0.08,26.44,32.91
1221,002208,合肥城建,11.9,-0.08,-0.01,243002.0,287466525.0,3.95,12.07,11.6,11.87,11.91,0.85,3.03,-182.64,1.49,9559173539.0,9556704158.0,0.0,0.17,-7.89,-3.88
1222,000970,中科三环,11.98,-0.08,-0.01,229591.0,275141152.14,2.59,12.12,11.81,11.85,11.99,1.45,1.89,159.49,2.23,14564394761.0,14564394761.0,-0.17,0.0,-13.63,-11.65
1223,603078,江化微,22.97,-0.09,-0.02,101939.0,234405008.0,2.87,23.26,22.6,22.63,22.99,1.38,2.64,84.33,4.57,8858087587.0,8858087587.0,0.13,0.04,23.56,28.68
1224,605166,聚合顺,10.73,-0.09,-0.01,46265.0,49710632.0,2.05,10.87,10.65,10.73,10.74,0.86,1.47,18.14,1.73,3377082300.0,3377082300.0,-0.09,-0.09,0.94,3.47
1225,603380,易德龙,34.93,-0.09,-0.03,10695.0,37368436.0,2.09,35.2,34.47,34.89,34.96,1.17,0.67,23.88,3.66,5604211116.0,5604211116.0,0.06,-0.06,-9.2,-8.08
1226,300201,海伦哲,11.27,-0.09,-0.01,313202.0,352495662.52,2.3,11.38,11.12,11.22,11.28,0.79,3.12,36.8,6.18,11371921451.0,11311936966.0,0.18,0.0,66.72,65.01
1227,603358,华达科技,34.77,-0.09,-0.03,131665.0,455477041.0,4.37,35.17,33.65,34.65,34.8,0.63,2.89,31.14,4.26,16332966753.0,15826590972.0,0.0,-0.06,-30.6,-30.94
1228,002293,罗莱生活,10.18,-0.1,-0.01,74915.0,76269146.22,3.34,10.42,10.08,10.11,10.19,1.06,0.91,18.72,2.12,8488516457.0,8414615642.0,-0.1,0.0,3.67,-0.88
1229,603993,洛阳钼业,19.12,-0.1,-0.02,2509330.0,4770145785.0,3.29,19.28,18.65,18.7,19.14,0.92,1.44,20.11,4.96,409059210565.0,333851302405.0,0.0,0.0,-11.81,-4.4
1230,300518,新迅达,20.05,-0.1,-0.02,58848.0,118648753.64,2.94,20.43,19.84,20.0,20.07,1.05,2.95,-108.18,5.32,3998202099.0,3997844206.0,0.0,-0.05,4.97,14.57
1231,688652,京仪装备,102.8,-0.11,-0.11,27139.0,280561310.0,4.07,105.19,101.0,101.5,102.91,0.98,2.25,116.75,7.84,17270400000.0,12413100000.0,-0.05,-0.17,-4.03,4.57
1232,300092,科新机电,16.32,-0.12,-0.02,55079.0,89966297.5,2.69,16.61,16.17,16.18,16.34,1.29,2.62,69.83,2.74,4470427783.0,3425017298.0,0.06,0.06,0.37,3.36
1233,002250,联化科技,16.23,-0.12,-0.02,136486.0,223047831.44,2.09,16.5,16.16,16.21,16.25,0.87,1.53,34.68,2.22,14604942312.0,14525456520.0,-0.18,0.0,16.26,21.3
1234,300855,图南股份,40.75,-0.12,-0.05,56487.0,231773610.43,5.69,42.03,39.71,40.7,40.8,1.03,1.93,97.99,8.18,16117908625.0,11937962624.0,-0.2,-0.17,20.21,26.16
1235,002928,华夏航空,8.57,-0.12,-0.01,716632.0,605562108.9,6.18,8.71,8.18,8.29,8.58,2.78,5.61,13.25,2.75,10954530084.0,10954475450.0,0.12,0.12,-22.09,-22.44
1236,603928,兴业股份,14.96,-0.13,-0.02,30959.0,46478692.0,2.07,15.16,14.85,14.89,14.98,1.0,1.18,39.71,2.53,3920716800.0,3920716800.0,0.07,0.0,-9.39,-6.79
1237,000019,深粮控股,7.97,-0.13,-0.01,249691.0,199233412.6,2.51,8.09,7.89,7.98,7.98,1.07,6.0,28.29,1.84,9185705974.0,3317244764.0,-0.13,-0.13,14.68,14.68
1238,600682,南京新百,7.43,-0.13,-0.01,381626.0,286317275.0,4.44,7.65,7.32,7.35,7.44,1.04,3.28,35.29,0.57,9994332402.0,8648967843.0,0.0,0.0,-16.14,-14.99
1239,600641,先导基电,21.06,-0.14,-0.03,887761.0,1881709598.0,4.31,21.61,20.7,20.92,21.09,2.01,9.54,-154.82,2.41,19599066115.0,19599066115.0,-0.05,0.0,13.04,19.39
1240,601077,渝农商行,7.18,-0.14,-0.01,406915.0,293383565.0,1.53,7.26,7.15,7.16,7.19,0.94,0.46,6.72,0.62,81543260000.0,63458580497.0,0.14,-0.28,16.18,14.7
1241,000533,顺钠股份,14.54,-0.14,-0.02,578619.0,836882651.07,3.71,14.67,14.13,14.32,14.56,1.02,8.45,93.56,10.6,10044464640.0,9958480896.0,0.0,-0.21,69.86,74.55
1242,301119,正强股份,42.92,-0.14,-0.06,16114.0,69105359.0,5.26,43.86,41.6,42.93,42.98,1.31,1.92,36.79,4.38,4463680000.0,3610001200.0,-0.3,-0.42,-20.52,-18.54
1243,000731,四川美丰,7.16,-0.14,-0.01,211616.0,151363499.0,2.09,7.23,7.08,7.19,7.17,0.77,3.86,-404.27,0.99,3929593444.0,3929593444.0,-0.28,-0.14,6.71,9.48
1244,002581,ST未名,7.35,-0.14,-0.01,30569.0,22333047.0,1.77,7.39,7.26,7.34,7.36,0.97,0.76,-52.85,2.59,4849056557.0,2945815033.0,-0.14,0.0,-1.34,-2.0
1245,002327,富安娜,6.97,-0.14,-0.01,51384.0,35842000.99,1.86,7.04,6.91,6.98,6.98,1.02,1.05,27.43,1.68,5842571407.0,3421905246.0,0.0,-0.14,4.03,3.87
1246,603922,金鸿顺,20.24,-0.15,-0.03,34546.0,69587656.0,3.06,20.48,19.86,20.16,20.27,0.84,1.93,173.18,3.49,3627008000.0,3627008000.0,-0.05,-0.15,4.87,-2.5
1247,600538,国发股份,6.59,-0.15,-0.01,103325.0,68417273.0,1.82,6.68,6.56,6.6,6.6,0.77,1.97,-672.71,4.48,3454467113.0,3454467113.0,-0.15,-0.15,6.29,7.68
1248,603307,扬州金泉,39.27,-0.15,-0.06,4158.0,16322923.0,1.22,39.48,39.0,39.38,39.33,0.87,0.62,23.31,1.91,2673383790.0,2631090000.0,-0.18,-0.36,-1.08,-0.1
1249,600469,风神股份,6.71,-0.15,-0.01,102211.0,67954336.0,3.42,6.77,6.54,6.71,6.72,1.2,1.4,20.03,1.39,5972133589.0,4894615344.0,-0.3,-0.3,-0.89,-3.31
1250,002012,凯恩股份,6.63,-0.15,-0.01,100749.0,66330862.0,1.96,6.65,6.52,6.64,6.64,0.94,2.15,97.81,1.99,3100356866.0,3100356866.0,-0.15,0.15,5.07,2.79
1251,002360,同德化工,6.54,-0.15,-0.01,186696.0,123128725.51,3.66,6.74,6.5,6.52,6.55,1.13,5.7,-198.32,1.31,2627603582.0,2141995384.0,-0.15,-0.15,33.74,35.12
1252,601233,桐昆股份,19.48,-0.15,-0.03,332960.0,648782923.0,4.66,19.85,18.94,19.2,19.51,0.76,1.4,22.44,1.24,46342949025.0,46258614846.0,-0.15,-0.1,7.09,13.19
1253,300811,铂科新材,80.86,-0.15,-0.12,66688.0,540112568.72,3.58,81.9,79.0,80.0,80.98,0.95,2.81,59.86,8.08,23433250964.0,19214639055.0,-0.25,-0.06,7.76,13.39
1254,300473,德尔股份,31.35,-0.16,-0.05,26930.0,84295964.0,2.1,31.59,30.93,31.21,31.4,0.98,1.79,51.24,2.78,5412965707.0,4718958374.0,-0.03,0.1,3.02,5.27
1255,300093,*ST金刚,18.91,-0.16,-0.03,43485.0,82266685.0,2.85,19.15,18.61,18.61,18.94,0.95,1.88,50.29,5.09,10211400000.0,4367789347.0,0.0,0.0,14.05,13.23
1256,300577,开润股份,18.79,-0.16,-0.03,11732.0,22033977.0,1.28,18.89,18.65,18.82,18.82,1.12,0.83,12.17,2.07,4506523081.0,2671276423.0,0.11,0.0,-13.49,-12.07
1257,600874,创业环保,6.08,-0.16,-0.01,155719.0,94425459.0,2.3,6.13,5.99,6.07,6.09,1.11,1.27,11.07,0.93,9548141957.0,7480941957.0,0.0,0.16,0.33,2.36
1258,688633,星球石墨,25.26,-0.16,-0.04,8134.0,20466711.0,1.38,25.34,24.99,25.18,25.3,0.53,0.57,21.82,2.11,3631626386.0,3631626386.0,0.0,0.32,2.27,6.67
1259,688063,派能科技,68.99,-0.17,-0.12,90126.0,619319168.0,3.34,69.62,67.31,68.0,69.11,0.81,3.67,199.78,1.84,16927334589.0,16927334589.0,-0.1,-0.12,14.64,21.42
1260,600520,三佳科技,23.62,-0.17,-0.04,41762.0,99177005.0,4.06,24.17,23.21,23.76,23.66,1.64,2.64,489.72,9.56,3742116600.0,3742116600.0,0.17,0.0,-6.93,-3.98
1261,300968,格林精密,11.81,-0.17,-0.02,64606.0,76629245.21,3.63,12.11,11.68,11.72,11.83,1.65,1.56,189.16,2.57,4882017800.0,4882017800.0,-0.25,-0.17,-21.68,-20.69
1262,300787,海能实业,11.94,-0.17,-0.02,37226.0,44409744.72,1.42,12.01,11.84,11.96,11.96,0.91,1.89,31.92,2.48,3742390259.0,2346600044.0,0.08,0.0,0.17,1.62
1263,600584,长电科技,41.91,-0.17,-0.07,497533.0,2083840381.0,3.38,42.47,41.05,41.17,41.98,1.28,2.78,47.91,2.62,74994364629.0,74994364629.0,-0.02,-0.1,9.03,13.95
1264,605133,嵘泰股份,28.8,-0.17,-0.05,125386.0,359563821.0,3.85,29.21,28.1,28.37,28.85,1.04,4.44,41.22,2.16,8143751578.0,8125001626.0,0.0,-0.17,-17.55,-16.01
1265,600452,涪陵电力,11.54,-0.17,-0.02,257853.0,296865791.0,3.03,11.65,11.3,11.48,11.56,0.7,1.68,44.95,3.24,17731690687.0,17731690687.0,0.0,0.0,20.46,23.16
1266,688689,银河微电,35.54,-0.17,-0.06,28858.0,102529873.0,2.84,36.0,34.99,35.13,35.6,0.82,2.24,56.99,3.32,4581244570.0,4581244570.0,0.0,-0.14,24.09,25.23
1267,688006,杭可科技,28.12,-0.18,-0.05,73257.0,207047235.0,4.08,28.78,27.63,27.9,28.17,0.84,1.21,43.06,3.13,16975260914.0,16975260914.0,0.0,-0.07,-9.09,-3.99
1268,002557,洽洽食品,22.04,-0.18,-0.04,27760.0,60932778.26,1.63,22.12,21.76,22.08,22.08,0.9,0.55,49.77,2.15,11149048696.0,11125207477.0,-0.05,0.14,-1.61,1.94
1269,688585,上纬新材,124.86,-0.18,-0.23,32389.0,404681209.0,4.0,127.5,122.5,123.48,125.09,0.76,0.8,1225.82,37.4,50363745358.0,50363745358.0,-0.03,-0.14,-4.51,-1.97
1270,603197,保隆科技,32.5,-0.18,-0.06,17499.0,56859873.0,1.41,32.68,32.22,32.36,32.56,1.14,0.82,26.3,2.16,6943945743.0,6943945743.0,0.0,-0.15,-16.13,-12.14
1271,600502,安徽建工,5.52,-0.18,-0.01,893137.0,490385507.0,4.16,5.62,5.39,5.6,5.53,0.49,5.2,6.21,0.78,9475267338.0,9475267338.0,-0.18,0.0,19.48,20.26
1272,688669,聚石化学,27.38,-0.18,-0.05,88837.0,250709093.0,8.6,29.44,27.08,27.4,27.43,3.33,7.32,-28.01,2.81,3322106685.0,3322106685.0,0.0,0.11,16.86,17.81
1273,600216,浙江医药,16.16,-0.19,-0.03,261283.0,423151823.0,2.1,16.35,16.01,16.1,16.19,0.84,2.75,12.49,1.41,15540066040.0,15374453916.0,-0.06,0.0,14.94,16.59
1274,300351,永贵电器,15.64,-0.19,-0.03,61581.0,96211726.65,2.55,15.8,15.4,15.49,15.67,0.82,2.34,97.32,2.48,6082482520.0,4119749244.0,-0.13,-0.19,-14.91,-13.26
1275,300205,*ST天喻,5.25,-0.19,-0.01,84680.0,46302552.1,7.98,5.65,5.23,5.32,5.26,0.95,1.97,-13.61,2.3,2257794000.0,2257794000.0,0.19,0.0,7.8,9.38
1276,000020,深华发Ａ,15.58,-0.19,-0.03,88886.0,138763109.0,2.69,15.79,15.37,15.5,15.61,0.85,4.91,155.58,10.38,4411651917.0,2822556792.0,-0.13,-0.26,5.63,12.33
1277,002106,莱宝高科,10.65,-0.19,-0.02,93124.0,99440133.62,2.62,10.8,10.52,10.54,10.67,0.96,1.32,30.67,1.35,7516942104.0,7507211263.0,0.0,0.0,-4.66,-2.83
1278,002194,武汉凡谷,10.7,-0.19,-0.02,105008.0,112172357.73,1.77,10.78,10.59,10.6,10.72,1.16,2.06,-535.57,2.94,7311158124.0,5466563393.0,0.0,-0.09,-19.31,-18.01
1279,603322,超讯通信,31.49,-0.19,-0.06,37609.0,118574187.0,2.25,31.89,31.18,31.25,31.55,1.03,2.39,62.16,17.22,4962408206.0,4962408206.0,0.0,-0.06,-21.08,-17.91
1280,920087,秋乐种业,15.16,-0.2,-0.03,47683.0,72702625.3,2.63,15.5,15.1,15.3,15.19,0.87,2.91,199.56,4.57,2504432000.0,2486939255.0,-0.2,-0.26,-6.65,-4.95
1281,301260,格力博,15.31,-0.2,-0.03,22353.0,34262265.0,1.89,15.47,15.18,15.24,15.34,1.37,1.09,-62.29,1.66,7386417803.0,3129911639.0,0.07,-0.13,-10.42,-10.21
1282,601778,晶科科技,5.08,-0.2,-0.01,1432888.0,725683919.0,3.93,5.14,4.94,5.01,5.09,0.77,4.01,38.27,1.15,18148755879.0,18148755879.0,-0.2,-0.2,23.0,36.56
1283,600742,富维股份,9.99,-0.2,-0.02,107967.0,108614574.0,2.7,10.21,9.94,9.95,10.01,1.17,1.45,14.19,0.86,7423148221.0,7423148221.0,-0.1,-0.1,1.94,1.32
1284,301012,扬电科技,29.77,-0.2,-0.06,80694.0,239111963.56,3.59,30.15,29.08,29.34,29.83,0.89,4.1,126.81,5.03,5863504023.0,5863504023.0,0.0,-0.13,6.4,12.55
1285,002875,安奈儿,18.91,-0.21,-0.04,36322.0,68401846.1,3.06,19.14,18.56,18.88,18.95,0.95,1.99,-48.17,6.27,4028149050.0,3449875387.0,-0.11,0.27,8.24,14.19
1286,300951,博硕科技,37.7,-0.21,-0.08,15547.0,58741320.9,1.83,38.08,37.39,37.59,37.78,0.91,1.03,33.29,2.74,6386402507.0,5707567259.0,0.0,-0.13,7.56,9.75
1287,603626,科森科技,24.21,-0.21,-0.05,389719.0,951463561.0,6.51,25.08,23.5,24.02,24.26,1.06,7.02,-87.78,6.3,13433637295.0,13433637295.0,-0.04,0.04,22.77,15.62
1288,603991,至正股份,106.86,-0.21,-0.23,17846.0,190723915.0,2.72,108.5,105.59,105.59,107.09,1.22,2.39,-355.99,4.66,16318559611.0,7964809886.0,0.0,0.12,43.24,45.09
1289,688657,浩辰软件,47.0,-0.21,-0.1,10399.0,48571210.0,1.95,47.15,46.23,47.08,47.1,1.13,2.53,60.61,2.18,3079171536.0,1929093474.0,-0.15,-0.17,-13.0,-11.67
1290,000895,双汇发展,27.71,-0.22,-0.06,86595.0,240290348.78,1.48,27.97,27.56,27.66,27.77,0.81,0.25,18.81,4.49,96005762212.0,95993244331.0,0.0,0.04,4.96,4.68
1291,601886,江河集团,9.18,-0.22,-0.02,46455.0,42744213.0,1.52,9.26,9.12,9.15,9.2,0.51,0.41,17.04,1.42,10400958911.0,10400958911.0,0.0,0.0,2.34,12.5
1292,600094,大名城,4.52,-0.22,-0.01,324450.0,145339938.0,2.65,4.53,4.41,4.48,4.53,0.88,1.53,30.6,1.03,10508774203.0,9610559374.0,0.22,0.0,6.86,8.65
1293,601798,蓝科高新,9.26,-0.22,-0.02,47538.0,43969606.0,2.05,9.33,9.14,9.24,9.28,0.95,1.34,73.92,2.59,3282931113.0,3282931113.0,0.0,0.0,3.0,4.4
1294,300373,扬杰科技,77.62,-0.23,-0.18,123891.0,959276823.02,3.06,78.38,76.0,77.01,77.8,0.86,2.29,33.51,4.42,42174655227.0,42080779503.0,-0.13,-0.05,10.89,14.15
1295,601838,成都银行,17.25,-0.23,-0.04,168844.0,291096175.0,1.33,17.36,17.13,17.24,17.29,0.91,0.4,5.78,0.86,73113009891.0,73113009891.0,-0.06,0.0,6.35,7.01
1296,300304,云意电气,13.24,-0.23,-0.03,175435.0,232620782.0,2.86,13.44,13.06,13.1,13.27,1.16,2.05,24.91,3.39,11626622826.0,11313785670.0,-0.08,0.08,9.97,13.75
1297,002544,普天科技,26.31,-0.23,-0.06,126587.0,334842846.03,2.81,26.74,26.0,26.2,26.37,1.26,1.86,764.87,4.79,17904846646.0,17903140600.0,-0.15,-0.15,-27.6,-23.72
1298,002416,爱施德,13.24,-0.23,-0.03,184643.0,244533290.78,2.71,13.43,13.07,13.12,13.27,0.95,1.51,36.5,2.82,16408091111.0,16204492985.0,0.23,0.0,4.09,5.25
1299,600968,海油发展,4.38,-0.23,-0.01,683265.0,299535960.0,2.73,4.45,4.33,4.41,4.39,0.8,0.67,11.46,1.51,44523156392.0,44523156392.0,-0.23,0.0,12.02,14.06
1300,002216,三全食品,12.81,-0.23,-0.03,77780.0,100204782.46,2.1,13.03,12.76,12.83,12.84,0.83,1.23,21.35,2.49,11262347655.0,8076735603.0,0.0,-0.16,12.57,13.46
1301,688005,容百科技,28.95,-0.24,-0.07,174111.0,506583275.0,3.69,29.58,28.51,28.81,29.02,1.2,2.44,-113.45,2.59,20691302357.0,20688212870.0,0.07,0.31,-19.56,-18.22
1302,600959,江苏有线,4.08,-0.24,-0.01,845467.0,344442361.0,2.44,4.12,4.02,4.04,4.09,0.98,1.69,78.96,0.9,20402928159.0,20402928159.0,-0.24,0.0,15.58,18.6
1303,301357,北方长龙,115.12,-0.24,-0.28,29734.0,344383420.17,4.06,118.34,113.66,115.66,115.4,0.93,12.49,728.14,9.63,10959424000.0,2739856000.0,0.01,-0.15,-21.94,-18.33
1304,002472,双环传动,37.04,-0.24,-0.09,107963.0,399864687.5,2.83,37.46,36.41,36.71,37.13,1.07,1.43,26.27,3.27,31468348452.0,27972681858.0,-0.08,-0.16,-20.02,-21.87
1305,002810,山东赫达,23.6,-0.25,-0.06,116541.0,272694059.96,3.76,23.8,22.91,23.15,23.66,0.57,3.6,54.79,3.75,8240952275.0,7636847806.0,0.17,0.25,61.98,59.14
1306,002876,三利谱,27.39,-0.25,-0.07,34754.0,95317096.36,2.29,27.68,27.05,27.18,27.46,0.86,2.33,101.15,2.0,4762708287.0,4079510917.0,-0.11,-0.04,11.48,14.41
1307,000422,湖北宜化,16.0,-0.25,-0.04,345670.0,552392007.9,2.81,16.23,15.78,16.0,16.04,0.76,3.27,19.58,2.86,17401355392.0,16925707392.0,-0.12,-0.06,6.03,12.6
1308,688138,清溢光电,27.59,-0.25,-0.07,23465.0,64791729.0,2.24,27.85,27.23,27.39,27.66,0.93,0.75,46.41,3.13,8685332000.0,8685332000.0,0.0,-0.07,-6.51,-2.02
1309,300835,龙磁科技,87.38,-0.25,-0.22,29937.0,263035538.13,3.98,89.49,86.0,86.0,87.6,0.65,3.6,61.84,8.51,10419850045.0,7265140633.0,0.0,-0.15,33.61,33.24
1310,002185,华天科技,12.13,-0.25,-0.03,1154029.0,1399356448.79,3.45,12.34,11.92,12.0,12.16,1.59,3.53,55.76,2.22,39620435496.0,39611072847.0,0.0,0.0,6.68,10.57
1311,002662,峰璟股份,4.03,-0.25,-0.01,190790.0,76692087.81,1.49,4.04,3.98,4.0,4.04,0.84,1.27,24.29,1.36,6045000000.0,6044923833.0,0.25,0.25,-0.25,0.25
1312,688053,ST思科瑞,36.62,-0.25,-0.09,6902.0,25475683.0,2.89,37.27,36.21,36.21,36.71,0.81,0.69,-188.49,2.27,3662000000.0,3662000000.0,-0.08,-0.11,-2.55,-0.35
1313,688622,禾信仪器,86.85,-0.25,-0.22,12875.0,111218160.0,3.15,87.82,85.08,87.0,87.07,0.48,1.83,-64.13,20.2,6119930499.0,6119930499.0,0.0,-0.1,-21.19,-14.12
1314,002484,江海股份,30.89,-0.26,-0.08,304110.0,943783288.5,4.52,31.6,30.2,30.4,30.97,1.28,3.71,38.95,4.19,26272684537.0,25344388266.0,0.42,0.29,5.61,4.01
1315,002051,中工国际,11.5,-0.26,-0.03,2311623.0,2797509407.82,10.23,12.68,11.5,12.5,11.53,2.3,18.68,46.3,1.22,14230202776.0,14229383746.0,-0.26,-1.2,29.5,26.79
1316,301165,锐捷网络,92.11,-0.26,-0.24,90745.0,831105480.16,3.85,93.16,89.6,89.6,92.35,0.89,1.14,105.22,14.69,73269318140.0,73269318140.0,-0.04,-0.16,6.68,3.73
1317,002444,巨星科技,30.73,-0.26,-0.08,106988.0,328789104.35,2.66,31.02,30.2,30.56,30.81,0.89,0.93,12.77,1.94,36706314533.0,35248317268.0,-0.07,-0.07,-17.57,-9.67
1318,603375,盛景微,38.51,-0.26,-0.1,14039.0,54109492.0,1.55,38.88,38.28,38.5,38.61,1.12,2.2,151.03,2.45,3876673346.0,2456203576.0,0.18,0.21,2.12,5.51
1319,601918,新集能源,7.49,-0.27,-0.02,430773.0,322664107.0,2.0,7.57,7.42,7.51,7.51,0.83,1.66,9.08,1.14,19403158082.0,19403158082.0,0.0,0.0,12.46,14.18
1320,603070,万控智造,14.96,-0.27,-0.04,25306.0,37729684.0,1.27,15.0,14.81,14.9,15.0,0.96,0.63,74.81,2.79,5998960000.0,5998960000.0,0.0,0.13,14.37,15.43
1321,920403,康农种业,22.04,-0.27,-0.06,16983.0,37426390.77,3.03,22.39,21.72,22.14,22.1,0.98,2.87,27.27,3.91,2189918203.0,1302422503.0,-0.05,-0.18,-5.81,-3.29
1322,300671,富满微,40.59,-0.27,-0.11,87716.0,356400162.47,2.75,41.07,39.95,40.06,40.7,0.94,3.97,-113.33,5.61,8986076411.0,8959969451.0,-0.05,-0.07,21.24,27.28
1323,000333,美的集团,76.52,-0.27,-0.21,235024.0,1796387350.5,1.46,77.02,75.9,76.4,76.73,0.96,0.34,13.24,2.6,581864751702.0,524383275945.0,-0.08,-0.05,-2.94,-2.09
1324,002053,云南能投,11.24,-0.27,-0.03,100338.0,112808221.65,1.95,11.37,11.15,11.28,11.27,0.47,1.09,43.8,1.4,10348999175.0,10348925834.0,-0.09,0.0,-5.07,-2.43
1325,001872,招商港口,22.02,-0.27,-0.06,29834.0,65787337.0,1.72,22.27,21.89,22.13,22.08,0.96,0.13,11.85,0.85,54651376014.0,50690078645.0,-0.23,0.0,13.62,13.92
1326,688261,东微半导,72.91,-0.27,-0.2,39788.0,291249922.0,4.98,74.9,71.26,72.65,73.11,1.4,3.26,202.85,3.03,8936941427.0,8902062304.0,0.03,-0.07,-26.2,-11.1
1327,688416,恒烁股份,77.09,-0.27,-0.21,31220.0,238831391.0,5.33,78.77,74.65,76.03,77.3,1.04,3.76,-64.8,4.99,6398908565.0,6398908565.0,0.0,0.03,10.52,39.83
1328,001286,陕西能源,11.08,-0.27,-0.03,135760.0,150877321.78,1.53,11.18,11.01,11.05,11.11,0.78,1.29,12.89,1.59,41550000000.0,11634000000.0,-0.18,-0.09,18.12,19.01
1329,001220,世盟股份,40.56,-0.27,-0.11,11437.0,46200140.09,1.52,40.7,40.08,40.5,40.67,0.76,5.06,25.71,2.99,3743282400.0,917006763.0,-0.02,0.27,44.86,44.86
1330,600076,康欣新材,3.61,-0.28,-0.01,228990.0,83301065.0,4.42,3.73,3.57,3.64,3.62,1.35,1.7,-19.22,1.27,4853801555.0,4853801555.0,0.28,0.0,-0.55,7.12
1331,002369,卓翼科技,7.24,-0.28,-0.02,131701.0,94916048.34,1.93,7.27,7.13,7.2,7.26,1.28,2.33,-19.72,13.24,4104763467.0,4099399547.0,0.0,0.14,-19.11,-16.11
1332,603316,诚邦股份,14.14,-0.28,-0.04,110624.0,156194643.0,4.09,14.4,13.82,14.0,14.18,0.85,4.19,-31.24,7.06,3736692960.0,3736692960.0,0.14,0.14,-9.42,-2.48
1333,600470,六国化工,7.01,-0.28,-0.02,489451.0,346018477.0,4.84,7.31,6.97,7.1,7.03,1.18,9.38,-13.23,2.25,3656416000.0,3656416000.0,-0.28,-0.28,11.62,17.22
1334,605369,拱东医疗,17.95,-0.28,-0.05,8909.0,15909857.0,2.56,18.15,17.69,18.15,18.0,0.92,0.4,41.25,2.31,3957848435.0,3957848435.0,0.06,0.11,-8.47,-3.8
1335,002254,泰和新材,10.65,-0.28,-0.03,151582.0,161487300.96,2.34,10.76,10.51,10.57,10.68,1.05,1.78,184.73,1.3,9127658999.0,9058547421.0,-0.09,0.09,-5.0,6.29
1336,603489,八方股份,31.66,-0.28,-0.09,30717.0,97101591.0,2.49,31.92,31.13,31.31,31.75,0.88,1.31,83.27,2.76,7428005215.0,7428005215.0,-0.06,0.06,3.84,3.53
1337,600784,鲁银投资,7.09,-0.28,-0.02,91272.0,64901369.0,2.67,7.22,7.03,7.06,7.11,1.39,1.35,22.26,1.47,4790374644.0,4790374644.0,-0.14,-0.14,1.29,1.58
1338,001266,宏英智能,32.29,-0.28,-0.09,14698.0,47559767.0,2.41,32.78,32.0,32.13,32.38,0.93,2.53,220.86,3.55,3344606014.0,1875448471.0,0.0,-0.25,-6.19,-17.98
1339,600977,中国电影,13.77,-0.29,-0.04,331889.0,456220281.0,2.68,13.93,13.56,13.66,13.81,1.47,1.78,290.57,2.33,25708590000.0,25708590000.0,0.07,0.07,-12.01,-12.4
1340,300619,金银河,40.56,-0.29,-0.12,44174.0,179459783.45,2.8,41.15,40.01,40.63,40.68,1.05,3.04,447.9,4.47,7057426128.0,5900021746.0,0.02,0.1,-14.68,-7.61
1341,300596,利安隆,45.37,-0.29,-0.13,20430.0,92629478.88,1.82,45.78,44.95,45.18,45.5,0.45,0.92,19.92,2.19,10417844292.0,10119542168.0,-0.07,-0.07,4.59,7.49
1342,300885,海昌新材,23.71,-0.29,-0.07,71811.0,170503267.48,2.31,24.0,23.45,23.55,23.78,0.86,4.3,106.54,6.6,5883679178.0,3959991445.0,0.0,0.08,-28.46,-29.81
1343,000615,*ST美谷,3.36,-0.3,-0.01,49481.0,16583292.43,1.78,3.39,3.33,3.39,3.37,0.45,0.53,-36.37,-10.12,6005975448.0,3109063097.0,0.0,0.3,-2.89,-3.72
1344,300323,华灿光电,9.99,-0.3,-0.03,617156.0,616010603.62,5.19,10.18,9.66,9.7,10.02,0.89,5.2,-37.01,2.47,16213757982.0,11865063120.0,0.0,0.0,18.79,25.19
1345,002600,领益智造,13.29,-0.3,-0.04,845450.0,1122260195.36,2.63,13.43,13.08,13.15,13.33,1.18,1.17,42.45,4.04,97123721092.0,95681837400.0,0.08,0.08,-16.94,-14.48
1346,002377,国创高新,3.32,-0.3,-0.01,310120.0,103342287.0,3.9,3.38,3.25,3.33,3.33,1.19,3.56,-86.67,6.87,3042199667.0,2896197422.0,-0.3,-0.3,12.93,16.08
1347,688167,炬光科技,389.83,-0.3,-1.17,48842.0,1918251318.0,4.82,402.84,384.0,387.77,391.0,0.72,5.44,-841.23,15.74,35029938241.0,35029938241.0,-0.04,-0.31,113.06,122.67
1348,600894,广日股份,9.94,-0.3,-0.03,182567.0,182703224.0,4.11,10.23,9.82,9.87,9.97,0.67,2.17,12.28,0.95,8465682918.0,8380855783.0,-0.1,-0.3,6.65,7.46
1349,300174,元力股份,16.88,-0.3,-0.05,65592.0,111128054.0,2.19,17.14,16.77,16.92,16.93,0.9,1.81,26.73,1.78,6147870877.0,6113844156.0,0.36,0.0,6.9,9.61
1350,600096,云天化,33.28,-0.3,-0.1,349838.0,1162966732.0,2.52,33.59,32.75,33.0,33.38,0.68,1.92,11.77,2.47,60669131528.0,60669131528.0,-0.03,-0.06,-6.83,-0.39
1351,000901,航天科技,22.39,-0.31,-0.07,222011.0,498006059.1,3.74,22.84,22.0,22.18,22.46,1.21,2.78,141.25,4.14,17871729480.0,17871549801.0,-0.04,-0.09,-22.18,-21.36
1352,000998,隆平高科,9.79,-0.31,-0.03,216951.0,211990134.0,2.14,9.9,9.69,9.81,9.82,0.94,1.65,-16.26,2.51,14385896517.0,12874344845.0,0.1,0.1,3.16,4.59
1353,688410,山外山,16.23,-0.31,-0.05,30267.0,49281396.0,2.03,16.47,16.14,16.21,16.28,0.61,0.95,36.24,2.9,5187118095.0,5187118095.0,0.12,0.06,2.92,8.42
1354,688486,龙迅股份,61.11,-0.31,-0.19,12959.0,79185045.0,2.02,61.85,60.61,60.61,61.3,0.95,0.97,47.39,5.22,8147654647.0,8147160817.0,0.13,0.13,-22.24,-17.76
1355,603980,吉华集团,6.49,-0.31,-0.02,479410.0,315268812.0,5.84,6.82,6.44,6.61,6.51,2.62,7.08,228.16,1.13,4392648506.0,4392648506.0,-0.15,-0.15,26.51,28.77
1356,605377,华旺科技,9.78,-0.31,-0.03,82399.0,79491122.0,3.87,9.81,9.43,9.81,9.81,0.87,1.48,19.78,1.42,5444235221.0,5444235221.0,0.0,-0.1,13.19,14.52
1357,600419,天润乳业,9.61,-0.31,-0.03,47197.0,45529510.0,1.56,9.7,9.55,9.6,9.64,0.82,1.5,73.09,1.25,3032071502.0,3032071502.0,-0.1,-0.1,-3.51,-2.93
1358,600519,贵州茅台,1460.49,-0.31,-4.53,20705.0,3012278579.0,1.2,1465.02,1447.5,1465.02,1465.02,0.81,0.17,21.22,7.11,1828928126305.0,1828928126305.0,0.03,0.05,2.27,6.05
1359,002538,ST司特,6.44,-0.31,-0.02,140757.0,91123887.94,2.48,6.56,6.4,6.41,6.46,0.33,1.65,26.55,1.02,5496899114.0,5496865548.0,0.16,0.16,-2.57,0.31
1360,300708,聚灿光电,9.53,-0.31,-0.03,319523.0,303452617.42,2.62,9.59,9.34,9.4,9.56,0.96,4.5,43.64,3.13,8947861322.0,6766435841.0,0.0,0.0,4.61,7.32
1361,300633,开立医疗,25.82,-0.31,-0.08,28945.0,74542913.0,1.74,26.03,25.58,25.77,25.9,0.9,1.08,250.05,3.58,11172634297.0,6919533171.0,-0.12,-0.04,-6.45,-2.27
1362,688239,航宇科技,59.25,-0.32,-0.19,46348.0,273998893.0,4.29,60.06,57.51,58.6,59.44,1.13,2.43,60.76,5.64,11294924789.0,11294924789.0,0.14,0.19,-13.38,-12.44
1363,002102,能特科技,3.12,-0.32,-0.01,539506.0,169075170.0,3.51,3.18,3.07,3.09,3.13,0.43,2.48,12.79,2.33,7723955585.0,6779398030.0,-0.32,0.0,-9.3,-6.31
1364,300088,长信科技,6.19,-0.32,-0.02,589803.0,366392717.16,2.9,6.28,6.1,6.12,6.21,1.23,2.37,40.62,1.77,15460970854.0,15385267575.0,-0.32,-0.32,-0.8,2.15
1365,601939,建设银行,9.27,-0.32,-0.03,539521.0,498469408.0,1.4,9.31,9.18,9.29,9.3,0.58,0.56,7.16,0.7,2425035536125.0,88933206008.0,0.11,0.32,1.2,-0.11
1366,300277,汽轮科技,18.67,-0.32,-0.06,224899.0,415960434.51,4.06,18.87,18.11,18.55,18.73,0.75,2.93,5405.68,13.04,28315010963.0,14332626954.0,0.05,0.0,41.98,43.07
1367,300175,ST朗源,6.22,-0.32,-0.02,37854.0,23550105.0,1.28,6.26,6.18,6.2,6.24,0.88,0.8,-195.6,5.81,2928376000.0,2928376000.0,0.0,0.32,7.43,10.28
1368,000576,甘化科工,9.3,-0.32,-0.03,70326.0,65532107.0,2.25,9.41,9.2,9.32,9.33,1.1,1.62,39.26,2.46,4058689390.0,4034481927.0,0.0,0.0,-13.08,-11.68
1369,301292,海科新源,81.42,-0.33,-0.27,198484.0,1611592305.37,8.46,84.3,77.39,82.63,81.69,1.04,23.33,-106.27,6.7,18140032245.0,6926289239.0,0.02,-0.2,23.51,26.41
1370,601606,长城军工,39.69,-0.33,-0.13,171543.0,685093199.0,3.52,40.68,39.28,39.62,39.82,0.87,2.37,-1213.4,12.99,28744625196.0,28744625196.0,-0.03,0.0,-19.48,-17.52
1371,688781,视涯科技-UW,36.49,-0.33,-0.12,58033.0,210113960.0,3.85,37.09,35.68,36.4,36.61,1.01,14.21,-171.85,16.59,36490000000.0,1490072690.0,0.05,0.08,60.89,60.89
1372,300159,*ST新研,3.06,-0.33,-0.01,145023.0,44580983.0,1.95,3.1,3.04,3.05,3.07,1.13,0.79,-31.3,-9.05,10068688355.0,5605427961.0,-0.33,0.0,-3.77,-3.77
1373,300750,宁德时代,389.99,-0.33,-1.31,259552.0,10132744607.16,1.95,394.28,386.66,394.1,391.3,1.05,0.61,24.65,5.28,1779939018678.0,1660122340279.0,0.23,0.25,4.28,6.19
1374,002456,欧菲光,9.0,-0.33,-0.03,545774.0,491677230.73,2.55,9.12,8.89,8.91,9.03,0.93,1.65,726.73,7.54,30257033760.0,29853264924.0,0.0,0.0,-18.7,-15.25
1375,000822,山东海化,5.96,-0.33,-0.02,516802.0,307361113.54,5.52,6.17,5.84,6.17,5.98,0.76,5.77,-3.84,1.39,5334747879.0,5334747879.0,-0.33,-0.33,9.56,13.52
1376,601916,浙商银行,2.97,-0.34,-0.01,750950.0,223008509.0,0.67,2.98,2.96,2.98,2.98,0.64,0.35,6.31,0.46,81569968810.0,63986974810.0,0.34,0.34,-2.62,-2.3
1377,300623,捷捷微电,28.32,-0.35,-0.1,143748.0,407287842.4,2.6,28.71,27.97,27.98,28.42,1.54,1.87,50.94,3.99,23564503306.0,21732858879.0,-0.07,-0.07,0.07,4.23
1378,601096,宏盛华源,5.73,-0.35,-0.02,223140.0,127823986.0,1.91,5.77,5.66,5.71,5.75,0.78,1.36,40.62,3.34,15328638654.0,9414255580.0,0.0,-0.17,35.46,38.07
1379,301267,华厦眼科,17.14,-0.35,-0.06,46893.0,80579475.0,1.86,17.37,17.05,17.06,17.2,1.66,0.72,24.9,2.4,14397600000.0,11114336725.0,-0.06,0.0,-7.35,-4.67
1380,000727,冠捷科技,2.81,-0.35,-0.01,3221559.0,909235111.5,2.84,2.86,2.78,2.84,2.82,2.89,7.11,-15.87,5.5,12728083214.0,12728083214.0,0.0,-0.35,6.04,10.63
1381,603511,爱慕股份,14.16,-0.35,-0.05,16221.0,22933466.0,2.46,14.36,14.01,14.25,14.21,1.36,0.4,42.41,1.31,5721356666.0,5690724338.0,-0.21,-0.35,-9.52,-8.59
1382,600590,泰豪科技,14.11,-0.35,-0.05,445774.0,625898368.0,2.82,14.27,13.87,14.12,14.16,0.68,5.28,184.15,3.76,12033992173.0,11902765970.0,0.0,0.14,47.29,49.95
1383,920808,曙光数创,71.35,-0.35,-0.25,20591.0,148036842.98,3.74,73.21,70.53,70.74,71.6,1.32,1.06,391.39,18.88,14270000071.0,13882724972.0,0.0,0.0,-3.37,0.48
1384,600872,中炬高新,19.31,-0.36,-0.07,77343.0,150055159.0,2.01,19.62,19.23,19.36,19.38,0.73,1.0,29.68,2.64,15033013193.0,14887777315.0,-0.05,0.05,7.58,10.03
1385,600941,中国移动,93.64,-0.37,-0.35,52835.0,494263201.0,0.45,93.78,93.36,93.75,93.99,0.78,0.59,14.79,1.45,2028002641522.0,84535183066.0,-0.02,-0.05,-6.97,-7.33
1386,002413,雷科防务,13.47,-0.37,-0.05,1190703.0,1612154666.42,4.29,13.85,13.27,13.36,13.52,0.84,9.19,-147.09,5.3,17771519566.0,17449448795.0,0.0,0.07,-11.32,7.33
1387,688646,ST逸飞,50.63,-0.37,-0.19,5543.0,27854859.0,1.85,50.82,49.88,50.8,50.82,0.98,0.96,-95.63,3.15,4767452843.0,2935779942.0,0.02,0.82,42.86,41.86
1388,600281,华阳新材,5.38,-0.37,-0.02,97743.0,52688307.0,2.78,5.48,5.33,5.4,5.4,1.11,1.9,-485.23,48.91,2767482895.0,2767482895.0,-0.37,0.0,-11.8,-8.81
1389,688371,菲沃泰,20.95,-0.38,-0.08,30859.0,64661937.0,3.57,21.25,20.5,21.01,21.03,1.61,0.92,231.76,3.56,7028145858.0,7028145858.0,0.1,-0.05,6.51,13.43
1390,688259,创耀科技,36.25,-0.38,-0.14,17211.0,62433258.0,2.06,36.64,35.89,36.02,36.39,1.29,1.54,51.09,2.55,4049125000.0,4049125000.0,0.0,-0.06,-15.42,-12.86
1391,600021,上海电力,18.21,-0.38,-0.07,286790.0,522154708.0,2.79,18.43,17.92,18.04,18.28,0.84,1.02,12.63,2.43,51374688348.0,51374688348.0,-0.05,-0.05,-12.41,-9.04
1392,600805,悦达投资,5.22,-0.38,-0.02,143757.0,74814326.0,1.91,5.25,5.15,5.21,5.24,0.93,1.69,120.46,1.04,4441669259.0,4438437421.0,0.19,0.19,-5.95,-3.87
1393,603496,恒为科技,28.71,-0.38,-0.11,108662.0,310948694.0,2.32,28.94,28.27,28.5,28.82,0.73,3.39,263.13,6.62,9193207367.0,9193207367.0,0.07,0.03,2.46,5.24
1394,000902,新洋丰,15.86,-0.38,-0.06,109675.0,174623590.0,1.44,16.03,15.8,15.9,15.92,1.32,0.96,10.87,1.73,19900081652.0,18124541679.0,-0.13,-0.13,-1.25,1.54
1395,301291,明阳电气,52.88,-0.38,-0.2,82038.0,435585035.78,3.39,54.1,52.3,52.8,53.08,1.14,5.08,26.48,3.36,16509136000.0,8547362180.0,-0.15,-0.21,21.73,27.08
1396,003002,壶化股份,27.96,-0.39,-0.11,25585.0,71310864.0,2.07,28.13,27.55,28.0,28.07,0.66,1.4,28.82,3.73,5592000000.0,5112409809.0,0.11,0.18,-12.9,-13.62
1397,603899,晨光股份,25.73,-0.39,-0.1,27711.0,71380813.0,1.01,25.87,25.61,25.8,25.83,0.77,0.3,18.08,2.55,23696567800.0,23696567800.0,-0.12,-0.31,-6.71,-4.92
1398,002793,罗欣药业,5.05,-0.39,-0.02,414237.0,213771476.0,6.9,5.36,5.01,5.02,5.07,1.58,3.81,179.67,3.78,5492321854.0,5483973487.0,-0.2,0.0,2.02,5.21
1399,603332,苏州龙杰,12.92,-0.39,-0.05,37394.0,48484650.0,2.31,13.12,12.82,12.96,12.97,0.61,1.73,38.4,2.19,2795205617.0,2795205617.0,0.08,0.08,-4.44,-6.92
1400,002415,海康威视,30.76,-0.39,-0.12,238773.0,731842429.18,1.33,30.86,30.45,30.58,30.88,0.93,0.26,19.87,3.38,281911448878.0,278268297598.0,0.0,0.0,1.22,3.08
1401,000819,岳阳兴长,14.79,-0.4,-0.06,34268.0,50668408.95,1.82,14.94,14.67,14.71,14.85,0.78,0.94,-128.9,2.58,5464971644.0,5406222806.0,0.0,0.0,-9.26,-8.87
1402,300906,日月明,32.14,-0.4,-0.13,12822.0,40979966.0,3.59,32.75,31.59,32.15,32.27,0.55,1.78,52.9,2.85,2571200000.0,2320411580.0,0.16,0.22,-9.0,-8.54
1403,920992,中科美菱,15.0,-0.4,-0.06,13326.0,19677177.2,3.32,15.06,14.56,15.06,15.06,0.84,2.75,75.94,2.32,1450964010.0,727769745.0,0.67,0.67,-18.12,-13.74
1404,601996,丰林集团,2.51,-0.4,-0.01,499997.0,126312221.0,5.16,2.62,2.49,2.49,2.52,0.95,4.46,-21.9,1.13,2813495184.0,2813495184.0,0.0,-0.4,8.66,11.56
1405,300922,天秦装备,19.85,-0.4,-0.08,33017.0,65650973.67,2.16,20.1,19.67,19.81,19.93,0.84,2.64,74.43,3.3,3151432846.0,2478757058.0,-0.15,-0.2,-18.28,-13.21
1406,600748,上实发展,5.01,-0.4,-0.02,159434.0,79292033.0,3.18,5.05,4.89,5.0,5.03,0.81,0.86,-14.95,0.89,9241260089.0,9241260089.0,0.0,0.2,-11.33,-7.56
1407,688786,悦安新材,31.33,-0.41,-0.13,16307.0,51098227.0,2.07,31.68,31.03,31.31,31.46,0.78,1.13,51.67,5.81,4505254094.0,4505254094.0,-0.06,-0.16,6.6,11.06
1408,300363,博腾股份,21.68,-0.41,-0.09,147885.0,324355340.54,4.36,22.47,21.52,21.52,21.77,0.9,2.96,122.29,2.2,11781826376.0,10815206427.0,-0.05,-0.09,-11.33,-6.71
1409,600191,华资实业,12.01,-0.41,-0.05,36749.0,44177726.0,1.99,12.13,11.89,11.98,12.06,0.77,0.76,76.27,3.44,5824033320.0,5824033320.0,0.0,-0.08,-4.83,-6.54
1410,301613,新铝时代,46.58,-0.41,-0.19,9567.0,44595684.0,1.62,46.99,46.23,46.5,46.77,1.01,1.14,27.34,4.22,6700125285.0,3908120085.0,0.0,0.15,-10.16,-9.9
1411,603291,联合水务,11.95,-0.42,-0.05,39601.0,47050696.0,2.58,12.05,11.74,11.91,12.0,0.77,0.94,61.91,2.85,5057486218.0,5057486218.0,0.25,0.25,16.59,23.96
1412,003017,大洋生物,30.86,-0.42,-0.13,15059.0,46413128.2,1.71,31.1,30.57,30.75,30.99,0.74,2.17,24.29,2.36,2592240000.0,2138227310.0,-0.39,-0.32,-1.72,3.35
1413,603180,金牌家居,19.14,-0.42,-0.08,7943.0,15143028.0,1.51,19.22,18.93,19.22,19.22,1.11,0.51,34.22,1.06,2952481660.0,2952481660.0,0.1,0.1,-5.81,-6.13
1414,600378,昊华科技,33.49,-0.42,-0.14,130684.0,440691372.0,5.14,34.47,32.74,33.0,33.63,1.16,1.22,26.31,2.4,43202087274.0,35920214007.0,-0.09,0.15,-0.15,4.79
1415,603800,洪田股份,40.12,-0.42,-0.17,44561.0,178842736.0,3.57,41.0,39.56,40.0,40.29,1.42,2.14,100.23,9.68,8344960000.0,8344960000.0,0.0,0.17,-19.05,-17.74
1416,603277,银都股份,14.12,-0.42,-0.06,14305.0,20293451.0,3.31,14.38,13.91,14.1,14.18,0.73,0.23,13.92,3.04,8665434187.0,8609613873.0,-0.14,-0.14,-16.25,-16.1
1417,002357,富临运业,11.94,-0.42,-0.05,169269.0,197279433.8,4.92,11.99,11.4,11.99,11.99,0.78,5.4,18.04,2.17,3743059090.0,3742924765.0,-0.33,-0.25,9.84,11.9
1418,001203,大中矿业,38.19,-0.42,-0.16,273421.0,1056334313.16,6.13,39.72,37.37,38.2,38.35,1.14,2.09,73.94,8.99,58548341813.0,49875151719.0,0.03,-0.05,26.75,24.6
1419,002845,同兴达,13.82,-0.43,-0.06,48338.0,67028845.6,2.16,13.99,13.69,13.75,13.88,0.92,1.93,-220.72,1.9,4526764563.0,3458252551.0,-0.14,-0.07,-6.56,-1.78
1420,300347,泰格医药,55.8,-0.43,-0.24,102814.0,576885644.6,2.91,57.06,55.43,55.72,56.04,0.75,1.82,54.11,2.29,48045253590.0,31594752695.0,0.0,0.18,-5.39,-1.59
1421,300610,晨化股份,11.48,-0.43,-0.05,45996.0,52933681.0,2.17,11.64,11.39,11.45,11.53,1.05,2.74,23.86,2.08,2468291610.0,1924324989.0,-0.09,-0.26,-3.2,-1.12
1422,603218,日月股份,13.88,-0.43,-0.06,108365.0,150486436.0,2.15,14.03,13.73,13.8,13.94,0.68,1.05,24.7,1.4,14301136550.0,14269143150.0,-0.07,-0.14,2.51,4.75
1423,688045,必易微,45.81,-0.43,-0.2,16136.0,74369786.0,3.02,46.79,45.4,45.5,46.01,0.92,2.31,264.94,2.27,3199270488.0,3199270488.0,-0.37,-0.43,14.9,18.4
1424,920519,万德股份,11.58,-0.43,-0.05,5947.0,6868377.85,2.06,11.65,11.41,11.51,11.63,1.02,0.94,47.84,1.97,1033608844.0,729474619.0,1.31,1.05,-6.84,-3.74
1425,920263,中航泰达,11.56,-0.43,-0.05,13756.0,16110665.83,5.77,12.06,11.39,11.67,11.61,1.27,1.34,85.65,2.81,1632767878.0,1185983600.0,-0.17,-0.17,-10.25,-7.3
1426,300475,香农芯创,147.55,-0.43,-0.63,531628.0,7909514580.55,5.25,152.8,145.02,149.57,148.18,1.91,11.94,126.06,19.19,68593894921.0,65715784621.0,-0.02,0.0,-13.66,2.22
1427,601615,明阳智能,16.33,-0.43,-0.07,726875.0,1190983730.0,4.15,16.7,16.02,16.18,16.4,1.04,3.21,36.17,1.41,36930241209.0,36930241209.0,-0.06,-0.06,0.8,12.78
1428,600323,瀚蓝环境,29.45,-0.44,-0.13,45462.0,133942879.0,1.83,29.8,29.26,29.41,29.58,0.9,0.56,11.22,1.69,24011973450.0,24011973450.0,-0.51,-0.03,4.21,2.97
1429,300685,艾德生物,22.82,-0.44,-0.1,117824.0,272008020.15,3.84,23.56,22.68,22.81,22.92,0.98,3.02,24.97,4.39,8934854806.0,8890611824.0,-0.04,0.0,8.72,11.53
1430,600583,海油工程,6.74,-0.44,-0.03,578184.0,389974079.0,3.4,6.89,6.66,6.79,6.77,0.63,1.31,14.3,1.12,29799931352.0,29799931352.0,-0.15,-0.15,19.08,22.77
1431,600011,华能国际,6.83,-0.44,-0.03,628007.0,428523455.0,1.31,6.87,6.78,6.81,6.86,0.66,0.57,7.44,1.65,107217977642.0,75114358747.0,-0.15,0.0,-8.2,-8.45
1432,300189,神农种业,6.76,-0.44,-0.03,753060.0,507018062.45,3.53,6.88,6.64,6.72,6.79,0.81,8.5,918.05,9.48,6922240000.0,5990982900.0,-0.15,-0.15,-7.52,-9.14
1433,000637,茂化实华,4.52,-0.44,-0.02,103036.0,46530565.0,2.42,4.58,4.47,4.56,4.54,0.69,2.83,-18.8,4.24,2349836609.0,1647924449.0,0.0,0.44,4.15,5.12
1434,600739,辽宁成大,11.35,-0.44,-0.05,100753.0,113913657.0,2.02,11.44,11.21,11.3,11.4,0.93,0.66,9.54,0.59,17362206412.0,17362206412.0,-0.09,0.09,-7.5,1.52
1435,603500,祥和实业,11.19,-0.44,-0.05,30297.0,33949992.0,1.42,11.28,11.12,11.15,11.24,0.74,0.91,25.46,3.67,3723922853.0,3713216518.0,-0.18,-0.09,-8.58,-6.59
1436,301622,英思特,63.86,-0.44,-0.28,13967.0,89527734.25,2.92,64.88,63.01,63.7,64.14,0.92,2.22,45.31,4.74,7403409857.0,4011670959.0,0.0,-0.14,-3.36,-0.84
1437,301398,星源卓镁,50.18,-0.44,-0.22,12398.0,61769654.5,1.92,50.28,49.31,49.82,50.4,0.77,3.33,93.51,5.01,5620160000.0,1867649420.0,0.02,0.3,-14.66,-7.31
1438,688418,震有科技,41.89,-0.45,-0.19,48113.0,201287015.0,3.87,42.58,40.95,41.93,42.08,1.0,2.5,-128.97,9.23,8066113618.0,8066113618.0,-0.05,-0.02,-7.81,-3.66
1439,601288,农业银行,6.6,-0.45,-0.03,2479779.0,1637799054.0,1.66,6.67,6.56,6.63,6.63,0.64,0.08,7.94,0.83,2309888023562.0,2107011791128.0,0.0,0.15,-12.7,-14.06
1440,301024,霍普股份,35.74,-0.45,-0.16,22090.0,78669484.8,4.46,36.41,34.81,35.55,35.9,0.88,3.59,-54.14,5.68,2272527900.0,2200154400.0,0.34,0.51,-1.43,1.05
1441,688757,胜科纳米,24.34,-0.45,-0.11,20648.0,49844203.0,2.13,24.4,23.88,24.19,24.45,0.85,1.14,157.59,11.06,9816601569.0,4410903246.0,-0.04,0.08,-10.78,-7.49
1442,300746,汉嘉数智,13.19,-0.45,-0.06,28953.0,38036144.0,2.11,13.29,13.01,13.17,13.25,0.7,1.3,88.05,3.87,2977488546.0,2948564486.0,0.0,0.08,-4.14,4.1
1443,000825,太钢不锈,4.45,-0.45,-0.02,366183.0,161898824.84,1.79,4.47,4.39,4.44,4.47,1.23,0.64,33.47,0.76,25348302692.0,25348302692.0,-0.45,0.45,-12.75,-9.0
1444,600500,中化国际,4.39,-0.45,-0.02,282853.0,124458099.0,1.59,4.44,4.37,4.39,4.41,0.8,0.79,-8.88,1.39,15752664670.0,15752664670.0,0.0,0.0,8.4,11.99
1445,002749,国光股份,13.21,-0.45,-0.06,11092.0,14657129.85,0.83,13.26,13.15,13.2,13.27,0.61,0.24,16.6,3.2,6160596446.0,5992730133.0,-0.23,-0.08,-0.68,-0.9
1446,600771,广誉远,17.18,-0.46,-0.08,68327.0,118260001.0,2.43,17.57,17.15,17.28,17.26,0.79,1.4,79.95,5.1,8409457802.0,8409457802.0,-0.06,-0.12,-7.03,-4.45
1447,301333,诺思格,67.4,-0.46,-0.31,18836.0,127752496.4,3.22,69.1,66.92,67.11,67.71,0.53,1.95,47.55,3.31,6509576654.0,6500307806.0,-0.07,-0.27,9.49,13.18
1448,688060,云涌科技,45.87,-0.46,-0.21,4609.0,21139664.0,1.84,46.3,45.45,46.2,46.08,1.18,0.77,-225.22,3.06,2760948693.0,2760948693.0,-0.24,0.09,5.59,8.36
1449,002305,*ST南置,2.18,-0.46,-0.01,105969.0,23048068.0,1.37,2.19,2.16,2.19,2.19,0.65,0.61,-2.16,-1.23,3780590379.0,3780345142.0,0.0,0.46,-6.03,-2.24
1450,688249,晶合集成,30.22,-0.46,-0.14,227318.0,686637182.0,2.8,30.55,29.7,29.87,30.36,0.69,1.91,86.15,2.79,60669421083.0,35907955092.0,-0.03,-0.07,-14.51,-8.95
1451,605507,国邦医药,25.7,-0.46,-0.12,31593.0,80870237.0,2.09,25.94,25.4,25.61,25.82,0.9,0.57,17.5,1.68,14361763950.0,14361763950.0,-0.08,-0.16,4.18,3.63
1452,000100,TCL科技,4.29,-0.46,-0.02,2586183.0,1104820103.6,1.39,4.3,4.24,4.26,4.31,0.84,1.35,19.76,1.45,89235699898.0,82076222724.0,0.0,-0.23,-12.98,-5.51
1453,000893,亚钾国际,62.24,-0.46,-0.29,85018.0,528763151.42,2.21,63.08,61.7,62.15,62.53,0.8,1.05,31.65,4.4,57512945879.0,50527059006.0,-0.06,-0.02,19.58,29.75
1454,603286,日盈电子,61.76,-0.47,-0.29,23500.0,144231111.0,2.8,62.35,60.61,61.99,62.05,0.63,2.04,-138.31,8.95,7250372699.0,7128019963.0,-0.03,-0.05,-13.47,-10.7
1455,600510,黑牡丹,8.45,-0.47,-0.04,82414.0,69185363.0,4.24,8.61,8.25,8.45,8.49,1.13,0.8,102.53,0.84,8720615112.0,8720615112.0,0.0,0.12,-2.76,0.72
1456,600188,兖矿能源,18.95,-0.47,-0.09,576235.0,1092270674.0,2.31,19.19,18.75,18.94,19.04,0.95,0.97,22.7,2.65,190210256309.0,112967620779.0,0.21,0.11,39.75,44.11
1457,603130,云中马,38.21,-0.47,-0.18,11505.0,43802188.0,1.82,38.41,37.71,38.19,38.39,0.6,0.84,50.24,3.7,5254417582.0,5254417582.0,-0.26,-0.13,-27.99,-32.55
1458,301173,毓恬冠佳,42.7,-0.47,-0.2,4717.0,20189459.71,1.1,42.99,42.52,42.77,42.9,0.72,1.53,21.67,2.45,3750544764.0,1316383739.0,-0.09,-0.09,-7.66,-5.11
1459,603082,北自科技,35.72,-0.47,-0.17,7131.0,25392416.0,0.81,35.77,35.48,35.65,35.89,0.66,1.76,33.63,3.52,5794767836.0,1448692468.0,-0.14,0.34,-3.59,-3.2
1460,300575,中旗股份,6.3,-0.47,-0.03,126567.0,80548415.0,3.79,6.49,6.25,6.32,6.33,0.99,3.69,-16.28,1.52,3005052120.0,2159061761.0,-0.47,0.16,6.24,8.06
1461,000718,苏宁环球,2.1,-0.47,-0.01,294641.0,61726087.74,1.42,2.11,2.08,2.1,2.11,0.94,1.29,47.71,0.68,6372736406.0,4792395556.0,0.0,0.48,-11.39,-8.3
1462,301366,一博科技,31.94,-0.47,-0.15,14391.0,46112792.84,1.78,32.35,31.78,31.78,32.09,0.93,1.23,292.26,3.13,6692586260.0,3736863547.0,0.0,-0.09,-18.81,-9.44
1463,000021,深科技,27.7,-0.47,-0.13,691048.0,1909601279.35,3.63,28.08,27.07,27.2,27.83,1.06,4.4,43.21,3.42,43535550349.0,43528588646.0,-0.04,0.07,3.01,9.57
1464,000826,启迪环境,2.07,-0.48,-0.01,275136.0,56786506.0,2.4,2.09,2.04,2.09,2.08,0.78,1.93,-3.24,70.4,2950481223.0,2950108025.0,0.0,0.0,-8.81,-6.76
1465,605136,丽人丽妆,10.28,-0.48,-0.05,91407.0,94339983.0,2.23,10.44,10.21,10.33,10.33,1.12,2.28,-51.46,1.71,4116713380.0,4116713380.0,0.1,0.19,-7.39,-6.12
1466,002853,皮阿诺,24.86,-0.48,-0.12,25492.0,62849962.0,2.56,24.99,24.35,24.87,24.98,1.04,1.98,-453.21,4.88,4547290467.0,3199601701.0,0.2,0.08,21.39,18.61
1467,600686,金龙汽车,16.61,-0.48,-0.08,243052.0,405186515.0,3.24,16.89,16.35,16.36,16.69,1.01,3.39,36.12,3.64,11910157596.0,11910157596.0,-0.12,-0.12,-7.1,-6.37
1468,688559,海目星,52.83,-0.49,-0.26,55376.0,294046274.0,4.31,53.99,51.7,52.51,53.09,0.93,2.24,-14.94,5.44,13089110295.0,13089110295.0,-0.02,-0.06,-2.17,9.93
1469,603081,大丰实业,12.15,-0.49,-0.06,49806.0,60576326.0,1.64,12.26,12.06,12.11,12.21,0.99,1.18,41.81,1.61,5133364660.0,5133364660.0,0.0,0.0,-13.4,-13.4
1470,688278,特宝生物,64.44,-0.49,-0.32,30338.0,195035965.0,4.57,66.0,63.04,64.41,64.76,1.08,0.74,25.51,7.63,26303730091.0,26303730091.0,-0.19,-0.02,-22.63,-22.99
1471,920961,创远信科,22.19,-0.49,-0.11,17535.0,38969778.67,2.87,22.54,21.9,22.0,22.3,0.83,1.69,910.41,4.18,3169630873.0,2306658267.0,0.0,0.05,-26.01,-21.76
1472,688184,ST帕瓦,10.18,-0.49,-0.05,3312.0,3357021.0,1.66,10.23,10.06,10.11,10.23,0.57,0.33,-2.32,1.5,1619103693.0,1022962893.0,0.69,0.69,6.6,9.7
1473,002199,*ST东晶,8.15,-0.49,-0.04,13825.0,11292017.0,1.95,8.27,8.11,8.27,8.19,0.53,0.57,-38.03,10.4,1984055258.0,1984055258.0,-0.24,0.12,-6.64,-4.0
1474,688038,中科通达,22.46,-0.49,-0.11,32084.0,72192634.0,3.01,22.8,22.12,22.65,22.57,0.86,2.76,-656.69,4.4,2613746564.0,2613746564.0,-0.22,-0.18,23.68,27.11
1475,688148,芳源股份,8.14,-0.49,-0.04,99466.0,81237204.0,2.69,8.3,8.08,8.19,8.18,0.72,1.95,-42.47,8.48,4152808651.0,4152808651.0,0.25,0.12,-13.5,-7.18
1476,603229,奥翔药业,10.05,-0.5,-0.05,110230.0,111858991.0,3.17,10.33,10.01,10.1,10.1,0.78,1.33,30.23,3.55,8344486307.0,8344486307.0,-0.1,-0.2,0.3,1.31
1477,600072,中船科技,12.04,-0.5,-0.06,185150.0,225170307.0,4.05,12.45,11.96,12.0,12.1,0.89,1.71,-9.45,1.86,18067822496.0,13043381285.0,0.0,0.08,1.26,3.61
1478,600545,卓郎智能,3.95,-0.5,-0.02,1116388.0,437434604.0,3.78,4.0,3.85,3.92,3.97,0.96,6.24,-22.17,2.21,7062253277.0,7062253277.0,0.77,0.77,49.62,54.3
1479,000408,藏格矿业,84.08,-0.5,-0.42,90690.0,765362767.42,2.07,85.25,83.5,84.0,84.5,0.68,0.58,34.27,8.13,132024580640.0,132023193320.0,0.07,0.12,-8.63,-0.38
1480,600746,江苏索普,9.91,-0.5,-0.05,339575.0,333099597.0,5.92,10.16,9.57,10.12,9.96,0.71,2.91,68.93,2.12,11573322980.0,11555876059.0,-0.4,-0.2,38.21,44.04
1481,300908,仲景食品,27.78,-0.5,-0.14,8997.0,25049075.55,2.15,28.17,27.57,27.98,27.92,0.73,0.73,21.15,2.26,4055880000.0,3428148508.0,0.04,0.07,-0.57,0.29
1482,000636,风华高科,19.73,-0.5,-0.1,450046.0,892210526.75,2.67,20.03,19.5,19.65,19.83,0.99,3.89,74.94,1.83,22827870653.0,22827870653.0,-0.05,-0.15,16.33,21.19
1483,688199,久日新材,26.05,-0.5,-0.13,33778.0,88623258.0,3.21,26.65,25.81,26.0,26.18,1.04,2.1,151.23,1.62,4199969889.0,4199969889.0,0.04,0.12,5.25,10.52
1484,600835,上海机电,22.05,-0.5,-0.11,73679.0,163555839.0,2.89,22.49,21.85,21.95,22.16,1.52,0.91,28.46,1.6,22551401741.0,17783419815.0,-0.14,-0.05,-25.63,-26.52
1485,000890,法尔胜,15.79,-0.5,-0.08,985373.0,1538573444.01,7.56,16.28,15.08,15.39,15.87,1.06,23.49,-218.23,-1195.0,6623967655.0,6623763616.0,0.7,1.74,206.01,211.44
1486,300444,双杰电气,13.82,-0.5,-0.07,351386.0,483514638.02,2.81,13.94,13.55,13.7,13.89,1.01,5.65,59.51,6.07,11036998744.0,8588393380.0,0.14,0.07,37.1,43.51
1487,000725,京东方Ａ,4.01,-0.5,-0.02,4182506.0,1674086170.55,1.49,4.03,3.97,3.99,4.03,0.96,1.15,25.36,1.12,148547755537.0,145730071405.0,0.0,0.0,-10.89,-4.75
1488,688100,威胜信息,37.46,-0.5,-0.19,31528.0,117460284.0,3.51,37.7,36.38,37.2,37.65,1.45,0.64,27.64,5.2,18418526656.0,18418526656.0,0.0,0.11,-4.46,-4.68
1489,002559,亚威股份,9.83,-0.51,-0.05,159171.0,156777032.5,2.43,9.95,9.71,9.74,9.88,0.92,3.16,39.7,3.06,5404190186.0,4955020476.0,-0.1,-0.1,-4.19,-2.87
1490,300970,华绿生物,29.3,-0.51,-0.15,120554.0,369922086.07,13.17,32.84,28.96,30.2,29.45,0.98,12.67,164.96,2.33,3592446630.0,2787488580.0,0.31,-0.24,46.94,42.86
1491,301314,科瑞思,46.88,-0.51,-0.24,7053.0,32921413.3,2.29,47.25,46.17,47.0,47.12,0.86,3.86,186.27,2.47,2590120000.0,855905131.0,-0.11,0.39,8.27,11.57
1492,920395,朗鸿科技,9.66,-0.51,-0.05,7684.0,7458128.18,2.47,9.84,9.6,9.64,9.71,1.33,0.73,35.84,6.15,1473977901.0,1011822828.0,-0.21,0.1,-18.07,-15.49
1493,300572,安车检测,28.95,-0.52,-0.15,45618.0,131576419.0,1.89,29.17,28.62,28.82,29.1,0.88,2.48,-234.63,3.74,6629226107.0,5315136074.0,0.07,0.07,-1.26,1.83
1494,603318,水发燃气,7.65,-0.52,-0.04,183298.0,140579897.0,3.64,7.88,7.6,7.7,7.69,0.7,3.99,-69.99,2.47,4243250118.0,3511892569.0,-0.13,-0.26,14.35,14.18
1495,301289,国缆检测,53.99,-0.52,-0.28,5769.0,31058729.73,1.2,54.15,53.5,54.0,54.27,1.07,0.74,47.84,4.26,4211220000.0,4184273591.0,0.0,0.09,-8.89,-8.06
1496,001369,双欣材料,15.42,-0.52,-0.08,141540.0,217818892.07,1.55,15.49,15.25,15.39,15.5,0.66,7.04,32.83,2.65,17686740000.0,3099873163.0,0.06,0.13,-5.11,-6.6
1497,603072,天和磁材,36.47,-0.52,-0.19,28519.0,104270590.0,1.85,36.93,36.25,36.5,36.66,1.56,2.26,60.33,4.5,9638291600.0,4603608100.0,-0.11,-0.08,-13.92,-10.37
1498,000972,*ST中基,3.86,-0.52,-0.02,51095.0,19651281.7,1.29,3.88,3.83,3.87,3.88,0.57,0.66,-15.5,-17.36,2977154615.0,2977154615.0,0.0,0.0,-5.39,-1.53
1499,603690,至纯科技,25.07,-0.52,-0.13,81311.0,204453034.0,2.46,25.39,24.77,24.9,25.2,1.08,2.12,85.02,1.91,9600913748.0,9600913748.0,-0.04,-0.04,-23.33,-20.29
1500,603948,建业股份,26.8,-0.52,-0.14,11981.0,32147703.0,2.08,27.14,26.58,26.78,26.94,0.97,0.74,18.59,2.07,4354709676.0,4354709676.0,-0.45,-0.33,-2.58,-1.83
1501,002326,永太科技,23.03,-0.52,-0.12,279756.0,643571655.02,4.36,23.46,22.45,22.96,23.15,1.03,3.46,490.85,7.82,21305689457.0,18611902737.0,0.04,0.09,-11.12,-7.58
1502,002130,沃尔核材,24.3,-0.53,-0.13,473677.0,1148535468.3,2.62,24.54,23.9,24.04,24.43,1.5,4.13,29.74,4.71,34017262897.0,27870939772.0,-0.21,-0.33,-10.53,-7.67
1503,300018,中元股份,13.14,-0.53,-0.07,106444.0,140280654.0,2.04,13.33,13.06,13.14,13.21,0.6,2.37,42.49,4.61,6377308943.0,5903962978.0,0.0,0.0,13.37,19.45
1504,300808,久量股份,26.47,-0.53,-0.14,28056.0,73385101.0,4.47,26.69,25.5,26.25,26.61,0.74,2.36,-66.81,4.37,4235200000.0,3147271830.0,0.0,-0.08,-9.16,-11.97
1505,002351,漫步者,11.32,-0.53,-0.06,55299.0,62857856.0,1.41,11.44,11.28,11.31,11.38,1.11,1.06,23.35,3.38,10064691240.0,5898362693.0,-0.09,-0.09,-8.27,-6.14
1506,603915,国茂股份,14.92,-0.53,-0.08,54189.0,81288067.0,2.47,15.15,14.78,14.9,15.0,0.86,0.83,39.64,2.66,9796956602.0,9796956602.0,0.07,-0.07,-17.02,-18.96
1507,000066,中国长城,14.9,-0.53,-0.08,654471.0,976960866.44,3.07,15.18,14.72,14.8,14.98,1.4,2.03,2243.67,4.33,48064406411.0,48061288586.0,0.0,0.0,-0.53,3.4
1508,002840,华统股份,12.98,-0.54,-0.07,561555.0,729287834.68,4.75,13.35,12.73,12.84,13.05,0.77,7.05,109.96,2.59,10412119781.0,10340262942.0,-0.23,-0.38,33.95,34.93
1509,920809,安达科技,7.4,-0.54,-0.04,132057.0,98329471.09,3.36,7.58,7.33,7.4,7.44,0.95,2.88,-17.31,2.84,4432970000.0,3397392895.0,0.0,0.27,-0.8,5.41
1510,300862,蓝盾光电,21.7,-0.55,-0.12,41784.0,90464978.46,3.44,22.08,21.33,21.67,21.82,1.55,2.76,-50.91,2.01,4006208473.0,3286920852.0,-0.09,-0.05,-6.59,-5.16
1511,600732,爱旭股份,14.37,-0.55,-0.08,341794.0,486534231.0,3.04,14.5,14.06,14.25,14.45,0.79,1.63,-42.87,4.7,30424881394.0,30169250302.0,0.0,0.14,5.12,7.24
1512,601117,中国化学,9.06,-0.55,-0.05,908675.0,823219873.0,1.87,9.16,8.99,9.12,9.11,0.75,1.49,8.6,0.82,55326395428.0,55157890300.0,0.0,0.0,18.43,21.94
1513,920363,莱赛激光,16.14,-0.55,-0.09,8801.0,14305118.63,2.46,16.43,16.03,16.06,16.23,1.06,1.72,308.6,4.37,1540563000.0,824585660.0,-0.06,-0.06,-22.85,-16.5
1514,688349,三一重能,23.58,-0.55,-0.13,55210.0,129458155.0,2.49,23.69,23.1,23.41,23.71,1.1,0.46,39.35,2.09,28918611390.0,28048037790.0,-0.25,-0.25,-13.12,-6.72
1515,603206,嘉环科技,16.14,-0.55,-0.09,34440.0,55349079.0,1.36,16.17,15.95,16.02,16.23,0.74,1.13,66.75,2.17,4925927806.0,4925927806.0,0.19,0.31,-6.97,-6.65
1516,600479,千金药业,10.78,-0.55,-0.06,70426.0,76250416.0,2.77,11.01,10.71,10.74,10.84,0.92,1.68,18.43,1.75,5306023972.0,4511506721.0,0.0,0.09,4.76,6.1
1517,603926,铁流股份,18.14,-0.55,-0.1,35547.0,64664167.0,2.74,18.44,17.94,18.15,18.24,0.88,1.54,41.8,2.46,4257759324.0,4187412404.0,-0.06,-0.11,6.58,6.27
1518,600023,浙能电力,5.45,-0.55,-0.03,496919.0,271239847.0,1.09,5.49,5.43,5.46,5.48,0.77,0.37,8.8,0.97,73077593482.0,73077593482.0,0.0,0.0,9.44,10.1
1519,605128,上海沿浦,34.26,-0.55,-0.19,13686.0,46933726.0,2.53,34.67,33.8,34.4,34.45,0.67,0.65,42.86,3.48,7233612068.0,7233612068.0,-0.03,0.12,-10.59,-7.05
1520,688267,中触媒,30.54,-0.55,-0.17,30626.0,93932257.0,2.47,31.12,30.36,30.7,30.71,0.95,1.74,25.41,1.9,5381148000.0,5381148000.0,-0.07,0.1,5.97,8.41
1521,688347,华虹公司,119.62,-0.55,-0.66,135090.0,1619234968.0,5.12,122.55,116.39,118.0,120.28,0.97,3.31,551.91,4.6,207855562927.0,48775055000.0,0.0,-0.03,-0.21,10.89
1522,301548,崇德科技,69.15,-0.55,-0.38,11330.0,78001408.01,2.82,69.67,67.71,68.86,69.53,0.96,4.32,44.21,3.98,6016050000.0,1814149005.0,0.19,0.09,22.82,25.02
1523,301248,杰创智能,47.9,-0.56,-0.27,59061.0,284651970.42,4.13,49.14,47.15,47.91,48.17,0.92,5.26,242.48,4.82,7362469500.0,5380544730.0,0.0,0.0,40.76,48.85
1524,600338,西藏珠峰,17.6,-0.56,-0.1,382475.0,672731417.0,3.9,17.9,17.21,17.44,17.7,0.9,4.18,27.64,3.69,16090098957.0,16090098957.0,-0.28,0.0,10.48,17.02
1525,002073,软控股份,7.16,-0.56,-0.04,261362.0,187394978.39,3.06,7.28,7.06,7.14,7.2,0.57,2.58,18.19,1.16,7331944199.0,7257677099.0,0.0,-0.14,-13.84,-12.15
1526,002767,先锋电子,21.33,-0.56,-0.12,20401.0,43422602.0,1.54,21.43,21.1,21.35,21.45,0.98,1.57,115.0,3.76,3199500000.0,2777134453.0,-0.14,-0.14,-4.65,-6.9
1527,300031,宝通科技,21.12,-0.56,-0.12,61072.0,128816254.14,1.32,21.22,20.94,21.03,21.24,1.05,1.74,31.77,2.18,8843930198.0,7432167959.0,-0.05,-0.14,-9.08,-7.08
1528,000733,振华科技,45.88,-0.56,-0.26,81660.0,374422355.34,1.69,46.25,45.47,45.7,46.14,0.99,1.47,30.6,1.66,25425293494.0,25421866258.0,-0.15,-0.09,-16.73,-12.46
1529,688683,莱尔科技,35.5,-0.56,-0.2,17364.0,61458571.0,3.89,35.99,34.6,34.99,35.7,1.02,1.12,134.68,4.79,5718971900.0,5508816480.0,0.25,-0.28,10.94,11.99
1530,002970,锐明技术,65.71,-0.57,-0.38,62770.0,414441913.23,4.36,67.77,64.89,67.2,66.09,1.57,5.04,31.26,5.76,11960702418.0,8179450563.0,-0.09,-0.03,28.24,35.48
1531,603238,诺邦股份,15.72,-0.57,-0.09,21116.0,33236283.0,2.09,15.91,15.58,15.81,15.81,0.75,1.19,21.82,1.93,2790441480.0,2790441480.0,0.0,0.32,-10.38,-10.78
1532,301373,凌玮科技,81.33,-0.57,-0.47,76145.0,610379997.11,6.86,82.61,77.0,81.73,81.8,0.89,19.79,64.11,5.35,8822035161.0,3128986562.0,0.09,0.28,149.86,153.36
1533,603088,宁波精达,12.22,-0.57,-0.07,120229.0,145863553.0,2.77,12.3,11.96,12.22,12.29,0.66,2.75,51.11,5.38,6139180945.0,5350793885.0,0.0,0.16,17.27,18.3
1534,300779,惠城环保,92.66,-0.57,-0.53,40709.0,378674195.86,3.27,94.4,91.35,92.0,93.19,0.69,2.53,507.14,13.84,18625519236.0,14910327007.0,-0.08,0.04,-29.49,-28.78
1535,688596,正帆科技,29.86,-0.57,-0.17,42162.0,126989439.0,3.03,30.49,29.58,29.68,30.03,1.16,1.43,63.65,2.28,8782755811.0,8782755811.0,-0.27,-0.23,-8.88,-5.6
1536,301059,金三江,13.91,-0.57,-0.08,29856.0,41585579.32,1.72,14.06,13.82,13.95,13.99,1.11,1.44,45.28,5.26,3215352140.0,2875712032.0,0.0,0.07,9.18,10.4
1537,601619,嘉泽新能,5.19,-0.57,-0.03,361350.0,186353930.0,1.72,5.2,5.11,5.15,5.22,0.59,1.48,21.17,1.92,15117296458.0,12636021560.0,0.19,0.0,6.57,16.89
1538,300775,三角防务,36.92,-0.57,-0.21,190047.0,696838153.39,3.56,37.3,35.98,36.6,37.13,0.94,3.57,40.38,3.46,20215581628.0,19628185757.0,0.03,-0.03,17.65,21.45
1539,603600,永艺股份,10.41,-0.57,-0.06,39651.0,41533958.0,2.58,10.64,10.37,10.42,10.47,1.15,1.32,13.47,1.5,3439809300.0,3123395934.0,0.0,0.0,-12.23,-12.3
1540,000869,张  裕Ａ,19.28,-0.57,-0.11,8422.0,16185254.1,1.75,19.39,19.05,19.32,19.39,1.11,0.19,50.68,1.24,12671589668.0,8774410808.0,-0.26,-0.1,-7.57,-6.32
1541,300875,捷强装备,42.6,-0.58,-0.25,70689.0,302384905.8,3.71,43.45,41.86,43.19,42.85,0.87,8.05,-137.54,4.51,4252960393.0,3739925099.0,-0.02,-0.19,0.95,5.21
1542,000912,泸天化,5.14,-0.58,-0.03,655610.0,336851957.4,4.26,5.27,5.05,5.21,5.17,0.82,4.18,253.55,1.27,8059520000.0,8059520000.0,-0.39,-0.19,20.66,23.86
1543,002468,申通快递,15.52,-0.58,-0.09,183085.0,284726091.66,2.37,15.76,15.39,15.39,15.61,0.77,1.25,23.58,2.31,23758049616.0,22770943472.0,-0.13,-0.26,14.12,15.65
1544,301305,朗坤科技,25.23,-0.59,-0.15,57202.0,143253973.46,3.55,25.4,24.5,25.35,25.38,1.19,4.62,18.32,1.61,6086187587.0,3121290444.0,-0.04,0.08,9.84,12.28
1545,002378,章源钨业,31.95,-0.59,-0.19,441791.0,1409506633.59,2.86,32.38,31.46,31.65,32.14,1.0,3.7,132.24,16.47,38385294429.0,38184127740.0,-0.16,-0.03,113.0,125.32
1546,603165,荣晟环保,15.06,-0.59,-0.09,78093.0,117269956.0,1.85,15.15,14.87,15.15,15.15,0.53,2.44,21.57,1.93,4825901369.0,4825901369.0,0.07,0.07,21.16,22.64
1547,601658,邮储银行,5.02,-0.59,-0.03,881677.0,443307944.0,0.99,5.06,5.01,5.04,5.05,0.59,0.12,6.9,0.6,602877168530.0,364089559037.0,0.0,0.0,-6.86,-5.82
1548,920111,聚星科技,23.47,-0.59,-0.14,9308.0,21895243.37,2.37,23.8,23.24,23.48,23.61,0.87,1.24,30.35,3.9,3641476115.0,1767012294.0,-0.04,0.26,-1.84,0.6
1549,688802,沐曦股份-U,610.0,-0.59,-3.6,15805.0,968479825.0,3.0,622.0,603.6,606.0,613.6,0.89,8.71,-309.15,18.54,244061000000.0,11064773530.0,0.0,0.05,2.66,5.15
1550,001338,永顺泰,13.59,-0.59,-0.08,91601.0,124577767.0,2.27,13.8,13.49,13.53,13.67,0.91,1.83,20.22,1.83,6818522034.0,6818522034.0,-0.07,0.07,10.13,12.22
1551,600886,国投电力,13.46,-0.59,-0.08,137228.0,184764997.0,1.11,13.56,13.41,13.54,13.54,0.67,0.18,12.4,1.63,107740492767.0,100333260068.0,0.07,0.07,2.12,2.59
1552,600985,淮北矿业,13.4,-0.59,-0.08,149777.0,201427714.0,2.15,13.6,13.31,13.41,13.48,0.72,0.56,23.96,0.87,36089666701.0,36089666701.0,0.0,-0.22,18.79,20.61
1553,300697,电工合金,15.19,-0.59,-0.09,52633.0,79843447.36,1.9,15.29,15.0,15.11,15.28,1.11,2.61,38.68,5.36,6571801600.0,3060652300.0,0.0,0.0,-13.99,-9.48
1554,002424,ST百灵,5.03,-0.59,-0.03,69495.0,34981147.0,0.99,5.06,5.01,5.02,5.06,0.52,0.57,92.8,2.15,7029919952.0,6102468995.0,0.0,0.0,16.17,15.63
1555,600150,中国船舶,32.23,-0.59,-0.19,552745.0,1775491629.0,1.3,32.33,31.91,32.15,32.42,0.78,0.73,31.09,1.72,242550774112.0,242550774112.0,0.0,0.03,-8.2,-3.1
1556,301566,达利凯普,20.33,-0.59,-0.12,69696.0,141827876.36,2.1,20.54,20.11,20.11,20.45,0.91,3.36,48.29,5.65,8132203300.0,4218491427.0,0.0,-0.05,0.54,4.63
1557,002096,易普力,11.63,-0.6,-0.07,71059.0,82595296.0,1.71,11.74,11.54,11.7,11.7,0.74,0.57,18.2,1.81,14426326155.0,14426301627.0,-0.09,-0.09,-13.21,-12.69
1558,300331,苏大维格,45.0,-0.6,-0.27,72945.0,329240011.55,3.73,46.13,44.44,44.65,45.27,0.98,3.47,245.61,7.47,11684802870.0,9459718650.0,0.07,0.0,13.12,39.06
1559,301360,荣旗科技,69.95,-0.6,-0.42,8525.0,59752433.0,2.3,70.81,69.19,70.1,70.37,1.02,3.35,535.8,3.23,3731133000.0,1780927000.0,0.0,0.03,-7.6,-1.34
1560,002258,利尔化学,14.86,-0.6,-0.09,83221.0,123810099.89,1.27,14.98,14.79,14.89,14.95,0.78,1.04,24.84,1.51,11894497208.0,11875346636.0,0.0,0.0,9.51,13.87
1561,002953,日丰股份,11.59,-0.6,-0.07,66646.0,77781422.0,2.74,11.83,11.51,11.63,11.66,1.17,3.13,30.74,2.73,5697408120.0,2465003805.0,-0.09,0.0,-1.78,0.96
1562,000657,中钨高新,49.15,-0.61,-0.3,523657.0,2571451773.56,4.39,50.1,47.93,48.42,49.45,0.97,3.6,87.45,11.51,111993406260.0,71411280559.0,-0.24,0.06,65.38,77.37
1563,688190,云路股份,86.26,-0.61,-0.53,7167.0,61628557.0,2.05,86.98,85.2,85.8,86.79,0.3,0.6,35.16,3.94,10351200000.0,10351200000.0,-0.07,-0.07,-13.9,-10.98
1564,000050,深天马Ａ,8.2,-0.61,-0.05,206649.0,169906738.92,1.82,8.28,8.13,8.17,8.25,1.03,0.84,120.41,0.74,20153530820.0,20153282975.0,-0.24,-0.12,-13.32,-9.19
1565,600398,海澜之家,6.52,-0.61,-0.04,294605.0,191956823.0,1.83,6.58,6.46,6.53,6.56,0.7,0.61,14.46,1.71,31314062330.0,31314062330.0,-0.31,-0.31,5.67,7.77
1566,920895,花溪科技,16.41,-0.61,-0.1,4007.0,6602826.8,2.12,16.65,16.3,16.4,16.51,0.7,1.39,-224.0,4.78,927558840.0,471572529.0,-0.06,-0.06,-22.85,-19.79
1567,688191,智洋创新,40.7,-0.61,-0.25,53441.0,212555129.0,6.45,41.14,38.5,40.8,40.95,0.97,2.31,146.85,10.82,9428170059.0,9428170059.0,-0.1,-0.27,27.03,26.48
1568,688692,达梦数据,234.77,-0.61,-1.43,16552.0,391490175.0,4.12,240.0,230.27,230.27,236.2,1.45,2.26,51.44,7.19,26585354800.0,17170291321.0,-0.01,0.29,-15.29,-10.14
1569,920003,中诚咨询,27.83,-0.61,-0.17,2844.0,7852265.17,2.07,27.9,27.32,27.88,28.0,1.4,2.14,17.78,2.82,1800998579.0,370544928.0,0.87,0.29,-15.54,-15.26
1570,002547,春兴精工,3.22,-0.62,-0.02,379959.0,121296671.61,2.47,3.23,3.15,3.2,3.24,0.95,3.44,-13.62,-23.91,3632344081.0,3557479075.0,-0.31,0.0,-32.21,-31.05
1571,688503,聚和材料,87.06,-0.62,-0.54,66622.0,580529419.0,4.12,88.98,85.37,85.82,87.6,0.9,3.32,50.21,4.21,21071448960.0,17492078223.0,-0.02,-0.25,38.59,42.72
1572,002693,*ST双成,8.02,-0.62,-0.05,69437.0,55951137.63,2.6,8.17,7.96,8.04,8.07,0.95,1.69,-988.46,8.51,3325811795.0,3296072400.0,0.0,-0.12,10.47,15.23
1573,002943,宇晶股份,46.43,-0.62,-0.29,67385.0,311133902.49,6.66,47.69,44.58,46.05,46.72,1.24,4.63,316.67,10.68,9542364916.0,6760846273.0,0.06,-0.15,0.93,17.25
1574,603701,德宏股份,24.14,-0.62,-0.15,70924.0,172164235.0,3.5,24.65,23.8,24.32,24.29,1.13,2.71,427.76,7.86,6309276290.0,6309276290.0,0.0,0.08,20.04,19.74
1575,605389,长龄液压,72.35,-0.62,-0.45,4503.0,32516948.0,1.85,72.77,71.42,72.02,72.8,0.57,0.33,70.79,4.95,10424699515.0,9858900086.0,0.07,0.11,-7.45,-7.24
1576,301013,利和兴,22.62,-0.62,-0.14,56962.0,129307008.21,2.02,22.9,22.44,22.44,22.76,0.92,3.01,-60.19,6.89,5287267927.0,4280645852.0,-0.04,-0.09,-24.12,-19.24
1577,000713,国投丰乐,6.41,-0.62,-0.04,82566.0,53238278.95,2.79,6.56,6.38,6.46,6.45,0.9,1.34,-42.3,2.07,5116586828.0,3935836022.0,-0.16,-0.16,-5.04,-3.17
1578,688663,新风光,57.4,-0.62,-0.36,25066.0,142697690.0,2.37,57.8,56.43,57.39,57.76,0.97,1.77,85.11,5.88,8120642040.0,8120642040.0,0.67,0.54,38.51,48.05
1579,688448,磁谷科技,54.53,-0.62,-0.34,8461.0,45981046.0,3.19,55.4,53.65,54.73,54.87,0.95,1.18,391.32,3.85,3907199919.0,3907199919.0,0.06,0.68,7.24,12.5
1580,603107,上海汽配,14.34,-0.62,-0.09,16408.0,23562219.0,1.04,14.44,14.29,14.43,14.43,0.96,0.75,26.86,2.29,4837383900.0,3128615131.0,-0.07,-0.14,-5.35,-3.3
1581,301138,华研精机,37.71,-0.63,-0.24,11208.0,42420701.0,1.87,38.23,37.52,37.82,37.95,0.87,1.63,47.96,3.85,4525200000.0,2585402879.0,-0.13,-0.11,-1.72,-1.54
1582,301297,富乐德,34.46,-0.63,-0.22,40309.0,139937607.12,2.74,35.11,34.16,34.23,34.68,1.17,1.11,91.12,4.89,25610244627.0,12508214333.0,-0.09,-0.2,-10.1,-3.47
1583,603681,永冠新材,17.41,-0.63,-0.11,52006.0,90569846.0,1.66,17.53,17.24,17.5,17.52,0.79,2.36,25.77,1.28,3833345865.0,3833345865.0,-0.06,-0.23,-9.32,-8.27
1584,002057,中钢天源,9.44,-0.63,-0.06,76687.0,72320475.0,1.37,9.49,9.36,9.42,9.5,0.8,1.02,24.07,2.2,7116662185.0,7112331207.0,-0.11,-0.21,-9.58,-7.36
1585,300044,ST赛为,7.91,-0.63,-0.05,258446.0,205082029.34,3.14,8.05,7.8,7.9,7.96,0.84,3.61,-84.41,84.02,6042205593.0,5658641586.0,0.0,-0.13,94.83,98.25
1586,601156,东航物流,17.31,-0.63,-0.11,61275.0,106674794.0,3.5,17.77,17.16,17.16,17.42,0.78,0.65,10.22,1.39,27480586674.0,16350949074.0,-0.4,-0.29,-6.99,-5.98
1587,603356,华菱精工,17.17,-0.64,-0.11,33710.0,57644498.0,2.2,17.33,16.95,17.18,17.28,0.68,2.53,-22.83,5.97,2289447800.0,2289447800.0,-0.23,-0.12,20.75,21.0
1588,300736,百邦科技,20.25,-0.64,-0.13,98522.0,197612209.0,3.29,20.37,19.7,20.01,20.38,0.46,7.88,-113.02,31.43,2590670061.0,2532996299.0,-0.1,0.05,29.89,30.56
1589,603682,锦和商管,6.18,-0.64,-0.04,68665.0,42762310.0,2.41,6.33,6.18,6.22,6.22,0.8,1.45,-24.57,3.92,2920050000.0,2920050000.0,-0.16,-0.16,-3.59,-2.98
1590,600919,江苏银行,10.81,-0.64,-0.07,531261.0,575486679.0,1.38,10.93,10.78,10.86,10.88,0.77,0.29,4.86,0.78,198377817445.0,198377817445.0,-0.09,-0.18,5.26,7.35
1591,603881,数据港,39.0,-0.64,-0.25,835464.0,3272733787.0,2.75,39.69,38.61,38.98,39.25,1.43,11.63,175.32,8.49,28016702961.0,28016702961.0,-0.03,-0.23,22.49,28.16
1592,301039,中集车辆,9.26,-0.64,-0.06,143288.0,133037349.68,2.47,9.42,9.19,9.24,9.32,0.93,0.99,19.21,1.18,17354392129.0,13449478650.0,0.11,0.11,-0.64,1.2
1593,300901,中胤时尚,15.61,-0.64,-0.1,16128.0,24945977.0,2.74,15.71,15.28,15.71,15.71,0.58,0.67,-228.09,3.87,3746400000.0,3746400000.0,0.0,0.0,-9.51,-4.41
1594,603150,万朗磁塑,52.95,-0.64,-0.34,19589.0,104123278.0,2.78,53.88,52.4,53.0,53.29,0.52,2.29,37.25,2.67,4526324850.0,4526324850.0,0.0,0.08,34.32,39.42
1595,600660,福耀玻璃,57.68,-0.64,-0.37,83880.0,486122616.0,2.07,58.7,57.5,57.86,58.05,0.82,0.42,16.16,4.01,150530006926.0,115532251630.0,0.0,0.03,-10.41,-10.95
1596,301057,汇隆新材,32.38,-0.64,-0.21,21690.0,69815277.56,5.0,33.2,31.57,32.7,32.59,1.15,2.63,92.41,4.98,3787470402.0,2674165862.0,0.09,-0.18,-9.68,-10.35
1597,300082,奥克股份,10.72,-0.65,-0.07,308085.0,333012447.39,4.45,11.08,10.6,10.73,10.79,1.17,4.54,-833.37,2.66,7290652704.0,7271606083.0,0.09,0.28,0.75,8.28
1598,603788,宁波高发,15.25,-0.65,-0.1,11414.0,17436034.0,0.85,15.35,15.22,15.34,15.35,0.91,0.51,16.38,1.65,3401742287.0,3401742287.0,0.0,-0.33,-7.97,-6.67
1599,600022,山东钢铁,1.53,-0.65,-0.01,1225472.0,187791703.0,1.95,1.55,1.52,1.53,1.54,1.09,1.15,87.81,0.87,16369239818.0,16369239818.0,0.0,0.0,-0.65,1.32
1600,603100,川仪股份,19.8,-0.65,-0.13,61411.0,121673361.0,2.01,20.05,19.65,19.8,19.93,1.3,1.2,16.11,2.17,10160828885.0,10128475487.0,-0.05,-0.15,-17.74,-12.78
1601,688779,五矿新能,10.69,-0.65,-0.07,222003.0,236906513.0,2.88,10.81,10.5,10.74,10.76,0.9,1.15,90.44,2.84,20623357524.0,20623357524.0,0.0,-0.09,33.79,42.72
1602,301332,德尔玛,9.24,-0.65,-0.06,18468.0,17084742.14,1.61,9.34,9.19,9.31,9.3,0.91,0.7,36.05,1.46,4264837500.0,2447652900.0,0.11,0.11,-2.94,-1.07
1603,600639,浦东金桥,10.57,-0.66,-0.07,46375.0,49151653.0,1.41,10.7,10.55,10.59,10.64,0.61,0.55,11.05,0.78,11863904279.0,8987001951.0,-0.09,0.0,1.63,2.92
1604,002042,华孚时尚,4.5,-0.66,-0.03,1120353.0,510361627.43,4.64,4.69,4.48,4.65,4.53,3.34,6.59,109.71,1.33,7653066098.0,7653066098.0,-0.44,-0.44,4.9,5.88
1605,688041,海光信息,227.0,-0.66,-1.5,196361.0,4465997006.0,2.93,230.36,223.66,225.0,228.5,1.03,0.84,191.98,22.45,527624746657.0,527624746657.0,0.0,-0.05,0.56,1.19
1606,601825,沪农商行,9.04,-0.66,-0.06,119133.0,107840570.0,2.09,9.17,8.98,9.1,9.1,0.62,0.13,6.19,0.69,87185777783.0,84744950283.0,-0.11,-0.11,-2.27,-2.69
1607,300725,药石科技,37.41,-0.66,-0.25,86738.0,328762017.39,4.04,38.7,37.18,37.23,37.66,0.91,4.28,57.85,1.22,8746732627.0,7583527074.0,-0.03,-0.03,-6.19,-2.98
1608,000707,双环科技,5.95,-0.67,-0.04,205999.0,123336446.46,4.51,6.17,5.9,5.95,5.99,1.36,3.74,-99.46,1.22,3479067298.0,3276686355.0,0.0,0.17,-4.49,-1.65
1609,301295,美硕科技,37.22,-0.67,-0.25,48717.0,185278880.2,4.72,38.98,37.21,38.35,37.47,2.5,16.57,137.34,3.93,3751776000.0,1094268000.0,-0.13,-0.13,20.53,24.9
1610,600312,平高电气,20.64,-0.67,-0.14,166766.0,342880595.0,2.5,20.83,20.31,20.5,20.78,0.94,1.23,21.38,2.46,28006855818.0,28006855818.0,-0.1,0.0,11.03,18.96
1611,301120,新特电气,22.09,-0.67,-0.15,103831.0,229136989.58,2.34,22.34,21.82,22.01,22.24,0.87,4.75,163.11,5.32,8205132905.0,4829310565.0,-0.05,-0.14,23.13,27.91
1612,300091,*ST金灵,2.97,-0.67,-0.02,103185.0,30665185.51,1.0,2.99,2.96,2.99,2.99,0.92,0.63,-23.6,10.67,8440873849.0,4857202794.0,0.34,0.0,13.79,5.69
1613,600159,大龙地产,2.95,-0.67,-0.02,198705.0,58346843.0,4.71,3.03,2.89,3.03,2.97,0.77,2.39,-174.06,1.43,2448509534.0,2448509534.0,0.0,-1.01,4.98,6.5
1614,002470,金正大,2.96,-0.67,-0.02,3002251.0,893805360.0,6.38,3.1,2.91,3.05,2.98,0.85,9.14,-247.49,4.73,9726642116.0,9725818274.0,-0.34,0.0,64.44,66.29
1615,000833,粤桂股份,23.81,-0.67,-0.16,311946.0,739666141.66,3.84,24.25,23.33,24.11,23.97,0.7,6.88,39.79,4.85,19097577682.0,10802645239.0,-0.13,-0.08,12.9,22.35
1616,688206,概伦电子,32.41,-0.67,-0.22,28114.0,91820983.0,2.54,33.04,32.21,32.38,32.63,1.06,0.65,382.7,7.03,14104114216.0,14104114216.0,0.0,-0.06,-11.3,-6.95
1617,002313,日海智能,8.73,-0.68,-0.06,50772.0,44237692.0,2.5,8.85,8.63,8.73,8.79,0.97,1.36,-44.74,244.29,3268512000.0,3268282183.0,0.0,0.0,-16.78,-14.33
1618,603607,京华激光,22.02,-0.68,-0.15,21773.0,47947700.0,1.44,22.19,21.87,22.02,22.17,0.91,1.22,40.13,3.89,3930939936.0,3930939936.0,-0.05,-0.14,-21.1,-19.34
1619,001368,通达创智,24.79,-0.68,-0.17,13855.0,34243684.0,1.52,24.91,24.53,24.81,24.96,0.7,1.28,28.72,2.04,2822017842.0,2682553144.0,0.08,-0.04,1.18,0.85
1620,000026,飞亚达,14.63,-0.68,-0.1,30752.0,44910161.0,1.77,14.74,14.48,14.65,14.73,0.75,0.84,67.99,1.78,5936327422.0,5333523524.0,-0.54,-0.2,-12.4,-10.68
1621,001308,康冠科技,20.42,-0.68,-0.14,14774.0,30304537.92,1.7,20.71,20.36,20.36,20.56,0.93,0.3,21.43,1.76,14369066044.0,10141969218.0,0.1,0.0,-4.62,-2.11
1622,301559,中集环科,16.15,-0.68,-0.11,23015.0,37246068.0,1.91,16.36,16.05,16.14,16.26,1.13,2.56,85.96,2.12,9690000000.0,1453500000.0,-0.19,0.0,0.06,1.64
1623,601083,锦江航运,13.11,-0.68,-0.09,144374.0,190386554.0,1.74,13.3,13.07,13.07,13.2,0.51,7.44,11.31,1.8,16965913200.0,2544913200.0,-0.23,-0.38,14.7,17.47
1624,001218,丽臣实业,24.89,-0.68,-0.17,17215.0,43178615.44,3.39,25.48,24.63,25.11,25.06,1.16,1.85,24.18,1.42,3240136891.0,2312459461.0,-0.32,-0.16,8.36,9.26
1625,300590,移为通信,11.64,-0.68,-0.08,41493.0,48421722.35,1.71,11.78,11.58,11.63,11.72,1.05,1.17,71.24,2.92,5353440142.0,4124778604.0,0.0,0.09,-10.46,-8.2
1626,600572,康恩贝,4.41,-0.68,-0.03,450326.0,200133143.0,2.7,4.51,4.39,4.39,4.44,1.03,1.78,14.37,1.58,11187707572.0,11157976000.0,-0.23,0.0,-2.0,-1.12
1627,600563,法拉电子,120.26,-0.68,-0.82,81276.0,969337807.0,2.49,120.68,117.67,119.01,121.08,0.98,3.61,22.7,4.49,27058500000.0,27058500000.0,-0.03,-0.07,11.26,14.59
1628,002190,成飞集成,30.88,-0.68,-0.21,29253.0,90420138.9,1.25,31.13,30.74,30.85,31.09,0.99,0.82,-252.05,2.87,11077562112.0,11077562112.0,-0.06,-0.03,-19.16,-16.72
1629,605086,龙高股份,35.23,-0.68,-0.24,12750.0,44961459.0,2.93,35.89,34.85,35.35,35.47,1.19,0.71,52.05,4.78,6313216000.0,6313216000.0,0.0,0.0,-21.19,-22.84
1630,002170,芭田股份,13.23,-0.68,-0.09,163023.0,214666180.92,1.28,13.26,13.09,13.2,13.32,0.78,2.08,13.98,3.49,12802273531.0,10380119416.0,0.0,0.15,5.42,8.62
1631,002055,ST得润,5.78,-0.69,-0.04,204003.0,118259376.0,1.72,5.85,5.75,5.78,5.82,1.17,3.43,36.13,2.45,3493952298.0,3433262298.0,0.17,0.17,-9.69,-14.24
1632,000029,深深房Ａ,20.01,-0.69,-0.14,35160.0,70187069.72,2.13,20.19,19.76,20.17,20.15,0.8,0.39,202.52,5.6,20243316600.0,17842116600.0,-0.1,-0.3,-9.58,-9.13
1633,300184,力源信息,11.56,-0.69,-0.08,933816.0,1081143680.51,1.8,11.69,11.48,11.56,11.64,1.13,8.93,64.01,3.25,13305931330.0,12094157775.0,0.0,-0.09,11.91,15.72
1634,603014,威高血净,37.25,-0.69,-0.26,7048.0,26290740.0,1.36,37.52,37.01,37.46,37.51,0.75,1.79,32.27,2.19,15561338959.0,1466433117.0,0.03,0.03,-11.27,-6.01
1635,601963,重庆银行,10.04,-0.69,-0.07,102124.0,103059622.0,1.38,10.17,10.03,10.08,10.11,0.59,0.5,6.44,0.64,36402528494.0,20421653730.0,-0.1,-0.1,-6.08,-5.82
1636,601636,旗滨集团,5.79,-0.69,-0.04,435390.0,249334114.0,2.57,5.82,5.67,5.81,5.83,1.19,1.47,14.04,1.14,17130605085.0,17130605085.0,-0.17,0.0,-10.23,-2.36
1637,300710,万隆光电,28.95,-0.69,-0.2,26245.0,76767553.4,4.7,30.07,28.7,28.77,29.15,1.02,3.52,-209.72,6.23,2880244185.0,2159091376.0,-0.17,-0.17,-8.5,-7.06
1638,002296,辉煌科技,11.51,-0.69,-0.08,97844.0,112295839.0,1.98,11.58,11.35,11.49,11.59,0.87,2.82,20.69,1.87,4484070634.0,3998751760.0,0.09,0.17,2.04,2.77
1639,300446,航天智造,20.26,-0.69,-0.14,120651.0,244983975.05,2.65,20.57,20.03,20.21,20.4,1.2,3.23,19.44,2.9,17128008849.0,7568329064.0,-0.05,-0.2,-20.74,-20.05
1640,301162,国能日新,62.03,-0.69,-0.43,15031.0,93331028.28,2.55,62.9,61.31,61.61,62.46,0.61,1.76,81.77,5.38,8224168400.0,5286540742.0,-0.14,-0.08,16.64,21.01
1641,300699,光威复材,34.3,-0.69,-0.24,173060.0,596547836.01,3.82,35.14,33.82,34.01,34.54,1.27,2.11,47.26,5.01,28515373600.0,28174393836.0,-0.03,-0.06,-10.82,-13.08
1642,002758,浙农股份,9.86,-0.7,-0.07,81260.0,80460644.75,1.61,9.98,9.82,9.86,9.93,1.06,1.57,17.61,1.07,5115392640.0,5109504495.0,-0.4,-0.2,-1.69,-2.09
1643,688795,摩尔线程-U,590.02,-0.7,-4.16,18373.0,1089513180.0,2.57,599.88,584.62,586.33,594.18,0.71,6.25,-270.74,24.25,277326048594.0,17336195388.0,0.0,-0.02,-3.91,0.36
1644,300103,达刚控股,7.11,-0.7,-0.05,96949.0,68159000.02,2.93,7.14,6.93,7.11,7.16,1.22,3.06,-66.43,4.64,2258143110.0,2256268182.0,-0.14,0.0,-10.57,-11.46
1645,688076,ST诺泰,29.83,-0.7,-0.21,27535.0,82922701.0,3.3,30.67,29.68,29.9,30.04,0.84,0.87,28.83,3.17,9427828088.0,9427828088.0,0.13,0.24,-21.99,-20.88
1646,601128,常熟银行,7.02,-0.71,-0.05,259428.0,182961826.0,1.41,7.11,7.01,7.03,7.07,0.87,0.78,5.2,0.78,23281980909.0,23281980909.0,0.0,0.0,-1.13,-0.28
1647,002469,三维化学,8.38,-0.71,-0.06,103448.0,87098733.4,2.73,8.59,8.36,8.41,8.44,0.48,1.65,29.16,2.05,5437468839.0,5266016394.0,0.12,0.0,-2.67,0.36
1648,688543,国科军工,68.44,-0.71,-0.49,41405.0,283385488.0,1.31,68.9,68.0,68.12,68.93,0.92,3.57,57.96,5.92,14293148396.0,7936441196.0,-0.06,-0.15,10.05,10.26
1649,600089,特变电工,26.73,-0.71,-0.19,1268927.0,3376041016.0,3.12,27.04,26.2,26.6,26.92,0.91,2.51,18.47,1.96,135061145423.0,135061145423.0,0.04,0.0,13.6,20.3
1650,301203,国泰环保,40.82,-0.71,-0.29,5473.0,22299376.0,3.11,41.31,40.03,41.11,41.11,0.47,1.25,24.95,2.29,3265600000.0,1789650850.0,0.0,-0.17,26.03,28.2
1651,300153,科泰电源,26.41,-0.71,-0.19,169831.0,453122193.43,4.4,27.33,26.16,26.36,26.6,1.12,5.34,166.04,9.3,8451200000.0,8407098416.0,0.04,0.04,-13.13,-9.15
1652,688392,骄成超声,129.08,-0.71,-0.92,24742.0,319019010.0,4.31,131.0,125.4,128.99,130.0,0.74,2.14,127.09,8.29,14938862109.0,14938862109.0,-0.09,-0.09,9.72,15.04
1653,000400,许继电气,28.01,-0.71,-0.2,168446.0,470390696.07,1.6,28.16,27.71,28.0,28.21,0.91,1.66,23.74,2.41,28531609194.0,28337752265.0,-0.04,0.04,3.66,8.95
1654,301287,康力源,42.03,-0.71,-0.3,15445.0,65260435.08,2.48,42.8,41.75,41.91,42.33,1.07,9.07,37.06,2.42,2802140100.0,715827641.0,-0.19,-0.21,-2.05,0.74
1655,600900,长江电力,26.39,-0.71,-0.19,691285.0,1824031017.0,1.02,26.58,26.31,26.58,26.58,0.9,0.28,18.9,2.92,645716265525.0,645716265525.0,-0.04,0.04,-3.08,-2.19
1656,601928,凤凰传媒,9.81,-0.71,-0.07,54612.0,53660140.0,0.91,9.88,9.79,9.84,9.88,0.77,0.21,11.01,1.24,24965469000.0,24965469000.0,-0.1,-0.1,-2.58,-2.29
1657,600803,新奥股份,21.0,-0.71,-0.15,134308.0,281965966.0,1.47,21.19,20.88,21.01,21.15,1.03,0.44,13.89,2.64,65011487247.0,64506260847.0,0.14,0.05,3.3,1.16
1658,301383,天键股份,27.82,-0.71,-0.2,17664.0,49524831.95,2.96,28.58,27.75,28.57,28.02,1.52,2.5,-361.23,2.26,4544764224.0,1964488435.0,0.18,0.0,-25.19,-21.94
1659,000917,电广传媒,9.79,-0.71,-0.07,740917.0,722384516.57,2.94,9.89,9.6,9.66,9.86,1.35,5.23,78.79,1.33,13877876549.0,13876927164.0,-0.1,-0.31,-14.27,-4.77
1660,000656,*ST金科,1.37,-0.72,-0.01,373889.0,51340844.08,1.45,1.38,1.36,1.38,1.38,0.81,0.49,-1.01,-0.39,14568691836.0,10425905166.0,0.0,0.0,-6.16,-4.86
1661,601101,昊华能源,8.26,-0.72,-0.06,137445.0,113929916.0,2.76,8.46,8.23,8.32,8.32,0.65,0.95,16.1,0.98,11894382869.0,11894382869.0,-0.12,-0.12,13.77,15.36
1662,605258,协和电子,36.99,-0.72,-0.27,71428.0,268292037.0,4.8,38.4,36.61,38.38,37.26,1.87,8.12,54.6,2.73,3255120000.0,3255120000.0,-0.32,-0.38,16.5,18.29
1663,002005,ST德豪,2.75,-0.72,-0.02,67436.0,18461189.0,1.44,2.76,2.72,2.76,2.77,0.92,0.38,40.09,13.05,4819168360.0,4817981185.0,0.36,0.36,9.13,10.89
1664,300628,亿联网络,34.38,-0.72,-0.25,45159.0,155561017.69,1.21,34.65,34.23,34.23,34.63,0.83,0.62,16.75,4.67,43550207895.0,24949467914.0,-0.2,-0.15,-5.96,-3.56
1665,002404,嘉欣丝绸,6.91,-0.72,-0.05,60023.0,41638451.0,1.87,7.0,6.87,6.94,6.96,0.7,1.32,21.49,1.93,3869956148.0,3147805108.0,-0.58,-0.43,-1.29,-1.43
1666,688569,铁科轨道,20.33,-0.73,-0.15,16776.0,33864790.0,2.39,20.5,20.01,20.5,20.48,0.66,0.8,25.01,1.45,4282854011.0,4282854011.0,0.0,0.4,-8.46,-7.46
1667,600232,金鹰股份,8.14,-0.73,-0.06,59777.0,48781453.0,2.44,8.28,8.08,8.19,8.2,0.89,1.64,142.48,3.13,2968808948.0,2968808948.0,0.0,0.37,-2.63,2.91
1668,600265,ST景谷,20.52,-0.73,-0.15,4380.0,8942952.0,1.4,20.63,20.34,20.55,20.67,1.22,0.34,-9.38,306.56,2663496000.0,2663496000.0,0.74,0.69,0.59,2.14
1669,600905,三峡能源,4.1,-0.73,-0.03,1224200.0,501077737.0,0.97,4.12,4.08,4.11,4.13,0.59,0.43,31.95,1.32,117209365582.0,117209365582.0,0.24,0.24,-0.97,0.24
1670,301418,协昌科技,37.88,-0.73,-0.28,7809.0,29680458.37,1.31,38.3,37.8,37.95,38.16,1.0,2.65,126.09,1.72,2777866692.0,1115048332.0,-0.42,-0.45,2.35,3.78
1671,300826,测绘股份,16.26,-0.73,-0.12,16116.0,26193228.88,2.32,16.39,16.01,16.3,16.38,0.66,0.95,107.5,2.01,2867202189.0,2757364914.0,-0.12,-0.12,-3.5,-4.91
1672,600792,云煤能源,4.08,-0.73,-0.03,297207.0,121735634.0,3.41,4.19,4.05,4.11,4.11,0.53,2.68,-18.68,1.59,4528488288.0,4528488288.0,-0.49,-0.24,2.26,5.15
1673,300409,道氏技术,25.66,-0.74,-0.19,193748.0,497337510.07,1.78,25.89,25.43,25.5,25.85,1.01,2.82,36.24,2.5,20072508134.0,17640984214.0,0.0,0.0,-16.98,14.1
1674,603726,朗迪集团,22.93,-0.74,-0.17,14248.0,32731545.0,1.77,23.18,22.77,22.99,23.1,0.69,0.77,18.16,3.03,4256982016.0,4235313166.0,0.0,-0.09,-2.22,-5.25
1675,600982,宁波能源,5.33,-0.74,-0.04,679446.0,359779009.0,2.61,5.37,5.23,5.36,5.37,0.55,6.08,18.48,1.35,5956954495.0,5956954495.0,-0.19,0.0,20.59,22.81
1676,603111,康尼机电,6.71,-0.74,-0.05,51893.0,34753219.0,1.48,6.75,6.65,6.72,6.76,0.66,0.61,16.65,1.46,5784225809.0,5722815379.0,0.0,0.45,-4.28,-2.04
1677,002842,翔鹭钨业,33.6,-0.74,-0.25,333894.0,1119802944.16,4.64,34.33,32.76,33.06,33.85,0.92,12.44,76.5,9.11,10992993379.0,9020335262.0,-0.12,-0.12,123.55,132.37
1678,001400,江顺科技,171.7,-0.74,-1.28,21755.0,362899495.25,7.23,172.5,160.0,166.32,172.98,0.74,14.5,118.05,8.38,10302000000.0,2575500000.0,0.01,0.23,101.2,120.81
1679,300730,科创信息,14.67,-0.74,-0.11,122748.0,179941866.56,3.04,14.97,14.52,14.55,14.78,0.67,6.35,-45.09,14.11,3537508352.0,2835990889.0,-0.2,0.2,6.0,9.64
1680,300264,佳创视讯,9.41,-0.74,-0.07,133731.0,125541807.0,2.85,9.51,9.24,9.43,9.48,0.7,3.61,-171.64,416.66,4054369244.0,3485736448.0,0.64,0.11,34.24,40.24
1681,300165,天瑞仪器,5.33,-0.74,-0.04,405625.0,220158486.02,5.96,5.61,5.29,5.35,5.37,1.18,9.65,-1626.44,2.07,2641077494.0,2241449839.0,-0.37,0.0,8.78,10.81
1682,301079,邵阳液压,42.91,-0.74,-0.32,102963.0,440787742.07,3.42,43.5,42.02,42.02,43.23,0.63,14.81,1423.44,9.88,4674282161.0,2983326289.0,0.0,-0.02,24.59,35.75
1683,000995,皇台酒业,13.24,-0.75,-0.1,127663.0,169788352.45,3.75,13.6,13.1,13.31,13.34,0.47,7.2,-246.87,15.93,2348881920.0,2348881920.0,0.0,0.0,4.5,5.84
1684,688105,诺唯赞,19.79,-0.75,-0.15,13026.0,25785765.0,2.86,20.15,19.58,19.9,19.94,0.85,0.33,-463.82,2.07,7871166626.0,7871166626.0,0.41,0.35,-3.84,-1.15
1685,000513,丽珠集团,34.27,-0.75,-0.26,63253.0,218743865.61,2.43,35.03,34.19,34.4,34.53,1.0,1.11,15.04,2.19,30428578750.0,19470150740.0,0.03,-0.03,-3.9,-0.55
1686,688612,威迈斯,31.56,-0.75,-0.24,48919.0,155119944.0,2.33,32.09,31.35,31.52,31.8,0.78,1.94,23.75,3.65,13229576373.0,7970561034.0,-0.13,-0.09,-7.85,-4.28
1687,001215,千味央厨,38.55,-0.75,-0.29,14463.0,55580665.71,1.8,38.8,38.1,38.7,38.84,0.5,1.49,52.24,2.01,3745535193.0,3730981296.0,-0.1,-0.16,1.18,0.13
1688,002061,浙江交科,3.92,-0.76,-0.03,160502.0,63250263.15,1.77,3.98,3.91,3.93,3.95,0.84,0.62,11.0,0.66,10483254158.0,10188620568.0,0.0,-0.25,-2.73,-1.51
1689,688046,药康生物,16.96,-0.76,-0.13,99099.0,167678636.0,4.56,17.38,16.6,17.01,17.09,0.93,2.42,48.16,3.11,6953600000.0,6953600000.0,-0.29,0.06,3.16,10.42
1690,000550,江铃汽车,18.25,-0.76,-0.14,33564.0,61577925.0,1.9,18.57,18.22,18.3,18.39,0.5,0.65,13.27,1.35,15753655500.0,9461952670.0,-0.16,-0.05,-1.56,-1.88
1691,300319,麦捷科技,11.71,-0.76,-0.09,281957.0,330452157.62,2.12,11.82,11.57,11.59,11.8,1.07,3.35,31.81,2.18,10393659274.0,9868927546.0,-0.09,0.0,-3.46,0.17
1692,301234,五洲医疗,38.08,-0.76,-0.29,6985.0,26462902.18,2.08,38.3,37.5,38.3,38.37,0.78,1.74,104.92,3.4,2589440000.0,1529696943.0,0.5,0.03,-15.66,-10.4
1693,603236,移远通信,75.87,-0.76,-0.58,43928.0,332481679.0,2.0,76.27,74.74,75.7,76.45,0.81,1.68,22.33,4.39,21837162800.0,19851966209.0,-0.01,0.03,-23.8,-20.48
1694,300181,佐力药业,15.66,-0.76,-0.12,91282.0,144279485.21,2.66,16.05,15.63,15.69,15.78,0.89,1.51,16.15,3.52,10983725666.0,9441584992.0,-0.13,-0.13,-5.55,-3.09
1695,688459,哈铁科技,9.17,-0.76,-0.07,14930.0,13682101.0,1.84,9.29,9.12,9.29,9.24,0.59,0.85,39.62,1.27,4401600000.0,1610114157.0,-0.11,-0.11,-5.85,-4.97
1696,920116,星图测控,90.31,-0.76,-0.69,22552.0,203640846.59,3.4,91.9,88.81,89.3,91.0,0.97,1.47,143.1,24.58,14429280250.0,13860327250.0,-0.21,-0.04,-2.43,6.88
1697,920169,七丰精工,28.68,-0.76,-0.22,15191.0,43878635.79,3.39,29.38,28.4,28.43,28.9,0.86,2.99,76.83,6.88,2317346581.0,1457035862.0,-0.07,-0.07,-13.93,-8.52
1698,600499,科达制造,17.04,-0.76,-0.13,218901.0,373532033.0,3.61,17.33,16.71,17.0,17.17,0.89,1.14,24.97,2.6,32680272903.0,32680272903.0,0.0,-0.18,18.75,22.86
1699,603097,江苏华辰,32.82,-0.76,-0.25,17416.0,56845465.0,1.66,32.95,32.4,32.8,33.07,0.77,1.09,56.31,5.01,5420679100.0,5251656100.0,0.0,0.21,15.12,15.56
1700,688037,芯源微,178.63,-0.76,-1.37,40437.0,731209283.0,4.94,184.76,175.87,176.0,180.0,1.11,2.01,502.37,12.9,36016683884.0,36016683884.0,-0.07,-0.06,12.35,20.28
1701,600377,宁沪高速,11.53,-0.77,-0.09,52303.0,60316830.0,0.77,11.59,11.5,11.59,11.62,0.43,0.14,12.64,1.4,58085228675.0,43839170002.0,0.09,0.0,-3.6,-4.79
1702,300206,理邦仪器,14.22,-0.77,-0.11,74805.0,106646031.64,2.44,14.45,14.1,14.25,14.33,0.66,2.21,26.97,3.76,8242812780.0,4811757414.0,0.14,0.14,4.25,11.18
1703,600308,华泰股份,3.88,-0.77,-0.03,126597.0,49352751.0,1.79,3.94,3.87,3.9,3.91,0.87,0.83,60.81,0.64,5885456283.0,5885456283.0,-0.26,-0.26,-2.27,-0.51
1704,605305,中际联合,42.43,-0.77,-0.33,129933.0,558761653.0,3.65,43.93,42.37,42.69,42.76,2.06,6.11,15.42,3.16,9017223600.0,9017223600.0,0.0,-0.07,-3.24,1.85
1705,000039,中集集团,11.57,-0.77,-0.09,403820.0,469734577.6,3.26,11.83,11.45,11.53,11.66,0.65,1.75,282.54,1.35,62391460854.0,26627280621.0,0.35,0.26,15.47,14.67
1706,001313,粤海饲料,7.77,-0.77,-0.06,125460.0,97728798.0,3.19,7.95,7.7,7.71,7.83,0.67,1.79,155.71,2.13,5439000000.0,5432207862.0,-0.13,0.26,4.16,6.15
1707,002049,紫光国微,68.48,-0.77,-0.53,132502.0,905049326.82,1.64,68.79,67.66,68.29,69.01,1.19,1.56,34.56,4.43,58182545436.0,58174751590.0,-0.01,-0.04,-13.11,-13.11
1708,603611,诺力股份,20.33,-0.78,-0.16,26367.0,53843119.0,2.44,20.75,20.25,20.47,20.49,0.86,1.02,12.2,1.65,5237024081.0,5237024081.0,-0.25,-0.05,-15.5,-16.85
1709,920066,科拜尔,21.6,-0.78,-0.17,5862.0,12869927.44,3.95,22.45,21.59,21.77,21.77,2.14,2.95,47.99,3.38,1357631842.0,429263842.0,-0.18,-0.23,-14.89,-12.52
1710,920870,恒进感应,14.03,-0.78,-0.11,10647.0,14829589.84,2.55,14.12,13.76,14.04,14.14,1.07,1.61,113.34,4.15,1880020000.0,926020687.0,1.67,1.74,-21.71,-20.01
1711,600354,敦煌种业,6.35,-0.78,-0.05,264242.0,167286084.0,2.66,6.44,6.27,6.35,6.4,0.81,5.01,67.53,4.86,3351543208.0,3351543208.0,-0.16,0.32,-3.05,-1.85
1712,301117,佳缘科技,43.38,-0.78,-0.34,44631.0,193323702.8,3.84,44.28,42.6,43.08,43.72,0.94,5.62,-439.35,4.29,5603334736.0,3446536098.0,-0.02,0.02,-18.0,-18.54
1713,000600,建投能源,8.95,-0.78,-0.07,194404.0,173662066.16,2.11,9.01,8.82,8.9,9.02,0.66,1.78,7.65,1.37,16138947665.0,9755955340.0,-0.11,0.0,3.83,6.17
1714,603191,望变电气,20.48,-0.78,-0.16,82423.0,168558122.0,2.62,20.69,20.15,20.45,20.64,0.72,2.5,97.59,2.73,6757675807.0,6757675807.0,-0.05,0.05,33.68,38.28
1715,002911,佛燃能源,14.03,-0.78,-0.11,49658.0,69733265.2,1.7,14.14,13.9,14.0,14.14,0.69,0.39,17.68,3.46,18213406895.0,17776543154.0,-0.14,-0.14,17.7,18.2
1716,603225,新凤鸣,17.81,-0.78,-0.14,159988.0,285302392.0,2.67,18.05,17.57,17.74,17.95,0.59,0.96,25.79,1.55,29876164222.0,29716798561.0,0.11,0.0,-13.42,-8.48
1717,300257,开山股份,30.6,-0.78,-0.24,134779.0,416743818.8,2.98,31.43,30.51,30.84,30.84,1.15,1.41,75.0,4.6,30405231551.0,29213520120.0,0.1,-0.03,113.54,117.79
1718,000429,粤高速Ａ,12.77,-0.78,-0.1,39757.0,50879266.98,1.48,12.93,12.74,12.84,12.87,0.59,0.31,14.82,2.4,26699594229.0,16643522900.0,-0.23,-0.23,10.28,8.4
1719,603035,常熟汽饰,14.05,-0.78,-0.11,23857.0,33513049.0,0.92,14.12,13.99,14.1,14.16,0.75,0.65,11.09,0.97,5147176474.0,5147176474.0,0.0,0.14,-13.22,-9.18
1720,688280,精进电动-UW,10.13,-0.78,-0.08,170072.0,173245553.0,3.33,10.36,10.02,10.05,10.21,1.07,3.27,36.97,8.04,5978945487.0,5273112189.0,-0.1,-0.1,11.69,16.44
1721,601609,金田股份,10.15,-0.78,-0.08,163961.0,166419521.0,1.76,10.23,10.05,10.18,10.23,0.77,0.95,22.36,1.77,17545677659.0,17545677659.0,-0.2,-0.1,-8.23,-6.02
1722,688535,华海诚科,119.06,-0.78,-0.94,27760.0,333020788.0,4.33,122.6,117.41,118.0,120.0,1.15,3.44,471.36,5.35,11431465296.0,9607719694.0,-0.07,0.03,0.05,6.23
1723,688498,源杰科技,1128.18,-0.78,-8.82,24311.0,2730147404.0,4.48,1148.88,1097.98,1130.0,1137.0,0.81,2.87,507.87,41.57,96964505519.0,95713211748.0,0.02,0.02,74.64,75.73
1724,301491,汉桑科技,49.78,-0.78,-0.39,4555.0,22657915.39,1.26,50.15,49.52,49.9,50.17,0.93,1.59,30.81,3.07,6421620000.0,1422884141.0,0.02,0.04,-12.88,-11.23
1725,688178,万德斯,30.72,-0.78,-0.24,19352.0,59571998.0,4.33,31.44,30.1,31.2,30.96,0.5,2.28,-22.95,2.84,2611133768.0,2611133768.0,-0.26,-0.23,28.32,27.84
1726,003027,同兴科技,21.29,-0.79,-0.17,16782.0,35747476.0,1.35,21.44,21.15,21.4,21.46,0.62,1.6,33.68,1.63,2783096928.0,2232490009.0,0.0,-0.14,-0.88,-4.53
1727,301219,腾远钴业,62.9,-0.79,-0.5,41983.0,263916179.55,1.59,63.32,62.31,62.69,63.4,0.98,1.45,18.51,1.98,18537710748.0,18175419579.0,-0.13,-0.02,-10.37,-7.88
1728,600328,中盐化工,8.75,-0.79,-0.07,208134.0,181642841.0,2.15,8.82,8.63,8.73,8.82,0.71,1.42,166.38,1.07,12830208414.0,12830208414.0,-0.11,-0.11,2.34,6.19
1729,300672,国科微,160.48,-0.79,-1.27,95262.0,1521906315.66,5.72,163.25,154.0,158.0,161.75,1.17,4.53,3528.56,8.56,34840601497.0,33754987837.0,0.0,-0.01,34.15,49.12
1730,300022,吉峰科技,10.03,-0.79,-0.08,318528.0,318441089.2,5.14,10.33,9.81,10.2,10.11,0.85,6.44,-508.26,9.32,4957231011.0,4957084573.0,-0.2,0.0,30.26,28.26
1731,300052,ST中青宝,12.56,-0.79,-0.1,59910.0,74922681.79,2.69,12.66,12.32,12.55,12.66,0.81,2.29,-90.4,8.7,3288945398.0,3288851198.0,-0.08,-0.16,-3.31,0.0
1732,920699,海达尔,39.01,-0.79,-0.31,2090.0,8197332.5,3.36,39.84,38.52,38.88,39.32,0.65,1.0,27.41,5.19,1779842953.0,814345453.0,0.03,-0.05,-20.26,-17.32
1733,601678,滨化股份,5.0,-0.79,-0.04,444092.0,222053564.0,2.18,5.07,4.96,5.02,5.04,0.77,2.17,40.11,0.9,10284181380.0,10216681380.0,0.0,0.2,5.26,17.92
1734,300889,爱克股份,25.03,-0.79,-0.2,40613.0,101781114.67,2.18,25.42,24.87,25.11,25.23,0.92,2.77,-71.37,3.87,5512283812.0,3663565484.0,0.04,0.08,21.33,20.92
1735,002624,完美世界,20.06,-0.79,-0.16,565755.0,1129649464.79,2.67,20.25,19.71,20.0,20.22,0.75,3.1,43.86,5.49,38915766184.0,36664324802.0,-0.05,-0.1,19.98,22.39
1736,000777,中核科技,22.42,-0.8,-0.18,57671.0,129055683.44,1.59,22.58,22.22,22.58,22.6,0.78,1.5,57.79,3.76,8596222435.0,8596070741.0,-0.04,0.0,-14.75,-13.27
1737,600182,S佳通,13.69,-0.8,-0.11,12558.0,17233982.0,1.59,13.84,13.62,13.71,13.8,0.92,0.74,28.69,4.13,4654600000.0,2327300000.0,0.0,0.07,-8.43,-8.06
1738,600863,华能蒙电,4.95,-0.8,-0.04,316620.0,156940741.0,1.4,4.99,4.92,4.97,4.99,0.63,0.49,13.18,1.86,38784188322.0,32308094664.0,-0.2,0.0,10.74,10.49
1739,300943,春晖智控,28.47,-0.8,-0.23,74938.0,212354436.8,4.04,28.88,27.72,28.46,28.7,1.01,5.58,107.27,5.86,5802755400.0,3824667971.0,-0.04,0.14,33.66,37.01
1740,301041,金百泽,27.25,-0.8,-0.22,38567.0,105503001.53,2.66,27.8,27.07,27.2,27.47,0.92,4.89,310.13,4.36,2907030000.0,2150587413.0,0.04,-0.07,-1.41,0.18
1741,002613,北玻股份,3.71,-0.8,-0.03,135369.0,50045337.4,1.87,3.74,3.67,3.7,3.74,0.66,1.75,288.25,1.87,4083109847.0,2865071756.0,-0.27,0.0,-1.85,-0.27
1742,300576,容大感光,34.86,-0.8,-0.28,60217.0,211066688.72,2.16,35.39,34.63,34.7,35.14,1.19,2.59,96.84,7.55,12771573560.0,8110322240.0,-0.06,-0.06,-14.16,-9.57
1743,003032,*ST传智,6.23,-0.8,-0.05,45382.0,28269866.0,2.39,6.32,6.17,6.22,6.28,1.54,1.64,-220.89,2.0,2507247925.0,1720849884.0,0.0,0.16,-3.56,-2.2
1744,002698,博实股份,13.58,-0.8,-0.11,51048.0,69349783.82,0.88,13.65,13.53,13.61,13.69,0.87,0.61,24.47,3.5,13886386189.0,11410444194.0,-0.07,-0.07,-17.9,-19.21
1745,000430,ST张家界,7.43,-0.8,-0.06,24296.0,17982060.0,1.34,7.46,7.36,7.45,7.49,1.06,0.66,-201.45,11.23,6015590814.0,2753234691.0,-0.13,-0.13,-2.75,-4.25
1746,603089,正裕工业,12.33,-0.8,-0.1,23440.0,29074807.0,1.37,12.48,12.31,12.41,12.43,1.07,0.98,19.33,1.98,3399618118.0,2959610194.0,0.0,-0.16,-5.15,-2.68
1747,300358,楚天科技,9.91,-0.8,-0.08,167651.0,167579391.96,3.4,10.17,9.83,9.9,9.99,1.07,2.39,62.93,1.35,7086567468.0,6949886687.0,-0.1,-0.1,-4.8,1.23
1748,002745,木林森,8.61,-0.81,-0.07,273310.0,235991422.41,1.96,8.73,8.56,8.58,8.68,1.03,2.57,45.81,0.96,12778672695.0,9166860610.0,-0.12,-0.12,-9.84,-10.03
1749,300545,联得装备,32.92,-0.81,-0.27,69234.0,228835738.05,3.13,33.45,32.41,32.5,33.19,0.75,5.79,47.4,2.86,6105388498.0,3935880140.0,-0.21,-0.27,1.79,7.27
1750,301563,云汉芯城,154.75,-0.81,-1.26,19316.0,299704445.76,2.49,157.1,153.21,153.21,156.01,1.21,13.12,101.91,8.29,10076716320.0,2277883789.0,0.16,0.23,-16.03,0.98
1751,002386,天原股份,6.09,-0.81,-0.05,427195.0,260845543.21,1.95,6.17,6.05,6.1,6.14,0.65,3.28,90.3,1.05,7927030675.0,7925553630.0,-0.33,-0.33,7.79,12.15
1752,601969,海南矿业,10.96,-0.81,-0.09,199013.0,218484090.0,2.71,11.18,10.88,11.06,11.05,0.72,1.01,50.65,3.17,21831571991.0,21618343711.0,-0.09,-0.09,-6.4,-7.74
1753,300588,熙菱信息,24.4,-0.81,-0.2,36192.0,89001033.0,2.93,24.95,24.23,24.42,24.6,1.33,2.05,-86.8,17.05,4671893132.0,4314457532.0,-0.04,-0.04,-11.34,-9.63
1754,300193,佳士科技,8.6,-0.81,-0.07,55543.0,47801608.46,1.85,8.69,8.53,8.6,8.67,0.96,1.32,19.13,1.78,4095748323.0,3609038779.0,0.0,0.35,-5.08,-3.91
1755,688325,赛微微电,120.51,-0.81,-0.99,11958.0,145313324.0,4.06,123.93,119.0,119.8,121.5,0.65,1.46,106.64,5.9,10380612698.0,9841504946.0,-0.11,-0.15,32.73,37.68
1756,002485,ST雪发,4.89,-0.81,-0.04,22298.0,10836415.8,2.03,4.91,4.81,4.88,4.93,0.5,0.41,-43.65,2.26,2660160000.0,2660160000.0,0.41,0.62,12.16,16.43
1757,002406,远东传动,7.28,-0.82,-0.06,119149.0,86675312.51,1.36,7.32,7.22,7.25,7.34,0.88,1.98,34.03,1.31,5316038597.0,4384109897.0,0.0,0.0,-8.66,-8.31
1758,301361,众智科技,36.15,-0.82,-0.3,17058.0,61418500.0,1.92,36.39,35.69,36.01,36.45,0.86,5.6,43.59,3.43,4205546400.0,1100550600.0,-0.19,-0.22,7.69,10.92
1759,688252,天德钰,21.84,-0.82,-0.18,103325.0,221071239.0,6.9,22.16,20.64,20.66,22.02,2.99,2.53,48.51,3.63,8933026087.0,8933026087.0,-0.05,-0.14,-1.89,3.16
1760,603037,凯众股份,13.29,-0.82,-0.11,33735.0,44755188.0,1.94,13.39,13.13,13.31,13.4,0.83,1.27,48.21,3.6,3547384077.0,3537068911.0,0.08,0.15,-7.84,-8.09
1761,002960,青鸟消防,12.08,-0.82,-0.1,116076.0,140598333.59,1.64,12.2,12.0,12.05,12.18,0.79,1.44,33.25,1.66,10628091138.0,9767253268.0,-0.08,-0.08,8.34,14.94
1762,603617,君禾股份,7.3,-0.82,-0.06,39400.0,28808932.0,1.49,7.37,7.26,7.32,7.36,0.9,1.03,69.39,1.9,2845622760.0,2800581760.0,-0.14,-0.27,-10.76,-3.18
1763,002670,国盛证券,14.44,-0.82,-0.12,132397.0,192059093.51,2.06,14.66,14.36,14.42,14.56,1.14,0.82,86.58,2.47,27942622389.0,23441183155.0,-0.14,-0.14,-18.05,-14.25
1764,600961,株冶集团,18.05,-0.82,-0.15,128423.0,231612015.0,3.13,18.28,17.71,17.88,18.2,0.91,1.71,16.93,5.28,19365352289.0,13570213784.0,0.06,0.06,5.25,12.11
1765,300321,同大股份,33.8,-0.82,-0.28,8617.0,29121883.72,2.02,34.2,33.51,34.08,34.08,0.7,0.97,267.49,4.73,3001440000.0,2997921420.0,-0.47,-0.35,-24.87,-25.35
1766,603949,雪龙集团,18.22,-0.82,-0.15,87732.0,159250474.0,2.18,18.34,17.94,18.11,18.37,0.73,4.17,47.18,3.63,3839622783.0,3829940092.0,0.0,0.05,-1.78,-2.93
1767,603895,天永智能,26.65,-0.82,-0.22,18339.0,49007854.0,3.13,27.19,26.35,26.64,26.87,1.43,1.7,177.93,14.87,2880332000.0,2880332000.0,-0.15,-0.45,-7.11,-8.61
1768,605111,新洁能,38.31,-0.83,-0.32,72879.0,278544838.0,2.07,38.63,37.83,38.03,38.63,0.79,1.75,40.42,3.68,15911390642.0,15911390642.0,-0.05,-0.13,3.68,7.22
1769,600119,长江投资,5.95,-0.83,-0.05,41202.0,24499883.0,1.67,6.0,5.9,6.0,6.0,0.72,1.13,-111.72,18.21,2173358702.0,2173358702.0,0.34,0.17,-24.87,-24.2
1770,000963,华东医药,35.95,-0.83,-0.3,128895.0,463821443.03,2.12,36.43,35.66,36.09,36.25,0.91,0.74,17.21,2.61,63046839686.0,63020820873.0,0.0,0.0,-9.17,-8.87
1771,600198,大唐电信,8.38,-0.83,-0.07,114344.0,95618652.0,0.95,8.4,8.32,8.4,8.45,0.98,0.88,-165.25,39.84,10924197674.0,10910339358.0,0.0,0.24,-14.14,-13.16
1772,000989,九芝堂,9.54,-0.83,-0.08,179870.0,171716795.38,2.81,9.7,9.43,9.55,9.62,0.66,2.59,36.68,2.19,8165686794.0,6622226804.0,-0.1,0.1,5.88,9.28
1773,600025,华能水电,9.59,-0.83,-0.08,200515.0,192209689.0,1.65,9.69,9.53,9.64,9.67,0.97,0.11,17.77,2.6,178672193925.0,172620000000.0,0.0,0.1,5.15,5.62
1774,603271,永杰新材,47.93,-0.83,-0.4,31526.0,151855274.0,2.48,48.8,47.6,47.91,48.33,0.78,3.33,22.71,3.22,9428789600.0,4533027488.0,0.0,0.1,15.27,16.67
1775,600212,绿能慧充,7.14,-0.83,-0.06,62065.0,44328082.0,2.22,7.27,7.11,7.13,7.2,0.63,1.17,281.89,9.32,5027632521.0,3792626721.0,0.14,0.14,-11.41,-11.3
1776,603527,众源新材,10.59,-0.84,-0.09,90231.0,95961081.0,2.34,10.75,10.5,10.56,10.68,0.81,2.85,25.15,1.63,3356725008.0,3356725008.0,-0.19,-0.28,-5.53,-4.51
1777,300793,佳禾智能,14.18,-0.84,-0.12,52293.0,74547793.74,1.89,14.4,14.13,14.21,14.3,1.19,1.41,140.4,1.8,5396136963.0,5276195433.0,-0.07,0.0,-21.7,-13.06
1778,300416,苏试试验,17.66,-0.84,-0.15,140146.0,248006380.08,2.86,17.94,17.43,17.57,17.81,0.76,2.78,34.89,3.25,8980954254.0,8917490625.0,0.0,0.0,-9.48,-1.01
1779,600057,厦门象屿,8.28,-0.84,-0.07,141734.0,117166558.0,2.4,8.4,8.2,8.3,8.35,0.89,0.68,10.8,1.42,23520079727.0,17325984158.0,-0.12,0.12,-1.55,-2.82
1780,688047,龙芯中科,132.36,-0.84,-1.12,51704.0,687155874.0,3.06,135.11,131.02,131.66,133.48,1.33,1.29,-117.0,21.18,53076360000.0,53076360000.0,0.01,-0.09,-2.78,0.19
1781,603995,甬金股份,17.62,-0.84,-0.15,26936.0,47618172.0,1.69,17.85,17.55,17.75,17.77,1.12,0.74,11.74,1.11,6442187310.0,6442187310.0,0.0,-0.06,-3.24,-2.54
1782,605168,三人行,36.47,-0.84,-0.31,34181.0,124489301.0,2.26,36.73,35.9,36.6,36.78,0.78,1.62,39.92,2.87,7688495479.0,7688495479.0,0.03,-0.05,-9.55,-5.47
1783,301101,明月镜片,34.4,-0.84,-0.29,20600.0,71333543.0,2.85,35.1,34.11,34.37,34.69,1.11,1.08,34.87,4.03,6932016240.0,6567539640.0,0.0,-0.03,-17.84,-16.97
1784,601998,中信银行,8.24,-0.84,-0.07,314097.0,259791266.0,2.17,8.39,8.21,8.31,8.31,0.7,0.08,6.49,0.63,458516137055.0,335887114125.0,0.0,0.12,10.6,7.01
1785,601061,中信金属,11.73,-0.85,-0.1,116759.0,136845559.0,1.69,11.82,11.62,11.72,11.83,0.94,2.33,21.37,2.47,57477000000.0,5878534625.0,0.0,0.26,-22.68,-17.86
1786,603205,健尔康,25.7,-0.85,-0.22,8117.0,20797083.0,2.28,25.98,25.39,25.94,25.92,1.19,1.96,39.35,2.75,4009200000.0,1062438000.0,0.04,0.12,-12.5,-10.11
1787,600028,中国石化,5.84,-0.85,-0.05,1679238.0,983839208.0,2.04,5.94,5.82,5.89,5.89,0.92,0.18,22.2,0.85,706205003056.0,553354456190.0,0.0,0.0,-5.5,-5.5
1788,000729,燕京啤酒,14.01,-0.85,-0.12,432745.0,609026871.69,2.34,14.29,13.96,14.03,14.13,0.82,1.72,23.52,2.55,39487736167.0,35159589405.0,-0.07,0.0,16.75,24.76
1789,688375,国博电子,110.18,-0.85,-0.94,40958.0,453831051.0,5.21,113.32,107.53,109.1,111.12,0.97,0.69,129.39,10.16,65668921682.0,65668921682.0,0.15,0.12,10.73,18.33
1790,002032,苏 泊 尔,45.49,-0.85,-0.39,26981.0,122536624.66,2.57,46.2,45.02,45.79,45.88,1.01,0.34,17.39,5.8,36468852762.0,36445734198.0,-0.09,-0.07,2.5,3.2
1791,002927,泰永长征,17.42,-0.85,-0.15,44468.0,77337797.0,2.45,17.67,17.24,17.51,17.57,0.86,2.01,87.67,3.76,3888007776.0,3845253033.0,0.06,-0.06,-14.69,-13.25
1792,001210,金房能源,21.08,-0.85,-0.18,17819.0,37754196.21,1.36,21.36,21.07,21.19,21.26,0.78,1.87,24.59,2.46,3305611210.0,2008903805.0,-0.05,-0.09,1.74,23.06
1793,000899,赣能股份,12.82,-0.85,-0.11,164667.0,210332247.01,1.47,12.86,12.67,12.78,12.93,0.55,1.69,10.77,1.98,12508188883.0,12508188883.0,0.16,0.16,27.56,29.49
1794,600276,恒瑞医药,56.96,-0.85,-0.49,480755.0,2749696421.0,2.19,57.97,56.71,56.92,57.45,0.72,0.75,49.03,6.17,378054904823.0,363347969527.0,-0.16,-0.04,-9.67,-4.38
1795,603167,渤海轮渡,9.22,-0.86,-0.08,44507.0,41281370.0,1.29,9.34,9.22,9.28,9.3,0.99,0.95,11.94,1.23,4325512318.0,4325512318.0,0.0,0.0,-2.33,-2.23
1796,301071,力量钻石,41.67,-0.86,-0.36,71191.0,297719900.54,2.71,42.28,41.14,41.3,42.03,0.9,3.66,175.79,2.05,10845547283.0,8108738939.0,0.05,-0.19,12.65,16.27
1797,600160,巨化股份,34.7,-0.86,-0.3,213761.0,736789602.0,3.31,35.05,33.89,34.8,35.0,0.98,0.79,21.63,4.58,93681189011.0,93681189011.0,0.06,0.03,-9.92,-9.26
1798,600506,统一股份,21.91,-0.86,-0.19,54262.0,118988407.0,2.76,22.33,21.72,21.89,22.1,0.8,2.83,321.71,9.48,4207134844.0,4207134844.0,0.0,0.14,-16.47,-16.41
1799,002705,新宝股份,14.93,-0.86,-0.13,139846.0,209976941.46,2.06,15.18,14.87,14.91,15.06,0.69,1.73,12.1,1.4,12121305395.0,12064983762.0,-0.13,-0.07,3.97,4.7
1800,002356,赫美集团,3.44,-0.86,-0.03,354989.0,122553176.0,2.88,3.51,3.41,3.45,3.47,1.04,2.71,65.37,7.26,4510715552.0,4510689752.0,0.29,0.29,-13.35,-13.13
1801,601728,中国电信,5.74,-0.86,-0.05,957723.0,548814773.0,1.21,5.78,5.71,5.77,5.79,1.04,0.12,15.83,1.14,525250976132.0,445594642732.0,-0.17,-0.17,-9.61,-8.89
1802,600523,贵航股份,13.91,-0.86,-0.12,30983.0,43252092.0,1.78,14.1,13.85,14.1,14.03,1.09,0.77,29.2,1.75,5623970461.0,5620260664.0,-0.14,-0.07,-13.33,-11.46
1803,000088,盐 田 港,4.61,-0.86,-0.04,236765.0,109585431.64,1.08,4.66,4.61,4.63,4.65,0.93,0.75,16.61,1.33,23969618225.0,14580943497.0,-0.22,-0.22,2.44,3.6
1804,002434,万里扬,8.01,-0.87,-0.07,141957.0,114422661.65,2.23,8.16,7.98,8.02,8.08,1.03,1.08,23.15,1.77,10513926000.0,10503841811.0,-0.12,0.0,-14.61,-15.95
1805,001367,海森药业,25.19,-0.87,-0.22,50897.0,128853782.35,6.3,26.5,24.9,25.53,25.41,0.68,12.42,28.24,2.57,3837726728.0,1032025433.0,-0.04,0.24,13.01,14.76
1806,603181,皇马科技,14.83,-0.87,-0.13,44778.0,66367516.0,1.4,14.94,14.73,14.82,14.96,1.02,0.76,19.41,2.62,8730421000.0,8730421000.0,-0.07,-0.13,0.07,3.78
1807,688668,鼎通科技,164.27,-0.87,-1.45,58244.0,961060210.0,2.6,167.27,162.96,165.0,165.72,0.64,4.18,95.12,11.56,22877982448.0,22877982448.0,0.0,-0.07,37.59,32.48
1808,605033,美邦股份,22.85,-0.87,-0.2,23629.0,54050118.0,1.91,23.15,22.71,22.88,23.05,0.79,1.75,64.01,2.69,3089320000.0,3089320000.0,0.0,0.18,13.06,13.79
1809,600648,外高桥,10.28,-0.87,-0.09,24538.0,25216931.0,1.45,10.35,10.2,10.35,10.37,1.04,0.22,14.88,0.88,13979897601.0,11696282703.0,0.1,0.19,-3.11,1.88
1810,601988,中国银行,5.69,-0.87,-0.05,2235350.0,1275037216.0,1.74,5.77,5.67,5.74,5.74,0.78,0.11,7.54,0.68,1833388623222.0,1199255779474.0,0.18,0.0,1.79,-0.7
1811,600267,海正药业,10.27,-0.87,-0.09,198427.0,206345016.0,3.86,10.61,10.21,10.32,10.36,1.12,1.66,22.77,1.43,12311277483.0,12311277483.0,-0.19,-0.19,0.69,3.84
1812,600350,山东高速,10.28,-0.87,-0.09,51934.0,53572141.0,1.74,10.43,10.25,10.31,10.37,0.75,0.11,15.5,1.66,49699388081.0,49699388081.0,-0.1,0.0,8.9,5.44
1813,002166,莱茵生物,9.12,-0.87,-0.08,122534.0,112542313.4,2.39,9.31,9.09,9.16,9.2,0.76,1.66,47.26,2.14,6763477956.0,6735899076.0,-0.11,0.0,6.42,7.93
1814,688377,迪威尔,36.58,-0.87,-0.32,16893.0,62032092.0,2.3,37.15,36.3,36.79,36.9,0.81,0.87,57.89,3.76,7120030771.0,7120030771.0,0.0,-0.14,0.36,-0.33
1815,603688,石英股份,45.53,-0.87,-0.4,152665.0,694771882.0,1.89,46.0,45.13,45.18,45.93,0.73,2.82,160.84,4.24,24662612498.0,24662612498.0,0.11,0.0,16.89,24.47
1816,688230,芯导科技,63.94,-0.87,-0.56,6789.0,43499507.0,2.03,64.64,63.33,63.51,64.5,0.84,0.58,70.84,3.31,7519344000.0,7519344000.0,-0.23,-0.11,-14.29,-11.26
1817,002807,江阴银行,4.54,-0.87,-0.04,249651.0,113615603.0,1.31,4.59,4.53,4.56,4.58,0.76,1.02,6.56,0.58,11174723262.0,11159394488.0,-0.22,0.0,-1.09,-0.66
1818,688395,正弦电气,26.22,-0.87,-0.23,9677.0,25385414.0,2.0,26.55,26.02,26.55,26.45,0.89,1.12,56.11,2.9,2270592218.0,2270592218.0,-0.3,0.27,7.15,7.81
1819,000887,中鼎股份,18.26,-0.87,-0.16,119112.0,217317744.84,1.52,18.39,18.11,18.16,18.42,0.82,0.91,13.79,1.7,24039102780.0,24000407302.0,-0.05,-0.05,-20.99,-21.33
1820,000570,苏常柴Ａ,5.62,-0.88,-0.05,96740.0,54524445.0,1.59,5.68,5.59,5.63,5.67,0.81,1.74,66.86,1.15,3965991889.0,3122991889.0,-0.18,-0.18,-0.18,1.08
1821,002871,伟隆股份,16.82,-0.88,-0.15,28335.0,47524369.98,1.94,16.95,16.62,16.95,16.97,0.92,1.9,30.9,3.82,4236181673.0,2512832781.0,-0.24,0.06,-6.19,-6.56
1822,002261,拓维信息,35.88,-0.88,-0.32,920558.0,3313079601.42,2.35,36.46,35.61,35.61,36.2,1.01,8.04,323.34,17.34,45202753287.0,41106003842.0,0.0,-0.17,4.7,8.4
1823,002841,视源股份,33.37,-0.89,-0.3,42826.0,142208469.76,1.63,33.5,32.95,33.35,33.67,1.17,0.82,22.92,1.74,23226072107.0,17332403294.0,0.03,0.0,-17.91,-15.8
1824,300035,中科电气,22.39,-0.89,-0.2,346884.0,777026912.43,2.74,22.75,22.13,22.35,22.59,0.94,5.95,28.65,3.13,15346703164.0,13061164631.0,-0.04,-0.04,0.36,5.17
1825,300722,新余国科,30.16,-0.89,-0.27,24811.0,74918011.33,1.41,30.43,30.0,30.02,30.43,0.73,0.9,101.2,12.45,8346975437.0,8346975437.0,0.0,0.1,-16.27,-15.09
1826,000683,博源化工,8.86,-0.89,-0.08,242116.0,215644634.91,2.13,9.03,8.84,8.86,8.94,0.61,0.72,23.26,2.27,32931127622.0,29672246524.0,-0.11,0.0,15.82,19.09
1827,605255,天普股份,95.74,-0.89,-0.86,9512.0,90975598.0,2.98,96.95,94.07,95.46,96.6,0.61,0.71,539.34,15.91,12836819200.0,12836819200.0,0.0,-0.04,-56.09,-56.09
1828,603005,晶方科技,27.89,-0.89,-0.25,226101.0,630069800.0,1.85,28.12,27.6,27.75,28.14,0.95,3.47,49.21,3.95,18189068880.0,18189068880.0,-0.04,-0.04,-2.55,0.83
1829,002414,高德红外,13.33,-0.89,-0.12,537908.0,717112711.92,3.87,13.63,13.11,13.24,13.45,1.33,1.58,73.37,8.22,56928912320.0,45303503705.0,-0.07,-0.07,-18.27,-9.13
1830,300241,瑞丰光电,6.71,-0.89,-0.06,345232.0,232040192.0,2.36,6.8,6.64,6.68,6.77,0.85,5.89,68.82,2.1,4698770413.0,3934608908.0,-0.15,-0.15,16.7,20.04
1831,001227,兰州银行,2.23,-0.89,-0.02,490530.0,109689977.94,1.78,2.26,2.22,2.25,2.25,0.82,1.16,6.33,0.42,12701404685.0,9405025069.0,0.0,0.45,-2.62,-1.76
1832,300940,南极光,22.24,-0.89,-0.2,30961.0,69280139.88,2.18,22.67,22.18,22.26,22.44,1.03,1.97,33.72,4.16,4951610833.0,3502342345.0,0.0,-0.04,-24.12,-21.86
1833,000012,南  玻Ａ,4.43,-0.89,-0.04,149691.0,66437202.48,1.12,4.47,4.42,4.45,4.47,0.81,0.76,67.21,1.03,13478136833.0,8679772529.0,0.0,0.0,-2.21,0.0
1834,600776,东方通信,15.55,-0.89,-0.14,170519.0,264217803.0,1.98,15.66,15.35,15.52,15.69,1.09,1.78,40.21,5.17,19530800995.0,14865800995.0,0.0,0.06,-16.4,-5.76
1835,600511,国药股份,28.97,-0.89,-0.26,52165.0,152013293.0,1.47,29.39,28.96,29.11,29.23,0.88,0.94,10.95,1.18,21857951852.0,16030445903.0,-0.1,0.0,-0.58,0.77
1836,603650,彤程新材,51.66,-0.9,-0.47,87086.0,450933914.0,2.51,52.38,51.07,51.2,52.13,1.4,1.42,48.31,9.01,31826846230.0,31743695224.0,-0.08,0.0,10.2,17.04
1837,600711,盛屯矿业,14.34,-0.9,-0.13,1023491.0,1465065984.0,3.32,14.49,14.01,14.2,14.47,0.66,3.31,22.6,2.69,44319369641.0,44319369641.0,0.0,0.0,-10.32,-5.41
1838,603725,天安新材,8.84,-0.9,-0.08,39171.0,34825252.0,2.02,8.99,8.81,8.95,8.92,0.96,1.37,20.72,3.26,2694941891.0,2534053891.0,-0.11,-0.23,-5.76,-4.43
1839,601100,恒立液压,101.2,-0.9,-0.92,54483.0,556030252.0,2.57,103.12,100.5,101.0,102.12,0.44,0.41,48.77,7.96,135691084390.0,135691084390.0,0.0,0.08,-8.58,-7.92
1840,600196,复星医药,26.56,-0.9,-0.24,182252.0,486076649.0,2.01,27.0,26.46,26.64,26.8,0.77,0.86,21.04,1.46,70926602872.0,56267063192.0,0.08,0.23,-2.89,0.26
1841,000157,中联重科,8.76,-0.9,-0.08,618549.0,541877561.35,2.15,8.84,8.65,8.7,8.84,0.75,0.87,15.59,1.32,75761168667.0,61930305696.0,0.0,0.0,1.51,3.91
1842,688315,诺禾致源,14.31,-0.9,-0.13,34214.0,49211556.0,2.77,14.63,14.23,14.32,14.44,1.02,0.82,35.85,2.19,5955822000.0,5955822000.0,0.07,0.07,1.78,7.76
1843,600535,天士力,14.14,-0.91,-0.13,89038.0,126750263.0,2.38,14.45,14.11,14.16,14.27,0.93,0.6,19.12,1.7,21124453071.0,21124453071.0,0.07,0.21,-7.4,-6.17
1844,301170,锡南科技,28.41,-0.91,-0.26,10309.0,29318623.0,1.99,28.76,28.19,28.76,28.67,0.98,3.07,26.62,1.61,2841000000.0,953877824.0,-0.11,0.07,-0.87,1.65
1845,300263,隆华科技,9.8,-0.91,-0.09,313514.0,306931238.78,2.22,9.89,9.67,9.8,9.89,1.24,3.21,42.16,2.42,10143061760.0,9560185631.0,0.1,0.1,9.01,10.86
1846,601699,潞安环能,13.05,-0.91,-0.12,227286.0,298898469.0,1.97,13.29,13.03,13.18,13.17,0.81,0.76,18.84,0.83,39037890060.0,39037890060.0,-0.08,-0.15,7.05,10.59
1847,600036,招商银行,39.26,-0.91,-0.36,535854.0,2104306041.0,1.01,39.52,39.12,39.48,39.62,0.87,0.26,6.59,0.9,990131138295.0,809892358283.0,-0.05,-0.1,-5.9,-4.45
1848,603612,索通发展,26.0,-0.91,-0.24,150558.0,393676926.0,3.77,26.67,25.68,26.0,26.24,1.09,3.02,14.86,2.31,12950715934.0,12950715934.0,0.0,0.04,0.7,10.64
1849,002866,传艺科技,21.67,-0.91,-0.2,199631.0,432808454.0,2.38,21.88,21.36,21.39,21.87,0.74,11.02,73.09,3.0,6273947288.0,3926875005.0,-0.05,-0.09,18.48,20.32
1850,002056,横店东磁,18.47,-0.91,-0.17,271650.0,500423867.98,1.72,18.56,18.24,18.4,18.64,0.84,1.67,16.23,2.83,30045372007.0,30014333818.0,-0.05,-0.11,-8.25,-5.28
1851,605196,华通线缆,49.25,-0.91,-0.45,70235.0,345623611.0,3.32,50.06,48.41,49.0,49.7,0.7,1.39,73.35,7.62,25166886964.0,24869416964.0,0.0,0.14,34.56,41.77
1852,601985,中国核电,8.7,-0.91,-0.08,845727.0,735880454.0,0.91,8.76,8.68,8.75,8.78,0.69,0.45,16.77,1.55,178941618044.0,164284578343.0,-0.11,0.0,-0.57,0.81
1853,603086,先达股份,7.62,-0.91,-0.07,82354.0,62547089.0,1.82,7.68,7.54,7.68,7.69,0.87,1.89,12.69,1.53,3313276150.0,3313276150.0,0.26,0.26,-10.14,-7.3
1854,920642,通易航天,11.9,-0.92,-0.11,9860.0,11795355.33,2.41,12.12,11.83,11.98,12.01,0.7,0.99,-35.99,5.61,1233676308.0,1189486848.0,-0.17,0.08,-31.92,-29.38
1855,920454,同心传动,13.93,-0.92,-0.13,8651.0,11973978.73,2.56,14.09,13.73,13.84,14.06,1.0,1.37,53.38,4.45,1464043000.0,880085211.0,0.43,1.38,-17.43,-16.13
1856,000561,烽火电子,9.67,-0.92,-0.09,90270.0,87211424.74,1.84,9.76,9.58,9.68,9.76,1.17,1.16,-71.46,2.65,8355056361.0,7506311971.0,-0.31,-0.21,-22.95,-20.87
1857,300034,钢研高纳,18.27,-0.92,-0.17,101975.0,186774773.31,1.79,18.5,18.17,18.24,18.44,0.85,1.33,166.51,3.84,14560487756.0,14014126402.0,0.0,0.0,-8.92,-6.69
1858,603312,西典新能,38.72,-0.92,-0.36,11494.0,44536262.0,1.61,39.03,38.4,38.89,39.08,0.68,2.26,23.75,3.48,6195180640.0,1971603040.0,-0.21,-0.1,-19.35,-17.26
1859,603341,龙旗科技,38.36,-0.93,-0.36,53916.0,206772453.0,1.58,38.59,37.98,38.2,38.72,0.94,2.03,34.26,3.09,20046577104.0,10211924197.0,-0.03,-0.05,-19.51,-9.23
1860,603520,司太立,10.66,-0.93,-0.1,180261.0,193209841.0,3.16,10.93,10.59,10.68,10.76,0.61,4.11,121.6,1.8,4673449331.0,4673449331.0,0.0,0.19,9.56,13.4
1861,002372,伟星新材,10.6,-0.93,-0.1,104680.0,110610425.4,1.87,10.67,10.47,10.6,10.7,0.81,0.71,22.78,3.45,16875602673.0,15591093040.0,-0.28,-0.47,-0.47,1.63
1862,002569,*ST步森,13.85,-0.93,-0.13,11499.0,15864635.4,5.01,14.0,13.3,14.0,13.98,0.72,0.82,-264.07,69.13,1994538500.0,1938396486.0,0.0,0.14,1.17,11.24
1863,300967,晓鸣股份,18.1,-0.93,-0.17,46566.0,84600960.7,2.74,18.44,17.94,18.1,18.27,0.67,3.73,13.91,4.14,3395039082.0,2258753318.0,-0.11,-0.11,-5.78,-3.88
1864,002109,兴化股份,4.26,-0.93,-0.04,557368.0,236490910.0,5.35,4.4,4.17,4.38,4.3,0.75,4.37,-9.63,1.33,5436909565.0,5436909565.0,-0.23,-0.23,10.36,20.0
1865,000582,北部湾港,10.68,-0.93,-0.1,262756.0,279119609.92,2.5,10.75,10.48,10.66,10.78,0.87,1.22,25.9,1.33,26882462246.0,23035139022.0,0.0,-0.09,13.14,13.86
1866,301096,百诚医药,53.19,-0.93,-0.5,21400.0,114425477.58,3.04,54.33,52.7,53.99,53.69,0.68,2.58,711.5,2.25,5809852426.0,4403450051.0,0.0,0.02,-8.07,-6.91
1867,601818,光大银行,3.19,-0.93,-0.03,1074801.0,343580133.0,0.93,3.22,3.19,3.21,3.22,0.57,0.23,4.85,0.38,188482907885.0,148037741640.0,-0.31,0.0,-6.18,-5.9
1868,603068,博通集成,31.85,-0.93,-0.3,17726.0,56524931.0,1.4,32.12,31.67,31.79,32.15,0.94,1.17,389.13,2.84,4834426110.0,4834426110.0,-0.09,0.06,-17.79,-15.11
1869,002748,世龙实业,11.75,-0.93,-0.11,36065.0,42449293.0,2.11,11.92,11.67,11.78,11.86,0.83,1.5,52.32,2.05,2820000000.0,2820000000.0,-0.25,-0.17,-8.49,-8.99
1870,601058,赛轮轮胎,13.74,-0.94,-0.13,308042.0,423589291.0,2.09,13.94,13.65,13.7,13.87,0.74,0.94,11.8,2.14,45178497559.0,45178497559.0,0.07,0.37,-16.37,-15.08
1871,600827,百联股份,8.45,-0.94,-0.08,66290.0,56193701.0,1.52,8.54,8.41,8.52,8.53,1.17,0.41,38.32,0.76,15076220589.0,13557601824.0,-0.24,-0.12,-6.53,-6.01
1872,603655,朗博科技,38.97,-0.94,-0.37,19087.0,73932546.0,2.9,39.2,38.06,39.03,39.34,1.16,1.8,95.17,7.44,4130820000.0,4130820000.0,0.0,0.05,0.85,-6.77
1873,603599,广信股份,14.7,-0.94,-0.14,91919.0,135931796.0,2.96,14.96,14.52,14.8,14.84,0.64,1.01,19.28,1.34,13380959372.0,13380959372.0,-0.2,-0.14,22.81,28.05
1874,000519,中兵红箭,16.86,-0.94,-0.16,157902.0,266360909.74,0.94,16.97,16.81,16.9,17.02,0.82,1.13,-299.37,2.3,23478544437.0,23478544437.0,0.0,-0.06,-11.59,-7.41
1875,301132,满坤科技,41.09,-0.94,-0.39,49352.0,202786482.07,1.69,41.45,40.75,41.21,41.48,0.75,5.21,44.72,3.35,6084863971.0,3892638181.0,-0.02,-0.02,18.93,23.39
1876,688581,安杰思,55.08,-0.94,-0.52,3322.0,18350096.0,1.08,55.54,54.94,55.3,55.6,1.01,0.8,20.05,1.78,4468204111.0,2289108331.0,0.04,0.04,-10.31,-6.05
1877,300343,ST联创,6.33,-0.94,-0.06,91992.0,58270120.4,1.1,6.38,6.31,6.33,6.39,0.83,0.86,308.06,3.51,6762812984.0,6749168732.0,0.16,0.16,3.26,4.98
1878,688525,佰维存储,227.52,-0.94,-2.16,324378.0,7316943550.0,4.68,231.18,220.42,224.0,229.68,1.0,6.89,125.58,19.54,107124768259.0,107124768259.0,-0.04,-0.2,80.71,98.21
1879,688515,裕太微-U,127.94,-0.95,-1.23,15210.0,195571083.0,2.62,130.38,127.0,127.5,129.17,0.96,3.05,-73.75,6.82,10235200000.0,6373894036.0,-0.05,-0.02,17.18,24.76
1880,300767,震安科技,18.68,-0.95,-0.18,38841.0,72287573.0,1.54,18.78,18.49,18.71,18.86,0.9,1.62,-43.97,3.39,5161116403.0,4481179366.0,0.0,0.0,-10.92,-10.19
1881,688623,双元科技,86.87,-0.95,-0.83,5194.0,44920870.0,2.13,87.48,85.61,87.48,87.7,1.03,2.71,79.67,2.42,5137726349.0,1662926349.0,0.27,0.17,-16.48,-7.49
1882,920765,美之高,14.61,-0.95,-0.14,5330.0,7701229.48,3.25,14.75,14.27,14.75,14.75,0.48,1.01,-189.76,4.15,1269902325.0,771511789.0,2.31,2.17,-31.63,-29.59
1883,003000,劲仔食品,10.45,-0.95,-0.1,22269.0,23350231.97,1.52,10.58,10.42,10.53,10.55,0.77,0.72,20.45,3.54,4711843962.0,3219230083.0,0.0,-0.1,-9.13,-8.25
1884,000863,三湘印象,5.21,-0.95,-0.05,200695.0,103536654.69,2.66,5.23,5.09,5.19,5.26,0.56,1.72,625.71,1.37,6151444708.0,6062436328.0,0.0,0.0,-12.58,-16.37
1885,002319,乐通股份,11.48,-0.95,-0.11,84587.0,97846234.34,4.14,11.73,11.25,11.56,11.59,0.9,4.23,-3830.95,13.24,2404744415.0,2296000000.0,0.0,0.0,-12.3,-4.65
1886,300341,麦克奥迪,14.52,-0.95,-0.14,62803.0,91660466.0,2.8,14.87,14.46,14.6,14.66,1.43,1.22,39.1,3.9,7512798079.0,7483151143.0,0.0,-0.07,-14.94,-11.14
1887,300893,松原安全,21.8,-0.95,-0.21,23352.0,50899233.06,3.77,22.39,21.56,21.86,22.01,1.01,0.93,29.4,3.8,10311427599.0,5469033602.0,0.14,0.28,-9.51,-7.78
1888,002458,益生股份,9.43,-0.95,-0.09,118814.0,112212962.4,1.79,9.53,9.36,9.44,9.52,0.83,1.65,63.07,2.41,10433473788.0,6793268845.0,-0.11,-0.11,9.78,12.53
1889,001219,青岛食品,14.59,-0.95,-0.14,29246.0,42724918.13,2.72,14.84,14.44,14.69,14.73,0.73,1.54,23.0,2.68,2844812913.0,2773881016.0,-0.34,-0.34,2.6,2.39
1890,601166,兴业银行,18.6,-0.96,-0.18,510411.0,950465252.0,1.17,18.78,18.56,18.73,18.78,0.87,0.24,5.08,0.48,393629145650.0,393629145650.0,-0.05,-0.05,-11.0,-9.27
1891,600727,鲁北化工,7.19,-0.96,-0.07,234603.0,168329639.0,3.17,7.3,7.07,7.29,7.26,0.78,4.44,99.3,1.19,3800512741.0,3800512741.0,-0.28,-0.28,1.13,5.12
1892,601900,南方传媒,13.36,-0.96,-0.13,73870.0,98549636.0,1.33,13.43,13.25,13.4,13.49,1.03,0.84,10.39,1.36,11783120456.0,11783120456.0,-0.07,0.07,-3.12,-0.37
1893,920020,泰凯英,15.51,-0.96,-0.15,6586.0,10226428.87,1.6,15.66,15.41,15.55,15.66,0.74,1.2,20.08,2.97,3488896950.0,854614975.0,0.19,-0.06,-12.07,-9.72
1894,603087,甘李药业,63.67,-0.96,-0.62,62563.0,401740371.0,2.61,65.13,63.45,64.0,64.29,0.87,1.12,34.85,3.37,38030407376.0,35518855789.0,0.0,0.11,-7.82,-6.46
1895,600984,建设机械,4.12,-0.96,-0.04,714774.0,299124121.0,5.29,4.31,4.09,4.22,4.16,3.23,5.69,-2.46,1.63,5179020971.0,5179020971.0,0.24,0.49,0.98,0.73
1896,301175,中科环保,6.18,-0.96,-0.06,179286.0,110893129.41,1.76,6.26,6.15,6.26,6.24,0.77,2.88,23.83,2.46,9096218400.0,3843218400.0,0.0,0.0,3.17,4.57
1897,601059,信达证券,16.54,-0.96,-0.16,57094.0,94337392.0,1.14,16.62,16.43,16.62,16.7,0.88,0.18,28.33,2.55,53639220000.0,53639220000.0,0.06,0.0,-9.22,-6.61
1898,603730,岱美股份,9.27,-0.96,-0.09,126306.0,117602950.0,1.71,9.4,9.24,9.33,9.36,0.79,0.59,33.59,4.36,19917391831.0,19917391831.0,-0.22,-0.32,6.06,5.82
1899,601006,大秦铁路,5.17,-0.96,-0.05,680131.0,352379116.0,0.96,5.22,5.17,5.22,5.22,0.58,0.34,12.55,0.63,104160908792.0,104160908792.0,0.0,-0.19,-0.77,0.19
1900,600031,三一重工,20.66,-0.96,-0.2,540802.0,1119629754.0,1.34,20.85,20.57,20.7,20.86,0.63,0.64,22.59,2.15,189968791668.0,175080898164.0,0.05,0.05,-5.58,-2.22
1901,920305,*ST云创,7.19,-0.96,-0.07,57451.0,42474293.08,7.99,7.69,7.11,7.2,7.26,0.77,7.08,-6.04,2.01,951784339.0,583115291.0,0.0,-0.14,-29.3,-28.74
1902,301261,恒工精密,76.37,-0.96,-0.74,10997.0,83864514.5,2.63,77.24,75.21,76.74,77.11,1.0,2.93,64.4,4.27,6712174269.0,2862601225.0,0.03,-0.04,-25.25,-25.55
1903,002785,万里石,39.81,-0.97,-0.39,46676.0,185744505.0,1.99,40.25,39.45,39.8,40.2,0.89,2.41,3363.61,10.17,9021730058.0,7703036866.0,0.03,-0.03,10.25,12.71
1904,603515,欧普照明,19.34,-0.97,-0.19,17526.0,34027769.0,3.02,19.8,19.21,19.5,19.53,0.7,0.24,18.69,2.16,14373641734.0,14240584854.0,-0.05,-0.1,3.81,5.8
1905,300606,金太阳,39.69,-0.97,-0.39,173981.0,691315458.5,4.74,40.82,38.92,39.2,40.08,1.25,14.78,196.35,8.13,5491025214.0,4670500349.0,0.08,0.08,71.3,68.82
1906,301631,壹连科技,86.7,-0.97,-0.85,7747.0,67183073.2,1.39,87.44,86.22,87.23,87.55,0.97,2.52,26.87,3.17,7925644086.0,2662166677.0,-0.06,0.21,-17.19,-16.27
1907,689009,九号公司-WD,44.91,-0.97,-0.44,74198.0,333377860.0,1.92,45.48,44.61,45.08,45.35,0.71,1.34,18.46,4.52,32454528160.0,24954586050.0,-0.07,-0.04,-21.4,-19.21
1908,603310,巍华新材,16.35,-0.97,-0.16,11765.0,19319461.0,1.82,16.6,16.3,16.52,16.51,0.9,0.61,39.02,1.42,5646309000.0,3172063500.0,-0.06,0.0,-4.39,-2.74
1909,002884,凌霄泵业,18.43,-0.97,-0.18,35370.0,65083352.85,2.31,18.65,18.22,18.53,18.61,1.13,1.3,14.07,2.85,6592088641.0,5032725954.0,0.05,0.16,3.42,4.18
1910,300770,新媒股份,39.72,-0.97,-0.39,22763.0,90724390.11,1.62,40.15,39.5,39.7,40.11,1.07,1.0,13.72,2.54,9049748835.0,9049748835.0,0.0,-0.08,-8.37,-6.34
1911,300946,恒而达,44.96,-0.97,-0.44,7626.0,34280792.8,2.16,45.48,44.5,45.25,45.4,0.98,1.01,119.41,5.81,7014110688.0,3408161328.0,-0.09,-0.13,-20.65,-19.31
1912,300647,超频三,6.12,-0.97,-0.06,108950.0,66871122.0,2.75,6.25,6.08,6.14,6.18,1.2,2.39,960.07,4.89,2798804667.0,2794649915.0,-0.49,-0.49,-12.2,-11.18
1913,603665,康隆达,28.52,-0.97,-0.28,20723.0,59215590.0,3.72,29.1,28.03,28.78,28.8,0.81,1.29,25.93,6.45,4594887346.0,4567983004.0,-0.07,-0.07,-11.87,-10.65
1914,688216,气派科技,28.48,-0.97,-0.28,21389.0,61236276.0,2.57,29.01,28.27,28.55,28.76,1.03,2.01,-43.36,5.23,3268928846.0,3027019726.0,-0.18,0.11,23.99,27.83
1915,301632,广东建科,20.45,-0.97,-0.2,19256.0,39573183.85,1.84,20.76,20.38,20.66,20.65,0.97,2.63,75.66,3.1,8559552000.0,1498207900.0,-0.05,0.0,-16.97,-15.43
1916,300474,景嘉微,58.57,-0.98,-0.58,57199.0,334990078.88,1.18,58.88,58.18,58.48,59.15,0.85,1.41,-316.51,4.39,30609807891.0,23807190028.0,-0.05,-0.03,-21.16,-18.51
1917,600609,金杯汽车,4.05,-0.98,-0.04,132228.0,53397327.0,1.96,4.08,4.0,4.07,4.09,1.01,1.01,21.97,3.35,5283462160.0,5283462160.0,0.25,0.25,-13.46,-12.53
1918,002236,大华股份,17.25,-0.98,-0.17,221783.0,381689233.59,0.98,17.29,17.12,17.25,17.42,1.01,1.05,14.71,1.49,56696533652.0,36500345363.0,0.0,0.0,-11.08,-8.92
1919,600360,*ST华微,9.09,-0.98,-0.09,82310.0,74904525.0,1.31,9.15,9.03,9.12,9.18,0.85,0.86,43.82,2.54,8729084313.0,8729084313.0,0.11,0.11,11.53,14.2
1920,300985,致远新能,21.14,-0.98,-0.21,24040.0,50674923.6,2.58,21.31,20.76,21.15,21.35,0.96,1.3,64.15,3.91,3942873827.0,3921700722.0,0.09,0.0,14.02,15.2
1921,002168,*ST惠程,4.04,-0.98,-0.04,71253.0,28921574.0,2.94,4.14,4.02,4.05,4.08,0.51,0.91,-40.09,198.13,3168020007.0,3168020007.0,0.25,0.25,-1.7,-3.81
1922,688015,交控科技,22.15,-0.98,-0.22,11441.0,25416777.0,2.06,22.48,22.02,22.36,22.37,0.59,0.61,26.87,1.57,4179278435.0,4179278435.0,-0.05,-0.05,-4.61,-2.77
1923,002132,恒星科技,4.05,-0.98,-0.04,687686.0,278833698.0,2.69,4.11,4.0,4.03,4.09,1.15,4.91,211.36,1.64,5676256027.0,5667902732.0,0.0,0.0,13.13,14.08
1924,600460,士兰微,26.22,-0.98,-0.26,227524.0,596415959.0,1.74,26.43,25.97,26.1,26.48,1.07,1.37,93.75,3.65,43631963776.0,43631963776.0,0.08,0.11,-10.48,-7.71
1925,001226,拓山重工,44.4,-0.98,-0.44,11536.0,51298996.0,2.59,45.07,43.91,44.73,44.84,0.63,3.4,150.45,4.55,3315201480.0,1506345480.0,0.02,-0.07,0.54,0.45
1926,300467,迅游科技,29.33,-0.98,-0.29,26154.0,76771085.0,2.63,29.79,29.01,29.29,29.62,0.9,1.55,253.04,9.33,5959999629.0,4943784846.0,0.0,-0.03,-3.93,2.2
1927,003026,中晶科技,36.4,-0.98,-0.36,57746.0,210054160.4,2.67,36.83,35.85,36.3,36.76,0.93,6.03,103.88,7.17,4718131600.0,3483309357.0,-0.11,-0.11,14.68,17.88
1928,920857,泓禧科技,25.0,-0.99,-0.25,5959.0,14778310.08,3.33,25.18,24.34,25.18,25.25,1.0,0.81,-87.55,5.15,1850178800.0,1850178800.0,0.0,0.4,-30.21,-29.36
1929,001979,招商蛇口,8.0,-0.99,-0.08,457104.0,363222493.39,1.86,8.03,7.88,8.02,8.08,0.77,0.54,70.45,0.74,72128257368.0,67308668272.0,0.0,-0.12,-11.31,-7.41
1930,002746,仙坛股份,6.02,-0.99,-0.06,89195.0,53983018.46,1.64,6.11,6.01,6.04,6.08,0.56,1.26,20.12,1.14,5180443137.0,4272250887.0,-0.17,0.0,-1.95,-0.82
1931,603214,爱婴室,16.03,-0.99,-0.16,41450.0,66942658.0,2.9,16.45,15.98,16.2,16.19,0.81,2.99,27.26,1.88,2220796777.0,2220796777.0,-0.43,-0.37,-7.29,-6.59
1932,301202,朗威股份,39.05,-0.99,-0.39,13937.0,54504676.88,1.65,39.44,38.79,38.99,39.44,1.01,3.75,71.36,4.47,5326420000.0,1451879000.0,-0.2,-0.1,-4.57,-3.34
1933,601186,中国铁建,6.97,-0.99,-0.07,369947.0,258241918.0,0.71,7.01,6.96,7.01,7.04,0.7,0.32,5.15,0.35,94649404255.0,80177621135.0,0.0,0.0,-10.3,-9.13
1934,300772,运达股份,17.03,-0.99,-0.17,275621.0,473237018.86,5.17,17.68,16.79,17.02,17.2,1.27,3.95,39.42,2.0,13400016416.0,11884820174.0,-0.12,0.12,-15.36,-10.65
1935,603085,天成自控,11.04,-0.99,-0.11,36533.0,40321132.0,1.26,11.11,10.97,11.11,11.15,0.57,0.92,65.33,4.92,4383984000.0,4383984000.0,0.09,0.18,-9.14,-6.84
1936,600018,上港集团,5.01,-0.99,-0.05,318454.0,159734112.0,0.99,5.05,5.0,5.04,5.06,0.6,0.14,8.6,0.83,116632602125.0,116466058934.0,0.0,0.0,-7.73,-6.7
1937,300167,ST迪威迅,6.0,-0.99,-0.06,63901.0,38294946.0,2.48,6.1,5.95,6.0,6.06,0.68,1.78,-248.69,81.29,2336244000.0,2153359500.0,0.17,0.33,14.07,21.21
1938,000030,富奥股份,5.01,-0.99,-0.05,194548.0,97740659.0,1.78,5.09,5.0,5.04,5.06,0.41,1.16,14.69,1.06,8616252333.0,8371241289.0,0.2,0.0,-11.48,-12.72
1939,000581,威孚高科,20.76,-1.0,-0.21,79763.0,165491310.27,0.95,20.85,20.65,20.76,20.97,0.75,1.0,13.07,1.0,20070470987.0,16480679937.0,-0.14,-0.19,0.1,0.68
1940,601921,浙版传媒,7.95,-1.0,-0.08,83990.0,66873595.0,1.37,8.03,7.92,7.98,8.03,0.84,0.38,13.74,1.23,17666666673.0,17666666673.0,0.0,-0.13,-1.49,1.66
1941,600845,宝信软件,22.74,-1.0,-0.23,155297.0,352042658.0,2.35,22.98,22.44,22.68,22.97,0.89,0.73,50.02,5.91,65281509957.0,48528391439.0,-0.04,-0.09,8.29,9.8
1942,300346,南大光电,47.7,-1.0,-0.48,277251.0,1328389311.03,2.37,48.47,47.33,47.49,48.18,1.41,4.23,103.1,9.47,32968184273.0,31290724956.0,-0.1,-0.13,3.72,11.19
1943,301353,普莱得,27.66,-1.0,-0.28,9285.0,25725202.6,2.86,28.11,27.31,28.11,27.94,1.0,2.91,33.12,2.1,2715693347.0,881835347.0,-0.11,0.0,3.02,3.98
1944,300433,蓝思科技,29.67,-1.0,-0.3,776955.0,2301102383.25,3.9,30.19,29.02,29.31,29.97,1.12,1.56,38.98,2.85,156620241613.0,147450999267.0,-0.03,0.03,-12.56,-1.98
1945,920271,邦德股份,13.87,-1.0,-0.14,6970.0,9727003.11,2.07,14.1,13.81,13.86,14.01,1.18,1.2,18.13,2.86,1814515010.0,802940278.0,-0.43,-0.14,-15.63,-15.27
1946,603505,金石资源,17.82,-1.0,-0.18,76000.0,134956075.0,1.39,17.87,17.62,17.85,18.0,0.95,0.9,47.74,8.32,14998538248.0,14998538248.0,-0.06,0.0,-7.52,-4.6
1947,000726,鲁  泰Ａ,6.95,-1.0,-0.07,59934.0,41792065.35,1.85,7.05,6.92,7.0,7.02,0.92,1.02,8.48,0.59,5681802969.0,4095888501.0,0.0,0.0,-3.2,-2.39
1948,002134,天津普林,20.84,-1.0,-0.21,39861.0,82826683.56,1.95,21.02,20.61,21.02,21.05,0.79,1.62,1078.35,10.28,5137916941.0,5134583020.0,0.0,-0.05,-19.97,-22.21
1949,300435,中泰股份,26.76,-1.0,-0.27,84322.0,224661295.7,2.85,26.95,26.18,26.69,27.03,0.86,2.29,23.07,3.12,10321679880.0,9869479499.0,-0.15,-0.04,14.6,20.43
1950,688533,上声电子,26.46,-1.01,-0.27,9327.0,24829945.0,2.13,26.9,26.33,26.5,26.73,0.9,0.57,23.71,2.49,4365557105.0,4365557105.0,-0.04,-0.04,-12.85,-9.51
1951,601328,交通银行,6.84,-1.01,-0.07,1092607.0,747617735.0,1.59,6.92,6.81,6.9,6.91,0.85,0.42,6.32,0.53,604408284085.0,178335486652.0,0.0,0.0,-4.74,-5.66
1952,600397,江钨装备,14.75,-1.01,-0.15,356593.0,524591046.0,4.09,15.0,14.39,14.58,14.9,1.02,3.6,-35.7,93.92,14601908260.0,14601908260.0,-0.07,-0.14,91.81,94.08
1953,002165,红 宝 丽,9.79,-1.01,-0.1,465271.0,454415091.77,2.02,9.88,9.68,9.88,9.89,0.66,6.39,144.11,3.52,7198291704.0,7123492766.0,-0.1,0.0,23.3,29.5
1954,603390,通达电气,11.8,-1.01,-0.12,39267.0,46637151.0,1.59,11.98,11.79,11.92,11.92,0.89,1.12,56.7,2.57,4149493411.0,4136064645.0,0.0,0.0,-13.87,-9.72
1955,603006,联明股份,12.77,-1.01,-0.13,27644.0,35453352.0,2.25,13.02,12.73,12.9,12.9,1.24,1.09,41.69,2.49,3246826773.0,3246826773.0,-0.16,-0.31,-4.13,-2.67
1956,000650,仁和药业,5.86,-1.01,-0.06,176267.0,104088810.0,2.03,5.98,5.86,5.88,5.92,0.81,1.32,16.23,1.29,8203638051.0,7801920987.0,-0.17,-0.34,-6.24,3.72
1957,600671,天目药业,21.5,-1.01,-0.22,19901.0,42865065.0,2.72,21.84,21.25,21.55,21.72,0.93,1.63,138.2,39.32,2618246028.0,2616991460.0,0.0,0.05,22.93,24.21
1958,600688,上海石化,2.93,-1.01,-0.03,503983.0,148464290.0,2.7,2.99,2.91,2.96,2.96,0.9,0.69,-21.56,1.34,30889869275.0,21473423555.0,-0.34,0.0,2.09,5.4
1959,920665,科强股份,10.8,-1.01,-0.11,20337.0,22249696.1,3.85,11.16,10.74,10.88,10.91,0.88,3.17,43.2,1.94,1403892000.0,691974014.0,0.0,-0.09,-25.72,-23.35
1960,300701,森霸传感,11.68,-1.02,-0.12,41739.0,48997616.0,2.03,11.84,11.6,11.72,11.8,0.94,1.68,40.4,3.39,3302346190.0,2909742893.0,-0.51,-0.17,-13.22,-10.15
1961,000680,山推股份,11.7,-1.02,-0.12,194405.0,228587561.44,1.86,11.9,11.68,11.75,11.82,0.84,1.48,14.49,2.84,17551668560.0,15381739082.0,0.09,0.09,-6.02,-2.26
1962,603858,步长制药,16.53,-1.02,-0.17,64292.0,107581514.0,3.59,17.07,16.47,16.63,16.7,1.2,0.61,15.06,1.65,17432016346.0,17432016346.0,0.06,0.24,1.41,5.69
1963,300348,长亮科技,13.64,-1.02,-0.14,169923.0,231817213.82,1.89,13.76,13.5,13.53,13.78,0.75,2.4,-728.19,5.23,11062561048.0,9673002621.0,0.0,0.07,-10.73,-11.89
1964,001360,南矿集团,21.36,-1.02,-0.22,25144.0,53432543.0,2.5,21.57,21.03,21.43,21.58,1.34,3.07,58.07,3.07,4357440000.0,1746845279.0,-0.05,-0.05,-3.26,-0.88
1965,605020,永和股份,24.2,-1.02,-0.25,59594.0,144431225.0,0.9,24.35,24.13,24.3,24.45,0.67,1.18,22.01,2.15,12361813097.0,12170760485.0,0.0,0.04,-11.87,-10.0
1966,605218,伟时电子,17.4,-1.02,-0.18,22193.0,38805666.0,2.1,17.63,17.26,17.58,17.58,1.15,1.04,130.44,2.8,4224976145.0,3703302204.0,-0.17,-0.23,-9.0,-5.69
1967,920001,纬达光电,15.5,-1.02,-0.16,15391.0,24036274.93,3.0,15.87,15.4,15.45,15.66,1.13,1.74,-121.47,3.33,2381671162.0,1374710810.0,0.13,0.26,-25.87,-20.43
1968,300196,长海股份,17.54,-1.02,-0.18,109733.0,191059301.62,3.27,17.7,17.12,17.46,17.72,0.95,4.44,21.96,1.52,7168919263.0,4331082391.0,-0.4,-0.17,17.88,20.47
1969,002122,ST汇洲,2.91,-1.02,-0.03,130874.0,38122107.0,1.02,2.93,2.9,2.92,2.94,0.74,0.66,77.68,2.67,5824366673.0,5785717546.0,-0.34,0.0,-3.64,-3.0
1970,688166,博瑞医药,51.18,-1.02,-0.53,98018.0,500745728.0,4.95,52.47,49.91,51.37,51.71,0.66,2.32,397.22,8.8,21654485956.0,21654485956.0,-0.35,-0.35,-3.07,4.32
1971,600995,南网储能,13.63,-1.02,-0.14,181198.0,247575950.0,2.11,13.83,13.54,13.7,13.77,0.74,0.57,25.8,1.93,43561559122.0,43561559122.0,-0.15,-0.15,5.99,8.43
1972,601665,齐鲁银行,5.82,-1.02,-0.06,550732.0,321563623.0,2.21,5.92,5.79,5.85,5.88,1.06,0.89,6.27,0.73,35815363496.0,35815363496.0,0.0,-0.17,4.11,3.56
1973,600685,中船防务,28.2,-1.02,-0.29,133105.0,374374876.0,2.28,28.49,27.84,28.1,28.49,0.96,1.62,39.53,2.19,39860879860.0,23164472104.0,-0.04,0.0,-7.27,-0.88
1974,301557,常友科技,100.81,-1.03,-1.05,5503.0,55085721.0,2.26,101.5,99.2,101.24,101.86,0.86,3.1,58.88,4.42,4466676476.0,1790888037.0,-0.05,0.18,-16.69,-22.92
1975,603270,金帝股份,25.09,-1.03,-0.26,19283.0,48502358.0,1.3,25.34,25.01,25.26,25.35,0.74,2.73,37.35,2.43,5497386275.0,1774281175.0,0.2,0.12,-4.6,-7.18
1976,001337,四川黄金,50.79,-1.03,-0.53,177496.0,899748484.88,4.19,51.65,49.5,50.68,51.32,1.19,4.23,45.79,11.66,21331800000.0,21331800000.0,-0.12,0.2,72.52,82.3
1977,002479,富春环保,5.76,-1.03,-0.06,267817.0,154819508.0,2.06,5.85,5.73,5.76,5.82,0.48,3.1,15.36,1.18,4982400000.0,4971299581.0,0.0,-0.17,15.66,17.55
1978,603213,镇洋发展,13.4,-1.03,-0.14,17024.0,22880604.0,1.33,13.55,13.37,13.49,13.54,0.48,0.39,87.65,3.19,5922429557.0,5922429557.0,-0.3,0.0,1.28,2.06
1979,300637,扬帆新材,11.51,-1.03,-0.12,50951.0,58956092.0,2.41,11.73,11.45,11.5,11.63,1.02,2.17,66.12,3.69,2701973996.0,2699151905.0,-0.35,-0.17,-6.57,-1.03
1980,600227,赤天化,3.84,-1.03,-0.04,2215384.0,855976153.0,11.34,4.15,3.71,3.94,3.88,1.07,17.34,-31.9,2.71,6484714310.0,4905983244.0,-0.52,-0.26,54.84,61.34
1981,688521,芯原股份,238.24,-1.03,-2.48,176718.0,4255168968.0,5.64,247.6,234.03,235.0,240.72,0.85,3.36,-237.38,36.66,125294054640.0,125294054640.0,0.03,0.48,60.11,73.94
1982,300600,国瑞科技,12.46,-1.03,-0.13,34137.0,42510036.0,2.22,12.59,12.31,12.55,12.59,0.88,1.16,-66.63,3.04,3666161621.0,3666161621.0,-0.16,-0.16,-17.7,-16.38
1983,603201,常润股份,16.21,-1.04,-0.17,11807.0,19190814.0,1.59,16.4,16.14,16.38,16.38,0.73,0.63,14.08,1.77,3079571294.0,3053230368.0,0.12,0.19,-4.7,-3.97
1984,600855,航天长峰,17.19,-1.04,-0.18,93410.0,161319347.0,2.01,17.5,17.15,17.3,17.37,1.24,2.0,-46.95,5.61,8054249494.0,8038726924.0,-0.06,-0.06,-32.46,-18.3
1985,603221,爱丽家居,11.42,-1.04,-0.12,32986.0,37968367.0,3.81,11.8,11.36,11.54,11.54,1.52,1.36,97.09,1.74,2792646800.0,2766723400.0,0.09,0.18,-19.92,-12.82
1986,300721,怡达股份,14.25,-1.04,-0.15,41472.0,59380719.2,3.33,14.57,14.09,14.39,14.4,0.76,3.0,-19.61,2.08,2349066031.0,1971511283.0,0.07,0.0,9.2,11.94
1987,688233,神工股份,74.38,-1.04,-0.78,46137.0,343093403.0,3.31,75.5,73.01,73.75,75.16,0.94,2.71,124.14,6.7,12667340644.0,12667340644.0,0.0,0.05,0.64,6.21
1988,688536,思瑞浦,184.3,-1.04,-1.94,39201.0,724719694.0,2.19,187.17,183.1,185.0,186.24,0.85,2.89,147.1,4.09,25447311517.0,25000106830.0,0.03,-0.07,9.7,15.27
1989,601890,亚星锚链,10.34,-1.05,-0.11,229034.0,236752644.0,1.63,10.43,10.26,10.35,10.45,0.9,2.39,35.21,2.68,9920196000.0,9920196000.0,0.0,0.0,-3.09,0.49
1990,300852,四会富仕,40.71,-1.05,-0.43,36860.0,150207820.04,2.28,41.06,40.12,40.49,41.14,0.79,2.38,51.0,2.91,6534816627.0,6308271421.0,-0.2,-0.07,5.25,6.63
1991,000006,深振业Ａ,8.52,-1.05,-0.09,171588.0,146037143.75,3.48,8.67,8.37,8.58,8.61,0.57,1.27,-272.19,2.15,11501957792.0,11501870888.0,0.0,0.12,-13.59,-14.37
1992,002805,丰元股份,16.92,-1.05,-0.18,126815.0,215708772.14,4.91,17.44,16.6,17.0,17.1,0.85,4.55,-9.49,4.8,4738657635.0,4712940758.0,-0.18,-0.18,-6.83,-4.57
1993,603568,伟明环保,25.53,-1.05,-0.27,58606.0,151249845.0,2.79,26.22,25.5,25.8,25.8,1.2,0.34,15.34,3.0,43659569346.0,43580834826.0,-0.12,-0.08,0.59,0.59
1994,603282,亚光股份,20.66,-1.05,-0.22,15810.0,32708556.0,3.02,21.01,20.38,20.81,20.88,0.82,1.18,20.96,2.09,2764721200.0,2764721200.0,0.15,0.15,1.82,4.13
1995,301678,新恒汇,61.04,-1.05,-0.65,17401.0,106508402.5,1.99,61.88,60.65,61.28,61.69,0.89,3.63,91.51,7.66,14622465706.0,2924493178.0,-0.03,-0.03,-10.45,-4.95
1996,301658,首航新能,41.4,-1.05,-0.44,124915.0,510048452.13,5.35,41.99,39.75,41.0,41.84,1.03,12.82,112.21,5.4,17072164989.0,4033050593.0,-0.12,0.0,38.6,44.96
1997,688113,联测科技,38.82,-1.05,-0.41,5430.0,21182849.0,1.63,39.32,38.68,39.2,39.23,0.77,0.84,28.07,2.54,2499913240.0,2499913240.0,-0.18,-0.21,-2.76,-1.8
1998,603878,武进不锈,7.52,-1.05,-0.08,96249.0,72118039.0,2.76,7.59,7.38,7.57,7.6,0.97,1.72,54.06,1.61,4219758760.0,4219758760.0,0.0,-0.13,-6.23,-18.79
1999,600171,上海贝岭,27.2,-1.05,-0.29,93678.0,255214832.0,2.0,27.59,27.04,27.16,27.49,1.18,1.32,81.63,4.26,19282713842.0,19282713842.0,-0.07,-0.11,-15.95,-12.96
2000,000541,佛山照明,5.64,-1.05,-0.06,53372.0,30131339.32,1.4,5.69,5.61,5.67,5.7,0.94,0.43,46.07,1.29,8661789217.0,6940207282.0,0.0,0.18,-7.54,-6.16
2001,600201,生物股份,15.11,-1.05,-0.16,213491.0,323416957.0,2.36,15.39,15.03,15.16,15.27,0.83,1.92,78.1,3.07,16798509651.0,16798509651.0,0.0,-0.07,-6.15,0.27
2002,301075,多瑞医药,63.3,-1.05,-0.67,12002.0,74877701.5,3.5,63.93,61.69,63.93,63.97,0.88,1.5,-47.64,8.48,5064000000.0,5064000000.0,-0.16,0.0,12.31,6.08
2003,002419,天虹股份,5.63,-1.05,-0.06,212318.0,119909408.72,2.64,5.72,5.57,5.68,5.69,1.03,1.82,79.11,1.62,6580612833.0,6579783674.0,0.0,0.0,1.62,1.81
2004,600241,时代万恒,9.43,-1.05,-0.1,86655.0,82090530.0,3.67,9.65,9.3,9.43,9.53,0.62,2.94,-21.05,2.68,2775268944.0,2775268944.0,-0.32,-0.53,12.4,12.93
2005,000700,模塑科技,11.28,-1.05,-0.12,314380.0,353385586.75,2.63,11.37,11.07,11.29,11.4,0.97,3.42,20.7,2.58,10355213588.0,10355213588.0,0.09,0.18,-23.27,-19.72
2006,300593,新雷能,24.38,-1.06,-0.26,165010.0,407047433.19,3.0,25.05,24.31,25.0,24.64,1.13,3.66,-110.39,5.54,13226112674.0,10977424154.0,0.04,-0.12,-21.51,-18.08
2007,300824,北鼎股份,10.24,-1.06,-0.11,31376.0,32212535.5,1.55,10.36,10.2,10.33,10.35,0.82,0.99,29.43,4.45,3341738824.0,3240911944.0,0.29,0.39,-10.8,-9.46
2008,002862,实丰文化,16.76,-1.06,-0.18,30821.0,51745143.07,2.77,17.06,16.59,16.94,16.94,0.66,2.44,-35.92,7.04,2815680000.0,2115915072.0,-0.36,-0.24,-13.61,-14.18
2009,002466,天齐锂业,57.65,-1.06,-0.62,499803.0,2900584340.34,3.67,59.17,57.03,58.13,58.27,1.13,3.39,212.62,2.23,98365023270.0,85068233348.0,0.0,0.0,-2.75,4.1
2010,002127,南极电商,2.79,-1.06,-0.03,260368.0,72887961.2,1.77,2.83,2.78,2.81,2.82,1.17,1.31,120.04,1.64,6849088424.0,5565305062.0,-0.36,-0.36,-14.68,-17.21
2011,002262,恩华药业,22.48,-1.06,-0.24,53416.0,121061593.29,2.11,22.93,22.45,22.6,22.72,0.67,0.6,15.48,2.82,22834882386.0,19870262540.0,-0.13,-0.04,-8.32,-6.84
2012,920221,易实精密,14.05,-1.06,-0.15,6955.0,9828195.97,2.54,14.32,13.96,14.09,14.2,1.22,1.13,27.22,3.88,1630362000.0,867796957.0,0.07,0.07,-20.85,-18.46
2013,300285,国瓷材料,31.88,-1.06,-0.34,271241.0,865191512.28,3.38,32.24,31.15,31.15,32.22,0.92,3.22,48.71,4.54,31785899772.0,26822073722.0,0.19,0.0,8.55,16.31
2014,603032,德新科技,17.71,-1.06,-0.19,34153.0,60745634.0,1.45,17.94,17.68,17.81,17.9,0.87,1.47,83.45,3.64,4130457254.0,4102752438.0,-0.34,-0.06,-9.5,-7.57
2015,605378,野马电池,19.65,-1.06,-0.21,12225.0,24081965.0,1.46,19.86,19.57,19.71,19.86,0.71,0.47,70.47,4.11,5135456760.0,5135456760.0,-0.15,-0.15,-14.82,-12.59
2016,301487,盟固利,20.5,-1.06,-0.22,77088.0,158706667.94,1.98,20.83,20.42,20.6,20.72,0.9,2.83,873.43,5.0,9422136979.0,5592277082.0,0.05,0.0,-9.61,-6.52
2017,000878,云南铜业,18.74,-1.06,-0.2,390381.0,730831819.21,2.27,18.93,18.5,18.55,18.94,0.95,1.95,34.92,2.76,45447948910.0,37547853979.0,-0.05,0.16,-11.81,-8.63
2018,301536,星宸科技,72.04,-1.06,-0.77,38556.0,278428662.1,2.14,73.08,71.52,71.53,72.81,0.85,2.06,98.52,9.39,30380365313.0,13485402594.0,-0.06,-0.04,16.03,20.25
2019,002284,亚太股份,14.0,-1.06,-0.15,97740.0,136872649.63,1.27,14.11,13.93,14.0,14.15,0.63,1.33,21.11,3.08,10347404872.0,10250636872.0,0.0,-0.07,-12.83,-6.23
2020,688153,唯捷创芯,33.76,-1.06,-0.36,33124.0,111861445.0,1.82,34.15,33.53,33.78,34.12,1.07,0.81,323.19,3.61,14527367150.0,13815928693.0,-0.03,0.03,-12.22,-10.31
2021,603016,新宏泰,42.16,-1.06,-0.45,64004.0,271470812.0,3.85,43.34,41.7,42.76,42.61,0.6,4.32,97.99,7.57,6246425600.0,6246425600.0,-0.07,-0.07,39.6,39.97
2022,688419,耐科装备,49.46,-1.06,-0.53,63244.0,320499089.0,9.2,52.98,48.38,48.5,49.99,2.01,10.63,70.53,5.46,5665725549.0,2943341997.0,-0.02,0.22,71.14,76.71
2023,920640,富士达,34.59,-1.06,-0.37,35127.0,121285469.2,2.6,34.98,34.07,34.4,34.96,0.86,1.95,83.54,7.01,6493511520.0,6236989832.0,0.0,-0.17,-11.1,-8.05
2024,301092,争光股份,33.3,-1.07,-0.36,9824.0,32818302.08,2.02,33.71,33.03,33.48,33.66,0.86,1.62,42.5,2.31,4480024957.0,2020929847.0,0.09,0.09,-6.75,-5.29
2025,605077,华康股份,14.8,-1.07,-0.16,37132.0,55172642.0,2.27,15.08,14.74,14.93,14.96,1.09,1.24,19.98,1.49,4485139911.0,4431556511.0,0.0,-0.07,-3.96,0.14
2026,002571,德力股份,12.03,-1.07,-0.13,68104.0,82676354.0,2.88,12.35,12.0,12.05,12.16,0.94,2.28,-39.38,4.83,4715166921.0,3588623442.0,0.0,0.0,-6.16,2.3
2027,002935,天奥电子,18.44,-1.07,-0.2,46121.0,85655669.4,1.93,18.78,18.42,18.56,18.64,1.04,1.11,120.66,4.83,7820450248.0,7654275883.0,-0.16,-0.16,-17.42,-17.49
2028,603193,润本股份,25.03,-1.07,-0.27,70088.0,173634057.0,2.53,25.15,24.51,24.95,25.3,0.7,6.78,28.55,4.66,10126970649.0,2586507939.0,0.0,0.44,0.85,3.3
2029,300797,钢研纳克,14.86,-1.07,-0.16,25004.0,37271882.72,1.53,15.02,14.79,14.88,15.02,1.16,0.66,42.79,4.5,5687341201.0,5624389114.0,0.0,0.0,-12.64,-12.33
2030,603776,永安行,18.44,-1.07,-0.2,12840.0,23707037.0,1.39,18.6,18.34,18.55,18.64,0.66,0.46,-55.96,1.45,5177224948.0,5177224948.0,0.05,0.0,0.93,3.13
2031,000876,新 希 望,8.35,-1.07,-0.09,194018.0,162320394.6,1.18,8.42,8.32,8.38,8.44,0.78,0.43,37.1,1.69,37598173229.0,37575030252.0,0.12,0.12,-10.22,-9.44
2032,600115,中国东航,4.61,-1.07,-0.05,2836451.0,1307828883.0,3.86,4.71,4.53,4.53,4.66,1.35,1.67,-62.35,8.02,101824466049.0,78485088157.0,-0.22,-0.43,-24.8,-23.17
2033,603822,ST嘉澳,91.41,-1.07,-0.99,16110.0,149143118.0,5.6,95.56,90.39,93.97,92.4,1.85,2.1,224.02,18.66,7022654239.0,7022654239.0,0.07,0.66,-13.8,-5.26
2034,688401,路维光电,52.8,-1.07,-0.57,42530.0,222910014.0,2.29,53.14,51.92,52.89,53.37,1.44,2.2,40.73,6.11,10208811096.0,10208811096.0,0.06,0.15,3.96,8.17
2035,000001,平安银行,11.1,-1.07,-0.12,602365.0,669239285.37,1.43,11.22,11.06,11.17,11.22,0.71,0.31,5.05,0.48,215405691998.0,215402167248.0,0.0,0.0,-4.88,-2.72
2036,601137,博威合金,19.35,-1.07,-0.21,224811.0,439128991.0,2.71,19.86,19.33,19.42,19.56,1.56,2.45,15.14,1.8,17772732158.0,17759574158.0,-0.26,-0.31,-13.03,-9.45
2037,601898,中煤能源,17.36,-1.08,-0.19,434242.0,758066341.0,2.05,17.64,17.28,17.36,17.55,0.79,0.47,12.87,1.44,230170396624.0,158878726944.0,-0.17,-0.17,33.54,39.55
2038,600610,中毅达,9.14,-1.08,-0.1,182104.0,166413768.0,1.84,9.23,9.06,9.18,9.24,0.7,2.57,193.09,81.52,9791449890.0,6477762084.0,0.0,0.0,-12.03,-7.96
2039,300897,山科智能,24.71,-1.08,-0.27,7655.0,18926750.34,1.8,25.05,24.6,25.05,24.98,0.81,0.88,99.37,3.53,3464831357.0,2160144938.0,-0.12,0.0,-5.51,-3.93
2040,002181,粤 传 媒,12.85,-1.08,-0.14,2074344.0,2782371452.8,12.39,14.26,12.65,13.92,12.99,2.94,18.28,162.03,3.52,14919597536.0,14578801786.0,-0.16,-0.7,42.15,49.07
2041,002036,联创电子,9.17,-1.08,-0.1,233102.0,214925185.72,2.91,9.38,9.11,9.14,9.27,0.93,2.21,142.84,4.51,9698174174.0,9678639497.0,-0.11,-0.11,-25.51,-16.79
2042,000815,美利云,20.09,-1.08,-0.22,1581628.0,3231634689.65,6.25,21.12,19.85,20.74,20.31,1.29,22.75,323.9,10.34,13967834373.0,13967834373.0,-0.05,-0.45,74.09,79.54
2043,688162,巨一科技,31.12,-1.08,-0.34,10291.0,32161158.0,1.94,31.56,30.95,31.17,31.46,0.94,0.75,52.72,1.75,4266576118.0,4266576118.0,-0.54,-0.32,-0.83,1.04
2044,920123,芭薇股份,12.79,-1.08,-0.14,10627.0,13701689.99,2.47,13.06,12.74,12.81,12.93,0.73,1.67,36.82,3.43,1426596600.0,813864740.0,0.31,0.08,-16.3,-14.85
2045,600507,方大特钢,5.48,-1.08,-0.06,246618.0,135138194.0,2.89,5.57,5.41,5.51,5.54,1.06,1.07,13.45,1.25,12676269637.0,12676269637.0,-0.18,-0.18,-7.9,-6.96
2046,600288,大恒科技,14.69,-1.08,-0.16,36290.0,53503340.0,1.48,14.85,14.63,14.77,14.85,0.8,0.83,70.01,3.37,6416592000.0,6416592000.0,-0.07,-0.07,-3.99,-1.94
2047,301118,恒光股份,24.47,-1.09,-0.27,18015.0,44138709.5,1.74,24.7,24.27,24.64,24.74,0.63,1.71,-1221.98,2.01,2696505908.0,2570633770.0,0.0,-0.16,-3.85,-1.17
2048,688391,钜泉科技,30.04,-1.09,-0.33,8469.0,25643093.0,1.61,30.52,30.03,30.36,30.37,0.79,0.74,80.72,1.86,3460054062.0,3460054062.0,-0.33,-0.2,0.87,6.04
2049,603235,天新药业,27.11,-1.09,-0.3,5998.0,16384397.0,2.12,27.69,27.11,27.27,27.41,0.66,0.14,19.34,2.48,11868215800.0,11868215800.0,0.0,-0.11,0.59,0.52
2050,603092,德力佳,67.03,-1.09,-0.74,12039.0,80548950.0,1.59,67.39,66.31,67.11,67.77,0.67,3.6,31.93,6.84,26812006703.0,2242318394.0,0.0,0.03,3.22,7.27
2051,688475,萤石网络,27.15,-1.09,-0.3,27767.0,75497659.0,1.68,27.47,27.01,27.21,27.45,0.97,0.35,37.74,3.69,21380625000.0,21380625000.0,0.11,0.11,-11.56,-9.83
2052,920207,众诚科技,29.9,-1.09,-0.33,58405.0,172535416.1,5.29,30.3,28.7,28.7,30.23,1.57,10.37,3503.5,9.26,2756630500.0,1683802593.0,0.13,0.57,32.59,34.38
2053,600435,北方导航,14.58,-1.09,-0.16,168450.0,245764480.0,1.22,14.7,14.52,14.65,14.74,0.88,1.11,182.82,7.56,22050175980.0,22050175980.0,-0.07,0.0,-19.09,-5.45
2054,600050,中国联通,4.52,-1.09,-0.05,1081871.0,489453031.0,1.09,4.55,4.5,4.55,4.57,0.83,0.35,15.48,0.84,141315202478.0,140076649367.0,-0.22,-0.22,-13.41,-11.55
2055,605169,洪通燃气,11.84,-1.09,-0.13,30475.0,36287931.0,2.09,12.07,11.82,11.97,11.97,0.66,1.08,27.18,1.71,3349299200.0,3349299200.0,-0.17,-0.34,-11.84,-10.17
2056,300161,华中数控,28.04,-1.09,-0.31,18022.0,50506595.54,0.88,28.16,27.91,28.16,28.35,0.85,0.92,-70.23,3.63,5571461244.0,5467657080.0,-0.04,-0.04,-4.4,-3.44
2057,000922,佳电股份,13.45,-1.1,-0.15,64051.0,86057188.14,2.06,13.6,13.32,13.55,13.6,0.88,1.09,36.79,2.03,9347550321.0,7900708253.0,0.0,0.37,-1.97,-2.25
2058,301023,奕帆传动,39.69,-1.1,-0.44,14083.0,56134809.22,2.87,40.63,39.48,40.17,40.13,1.11,3.23,39.89,3.65,3102434339.0,1727972179.0,0.15,0.13,-7.37,-8.34
2059,002666,德联集团,5.39,-1.1,-0.06,82493.0,44557103.0,2.2,5.46,5.34,5.45,5.45,0.68,1.65,39.8,1.18,4247316232.0,2698601603.0,-0.19,0.0,-1.1,-2.18
2060,920252,天宏锂电,26.96,-1.1,-0.3,18932.0,51338061.46,2.64,27.52,26.8,27.5,27.26,0.82,2.77,286.53,10.49,2767461928.0,1839514203.0,-0.04,-0.07,-14.28,-10.7
2061,001229,魅视科技,35.8,-1.1,-0.4,14012.0,49929902.0,1.99,36.0,35.28,35.79,36.2,0.88,2.66,68.44,3.68,3667763700.0,1885923666.0,-0.2,0.45,-16.9,-17.55
2062,601169,北京银行,5.4,-1.1,-0.06,657666.0,356210053.0,0.92,5.45,5.4,5.45,5.46,0.64,0.31,4.07,0.41,114172115069.0,114172115069.0,0.0,0.0,-3.4,-1.46
2063,603368,柳药集团,17.08,-1.1,-0.19,35120.0,60239202.0,1.97,17.34,17.0,17.21,17.27,0.85,0.88,7.88,0.88,6784369943.0,6784369943.0,-0.06,0.12,-6.67,-4.15
2064,600478,科力远,7.18,-1.1,-0.08,302747.0,217519145.0,2.2,7.27,7.11,7.18,7.26,0.67,1.82,68.13,4.12,11958583777.0,11958583777.0,-0.14,-0.14,1.56,4.21
2065,605066,天正电气,8.06,-1.1,-0.09,84328.0,68126132.0,2.21,8.17,7.99,8.1,8.15,1.02,1.68,29.01,2.28,4068286008.0,4049610988.0,-0.25,0.12,8.48,10.41
2066,603990,麦迪科技,15.34,-1.1,-0.17,131528.0,202616140.0,2.19,15.55,15.21,15.31,15.51,1.21,4.29,119.98,5.63,4698377094.0,4698377094.0,-0.2,-0.07,0.26,1.12
2067,603727,博迈科,19.87,-1.1,-0.22,101397.0,200866371.0,4.33,20.39,19.52,20.09,20.09,0.62,3.6,91.1,1.74,5597762034.0,5597762034.0,0.0,0.15,37.32,42.64
2068,002045,国光电器,11.74,-1.1,-0.13,110831.0,131292769.0,2.02,11.98,11.74,11.86,11.87,1.77,1.97,259.02,1.49,6603551970.0,6595918035.0,-0.17,-0.25,-19.37,-17.15
2069,600108,亚盛集团,4.48,-1.1,-0.05,643311.0,289124593.0,2.65,4.57,4.45,4.5,4.53,0.64,3.3,185.59,2.02,8722179742.0,8722179742.0,-0.44,-0.22,40.0,42.22
2070,002206,海 利 得,6.3,-1.1,-0.07,152617.0,96853316.86,2.2,6.42,6.28,6.34,6.37,0.9,1.79,13.23,1.87,7321905486.0,5374005122.0,-0.16,0.0,2.61,7.69
2071,002991,甘源食品,51.3,-1.1,-0.57,5543.0,28691963.0,2.01,52.32,51.28,51.71,51.87,0.7,1.11,22.96,2.88,4781972130.0,2561599118.0,-0.12,-0.31,-11.99,-9.86
2072,002211,ST宏达,3.55,-1.11,-0.04,44141.0,15694831.0,1.67,3.59,3.53,3.59,3.59,0.97,1.02,-108.08,113.16,1535289015.0,1535289015.0,0.57,0.28,7.25,11.29
2073,002391,长青股份,6.21,-1.11,-0.07,79170.0,49499427.0,1.91,6.32,6.2,6.25,6.28,0.75,1.71,57.86,0.95,4033969736.0,2882190236.0,0.0,0.0,2.48,4.72
2074,300882,万胜智能,23.18,-1.11,-0.26,59493.0,138048652.81,2.05,23.48,23.0,23.15,23.44,0.78,2.23,30.31,5.06,6634143538.0,6173460555.0,0.04,0.13,18.75,23.3
2075,002352,顺丰控股,37.53,-1.11,-0.42,140082.0,526675717.58,1.24,37.94,37.47,37.8,37.95,0.62,0.29,17.01,1.91,189129823250.0,179018549572.0,0.05,0.03,-3.99,-2.06
2076,603733,仙鹤股份,22.22,-1.11,-0.25,30425.0,67768836.0,2.49,22.46,21.9,22.37,22.47,0.82,0.43,15.16,1.9,15725631546.0,15725631546.0,-0.04,0.0,-9.97,-8.07
2077,001330,博纳影业,7.13,-1.11,-0.08,834068.0,596736142.0,3.88,7.31,7.03,7.09,7.21,1.74,6.07,-6.62,2.34,9800320356.0,9800320356.0,0.14,-0.14,-6.06,-6.18
2078,001212,中旗新材,51.62,-1.11,-0.58,40776.0,211526075.0,3.16,53.1,51.45,52.24,52.2,1.01,2.35,2102.64,5.64,10373535791.0,8974071133.0,-0.06,-0.04,0.12,1.81
2079,300644,南京聚隆,30.16,-1.11,-0.34,28367.0,85294929.5,1.9,30.44,29.86,30.44,30.5,1.08,3.2,25.19,3.18,3337084024.0,2671643736.0,0.03,0.3,-16.45,-18.29
2080,002690,美亚光电,17.82,-1.11,-0.2,35663.0,63780881.92,1.72,18.06,17.75,17.85,18.02,0.63,0.82,21.86,5.37,15721318998.0,7729371807.0,-0.06,0.0,-15.66,-13.37
2081,002739,万达电影,9.83,-1.11,-0.11,260096.0,255661048.46,1.31,9.9,9.77,9.88,9.94,1.04,1.24,21.98,2.7,20758784700.0,20642139364.0,-0.2,-0.1,-13.85,-13.16
2082,002652,扬子新材,4.44,-1.11,-0.05,148748.0,65763176.2,2.67,4.49,4.37,4.49,4.49,0.69,2.9,-109.26,9.07,2273564160.0,2273564160.0,0.0,0.45,12.12,12.41
2083,920522,纳科诺尔,49.0,-1.11,-0.55,22062.0,108192837.32,2.64,49.72,48.41,48.89,49.55,0.92,1.7,117.82,7.14,7680785280.0,6371835540.0,-0.16,-0.43,-29.77,-19.79
2084,688103,国力电子,55.0,-1.11,-0.62,8815.0,48686767.0,1.91,55.82,54.76,55.3,55.62,0.79,0.92,74.24,4.64,5242356130.0,5242356130.0,0.0,-0.11,-13.22,-9.23
2085,002340,格林美,7.94,-1.12,-0.09,1018453.0,809502525.79,2.12,8.04,7.87,7.94,8.03,0.95,2.01,27.41,1.97,40520468046.0,40300566768.0,0.0,0.0,-8.1,-5.02
2086,300129,泰胜风能,12.41,-1.12,-0.14,251763.0,310915239.81,3.19,12.52,12.12,12.35,12.55,0.72,3.5,47.65,2.53,13760868770.0,8919193408.0,0.0,-0.08,8.48,18.64
2087,002111,威海广泰,9.75,-1.12,-0.11,51926.0,50406889.8,2.23,9.84,9.62,9.8,9.86,0.77,1.06,30.7,1.73,5187101312.0,4765321626.0,0.0,0.1,-7.67,-7.32
2088,001300,三柏硕,15.92,-1.12,-0.18,19583.0,31237796.0,2.48,16.11,15.71,16.03,16.1,0.65,0.8,-632.73,3.75,3880912551.0,3880912551.0,0.0,-0.25,-1.91,3.04
2089,920237,力佳科技,18.49,-1.12,-0.21,7983.0,14918355.38,3.58,19.02,18.35,18.7,18.7,1.22,0.94,38.6,3.06,1597402872.0,1567170335.0,-0.59,-0.16,-28.64,-20.81
2090,300445,康斯特,20.35,-1.12,-0.23,33857.0,69208380.0,2.58,20.76,20.23,20.59,20.58,0.89,2.41,41.4,3.37,4322950765.0,2860232732.0,0.2,0.3,-20.35,-21.91
2091,301578,辰奕智能,33.53,-1.12,-0.38,5355.0,17986848.28,2.09,33.99,33.28,33.99,33.91,0.71,2.31,95.55,2.93,2732205160.0,776886747.0,-0.03,0.03,-2.73,-0.74
2092,300918,南山智尚,14.12,-1.12,-0.16,68370.0,96836010.92,3.43,14.49,14.0,14.15,14.28,1.2,1.35,45.68,1.88,7146618109.0,7146618109.0,-0.07,0.0,-21.69,-24.05
2093,688328,深科达,40.45,-1.12,-0.46,68259.0,277017826.0,5.5,41.63,39.38,39.8,40.91,0.59,7.23,152.71,4.6,3820757133.0,3820757133.0,0.0,-0.39,32.28,38.62
2094,002004,华邦健康,5.31,-1.12,-0.06,314335.0,168202673.0,2.98,5.45,5.29,5.34,5.37,1.16,1.67,12.89,1.08,10513370904.0,9991399168.0,0.0,-0.19,8.59,11.09
2095,688187,时代电气,50.82,-1.13,-0.58,26418.0,134366370.0,1.05,51.13,50.59,51.12,51.4,0.69,0.3,16.85,1.62,69010938298.0,44157879760.0,0.34,0.38,-2.51,-0.92
2096,601229,上海银行,9.62,-1.13,-0.11,265923.0,257210467.0,1.64,9.78,9.62,9.69,9.73,0.72,0.19,5.65,0.56,136690751852.0,136690751852.0,-0.1,-0.21,-3.12,-4.75
2097,301107,瑜欣电子,27.96,-1.13,-0.32,9807.0,27355428.0,2.19,28.28,27.66,28.16,28.28,0.82,1.67,29.02,3.01,2839713223.0,1641865722.0,0.0,0.11,-2.24,-0.99
2098,920570,坤博精工,28.78,-1.13,-0.33,4085.0,11750431.76,2.95,29.28,28.42,28.98,29.11,0.87,1.68,146.39,4.14,1443887448.0,701219664.0,0.81,0.77,-17.49,-15.0
2099,600332,白云山,22.85,-1.13,-0.26,100648.0,230644848.0,1.04,23.06,22.82,22.98,23.11,0.81,0.72,12.45,0.98,37149323185.0,32124608185.0,0.0,0.0,-11.98,-11.23
2100,301348,蓝箭电子,24.5,-1.13,-0.28,73381.0,179608059.99,2.58,24.68,24.04,24.1,24.78,0.87,4.73,-166.41,3.95,5880000000.0,3800909665.0,-0.04,-0.04,14.92,21.35
2101,003009,中天火箭,57.08,-1.13,-0.65,22521.0,128512683.23,1.7,57.64,56.66,56.93,57.73,0.8,1.37,-92.29,6.05,9402070219.0,9400351255.0,0.04,0.09,-37.72,-27.32
2102,002387,维信诺,7.91,-1.13,-0.09,103715.0,82396247.35,1.75,8.01,7.87,7.89,8.0,0.9,0.74,-5.11,2.75,11048656700.0,11034421073.0,-0.13,0.0,-11.92,-8.24
2103,601598,中国外运,6.15,-1.13,-0.07,219687.0,135667080.0,3.05,6.29,6.1,6.18,6.22,0.74,0.43,10.97,1.07,44118570046.0,31718441896.0,-0.32,0.0,0.65,1.49
2104,300965,恒宇信通,53.48,-1.13,-0.61,4730.0,25351566.1,2.0,54.08,53.0,53.84,54.09,0.92,0.87,88.97,2.59,3208800000.0,2892933750.0,-0.32,-0.22,-22.36,-24.29
2105,301388,欣灵电气,31.62,-1.13,-0.36,15343.0,48693743.85,3.22,32.38,31.35,31.92,31.98,0.79,5.61,153.12,3.31,3239393112.0,865015313.0,-0.35,-0.13,2.3,4.08
2106,920599,同力股份,18.34,-1.13,-0.21,33279.0,61193534.13,1.89,18.55,18.2,18.5,18.55,1.07,0.95,9.89,2.34,8482708500.0,6429533506.0,0.05,0.11,-13.04,-11.53
2107,601666,平煤股份,7.87,-1.13,-0.09,184362.0,145360093.0,1.76,7.97,7.83,7.92,7.96,0.61,0.75,52.12,0.85,19433894011.0,19433894011.0,-0.13,-0.13,-2.24,0.0
2108,001255,博菲电气,36.81,-1.13,-0.42,11602.0,42630699.0,1.72,37.05,36.41,37.0,37.23,0.83,1.63,333.4,4.05,3202771253.0,2615571360.0,-0.03,0.03,2.76,14.92
2109,002050,三花智控,43.78,-1.13,-0.5,643807.0,2815482171.06,2.17,44.16,43.2,43.67,44.28,1.0,1.75,45.34,5.8,184226850074.0,161294167995.0,0.0,-0.05,-22.81,-20.67
2110,603565,中谷物流,11.32,-1.14,-0.13,126351.0,143157595.0,2.62,11.52,11.22,11.34,11.45,0.73,0.6,12.64,2.41,23772714326.0,23772714326.0,-0.26,-0.09,11.31,12.75
2111,601588,北辰实业,1.73,-1.14,-0.02,356141.0,61478495.0,4.0,1.76,1.69,1.74,1.75,1.21,1.34,-1.95,0.87,5824944600.0,4601800000.0,0.0,0.0,-2.81,-0.57
2112,600320,振华重工,5.2,-1.14,-0.06,462227.0,240008443.0,1.52,5.24,5.16,5.2,5.26,0.61,1.39,37.43,1.75,27395438205.0,17274387837.0,-0.19,0.0,2.36,1.36
2113,920627,力王股份,19.03,-1.14,-0.22,9467.0,18057142.75,2.96,19.4,18.83,19.15,19.25,1.05,2.02,68.81,3.88,1797383500.0,890937025.0,0.0,0.58,-16.46,-10.62
2114,002925,盈趣科技,19.97,-1.14,-0.23,72945.0,145893412.94,1.58,20.17,19.85,20.0,20.2,0.9,1.0,64.91,3.33,15410230988.0,14599030916.0,0.0,0.1,-2.54,17.89
2115,301567,贝隆精密,42.43,-1.14,-0.49,7857.0,33318555.97,1.98,42.9,42.05,42.61,42.92,0.88,3.7,129.92,4.09,3054960000.0,901206836.0,-0.09,0.38,-12.96,-9.72
2116,002932,明德生物,16.41,-1.14,-0.19,53153.0,87322778.21,1.27,16.54,16.33,16.4,16.6,0.57,3.41,211.74,0.69,3815668904.0,2561518868.0,-0.06,-0.06,-12.43,-14.44
2117,002119,康强电子,21.68,-1.14,-0.25,377573.0,819137082.02,2.1,21.89,21.43,21.49,21.93,1.56,10.06,69.86,5.93,8136157120.0,8136157120.0,0.05,0.09,27.45,31.63
2118,002564,天沃科技,6.06,-1.14,-0.07,151800.0,92457983.5,3.43,6.19,5.98,6.08,6.13,1.25,1.77,110.81,27.96,5204961131.0,5204961131.0,-0.16,-0.16,-19.74,-21.3
2119,600363,联创光电,51.29,-1.14,-0.59,47321.0,243093201.0,1.29,51.68,51.01,51.31,51.88,0.83,1.05,43.32,5.25,23126068601.0,23126068601.0,-0.04,-0.18,-25.62,-18.66
2120,601158,重庆水务,4.34,-1.14,-0.05,95894.0,41719126.0,1.14,4.38,4.33,4.37,4.39,0.57,0.2,25.76,1.21,20832110036.0,20832110036.0,0.0,-0.23,-3.56,-2.91
2121,002556,辉隆股份,6.08,-1.14,-0.07,128517.0,78491407.0,2.44,6.2,6.05,6.14,6.15,0.69,1.36,26.21,1.59,5754829926.0,5749376628.0,-0.16,-0.33,-0.16,0.66
2122,688653,康希通信,12.85,-1.15,-0.15,54065.0,69876883.0,1.69,13.04,12.82,12.82,13.0,1.24,1.71,-124.22,3.76,5454568000.0,4065889021.0,-0.08,-0.39,0.55,5.76
2123,002768,国恩股份,48.0,-1.15,-0.56,27209.0,130504208.0,2.59,48.56,47.3,48.0,48.56,0.82,1.54,17.19,2.27,14460000000.0,8483910000.0,0.21,-0.17,-9.43,-8.88
2124,002054,德美化工,8.6,-1.15,-0.1,102960.0,88569865.0,1.95,8.71,8.54,8.71,8.7,0.95,2.68,35.08,1.62,4146192887.0,3302506021.0,-0.58,0.0,11.98,16.53
2125,301080,百普赛斯,46.6,-1.15,-0.54,40020.0,186143981.14,3.27,47.38,45.84,46.83,47.14,0.52,3.18,44.12,2.96,7790480587.0,5871522830.0,-0.11,-0.21,-17.55,-13.7
2126,002639,雪人集团,20.67,-1.15,-0.24,1189147.0,2484726118.88,5.36,21.41,20.29,20.5,20.91,0.83,18.28,305.81,6.37,15969687019.0,13448301055.0,0.0,-0.14,3.56,11.13
2127,002100,天康生物,7.72,-1.15,-0.09,267234.0,207941813.72,3.07,7.94,7.7,7.78,7.81,0.73,1.96,19.2,1.47,10539741696.0,10539741696.0,-0.39,-0.26,3.62,4.75
2128,000526,学大教育,31.84,-1.15,-0.37,20563.0,65710422.0,2.27,32.41,31.68,31.92,32.21,0.83,1.72,12.59,3.89,3880057711.0,3803589175.0,0.06,0.06,-19.09,-18.82
2129,002920,德赛西威,105.74,-1.15,-1.23,51307.0,541922440.41,2.25,106.81,104.4,105.41,106.97,0.9,0.92,25.72,4.09,63106614748.0,58656987466.0,-0.01,0.05,-22.34,-11.19
2130,603556,海兴电力,34.3,-1.15,-0.4,30791.0,105162333.0,1.96,34.6,33.92,34.6,34.7,1.0,0.63,17.08,2.26,16678861031.0,16678861031.0,-0.06,0.09,-3.92,-5.77
2131,300818,耐普矿机,36.1,-1.15,-0.42,15369.0,55580614.6,1.89,36.49,35.8,36.19,36.52,0.91,1.4,73.11,3.36,6092691004.0,3952315073.0,0.0,0.14,-4.52,-4.67
2132,603979,金诚信,61.6,-1.16,-0.72,71801.0,443249884.0,2.86,62.49,60.71,61.25,62.32,0.69,1.15,16.44,3.68,38425396733.0,38425396733.0,0.0,0.2,-23.0,-19.11
2133,002765,蓝黛科技,10.19,-1.16,-0.12,97617.0,99250765.0,1.75,10.28,10.1,10.21,10.31,0.97,1.64,35.96,2.51,6645185237.0,6071814827.0,0.0,0.0,-22.63,-23.78
2134,600636,*ST国化,7.7,-1.16,-0.09,22574.0,17434937.0,1.28,7.78,7.68,7.78,7.79,0.56,0.51,73.63,1.64,3377503375.0,3377503375.0,0.0,-0.13,-11.8,-11.39
2135,002585,双星新材,6.82,-1.16,-0.08,191277.0,130546651.0,3.19,6.94,6.72,6.81,6.9,0.79,2.16,-26.19,0.9,7783820214.0,6046351394.0,-0.15,-0.15,-8.09,1.34
2136,601607,上海医药,17.09,-1.16,-0.2,102592.0,176170411.0,1.45,17.33,17.08,17.21,17.29,0.62,0.37,11.07,0.84,63375903316.0,47667556260.0,-0.06,-0.06,-4.47,-3.66
2137,002861,瀛通通讯,15.4,-1.16,-0.18,42800.0,65828440.0,2.37,15.58,15.21,15.58,15.58,0.6,2.85,-60.35,2.61,2868773015.0,2312592590.0,-0.32,-0.19,-15.98,-13.43
2138,002628,成都路桥,5.12,-1.16,-0.06,210538.0,107788037.0,3.28,5.22,5.05,5.15,5.18,0.92,2.79,-102.51,1.35,3876354125.0,3859378186.0,0.2,0.2,23.37,24.57
2139,600335,国机汽车,5.98,-1.16,-0.07,83049.0,49851073.0,1.32,6.04,5.96,6.01,6.05,0.92,0.56,21.24,0.77,8944816378.0,8944816378.0,0.0,-0.17,-8.7,-8.14
2140,920091,大鹏工业,59.58,-1.16,-0.7,9537.0,57126539.46,2.99,60.9,59.1,59.85,60.28,0.98,6.58,94.49,7.69,3662096616.0,863921916.0,-0.37,-0.37,-33.45,-25.53
2141,603661,恒林股份,30.68,-1.16,-0.36,9840.0,30282407.0,2.45,31.33,30.57,31.33,31.04,0.74,0.71,11.48,1.13,4266576511.0,4266576511.0,0.0,0.0,-4.1,-4.15
2142,920491,奥迪威,23.8,-1.16,-0.28,19439.0,46453165.71,2.08,24.18,23.68,23.82,24.08,0.91,1.68,35.73,3.13,3359207684.0,2750427865.0,-0.04,0.04,-22.17,-20.43
2143,603722,阿科力,33.8,-1.17,-0.4,5931.0,20112306.0,1.4,34.25,33.77,34.25,34.2,0.64,0.62,-151.12,3.46,3302940090.0,3234664090.0,-0.15,-0.27,-14.21,-14.37
2144,002752,昇兴股份,6.76,-1.17,-0.08,567639.0,382591355.6,4.68,6.88,6.56,6.76,6.84,1.76,5.82,21.5,1.86,6603968844.0,6594561296.0,0.15,0.15,-3.15,1.81
2145,600251,冠农股份,10.94,-1.17,-0.13,99756.0,109582169.0,1.72,11.1,10.91,11.05,11.07,0.75,1.28,18.37,2.24,8500309798.0,8500309798.0,0.0,0.0,15.28,18.53
2146,002493,荣盛石化,12.65,-1.17,-0.15,424075.0,538595185.27,3.2,12.92,12.51,12.58,12.8,0.77,0.45,106.67,2.89,126366444513.0,118431811076.0,0.0,0.08,5.59,8.03
2147,600235,民丰特纸,6.75,-1.17,-0.08,66798.0,44902055.0,2.05,6.8,6.66,6.8,6.83,0.9,1.9,145.62,1.57,2371275000.0,2371275000.0,0.9,1.05,-0.44,-0.74
2148,001296,长江材料,24.57,-1.17,-0.29,11799.0,29096140.72,1.29,24.85,24.53,24.67,24.86,0.9,1.54,24.24,2.06,3675452983.0,1888237399.0,-0.04,0.0,-7.35,-6.47
2149,600009,上海机场,27.76,-1.17,-0.33,69447.0,192457914.0,1.03,27.91,27.62,27.9,28.09,1.1,0.34,31.71,1.64,69075569990.0,56804719336.0,0.33,0.4,-15.8,-15.26
2150,300597,吉大通信,9.26,-1.17,-0.11,72390.0,67878437.0,5.55,9.7,9.18,9.32,9.37,1.46,2.67,-67.11,2.67,2523998478.0,2512906924.0,0.11,0.22,-0.54,0.22
2151,920068,天工股份,21.06,-1.17,-0.25,17183.0,35994298.66,2.63,21.25,20.69,21.11,21.31,0.71,2.74,98.66,10.29,13806936316.0,1320551737.0,-0.05,0.05,5.41,8.0
2152,688432,有研硅,14.37,-1.17,-0.17,97369.0,140628685.0,1.79,14.55,14.29,14.37,14.54,0.99,0.78,85.85,3.97,17966837699.0,17966837699.0,0.0,-0.14,10.03,15.79
2153,000402,金 融 街,2.53,-1.17,-0.03,100857.0,25526064.85,1.95,2.56,2.51,2.55,2.56,0.81,0.34,-4.2,0.32,7561992665.0,7561327945.0,-0.39,0.0,-10.28,-8.0
2154,603418,友升股份,49.94,-1.17,-0.59,6949.0,34762794.0,1.17,50.36,49.77,50.3,50.53,1.0,1.68,20.14,2.19,9641838093.0,2065748723.0,0.0,-0.06,-16.71,-17.45
2155,002014,永新股份,11.7,-1.18,-0.14,20308.0,23845111.2,1.69,11.87,11.67,11.86,11.84,0.73,0.34,17.38,3.05,7166154832.0,7072849895.0,0.0,0.0,-0.85,-1.85
2156,600329,达仁堂,41.06,-1.18,-0.49,26971.0,111047480.0,1.68,41.65,40.95,41.38,41.55,0.73,0.48,14.84,4.45,31620074257.0,23284688957.0,0.0,0.15,-6.64,-4.89
2157,600391,航发科技,40.2,-1.18,-0.48,88531.0,353758887.0,2.51,40.4,39.38,39.83,40.68,0.91,2.68,218.0,7.43,13271200553.0,13271200553.0,-0.05,-0.05,3.45,8.36
2158,002136,安 纳 达,12.54,-1.18,-0.15,49231.0,61770376.0,1.73,12.67,12.45,12.6,12.69,0.66,2.3,-29.12,2.49,2696350800.0,2689275230.0,-0.16,-0.24,-2.56,3.29
2159,002570,贝因美,5.04,-1.18,-0.06,181670.0,91545482.39,2.16,5.1,4.99,5.05,5.1,0.93,1.68,38.4,3.16,5443418398.0,5443176478.0,0.0,0.2,-18.97,-17.65
2160,301665,泰禾股份,26.88,-1.18,-0.32,28139.0,76262055.89,2.13,27.39,26.81,26.9,27.2,1.08,7.36,24.69,3.44,12096000000.0,1028160000.0,-0.04,-0.22,-6.73,-4.82
2161,688501,青达环保,24.2,-1.18,-0.29,14064.0,34153127.0,2.41,24.62,24.03,24.5,24.49,1.26,1.13,16.61,2.67,3006269200.0,3006269200.0,0.0,0.12,-8.37,-8.44
2162,300977,深圳瑞捷,19.33,-1.18,-0.23,17731.0,34321587.0,2.45,19.65,19.17,19.56,19.56,1.08,1.87,81.35,2.12,2942542633.0,1832524264.0,-0.1,0.21,2.98,12.45
2163,002892,科力尔,10.88,-1.18,-0.13,53342.0,58177117.4,1.27,10.99,10.85,10.92,11.01,0.93,1.1,134.05,6.22,8100563430.0,5259579495.0,0.0,0.18,-18.68,-18.93
2164,300705,九典制药,14.22,-1.18,-0.17,70626.0,100852585.36,2.15,14.47,14.16,14.3,14.39,0.78,1.91,13.13,2.7,7114139812.0,5245586919.0,0.0,0.0,-8.49,-5.07
2165,301386,未来电器,25.22,-1.18,-0.3,16752.0,42290449.0,3.13,25.72,24.92,25.53,25.52,0.91,3.72,37.13,2.38,3530800000.0,1134900000.0,-0.08,-0.12,4.43,7.32
2166,600064,南京高科,8.3,-1.19,-0.1,103579.0,86348601.0,1.07,8.39,8.3,8.36,8.4,0.8,0.6,4.42,0.73,14361819045.0,14361819045.0,-0.24,-0.24,-6.74,-4.38
2167,603299,苏盐井神,11.59,-1.19,-0.14,61318.0,71051735.0,1.62,11.69,11.5,11.63,11.73,0.81,0.79,20.25,1.47,11069245144.0,9015360544.0,-0.26,-0.09,8.72,11.23
2168,301076,新瀚新材,38.04,-1.19,-0.46,26680.0,101926217.03,2.0,38.67,37.9,38.35,38.5,1.09,2.43,99.87,5.61,6652480848.0,4176946176.0,-0.44,0.18,-23.1,-22.86
2169,601188,龙江交通,3.31,-1.19,-0.04,193579.0,63876973.0,2.09,3.34,3.27,3.34,3.35,0.99,1.48,25.71,0.97,4321105419.0,4321105419.0,0.0,0.0,-6.76,-6.5
2170,601966,玲珑轮胎,14.08,-1.19,-0.17,76783.0,108318940.0,0.98,14.2,14.06,14.18,14.25,0.96,0.52,13.24,0.89,20606117777.0,20606117777.0,0.0,0.0,-4.8,-3.1
2171,300655,晶瑞电材,14.9,-1.19,-0.18,288199.0,432919922.24,2.72,15.21,14.8,14.93,15.08,1.22,2.7,93.41,6.27,15987327351.0,15896647218.0,-0.07,-0.13,-14.71,-7.63
2172,002733,雄韬股份,27.5,-1.19,-0.33,168671.0,464897410.59,1.58,27.83,27.39,27.73,27.83,0.65,4.57,74.49,3.85,10565910108.0,10143725873.0,0.07,0.07,35.0,40.09
2173,601318,中国平安,58.74,-1.19,-0.71,570201.0,3341224254.0,1.18,59.0,58.3,59.0,59.45,0.92,0.53,7.89,1.06,1063642890786.0,626172222975.0,-0.1,-0.07,-20.96,-14.12
2174,002741,光华科技,17.39,-1.19,-0.21,64753.0,112746261.0,1.42,17.54,17.29,17.4,17.6,0.54,1.52,77.83,4.18,8086737971.0,7414369359.0,0.0,0.0,-20.05,-13.31
2175,002629,仁智股份,6.57,-1.2,-0.08,218714.0,145004167.68,3.76,6.77,6.52,6.65,6.65,0.94,5.17,-99.27,78.17,2799463860.0,2781043223.0,0.0,-0.15,-9.0,-3.67
2176,600152,维科技术,9.85,-1.2,-0.12,752420.0,711369895.0,8.73,9.92,9.05,9.78,9.97,1.19,14.22,-65.85,3.06,5211431844.0,5211431844.0,-0.1,-0.1,34.93,34.93
2177,002365,永安药业,13.96,-1.2,-0.17,81508.0,114748283.12,2.41,14.25,13.91,13.97,14.13,1.22,3.32,121.01,2.08,4113767700.0,3428019010.0,0.07,0.0,-9.88,-6.43
2178,600497,驰宏锌锗,8.2,-1.2,-0.1,691115.0,569209580.0,1.69,8.31,8.17,8.22,8.3,0.89,1.37,39.92,2.54,41331119961.0,41331119961.0,-0.12,-0.12,5.13,12.18
2179,300842,帝科股份,82.18,-1.2,-1.0,38407.0,314045156.44,3.19,83.1,80.45,81.81,83.18,0.9,2.97,-43.19,7.58,11939089280.0,10611199939.0,0.0,0.22,32.23,38.65
2180,605300,佳禾食品,10.69,-1.2,-0.13,16726.0,17966476.0,2.22,10.87,10.63,10.76,10.82,1.02,0.37,140.11,1.7,4857521002.0,4857521002.0,-0.09,-0.09,-9.48,-7.84
2181,688439,振华风光,50.14,-1.2,-0.61,16799.0,84311020.0,1.2,50.47,49.86,50.24,50.75,0.87,0.84,74.2,1.99,10028000000.0,10028000000.0,0.04,0.0,-24.26,-22.38
2182,301029,怡合达,24.63,-1.2,-0.3,69800.0,171895983.09,1.85,24.85,24.39,24.68,24.93,0.83,1.51,28.07,3.67,15620412797.0,11376123340.0,-0.12,-0.16,-10.4,-7.13
2183,603173,福斯达,41.9,-1.2,-0.51,11478.0,48306338.0,1.6,42.5,41.82,42.02,42.41,0.78,0.72,14.58,3.54,6704000000.0,6704000000.0,-0.02,-0.14,-2.01,-2.15
2184,603917,合力科技,13.17,-1.2,-0.16,29451.0,39047822.0,1.95,13.41,13.15,13.3,13.33,0.9,1.44,81.67,1.6,2684572800.0,2684572800.0,-0.08,-0.23,-9.17,-10.95
2185,000920,沃顿科技,11.48,-1.2,-0.14,50483.0,58238455.81,1.72,11.65,11.45,11.49,11.62,0.66,1.07,24.6,2.72,5425690435.0,5425432135.0,-0.09,0.0,-8.96,-7.79
2186,000915,华特达因,31.29,-1.2,-0.38,25527.0,80246627.91,1.96,31.78,31.16,31.32,31.67,0.83,1.09,13.48,2.57,7332232166.0,7327483908.0,0.19,0.32,-7.45,-5.3
2187,600841,动力新科,9.02,-1.2,-0.11,512358.0,463880016.0,6.57,9.45,8.85,9.17,9.13,2.89,4.91,4.36,1.96,12518152492.0,9408080846.0,0.0,0.11,43.86,48.11
2188,603801,志邦家居,9.05,-1.2,-0.11,18442.0,16728149.0,1.09,9.13,9.03,9.11,9.16,0.88,0.42,17.03,1.18,3930880143.0,3930880143.0,-0.11,0.0,-2.27,-1.09
2189,600993,马应龙,25.42,-1.2,-0.31,24175.0,61760295.0,1.36,25.76,25.41,25.68,25.73,0.8,0.56,16.4,2.55,10957389909.0,10938404347.0,-0.24,-0.04,-10.74,-9.21
2190,600966,博汇纸业,6.55,-1.21,-0.08,97434.0,63793595.0,2.87,6.63,6.44,6.63,6.63,0.56,0.73,54.07,1.19,8756330086.0,8756330086.0,0.0,0.0,-2.82,-4.1
2191,002332,仙琚制药,9.0,-1.21,-0.11,114689.0,103923016.0,2.31,9.19,8.98,9.07,9.11,0.73,1.16,16.42,1.49,8902843794.0,8861163399.0,-0.11,-0.11,-1.53,-0.11
2192,300904,威力传动,56.38,-1.21,-0.69,7685.0,43238521.0,2.09,56.99,55.8,56.99,57.07,0.78,3.52,-52.87,6.19,4080966620.0,1230132555.0,-0.04,0.04,-12.25,-9.95
2193,002852,道道全,9.81,-1.21,-0.12,49442.0,48661581.58,2.01,9.98,9.78,9.9,9.93,0.78,1.73,14.45,1.5,3374329072.0,2803707418.0,-0.1,0.1,-9.59,-7.01
2194,000906,浙商中拓,5.73,-1.21,-0.07,62065.0,35579840.1,2.59,5.82,5.67,5.77,5.8,1.3,0.89,16.05,0.86,4066370016.0,4018103848.0,-0.17,0.53,-4.66,-3.21
2195,688409,富创精密,96.88,-1.21,-1.19,32842.0,320263453.0,3.87,99.9,96.1,96.35,98.07,0.9,1.07,-3175.89,6.61,29665699494.0,29665699494.0,0.0,-0.19,28.27,43.74
2196,600887,伊利股份,26.12,-1.21,-0.32,262384.0,685638151.0,1.29,26.36,26.02,26.35,26.44,0.89,0.42,11.88,2.93,165218420622.0,164397444313.0,0.0,0.04,-8.74,-8.67
2197,003013,地铁设计,13.11,-1.21,-0.16,15811.0,20794166.0,1.28,13.26,13.09,13.23,13.27,0.66,0.4,12.97,1.77,6040534771.0,5243306324.0,0.0,0.0,-8.9,-7.48
2198,300971,博亚精工,22.84,-1.21,-0.28,20248.0,46532910.0,2.12,23.23,22.74,22.97,23.12,0.83,2.2,30.47,2.55,2685984000.0,2102707454.0,-0.31,-0.04,-5.93,-6.62
2199,002668,TCL智家,9.0,-1.21,-0.11,65768.0,59459135.65,1.1,9.1,9.0,9.06,9.11,0.75,0.61,8.69,2.75,9757002852.0,9757002852.0,-0.11,-0.22,-13.63,-13.29
2200,300009,安科生物,9.8,-1.21,-0.12,271931.0,269998532.12,3.23,10.11,9.79,9.85,9.92,0.97,2.21,22.28,3.6,16378942938.0,12056422874.0,0.0,-0.1,-2.29,2.4
2201,600722,金牛化工,14.66,-1.21,-0.18,1007086.0,1480366594.0,6.47,15.2,14.24,14.94,14.84,1.01,14.8,207.62,8.08,9973486450.0,9973486450.0,-0.07,-0.2,125.89,146.8
2202,688686,奥普特,94.26,-1.21,-1.15,10087.0,95548123.0,3.14,96.0,93.0,94.3,95.41,0.94,0.83,61.89,3.76,11521913988.0,11521913988.0,0.01,-0.14,-25.18,-24.06
2203,002460,赣锋锂业,81.01,-1.22,-1.0,651947.0,5321863832.95,4.73,83.78,79.9,82.3,82.01,0.93,5.38,105.3,3.76,169853213668.0,98120773258.0,-0.02,0.01,21.09,28.81
2204,002714,牧原股份,43.8,-1.22,-0.54,231744.0,1014010531.22,1.35,44.1,43.5,43.93,44.34,0.55,0.61,16.33,3.12,252857166984.0,166448311838.0,0.0,0.02,-14.75,-13.4
2205,301636,泽润新能,66.12,-1.22,-0.82,15375.0,100700398.89,3.27,66.2,64.01,66.03,66.94,0.73,9.63,59.81,3.91,4222940457.0,1055735131.0,-0.06,0.17,31.9,35.21
2206,603230,内蒙新华,12.18,-1.22,-0.15,29439.0,36152726.0,2.11,12.4,12.14,12.25,12.33,0.69,0.83,24.63,1.56,4305910140.0,4305910140.0,0.08,0.08,-4.55,-1.38
2207,002982,湘佳股份,13.77,-1.22,-0.17,28878.0,40052853.04,2.65,14.1,13.73,13.88,13.94,0.63,2.22,93.9,1.76,2797980926.0,1791354860.0,-0.22,-0.07,-0.29,0.22
2208,600403,大有能源,5.69,-1.22,-0.07,169400.0,96527091.0,2.95,5.82,5.65,5.79,5.76,0.82,0.71,-6.75,3.7,13603722567.0,13603722567.0,-0.18,0.0,-20.42,-18.48
2209,603030,全筑股份,2.42,-1.22,-0.03,236946.0,57691398.0,3.27,2.48,2.4,2.45,2.45,0.89,1.8,-26.56,3.6,3186979118.0,3186979118.0,0.0,-0.41,-19.6,-18.24
2210,600860,京城股份,11.38,-1.22,-0.14,86009.0,97680572.0,1.91,11.48,11.26,11.47,11.52,0.59,1.94,-116.17,7.27,6230390543.0,5053184167.0,-0.09,0.09,-9.54,-9.25
2211,300329,海伦钢琴,14.54,-1.22,-0.18,36507.0,53101134.0,2.51,14.72,14.35,14.61,14.72,0.6,1.45,-69.19,5.42,3677002861.0,3665948201.0,-0.07,0.0,-4.97,-10.19
2212,000983,山西焦煤,6.46,-1.22,-0.08,352459.0,228074486.69,1.38,6.54,6.45,6.48,6.54,0.53,0.62,19.18,1.0,36674072841.0,36673847872.0,0.0,0.16,-1.97,0.62
2213,688057,金达莱,12.15,-1.22,-0.15,14723.0,17981056.0,2.11,12.36,12.1,12.26,12.3,0.98,0.53,34.93,1.06,3353400000.0,3353400000.0,-0.25,-0.25,-2.57,-0.57
2214,001216,华瓷股份,19.22,-1.23,-0.24,39930.0,76568254.0,2.21,19.38,18.95,19.15,19.46,0.48,1.63,19.21,2.68,4840877974.0,4719532485.0,-0.05,-0.05,10.78,12.33
2215,688711,宏微科技,27.2,-1.23,-0.34,38854.0,106339586.0,2.8,27.77,27.0,27.29,27.54,1.08,1.82,332.48,5.33,5796124922.0,5796124922.0,-0.07,0.04,-13.76,-14.28
2216,600551,时代出版,8.01,-1.23,-0.1,29590.0,23770144.0,1.36,8.1,7.99,8.1,8.11,0.92,0.44,14.69,0.93,5431222464.0,5431222464.0,-0.12,-0.12,-4.07,-1.35
2217,002083,孚日股份,12.0,-1.23,-0.15,410305.0,495007834.0,4.03,12.39,11.9,12.19,12.15,0.68,4.33,26.51,2.42,11359668144.0,11359668144.0,0.0,0.0,-14.65,0.84
2218,603360,百傲化学,27.21,-1.23,-0.34,114227.0,315110544.0,3.92,28.1,27.02,27.29,27.55,1.36,1.62,115.3,12.76,19216345625.0,19216345625.0,0.22,0.07,-14.46,-15.55
2219,920978,开特股份,27.33,-1.23,-0.34,27094.0,74397771.02,3.98,28.1,27.0,27.4,27.67,0.93,2.68,28.41,6.28,4920178030.0,2758552129.0,0.04,0.11,-25.83,-25.93
2220,001396,誉帆科技,45.75,-1.23,-0.57,9348.0,42796624.78,1.86,46.29,45.43,46.2,46.32,0.88,4.21,47.83,4.24,4890785532.0,1015976838.0,0.02,-0.07,9.61,6.03
2221,002003,伟星股份,9.64,-1.23,-0.12,31516.0,30457441.85,1.13,9.73,9.62,9.7,9.76,0.65,0.31,17.86,2.51,11460896255.0,9853052368.0,-0.21,0.0,-9.48,-9.06
2222,600745,闻泰科技,31.41,-1.23,-0.39,146714.0,461060951.0,1.76,31.7,31.14,31.35,31.8,0.96,1.18,19.37,1.15,39094538103.0,39094538103.0,-0.03,-0.06,-19.42,-15.75
2223,688305,科德数控,57.04,-1.23,-0.71,13283.0,75654022.0,1.63,57.5,56.56,57.5,57.75,1.28,1.0,85.41,4.0,7580996913.0,7541473897.0,0.0,-0.07,-8.01,-7.7
2224,301151,冠龙节能,18.49,-1.23,-0.23,13487.0,25023746.0,2.19,18.79,18.38,18.6,18.72,0.97,0.8,84.97,1.51,3124885809.0,3121921954.0,-0.27,0.16,-3.19,-1.65
2225,300980,祥源新材,36.05,-1.23,-0.45,33294.0,120655174.73,4.47,37.18,35.55,36.18,36.5,1.0,3.39,91.83,3.53,4977250388.0,3545209200.0,0.0,0.22,9.84,10.48
2226,688775,影石创新,188.92,-1.23,-2.35,8042.0,152772304.0,2.61,192.99,188.0,189.99,191.27,0.74,2.45,78.58,12.95,75756920000.0,6196576000.0,0.06,0.12,-22.85,-19.57
2227,600169,ST太重,2.4,-1.23,-0.03,120860.0,29081399.0,0.82,2.42,2.4,2.42,2.43,0.68,0.36,70.83,1.58,8033047608.0,7999539600.0,0.0,0.0,3.45,5.26
2228,300450,先导智能,50.28,-1.24,-0.63,391817.0,1972118278.92,2.51,50.96,49.68,50.25,50.91,0.95,2.51,53.83,5.99,84179853702.0,78407354172.0,-0.02,-0.04,-8.58,0.6
2229,000848,承德露露,7.94,-1.24,-0.1,46074.0,36754274.22,1.49,8.06,7.94,8.01,8.04,0.7,0.46,15.83,2.38,8098800588.0,8028483948.0,-0.13,-0.13,-7.67,-6.59
2230,002516,旷达科技,5.57,-1.24,-0.07,112595.0,62879610.92,1.42,5.62,5.54,5.59,5.64,0.91,0.77,44.48,2.17,8192571459.0,8117877759.0,0.0,0.0,-16.62,-15.48
2231,605555,德昌股份,15.13,-1.24,-0.19,44461.0,67418517.0,1.63,15.32,15.07,15.26,15.32,0.34,0.92,33.92,2.43,7323964575.0,7323964575.0,-0.07,0.07,-22.21,-17.32
2232,601828,美凯龙,2.38,-1.24,-0.03,141860.0,33887322.0,2.49,2.42,2.36,2.41,2.41,1.04,0.39,-0.44,0.46,10364263762.0,8600003953.0,0.0,0.0,-14.08,-11.85
2233,688396,华润微,49.53,-1.24,-0.62,293736.0,1457750847.0,5.8,51.51,48.6,49.4,50.15,1.77,2.21,99.47,2.86,65786274980.0,65786274980.0,-0.2,0.02,-13.04,-6.3
2234,603559,ST通脉,7.16,-1.24,-0.09,23951.0,17138379.0,2.34,7.26,7.09,7.26,7.25,0.61,0.6,-33.19,3.02,2873143170.0,2873143170.0,-0.14,-0.28,4.68,2.43
2235,300694,蠡湖股份,11.99,-1.24,-0.15,40796.0,49107516.5,2.31,12.18,11.9,12.07,12.14,0.86,1.88,107.66,1.86,2602673808.0,2602673808.0,-0.08,0.0,-1.15,-0.75
2236,301045,天禄科技,39.85,-1.24,-0.5,22716.0,90223046.0,1.78,40.12,39.4,40.12,40.35,0.9,3.55,130.47,4.29,4396186566.0,2548725662.0,0.0,0.0,44.54,50.21
2237,600694,大商股份,16.57,-1.25,-0.21,18478.0,30689890.0,1.13,16.73,16.54,16.71,16.78,0.93,0.54,9.61,0.65,5706009210.0,5706009210.0,0.0,0.0,-9.7,-7.59
2238,688172,燕东微,39.49,-1.25,-0.5,92477.0,366277778.0,3.88,40.47,38.92,38.92,39.99,0.9,1.19,-143.88,3.07,56376638651.0,30730367098.0,-0.05,-0.1,8.58,36.45
2239,001217,华尔泰,11.85,-1.25,-0.15,36521.0,43299220.0,2.08,12.02,11.77,12.01,12.0,0.87,1.11,134.17,1.75,3932659500.0,3893708811.0,-0.08,-0.08,-14.01,-14.75
2240,002385,大北农,3.95,-1.25,-0.05,763176.0,302511009.88,2.25,4.02,3.93,3.99,4.0,1.04,2.17,49.57,1.95,16985310332.0,13920107654.0,0.0,0.0,-2.47,-1.25
2241,601009,南京银行,11.02,-1.25,-0.14,342536.0,378338634.0,1.7,11.16,10.97,11.13,11.16,0.87,0.28,6.25,0.75,136246511040.0,136246511040.0,0.0,-0.09,-2.56,-3.59
2242,300959,线上线下,78.23,-1.25,-0.99,24400.0,188470784.94,3.4,78.77,76.08,77.8,79.22,1.0,4.66,1344.8,5.6,6287172994.0,4095748782.0,-0.26,-0.34,-22.92,-17.39
2243,603517,ST绝味,12.62,-1.25,-0.16,39790.0,50388117.0,2.11,12.84,12.57,12.78,12.78,0.44,0.66,20.46,1.2,7647744432.0,7647744432.0,0.16,0.0,-3.44,-1.1
2244,002879,长缆科技,20.48,-1.25,-0.26,34539.0,70574771.4,2.03,20.68,20.26,20.68,20.74,0.61,2.51,29.57,2.28,3954844467.0,2823557222.0,-0.05,-0.05,10.29,10.29
2245,300382,斯莱克,11.88,-1.25,-0.15,92924.0,110428704.77,2.49,12.03,11.73,12.03,12.03,0.99,1.43,394.82,3.35,7702991929.0,7702258077.0,0.08,-0.08,-24.91,-23.65
2246,688222,成都先导,26.79,-1.25,-0.34,173393.0,468210549.0,3.94,27.65,26.58,26.59,27.13,0.63,4.33,94.15,7.2,10734217200.0,10734217200.0,0.04,0.11,0.04,14.24
2247,688790,昂瑞微-UW,134.66,-1.25,-1.71,5735.0,77325581.0,2.65,136.7,133.08,135.0,136.37,0.99,4.76,-112.51,4.81,13402937106.0,1623685977.0,0.07,0.15,-14.96,-8.88
2248,688548,广钢气体,24.23,-1.26,-0.31,186989.0,454221954.0,3.83,24.8,23.86,24.17,24.54,0.73,2.71,111.73,5.33,31969026164.0,16747994118.0,0.04,0.0,60.46,66.64
2249,603258,电魂网络,18.0,-1.26,-0.23,53236.0,94608822.0,3.95,18.07,17.35,17.8,18.23,1.11,2.21,-20.5,2.22,4390140600.0,4344144300.0,0.0,0.0,-5.26,-2.76
2250,000404,长虹华意,7.06,-1.26,-0.09,88346.0,62662714.5,1.68,7.16,7.04,7.13,7.15,1.11,1.28,9.7,1.16,4913731612.0,4890600178.0,-0.28,-0.14,2.32,4.28
2251,002465,海格通信,14.9,-1.26,-0.19,478585.0,714223016.42,2.45,15.13,14.76,14.91,15.09,0.94,1.93,-47.03,3.24,36979325825.0,36920517924.0,0.07,0.07,-21.83,-5.4
2252,000937,冀中能源,5.49,-1.26,-0.07,175971.0,97026492.6,1.8,5.58,5.48,5.55,5.56,0.72,0.51,35.73,1.02,19399172207.0,18849350776.0,-0.18,0.0,2.23,2.04
2253,600285,羚锐制药,21.9,-1.26,-0.28,60653.0,132965074.0,1.85,22.19,21.78,22.04,22.18,0.98,1.07,14.31,3.82,12419829143.0,12392454143.0,-0.09,0.05,1.39,5.75
2254,688798,艾为电子,67.49,-1.26,-0.86,15210.0,102886990.0,1.17,68.13,67.33,67.8,68.35,0.9,1.12,49.63,3.75,15733851644.0,9161311268.0,0.0,0.06,-14.21,-11.33
2255,603102,百合股份,41.43,-1.26,-0.53,5559.0,23189917.0,2.45,42.34,41.31,42.12,41.96,0.9,0.87,20.09,1.63,2651520000.0,2651520000.0,0.0,-0.05,-3.76,-3.58
2256,600008,首创环保,3.13,-1.26,-0.04,727755.0,228707273.0,1.58,3.17,3.12,3.16,3.17,0.96,0.99,12.02,1.1,22976048819.0,22976048819.0,-0.32,-0.32,3.99,5.74
2257,600903,贵州燃气,6.29,-1.26,-0.08,84281.0,53169307.0,1.73,6.37,6.26,6.36,6.37,0.95,0.73,122.99,2.41,7233559176.0,7233559176.0,0.0,0.0,-5.7,-4.84
2258,002967,广电计量,20.42,-1.26,-0.26,44755.0,91475280.0,1.06,20.58,20.36,20.5,20.68,0.87,0.82,30.65,3.3,13013256620.0,11174369030.0,-0.15,-0.1,-13.44,-7.22
2259,688681,科汇股份,18.84,-1.26,-0.24,21538.0,40590008.0,3.09,19.16,18.57,19.09,19.08,1.0,2.06,41.96,3.22,1971982800.0,1971982800.0,0.0,0.27,5.84,7.17
2260,603373,安邦护卫,41.4,-1.26,-0.53,11596.0,48031076.0,2.12,41.99,41.1,41.92,41.93,0.63,2.55,37.1,2.46,4451612915.0,1880806471.0,0.02,0.17,5.75,9.06
2261,603370,华新精科,43.0,-1.26,-0.55,5791.0,24942006.0,1.31,43.37,42.8,43.37,43.55,0.88,1.65,41.6,3.95,7522850000.0,1504570000.0,0.0,0.0,-9.59,-9.07
2262,601038,一拖股份,12.57,-1.26,-0.16,47900.0,60265314.0,1.65,12.71,12.5,12.69,12.73,0.87,0.65,17.4,1.84,14124221107.0,9197535307.0,-0.08,0.0,-11.42,-11.29
2263,600436,片仔癀,150.89,-1.26,-1.92,13651.0,206372356.0,1.37,152.72,150.63,152.72,152.81,1.0,0.23,32.06,6.29,91034533817.0,91034533817.0,0.0,0.01,-12.04,-10.6
2264,002457,青龙管业,10.87,-1.27,-0.14,63745.0,69244335.2,1.73,10.98,10.79,10.91,11.01,0.93,1.91,53.31,1.46,3625001516.0,3623206325.0,0.0,0.0,-1.09,-0.55
2265,603501,豪威集团,94.24,-1.27,-1.21,139402.0,1307547020.0,1.44,94.59,93.22,94.0,95.45,0.84,1.15,29.38,4.08,118843620828.0,114061779564.0,0.0,-0.01,-28.01,-25.15
2266,001211,双枪科技,27.89,-1.27,-0.36,30583.0,85701185.0,4.25,28.63,27.43,28.1,28.25,1.09,4.56,178.48,2.32,2008080000.0,1868534477.0,0.0,0.14,4.81,5.48
2267,000709,河钢股份,2.34,-1.27,-0.03,831013.0,195276315.31,2.11,2.38,2.33,2.35,2.37,0.98,0.8,22.04,0.47,24188863355.0,24184865011.0,0.0,0.43,-2.9,1.3
2268,600459,贵研铂业,20.16,-1.27,-0.26,127646.0,257545246.0,2.6,20.44,19.91,20.08,20.42,0.89,1.68,22.95,2.07,15317711660.0,15315678161.0,0.0,0.0,-4.55,8.33
2269,000651,格力电器,37.32,-1.27,-0.48,254752.0,952135812.23,1.51,37.78,37.21,37.6,37.8,1.21,0.46,7.31,1.45,209044462254.0,205825605387.0,0.05,0.16,-6.28,-4.84
2270,600067,冠城新材,3.9,-1.27,-0.05,230804.0,90355447.0,2.28,3.96,3.87,3.92,3.95,1.04,1.66,49.04,0.96,5427508082.0,5427508082.0,0.0,0.0,-9.3,-6.02
2271,600844,金煤科技,3.89,-1.27,-0.05,1500555.0,576787910.0,8.88,4.03,3.68,3.99,3.94,0.97,18.24,-33.4,28.3,3954279294.0,3200422166.0,0.26,-0.26,31.86,35.07
2272,688785,恒运昌,300.38,-1.27,-3.87,4532.0,137024486.0,3.0,307.68,298.55,300.99,304.25,0.78,3.56,177.8,19.02,20336233041.0,3823136013.0,0.01,0.09,225.86,225.86
2273,688485,九州一轨,39.7,-1.27,-0.51,259093.0,1063783024.0,13.13,43.99,38.71,41.25,40.21,1.87,29.19,-425.78,4.53,5966594861.0,3523691727.0,-1.24,0.18,129.21,122.53
2274,301047,义翘神州,73.09,-1.27,-0.94,11915.0,88278070.86,3.17,75.36,73.01,73.42,74.03,1.04,1.0,60.52,1.68,8890429473.0,8740147589.0,-0.03,0.07,4.07,8.12
2275,600975,新五丰,5.41,-1.28,-0.07,111510.0,60574814.0,2.19,5.51,5.39,5.45,5.48,0.63,0.89,-385.08,2.26,6760670013.0,6760670013.0,-0.18,-0.18,-8.92,-8.15
2276,002267,陕天然气,7.73,-1.28,-0.1,75555.0,58655103.0,1.79,7.85,7.71,7.8,7.83,0.77,0.68,13.59,1.31,8596343190.0,8596343190.0,0.0,-0.13,1.44,2.66
2277,002248,华东数控,12.32,-1.28,-0.16,83791.0,103069921.0,1.2,12.38,12.23,12.3,12.48,0.71,2.72,122.88,39.78,3788345792.0,3788345792.0,0.08,0.0,5.84,6.85
2278,920357,雅葆轩,22.29,-1.28,-0.29,5336.0,11960922.63,2.17,22.66,22.17,22.34,22.58,0.81,1.2,27.57,4.44,1784983200.0,992230434.0,-0.04,0.0,-7.13,-3.92
2279,600668,尖峰集团,10.77,-1.28,-0.14,42421.0,45916262.0,2.11,10.92,10.69,10.88,10.91,0.81,1.03,5.13,0.77,4446939397.0,4446939397.0,0.0,-0.09,-5.36,-4.69
2280,002590,万安科技,12.33,-1.28,-0.16,56105.0,69413107.0,1.6,12.51,12.31,12.41,12.49,0.92,1.13,32.43,2.13,6399917041.0,6102818145.0,-0.16,-0.08,-22.06,-17.8
2281,300232,洲明科技,6.93,-1.28,-0.09,197186.0,137150720.08,1.57,7.02,6.91,6.95,7.02,0.82,2.23,44.8,1.63,7536008756.0,6121732014.0,-0.14,0.0,-5.07,-2.26
2282,000625,长安汽车,10.02,-1.28,-0.13,446509.0,448384803.04,0.99,10.11,10.01,10.09,10.15,0.96,0.54,24.38,1.29,99327499602.0,82836471418.0,-0.1,0.0,-16.29,-15.51
2283,002507,涪陵榨菜,12.3,-1.28,-0.16,81148.0,100055047.9,1.28,12.44,12.28,12.4,12.46,0.84,0.71,18.48,1.62,14193204044.0,14154583336.0,-0.08,-0.08,-4.43,-3.23
2284,688101,三达膜,16.15,-1.28,-0.21,15419.0,24950962.0,2.38,16.45,16.06,16.28,16.36,0.89,0.46,14.2,1.21,5361994866.0,5361994866.0,0.06,0.25,-4.94,-1.76
2285,600027,华电国际,4.58,-1.29,-0.06,786614.0,360360117.0,1.29,4.63,4.57,4.63,4.64,0.74,0.85,8.76,1.1,53181925763.0,42207802158.0,0.0,0.22,-8.76,-7.66
2286,688512,慧智微-U,12.26,-1.29,-0.16,110547.0,135480161.0,1.85,12.38,12.15,12.24,12.42,0.99,3.41,-25.25,3.48,5723501898.0,3979231829.0,0.0,0.16,7.26,9.86
2287,603809,豪能股份,10.68,-1.29,-0.14,101291.0,108257414.0,1.11,10.74,10.62,10.73,10.82,1.04,1.1,34.79,2.68,9828684459.0,9828684459.0,0.0,-0.09,-24.58,-25.57
2288,000096,广聚能源,9.91,-1.29,-0.13,98131.0,98111662.9,3.39,10.23,9.89,10.04,10.04,1.01,1.92,45.75,1.82,5232480000.0,5062503680.0,-0.2,0.1,-5.8,-3.51
2289,688210,统联精密,44.48,-1.29,-0.58,22488.0,99949453.0,1.98,44.99,44.1,44.51,45.06,0.68,1.39,-1548.32,5.58,7199480625.0,7199480625.0,-0.04,-0.13,-13.92,-19.6
2290,603376,大明电子,32.89,-1.29,-0.43,9999.0,32889014.0,1.17,33.09,32.7,33.09,33.32,0.94,3.22,51.17,9.4,13156032890.0,1020826565.0,0.0,0.03,-13.36,-10.89
2291,300784,利安科技,48.93,-1.29,-0.64,6319.0,31122236.0,3.21,50.2,48.61,49.58,49.57,0.91,3.73,47.78,3.44,2751705768.0,828328631.0,0.02,0.02,-4.0,-2.57
2292,600710,苏美达,13.03,-1.29,-0.17,165277.0,217241447.0,2.95,13.42,13.03,13.18,13.2,1.02,1.26,12.56,2.0,17026945125.0,17026945125.0,-0.23,-0.31,19.0,20.54
2293,605068,明新旭腾,25.18,-1.29,-0.33,15664.0,39534743.0,1.57,25.45,25.05,25.36,25.51,0.81,0.97,-77.54,2.72,4084158104.0,4084158104.0,-0.08,-0.12,-2.89,-1.53
2294,603609,禾丰股份,6.9,-1.29,-0.09,37151.0,25898619.0,2.72,7.08,6.89,7.0,6.99,0.97,0.41,36.4,0.97,6267208818.0,6267208818.0,0.0,-0.14,-3.9,-2.68
2295,002563,森马服饰,5.34,-1.29,-0.07,117992.0,63158921.4,1.48,5.41,5.33,5.36,5.41,0.74,0.53,16.12,1.26,14386441454.0,11785875499.0,-0.19,0.0,-2.38,-1.48
2296,600362,江西铜业,45.05,-1.29,-0.59,250181.0,1127796782.0,1.82,45.51,44.68,44.99,45.64,0.88,1.21,21.88,1.92,155995959695.0,93489895595.0,0.0,0.13,-20.92,-17.97
2297,301608,博实结,83.34,-1.3,-1.1,5595.0,46850182.0,2.1,84.73,82.96,84.08,84.44,0.81,1.4,30.82,3.51,7416426600.0,3328362081.0,0.2,0.26,-9.36,-7.95
2298,603931,格林达,27.33,-1.3,-0.36,14662.0,40283375.0,1.88,27.72,27.2,27.41,27.69,0.88,0.73,44.32,3.38,5453930525.0,5453930525.0,-0.07,-0.04,-15.47,-13.46
2299,600925,苏能股份,4.54,-1.3,-0.06,79316.0,36110497.0,1.3,4.59,4.53,4.59,4.6,0.61,0.49,124.79,2.03,31275555556.0,7291460580.0,-0.22,0.0,-0.66,0.0
2300,600365,ST通葡,3.04,-1.3,-0.04,35829.0,10887785.0,1.62,3.07,3.02,3.07,3.08,0.82,0.84,-21.31,5.24,1380251200.0,1298931200.0,0.0,0.0,-6.75,-6.46
2301,002681,奋达科技,5.31,-1.3,-0.07,256555.0,137260948.2,2.6,5.43,5.29,5.32,5.38,1.05,1.63,559.05,4.18,9529603352.0,8332796184.0,-0.38,0.0,-22.25,-20.15
2302,002818,富森美,10.62,-1.3,-0.14,17010.0,18133891.8,1.3,10.75,10.61,10.69,10.76,0.52,0.57,14.31,1.42,7948633943.0,3168316489.0,-0.19,-0.38,-5.77,-4.41
2303,002393,力生制药,23.59,-1.3,-0.31,51261.0,121816175.05,3.68,24.36,23.48,23.69,23.9,0.65,2.05,14.6,1.31,6076473626.0,5904526683.0,-0.3,-0.04,9.72,10.18
2304,600917,重庆燃气,5.33,-1.3,-0.07,66115.0,35330666.0,1.48,5.39,5.31,5.37,5.4,0.7,0.42,44.62,1.45,8320341921.0,8320341921.0,0.0,0.0,-3.96,-2.91
2305,300532,今天国际,11.42,-1.3,-0.15,83937.0,96071285.15,1.56,11.55,11.37,11.52,11.57,0.77,1.94,22.05,2.89,5185008736.0,4930913725.0,-0.09,-0.17,-5.15,-3.06
2306,603267,鸿远电子,49.34,-1.3,-0.65,41593.0,205380043.0,2.04,49.94,48.92,49.13,49.99,0.94,1.8,45.62,2.58,11401531211.0,11401531211.0,-0.12,-0.2,-9.83,-9.35
2307,301575,艾芬达,44.86,-1.3,-0.59,4908.0,22054860.87,2.07,45.47,44.53,45.09,45.45,0.94,2.82,30.25,2.83,3888016200.0,780946925.0,-0.04,0.18,-12.28,-12.42
2308,920008,成电光信,25.1,-1.3,-0.33,7245.0,18358689.27,2.79,25.65,24.94,25.35,25.43,0.84,2.16,74.81,4.85,1600125000.0,843327897.0,-0.04,-0.12,-19.14,-16.5
2309,002345,潮宏基,10.64,-1.3,-0.14,129434.0,137498123.34,1.39,10.69,10.54,10.56,10.78,0.73,1.49,19.02,2.51,9453775202.0,9227320444.0,0.0,0.09,-13.92,-14.88
2310,002870,香山股份,36.21,-1.31,-0.48,25119.0,91556972.53,3.05,37.02,35.9,36.5,36.69,1.04,1.95,50.38,2.88,4782458780.0,4669698812.0,-0.17,-0.06,-7.15,-7.91
2311,300151,昌红科技,15.88,-1.31,-0.21,77590.0,123813884.0,2.3,16.18,15.81,15.95,16.09,0.92,2.1,130.87,5.45,8456240760.0,5854261663.0,-0.06,0.19,1.47,5.31
2312,000688,国城矿业,39.86,-1.31,-0.53,225346.0,903080486.82,5.62,41.18,38.91,40.39,40.39,0.9,1.9,43.88,18.16,47236798761.0,47236626566.0,0.15,0.05,37.59,43.38
2313,603330,天洋新材,6.78,-1.31,-0.09,43086.0,29312726.0,1.89,6.89,6.76,6.89,6.87,0.8,1.06,-203.88,1.92,2933527340.0,2757515699.0,0.0,0.15,-6.09,-6.35
2314,301488,豪恩汽电,128.87,-1.31,-1.71,9193.0,118370800.83,2.08,130.0,127.28,128.1,130.58,0.93,3.93,158.19,8.7,11856040000.0,3017128668.0,-0.1,0.07,-27.39,-15.8
2315,920896,旺成科技,16.58,-1.31,-0.22,7764.0,13048403.5,3.87,17.08,16.43,16.59,16.8,1.13,1.75,27.09,3.77,1678297899.0,734538517.0,0.06,0.3,-20.21,-22.01
2316,603053,成都燃气,9.8,-1.31,-0.13,31876.0,31370833.0,2.22,9.99,9.77,9.89,9.93,0.62,0.36,15.69,1.81,8711122000.0,8711122000.0,-0.1,-0.1,0.2,2.08
2317,601177,杭齿前进,14.32,-1.31,-0.19,39100.0,55881832.0,1.72,14.43,14.18,14.43,14.51,1.18,0.98,21.12,2.09,5838457320.0,5728859200.0,0.0,0.0,-17.23,-17.46
2318,920469,富恒新材,9.02,-1.31,-0.12,16975.0,15548808.58,4.05,9.39,9.02,9.16,9.14,1.03,1.64,-13.35,3.81,1271332920.0,933102421.0,-0.66,-0.55,-26.07,-26.25
2319,002239,奥特佳,3.02,-1.31,-0.04,498903.0,151205756.0,1.63,3.06,3.01,3.03,3.06,0.86,1.53,66.74,1.79,10021375674.0,9863779330.0,0.33,0.33,-1.63,1.34
2320,601326,秦港股份,3.78,-1.31,-0.05,399126.0,150874045.0,1.83,3.82,3.75,3.79,3.83,0.64,0.84,13.15,1.03,21120417360.0,17983573020.0,0.27,0.0,6.48,8.31
2321,601065,江盐集团,8.26,-1.31,-0.11,40530.0,33594303.0,1.43,8.37,8.25,8.34,8.37,0.72,0.97,20.34,1.2,5309330413.0,3438275213.0,0.0,-0.12,-2.13,-0.48
2322,301069,凯盛新材,21.17,-1.31,-0.28,49809.0,105554375.39,1.4,21.33,21.03,21.32,21.45,0.84,1.17,62.16,5.66,9593698428.0,9034810428.0,0.0,0.0,-25.01,-23.85
2323,002961,瑞达期货,21.93,-1.31,-0.29,55991.0,122970276.99,1.31,22.13,21.84,21.91,22.22,0.66,1.17,19.12,2.82,10459150186.0,10459100843.0,0.0,0.05,-20.6,-18.99
2324,603969,银龙股份,9.01,-1.31,-0.12,72130.0,65334263.0,1.42,9.13,9.0,9.12,9.13,0.61,0.85,21.47,2.79,7853034910.0,7602713684.0,-0.33,-0.11,-11.06,-10.88
2325,002798,帝欧水华,6.04,-1.31,-0.08,51146.0,31186145.87,2.61,6.2,6.04,6.15,6.12,0.84,1.07,-17.63,1.63,3323072625.0,2895709182.0,-0.33,0.0,3.6,5.41
2326,002796,世嘉科技,50.47,-1.31,-0.67,156395.0,796145992.56,3.42,51.75,50.0,50.07,51.14,0.82,6.87,-187.25,14.88,12736959866.0,11492433005.0,0.14,-0.28,78.15,82.01
2327,002139,拓邦股份,12.08,-1.31,-0.16,98556.0,119042134.08,0.9,12.13,12.02,12.12,12.24,0.82,0.92,41.39,2.16,15061766655.0,12938765352.0,-0.08,-0.08,-13.9,-12.34
2328,601399,国机重装,4.5,-1.32,-0.06,444453.0,199960976.0,1.32,4.53,4.47,4.53,4.56,0.73,0.62,67.79,2.19,32461001505.0,32461001505.0,0.0,0.0,-10.18,-5.86
2329,600987,航民股份,7.48,-1.32,-0.1,89915.0,67711877.0,2.11,7.62,7.46,7.52,7.58,1.17,0.88,10.39,1.14,7635725170.0,7635725170.0,-0.27,0.0,7.78,8.56
2330,600575,淮河能源,3.73,-1.32,-0.05,382775.0,143279996.0,1.85,3.79,3.72,3.76,3.78,0.75,0.98,15.75,1.22,26732134794.0,14495753772.0,0.0,-0.27,7.18,9.71
2331,920270,天铭科技,15.65,-1.32,-0.21,9781.0,15562018.62,4.67,16.3,15.56,15.73,15.86,0.93,1.21,45.39,4.0,1637240400.0,1269658161.0,-0.51,-0.82,-31.9,-39.06
2332,301220,亚香股份,39.48,-1.32,-0.53,15551.0,61850145.6,2.97,40.38,39.19,39.76,40.01,0.55,2.0,27.6,2.54,4452192763.0,3072926984.0,-0.03,-0.03,5.03,4.58
2333,002839,张家港行,4.48,-1.32,-0.06,224272.0,100992390.56,1.54,4.55,4.48,4.53,4.54,0.8,0.92,5.53,0.59,10950665484.0,10940249855.0,-0.22,-0.44,-2.4,-1.97
2334,688380,中微半导,44.08,-1.32,-0.59,74920.0,331353850.0,3.04,44.88,43.52,43.75,44.67,1.24,1.87,62.1,5.55,17648089200.0,17648089200.0,0.0,0.0,27.84,37.11
2335,688073,毕得医药,59.11,-1.32,-0.79,9168.0,54249164.0,3.01,60.3,58.5,59.39,59.9,0.46,2.12,35.3,2.62,5372091056.0,2555571907.0,-0.14,0.17,-11.25,-3.18
2336,600704,物产中大,5.25,-1.32,-0.07,359668.0,189328160.0,1.5,5.31,5.23,5.29,5.32,0.89,0.7,6.67,0.66,27148694423.0,27148694423.0,0.19,0.0,-8.06,-4.02
2337,603033,三维股份,11.21,-1.32,-0.15,166292.0,184150960.0,4.84,11.35,10.8,11.29,11.36,1.09,1.64,-76.0,3.97,11559343440.0,11350472712.0,-0.09,-0.8,3.8,3.7
2338,300890,翔丰华,29.82,-1.32,-0.4,43590.0,131209416.17,2.48,30.51,29.76,30.17,30.22,0.7,4.0,133.59,1.73,3552948511.0,3246357610.0,-0.03,-0.17,-3.78,0.07
2339,603577,汇金通,10.5,-1.32,-0.14,47126.0,49227880.0,2.26,10.59,10.35,10.59,10.64,0.76,1.39,34.56,1.82,3560960550.0,3560960550.0,0.0,0.1,-2.23,-0.19
2340,600645,中源协和,28.5,-1.32,-0.38,116822.0,335621804.0,2.42,29.14,28.44,28.71,28.88,0.46,2.5,92.69,3.59,13336543365.0,13331449703.0,-0.07,-0.28,7.26,13.1
2341,002297,博云新材,11.12,-1.33,-0.15,153146.0,170348904.44,1.6,11.24,11.06,11.2,11.27,1.09,2.67,103.03,3.0,6372925587.0,6372925587.0,-0.18,-0.27,-7.79,-7.1
2342,601698,中国卫通,32.55,-1.33,-0.44,333272.0,1082342159.0,2.76,32.93,32.02,32.5,32.99,0.92,0.79,311.63,8.6,137503745161.0,137503745161.0,0.12,0.15,-24.71,-8.9
2343,002334,英威腾,8.18,-1.33,-0.11,152765.0,125053434.0,1.09,8.24,8.15,8.2,8.29,0.72,2.08,32.31,2.19,6730018108.0,6008981734.0,-0.12,0.0,-9.41,-9.31
2344,600016,民生银行,3.7,-1.33,-0.05,1368059.0,508038914.0,1.07,3.74,3.7,3.74,3.75,0.61,0.39,5.3,0.29,161994948457.0,131209855888.0,0.0,0.0,-4.39,-3.39
2345,603596,伯特利,45.37,-1.33,-0.61,85231.0,386875197.0,2.22,45.89,44.87,45.4,45.98,0.9,1.41,21.01,3.53,27517469176.0,27517469176.0,-0.04,0.07,-20.05,-11.51
2346,601163,三角轮胎,14.06,-1.33,-0.19,29260.0,41325001.0,1.4,14.25,14.05,14.15,14.25,0.67,0.37,12.36,0.82,11248000000.0,11248000000.0,-0.07,-0.07,-2.02,-1.61
2347,600862,中航高科,21.3,-1.34,-0.29,115642.0,246692142.0,1.16,21.49,21.24,21.4,21.59,0.88,0.83,28.78,3.86,29671945979.0,29671945979.0,0.0,0.0,-15.94,-9.86
2348,603131,上海沪工,20.69,-1.34,-0.28,50679.0,104881797.0,2.05,20.96,20.53,20.77,20.97,0.9,1.5,-2649.48,5.48,6970610382.0,6970610382.0,0.19,0.15,-31.08,-31.6
2349,600237,铜峰电子,8.85,-1.34,-0.12,165351.0,146690565.0,1.78,8.95,8.79,8.88,8.97,0.77,2.65,46.55,2.84,5581731772.0,5527849786.0,-0.11,0.0,-2.21,-1.23
2350,000544,中原环保,8.1,-1.34,-0.11,54325.0,44101561.6,1.71,8.2,8.06,8.16,8.21,0.6,0.56,7.34,0.87,7894944353.0,7894944353.0,-0.12,0.12,-3.69,-2.64
2351,600642,申能股份,8.85,-1.34,-0.12,373687.0,334216244.0,3.68,9.15,8.82,8.91,8.97,1.71,0.76,9.8,1.18,43312602478.0,43310246431.0,-0.34,-0.34,12.31,13.75
2352,603262,技源集团,25.05,-1.34,-0.34,9640.0,24094256.0,2.72,25.39,24.7,25.39,25.39,1.02,2.41,64.48,6.53,10020250500.0,1002200400.0,-0.16,-0.16,-13.2,-12.07
2353,002140,东华科技,12.49,-1.34,-0.17,65740.0,82197757.76,1.74,12.64,12.42,12.54,12.66,0.55,0.93,16.6,1.87,8843093261.0,8830415949.0,-0.08,0.0,7.49,11.42
2354,601369,陕鼓动力,10.31,-1.34,-0.14,72313.0,74775079.0,1.44,10.44,10.29,10.36,10.45,0.77,0.42,21.58,2.02,17769022013.0,17591038421.0,-0.29,-0.1,3.93,3.0
2355,000711,ST京蓝,3.68,-1.34,-0.05,1132533.0,425914877.88,5.36,3.86,3.66,3.78,3.73,0.62,4.83,-76.76,18.14,10734921678.0,8632749245.0,0.0,0.0,111.49,115.2
2356,002587,奥拓电子,6.63,-1.34,-0.09,209769.0,139095745.5,1.79,6.7,6.58,6.64,6.72,0.71,3.94,204.54,3.25,4319737754.0,3531785864.0,-0.15,0.0,-2.5,-1.92
2357,603977,国泰集团,14.77,-1.34,-0.2,154133.0,227861894.0,2.2,14.93,14.6,14.9,14.97,0.63,2.48,36.22,2.74,9175741800.0,9175741800.0,-0.07,0.07,3.21,6.26
2358,605011,杭州热电,19.15,-1.34,-0.26,35694.0,68213626.0,1.7,19.31,18.98,19.28,19.41,0.59,0.89,39.59,3.18,7661915000.0,7661915000.0,-0.05,0.1,-6.4,-6.31
2359,601066,中信建投,21.35,-1.34,-0.29,75954.0,162314633.0,0.88,21.5,21.31,21.5,21.64,0.98,0.12,17.54,2.0,165605433916.0,138682576597.0,0.09,0.05,-21.65,-19.77
2360,600461,洪城环境,9.6,-1.34,-0.13,87050.0,83969351.0,2.77,9.82,9.55,9.71,9.73,0.98,0.68,9.91,1.28,12327893626.0,12327893626.0,-0.21,-0.31,2.24,3.56
2361,300338,ST开元,3.67,-1.34,-0.05,36612.0,13441856.0,2.42,3.73,3.64,3.69,3.72,0.55,1.05,-17.46,-38.21,1477632620.0,1282155758.0,0.0,0.27,-3.17,-3.42
2362,603689,皖天然气,8.07,-1.34,-0.11,38469.0,31141556.0,1.47,8.17,8.05,8.15,8.18,0.73,0.73,13.08,1.16,4243308957.0,4224220340.0,-0.12,-0.12,-2.18,-0.49
2363,600529,山东药玻,18.39,-1.34,-0.25,44424.0,82090687.0,1.02,18.58,18.39,18.53,18.64,0.9,0.67,17.7,1.47,12203863538.0,12203863538.0,0.0,-0.11,-10.47,-7.73
2364,002300,太阳电缆,9.47,-1.35,-0.13,225672.0,213497220.84,1.98,9.57,9.38,9.55,9.6,0.58,3.12,82.27,3.61,6840500139.0,6840133754.0,-0.21,-0.21,3.05,2.93
2365,301016,雷尔伟,21.89,-1.35,-0.3,20261.0,44726089.19,3.11,22.49,21.8,22.19,22.19,0.56,0.98,67.51,4.65,4780776000.0,4534516959.0,-0.05,0.0,-17.43,-3.06
2366,301206,三元生物,26.3,-1.35,-0.36,12601.0,33199539.1,1.91,26.65,26.14,26.45,26.66,1.01,0.97,59.21,1.23,5321165910.0,3426446109.0,-0.27,0.0,-2.19,0.04
2367,301276,嘉曼服饰,23.33,-1.35,-0.32,9380.0,21900893.0,3.76,23.89,23.0,23.89,23.65,0.75,1.3,33.58,1.45,3023568000.0,1686003271.0,-0.09,0.09,-22.29,-22.18
2368,002826,易明医药,20.4,-1.35,-0.28,39349.0,80433605.0,2.42,20.74,20.24,20.52,20.68,0.8,2.15,35.68,4.85,3889826100.0,3732777944.0,0.0,0.0,10.75,10.99
2369,601200,上海环境,8.05,-1.35,-0.11,105903.0,85642057.0,1.84,8.18,8.03,8.14,8.16,0.66,0.79,17.97,0.93,10837153521.0,10837153521.0,0.0,0.0,-0.98,0.0
2370,002802,洪汇新材,13.14,-1.35,-0.18,34143.0,45189024.17,2.7,13.44,13.08,13.4,13.32,0.85,2.28,58.14,3.79,2381570995.0,1966837340.0,0.0,0.31,5.04,5.63
2371,603057,紫燕食品,25.55,-1.35,-0.35,24912.0,64252537.0,2.66,26.19,25.5,26.08,25.9,0.64,0.6,40.67,5.27,10526600000.0,10526600000.0,0.0,0.12,22.42,25.61
2372,002011,盾安环境,11.65,-1.35,-0.16,86809.0,101555600.51,1.35,11.79,11.63,11.7,11.81,0.99,0.82,12.22,1.96,12519988669.0,12343865915.0,-0.09,-0.26,-10.59,-8.12
2373,002144,宏达高科,14.6,-1.35,-0.2,31603.0,45987185.0,2.64,14.8,14.41,14.8,14.8,0.91,2.3,32.59,1.21,2580732909.0,2009606430.0,-0.07,0.14,15.6,15.05
2374,688075,安旭生物,38.62,-1.35,-0.53,4910.0,19036851.0,1.61,39.24,38.61,39.23,39.15,0.71,0.39,66.88,0.95,4907937929.0,4907937929.0,-0.36,-0.16,-3.18,-0.13
2375,688289,圣湘生物,18.22,-1.35,-0.25,36541.0,67147493.0,1.41,18.48,18.22,18.43,18.47,0.93,0.63,53.28,1.48,10556449469.0,10556449469.0,-0.16,-0.16,-6.71,-3.65
2376,600015,华夏银行,7.32,-1.35,-0.1,586683.0,429503748.0,2.29,7.43,7.26,7.42,7.42,0.8,0.38,4.28,0.37,116497276386.0,112634479556.0,0.14,0.14,7.65,8.12
2377,688235,百济神州-U,242.56,-1.35,-3.32,24480.0,598337892.0,2.31,247.68,242.0,243.86,245.88,0.58,2.13,262.9,11.43,373886618836.0,27907803866.0,-0.17,-0.15,-18.79,-9.69
2378,300527,ST应急,8.03,-1.35,-0.11,60652.0,48864874.1,1.11,8.11,8.02,8.1,8.14,0.95,0.6,763.61,2.81,8164666087.0,8164666087.0,0.0,0.0,-2.19,-0.5
2379,002167,东方锆业,12.42,-1.35,-0.17,173250.0,215422456.96,1.75,12.55,12.33,12.41,12.59,0.96,2.29,186.55,5.49,9621442386.0,9406932380.0,0.08,0.08,-5.19,0.57
2380,688508,芯朋微,59.65,-1.36,-0.82,19781.0,118367414.0,1.84,60.46,59.35,59.78,60.47,0.92,1.51,42.04,2.87,7832662139.0,7832662139.0,0.1,-0.13,-7.19,-2.05
2381,603719,良品铺子,10.13,-1.36,-0.14,36990.0,38044015.0,3.8,10.5,10.11,10.24,10.27,1.4,0.92,-24.91,2.01,4062130000.0,4062130000.0,0.0,0.0,-15.09,-13.49
2382,300735,光弘科技,21.82,-1.36,-0.3,98393.0,216633187.0,2.58,22.32,21.75,21.96,22.12,1.16,1.3,63.13,3.39,16745992234.0,16526845071.0,-0.05,-0.05,-14.67,-12.23
2383,300069,金利华电,23.23,-1.36,-0.32,161993.0,366947220.57,6.88,23.45,21.83,22.52,23.55,0.71,13.85,281.0,9.63,2717910000.0,2717910000.0,0.3,-0.04,31.17,34.67
2384,600143,金发科技,16.7,-1.36,-0.23,375214.0,626621204.0,2.3,16.9,16.51,16.7,16.93,0.78,1.42,31.0,2.31,44001594668.0,44001594668.0,0.0,0.06,-12.98,-14.53
2385,601686,友发集团,5.79,-1.36,-0.08,43173.0,25141842.0,1.87,5.89,5.78,5.88,5.87,0.87,0.29,12.74,1.25,8520257362.0,8520257362.0,-0.17,-0.34,-4.14,-3.34
2386,002125,湘潭电化,13.05,-1.36,-0.18,101182.0,132056515.36,2.04,13.17,12.9,13.11,13.23,0.66,1.61,39.16,2.69,8215112952.0,8215112952.0,-0.08,-0.15,-10.06,-7.84
2387,300404,博济医药,10.16,-1.36,-0.14,119148.0,122047390.3,3.98,10.48,10.07,10.21,10.3,0.74,4.17,134.17,3.84,3920368476.0,2900087804.0,-0.1,0.0,-0.29,8.9
2388,600550,保变电气,15.21,-1.36,-0.21,451675.0,686230303.0,2.33,15.39,15.03,15.15,15.42,0.79,2.45,143.95,35.78,28009648181.0,28009648181.0,-0.07,-0.07,37.52,44.17
2389,601298,青岛港,8.71,-1.36,-0.12,74753.0,65278310.0,1.93,8.84,8.67,8.82,8.83,0.65,0.14,10.73,1.24,56537481000.0,46964973250.0,0.0,-0.11,2.59,4.44
2390,001319,铭科精技,24.66,-1.36,-0.34,14755.0,36459018.0,2.0,24.99,24.49,24.8,25.0,0.85,1.8,26.39,2.6,3486924000.0,2022121850.0,0.08,0.16,-9.74,-10.23
2391,002191,劲嘉股份,3.63,-1.36,-0.05,97319.0,35636149.0,2.17,3.7,3.62,3.65,3.68,0.95,0.68,27.4,0.79,5269957167.0,5229071396.0,0.0,0.0,-15.38,-13.37
2392,300327,中颖电子,24.71,-1.36,-0.34,85828.0,212081403.13,1.72,24.89,24.46,24.67,25.05,0.85,2.53,140.21,4.74,8435256950.0,8373088048.0,-0.08,-0.12,-16.38,-11.84
2393,600343,航天动力,32.58,-1.36,-0.45,303173.0,986260339.0,4.15,33.2,31.83,32.32,33.03,0.65,4.75,-107.97,16.06,20792762818.0,20792762818.0,0.0,-0.03,-28.16,-33.47
2394,301109,军信股份,15.22,-1.36,-0.21,65948.0,100167424.7,1.94,15.38,15.08,15.29,15.43,0.71,2.86,16.76,1.55,12010114815.0,3505746217.0,-0.2,-0.07,-0.2,1.47
2395,301668,昊创瑞通,50.09,-1.36,-0.69,12624.0,63313881.16,1.06,50.47,49.93,50.38,50.78,0.82,5.19,44.77,5.27,5509900000.0,1218618222.0,0.0,0.04,1.71,5.43
2396,688182,灿勤科技,28.31,-1.36,-0.39,41415.0,118014661.0,2.58,28.96,28.22,28.96,28.7,1.2,1.04,94.27,4.98,11324000000.0,11324000000.0,0.0,0.18,-5.88,-3.97
2397,920108,宏海科技,10.87,-1.36,-0.15,10573.0,11653520.15,3.54,11.23,10.84,10.88,11.02,1.23,1.45,111.89,3.81,1871814000.0,793158356.0,-1.27,-0.28,-21.12,-19.18
2398,001388,信通电子,38.55,-1.36,-0.53,8626.0,33241638.02,1.84,39.0,38.28,38.79,39.08,0.76,2.76,63.92,4.31,6013800000.0,1202760000.0,0.03,0.1,-10.89,-10.22
2399,601033,永兴股份,14.51,-1.36,-0.2,30687.0,44678564.0,0.95,14.65,14.51,14.65,14.71,0.55,1.28,15.18,1.21,13059000000.0,3482400000.0,-0.07,-0.07,-5.1,-4.1
2400,603050,科林电气,19.42,-1.37,-0.27,34177.0,66058959.0,2.13,19.52,19.1,19.5,19.69,0.92,0.85,30.36,4.17,7832458728.0,7832458728.0,0.0,0.0,3.52,7.77
2401,600854,春兰股份,5.04,-1.37,-0.07,73396.0,37073161.0,2.54,5.13,5.0,5.11,5.11,0.78,1.41,16.34,1.07,2618071032.0,2618071032.0,-0.59,0.2,0.8,1.0
2402,603382,海阳科技,26.68,-1.37,-0.37,7935.0,21244097.0,1.48,27.05,26.65,27.05,27.05,1.04,2.19,38.96,2.79,4835786498.0,967158538.0,0.11,0.08,-22.51,-17.25
2403,603198,迎驾贡酒,35.27,-1.37,-0.49,32788.0,115600828.0,1.96,35.7,35.0,35.45,35.76,0.43,0.41,14.0,2.78,28216000000.0,28216000000.0,0.03,-0.25,-12.35,-10.84
2404,601179,中国西电,15.79,-1.37,-0.22,1379868.0,2166163621.0,2.81,15.95,15.5,15.7,16.01,0.93,2.69,64.68,3.58,80937682338.0,80937682338.0,0.0,-0.06,63.97,73.52
2405,688709,成都华微,44.49,-1.37,-0.62,48877.0,217974563.0,2.13,45.09,44.13,44.45,45.11,1.01,2.2,120.41,9.27,28333324187.0,9865490707.0,0.09,-0.09,-9.94,-3.26
2406,002240,盛新锂能,39.0,-1.37,-0.54,436652.0,1718874019.22,5.74,40.6,38.33,40.05,39.54,1.02,4.78,-40.2,3.48,35696461008.0,35603440158.0,0.0,0.0,5.23,13.27
2407,002486,嘉麟杰,2.89,-1.37,-0.04,253866.0,73898994.92,3.07,2.96,2.87,2.92,2.93,0.98,3.09,34.36,2.2,2382178159.0,2371149269.0,0.0,0.0,-7.37,-7.07
2408,000682,东方电子,12.23,-1.37,-0.17,139607.0,170382294.85,1.69,12.32,12.11,12.3,12.4,1.0,1.04,24.84,2.98,16397091296.0,16395011364.0,-0.08,0.0,0.49,3.12
2409,002651,利君股份,9.37,-1.37,-0.13,56381.0,52951752.0,1.16,9.46,9.35,9.43,9.5,0.83,1.0,168.28,3.5,9683520200.0,5298394316.0,-0.11,-0.11,-21.66,-19.85
2410,601827,三峰环境,7.93,-1.37,-0.11,75011.0,59640512.0,1.49,8.02,7.9,8.0,8.04,0.53,0.45,10.77,1.1,13258431069.0,13258431069.0,0.0,0.0,-7.47,-6.38
2411,000786,北新建材,25.86,-1.37,-0.36,170202.0,438921640.55,3.55,26.4,25.47,26.02,26.22,1.59,1.01,15.15,1.62,44019824046.0,43690672794.0,-0.08,-0.12,0.47,3.56
2412,600967,内蒙一机,14.45,-1.37,-0.2,174447.0,253103564.0,2.59,14.76,14.38,14.55,14.65,0.94,1.03,47.76,2.07,24590932938.0,24590932938.0,-0.07,-0.07,-17.43,-13.99
2413,300873,海晨股份,22.34,-1.37,-0.31,21153.0,47296127.0,2.96,22.67,22.0,22.55,22.65,1.1,1.27,18.9,1.64,5151643743.0,3727198563.0,0.0,0.18,0.18,1.68
2414,688566,吉贝尔,31.74,-1.37,-0.44,41829.0,134098066.0,4.41,32.92,31.5,31.88,32.18,0.63,2.1,24.47,2.61,6329935655.0,6329935655.0,0.0,-0.03,3.79,6.33
2415,300682,朗新科技,15.86,-1.37,-0.22,156945.0,249330596.13,3.05,16.15,15.66,15.88,16.08,0.77,1.52,162.93,2.52,17100820121.0,16356803668.0,0.0,-0.06,-0.5,4.27
2416,300387,富邦科技,8.64,-1.37,-0.12,82100.0,71147162.0,3.2,8.85,8.57,8.74,8.76,0.8,2.84,23.23,1.68,2497452636.0,2496585413.0,-0.12,-0.12,-0.69,1.53
2417,300815,玉禾田,20.84,-1.37,-0.29,31388.0,65364991.32,1.51,20.99,20.67,20.99,21.13,1.0,0.8,14.45,1.88,8306657280.0,8135531871.0,0.0,-0.05,-10.29,-8.52
2418,300972,万辰集团,197.01,-1.37,-2.74,8147.0,161843340.5,2.5,201.5,196.5,199.75,199.75,0.6,0.46,28.03,25.09,37686709779.0,34539966963.0,0.12,0.12,-7.38,-2.02
2419,603660,苏州科达,9.39,-1.37,-0.13,131691.0,123558588.0,2.63,9.51,9.26,9.43,9.52,0.74,2.3,-11.54,6.3,5406630972.0,5366316415.0,0.0,-0.11,-16.61,-14.87
2420,601995,中金公司,32.46,-1.37,-0.45,100165.0,325660169.0,1.34,32.83,32.39,32.83,32.91,0.92,0.34,16.0,1.57,156692757935.0,94898187602.0,-0.06,0.12,-10.85,-7.26
2421,000856,冀东装备,10.73,-1.38,-0.15,84149.0,90398047.0,2.21,10.88,10.64,10.75,10.88,0.52,3.71,93.27,5.63,2435710000.0,2435710000.0,0.0,0.09,4.99,4.58
2422,301193,家联科技,22.88,-1.38,-0.32,22700.0,52002453.22,2.07,23.21,22.73,23.18,23.2,1.04,1.64,-45.37,2.93,4465689114.0,3168393114.0,-0.04,-0.04,3.3,6.07
2423,920098,科隆新材,25.0,-1.38,-0.35,4049.0,10145221.91,1.3,25.24,24.91,25.21,25.35,0.75,0.73,35.7,2.16,2033009225.0,1384391600.0,-0.16,0.04,-20.26,-19.07
2424,002695,煌上煌,10.73,-1.38,-0.15,42663.0,45924540.0,2.67,10.97,10.68,10.87,10.88,0.77,0.83,44.57,2.14,6004355645.0,5487913051.0,-0.37,-0.19,-9.68,-8.6
2425,600141,兴发集团,32.88,-1.38,-0.46,195981.0,644658505.0,2.46,33.45,32.63,33.05,33.34,0.81,1.63,26.48,1.66,39513206498.0,39513206498.0,-0.03,-0.03,-12.32,-4.92
2426,603195,公牛集团,41.52,-1.38,-0.58,14847.0,61915552.0,1.81,42.19,41.43,41.99,42.1,0.82,0.08,18.9,4.79,75064404018.0,74763582732.0,-0.02,0.14,0.31,1.69
2427,002774,快意电梯,10.7,-1.38,-0.15,25731.0,27513405.0,2.03,10.83,10.61,10.74,10.85,0.82,0.91,51.9,3.0,3602560530.0,3014959705.0,0.09,0.0,-4.72,15.3
2428,002626,金达威,17.84,-1.38,-0.25,47775.0,85854575.0,2.16,18.2,17.81,18.02,18.09,1.04,0.78,22.62,2.46,10881244949.0,10879906949.0,-0.11,-0.11,-10.84,-9.49
2429,300711,广哈通信,24.96,-1.38,-0.35,40569.0,101227661.59,2.13,25.21,24.67,25.03,25.31,1.2,1.63,73.05,7.77,6999623455.0,6200705322.0,-0.08,-0.08,5.99,7.49
2430,688355,明志科技,22.72,-1.39,-0.32,32547.0,74025048.0,2.82,23.11,22.46,22.87,23.04,1.29,2.63,35.31,2.56,2816281956.0,2816281956.0,0.18,-0.22,24.56,27.64
2431,603220,中贝通信,27.0,-1.39,-0.38,340055.0,918028919.0,2.12,27.3,26.72,26.97,27.38,0.83,7.83,127.71,5.89,14481366867.0,11725048998.0,0.04,-0.04,21.73,26.76
2432,603188,亚邦股份,4.97,-1.39,-0.07,207193.0,104074084.0,6.75,5.3,4.96,5.08,5.04,1.15,3.63,103.0,3.69,2833744900.0,2833744900.0,-0.6,-0.2,8.99,8.28
2433,600782,新钢股份,3.56,-1.39,-0.05,365202.0,130329009.0,1.39,3.6,3.55,3.58,3.61,0.84,1.16,23.61,0.43,11335118850.0,11198521650.0,0.0,0.0,-8.72,-8.25
2434,002779,中坚科技,90.16,-1.39,-1.27,21892.0,197305598.27,1.96,91.0,89.21,89.77,91.43,0.84,1.32,96.55,18.27,16661568000.0,14949279484.0,-0.03,-0.07,-21.29,-20.61
2435,000985,大庆华科,19.12,-1.39,-0.27,14567.0,28017036.8,2.63,19.55,19.04,19.29,19.39,0.72,1.12,140.57,4.03,2478707240.0,2478707240.0,-0.31,-0.42,-2.4,0.05
2436,002660,茂硕电源,8.51,-1.39,-0.12,42799.0,36499573.0,1.74,8.62,8.47,8.57,8.63,0.6,1.25,-12.95,2.96,3034887422.0,2918816902.0,0.12,0.12,-8.89,-7.6
2437,002917,金奥博,14.17,-1.39,-0.2,70553.0,100165740.2,1.67,14.34,14.1,14.22,14.37,1.03,2.71,28.22,2.88,4925693171.0,3691918838.0,0.0,0.07,5.04,5.9
2438,603279,景津装备,18.39,-1.39,-0.26,82122.0,151898370.0,2.31,18.78,18.35,18.35,18.65,0.82,1.42,18.26,2.25,10599499470.0,10599499470.0,0.11,0.11,8.62,9.01
2439,300689,澄天伟业,46.2,-1.39,-0.65,14918.0,68741870.38,2.11,46.69,45.7,46.51,46.85,1.08,1.47,322.45,7.73,5340720000.0,4674616439.0,0.0,-0.06,-0.56,2.78
2440,600928,西安银行,3.56,-1.39,-0.05,150358.0,53656420.0,1.66,3.61,3.55,3.6,3.61,0.92,0.34,5.84,0.46,15822222224.0,15747140475.0,0.0,0.0,-4.81,-3.78
2441,300629,新劲刚,22.72,-1.39,-0.32,77103.0,175254786.48,2.69,23.14,22.52,22.81,23.04,1.01,3.56,381.63,3.36,5712340193.0,4926469321.0,0.09,0.18,-2.41,-4.46
2442,600618,氯碱化工,12.73,-1.39,-0.18,67616.0,86297117.0,1.39,12.88,12.7,12.8,12.91,0.57,0.9,18.02,1.62,14720971694.0,9545462894.0,-0.08,-0.08,-3.41,7.15
2443,600019,宝钢股份,6.4,-1.39,-0.09,840395.0,539144135.0,1.69,6.48,6.37,6.46,6.49,1.28,0.39,13.14,0.68,139405342394.0,139405342394.0,0.0,0.31,-12.93,-14.09
2444,300847,中船汉光,15.61,-1.39,-0.22,28751.0,44960319.0,1.26,15.75,15.55,15.7,15.83,0.92,0.97,40.23,3.16,4620716100.0,4620716100.0,-0.06,-0.06,-10.8,-8.93
2445,601668,中国建筑,4.96,-1.39,-0.07,1505037.0,749636235.0,0.99,5.01,4.96,5.01,5.03,0.9,0.36,4.03,0.43,204949136602.0,204949136602.0,-0.2,0.0,-4.43,-3.31
2446,603855,华荣股份,19.9,-1.39,-0.28,33922.0,67686451.0,1.39,20.08,19.8,20.01,20.18,1.31,1.01,16.82,3.21,6716468900.0,6677096750.0,-0.25,-0.5,-0.35,2.84
2447,603192,汇得科技,24.05,-1.39,-0.34,9870.0,23820971.0,2.01,24.44,23.95,24.29,24.39,0.79,0.71,39.65,2.14,4025043618.0,3352725531.0,0.0,0.08,-10.56,-8.35
2448,301157,华塑科技,63.26,-1.39,-0.89,19331.0,122418924.0,1.89,64.12,62.91,64.0,64.15,0.74,9.36,149.52,3.47,3795600000.0,1306955079.0,0.02,0.03,19.54,21.61
2449,002526,山东矿机,3.51,-1.4,-0.05,251268.0,88247912.17,1.4,3.54,3.49,3.52,3.56,0.67,1.42,42.79,1.94,6257606364.0,6216506377.0,0.0,0.0,-3.57,-2.5
2450,603811,诚意药业,11.96,-1.4,-0.17,66396.0,79966839.0,3.54,12.33,11.9,12.11,12.13,0.75,2.03,20.57,2.96,3914559667.0,3914559667.0,0.0,0.08,9.62,13.9
2451,300609,汇纳科技,33.89,-1.4,-0.48,25963.0,87726201.0,2.36,34.22,33.41,34.22,34.37,0.78,2.16,-85.27,4.08,4070676575.0,4064400825.0,0.0,-0.18,-17.9,-12.13
2452,603137,恒尚节能,13.35,-1.4,-0.19,16921.0,22560488.0,2.22,13.52,13.22,13.52,13.54,0.68,2.29,38.91,1.96,2442160009.0,984340009.0,-0.07,0.6,-5.99,-2.84
2453,600197,伊力特,11.93,-1.4,-0.17,24472.0,29305176.0,1.32,12.09,11.93,12.09,12.1,0.87,0.52,30.84,1.48,5644974374.0,5644974374.0,-0.17,0.0,-14.66,-13.8
2454,002734,利民股份,17.66,-1.4,-0.25,185316.0,327931957.4,2.07,17.94,17.57,17.7,17.91,0.9,4.27,16.16,2.19,8403327760.0,7670546740.0,0.0,-0.06,4.07,10.79
2455,600284,浦东建设,7.04,-1.4,-0.1,59516.0,41948374.0,1.82,7.13,7.0,7.13,7.14,0.72,0.61,19.34,0.86,6830602240.0,6830602240.0,0.0,0.14,-17.95,-16.19
2456,002637,赞宇科技,12.0,-1.4,-0.17,158432.0,190744071.0,2.88,12.28,11.93,12.28,12.17,0.99,3.58,28.09,1.5,5644812000.0,5312677800.0,0.0,-0.17,15.83,17.07
2457,000809,和展能源,3.52,-1.4,-0.05,217511.0,77264074.39,3.92,3.64,3.5,3.53,3.57,0.58,2.64,-43.63,1.09,2903265351.0,2903265351.0,0.0,0.57,1.73,-3.3
2458,603051,鹿山新材,21.19,-1.4,-0.3,26899.0,57080936.0,1.4,21.39,21.09,21.39,21.49,0.7,1.66,219.86,2.0,3425001066.0,3425001066.0,0.0,-0.09,-8.19,0.0
2459,600123,兰花科创,6.31,-1.41,-0.09,254183.0,161304654.0,2.19,6.44,6.3,6.38,6.4,0.62,1.73,663.13,0.59,9296144533.0,9296144533.0,-0.16,0.0,5.34,6.77
2460,001323,慕思股份,24.52,-1.41,-0.35,5404.0,13281318.6,2.94,25.09,24.36,25.09,24.87,1.01,0.17,17.14,2.42,10668180333.0,7631801916.0,-0.12,-0.04,-6.73,-5.55
2461,301268,铭利达,21.68,-1.41,-0.31,28795.0,62661235.8,2.55,22.06,21.5,21.95,21.99,0.85,0.84,-175.51,5.16,8680605486.0,7473048781.0,0.05,0.05,14.35,18.92
2462,002510,天汽模,6.99,-1.41,-0.1,146495.0,102708399.0,1.27,7.07,6.98,7.04,7.09,0.8,1.46,102.22,2.84,7095819569.0,7023880153.0,0.0,0.0,-4.64,-4.64
2463,002287,奇正藏药,23.1,-1.41,-0.33,26924.0,62565981.16,2.73,23.66,23.02,23.22,23.43,1.18,0.47,20.45,2.67,13215930489.0,13189864265.0,-0.22,0.13,-4.7,-2.37
2464,002724,海洋王,7.01,-1.41,-0.1,66728.0,46797031.0,2.53,7.12,6.94,7.04,7.11,0.93,1.18,74.03,1.99,5408200938.0,3980190824.0,0.0,0.14,2.04,3.39
2465,600580,卧龙电驱,36.96,-1.41,-0.53,257263.0,951341490.0,2.0,37.3,36.55,37.28,37.49,0.86,1.65,51.27,5.27,57735863207.0,57570097607.0,0.0,-0.14,-23.06,-24.73
2466,601999,出版传媒,7.69,-1.41,-0.11,117986.0,91156043.0,2.18,7.83,7.66,7.83,7.8,0.78,2.14,40.34,1.58,4236534043.0,4236534043.0,-0.13,-0.13,9.86,11.94
2467,000025,特  力Ａ,16.03,-1.41,-0.23,31245.0,50136721.45,1.23,16.18,15.98,16.18,16.26,0.89,0.8,41.93,3.82,6909864870.0,6296236470.0,0.06,0.0,-10.3,-8.19
2468,000852,石化机械,6.99,-1.41,-0.1,121368.0,84953034.01,2.12,7.1,6.95,7.05,7.09,0.49,1.28,727.84,2.13,6682214146.0,6611654479.0,0.0,0.0,-5.54,-3.85
2469,600674,川投能源,14.66,-1.41,-0.21,202007.0,296946796.0,1.34,14.83,14.63,14.83,14.87,0.68,0.41,12.7,1.61,71461736098.0,71461736098.0,-0.14,-0.07,4.79,5.47
2470,603707,健友股份,9.77,-1.41,-0.14,109723.0,108233477.0,2.52,10.0,9.75,9.84,9.91,0.88,0.68,27.57,2.35,15784840307.0,15784840307.0,-0.2,-0.2,4.72,8.19
2471,605259,绿田机械,21.5,-1.42,-0.31,17206.0,37014646.0,2.06,21.81,21.36,21.78,21.81,0.96,1.0,13.88,2.07,3708320000.0,3708320000.0,0.14,-0.09,-4.44,-3.93
2472,688369,致远互联,23.63,-1.42,-0.34,64288.0,153006615.0,5.97,24.56,23.13,23.88,23.97,1.33,5.58,-12.16,3.23,2722603018.0,2722603018.0,0.0,0.04,-10.39,-7.08
2473,300638,广和通,25.01,-1.42,-0.36,136548.0,341453627.27,1.93,25.28,24.79,25.03,25.37,1.05,2.57,64.81,3.59,22490638758.0,13266521587.0,0.0,0.0,-16.13,-15.62
2474,002234,民和股份,8.36,-1.42,-0.12,58090.0,48897304.0,3.18,8.58,8.31,8.47,8.48,0.82,1.93,-10.86,1.65,2917307372.0,2519776222.0,-0.24,-0.12,-4.89,-3.02
2475,600380,健康元,11.11,-1.42,-0.16,140839.0,158455846.0,3.11,11.46,11.11,11.24,11.27,0.79,0.77,15.22,1.34,20325227118.0,20325227118.0,-0.09,-0.09,-5.53,-3.81
2476,601901,方正证券,6.94,-1.42,-0.1,478699.0,332551121.0,0.99,6.98,6.91,6.97,7.04,0.75,0.58,14.39,1.12,57130783681.0,57130783681.0,0.0,0.0,-14.0,-10.91
2477,603185,弘元绿能,22.9,-1.42,-0.33,94055.0,215500055.0,1.89,23.11,22.67,23.0,23.23,0.63,1.39,49.85,1.28,15642458766.0,15549608426.0,0.0,0.04,-28.03,-24.92
2478,002977,天箭科技,27.75,-1.42,-0.4,14639.0,40651039.0,2.27,28.14,27.5,28.14,28.15,0.88,2.2,-97.82,3.18,3333330000.0,1848709718.0,0.22,0.04,-20.92,-21.41
2479,000609,ST中迪,8.36,-1.42,-0.12,59603.0,49766277.0,3.07,8.52,8.26,8.41,8.48,0.68,2.05,-12.4,-293.76,2501859764.0,2433247154.0,-0.24,0.0,-6.59,-6.07
2480,002722,物产金轮,14.53,-1.42,-0.21,23096.0,33765506.28,2.04,14.8,14.5,14.7,14.74,0.91,1.04,24.81,1.13,3231065305.0,3230847355.0,-0.07,0.07,-5.59,-3.2
2481,002797,第一创业,7.65,-1.42,-0.11,2786987.0,2135810637.07,2.06,7.74,7.58,7.65,7.76,1.57,6.63,31.29,1.88,32148360000.0,32148360000.0,-0.13,0.13,6.84,11.35
2482,301585,蓝宇股份,27.8,-1.42,-0.4,5846.0,16307865.65,1.17,28.1,27.77,28.1,28.2,0.98,0.86,45.66,3.0,2891200000.0,1893428254.0,0.0,-0.11,-10.41,-10.09
2483,600006,东风股份,6.25,-1.42,-0.09,99137.0,62234085.0,1.26,6.33,6.25,6.3,6.34,1.08,0.5,92.33,1.49,12500000000.0,12500000000.0,0.0,-0.16,-14.5,-12.95
2484,300537,广信材料,22.15,-1.42,-0.32,42038.0,93846899.22,2.63,22.7,22.11,22.18,22.47,1.13,2.77,393.78,5.1,4602914440.0,3363257019.0,-0.23,0.0,-2.03,1.47
2485,603025,大豪科技,13.88,-1.42,-0.2,80715.0,112143701.0,1.63,14.02,13.79,14.01,14.08,0.9,0.73,21.83,5.69,15499168249.0,15395345849.0,-0.14,0.14,-24.19,-22.72
2486,002633,申科股份,17.97,-1.43,-0.26,16696.0,29998773.0,1.87,18.18,17.84,18.12,18.23,0.7,1.12,522.39,6.35,2695500000.0,2685054938.0,-0.33,-0.17,10.52,9.24
2487,002101,广东鸿图,11.01,-1.43,-0.16,110481.0,122660307.27,2.15,11.24,11.0,11.12,11.17,2.11,1.67,26.13,0.94,7314782391.0,7290956311.0,-0.18,-0.09,-11.78,-10.63
2488,300375,鹏翎股份,4.81,-1.43,-0.07,113183.0,54540658.0,2.25,4.88,4.77,4.84,4.88,0.92,2.14,58.66,1.6,3654343715.0,2540871456.0,0.0,0.0,-10.09,-8.56
2489,603755,日辰股份,28.25,-1.43,-0.41,8782.0,24934959.0,1.71,28.68,28.19,28.68,28.66,0.57,0.89,33.08,3.57,2785836488.0,2785836488.0,-0.53,-0.32,-26.05,-22.33
2490,600965,福成股份,5.53,-1.43,-0.08,83051.0,45954888.0,2.5,5.62,5.48,5.58,5.61,0.79,1.01,63.13,2.08,4527416281.0,4527416281.0,-0.36,0.0,-7.99,-7.06
2491,688090,瑞松科技,62.16,-1.43,-0.9,65849.0,400930359.0,7.2,63.05,58.51,63.05,63.06,0.83,5.38,638.58,8.43,7606523178.0,7606523178.0,0.02,0.29,24.2,39.75
2492,603231,索宝蛋白,17.29,-1.43,-0.25,29933.0,51962846.0,3.14,17.7,17.15,17.53,17.54,1.41,2.82,16.93,1.69,3310327925.0,1837338829.0,0.23,0.35,-6.44,-5.26
2493,002533,金杯电工,13.1,-1.43,-0.19,128170.0,167523406.9,2.11,13.24,12.96,13.12,13.29,0.85,2.01,16.03,2.1,9614627912.0,8353155172.0,-0.08,0.0,3.72,4.97
2494,603400,华之杰,69.0,-1.43,-1.0,8727.0,60338034.0,2.11,69.89,68.41,69.89,70.0,0.98,4.36,46.79,5.48,6900000000.0,1380000000.0,-0.1,-0.03,27.73,33.23
2495,600231,凌钢股份,2.07,-1.43,-0.03,220827.0,45723552.0,2.86,2.11,2.05,2.1,2.1,1.11,0.78,-3.81,1.48,5940440967.0,5866583367.0,0.0,0.0,-4.61,-3.27
2496,603325,博隆技术,73.26,-1.43,-1.06,6629.0,48591707.0,1.52,74.2,73.07,74.2,74.32,1.25,1.94,13.65,2.17,5861093040.0,2504261232.0,-0.15,-0.15,-8.8,-5.8
2497,600600,青岛啤酒,62.54,-1.43,-0.91,47883.0,300515949.0,1.26,63.3,62.5,63.03,63.45,0.74,0.68,18.6,2.78,85316762867.0,44348736475.0,0.03,0.03,0.61,2.19
2498,002867,周大生,11.72,-1.43,-0.17,44128.0,51941013.0,1.51,11.89,11.71,11.87,11.89,0.81,0.41,10.82,2.03,12721754026.0,12647014543.0,-0.17,-0.26,-4.79,-3.78
2499,002452,长高电新,10.35,-1.43,-0.15,120953.0,125328810.0,1.62,10.47,10.3,10.36,10.5,0.61,2.34,23.76,2.47,6420437080.0,5339614577.0,0.19,-0.19,20.35,25.76
2500,600577,精达股份,12.4,-1.43,-0.18,414374.0,513655072.0,2.31,12.54,12.25,12.4,12.58,0.81,1.93,44.52,4.37,26673566108.0,26673566108.0,-0.08,0.0,-6.49,-0.24
2501,002578,闽发铝业,4.13,-1.43,-0.06,545105.0,225718851.6,2.86,4.2,4.08,4.13,4.19,0.43,6.33,-358.35,2.55,3876542656.0,3556601377.0,-0.24,-0.24,-11.75,-8.02
2502,603519,立霸股份,13.75,-1.43,-0.2,33261.0,45959084.0,2.22,14.02,13.71,13.89,13.95,1.02,1.25,23.22,3.08,3662007786.0,3662007786.0,0.15,0.22,11.61,14.3
2503,920751,惠同新材,20.6,-1.44,-0.3,8540.0,17810721.21,3.83,21.36,20.56,20.6,20.9,1.45,1.03,38.46,4.45,1787668000.0,1709740775.0,0.0,0.05,-6.32,-1.29
2504,688981,中芯国际,99.72,-1.44,-1.46,310717.0,3111335889.0,1.98,101.2,99.2,99.4,101.18,0.84,1.55,158.52,5.29,799068790995.0,199396377386.0,-0.03,-0.06,-24.36,-18.81
2505,301617,博苑股份,55.5,-1.44,-0.81,12977.0,72378797.0,3.96,56.91,54.68,55.98,56.31,0.72,2.45,42.0,4.39,7417020000.0,2943720000.0,-0.02,0.0,-35.61,-28.64
2506,600963,岳阳林纸,4.8,-1.44,-0.07,218166.0,105081196.0,1.85,4.86,4.77,4.86,4.87,0.91,1.24,-35.9,1.11,8436325699.0,8436325699.0,-0.21,-0.21,0.84,2.78
2507,002703,浙江世宝,19.17,-1.44,-0.28,232536.0,444662042.94,2.57,19.38,18.88,19.19,19.45,0.57,3.97,87.36,7.6,15769862801.0,11234541579.0,-0.05,0.05,-19.99,-6.94
2508,000655,金岭矿业,8.88,-1.44,-0.13,55445.0,49474246.14,1.44,9.0,8.87,8.92,9.01,0.82,0.93,19.72,1.51,5286621242.0,5286621242.0,-0.11,-0.11,-10.03,-6.53
2509,300778,新城市,12.35,-1.44,-0.18,52097.0,64410751.04,3.11,12.59,12.2,12.45,12.53,1.54,2.56,-95.67,2.04,2515196579.0,2514700652.0,-0.48,-0.16,-8.38,-11.02
2510,300848,美瑞新材,15.04,-1.44,-0.22,30781.0,46578955.4,2.23,15.32,14.98,15.1,15.26,0.92,1.22,78.55,4.2,6435429910.0,3806962580.0,-0.33,-0.2,-4.51,-4.93
2511,000028,国药一致,26.09,-1.44,-0.38,76266.0,201341404.82,3.1,26.88,26.06,26.47,26.47,0.87,1.6,12.78,0.78,14520782859.0,12472398857.0,0.0,-0.08,4.15,6.23
2512,300788,中信出版,30.85,-1.44,-0.45,35867.0,110500856.0,2.52,31.19,30.4,30.75,31.3,1.06,1.89,45.09,2.66,5866174238.0,5866174238.0,0.19,-0.26,9.67,12.59
2513,000156,华数传媒,7.53,-1.44,-0.11,120783.0,91360432.5,1.05,7.6,7.52,7.56,7.64,1.16,0.71,29.91,0.93,13952581288.0,12800065354.0,-0.13,0.0,-3.34,-0.53
2514,688009,中国通号,5.46,-1.44,-0.08,310746.0,169750598.0,1.44,5.51,5.43,5.49,5.54,0.65,0.36,15.68,1.22,57820411740.0,47070758280.0,0.0,-0.18,-1.97,-0.18
2515,002151,北斗星通,37.74,-1.44,-0.55,139704.0,528258356.61,1.72,38.19,37.53,37.81,38.29,0.89,3.15,-79.68,4.24,20489457857.0,16711842327.0,0.05,0.11,-31.34,-16.93
2516,603161,科华控股,14.42,-1.44,-0.21,22040.0,31990057.0,2.05,14.68,14.38,14.68,14.63,1.08,1.16,25.73,1.88,2803359106.0,2750596975.0,-0.41,-0.48,3.3,5.03
2517,002422,科伦药业,34.13,-1.44,-0.5,178210.0,608228895.64,3.47,34.85,33.65,34.45,34.63,0.68,1.36,32.05,2.25,54541561586.0,44569923481.0,-0.06,-0.15,11.54,16.29
2518,300087,荃银高科,8.13,-1.45,-0.12,102277.0,83605611.1,2.42,8.31,8.11,8.24,8.25,0.79,1.14,-32.09,4.42,7701807136.0,7281817986.0,-0.12,0.0,-30.45,-30.39
2519,300573,兴齐眼药,67.75,-1.45,-1.0,42949.0,293993854.22,2.39,69.34,67.7,68.75,68.75,0.94,2.27,20.91,8.95,16695600454.0,12840748082.0,-0.12,-0.09,-8.69,-3.61
2520,000630,铜陵有色,6.1,-1.45,-0.09,2391245.0,1457317154.78,1.78,6.16,6.05,6.09,6.19,1.1,2.15,34.65,2.26,81797776211.0,67972369845.0,0.0,0.16,3.04,1.5
2521,603610,麒盛科技,15.63,-1.45,-0.23,32682.0,51390063.0,2.59,15.99,15.58,15.8,15.86,0.79,0.93,28.15,1.75,5517259036.0,5517259036.0,0.06,0.0,-22.89,-17.95
2522,300471,厚普股份,12.94,-1.45,-0.19,67721.0,87625972.44,1.83,13.1,12.86,13.0,13.13,0.64,1.85,775.53,3.88,6083853979.0,4743182699.0,-0.08,-0.08,-0.61,2.7
2523,301158,德石股份,24.5,-1.45,-0.36,56760.0,139529372.25,3.3,25.2,24.38,24.83,24.86,0.8,3.87,31.59,2.64,3684077495.0,3589750560.0,0.0,0.0,6.38,9.52
2524,920212,智新电子,11.53,-1.45,-0.17,7113.0,8353517.14,3.76,11.96,11.52,11.66,11.7,1.28,1.38,116.64,2.88,1223333000.0,594974092.0,-0.52,-1.03,-19.09,-14.78
2525,603680,今创集团,12.89,-1.45,-0.19,25306.0,32726801.0,1.61,13.04,12.83,12.95,13.08,0.76,0.32,15.38,1.8,10102134907.0,10102134907.0,-0.08,0.0,-19.24,-16.35
2526,300652,雷迪克,42.01,-1.45,-0.62,15757.0,66284194.0,1.45,42.43,41.81,42.27,42.63,0.95,1.32,30.53,3.7,5603737930.0,5029350113.0,-0.05,0.02,-37.76,-23.42
2527,002333,罗普斯金,5.45,-1.45,-0.08,64839.0,35419211.0,2.71,5.55,5.4,5.51,5.53,0.59,0.97,62.71,1.92,3678340160.0,3632476573.0,0.0,0.0,-6.68,-3.02
2528,688262,国芯科技,33.9,-1.45,-0.5,68574.0,232638570.0,2.09,34.32,33.6,34.0,34.4,0.82,2.04,-47.3,5.79,11390397051.0,11390397051.0,0.0,-0.06,5.08,11.7
2529,001209,洪兴股份,20.38,-1.45,-0.3,17303.0,35331955.0,2.22,20.72,20.26,20.71,20.68,0.66,1.8,116.74,2.09,2680433034.0,1958408682.0,0.0,0.1,-1.36,-2.3
2530,002137,实益达,8.15,-1.45,-0.12,88310.0,72270926.0,1.57,8.26,8.13,8.24,8.27,0.89,2.23,116.47,3.11,4706664560.0,3231138658.0,-0.12,-0.12,-6.75,-5.01
2531,000685,中山公用,10.83,-1.46,-0.16,83907.0,91283510.01,1.27,10.95,10.81,10.91,10.99,0.63,0.67,9.89,0.89,15975455931.0,13580410204.0,0.0,0.0,-10.72,-7.04
2532,920906,舜宇精工,23.55,-1.46,-0.35,6424.0,15160292.26,2.64,23.96,23.33,23.73,23.9,1.03,1.93,45.84,2.64,1530043500.0,785527277.0,-0.25,0.26,-22.2,-19.35
2533,300521,爱司凯,26.32,-1.46,-0.39,23794.0,63017378.0,3.18,27.04,26.19,26.4,26.71,1.07,1.59,-148.94,7.46,3940893600.0,3940893600.0,-0.04,-0.08,-9.71,-7.65
2534,002278,神开股份,11.51,-1.46,-0.17,128965.0,148735506.34,2.14,11.68,11.43,11.58,11.68,0.91,3.86,89.13,3.56,4489336390.0,3846329457.0,-0.09,0.0,-9.01,-9.37
2535,300828,锐新科技,20.86,-1.46,-0.31,50632.0,105150618.5,2.55,21.04,20.5,21.04,21.17,1.0,6.0,106.5,4.43,3471562920.0,1759943911.0,-0.1,-0.14,23.87,23.95
2536,920781,瑞奇智造,7.43,-1.46,-0.11,16672.0,12511126.83,3.18,7.62,7.38,7.51,7.54,0.97,1.63,-24.63,3.18,1148433211.0,758744207.0,0.13,0.0,-19.06,-17.08
2537,688529,豪森智能,17.5,-1.46,-0.26,12412.0,21856064.0,1.86,17.81,17.48,17.76,17.76,1.14,0.74,-3.29,2.59,2943079178.0,2943079178.0,-0.4,-0.34,-6.72,-5.1
2538,002080,中材科技,43.09,-1.46,-0.64,321901.0,1389874419.31,2.88,43.86,42.6,42.86,43.73,0.86,1.92,39.78,3.63,72310345235.0,72310345235.0,-0.05,-0.05,16.62,18.57
2539,002529,*ST海源,6.73,-1.46,-0.1,13215.0,8928967.0,0.88,6.79,6.73,6.79,6.83,0.55,0.51,-14.52,9.05,1749800000.0,1749800000.0,0.0,0.0,-5.08,-3.03
2540,600548,深高速,9.42,-1.46,-0.14,59539.0,56577465.0,2.09,9.59,9.39,9.54,9.56,0.85,0.35,20.8,1.04,23906604716.0,16149892760.0,0.0,0.0,6.2,7.05
2541,605003,众望布艺,28.97,-1.46,-0.43,16013.0,47126385.0,3.78,29.99,28.88,29.37,29.4,1.28,1.46,45.61,2.22,3186700000.0,3186700000.0,-0.07,0.28,-4.58,-18.51
2542,688234,天岳先进,90.28,-1.46,-1.34,80267.0,733328848.0,3.27,93.0,90.0,91.03,91.62,0.73,1.87,-210.02,6.1,43751362152.0,38794313052.0,-0.03,-0.06,0.47,1.58
2543,002230,科大讯飞,47.21,-1.46,-0.7,302453.0,1426238983.57,1.27,47.41,46.8,47.26,47.91,1.07,1.38,-1227.69,6.13,109142320145.0,103354511998.0,0.0,0.0,-12.4,-6.12
2544,300927,江天化学,30.79,-1.47,-0.46,113726.0,354309917.56,4.13,31.96,30.67,30.82,31.25,1.19,8.07,405.99,4.62,4444844400.0,4337970155.0,-0.16,-0.1,26.6,32.09
2545,600992,贵绳股份,12.08,-1.47,-0.18,32806.0,39814300.0,1.63,12.26,12.06,12.21,12.26,0.74,1.34,-36.06,2.13,2960687200.0,2960687200.0,-0.08,-0.08,-10.72,-10.98
2546,688122,西部超导,72.19,-1.47,-1.08,84717.0,613368400.0,1.87,73.09,71.72,72.36,73.27,0.91,1.3,55.8,6.58,46899280038.0,46899280038.0,-0.01,-0.04,-7.7,-3.2
2547,000820,*ST节能,3.34,-1.47,-0.05,24560.0,8251403.6,1.47,3.39,3.34,3.35,3.39,0.53,0.83,-193.48,14.5,2159494298.0,991869369.0,-0.3,-0.3,-2.91,-1.47
2548,600936,北投科技,4.03,-1.47,-0.06,178959.0,72470108.0,2.2,4.1,4.01,4.07,4.09,0.49,1.07,-14.67,6.9,6734235743.0,6734235743.0,-0.25,0.0,-15.87,-4.5
2549,301223,中荣股份,19.49,-1.47,-0.29,14872.0,29038260.0,2.58,19.8,19.29,19.65,19.78,1.03,1.33,21.33,1.27,3764056144.0,2183173519.0,-0.05,-0.05,5.24,6.1
2550,301611,珂玛科技,96.08,-1.47,-1.43,64042.0,621496200.97,3.87,99.32,95.55,95.6,97.51,0.77,4.37,128.49,24.26,41890880000.0,14083664663.0,-0.01,-0.14,-3.74,12.07
2551,301210,金杨精密,38.13,-1.47,-0.57,13849.0,53173471.62,2.66,39.03,38.0,38.34,38.7,1.07,3.19,97.35,2.36,4370244555.0,1657279193.0,-0.03,-0.1,2.39,4.75
2552,920690,捷众科技,24.13,-1.47,-0.36,9316.0,22626759.05,2.78,24.7,24.02,24.47,24.49,1.33,2.16,21.74,2.65,1599819000.0,1039980800.0,0.04,0.12,-27.62,-27.6
2553,002088,鲁阳节能,10.07,-1.47,-0.15,24095.0,24297145.29,1.76,10.2,10.02,10.2,10.22,0.93,0.48,37.47,1.99,5167144441.0,5093319176.0,0.0,0.2,-5.0,-3.82
2554,300328,宜安科技,17.38,-1.47,-0.26,464775.0,812072906.82,4.14,17.83,17.1,17.35,17.64,0.97,6.77,26241.4,10.96,11999562168.0,11929053681.0,0.23,-0.06,-2.3,1.82
2555,000557,西部创业,4.69,-1.47,-0.07,89332.0,41963901.0,2.31,4.77,4.66,4.75,4.76,1.09,0.61,17.41,1.07,6839777507.0,6837626969.0,-0.21,0.0,-6.57,-5.82
2556,300272,开能健康,8.05,-1.47,-0.12,151442.0,121821698.92,2.08,8.13,7.96,8.05,8.17,0.63,3.26,38.72,3.43,4922329250.0,3738999721.0,0.0,0.37,6.48,7.62
2557,301031,中熔电气,143.62,-1.47,-2.14,18434.0,266907649.2,2.67,146.98,143.09,144.8,145.76,1.04,2.68,43.75,10.04,14121074578.0,9883595202.0,-0.01,-0.26,25.68,28.01
2558,603912,佳力图,10.06,-1.47,-0.15,367933.0,370493593.0,2.06,10.2,9.99,10.09,10.21,0.73,6.79,-100.04,3.13,5450998817.0,5450998817.0,-0.1,0.0,16.17,17.39
2559,000672,上峰水泥,13.39,-1.47,-0.2,108934.0,146166221.34,1.91,13.58,13.32,13.4,13.59,1.12,1.12,18.44,1.46,12980205076.0,12980205076.0,0.0,0.0,1.36,3.08
2560,300498,温氏股份,16.59,-1.48,-0.25,241655.0,401456484.75,1.78,16.8,16.5,16.75,16.84,0.54,0.41,21.09,2.62,110388654405.0,98698932423.0,0.0,0.0,-2.98,-1.72
2561,600612,老凤祥,41.39,-1.48,-0.62,7533.0,31304875.0,1.36,41.93,41.36,41.74,42.01,0.77,0.24,12.34,1.64,21651844252.0,13125167586.0,-0.05,-0.07,-8.39,-6.93
2562,688128,中国电研,25.31,-1.48,-0.38,23228.0,58764372.0,1.48,25.49,25.11,25.36,25.69,1.09,0.57,19.22,2.87,10237895000.0,10237895000.0,0.0,0.04,-15.18,-12.21
2563,002880,卫光生物,27.31,-1.48,-0.41,22867.0,62007571.22,2.78,27.6,26.83,27.6,27.72,1.24,1.01,29.43,2.67,6193908000.0,6193908000.0,-0.11,0.04,4.6,7.1
2564,002020,京新药业,15.98,-1.48,-0.24,112917.0,181912192.88,3.14,16.43,15.92,16.1,16.22,0.6,1.56,17.93,2.43,13759245657.0,11569013993.0,-0.13,0.0,-18.3,-15.81
2565,601633,长城汽车,20.7,-1.48,-0.31,105731.0,219620164.0,1.33,20.94,20.66,20.88,21.01,0.81,0.17,17.96,2.02,177147955886.0,128531337656.0,-0.05,0.0,-8.04,-8.53
2566,600104,上汽集团,14.02,-1.48,-0.21,441956.0,620348154.0,1.41,14.15,13.95,14.13,14.23,0.68,0.38,15.95,0.54,161163790606.0,161163790606.0,0.0,0.07,-9.78,-7.88
2567,300086,康芝药业,8.67,-1.48,-0.13,487526.0,428660183.4,5.34,9.07,8.6,8.65,8.8,0.69,11.06,-30.63,3.76,3945928643.0,3820717466.0,-0.12,0.0,-26.65,-27.93
2568,002221,东华能源,7.98,-1.48,-0.12,211387.0,168794000.0,3.21,8.16,7.9,8.16,8.1,0.66,1.45,125.29,1.13,12577499581.0,11657783394.0,-0.13,0.0,-2.92,-1.48
2569,301065,本立科技,23.34,-1.48,-0.35,18182.0,42890963.0,2.95,23.97,23.27,23.55,23.69,0.98,2.11,33.27,1.84,2474506800.0,2013950250.0,-0.04,-0.26,6.72,9.32
2570,688699,明微电子,44.7,-1.48,-0.67,18808.0,84426808.0,2.14,45.36,44.39,44.6,45.37,0.95,1.71,-105.92,4.13,4919889408.0,4919889408.0,0.0,-0.11,-3.66,5.15
2571,301589,诺瓦星云,164.23,-1.48,-2.47,3477.0,57432930.83,1.46,166.51,164.07,166.29,166.7,0.64,1.01,25.57,3.97,15182735040.0,5660180381.0,0.0,-0.02,-18.29,-0.19
2572,000514,渝 开 发,4.67,-1.48,-0.07,72175.0,33868974.0,1.69,4.74,4.66,4.71,4.74,0.87,0.86,18.32,1.04,3940410407.0,3940410407.0,-0.21,0.21,-7.89,-5.08
2573,002522,浙江众成,5.99,-1.48,-0.09,296579.0,177973172.2,2.14,6.08,5.95,6.0,6.08,1.03,3.28,85.32,2.35,5425618528.0,5421069075.0,-0.17,0.0,2.22,6.21
2574,300608,思特奇,12.67,-1.48,-0.19,342314.0,442730588.36,6.3,13.39,12.58,12.6,12.86,1.26,11.9,-17.82,3.14,4196810509.0,3643599614.0,-0.71,0.0,11.34,14.45
2575,002324,普利特,15.27,-1.48,-0.23,145305.0,223185636.79,1.87,15.53,15.24,15.35,15.5,0.92,1.87,39.19,3.71,16985374507.0,11853733940.0,0.07,0.0,-21.09,-4.5
2576,301083,百胜智能,17.24,-1.49,-0.26,19028.0,32807886.0,2.4,17.48,17.06,17.48,17.5,0.46,2.22,72.56,3.67,3066421339.0,1475914969.0,-0.23,-0.23,-9.93,-8.83
2577,301522,上大股份,31.12,-1.49,-0.47,39018.0,121770032.71,1.52,31.52,31.04,31.4,31.59,0.85,1.39,113.34,6.12,11572490677.0,8757686677.0,0.03,-0.03,-20.67,-20.55
2578,000931,中 关 村,5.28,-1.49,-0.08,193443.0,103304251.75,5.04,5.51,5.24,5.34,5.36,1.0,2.58,60.26,2.43,3976510465.0,3965435929.0,0.0,0.0,5.81,8.42
2579,301456,盘古智能,28.35,-1.49,-0.43,13061.0,37194503.0,1.88,28.79,28.25,28.51,28.78,0.64,2.16,52.77,1.94,4265195272.0,1715176928.0,-0.18,-0.07,-8.81,-10.0
2580,920185,贝特瑞,29.01,-1.49,-0.44,51220.0,150171802.93,2.58,29.68,28.92,29.15,29.45,0.97,0.46,36.72,2.59,33018903446.0,32422922731.0,-0.03,-0.1,-15.27,-10.35
2581,603379,三美股份,62.6,-1.49,-0.95,70736.0,440060291.0,3.59,63.5,61.22,63.0,63.55,1.2,1.16,18.02,5.02,38215987716.0,38215987716.0,0.0,-0.24,2.96,3.1
2582,605098,行动教育,56.15,-1.49,-0.85,10549.0,59231195.0,2.84,57.18,55.56,56.36,57.0,0.79,0.88,23.38,6.94,6695949265.0,6695949265.0,0.0,0.11,32.46,34.46
2583,000410,沈阳机床,6.61,-1.49,-0.1,115501.0,76405190.87,1.64,6.67,6.56,6.65,6.71,0.81,0.69,11466.08,3.7,17510372589.0,11110854390.0,0.0,0.0,-10.68,-7.55
2584,002889,东方嘉盛,13.25,-1.49,-0.2,15541.0,20695577.0,1.19,13.4,13.24,13.35,13.45,0.96,0.62,26.53,2.0,5004094004.0,3329520327.0,-0.08,-0.15,-14.52,-13.74
2585,603590,康辰药业,36.98,-1.49,-0.56,30587.0,113237409.0,4.08,37.99,36.46,37.0,37.54,1.03,1.93,34.49,1.84,5880207439.0,5851104179.0,-0.03,0.27,-8.83,-6.97
2586,300523,辰安科技,21.22,-1.49,-0.32,20842.0,44244484.75,2.23,21.48,21.0,21.4,21.54,1.34,0.9,-26.47,4.67,4936570678.0,4930646521.0,-0.09,-0.09,-11.77,-11.32
2587,000778,新兴铸管,4.64,-1.49,-0.07,420438.0,196389347.85,2.12,4.73,4.63,4.68,4.71,0.97,1.08,19.41,0.7,18389165802.0,18065934610.0,-0.22,-0.22,9.69,11.0
2588,002446,盛路通信,9.92,-1.49,-0.15,198960.0,197517125.19,1.79,10.03,9.85,10.0,10.07,1.03,2.35,81.01,3.57,9080923982.0,8409950776.0,0.1,0.2,-7.55,-5.43
2589,600079,ST人福,18.54,-1.49,-0.28,112996.0,210961416.0,1.49,18.8,18.52,18.8,18.82,1.05,0.73,16.31,1.6,30261469391.0,28610534396.0,0.0,0.0,-1.28,2.37
2590,688129,东来技术,23.21,-1.49,-0.35,5787.0,13491294.0,2.89,23.7,23.02,23.44,23.56,0.65,0.48,27.84,2.63,2796312948.0,2796312948.0,-0.04,0.22,12.02,14.73
2591,920802,保丽洁,13.92,-1.49,-0.21,3868.0,5386806.38,2.34,14.15,13.82,14.06,14.13,0.65,1.75,44.77,2.58,1141555397.0,307612415.0,0.65,0.43,-12.56,-9.67
2592,001391,国货航,5.27,-1.5,-0.08,179983.0,95134168.0,1.31,5.33,5.26,5.32,5.35,0.99,1.18,24.89,2.4,64340804056.0,8006995685.0,0.0,-0.19,-12.02,-10.98
2593,000061,农 产 品,7.21,-1.5,-0.11,144274.0,103867355.59,2.05,7.3,7.15,7.29,7.32,0.82,0.8,40.68,1.7,14311570238.0,12936989433.0,-0.14,-0.14,-28.61,-29.93
2594,920834,三维装备,11.81,-1.5,-0.18,6459.0,7639716.55,1.92,11.96,11.73,11.9,11.99,0.6,1.03,30.12,4.6,1417200059.0,741625945.0,0.0,0.43,-25.82,-23.16
2595,600927,永安期货,13.8,-1.5,-0.21,41856.0,58002582.0,1.14,13.94,13.78,13.91,14.01,0.82,0.29,31.72,1.53,20086666673.0,20086666673.0,0.15,-0.07,-15.13,-14.13
2596,688388,嘉元科技,45.16,-1.5,-0.69,207989.0,948829968.0,3.58,46.54,44.9,45.36,45.85,0.97,4.56,348.05,2.77,20578228356.0,20578228356.0,0.0,-0.02,8.51,10.2
2597,601390,中国中铁,5.25,-1.5,-0.08,1400079.0,736042824.0,1.13,5.29,5.23,5.29,5.33,0.72,0.68,5.66,0.41,129602665127.0,107513867627.0,0.0,0.19,-4.37,-2.96
2598,688701,卓锦股份,9.88,-1.5,-0.15,41696.0,41769032.0,5.68,10.42,9.85,10.03,10.03,1.51,3.11,-23.13,9.32,1326660435.0,1326660435.0,-0.7,-0.5,19.61,21.23
2599,000407,胜利股份,4.6,-1.5,-0.07,156700.0,72296925.4,2.14,4.68,4.58,4.65,4.67,0.72,1.79,25.99,1.33,4048389418.0,4028563905.0,0.0,-0.22,-8.37,-8.18
2600,000538,云南白药,55.1,-1.5,-0.84,68577.0,379540351.27,1.48,55.89,55.06,55.83,55.94,0.79,0.39,19.08,2.46,98312869425.0,97688628687.0,-0.02,0.0,-3.99,-2.92
2601,603408,建霖家居,11.82,-1.5,-0.18,22707.0,26928337.0,2.25,12.0,11.73,11.98,12.0,1.04,0.51,11.38,1.54,5290312860.0,5290312860.0,-0.25,-0.34,-10.86,-11.46
2602,603222,济民健康,10.48,-1.5,-0.16,640875.0,681284464.0,7.89,11.11,10.27,10.5,10.64,0.93,12.21,-53.5,3.93,5502949645.0,5502949645.0,0.0,0.0,7.38,14.79
2603,605018,长华集团,11.81,-1.5,-0.18,132441.0,155825400.0,3.09,12.0,11.63,11.75,11.99,0.94,2.82,68.33,2.05,5551477015.0,5551477015.0,-0.25,-0.34,2.7,1.99
2604,300176,鸿特科技,7.21,-1.5,-0.11,101091.0,73091811.0,2.46,7.33,7.15,7.3,7.32,0.9,2.61,75.7,2.93,2792294568.0,2792294568.0,-0.14,0.0,6.19,8.1
2605,920089,禾昌聚合,18.39,-1.5,-0.28,13111.0,24257288.09,2.57,18.74,18.26,18.6,18.67,1.23,1.53,16.81,2.18,2770784520.0,1578170051.0,0.0,0.22,-8.55,-7.31
2606,600689,上海三毛,13.11,-1.5,-0.2,24326.0,32129380.0,2.25,13.36,13.06,13.32,13.31,0.85,1.6,129.59,5.56,2634996507.0,1995396315.0,-0.08,-0.23,-3.25,-2.46
2607,600138,中青旅,9.2,-1.5,-0.14,66032.0,60877797.0,0.96,9.28,9.19,9.28,9.34,0.86,0.91,79.38,1.05,6659328000.0,6659328000.0,-0.11,0.0,-6.5,-6.88
2608,301269,华大九天,84.2,-1.5,-1.28,34793.0,293390917.22,1.57,84.96,83.62,84.18,85.48,0.94,0.64,3801.7,8.84,45925846594.0,45925846594.0,0.04,0.12,-24.39,-20.81
2609,601528,瑞丰银行,5.22,-1.51,-0.08,147176.0,77153373.0,1.13,5.28,5.22,5.28,5.3,0.72,0.85,5.21,0.52,10242482482.0,9053863128.0,0.0,0.0,-7.28,-8.42
2610,001277,速达股份,35.12,-1.51,-0.54,7386.0,25974274.0,2.47,35.76,34.88,35.76,35.66,1.01,1.62,30.83,1.71,2669120000.0,1599698054.0,-0.43,0.11,-13.5,-11.09
2611,300846,首都在线,29.94,-1.51,-0.46,432774.0,1287025259.04,2.73,30.13,29.3,29.93,30.4,0.79,11.04,-88.55,19.16,15056706719.0,11736682065.0,0.03,-0.17,30.74,31.14
2612,301090,华润材料,7.85,-1.51,-0.12,95910.0,75573407.0,2.13,7.98,7.81,7.93,7.97,0.7,0.65,-90.99,1.83,11558822194.0,11546767499.0,-0.13,0.0,9.33,11.51
2613,600540,新赛股份,4.58,-1.51,-0.07,141083.0,64750837.0,2.8,4.67,4.54,4.62,4.65,0.62,2.43,-42.26,6.1,2662706477.0,2662706477.0,0.0,-0.22,-1.72,0.22
2614,600763,通策医疗,41.82,-1.51,-0.64,44749.0,187645553.0,1.51,42.36,41.72,41.95,42.46,0.71,1.0,27.32,4.31,18705630873.0,18705630873.0,-0.07,0.02,1.28,4.0
2615,002909,集泰股份,6.54,-1.51,-0.1,69686.0,45732858.8,1.96,6.65,6.52,6.61,6.64,0.77,1.83,-443.72,2.84,2550600000.0,2487795150.0,-0.3,-0.3,-7.5,-3.96
2616,601222,林洋能源,5.86,-1.51,-0.09,191860.0,112642038.0,1.68,5.93,5.83,5.93,5.95,0.71,0.93,25.22,0.78,12072591254.0,12072591254.0,-0.34,-0.17,4.83,7.13
2617,002728,特一药业,11.08,-1.51,-0.17,335320.0,377456322.88,4.18,11.52,11.05,11.23,11.25,1.24,10.1,69.64,3.12,5687472717.0,3677745753.0,0.0,-0.09,-2.46,2.12
2618,920510,丰光精密,14.35,-1.51,-0.22,11318.0,16370472.81,2.88,14.72,14.3,14.45,14.57,0.9,1.21,-170.13,6.8,2643469881.0,1347451769.0,-0.21,-0.28,-28.46,-31.7
2619,002606,大连电瓷,11.72,-1.51,-0.18,241441.0,283088998.93,2.77,11.94,11.61,11.79,11.9,1.53,5.73,33.45,2.83,5145938138.0,4935784885.0,0.09,-0.17,31.1,34.1
2620,600137,浪莎股份,22.13,-1.51,-0.34,42089.0,92759598.0,3.78,22.54,21.69,22.54,22.47,0.87,4.33,82.33,3.96,2151425222.0,2151425222.0,0.59,0.55,15.5,15.08
2621,300979,华利集团,44.3,-1.51,-0.68,11795.0,52579102.98,2.36,45.26,44.2,45.07,44.98,0.99,0.1,16.12,3.18,51698100000.0,51697761105.0,0.02,-0.11,-12.49,-11.77
2622,600101,明星电力,9.13,-1.51,-0.14,171471.0,156468528.0,1.83,9.25,9.08,9.25,9.27,0.43,3.13,27.16,1.62,5001984360.0,5001984360.0,-0.11,0.0,-3.28,-0.87
2623,000880,潍柴重机,27.25,-1.52,-0.42,116542.0,318678693.66,1.66,27.57,27.11,27.38,27.67,0.98,5.13,52.66,6.01,12639880890.0,6186480300.0,0.04,0.0,-4.02,-0.26
2624,001236,弘业期货,9.1,-1.52,-0.14,78013.0,71278558.0,1.19,9.19,9.08,9.12,9.24,0.56,1.03,2296.89,4.92,9170777780.0,6898507780.0,-0.22,-0.11,-16.97,-14.15
2625,002304,洋河股份,49.92,-1.52,-0.77,37109.0,185580621.82,1.56,50.56,49.77,50.44,50.69,0.81,0.25,14.19,1.55,75201738094.0,75199963438.0,0.0,0.0,-21.24,-17.81
2626,300203,聚光科技,13.62,-1.52,-0.21,60117.0,81573603.0,2.75,13.8,13.42,13.8,13.83,1.24,1.34,-73.54,2.15,6111806112.0,6106779311.0,0.0,0.07,-15.19,-14.12
2627,300398,飞凯材料,27.27,-1.52,-0.42,275671.0,754477942.82,2.6,27.75,27.03,27.1,27.69,1.03,4.89,39.86,3.14,15460629692.0,15376196072.0,0.04,-0.07,14.63,21.69
2628,300070,碧水源,3.89,-1.52,-0.06,286079.0,112205199.64,2.53,3.99,3.89,3.92,3.95,0.98,0.85,-132.78,0.52,14098174422.0,13116450586.0,-0.51,-0.26,-3.23,-0.77
2629,301082,久盛电气,17.47,-1.52,-0.27,35374.0,61942058.0,1.47,17.64,17.38,17.51,17.74,0.93,1.69,106.97,3.8,3953621270.0,3655274497.0,-0.11,-0.06,-5.57,-2.4
2630,688545,兴福电子,48.45,-1.52,-0.75,36736.0,178692353.0,2.64,49.21,47.91,48.0,49.2,0.94,2.02,84.34,5.9,17442000000.0,8830012500.0,-0.1,-0.06,24.94,29.03
2631,002659,凯文教育,5.17,-1.52,-0.08,128460.0,66470091.0,1.9,5.23,5.13,5.22,5.25,0.94,2.15,2425.14,1.43,3093109585.0,3093095047.0,0.0,0.0,-16.61,-11.77
2632,600117,西宁特钢,2.59,-1.52,-0.04,119691.0,31037934.0,1.9,2.62,2.57,2.62,2.63,0.96,0.37,-11.25,2.1,8430747480.0,8430747480.0,0.0,0.0,-10.38,-8.8
2633,603093,南华期货,17.55,-1.52,-0.27,73881.0,129876721.0,1.85,17.76,17.43,17.59,17.82,0.62,1.21,25.9,2.25,12596071872.0,10706656422.0,0.06,0.0,-13.93,-9.95
2634,603658,安图生物,34.42,-1.52,-0.53,17753.0,61617052.0,2.06,35.12,34.4,34.77,34.95,0.68,0.31,17.16,2.25,19668440515.0,19668440515.0,0.0,-0.06,-5.47,-2.82
2635,600161,天坛生物,14.81,-1.53,-0.23,87988.0,130931206.0,1.8,15.06,14.79,14.95,15.04,1.05,0.44,26.85,2.5,29284871115.0,29284871115.0,0.07,0.07,-12.16,-9.36
2636,600283,钱江水利,9.04,-1.53,-0.14,32913.0,29896564.0,1.42,9.16,9.03,9.14,9.18,0.74,0.6,20.68,1.63,5069857078.0,4919271389.0,0.11,0.11,-3.62,-1.2
2637,301129,瑞纳智能,25.15,-1.53,-0.39,16641.0,41875675.8,2.74,25.55,24.85,25.33,25.54,0.85,2.51,-55.05,2.03,3417819610.0,1667004875.0,0.0,0.08,3.16,5.45
2638,300839,博汇股份,14.19,-1.53,-0.22,175486.0,249881418.54,2.85,14.48,14.07,14.21,14.41,0.63,6.06,-71.09,5.52,4185533129.0,4110687719.0,0.28,0.14,17.08,17.86
2639,002349,精华制药,7.72,-1.53,-0.12,641500.0,507516791.97,6.63,8.2,7.68,7.85,7.84,2.27,7.88,27.24,2.37,6405090290.0,6285476610.0,-0.13,0.0,4.32,6.34
2640,001386,马可波罗,19.36,-1.53,-0.3,27841.0,54013517.0,1.88,19.63,19.26,19.54,19.66,0.82,2.84,16.33,1.94,23133651200.0,1894592909.0,-0.15,0.0,-16.48,-14.83
2641,688302,海创药业-U,44.29,-1.53,-0.69,16069.0,72214336.0,4.25,45.98,44.07,45.0,44.98,0.68,1.62,-32.08,4.12,4385400835.0,4385400835.0,0.0,0.02,-15.07,-9.92
2642,002289,*ST宇顺,26.42,-1.53,-0.41,15386.0,41146904.7,3.21,27.2,26.34,26.9,26.83,1.43,0.55,-468.92,33.84,7404303626.0,7396377626.0,0.0,-0.04,-9.24,-9.43
2643,600481,双良节能,6.45,-1.53,-0.1,439255.0,282479652.0,2.29,6.51,6.36,6.49,6.55,0.73,2.13,-18.37,2.93,13313971075.0,13313971075.0,0.0,0.0,-1.68,-1.38
2644,000858,五 粮 液,102.6,-1.53,-1.59,98462.0,1012935759.78,1.14,103.69,102.5,103.38,104.19,0.92,0.25,13.89,2.79,398252981313.0,398236206931.0,-0.02,-0.01,-5.15,-3.15
2645,302132,中航成飞,67.0,-1.53,-1.04,43640.0,293217108.04,1.06,67.62,66.9,67.5,68.04,1.1,0.74,61.9,8.98,179030122192.0,39266656433.0,0.0,0.03,-18.11,-15.19
2646,603049,中策橡胶,49.4,-1.53,-0.77,20204.0,100078983.0,1.14,49.87,49.3,49.7,50.17,0.87,2.31,9.22,1.79,43199588541.0,4319958864.0,-0.16,-0.16,-13.15,-11.71
2647,300625,三雄极光,11.57,-1.53,-0.18,16698.0,19461630.8,2.3,11.79,11.52,11.65,11.75,0.7,1.03,-230.89,1.63,3231859670.0,1874013217.0,0.0,-0.17,-3.5,-2.36
2648,002209,达 意 隆,15.44,-1.53,-0.24,35176.0,54555017.0,3.64,15.93,15.36,15.88,15.68,0.61,2.25,22.32,3.74,3073008532.0,2413471531.0,0.06,0.19,-5.8,-4.22
2649,920394,民士达,45.2,-1.53,-0.7,10195.0,46620927.21,3.18,46.46,45.0,45.45,45.9,0.78,0.7,51.9,8.14,6610500000.0,6561811102.0,-0.09,0.09,3.86,10.46
2650,920578,巨能股份,18.67,-1.53,-0.29,5286.0,9955865.83,3.69,19.2,18.5,18.82,18.96,0.9,2.3,-558.01,5.4,1427864741.0,429410000.0,0.7,0.54,-28.98,-28.33
2651,000885,城发环境,13.49,-1.53,-0.21,33831.0,45843477.8,1.17,13.64,13.48,13.62,13.7,0.74,0.53,7.11,0.95,8661635660.0,8661635660.0,-0.22,-0.07,-3.71,-1.68
2652,603767,中马传动,18.51,-1.54,-0.29,20175.0,37433917.0,1.91,18.79,18.43,18.58,18.8,0.83,0.65,-984.38,4.2,5712769065.0,5712769065.0,-0.05,-0.16,-23.8,-23.04
2653,301449,天溯计量,75.03,-1.54,-1.17,10712.0,80250073.52,1.55,75.6,74.42,75.6,76.2,0.79,7.7,39.47,5.98,4893260922.0,1043911973.0,-0.03,0.0,-8.19,-11.13
2654,600866,星湖科技,7.01,-1.54,-0.11,285028.0,199916869.0,1.83,7.09,6.96,7.08,7.12,1.32,2.27,8.61,1.4,11646923038.0,8802942961.0,0.0,0.0,-1.68,0.86
2655,600293,三峡新材,3.2,-1.54,-0.05,239058.0,76788402.0,1.85,3.25,3.19,3.24,3.25,0.81,2.06,-46.52,2.2,3712464147.0,3712464147.0,-0.31,-0.62,-3.32,1.59
2656,605337,李子园,10.85,-1.54,-0.17,24189.0,26320973.0,2.0,11.0,10.78,10.95,11.02,1.04,0.62,21.46,2.7,4232610248.0,4232610248.0,0.09,0.0,-9.96,-8.75
2657,300740,水羊股份,21.14,-1.54,-0.33,62301.0,132405310.88,1.72,21.48,21.11,21.3,21.47,0.85,1.72,45.77,3.98,8291702224.0,7637940177.0,0.05,0.0,-11.18,-11.33
2658,603508,思维列控,25.62,-1.54,-0.4,23558.0,60652987.0,1.5,25.98,25.59,25.9,26.02,1.03,0.62,18.48,2.54,9768249539.0,9768249539.0,-0.04,-0.08,-7.91,-7.91
2659,301598,博科测试,59.99,-1.54,-0.94,3196.0,19257224.3,2.12,60.99,59.7,60.79,60.93,0.77,1.82,33.98,3.73,3533244408.0,1052687903.0,0.07,0.17,-6.06,-3.99
2660,603587,地素时尚,12.11,-1.54,-0.19,15682.0,19119744.0,2.36,12.37,12.08,12.37,12.3,0.89,0.33,18.24,1.59,5741263651.0,5741263651.0,0.08,-0.25,-8.6,-9.36
2661,603348,文灿股份,20.47,-1.54,-0.32,81923.0,167562189.0,1.64,20.65,20.31,20.53,20.79,0.89,2.61,2048.05,1.49,6437348120.0,6437348120.0,0.1,0.1,3.49,6.28
2662,300891,惠云钛业,8.3,-1.54,-0.13,57499.0,47758036.0,2.37,8.42,8.22,8.39,8.43,0.67,1.72,-222.08,2.62,3320068508.0,2767835686.0,-0.12,-0.24,-11.8,-5.68
2663,688721,龙图光罩,39.03,-1.54,-0.61,9707.0,38178047.0,2.14,39.87,39.02,39.52,39.64,1.08,1.81,92.9,4.3,5210505000.0,2087501596.0,0.0,-0.23,-17.87,-16.12
2664,300713,英可瑞,16.0,-1.54,-0.25,39266.0,63318477.0,3.45,16.49,15.93,16.23,16.25,1.13,4.41,-42.64,4.98,2539532960.0,1425740448.0,0.0,-0.19,-8.94,-7.51
2665,300983,尤安设计,28.85,-1.54,-0.45,16813.0,49951035.58,7.44,30.8,28.62,29.96,29.3,2.71,1.42,-209.55,1.76,4985280000.0,3412449115.0,-0.31,0.35,8.09,7.65
2666,300616,尚品宅配,12.09,-1.55,-0.19,32156.0,38963669.0,2.28,12.28,12.0,12.26,12.28,0.92,2.07,-25.61,0.86,2714398198.0,1874049646.0,0.08,0.0,-12.52,-13.21
2667,688179,阿拉丁,17.82,-1.55,-0.28,103634.0,185068836.0,2.82,18.17,17.66,17.98,18.1,0.81,3.05,58.62,6.08,6064465958.0,6064465958.0,-0.06,0.0,36.24,43.48
2668,000881,中广核技,7.62,-1.55,-0.12,87347.0,66502134.0,1.81,7.69,7.55,7.67,7.74,0.7,0.97,-53.06,1.38,7204144710.0,6886440515.0,0.13,-0.13,-16.81,-15.8
2669,301329,信音电子,22.89,-1.55,-0.36,25525.0,58531784.16,2.32,23.23,22.69,22.95,23.25,1.15,4.26,63.15,2.49,3895878000.0,1372118160.0,0.0,0.26,-4.27,-2.76
2670,600846,同济科技,12.04,-1.55,-0.19,17333.0,20900982.0,1.8,12.2,11.98,12.2,12.23,0.79,0.28,34.26,1.83,7522128653.0,7522128653.0,0.0,0.0,-15.92,-8.44
2671,688269,凯立新材,38.22,-1.55,-0.6,10931.0,41928647.0,2.37,38.87,37.95,38.2,38.82,0.98,0.84,45.3,4.73,4995506880.0,4995506880.0,-0.03,-0.08,-6.96,-4.47
2672,002270,华明装备,27.97,-1.55,-0.44,117679.0,330767931.92,2.29,28.48,27.83,28.0,28.41,1.02,1.31,35.32,7.98,25067425305.0,25067023600.0,0.0,0.0,7.95,11.7
2673,300490,华自科技,17.13,-1.55,-0.27,233253.0,400152666.5,5.4,17.62,16.68,17.24,17.4,1.03,5.93,-27.2,3.1,6829228646.0,6736417244.0,0.06,0.0,37.26,42.87
2674,002344,海宁皮城,4.46,-1.55,-0.07,88492.0,39716641.0,2.21,4.55,4.45,4.51,4.53,1.02,0.69,71.83,0.68,5720471642.0,5715267410.0,0.0,-0.22,-6.5,-5.91
2675,603696,安记食品,15.9,-1.55,-0.25,47422.0,75339440.0,1.8,16.07,15.78,16.07,16.15,0.58,2.02,120.81,6.44,3739680000.0,3739680000.0,-0.06,-0.13,-23.19,-21.6
2676,600035,楚天高速,3.8,-1.55,-0.06,88734.0,33850151.0,2.07,3.86,3.78,3.85,3.86,0.89,0.55,8.07,0.69,6118440424.0,6118440424.0,0.0,-0.26,-3.31,-2.06
2677,600004,白云机场,8.91,-1.55,-0.14,91311.0,81665148.0,0.99,9.0,8.91,8.98,9.05,1.04,0.39,15.72,1.11,22963249368.0,21087459902.0,0.0,0.0,-6.41,-5.81
2678,002312,川发龙蟒,11.4,-1.55,-0.18,263070.0,300812996.5,1.73,11.57,11.37,11.57,11.58,0.81,1.4,36.95,2.24,21519885382.0,21475538857.0,-0.09,-0.09,-1.21,4.3
2679,002701,奥瑞金,5.09,-1.55,-0.08,145257.0,74269350.98,1.55,5.16,5.08,5.15,5.17,0.92,0.57,12.85,1.34,13029180787.0,13017195323.0,0.0,0.0,-14.31,-14.45
2680,600663,陆家嘴,7.61,-1.55,-0.12,47834.0,36536457.0,1.55,7.72,7.6,7.68,7.73,0.73,0.15,31.32,1.53,38317519497.0,24014752668.0,-0.13,-0.26,-6.51,-3.79
2681,688602,康鹏科技,7.63,-1.55,-0.12,51746.0,39882095.0,2.06,7.79,7.63,7.72,7.75,1.05,1.99,-65.45,1.46,3962831250.0,1980718708.0,-0.26,-0.26,-15.13,-12.1
2682,600059,古越龙山,8.85,-1.56,-0.14,52879.0,47083907.0,1.89,9.02,8.85,8.95,8.99,0.72,0.58,44.86,1.39,8067150355.0,8067150355.0,-0.11,0.0,-4.84,-4.43
2683,603970,中农立华,12.59,-1.56,-0.2,14707.0,18638965.0,2.19,12.86,12.58,12.78,12.79,0.64,0.55,16.78,2.19,3384193687.0,3384193687.0,-0.32,-0.24,-3.67,-2.1
2684,000498,山东路桥,5.68,-1.56,-0.09,151376.0,86197304.85,1.91,5.77,5.66,5.74,5.77,0.89,1.04,4.69,0.56,8817867498.0,8232292187.0,0.0,-0.18,-6.58,-5.8
2685,688136,科兴制药,30.84,-1.56,-0.49,56031.0,175548694.0,4.66,32.23,30.77,31.32,31.33,0.56,2.78,38.93,3.54,6206773590.0,6206773590.0,0.03,0.1,-8.57,-2.62
2686,300820,英杰电气,45.54,-1.56,-0.72,19303.0,88044665.8,1.71,46.05,45.26,46.0,46.26,0.9,1.73,39.33,4.01,10121401984.0,5090443485.0,0.0,0.07,-8.06,-5.03
2687,002910,庄园牧场,10.71,-1.56,-0.17,41427.0,44532888.0,2.48,10.92,10.65,10.88,10.88,0.78,2.42,-32.42,2.01,2094226406.0,1832073485.0,0.0,-0.09,-4.97,-3.6
2688,601878,浙商证券,9.45,-1.56,-0.15,197581.0,186988227.0,1.15,9.53,9.42,9.52,9.6,0.79,0.43,17.92,1.17,43222378239.0,43222378239.0,0.11,0.11,-15.32,-12.01
2689,000910,大亚圣象,6.93,-1.56,-0.11,31649.0,22051645.0,2.84,7.08,6.88,7.03,7.04,0.8,0.58,284.43,0.57,3793464675.0,3791964330.0,-0.14,0.14,-7.97,-7.1
2690,688236,春立医疗,20.18,-1.56,-0.32,17550.0,35536221.0,1.8,20.48,20.11,20.4,20.5,0.64,0.61,28.4,2.59,7740412330.0,5820477040.0,0.15,0.15,-20.39,-10.98
2691,600301,华锡有色,51.71,-1.56,-0.82,96081.0,495397481.0,4.36,52.52,50.23,52.0,52.53,1.1,3.49,49.64,7.28,32710064339.0,14237608065.0,-0.08,-0.12,31.41,34.8
2692,600622,光大嘉宝,2.53,-1.56,-0.04,132186.0,33585426.0,1.95,2.57,2.52,2.57,2.57,0.92,0.88,-5.13,1.29,3794204067.0,3794204067.0,-0.39,0.0,-13.95,-11.54
2693,603616,韩建河山,6.31,-1.56,-0.1,127806.0,80490731.0,3.12,6.43,6.23,6.4,6.41,0.71,3.33,189.72,9.84,2469216580.0,2424888830.0,-0.16,0.0,20.65,21.58
2694,603518,锦泓集团,8.86,-1.56,-0.14,29602.0,26407620.0,2.0,9.02,8.84,8.98,9.0,0.7,0.86,20.11,0.84,3059818578.0,3048495498.0,0.0,-0.23,-10.6,-8.75
2695,002483,润邦股份,6.88,-1.57,-0.11,70302.0,48591968.6,1.72,6.98,6.86,6.93,6.99,0.87,0.79,20.41,1.39,6098902681.0,6090525497.0,0.0,0.0,-3.51,-3.64
2696,603406,天富龙,33.96,-1.57,-0.54,8890.0,30302071.0,1.16,34.35,33.95,34.35,34.5,0.82,2.42,31.42,2.92,13584339600.0,1245059960.0,-0.03,-0.03,-15.65,-16.56
2697,600505,西昌电力,12.5,-1.57,-0.2,83703.0,104336519.0,2.13,12.67,12.4,12.65,12.7,0.45,2.3,276.54,3.74,4557093750.0,4557093750.0,0.16,0.24,-7.27,-4.36
2698,920183,海菲曼,37.52,-1.57,-0.6,6157.0,23390633.09,2.44,38.43,37.5,37.8,38.12,0.9,5.47,24.55,5.08,1836679040.0,422093509.0,-0.11,-0.16,90.36,90.36
2699,300984,金沃股份,56.6,-1.57,-0.9,28173.0,160998281.9,3.06,58.06,56.3,57.12,57.5,1.37,3.18,140.36,6.72,6988878968.0,5014335443.0,0.02,-0.09,-30.89,-33.32
2700,603638,艾迪精密,20.11,-1.57,-0.32,34267.0,69024302.0,1.52,20.36,20.05,20.33,20.43,0.79,0.41,39.66,4.74,16713195969.0,16713195969.0,0.1,0.15,4.85,6.23
2701,002310,东方新能,3.13,-1.57,-0.05,2458114.0,767223292.85,3.14,3.18,3.08,3.17,3.18,0.64,5.85,-6816.93,12.22,18777878226.0,13143025614.0,0.0,0.0,34.91,39.11
2702,920720,吉冈精密,11.9,-1.57,-0.19,13145.0,15732054.82,2.32,12.13,11.85,11.92,12.09,0.84,1.78,51.33,6.1,3152206946.0,880804359.0,0.17,0.08,-17.36,-15.3
2703,688112,鼎阳科技,47.72,-1.57,-0.76,48598.0,234792228.0,3.55,49.26,47.54,48.0,48.48,2.09,3.05,53.41,4.75,7615963257.0,7615963257.0,-0.13,-0.08,23.98,27.42
2704,301026,浩通科技,28.81,-1.57,-0.46,26655.0,76695078.22,1.88,28.98,28.43,28.71,29.27,1.02,2.33,29.21,2.82,4559873565.0,3293246439.0,-0.21,0.0,-11.35,1.66
2705,603999,读者传媒,6.9,-1.57,-0.11,78501.0,54431592.0,2.14,7.03,6.88,7.0,7.01,1.07,1.36,46.49,1.92,3974400000.0,3974400000.0,-0.29,-0.43,-2.82,-1.85
2706,688108,赛诺医疗,21.31,-1.57,-0.34,86276.0,185232178.0,2.73,21.8,21.21,21.41,21.65,0.53,2.06,188.35,9.56,8906557120.0,8906557120.0,0.09,0.09,-5.71,10.76
2707,601127,赛力斯,88.58,-1.58,-1.42,129942.0,1149431719.0,1.11,89.0,88.0,89.0,90.0,0.66,0.83,25.9,3.77,154305038918.0,137937076463.0,-0.01,-0.06,-29.32,-26.77
2708,600729,重庆百货,21.8,-1.58,-0.35,24941.0,54603448.0,1.94,22.2,21.77,22.19,22.15,0.93,1.3,9.41,1.22,9601877079.0,4196125999.0,-0.18,-0.32,-17.14,-15.63
2709,000801,四川九洲,13.7,-1.58,-0.22,107260.0,147376543.2,1.08,13.83,13.68,13.8,13.92,0.77,1.06,77.72,4.48,13923649198.0,13918763559.0,-0.15,-0.07,-21.26,-19.22
2710,603071,物产环能,13.11,-1.58,-0.21,25845.0,34029905.0,1.8,13.32,13.08,13.32,13.32,0.56,0.46,12.12,1.3,7314782735.0,7314782735.0,0.08,0.15,-0.98,-0.08
2711,688080,映翰通,53.45,-1.58,-0.86,11551.0,61885965.0,2.41,54.34,53.03,53.98,54.31,0.95,1.57,26.19,3.36,3936920255.0,3936920255.0,0.15,0.02,2.04,5.84
2712,002171,楚江新材,11.18,-1.58,-0.18,234682.0,263532427.44,1.58,11.33,11.15,11.25,11.36,0.93,1.45,38.32,2.09,18144445409.0,18041629635.0,-0.09,0.09,-15.17,-15.69
2713,600790,轻纺城,3.73,-1.58,-0.06,47482.0,17816501.0,1.85,3.79,3.72,3.77,3.79,0.64,0.32,25.09,0.94,5467400161.0,5467400161.0,0.0,0.27,-3.62,-2.61
2714,000633,合金投资,6.86,-1.58,-0.11,97356.0,67085073.0,3.73,7.07,6.81,6.95,6.97,0.95,2.53,272.99,13.45,2641829719.0,2641810168.0,-0.29,-0.15,-7.3,-4.85
2715,600203,福日电子,11.2,-1.58,-0.18,120033.0,134802205.0,1.58,11.33,11.15,11.2,11.38,1.0,2.02,57.02,3.83,6641466518.0,6641466518.0,-0.36,-0.09,-17.28,-16.04
2716,920124,南特科技,15.6,-1.58,-0.25,8679.0,13615207.31,1.64,15.83,15.57,15.77,15.85,0.84,1.13,22.8,2.19,2320239714.0,1193889980.0,0.0,0.0,-16.13,-14.33
2717,600725,云维股份,4.35,-1.58,-0.07,132910.0,57957163.0,2.26,4.43,4.33,4.43,4.42,0.71,1.08,-232.19,19.13,5361244500.0,5361244500.0,0.0,0.23,3.08,4.07
2718,601333,广深铁路,3.11,-1.58,-0.05,445278.0,139420861.0,1.27,3.15,3.11,3.15,3.16,0.77,0.79,15.45,0.78,22029800070.0,17578457070.0,-0.32,-0.32,1.63,2.3
2719,300515,三德科技,18.1,-1.58,-0.29,18991.0,34526035.0,1.63,18.34,18.04,18.28,18.39,1.08,0.94,20.32,4.0,3724156450.0,3651879078.0,0.0,0.11,-9.23,-7.93
2720,600597,光明乳业,7.43,-1.59,-0.12,60276.0,44993713.0,1.85,7.55,7.41,7.52,7.55,0.95,0.44,-68.64,1.12,10242060059.0,10241923347.0,-0.13,0.0,-9.17,-8.16
2721,002632,道明光学,11.75,-1.59,-0.19,94827.0,111445305.56,1.51,11.86,11.68,11.85,11.94,0.54,1.65,33.11,3.36,7339039308.0,6749502692.0,0.0,0.09,-10.51,-5.62
2722,600099,林海股份,11.13,-1.59,-0.18,34505.0,38522692.0,2.21,11.3,11.05,11.2,11.31,0.53,1.57,99.33,4.46,2438805600.0,2438805600.0,-0.27,-0.09,6.61,6.51
2723,600000,浦发银行,9.93,-1.59,-0.16,460942.0,460220739.0,1.88,10.12,9.93,10.07,10.09,1.02,0.14,6.61,0.45,330726974319.0,330726974319.0,-0.2,-0.1,-17.25,-20.18
2724,600148,长春一东,18.0,-1.59,-0.29,15413.0,27892594.0,2.73,18.4,17.9,18.4,18.29,1.05,1.09,233.8,5.36,2547296100.0,2547296100.0,0.0,0.17,-9.73,-8.02
2725,688389,普门科技,12.39,-1.59,-0.2,18901.0,23540445.0,1.59,12.58,12.38,12.58,12.59,0.78,0.44,28.53,2.51,5308938195.0,5308938195.0,0.0,-0.16,-7.68,-4.55
2726,002069,獐子岛,3.72,-1.59,-0.06,93822.0,34947775.69,2.91,3.79,3.68,3.77,3.78,0.74,1.32,-61.28,145.98,2645337362.0,2642004242.0,0.27,0.27,-1.06,-0.27
2727,002846,英联股份,14.24,-1.59,-0.23,39498.0,56445951.2,1.8,14.46,14.2,14.31,14.47,0.78,1.54,126.79,4.23,5980709377.0,3659937687.0,-0.07,0.0,-15.64,-11.77
2728,002881,美格智能,37.79,-1.59,-0.61,33000.0,124510403.4,1.28,37.99,37.5,37.9,38.4,0.85,1.81,79.97,5.81,11412833193.0,6874959354.0,-0.08,-0.08,-16.67,-15.19
2729,600080,金花股份,8.66,-1.59,-0.14,125389.0,108946934.0,5.23,8.96,8.5,8.78,8.8,1.18,3.36,70.31,2.04,3232520668.0,3232520668.0,0.12,0.12,13.2,14.85
2730,301272,英华特,40.13,-1.59,-0.65,6505.0,26239327.0,2.77,40.94,39.81,40.94,40.78,0.82,2.08,87.73,2.32,2347697299.0,1257212705.0,0.0,-0.47,-2.29,-2.24
2731,000737,北方铜业,13.66,-1.59,-0.22,352148.0,480715118.21,1.8,13.78,13.53,13.61,13.88,1.08,1.85,28.31,3.91,26018426502.0,26015991266.0,0.0,0.22,-14.68,-11.24
2732,600770,综艺股份,5.58,-1.59,-0.09,162825.0,91633826.0,1.94,5.69,5.58,5.62,5.67,1.08,1.25,59.92,2.12,7254000000.0,7254000000.0,-0.18,-0.18,5.68,7.93
2733,300360,炬华科技,16.06,-1.59,-0.26,51086.0,82276002.18,1.41,16.24,16.01,16.2,16.32,0.82,1.02,12.91,1.96,8257845244.0,8034442790.0,-0.25,-0.12,-8.85,-7.65
2734,300698,万马科技,35.17,-1.59,-0.57,18821.0,66573028.76,2.29,35.94,35.12,35.35,35.74,0.84,1.59,108.15,9.15,4712780000.0,4169260815.0,0.03,-0.06,-25.46,-16.52
2735,603866,桃李面包,4.95,-1.59,-0.08,87639.0,43647386.0,1.59,5.03,4.95,5.03,5.03,1.16,0.55,19.92,1.52,7918609817.0,7918609817.0,-0.2,0.0,-7.48,-5.89
2736,603551,奥普科技,12.35,-1.59,-0.2,24097.0,29637551.0,3.11,12.49,12.1,12.49,12.55,0.64,0.63,19.33,3.51,4751571728.0,4691563078.0,0.0,0.0,2.66,6.56
2737,920371,欧福蛋业,9.28,-1.59,-0.15,12698.0,11805930.55,2.01,9.42,9.23,9.35,9.43,0.76,0.65,22.15,3.09,1906534574.0,1804119241.0,0.32,-0.11,-12.86,-10.42
2738,002979,雷赛智能,37.68,-1.59,-0.61,32643.0,123136269.0,1.04,37.94,37.54,37.86,38.29,0.76,1.48,55.43,7.2,11836827115.0,8316754280.0,-0.03,0.0,-10.29,-10.43
2739,301115,联检科技,21.04,-1.59,-0.34,28745.0,60577646.28,3.41,21.55,20.82,21.22,21.38,0.76,1.86,82.73,1.53,3861362844.0,3256291663.0,0.05,0.24,30.76,33.08
2740,002801,微光股份,30.72,-1.6,-0.5,15184.0,46586042.0,1.44,30.9,30.45,30.88,31.22,0.92,1.31,19.36,3.69,7054295040.0,3557458944.0,0.0,-0.16,-13.15,-13.24
2741,002026,山东威达,12.91,-1.6,-0.21,45418.0,58886392.3,1.45,13.08,12.89,13.0,13.12,0.83,1.03,18.56,1.51,5687267332.0,5686776430.0,-0.15,-0.08,-13.59,-14.22
2742,300494,盛天网络,11.7,-1.6,-0.19,117898.0,139220011.4,3.11,12.02,11.65,11.7,11.89,1.28,2.96,140.18,3.99,5738967889.0,4660672396.0,-0.09,-0.09,-6.92,-3.94
2743,300909,汇创达,38.77,-1.6,-0.63,19800.0,77352804.5,2.69,39.66,38.6,39.03,39.4,1.1,1.62,87.24,3.33,6706162396.0,4738122447.0,0.08,0.1,-17.62,-19.4
2744,920266,生物谷,7.97,-1.6,-0.13,17485.0,14255070.93,4.69,8.34,7.96,8.1,8.1,1.02,1.48,-17.7,1.13,988280056.0,944368942.0,0.13,-0.13,-14.94,-12.13
2745,300183,东软载波,14.18,-1.6,-0.23,45774.0,65179158.0,2.01,14.39,14.1,14.28,14.41,0.96,1.13,-450.41,2.12,6559797563.0,5764696248.0,0.07,-0.21,-7.56,-4.38
2746,600970,中材国际,11.05,-1.6,-0.18,370814.0,411789155.0,2.4,11.27,11.0,11.0,11.23,1.14,1.42,10.12,1.26,28971105740.0,28937021142.0,0.09,0.09,6.76,6.35
2747,603128,华贸物流,5.55,-1.6,-0.09,77124.0,42952015.0,1.24,5.61,5.54,5.6,5.64,0.68,0.59,17.77,1.2,7265208042.0,7265208042.0,0.0,0.0,-9.17,-9.02
2748,000505,京粮控股,6.78,-1.6,-0.11,132825.0,90323539.0,2.76,6.92,6.73,6.84,6.89,0.85,2.1,-18.52,1.72,4928722702.0,4287538678.0,-0.15,0.0,-15.04,-20.33
2749,600177,雅戈尔,7.4,-1.6,-0.12,176007.0,131327910.0,2.39,7.57,7.39,7.51,7.52,0.77,0.38,10.92,0.8,34213470075.0,34213470075.0,-0.13,0.0,-0.94,-1.6
2750,002157,正邦科技,3.07,-1.6,-0.05,1002450.0,310630340.45,2.88,3.15,3.06,3.1,3.12,0.77,1.39,2576.75,2.42,28397999148.0,22209160415.0,-0.32,-0.32,-8.36,-5.25
2751,300102,乾照光电,31.3,-1.6,-0.51,374964.0,1176608240.64,3.99,32.12,30.85,31.5,31.81,0.77,4.09,251.26,6.69,28806449912.0,28670076594.0,0.0,-0.06,21.18,13.57
2752,000936,华西股份,7.4,-1.6,-0.12,130836.0,97228696.47,1.73,7.51,7.38,7.46,7.52,0.72,1.48,14.93,1.22,6556495364.0,6555566294.0,0.14,0.14,-15.04,-10.09
2753,688687,凯因科技,20.92,-1.6,-0.34,38559.0,80919171.0,3.2,21.41,20.73,21.15,21.26,0.72,2.26,120.69,2.07,3576157308.0,3576157308.0,0.1,0.05,-19.23,-16.05
2754,605138,盛泰集团,6.77,-1.6,-0.11,23801.0,16181710.0,2.47,6.92,6.75,6.88,6.88,0.89,0.43,72.56,1.56,3761218994.0,3761218994.0,-0.15,-0.15,-4.65,-2.73
2755,301591,肯特股份,41.8,-1.6,-0.68,12369.0,51914987.1,1.95,42.51,41.68,42.12,42.48,0.97,3.64,44.64,3.92,3516216000.0,1419056705.0,0.14,0.0,2.48,3.11
2756,002968,新大正,11.66,-1.6,-0.19,22977.0,26900890.8,3.63,11.99,11.56,11.9,11.85,0.69,1.08,19.05,2.08,2638398950.0,2485400802.0,-0.26,0.0,-4.35,-4.11
2757,002946,新乳业,18.49,-1.6,-0.3,47921.0,89353701.0,3.14,18.99,18.4,18.76,18.79,0.94,0.56,21.77,4.19,15913921373.0,15729553644.0,-0.11,-0.22,-1.91,0.16
2758,920392,佳合科技,19.64,-1.6,-0.32,7831.0,15538828.04,3.36,20.23,19.56,19.86,19.96,1.34,2.15,72.72,4.38,1496666200.0,714697636.0,0.0,0.15,-40.83,-44.03
2759,301299,卓创资讯,67.21,-1.6,-1.09,26350.0,177521314.88,2.45,68.27,66.6,67.62,68.3,0.86,5.92,61.82,6.91,4058177438.0,2990653384.0,0.03,-0.06,20.86,23.59
2760,920703,广厦环能,13.52,-1.6,-0.22,7547.0,10281893.14,2.62,13.81,13.45,13.75,13.74,1.33,0.99,22.49,1.81,2037788480.0,1031104787.0,-0.44,-0.37,-9.99,-6.18
2761,600085,同仁堂,27.63,-1.6,-0.45,66269.0,183512535.0,1.71,28.02,27.54,28.02,28.08,0.87,0.48,31.86,2.77,37893723339.0,37893723339.0,-0.04,0.0,-14.75,-14.35
2762,301227,森鹰窗业,32.67,-1.6,-0.53,24506.0,79622791.0,3.52,33.27,32.1,32.99,33.2,1.12,4.53,-114.94,1.9,3111180435.0,1768198410.0,-0.09,-0.27,-35.31,-38.38
2763,000595,*ST宝实,6.16,-1.6,-0.1,86820.0,53537078.0,2.08,6.24,6.11,6.23,6.26,0.77,0.76,44.64,13.78,7014123215.0,7014123215.0,-0.32,-0.32,8.26,10.2
2764,688180,君实生物-U,38.6,-1.61,-0.63,167269.0,654918760.0,4.08,40.1,38.5,39.0,39.23,0.62,2.18,-45.28,6.57,39630229021.0,29582815001.0,-0.54,-0.05,5.18,13.0
2765,603768,常青股份,10.97,-1.61,-0.18,19996.0,22093473.0,2.69,11.18,10.88,11.15,11.15,0.86,0.84,-28.77,1.11,2610375751.0,2610375751.0,-0.09,0.09,-6.16,-5.43
2766,002007,华兰生物,14.71,-1.61,-0.24,89072.0,131942971.4,1.87,14.99,14.71,14.89,14.95,0.9,0.57,28.59,2.34,26881887557.0,23141988369.0,-0.07,-0.14,-4.97,-2.78
2767,600129,太极集团,16.48,-1.61,-0.27,112115.0,187696447.0,3.76,17.09,16.46,16.7,16.75,1.25,2.03,75.37,2.6,9087371689.0,9087371689.0,0.0,0.0,-11.4,-8.7
2768,600467,好当家,2.44,-1.61,-0.04,317511.0,78062982.0,2.42,2.49,2.43,2.47,2.48,0.95,2.17,98.91,1.04,3564826102.0,3564826102.0,-0.41,0.0,-8.27,-6.15
2769,603194,中力股份,32.9,-1.61,-0.54,9459.0,31273587.0,1.35,33.35,32.9,33.35,33.44,1.0,0.6,14.44,2.5,13192900000.0,5199085438.0,-0.3,-0.18,-18.67,-16.31
2770,300538,同益股份,14.65,-1.61,-0.24,24713.0,36444427.0,2.55,14.96,14.58,14.8,14.89,0.85,2.04,272.73,2.77,2665107094.0,1772433883.0,0.0,0.07,-10.83,-8.89
2771,688584,上海合晶,19.6,-1.61,-0.32,29192.0,57465168.0,1.81,19.9,19.54,19.76,19.92,1.04,0.85,104.05,3.16,13042983719.0,6711750108.0,0.0,-0.05,-14.34,-10.67
2772,000978,桂林旅游,7.92,-1.61,-0.13,748391.0,600746596.73,11.93,8.68,7.72,8.3,8.05,2.08,15.99,336.05,3.42,3707589600.0,3707512380.0,-0.13,0.0,12.66,9.39
2773,603043,广州酒家,15.29,-1.61,-0.25,36129.0,55339846.0,2.32,15.55,15.19,15.5,15.54,1.03,0.64,17.82,2.21,8696505608.0,8622884258.0,0.0,-0.26,-13.32,-13.27
2774,600764,中国海防,23.76,-1.61,-0.39,37251.0,88846713.0,1.12,23.99,23.72,23.96,24.15,0.99,0.52,82.13,2.04,16884554211.0,16884554211.0,-0.08,-0.08,-16.19,-12.87
2775,603326,我乐家居,8.54,-1.61,-0.14,37668.0,32353038.0,2.19,8.71,8.52,8.68,8.68,0.61,1.18,15.63,2.3,2725770982.0,2725770982.0,-0.58,-0.35,-3.72,-4.04
2776,301169,零点有数,55.56,-1.61,-0.91,10770.0,59609858.92,2.76,56.36,54.8,55.5,56.47,0.81,1.5,-55.56,9.14,4002572180.0,4001322080.0,-0.04,0.2,5.95,10.9
2777,603810,丰山集团,15.83,-1.62,-0.26,20246.0,32472766.0,2.98,16.28,15.8,16.09,16.09,0.89,1.22,46.35,1.71,2617343645.0,2617343645.0,-0.69,-0.38,-5.61,-0.88
2778,002023,海特高新,10.31,-1.62,-0.17,75942.0,78598650.92,1.24,10.42,10.29,10.38,10.48,0.91,1.03,48.14,1.75,7638269023.0,7638269023.0,0.0,-0.1,-25.51,-23.86
2779,002120,韵达股份,6.66,-1.62,-0.11,158347.0,106156610.6,1.77,6.78,6.66,6.77,6.77,1.12,0.56,19.84,0.95,19308680831.0,18748765221.0,-0.15,-0.15,-3.62,-1.19
2780,002078,太阳纸业,15.2,-1.62,-0.25,141971.0,216224761.5,1.75,15.42,15.15,15.33,15.45,1.15,0.51,13.04,1.39,42476933809.0,42216406858.0,-0.26,-0.07,-4.4,-3.49
2781,601456,国联民生,9.11,-1.62,-0.15,167432.0,152924907.0,1.19,9.2,9.09,9.2,9.26,0.96,0.38,25.76,0.99,51750200463.0,39874302531.0,0.11,0.11,-10.95,-10.42
2782,300769,德方纳米,42.45,-1.62,-0.7,113311.0,482608543.32,3.68,43.49,41.9,42.76,43.15,0.8,4.5,-16.39,2.29,11893981874.0,10687104941.0,0.05,0.05,-8.91,-3.54
2783,001258,立新能源,8.48,-1.62,-0.14,229031.0,193176897.86,2.2,8.55,8.36,8.54,8.62,0.68,2.45,44.72,2.61,7914666672.0,7914583992.0,0.36,0.24,16.64,19.27
2784,000565,渝三峡Ａ,7.27,-1.62,-0.12,75898.0,55401875.59,2.17,7.4,7.24,7.37,7.39,0.82,1.75,143.36,2.53,3152215439.0,3152215439.0,-0.41,-0.27,-2.02,-0.41
2785,300796,贝斯美,9.11,-1.62,-0.15,50911.0,46681354.0,2.92,9.32,9.05,9.2,9.26,0.87,1.41,79.17,1.91,3290011564.0,3290011564.0,0.11,0.0,3.17,4.83
2786,688783,西安奕材-U,21.87,-1.62,-0.36,30605.0,67159835.0,1.48,22.13,21.8,22.03,22.23,0.83,1.86,-119.7,7.1,88306686000.0,3600186606.0,-0.05,-0.09,-12.69,-8.11
2787,301565,中仑新材,21.29,-1.62,-0.35,23314.0,49864792.75,1.89,21.66,21.25,21.38,21.64,1.15,1.82,95.59,3.54,8516212900.0,2725332900.0,-0.09,-0.14,-14.29,-11.81
2788,300397,天和防务,11.53,-1.62,-0.19,91877.0,106281465.0,1.71,11.66,11.46,11.62,11.72,0.81,2.27,-54.0,4.15,5968351670.0,4675477354.0,-0.17,0.0,-27.07,-22.2
2789,600559,老白干酒,13.38,-1.62,-0.22,59886.0,80427937.0,1.54,13.57,13.36,13.52,13.6,0.92,0.66,22.94,2.32,12239320801.0,12169236361.0,-0.15,-0.07,-17.2,-16.58
2790,000969,安泰科技,21.09,-1.63,-0.35,156056.0,329621852.1,1.63,21.3,20.95,21.18,21.44,0.88,1.51,60.72,3.83,22155454083.0,21801704110.0,0.05,-0.05,-1.22,0.38
2791,600121,郑州煤电,4.22,-1.63,-0.07,468282.0,198385384.0,3.5,4.34,4.19,4.27,4.29,0.53,3.84,-5.54,5.48,5141698800.0,5141698800.0,-0.24,-0.24,-2.54,1.2
2792,002142,宁波银行,30.1,-1.63,-0.5,167111.0,504846399.91,1.47,30.54,30.09,30.46,30.6,1.07,0.25,6.78,0.89,198768082839.0,198656609717.0,-0.2,-0.2,4.22,7.16
2793,003036,泰坦股份,24.07,-1.63,-0.4,78767.0,187947889.36,3.35,24.32,23.5,24.0,24.47,0.59,3.64,92.7,3.76,5205956747.0,5205823158.0,0.04,0.04,52.05,55.49
2794,300234,开尔新材,6.05,-1.63,-0.1,98718.0,60019406.18,2.11,6.16,6.03,6.11,6.15,0.82,2.87,110.86,2.64,3044185095.0,2081121616.0,-0.33,-0.17,11.83,10.0
2795,920208,青矩技术,22.92,-1.63,-0.38,5953.0,13777636.74,2.23,23.43,22.91,23.07,23.3,0.99,0.58,16.33,2.85,3066800378.0,2335059208.0,-0.22,-0.04,-8.76,-7.24
2796,300128,锦富技术,6.03,-1.63,-0.1,214972.0,130136092.14,3.1,6.16,5.97,6.09,6.13,1.13,1.66,-35.64,11.85,7833665934.0,7825233733.0,-0.17,-0.17,-17.51,-17.4
2797,000501,武商集团,8.43,-1.63,-0.14,40542.0,34283770.49,1.98,8.57,8.4,8.53,8.57,0.83,0.53,35.93,0.59,6482608722.0,6476101057.0,0.12,0.12,-16.7,-16.7
2798,603080,新疆火炬,21.08,-1.63,-0.35,15013.0,31805772.0,1.96,21.45,21.03,21.43,21.43,0.8,1.06,14.19,1.96,2982820000.0,2982820000.0,0.0,-0.05,-15.95,-10.75
2799,603058,永吉股份,12.08,-1.63,-0.2,51107.0,61755210.0,1.71,12.19,11.98,12.13,12.28,0.68,1.24,38.04,4.06,5009426268.0,4996734537.0,0.0,0.0,27.7,28.92
2800,001378,德冠新材,23.53,-1.63,-0.39,15634.0,36889404.0,2.47,23.95,23.36,23.82,23.92,0.92,2.42,39.55,1.67,3137339608.0,1517820674.0,0.0,0.04,0.26,-0.21
2801,002687,乔治白,4.82,-1.63,-0.08,82383.0,40035806.21,2.65,4.94,4.81,4.92,4.9,0.66,1.99,76.48,1.63,2433037147.0,1992827236.0,-0.41,-0.41,1.26,0.0
2802,301036,双乐股份,28.31,-1.63,-0.47,11356.0,32383231.0,2.08,28.9,28.3,28.7,28.78,0.95,1.61,42.93,1.71,2831000000.0,1993976207.0,-0.21,-0.39,-17.94,-17.7
2803,000598,兴蓉环境,6.62,-1.63,-0.11,190035.0,126162112.34,1.49,6.7,6.6,6.69,6.73,0.94,0.64,9.86,1.0,19754137733.0,19722487513.0,0.0,-0.15,-8.56,-7.67
2804,002936,郑州银行,1.81,-1.63,-0.03,626074.0,114039020.35,1.63,1.84,1.81,1.83,1.84,0.76,0.89,8.68,0.37,16456685358.0,12723025563.0,-0.55,0.0,-7.65,-6.22
2805,603896,寿仙谷,18.75,-1.63,-0.31,12226.0,23061439.0,1.84,19.06,18.71,19.01,19.06,0.81,0.62,36.52,1.66,3717073331.0,3717073331.0,0.11,0.16,-4.14,-3.25
2806,002480,新筑股份,6.04,-1.63,-0.1,80770.0,48795551.0,1.79,6.11,6.0,6.11,6.14,0.61,1.05,-82.39,4.82,4645778767.0,4637016394.0,-0.17,0.0,-4.43,-2.89
2807,002242,九阳股份,9.64,-1.63,-0.16,58341.0,56684921.89,2.86,9.89,9.61,9.79,9.8,1.08,0.77,62.52,2.14,7355483880.0,7342650389.0,-0.21,0.0,-8.19,-7.66
2808,002077,大港股份,15.68,-1.63,-0.26,171423.0,269972054.17,1.63,15.91,15.65,15.77,15.94,0.61,2.95,112.85,2.71,9099864684.0,9099864684.0,-0.13,-0.13,1.36,5.45
2809,000798,中水渔业,10.24,-1.63,-0.17,80016.0,81938780.44,1.92,10.38,10.18,10.3,10.41,0.78,2.19,44.73,8.65,3746393211.0,3746162811.0,0.0,0.1,-4.57,-3.21
2810,300995,奇德新材,34.9,-1.63,-0.58,12722.0,44593129.0,1.44,35.34,34.83,35.16,35.48,0.77,2.12,149.59,4.63,2936725414.0,2095412717.0,-0.29,-0.34,-15.0,-15.52
2811,301130,西点药业,32.01,-1.63,-0.53,37768.0,123110249.45,5.01,33.49,31.86,32.32,32.54,0.88,6.4,55.4,2.67,2448594867.0,1889145694.0,-0.09,-0.25,11.3,12.16
2812,688020,方邦股份,87.45,-1.63,-1.45,16531.0,145686327.0,2.49,89.22,87.01,87.53,88.9,0.97,2.01,-84.42,5.42,7204918050.0,7204918050.0,0.07,0.14,19.35,28.57
2813,603916,苏博特,10.81,-1.64,-0.18,52556.0,57230202.0,2.91,11.1,10.78,10.91,10.99,0.99,1.25,36.72,1.09,4608279121.0,4543743421.0,-0.37,-0.18,9.97,14.27
2814,601777,千里科技,10.18,-1.64,-0.17,181921.0,186431481.0,1.64,10.34,10.17,10.34,10.35,0.91,0.4,545.26,4.47,46024798723.0,46024798723.0,-0.1,0.0,-10.78,-4.23
2815,603018,华设集团,7.21,-1.64,-0.12,44775.0,32450237.0,1.5,7.31,7.2,7.3,7.33,0.8,0.65,19.92,0.94,4930172066.0,4930172066.0,0.14,0.14,-6.49,-5.26
2816,002700,万憬能源,6.61,-1.64,-0.11,43476.0,28858246.0,1.93,6.72,6.59,6.67,6.72,0.7,1.65,32.32,2.0,2734082303.0,1741502817.0,0.0,0.0,-4.76,-1.49
2817,000036,华联控股,4.79,-1.64,-0.08,367493.0,175782250.48,2.67,4.86,4.73,4.81,4.87,1.36,2.62,141.33,1.32,6724291693.0,6711513209.0,0.21,0.21,-26.19,-27.42
2818,301153,中科江南,24.54,-1.64,-0.41,73172.0,179660109.75,2.48,24.92,24.3,24.61,24.95,0.83,2.22,85.84,4.69,8658953233.0,8079304396.0,-0.32,-0.28,-3.08,-0.73
2819,300849,锦盛新材,19.77,-1.64,-0.33,21681.0,43146709.0,4.73,20.17,19.22,20.04,20.1,0.81,1.78,-234.81,5.03,2965500000.0,2401422815.0,-0.6,-0.4,24.89,26.49
2820,300912,凯龙高科,25.23,-1.64,-0.42,29468.0,74438998.21,1.4,25.48,25.12,25.39,25.65,0.83,3.43,-80.27,5.88,2898472860.0,2168158342.0,-0.04,0.04,54.98,52.91
2821,002382,蓝帆医疗,7.79,-1.64,-0.13,523409.0,411061349.75,6.06,8.14,7.66,7.85,7.92,0.66,5.24,-20.58,1.02,7845671251.0,7783843773.0,-0.38,-0.64,33.85,39.11
2822,002383,合众思壮,9.6,-1.64,-0.16,93410.0,89946814.29,2.36,9.78,9.55,9.74,9.76,0.9,1.26,680.01,4.2,7107458928.0,7107458928.0,0.0,0.1,-28.46,-23.75
2823,300115,长盈精密,32.95,-1.64,-0.55,352568.0,1166076554.65,2.57,33.58,32.72,33.03,33.5,1.0,2.6,74.78,5.39,44841192053.0,44708889829.0,-0.03,-0.06,-25.59,-29.14
2824,002322,理工能科,13.21,-1.64,-0.22,44485.0,58747731.0,2.31,13.41,13.1,13.35,13.43,0.57,1.27,22.48,1.78,4828624484.0,4641989760.0,0.08,-0.08,5.34,9.99
2825,603323,苏农银行,4.8,-1.64,-0.08,209131.0,100786083.0,1.43,4.87,4.8,4.86,4.88,0.95,1.04,4.74,0.51,9688998898.0,9688998898.0,-0.21,0.0,-5.51,-4.95
2826,301025,读客文化,10.82,-1.64,-0.18,63517.0,69008253.16,2.45,11.05,10.78,11.0,11.0,1.02,2.29,498.16,7.0,4331347708.0,2998771007.0,-0.28,-0.09,8.31,10.75
2827,300041,回天新材,10.73,-1.65,-0.18,133919.0,144380505.64,1.37,10.85,10.7,10.78,10.91,0.77,2.46,20.85,2.08,6002734052.0,5838054851.0,0.0,0.0,-6.86,-3.16
2828,300920,润阳科技,39.3,-1.65,-0.66,14205.0,55551926.0,3.53,39.96,38.55,39.96,39.96,0.98,2.16,145.73,3.32,3930000000.0,2580769103.0,0.03,-0.28,-11.37,-14.7
2829,600838,上海九百,10.11,-1.65,-0.17,65205.0,65868333.0,2.24,10.25,10.02,10.2,10.28,1.01,1.63,89.41,2.57,4052916828.0,4052916828.0,-0.3,0.0,-14.1,-6.56
2830,603095,越剑智能,17.88,-1.65,-0.3,25778.0,46187544.0,2.26,18.2,17.79,18.18,18.18,1.17,1.0,42.88,1.99,4617853296.0,4617853296.0,0.06,0.22,7.45,0.22
2831,600738,丽尚国潮,4.78,-1.65,-0.08,80792.0,38730887.0,2.47,4.86,4.74,4.84,4.86,1.01,1.06,23.55,1.78,3639182428.0,3635984417.0,0.0,0.0,-7.36,-7.36
2832,688620,安凯微,10.72,-1.65,-0.18,41055.0,44224122.0,1.93,10.9,10.69,10.78,10.9,1.14,1.77,-30.18,3.25,4202240000.0,2490454534.0,-0.37,-0.37,-14.99,-10.96
2833,002663,普邦股份,2.39,-1.65,-0.04,999679.0,237956792.78,5.35,2.47,2.34,2.41,2.43,1.42,7.73,-79.13,1.74,4118803876.0,3090012164.0,0.42,0.0,23.83,26.46
2834,002958,青农商行,2.98,-1.65,-0.05,462674.0,138724716.0,2.31,3.04,2.97,3.02,3.03,0.95,0.85,3.74,0.45,16555757407.0,16209682605.0,-0.33,0.0,-4.49,-3.87
2835,603119,浙江荣泰,74.11,-1.65,-1.24,72891.0,541826952.0,2.39,75.15,73.35,74.2,75.35,0.75,3.58,96.83,13.24,26956930737.0,15109508485.0,-0.01,0.0,-33.92,-35.93
2836,003041,真爱美家,52.45,-1.65,-0.88,46502.0,245788227.25,2.98,53.84,52.25,53.22,53.33,1.05,3.4,24.59,5.16,7552800000.0,7176387330.0,0.21,-0.06,-8.22,-3.46
2837,300214,日科化学,7.14,-1.65,-0.12,82693.0,59281473.0,2.62,7.29,7.1,7.23,7.26,0.76,1.78,619.88,1.37,3319404664.0,3319404664.0,-0.14,0.0,3.48,6.89
2838,002112,三变科技,20.88,-1.65,-0.35,163188.0,340197199.79,2.17,21.11,20.65,20.9,21.23,0.75,6.23,114.71,7.05,6141461168.0,5472221004.0,-0.05,0.0,47.46,57.47
2839,300618,寒锐钴业,42.37,-1.65,-0.71,60018.0,255678426.13,1.65,43.06,42.35,42.6,43.08,0.92,2.2,41.29,2.34,13121865746.0,11545683399.0,-0.07,0.0,-11.4,-6.28
2840,000090,天健集团,3.58,-1.65,-0.06,140697.0,50571582.0,1.65,3.63,3.57,3.62,3.64,0.83,0.75,249.24,0.59,6689392654.0,6689086564.0,0.0,-0.28,-5.54,-3.24
2841,300666,江丰电子,156.97,-1.65,-2.64,91020.0,1433609692.34,2.91,160.0,155.36,156.0,159.61,0.8,4.12,86.54,8.42,41647387611.0,34715032028.0,-0.03,-0.16,46.63,70.62
2842,601956,东贝集团,6.56,-1.65,-0.11,49225.0,32395441.0,1.95,6.66,6.53,6.66,6.67,0.97,0.79,29.31,1.6,4077804830.0,4077804830.0,0.0,0.0,-9.77,-7.99
2843,601618,中国中冶,2.97,-1.66,-0.05,884343.0,263981303.0,1.32,3.01,2.97,3.0,3.02,0.82,0.5,46.57,0.61,61549148935.0,53022278935.0,-0.34,-0.34,-2.62,0.0
2844,002448,中原内配,14.82,-1.66,-0.25,144792.0,213789781.6,2.79,14.97,14.55,14.8,15.07,0.87,3.18,20.07,2.34,8720230954.0,6751064401.0,0.0,0.07,13.74,14.62
2845,003037,三和管桩,7.11,-1.66,-0.12,35914.0,25692667.0,2.21,7.24,7.08,7.23,7.23,1.08,0.6,39.7,1.52,4259420961.0,4259420961.0,0.0,0.28,-13.29,-12.22
2846,003021,兆威机电,97.47,-1.66,-1.65,24621.0,240396579.9,1.83,98.6,96.79,98.0,99.12,0.88,1.19,102.53,6.74,26071538769.0,20205945248.0,0.01,0.02,-20.15,-21.51
2847,000623,吉林敖东,17.77,-1.66,-0.3,68114.0,121616422.08,1.44,18.0,17.74,17.95,18.07,0.84,0.57,7.05,0.7,21251061027.0,21164485694.0,0.0,-0.11,-14.85,-9.01
2848,000818,航锦科技,15.36,-1.66,-0.26,1077434.0,1675005650.65,6.47,16.05,15.04,15.63,15.62,5.25,16.37,500.57,4.39,10137600599.0,10110127703.0,-0.19,-0.19,-24.63,-20.41
2849,002527,新时达,13.59,-1.66,-0.23,55764.0,75745196.76,1.59,13.69,13.47,13.66,13.82,0.94,1.05,1554.98,7.2,9011002945.0,7192919658.0,0.0,0.07,-18.48,-23.39
2850,000510,新金路,15.36,-1.66,-0.26,446689.0,689215888.14,6.4,15.85,14.85,15.32,15.62,1.04,7.36,-95.18,8.07,9961629527.0,9318371589.0,0.0,0.0,15.14,32.64
2851,601368,绿城水务,4.74,-1.66,-0.08,81785.0,38985951.0,2.07,4.83,4.73,4.8,4.82,0.57,0.93,43.95,0.87,4185292385.0,4185292385.0,-0.21,0.21,-5.39,-4.44
2852,301581,黄山谷捷,45.14,-1.66,-0.76,3193.0,14423402.0,1.74,45.75,44.95,45.75,45.9,0.88,0.65,54.12,3.6,3611200000.0,2206352920.0,0.18,0.0,-6.99,-4.87
2853,301046,能辉科技,24.86,-1.66,-0.42,20614.0,51640530.06,1.86,25.3,24.83,25.16,25.28,0.95,1.6,134.7,4.66,4191831796.0,3202347861.0,0.04,-0.12,0.93,4.45
2854,300876,蒙泰高新,25.5,-1.66,-0.43,18374.0,47050127.85,2.39,25.93,25.31,25.92,25.93,0.73,2.27,-44.76,2.72,2772357552.0,2068175052.0,-0.23,-0.27,-24.6,-27.7
2855,002097,山河智能,10.08,-1.66,-0.17,160657.0,162358730.13,1.17,10.18,10.06,10.12,10.25,0.67,1.5,84.06,2.31,10832142021.0,10812807321.0,0.0,0.1,-18.97,-18.78
2856,300692,中赋科技,8.22,-1.67,-0.14,119356.0,98150053.74,2.39,8.35,8.15,8.34,8.36,0.53,2.37,40.29,1.58,4544411596.0,4140200699.0,-0.12,-0.24,-3.86,-2.14
2857,600486,扬农化工,80.63,-1.67,-1.37,57009.0,463137648.0,2.44,82.5,80.5,81.04,82.0,0.92,1.41,25.41,2.85,32681378375.0,32573605172.0,0.0,0.04,11.71,16.2
2858,688251,井松智能,35.4,-1.67,-0.6,34741.0,122506752.0,5.28,36.34,34.44,36.11,36.0,1.21,3.48,107.81,4.15,3561327261.0,3536576466.0,-0.03,-0.03,24.87,20.41
2859,002275,桂林三金,14.17,-1.67,-0.24,25792.0,36865152.1,2.71,14.53,14.14,14.41,14.41,0.75,0.46,16.21,2.57,8325847062.0,7921615448.0,-0.14,-0.21,-1.46,0.5
2860,601518,吉林高速,2.94,-1.67,-0.05,145093.0,42898325.0,2.34,3.0,2.93,2.99,2.99,0.85,0.77,10.53,0.99,5558226317.0,5558226317.0,0.0,-0.34,3.52,4.26
2861,002915,中欣氟材,20.63,-1.67,-0.35,33791.0,70007056.42,1.43,20.89,20.59,20.78,20.98,0.88,1.17,663.09,5.14,6916688798.0,5942984671.0,-0.1,-0.05,-15.62,-15.8
2862,603155,新亚强,15.88,-1.67,-0.27,31139.0,49481806.0,1.8,16.06,15.77,15.97,16.15,0.83,0.99,47.7,2.31,5014694384.0,5014694384.0,0.0,0.32,-10.59,-7.3
2863,301298,东利机械,15.93,-1.67,-0.27,18610.0,29733098.0,3.46,16.32,15.76,16.32,16.2,0.75,1.72,34.61,2.46,2338524000.0,1723359045.0,-0.38,-0.19,-2.57,0.7
2864,000898,鞍钢股份,2.35,-1.67,-0.04,350251.0,82725486.66,2.09,2.39,2.34,2.38,2.39,0.99,0.44,-5.41,0.5,22017669956.0,18700066269.0,0.0,0.0,-8.56,-7.11
2865,300025,华星创业,5.3,-1.67,-0.09,100479.0,53377256.0,2.78,5.4,5.25,5.37,5.39,0.92,1.98,-50.68,5.0,2696602487.0,2683878241.0,0.0,0.0,-10.47,-7.99
2866,600684,珠江股份,4.7,-1.67,-0.08,184297.0,86659081.0,2.93,4.79,4.65,4.74,4.78,0.58,2.16,70.25,4.1,5198549130.0,4011265398.0,-0.21,-0.21,7.55,7.8
2867,002735,王子新材,14.74,-1.67,-0.25,77945.0,115160447.02,1.6,14.93,14.69,14.85,14.99,0.91,2.73,234.42,3.25,5531249163.0,4201774686.0,0.0,0.0,-23.11,-18.25
2868,603989,艾华集团,18.88,-1.67,-0.32,73678.0,139801933.0,2.5,19.26,18.78,19.0,19.2,1.28,1.85,25.52,1.97,7528963757.0,7528963757.0,-0.26,-0.16,10.22,12.51
2869,301290,东星医疗,27.15,-1.67,-0.46,9113.0,24952025.98,2.46,27.78,27.1,27.75,27.61,0.66,1.34,-38.34,1.28,2719706018.0,1850636310.0,0.07,-0.33,3.9,7.44
2870,600814,杭州解百,7.59,-1.68,-0.13,60085.0,45738163.0,2.07,7.7,7.54,7.65,7.72,0.91,0.82,24.86,1.49,5579246559.0,5579246559.0,0.0,0.13,-5.83,-6.3
2871,600518,康美药业,1.76,-1.68,-0.03,1831919.0,326094788.0,2.79,1.81,1.76,1.78,1.79,0.73,1.33,1395.33,3.39,24338858174.0,24327339851.0,0.0,0.0,-9.28,-7.85
2872,300810,中科海讯,31.52,-1.68,-0.54,21904.0,69111457.0,2.62,32.06,31.22,32.03,32.06,0.97,1.92,-36.28,5.0,3720936000.0,3592981348.0,-0.13,-0.03,-20.68,-17.66
2873,301195,北路智控,31.02,-1.68,-0.53,7625.0,23818417.0,1.9,31.5,30.9,31.42,31.55,0.99,0.87,29.34,1.7,4096806437.0,2720836384.0,-0.55,-0.29,-11.37,-10.17
2874,920523,德瑞锂电,22.84,-1.68,-0.39,8436.0,19402832.65,1.89,23.24,22.8,23.19,23.23,0.95,1.04,15.6,3.24,2313723268.0,1850942454.0,-0.22,0.04,-15.44,-12.15
2875,300486,东杰智能,24.51,-1.68,-0.42,144391.0,358655657.38,4.05,25.4,24.39,24.61,24.93,0.91,3.03,1050.08,6.98,11694920421.0,11691405467.0,0.2,0.08,26.28,24.99
2876,002773,康弘药业,28.09,-1.68,-0.48,105152.0,296981470.45,3.15,28.86,27.96,28.31,28.57,0.64,1.53,18.79,2.82,25879905598.0,19293167875.0,0.0,0.07,-16.77,-6.27
2877,300182,捷成股份,5.86,-1.68,-0.1,1419127.0,830540994.05,2.52,5.94,5.79,5.81,5.96,1.27,6.28,55.14,1.86,15610018204.0,13237166054.0,-0.17,0.0,3.17,6.16
2878,002271,东方雨虹,15.81,-1.68,-0.27,279882.0,443311623.34,1.93,16.02,15.71,15.98,16.08,0.95,1.46,34.98,1.81,37765344881.0,30275859460.0,-0.06,0.0,11.03,16.34
2879,688123,聚辰股份,110.9,-1.68,-1.9,94307.0,1038492847.0,3.99,112.22,107.72,109.8,112.8,1.45,5.96,48.28,6.69,17552258780.0,17552258780.0,-0.18,-0.18,-19.05,-11.69
2880,002138,顺络电子,33.9,-1.68,-0.58,210227.0,712186211.7,1.33,34.07,33.61,33.88,34.48,1.27,2.78,26.77,4.03,27334192201.0,25645341423.0,-0.09,0.06,-2.98,-2.42
2881,600178,东安动力,11.11,-1.68,-0.19,35298.0,39379615.0,1.5,11.26,11.09,11.23,11.3,0.94,0.76,-1183.41,2.04,5182550149.0,5182550149.0,-0.09,-0.09,-14.74,-13.14
2882,002276,万马股份,14.05,-1.68,-0.24,141822.0,199756479.25,0.98,14.17,14.03,14.13,14.29,0.92,1.41,25.88,2.33,14205610016.0,14151941475.0,0.0,0.07,-16.47,-16.91
2883,301058,中粮科工,9.87,-1.69,-0.17,56483.0,55863891.68,2.09,10.02,9.81,10.0,10.04,1.11,1.1,32.11,2.31,5056146798.0,5056146798.0,0.0,0.1,-11.48,-9.95
2884,301327,华宝新能,63.96,-1.69,-1.1,43912.0,282594059.46,2.97,65.47,63.54,64.51,65.06,0.79,2.52,58.7,1.8,11153431530.0,11153431530.0,-0.12,-0.06,4.92,10.91
2885,301325,曼恩斯特,43.53,-1.69,-0.75,11632.0,50926083.52,1.54,44.18,43.5,43.99,44.28,0.77,2.01,-132.46,2.21,6263647490.0,2520156291.0,0.0,-0.11,-16.78,-13.89
2886,688484,南芯科技,35.96,-1.69,-0.62,34358.0,124298888.0,1.72,36.55,35.92,36.0,36.58,0.89,0.8,64.59,3.68,15378767593.0,15378767593.0,0.0,-0.08,-14.46,-11.56
2887,600780,通宝能源,6.39,-1.69,-0.11,230729.0,147500853.0,2.0,6.47,6.34,6.47,6.5,0.56,2.01,11.29,0.89,7326151122.0,7326151122.0,-0.16,-0.31,9.79,12.5
2888,688265,南模生物,43.65,-1.69,-0.75,5523.0,24213695.0,3.96,44.66,42.9,43.07,44.4,0.56,0.71,104.93,1.93,3403107342.0,3403107342.0,0.0,-0.02,0.0,6.44
2889,601992,金隅集团,1.75,-1.69,-0.03,611637.0,106986336.0,3.37,1.79,1.73,1.78,1.78,0.91,0.73,-18.51,0.46,18686099485.0,14584776962.0,0.57,0.57,2.34,4.79
2890,300237,ST美晨,2.33,-1.69,-0.04,210383.0,48910001.3,2.53,2.36,2.3,2.35,2.37,1.09,1.46,-13.54,-19.25,3359661787.0,3359630332.0,0.0,0.0,-10.73,-9.69
2891,000860,顺鑫农业,12.79,-1.69,-0.22,44516.0,57233773.27,1.46,12.97,12.78,12.95,13.01,0.95,0.6,92.43,1.36,9487199789.0,9487199789.0,-0.16,-0.16,-13.87,-12.7
2892,600162,香江控股,1.75,-1.69,-0.03,305194.0,53438432.0,2.81,1.78,1.73,1.78,1.78,0.94,0.93,-82.14,0.99,5719766714.0,5719766714.0,0.0,-0.57,-7.41,-5.41
2893,600592,龙溪股份,19.77,-1.69,-0.34,44170.0,87345666.0,1.19,19.9,19.66,19.9,20.11,0.82,1.11,50.66,3.11,7899174099.0,7899174099.0,0.0,0.1,-26.48,-27.61
2894,600153,建发股份,8.73,-1.69,-0.15,92456.0,80961032.0,1.69,8.86,8.71,8.83,8.88,0.61,0.32,16.53,0.45,25312971550.0,25312971550.0,-0.23,-0.34,-5.83,-3.54
2895,600893,航发动力,49.54,-1.69,-0.85,317069.0,1567576881.0,2.4,50.11,48.9,49.61,50.39,0.71,1.19,208.18,3.29,132053538551.0,132030280511.0,0.02,0.1,19.81,23.76
2896,920204,沪江材料,15.16,-1.69,-0.26,5377.0,8133915.65,2.98,15.38,14.92,15.38,15.42,0.62,1.08,68.5,2.9,1429403003.0,757859664.0,1.34,0.8,-17.02,-14.59
2897,920946,森萱医药,9.9,-1.69,-0.17,42117.0,42693413.84,4.87,10.36,9.87,10.04,10.07,0.73,0.99,32.12,3.34,4226491566.0,4225192191.0,-0.1,-0.4,-8.67,-6.16
2898,300719,安达维尔,15.68,-1.69,-0.27,42782.0,67226720.0,1.69,15.88,15.61,15.8,15.95,0.9,2.38,5271.93,3.84,3986281712.0,2816443670.0,0.13,0.19,-12.35,-13.42
2899,002148,北纬科技,7.56,-1.69,-0.13,69543.0,52847556.42,2.21,7.72,7.55,7.65,7.69,1.08,1.55,-11509.44,3.46,4225944215.0,3396841139.0,0.0,-0.13,-16.28,-15.06
2900,002780,三夫户外,15.06,-1.7,-0.26,37480.0,56747385.1,2.42,15.32,14.95,15.3,15.32,0.85,2.87,88.04,3.45,2490347398.0,1967615491.0,-0.26,-0.2,4.8,4.87
2901,603421,鼎信通讯,8.68,-1.7,-0.15,278141.0,240373218.0,2.72,8.78,8.54,8.77,8.83,0.69,4.26,-12.63,2.02,5661013635.0,5661013635.0,0.12,0.0,18.9,21.23
2902,300636,同和药业,8.08,-1.7,-0.14,86457.0,70511882.2,3.16,8.31,8.05,8.2,8.22,0.86,2.35,30.42,1.43,3393208080.0,2968250087.0,0.0,0.25,5.62,7.59
2903,600305,恒顺醋业,7.5,-1.7,-0.13,61253.0,46207021.0,1.57,7.62,7.5,7.61,7.63,1.0,0.56,43.91,2.47,8298536460.0,8272411710.0,-0.27,-0.13,-6.02,-5.3
2904,600325,华发股份,3.46,-1.7,-0.06,337256.0,116694204.0,1.99,3.5,3.43,3.5,3.52,0.99,1.23,69.81,0.5,9522446321.0,9522446321.0,0.0,0.0,-21.18,-18.01
2905,603906,龙蟠科技,22.03,-1.7,-0.38,330082.0,720693875.0,5.8,22.4,21.1,22.09,22.41,0.72,5.84,-87.48,5.33,15092288233.0,12448688233.0,0.23,0.27,5.21,10.09
2906,001213,中铁特货,4.05,-1.7,-0.07,214786.0,87446908.7,2.43,4.14,4.04,4.1,4.12,0.85,0.48,28.56,0.94,17999999998.0,17999999998.0,0.0,0.0,-1.7,0.0
2907,603013,亚普股份,18.52,-1.7,-0.32,30291.0,56143441.0,2.12,18.77,18.37,18.74,18.84,0.99,0.6,17.82,2.1,9412226325.0,9412226325.0,-0.22,-0.05,-22.83,-24.93
2908,603109,神驰机电,20.86,-1.7,-0.36,20654.0,43127259.0,1.65,21.1,20.75,21.08,21.22,0.74,0.99,32.57,2.23,4356576790.0,4356576790.0,0.0,0.0,-22.45,-19.12
2909,600081,东风科技,10.99,-1.7,-0.19,20993.0,23233244.0,2.86,11.25,10.93,11.14,11.18,1.29,0.38,203.85,1.33,6077757608.0,6077757608.0,-0.36,-0.18,-8.19,-7.1
2910,300226,上海钢联,24.8,-1.7,-0.43,65766.0,163234619.35,1.55,25.07,24.68,24.98,25.23,0.89,2.15,35.38,3.69,7904291266.0,7597620467.0,0.08,0.2,-4.06,-1.27
2911,300228,富瑞特装,9.26,-1.7,-0.16,172436.0,159982171.0,1.49,9.37,9.23,9.34,9.42,0.67,3.07,23.98,2.3,5532160584.0,5200002069.0,-0.11,-0.22,-8.59,-6.37
2912,300997,欢乐家,19.62,-1.7,-0.34,31160.0,61244611.0,2.05,19.92,19.51,19.75,19.96,0.69,0.78,194.3,8.21,8583229580.0,7790932228.0,0.36,0.31,-28.55,-24.97
2913,000014,沙河股份,13.27,-1.7,-0.23,71657.0,94794910.04,2.74,13.49,13.12,13.38,13.5,0.63,2.96,-21.36,2.18,3211953392.0,3211953392.0,-0.08,0.08,-2.57,-1.34
2914,688598,金博股份,22.48,-1.71,-0.39,28428.0,63919443.0,2.36,22.8,22.26,22.8,22.87,0.72,1.4,-3.38,1.2,4666243648.0,4576379848.0,-0.04,0.13,-26.3,-23.43
2915,000560,我爱我家,2.88,-1.71,-0.05,667836.0,192270079.92,1.71,2.91,2.86,2.9,2.93,0.86,2.96,120.2,0.72,6783842451.0,6497102791.0,0.0,0.0,-3.03,-1.37
2916,600877,电科芯片,16.1,-1.71,-0.28,148517.0,240370860.0,1.65,16.35,16.08,16.25,16.38,1.07,1.25,1439.59,7.71,19063357821.0,19063357821.0,0.0,0.0,-6.94,-8.26
2917,688538,和辉光电-U,2.3,-1.71,-0.04,554564.0,128212144.0,2.14,2.34,2.29,2.33,2.34,1.15,0.96,-16.13,3.97,31761706538.0,13230142168.0,0.0,-0.43,-15.75,-13.53
2918,000789,万年青,5.16,-1.71,-0.09,49183.0,25556878.1,2.1,5.27,5.16,5.24,5.25,0.56,0.62,141.8,0.64,4114627096.0,4114627096.0,-0.39,-0.39,-3.19,-1.34
2919,300407,凯发电气,12.66,-1.71,-0.22,46507.0,59008877.52,2.02,12.86,12.6,12.86,12.88,0.6,1.8,44.06,2.1,4051712641.0,3265459202.0,-0.31,0.16,6.03,11.84
2920,601858,中国科传,22.36,-1.71,-0.39,91622.0,205740401.0,2.02,22.7,22.24,22.49,22.75,0.86,1.16,42.71,3.22,17675580000.0,17675580000.0,-0.18,-0.18,20.8,23.2
2921,603856,东宏股份,12.68,-1.71,-0.22,20600.0,26227657.0,1.4,12.85,12.67,12.83,12.9,0.74,0.73,15.42,1.32,3576470841.0,3576470841.0,-0.63,-0.31,1.2,1.68
2922,603712,七一二,16.05,-1.71,-0.28,75963.0,122364811.0,1.65,16.25,15.98,16.2,16.33,0.99,0.98,-45.1,2.97,12390600000.0,12390600000.0,-0.06,0.0,-28.16,-22.73
2923,000543,皖能电力,8.04,-1.71,-0.14,314544.0,253709222.7,1.22,8.12,8.02,8.12,8.18,0.75,1.39,7.17,1.06,18225581181.0,18225581181.0,0.0,-0.12,-1.47,1.13
2924,002282,博深股份,6.89,-1.71,-0.12,61065.0,42411991.0,2.28,7.02,6.86,7.0,7.01,1.03,1.21,23.47,1.0,3629916218.0,3479482300.0,-0.14,0.29,-7.39,-6.26
2925,688733,壹石通,26.95,-1.71,-0.47,22220.0,60299116.0,1.86,27.41,26.9,27.29,27.42,0.89,1.11,-243.37,2.55,5383941371.0,5383941371.0,0.07,-0.04,-12.64,-7.0
2926,003004,*ST声迅,28.11,-1.71,-0.49,4111.0,11580701.72,2.9,28.84,28.01,28.45,28.6,0.9,0.6,-454.75,3.58,2301153273.0,1932321260.0,0.0,0.18,13.81,25.49
2927,301529,福赛科技,112.68,-1.71,-1.96,26001.0,299273338.91,6.5,119.45,112.0,113.5,114.64,0.89,5.75,72.0,6.88,9559456823.0,5097475307.0,0.0,0.0,-2.92,-0.37
2928,300286,安科瑞,24.68,-1.71,-0.43,46668.0,115550011.0,2.07,25.01,24.49,24.88,25.11,0.76,2.25,30.17,2.76,6189365285.0,5127888333.0,0.0,-0.08,-0.64,6.93
2929,688727,恒坤新材,48.77,-1.71,-0.85,27966.0,137596123.0,2.68,49.91,48.58,49.0,49.62,1.1,5.57,213.51,8.74,21913316892.0,2450359157.0,0.04,0.06,-5.7,2.09
2930,002215,诺 普 信,10.37,-1.71,-0.18,81188.0,84784006.0,1.99,10.57,10.36,10.49,10.55,0.88,1.01,13.58,2.51,10418052610.0,8327033957.0,-0.19,0.0,-5.56,-2.08
2931,601949,中国出版,6.31,-1.71,-0.11,85920.0,54576729.0,2.02,6.43,6.3,6.4,6.42,0.99,0.45,37.83,1.25,12014038421.0,12014038421.0,0.0,0.0,-3.81,-2.17
2932,000089,深圳机场,6.87,-1.72,-0.12,98477.0,67829058.0,1.57,6.96,6.85,6.95,6.99,0.83,0.48,22.57,1.22,14088786527.0,14088600309.0,-0.15,0.0,-2.55,-1.72
2933,601997,贵阳银行,5.73,-1.72,-0.1,217332.0,125387322.0,1.89,5.83,5.72,5.8,5.83,0.85,0.59,4.01,0.33,20950014975.0,20950014975.0,0.0,0.0,-3.21,-2.39
2934,605009,豪悦护理,27.99,-1.72,-0.49,9415.0,26481161.0,1.47,28.38,27.96,28.21,28.48,0.99,0.44,22.2,1.78,6019696220.0,6018912500.0,-0.18,-0.11,-10.83,-9.42
2935,688248,南网科技,55.97,-1.72,-0.98,28290.0,158377195.0,2.27,56.56,55.27,56.43,56.95,0.62,0.5,75.1,9.69,31606259000.0,31606259000.0,0.0,-0.05,20.06,25.1
2936,600248,陕建股份,3.42,-1.72,-0.06,130433.0,44804218.0,1.72,3.47,3.41,3.47,3.48,0.94,0.35,8.55,0.44,12789894678.0,12673628358.0,0.0,0.0,-4.74,-3.12
2937,600249,两面针,6.28,-1.72,-0.11,350764.0,219394108.0,3.44,6.38,6.16,6.33,6.39,0.55,6.38,350.8,1.59,3454000000.0,3454000000.0,-0.16,-0.16,6.62,9.22
2938,688260,昀冢科技,26.79,-1.72,-0.47,24232.0,65417016.0,2.24,27.33,26.72,26.99,27.26,0.91,2.02,-18.25,23.5,3214800000.0,3214800000.0,0.0,-0.11,-11.61,-6.98
2939,600199,金种子酒,7.98,-1.72,-0.14,62313.0,49907645.0,1.35,8.08,7.97,8.05,8.12,0.76,0.95,-39.17,2.54,5249218656.0,5249218656.0,0.0,-0.13,-18.57,-17.56
2940,600587,新华医疗,14.31,-1.72,-0.25,47864.0,69075655.0,1.99,14.6,14.31,14.48,14.56,0.86,0.79,14.99,1.1,8681083496.0,8681083496.0,-0.07,-0.14,-11.5,-0.63
2941,002830,名雕股份,21.12,-1.72,-0.37,16288.0,34544073.0,2.33,21.54,21.04,21.48,21.49,0.79,2.44,132.8,4.31,2816140800.0,1411924800.0,-0.28,-0.05,9.43,8.31
2942,001279,强邦新材,30.78,-1.72,-0.54,6512.0,20162297.0,1.98,31.32,30.7,31.27,31.32,0.96,1.63,81.07,4.89,4924800000.0,1231200000.0,-0.03,0.0,-11.81,-10.11
2943,920000,安徽凤凰,15.97,-1.72,-0.28,6769.0,10909318.42,3.14,16.44,15.93,16.12,16.25,1.22,1.18,21.55,2.21,1464129600.0,919774982.0,-0.19,0.0,-19.18,-17.38
2944,002753,永东股份,7.43,-1.72,-0.13,65684.0,48977557.4,1.98,7.55,7.4,7.52,7.56,0.79,2.71,48.86,1.21,3185065221.0,1804081213.0,0.13,0.0,3.48,4.21
2945,300690,双一科技,29.64,-1.72,-0.52,72390.0,214717768.2,1.79,29.94,29.4,29.64,30.16,0.82,6.53,25.43,3.1,4900941959.0,3283560074.0,0.14,-0.3,-13.43,-10.59
2946,600100,同方股份,8.0,-1.72,-0.14,322725.0,258853929.0,1.11,8.07,7.98,8.05,8.14,0.83,0.96,61.02,1.66,26802381704.0,26802381704.0,-0.12,-0.25,-12.57,-10.31
2947,600728,佳都科技,5.68,-1.73,-0.1,231083.0,131712827.0,1.73,5.76,5.66,5.71,5.78,1.04,1.08,69.67,1.54,12113163802.0,12113163802.0,-0.18,0.0,-16.35,-14.97
2948,002339,积成电子,10.21,-1.73,-0.18,177980.0,181773833.2,1.73,10.31,10.13,10.31,10.39,0.69,3.72,-50.69,2.99,5146782118.0,4888482697.0,0.0,0.0,9.31,15.76
2949,300955,嘉亨家化,36.44,-1.73,-0.64,20714.0,76317733.35,2.97,37.49,36.39,37.3,37.08,0.53,2.05,-93.38,4.19,3673152000.0,3673152000.0,0.0,-0.14,-11.36,-12.21
2950,300406,九强生物,11.93,-1.73,-0.21,30286.0,36308401.0,1.57,12.12,11.93,12.09,12.14,0.89,0.71,19.25,1.83,6994661932.0,5062166363.0,-0.08,-0.08,-11.63,-8.72
2951,601865,福莱特,13.66,-1.73,-0.24,175807.0,240364525.0,1.44,13.8,13.6,13.8,13.9,0.76,0.92,32.64,1.45,32003745267.0,25968005967.0,-0.15,-0.15,-16.96,-12.83
2952,688151,华强科技,20.48,-1.73,-0.36,26513.0,54500895.0,2.88,20.94,20.34,20.71,20.84,0.9,0.77,165.32,1.67,7055360000.0,7055360000.0,-0.1,0.0,-2.66,-0.68
2953,688130,晶华微,21.03,-1.73,-0.37,14980.0,31671770.0,3.08,21.52,20.86,21.18,21.4,1.38,2.48,-59.56,2.05,2542339707.0,1267795527.0,0.0,0.1,-3.71,0.43
2954,688227,品高股份,63.18,-1.73,-1.11,12356.0,78498423.0,3.33,64.65,62.51,63.3,64.29,1.04,1.09,-137.62,5.54,7142832275.0,7142832275.0,0.93,0.64,-10.61,-2.81
2955,002736,国信证券,11.36,-1.73,-0.2,194518.0,221819719.02,1.64,11.52,11.33,11.49,11.56,0.86,0.2,9.55,1.2,116346201162.0,109197197723.0,0.18,0.0,-17.98,-12.75
2956,301050,雷电微力,46.45,-1.73,-0.82,49167.0,229638341.65,1.86,47.15,46.27,46.8,47.27,1.06,2.34,54.95,3.68,11483005343.0,9771485186.0,0.0,0.02,-16.05,-11.02
2957,300802,矩子科技,18.8,-1.73,-0.33,32753.0,62095041.68,2.56,19.23,18.74,19.0,19.13,0.87,1.68,48.57,3.68,5340671194.0,3660675821.0,-0.11,0.0,-3.04,-1.78
2958,600962,国投中鲁,18.78,-1.73,-0.33,17674.0,33257264.0,1.67,19.02,18.7,19.02,19.11,0.94,0.67,120.34,5.19,4924303800.0,4924303800.0,-0.11,0.0,-11.16,-14.36
2959,003012,东鹏控股,6.26,-1.73,-0.11,85000.0,53565988.0,2.04,6.39,6.26,6.33,6.37,1.14,0.74,15.57,0.95,7242702049.0,7164634203.0,-0.16,-0.16,-6.85,-4.43
2960,300032,金龙机电,5.69,-1.73,-0.1,386163.0,220650165.0,2.59,5.8,5.65,5.74,5.79,0.64,4.81,115.55,6.62,4570035070.0,4570035070.0,-0.18,-0.18,4.02,5.96
2961,601198,东兴证券,12.53,-1.73,-0.22,160414.0,201279674.0,1.57,12.66,12.46,12.66,12.75,0.89,0.5,19.27,1.34,40502542366.0,40502542366.0,-0.08,-0.16,-12.62,-9.73
2962,688286,敏芯股份,67.18,-1.73,-1.18,10798.0,73159562.0,2.0,68.55,67.18,67.96,68.36,1.04,1.93,100.67,3.51,3766095483.0,3766095483.0,-0.31,-0.24,-17.97,-14.91
2963,601788,光大证券,15.32,-1.73,-0.27,126358.0,194171238.0,1.22,15.49,15.3,15.49,15.59,0.92,0.32,18.97,1.16,70637266629.0,59850626213.0,0.0,0.0,-15.92,-12.71
2964,300654,世纪天鸿,10.71,-1.74,-0.19,91387.0,97736193.12,1.83,10.82,10.62,10.75,10.9,0.82,2.59,113.93,4.59,3921197165.0,3772721029.0,0.19,0.09,6.57,8.07
2965,002006,精工科技,17.48,-1.74,-0.31,73944.0,129660864.0,1.52,17.67,17.4,17.62,17.79,0.99,1.42,47.08,3.78,9085989331.0,9085989331.0,0.0,0.0,-26.31,-24.53
2966,000911,广农糖业,6.22,-1.74,-0.11,51443.0,31995323.0,3.0,6.34,6.15,6.27,6.33,0.58,1.29,-425.2,20.74,2489989268.0,2489989268.0,-0.16,-0.16,-16.62,-14.91
2967,002103,广博股份,8.46,-1.74,-0.15,54260.0,46206551.0,2.44,8.65,8.44,8.55,8.61,1.07,1.44,27.06,3.77,4519949182.0,3189605951.0,0.0,0.0,-8.24,-7.24
2968,301078,孩子王,8.48,-1.74,-0.15,519058.0,453475485.38,6.84,9.07,8.48,8.97,8.63,2.89,4.14,35.93,2.51,10694998184.0,10642804250.0,-0.24,-0.24,-21.48,-18.23
2969,600444,国机通用,17.51,-1.74,-0.31,26349.0,46109359.0,2.47,17.77,17.33,17.77,17.82,0.84,1.8,43.81,3.41,2563848029.0,2563848029.0,-0.28,-0.17,-5.76,-4.47
2970,605488,福莱新材,33.29,-1.74,-0.59,44689.0,149103462.0,2.54,33.75,32.89,33.44,33.88,1.08,1.62,116.68,6.08,10049616459.0,9194926536.0,-0.09,0.03,-1.92,-3.09
2971,301131,聚赛龙,41.83,-1.74,-0.74,8350.0,35223788.14,2.4,42.77,41.75,42.61,42.57,0.79,2.13,45.57,2.36,2286529572.0,1637848505.0,-0.17,-0.26,-12.76,-13.34
2972,601228,广州港,3.38,-1.74,-0.06,256544.0,87433060.0,2.62,3.46,3.37,3.42,3.44,1.03,0.34,25.58,1.2,25500515966.0,25500515966.0,0.0,0.0,3.05,4.32
2973,002467,二六三,7.35,-1.74,-0.13,1412732.0,1051795306.84,5.88,7.72,7.28,7.53,7.48,1.04,10.34,99.99,5.17,10108983267.0,10046597084.0,-0.14,0.0,18.36,20.69
2974,688696,极米科技,92.5,-1.74,-1.64,5780.0,53799315.0,1.92,94.22,92.41,93.11,94.14,0.79,0.83,45.15,2.14,6476850000.0,6476850000.0,0.0,-0.16,-18.86,-17.03
2975,301000,肇民科技,29.39,-1.74,-0.52,34367.0,101073088.16,1.77,29.71,29.18,29.51,29.91,0.96,1.5,49.82,5.74,7138164494.0,6738225374.0,0.03,0.03,-25.01,-25.35
2976,002090,金智科技,10.71,-1.74,-0.19,60609.0,65126377.0,1.65,10.85,10.67,10.82,10.9,0.86,1.53,69.25,2.81,4290180430.0,4241347554.0,0.0,0.09,-11.27,-9.24
2977,300900,广联航空,38.32,-1.74,-0.68,278601.0,1068375369.55,4.36,39.2,37.5,38.01,39.0,0.72,10.85,541.66,8.83,12558243199.0,9839999629.0,0.1,-0.13,1.43,-1.92
2978,600698,湖南天雁,7.34,-1.74,-0.13,177461.0,130898781.0,2.54,7.5,7.31,7.4,7.47,0.54,2.14,4555.35,10.18,7843800953.0,6095515779.0,-0.27,-0.14,-20.22,-18.81
2979,300434,金石亚药,10.17,-1.74,-0.18,96511.0,99296375.0,3.96,10.51,10.1,10.28,10.35,0.93,2.82,31.67,1.62,4085735178.0,3479371445.0,0.1,0.3,-3.51,-1.07
2980,603363,傲农生物,3.96,-1.74,-0.07,437791.0,174830361.0,3.47,4.09,3.95,3.99,4.03,0.81,2.04,18.68,3.08,10307728831.0,8486779138.0,-0.25,0.0,-13.73,-14.1
2981,000528,柳    工,9.59,-1.74,-0.17,275236.0,264579958.2,1.54,9.71,9.56,9.71,9.76,0.86,1.35,10.05,1.07,19532545614.0,19505400553.0,-0.1,-0.1,-22.22,-19.21
2982,920593,鼎智科技,25.36,-1.74,-0.45,14428.0,36797969.4,1.98,25.77,25.26,25.59,25.81,0.92,0.89,167.04,6.71,4826119381.0,4098436625.0,-0.2,-0.2,-31.9,-30.56
2983,000999,华润三九,27.69,-1.74,-0.49,139756.0,388704478.74,1.56,28.12,27.68,27.97,28.18,0.95,0.84,13.47,2.08,46082192488.0,46039996943.0,-0.04,-0.04,-3.89,-2.71
2984,002950,奥美医疗,12.33,-1.75,-0.22,131231.0,161890153.0,2.71,12.55,12.21,12.5,12.55,0.7,2.9,16.79,2.09,7808162468.0,5573100927.0,-0.08,0.0,6.48,12.91
2985,301656,联合动力,21.28,-1.75,-0.38,68862.0,146896091.96,1.39,21.51,21.21,21.41,21.66,0.75,3.38,48.46,5.53,51173950565.0,4333225482.0,0.09,0.09,-20.92,-19.52
2986,301533,威马农机,31.94,-1.75,-0.57,9504.0,30440696.42,5.01,33.26,31.63,32.05,32.51,0.75,3.34,65.07,2.77,3139915998.0,908268198.0,0.47,0.5,-20.9,-21.16
2987,600908,无锡银行,5.62,-1.75,-0.1,132214.0,74693177.0,1.57,5.71,5.62,5.71,5.72,0.79,0.66,5.34,0.55,12334111126.0,11236137177.0,-0.18,0.0,-5.86,-5.23
2988,600630,龙头股份,7.87,-1.75,-0.14,36982.0,29287663.0,2.12,8.03,7.86,7.97,8.01,0.92,0.87,85.31,4.34,3343660768.0,3343660768.0,0.0,0.0,-14.46,-12.85
2989,601766,中国中车,6.18,-1.75,-0.11,1039698.0,643785660.0,1.59,6.26,6.16,6.25,6.29,0.89,0.43,13.46,1.03,177358980064.0,150345791937.0,-0.16,0.0,-12.46,-9.38
2990,301458,钧崴电子,34.88,-1.75,-0.62,40678.0,142273659.54,1.72,35.32,34.71,35.19,35.5,1.06,3.46,61.1,5.62,9301334496.0,4097771707.0,-0.2,-0.14,5.25,8.69
2991,002389,航天彩虹,21.32,-1.75,-0.38,175422.0,375240513.79,1.52,21.6,21.27,21.58,21.7,0.88,1.78,779.61,2.62,20998409568.0,20995108272.0,-0.09,-0.19,-14.72,-11.09
2992,600165,ST宁科,3.36,-1.75,-0.06,53358.0,18103954.0,2.92,3.45,3.35,3.41,3.42,0.94,0.73,-16.22,-12.84,5429369484.0,2462589851.0,0.0,0.0,-17.24,-19.04
2993,601018,宁波港,3.92,-1.75,-0.07,408292.0,161609217.0,2.76,4.02,3.91,3.99,3.99,0.89,0.21,14.76,0.94,76261202524.0,76261202524.0,0.0,-0.25,6.81,7.99
2994,688600,皖仪科技,24.77,-1.75,-0.44,11558.0,28702099.0,1.71,25.08,24.65,25.02,25.21,0.81,0.86,58.56,3.92,3336729297.0,3336729297.0,0.0,-0.24,-3.43,-1.12
2995,000932,华菱钢铁,5.04,-1.75,-0.09,615617.0,311882399.65,1.36,5.11,5.04,5.08,5.13,1.03,0.9,13.23,0.63,34537150166.0,34537150166.0,-0.2,-0.2,-9.52,-10.32
2996,300016,北陆药业,10.12,-1.75,-0.18,310800.0,318190619.0,4.27,10.5,10.06,10.22,10.3,0.94,5.53,96.71,2.58,5696276410.0,5688600643.0,0.0,0.1,10.48,27.46
2997,002482,广田集团,1.67,-1.76,-0.03,433824.0,72310157.16,2.35,1.69,1.65,1.69,1.7,0.92,1.16,-49.23,13.05,6264107146.0,6251744868.0,0.0,0.6,-3.47,-1.18
2998,601566,九牧王,10.6,-1.76,-0.19,42822.0,45525095.0,1.95,10.79,10.58,10.79,10.79,0.88,0.75,14.73,1.49,6091153790.0,6091153790.0,0.19,0.09,-20.6,-19.15
2999,300966,共同药业,21.15,-1.76,-0.38,21016.0,44903254.76,3.72,21.82,21.02,21.51,21.53,0.71,2.74,-56.38,3.15,2438195540.0,1621500049.0,-0.14,0.05,3.93,7.41
3000,300703,创源股份,20.04,-1.76,-0.36,59797.0,121153007.0,3.97,20.78,19.97,20.4,20.4,1.42,3.52,34.04,3.87,3615052474.0,3400018123.0,0.05,0.05,-19.55,-18.0
3001,603339,四方科技,12.81,-1.76,-0.23,19536.0,25145793.0,2.15,13.06,12.78,13.06,13.04,0.85,0.63,28.75,1.52,3963941452.0,3963941452.0,-0.08,-0.16,-0.7,-0.16
3002,688183,生益电子,88.99,-1.76,-1.59,175317.0,1567999913.0,2.47,90.8,88.56,89.0,90.58,1.14,2.11,50.25,12.75,74023766363.0,74023766363.0,-0.17,-0.13,-10.61,-7.0
3003,603166,福达股份,13.38,-1.76,-0.24,50385.0,67671332.0,1.98,13.6,13.33,13.6,13.62,0.99,0.79,27.29,3.25,8638805710.0,8572775410.0,-0.15,0.07,-14.07,-14.78
3004,600456,宝钛股份,34.06,-1.76,-0.61,54192.0,185470763.0,1.5,34.51,33.99,34.27,34.67,0.85,1.13,39.15,2.25,16273102978.0,16273102978.0,-0.03,-0.06,-13.86,-13.66
3005,600269,赣粤高速,4.47,-1.76,-0.08,122985.0,55211444.0,1.76,4.54,4.46,4.52,4.55,0.61,0.53,8.16,0.54,10439269353.0,10439269353.0,-0.22,0.0,-14.04,-13.87
3006,001318,阳光乳业,13.43,-1.76,-0.24,15533.0,21021493.0,2.19,13.73,13.43,13.68,13.67,0.87,0.55,32.58,2.63,3796123800.0,3796123800.0,-0.37,-0.37,-14.78,-13.8
3007,002715,登云股份,14.55,-1.76,-0.26,37545.0,54360447.0,2.9,14.7,14.27,14.7,14.81,0.89,2.72,-127.61,4.38,2007900000.0,2007900000.0,0.07,0.28,-6.55,-16.19
3008,600626,申达股份,3.9,-1.76,-0.07,126717.0,49727876.0,2.52,3.98,3.88,3.98,3.97,1.1,1.14,-152.05,1.6,5150904201.0,4321116969.0,0.26,0.0,-21.84,-19.25
3009,001202,炬申股份,16.79,-1.76,-0.3,13045.0,21978592.0,2.28,17.09,16.7,17.07,17.09,0.9,1.12,35.43,3.35,2798743737.0,1961474204.0,-0.24,-0.06,5.4,5.86
3010,000532,华金资本,13.43,-1.76,-0.24,61530.0,82745262.55,2.63,13.67,13.31,13.55,13.67,0.95,1.79,28.32,2.85,4629433006.0,4613873089.0,0.0,0.45,-17.76,-16.69
3011,603589,口子窖,24.54,-1.76,-0.44,29079.0,71716383.0,1.56,24.88,24.49,24.86,24.98,0.83,0.49,14.84,1.4,14677851843.0,14677851843.0,-0.08,-0.12,-19.49,-18.34
3012,002337,赛象科技,6.14,-1.76,-0.11,58757.0,36222977.65,2.24,6.25,6.11,6.2,6.25,0.87,1.0,54.56,2.74,3614100705.0,3610298706.0,0.0,-0.16,-5.68,-6.54
3013,001207,联科科技,21.21,-1.76,-0.38,60880.0,129303604.4,2.41,21.55,21.03,21.33,21.59,1.11,2.08,21.97,1.95,6429551550.0,6206514571.0,0.05,0.0,19.83,19.43
3014,920504,博迅生物,21.75,-1.76,-0.39,1933.0,4216569.06,2.71,22.17,21.57,22.0,22.14,0.42,1.13,63.19,4.57,942494925.0,371748934.0,0.55,0.6,-16.7,-10.24
3015,688656,浩欧博,138.53,-1.76,-2.48,6116.0,85172846.0,2.89,142.04,137.97,141.01,141.01,0.61,0.96,379.03,10.72,8793848382.0,8793848382.0,0.0,0.0,-12.29,-9.93
3016,688022,瀚川智能,15.6,-1.76,-0.28,54559.0,85489555.0,2.27,15.87,15.51,15.71,15.88,1.44,3.1,77.53,4.02,2743701854.0,2743701854.0,-0.76,-0.51,1.1,1.96
3017,301135,瑞德智能,27.75,-1.77,-0.5,12463.0,34762494.0,2.34,28.25,27.59,28.2,28.25,0.76,1.63,90.79,2.26,2829168000.0,2121785813.0,-0.18,-0.22,-2.53,-1.25
3018,001366,播恩集团,13.84,-1.77,-0.25,24621.0,34156410.0,3.12,14.15,13.71,14.09,14.09,0.66,1.53,-167.44,2.77,2223811200.0,2223811200.0,0.0,0.0,4.93,3.52
3019,601577,长沙银行,9.44,-1.77,-0.17,132134.0,125474617.0,1.98,9.63,9.44,9.56,9.61,0.92,0.33,4.34,0.54,37963467438.0,37955253420.0,-0.11,-0.21,-2.98,-2.68
3020,600617,国新能源,3.33,-1.77,-0.06,565670.0,187843486.0,2.65,3.37,3.28,3.36,3.39,0.66,3.19,-522.37,1.9,6424208614.0,5912557154.0,-0.3,-0.3,2.78,6.05
3021,601816,京沪高铁,4.99,-1.77,-0.09,969407.0,486116113.0,1.57,5.07,4.99,5.06,5.08,0.88,0.2,17.77,1.19,244139140056.0,244139140056.0,-0.2,-0.2,-2.92,-3.11
3022,603352,至信股份,37.11,-1.77,-0.67,18988.0,70770906.0,1.59,37.58,36.98,37.48,37.78,1.08,4.27,38.23,3.61,8411600012.0,1648514225.0,-0.03,-0.11,69.61,69.61
3023,002658,雪迪龙,8.34,-1.77,-0.15,69858.0,58285106.88,2.12,8.46,8.28,8.46,8.49,0.84,1.95,35.13,2.01,5302246106.0,2990402902.0,-0.6,-0.12,-8.35,-7.64
3024,002068,黑猫股份,8.34,-1.77,-0.15,169226.0,141051199.0,2.24,8.46,8.27,8.46,8.49,0.91,2.3,-13.24,2.53,6132778935.0,6129727537.0,0.0,-0.12,-8.15,-5.44
3025,002992,宝明科技,50.02,-1.77,-0.9,11531.0,57938450.0,1.65,50.8,49.96,50.0,50.92,0.64,0.73,-1350.47,12.34,9047049123.0,7905135890.0,-0.06,-0.04,2.71,5.06
3026,301687,新广益,52.31,-1.77,-0.94,17064.0,89207020.37,1.22,52.68,52.03,52.3,53.25,0.82,5.78,56.88,7.38,7682455840.0,1544992851.0,-0.02,0.0,-29.79,-26.65
3027,002926,华西证券,8.33,-1.77,-0.15,95009.0,79577673.0,1.3,8.43,8.32,8.42,8.48,0.88,0.36,15.48,0.9,21866250000.0,21866250000.0,-0.12,0.0,-12.77,-10.24
3028,603255,鼎际得,28.8,-1.77,-0.52,17510.0,50837817.0,2.97,29.58,28.71,29.18,29.32,1.14,2.89,319.78,2.44,3876240010.0,1747447142.0,-0.17,-0.24,-4.51,-1.77
3029,300743,天地数码,17.79,-1.77,-0.32,19201.0,34274819.0,2.15,18.08,17.69,17.96,18.11,0.79,1.51,22.15,4.33,2690091421.0,2266639840.0,-0.39,-0.34,-21.11,-20.3
3030,605338,巴比食品,26.11,-1.77,-0.47,20141.0,52720958.0,3.35,26.72,25.83,26.72,26.58,1.01,0.84,22.91,2.68,6255085545.0,6255085545.0,0.38,0.5,-15.96,-16.63
3031,301296,新巨丰,7.76,-1.77,-0.14,23014.0,17960284.02,2.03,7.89,7.73,7.87,7.9,0.84,0.54,36.35,1.2,3296339143.0,3296263483.0,-0.13,-0.13,-11.11,-8.92
3032,600229,城市传媒,6.09,-1.77,-0.11,37094.0,22709902.0,2.26,6.2,6.06,6.19,6.2,1.06,0.56,96.21,1.27,4023710405.0,4023710405.0,0.0,0.16,-5.43,-3.94
3033,300144,宋城演艺,7.76,-1.77,-0.14,241451.0,187938452.25,1.39,7.86,7.75,7.84,7.9,1.17,1.02,20.27,2.43,20367519438.0,18304441213.0,0.0,0.13,-6.39,-5.25
3034,300726,宏达电子,42.63,-1.77,-0.77,45788.0,196139644.5,1.43,43.18,42.56,43.0,43.4,1.25,2.14,40.24,3.49,17556732592.0,9141509972.0,-0.12,-0.14,-17.45,-16.26
3035,002808,*ST恒久,4.45,-1.77,-0.08,33101.0,14451397.32,4.64,4.51,4.3,4.48,4.53,1.39,2.01,-36.39,4.59,1196160000.0,734276380.0,0.0,0.23,-16.35,-11.35
3036,688408,中信博,35.85,-1.78,-0.65,27880.0,100203024.0,1.62,36.35,35.76,36.09,36.5,0.65,1.27,-794.75,1.91,7853512013.0,7853512013.0,-0.17,-0.11,-17.62,-14.87
3037,002577,雷柏科技,15.41,-1.78,-0.28,13595.0,21057773.0,1.98,15.68,15.37,15.56,15.69,0.99,0.48,396.0,3.67,4325402080.0,4325170930.0,0.06,0.0,-15.1,-13.48
3038,002441,众业达,9.95,-1.78,-0.18,54118.0,54046484.65,1.88,10.1,9.91,10.02,10.13,0.82,1.36,22.46,1.18,5418208910.0,3970843304.0,0.1,0.1,4.63,5.85
3039,603169,兰石重装,9.94,-1.78,-0.18,161728.0,161281200.0,1.19,10.05,9.93,10.05,10.12,0.76,1.24,869.78,3.92,12984540472.0,12984540472.0,0.0,0.0,-9.96,-6.75
3040,300631,久吾高科,26.52,-1.78,-0.48,22589.0,60095762.0,2.07,26.96,26.4,26.75,27.0,0.79,1.87,51.24,2.53,3316151604.0,3195419490.0,-0.04,-0.04,-10.56,-8.2
3041,300582,英飞特,13.26,-1.78,-0.24,70369.0,93442700.5,2.67,13.5,13.14,13.33,13.5,0.89,3.18,-37.69,2.99,3958593831.0,2937618583.0,-0.08,-0.15,-24.14,-16.97
3042,688107,安路科技,28.75,-1.78,-0.52,60506.0,175380131.0,3.01,29.48,28.6,29.06,29.27,0.63,1.51,-42.3,12.21,11524419301.0,11524419301.0,0.0,-0.03,2.46,5.78
3043,600062,华润双鹤,18.23,-1.78,-0.33,116349.0,213916513.0,2.69,18.7,18.2,18.44,18.56,0.96,1.13,11.5,1.63,18933359176.0,18831186953.0,0.0,-0.05,-2.09,-0.33
3044,301370,国科恒泰,10.47,-1.78,-0.19,42791.0,45390729.0,2.91,10.75,10.44,10.62,10.66,1.27,1.32,54.86,1.97,4927182000.0,3389647434.0,0.0,0.1,-14.04,-10.36
3045,300403,汉宇集团,11.62,-1.78,-0.21,58341.0,67998428.0,1.44,11.77,11.6,11.74,11.83,0.99,1.37,31.15,3.28,7006860000.0,4962478951.0,-0.09,0.0,-19.36,-19.36
3046,601238,广汽集团,7.17,-1.78,-0.13,140358.0,101053259.0,1.1,7.25,7.17,7.25,7.3,0.91,0.19,-8.32,0.69,73112962503.0,52941111756.0,0.0,-0.14,-16.24,-12.13
3047,920378,泰德股份,8.81,-1.78,-0.16,10162.0,9016657.68,4.12,9.08,8.71,8.95,8.97,1.18,0.91,53.41,3.45,1370184060.0,981277746.0,0.92,0.92,-12.6,-11.55
3048,603040,新坐标,83.17,-1.79,-1.52,12612.0,104687290.0,2.43,84.11,82.05,84.11,84.69,0.96,0.93,40.67,7.8,11349036870.0,11289840623.0,-0.06,-0.05,-4.72,-9.59
3049,920050,爱舍伦,31.2,-1.79,-0.57,3257.0,10249220.82,2.3,31.85,31.12,31.55,31.77,0.58,1.8,22.6,1.9,2111595221.0,564802711.0,0.0,0.13,95.24,95.24
3050,920971,天马新材,25.25,-1.79,-0.46,13685.0,34805643.91,2.68,25.8,25.11,25.6,25.71,1.17,1.6,69.53,5.68,2653472051.0,2163995751.0,0.32,0.4,-20.72,-17.75
3051,600569,安阳钢铁,2.19,-1.79,-0.04,295520.0,64937930.0,2.69,2.23,2.17,2.23,2.23,0.88,1.03,80.88,2.31,6290602835.0,6290602835.0,-0.45,0.0,-5.19,-2.67
3052,002311,海大集团,50.0,-1.79,-0.91,90078.0,452184566.56,2.55,51.0,49.7,50.52,50.91,1.2,0.54,15.06,3.29,83187498500.0,83126065150.0,0.0,0.0,-8.93,-9.71
3053,603477,巨星农牧,17.54,-1.79,-0.32,217730.0,386268570.0,4.98,18.32,17.43,17.75,17.86,0.74,4.27,62.59,3.01,8946635009.0,8946635009.0,-0.06,0.11,-0.11,1.92
3054,688755,汉邦科技,37.36,-1.79,-0.68,1840.0,6903856.0,2.08,38.03,37.24,38.03,38.04,0.65,1.05,55.17,2.65,3287680000.0,657536000.0,0.19,0.19,-7.89,-5.63
3055,301027,华蓝集团,20.88,-1.79,-0.38,51683.0,107707205.68,3.01,21.26,20.62,21.0,21.26,0.78,4.37,232.02,3.22,3069360000.0,2468899140.0,0.1,0.05,-0.52,13.42
3056,603982,泉峰汽车,7.66,-1.79,-0.14,50027.0,38566804.0,1.92,7.8,7.65,7.78,7.8,0.77,1.47,-9.11,1.21,2796888102.0,2600980178.0,-0.65,-0.39,-10.3,-8.48
3057,601010,文峰股份,2.2,-1.79,-0.04,227595.0,50253181.0,2.23,2.24,2.19,2.24,2.24,1.09,1.23,179.43,0.95,4065600000.0,4065600000.0,0.0,-0.45,-20.58,-19.41
3058,603065,宿迁联盛,8.21,-1.79,-0.15,42566.0,35119009.0,3.59,8.41,8.11,8.33,8.36,0.98,1.02,289.77,1.7,3439723766.0,3439723766.0,0.24,0.12,-2.84,-1.08
3059,920122,中纺标,26.34,-1.79,-0.48,5648.0,15009185.19,3.58,27.1,26.14,27.0,26.82,1.02,1.51,112.81,7.16,2429657125.0,984461135.0,0.46,0.65,-23.03,-21.4
3060,605108,同庆楼,16.46,-1.79,-0.3,16369.0,27064489.0,1.85,16.73,16.42,16.6,16.76,0.94,0.63,106.29,1.92,4279600000.0,4279600000.0,0.06,0.12,-14.85,-14.36
3061,300562,乐心医疗,13.14,-1.79,-0.24,40498.0,53504307.0,2.77,13.43,13.06,13.35,13.38,0.77,2.49,35.03,2.79,2872583860.0,2141248844.0,0.08,0.15,-7.01,-1.43
3062,600368,五洲交通,3.83,-1.79,-0.07,120306.0,46268188.0,1.54,3.88,3.82,3.88,3.9,1.17,0.75,9.1,0.86,6164974276.0,6164974276.0,-0.26,0.0,-3.53,-2.3
3063,301288,*ST清研,17.0,-1.79,-0.31,2505.0,4303862.0,2.43,17.42,17.0,17.3,17.31,0.52,0.32,-266.1,2.31,1836170000.0,1327863557.0,-0.18,-0.12,-10.05,-5.29
3064,002863,今飞凯达,5.48,-1.79,-0.1,94050.0,51758537.5,2.33,5.58,5.45,5.54,5.58,0.71,1.57,33.96,1.16,3285169876.0,3285169876.0,0.0,0.18,-5.03,-6.64
3065,603320,迪贝电气,20.21,-1.8,-0.37,19070.0,38553068.0,2.62,20.6,20.06,20.5,20.58,1.0,1.28,34.78,2.59,3014244763.0,3014244763.0,0.2,0.2,8.13,6.03
3066,688777,中控技术,67.27,-1.8,-1.23,183422.0,1231731885.0,4.8,68.7,65.41,67.5,68.5,1.36,2.33,118.25,5.24,53223319481.0,52954884466.0,-0.06,-0.1,33.68,36.34
3067,002907,华森制药,14.19,-1.8,-0.26,75206.0,109218755.51,6.78,15.1,14.12,14.4,14.45,1.28,2.51,61.34,3.51,5925691696.0,4255786897.0,-0.07,-0.07,-6.64,-4.19
3068,301019,宁波色母,20.77,-1.8,-0.38,10655.0,22219569.71,2.6,21.15,20.6,21.15,21.15,0.92,1.02,31.15,3.22,3426289631.0,2172738713.0,-0.48,-0.05,-11.13,-9.14
3069,601218,吉鑫科技,6.01,-1.8,-0.11,585885.0,351191332.0,3.1,6.12,5.93,6.12,6.12,0.63,6.05,43.09,1.96,5823891407.0,5823891407.0,-0.17,-0.17,15.8,18.77
3070,000955,欣龙控股,4.91,-1.8,-0.09,110762.0,54875530.8,3.6,5.07,4.89,5.0,5.0,0.97,2.06,8610.33,4.08,2643519450.0,2643116216.0,0.0,0.2,-18.44,-21.06
3071,002184,海得控制,11.44,-1.8,-0.21,38461.0,44099605.0,1.97,11.6,11.37,11.55,11.65,1.14,1.6,562.08,3.44,4025831753.0,2749850006.0,0.0,0.26,-13.46,-12.61
3072,600273,嘉化能源,9.28,-1.8,-0.17,160048.0,149701923.0,2.65,9.51,9.26,9.38,9.45,1.0,1.22,12.32,1.24,12168948652.0,12168948652.0,-0.11,0.11,-3.23,6.18
3073,301095,广立微,69.95,-1.8,-1.28,43663.0,305887501.54,1.63,70.75,69.59,69.9,71.23,0.9,2.5,283.85,4.47,14009662106.0,12206578233.0,-0.04,0.07,-7.1,-2.45
3074,300146,汤臣倍健,10.91,-1.8,-0.2,91781.0,100685943.0,1.8,11.1,10.9,11.01,11.11,0.79,0.82,23.6,1.66,18456196408.0,12226669630.0,0.0,0.09,-11.73,-9.16
3075,605296,神农集团,28.38,-1.8,-0.52,27594.0,78892833.0,2.73,29.07,28.28,28.76,28.9,0.64,0.53,24.2,2.85,14892814183.0,14700397783.0,-0.25,-0.21,-3.04,-3.21
3076,688469,芯联集成-U,6.55,-1.8,-0.12,520439.0,342715699.0,1.5,6.64,6.54,6.6,6.67,0.78,1.17,-95.61,4.2,54906600977.0,29015190000.0,-0.15,-0.15,-6.29,-2.09
3077,688499,利元亨,46.99,-1.8,-0.86,28694.0,135423056.0,2.22,47.71,46.65,47.62,47.85,0.69,1.7,155.56,3.42,7928552685.0,7928552685.0,-0.02,-0.06,-25.86,-18.59
3078,300383,光环新网,17.48,-1.8,-0.32,1426556.0,2488391843.14,3.2,17.74,17.17,17.51,17.8,0.72,7.95,164.1,2.47,31421922966.0,31351326210.0,-0.11,0.0,29.87,39.73
3079,600585,海螺水泥,22.86,-1.8,-0.42,280125.0,640116264.0,2.49,23.25,22.67,23.14,23.28,1.54,0.7,14.93,0.63,121142056956.0,91433200956.0,0.22,0.26,2.1,4.57
3080,600787,中储股份,5.45,-1.8,-0.1,187807.0,102839464.0,1.8,5.54,5.44,5.52,5.55,0.88,0.87,21.68,0.85,11826933722.0,11826933722.0,-0.18,0.0,-4.72,-3.02
3081,300100,双林股份,30.05,-1.8,-0.55,57440.0,173145764.4,1.44,30.47,30.03,30.4,30.6,0.77,1.04,34.16,5.33,17188087347.0,16562238792.0,0.0,-0.07,-23.26,-24.15
3082,002717,ST岭南,1.64,-1.8,-0.03,393212.0,64525362.0,2.4,1.67,1.63,1.65,1.67,0.6,2.43,-10.86,3.48,2985183035.0,2648928115.0,0.0,0.61,0.0,1.23
3083,600055,万东医疗,14.74,-1.8,-0.27,29188.0,43065590.0,2.4,14.99,14.63,14.91,15.01,0.95,0.42,-45.48,2.32,10363119995.0,10363119995.0,-0.07,0.27,-10.29,-5.39
3084,601880,辽港股份,1.64,-1.8,-0.03,946180.0,156299512.0,2.4,1.68,1.64,1.67,1.67,0.71,0.51,29.58,0.96,38657698229.0,30197403991.0,-0.61,0.0,0.0,2.5
3085,688570,天玛智控,17.42,-1.8,-0.32,8201.0,14373021.0,2.59,17.82,17.36,17.65,17.74,1.51,0.44,77.1,1.75,7542860000.0,3278444000.0,-0.85,-0.46,-6.44,-5.43
3086,002397,梦洁股份,3.81,-1.8,-0.07,105078.0,40177885.0,2.58,3.89,3.79,3.87,3.88,0.71,1.62,83.66,2.39,2849047298.0,2468354578.0,-0.52,-0.26,-6.16,-5.46
3087,603998,方盛制药,10.82,-1.81,-0.2,98436.0,107298715.0,3.09,11.1,10.76,10.97,11.02,1.01,2.24,13.28,2.84,4750860315.0,4750860315.0,-0.09,0.0,-6.32,-2.43
3088,688720,艾森股份,76.1,-1.81,-1.4,60885.0,473592281.0,6.41,80.49,75.52,76.6,77.5,2.04,10.8,132.91,6.52,6706946717.0,4290846904.0,-0.07,-0.11,7.12,8.13
3089,600490,鹏欣资源,8.13,-1.81,-0.15,391413.0,318648908.0,2.17,8.22,8.04,8.05,8.28,0.77,1.96,57.65,2.83,17990771952.0,16200011868.0,-0.12,0.0,-0.97,5.17
3090,601236,红塔证券,7.58,-1.81,-0.14,95992.0,73011517.0,1.3,7.67,7.57,7.65,7.72,0.68,0.2,29.46,1.42,35753251084.0,35753251084.0,0.0,-0.13,-11.14,-7.45
3091,920693,阿为特,27.16,-1.81,-0.5,6722.0,18334112.5,2.96,27.79,26.97,27.37,27.66,0.96,1.84,529.8,5.63,1974532000.0,994327600.0,0.22,0.33,-33.69,-30.94
3092,603138,海量数据,19.55,-1.81,-0.36,242258.0,478695210.0,5.32,20.45,19.39,20.0,19.91,1.23,8.4,-57.13,7.49,5745211481.0,5637102718.0,-0.41,-0.51,33.9,37.48
3093,601168,西部矿业,27.2,-1.81,-0.5,388274.0,1058424895.0,2.13,27.59,27.0,27.0,27.7,0.83,1.63,17.79,3.51,64817600000.0,64817600000.0,-0.07,0.04,-5.95,-1.45
3094,600356,恒丰纸业,9.24,-1.81,-0.17,264771.0,246428792.0,3.72,9.53,9.18,9.5,9.41,3.15,8.86,15.4,1.03,3044917297.0,2760277933.0,0.0,0.22,4.41,5.24
3095,301618,长联科技,47.7,-1.81,-0.88,3541.0,17037442.2,1.98,48.66,47.7,48.48,48.58,0.77,1.07,95.53,4.56,4303296522.0,1581460587.0,-0.02,-0.13,-3.25,-0.29
3096,002249,大洋电机,9.21,-1.81,-0.17,260509.0,241019768.7,1.28,9.32,9.2,9.31,9.38,0.79,1.4,20.96,2.3,22694017356.0,17132851486.0,-0.11,0.0,-15.58,-15.5
3097,002256,兆新股份,3.79,-1.81,-0.07,880478.0,333214985.0,1.81,3.82,3.75,3.82,3.86,0.66,4.51,177.65,6.32,7557050709.0,7394644543.0,0.0,0.26,0.26,8.6
3098,300039,上海凯宝,5.97,-1.81,-0.11,180175.0,109124115.1,3.29,6.16,5.96,6.05,6.08,0.97,1.96,25.04,1.37,6244620000.0,5474049569.0,0.17,0.0,-2.61,-1.0
3099,300460,ST惠伦,8.66,-1.81,-0.16,26525.0,23073365.0,1.81,8.8,8.64,8.67,8.82,0.96,0.94,-23.96,4.36,2431764814.0,2431764814.0,-0.12,-0.35,10.74,12.91
3100,603351,威尔药业,25.4,-1.82,-0.47,10587.0,26967662.0,3.32,25.99,25.13,25.69,25.87,0.64,0.78,22.62,1.96,3440153953.0,3440153953.0,-0.08,0.04,-4.04,-2.38
3101,300049,福瑞医科,57.18,-1.82,-1.06,44866.0,257957219.31,2.06,58.3,57.1,58.0,58.24,0.77,1.92,98.33,7.66,15151321962.0,13359547608.0,-0.02,0.0,-20.91,-18.79
3102,600106,重庆路桥,5.93,-1.82,-0.11,178412.0,106159888.0,1.82,6.02,5.91,6.0,6.04,0.67,1.34,29.78,1.52,7881118618.0,7881118618.0,0.17,0.17,-6.47,-5.27
3103,301081,严牌股份,15.13,-1.82,-0.28,58377.0,87725740.96,3.18,15.29,14.8,15.28,15.41,0.6,2.67,182.55,3.19,3445783272.0,3306164086.0,0.0,0.27,47.61,49.36
3104,603877,太平鸟,14.0,-1.82,-0.26,17148.0,24136757.0,2.31,14.26,13.93,14.26,14.26,1.15,0.37,175.03,1.54,6595060290.0,6570529840.0,0.14,0.29,-5.6,-3.65
3105,000882,华联股份,1.62,-1.82,-0.03,720037.0,116596253.0,2.42,1.64,1.6,1.64,1.65,1.23,2.63,-24.23,0.66,4434510154.0,4431533111.0,0.0,-0.61,-22.86,-21.36
3106,002985,北摩高科,35.7,-1.82,-0.66,47124.0,168531136.01,1.43,36.02,35.5,36.02,36.36,0.99,1.42,59.23,4.4,11847173520.0,11814538044.0,-0.03,-0.03,8.94,12.51
3107,300021,大禹节水,4.32,-1.82,-0.08,91195.0,39552008.0,1.82,4.39,4.31,4.38,4.4,0.79,1.04,299.04,1.75,4416627466.0,3770233392.0,0.23,0.23,-7.49,-6.09
3108,601800,中国交建,7.56,-1.82,-0.14,219536.0,166788064.0,1.69,7.68,7.55,7.65,7.7,1.05,0.19,8.34,0.43,123036310341.0,89085006549.0,0.0,0.13,-8.14,-6.9
3109,603381,永臻股份,22.65,-1.82,-0.42,59201.0,133855931.0,2.73,22.89,22.26,22.83,23.07,0.86,4.17,1839.86,1.5,5373855784.0,3219418588.0,-0.18,-0.13,10.76,14.05
3110,603337,杰克科技,38.86,-1.82,-0.72,14184.0,55307442.0,1.67,39.45,38.79,39.45,39.58,0.81,0.3,20.37,3.77,18513358312.0,18408972580.0,-0.38,-0.05,-14.5,-10.32
3111,002888,惠威科技,18.33,-1.82,-0.34,17508.0,32214101.0,2.04,18.63,18.25,18.57,18.67,0.87,2.34,204.29,7.12,2706303742.0,1373338957.0,0.05,0.05,-7.52,-6.43
3112,300384,三联虹普,15.09,-1.82,-0.28,33582.0,50701300.15,2.21,15.31,14.97,15.31,15.37,1.15,1.52,17.83,1.74,4813819629.0,3323310975.0,0.0,0.13,-8.43,-7.14
3113,000838,财信发展,2.16,-1.82,-0.04,485853.0,108413263.94,10.45,2.38,2.15,2.2,2.2,1.85,4.61,-95.57,5.79,2376998287.0,2276134247.0,0.0,-0.46,-32.29,-30.1
3114,301051,信濠光电,21.02,-1.82,-0.39,25713.0,54297114.84,2.2,21.4,20.93,21.4,21.41,0.88,1.6,-36.38,1.94,4267973445.0,3384387445.0,-0.14,-0.28,5.73,7.24
3115,002989,中天精装,25.75,-1.83,-0.48,19149.0,49420113.0,1.83,26.12,25.64,26.02,26.23,0.77,1.04,-62.75,3.47,5191582156.0,4720917218.0,-0.08,0.0,-14.17,-16.5
3116,300150,世纪瑞尔,5.35,-1.83,-0.1,82915.0,44583572.0,2.94,5.48,5.32,5.39,5.45,0.78,1.8,56.38,1.99,3130317384.0,2462194291.0,0.0,0.0,-1.47,1.13
3117,300083,创世纪,7.52,-1.83,-0.14,180366.0,136134525.32,1.04,7.59,7.51,7.54,7.66,0.76,1.21,87.4,2.4,12519766669.0,11223864809.0,-0.13,-0.13,-18.97,-18.35
3118,300307,慈星股份,6.44,-1.83,-0.12,58838.0,38024205.0,1.68,6.53,6.42,6.51,6.56,0.93,0.75,52.94,1.61,5155566317.0,5067632355.0,-0.16,-0.16,-10.68,-8.91
3119,002856,美芝股份,11.29,-1.83,-0.21,32930.0,36860073.0,4.78,11.45,10.9,11.38,11.5,0.73,2.66,-25.89,18.38,1527681602.0,1398881161.0,1.35,1.26,-7.23,-4.4
3120,600720,中交设计,6.98,-1.83,-0.13,55794.0,39204614.0,1.69,7.1,6.98,7.08,7.11,0.75,0.55,11.01,1.01,16016277044.0,7043167402.0,-0.14,-0.14,-4.38,-3.32
3121,002420,毅昌科技,7.53,-1.83,-0.14,75590.0,57163564.0,2.48,7.67,7.48,7.6,7.67,0.83,1.89,61.0,5.03,3097013700.0,3008681906.0,-0.13,0.0,-2.71,-2.08
3122,600638,新黄浦,5.91,-1.83,-0.11,58605.0,34821823.0,2.49,6.03,5.88,5.99,6.02,0.93,0.87,21.81,0.86,3979775005.0,3979775005.0,0.0,0.17,-11.13,-8.66
3123,688549,中巨芯-U,9.1,-1.83,-0.17,194001.0,178319633.0,2.91,9.34,9.07,9.15,9.27,0.78,3.29,-782.67,4.48,13443211600.0,5362802900.0,-0.22,-0.11,-4.41,-0.22
3124,600661,昂立教育,9.66,-1.83,-0.18,44268.0,43040747.0,2.95,9.89,9.6,9.84,9.84,1.39,1.54,45.2,20.57,2768061698.0,2768061698.0,-0.21,-0.41,-6.12,-5.76
3125,300926,博俊科技,24.7,-1.83,-0.46,46029.0,113686457.86,1.91,25.0,24.52,24.91,25.16,0.81,1.54,12.71,3.08,10727701407.0,7360271490.0,0.0,-0.04,-25.42,-24.65
3126,001223,欧克科技,53.6,-1.83,-1.0,18288.0,99152465.2,3.28,55.11,53.32,53.32,54.6,0.88,1.96,40.81,2.57,5003667200.0,5003667200.0,-0.22,-0.11,1.04,10.33
3127,300008,天海防务,7.5,-1.83,-0.14,519440.0,390719695.94,1.7,7.59,7.46,7.56,7.64,0.92,3.15,43.44,5.37,12960218498.0,12354675533.0,0.0,0.0,-10.61,-4.94
3128,603586,金麒麟,17.74,-1.83,-0.33,17546.0,31211672.0,2.05,18.0,17.63,17.98,18.07,0.82,0.89,25.5,1.51,3477976317.0,3477976317.0,-0.11,-0.11,-8.46,-7.02
3129,300414,中光防雷,13.95,-1.83,-0.26,74786.0,104402049.85,1.9,14.11,13.84,14.0,14.21,1.26,2.39,261.61,4.58,4547971551.0,4373880629.0,0.07,-0.07,-12.37,-6.69
3130,600604,市北高新,4.82,-1.83,-0.09,91074.0,43873071.0,2.44,4.89,4.77,4.89,4.91,0.69,0.65,-36.18,1.45,9029329155.0,6783932155.0,-0.21,0.42,-17.47,-13.0
3131,601567,三星医疗,25.71,-1.83,-0.48,127852.0,330267135.0,2.37,26.19,25.57,25.99,26.19,0.58,0.91,17.73,2.91,36127933674.0,36127933674.0,-0.16,-0.19,4.17,11.69
3132,301603,乔锋智能,71.42,-1.83,-1.33,14160.0,101556631.42,1.51,72.46,71.36,72.0,72.75,0.78,3.75,25.15,3.6,8624679200.0,2694855150.0,0.0,-0.1,-6.22,-5.53
3133,600167,联美控股,6.43,-1.83,-0.12,83553.0,53916513.0,1.68,6.53,6.42,6.52,6.55,0.57,0.37,20.09,1.34,14550064177.0,14550064177.0,0.0,0.0,-10.82,-8.53
3134,300425,中建环能,4.84,-1.83,-0.09,80209.0,39020602.0,2.23,4.93,4.82,4.93,4.93,0.93,1.18,-1105.93,1.4,3301968289.0,3286700383.0,0.0,-0.21,-4.16,-2.22
3135,300960,通业科技,23.1,-1.83,-0.43,22132.0,51142535.98,2.17,23.39,22.88,23.39,23.53,0.46,1.69,63.24,5.15,3336662522.0,3023287922.0,-0.09,-0.09,-9.2,-8.26
3136,688285,高铁电气,8.59,-1.83,-0.16,44365.0,38305263.0,2.51,8.75,8.53,8.75,8.75,0.53,1.18,62.81,1.91,3232330353.0,3232330353.0,-0.35,0.12,-4.45,-1.04
3137,688370,丛麟科技,24.68,-1.83,-0.46,7315.0,18105029.0,3.22,25.29,24.48,25.29,25.14,0.69,0.53,141.25,1.28,3383822454.0,3383822454.0,-0.04,0.0,-3.59,1.27
3138,688458,美芯晟,34.31,-1.83,-0.64,14980.0,51624144.0,2.55,34.91,34.02,34.65,34.95,0.98,1.76,-266.28,2.0,3826821741.0,2918701642.0,-0.26,0.03,-15.74,-13.45
3139,600410,华胜天成,27.35,-1.83,-0.51,1791099.0,4895966998.0,2.84,27.8,27.01,27.01,27.86,1.03,16.33,62.77,6.32,29989129580.0,29989129580.0,-0.04,-0.07,48.24,52.96
3140,688739,成大生物,24.53,-1.84,-0.46,14788.0,36580508.0,2.08,25.05,24.53,25.05,24.99,0.94,0.36,74.23,1.08,10215518500.0,10215518500.0,-0.16,-0.2,-6.41,-4.77
3141,000555,神州信息,14.93,-1.84,-0.28,198347.0,297219726.99,1.78,15.15,14.88,15.0,15.21,0.62,2.04,258.17,2.56,14568312344.0,14551249594.0,-0.07,0.0,-14.54,-9.79
3142,603028,赛福天,8.53,-1.84,-0.16,36661.0,31330218.0,2.53,8.69,8.47,8.64,8.69,0.74,1.29,1292.23,4.78,2448451200.0,2424140700.0,-0.23,0.12,-3.29,-8.48
3143,002771,真视通,16.53,-1.84,-0.31,154950.0,253879489.0,3.62,16.74,16.13,16.47,16.84,0.87,8.88,-54.51,5.73,3467400573.0,2884727247.0,-0.06,0.06,7.41,9.25
3144,002451,摩恩电气,9.6,-1.84,-0.18,104983.0,100856221.0,2.35,9.75,9.52,9.69,9.78,0.86,2.39,399.77,5.47,4230432000.0,4215830400.0,-0.1,0.0,-9.86,-5.23
3145,603237,五芳斋,17.08,-1.84,-0.32,15430.0,26561967.0,2.3,17.45,17.05,17.35,17.4,0.76,0.79,14.43,1.91,3365998932.0,3347880280.0,0.12,0.0,1.36,2.4
3146,002902,铭普光磁,28.83,-1.84,-0.54,731807.0,2132481378.4,9.06,30.79,28.13,29.91,29.37,1.59,41.2,-33.97,8.02,6775311257.0,5121137652.0,0.07,0.03,27.28,27.06
3147,002115,三维通信,12.26,-1.84,-0.23,326418.0,400036109.62,2.08,12.38,12.12,12.26,12.49,1.04,4.34,2595.81,4.79,9942753730.0,9221917222.0,0.08,-0.08,-6.13,-3.77
3148,003042,中农联合,17.63,-1.84,-0.33,92327.0,164316813.1,4.29,18.27,17.5,18.13,17.96,0.73,7.25,-42.06,1.91,2511922400.0,2245458084.0,-0.06,0.0,8.09,9.78
3149,001306,夏厦精密,67.14,-1.84,-1.26,5129.0,34577914.0,2.02,68.4,67.02,67.85,68.4,1.04,3.31,-252.15,3.24,4219789284.0,1040654894.0,0.0,-0.09,-22.06,-24.56
3150,003035,南网能源,7.45,-1.84,-0.14,461905.0,342958098.16,2.11,7.51,7.35,7.5,7.59,0.71,1.22,81.44,4.06,28219696963.0,28219696963.0,0.13,0.0,57.84,62.66
3151,300712,永福股份,28.06,-1.85,-0.53,19850.0,56033863.56,1.61,28.49,28.03,28.28,28.59,0.6,1.06,106.41,4.08,5262541742.0,5239924681.0,0.0,-0.36,3.66,6.57
3152,920146,华阳变速,6.89,-1.85,-0.13,16410.0,11393764.63,3.56,7.05,6.8,7.03,7.02,0.55,1.53,-37.4,4.75,930084152.0,738179800.0,0.15,0.15,-23.36,-20.16
3153,002646,天佑德酒,7.97,-1.85,-0.15,34202.0,27405929.96,2.22,8.12,7.94,8.09,8.12,0.87,0.72,131.29,1.33,3818490553.0,3793159103.0,-0.13,0.0,-9.43,-7.86
3154,688334,西高院,21.17,-1.85,-0.4,21857.0,46466854.0,1.85,21.45,21.05,21.45,21.57,0.95,1.39,26.95,2.3,6701987295.0,3321672457.0,0.0,0.14,7.03,9.35
3155,920679,前进科技,17.53,-1.85,-0.33,1923.0,3385974.14,2.8,17.88,17.38,17.88,17.86,0.79,0.52,50.31,1.94,979050500.0,651677750.0,0.69,0.75,-14.45,-12.13
3156,000837,秦川机床,10.6,-1.85,-0.2,114862.0,121893753.0,1.85,10.75,10.55,10.68,10.8,1.0,1.14,205.04,2.22,10845345872.0,10678475372.0,-0.09,-0.28,-19.08,-17.7
3157,603110,东方材料,15.93,-1.85,-0.3,64634.0,103192713.0,2.03,16.15,15.82,16.1,16.23,0.68,3.21,753.06,4.61,3205541841.0,3205541841.0,-0.25,-0.25,-3.69,-0.81
3158,600135,乐凯胶片,10.06,-1.85,-0.19,213272.0,215891250.0,5.07,10.44,9.92,10.15,10.25,0.68,3.85,-56.38,2.34,5566269416.0,5566269416.0,0.0,-0.1,-4.28,-2.52
3159,002079,苏州固锝,9.55,-1.85,-0.18,150743.0,144384070.9,1.34,9.65,9.52,9.64,9.73,0.88,1.86,92.98,2.51,7750063903.0,7742797900.0,-0.1,-0.1,-2.15,0.0
3160,002511,中顺洁柔,8.51,-1.85,-0.16,161457.0,138345217.7,2.54,8.7,8.48,8.63,8.67,1.17,1.28,35.67,2.0,10947075189.0,10765282824.0,-0.12,0.0,-0.12,-0.58
3161,601611,中国核建,13.82,-1.85,-0.26,339903.0,471015145.0,1.63,13.99,13.76,13.87,14.08,0.63,1.13,28.23,1.91,41651188810.0,41651188810.0,0.0,0.0,-1.22,2.52
3162,301006,迈拓股份,17.48,-1.85,-0.33,22679.0,39976578.0,3.31,17.95,17.36,17.83,17.81,1.0,2.63,33.72,1.91,2434614400.0,1504785028.0,-0.4,0.0,4.36,6.0
3163,600287,苏豪时尚,5.83,-1.85,-0.11,53659.0,31358872.0,2.69,5.94,5.78,5.94,5.94,0.89,1.23,57.64,1.11,2546521111.0,2546521111.0,-0.51,0.34,5.05,6.78
3164,301063,海锅股份,23.86,-1.85,-0.45,19946.0,47833461.48,1.97,24.28,23.8,24.18,24.31,0.71,1.99,38.04,1.59,2490046875.0,2396656544.0,0.13,-0.29,-3.48,-2.25
3165,600202,哈空调,5.84,-1.85,-0.11,86574.0,51178950.0,3.7,6.05,5.83,5.93,5.95,0.87,2.26,-70.48,2.77,2238709524.0,2238709524.0,-0.51,-0.34,0.52,-0.51
3166,301498,乖宝宠物,51.4,-1.85,-0.97,67628.0,349926723.68,4.12,52.98,50.82,51.92,52.37,1.96,3.77,30.09,4.59,20584303976.0,9223743313.0,-0.14,-0.08,-23.39,-21.11
3167,002255,海陆重工,10.57,-1.86,-0.2,176483.0,187105882.82,1.67,10.71,10.53,10.67,10.77,1.03,2.77,21.07,1.94,8782412751.0,6743366609.0,-0.09,0.0,-19.92,-16.24
3168,603060,国检集团,6.33,-1.86,-0.12,52812.0,33606211.0,2.33,6.45,6.3,6.44,6.45,1.25,0.66,43.55,2.41,5089071123.0,5089071123.0,-0.16,-0.16,2.76,4.11
3169,920060,万源通,32.2,-1.86,-0.61,25200.0,81774975.89,2.53,32.88,32.05,32.3,32.81,0.85,2.66,39.26,4.55,4895838149.0,3053341558.0,-0.16,-0.28,-4.59,-2.07
3170,688510,航亚科技,32.73,-1.86,-0.62,53974.0,176015065.0,3.66,33.3,32.08,32.77,33.35,1.03,2.08,83.17,7.04,8494174960.0,8494174960.0,-0.09,-0.15,21.18,21.67
3171,603839,安正时尚,7.37,-1.86,-0.14,23300.0,17311308.0,2.66,7.54,7.34,7.52,7.51,0.79,0.6,-195.09,1.58,2852309394.0,2852309394.0,0.0,0.27,-10.56,-9.79
3172,301638,南网数字,26.32,-1.86,-0.5,215307.0,566356941.42,2.01,26.6,26.06,26.52,26.82,0.88,9.16,132.88,7.51,83688394054.0,6184677785.0,0.04,0.15,33.27,39.93
3173,605333,沪光股份,26.42,-1.86,-0.5,22604.0,60075428.0,1.82,26.85,26.36,26.71,26.92,1.02,0.52,21.64,3.38,12259947527.0,11539624060.0,-0.04,-0.15,-16.94,-11.43
3174,301068,大地海洋,31.05,-1.86,-0.59,12222.0,37884608.49,4.24,31.74,30.4,31.74,31.64,0.9,1.21,-187.97,5.55,4387853789.0,3129151466.0,0.0,-0.38,13.74,17.97
3175,001322,箭牌家居,7.4,-1.86,-0.14,39963.0,29702415.0,3.18,7.59,7.35,7.5,7.54,1.08,0.51,164.92,1.51,7157005904.0,5813534720.0,-0.27,-0.13,-15.04,-16.57
3176,002623,亚玛顿,21.68,-1.86,-0.41,33867.0,73171036.41,2.17,21.95,21.47,21.95,22.09,0.72,1.7,-54.33,1.52,4315675000.0,4306431190.0,0.05,0.28,17.83,19.78
3177,300738,奥飞数据,22.65,-1.86,-0.43,596630.0,1350738987.31,2.25,22.88,22.36,22.55,23.08,0.75,6.06,115.06,6.35,22314376604.0,22307356010.0,-0.04,-0.04,15.56,22.5
3178,300458,全志科技,34.88,-1.86,-0.66,132763.0,464565107.44,1.38,35.27,34.78,34.83,35.54,0.93,2.01,109.83,9.24,28790907084.0,23018014100.0,-0.03,-0.03,-20.73,-17.01
3179,600579,中化装备,7.93,-1.86,-0.15,38912.0,31084420.0,2.48,8.1,7.9,8.07,8.08,0.81,0.79,-108.84,2.39,3914254019.0,3914254019.0,0.0,0.0,-4.34,-4.46
3180,002152,广电运通,11.62,-1.86,-0.22,214695.0,249928783.0,1.44,11.75,11.58,11.7,11.84,1.03,0.86,33.52,2.31,28856909275.0,28842393745.0,-0.09,0.0,-13.54,-14.81
3181,002129,TCL中环,8.46,-1.86,-0.16,509473.0,431330317.6,1.62,8.55,8.41,8.51,8.62,0.58,1.26,-3.69,1.56,34204759440.0,34176537108.0,0.0,0.0,-5.69,-1.28
3182,603011,合锻智能,21.07,-1.86,-0.4,158790.0,334927444.0,1.82,21.29,20.9,21.12,21.47,0.82,3.21,-176.25,4.96,10417312188.0,10417312188.0,0.0,0.05,-15.31,-11.13
3183,002075,沙钢股份,4.72,-1.87,-0.09,199364.0,94789903.25,1.87,4.81,4.72,4.77,4.81,0.78,0.91,33.61,1.57,10354856100.0,10354839462.0,-0.42,-0.21,-18.34,-17.91
3184,920826,盖世食品,9.98,-1.87,-0.19,14706.0,14735151.97,2.65,10.17,9.9,10.1,10.17,0.92,2.35,29.94,3.58,1402347824.0,623495241.0,-0.2,-0.2,-27.94,-25.13
3185,001317,三羊马,48.15,-1.87,-0.92,15849.0,76527876.3,2.75,49.26,47.91,48.9,49.07,0.79,1.85,-262.0,4.59,4119993174.0,4115930517.0,0.04,0.1,-9.25,-12.63
3186,920925,锦好医疗,16.79,-1.87,-0.32,16965.0,28678032.71,2.45,17.15,16.73,17.1,17.11,0.74,3.07,109.28,4.44,1656512196.0,928403940.0,0.06,-0.12,-48.59,-47.28
3187,688363,华熙生物,42.03,-1.87,-0.8,19726.0,83286996.0,1.98,42.75,41.9,42.48,42.83,0.7,0.41,69.55,2.84,20244936511.0,20244936511.0,-0.17,-0.12,-6.41,-3.78
3188,000619,海螺新材,5.77,-1.87,-0.11,80891.0,46925247.0,2.72,5.9,5.74,5.89,5.88,0.81,2.25,-29.75,1.01,2545544155.0,2077200000.0,0.0,-0.17,-7.09,-7.09
3189,600521,华海药业,15.76,-1.87,-0.3,224270.0,358113322.0,3.24,16.26,15.74,15.98,16.06,0.74,1.5,46.53,2.55,23596693663.0,23596693663.0,-0.06,-0.06,-11.91,-7.13
3190,688628,优利德,59.42,-1.87,-1.13,64728.0,386362388.0,5.7,61.59,58.14,60.38,60.55,1.36,5.79,43.56,5.24,6641230079.0,6641230079.0,0.13,0.41,83.91,86.62
3191,003010,若羽臣,32.51,-1.87,-0.62,110020.0,363398273.61,5.34,33.89,32.12,32.65,33.13,1.01,4.87,52.02,14.06,10112543565.0,7351882337.0,0.0,0.03,-8.96,-7.03
3192,000411,英特集团,10.97,-1.88,-0.21,47218.0,52310292.26,2.86,11.26,10.94,11.1,11.18,1.05,1.28,14.41,1.22,6196395132.0,4034675081.0,-0.09,0.0,-15.09,-13.96
3193,300554,三超新材,21.92,-1.88,-0.42,22108.0,48595667.0,2.15,22.25,21.77,22.17,22.34,0.79,2.8,-15.74,5.02,2503517768.0,1733761216.0,0.23,0.18,-7.35,-5.48
3194,300355,蒙草生态,3.65,-1.88,-0.07,155816.0,57118105.0,1.61,3.7,3.64,3.67,3.72,0.85,1.2,59.06,1.36,5855483596.0,4739411697.0,-0.27,-0.27,-11.62,-9.65
3195,002183,怡 亚 通,5.73,-1.88,-0.11,1121819.0,644950395.76,2.05,5.82,5.7,5.8,5.84,0.69,4.32,317.11,1.61,14880862091.0,14880776141.0,-0.35,-0.52,14.37,20.38
3196,300546,雄帝科技,21.4,-1.88,-0.41,29873.0,63986868.2,2.06,21.7,21.25,21.6,21.81,0.94,2.23,162.93,3.55,3993939587.0,2865759279.0,0.0,-0.05,-16.05,-18.29
3197,002661,克明食品,8.89,-1.88,-0.17,34882.0,31143321.0,3.31,9.13,8.83,9.06,9.06,0.89,1.11,17.95,1.27,2961594526.0,2796543453.0,-0.11,0.11,-2.09,-1.22
3198,603860,中公高科,31.36,-1.88,-0.6,11790.0,37191924.0,2.38,31.95,31.19,31.78,31.96,0.67,1.77,45.86,2.49,2091084800.0,2091084800.0,-0.35,-0.29,3.02,3.94
3199,300816,艾可蓝,72.03,-1.88,-1.38,22653.0,165060211.0,3.76,74.5,71.74,72.7,73.41,0.74,4.0,58.34,6.35,5762400000.0,4081837169.0,0.1,0.06,54.57,49.6
3200,300999,金龙鱼,28.11,-1.88,-0.54,78840.0,222555157.7,1.54,28.53,28.09,28.4,28.65,0.78,1.45,48.34,1.58,152400938077.0,15253809897.0,0.04,0.0,-4.61,-2.19
3201,300401,花园生物,14.13,-1.88,-0.27,105885.0,150344645.55,2.15,14.39,14.08,14.28,14.4,0.98,1.98,24.62,2.43,7682269205.0,7558151300.0,0.0,0.0,-10.17,-6.55
3202,603693,江苏新能,13.55,-1.88,-0.26,115997.0,156965042.0,1.88,13.69,13.43,13.68,13.81,0.61,1.3,23.21,1.74,12079498174.0,12079498174.0,0.15,0.22,12.26,14.25
3203,300507,苏奥传感,8.35,-1.88,-0.16,96432.0,80689477.01,1.88,8.46,8.3,8.42,8.51,0.48,1.24,58.44,3.16,6685401673.0,6471181096.0,-0.24,0.0,-13.74,-9.14
3204,603686,福龙马,18.31,-1.88,-0.35,102672.0,188314559.0,2.47,18.66,18.2,18.66,18.66,1.0,2.47,50.36,2.24,7606530697.0,7606530697.0,0.0,0.05,-36.82,-38.33
3205,603613,国联股份,25.05,-1.88,-0.48,63345.0,159088607.0,0.9,25.27,25.04,25.27,25.53,1.04,0.88,12.3,2.03,18049472216.0,18049472216.0,-0.24,-0.32,-11.67,-10.54
3206,300230,永利股份,4.71,-1.88,-0.09,97948.0,46502707.0,2.29,4.8,4.69,4.77,4.8,0.9,1.56,17.69,1.18,3830235307.0,2966463970.0,-0.21,-0.21,-4.66,-1.46
3207,920188,悦龙科技,23.96,-1.88,-0.46,32903.0,78951638.94,3.4,24.33,23.5,24.0,24.42,0.57,16.62,22.03,2.89,1988517024.0,474261341.0,0.38,1.14,70.66,70.66
3208,000017,深中华A,6.78,-1.88,-0.13,58666.0,39989738.0,2.32,6.92,6.76,6.91,6.91,1.09,1.33,113.28,12.48,4672673846.0,2988772828.0,0.0,0.0,-15.04,-13.85
3209,002572,索菲亚,12.51,-1.88,-0.24,54207.0,67952941.5,1.65,12.69,12.48,12.65,12.75,0.92,0.83,13.26,1.67,12047720022.0,8149809886.0,-0.32,-0.08,-9.68,-8.08
3210,920856,浩淼科技,13.01,-1.89,-0.25,10638.0,14006653.84,3.02,13.36,12.96,13.21,13.26,1.21,2.0,69.89,2.62,1237597430.0,690311081.0,0.31,-0.08,-25.61,-22.28
3211,300902,国安达,17.68,-1.89,-0.34,26389.0,46762576.6,2.66,17.99,17.51,17.88,18.02,0.92,2.18,1157.62,3.92,3214283564.0,2143756116.0,0.0,-0.06,-17.34,-15.12
3212,002835,同为股份,15.6,-1.89,-0.3,17196.0,26967049.0,2.01,15.86,15.54,15.86,15.9,0.72,1.35,21.89,2.78,3424105324.0,1985695904.0,-0.26,-0.32,-5.34,-4.76
3213,300493,润欣科技,15.59,-1.89,-0.3,97513.0,152393658.87,1.32,15.74,15.53,15.67,15.89,1.04,1.92,130.06,6.87,7990203123.0,7898070120.0,0.0,0.0,-25.51,-22.4
3214,300892,品渥食品,27.5,-1.89,-0.53,12432.0,34435259.6,2.85,28.19,27.39,28.03,28.03,0.86,1.93,169.71,2.62,2750000000.0,1775468750.0,0.0,0.0,-12.28,-9.45
3215,600675,中华企业,2.59,-1.89,-0.05,199849.0,51983910.0,1.89,2.63,2.58,2.62,2.64,0.88,0.33,131.99,1.08,15659490507.0,15659490507.0,-0.38,0.0,-6.5,-4.43
3216,600570,恒生电子,25.97,-1.89,-0.5,208122.0,540290580.0,1.55,26.24,25.83,26.24,26.47,1.18,1.1,39.94,4.99,49178037054.0,49178037054.0,0.0,0.04,-17.79,-13.86
3217,920056,能之光,21.78,-1.89,-0.42,5366.0,11748873.37,2.93,22.28,21.63,22.11,22.2,0.89,1.74,32.26,3.32,1779245226.0,671779728.0,0.14,0.37,-14.29,-12.07
3218,600828,茂业商业,5.2,-1.89,-0.1,159562.0,82021886.0,3.02,5.25,5.09,5.23,5.3,0.82,0.92,-36.64,1.34,9006309239.0,9003072941.0,1.56,1.76,-11.86,-10.96
3219,603657,春光科技,26.95,-1.89,-0.52,14948.0,40398505.0,2.66,27.55,26.82,27.55,27.47,0.39,1.11,565.33,3.86,3643371848.0,3643371848.0,0.11,0.15,-9.56,-9.56
3220,002252,上海莱士,5.72,-1.89,-0.11,302569.0,174032938.12,2.06,5.83,5.71,5.8,5.83,1.04,0.46,24.08,1.17,37969273268.0,37945222241.0,-0.17,0.18,-10.9,-9.49
3221,600369,西南证券,4.16,-1.89,-0.08,280023.0,117205496.0,1.65,4.22,4.15,4.2,4.24,0.79,0.42,26.02,1.05,27643653956.0,27643653956.0,-0.24,0.0,-10.54,-7.14
3222,300349,金卡智能,14.04,-1.89,-0.27,61258.0,86174212.7,1.75,14.19,13.94,14.12,14.31,0.99,1.66,21.22,1.32,5857674915.0,5185065520.0,0.0,0.0,-9.83,-10.17
3223,600113,浙江东日,46.65,-1.89,-0.9,33827.0,159454000.0,2.69,47.9,46.62,47.16,47.55,0.66,0.82,136.38,7.59,19647891189.0,19193263614.0,-0.04,-0.04,-27.92,-26.15
3224,300305,裕兴股份,6.23,-1.89,-0.12,88002.0,55196744.0,2.83,6.38,6.2,6.35,6.35,1.01,2.74,-9.27,1.14,2338744318.0,2002794838.0,-0.32,-0.16,3.83,4.71
3225,601512,中新集团,8.82,-1.89,-0.17,45079.0,39934841.0,2.67,8.99,8.75,8.93,8.99,1.03,0.3,11.95,0.88,13220209800.0,13220209800.0,0.0,0.0,-7.26,-2.0
3226,600333,长春燃气,5.2,-1.89,-0.1,86565.0,45263333.0,2.45,5.32,5.19,5.28,5.3,0.6,1.42,-42.02,1.69,3166959557.0,3166959557.0,0.0,0.0,-6.64,-5.97
3227,002951,金时科技,14.53,-1.89,-0.28,25617.0,37256936.0,2.84,14.88,14.46,14.88,14.81,0.56,0.64,-128.01,3.51,5884650000.0,5828337895.0,0.14,0.28,-2.02,-2.48
3228,301555,惠柏新材,33.66,-1.89,-0.65,19241.0,64872579.9,1.72,34.06,33.47,33.94,34.31,0.98,3.98,38.61,2.77,3105697122.0,1627368435.0,0.0,-0.03,0.72,1.36
3229,000897,津滨发展,2.07,-1.9,-0.04,229736.0,47897249.0,1.9,2.11,2.07,2.1,2.11,0.83,1.42,137.98,1.09,3347753524.0,3347690182.0,0.0,-0.48,-10.78,-9.21
3230,600279,重庆港,5.15,-1.9,-0.1,66500.0,34512076.0,2.48,5.26,5.13,5.25,5.25,1.18,0.56,125.27,0.91,6112361357.0,6112361357.0,-0.19,0.0,-5.33,-5.68
3231,000828,东莞控股,9.81,-1.9,-0.19,69902.0,68936939.41,1.6,9.96,9.8,9.95,10.0,1.0,0.67,12.38,1.0,10197661692.0,10197661692.0,-0.2,-0.1,-11.22,-8.83
3232,920179,凯德石英,44.82,-1.9,-0.87,27097.0,124366834.94,5.52,47.1,44.58,44.97,45.69,0.99,4.54,144.36,4.48,3360155400.0,2676582005.0,-0.4,-0.8,-7.87,15.99
3233,688173,希荻微,13.97,-1.9,-0.27,44391.0,62465834.0,1.54,14.19,13.97,14.05,14.24,0.88,1.08,-52.75,4.04,5770194100.0,5731183378.0,-0.21,-0.21,-10.96,-4.97
3234,601700,风范股份,5.17,-1.9,-0.1,109752.0,56734560.0,2.28,5.24,5.12,5.21,5.27,0.68,0.96,206.33,2.31,5887375241.0,5887375241.0,0.0,0.0,-8.17,-8.66
3235,601669,中国电建,5.69,-1.9,-0.11,2063366.0,1176282730.0,1.55,5.76,5.67,5.75,5.8,0.96,1.58,9.84,0.68,98016846610.0,74376982087.0,0.0,0.0,6.75,9.42
3236,300856,科思股份,12.4,-1.9,-0.24,28786.0,35873409.2,2.29,12.65,12.36,12.6,12.64,1.01,0.63,56.76,2.2,5898521565.0,5700721725.0,0.0,0.0,-9.56,-8.01
3237,000716,黑芝麻,5.17,-1.9,-0.1,83727.0,43550900.81,2.28,5.28,5.16,5.25,5.27,1.18,1.13,428.09,1.53,3892410539.0,3819515022.0,0.0,0.19,-18.45,-17.01
3238,600056,中国医药,10.82,-1.9,-0.21,760519.0,833774338.0,4.35,11.28,10.8,10.89,11.03,0.86,5.09,26.69,1.37,16185418873.0,16179702992.0,-0.28,-0.09,2.37,4.74
3239,002966,苏州银行,8.24,-1.9,-0.16,201897.0,167491081.14,2.26,8.42,8.23,8.38,8.4,0.77,0.46,6.17,0.73,36838254971.0,36224861238.0,-0.12,-0.12,-0.72,-0.6
3240,002573,清新环境,3.61,-1.9,-0.07,108687.0,39419696.0,2.72,3.68,3.58,3.66,3.68,0.75,0.77,196.24,0.86,5109114155.0,5100018399.0,-0.28,-0.28,-5.74,-3.48
3241,000758,中色股份,6.73,-1.9,-0.13,299584.0,202613346.67,1.46,6.82,6.72,6.75,6.86,0.94,1.52,20.89,2.25,13395660729.0,13299606064.0,-0.15,0.0,-2.32,1.36
3242,000661,长春高新,85.14,-1.91,-1.66,41260.0,353096321.27,1.56,86.47,85.12,86.2,86.8,0.95,1.03,22.36,1.51,34731801219.0,34023184320.0,-0.01,-0.05,-11.26,-8.01
3243,600697,欧亚集团,11.81,-1.91,-0.23,32569.0,38728394.0,2.91,12.09,11.74,12.05,12.04,0.84,2.1,79.19,0.82,1878830166.0,1834990737.0,0.0,0.0,-11.54,-10.46
3244,300822,贝仕达克,13.88,-1.91,-0.27,15601.0,21854372.22,2.54,14.22,13.86,14.15,14.15,0.81,0.54,355.19,3.5,4324122456.0,4011070674.0,0.07,0.0,-15.26,-13.57
3245,600847,万里股份,12.81,-1.91,-0.25,23414.0,30155522.0,3.22,13.06,12.64,13.06,13.06,0.59,1.53,-44.42,3.82,1963611594.0,1963611594.0,0.08,0.08,9.3,10.24
3246,300989,蕾奥规划,14.35,-1.91,-0.28,41712.0,59693950.97,3.55,14.61,14.09,14.5,14.63,1.13,2.77,201.27,3.05,3027269313.0,2161298846.0,0.99,0.91,-16.13,-18.7
3247,600611,大众交通,4.63,-1.91,-0.09,172357.0,79930914.0,1.69,4.69,4.61,4.68,4.72,1.08,1.1,151.18,1.11,10945888860.0,7238154765.0,0.0,0.22,-23.72,-15.2
3248,300881,盛德鑫泰,43.76,-1.91,-0.85,14679.0,64163073.65,3.65,44.64,43.01,44.44,44.61,1.06,2.56,23.81,4.4,4813600000.0,2512097500.0,0.14,-0.02,26.58,29.24
3249,300627,华测导航,33.37,-1.91,-0.65,78753.0,263808144.53,1.32,33.75,33.3,33.66,34.02,1.17,1.22,38.57,6.23,26258601090.0,21627639363.0,-0.03,-0.06,-21.17,-4.41
3250,603711,香飘飘,12.31,-1.91,-0.24,14279.0,17729343.0,2.15,12.58,12.31,12.51,12.55,1.17,0.35,-42.73,1.54,5082480171.0,5082480171.0,-0.08,-0.32,-9.62,-8.34
3251,605179,一鸣食品,16.95,-1.91,-0.33,18412.0,31346964.0,2.31,17.28,16.88,17.28,17.28,1.19,0.46,109.85,6.03,6796950000.0,6796950000.0,-0.06,0.0,-20.39,-18.94
3252,600239,云南城投,2.05,-1.91,-0.04,187216.0,38527648.0,3.35,2.1,2.03,2.08,2.09,0.8,1.17,-70.09,2.57,3291658163.0,3291658163.0,-0.49,0.0,-14.23,-12.77
3253,002154,报 喜 鸟,3.59,-1.91,-0.07,103538.0,37344498.14,1.91,3.65,3.58,3.64,3.66,0.92,0.88,16.65,1.16,5239008087.0,4235383555.0,0.0,0.0,-8.42,-6.75
3254,603557,ST起步,3.6,-1.91,-0.07,88317.0,32351431.0,6.54,3.82,3.58,3.63,3.67,0.88,1.42,-20.57,28.66,2244372797.0,2244372797.0,-0.28,-0.28,42.29,42.29
3255,600038,中直股份,33.44,-1.91,-0.65,56849.0,191017686.0,1.32,33.85,33.4,33.85,34.09,1.01,0.85,42.06,1.56,27417229043.0,22369193790.0,-0.03,-0.06,-9.79,-7.45
3256,001965,招商公路,8.73,-1.91,-0.17,181515.0,159229361.01,1.69,8.86,8.71,8.85,8.9,0.73,0.27,12.87,0.86,59321179280.0,59321179280.0,0.0,0.11,-11.19,-13.39
3257,300105,龙源技术,6.67,-1.91,-0.13,75604.0,50695467.0,2.79,6.82,6.63,6.75,6.8,0.9,1.47,68.52,1.79,3440482181.0,3440482181.0,0.0,0.0,-8.13,-6.84
3258,688712,北芯生命-U,40.16,-1.91,-0.78,21447.0,86458700.0,2.25,40.92,40.0,40.5,40.94,0.57,5.78,207.72,17.85,16746720000.0,1490526352.0,0.02,0.12,129.22,129.22
3259,000975,山金国际,31.27,-1.91,-0.61,366514.0,1137438964.22,3.58,31.5,30.36,30.75,31.88,1.01,1.45,29.22,5.82,86828105227.0,79032812430.0,0.03,0.03,24.98,28.52
3260,000886,海南高速,5.64,-1.91,-0.11,117545.0,66537637.7,1.57,5.72,5.63,5.7,5.75,1.05,1.2,-393.49,1.84,5576991612.0,5515000105.0,-0.18,-0.18,-14.16,-17.78
3261,300306,远方信息,12.34,-1.91,-0.24,22412.0,27755006.0,2.23,12.53,12.25,12.46,12.58,0.77,1.42,46.42,2.23,3318951321.0,1944814727.0,-0.32,-0.32,-11.29,-10.25
3262,003020,立方制药,24.12,-1.91,-0.47,20434.0,49484672.0,3.21,24.7,23.91,24.44,24.59,0.7,1.48,28.45,2.55,4587194230.0,3321915495.0,0.0,0.0,-12.39,-6.8
3263,300340,科恒股份,10.71,-1.92,-0.21,66667.0,71305015.0,2.75,10.9,10.6,10.78,10.92,0.97,2.44,-13.5,34.38,2950762598.0,2928789394.0,0.0,0.09,-15.27,-13.07
3264,000589,贵州轮胎,4.6,-1.92,-0.09,191390.0,88602181.8,1.71,4.68,4.6,4.65,4.69,0.82,1.24,11.92,0.8,7151272718.0,7106175238.0,-0.22,-0.22,-11.03,-11.2
3265,300311,ST任子行,5.11,-1.92,-0.1,75245.0,38611331.32,1.73,5.18,5.09,5.18,5.21,0.9,1.4,-33.53,5.82,3442250067.0,2746160465.0,0.0,-0.2,11.82,15.09
3266,300314,戴维医疗,12.74,-1.92,-0.25,45102.0,57911616.7,3.54,13.08,12.62,12.96,12.99,1.16,3.14,42.15,2.98,3669120000.0,1831266048.0,-0.08,-0.08,-4.93,1.27
3267,603976,正川股份,19.88,-1.92,-0.39,14026.0,28083056.0,3.11,20.4,19.77,20.29,20.27,0.86,0.93,137.98,2.55,3005931524.0,3005931524.0,0.0,0.15,-0.7,2.85
3268,600681,百川能源,4.09,-1.92,-0.08,305488.0,125818309.0,2.64,4.19,4.08,4.15,4.17,0.66,2.28,21.75,1.56,5484096173.0,5479817877.0,-0.24,-0.24,-4.66,-5.32
3269,600567,山鹰国际,1.53,-1.92,-0.03,516839.0,79659874.0,1.92,1.56,1.53,1.56,1.56,0.87,0.82,-24.99,0.58,9650403558.0,9650403558.0,-0.65,-0.65,-10.0,-9.47
3270,300978,东箭科技,10.74,-1.92,-0.21,27037.0,29203276.0,1.74,10.92,10.73,10.92,10.95,0.85,1.41,26.09,2.76,4539827417.0,2053696152.0,-0.09,-0.19,-16.94,-14.01
3271,000799,酒鬼酒,42.45,-1.92,-0.83,40698.0,173401278.65,1.96,43.16,42.31,42.9,43.28,0.71,1.25,-1055.01,3.67,13793235201.0,13792025376.0,0.0,0.05,-24.63,-22.22
3272,688119,中钢洛耐,5.1,-1.92,-0.1,94926.0,48630487.0,1.92,5.19,5.09,5.19,5.2,0.94,0.84,-38.32,2.04,5737500000.0,5737500000.0,0.0,-0.2,-4.85,-8.77
3273,301586,佳力奇,42.4,-1.92,-0.83,5990.0,25512482.0,1.78,43.01,42.24,42.85,43.23,0.94,1.13,62.13,2.76,3518161327.0,2243429326.0,0.02,0.19,-14.55,-15.47
3274,601789,宁波建工,5.61,-1.92,-0.11,753687.0,423867401.0,2.27,5.71,5.58,5.69,5.72,0.57,6.93,35.16,1.34,8551838430.0,6096940090.0,0.18,0.18,11.75,12.42
3275,000755,山西高速,5.08,-1.93,-0.1,61317.0,31321642.88,2.7,5.2,5.06,5.2,5.18,0.92,0.42,14.32,1.37,7453935796.0,7453935796.0,0.0,0.0,0.59,1.2
3276,300667,必创科技,16.79,-1.93,-0.33,50768.0,85452261.0,1.93,16.99,16.66,16.88,17.12,0.38,2.94,-215.21,3.03,3435839095.0,2898465658.0,0.06,0.0,-6.1,-5.03
3277,920819,颖泰生物,3.55,-1.93,-0.07,43573.0,15585368.17,2.49,3.62,3.53,3.61,3.62,0.91,0.36,-17.41,0.91,4351590000.0,4301268750.0,0.0,0.28,-10.35,-8.27
3278,000739,普洛药业,17.76,-1.93,-0.35,69191.0,123960528.0,3.09,18.27,17.71,17.92,18.11,0.7,0.6,23.1,3.25,20573957910.0,20566229273.0,-0.11,-0.17,9.7,9.16
3279,001260,坤泰股份,20.79,-1.93,-0.41,15291.0,31893287.05,2.83,21.2,20.6,21.2,21.2,0.89,1.33,48.01,2.89,2390850000.0,2390850000.0,-0.43,-0.24,4.05,3.33
3280,000926,福星股份,2.03,-1.93,-0.04,216688.0,43957379.2,3.38,2.07,2.0,2.06,2.07,0.93,1.38,-2.8,0.37,3233718491.0,3193614564.0,0.0,0.0,-12.88,-9.78
3281,002641,公元股份,4.07,-1.93,-0.08,96107.0,39427682.2,2.41,4.16,4.06,4.12,4.15,0.96,0.85,82.87,0.92,5002412055.0,4615358238.0,-0.49,-0.49,-7.29,-5.79
3282,301256,华融化学,13.2,-1.93,-0.26,137375.0,183919985.59,3.79,13.68,13.17,13.33,13.46,1.33,2.86,88.26,3.67,6336000000.0,6336000000.0,0.08,0.08,-8.52,-2.87
3283,603120,肯特催化,38.57,-1.93,-0.76,7877.0,30532617.0,2.26,39.27,38.38,39.01,39.33,0.89,3.49,51.93,2.96,3486728000.0,871682000.0,0.05,-0.03,-0.87,0.18
3284,002031,巨轮智能,6.09,-1.93,-0.12,378746.0,231045568.82,1.61,6.16,6.06,6.15,6.21,0.92,1.95,-112.27,6.3,13394319630.0,11807009369.0,-0.16,-0.16,-23.49,-22.52
3285,301413,安培龙,117.88,-1.93,-2.32,22242.0,263743498.83,2.82,120.49,117.1,118.46,120.2,1.03,3.79,118.96,9.27,11599625992.0,6925437505.0,-0.15,-0.14,-16.34,-12.55
3286,688314,康拓医疗,53.39,-1.93,-1.05,25225.0,135398680.0,3.03,54.53,52.88,54.0,54.44,0.5,3.1,43.94,6.04,4337359393.0,4337359393.0,0.02,0.24,25.77,61.49
3287,920533,骏创科技,22.33,-1.93,-0.44,13629.0,30657838.29,2.77,22.85,22.22,22.43,22.77,0.83,1.86,83.05,7.95,2919811134.0,1633152180.0,-0.04,-0.18,-28.45,-29.62
3288,603212,赛伍技术,12.7,-1.93,-0.25,86847.0,110240802.0,1.93,12.83,12.58,12.83,12.95,0.61,1.99,-35.62,2.17,5556131077.0,5556131077.0,0.0,0.08,-11.74,-11.13
3289,300543,朗科智能,9.65,-1.93,-0.19,48076.0,46671432.32,2.03,9.83,9.63,9.75,9.84,0.66,1.92,73.76,2.02,2956483373.0,2414418497.0,0.0,0.0,-12.75,-13.22
3290,301163,宏德股份,29.42,-1.93,-0.58,11812.0,34962985.0,2.77,30.1,29.27,30.0,30.0,0.66,2.16,53.23,2.11,2400672000.0,1610028299.0,0.03,0.03,8.04,9.82
3291,001331,胜通能源,57.29,-1.93,-1.13,90145.0,510630410.49,3.66,57.84,55.7,57.55,58.42,1.47,5.37,273.17,10.68,16169529600.0,9617597650.0,-0.05,-0.24,12.47,23.71
3292,300648,星云股份,51.39,-1.93,-1.01,17665.0,91146491.65,2.61,52.26,50.89,51.71,52.4,1.05,1.33,-191.99,6.58,8956321146.0,6818782001.0,0.0,0.02,-3.13,-0.37
3293,600051,宁波联合,7.62,-1.93,-0.15,51991.0,39948760.0,2.45,7.78,7.59,7.77,7.77,0.84,1.67,26.48,0.7,2368905600.0,2368905600.0,-0.78,-0.39,0.13,1.06
3294,001222,源飞宠物,19.29,-1.93,-0.38,9670.0,18779498.0,2.24,19.69,19.25,19.67,19.67,0.68,0.9,21.21,2.58,3682268100.0,2071936971.0,0.21,0.1,-17.53,-18.47
3295,002021,中捷资源,3.05,-1.93,-0.06,285774.0,87662414.77,2.89,3.12,3.03,3.09,3.11,0.79,2.39,2242.24,5.86,3646205835.0,3646085568.0,-0.33,0.0,15.97,23.48
3296,603001,奥康国际,9.11,-1.94,-0.18,56158.0,51182811.0,2.69,9.29,9.04,9.28,9.29,0.87,1.4,-13.08,1.54,3652927800.0,3652927800.0,0.0,0.0,3.76,1.79
3297,600820,隧道股份,6.08,-1.94,-0.12,146022.0,89259816.0,1.61,6.18,6.08,6.17,6.2,0.62,0.46,11.85,0.61,19116104252.0,19116104252.0,0.0,-0.16,-6.46,-6.32
3298,300466,赛摩智能,8.61,-1.94,-0.17,65942.0,57547694.91,5.35,9.07,8.6,8.74,8.78,1.54,1.47,-366.41,6.4,4610912508.0,3864789315.0,-0.12,0.0,-14.41,-14.33
3299,300809,华辰装备,32.93,-1.94,-0.65,25650.0,84974550.3,1.55,33.39,32.87,33.22,33.58,0.96,1.7,144.57,5.07,8349045856.0,4958253767.0,-0.09,-0.03,-11.6,-13.5
3300,603290,斯达半导,99.53,-1.94,-1.97,30169.0,301111724.0,1.41,100.5,99.07,100.2,101.5,0.67,1.26,58.83,3.44,23834794071.0,23834794071.0,-0.01,0.01,-0.66,3.58
3301,000883,湖北能源,4.56,-1.94,-0.09,384704.0,176093893.6,2.15,4.64,4.54,4.63,4.65,0.97,0.59,17.03,0.87,32282007593.0,29546909670.0,-0.22,0.0,-0.44,0.44
3302,603602,纵横通信,13.11,-1.94,-0.26,31845.0,41951299.0,3.37,13.48,13.03,13.26,13.37,0.87,1.38,74.26,2.83,3029163746.0,3029163746.0,-0.3,0.15,-10.94,-9.96
3303,301439,泓淋电力,15.63,-1.94,-0.31,38835.0,60755434.0,2.51,15.87,15.47,15.83,15.94,1.01,2.12,31.95,2.05,6081661275.0,2864149422.0,-0.06,-0.06,2.96,4.83
3304,300122,智飞生物,15.64,-1.94,-0.31,201099.0,318102665.5,2.82,16.08,15.63,15.8,15.95,0.67,1.42,-23.27,1.28,37438871643.0,22119749719.0,-0.06,-0.13,-19.96,-17.12
3305,301539,宏鑫科技,19.2,-1.94,-0.38,15463.0,29858081.78,2.09,19.56,19.15,19.54,19.58,0.87,2.06,48.87,3.48,2841600000.0,1441186541.0,0.05,-0.05,-8.92,-8.13
3306,603096,新经典,17.23,-1.94,-0.34,17248.0,29987239.0,2.56,17.68,17.23,17.64,17.57,1.09,1.12,29.4,1.43,2657462572.0,2657462572.0,-0.4,-0.69,-1.99,-1.09
3307,300296,利亚德,7.57,-1.94,-0.15,1141170.0,862481871.76,2.33,7.65,7.47,7.6,7.72,1.05,5.02,55.23,2.54,20529667571.0,17215582343.0,-0.13,-0.13,13.49,19.78
3308,601121,宝地矿业,7.57,-1.94,-0.15,88503.0,67402251.0,1.94,7.7,7.55,7.62,7.72,0.83,1.11,48.17,1.93,7450717602.0,6056000000.0,-0.13,0.0,-0.66,2.57
3309,301315,威士顿,49.57,-1.94,-0.98,14527.0,72212847.0,2.18,50.3,49.2,49.95,50.55,1.3,3.93,152.27,4.29,4362160000.0,1834090000.0,-0.06,-0.08,-18.4,-13.31
3310,601107,四川成渝,5.55,-1.94,-0.11,145571.0,81271444.0,1.94,5.65,5.54,5.62,5.66,0.51,0.67,11.22,1.0,16972233000.0,12003207000.0,-0.18,0.0,-9.02,-8.72
3311,603207,小方制药,27.33,-1.94,-0.54,11956.0,32875984.0,3.05,28.05,27.2,27.89,27.87,1.18,2.2,19.4,4.16,4395210600.0,1486752000.0,0.0,0.0,-6.63,-4.51
3312,601199,江南水务,5.55,-1.94,-0.11,85175.0,47481948.0,2.12,5.65,5.53,5.65,5.66,1.0,0.91,14.13,1.14,5190417121.0,5190417121.0,0.0,0.0,-1.77,-0.36
3313,920509,同惠电子,29.32,-1.94,-0.58,19000.0,56251670.22,3.58,30.23,29.16,29.49,29.9,1.1,2.26,68.02,12.69,4700163007.0,2462455212.0,0.07,0.14,-25.53,-22.0
3314,000900,现代投资,4.05,-1.94,-0.08,129023.0,52607849.5,2.66,4.14,4.03,4.11,4.13,0.72,0.85,15.2,0.56,6147204753.0,6146840253.0,-0.25,0.25,-1.94,-0.98
3315,600423,柳化股份,3.54,-1.94,-0.07,308955.0,110332538.0,4.99,3.7,3.52,3.68,3.61,0.68,3.87,302.69,5.06,2827380392.0,2827380392.0,-0.56,-0.84,-6.35,-4.84
3316,002942,新农股份,19.19,-1.94,-0.38,13764.0,26605504.0,2.25,19.59,19.15,19.5,19.57,0.82,1.0,21.71,2.43,2990913677.0,2633036738.0,-0.21,-0.16,-9.31,-0.16
3317,605388,均瑶健康,6.56,-1.94,-0.13,87782.0,58496349.0,4.63,6.85,6.54,6.65,6.69,0.86,1.46,-1247.19,2.3,3939175040.0,3939175040.0,0.15,0.0,-12.88,-11.83
3318,601089,福元医药,23.28,-1.94,-0.46,28277.0,66582257.0,3.96,24.14,23.2,23.62,23.74,0.57,0.59,22.33,3.03,11174400000.0,11174400000.0,-0.51,-0.3,-15.8,-3.0
3319,002426,胜利精密,3.53,-1.94,-0.07,865424.0,306157003.57,2.22,3.58,3.5,3.56,3.6,0.81,2.54,-123.24,4.98,12011269483.0,12011177615.0,0.0,-0.28,-8.55,-7.83
3320,600930,华电新能,6.03,-1.95,-0.12,1397552.0,843721213.0,1.63,6.11,6.01,6.11,6.15,0.75,4.33,34.63,1.84,251537142855.0,19475776050.0,0.17,0.17,-4.74,-3.67
3321,600536,中国软件,36.63,-1.95,-0.73,85289.0,313140155.0,1.26,37.0,36.53,37.0,37.36,0.87,1.01,-246.57,9.7,34204602572.0,30903115434.0,-0.05,0.0,-22.44,-20.89
3322,002561,徐家汇,8.03,-1.95,-0.16,31636.0,25606616.0,2.2,8.2,8.02,8.18,8.19,1.03,0.76,-213.89,1.54,3338576890.0,3327949723.0,-0.25,-0.25,-10.28,-8.54
3323,301215,中汽股份,6.03,-1.95,-0.12,111557.0,67716666.07,2.6,6.18,6.02,6.12,6.15,1.07,0.84,37.44,2.73,7983117000.0,7974072000.0,0.0,0.0,-15.55,-11.97
3324,002114,罗平锌电,8.57,-1.95,-0.17,70197.0,60435592.64,1.95,8.7,8.53,8.63,8.74,0.8,2.17,-21.59,3.28,2771497438.0,2771459353.0,-0.23,-0.23,-1.49,1.78
3325,300275,梅安森,11.05,-1.95,-0.22,41853.0,46510273.6,2.22,11.27,11.02,11.2,11.27,1.07,1.54,64.47,3.61,3403456001.0,2999649056.0,-0.36,-0.27,-19.23,-16.98
3326,300569,天能重工,6.52,-1.95,-0.13,277064.0,180506074.88,1.8,6.57,6.45,6.56,6.65,0.67,2.72,59.5,1.29,6668123042.0,6648053002.0,0.15,0.0,9.03,13.59
3327,600418,江淮汽车,46.72,-1.95,-0.93,218937.0,1026518638.0,1.57,47.25,46.5,47.01,47.65,0.78,1.0,-61.86,10.53,105315205270.0,102036937436.0,0.0,0.09,-7.02,-5.62
3328,600370,三房巷,2.51,-1.95,-0.05,1200449.0,302622205.0,4.69,2.6,2.48,2.55,2.56,1.04,2.99,-16.21,1.98,10085762506.0,10085762506.0,0.0,-0.4,-8.39,11.06
3329,002523,天桥起重,4.03,-1.95,-0.08,166000.0,67159516.43,2.19,4.1,4.01,4.08,4.11,1.03,1.18,50.25,2.28,5709062424.0,5688517012.0,-0.25,0.0,-6.93,-6.06
3330,000428,华天酒店,4.02,-1.95,-0.08,185107.0,75162913.83,3.17,4.15,4.02,4.08,4.1,0.84,1.82,-19.67,2.94,4096082520.0,4096082520.0,0.0,-0.25,21.45,21.82
3331,301266,宇邦新材,39.26,-1.95,-0.78,25654.0,100318980.39,2.37,39.66,38.71,39.66,40.04,0.73,2.46,61.39,2.39,4317813583.0,4096082447.0,0.0,0.0,4.61,8.01
3332,601016,节能风电,4.02,-1.95,-0.08,2859241.0,1145698566.0,2.44,4.07,3.97,4.07,4.1,0.56,4.74,26.3,1.48,26308603511.0,24273557628.0,0.25,0.0,34.0,36.27
3333,688089,嘉必优,18.08,-1.95,-0.36,18986.0,34575974.0,2.55,18.44,17.97,18.44,18.44,1.1,1.13,19.42,1.85,3043028890.0,3043028890.0,0.0,0.17,-24.41,-22.34
3334,300733,西菱动力,17.58,-1.95,-0.35,41506.0,73204135.86,2.79,17.93,17.43,17.75,17.93,0.61,1.84,53.2,3.14,5373789002.0,3964008404.0,0.17,0.11,-6.84,-6.44
3335,603396,金辰股份,33.69,-1.95,-0.67,32745.0,110379830.0,2.5,34.29,33.43,34.29,34.36,0.57,2.36,69.3,1.8,4666990734.0,4666990734.0,-0.06,-0.06,-3.47,0.42
3336,600818,中路股份,8.56,-1.95,-0.17,32579.0,28019519.0,2.52,8.73,8.51,8.73,8.73,0.83,1.37,-109.27,4.92,2751594110.0,2036919710.0,0.0,0.0,-12.92,-10.74
3337,300948,冠中生态,19.11,-1.95,-0.38,26693.0,50896086.4,3.08,19.4,18.8,19.3,19.49,0.86,1.76,-302.47,3.5,3072621759.0,2896342768.0,0.0,-0.05,-16.44,-11.89
3338,600956,新天绿能,8.06,-1.95,-0.16,170189.0,137769634.0,1.7,8.19,8.05,8.18,8.22,0.7,0.72,19.92,1.52,36372306168.0,18925594737.0,-0.12,0.0,9.66,11.17
3339,920057,百甲科技,6.03,-1.95,-0.12,10037.0,6106092.2,1.95,6.15,6.03,6.1,6.15,0.9,0.87,116.38,1.53,1093017681.0,693876194.0,0.0,-0.5,-8.77,-6.94
3340,600859,王府井,12.09,-1.95,-0.24,103471.0,125739624.0,1.62,12.27,12.07,12.25,12.33,1.06,0.92,82.41,0.69,13588330916.0,13587081294.0,-0.08,-0.08,-20.25,-22.15
3341,920866,绿亨科技,7.5,-1.96,-0.15,14198.0,10696494.7,2.61,7.66,7.46,7.64,7.65,0.87,1.24,42.92,1.76,1351544250.0,855842243.0,0.13,0.0,-10.29,-8.09
3342,600736,苏州高新,6.0,-1.96,-0.12,108197.0,65057899.0,2.12,6.09,5.96,6.07,6.12,1.03,0.94,18.6,0.93,6907757442.0,6907757442.0,0.0,-0.17,-12.66,-11.24
3343,000158,常山北明,17.47,-1.96,-0.35,212795.0,373088701.12,1.4,17.67,17.42,17.52,17.82,1.03,1.34,835.0,5.17,27927834116.0,27740815582.0,-0.06,-0.17,-16.45,-14.32
3344,920892,广咨国际,14.48,-1.96,-0.29,7844.0,11469010.52,2.64,14.81,14.42,14.62,14.77,1.17,0.52,22.91,5.61,2466687591.0,2184344852.0,-0.21,-0.21,-9.33,-7.83
3345,600715,文投控股,2.0,-1.96,-0.04,257430.0,51575182.0,1.96,2.03,1.99,2.03,2.04,0.95,0.9,1655.86,7.23,8119707000.0,5724744482.0,0.0,0.0,-10.71,-8.26
3346,603439,三力制药,11.02,-1.96,-0.22,26924.0,29926284.0,3.29,11.34,10.97,11.21,11.24,0.95,0.67,41.84,3.05,4506410980.0,4450319180.0,-0.09,0.18,-6.85,-5.81
3347,920030,德众汽车,5.51,-1.96,-0.11,15109.0,8422270.71,2.85,5.66,5.5,5.62,5.62,0.93,1.34,-30.73,2.27,985406642.0,619731966.0,-0.36,-0.36,-18.37,-19.56
3348,002298,中电鑫龙,9.99,-1.96,-0.2,344382.0,343367463.42,2.65,10.13,9.86,10.13,10.19,0.65,5.21,203.4,3.24,7393707901.0,6599928585.0,0.1,0.1,-9.02,-4.31
3349,920002,万达轴承,82.97,-1.96,-1.66,4545.0,37910681.91,1.93,84.28,82.65,84.0,84.63,0.72,1.43,60.24,5.12,3775381255.0,2643018394.0,-0.01,-0.07,-24.85,-24.44
3350,300534,陇神戎发,9.5,-1.96,-0.19,145051.0,140772731.3,5.26,9.99,9.48,9.69,9.69,1.48,4.8,65.57,4.07,2881777500.0,2869489136.0,-0.21,-0.21,-1.66,0.21
3351,300720,海川智能,65.07,-1.96,-1.3,94732.0,632125167.02,5.94,68.94,65.0,66.0,66.37,0.87,5.42,344.36,21.66,12680663048.0,11364605054.0,0.11,-0.87,90.82,92.0
3352,002028,思源电气,202.68,-1.96,-4.06,93793.0,1902842955.84,3.16,206.62,200.08,202.7,206.74,0.98,1.54,50.05,10.23,158310675056.0,123527175096.0,0.0,0.1,35.21,31.11
3353,688682,霍莱沃,44.13,-1.96,-0.88,11152.0,49300148.0,2.07,44.82,43.89,44.27,45.01,0.97,1.1,-199.3,7.34,4494150436.0,4494150436.0,-0.16,-0.11,-21.06,-16.59
3354,600386,北巴传媒,4.01,-1.96,-0.08,78332.0,31587034.0,2.44,4.1,4.0,4.09,4.09,0.95,0.97,471.89,1.81,3233664000.0,3233664000.0,0.0,0.0,-9.68,-8.66
3355,000913,钱江摩托,14.49,-1.96,-0.29,74289.0,107719363.6,2.17,14.72,14.4,14.63,14.78,0.43,1.43,17.87,1.62,7630339815.0,7536287761.0,-0.14,-0.14,-6.58,-6.03
3356,301330,熵基科技,34.02,-1.96,-0.68,23983.0,81715395.52,1.18,34.3,33.89,34.15,34.7,1.03,1.23,46.84,2.36,8006659731.0,6610819505.0,-0.03,0.03,-28.51,2.93
3357,301339,通行宝,13.0,-1.96,-0.26,37675.0,49250483.4,2.04,13.23,12.96,13.23,13.26,1.12,0.66,34.14,2.74,7544333160.0,7407400000.0,-0.23,-0.15,-14.13,-10.59
3358,600026,中远海能,25.56,-1.96,-0.51,756040.0,1945485446.0,7.1,26.81,24.96,26.53,26.07,0.69,2.18,34.6,3.01,139691044645.0,88815284656.0,0.0,-0.12,113.0,118.84
3359,600058,五矿发展,11.03,-1.96,-0.22,77962.0,86322688.0,1.69,11.19,11.0,11.11,11.25,1.02,0.73,618.89,2.42,11823175142.0,11823175142.0,-0.36,-0.27,-4.25,-4.25
3360,601330,绿色动力,8.02,-1.96,-0.16,212813.0,170674508.0,1.83,8.12,7.97,8.11,8.18,0.62,2.15,18.58,1.43,11473289182.0,7932541050.0,-0.12,0.0,16.4,19.17
3361,001379,腾达科技,21.03,-1.96,-0.42,15847.0,33554660.0,2.75,21.6,21.01,21.6,21.45,0.89,2.35,49.89,2.79,4206000000.0,1415297970.0,-0.33,-0.24,-14.09,-10.74
3362,002019,亿帆医药,12.93,-1.97,-0.26,187313.0,244876206.81,2.88,13.29,12.91,13.11,13.19,0.8,2.23,30.42,1.78,15727923799.0,10880259854.0,-0.15,-0.08,1.65,8.11
3363,920436,大地电气,13.92,-1.97,-0.28,4901.0,6846335.7,2.39,14.15,13.81,14.02,14.2,0.64,0.55,-119.4,3.42,1315105920.0,1237044662.0,0.0,0.14,-23.6,-19.72
3364,688750,金天钛业,17.87,-1.97,-0.36,22472.0,40477927.0,1.54,18.15,17.87,18.11,18.23,0.87,0.96,139.45,3.35,8264875000.0,4162250486.0,-0.11,-0.11,-11.93,-10.52
3365,002481,双塔食品,4.47,-1.97,-0.09,76131.0,34182406.0,2.41,4.56,4.45,4.54,4.56,0.89,0.68,120.08,2.24,5514623355.0,4997303997.0,0.22,0.22,-13.87,-12.52
3366,603357,设计总院,7.97,-1.97,-0.16,39012.0,31385595.0,2.21,8.14,7.96,8.1,8.13,0.96,0.7,12.22,1.13,4467805935.0,4428155583.0,0.13,0.0,-3.51,-2.21
3367,603708,家家悦,11.45,-1.97,-0.23,43481.0,50157947.0,3.08,11.77,11.41,11.67,11.68,0.79,0.68,26.65,3.1,7308977829.0,7308977829.0,-0.09,0.0,-3.94,-3.21
3368,002978,安宁股份,33.28,-1.97,-0.67,28970.0,96764851.95,1.41,33.66,33.18,33.5,33.95,0.96,0.78,18.6,1.84,15707825802.0,12289623690.0,-0.03,0.06,-7.99,0.7
3369,601727,上海电气,7.97,-1.97,-0.16,1019727.0,813635831.0,1.48,8.06,7.94,8.0,8.13,0.93,0.81,102.68,2.26,123854769439.0,100546647899.0,0.0,0.0,-9.33,-7.43
3370,688116,天奈科技,38.88,-1.97,-0.78,58492.0,228964291.0,2.37,39.73,38.79,39.1,39.66,0.88,1.6,60.43,3.74,14250765365.0,14250765365.0,0.0,0.15,-21.58,-17.54
3371,603988,中电电机,27.43,-1.97,-0.55,148773.0,406975220.0,3.57,28.0,27.0,27.0,27.98,1.31,6.33,123.39,9.61,6451536000.0,6451536000.0,-0.04,0.22,9.68,12.88
3372,300119,瑞普生物,18.27,-1.98,-0.37,66529.0,122405989.28,3.33,18.78,18.16,18.46,18.64,0.82,1.99,21.2,1.81,8491068479.0,6095300797.0,-0.16,-0.22,-7.07,-2.66
3373,688137,近岸蛋白,42.16,-1.98,-0.85,5714.0,24257318.0,3.3,43.3,41.88,42.99,43.01,0.79,0.81,-38.84,1.44,2958596508.0,2958596508.0,-0.52,-0.33,1.2,5.27
3374,600116,三峡水利,6.45,-1.98,-0.13,168754.0,109476823.0,1.52,6.55,6.45,6.55,6.58,0.59,0.88,26.39,1.09,12333321731.0,12333321731.0,-0.15,-0.15,0.0,-0.62
3375,603190,亚通精工,24.76,-1.98,-0.5,11291.0,28134667.0,2.41,25.3,24.69,25.26,25.26,0.94,2.75,22.47,1.36,3083610400.0,1018021810.0,-0.2,-0.2,-7.37,-8.19
3376,600690,海尔智家,20.75,-1.98,-0.42,499329.0,1038170309.0,1.51,21.0,20.68,21.0,21.17,0.86,0.8,9.95,1.64,194585815238.0,129750339528.0,-0.05,0.0,-21.4,-20.47
3377,600861,北京人力,15.88,-1.98,-0.32,31837.0,50887019.0,2.04,16.19,15.86,16.16,16.2,1.21,0.87,6.7,1.26,8989869962.0,5821208586.0,-0.06,0.0,-13.55,-13.41
3378,688807,优迅股份,249.91,-1.98,-5.06,21284.0,537869739.0,4.71,259.0,247.0,247.68,254.97,1.07,14.16,226.87,11.32,19992800000.0,3757560791.0,-0.01,-0.02,28.38,33.43
3379,603499,翔港科技,21.74,-1.98,-0.44,45002.0,98879191.0,5.09,22.65,21.52,22.62,22.18,1.18,1.49,51.68,7.52,6578402039.0,6578402039.0,-0.18,0.65,6.52,6.36
3380,920022,世昌股份,25.79,-1.98,-0.52,2400.0,6234103.73,2.55,26.35,25.68,26.12,26.31,0.71,1.44,22.59,3.63,1555678590.0,428500850.0,0.0,0.0,-15.25,-14.0
3381,600678,四川金顶,10.39,-1.98,-0.21,76862.0,80185020.0,2.26,10.59,10.35,10.58,10.6,0.78,2.2,84.83,12.86,3626006100.0,3626006100.0,0.1,0.0,-28.25,-24.11
3382,301633,港迪技术,60.51,-1.98,-1.22,3294.0,20044895.6,2.12,61.67,60.36,61.67,61.73,1.02,1.29,58.24,3.69,3369196800.0,1543648947.0,-0.03,0.0,-13.52,-13.46
3383,300200,高盟新材,9.43,-1.98,-0.19,113171.0,107117672.0,2.08,9.57,9.37,9.5,9.62,1.12,2.67,39.09,2.49,4064077333.0,3997577105.0,0.0,-0.21,-22.26,-19.47
3384,002052,同洲电子,10.41,-1.98,-0.21,100691.0,105337569.0,3.48,10.68,10.31,10.5,10.62,0.83,1.46,43.46,28.34,7832897215.0,7176520284.0,-0.1,-0.1,-21.49,-18.35
3385,301116,益客食品,9.88,-1.98,-0.2,25493.0,25324973.0,3.47,10.15,9.8,10.09,10.08,0.92,0.57,-11.54,3.01,4435918379.0,4435896149.0,0.3,0.1,-10.83,-9.61
3386,601628,中国人寿,36.95,-1.99,-0.75,142493.0,527308668.0,1.46,37.4,36.85,37.4,37.7,0.63,0.07,6.78,1.75,1044380849750.0,769429433500.0,-0.03,-0.03,-25.61,-18.79
3387,920526,凯华材料,18.76,-1.99,-0.38,9365.0,17593742.52,3.29,19.13,18.5,18.94,19.14,0.87,1.79,107.64,6.77,1551452000.0,982414037.0,0.48,0.37,-24.39,-20.24
3388,301028,鼎熔岩,14.3,-1.99,-0.29,23384.0,33627200.0,2.19,14.56,14.24,14.44,14.59,0.94,0.94,21.45,3.33,5491910538.0,3552969963.0,0.07,0.0,-2.32,-1.92
3389,603663,三祥新材,41.9,-1.99,-0.85,62421.0,263475793.0,2.6,42.89,41.78,42.88,42.75,0.89,1.48,170.64,13.41,17736259525.0,17716147525.0,-0.02,-0.17,16.52,18.53
3390,002363,隆基机械,7.88,-1.99,-0.16,48483.0,38437883.0,1.74,8.01,7.87,7.97,8.04,0.86,1.17,59.43,1.54,3285134972.0,3276174356.0,-0.25,-0.25,-19.43,-21.98
3391,600737,中粮糖业,14.27,-1.99,-0.29,149858.0,213837776.0,2.68,14.57,14.18,14.47,14.56,0.77,0.7,28.08,2.71,30521364214.0,30521364214.0,0.0,0.14,-17.61,-17.08
3392,603076,乐惠国际,28.57,-1.99,-0.58,57998.0,168314739.0,4.49,29.76,28.45,28.76,29.15,0.91,4.81,76.97,2.66,3448437398.0,3448437398.0,-0.03,-0.03,20.55,21.89
3393,002225,濮耐股份,5.43,-1.99,-0.11,147469.0,80166008.11,1.62,5.49,5.4,5.48,5.54,0.63,1.51,49.76,1.53,6294668568.0,5289780268.0,-0.37,0.0,-10.98,-4.74
3394,600109,国金证券,8.36,-1.99,-0.17,183878.0,154441411.0,1.52,8.48,8.35,8.46,8.53,0.9,0.5,13.66,0.89,30976850648.0,30976850648.0,-0.12,-0.12,-13.81,-10.11
3395,920299,灿能电力,23.67,-1.99,-0.48,27264.0,65398232.81,3.6,24.44,23.57,24.15,24.15,1.17,6.0,84.86,7.35,2132886563.0,1074967488.0,0.04,0.13,12.55,17.7
3396,300335,迪森股份,6.88,-1.99,-0.14,285542.0,195503320.0,2.71,6.96,6.77,6.93,7.02,0.67,7.43,36.93,1.69,3281845229.0,2643028808.0,0.29,0.0,16.81,19.44
3397,600422,昆药集团,11.31,-1.99,-0.23,66274.0,75586322.0,2.25,11.57,11.31,11.5,11.54,0.82,0.88,24.47,1.6,8561395812.0,8561395812.0,-0.35,-0.09,-11.36,-9.95
3398,600420,国药现代,10.36,-1.99,-0.21,123570.0,129433349.0,3.31,10.68,10.33,10.53,10.57,0.95,0.92,14.76,1.01,13894549089.0,13894549089.0,-0.29,-0.29,0.29,2.57
3399,002918,蒙娜丽莎,11.26,-2.0,-0.23,37596.0,42378650.0,2.44,11.46,11.18,11.41,11.49,0.73,1.76,42.88,1.4,4603160954.0,2411796628.0,-0.18,-0.35,-24.53,-20.87
3400,002882,金龙羽,26.45,-2.0,-0.54,26312.0,69743144.0,1.74,26.8,26.33,26.77,26.99,0.89,1.07,107.02,5.41,11450205000.0,6527398448.0,0.0,-0.04,-21.93,-12.3
3401,002401,中远海科,15.17,-2.0,-0.31,35535.0,54092385.88,2.26,15.45,15.1,15.39,15.48,0.94,0.96,173.26,3.41,5638210235.0,5633372370.0,-0.07,-0.07,-6.47,-4.77
3402,600765,中航重机,16.2,-2.0,-0.33,143295.0,233084527.0,1.21,16.37,16.17,16.36,16.53,0.81,0.92,41.31,1.79,25150405279.0,25150405279.0,-0.12,-0.12,-17.68,-15.45
3403,600755,厦门国贸,6.36,-2.0,-0.13,212376.0,135840818.0,2.0,6.48,6.35,6.46,6.49,0.9,1.0,17.67,0.69,13595270177.0,13560527977.0,0.0,-0.16,-9.79,-10.3
3404,920770,艾能聚,15.2,-2.0,-0.31,15297.0,23352933.24,1.61,15.42,15.17,15.4,15.51,0.57,1.87,45.67,3.21,1978009060.0,1244785760.0,-0.07,-0.26,-14.8,-11.06
3405,600493,凤竹纺织,7.34,-2.0,-0.15,63087.0,46614329.0,3.47,7.58,7.32,7.42,7.49,0.76,2.32,127.08,1.78,1996480000.0,1996480000.0,-0.54,-0.14,0.82,-0.54
3406,920414,欧普泰,12.26,-2.0,-0.25,22482.0,27924103.74,3.12,12.64,12.25,12.4,12.51,0.65,4.01,-61.77,3.53,977712576.0,687511217.0,-0.08,-0.33,6.33,8.98
3407,301100,风光股份,18.58,-2.0,-0.38,10021.0,18669359.0,2.74,18.95,18.43,18.86,18.96,0.75,1.15,-69.78,1.86,3716000000.0,1625750000.0,0.0,0.11,-13.3,-12.81
3408,605008,长鸿高科,12.24,-2.0,-0.25,18103.0,22276505.0,2.16,12.47,12.2,12.41,12.49,0.79,0.28,369.24,3.93,7906579947.0,7906579947.0,-0.33,-0.24,-14.82,-14.23
3409,301263,泰恩康,27.4,-2.0,-0.56,40856.0,112172828.0,4.29,28.3,27.1,27.71,27.96,0.6,1.35,278.42,6.72,11658631500.0,8318257907.0,-0.25,0.11,-6.16,-5.48
3410,002601,龙佰集团,17.62,-2.0,-0.36,145825.0,258050456.27,1.39,17.86,17.61,17.85,17.98,0.67,0.73,18.82,1.79,42010450747.0,35021561089.0,0.0,-0.06,-15.73,-10.01
3411,002593,日上集团,5.39,-2.0,-0.11,109256.0,59118488.0,2.36,5.49,5.36,5.46,5.5,0.87,1.96,41.58,1.79,4332794776.0,3012196746.0,-0.19,0.0,-9.56,-8.8
3412,300222,科大智能,10.77,-2.0,-0.22,114287.0,123574244.87,1.46,10.91,10.75,10.87,10.99,0.88,1.8,103.77,4.84,8382088890.0,6826063792.0,-0.09,0.0,-5.53,-1.55
3413,600073,光明肉业,5.87,-2.0,-0.12,64042.0,37835988.0,2.0,5.98,5.86,5.98,5.99,0.79,0.68,-41.56,1.17,5504472001.0,5504472001.0,0.0,-0.17,-9.55,-8.28
3414,300581,晨曦航空,12.75,-2.0,-0.26,63769.0,81787568.16,1.77,12.95,12.72,12.83,13.01,0.98,1.16,-120.15,7.34,7013896712.0,7013896712.0,0.0,-0.16,-25.7,-22.68
3415,600455,博通股份,25.79,-2.01,-0.53,22758.0,59544274.0,3.0,26.58,25.79,26.24,26.32,0.87,3.64,36.27,4.95,1610791820.0,1610791820.0,-0.31,-0.46,-2.79,-0.69
3416,600999,招商证券,15.57,-2.01,-0.32,270536.0,421837994.0,1.45,15.75,15.52,15.75,15.89,1.11,0.36,10.96,1.12,135404922369.0,115560622085.0,-0.06,0.0,-12.38,-6.43
3417,300765,新诺威,33.2,-2.01,-0.68,91693.0,306468600.17,3.54,34.21,33.01,33.51,33.88,0.64,0.65,-193.39,17.48,46632485741.0,46632485741.0,0.12,0.03,-12.45,-7.96
3418,003025,思进智能,13.64,-2.01,-0.28,29773.0,40820421.96,1.87,13.87,13.61,13.8,13.92,0.98,1.31,25.04,3.12,3873126531.0,3088313258.0,0.0,0.0,-4.48,-5.08
3419,301229,纽泰格,18.02,-2.01,-0.37,15546.0,28104592.0,2.23,18.36,17.95,18.36,18.39,0.82,1.2,77.82,3.0,3275684628.0,2329637133.0,0.0,-0.22,-18.46,-20.58
3420,301238,瑞泰新材,19.47,-2.01,-0.4,67437.0,132336407.66,2.57,19.93,19.42,19.77,19.87,1.04,0.92,90.88,1.97,14277999351.0,14277999351.0,0.0,0.05,-10.77,-4.56
3421,301236,软通动力,38.5,-2.01,-0.79,132686.0,512950886.04,1.45,38.97,38.4,38.68,39.29,1.0,1.69,302.28,3.54,39854787280.0,30249806279.0,0.03,-0.21,-21.06,-18.83
3422,301237,和顺科技,54.47,-2.01,-1.12,7215.0,39299239.59,3.11,55.53,53.8,55.48,55.59,0.93,1.24,-23.98,3.79,4357600000.0,3172877500.0,0.0,-0.02,0.91,-5.94
3423,300993,玉马科技,12.21,-2.01,-0.25,20482.0,25118217.6,2.33,12.44,12.15,12.35,12.46,0.98,0.85,25.53,2.46,3762281952.0,2940096877.0,0.0,-0.08,-19.3,-17.05
3424,300956,英力股份,14.64,-2.01,-0.3,30259.0,44586082.71,2.07,14.93,14.62,14.93,14.94,0.87,1.44,240.45,2.29,3153860942.0,3081023077.0,-0.27,-0.27,-13.22,-11.49
3425,300439,美康生物,9.75,-2.01,-0.2,46889.0,46103462.0,3.62,10.04,9.68,9.92,9.95,0.97,1.6,46.43,1.27,3747108446.0,2850237497.0,0.1,-0.1,-3.47,-1.02
3426,000850,华茂股份,4.88,-2.01,-0.1,90135.0,44324525.5,2.41,4.99,4.87,4.96,4.98,1.1,0.96,20.13,1.01,4605085244.0,4603776770.0,-0.41,-0.2,-11.75,-10.79
3427,002761,浙江建投,8.3,-2.01,-0.17,118620.0,99098705.56,2.36,8.48,8.28,8.39,8.47,0.75,1.1,54.65,1.35,10996435143.0,8978847995.0,-0.24,-0.36,-4.93,-3.15
3428,000802,北京文化,3.9,-2.01,-0.08,77445.0,30343509.0,2.26,3.98,3.89,3.95,3.98,0.86,1.08,-6.86,3.58,2792010995.0,2790314495.0,0.0,0.0,-14.47,-14.29
3429,920247,华密新材,19.93,-2.02,-0.41,10289.0,20604671.38,2.36,20.32,19.84,20.06,20.34,0.81,0.9,72.24,6.55,3139855228.0,2277723547.0,-0.15,-0.1,-27.05,-26.84
3430,688468,科美诊断,7.26,-2.02,-0.15,30784.0,22525565.0,3.1,7.44,7.21,7.37,7.41,0.96,0.77,65.58,2.06,2912044080.0,2912044080.0,0.0,0.14,-5.22,-1.09
3431,600409,三友化工,7.28,-2.02,-0.15,342186.0,249200895.0,3.63,7.44,7.17,7.4,7.43,0.89,1.66,92.65,1.08,15028463981.0,15028463981.0,-0.14,-0.27,11.15,17.61
3432,003039,顺控发展,14.54,-2.02,-0.3,28108.0,40998245.0,2.63,14.85,14.46,14.85,14.84,0.83,0.46,32.27,3.19,8978722334.0,8978722334.0,-0.07,0.07,-14.42,-8.73
3433,600327,大东方,3.89,-2.02,-0.08,102129.0,39975922.0,2.27,3.97,3.88,3.94,3.97,0.87,1.15,46.38,1.09,3441792325.0,3441792325.0,0.26,0.26,-23.87,-21.41
3434,688205,德科立,243.0,-2.02,-5.0,144962.0,3624994439.0,7.23,260.0,242.07,245.0,248.0,1.0,9.16,537.53,16.59,38463334947.0,38463334947.0,-0.08,-0.41,74.82,76.75
3435,601990,南京证券,7.26,-2.02,-0.15,130962.0,95575532.0,1.48,7.36,7.25,7.36,7.41,1.0,0.36,26.24,1.49,31941297792.0,26762981107.0,0.0,0.0,-11.46,-8.33
3436,600289,ST信通,7.27,-2.02,-0.15,85534.0,62461304.0,4.45,7.48,7.15,7.35,7.42,1.72,1.51,-25.15,4.1,4587748542.0,4114257913.0,-0.55,-0.41,8.51,9.49
3437,002612,朗姿股份,16.5,-2.02,-0.34,44988.0,74450008.0,2.26,16.8,16.42,16.71,16.84,1.18,1.77,5.54,2.14,7300348688.0,4203197246.0,0.0,0.12,-19.9,-19.28
3438,601377,兴业证券,5.81,-2.02,-0.12,600870.0,350677359.0,1.35,5.88,5.8,5.87,5.93,0.74,0.7,17.48,0.9,50175086178.0,50175086178.0,-0.17,0.0,-25.23,-21.7
3439,002117,东港股份,9.68,-2.02,-0.2,65619.0,63724727.0,2.23,9.85,9.63,9.81,9.88,0.87,1.25,35.17,3.54,5069618844.0,5067921089.0,0.0,0.0,-21.75,-29.91
3440,688219,会通股份,10.67,-2.02,-0.22,50664.0,54459949.0,2.11,10.89,10.66,10.83,10.89,1.12,0.92,28.51,1.95,5864232000.0,5864232000.0,-0.09,-0.09,-14.5,-14.09
3441,688226,威腾电气,52.01,-2.02,-1.07,128129.0,670082735.0,4.46,53.55,51.18,53.37,53.08,0.82,6.79,308.75,5.73,9818214795.0,9818214795.0,0.02,0.06,37.7,40.19
3442,300662,科锐国际,24.29,-2.02,-0.5,40435.0,98521227.34,1.86,24.57,24.11,24.51,24.79,0.96,2.06,15.72,2.11,4780426460.0,4767728450.0,0.04,0.08,-7.36,-4.11
3443,688518,联赢激光,25.28,-2.02,-0.52,92638.0,235625145.0,2.67,25.8,25.11,25.48,25.8,1.0,2.71,50.1,2.64,8628698402.0,8628698402.0,0.08,0.04,-5.46,4.08
3444,920249,利尔达,7.76,-2.02,-0.16,76075.0,59336267.98,2.9,7.93,7.7,7.93,7.92,1.04,6.1,66.56,4.29,3271848800.0,967435910.0,-0.39,-0.26,-42.77,-40.54
3445,300396,迪瑞医疗,11.62,-2.02,-0.24,20014.0,23403411.0,2.61,11.89,11.58,11.89,11.86,0.86,0.74,-27.24,1.67,3168775871.0,3164011764.0,0.0,-0.17,-12.04,-9.92
3446,300880,迦南智能,20.87,-2.02,-0.43,50979.0,106464303.75,2.49,21.22,20.69,21.13,21.3,0.63,2.61,44.75,3.89,4072515034.0,4072080687.0,0.0,0.14,14.67,18.71
3447,300907,康平科技,28.09,-2.02,-0.58,10998.0,31059781.0,2.2,28.67,28.04,28.45,28.67,0.57,1.15,40.89,3.37,2696640000.0,2696640000.0,0.14,0.18,-5.52,-5.29
3448,920139,华岭股份,16.92,-2.03,-0.35,30490.0,51848673.67,2.49,17.24,16.81,17.18,17.27,1.18,1.17,-81.52,4.37,4560065073.0,4398011945.0,0.0,0.0,-22.39,-19.04
3449,600825,新华传媒,5.79,-2.03,-0.12,92368.0,53731242.0,1.69,5.88,5.78,5.85,5.91,0.7,0.88,143.17,2.42,6049900652.0,6049900652.0,0.17,0.0,-8.24,-6.31
3450,301213,观想科技,68.1,-2.03,-1.41,10846.0,74503779.0,2.55,69.7,67.93,69.16,69.51,0.93,2.1,5354.89,6.94,5447999932.0,3521522437.0,-0.06,-0.07,-1.38,-1.38
3451,000059,华锦股份,5.32,-2.03,-0.11,268951.0,144203892.3,3.68,5.48,5.28,5.41,5.43,0.95,1.68,-4.58,0.84,8509034297.0,8509034297.0,0.0,0.0,-4.83,-0.56
3452,300258,精锻科技,12.08,-2.03,-0.25,117887.0,142710806.26,1.62,12.24,12.04,12.2,12.33,0.95,2.07,57.69,1.49,7067370695.0,6884282531.0,0.0,-0.08,-16.29,-15.64
3453,300298,三诺生物,15.9,-2.03,-0.33,36613.0,58710499.2,2.09,16.24,15.9,16.16,16.23,0.9,0.81,31.66,2.79,8908251549.0,7169519642.0,-0.13,-0.19,-10.27,-7.07
3454,300337,银邦股份,12.56,-2.03,-0.26,206867.0,259995354.58,2.42,12.75,12.44,12.58,12.82,0.56,2.91,121.08,5.97,10323656279.0,8935323290.0,-0.08,0.16,-28.02,-19.02
3455,600390,五矿资本,5.31,-2.03,-0.11,248131.0,132368078.0,1.85,5.4,5.3,5.38,5.42,0.82,0.55,23.75,0.56,23884727587.0,23884727587.0,0.0,0.0,-8.61,-4.32
3456,603059,倍加洁,32.26,-2.03,-0.67,8796.0,28387804.0,2.67,32.8,31.92,32.67,32.93,0.55,0.88,31.54,3.08,3240475062.0,3240475062.0,0.0,0.09,5.53,7.25
3457,000597,东北制药,5.32,-2.03,-0.11,286376.0,153964778.0,4.24,5.52,5.29,5.39,5.43,0.83,2.03,29.19,1.37,7592109570.0,7496804281.0,-0.19,0.0,0.0,1.92
3458,601872,招商轮船,19.75,-2.03,-0.41,2002806.0,3936070533.0,9.38,20.75,18.86,20.33,20.16,0.85,2.48,26.53,3.71,159472135415.0,159472135415.0,0.3,0.3,116.08,119.93
3459,600997,开滦股份,5.79,-2.03,-0.12,145648.0,84862390.0,2.54,5.92,5.77,5.91,5.91,0.74,0.92,-283.97,0.67,9193361137.0,9193361137.0,-0.17,0.0,-1.19,0.7
3460,920527,夜光明,16.37,-2.03,-0.34,3183.0,5257003.3,3.17,16.73,16.2,16.69,16.71,0.67,0.88,55.62,2.5,982898999.0,595016547.0,-0.12,-0.12,-12.74,-9.61
3461,000563,陕国投Ａ,3.37,-2.03,-0.07,404604.0,137100571.46,1.74,3.42,3.36,3.42,3.44,0.94,0.79,12.03,0.91,17234080106.0,17234080106.0,-0.3,0.3,-5.6,-2.32
3462,002285,世联行,2.89,-2.03,-0.06,372477.0,107579080.0,3.05,2.94,2.85,2.93,2.95,0.75,1.89,-8.86,2.63,5759275920.0,5708439123.0,0.0,0.0,-4.3,1.4
3463,000009,中国宝安,8.67,-2.03,-0.18,180972.0,157366549.57,1.81,8.79,8.63,8.79,8.85,0.98,0.7,59.21,2.22,22361785077.0,22334097432.0,0.12,0.0,-14.75,-11.98
3464,000002,万  科Ａ,3.87,-2.03,-0.08,857803.0,332161941.82,1.52,3.91,3.85,3.9,3.95,0.81,0.88,-0.52,0.39,46171845653.0,37604541798.0,0.0,0.26,-19.88,-16.77
3465,000031,大悦城,2.89,-2.03,-0.06,132554.0,38582883.0,2.37,2.95,2.88,2.93,2.95,0.81,0.31,-17.43,1.22,12387445550.0,12387420586.0,-0.34,0.0,-0.34,2.48
3466,002984,森麒麟,17.8,-2.04,-0.37,80936.0,144530981.6,1.93,18.08,17.73,18.03,18.17,0.64,1.13,13.63,1.36,18445524850.0,12707551613.0,0.0,0.0,-18.83,-15.92
3467,605599,菜百股份,22.53,-2.04,-0.47,39038.0,87899265.0,2.48,22.89,22.32,22.66,23.0,0.74,0.5,20.32,4.21,17523333834.0,17523333834.0,0.09,-0.04,27.94,37.63
3468,002375,亚厦股份,3.85,-2.04,-0.08,112738.0,43708038.0,3.05,3.95,3.83,3.94,3.93,1.03,0.85,14.59,0.63,5158986517.0,5108155737.0,0.0,0.0,-8.55,1.58
3469,601226,华电科工,9.13,-2.04,-0.19,189779.0,173666071.0,1.93,9.27,9.09,9.25,9.32,0.81,1.63,67.71,2.41,10611102381.0,10611102381.0,-0.11,0.22,12.02,16.45
3470,603578,三星新材,12.5,-2.04,-0.26,23490.0,29470361.0,3.06,12.8,12.41,12.7,12.76,0.75,1.3,-58.07,2.3,2925757050.0,2254462900.0,0.08,0.16,3.56,3.48
3471,000785,居然智家,2.4,-2.04,-0.05,415354.0,99970031.0,2.86,2.45,2.38,2.43,2.45,0.93,0.7,-14.96,0.78,14944917154.0,14154224314.0,0.0,0.0,-20.0,-17.81
3472,688186,广大特材,23.48,-2.04,-0.49,62214.0,146922080.0,2.09,23.96,23.46,23.67,23.97,0.92,2.22,30.71,1.39,6585890079.0,6585890079.0,0.0,-0.04,-0.04,3.53
3473,002065,东华软件,8.18,-2.04,-0.17,319964.0,262500862.68,1.44,8.29,8.17,8.26,8.35,1.1,1.1,54.94,2.13,26220845828.0,23786799089.0,-0.12,-0.24,-13.44,-10.6
3474,002108,沧州明珠,4.79,-2.04,-0.1,440435.0,211227586.71,2.45,4.88,4.76,4.86,4.89,0.68,2.67,42.37,1.59,7896785407.0,7891516407.0,-0.21,-0.21,-3.62,0.42
3475,300339,润和软件,39.9,-2.04,-0.83,193714.0,774758665.13,1.62,40.36,39.7,40.13,40.73,1.16,2.49,303.32,8.82,31776792556.0,31029692028.0,0.0,-0.03,-22.25,-19.39
3476,300528,幸福蓝海,16.33,-2.04,-0.34,117729.0,192629652.4,1.8,16.54,16.24,16.42,16.67,1.32,3.16,-1108.16,11.51,6084689522.0,6084689522.0,0.06,-0.06,-21.07,-21.45
3477,600839,四川长虹,8.66,-2.04,-0.18,516140.0,448454566.0,1.13,8.75,8.65,8.71,8.84,1.05,1.12,29.75,2.59,39976674963.0,39965541744.0,0.0,0.0,-7.77,-4.84
3478,000791,甘肃能源,7.21,-2.04,-0.15,351609.0,253773397.52,1.63,7.29,7.17,7.29,7.36,0.65,1.82,11.4,1.55,23388084540.0,13955908782.0,0.14,0.14,9.57,11.78
3479,688297,中无人机,47.95,-2.04,-1.0,79181.0,381437427.0,2.57,49.0,47.74,49.0,48.95,1.02,1.17,365.41,5.65,32366250000.0,32366250000.0,-0.1,-0.06,-4.1,-0.15
3480,002010,传化智联,5.76,-2.04,-0.12,186115.0,107735190.44,1.7,5.85,5.75,5.84,5.88,0.79,0.68,18.75,0.89,15920818030.0,15880670531.0,0.17,-0.17,-7.1,-0.86
3481,002091,江苏国泰,9.07,-2.05,-0.19,210494.0,192020389.0,2.27,9.23,9.02,9.18,9.26,1.06,1.32,11.41,0.91,14763379313.0,14495589069.0,-0.11,-0.11,-1.63,0.44
3482,920069,普昂医疗,34.35,-2.05,-0.72,19750.0,69614010.92,5.19,36.16,34.34,34.7,35.07,0.66,13.36,20.25,2.42,1817595900.0,507615197.0,-0.2,-0.2,86.89,86.89
3483,002016,世荣兆业,5.73,-2.05,-0.12,91313.0,52420008.0,3.42,5.86,5.66,5.81,5.85,0.54,1.13,28.03,0.95,4636117971.0,4636117971.0,0.0,0.0,-2.55,-0.87
3484,688017,绿的谐波,199.28,-2.05,-4.17,39800.0,794983830.0,2.34,202.12,197.35,199.99,203.45,0.7,2.17,292.47,10.33,36534027310.0,36534027310.0,-0.01,-0.05,-0.26,3.74
3485,300879,大叶股份,24.81,-2.05,-0.52,55023.0,136407661.5,3.4,25.25,24.39,25.09,25.33,0.86,2.74,30.42,3.64,5021515047.0,4987515795.0,0.0,0.16,-17.22,-16.88
3486,000766,通化金马,21.07,-2.05,-0.44,200985.0,427707914.2,2.88,21.68,21.06,21.2,21.51,0.84,2.08,611.82,8.85,20364043476.0,20353781839.0,-0.05,-0.14,-20.91,-23.35
3487,603172,万丰股份,21.06,-2.05,-0.44,16879.0,35812531.0,2.23,21.48,21.0,21.43,21.5,0.97,3.37,56.56,2.58,2808982800.0,1054684800.0,-0.47,-0.24,18.98,18.31
3488,000536,华映科技,4.29,-2.05,-0.09,345568.0,148588643.0,1.37,4.34,4.28,4.3,4.38,0.96,1.25,-12.33,20.75,11866280725.0,11853623994.0,0.0,0.0,-18.13,-12.09
3489,301365,矩阵股份,31.11,-2.05,-0.65,48595.0,151427967.5,4.0,31.77,30.5,31.56,31.76,0.66,4.79,61.01,3.21,5599800000.0,3154004971.0,0.23,-0.1,29.63,30.49
3490,688021,奥福科技,24.39,-2.05,-0.51,20551.0,50471149.0,3.98,24.98,23.99,24.9,24.9,0.51,2.69,132.81,2.14,1863730558.0,1863730558.0,0.29,0.25,32.41,32.92
3491,603700,宁水集团,13.37,-2.05,-0.28,26564.0,35927731.0,3.08,13.79,13.37,13.72,13.65,0.87,1.33,26.6,1.66,2673491058.0,2673491058.0,-0.07,-0.22,-1.11,-1.62
3492,002673,西部证券,7.16,-2.05,-0.15,228528.0,164388591.73,1.64,7.27,7.15,7.25,7.31,0.78,0.51,18.25,1.06,32002205008.0,32002205008.0,0.0,0.0,-12.79,-9.25
3493,002400,省广集团,8.58,-2.05,-0.18,1541877.0,1319113346.05,2.17,8.66,8.47,8.55,8.76,1.0,8.93,166.25,2.99,14957832558.0,14810492422.0,-0.23,0.0,-7.14,-3.27
3494,600958,东方证券,9.06,-2.05,-0.19,468804.0,426545299.0,1.84,9.19,9.02,9.18,9.25,1.21,0.63,13.66,0.97,76979606346.0,67673514748.0,0.0,0.0,-20.73,-16.88
3495,600557,康缘药业,13.78,-2.06,-0.29,76003.0,106376715.0,4.05,14.33,13.76,13.95,14.07,1.23,1.34,29.31,1.65,7801668347.0,7801668347.0,-0.14,-0.07,-5.36,-2.34
3496,002615,哈尔斯,8.1,-2.06,-0.17,73959.0,60291154.0,2.78,8.31,8.08,8.27,8.27,0.62,2.42,33.97,2.22,4534474948.0,2476353149.0,0.0,0.0,4.79,5.61
3497,300645,正元智慧,17.08,-2.06,-0.36,22677.0,39024088.0,2.64,17.5,17.04,17.49,17.44,0.65,1.63,266.66,2.35,2427179276.0,2379593184.0,0.06,-0.12,-9.92,-8.81
3498,002671,龙泉股份,4.75,-2.06,-0.1,176726.0,84370926.86,2.68,4.85,4.72,4.84,4.85,0.61,3.21,56.36,1.62,2675325144.0,2616927466.0,0.0,0.0,-9.18,-9.35
3499,000027,深圳能源,6.64,-2.06,-0.14,337821.0,225127129.53,1.62,6.73,6.62,6.72,6.78,0.73,0.71,12.06,0.96,31589069042.0,31589069042.0,0.15,0.0,0.0,1.84
3500,000529,广弘控股,5.71,-2.06,-0.12,45452.0,26130306.5,2.74,5.85,5.69,5.84,5.83,0.79,0.8,37.23,1.05,3333442784.0,3254039793.0,-0.17,0.0,-5.46,-4.99
3501,603848,好太太,15.24,-2.06,-0.32,17535.0,26814917.0,2.31,15.52,15.16,15.5,15.56,1.16,0.44,32.12,2.45,6132675228.0,6132675228.0,-0.13,-0.07,-18.63,-16.58
3502,603706,东方环宇,19.04,-2.06,-0.4,11084.0,21277578.0,2.31,19.48,19.03,19.33,19.44,1.09,0.59,19.57,2.17,3605846875.0,3605846875.0,-0.16,-0.21,-3.94,-1.86
3503,300935,盈建科,29.48,-2.06,-0.62,13655.0,40344802.2,2.49,30.1,29.35,29.99,30.1,0.75,2.27,-37.05,2.95,2341616446.0,1776867349.0,-0.07,-0.2,-9.93,-2.83
3504,920080,奥美森,22.32,-2.06,-0.47,4618.0,10350662.12,3.07,22.8,22.1,22.79,22.79,0.74,2.04,26.8,3.33,1852560000.0,505780150.0,0.4,0.5,-20.4,-19.07
3505,000750,国海证券,3.8,-2.06,-0.08,336028.0,128629504.0,1.55,3.86,3.8,3.85,3.88,0.79,0.58,31.55,1.08,24267463013.0,22025575113.0,-0.26,0.0,-13.83,-10.38
3506,688560,明冠新材,14.24,-2.06,-0.3,32778.0,46720026.0,2.13,14.47,14.16,14.43,14.54,0.75,1.63,-20.76,1.11,2866539312.0,2866539312.0,-0.07,0.07,-10.66,-0.35
3507,300395,菲利华,97.98,-2.06,-2.06,218121.0,2147468161.25,1.97,99.47,97.5,98.0,100.04,0.95,4.26,115.0,11.24,51171786601.0,50129461251.0,-0.01,0.05,-2.59,-2.31
3508,000686,东北证券,8.07,-2.06,-0.17,143741.0,116611345.49,1.33,8.18,8.07,8.15,8.24,1.18,0.61,13.28,0.95,18887455024.0,18887455024.0,-0.12,-0.12,-19.14,-13.41
3509,000698,ST沈化,3.8,-2.06,-0.08,62722.0,24002271.0,2.06,3.87,3.79,3.85,3.88,1.06,0.8,-285.38,2.26,3114154701.0,2985714701.0,0.0,0.0,1.33,3.83
3510,300928,华安鑫创,28.96,-2.06,-0.61,10298.0,29994406.0,2.71,29.63,28.83,29.57,29.57,0.92,1.92,-29.78,2.11,2316800000.0,1551864403.0,0.0,-0.07,-9.98,-7.03
3511,603583,捷昌驱动,32.81,-2.06,-0.69,33905.0,111968623.0,1.85,33.37,32.75,33.05,33.5,0.77,0.89,24.98,2.69,12657145034.0,12541522594.0,0.0,0.0,-13.79,-13.82
3512,600373,中文传媒,8.54,-2.06,-0.18,74430.0,63944206.0,1.38,8.66,8.54,8.65,8.72,1.07,0.55,21.61,0.67,11506443460.0,11506443460.0,-0.12,-0.12,-9.15,-8.57
3513,601011,宝泰隆,3.32,-2.06,-0.07,332084.0,110907147.0,2.65,3.4,3.31,3.36,3.39,0.73,1.73,94.73,1.1,6360006269.0,6360006269.0,-0.3,0.0,-1.48,-2.35
3514,600637,东方明珠,9.52,-2.06,-0.2,334018.0,319375582.0,1.44,9.65,9.51,9.6,9.72,1.01,0.99,44.32,1.07,32005286258.0,32005286258.0,-0.1,-0.1,-4.9,-3.35
3515,600582,天地科技,5.7,-2.06,-0.12,328466.0,187991497.0,1.89,5.8,5.69,5.78,5.82,1.33,0.79,9.64,0.92,23589956684.0,23589956684.0,-0.18,0.0,-3.55,-2.23
3516,300817,双飞集团,17.63,-2.06,-0.37,19986.0,35443529.58,2.11,17.97,17.59,17.97,18.0,1.32,1.6,62.72,3.78,3848597971.0,2208355890.0,-0.23,-0.17,-15.81,-16.88
3517,688443,智翔金泰-U,28.48,-2.06,-0.6,52594.0,152419894.0,4.57,29.73,28.4,28.75,29.08,1.05,4.51,-19.48,6.58,10443046400.0,3323046400.0,-0.25,-0.21,0.71,4.55
3518,688115,思林杰,40.39,-2.06,-0.85,5911.0,24132292.0,2.69,41.5,40.39,41.5,41.24,0.95,0.89,-277.55,2.12,2692801300.0,2692801300.0,-0.37,-0.39,-37.34,-38.41
3519,000728,国元证券,7.61,-2.06,-0.16,176509.0,135151451.24,1.54,7.73,7.61,7.73,7.77,0.93,0.4,12.36,0.88,33208349751.0,33208349751.0,-0.13,-0.13,-13.13,-8.86
3520,600020,中原高速,3.78,-2.07,-0.08,94879.0,36069788.0,2.33,3.86,3.77,3.84,3.86,0.87,0.42,6.63,0.71,8495065525.0,8495065525.0,-0.26,0.0,-11.68,-11.27
3521,600217,中再资环,3.78,-2.07,-0.08,118772.0,45127012.0,2.07,3.85,3.77,3.84,3.86,1.03,0.72,-12.6,2.04,6265930884.0,6265930884.0,-0.79,-0.26,-9.35,-7.35
3522,600307,酒钢宏兴,1.89,-2.07,-0.04,810884.0,153137474.0,2.59,1.92,1.87,1.91,1.93,0.59,1.29,-12.49,1.74,11837745531.0,11837745531.0,0.53,0.0,12.5,14.55
3523,603101,汇嘉时代,8.03,-2.07,-0.17,36287.0,29299779.0,2.2,8.19,8.01,8.17,8.2,0.96,0.77,35.23,2.66,3777312000.0,3777312000.0,0.12,0.0,-21.12,-16.0
3524,002608,江苏国信,8.05,-2.07,-0.17,146540.0,118316620.0,2.31,8.2,8.01,8.14,8.22,0.72,0.39,7.07,0.87,30413541617.0,30413541617.0,0.0,0.12,7.19,8.93
3525,002560,通达股份,13.27,-2.07,-0.28,1520321.0,2015107280.48,6.57,13.73,12.84,13.03,13.55,0.86,33.57,43.22,2.56,6976550824.0,6010460747.0,-0.08,-0.23,32.97,31.65
3526,300724,捷佳伟创,105.72,-2.07,-2.23,157072.0,1646144744.68,4.61,107.2,102.22,106.44,107.95,0.99,5.46,10.27,2.75,36821430874.0,30417171548.0,0.02,-0.21,6.44,10.59
3527,688062,迈威生物-U,37.93,-2.07,-0.8,78472.0,301066964.0,3.98,39.4,37.86,38.25,38.73,0.72,3.84,-15.64,43.37,15156828000.0,7744168100.0,-0.05,-0.05,-8.07,-1.4
3528,688283,坤恒顺维,39.2,-2.07,-0.83,18590.0,72116119.0,4.32,40.03,38.3,40.03,40.03,1.61,1.53,102.09,4.85,4774560000.0,4774560000.0,0.08,0.2,-11.59,-2.73
3529,000531,穗恒运Ａ,6.61,-2.07,-0.14,169620.0,112670228.37,2.52,6.75,6.58,6.71,6.75,0.71,1.86,22.76,1.02,6883662805.0,6013417676.0,0.0,0.15,0.76,3.12
3530,688126,沪硅产业,17.51,-2.07,-0.37,238238.0,420727436.0,2.29,17.88,17.47,17.6,17.88,1.17,0.87,-39.21,2.89,57870959611.0,47831343084.0,-0.06,-0.17,-24.23,-19.09
3531,300437,清水源,15.59,-2.07,-0.33,120248.0,188189081.0,2.83,15.92,15.47,15.8,15.92,0.78,6.92,-78.76,2.82,3822716282.0,2708771807.0,-0.06,-0.06,-15.82,-2.38
3532,688591,泰凌微,37.29,-2.07,-0.79,37281.0,139567331.0,1.68,37.78,37.14,37.7,38.08,1.32,2.21,70.53,3.69,8977326457.0,6281029005.0,0.0,0.08,-18.55,-12.38
3533,688691,灿芯股份,97.5,-2.07,-2.06,46752.0,459091917.0,3.57,100.1,96.55,97.0,99.56,0.95,6.54,-101.68,9.49,11700000000.0,6967838475.0,0.02,0.05,-10.64,-4.39
3534,300421,力星股份,24.15,-2.07,-0.51,106606.0,258071878.92,2.15,24.48,23.95,24.35,24.66,0.85,4.63,103.11,5.6,7100836189.0,5562809339.0,0.0,-0.08,-28.87,-34.34
3535,000068,华控赛格,3.3,-2.08,-0.07,82792.0,27574338.0,2.37,3.38,3.3,3.36,3.37,0.58,0.82,-31.79,5.5,3322015831.0,3322015831.0,0.0,0.0,-4.62,-2.37
3536,300673,佩蒂股份,15.03,-2.08,-0.32,19586.0,29573331.0,2.41,15.36,14.99,15.3,15.35,0.67,1.22,24.54,2.03,3717007001.0,2411314453.0,0.0,-0.07,-18.89,-16.17
3537,601688,华泰证券,17.93,-2.08,-0.38,505118.0,908186198.0,1.58,18.15,17.86,18.11,18.31,0.75,0.69,9.88,0.93,161851667683.0,131010172841.0,0.0,0.11,-29.85,-23.99
3538,600643,爱建集团,5.17,-2.08,-0.11,435225.0,225183557.0,2.08,5.22,5.11,5.21,5.28,0.55,2.74,32.9,0.69,8236692922.0,8222118372.0,0.0,-0.19,-8.5,-6.51
3539,002546,新联电子,8.95,-2.08,-0.19,182432.0,163456560.0,1.64,9.04,8.89,9.02,9.14,0.91,2.28,12.91,1.97,7464739409.0,7171027259.0,-0.11,0.11,22.94,28.04
3540,601899,紫金矿业,33.9,-2.08,-0.72,2206590.0,7488451267.0,1.3,34.19,33.74,33.99,34.62,0.86,1.07,17.41,4.9,901425225686.0,698400787446.0,0.0,0.12,-9.84,-1.65
3541,920719,宁新新材,10.38,-2.08,-0.22,10077.0,10513376.75,2.45,10.57,10.31,10.56,10.6,0.88,1.38,-2.9,2.87,966309492.0,759750212.0,-0.1,-0.1,-21.78,-19.53
3542,002737,葵花药业,12.23,-2.08,-0.26,41361.0,51109032.61,2.8,12.58,12.23,12.43,12.49,1.05,0.71,-159.72,1.76,7142320000.0,7142320000.0,-0.08,-0.24,-18.25,-17.2
3543,920367,新赣江,19.3,-2.08,-0.41,25813.0,50706925.82,5.58,20.25,19.15,19.61,19.71,0.7,6.15,93.77,2.84,1367622125.0,810456755.0,-0.1,-0.1,-7.66,-4.31
3544,300783,三只松鼠,18.37,-2.08,-0.39,39504.0,73105100.71,2.4,18.79,18.34,18.72,18.76,1.06,1.41,34.44,2.48,7378676063.0,5148484583.0,-0.11,0.0,-21.93,-20.65
3545,688348,昱能科技,52.7,-2.08,-1.12,28628.0,150615126.0,3.25,53.75,52.0,52.98,53.82,0.7,1.83,-62.82,2.4,8235820825.0,8235820825.0,-0.09,0.09,-1.44,4.58
3546,600118,中国卫星,79.13,-2.08,-1.68,277152.0,2192400856.0,3.08,80.33,77.84,79.21,80.81,0.85,2.34,2631.58,14.7,93570365253.0,93570365253.0,0.0,-0.04,-26.05,-16.66
3547,001231,农心科技,23.57,-2.08,-0.5,12015.0,28518881.49,2.99,24.12,23.4,24.06,24.07,0.69,2.36,44.39,2.38,2355585800.0,1198334155.0,0.04,-0.13,-21.88,-5.49
3548,920152,昆工科技,15.47,-2.09,-0.33,18653.0,29119525.19,3.23,15.89,15.38,15.89,15.8,1.24,2.27,-8.4,8.27,1722456099.0,1271034151.0,0.0,0.0,-39.59,-30.32
3549,920262,太湖雪,19.68,-2.09,-0.42,4289.0,8475234.51,2.24,20.04,19.59,19.89,20.1,0.85,1.38,35.18,3.79,1360167161.0,613728810.0,0.05,0.2,-19.93,-19.34
3550,920019,铜冠矿建,17.77,-2.09,-0.38,17496.0,31355152.92,1.76,18.09,17.77,17.99,18.15,0.98,1.04,86.99,4.09,3736439259.0,2977108785.0,-0.39,-0.34,-15.86,-15.22
3551,300586,美联新材,9.36,-2.09,-0.2,124794.0,117792727.23,3.66,9.63,9.28,9.43,9.56,1.22,2.33,-94.53,3.61,6656987797.0,5003822940.0,-0.11,-0.11,-15.6,-14.05
3552,601595,上海电影,24.77,-2.09,-0.53,47019.0,116654905.0,1.42,25.04,24.68,25.04,25.3,0.88,1.05,59.72,6.41,11101914000.0,11101914000.0,0.0,-0.12,-12.78,-13.48
3553,000153,丰原药业,6.56,-2.09,-0.14,213131.0,141903809.66,4.93,6.85,6.52,6.68,6.7,1.06,4.64,22.8,1.45,3048337024.0,3010177340.0,0.15,-0.15,1.71,4.63
3554,300656,民德电子,21.05,-2.09,-0.45,26592.0,56184904.4,2.37,21.46,20.95,21.46,21.5,1.09,2.0,-241.18,3.68,3602182766.0,2797500627.0,-0.05,-0.05,-7.47,-4.41
3555,603887,城地香江,15.95,-2.09,-0.34,145388.0,233778708.0,2.82,16.36,15.9,16.1,16.29,0.65,2.44,2524.27,2.72,9602369265.0,9494706765.0,-0.13,-0.13,13.68,17.97
3556,300124,汇川技术,66.04,-2.09,-1.41,201658.0,1336566297.58,1.5,66.88,65.87,66.77,67.45,1.28,0.84,31.52,5.2,178785377536.0,158401349359.0,0.0,-0.05,-15.85,-12.33
3557,300853,申昊科技,18.7,-2.09,-0.4,24888.0,46497457.2,2.36,18.99,18.54,18.99,19.1,0.98,2.53,-15.98,4.5,2747947085.0,1838472155.0,-0.05,-0.16,-11.42,-9.75
3558,300441,鲍斯股份,7.04,-2.09,-0.15,38677.0,27395752.0,1.81,7.17,7.04,7.14,7.19,1.13,0.62,21.14,1.84,4536687711.0,4410906093.0,0.0,-0.14,-8.69,-6.75
3559,000738,航发控制,21.04,-2.09,-0.45,176754.0,373215497.26,1.63,21.33,20.98,21.26,21.49,0.93,1.34,82.74,2.22,27671471381.0,27671471381.0,0.05,0.0,-6.24,-1.27
3560,300615,欣天科技,14.04,-2.09,-0.3,63884.0,90037446.0,4.18,14.48,13.88,14.28,14.34,0.86,4.22,-313.68,5.37,2712937968.0,2124007887.0,0.21,0.14,4.15,5.72
3561,300707,威唐工业,15.88,-2.1,-0.34,57413.0,91316485.0,2.47,16.15,15.75,16.06,16.22,1.06,3.94,64.76,2.44,2803473589.0,2315370204.0,0.13,0.06,-10.23,-3.47
3562,601005,重庆钢铁,1.4,-2.1,-0.03,900282.0,127108835.0,2.1,1.43,1.4,1.42,1.43,1.13,1.08,-4.55,0.89,12392469274.0,11639091194.0,-0.71,0.0,-6.04,-4.11
3563,603280,南方路机,35.45,-2.1,-0.76,17908.0,63925146.0,3.09,36.38,35.26,35.97,36.21,0.95,6.41,37.43,2.83,3843016345.0,990532095.0,-0.03,0.11,-6.22,-5.21
3564,300301,ST长方,3.27,-2.1,-0.07,263136.0,86592922.94,5.99,3.4,3.2,3.34,3.34,0.6,3.33,-18.05,29.68,2713670875.0,2582643937.0,0.0,0.0,36.82,37.97
3565,688132,邦彦技术,16.79,-2.1,-0.36,10027.0,16924126.0,2.57,17.05,16.61,17.0,17.15,0.81,0.66,-12.04,2.07,2555861175.0,2555861175.0,-0.36,0.0,-10.36,-8.85
3566,600186,莲花控股,7.47,-2.1,-0.16,2647070.0,2005180609.0,5.9,7.85,7.4,7.56,7.63,1.58,14.87,43.32,6.85,13391951868.0,13298753534.0,-0.13,-0.13,20.68,24.92
3567,300589,江龙船艇,15.87,-2.1,-0.34,118545.0,188966542.35,1.85,16.09,15.79,16.01,16.21,0.89,5.12,-121.96,7.62,5993591097.0,3675601725.0,-0.06,-0.06,-23.63,-12.08
3568,600271,航天信息,8.36,-2.11,-0.18,149736.0,125583967.0,2.22,8.52,8.33,8.52,8.54,1.04,0.81,-25.38,1.15,15490115574.0,15490115574.0,0.0,0.0,-30.1,-28.49
3569,603648,畅联股份,9.76,-2.11,-0.21,22307.0,21964934.0,2.71,10.0,9.73,9.97,9.97,1.04,0.62,28.71,1.9,3537148928.0,3537148928.0,0.0,0.0,-8.36,-10.46
3570,000958,电投产融,6.04,-2.11,-0.13,269844.0,163829297.0,2.43,6.17,6.02,6.12,6.17,0.85,0.5,127.65,1.6,104933697511.0,32515745936.0,0.0,0.17,-8.48,-6.65
3571,601689,拓普集团,58.33,-2.11,-1.26,215999.0,1259525490.0,1.83,58.85,57.76,58.74,59.59,0.84,1.24,36.48,4.21,101367949381.0,101367949381.0,0.02,-0.02,-23.65,-24.42
3572,920037,广信科技,71.9,-2.11,-1.55,10831.0,78808996.48,4.68,74.54,71.1,73.0,73.45,1.09,3.66,33.24,7.74,6576183085.0,2125673745.0,0.0,-0.04,-16.04,-14.4
3573,000166,申万宏源,4.64,-2.11,-0.1,751152.0,350286147.96,1.69,4.71,4.63,4.71,4.74,1.1,0.33,12.22,1.04,116185342758.0,104564753946.0,-0.22,-0.22,-15.48,-11.95
3574,002182,宝武镁业,16.22,-2.11,-0.35,170711.0,278152895.1,1.57,16.44,16.18,16.4,16.57,0.7,1.97,137.98,2.99,16086858990.0,14038612117.0,0.06,0.0,-4.31,6.01
3575,688056,莱伯泰科,35.19,-2.11,-0.76,7176.0,25476612.0,3.2,36.16,35.01,35.8,35.95,1.04,1.06,60.28,2.9,2373652067.0,2373652067.0,-0.17,-0.03,3.17,4.7
3576,605088,冠盛股份,32.87,-2.11,-0.71,18664.0,61550634.0,1.79,33.36,32.76,33.36,33.58,0.83,0.93,22.23,2.32,6663605362.0,6564640366.0,0.0,0.03,-13.45,-7.67
3577,605028,世茂能源,27.83,-2.11,-0.6,15459.0,43082009.0,1.9,28.22,27.68,28.11,28.43,0.58,0.97,25.83,3.25,4452800000.0,4452800000.0,0.07,0.04,-4.03,-5.79
3578,603967,中创物流,12.98,-2.11,-0.28,27035.0,35414442.0,2.87,13.35,12.97,13.15,13.26,0.61,0.78,17.25,1.89,4499733896.0,4499733896.0,-0.38,-0.23,-4.35,-5.46
3579,300861,美畅股份,15.76,-2.11,-0.34,70750.0,112247658.56,1.74,16.02,15.74,16.02,16.1,1.03,1.68,50.55,1.67,10588205334.0,6648590651.0,0.0,-0.13,3.34,5.56
3580,688800,瑞可达,87.38,-2.11,-1.88,52169.0,459201120.0,2.53,89.28,87.02,87.84,89.26,0.89,2.54,58.53,7.57,17971823392.0,17971823392.0,-0.08,-0.13,6.95,5.28
3581,600408,安泰集团,3.25,-2.11,-0.07,419925.0,136195391.0,3.92,3.34,3.21,3.33,3.32,0.66,4.17,-15.75,2.41,3272100000.0,3272100000.0,0.0,-0.31,-21.5,-19.35
3582,600775,南京熊猫,13.43,-2.11,-0.29,203289.0,273310137.0,1.68,13.58,13.35,13.51,13.72,0.75,3.03,1143.61,3.93,12272851444.0,9022791444.0,0.07,0.0,-9.13,9.9
3583,600918,中泰证券,5.99,-2.12,-0.13,220293.0,132406517.0,1.8,6.07,5.96,6.07,6.12,1.1,0.56,33.06,1.07,47430862566.0,23515825441.0,0.34,0.34,-11.26,-7.85
3584,920174,五新隧装,38.86,-2.12,-0.84,16320.0,64635160.68,4.61,40.49,38.66,39.53,39.7,0.76,1.88,42.34,3.23,8428924064.0,3380849495.0,-0.05,0.03,-20.16,-19.61
3585,600601,方正科技,10.16,-2.12,-0.22,968222.0,991938998.0,2.89,10.4,10.1,10.3,10.38,1.65,2.32,91.96,9.39,43421227732.0,42370179796.0,0.0,0.2,-19.37,-13.31
3586,601003,柳钢股份,4.61,-2.12,-0.1,135731.0,62969616.0,2.55,4.71,4.59,4.68,4.71,1.14,0.53,13.81,1.31,12143762364.0,11814476652.0,0.0,0.0,-8.53,-8.35
3587,002059,云南旅游,5.08,-2.12,-0.11,147108.0,74896766.94,3.08,5.2,5.04,5.19,5.19,1.0,1.5,-15.6,4.71,5143168850.0,4993873975.0,0.0,0.2,-5.75,-5.58
3588,688244,永信至诚,18.95,-2.12,-0.41,17428.0,33087648.0,2.07,19.25,18.85,19.02,19.36,1.05,1.15,-64.14,2.93,2860720785.0,2860720785.0,-0.05,-0.16,-22.65,-22.46
3589,301233,盛帮股份,51.63,-2.12,-1.12,5770.0,30001503.0,2.86,52.75,51.24,52.7,52.75,0.57,2.05,29.43,2.75,2657396100.0,1454965669.0,-0.21,-0.17,-1.96,-2.44
3590,002500,山西证券,5.55,-2.12,-0.12,185803.0,103898823.4,2.12,5.65,5.53,5.63,5.67,1.09,0.52,20.42,1.09,19923232086.0,19923232086.0,-0.18,0.0,-11.2,-7.35
3591,600372,中航机载,12.92,-2.12,-0.28,333106.0,432093927.0,1.82,13.09,12.85,13.06,13.2,1.13,0.69,58.58,1.65,62518544460.0,62518544460.0,-0.15,0.0,-8.76,-3.73
3592,300592,华凯易佰,12.91,-2.12,-0.28,75989.0,98379763.0,4.09,13.3,12.76,13.26,13.19,0.61,2.18,79.25,2.26,5220306565.0,4504092104.0,0.0,0.08,17.26,18.88
3593,600449,宁夏建材,12.45,-2.12,-0.27,41830.0,52522455.0,2.99,12.8,12.42,12.66,12.72,0.81,0.87,32.69,0.81,5953353973.0,5953353973.0,0.0,-0.08,-1.03,0.73
3594,600789,鲁抗医药,8.32,-2.12,-0.18,186418.0,157154023.0,3.18,8.58,8.31,8.42,8.5,1.11,2.07,46.19,1.89,8695978953.0,7476931338.0,-0.24,-0.12,-9.96,-7.96
3595,300120,经纬辉开,7.4,-2.12,-0.16,72726.0,54046928.0,1.98,7.52,7.37,7.49,7.56,0.88,1.38,-344.0,1.42,4250515075.0,3903107815.0,0.0,0.0,-14.55,-12.94
3596,000568,泸州老窖,102.8,-2.12,-2.23,70591.0,728108836.51,2.11,104.78,102.56,104.3,105.03,1.38,0.48,10.54,3.05,151315633796.0,151245157612.0,-0.01,0.0,-12.33,-10.5
3597,605339,南侨食品,16.13,-2.12,-0.35,9727.0,15768828.0,2.06,16.44,16.1,16.35,16.48,1.09,0.23,168.28,2.0,6843807636.0,6843807636.0,-0.12,0.0,-18.08,-17.79
3598,002268,电科网安,16.63,-2.12,-0.36,69044.0,115346554.45,2.12,16.96,16.6,16.95,16.99,0.89,0.82,-49.45,2.61,14062928060.0,14057304210.0,-0.06,-0.06,-22.07,-19.04
3599,603227,雪峰科技,10.15,-2.12,-0.22,294934.0,299622917.0,2.22,10.31,10.08,10.27,10.37,0.64,2.75,21.6,2.11,10877680793.0,10877680793.0,0.0,0.1,20.26,22.0
3600,600210,紫江企业,6.89,-2.13,-0.15,156998.0,108619118.0,1.85,7.0,6.87,7.0,7.04,1.04,1.04,8.12,1.57,10450312129.0,10450312129.0,-0.14,0.0,-9.34,-6.26
3601,688567,孚能科技,12.86,-2.13,-0.28,96848.0,125386644.0,2.44,13.14,12.82,13.08,13.14,0.93,0.79,-20.48,1.7,15716255961.0,15716255961.0,-0.39,0.16,-21.54,-17.83
3602,002374,中锐股份,3.22,-2.13,-0.07,144602.0,46789744.0,2.43,3.29,3.21,3.28,3.29,0.85,1.33,-27.75,4.15,3494373891.0,3494373891.0,0.31,0.31,-11.54,-10.56
3603,300915,海融科技,22.49,-2.13,-0.49,7013.0,15822025.0,3.0,22.99,22.3,22.87,22.98,0.93,1.22,-136.91,1.84,2830125137.0,1295475457.0,-0.04,-0.04,-7.26,-5.31
3604,601086,国芳集团,8.72,-2.13,-0.19,58411.0,51268184.0,2.13,8.89,8.7,8.85,8.91,1.26,0.88,71.51,3.65,5807520000.0,5807520000.0,-0.11,0.0,-15.5,-14.26
3605,002757,南兴股份,20.24,-2.13,-0.44,85588.0,173129767.0,1.93,20.5,20.1,20.3,20.68,0.79,3.03,48.85,3.0,5980027679.0,5708771361.0,0.05,0.25,-14.09,3.95
3606,000816,智慧农业,3.21,-2.13,-0.07,231996.0,74782234.21,2.44,3.27,3.19,3.26,3.28,0.86,1.62,339.78,2.27,4644912751.0,4610941815.0,0.0,0.0,-12.77,-12.77
3607,688311,盟升电子,37.25,-2.13,-0.81,31395.0,118006073.0,2.34,38.11,37.22,37.88,38.06,1.02,1.81,-400.4,3.74,6473745332.0,6473745332.0,-0.03,-0.11,-22.91,-18.31
3608,603103,横店影视,22.53,-2.13,-0.49,66671.0,150720558.0,2.09,22.89,22.41,22.75,23.02,1.15,1.05,89.74,11.54,14288526000.0,14288526000.0,-0.31,-0.31,30.99,35.89
3609,300992,泰福泵业,30.34,-2.13,-0.66,57465.0,173032269.17,4.35,30.85,29.5,30.69,31.0,0.54,7.41,164.71,3.2,2892826493.0,2351424363.0,-0.13,-0.03,12.08,12.37
3610,301371,敷尔佳,22.55,-2.13,-0.49,10204.0,23162086.8,2.47,23.1,22.53,22.96,23.04,1.04,1.31,27.06,2.1,11728345200.0,1754150970.0,-0.04,0.0,-6.16,-4.81
3611,605580,恒盛能源,21.59,-2.13,-0.47,27999.0,60949739.0,2.04,22.03,21.58,21.89,22.06,0.99,1.0,47.37,6.27,6045200000.0,6045200000.0,0.0,-0.05,-5.06,-4.3
3612,688489,三未信安,38.15,-2.13,-0.83,5022.0,19203539.0,2.08,38.68,37.87,38.6,38.98,0.85,0.44,-100.7,2.4,4395249139.0,4361710711.0,0.24,0.24,-15.95,-16.54
3613,300247,融捷健康,4.59,-2.13,-0.1,121217.0,56276971.45,2.99,4.72,4.58,4.69,4.69,0.88,1.51,41.6,3.27,3690545037.0,3687033687.0,0.0,0.0,-11.05,-10.53
3614,688568,中科星图,59.55,-2.14,-1.3,85170.0,510577252.0,2.7,60.87,59.23,60.03,60.85,0.91,1.05,1547.68,12.72,48121099210.0,48121099210.0,-0.02,0.05,-3.89,0.93
3615,300171,东富龙,14.61,-2.14,-0.32,58177.0,85698764.08,2.55,14.96,14.58,14.81,14.93,0.93,1.03,63.78,1.42,11188747664.0,8220423957.0,-0.34,-0.34,-12.57,-6.94
3616,002163,海南发展,12.78,-2.14,-0.28,211051.0,270270850.66,1.84,12.97,12.73,12.91,13.06,1.04,2.63,-22.2,15.33,10798561540.0,10269354623.0,0.08,0.08,-38.41,-46.39
3617,920792,东和新材,11.0,-2.14,-0.24,4959.0,5488889.09,1.42,11.16,11.0,11.14,11.24,0.82,0.49,24.26,1.75,1820940000.0,1103947218.0,-0.18,-0.36,-11.58,-8.64
3618,301311,昆船智能,16.44,-2.14,-0.36,15514.0,25665799.0,1.85,16.73,16.42,16.65,16.8,0.83,0.65,-71.22,2.21,3945600000.0,3945600000.0,0.12,0.0,-13.75,-12.18
3619,002999,天禾股份,6.85,-2.14,-0.15,101029.0,69948540.0,3.43,7.07,6.83,7.03,7.0,0.96,2.94,50.65,1.99,2381005200.0,2354446894.0,-0.15,-0.15,0.59,0.29
3620,300126,锐奇股份,7.79,-2.14,-0.17,37022.0,29038047.0,2.76,7.97,7.75,7.92,7.96,0.88,1.76,-49.32,2.33,2367829704.0,1640984564.0,-0.26,0.0,-6.37,-9.0
3621,603986,兆易创新,250.49,-2.14,-5.47,444683.0,11053684068.0,3.75,253.49,243.9,250.0,255.96,1.24,6.66,106.56,8.8,175619152951.0,167288440445.0,0.0,-0.02,-0.12,16.91
3622,600170,上海建工,2.74,-2.14,-0.06,1638850.0,449840135.0,1.07,2.76,2.73,2.75,2.8,1.1,1.84,15.08,0.77,24347474899.0,24347474899.0,-0.36,0.0,0.37,3.4
3623,920885,星辰科技,19.21,-2.14,-0.42,20832.0,40256237.45,1.78,19.54,19.19,19.4,19.63,0.87,2.35,96.8,8.04,3281450279.0,1700146395.0,0.0,-0.05,-25.6,-18.12
3624,600616,金枫酒业,5.02,-2.14,-0.11,67874.0,34487422.0,3.12,5.18,5.02,5.12,5.13,0.95,1.01,1645.99,1.74,3358404849.0,3358404849.0,-0.2,-0.2,-7.21,-6.34
3625,600673,东阳光,31.5,-2.14,-0.69,435840.0,1379600800.0,2.42,32.08,31.3,31.52,32.19,0.92,1.45,344.14,10.24,94800984359.0,94549074701.0,-0.16,-0.16,29.05,40.44
3626,002554,惠博普,3.64,-2.15,-0.08,550821.0,202661543.28,5.38,3.82,3.62,3.8,3.72,0.86,4.13,345.89,2.05,4854741062.0,4853832711.0,0.0,0.0,10.98,14.11
3627,603728,鸣志电器,57.31,-2.15,-1.26,31803.0,182764287.0,1.49,58.0,57.13,58.0,58.57,0.87,0.76,361.26,8.1,24006156075.0,24006156075.0,-0.02,0.03,-21.13,-20.79
3628,603208,江山欧派,13.22,-2.15,-0.29,13285.0,17694725.0,2.74,13.55,13.18,13.51,13.51,0.76,0.75,-12.01,2.23,2342222750.0,2342222750.0,0.0,0.0,-9.64,-9.14
3629,605122,四方新材,12.77,-2.15,-0.28,19372.0,24834650.0,3.14,13.11,12.7,13.09,13.05,0.76,1.12,-46.16,1.1,2200960580.0,2200960580.0,0.08,0.08,1.59,-2.89
3630,688550,瑞联新材,40.12,-2.15,-0.88,27497.0,111105266.0,2.49,40.95,39.93,40.87,41.0,0.9,1.58,22.44,2.12,6974638853.0,6974638853.0,0.38,0.4,-13.37,-11.45
3631,688203,海正生材,12.26,-2.15,-0.27,14123.0,17447727.0,2.87,12.56,12.2,12.34,12.53,0.69,0.7,269.7,1.68,2484833114.0,2484833114.0,0.16,0.16,-4.74,-4.07
3632,002195,岩山科技,9.09,-2.15,-0.2,1895503.0,1726423859.14,2.05,9.23,9.04,9.15,9.29,1.03,3.38,211.76,5.16,51545342187.0,50915468962.0,-0.11,0.0,5.94,28.21
3633,002017,东信和平,19.12,-2.15,-0.42,87688.0,168241481.15,2.05,19.45,19.05,19.35,19.54,0.92,1.51,74.03,6.27,11097858100.0,11091242064.0,-0.1,-0.05,-16.18,-14.26
3634,920753,天纺标,18.23,-2.15,-0.4,3861.0,7143437.95,2.79,18.75,18.23,18.68,18.63,1.21,1.19,45.13,3.67,1484001629.0,590315201.0,-0.22,-0.27,-20.74,-18.62
3635,002381,双箭股份,6.37,-2.15,-0.14,76119.0,49138376.14,2.46,6.53,6.37,6.51,6.51,0.92,2.38,40.15,1.22,2621751350.0,2040927138.0,-1.24,-0.93,-4.64,-3.34
3636,002973,侨银股份,12.73,-2.15,-0.28,25020.0,32241315.0,2.69,13.08,12.73,12.98,13.01,0.95,0.79,25.98,2.07,5202314361.0,4043723683.0,-0.08,-0.31,-9.46,-6.88
3637,601112,振石股份,19.07,-2.15,-0.42,94256.0,180145794.0,1.44,19.3,19.02,19.3,19.49,0.62,5.32,45.22,7.68,33188786619.0,3380155707.0,0.0,0.0,70.57,70.57
3638,600613,神奇制药,6.36,-2.15,-0.14,424445.0,279174078.0,9.69,6.95,6.32,6.41,6.5,1.09,8.86,50.64,1.46,3396695554.0,3048475060.0,0.0,0.32,3.08,4.78
3639,601881,中国银河,12.66,-2.16,-0.28,254261.0,322861081.0,1.31,12.79,12.62,12.77,12.94,0.69,0.35,11.06,1.17,138429532561.0,91701667107.0,0.08,0.16,-23.18,-19.47
3640,300595,欧普康视,14.04,-2.16,-0.31,60914.0,86201360.86,1.88,14.31,14.04,14.26,14.35,0.81,0.91,26.21,2.56,12569859287.0,9385666430.0,0.0,-0.14,-13.44,-4.42
3641,600433,冠豪高新,3.63,-2.16,-0.08,337743.0,122384107.0,3.77,3.71,3.57,3.68,3.71,0.88,1.93,-20.92,1.5,6353513616.0,6353513616.0,0.0,0.0,9.34,10.67
3642,002594,比亚迪,99.03,-2.16,-2.19,379063.0,3764528220.2,1.38,100.21,98.81,100.21,101.22,0.69,1.09,27.68,3.97,902876074862.0,345279334905.0,-0.01,0.02,-0.96,1.34
3643,301216,万凯新材,27.67,-2.16,-0.61,198778.0,564699597.39,6.15,29.32,27.58,28.23,28.28,1.08,3.63,155.17,2.65,16054068699.0,15172325881.0,0.04,-0.22,57.39,64.12
3644,688176,亚虹医药-U,14.01,-2.16,-0.31,136179.0,192083904.0,3.14,14.39,13.94,14.22,14.32,0.68,3.13,-19.08,4.99,8002098509.0,6103960145.0,0.14,0.0,19.23,21.72
3645,002093,国脉科技,9.52,-2.16,-0.21,84760.0,81079450.66,1.85,9.67,9.49,9.67,9.73,0.98,0.84,36.71,2.5,9591400000.0,9591400000.0,-0.1,-0.21,-20.67,-17.22
3646,688478,晶升股份,29.9,-2.16,-0.66,14309.0,43081660.0,2.49,30.53,29.77,30.28,30.56,0.93,1.38,-117.88,2.74,4137146270.0,3091943033.0,0.0,-0.1,-21.3,-20.07
3647,001356,富岭股份,10.87,-2.16,-0.24,22833.0,24969559.0,2.34,11.1,10.84,11.08,11.11,0.91,1.14,61.84,3.14,6405908400.0,2181030173.0,0.0,0.0,-17.46,-15.87
3648,603598,引力传媒,20.79,-2.16,-0.46,300273.0,627782977.0,4.24,21.5,20.6,21.0,21.25,2.42,11.15,206.53,26.86,5606707491.0,5600470491.0,0.14,0.29,1.12,22.37
3649,000151,中成股份,11.8,-2.16,-0.26,98011.0,117438839.28,5.06,12.33,11.72,12.32,12.06,1.72,3.18,-109.45,11.96,4140694175.0,3633629401.0,-0.08,0.17,-2.16,-0.67
3650,600744,华银电力,7.26,-2.16,-0.16,617989.0,449262980.0,1.75,7.35,7.22,7.35,7.42,0.65,3.04,31.01,10.36,14745962229.0,14745962229.0,0.0,-0.27,20.0,23.47
3651,600717,天津港,4.52,-2.16,-0.1,191909.0,87433209.0,1.95,4.61,4.52,4.6,4.62,0.93,0.66,13.34,0.65,13080884692.0,13080884692.0,-0.44,-0.22,-0.44,1.12
3652,603678,火炬电子,32.11,-2.16,-0.71,102972.0,330984997.0,1.89,32.55,31.93,32.55,32.82,0.9,2.17,47.75,2.5,15270444521.0,15270444521.0,0.0,0.0,-11.74,-9.09
3653,002367,康力电梯,6.35,-2.16,-0.14,133580.0,85356145.29,2.0,6.47,6.34,6.45,6.49,0.7,1.68,15.34,1.4,5065683646.0,5045555892.0,-0.16,0.0,-20.53,-21.22
3654,301106,骏成科技,28.92,-2.17,-0.64,8991.0,26099213.4,2.64,29.48,28.7,29.48,29.56,0.74,0.88,28.11,2.3,2953161028.0,2953161028.0,0.07,0.24,-5.46,-2.86
3655,001333,光华股份,24.85,-2.17,-0.55,34907.0,86630957.24,3.19,25.36,24.55,25.36,25.4,0.96,7.93,30.24,1.86,3180800000.0,1093400000.0,0.04,0.4,9.04,15.58
3656,688052,纳芯微,153.49,-2.17,-3.41,27614.0,425957847.0,2.99,156.62,151.93,154.52,156.9,1.48,1.94,-109.06,3.26,24961070731.0,21876689181.0,0.0,0.55,-7.27,-2.96
3657,605266,健之佳,18.94,-2.17,-0.42,12925.0,24678229.0,3.0,19.45,18.87,19.25,19.36,1.02,0.84,21.82,1.11,2927043056.0,2927043056.0,0.05,0.11,-3.86,-1.46
3658,002232,启明信息,17.56,-2.17,-0.39,36670.0,64693740.0,2.06,17.87,17.5,17.75,17.95,1.06,0.9,220.45,5.07,7174110870.0,7174110870.0,0.0,0.0,-13.41,-6.6
3659,603004,鼎龙科技,22.49,-2.17,-0.5,21062.0,47757432.0,2.48,22.98,22.41,22.94,22.99,1.05,3.58,32.43,2.56,5296844800.0,1324211200.0,-0.31,0.04,-5.66,-4.18
3660,601108,财通证券,8.13,-2.17,-0.18,483582.0,396297354.0,2.29,8.29,8.1,8.23,8.31,1.12,1.04,13.9,1.02,37753802434.0,37753802434.0,0.0,0.12,-10.17,-6.77
3661,000767,晋控电力,3.61,-2.17,-0.08,1031570.0,371515991.49,2.44,3.66,3.57,3.66,3.69,0.43,3.54,26.42,1.77,11107761411.0,10513209634.0,0.28,0.0,26.67,28.93
3662,600425,青松建化,4.06,-2.17,-0.09,174913.0,71538889.0,2.17,4.15,4.06,4.14,4.15,0.72,1.09,23.57,1.01,6515097050.0,6515097050.0,-0.25,0.0,-6.02,-2.4
3663,000060,中金岭南,6.3,-2.17,-0.14,702203.0,443435370.7,2.02,6.38,6.25,6.32,6.44,0.91,1.58,24.96,1.48,27979386485.0,27979032110.0,0.0,0.0,0.96,7.69
3664,300463,迈克生物,10.8,-2.17,-0.24,66909.0,73033600.98,2.99,11.11,10.78,10.99,11.04,1.0,1.36,132.0,1.03,6530399539.0,5311441728.0,-0.09,-0.09,-6.41,-3.49
3665,301302,华如科技,21.17,-2.17,-0.47,63915.0,135564491.82,3.51,21.69,20.93,21.4,21.64,0.47,4.6,-17.76,2.1,3299662050.0,2942418300.0,0.05,0.05,-9.49,-7.43
3666,688367,工大高科,37.86,-2.17,-0.84,25011.0,94045131.0,5.04,38.8,36.85,38.12,38.7,1.11,2.85,329.04,5.58,3317467356.0,3317467356.0,0.08,0.03,23.73,22.29
3667,300045,华力创通,21.69,-2.17,-0.48,149798.0,326507326.45,1.98,22.05,21.61,21.9,22.17,1.05,2.9,1148.27,8.95,14373425869.0,11198832787.0,-0.05,-0.05,-28.67,-24.97
3668,300512,中亚股份,9.0,-2.17,-0.2,39556.0,35933611.0,2.83,9.23,8.97,9.2,9.2,1.22,1.22,60.62,2.26,3683136375.0,2915164809.0,-0.11,-0.11,-5.86,-5.46
3669,300005,探路者,14.42,-2.17,-0.32,230951.0,337482716.74,3.73,14.92,14.37,14.71,14.74,0.85,2.63,289.29,6.08,12742985522.0,12640337473.0,0.35,0.07,28.18,33.15
3670,300762,上海瀚讯,36.48,-2.17,-0.81,226810.0,832090623.98,2.57,37.24,36.28,36.63,37.29,0.77,3.61,-356.77,9.81,22908191363.0,22908191363.0,-0.08,0.0,-17.65,-12.48
3671,600223,福瑞达,6.77,-2.17,-0.15,64397.0,43991779.0,2.17,6.91,6.76,6.89,6.92,0.9,0.63,36.66,1.63,6882170607.0,6882170607.0,-0.29,-0.15,-9.61,-8.02
3672,688526,科前生物,14.9,-2.17,-0.33,29609.0,44483592.0,2.3,15.23,14.88,15.1,15.23,0.98,0.64,16.59,1.64,6945308034.0,6945308034.0,-0.07,-0.27,-6.23,-2.36
3673,301501,恒鑫生活,36.91,-2.17,-0.82,8398.0,31245755.95,2.46,37.79,36.86,37.5,37.73,1.11,1.93,22.14,2.64,5458989000.0,1605585000.0,-0.27,-0.3,-16.64,-15.46
3674,301040,中环海陆,27.95,-2.17,-0.62,33300.0,93074387.28,2.35,28.37,27.7,28.28,28.57,0.66,3.53,-31.7,3.83,2795029236.0,2637477713.0,0.04,0.0,-8.78,-1.55
3675,688616,西力科技,13.51,-2.17,-0.3,17642.0,24003354.0,2.68,13.81,13.44,13.78,13.81,0.69,0.98,23.34,2.68,2423400360.0,2423400360.0,0.15,0.15,9.3,10.47
3676,600136,ST明诚,1.8,-2.17,-0.04,283435.0,51313633.0,2.72,1.84,1.79,1.84,1.84,0.63,1.46,-427.81,15.45,3673486676.0,3497561089.0,0.0,-0.55,5.26,6.51
3677,001269,欧晶科技,21.07,-2.18,-0.47,18233.0,38464678.12,2.37,21.43,20.92,21.43,21.54,0.66,0.95,-34.88,4.64,4054120608.0,4054120608.0,0.0,-0.09,-11.17,-12.5
3678,001278,一彬科技,21.52,-2.18,-0.48,19777.0,42780676.4,2.68,21.98,21.39,21.98,22.0,0.76,2.32,-52.96,2.11,2662742768.0,1835890052.0,0.05,0.05,11.91,11.27
3679,688420,美腾科技,24.26,-2.18,-0.54,7691.0,18951278.0,2.66,24.92,24.26,24.92,24.8,0.77,1.84,-379.84,1.51,2145311800.0,1012588140.0,-1.46,-0.98,0.33,1.63
3680,603816,顾家家居,33.26,-2.18,-0.74,51966.0,172900642.0,2.65,33.84,32.94,33.64,34.0,1.2,0.64,13.32,2.65,27321477522.0,27012648843.0,-0.12,-0.24,4.04,8.2
3681,002908,德生科技,8.99,-2.18,-0.2,49804.0,45034088.34,2.39,9.17,8.95,9.13,9.19,1.1,1.55,658.83,3.51,3878574471.0,2893293342.0,-0.11,-0.11,-14.3,-14.62
3682,600475,华光环能,17.08,-2.18,-0.38,82597.0,141352918.0,1.89,17.3,16.97,17.3,17.46,0.82,0.88,35.57,1.88,16327894651.0,16104488251.0,0.0,0.0,-10.2,-6.0
3683,000723,美锦能源,4.49,-2.18,-0.1,557619.0,251421335.04,2.4,4.59,4.48,4.54,4.59,0.73,1.27,-20.12,1.49,19771706218.0,19733576545.0,-0.22,0.0,-8.18,-4.47
3684,000301,东方盛虹,11.2,-2.18,-0.25,185060.0,208474563.75,1.83,11.4,11.19,11.39,11.45,0.68,0.28,439.31,2.22,74045784187.0,74011014392.0,0.0,-0.09,2.85,2.85
3685,600489,中金黄金,27.78,-2.18,-0.62,560610.0,1551890615.0,2.46,28.05,27.35,27.44,28.4,0.83,1.16,27.45,4.61,134658343028.0,134658343028.0,0.0,0.07,12.38,18.92
3686,002567,唐人神,4.04,-2.18,-0.09,253011.0,102807214.8,2.91,4.14,4.02,4.11,4.13,0.99,1.77,-11.9,1.06,5789527628.0,5782924236.0,-0.25,0.0,-9.01,-8.18
3687,920195,三祥科技,18.86,-2.18,-0.42,6889.0,13089079.94,2.33,19.29,18.84,19.25,19.28,1.13,0.97,16.71,2.23,1848845800.0,1334514457.0,-0.21,0.0,-13.96,-14.12
3688,002912,中新赛克,27.38,-2.18,-0.61,29636.0,81615291.0,2.29,27.92,27.28,27.86,27.99,0.8,1.83,67.36,2.72,4675189760.0,4441631132.0,0.04,0.0,-10.87,-9.16
3689,920076,国亮新材,20.15,-2.18,-0.45,4279.0,8679203.29,2.52,20.62,20.1,20.62,20.6,0.57,2.17,20.87,1.65,1685234994.0,398192553.0,-0.05,0.1,87.27,87.27
3690,920016,中草香料,16.52,-2.19,-0.37,3683.0,6138995.55,2.13,16.87,16.51,16.87,16.89,0.65,1.08,61.28,3.3,1271741467.0,565598841.0,-0.36,-0.12,-16.82,-14.58
3691,603395,红四方,28.09,-2.19,-0.63,27467.0,77595287.0,2.12,28.66,28.05,28.64,28.72,1.0,4.23,119.49,5.22,7303400000.0,1825850000.0,-0.04,0.07,-6.3,-3.9
3692,002295,精艺股份,10.74,-2.19,-0.24,28399.0,30718995.0,2.09,10.96,10.73,10.96,10.98,0.78,1.13,143.26,1.99,2691615840.0,2688157560.0,-0.37,-0.37,-18.57,-19.37
3693,002294,信立泰,62.87,-2.19,-1.41,118091.0,743306719.61,3.44,64.31,62.1,64.01,64.28,0.86,1.06,90.52,7.99,70088515555.0,70072747822.0,0.11,-0.06,24.52,26.88
3694,300424,航新科技,16.5,-2.19,-0.37,43774.0,72676074.92,1.9,16.8,16.48,16.8,16.87,0.85,1.78,172.33,5.33,4049692862.0,4047295643.0,-0.06,-0.12,-12.88,-9.89
3695,600693,东百集团,11.16,-2.19,-0.25,167257.0,186638223.0,2.37,11.35,11.08,11.25,11.41,0.69,1.92,82.69,2.75,9707484105.0,9697513047.0,-0.09,0.0,-37.58,-37.37
3696,688767,博拓生物,33.12,-2.19,-0.74,11226.0,37267010.0,2.42,33.65,32.83,33.62,33.86,0.86,0.75,105.69,2.09,4945920022.0,4945920022.0,-0.24,-0.27,-31.53,-12.33
3697,003005,竞业达,17.84,-2.19,-0.4,19763.0,35383797.4,2.36,18.18,17.75,18.03,18.24,0.95,1.56,-92.12,2.3,4127974247.0,2265291195.0,-0.06,0.0,-14.02,-12.51
3698,002316,亚联发展,5.36,-2.19,-0.12,208481.0,111822794.66,4.38,5.55,5.31,5.48,5.48,0.86,6.12,341.71,27.41,2107123200.0,1826607600.0,0.0,0.37,10.74,13.32
3699,002098,浔兴股份,8.94,-2.19,-0.2,24503.0,22045683.0,2.84,9.18,8.92,9.14,9.14,0.71,0.68,14.38,2.2,3200520000.0,3200419425.0,0.0,0.0,-9.42,-8.96
3700,002024,ST易购,1.34,-2.19,-0.03,293651.0,39482543.0,2.19,1.36,1.33,1.35,1.37,0.66,0.32,213.53,0.98,12414788608.0,12399409360.0,-0.74,0.0,-21.64,-21.18
3701,605598,上海港湾,47.42,-2.19,-1.06,34651.0,165216534.0,4.31,48.6,46.51,47.2,48.48,1.16,1.43,109.12,6.38,11523857083.0,11523857083.0,-0.06,0.13,-28.99,-31.75
3702,001283,豪鹏科技,64.7,-2.19,-1.45,46364.0,301417492.9,3.17,66.16,64.06,65.4,66.15,0.96,5.81,31.84,1.84,6466316435.0,5159094990.0,0.03,-0.25,-11.35,-7.57
3703,002085,万丰奥威,13.82,-2.19,-0.31,209903.0,291171423.16,1.49,14.01,13.8,14.0,14.13,0.95,0.99,30.19,3.86,29343971726.0,29343971726.0,-0.14,-0.14,-16.39,-13.68
3704,002732,燕塘乳业,16.0,-2.2,-0.36,17322.0,27869805.0,3.06,16.4,15.9,16.36,16.36,0.81,1.11,43.69,1.67,2517600000.0,2505058736.0,0.0,-0.19,-6.87,-5.99
3705,300047,天源迪科,12.01,-2.2,-0.27,133976.0,161519949.64,1.71,12.2,11.99,12.1,12.28,1.05,2.33,249.47,2.33,7659313511.0,6892675686.0,-0.17,-0.17,-7.4,-4.3
3706,600843,上工申贝,9.33,-2.2,-0.21,56145.0,52540107.0,1.89,9.48,9.3,9.47,9.54,0.94,1.2,664.77,2.19,6653843258.0,4377848071.0,-0.11,-0.11,-24.64,-25.6
3707,002939,长城证券,8.88,-2.2,-0.2,151215.0,135171719.44,1.65,9.03,8.88,9.02,9.08,0.91,0.42,13.92,1.13,35825711369.0,31991617523.0,-0.11,-0.11,-16.62,-12.94
3708,920110,雷特科技,34.62,-2.2,-0.78,1317.0,4601527.52,3.19,35.6,34.47,35.32,35.4,1.11,0.81,29.44,3.64,1350180000.0,562194180.0,0.06,-0.12,-6.13,-3.16
3709,000058,深 赛 格,7.99,-2.2,-0.18,61420.0,49531959.0,2.57,8.19,7.98,8.11,8.17,1.01,0.62,141.76,4.89,9837293369.0,7868067438.0,0.0,0.0,-15.89,-15.0
3710,688578,艾力斯,96.99,-2.2,-2.18,48088.0,471473026.0,3.17,99.99,96.85,98.04,99.17,0.92,1.07,20.01,6.17,43645500000.0,43645500000.0,-0.01,0.0,-10.19,-6.87
3711,301592,六九一二,112.55,-2.2,-2.53,7107.0,80274839.0,2.94,115.08,111.7,115.08,115.08,1.04,3.04,-262.6,8.99,7878500000.0,2628990621.0,-0.43,-0.75,-9.49,-7.9
3712,300994,久祺股份,14.69,-2.2,-0.33,46356.0,67754642.85,3.46,14.91,14.39,14.91,15.02,0.61,3.97,19.86,2.86,3424062720.0,1713794160.0,-0.07,-0.07,-8.64,-6.97
3713,603697,有友食品,9.8,-2.2,-0.22,46023.0,45354103.0,2.59,10.03,9.77,9.97,10.02,0.96,1.08,22.59,2.37,4191382560.0,4191382560.0,-0.1,-0.31,-23.91,-20.0
3714,601021,春秋航空,47.58,-2.2,-1.07,81403.0,385549398.0,2.03,47.88,46.89,47.74,48.65,1.1,0.83,14.95,2.56,46549104266.0,46549104266.0,0.06,0.04,-18.9,-20.03
3715,601860,紫金银行,2.67,-2.2,-0.06,364261.0,98074623.0,2.2,2.73,2.67,2.72,2.73,0.84,1.03,6.09,0.49,9774884952.0,9482743388.0,-0.37,0.0,-2.55,-1.48
3716,600644,乐山电力,11.12,-2.2,-0.25,283162.0,314005901.0,2.37,11.23,10.96,11.2,11.37,0.52,4.9,274.8,3.11,6430927496.0,6430927496.0,0.0,0.09,9.77,14.05
3717,002614,奥佳华,6.21,-2.2,-0.14,59981.0,37554258.0,2.36,6.35,6.2,6.31,6.35,0.81,1.36,52.56,0.9,3873420457.0,2740260997.0,-0.16,-0.16,-16.31,-15.05
3718,688816,易思维,62.25,-2.21,-1.41,11576.0,72566586.0,1.84,63.31,62.14,63.31,63.66,1.01,6.0,81.34,8.29,6225000000.0,1200444065.0,0.03,-0.08,11.26,11.26
3719,002833,弘亚数控,17.71,-2.21,-0.4,26504.0,47069485.6,2.32,18.03,17.61,17.97,18.11,0.93,0.92,16.6,2.62,7513153289.0,5104539256.0,-0.11,0.17,7.66,8.19
3720,600774,汉商集团,8.85,-2.21,-0.2,47553.0,42505834.0,3.54,9.12,8.8,8.99,9.05,0.79,1.61,209.99,1.56,2611036758.0,2609689566.0,0.0,0.11,-4.12,-3.17
3721,688697,纽威数控,14.63,-2.21,-0.33,22431.0,33022306.0,1.6,14.85,14.61,14.79,14.96,1.1,0.49,22.11,3.62,6690787349.0,6690787349.0,0.0,0.0,-6.93,-4.88
3722,300455,航天智装,23.87,-2.21,-0.54,80834.0,194126709.02,2.17,24.38,23.85,24.21,24.41,0.84,1.14,-95.21,10.29,17133120632.0,16914817547.0,0.0,-0.17,-25.41,-20.54
3723,002361,神剑股份,16.41,-2.21,-0.37,2929361.0,4882955469.38,4.83,17.1,16.29,16.78,16.78,1.01,36.2,386.04,7.05,15606483841.0,13277708167.0,0.06,-0.24,13.49,14.44
3724,603836,海程邦达,12.82,-2.21,-0.29,17413.0,22566474.0,2.52,13.15,12.82,13.11,13.11,0.85,0.85,58.87,1.49,2631115738.0,2631115738.0,-0.31,-0.31,-7.37,-6.83
3725,300079,数码视讯,5.31,-2.21,-0.12,269881.0,143879448.56,2.39,5.42,5.29,5.37,5.43,1.07,2.11,230.67,1.8,7572209009.0,6804656973.0,-0.19,-0.19,-3.63,-1.48
3726,688281,华秦科技,73.34,-2.21,-1.66,27285.0,200276669.0,3.13,74.8,72.45,74.46,75.0,0.91,1.0,63.78,4.23,19990333305.0,19990333305.0,-0.07,0.03,-2.0,-0.54
3727,301178,天亿马,49.09,-2.21,-1.11,12973.0,63651914.5,2.25,49.63,48.5,49.61,50.2,0.83,2.62,438.18,4.22,3281803952.0,2428793629.0,0.0,0.0,-9.03,0.02
3728,300564,筑博设计,15.05,-2.21,-0.34,15133.0,22865449.07,3.57,15.45,14.9,15.45,15.39,0.48,1.34,-120.16,2.01,2427793760.0,1703535838.0,0.33,0.2,-3.03,-4.44
3729,002933,新兴装备,32.36,-2.21,-0.73,15320.0,49826927.0,2.06,32.92,32.24,32.81,33.09,0.95,1.31,96.2,2.46,3797446000.0,3777825582.0,-0.09,0.09,-10.06,-10.61
3730,920786,骑士乳业,7.95,-2.21,-0.18,24941.0,19982870.16,2.09,8.12,7.95,8.06,8.13,0.68,1.75,32.85,2.18,1661971350.0,1130461817.0,-0.13,-0.25,-22.06,-19.21
3731,600868,梅雁吉祥,3.53,-2.22,-0.08,525472.0,186081856.0,2.22,3.59,3.51,3.58,3.61,0.71,2.77,-69.01,3.58,6700464837.0,6700464837.0,0.0,0.0,1.15,5.69
3732,001285,瑞立科密,51.43,-2.22,-1.17,19536.0,101108704.38,2.02,52.3,51.24,52.15,52.6,1.31,4.71,29.28,2.51,9266564003.0,2134178881.0,-0.14,0.08,-18.66,-11.8
3733,002178,延华智能,6.18,-2.22,-0.14,128296.0,79816949.0,2.37,6.31,6.16,6.29,6.32,0.87,1.8,458.8,10.09,4401105546.0,4398819916.0,0.0,-0.16,-5.36,-3.29
3734,300558,贝达药业,44.11,-2.22,-1.0,72206.0,322671712.65,3.57,45.68,44.07,44.87,45.11,0.78,1.72,43.92,3.18,18558569815.0,18499410233.0,-0.09,-0.11,-10.62,-5.53
3735,600824,益民集团,3.97,-2.22,-0.09,75808.0,30335503.0,2.22,4.05,3.96,4.04,4.06,0.87,0.72,163.33,1.73,4184487480.0,4184487480.0,0.0,0.0,-15.35,-12.36
3736,600702,舍得酒业,44.54,-2.22,-1.01,40413.0,181026254.0,2.09,45.4,44.45,45.2,45.55,1.03,1.21,66.46,2.15,14821080471.0,14814844871.0,0.02,0.04,-22.61,-20.58
3737,301008,宏昌科技,36.18,-2.22,-0.82,128538.0,459799796.66,4.84,36.59,34.8,36.01,37.0,0.53,11.1,144.3,3.15,4738249806.0,4191208206.0,0.0,0.0,4.9,4.87
3738,688601,力芯微,55.15,-2.22,-1.25,108496.0,593367138.0,5.27,56.07,53.1,54.99,56.4,1.68,8.12,206.45,5.87,7373152405.0,7373152405.0,0.02,0.49,17.32,29.49
3739,300138,晨光生物,11.88,-2.22,-0.27,72015.0,85901626.0,2.39,12.14,11.85,12.06,12.15,0.74,1.81,15.56,1.69,5739229105.0,4731961909.0,0.0,-0.08,-7.91,-4.27
3740,002949,华阳国际,13.58,-2.23,-0.31,22987.0,31320107.0,2.81,13.89,13.5,13.89,13.89,0.7,1.51,28.28,1.84,2662322850.0,2062608662.0,-0.22,-0.22,-12.16,-12.67
3741,920082,方正阀门,14.94,-2.23,-0.34,7183.0,10815460.15,2.09,15.23,14.91,15.16,15.28,0.8,1.82,34.97,4.09,2171603700.0,591131174.0,0.0,-0.07,-16.91,-16.91
3742,300607,拓斯达,25.4,-2.23,-0.58,65558.0,167342710.8,1.5,25.75,25.36,25.7,25.98,0.94,1.94,164.0,4.22,12115099265.0,8572483744.0,-0.08,-0.12,-22.28,-22.89
3743,300729,乐歌股份,12.28,-2.23,-0.28,29693.0,36711501.0,2.23,12.53,12.25,12.5,12.56,1.12,0.91,18.62,1.15,4195004410.0,4028869027.0,-0.08,0.0,-11.65,-9.77
3744,600030,中信证券,24.15,-2.23,-0.55,987408.0,2393489061.0,1.54,24.48,24.1,24.48,24.7,1.01,0.81,8.76,1.23,357916205920.0,294063706022.0,0.0,0.04,-19.23,-15.02
3745,002323,雅博股份,2.19,-2.23,-0.05,1045919.0,227667294.09,4.02,2.24,2.15,2.24,2.24,0.43,4.93,-57.76,13.28,4644672761.0,4643636414.0,0.46,0.46,29.59,33.54
3746,301508,中机认检,28.89,-2.23,-0.66,13489.0,39218312.92,2.0,29.45,28.86,29.4,29.55,1.09,2.29,43.08,3.2,6531601428.0,1699783596.0,-0.21,-0.21,-9.92,-7.58
3747,301419,阿莱德,42.52,-2.23,-0.97,86759.0,367954167.74,2.83,43.18,41.95,42.48,43.49,0.89,10.94,73.25,5.37,5102400000.0,3372967032.0,0.0,0.05,25.58,25.5
3748,605050,福然德,12.73,-2.23,-0.29,95459.0,121267261.0,2.53,12.91,12.58,12.91,13.02,0.66,1.94,16.81,1.4,6273715474.0,6273715474.0,0.08,0.0,-6.47,-4.07
3749,688071,华依科技,32.03,-2.23,-0.73,13845.0,44861296.0,3.54,33.16,32.0,33.16,32.76,0.87,1.63,-47.22,2.65,2715814860.0,2715814860.0,-0.31,-0.19,-8.49,-3.44
3750,301278,快可电子,37.65,-2.23,-0.86,25016.0,94211645.1,2.44,38.22,37.28,38.2,38.51,1.19,4.87,126.91,2.37,3377511584.0,1935283945.0,0.0,-0.05,10.18,12.62
3751,300310,宜通世纪,6.14,-2.23,-0.14,288181.0,176970375.73,2.87,6.26,6.08,6.22,6.28,0.99,4.17,494.42,2.84,5413383380.0,4245028034.0,0.16,0.0,-5.97,3.89
3752,000572,海马汽车,5.69,-2.23,-0.13,445123.0,253864527.0,1.89,5.78,5.67,5.75,5.82,0.54,2.71,-94.29,5.57,9357981264.0,9344419951.0,0.0,0.0,-27.14,-30.27
3753,000069,华侨城Ａ,2.19,-2.23,-0.05,350331.0,76960818.0,2.23,2.23,2.18,2.22,2.24,0.92,0.51,-1.21,0.49,17602690136.0,15107937900.0,-0.45,0.0,-15.12,-11.69
3754,600892,*ST大晟,3.5,-2.23,-0.08,39177.0,13788975.0,2.23,3.57,3.49,3.55,3.58,0.9,0.7,-21.33,259.22,1958124658.0,1957618376.0,-0.28,-0.28,-4.11,-4.37
3755,002747,埃斯顿,20.04,-2.24,-0.46,93130.0,187318658.86,1.32,20.28,20.01,20.27,20.5,0.96,1.19,431.26,8.9,19394680998.0,15679388745.0,0.0,-0.05,-15.55,-15.44
3756,300675,建科院,14.84,-2.24,-0.34,17779.0,26543851.0,2.5,15.15,14.77,15.08,15.18,0.69,1.21,-23.62,4.25,2176533828.0,2176533828.0,0.07,-0.13,-7.08,-4.99
3757,002756,永兴材料,70.25,-2.24,-1.61,163155.0,1152655102.01,5.76,72.84,68.7,72.83,71.86,1.02,4.2,53.43,3.02,37871883185.0,27308327530.0,-0.01,0.09,26.24,29.49
3758,688271,联影医疗,112.79,-2.24,-2.59,34959.0,396175693.0,1.33,114.33,112.79,114.33,115.38,0.82,0.42,49.24,4.3,92956779467.0,92956779467.0,-0.01,-0.06,-15.82,-10.13
3759,002642,荣联科技,7.87,-2.24,-0.18,96448.0,76324882.0,2.24,8.03,7.85,7.95,8.05,0.95,1.46,260.13,4.38,5206637063.0,5206637063.0,-0.13,-0.13,-6.75,-4.84
3760,002644,佛慈制药,8.72,-2.24,-0.2,109975.0,96728238.0,3.25,8.96,8.67,8.8,8.92,0.82,2.15,90.49,2.43,4452929040.0,4452929040.0,0.0,0.35,-0.91,0.93
3761,002811,郑中设计,13.54,-2.24,-0.31,37836.0,51369137.5,2.38,13.81,13.48,13.68,13.85,0.85,1.34,23.08,2.97,4169913868.0,3833346974.0,0.07,0.0,-11.15,-8.76
3762,688562,航天软件,18.73,-2.24,-0.43,38317.0,72298329.0,2.35,19.13,18.68,19.01,19.16,0.83,2.21,-661.88,4.34,7492000000.0,3240664600.0,-0.11,-0.05,-22.12,-21.57
3763,600779,水井坊,32.32,-2.24,-0.74,20619.0,67136473.0,2.36,33.03,32.25,32.72,33.06,0.91,0.42,36.25,3.13,15756103359.0,15756103359.0,-0.03,-0.03,-17.59,-15.96
3764,300952,恒辉安防,36.25,-2.24,-0.83,32693.0,118919364.15,2.72,36.97,35.96,36.4,37.08,1.09,3.12,57.24,3.69,6256271101.0,3798585083.0,0.0,-0.14,-15.01,-11.3
3765,000545,金浦钛业,3.06,-2.24,-0.07,414276.0,126447579.01,3.19,3.12,3.02,3.1,3.13,0.68,4.2,-9.73,3.31,3019709274.0,3015333474.0,0.0,0.0,-1.92,8.51
3766,600319,亚星化学,7.42,-2.24,-0.17,38540.0,28864436.0,3.43,7.67,7.41,7.67,7.59,0.82,0.99,-14.99,7.14,2876803629.0,2876803629.0,-0.13,-0.27,-19.0,-20.04
3767,688589,力合微,22.65,-2.24,-0.52,24383.0,55589407.0,2.42,23.09,22.53,22.86,23.17,0.84,1.68,160.05,3.45,3291690933.0,3291690933.0,-0.13,-0.35,-2.5,-0.44
3768,002513,蓝丰生化,6.1,-2.24,-0.14,79391.0,48522033.0,2.4,6.21,6.06,6.18,6.24,0.91,2.75,-22.26,-153.5,2291123266.0,1763151942.0,0.0,0.16,-14.8,-9.23
3769,600773,西藏城投,17.42,-2.24,-0.4,223001.0,392185559.0,3.76,17.98,17.31,17.7,17.82,0.93,2.34,-110.51,3.51,16576643188.0,16576643188.0,-1.47,0.0,32.37,40.6
3770,300101,振芯科技,20.47,-2.24,-0.47,123875.0,254995877.35,2.01,20.83,20.41,20.75,20.94,1.11,2.19,93.98,6.31,11625029679.0,11586908705.0,0.1,0.05,-26.02,-28.0
3771,600185,珠免集团,5.68,-2.24,-0.13,192270.0,109643452.0,1.72,5.76,5.66,5.76,5.81,1.04,1.02,-14.21,18.7,10706832916.0,10706832916.0,-0.18,0.0,-16.1,-16.59
3772,001257,盛龙股份,23.58,-2.24,-0.54,418113.0,982955637.51,7.3,24.26,22.5,24.21,24.12,0.61,30.53,48.98,6.74,43291720265.0,3229233557.0,0.04,-0.38,201.53,201.53
3773,000488,ST晨鸣,2.62,-2.24,-0.06,180637.0,47593127.0,2.61,2.68,2.61,2.66,2.68,0.82,1.07,-0.93,8.51,7706615244.0,4438855745.0,0.0,0.0,17.49,19.09
3774,000521,长虹美菱,5.68,-2.24,-0.13,86754.0,49554391.3,2.24,5.8,5.67,5.76,5.81,0.51,0.99,14.25,0.96,5849966701.0,4972957258.0,0.0,-0.18,-14.97,-13.28
3775,300107,建新股份,6.99,-2.24,-0.16,74902.0,52502300.0,2.38,7.12,6.95,7.1,7.15,0.83,2.16,493.7,2.61,3933848053.0,2427540443.0,0.14,0.0,0.43,2.49
3776,301577,美信科技,63.21,-2.24,-1.45,8478.0,53610959.0,2.37,64.28,62.75,64.26,64.66,0.81,4.5,187.46,3.73,2846314695.0,1190949408.0,-0.08,0.05,10.33,11.96
3777,000635,英 力 特,8.28,-2.24,-0.19,103009.0,85783122.4,3.42,8.51,8.22,8.47,8.47,1.66,2.81,-9.89,2.11,3263426398.0,3037268076.0,-0.12,-0.24,-8.1,-6.86
3778,002607,中公教育,2.62,-2.24,-0.06,936781.0,246835303.8,2.24,2.67,2.61,2.66,2.68,1.1,1.84,131.78,19.79,16158586399.0,13320073130.0,-0.38,0.0,-5.76,-4.38
3779,300718,长盛轴承,70.33,-2.24,-1.61,39824.0,281139766.27,1.49,71.3,70.23,70.95,71.94,1.0,2.05,83.92,12.55,21013129180.0,13632910181.0,0.0,-0.03,-16.66,-17.61
3780,001205,盛航股份,14.36,-2.25,-0.33,24140.0,34851688.0,2.25,14.66,14.33,14.66,14.69,0.75,1.45,27.64,1.3,2699730748.0,2390714878.0,0.0,0.0,-14.93,-16.02
3781,000626,远大控股,7.83,-2.25,-0.18,83338.0,66036849.92,3.25,8.08,7.82,7.95,8.01,0.74,1.65,92.45,1.67,3966888345.0,3944100359.0,-0.25,-0.25,-2.73,-1.26
3782,605365,立达信,21.31,-2.25,-0.49,119523.0,257666021.0,4.27,22.11,21.18,22.1,21.8,1.44,2.38,63.03,2.87,10697894388.0,10697894388.0,0.09,0.05,-20.72,-19.46
3783,603662,柯力传感,54.7,-2.25,-1.26,25898.0,141993803.0,1.86,55.62,54.58,55.62,55.96,1.11,0.92,45.34,5.58,15361393780.0,15361393780.0,-0.05,-0.07,-22.59,-24.03
3784,002212,天融信,7.37,-2.25,-0.17,167222.0,123793947.95,1.72,7.48,7.35,7.46,7.54,0.91,1.43,-27.69,0.93,8692575088.0,8599684006.0,-0.27,-0.14,-20.32,-18.74
3785,600761,安徽合力,17.41,-2.25,-0.4,127632.0,223435695.0,2.13,17.75,17.37,17.53,17.81,0.92,1.43,12.66,1.43,15506960969.0,15506960969.0,-0.11,-0.17,-17.1,-16.66
3786,920832,齐鲁华信,6.52,-2.25,-0.15,11262.0,7371281.94,2.55,6.66,6.49,6.66,6.67,0.67,0.91,-189.13,1.22,904740400.0,804187134.0,-0.15,0.15,-12.95,-10.19
3787,603331,百达精工,15.19,-2.25,-0.35,62191.0,94572361.0,2.12,15.43,15.1,15.35,15.54,1.1,3.08,38.55,2.31,3071047911.0,3071047911.0,0.0,0.13,12.19,6.6
3788,688121,卓然股份,10.85,-2.25,-0.25,23218.0,25407294.0,2.7,11.13,10.83,11.13,11.1,0.89,1.15,34.7,1.0,2534711933.0,2198933337.0,0.0,-0.18,-2.52,-0.64
3789,600189,泉阳泉,7.38,-2.25,-0.17,80531.0,59910265.0,2.65,7.57,7.37,7.55,7.55,0.73,1.13,350.04,4.3,5278159853.0,5278159853.0,-0.27,0.0,5.73,6.8
3790,601136,首创证券,16.07,-2.25,-0.37,84808.0,137068051.0,1.76,16.35,16.06,16.32,16.44,1.15,0.31,41.58,3.19,43924674166.0,43924674166.0,0.0,0.06,-17.46,-14.48
3791,000423,东阿阿胶,55.17,-2.25,-1.27,108522.0,598152387.4,2.23,55.88,54.62,55.85,56.44,1.56,1.69,20.43,3.44,35528201380.0,35466050665.0,-0.13,-0.07,8.3,12.41
3792,688303,大全能源,20.42,-2.25,-0.47,77487.0,158422863.0,2.06,20.78,20.35,20.78,20.89,0.73,0.36,-38.79,1.12,43805100884.0,43805100884.0,0.2,0.25,-27.77,-23.86
3793,300591,万里马,6.96,-2.25,-0.16,79951.0,55791924.6,2.67,7.11,6.92,7.11,7.12,0.77,2.28,-32.17,11.11,2823489488.0,2439095996.0,0.0,0.0,-28.69,-29.84
3794,601319,中国人保,7.4,-2.25,-0.17,530136.0,393581830.0,1.98,7.52,7.37,7.5,7.57,0.79,0.15,7.02,1.06,327257530314.0,262683398714.0,0.14,0.14,-24.49,-17.32
3795,300962,中金辐照,16.45,-2.26,-0.38,27053.0,44708635.0,1.78,16.72,16.42,16.72,16.83,0.86,1.02,36.27,4.34,4342831206.0,4342831206.0,-0.12,0.0,-1.26,1.36
3796,002515,金字火腿,5.61,-2.26,-0.13,225627.0,126726993.21,3.31,5.74,5.55,5.7,5.74,1.11,1.86,231.38,2.6,6791545460.0,6791464171.0,0.0,-0.18,-10.53,-7.88
3797,688577,浙海德曼,66.53,-2.26,-1.54,10136.0,67649724.0,2.78,68.13,66.24,68.13,68.07,1.0,0.91,156.11,7.29,7403440370.0,7403440370.0,0.14,0.18,-30.23,-31.31
3798,605155,西大门,15.55,-2.26,-0.36,24304.0,38168901.0,2.95,15.99,15.52,15.91,15.91,1.0,1.3,26.64,2.21,2974685455.0,2905183175.0,-0.38,-0.32,-17.07,-9.59
3799,002317,众生药业,18.56,-2.26,-0.43,283827.0,533824744.15,3.58,19.22,18.54,18.74,18.99,0.74,3.73,47.21,3.91,15774709653.0,14135619055.0,-0.05,-0.05,-11.53,-2.21
3800,001230,劲旅环境,25.1,-2.26,-0.58,20874.0,52972066.0,3.27,25.84,25.0,25.51,25.68,0.73,2.66,20.23,1.74,3369074031.0,1971787477.0,0.0,0.04,13.32,15.19
3801,600783,鲁信创投,20.8,-2.26,-0.48,148130.0,308630115.0,2.49,21.2,20.67,20.99,21.28,1.4,1.99,36.18,3.27,15482673315.0,15482673315.0,-0.05,0.1,-15.07,-15.89
3802,000756,新华制药,14.71,-2.26,-0.34,89716.0,133846262.06,3.32,15.2,14.7,14.95,15.05,1.24,1.8,35.35,1.95,10248213329.0,7338808865.0,-0.07,0.0,-7.66,-4.54
3803,600657,信达地产,3.03,-2.26,-0.07,158052.0,48260037.0,2.58,3.1,3.02,3.08,3.1,0.9,0.55,-1.1,0.54,8641192143.0,8641192143.0,-0.33,0.0,-15.13,-12.17
3804,920267,鑫汇科,19.01,-2.26,-0.44,3182.0,6077951.61,2.98,19.45,18.87,19.45,19.45,0.86,1.07,-72.69,3.68,950175708.0,564160682.0,0.69,-0.11,-19.28,-16.26
3805,301185,鸥玛软件,18.61,-2.26,-0.43,18901.0,35416786.82,2.1,19.0,18.6,18.94,19.04,0.88,1.35,48.12,2.67,2855101536.0,2602987455.0,-0.32,-0.16,-3.58,-2.57
3806,300015,爱尔眼科,9.5,-2.26,-0.22,504770.0,482352279.9,1.95,9.67,9.48,9.64,9.72,1.05,0.63,21.33,3.95,88591268365.0,75575900269.0,-0.11,-0.11,-16.08,-12.84
3807,002617,露笑科技,7.31,-2.27,-0.17,414740.0,304169972.41,1.6,7.4,7.28,7.4,7.48,0.76,2.21,42.52,2.2,13956061596.0,13725415446.0,0.0,-0.14,-11.82,-9.75
3808,300642,透景生命,16.8,-2.27,-0.39,32775.0,55466842.3,2.97,17.25,16.74,17.08,17.19,0.78,2.38,354.64,1.86,2730739889.0,2313477029.0,-0.36,-0.12,-13.49,-8.65
3809,002649,博彦科技,11.6,-2.27,-0.27,102962.0,119849154.0,2.36,11.82,11.54,11.76,11.87,1.27,1.88,27.81,1.6,6789996571.0,6363103092.0,-0.17,-0.09,-13.17,-12.05
3810,300884,狄耐克,13.32,-2.27,-0.31,42903.0,57485356.8,2.79,13.61,13.23,13.57,13.63,1.04,2.24,-1587.12,2.67,3381452762.0,2549579682.0,-0.45,-0.22,-25.08,-10.0
3811,605188,国光连锁,16.78,-2.27,-0.39,26714.0,45034880.0,2.1,17.08,16.72,17.0,17.17,1.09,0.53,550.44,7.14,8429575630.0,8429575630.0,-0.12,0.0,-16.27,-13.46
3812,002292,奥飞娱乐,7.76,-2.27,-0.18,222084.0,173258385.49,1.64,7.88,7.75,7.83,7.94,0.98,2.18,170.25,3.89,11474709649.0,7898661671.0,-0.13,-0.13,-17.62,-12.32
3813,002919,名臣健康,20.28,-2.27,-0.47,33759.0,68359624.62,2.46,20.56,20.05,20.5,20.75,0.8,1.28,95.27,6.58,5405148618.0,5361792088.0,0.0,0.1,-11.29,-11.79
3814,002605,姚记科技,20.68,-2.27,-0.48,47438.0,98275823.0,1.42,20.95,20.65,20.95,21.16,0.87,1.41,16.6,2.35,8637314413.0,6974572039.0,-0.05,0.0,-13.98,-11.24
3815,002067,景兴纸业,4.74,-2.27,-0.11,271186.0,129044295.25,1.86,4.81,4.72,4.81,4.85,0.85,2.03,128.31,1.05,6990807263.0,6340242263.0,0.0,0.0,-14.9,-16.11
3816,603321,梅轮电梯,7.31,-2.27,-0.17,35930.0,26478468.0,2.54,7.5,7.31,7.5,7.48,0.76,1.04,68.03,1.77,2550382018.0,2518766268.0,-0.68,-0.81,-9.75,-9.08
3817,002423,中粮资本,10.31,-2.27,-0.24,137032.0,142171379.0,2.09,10.51,10.29,10.47,10.55,0.79,0.59,17.38,1.06,23755328478.0,23755328478.0,0.0,-0.1,-14.93,-11.88
3818,603416,信捷电气,48.29,-2.27,-1.12,13525.0,65400482.0,1.78,49.0,48.12,49.0,49.41,1.14,0.97,31.59,2.88,7588224588.0,6724141050.0,-0.02,0.06,-14.01,-12.57
3819,002555,三七互娱,22.42,-2.27,-0.52,317832.0,713018868.25,1.13,22.59,22.33,22.59,22.94,0.83,1.99,15.86,3.69,49598368808.0,35848846709.0,0.04,0.04,-15.11,-5.0
3820,300850,新强联,40.92,-2.27,-0.95,155122.0,637193697.66,2.15,41.63,40.73,41.46,41.87,0.8,5.16,20.71,2.42,16944392368.0,12308130138.0,0.0,-0.12,-7.53,-1.09
3821,600812,华北制药,5.58,-2.28,-0.13,389998.0,221637324.0,4.38,5.82,5.57,5.66,5.71,1.0,2.27,45.3,1.74,9573775465.0,9573775465.0,-0.18,0.0,-0.71,0.9
3822,600048,保利发展,5.57,-2.28,-0.13,1088410.0,606845052.0,2.28,5.66,5.53,5.65,5.7,1.09,0.91,65.01,0.34,66675369838.0,66675369838.0,0.0,0.18,-14.04,-8.69
3823,002347,泰尔股份,8.13,-2.28,-0.19,102815.0,83712099.0,1.68,8.23,8.09,8.23,8.32,0.99,2.08,-57.32,3.59,4103229504.0,4011202985.0,0.12,-0.12,-39.42,-34.33
3824,002790,瑞尔特,7.73,-2.28,-0.18,53909.0,41844889.88,3.54,7.94,7.66,7.89,7.91,0.59,2.07,39.34,1.53,3230152879.0,2015191675.0,-0.13,0.0,-8.41,-7.87
3825,002162,悦心健康,4.72,-2.28,-0.11,154304.0,73262663.0,2.48,4.82,4.7,4.78,4.83,0.98,1.68,645.3,5.28,4340988555.0,4335292251.0,0.21,0.0,-2.68,1.29
3826,001267,汇绿生态,43.29,-2.28,-1.01,610512.0,2659183467.44,7.72,45.82,42.4,44.2,44.3,1.26,10.08,385.89,20.88,33989778911.0,26218266336.0,0.0,0.02,105.95,97.67
3827,300484,蓝海华腾,16.71,-2.28,-0.39,27454.0,46164989.28,2.22,17.06,16.68,17.05,17.1,1.23,1.65,54.91,5.13,3461708769.0,2779752364.0,-0.24,-0.24,-15.52,-12.28
3828,002449,国星光电,8.14,-2.28,-0.19,268991.0,220087788.1,2.52,8.3,8.09,8.19,8.33,1.83,4.35,121.34,1.31,5034404156.0,5034404156.0,0.25,0.25,-5.68,-3.78
3829,000905,厦门港务,11.58,-2.28,-0.27,142869.0,165488764.76,2.45,11.8,11.51,11.73,11.85,0.72,1.93,86.81,1.69,17859925633.0,8590131973.0,0.0,0.0,-9.88,-11.2
3830,920445,龙竹科技,9.86,-2.28,-0.23,17262.0,17176815.87,4.06,10.16,9.75,10.0,10.09,0.91,1.64,59.29,4.8,1458225227.0,1036448917.0,0.0,0.31,-17.42,-15.36
3831,600509,天富能源,7.72,-2.28,-0.18,243793.0,188413018.0,2.03,7.84,7.68,7.84,7.9,0.77,1.77,21.26,1.36,10610347982.0,10610347982.0,-0.26,-0.13,-8.1,-6.54
3832,603091,众鑫股份,72.97,-2.28,-1.7,3496.0,25562716.0,1.93,74.05,72.61,73.68,74.67,0.54,1.11,28.28,3.52,7460364725.0,2294294938.0,-0.14,-0.16,-6.38,-7.88
3833,601968,宝钢包装,5.15,-2.28,-0.12,91228.0,47393236.0,3.04,5.28,5.12,5.23,5.27,1.16,0.72,28.04,1.44,6570264219.0,6570264219.0,0.0,0.19,-4.98,-3.56
3834,920405,海希通讯,20.18,-2.28,-0.47,12178.0,24777045.12,2.37,20.61,20.12,20.61,20.65,0.8,1.11,48.09,3.48,2830446800.0,2221419566.0,0.0,-0.1,-31.85,-21.11
3835,003006,百亚股份,17.46,-2.29,-0.41,45604.0,80023400.0,3.47,17.94,17.32,17.75,17.87,1.02,1.06,23.01,5.11,7501650413.0,7482883969.0,0.0,0.17,-19.2,-20.05
3836,300660,江苏雷利,42.22,-2.29,-0.99,40097.0,170341201.62,1.62,42.9,42.2,42.88,43.21,1.0,0.9,53.48,5.44,18878105057.0,18862991099.0,0.0,-0.12,-22.25,-22.98
3837,001208,华菱线缆,19.19,-2.29,-0.45,164451.0,314838763.0,2.49,19.45,18.96,19.23,19.64,0.53,6.25,111.17,4.2,12249944790.0,5051004640.0,0.05,0.05,-20.74,-20.17
3838,301556,托普云农,82.92,-2.29,-1.94,12869.0,107148160.53,2.17,84.48,82.64,83.87,84.86,0.86,4.37,58.09,7.16,7071417600.0,2444481600.0,0.0,0.07,-17.88,-15.42
3839,605499,东鹏饮料,201.61,-2.29,-4.72,30737.0,622105158.0,2.35,205.72,200.87,204.94,206.33,0.77,0.59,25.79,11.13,113863017607.0,104839820930.0,0.0,-0.02,-27.48,-24.6
3840,003040,楚天龙,16.2,-2.29,-0.38,67890.0,110366099.88,2.23,16.49,16.12,16.4,16.58,1.06,1.49,-127.43,5.33,7470402746.0,7400974180.0,-0.25,-0.12,-19.56,-21.66
3841,300502,新易盛,490.0,-2.29,-11.5,298416.0,14697987954.23,1.95,497.8,488.0,491.3,501.5,0.92,3.37,57.74,33.53,487064562880.0,433855374680.0,0.0,-0.16,17.35,13.72
3842,688228,开普云,107.51,-2.29,-2.52,20955.0,224489921.0,4.7,110.89,105.72,110.04,110.03,1.13,3.1,-672.0,5.55,7262382208.0,7262382208.0,-0.04,-0.1,-53.37,-44.76
3843,300423,昇辉科技,8.1,-2.29,-0.19,106979.0,86807571.0,2.9,8.27,8.03,8.19,8.29,0.78,3.21,467.21,2.99,4029841449.0,2700219912.0,0.12,-0.12,-5.92,-3.34
3844,002562,兄弟科技,5.98,-2.29,-0.14,221752.0,133552118.0,2.78,6.13,5.96,6.08,6.12,1.03,3.16,50.53,1.73,6834075064.0,4195142122.0,0.17,0.0,-10.88,-7.43
3845,002543,万和电气,8.52,-2.29,-0.2,64734.0,55383577.62,2.75,8.72,8.48,8.66,8.72,0.67,0.98,9.92,1.25,6335472000.0,5636925746.0,0.0,0.12,-16.96,-16.55
3846,000042,中洲控股,8.55,-2.29,-0.2,37349.0,32081621.0,2.29,8.73,8.53,8.69,8.75,0.93,0.56,69.31,1.72,5684306238.0,5678321777.0,0.0,0.0,9.9,12.2
3847,300256,星星科技,3.41,-2.29,-0.08,200958.0,68850189.5,2.01,3.47,3.4,3.46,3.49,0.85,0.9,-1024.95,8.34,7735221446.0,7649971446.0,-0.29,0.0,-17.43,-15.38
3848,688255,凯尔达,27.79,-2.29,-0.65,13693.0,38247771.0,2.22,28.34,27.71,28.01,28.44,0.94,1.25,115.7,2.89,3052977997.0,3052977997.0,-0.22,0.04,-24.01,-24.13
3849,920402,硅烷科技,8.95,-2.29,-0.21,54070.0,49210347.66,3.82,9.3,8.95,9.15,9.16,0.95,1.98,-34.32,2.45,3777437600.0,2442215829.0,-0.22,-0.22,-15.33,-11.39
3850,001896,豫能控股,12.8,-2.29,-0.3,1061030.0,1384154062.87,5.27,13.41,12.72,13.0,13.1,0.83,6.95,50.03,5.57,19530001024.0,19530001024.0,0.08,-0.08,141.51,146.15
3851,601500,通用股份,4.27,-2.29,-0.1,106986.0,46064466.0,2.06,4.36,4.27,4.35,4.37,1.09,0.68,46.22,1.11,6786378188.0,6759413138.0,-0.23,0.0,-12.14,-11.41
3852,002638,勤上股份,4.26,-2.29,-0.1,420494.0,179517628.0,4.36,4.39,4.2,4.31,4.36,0.89,3.11,-25.71,2.97,6119891927.0,5762426423.0,0.47,0.71,37.86,37.86
3853,603017,中衡设计,13.63,-2.29,-0.32,263178.0,357865178.0,5.66,14.05,13.26,13.76,13.95,0.65,9.53,50.18,2.54,3764473694.0,3764473694.0,-0.07,-0.29,23.46,23.01
3854,002948,青岛银行,5.12,-2.29,-0.12,688756.0,354522579.2,4.39,5.28,5.05,5.21,5.24,1.08,2.21,5.74,0.73,29800216187.0,15936007255.0,-0.19,0.0,13.53,14.29
3855,001335,信凯科技,41.04,-2.29,-0.96,4869.0,20083836.41,3.12,42.19,40.88,42.0,42.0,0.7,2.08,45.02,4.0,3847071542.0,961767886.0,0.0,-0.12,-13.18,-16.79
3856,300941,创识科技,20.01,-2.29,-0.47,24735.0,49822816.0,2.05,20.42,20.0,20.42,20.48,0.96,2.33,200.5,3.21,4097047500.0,2126824861.0,-0.1,-0.25,-14.01,-15.25
3857,603023,威帝股份,4.7,-2.29,-0.11,134817.0,63787716.0,3.53,4.84,4.67,4.84,4.81,0.43,2.42,2787.3,3.41,2623151813.0,2623151813.0,-0.21,0.21,-16.52,-6.56
3858,300217,东方电热,5.1,-2.3,-0.12,271333.0,139052266.82,2.11,5.18,5.07,5.17,5.22,0.91,2.21,37.58,1.79,7537682394.0,6257452711.0,-0.2,-0.2,-4.14,-1.54
3859,300187,永清环保,5.09,-2.3,-0.12,76757.0,39301687.0,2.88,5.22,5.07,5.19,5.21,0.71,1.2,24.95,2.91,3286216820.0,3268448404.0,-0.2,-0.2,2.0,4.52
3860,301283,聚胶股份,45.84,-2.3,-1.08,9991.0,45951327.73,2.49,46.69,45.52,46.69,46.92,1.15,1.58,19.49,2.25,3686352960.0,2900610804.0,-0.13,0.35,-5.45,-4.06
3861,600649,城投控股,4.24,-2.3,-0.1,242604.0,103627558.0,1.84,4.32,4.24,4.32,4.34,0.8,0.97,36.71,0.5,10619083256.0,10619083256.0,-0.47,-0.24,-7.02,-4.72
3862,002110,三钢闽光,3.83,-2.3,-0.09,159335.0,61493346.0,2.55,3.92,3.82,3.88,3.92,0.94,0.66,37.94,0.47,9303361949.0,9303361949.0,-0.26,0.0,-10.72,-12.76
3863,603335,迪生力,5.96,-2.3,-0.14,352351.0,204944231.0,7.05,6.11,5.68,6.11,6.1,2.6,8.23,52.63,8.38,2551741816.0,2551741816.0,0.0,-0.33,6.05,5.86
3864,603927,中科软,16.58,-2.3,-0.39,63482.0,105705204.0,1.47,16.8,16.55,16.8,16.97,1.05,0.76,59.61,4.39,13778643200.0,13778643200.0,-0.12,0.0,-15.36,-13.15
3865,603666,亿嘉和,25.53,-2.3,-0.6,19015.0,48701068.0,2.49,26.06,25.41,26.06,26.13,0.9,0.93,-93.0,2.48,5247191623.0,5247191623.0,0.0,0.04,-21.23,-14.04
3866,300649,杭州园林,14.39,-2.31,-0.34,20837.0,30161643.0,3.19,14.75,14.28,14.7,14.73,0.75,1.96,203.02,3.81,1905475004.0,1527020953.0,0.07,0.07,-0.07,0.21
3867,002760,凤形股份,21.57,-2.31,-0.51,39227.0,85640566.0,3.94,22.27,21.4,22.22,22.08,1.28,3.63,115.48,2.81,2329316388.0,2329316388.0,0.23,0.19,-0.09,-0.64
3868,603015,弘讯科技,12.28,-2.31,-0.29,36387.0,44790378.0,2.55,12.55,12.23,12.53,12.57,1.01,0.9,116.16,3.56,4963809320.0,4963809320.0,-0.32,-0.16,-4.44,-2.15
3869,002769,普路通,10.15,-2.31,-0.24,61184.0,62044901.62,2.6,10.35,10.08,10.35,10.39,0.5,1.64,78.96,3.2,3789178248.0,3786053835.0,-0.1,0.2,-12.95,-13.62
3870,300173,ST福能,4.23,-2.31,-0.1,90492.0,38420279.0,2.08,4.3,4.21,4.3,4.33,0.94,1.23,-117.05,3.22,3107889703.0,3107889703.0,-0.24,-0.24,-2.08,0.0
3871,002688,金河生物,5.91,-2.31,-0.14,164690.0,98494086.0,3.64,6.12,5.9,6.03,6.05,0.55,2.2,24.53,1.94,4547770992.0,4417509976.0,0.0,-0.17,-2.64,-0.67
3872,002813,路畅科技,24.07,-2.31,-0.57,10256.0,24802232.0,2.39,24.59,24.0,24.34,24.64,0.76,0.86,-30.81,12.82,2888400000.0,2884935725.0,-0.08,-0.17,-25.57,-17.09
3873,000768,中航西飞,24.06,-2.31,-0.57,228915.0,553110483.39,1.54,24.41,24.03,24.4,24.63,1.19,0.82,58.12,3.01,66914446648.0,66805735219.0,0.04,-0.04,-15.52,-5.2
3874,601012,隆基绿能,16.92,-2.31,-0.4,1119971.0,1901557997.0,2.02,17.22,16.87,17.06,17.32,0.77,1.48,-28.26,2.25,128220877803.0,128220750125.0,0.0,0.0,-10.14,-7.03
3875,600300,维维股份,3.39,-2.31,-0.08,307201.0,104997551.0,3.46,3.5,3.38,3.46,3.47,0.9,1.9,17.04,1.56,5482111990.0,5482111990.0,-0.29,-0.29,-5.04,-3.42
3876,002489,浙江永强,3.38,-2.31,-0.08,170533.0,58218926.0,2.31,3.46,3.38,3.44,3.46,0.96,0.89,8.1,1.56,7331275138.0,6466037777.0,0.0,-0.29,-13.33,-11.75
3877,920284,灵鸽科技,29.01,-2.32,-0.69,14178.0,41329718.72,2.49,29.64,28.9,29.64,29.7,0.88,2.09,-370.23,9.77,3039831561.0,1965784758.0,-0.07,-0.07,-28.23,-22.12
3878,300215,电科院,8.01,-2.32,-0.19,127773.0,102530088.08,1.95,8.13,7.97,8.08,8.2,0.86,2.56,-193.82,3.06,6000244438.0,4003961872.0,-0.12,0.13,23.23,25.94
3879,300886,华业香料,28.69,-2.32,-0.68,9564.0,27568159.0,3.27,29.37,28.41,29.37,29.37,0.77,2.19,64.8,3.67,2145954620.0,1252212347.0,-0.03,0.21,9.8,10.73
3880,301525,儒竞科技,70.76,-2.32,-1.68,12511.0,88963457.0,2.06,71.9,70.41,71.75,72.44,1.16,2.53,37.34,2.05,6673500704.0,3495628700.0,-0.24,-0.08,-20.65,-18.04
3881,600438,通威股份,16.02,-2.32,-0.38,333327.0,534652126.0,1.46,16.2,15.96,16.2,16.4,0.77,0.74,-10.26,1.73,72121886288.0,72121886288.0,0.0,0.0,-25.8,-21.93
3882,920190,雷神科技,21.9,-2.32,-0.52,10440.0,23050258.49,2.54,22.39,21.82,22.2,22.42,1.0,1.05,95.66,2.55,2190000022.0,2177802817.0,0.0,-0.27,-23.27,-21.81
3883,688099,晶晨股份,80.54,-2.32,-1.91,69664.0,565220544.0,1.93,82.09,80.5,81.55,82.45,0.82,1.65,38.86,4.62,33920678471.0,33920678471.0,-0.05,-0.05,-13.57,-7.67
3884,688049,炬芯科技,45.5,-2.32,-1.08,49624.0,227386221.0,2.06,46.35,45.39,45.9,46.58,1.32,2.83,38.96,3.9,7970128075.0,7970128075.0,-0.04,-0.09,-17.93,-13.5
3885,301312,智立方,117.75,-2.32,-2.8,99981.0,1175780549.44,5.49,121.27,114.65,117.85,120.55,0.83,16.51,152.98,11.58,14269017063.0,7130088079.0,-0.4,-0.55,128.86,135.64
3886,002320,海峡股份,8.41,-2.32,-0.2,135667.0,114537051.5,1.51,8.52,8.39,8.52,8.61,0.77,0.61,108.57,4.7,18798845558.0,18798845558.0,0.0,0.0,-26.61,-30.9
3887,600906,财达证券,6.3,-2.33,-0.15,141978.0,90019483.0,1.86,6.41,6.29,6.41,6.45,0.98,0.67,23.09,1.67,20443500000.0,13382680185.0,0.16,0.0,-11.52,-5.55
3888,002743,富煌钢构,5.45,-2.33,-0.13,80821.0,44468978.0,3.23,5.6,5.42,5.6,5.58,0.98,1.86,43.08,0.72,2372213205.0,2368411830.0,-0.37,-0.18,-1.09,0.18
3889,300142,沃森生物,12.58,-2.33,-0.3,435715.0,553299478.86,3.11,12.94,12.54,12.76,12.88,0.91,2.79,113.2,2.33,20119804646.0,19631125488.0,0.0,0.08,10.84,15.63
3890,000603,盛达资源,41.1,-2.33,-0.98,182194.0,745050814.87,3.11,41.43,40.12,40.31,42.08,0.92,2.73,65.92,8.62,28357740121.0,27402042355.0,0.0,0.1,21.02,32.75
3891,002872,ST天圣,5.03,-2.33,-0.12,24813.0,12566912.0,2.14,5.12,5.01,5.12,5.15,0.69,1.15,-26.46,0.82,1599540000.0,1081038214.0,-0.2,0.0,2.44,3.5
3892,000690,宝新能源,4.62,-2.33,-0.11,717842.0,333469481.1,2.11,4.71,4.61,4.7,4.73,0.71,3.3,9.18,0.8,10052601922.0,10046057753.0,0.0,0.0,7.44,10.26
3893,002303,美盈森,3.35,-2.33,-0.08,270872.0,91499897.0,2.62,3.43,3.34,3.4,3.43,0.8,2.8,19.66,1.15,5129934345.0,3239051541.0,-0.3,0.0,-17.89,-16.87
3894,603327,福蓉科技,10.05,-2.33,-0.24,616033.0,619738566.0,3.98,10.25,9.84,9.84,10.29,2.65,5.89,96.66,5.01,10506866568.0,10506866568.0,0.0,0.1,-10.19,-7.46
3895,300560,中富通,15.54,-2.33,-0.37,78767.0,122689790.4,2.01,15.78,15.46,15.78,15.91,0.92,4.21,166.3,3.68,3570215886.0,2905432759.0,0.0,0.06,-5.47,-3.84
3896,600406,国电南瑞,25.96,-2.33,-0.62,654676.0,1701375653.0,2.26,26.45,25.85,26.45,26.58,1.08,0.82,32.21,4.24,208504389810.0,207892253166.0,-0.04,0.08,10.66,15.48
3897,688195,腾景科技,331.1,-2.33,-7.9,85702.0,2854424429.0,4.69,341.5,325.6,331.05,339.0,0.92,6.63,606.68,43.34,42827785000.0,42827785000.0,0.0,-0.37,95.93,95.28
3898,002987,京北方,16.37,-2.33,-0.39,97347.0,159854097.1,1.97,16.63,16.3,16.59,16.76,1.25,1.15,43.75,4.88,14200322688.0,13808869710.0,-0.06,0.0,-21.64,-23.97
3899,920553,凯腾精工,8.8,-2.33,-0.21,8962.0,7888807.13,3.0,8.96,8.69,8.96,9.01,0.98,0.98,55.21,3.56,1264476048.0,800921862.0,1.03,0.69,-14.48,-11.38
3900,603566,普莱柯,12.59,-2.33,-0.3,45139.0,57373528.0,3.72,13.0,12.52,12.85,12.89,1.06,1.3,20.8,1.69,4356924017.0,4356924017.0,0.0,0.08,-1.1,1.29
3901,688583,思看科技,121.11,-2.33,-2.89,12719.0,152775215.0,4.56,124.0,118.34,124.0,124.0,0.98,4.13,112.12,9.11,10706124000.0,3730604861.0,0.03,0.25,24.87,29.96
3902,002265,建设工业,22.2,-2.33,-0.53,131025.0,292065948.65,2.24,22.66,22.15,22.33,22.73,0.57,1.27,574.66,6.28,22933497035.0,22933497035.0,-0.09,-0.22,-18.8,-17.23
3903,688238,和元生物,7.08,-2.34,-0.17,105704.0,75541205.0,5.1,7.36,6.99,7.26,7.25,0.82,1.65,-20.82,3.13,4595179836.0,4539311556.0,0.0,0.14,0.85,6.31
3904,300670,大烨智能,6.25,-2.34,-0.15,63758.0,39986476.0,3.91,6.44,6.19,6.44,6.4,0.7,2.84,-20.93,3.47,1980752994.0,1404338913.0,-0.32,-0.16,-10.97,-12.1
3905,600976,健民集团,33.83,-2.34,-0.81,38276.0,131134663.0,4.27,35.17,33.69,34.62,34.64,0.89,2.5,14.42,1.95,5189474638.0,5186091638.0,0.0,0.0,-0.73,0.77
3906,002084,海鸥住工,3.75,-2.34,-0.09,173426.0,65681939.58,3.65,3.87,3.73,3.83,3.84,0.78,2.69,-29.18,1.74,2422710150.0,2417379158.0,0.27,0.0,-5.06,-3.35
3907,002492,恒基达鑫,7.52,-2.34,-0.18,76239.0,57485315.0,2.34,7.65,7.47,7.65,7.7,1.32,1.92,43.26,1.76,3045600000.0,2991717132.0,-0.13,-0.53,-14.35,-13.96
3908,300758,七彩化学,13.77,-2.34,-0.33,109461.0,151374651.1,2.27,14.02,13.7,14.0,14.1,1.07,3.04,56.16,3.12,5495822253.0,4953645908.0,-0.07,-0.07,6.5,8.51
3909,688011,新光光电,74.4,-2.34,-1.78,23597.0,179756070.0,6.17,78.85,74.15,76.2,76.18,1.11,2.37,-197.53,7.05,7440000000.0,7414891711.0,-0.13,-0.01,22.25,16.54
3910,301088,戎美股份,14.18,-2.34,-0.34,15222.0,21739946.0,3.51,14.65,14.14,14.65,14.52,0.97,0.81,55.99,1.29,3231622000.0,2663713000.0,0.14,0.07,-14.83,-17.32
3911,002269,美邦服饰,1.67,-2.34,-0.04,632129.0,105962252.0,2.34,1.7,1.66,1.7,1.71,0.54,2.52,-45.62,22.32,4195875000.0,4195875000.0,0.0,0.6,-14.36,-11.64
3912,002226,江南化工,5.43,-2.34,-0.13,184693.0,101189778.8,2.52,5.55,5.41,5.53,5.56,1.14,0.7,16.24,1.4,14383651103.0,14383360668.0,0.0,0.0,-8.89,-6.54
3913,920239,长虹能源,29.26,-2.34,-0.7,10431.0,30805812.03,2.37,29.93,29.22,29.56,29.96,0.83,0.58,21.43,4.88,5327491209.0,5250259556.0,0.0,0.0,-12.4,-9.97
3914,000629,钒钛股份,3.34,-2.34,-0.08,754863.0,253194410.59,2.05,3.4,3.33,3.39,3.42,0.84,0.81,-332.55,2.53,31031765802.0,31029695350.0,-0.3,-0.3,-5.38,7.74
3915,300259,新天科技,4.57,-2.35,-0.11,206121.0,94425537.6,2.78,4.67,4.54,4.64,4.68,0.89,1.76,21.33,1.75,5345992928.0,5344766866.0,-0.22,0.0,1.56,4.1
3916,002180,纳思达,16.63,-2.35,-0.4,72699.0,121416342.8,1.53,16.87,16.61,16.85,17.03,0.89,0.53,-49.79,2.46,23645846489.0,22701543171.0,-0.06,0.06,-20.32,-17.75
3917,300281,金明精机,6.64,-2.35,-0.16,48814.0,32729340.0,3.68,6.85,6.6,6.82,6.8,0.99,1.23,233.09,2.2,2781652571.0,2638244056.0,0.45,0.15,-18.73,-18.73
3918,688338,赛科希德,29.86,-2.35,-0.72,8516.0,25532927.0,2.78,30.55,29.7,30.55,30.58,0.79,0.8,36.37,1.84,3169412064.0,3169412064.0,0.1,0.1,12.59,15.38
3919,002081,金 螳 螂,3.33,-2.35,-0.08,172135.0,57770506.5,2.05,3.4,3.33,3.39,3.41,1.0,0.65,17.38,0.64,8842227884.0,8806534280.0,-0.3,-0.3,-8.01,-2.63
3920,300118,东方日升,16.21,-2.35,-0.39,460622.0,744590416.46,3.55,16.49,15.9,16.32,16.6,0.83,4.97,-14.85,1.76,18479624719.0,15023850757.0,0.12,0.19,11.26,10.57
3921,603636,南威软件,9.15,-2.35,-0.22,64445.0,59302474.0,1.6,9.3,9.15,9.28,9.37,0.98,1.11,-39.59,2.36,5310298785.0,5310298785.0,0.0,-0.11,-24.69,-22.72
3922,920035,精创电气,31.55,-2.35,-0.76,3167.0,10074375.14,2.75,32.25,31.36,31.9,32.31,0.77,2.43,30.76,3.13,1825167500.0,410591700.0,0.48,0.0,-23.98,-21.81
3923,300982,苏文电能,21.65,-2.35,-0.52,35382.0,76923095.53,3.43,22.16,21.4,22.1,22.17,0.68,1.82,334.14,1.54,4480795411.0,4197873211.0,0.05,0.14,-6.96,7.23
3924,300007,汉威科技,42.85,-2.35,-1.03,71648.0,308130536.38,1.48,43.4,42.75,43.2,43.88,1.05,2.53,124.03,4.83,14031044774.0,12139192421.0,-0.05,-0.05,-30.9,-20.06
3925,002161,远 望 谷,7.47,-2.35,-0.18,192107.0,143703725.0,3.01,7.63,7.4,7.57,7.65,1.28,2.73,28.64,3.29,5525987778.0,5264427386.0,0.13,0.0,-2.73,2.19
3926,600882,妙可蓝多,18.71,-2.35,-0.45,74570.0,141121292.0,3.13,19.31,18.71,18.94,19.16,0.72,1.46,31.58,2.02,9543103735.0,9543103735.0,-0.11,-0.21,-25.19,-25.58
3927,688595,芯海科技,30.4,-2.35,-0.73,21171.0,64754253.0,2.44,30.99,30.23,30.89,31.13,0.92,1.47,-41.54,6.46,4380442643.0,4380442643.0,0.0,0.0,-11.14,-7.32
3928,603176,汇通集团,5.4,-2.35,-0.13,37520.0,20396045.0,3.44,5.57,5.38,5.53,5.53,0.67,0.81,-64.88,2.37,2566280945.0,2493807545.0,0.0,0.19,0.56,2.66
3929,301105,鸿铭股份,60.54,-2.35,-1.46,10083.0,61528793.97,3.77,62.23,59.89,61.82,62.0,1.1,6.13,-240.68,3.63,3027000000.0,995126068.0,-0.1,0.3,29.0,27.0
3930,301156,美农生物,18.6,-2.36,-0.45,18567.0,34905500.1,3.46,19.17,18.51,19.17,19.05,0.87,2.08,48.0,3.61,2618594955.0,1659585130.0,-0.32,-0.21,4.49,6.84
3931,601099,太平洋,3.73,-2.36,-0.09,800936.0,300908552.0,1.57,3.79,3.73,3.79,3.82,0.96,1.18,77.63,2.56,25424860060.0,25424860060.0,-0.27,0.0,-13.26,-9.25
3932,000751,锌业股份,5.38,-2.36,-0.13,369753.0,198869040.04,2.18,5.45,5.33,5.45,5.51,1.0,2.62,126.78,2.41,8692092601.0,7585094031.0,0.19,0.19,24.83,31.54
3933,605158,华达新材,7.46,-2.36,-0.18,27772.0,20829131.0,2.75,7.64,7.43,7.61,7.64,1.1,0.54,42.6,1.54,3815193200.0,3815193200.0,-0.27,0.0,-7.1,-7.21
3934,301066,万事利,14.04,-2.36,-0.34,39214.0,55371519.12,2.57,14.38,14.01,14.2,14.38,0.85,1.68,123.15,2.63,3298320478.0,3272958047.0,0.0,-0.14,-31.01,-28.69
3935,688522,纳睿雷达,31.88,-2.36,-0.77,34392.0,111193541.0,3.95,33.1,31.81,33.1,32.65,1.11,2.79,89.05,4.18,9659499919.0,3924332551.0,-0.09,-0.16,-21.19,-20.16
3936,688425,铁建重工,4.97,-2.36,-0.12,250611.0,125549008.0,2.36,5.08,4.96,5.06,5.09,0.61,0.47,17.87,1.43,26507480090.0,26507480090.0,-0.2,-0.2,-5.51,-1.97
3937,001324,长青科技,19.43,-2.36,-0.47,19885.0,38915729.0,2.81,19.92,19.36,19.83,19.9,0.63,2.44,54.84,2.37,2681340000.0,1586529448.0,0.0,-0.05,5.03,7.71
3938,000507,珠海港,5.37,-2.36,-0.13,162253.0,87910578.21,3.82,5.56,5.35,5.48,5.5,0.64,1.8,14.91,0.9,4938976386.0,4845643423.0,-0.37,0.0,1.7,3.07
3939,300160,秀强股份,5.37,-2.36,-0.13,86390.0,46694651.0,2.36,5.48,5.35,5.45,5.5,0.55,1.13,18.2,1.58,4150721588.0,4093870606.0,0.0,-0.19,-4.96,-1.29
3940,300482,万孚生物,17.82,-2.36,-0.43,42503.0,76275707.0,2.03,18.19,17.82,18.12,18.25,0.86,0.99,46.78,1.55,8341290774.0,7663863349.0,-0.06,-0.11,-11.65,-9.77
3941,002145,钛能化学,4.56,-2.36,-0.11,310189.0,142430651.55,1.93,4.65,4.56,4.62,4.67,0.73,0.83,41.19,1.44,17358425154.0,17003660374.0,-0.22,-0.22,-11.63,-6.94
3942,600375,汉马科技,4.97,-2.36,-0.12,141587.0,70754373.0,1.96,5.06,4.96,5.05,5.09,0.94,0.97,167.45,2.36,7967264694.0,7269548227.0,-0.2,-0.2,-19.19,-15.48
3943,600371,万向德农,8.65,-2.37,-0.21,75933.0,65817220.0,3.84,8.9,8.56,8.76,8.86,0.96,2.6,98.13,4.61,2530799700.0,2530799700.0,0.0,0.35,-2.48,-0.8
3944,920608,丰安股份,16.47,-2.37,-0.4,2007.0,3321018.18,3.38,16.88,16.31,16.66,16.87,0.91,0.51,30.15,2.14,1025092800.0,649115064.0,0.3,0.49,-15.5,-11.97
3945,688159,有方科技,41.18,-2.37,-1.0,20935.0,86501375.0,2.8,42.16,40.98,42.16,42.18,0.94,2.26,149.54,4.26,3825985208.0,3818572808.0,-0.02,0.0,-18.79,-14.81
3946,601608,中信重工,6.19,-2.37,-0.15,279946.0,173958486.0,2.05,6.31,6.18,6.3,6.34,0.97,0.61,75.5,3.03,28347435775.0,28347435775.0,0.0,0.0,-7.75,-6.07
3947,920346,威贸电子,20.18,-2.37,-0.49,4394.0,8905550.38,2.47,20.55,20.04,20.51,20.67,0.92,0.99,33.56,3.41,1627579619.0,900103029.0,-0.2,0.0,-21.45,-19.34
3948,688737,中自科技,24.32,-2.37,-0.59,10534.0,25894970.0,2.97,24.97,24.23,24.72,24.91,0.68,0.88,-51.5,1.64,2907808859.0,2907808859.0,-0.16,-0.33,7.75,8.38
3949,000652,泰达股份,4.12,-2.37,-0.1,261730.0,108396943.18,3.08,4.21,4.08,4.19,4.22,1.0,1.78,65.11,1.06,6079364270.0,6074784919.0,-0.24,0.0,-3.29,-0.96
3950,000735,罗 牛 山,6.59,-2.37,-0.16,175394.0,116190603.0,2.52,6.74,6.57,6.68,6.75,0.81,1.52,2033.16,1.8,7588474479.0,7584414637.0,0.0,0.0,-24.69,-27.1
3951,601007,金陵饭店,8.23,-2.37,-0.2,152929.0,126805616.0,3.32,8.46,8.18,8.4,8.43,0.78,3.92,50.6,2.0,3209700000.0,3209700000.0,-0.24,0.0,6.74,5.38
3952,920112,巴兰仕,32.16,-2.37,-0.78,1356.0,4420634.26,2.98,33.09,32.11,32.71,32.94,0.66,0.58,18.94,3.05,2728776000.0,745565280.0,0.03,0.03,-16.32,-14.83
3953,600754,锦江酒店,27.56,-2.37,-0.67,94410.0,260866330.0,2.27,27.99,27.35,27.9,28.23,0.62,1.04,31.75,1.84,29387185117.0,24970574376.0,0.0,0.11,12.21,9.06
3954,002141,贤丰控股,3.71,-2.37,-0.09,141828.0,52969836.0,2.37,3.79,3.7,3.77,3.8,0.88,1.39,67.97,4.61,3832191811.0,3780381946.0,-0.27,0.0,-1.85,-0.54
3955,300963,中洲特材,16.87,-2.37,-0.41,86863.0,146915354.59,3.41,17.33,16.74,17.12,17.28,1.02,3.0,107.79,7.01,7737256800.0,4882391912.0,0.12,-0.06,-23.49,-18.82
3956,300411,金盾股份,10.32,-2.37,-0.25,58527.0,60525500.9,1.89,10.49,10.29,10.49,10.57,0.58,1.89,216.64,4.33,4195286472.0,3190071960.0,0.1,0.29,-12.39,-10.96
3957,688592,司南导航,41.97,-2.37,-1.02,10094.0,42598541.0,3.0,43.0,41.71,42.79,42.99,1.03,2.62,231.28,3.58,3376931970.0,1616758813.0,0.02,-0.17,-3.29,2.12
3958,600834,申通地铁,8.23,-2.37,-0.2,27308.0,22704385.0,2.49,8.43,8.22,8.43,8.43,0.62,0.57,72.46,2.26,3928853078.0,3928853078.0,0.0,0.0,-3.06,-2.72
3959,300098,高新兴,5.35,-2.37,-0.13,359920.0,193816199.98,2.01,5.44,5.33,5.42,5.48,1.03,2.33,109.71,3.42,9297135171.0,8248328404.0,0.0,0.0,-17.82,-12.3
3960,001387,雪祺电气,13.2,-2.37,-0.32,22528.0,29925846.32,2.96,13.52,13.12,13.5,13.52,0.79,1.98,39.05,1.93,2416001280.0,1503616396.0,0.0,0.08,-5.58,-4.49
3961,600635,大众公用,5.36,-2.37,-0.13,419869.0,226259968.0,2.19,5.47,5.35,5.44,5.49,0.96,1.74,38.12,1.78,15825049858.0,12964723378.0,-0.37,0.0,-20.59,-18.04
3962,002584,西陇科学,7.8,-2.38,-0.19,155773.0,122701617.2,2.25,7.98,7.8,7.91,7.99,1.11,3.33,-55.37,2.04,4564688092.0,3653726911.0,-0.26,-0.13,-16.4,-15.31
3963,920821,则成电子,21.32,-2.38,-0.52,16315.0,35016465.27,3.07,21.81,21.14,21.5,21.84,0.61,2.24,166.83,5.58,2949875687.0,1553234957.0,0.33,0.57,-21.04,-18.28
3964,300190,维尔利,4.1,-2.38,-0.1,217689.0,89246164.67,3.1,4.18,4.05,4.14,4.2,0.8,2.34,-11.02,1.26,3836393509.0,3820932172.0,-0.49,0.49,-5.09,-4.43
3965,300350,华鹏飞,5.34,-2.38,-0.13,138299.0,73913603.6,3.11,5.45,5.28,5.43,5.47,0.95,2.93,446.77,3.25,3001145570.0,2518159327.0,0.19,0.0,-16.82,-15.37
3966,688083,中望软件,52.8,-2.38,-1.29,31336.0,166035545.0,2.7,53.84,52.38,53.6,54.09,0.77,1.85,416.01,3.34,8957321789.0,8957321789.0,0.27,0.11,-24.41,-22.48
3967,603828,ST柯利达,5.75,-2.38,-0.14,28566.0,16686606.0,3.74,5.97,5.75,5.8,5.89,0.85,0.48,-26.0,5.32,3426770909.0,3426652844.0,-0.35,-0.17,-31.38,-31.38
3968,000783,长江证券,6.97,-2.38,-0.17,322171.0,226001133.79,1.82,7.09,6.96,7.08,7.14,0.87,0.58,8.57,1.08,38544608448.0,38544608448.0,0.0,0.0,-21.24,-14.48
3969,000403,派林生物,12.74,-2.38,-0.31,74491.0,95463950.68,2.38,13.02,12.71,12.95,13.05,1.04,0.79,25.42,1.51,12108062698.0,11984647082.0,-0.16,0.0,-9.13,-6.94
3970,301011,华立科技,22.98,-2.38,-0.56,26940.0,61968384.16,2.72,23.4,22.76,23.33,23.54,0.9,1.84,39.78,3.75,3547030998.0,3368117910.0,0.97,0.61,-11.95,-10.55
3971,000417,合百集团,6.55,-2.38,-0.16,84763.0,55766864.21,2.24,6.68,6.53,6.64,6.71,0.76,1.09,22.25,1.09,5108241510.0,5102629804.0,0.0,0.0,-18.53,-19.14
3972,600258,首旅酒店,15.08,-2.39,-0.37,224386.0,336078480.0,4.08,15.39,14.76,15.32,15.45,1.12,2.01,20.76,1.39,16838375140.0,16838375140.0,-0.26,0.0,-8.72,-9.97
3973,301318,维海德,26.57,-2.39,-0.65,12174.0,32502598.19,3.16,27.22,26.36,27.22,27.22,1.15,1.37,31.37,1.91,3594891374.0,2358970899.0,-0.15,-0.04,-6.64,-3.87
3974,603903,中持股份,11.43,-2.39,-0.28,47061.0,54461849.0,4.44,11.9,11.38,11.69,11.71,1.19,1.84,45.98,1.87,2918301656.0,2918301656.0,-0.17,-0.17,-16.14,-21.44
3975,920033,康普化学,14.72,-2.39,-0.36,5365.0,7969554.14,3.18,15.15,14.67,15.15,15.08,0.87,0.65,79.37,2.36,1753670880.0,1218241302.0,0.0,-0.54,-21.99,-17.67
3976,600889,南京化纤,13.9,-2.39,-0.34,38087.0,53012438.0,2.74,14.18,13.79,14.18,14.24,0.88,1.04,-111.75,13.68,7756449074.0,5092209539.0,-0.07,0.0,-24.66,-17.75
3977,688026,洁特生物,16.35,-2.39,-0.4,10930.0,18041212.0,2.81,16.79,16.32,16.75,16.75,0.67,0.78,47.6,1.89,2294958381.0,2294225542.0,-0.24,-0.18,-2.1,1.49
3978,920006,晟楠科技,21.65,-2.39,-0.53,8179.0,17923079.06,2.71,22.25,21.65,22.18,22.18,0.87,1.71,246.75,6.12,1954717880.0,1034807475.0,-0.69,-0.82,-21.27,-19.46
3979,601868,中国能建,2.86,-2.39,-0.07,5750470.0,1645090343.0,2.39,2.91,2.84,2.9,2.93,0.85,1.77,21.66,1.07,126526924075.0,92746161039.0,0.0,0.0,20.68,21.7
3980,600483,福能股份,10.23,-2.39,-0.25,237581.0,246316303.0,4.1,10.63,10.2,10.42,10.48,0.92,0.85,10.72,1.08,28440809694.0,28440809694.0,0.0,-0.1,6.78,8.03
3981,600996,贵广网络,9.41,-2.39,-0.23,394307.0,373916920.0,3.11,9.64,9.34,9.48,9.64,0.59,3.16,-10.79,5.02,11732386626.0,11732386626.0,-0.21,-0.11,-5.52,-6.27
3982,000425,徐工机械,10.6,-2.39,-0.26,699023.0,744061961.66,2.3,10.81,10.56,10.81,10.86,0.78,0.78,15.63,2.08,124535326971.0,95497763270.0,0.0,0.09,-9.86,-8.46
3983,600339,中油工程,4.5,-2.39,-0.11,2276465.0,1036822318.0,5.21,4.72,4.48,4.61,4.61,0.87,4.08,36.0,0.94,25124163620.0,25124163620.0,0.0,-0.22,31.96,34.33
3984,600955,维远股份,18.0,-2.39,-0.44,110201.0,202793707.0,8.24,19.52,18.0,18.77,18.44,0.92,2.0,-41.39,1.18,9900000000.0,9900000000.0,-0.5,-0.55,0.39,11.11
3985,688551,科威尔,44.84,-2.39,-1.1,33827.0,153015096.0,2.87,46.02,44.7,45.5,45.94,1.03,4.02,58.09,2.83,3769730592.0,3769730592.0,0.07,0.07,20.83,22.08
3986,920158,长江能科,15.89,-2.4,-0.39,30408.0,48660122.15,3.38,16.37,15.82,16.35,16.28,0.7,7.97,41.33,4.02,2265596200.0,606035066.0,0.13,0.25,0.89,3.38
3987,603365,水星家纺,19.93,-2.4,-0.49,24296.0,48622535.0,3.48,20.56,19.85,20.42,20.42,1.18,0.94,16.9,1.74,5231551259.0,5177859839.0,0.0,-0.1,-1.53,-4.37
3988,300584,海辰药业,43.19,-2.4,-1.06,68959.0,302610762.22,6.33,45.5,42.7,43.83,44.25,0.82,8.4,118.95,4.97,5182800000.0,3546363120.0,-0.07,-0.14,-18.82,-14.0
3989,688805,健信超导,47.9,-2.4,-1.18,26713.0,128534418.0,2.36,48.82,47.66,48.18,49.08,0.61,8.48,106.93,6.57,8031872000.0,1509753346.0,0.0,-0.02,10.65,13.67
3990,301377,鼎泰高科,205.95,-2.4,-5.06,36360.0,762807732.78,5.25,216.1,205.02,208.79,211.01,1.14,5.12,194.73,31.88,84439500000.0,14627392800.0,0.09,0.32,42.03,48.06
3991,688351,微电生理,24.01,-2.4,-0.59,43224.0,104803233.0,3.13,24.72,23.95,24.56,24.6,0.52,0.92,221.19,6.27,11299106000.0,11299106000.0,-0.12,-0.12,-3.15,3.71
3992,000509,华塑控股,3.66,-2.4,-0.09,297435.0,108620409.5,3.47,3.73,3.6,3.71,3.75,0.57,2.77,-366.82,31.82,3927648670.0,3927636797.0,-0.27,0.0,4.57,5.48
3993,920374,云里物里,19.93,-2.4,-0.49,7293.0,14623813.08,3.67,20.5,19.75,20.5,20.42,1.15,2.14,104.29,6.08,1624653740.0,679883071.0,0.55,0.4,-20.88,-17.92
3994,600998,九州通,5.28,-2.4,-0.13,447951.0,239428896.0,3.51,5.45,5.26,5.37,5.41,0.81,0.89,10.11,1.01,26624242836.0,26624242836.0,-0.19,-0.19,-1.31,3.13
3995,920735,德源药业,31.57,-2.41,-0.78,21429.0,68890626.04,3.89,32.82,31.56,32.01,32.35,0.55,2.07,15.63,2.83,3703665804.0,3275615783.0,-0.13,-0.16,-10.62,-7.12
3996,920982,锦波生物,170.27,-2.41,-4.21,12537.0,218486709.4,5.23,179.31,170.19,172.92,174.48,0.73,2.28,30.09,10.34,19592175442.0,9348689334.0,-0.02,-0.03,-27.89,-27.14
3997,603073,彩蝶实业,19.8,-2.41,-0.49,15790.0,31515495.0,3.79,20.37,19.6,20.28,20.29,0.66,3.1,27.39,1.66,2296800000.0,1007678390.0,-0.65,0.0,5.6,5.38
3998,301125,腾亚精工,19.86,-2.41,-0.49,22926.0,45592227.34,2.7,20.28,19.73,20.28,20.35,0.76,1.95,1566.51,4.66,2815312291.0,2330688571.0,0.0,0.1,5.81,8.05
3999,300771,智莱科技,13.76,-2.41,-0.34,47302.0,65454399.29,2.98,14.08,13.66,14.02,14.1,1.33,2.65,39.91,1.67,3302400000.0,2457165760.0,0.0,0.07,-14.11,-11.23
4000,603233,大参林,17.42,-2.41,-0.43,36153.0,63374025.0,2.58,17.82,17.36,17.6,17.85,0.75,0.32,13.76,2.82,19838733327.0,19838733327.0,0.0,0.0,-3.44,-1.14
4001,920199,倍益康,35.21,-2.41,-0.87,9751.0,34459718.63,2.08,35.77,35.02,35.64,36.08,0.62,2.57,348.4,4.53,2398146058.0,1335418649.0,-0.06,-0.37,-39.75,1.79
4002,603676,卫信康,10.54,-2.41,-0.26,27482.0,29472989.0,3.89,10.96,10.54,10.77,10.8,1.2,0.63,15.69,3.0,4586602210.0,4586602210.0,-0.09,-0.09,-3.48,0.19
4003,300514,友讯达,12.97,-2.41,-0.32,26304.0,34270989.0,2.48,13.25,12.92,13.2,13.29,0.81,1.64,25.9,2.45,2594000000.0,2078550475.0,0.0,0.08,-4.07,-1.82
4004,002860,星帅尔,12.13,-2.41,-0.3,53201.0,64842413.78,2.09,12.37,12.11,12.33,12.43,0.73,1.51,21.87,1.9,4363312819.0,4264181631.0,0.0,0.0,-13.97,-13.97
4005,603956,威派格,5.68,-2.41,-0.14,77795.0,44606870.0,3.09,5.85,5.67,5.81,5.82,1.29,1.37,-32.96,1.64,3237067704.0,3237067704.0,0.18,0.0,-14.33,-12.07
4006,601162,天风证券,3.65,-2.41,-0.09,951717.0,349579133.0,1.6,3.7,3.64,3.7,3.74,1.02,1.11,180.1,1.35,36770046104.0,31382592230.0,0.0,0.0,-16.86,-12.26
4007,002227,奥 特 迅,8.9,-2.41,-0.22,35074.0,31590974.0,2.96,9.17,8.9,9.15,9.12,0.86,1.43,-33.4,2.31,2205474913.0,2188837217.0,0.0,-0.22,-27.41,-26.08
4008,688117,圣诺生物,35.6,-2.41,-0.88,24313.0,87583508.0,3.45,36.66,35.4,36.38,36.48,0.57,1.54,33.79,5.26,5602940817.0,5602940817.0,-0.06,-0.11,-7.41,-5.8
4009,002407,多氟多,27.5,-2.41,-0.68,649086.0,1779698357.7,5.54,28.12,26.56,27.97,28.18,1.26,6.01,314.56,3.96,32736895648.0,29715147715.0,-0.04,0.0,-21.7,-18.9
4010,600131,国网信通,18.22,-2.41,-0.45,121923.0,223049612.0,1.71,18.52,18.2,18.5,18.67,0.74,1.02,32.19,3.36,21834028902.0,21789391815.0,-0.27,-0.16,9.89,13.24
4011,600760,中航沈飞,47.8,-2.41,-1.18,164077.0,787975096.0,2.14,48.66,47.61,48.48,48.98,1.32,0.58,38.52,5.75,135517527329.0,135091690370.0,-0.02,0.06,-20.28,-14.66
4012,002568,百润股份,16.92,-2.42,-0.42,55127.0,93844741.78,2.65,17.32,16.86,17.31,17.34,0.97,0.72,24.06,3.74,17624273021.0,12911335951.0,-0.24,-0.18,-23.23,-22.42
4013,002247,聚力文化,2.82,-2.42,-0.07,238850.0,67708870.24,3.81,2.9,2.79,2.88,2.89,0.8,3.71,42.68,3.61,2399453538.0,1814784695.0,0.36,0.0,-1.05,0.36
4014,000717,中南股份,2.42,-2.42,-0.06,219388.0,53583652.0,2.42,2.48,2.42,2.47,2.48,0.9,0.91,-65.42,0.75,5865706328.0,5865017535.0,0.0,-0.41,-6.92,-6.56
4015,002696,百洋股份,6.85,-2.42,-0.17,79686.0,55169413.05,4.56,7.13,6.81,7.02,7.02,1.13,2.38,49.25,1.73,2372581495.0,2291235594.0,-0.15,0.0,-3.39,-3.11
4016,920106,林泰新材,63.71,-2.42,-1.58,5539.0,35812192.76,3.48,65.8,63.53,64.6,65.29,0.8,1.27,25.54,6.23,3605571885.0,2781252277.0,0.06,0.05,-18.96,-19.05
4017,002689,ST远智,3.63,-2.42,-0.09,76735.0,28000726.5,1.88,3.69,3.62,3.69,3.72,0.92,0.74,67.92,3.1,3787217932.0,3785768832.0,0.0,0.28,11.01,13.08
4018,002709,天赐材料,43.89,-2.42,-1.09,814370.0,3590546949.21,5.85,45.4,42.77,44.81,44.98,1.1,5.4,65.7,5.0,89472474944.0,66230493624.0,0.0,-0.11,-7.39,-5.16
4019,003011,海象新材,23.34,-2.42,-0.58,23550.0,55336760.8,3.22,23.9,23.13,23.9,23.92,0.8,3.02,19.89,1.7,2396457840.0,1822591798.0,0.47,0.3,8.46,5.9
4020,000559,万向钱潮,15.31,-2.42,-0.38,502938.0,771148584.53,2.8,15.52,15.08,15.41,15.69,0.97,1.52,49.01,5.82,50758137778.0,50742680725.0,-0.07,0.0,-15.37,-10.99
4021,688580,伟思医疗,53.52,-2.42,-1.33,9416.0,50651790.0,2.26,54.59,53.35,54.01,54.85,0.77,0.98,37.51,3.03,5125679334.0,5125679334.0,0.06,0.17,-23.21,10.58
4022,000960,锡业股份,32.64,-2.42,-0.81,396574.0,1293608548.05,3.23,33.19,32.11,32.44,33.45,0.94,2.41,27.32,2.72,53706898913.0,53706898913.0,-0.09,-0.15,5.29,17.54
4023,300062,中能电气,7.65,-2.42,-0.19,192198.0,147336090.48,2.55,7.78,7.58,7.75,7.84,0.79,4.19,706.96,3.53,4819020881.0,3507129113.0,-0.13,0.0,-14.43,-8.16
4024,000591,太阳能,5.25,-2.42,-0.13,654918.0,344870528.96,2.23,5.35,5.23,5.34,5.38,0.7,1.67,13.74,0.85,20610452688.0,20603622312.0,0.0,0.19,16.67,19.86
4025,688621,阳光诺和,66.62,-2.43,-1.66,27822.0,188222920.0,5.23,69.77,66.2,69.0,68.28,0.79,2.48,38.05,6.17,7461440000.0,7461440000.0,-0.15,-0.22,-0.42,7.19
4026,000099,中信海直,16.87,-2.43,-0.42,81339.0,137780026.2,1.62,17.14,16.86,17.0,17.29,1.11,1.05,42.4,2.38,13087242211.0,13087242211.0,0.0,-0.06,-21.17,-18.7
4027,002683,广东宏大,38.08,-2.43,-0.95,90302.0,345423744.9,2.92,38.94,37.8,38.65,39.03,1.27,1.35,30.23,4.12,28936423199.0,25382571175.0,-0.1,-0.1,-17.24,-20.33
4028,688563,航材股份,59.11,-2.43,-1.47,19857.0,118374953.0,1.85,60.16,59.04,60.01,60.58,0.98,1.7,49.61,2.55,26599500000.0,6915219376.0,-0.07,-0.03,-1.58,1.13
4029,600679,上海凤凰,11.64,-2.43,-0.29,30860.0,36186545.0,2.6,11.91,11.6,11.88,11.93,1.03,0.9,38.71,2.8,5998025151.0,4000601151.0,-0.09,0.0,-14.73,-13.33
4030,600566,济川药业,25.66,-2.43,-0.64,45092.0,116519223.0,2.89,26.34,25.58,26.17,26.3,0.81,0.49,17.35,1.71,23649853592.0,23570053558.0,0.0,0.08,-3.02,-2.43
4031,301538,骏鼎达,79.6,-2.43,-1.98,8344.0,67115337.2,3.21,81.98,79.36,80.81,81.58,0.89,2.67,31.99,4.36,6240640000.0,2485085812.0,-0.06,0.08,-3.96,-0.72
4032,000965,天保基建,3.61,-2.43,-0.09,228550.0,82771027.9,2.7,3.68,3.58,3.67,3.7,0.78,2.06,208.57,0.74,4006489531.0,4006489531.0,0.28,0.0,-9.75,-7.91
4033,301212,联盛化学,27.26,-2.43,-0.68,10288.0,28246042.0,2.97,27.98,27.15,27.79,27.94,0.9,1.1,177.86,2.2,2944080000.0,2555625000.0,-0.15,0.0,-12.32,-9.01
4034,601958,金钼股份,19.25,-2.43,-0.48,292321.0,564061595.0,2.28,19.56,19.11,19.34,19.73,1.01,0.91,19.69,3.29,62112134700.0,62112134700.0,0.0,0.05,14.93,23.56
4035,300833,浩洋股份,33.35,-2.43,-0.83,7544.0,25296666.0,2.84,34.22,33.25,34.04,34.18,0.85,0.93,23.57,1.74,4218458175.0,2709869925.0,-0.39,-0.39,-19.17,-18.02
4036,003016,欣贺股份,8.03,-2.43,-0.2,39614.0,32066324.0,2.92,8.24,8.0,8.19,8.23,1.1,0.96,244.06,1.26,3376788544.0,3299389221.0,0.12,0.12,-17.13,-17.13
4037,002766,索菱股份,4.8,-2.44,-0.12,106346.0,51338078.66,2.24,4.9,4.79,4.9,4.92,0.83,1.24,-75.31,3.79,4147105075.0,4112296152.0,-0.21,-0.41,-34.52,-20.66
4038,603313,梦百合,7.99,-2.44,-0.2,38287.0,30815549.0,2.56,8.19,7.98,8.19,8.19,0.82,0.67,21.25,1.24,4558989211.0,4558989211.0,-0.25,-0.25,-12.49,-10.22
4039,688597,煜邦电力,8.8,-2.44,-0.22,34778.0,30808239.0,2.33,9.0,8.79,9.0,9.02,0.82,1.03,38.85,3.03,2957330429.0,2957330429.0,0.0,-0.34,4.27,7.19
4040,603298,杭叉集团,25.6,-2.44,-0.64,54526.0,140285668.0,2.63,26.15,25.46,26.12,26.24,0.95,0.42,14.35,2.94,33531188454.0,33531188454.0,-0.08,-0.08,-5.74,-3.65
4041,688333,铂力特,92.88,-2.44,-2.32,57929.0,542205044.0,3.21,95.47,92.41,94.0,95.2,1.11,2.11,121.38,5.06,25479043521.0,25479043521.0,-0.02,-0.05,-12.9,-16.71
4042,920180,爱得科技,16.36,-2.44,-0.41,12927.0,21420559.32,3.28,16.85,16.3,16.61,16.77,0.69,3.62,24.85,2.49,1932493033.0,583552595.0,0.06,0.06,113.3,113.3
4043,603825,ST华扬,8.01,-2.44,-0.2,15610.0,12590450.0,2.07,8.15,7.98,8.15,8.21,0.7,0.62,-5.7,12.34,2029225782.0,2029225782.0,0.0,0.13,-11.3,-11.59
4044,603179,新泉股份,65.69,-2.44,-1.64,99644.0,662406439.0,3.8,67.86,65.3,66.56,67.33,1.13,1.95,41.11,4.52,33511220951.0,33511220951.0,0.02,0.03,-12.88,-11.09
4045,000159,国际实业,6.4,-2.44,-0.16,120922.0,78059553.32,3.2,6.6,6.39,6.54,6.56,0.88,2.52,114.74,1.51,3076390355.0,3076306355.0,-0.16,-0.16,9.22,10.73
4046,600448,华纺股份,3.2,-2.44,-0.08,217218.0,70496665.0,5.49,3.35,3.17,3.35,3.28,0.86,3.45,-19.18,1.79,2015422918.0,2015422918.0,0.0,0.0,-0.31,1.59
4047,002121,科陆电子,7.59,-2.44,-0.19,225721.0,172125786.85,1.67,7.71,7.58,7.71,7.78,0.85,1.61,-80.69,35.36,12605598662.0,10625401559.0,-0.13,-0.26,-6.06,-1.43
4048,002201,九鼎新材,11.2,-2.44,-0.28,180771.0,202597297.82,2.7,11.37,11.06,11.32,11.48,0.57,3.0,72.47,6.27,7298325899.0,6742662304.0,0.0,-0.09,0.36,-1.84
4049,300801,泰和科技,25.84,-2.45,-0.65,52361.0,135767485.0,3.85,26.52,25.5,26.52,26.49,1.32,3.84,47.69,2.25,5644231200.0,3526930670.0,0.0,0.08,-16.19,-6.48
4050,920130,立方控股,19.55,-2.45,-0.49,11246.0,22238346.62,2.69,20.08,19.54,19.71,20.04,1.04,1.99,-37.48,3.78,1803355264.0,1106287951.0,-0.36,-0.26,-26.81,-32.49
4051,300113,顺网科技,27.89,-2.45,-0.7,517721.0,1449078017.66,2.34,28.4,27.73,27.95,28.59,0.73,9.99,44.16,7.55,19064658027.0,14458803553.0,-0.04,0.04,33.44,37.8
4052,300639,凯普生物,6.76,-2.45,-0.17,411504.0,278661227.95,4.18,6.96,6.67,6.88,6.93,0.7,6.48,-25.67,1.14,4370344556.0,4293711148.0,-0.15,0.3,19.65,25.65
4053,000665,湖北广电,4.78,-2.45,-0.12,122633.0,58818565.28,2.86,4.89,4.75,4.89,4.9,1.1,1.08,-10.51,1.35,5435574586.0,5435432548.0,0.0,0.21,-18.15,-17.87
4054,000421,南京公用,6.38,-2.45,-0.16,84678.0,54426016.0,2.6,6.54,6.37,6.5,6.54,0.91,1.47,23.71,1.3,3664772383.0,3664010375.0,0.0,0.0,-8.07,-7.67
4055,300530,领湃科技,24.3,-2.45,-0.61,17452.0,42610679.0,1.53,24.67,24.29,24.67,24.91,0.87,1.01,-27.61,78.01,4178417902.0,4178417902.0,0.0,0.04,-12.93,-8.99
4056,002579,中京电子,12.73,-2.45,-0.32,643652.0,818278753.65,2.22,12.84,12.55,12.6,13.05,0.87,11.03,228.38,3.22,7798635033.0,7426833411.0,0.0,-0.24,0.08,4.52
4057,688729,屹唐股份,22.29,-2.45,-0.56,48293.0,108374724.0,1.97,22.66,22.21,22.5,22.85,1.15,2.25,98.21,7.38,65879432400.0,4792370774.0,0.04,-0.04,-14.5,-8.95
4058,002366,融发核电,7.17,-2.45,-0.18,356206.0,256717136.59,1.5,7.27,7.16,7.26,7.35,0.78,1.93,-152.68,3.27,14920322879.0,13267058435.0,-0.14,-0.14,-7.96,-4.53
4059,603329,上海雅仕,10.36,-2.45,-0.26,15169.0,15848885.0,3.01,10.65,10.33,10.65,10.62,0.64,0.73,75.18,1.93,2590530173.0,2138128429.0,-0.29,0.19,-6.75,-5.82
4060,600061,国投资本,6.77,-2.45,-0.17,275163.0,187238345.0,2.16,6.9,6.75,6.89,6.94,1.0,0.43,13.2,0.8,43287282823.0,43287282823.0,-0.15,0.0,-14.41,-11.5
4061,300378,鼎捷数智,40.29,-2.45,-1.01,90105.0,364705226.61,1.33,40.8,40.25,40.6,41.3,0.83,3.34,66.92,4.65,10940823231.0,10858571196.0,0.0,0.0,-16.82,-10.98
4062,688605,先锋精科,62.53,-2.45,-1.57,28445.0,180309275.0,2.96,64.26,62.36,63.3,64.1,1.08,2.63,66.99,7.7,12654812396.0,6775233677.0,0.13,-0.02,-3.16,-2.69
4063,600822,上海物贸,9.95,-2.45,-0.25,30877.0,30947418.0,2.55,10.2,9.94,10.18,10.2,1.1,0.78,187.61,4.03,4934930494.0,3941671685.0,0.0,0.1,-8.46,-7.1
4064,603344,星德胜,27.12,-2.45,-0.68,9687.0,26402982.0,2.73,27.78,27.02,27.78,27.8,0.89,1.79,29.58,2.51,5275680178.0,1465320178.0,0.11,0.07,-25.54,-27.41
4065,002030,达安基因,5.95,-2.46,-0.15,151548.0,90850867.24,2.46,6.09,5.94,6.07,6.1,0.97,1.08,-44.26,1.08,8350503890.0,8350503890.0,0.0,-0.17,-4.03,-0.17
4066,688617,惠泰医疗,258.0,-2.46,-6.5,16581.0,428478614.0,3.63,264.7,255.1,262.0,264.5,1.55,1.18,44.34,11.78,36388778982.0,36388778982.0,0.0,0.67,-1.19,6.06
4067,603536,惠发食品,9.93,-2.46,-0.25,36314.0,36328314.0,2.55,10.18,9.92,10.18,10.18,0.71,1.51,-46.03,5.88,2406841145.0,2388485342.0,-0.6,-0.3,-11.1,-10.7
4068,603209,兴通股份,15.09,-2.46,-0.38,49852.0,75683117.0,2.78,15.48,15.05,15.36,15.47,0.81,1.55,18.99,1.48,4904250000.0,4851308199.0,-0.07,0.0,-1.57,-0.4
4069,300774,倍杰特,17.43,-2.46,-0.44,65777.0,114833582.83,2.24,17.66,17.26,17.61,17.87,0.81,3.38,84.72,4.8,7124750594.0,3396764954.0,0.11,0.06,-24.74,-8.26
4070,600097,开创国际,10.72,-2.46,-0.27,32990.0,35640050.0,3.46,11.06,10.68,10.96,10.99,0.81,1.37,34.95,1.11,2582839912.0,2582839912.0,-0.74,0.0,-6.78,-5.63
4071,600318,新力金融,7.52,-2.46,-0.19,130300.0,98395127.0,2.2,7.65,7.48,7.64,7.71,0.76,2.54,108.07,3.54,3855711793.0,3855711793.0,0.0,0.27,-18.44,-16.26
4072,002362,汉王科技,18.61,-2.46,-0.47,32897.0,61689592.71,2.57,19.05,18.56,19.0,19.08,1.24,1.58,-23.22,4.79,4549300962.0,3863323075.0,0.05,0.0,-16.62,-14.0
4073,603605,珀莱雅,59.8,-2.46,-1.51,30427.0,183022463.0,2.25,61.18,59.8,60.81,61.31,1.4,0.77,17.31,4.22,23679365278.0,23679365278.0,-0.08,-0.12,-13.99,-12.68
4074,300430,诚益通,17.83,-2.46,-0.45,50301.0,90152802.42,2.08,18.18,17.8,18.13,18.28,0.87,1.94,53.83,2.13,4868424373.0,4633200546.0,0.0,0.0,-35.56,-7.23
4075,300925,法本信息,17.81,-2.46,-0.45,63925.0,114443002.0,2.14,18.13,17.74,18.02,18.26,1.12,1.83,67.4,3.48,7635306310.0,6225416273.0,-0.06,-0.11,-20.42,-16.15
4076,688177,百奥泰,22.6,-2.46,-0.57,23837.0,54732282.0,4.45,23.59,22.56,23.07,23.17,0.79,0.58,-27.82,25.11,9358208000.0,9358208000.0,0.04,0.04,-5.79,-2.33
4077,920837,华原股份,12.3,-2.46,-0.31,7722.0,9557753.39,2.7,12.6,12.26,12.6,12.61,0.57,0.56,24.85,3.28,1866067280.0,1682489780.0,-0.49,0.0,-17.56,-15.64
4078,301207,华兰疫苗,19.81,-2.46,-0.5,58540.0,117249542.67,3.15,20.42,19.78,20.11,20.31,0.73,0.97,65.09,2.09,11906354775.0,11898839852.0,0.0,-0.2,2.54,6.33
4079,601187,厦门银行,7.52,-2.46,-0.19,146978.0,110794800.0,2.85,7.69,7.47,7.68,7.71,1.02,0.56,7.53,0.75,19846241718.0,19803018292.0,-0.27,-0.13,2.59,2.45
4080,601375,中原证券,3.97,-2.46,-0.1,292420.0,116918953.0,2.21,4.05,3.96,4.05,4.07,1.06,0.85,40.44,1.28,18432252259.0,13686653209.0,-0.25,0.0,-11.58,-7.67
4081,920101,志高机械,34.15,-2.46,-0.86,3594.0,12406784.66,2.51,35.0,34.12,34.55,35.01,0.72,1.29,25.4,2.88,3044410142.0,950003107.0,0.06,-0.06,-16.3,-14.41
4082,600458,时代新材,11.48,-2.46,-0.29,125292.0,144583130.0,1.61,11.66,11.47,11.65,11.77,0.69,1.45,20.8,1.35,10685050410.0,9897905325.0,0.0,0.0,-15.71,-13.49
4083,603369,今世缘,26.02,-2.47,-0.66,76737.0,200826824.0,2.7,26.65,25.93,26.58,26.68,0.72,0.62,9.55,1.97,32441736963.0,32441736963.0,0.0,0.0,-26.25,-25.19
4084,002403,爱仕达,10.26,-2.47,-0.26,26027.0,26893345.0,2.66,10.52,10.24,10.46,10.52,0.81,0.88,-44.44,2.18,3494951821.0,3048876518.0,0.0,0.1,-19.84,-18.96
4085,300413,芒果超媒,20.93,-2.47,-0.53,146345.0,307759221.35,1.35,21.2,20.91,21.16,21.46,1.33,1.43,28.91,1.69,39154186658.0,21384180121.0,0.0,0.0,-17.5,-14.29
4086,002905,金逸影视,9.48,-2.47,-0.24,108915.0,103495038.2,3.4,9.76,9.43,9.72,9.72,0.5,3.12,140.95,37.56,3567513600.0,3312691200.0,-0.11,0.11,-13.5,-16.11
4087,301056,森赫股份,14.98,-2.47,-0.38,28324.0,42623767.86,2.41,15.3,14.93,15.22,15.36,0.73,1.61,54.07,4.87,3996464272.0,2636417533.0,-0.07,-0.07,0.67,-10.83
4088,688220,翱捷科技-U,72.2,-2.47,-1.83,64697.0,469610389.0,1.72,73.33,72.06,72.96,74.03,1.06,1.75,-77.38,5.53,30201324186.0,26651859770.0,-0.03,-0.12,-16.77,-12.6
4089,605577,龙版传媒,12.64,-2.47,-0.32,24956.0,31762951.0,3.09,13.0,12.6,12.97,12.96,0.5,0.56,14.32,1.41,5617777785.0,5617777785.0,-0.08,-0.16,-4.39,-3.29
4090,301459,丰茂股份,37.58,-2.47,-0.95,8366.0,31613791.4,3.17,38.51,37.29,38.51,38.53,1.46,3.21,34.55,3.14,3912897996.0,980800082.0,-0.29,-0.21,-15.47,-15.32
4091,601717,中创智领,20.14,-2.47,-0.51,168771.0,341190673.0,1.99,20.46,20.05,20.45,20.65,0.83,1.09,8.38,1.49,35957954590.0,31059217802.0,0.0,-0.1,-17.46,-17.96
4092,920039,国义招标,9.46,-2.47,-0.24,8159.0,7786630.33,2.37,9.64,9.41,9.64,9.7,0.99,0.53,44.34,2.71,1455137200.0,1455136254.0,0.21,0.32,-18.38,-15.84
4093,300420,五洋自控,3.56,-2.47,-0.09,201186.0,72123374.0,2.47,3.64,3.55,3.62,3.65,1.09,1.8,76.87,1.68,3974325477.0,3974016825.0,-0.28,0.0,-11.44,-10.78
4094,000530,冰山冷热,5.92,-2.47,-0.15,117677.0,70267865.0,2.64,6.07,5.91,6.03,6.07,1.1,1.96,41.46,1.57,4991818041.0,3552245461.0,-0.34,-0.34,-18.34,-19.13
4095,920167,同享科技,16.6,-2.47,-0.42,10059.0,16832129.23,2.0,16.91,16.57,16.82,17.02,0.74,1.54,84.19,2.9,1826439900.0,1085039279.0,0.0,-0.12,-5.25,-2.98
4096,300878,维康药业,27.59,-2.47,-0.7,10897.0,30224617.4,3.32,28.29,27.35,28.29,28.29,0.72,0.76,-24.19,3.94,3994764984.0,3976380029.0,-0.4,-0.43,-4.43,8.15
4097,002702,海欣食品,5.52,-2.47,-0.14,139520.0,77400375.9,3.18,5.68,5.5,5.67,5.66,0.53,3.04,-81.63,2.93,3067795200.0,2532265500.0,0.0,-0.18,-22.25,-22.47
4098,300419,ST浩丰,7.09,-2.48,-0.18,67592.0,48047539.0,1.93,7.2,7.06,7.2,7.27,1.22,1.84,-127.78,6.04,2607374229.0,2607374229.0,0.0,0.0,11.13,12.54
4099,603273,天元智能,18.1,-2.48,-0.46,13541.0,24815931.0,2.69,18.6,18.1,18.56,18.56,0.75,2.42,149.01,4.41,3879072540.0,1014657040.0,-0.33,-0.33,-13.44,-13.69
4100,300695,兆丰股份,68.54,-2.48,-1.74,6160.0,42369458.04,2.28,70.0,68.4,70.0,70.28,0.9,0.6,20.0,2.42,7008689571.0,7008689571.0,0.0,0.06,-27.39,-31.5
4101,002033,丽江股份,9.03,-2.48,-0.23,164997.0,149315030.3,3.02,9.25,8.97,9.21,9.26,1.26,3.0,23.24,1.94,4961901120.0,4961806034.0,0.11,0.22,-1.74,-1.31
4102,601696,中银证券,12.18,-2.48,-0.31,228439.0,279815119.0,1.52,12.36,12.17,12.36,12.49,1.05,0.82,29.71,1.81,33836040000.0,33836040000.0,-0.16,-0.16,-22.27,-18.75
4103,605180,华生科技,14.53,-2.48,-0.37,15944.0,23456757.0,4.16,15.12,14.5,15.12,14.9,0.98,0.94,75.17,2.15,2455570000.0,2455570000.0,-0.14,-0.14,-1.49,-0.14
4104,301072,中捷精工,22.02,-2.48,-0.56,17784.0,39207507.97,3.9,22.6,21.72,22.52,22.58,0.98,2.65,-62.84,3.09,2313112590.0,1478421104.0,-0.05,0.0,-1.03,-2.22
4105,600477,杭萧钢构,3.15,-2.48,-0.08,411144.0,129977619.0,2.48,3.21,3.13,3.2,3.23,0.72,1.74,37.45,1.47,7430750573.0,7430750573.0,0.0,0.32,8.62,6.06
4106,920026,卓兆点胶,35.41,-2.48,-0.9,17873.0,63522855.79,3.86,36.44,35.04,35.33,36.31,1.44,4.8,56.01,4.61,2906355281.0,1317769694.0,0.03,0.03,-5.7,-0.25
4107,920926,鸿智科技,14.15,-2.48,-0.36,5799.0,8286864.54,2.69,14.51,14.12,14.4,14.51,0.67,0.72,42.51,4.51,1250318579.0,1134580663.0,-0.49,-0.49,-20.06,-17.44
4108,300006,莱美药业,5.88,-2.49,-0.15,1202894.0,701693906.42,6.14,6.06,5.69,5.98,6.03,0.87,11.39,-46.09,3.54,6208757885.0,6208226880.0,-0.17,-0.17,12.64,14.4
4109,600084,中信尼雅,6.66,-2.49,-0.17,61245.0,41124973.0,3.07,6.85,6.64,6.83,6.83,1.28,0.55,37543.77,5.78,7484020688.0,7484020688.0,0.0,0.15,26.14,26.86
4110,300112,万讯自控,7.84,-2.49,-0.2,60408.0,47675493.02,2.99,8.04,7.8,8.01,8.04,0.92,2.54,-33.86,2.29,2275371009.0,1862831118.0,0.26,0.26,-10.09,-8.94
4111,600797,浙大网新,9.01,-2.49,-0.23,268669.0,242925366.0,1.52,9.11,8.97,9.09,9.24,1.1,2.61,222.59,2.65,9258012594.0,9258012594.0,-0.11,-0.22,-12.61,-9.08
4112,600853,龙建股份,3.91,-2.49,-0.1,131478.0,51657945.0,2.74,4.0,3.89,4.0,4.01,0.93,1.3,9.8,0.98,3963551540.0,3963551540.0,0.0,0.0,-9.91,-9.7
4113,300123,亚光科技,6.24,-2.5,-0.16,191763.0,120289645.45,1.72,6.34,6.23,6.33,6.4,1.02,1.92,-48.36,4.33,6376244928.0,6242613424.0,-0.16,0.16,-25.36,-22.96
4114,300800,力合科技,11.7,-2.5,-0.3,31972.0,38026918.16,3.58,12.12,11.69,11.98,12.0,1.06,1.36,94.48,1.38,2770080300.0,2742263550.0,-0.34,-0.26,-1.02,0.6
4115,920768,拾比佰,10.9,-2.5,-0.28,11788.0,13011554.76,3.04,11.24,10.9,11.09,11.18,1.08,1.54,22.26,1.71,1209573000.0,833787717.0,-0.18,-0.18,-12.73,-9.54
4116,002611,东方精工,17.19,-2.5,-0.44,270946.0,467585919.77,1.87,17.46,17.13,17.46,17.63,0.85,2.7,28.85,3.62,20925152185.0,17222715750.0,-0.06,0.12,-11.89,-10.56
4117,600983,惠而浦,10.15,-2.5,-0.26,44982.0,45870483.0,2.88,10.4,10.1,10.31,10.41,1.05,0.59,14.97,2.61,7779355850.0,7779355850.0,0.0,0.0,-5.58,6.17
4118,002439,启明星辰,12.85,-2.5,-0.33,95866.0,123766903.0,1.75,13.05,12.82,13.05,13.18,1.0,1.32,-54.11,1.39,15566492634.0,9320656728.0,-0.08,-0.08,-11.56,-8.99
4119,000859,国风新材,9.76,-2.5,-0.25,301610.0,296737580.4,2.4,9.98,9.74,9.85,10.01,0.89,3.37,-120.67,3.22,8744728405.0,8744230645.0,-0.1,0.0,-13.7,-3.56
4120,300225,*ST金泰,5.08,-2.5,-0.13,78792.0,40244499.6,2.88,5.23,5.08,5.23,5.21,0.85,1.66,102.9,2.8,2415182317.0,2413290017.0,0.0,-0.39,-11.81,-10.56
4121,002521,齐峰新材,8.19,-2.5,-0.21,47053.0,38933412.0,3.45,8.47,8.18,8.4,8.4,0.88,1.12,33.61,1.18,4586900000.0,3426760169.0,0.0,-0.12,-1.68,-1.56
4122,001328,登康口腔,31.93,-2.5,-0.82,16169.0,51484654.71,3.85,32.69,31.43,32.69,32.75,1.6,3.51,30.34,3.76,5497509434.0,1469776216.0,0.16,0.19,-17.79,-19.12
4123,603029,天鹅股份,18.31,-2.5,-0.47,25982.0,48157137.0,3.46,18.88,18.23,18.88,18.78,0.83,2.14,29.77,2.33,2221772020.0,2221772020.0,0.0,0.11,-0.16,0.38
4124,002124,天邦食品,2.34,-2.5,-0.06,293306.0,69228232.4,2.92,2.4,2.33,2.38,2.4,0.77,1.49,15.02,1.32,5199325167.0,4615309876.0,0.0,-0.43,-15.52,-14.6
4125,300388,节能国祯,7.8,-2.5,-0.2,39519.0,31003630.0,2.5,7.97,7.77,7.97,8.0,0.93,0.58,14.92,1.13,5312129402.0,5312129402.0,0.26,0.13,-3.35,-2.26
4126,301004,嘉益股份,47.0,-2.51,-1.21,8151.0,38881986.0,3.78,48.7,46.88,48.01,48.21,1.29,0.6,13.98,3.93,6852893186.0,6397045497.0,-0.02,-0.17,-10.41,-9.7
4127,603739,蔚蓝生物,14.77,-2.51,-0.38,35148.0,52406634.0,3.43,15.25,14.73,15.07,15.15,0.72,1.39,45.37,2.11,3737236351.0,3737236351.0,-0.14,0.14,0.0,4.38
4128,301192,泰祥股份,27.18,-2.51,-0.7,12430.0,34298791.94,3.26,28.09,27.18,27.71,27.88,0.82,2.6,48.29,4.38,2715282000.0,1301072625.0,-0.18,-0.11,-14.01,-8.45
4129,300081,ST恒信,3.5,-2.51,-0.09,738088.0,259611279.08,3.62,3.6,3.47,3.5,3.59,2.04,12.21,-10.49,1.99,2116783960.0,2116463447.0,0.0,0.0,-35.54,-32.56
4130,688507,索辰科技,84.9,-2.51,-2.19,10842.0,92257947.0,2.3,86.0,84.0,85.98,87.09,0.94,2.2,235.16,2.65,7565335762.0,4180113477.0,-0.02,0.07,-22.93,-15.35
4131,002228,合兴包装,3.88,-2.51,-0.1,182348.0,71377280.0,2.76,3.98,3.87,3.95,3.98,0.81,1.51,22.12,1.47,4707936241.0,4692168231.0,-0.26,0.0,-16.74,-14.16
4132,301510,固高科技,30.34,-2.51,-0.78,40025.0,121988721.47,1.7,30.8,30.27,30.8,31.12,1.06,1.43,204.01,8.61,12136303400.0,8469691948.0,0.03,0.03,-18.35,-18.99
4133,603937,丽岛新材,14.38,-2.51,-0.37,105626.0,151938641.0,3.32,14.7,14.21,14.52,14.75,0.67,5.06,-152.03,1.95,3003845706.0,3003845706.0,-0.14,-0.07,16.63,19.93
4134,300453,三鑫医疗,9.71,-2.51,-0.25,83362.0,81702940.2,3.71,10.05,9.68,9.93,9.96,0.91,2.32,19.31,3.48,5069438310.0,3494237833.0,0.0,0.0,6.82,11.35
4135,000862,银星能源,6.22,-2.51,-0.16,353578.0,219527818.0,2.51,6.32,6.16,6.31,6.38,0.78,5.63,128.41,1.33,5709678209.0,3905955287.0,0.0,0.0,3.67,6.51
4136,920175,东方碳素,9.73,-2.51,-0.25,6193.0,6067307.92,2.81,10.0,9.72,9.9,9.98,0.74,0.78,-9.86,1.74,1157870000.0,771354118.0,0.0,-0.31,-16.91,-14.05
4137,300274,阳光电源,123.8,-2.51,-3.19,595682.0,7378760211.81,2.02,125.36,122.8,125.34,126.99,0.62,3.75,19.07,5.51,256663574291.0,196843824317.0,0.0,-0.08,-28.07,-27.62
4138,600399,抚顺特钢,5.82,-2.51,-0.15,326310.0,191085029.0,1.84,5.92,5.81,5.9,5.97,0.93,1.65,-14.26,2.08,11477622000.0,11477622000.0,-0.17,-0.17,-5.98,-0.34
4139,600326,西藏天路,9.33,-2.51,-0.24,195810.0,183214878.0,2.09,9.48,9.28,9.46,9.57,1.27,1.44,-223.68,3.22,12711793067.0,12711793067.0,0.11,0.11,-16.99,-15.41
4140,605398,新炬网络,26.76,-2.51,-0.69,24639.0,66055238.0,2.37,27.2,26.55,27.0,27.45,0.63,1.51,321.37,4.23,4354290302.0,4354290302.0,0.0,0.22,-8.04,-6.2
4141,688690,纳微科技,26.28,-2.52,-0.68,35940.0,96034122.0,3.56,27.22,26.26,26.85,26.96,0.86,0.89,78.03,5.52,10612252024.0,10612252024.0,-0.23,-0.15,-1.13,1.82
4142,301221,光庭信息,49.13,-2.52,-1.27,14515.0,71731825.05,2.26,50.06,48.92,49.9,50.4,0.94,2.31,76.22,2.27,4550533599.0,3081589784.0,0.0,0.0,-18.25,-12.64
4143,603859,能科科技,37.84,-2.52,-0.98,44548.0,168776718.0,1.24,38.13,37.65,38.05,38.82,1.14,1.82,42.07,3.04,9259361006.0,9259361006.0,-0.05,-0.08,-15.52,-10.01
4144,300505,川金诺,27.42,-2.52,-0.71,170970.0,469286880.94,3.59,28.09,27.08,27.79,28.13,0.72,7.87,16.61,2.58,7536867481.0,5960044707.0,0.0,0.0,14.68,22.47
4145,603309,维力医疗,14.3,-2.52,-0.37,70267.0,100108525.0,3.48,14.51,14.0,14.5,14.67,1.08,2.41,16.33,2.16,4173761277.0,4173761277.0,0.42,0.49,0.14,6.8
4146,301376,致欧科技,15.5,-2.52,-0.4,22640.0,35389481.5,3.02,15.92,15.44,15.84,15.9,0.81,1.17,17.22,1.83,6238269113.0,3001464547.0,-0.06,-0.39,-15.9,-14.22
4147,920121,江天科技,35.53,-2.52,-0.92,2019.0,7231009.97,2.14,36.29,35.51,36.29,36.45,0.86,1.7,22.15,2.99,2347402542.0,422532495.0,0.03,-0.25,-21.45,-22.89
4148,605567,春雪食品,10.85,-2.52,-0.28,36969.0,40452267.0,3.95,11.19,10.75,11.14,11.13,0.92,1.85,48.05,1.99,2170000000.0,2170000000.0,0.28,0.09,-1.0,-1.36
4149,300541,先进数通,13.95,-2.52,-0.36,104063.0,146003163.85,2.17,14.19,13.88,14.15,14.31,1.11,2.69,52.23,3.48,5999120663.0,5392769838.0,-0.07,-0.07,-8.1,-7.37
4150,002329,皇氏集团,3.87,-2.52,-0.1,222950.0,86990452.8,2.77,3.97,3.86,3.94,3.97,0.46,3.43,-49.06,3.6,3221403422.0,2517005136.0,0.26,0.0,-3.01,-0.77
4151,600558,大西洋,5.41,-2.52,-0.14,154243.0,83973548.0,2.16,5.52,5.4,5.51,5.55,0.97,1.72,26.65,2.0,4856042136.0,4856042136.0,-0.18,-0.18,-11.31,-11.31
4152,001373,翔腾新材,35.22,-2.52,-0.91,10596.0,37402262.0,3.04,36.09,34.99,36.09,36.13,0.74,3.2,-99.28,2.78,2419152195.0,1166899601.0,0.03,-0.42,2.29,9.11
4153,300529,健帆生物,17.39,-2.52,-0.45,37896.0,66443971.0,2.52,17.83,17.38,17.8,17.84,1.15,0.74,22.98,4.2,13887745732.0,8912065458.0,-0.06,-0.06,-14.42,-11.59
4154,002029,七 匹 狼,10.01,-2.53,-0.26,149268.0,150217971.0,2.63,10.22,9.95,10.19,10.27,0.73,2.24,21.22,1.05,7057285605.0,6660713650.0,0.1,0.1,-14.95,-9.25
4155,600095,湘财股份,9.25,-2.53,-0.24,171998.0,160132488.0,1.9,9.42,9.24,9.38,9.49,1.01,0.6,56.98,2.16,26447486623.0,26447486623.0,0.0,-0.11,-22.33,-16.37
4156,001696,宗申动力,18.48,-2.53,-0.48,218877.0,406233476.76,1.9,18.81,18.45,18.66,18.96,0.74,2.46,20.95,3.86,21160097482.0,16473039198.0,0.0,-0.05,-17.65,-14.8
4157,300950,德固特,21.22,-2.53,-0.55,16808.0,35888289.62,2.53,21.7,21.15,21.7,21.77,0.97,1.85,33.71,4.08,3248102960.0,1930230086.0,0.05,-0.09,-9.47,-7.17
4158,000776,广发证券,18.14,-2.53,-0.47,389005.0,709742498.86,1.77,18.43,18.1,18.4,18.61,0.98,0.66,10.36,1.07,141942697570.0,107099454502.0,0.0,0.06,-23.72,-17.62
4159,301519,舜禹股份,14.25,-2.53,-0.37,22534.0,32480185.0,3.28,14.68,14.2,14.66,14.62,0.71,2.99,-89.36,1.65,2303411026.0,1075541963.0,0.21,0.07,4.47,6.18
4160,300334,津膜科技,7.31,-2.53,-0.19,54950.0,40641612.0,3.73,7.55,7.27,7.5,7.5,0.79,1.82,1234.94,3.64,2208097752.0,2207837553.0,0.0,0.27,3.39,5.03
4161,300130,新国都,23.09,-2.53,-0.6,83461.0,193858675.16,1.77,23.49,23.07,23.49,23.69,1.08,1.92,27.94,2.98,13098936750.0,10024787488.0,-0.04,-0.13,-17.18,-16.73
4162,600751,海航科技,3.85,-2.53,-0.1,407126.0,157999759.0,3.29,3.97,3.84,3.94,3.95,0.92,1.58,86.45,1.47,11162450465.0,9906777850.0,0.0,-0.26,1.05,0.52
4163,300678,中科信息,28.44,-2.54,-0.74,48743.0,139308573.64,2.02,28.94,28.35,28.78,29.18,1.27,1.67,588.97,9.85,8429226173.0,8281647515.0,-0.04,-0.04,-19.46,-7.54
4164,300867,圣元环保,19.94,-2.54,-0.52,65646.0,131257785.68,2.44,20.32,19.82,20.3,20.46,0.67,3.43,19.23,1.4,5418516597.0,3821058771.0,0.15,0.05,3.42,4.62
4165,920717,瑞星股份,8.83,-2.54,-0.23,7683.0,6861050.71,2.76,9.06,8.81,9.04,9.06,0.68,1.74,326.49,1.79,1012624400.0,390992400.0,0.0,-0.11,-22.95,-20.45
4166,003008,开普检测,22.68,-2.54,-0.59,13693.0,31365293.65,2.54,23.27,22.68,23.27,23.27,0.82,1.76,26.74,2.22,2358720000.0,1762762267.0,-0.48,-0.53,4.18,5.24
4167,300402,宝色股份,18.79,-2.54,-0.49,35418.0,66785437.0,2.44,19.14,18.67,19.0,19.28,0.96,1.45,85.69,3.09,4637193439.0,4577591559.0,-0.32,0.16,-15.74,-12.65
4168,688084,晶品特装,61.87,-2.54,-1.61,13910.0,86243528.0,2.6,62.93,61.28,62.88,63.48,1.21,1.84,-299.98,2.97,4681026413.0,4681026413.0,0.16,0.03,-27.03,-25.28
4169,920556,雅达股份,9.21,-2.54,-0.24,18942.0,17578284.5,2.43,9.4,9.17,9.37,9.45,0.92,1.61,53.64,2.82,1485712992.0,1082163616.0,0.0,0.0,-10.5,-8.45
4170,301270,汉仪股份,32.17,-2.54,-0.84,21052.0,67938720.85,2.76,32.86,31.95,32.72,33.01,0.99,2.23,217.04,3.27,3217000000.0,3039834791.0,0.0,0.19,-15.12,-13.94
4171,001206,依依股份,20.76,-2.54,-0.54,24728.0,51640486.47,2.82,21.29,20.69,21.28,21.3,0.96,2.33,18.37,2.05,3838395454.0,2207108970.0,-0.1,-0.1,-30.55,-29.6
4172,301085,亚康股份,59.79,-2.54,-1.56,43038.0,257500372.26,3.72,60.99,58.71,60.09,61.35,0.97,7.31,1437.02,4.84,5188317608.0,3522333054.0,-0.1,-0.33,9.15,13.37
4173,300270,中威电子,10.38,-2.54,-0.27,46836.0,48721289.0,3.47,10.65,10.28,10.65,10.65,0.85,1.79,-54.42,5.58,3143126571.0,2708455974.0,-0.1,-0.1,-14.14,-5.29
4174,605186,健麾信息,19.22,-2.54,-0.5,17024.0,32976305.0,2.94,19.74,19.16,19.74,19.72,0.9,1.25,231.95,2.42,2613920000.0,2613920000.0,-0.31,-0.1,-4.0,-2.19
4175,600658,电子城,4.61,-2.54,-0.12,75083.0,34790334.0,2.75,4.72,4.59,4.72,4.73,0.88,0.67,-10.27,0.93,5156677057.0,5156677057.0,0.0,-0.22,-17.97,-16.03
4176,601360,三六零,10.74,-2.54,-0.28,803133.0,864644594.0,1.54,10.85,10.68,10.82,11.02,1.03,1.15,-461.24,2.56,75175251620.0,75175251620.0,-0.09,0.0,-4.79,-3.85
4177,300448,浩云科技,6.91,-2.54,-0.18,196663.0,136591939.5,2.4,7.05,6.88,7.02,7.09,0.87,4.23,-148.38,3.81,4674733016.0,3209998515.0,0.0,0.0,-15.01,-11.75
4178,920075,柏星龙,20.76,-2.54,-0.54,6648.0,13954373.65,3.47,21.39,20.65,21.0,21.3,1.23,1.91,58.14,3.36,1345559400.0,724085217.0,0.29,0.0,-23.68,-21.66
4179,603685,晨丰科技,28.45,-2.54,-0.74,29769.0,85547315.0,2.74,29.25,28.45,28.8,29.19,0.56,1.48,218.84,4.04,7139543660.0,5731700502.0,-0.45,-0.39,47.41,45.97
4180,601975,招商南油,4.98,-2.54,-0.13,3095603.0,1543967453.0,7.83,5.23,4.83,5.19,5.11,0.66,6.61,17.77,2.0,23308116496.0,23308116496.0,-0.2,-0.2,58.1,64.9
4181,600731,湖南海利,6.9,-2.54,-0.18,100216.0,69661190.0,2.68,7.07,6.88,7.01,7.08,0.85,1.85,15.82,1.22,3855322670.0,3737610389.0,0.0,0.0,-1.29,1.92
4182,601965,中国汽研,17.18,-2.55,-0.45,50406.0,87088157.0,2.16,17.53,17.15,17.46,17.63,0.8,0.5,16.26,2.2,17232482959.0,17152610390.0,-0.06,0.12,-3.54,3.49
4183,600935,华塑股份,2.68,-2.55,-0.07,394821.0,106460359.0,2.55,2.74,2.67,2.73,2.75,0.79,1.13,-60.26,1.61,9633897990.0,9399836856.0,0.0,-0.37,5.51,9.39
4184,600655,豫园股份,4.59,-2.55,-0.12,110449.0,51084297.0,2.76,4.7,4.57,4.68,4.71,1.11,0.28,-3.65,0.6,17866383473.0,17854394393.0,0.0,0.0,-12.57,-10.53
4185,002229,鸿博股份,18.33,-2.55,-0.48,490415.0,902552370.2,2.71,18.75,18.24,18.48,18.81,0.76,9.94,-62.38,8.25,9095189975.0,9039552468.0,-0.05,0.05,13.85,18.64
4186,002883,中设股份,9.57,-2.55,-0.25,38504.0,37116045.0,3.87,9.88,9.5,9.88,9.82,0.83,2.51,-42.53,2.3,1494424079.0,1467320719.0,-0.31,0.0,-12.52,-12.52
4187,000517,荣安地产,1.91,-2.55,-0.05,152562.0,29432868.0,3.57,1.97,1.9,1.95,1.96,0.67,0.61,-71.0,1.06,6081291946.0,4759694055.0,-0.52,0.0,3.8,5.52
4188,603278,大业股份,10.71,-2.55,-0.28,60136.0,64709405.0,2.0,10.9,10.68,10.9,10.99,1.09,1.76,117.44,1.82,3660243088.0,3660243088.0,0.09,0.09,-35.25,-37.15
4189,300017,网宿科技,17.95,-2.55,-0.47,1941083.0,3473653599.1,2.5,18.08,17.62,17.7,18.42,0.87,8.42,53.74,4.35,44147123497.0,41395242241.0,-0.06,-0.06,67.91,75.12
4190,300737,科顺股份,6.11,-2.55,-0.16,191809.0,116411345.42,3.51,6.21,5.99,6.21,6.27,1.23,2.16,253.21,1.51,6781926134.0,5418912912.0,0.0,-0.16,9.89,11.09
4191,920701,豪声电子,15.28,-2.55,-0.4,7496.0,11570629.84,3.06,15.72,15.24,15.48,15.68,1.17,0.75,29.4,2.48,2096416000.0,1531166627.0,0.07,-0.39,-17.76,-16.23
4192,688277,天智航-U,24.32,-2.56,-0.64,73912.0,181324681.0,2.92,24.99,24.26,24.79,24.96,0.9,1.62,-60.26,9.35,11089726267.0,11089726267.0,0.04,-0.21,44.5,60.11
4193,688557,兰剑智能,31.18,-2.56,-0.82,30440.0,96363474.0,4.72,32.57,31.06,32.2,32.0,2.49,2.96,29.25,2.59,3201551175.0,3201551175.0,-0.22,0.03,-16.27,-14.41
4194,920145,恒合股份,14.83,-2.56,-0.39,6691.0,9997303.05,2.89,15.23,14.79,15.23,15.22,0.97,1.38,-102.48,4.07,1046256500.0,720634190.0,0.0,-0.07,-36.35,-41.38
4195,301190,善水科技,22.5,-2.56,-0.59,17162.0,38938280.0,3.07,23.11,22.4,22.96,23.09,0.95,1.08,43.02,2.47,4829321250.0,3585465000.0,-0.4,-0.31,4.41,6.08
4196,920370,新安洁,3.42,-2.56,-0.09,24767.0,8564756.53,3.13,3.51,3.4,3.47,3.51,1.01,0.95,-15.07,1.76,1026969033.0,894174175.0,0.0,0.0,-18.76,-17.39
4197,300472,*ST新元,7.61,-2.56,-0.2,51162.0,39220127.8,2.82,7.81,7.59,7.81,7.81,0.65,1.93,-19.22,-38.07,2094718106.0,2015442833.0,0.0,-0.13,-2.56,-1.17
4198,300781,因赛集团,36.2,-2.56,-0.95,65383.0,236531940.59,3.04,36.94,35.81,36.45,37.15,1.45,5.4,162.79,8.9,5943147308.0,4386246812.0,0.0,-0.06,0.19,4.08
4199,300027,华谊兄弟,1.52,-2.56,-0.04,883336.0,135156112.96,4.49,1.58,1.51,1.54,1.56,1.09,3.55,-27.77,16.02,4217248997.0,3777167756.0,-0.65,-0.65,-31.22,-29.95
4200,920455,汇隆活塞,7.62,-2.56,-0.2,5921.0,4558819.9,2.81,7.83,7.61,7.8,7.82,0.76,0.63,49.66,3.93,1352169000.0,714469808.0,-0.78,-0.52,-11.81,-9.29
4201,301279,金道科技,27.38,-2.56,-0.72,21788.0,59911360.0,3.2,28.05,27.15,28.05,28.1,1.0,2.17,55.08,2.61,3552253081.0,2751388081.0,-0.11,0.0,-14.94,-20.87
4202,688718,唯赛勃,15.25,-2.56,-0.4,17900.0,27604834.0,3.58,15.72,15.16,15.59,15.65,0.67,1.03,57.47,3.3,2649754432.0,2649754432.0,-0.26,-0.2,14.49,16.59
4203,603336,宏辉果蔬,9.14,-2.56,-0.24,72140.0,66319920.0,2.67,9.37,9.12,9.37,9.38,0.81,1.19,387.1,3.89,5563691157.0,5563691157.0,0.0,-0.22,3.98,6.78
4204,688573,信宇人,19.41,-2.56,-0.51,11277.0,22087512.0,2.71,19.92,19.38,19.92,19.92,0.65,2.12,-4.02,6.01,1897412671.0,1032926927.0,-0.1,-0.15,-19.56,-14.83
4205,688266,泽璟制药-U,98.0,-2.56,-2.57,23762.0,235559060.0,3.58,101.48,97.88,99.45,100.57,0.66,0.9,-159.2,24.01,25941402228.0,25941402228.0,-0.09,-0.14,4.95,5.72
4206,920950,迅安科技,15.62,-2.56,-0.41,2619.0,4119581.3,3.12,16.0,15.5,15.94,16.03,0.94,0.73,27.46,3.59,1145258400.0,557947962.0,-0.06,0.58,-16.02,-13.46
4207,920086,科马材料,28.55,-2.56,-0.75,15225.0,44047567.5,2.87,29.39,28.55,29.0,29.3,0.59,5.69,26.17,2.76,2389064000.0,763555475.0,-0.31,-0.38,144.85,144.85
4208,600017,日照港,3.04,-2.56,-0.08,433834.0,132754987.0,2.56,3.11,3.03,3.1,3.12,0.83,1.41,18.9,0.67,9349987820.0,9349987820.0,0.0,0.33,0.33,1.33
4209,600168,武汉控股,4.93,-2.57,-0.13,66858.0,33187050.0,2.17,5.04,4.93,5.03,5.06,0.68,0.67,52.72,0.91,4897450015.0,4897450015.0,0.0,0.0,-4.27,-3.14
4210,603633,徕木股份,7.57,-2.57,-0.2,82553.0,63108661.0,2.7,7.77,7.56,7.71,7.77,1.1,1.93,190.66,1.67,3230957892.0,3230957892.0,-0.13,-0.13,-27.7,-25.27
4211,300172,中电环保,5.3,-2.57,-0.14,289516.0,154868855.1,2.94,5.44,5.28,5.44,5.44,1.06,5.54,43.9,1.86,3586563000.0,2771559072.0,0.0,-0.19,-4.85,-2.75
4212,002060,广东建工,3.79,-2.57,-0.1,334543.0,128278462.32,3.34,3.91,3.78,3.87,3.89,0.78,2.14,19.11,1.03,14229150387.0,5923067561.0,-0.26,0.0,3.27,5.28
4213,301512,智信精密,45.81,-2.57,-1.21,7702.0,35574329.0,2.93,46.98,45.6,46.92,47.02,0.93,3.1,-44.43,2.42,2443203054.0,1136701854.0,-0.13,-0.04,0.17,4.73
4214,301336,趣睡科技,51.17,-2.57,-1.35,6528.0,33640722.53,3.22,52.55,50.86,52.55,52.52,0.74,2.15,70.97,2.47,2046800000.0,1557118297.0,-0.06,-0.31,-8.0,-0.93
4215,688092,爱科科技,28.76,-2.57,-0.76,9947.0,28823611.0,3.39,29.59,28.59,29.59,29.52,0.91,1.2,46.69,3.6,2377409162.0,2377409162.0,-0.24,-0.52,7.43,14.4
4216,300353,东土科技,19.27,-2.58,-0.51,97370.0,188720310.98,2.07,19.64,19.23,19.6,19.78,0.94,1.81,-59.93,5.96,11848985817.0,10352981354.0,-0.05,-0.05,-8.19,-5.35
4217,300135,宝利国际,3.77,-2.58,-0.1,225052.0,85510122.0,3.62,3.89,3.75,3.85,3.87,0.87,2.44,-257.27,3.68,3474432000.0,3474432000.0,-0.26,0.0,-8.5,-4.56
4218,601599,浙文影业,3.78,-2.58,-0.1,173882.0,66144187.0,2.32,3.86,3.77,3.84,3.88,0.78,1.5,33.05,2.9,4386850472.0,4386850472.0,0.0,0.0,-4.06,-5.03
4219,688213,思特威-W,93.75,-2.58,-2.48,88581.0,829577879.0,2.13,94.7,92.65,94.49,96.23,0.75,2.74,37.67,7.22,37716260156.0,30329013375.0,-0.24,-0.27,-4.88,-1.41
4220,002817,黄山胶囊,7.93,-2.58,-0.21,74292.0,59435689.46,3.93,8.18,7.86,8.12,8.14,0.86,2.56,36.5,2.47,2371848488.0,2300011609.0,0.0,0.25,2.72,4.34
4221,301052,果麦文化,33.22,-2.58,-0.88,37576.0,125054110.06,3.72,34.24,32.97,33.67,34.1,1.08,4.69,-1579.63,4.73,3287429242.0,2664108429.0,0.0,0.03,-15.43,-13.01
4222,300664,鹏鹞环保,6.03,-2.58,-0.16,567050.0,338923680.5,5.01,6.14,5.83,6.12,6.19,2.05,7.54,12.66,1.04,4560225682.0,4536039352.0,0.0,-0.5,10.04,12.5
4223,002829,星网宇达,22.3,-2.58,-0.59,43147.0,96756269.8,2.27,22.71,22.19,22.7,22.89,1.14,2.95,90.57,2.7,4634149486.0,3256891451.0,0.0,0.0,-31.66,-29.03
4224,300211,*ST亿通,7.92,-2.58,-0.21,25172.0,19983423.0,2.21,8.05,7.87,7.92,8.13,1.18,0.85,-96.8,5.19,2407123406.0,2352918158.0,0.38,0.25,-13.82,-6.49
4225,300194,福安药业,4.16,-2.58,-0.11,315064.0,133594544.38,4.22,4.33,4.15,4.23,4.27,1.06,3.25,22.33,1.11,4949203509.0,4028311939.0,0.0,0.0,-7.76,-6.09
4226,600348,华阳股份,9.05,-2.58,-0.24,362271.0,329084143.0,2.69,9.28,9.03,9.22,9.29,0.86,1.0,21.78,1.18,32647875000.0,32647875000.0,0.0,0.0,8.9,9.56
4227,688722,同益中,16.59,-2.58,-0.44,27260.0,45637653.0,2.29,16.95,16.56,16.82,17.03,1.08,1.22,34.05,2.61,3727220553.0,3717905268.0,-0.3,-0.06,-16.0,-15.14
4228,688185,康希诺,66.73,-2.58,-1.77,20683.0,139387751.0,3.11,68.67,66.54,68.01,68.5,0.9,1.81,591.45,3.33,16485232841.0,7632103684.0,-0.03,0.0,1.83,6.17
4229,002173,创新医疗,24.83,-2.59,-0.66,196296.0,488182540.35,1.73,25.12,24.68,25.08,25.49,0.62,4.66,1739.43,6.15,10957090460.0,10450078720.0,0.0,-0.04,-4.61,15.43
4230,301110,青木科技,58.7,-2.59,-1.56,24719.0,146217068.0,2.95,60.33,58.55,59.66,60.26,1.25,3.78,51.17,3.72,5431824047.0,3837018422.0,0.05,-0.02,-13.59,-11.3
4231,300510,金冠股份,4.14,-2.59,-0.11,169230.0,70575873.27,2.35,4.23,4.13,4.23,4.25,0.74,2.05,-36.3,1.54,3414219498.0,3414219498.0,-0.24,0.0,-2.13,0.24
4232,603789,*ST星农,5.27,-2.59,-0.14,26900.0,14245435.0,2.4,5.37,5.24,5.35,5.41,0.77,1.03,-15.98,8.25,1397680942.0,1370200000.0,0.0,0.38,-6.23,-0.94
4233,300221,银禧科技,9.77,-2.59,-0.26,123976.0,122165199.0,2.39,9.99,9.75,9.93,10.03,0.98,2.72,41.8,3.16,4628583272.0,4458090852.0,-0.1,-0.1,-4.03,-5.33
4234,920639,晨光电缆,7.52,-2.59,-0.2,18304.0,13869626.71,2.46,7.69,7.5,7.66,7.72,0.69,1.54,82.9,1.78,1516032000.0,893027328.0,-0.13,0.0,-8.29,-5.76
4235,301505,苏州规划,21.47,-2.59,-0.57,26804.0,57585449.2,3.72,22.02,21.2,21.83,22.04,1.34,3.43,110.97,2.53,2456167807.0,1678773051.0,0.09,0.14,-3.33,-3.59
4236,603656,泰禾智能,20.3,-2.59,-0.54,16005.0,32748399.0,2.88,20.8,20.2,20.8,20.84,0.88,0.87,127.5,2.82,3713790767.0,3713790767.0,-0.25,-0.15,-12.2,-11.85
4237,603067,振华股份,37.98,-2.59,-1.01,289108.0,1105970742.0,4.62,39.2,37.4,38.89,38.99,0.87,4.07,49.43,7.77,26994675320.0,26994675320.0,-0.03,0.0,10.09,31.83
4238,600733,北汽蓝谷,7.16,-2.59,-0.19,608710.0,437599720.0,2.45,7.3,7.12,7.29,7.35,1.23,1.24,-9.98,19.12,45588822368.0,35024657354.0,0.0,0.0,-13.63,-10.83
4239,920274,宏裕包材,21.05,-2.59,-0.56,8378.0,17871513.71,2.73,21.6,21.01,21.55,21.61,0.71,1.03,92.87,3.49,1712066681.0,1712066681.0,0.14,0.0,-28.3,-26.81
4240,300653,正海生物,19.45,-2.6,-0.52,17209.0,33862145.0,3.2,20.08,19.44,19.99,19.97,0.78,0.96,42.48,3.94,3501000000.0,3501000000.0,0.0,-0.15,-7.25,-2.6
4241,600730,中国高科,8.99,-2.6,-0.24,146559.0,131888463.0,3.68,9.22,8.88,9.22,9.23,1.19,2.5,-287.47,2.94,5274037458.0,5274037458.0,-0.33,-0.22,-25.15,-17.82
4242,301191,菲菱科思,146.65,-2.6,-3.92,50657.0,745960738.34,3.65,150.8,145.3,147.83,150.57,0.76,9.7,163.32,6.12,10169004300.0,7654892867.0,-0.17,-0.08,31.95,36.39
4243,601718,际华集团,3.0,-2.6,-0.08,292263.0,88189723.0,2.6,3.07,2.99,3.06,3.08,0.91,0.67,-52.81,1.07,13083208509.0,13083208509.0,0.0,-0.33,-14.29,-10.45
4244,301089,拓新药业,28.08,-2.6,-0.75,29815.0,85169753.94,4.72,29.36,28.0,28.68,28.83,1.03,3.3,-51.01,2.39,3553369560.0,2540399369.0,0.0,-0.04,-3.11,0.29
4245,601008,连云港,4.87,-2.6,-0.13,119673.0,58564582.0,2.6,4.99,4.86,4.99,5.0,1.25,0.96,35.41,1.44,6041907089.0,6041907089.0,-0.2,-0.2,-8.8,-8.46
4246,603758,秦安股份,12.36,-2.6,-0.33,35954.0,44947515.0,2.99,12.74,12.36,12.48,12.69,1.05,0.82,36.3,2.11,5423531526.0,5423531526.0,-0.08,-0.08,-27.63,-28.92
4247,002595,豪迈科技,80.9,-2.6,-2.16,34360.0,279344849.73,2.68,82.89,80.66,82.03,83.06,0.78,0.43,27.04,5.38,64720000000.0,64272462333.0,-0.07,0.0,-5.9,-4.27
4248,688232,新点软件,21.77,-2.6,-0.58,18977.0,41443714.0,2.86,22.29,21.65,22.29,22.35,0.84,0.59,200.04,1.29,7009547596.0,7009547596.0,-0.32,-0.18,-14.46,-12.29
4249,001239,永达股份,14.97,-2.6,-0.4,33316.0,50204406.0,2.86,15.37,14.93,15.37,15.37,0.63,2.92,75.58,2.65,3592800000.0,1706580000.0,0.0,0.0,-10.14,-8.27
4250,603466,风语筑,9.35,-2.6,-0.25,169903.0,159367256.0,1.88,9.51,9.33,9.45,9.6,1.18,2.86,79.15,2.64,5561545832.0,5561545832.0,0.0,0.0,-8.69,-0.11
4251,920876,慧为智能,23.6,-2.6,-0.63,11793.0,28056473.87,3.3,24.25,23.45,23.96,24.23,1.13,3.0,229.36,5.9,1514663552.0,926258676.0,0.04,0.04,-10.33,-6.79
4252,688321,微芯生物,30.35,-2.6,-0.81,96214.0,295726606.0,3.85,31.43,30.23,30.86,31.16,0.76,2.36,263.8,8.24,13443268060.0,12376977383.0,0.03,0.23,-2.66,3.87
4253,000564,供销大集,1.87,-2.6,-0.05,2090796.0,392965661.72,2.6,1.91,1.86,1.9,1.92,0.84,1.39,350.03,2.15,33768578472.0,28227424712.0,0.0,-0.53,-25.79,-25.2
4254,600628,新世界,7.13,-2.6,-0.19,121040.0,86914676.0,3.01,7.32,7.1,7.27,7.32,1.35,1.87,53.65,1.09,4612221488.0,4612221488.0,0.14,0.0,-11.21,-9.29
4255,603799,华友钴业,59.5,-2.6,-1.59,533640.0,3197362045.0,2.29,60.74,59.34,60.51,61.09,1.11,2.83,18.47,2.34,112855286072.0,112102695562.0,0.0,-0.08,-19.04,-12.83
4256,001238,浙江正特,47.7,-2.61,-1.28,3891.0,18556275.0,4.45,49.0,46.82,49.0,48.98,1.12,0.38,87.11,4.66,5286114000.0,4944920384.0,-0.38,-0.46,-4.92,-3.44
4257,300973,立高食品,32.84,-2.61,-0.88,16778.0,55375922.0,2.67,33.59,32.69,33.36,33.72,0.91,1.42,16.83,2.27,5561143038.0,3893663073.0,0.09,0.15,-25.19,-23.63
4258,600032,浙江新能,8.95,-2.61,-0.24,416562.0,374028165.0,2.18,9.11,8.91,9.11,9.19,0.64,1.73,26.33,1.66,21521844150.0,21521844150.0,0.22,0.11,18.7,20.78
4259,603116,红蜻蜓,5.59,-2.61,-0.15,60874.0,34411515.0,3.14,5.76,5.58,5.68,5.74,0.99,1.06,-46.41,1.23,3220962472.0,3220962472.0,-0.36,-0.36,-12.24,-8.81
4260,920541,铁大科技,11.92,-2.61,-0.32,10198.0,12205437.6,3.1,12.18,11.8,12.18,12.24,0.55,1.13,22.94,3.49,1629464000.0,1073499513.0,0.0,-0.08,-14.67,-9.77
4261,603106,恒银科技,8.96,-2.61,-0.24,56853.0,51200707.0,2.5,9.14,8.91,9.12,9.2,0.94,1.09,196.51,3.57,4663859200.0,4663859200.0,0.0,0.11,-17.87,-16.18
4262,920855,浙江大农,15.65,-2.61,-0.42,3921.0,6173638.43,4.42,16.16,15.45,16.16,16.07,1.23,0.58,33.33,2.03,1169576661.0,1049127657.0,0.0,0.58,-15.08,-12.96
4263,002279,久其软件,8.21,-2.61,-0.22,198177.0,163201231.0,2.14,8.33,8.15,8.27,8.43,0.99,2.51,-184.24,5.05,7078718411.0,6483661535.0,0.0,0.0,-0.97,2.75
4264,600640,国脉文化,11.93,-2.61,-0.32,51441.0,61715176.0,2.29,12.19,11.91,12.13,12.25,1.13,0.65,363.52,2.39,9492652564.0,9492652564.0,-0.08,0.0,-8.65,-5.02
4265,600651,飞乐音响,7.08,-2.61,-0.19,255600.0,180824718.0,3.16,7.19,6.96,7.02,7.27,0.91,1.02,322.54,7.05,17749758346.0,17749758346.0,-0.14,-0.14,-4.58,-2.88
4266,301038,深水规院,20.5,-2.61,-0.55,18394.0,37892672.0,3.09,21.1,20.45,21.1,21.05,0.91,0.82,216.96,5.12,4573140000.0,4573140000.0,-0.1,0.05,-13.61,-12.58
4267,301167,建研设计,16.45,-2.61,-0.44,22224.0,36788451.0,2.78,16.83,16.36,16.81,16.89,0.65,3.13,84.93,1.94,1842400000.0,1167335938.0,0.0,-0.18,1.11,1.23
4268,601211,国泰海通,16.43,-2.61,-0.44,891415.0,1471981874.0,2.07,16.72,16.37,16.7,16.87,1.23,0.66,10.42,0.9,289643251370.0,221754234471.0,-0.06,0.0,-26.29,-20.05
4269,600605,汇通能源,26.9,-2.61,-0.72,16022.0,43541847.0,2.86,27.69,26.9,27.69,27.62,0.75,0.78,230.08,3.91,5548997340.0,5548997340.0,-0.15,-0.07,-10.66,-10.33
4270,920475,三友科技,13.0,-2.62,-0.35,5020.0,6555173.04,3.37,13.29,12.84,12.95,13.35,0.66,0.89,-115.63,3.76,1313780000.0,730579538.0,0.0,0.31,-29.73,-24.42
4271,002786,银宝山新,7.06,-2.62,-0.19,60591.0,43128217.0,2.9,7.26,7.05,7.24,7.25,0.86,1.23,-233.9,15.24,3499020720.0,3488430720.0,0.14,0.0,-20.23,-17.91
4272,002412,汉森制药,6.68,-2.62,-0.18,194330.0,132198570.0,5.54,7.03,6.65,6.84,6.86,1.28,3.9,30.55,1.49,3361376000.0,3325604600.0,0.0,0.15,1.37,4.21
4273,301102,兆讯传媒,10.78,-2.62,-0.29,30550.0,32945235.0,3.61,11.07,10.67,11.0,11.07,1.26,0.75,98.16,1.46,4376680000.0,4376680000.0,0.0,0.0,0.56,2.76
4274,603759,海天股份,9.28,-2.62,-0.25,51501.0,48089140.0,2.1,9.46,9.26,9.43,9.53,0.76,1.12,30.92,1.5,4285132800.0,4285132800.0,-0.11,-0.11,-12.54,-11.95
4275,688331,荣昌生物,137.79,-2.62,-3.7,91449.0,1266772205.0,3.97,142.5,136.88,141.81,141.49,0.65,5.61,109.6,21.52,77779352383.0,22472599902.0,-0.3,-0.33,67.83,77.13
4276,603041,美思德,12.65,-2.62,-0.34,22354.0,28503147.0,3.31,13.02,12.59,12.99,12.99,0.73,1.22,38.47,1.54,2316818304.0,2316818304.0,0.08,-0.16,3.69,4.98
4277,688778,厦钨新能,72.12,-2.62,-1.94,42708.0,311027848.0,3.13,74.18,71.86,74.0,74.06,1.14,0.85,48.22,3.96,36398320906.0,36398320906.0,0.0,0.01,-12.37,-6.79
4278,002253,*ST智胜,11.16,-2.62,-0.3,44182.0,49750274.12,4.19,11.54,11.06,11.4,11.46,1.21,2.12,-29.23,2.37,2517987220.0,2324673131.0,0.09,0.0,1.55,-0.89
4279,600909,华安证券,5.57,-2.62,-0.15,572950.0,320854602.0,1.92,5.66,5.55,5.66,5.72,1.23,1.14,13.27,1.1,27984845678.0,27984845678.0,0.0,-0.18,-26.71,-17.85
4280,601022,宁波远洋,8.91,-2.62,-0.24,98391.0,88325559.0,2.4,9.12,8.9,9.1,9.15,1.02,0.75,17.83,1.9,11659923006.0,11659923006.0,-0.11,0.0,-4.4,-2.84
4281,300068,南都电源,11.52,-2.62,-0.31,347712.0,400907416.23,1.61,11.63,11.44,11.63,11.83,0.73,4.08,-35.24,2.69,10349191284.0,9828630536.0,0.09,0.0,-28.93,-25.87
4282,600897,厦门空港,16.27,-2.63,-0.44,31676.0,51642454.0,2.03,16.54,16.2,16.51,16.71,1.05,0.76,13.24,1.44,6783516180.0,6783516180.0,0.0,0.12,-5.68,-5.41
4283,600033,福建高速,3.7,-2.63,-0.1,335754.0,124707965.0,2.63,3.78,3.68,3.78,3.8,1.1,1.22,9.27,0.82,10154280000.0,10154280000.0,0.0,0.0,-8.87,-10.41
4284,300177,中海达,8.13,-2.63,-0.22,94301.0,76989681.0,2.28,8.3,8.11,8.3,8.35,0.87,1.56,-98.69,4.01,6050094507.0,4929245431.0,0.12,0.12,-26.49,-21.3
4285,688050,爱博医疗,51.17,-2.63,-1.38,12639.0,65337135.0,2.66,52.56,51.16,52.56,52.55,1.01,0.65,37.29,3.55,9896440465.0,9896440465.0,-0.16,-0.21,-19.4,-15.64
4286,300320,海达股份,9.63,-2.63,-0.26,72545.0,70212763.0,2.53,9.84,9.59,9.8,9.89,0.94,1.49,24.92,2.29,5789885259.0,4673724058.0,-0.31,0.0,0.63,3.22
4287,002625,光启技术,38.14,-2.63,-1.03,197840.0,755440486.39,2.17,38.78,37.93,38.7,39.17,1.25,0.92,101.73,8.61,82175981057.0,82175618727.0,0.03,0.03,-23.01,-21.78
4288,601933,永辉超市,3.7,-2.63,-0.1,814815.0,303744587.0,2.11,3.78,3.7,3.78,3.8,1.09,0.9,-13.17,18.5,33577636874.0,33577636874.0,-0.27,0.0,-25.4,-21.11
4289,300213,佳讯飞鸿,7.78,-2.63,-0.21,80256.0,62969498.0,2.25,7.95,7.77,7.93,7.99,1.08,1.45,-235.57,2.11,4624157055.0,4296286133.0,-0.26,-0.26,-20.93,-18.28
4290,600708,光明地产,3.33,-2.63,-0.09,162151.0,54302902.0,2.92,3.41,3.31,3.41,3.42,0.67,0.73,-8.04,0.81,7421360354.0,7410174977.0,0.0,0.3,-9.51,-14.4
4291,300084,海默科技,10.36,-2.63,-0.28,148339.0,154602081.0,3.57,10.71,10.33,10.63,10.64,0.79,4.29,-65.24,4.22,5266919354.0,3585612970.0,0.0,0.1,-1.15,3.7
4292,300496,中科创达,59.68,-2.63,-1.61,94368.0,565843470.9,1.32,60.39,59.58,60.13,61.29,1.0,2.56,90.04,2.73,27498821874.0,21999300683.0,-0.02,0.08,-18.22,-11.59
4293,920729,永顺生物,8.15,-2.63,-0.22,12849.0,10565151.43,3.11,8.37,8.11,8.37,8.37,0.51,1.67,54.93,3.3,2227802500.0,626124084.0,0.0,0.12,-8.43,-6.11
4294,601111,中国国航,7.0,-2.64,-0.19,858879.0,603482038.0,2.5,7.14,6.96,7.0,7.19,0.85,0.74,-68.99,2.87,122138947000.0,81466766318.0,0.0,-0.14,-23.91,-25.29
4295,600132,重庆啤酒,55.61,-2.64,-1.51,55809.0,311555849.0,3.06,57.05,55.3,56.98,57.12,1.4,1.15,21.87,19.54,26913638321.0,26913638321.0,-0.02,-0.04,5.26,6.45
4296,300578,会畅科技,20.65,-2.64,-0.56,54901.0,113807899.0,2.12,20.99,20.54,20.92,21.21,1.07,2.77,302.36,3.44,4094270131.0,4093162775.0,0.15,-0.05,-0.24,0.24
4297,688636,智明达,40.2,-2.64,-1.09,31929.0,129295677.0,2.74,41.14,40.01,41.0,41.29,1.07,1.9,68.41,5.01,6991037441.0,6738621681.0,0.02,0.12,-6.94,-6.16
4298,001259,利仁科技,30.97,-2.64,-0.84,8652.0,26962959.0,4.12,32.06,30.75,32.06,31.81,0.79,1.82,410.49,3.19,2279047861.0,1472453134.0,0.0,0.1,5.48,3.2
4299,300872,天阳科技,16.22,-2.64,-0.44,68564.0,111825854.74,2.16,16.54,16.18,16.45,16.66,0.87,1.62,102.79,2.17,7917323966.0,6845516260.0,0.0,0.0,-21.38,-21.11
4300,603528,多伦科技,8.11,-2.64,-0.22,62342.0,50815655.0,2.52,8.29,8.08,8.24,8.33,0.81,0.88,-216.77,3.01,5725093362.0,5725093362.0,-0.12,0.25,-26.07,-16.13
4301,301155,海力风电,65.19,-2.64,-1.77,47160.0,307734740.74,2.81,66.62,64.74,66.62,66.96,0.95,3.82,30.66,2.46,14171750451.0,8041134087.0,0.03,-0.03,-21.64,-19.45
4302,000705,浙江震元,8.84,-2.64,-0.24,105866.0,94914710.9,4.07,9.17,8.8,9.05,9.08,1.03,3.75,39.52,1.46,2953649848.0,2492533039.0,-0.23,-0.11,-3.49,-2.32
4303,301587,中瑞股份,25.07,-2.64,-0.68,49152.0,123073083.83,3.03,25.56,24.78,25.5,25.75,0.69,6.69,110.23,1.85,3693513963.0,1841467713.0,0.12,0.04,7.14,7.14
4304,603276,恒兴新材,16.59,-2.64,-0.45,50833.0,83966510.0,7.28,17.34,16.1,17.34,17.04,3.08,6.72,63.83,1.98,3444905155.0,1254906222.0,-0.06,0.12,-2.35,-0.06
4305,002498,汉缆股份,7.73,-2.64,-0.21,978106.0,753649611.26,3.4,7.87,7.6,7.87,7.94,0.65,2.94,43.41,2.88,25716133080.0,25716133080.0,0.0,0.13,97.19,101.83
4306,300520,科大国创,35.43,-2.64,-0.96,99017.0,352658209.69,2.31,36.13,35.29,35.81,36.39,1.02,3.56,-64.84,5.85,10346658968.0,9849838781.0,0.0,0.08,-8.76,1.55
4307,300917,特发服务,31.4,-2.64,-0.85,37399.0,117136203.12,1.95,31.7,31.07,31.7,32.25,1.03,2.21,43.79,4.56,5306600000.0,5306600000.0,0.0,0.0,-22.51,-19.69
4308,600516,方大炭素,5.54,-2.64,-0.15,405628.0,225942875.0,2.11,5.65,5.53,5.65,5.69,0.83,1.01,147.79,1.38,22303875839.0,22303875839.0,0.0,0.0,-5.94,-2.64
4309,002900,哈三联,11.75,-2.65,-0.32,86350.0,103326818.5,5.8,12.4,11.7,11.95,12.07,0.8,5.36,-13.35,1.95,3717165963.0,1893188200.0,-0.09,-0.17,-8.99,-5.7
4310,002506,协鑫集成,4.4,-2.65,-0.12,3969036.0,1744902865.75,3.54,4.49,4.33,4.49,4.52,0.67,6.79,-34.78,14.47,25741392279.0,25715497619.0,0.0,0.0,51.2,57.14
4311,603885,吉祥航空,12.49,-2.65,-0.34,250507.0,310881483.0,2.26,12.57,12.28,12.45,12.83,1.2,1.15,18.78,2.78,27278225797.0,27278225797.0,-0.08,-0.16,-18.15,-16.06
4312,600252,中恒集团,2.57,-2.65,-0.07,767560.0,201178675.0,4.55,2.68,2.56,2.62,2.64,1.01,2.41,-22.92,1.52,8183299090.0,8183299090.0,0.0,-0.39,-8.54,-6.2
4313,300929,华骐环保,12.84,-2.65,-0.35,38161.0,49191182.0,3.26,13.16,12.73,13.12,13.19,0.71,3.01,-690.4,2.11,1696587155.0,1627436051.0,0.08,0.16,19.66,19.44
4314,688631,莱斯信息,52.51,-2.65,-1.43,15509.0,81758030.0,2.54,53.65,52.28,53.16,53.94,0.89,2.39,155.41,4.48,8583809700.0,3406323700.0,-0.15,-0.15,-26.03,-22.87
4315,300517,海波重科,11.37,-2.65,-0.31,32193.0,36737078.0,3.51,11.68,11.27,11.68,11.68,0.79,2.55,-204.88,2.26,2278704076.0,1435395724.0,-0.18,-0.18,1.88,2.8
4316,002133,广宇集团,3.31,-2.65,-0.09,136753.0,45535582.4,2.94,3.39,3.29,3.39,3.4,0.84,1.78,20.3,0.87,2562417219.0,2548270365.0,-0.3,-0.3,-3.22,-2.36
4317,920419,路斯股份,13.24,-2.65,-0.36,4211.0,5625338.24,2.57,13.55,13.2,13.52,13.6,0.73,0.44,22.1,2.21,1367776736.0,1280192468.0,-0.23,-0.08,-18.77,-17.2
4318,300812,易天股份,39.75,-2.65,-1.08,198662.0,786216565.5,3.65,40.5,39.01,39.52,40.83,1.06,21.43,120.38,7.1,5568061903.0,3685145266.0,0.15,0.48,37.59,38.99
4319,600821,金开新能,8.09,-2.65,-0.22,1636867.0,1327378662.0,2.29,8.23,8.04,8.2,8.31,0.61,8.32,21.27,1.67,15915658870.0,15915658870.0,-0.25,-0.12,55.88,58.63
4320,300665,飞鹿股份,7.71,-2.65,-0.21,71342.0,55275779.8,3.03,7.89,7.65,7.86,7.92,0.89,3.27,-19.19,3.06,1688071578.0,1681327017.0,0.0,0.13,-16.83,-21.0
4321,600215,派斯林,6.62,-2.65,-0.18,36473.0,24293694.0,2.94,6.79,6.59,6.79,6.8,0.93,0.8,-26.81,1.51,3024564666.0,3024564666.0,-0.15,-0.15,-6.23,-7.41
4322,300601,康泰生物,13.91,-2.66,-0.38,123191.0,173826917.46,3.85,14.42,13.87,14.26,14.29,1.09,1.37,237.04,1.71,15536492892.0,12524201714.0,0.07,0.07,-9.62,-5.82
4323,300154,瑞凌股份,8.06,-2.66,-0.22,57377.0,46619064.56,2.17,8.22,8.04,8.18,8.28,0.89,1.82,28.07,2.03,3623414920.0,2539594377.0,-0.25,-0.12,-15.95,-18.17
4324,600543,莫高股份,4.76,-2.66,-0.13,48224.0,23120697.0,3.89,4.91,4.72,4.9,4.89,0.75,1.5,-22.99,2.01,1528531200.0,1528531200.0,-1.04,-1.04,-12.18,-10.36
4325,301062,上海艾录,8.06,-2.66,-0.22,49560.0,40317899.86,3.26,8.31,8.04,8.22,8.28,0.67,1.58,-54.6,2.39,3492334689.0,2524742110.0,-0.12,0.12,-3.01,-2.18
4326,601616,广电电气,4.75,-2.66,-0.13,226277.0,107575659.0,2.66,4.83,4.7,4.83,4.88,0.85,2.65,-397.25,1.67,4054957765.0,4054957765.0,0.0,0.0,20.25,23.06
4327,000948,南天信息,15.0,-2.66,-0.41,44853.0,67602573.6,2.08,15.27,14.95,15.26,15.41,1.37,1.15,-402.42,2.18,5848331610.0,5836924365.0,0.0,-0.07,-19.83,-16.43
4328,600155,华创云信,6.21,-2.66,-0.17,225717.0,141145421.0,2.04,6.33,6.2,6.33,6.38,1.05,1.02,50.37,0.69,13746098782.0,13746098782.0,-0.16,-0.32,-10.13,-6.19
4329,300024,机器人,14.66,-2.66,-0.4,161120.0,237612411.13,2.39,14.99,14.63,14.99,15.06,1.05,1.05,-107.92,5.34,22951988467.0,22575328413.0,-0.27,-0.14,-21.01,-19.41
4330,300552,万集科技,25.65,-2.66,-0.7,34669.0,89276660.81,1.78,26.0,25.53,26.0,26.35,0.78,2.57,-30.19,3.1,5466864323.0,3465010971.0,0.04,0.04,-31.89,-15.51
4331,688247,宣泰医药,9.5,-2.66,-0.26,34952.0,33532869.0,3.59,9.78,9.43,9.76,9.76,1.2,0.77,87.99,3.33,4306730000.0,4306730000.0,-0.21,0.0,-5.09,-2.06
4332,000721,西安饮食,7.68,-2.66,-0.21,77241.0,59708019.56,2.15,7.85,7.68,7.84,7.89,1.03,1.51,-39.02,20.25,4407661885.0,3934927165.0,0.0,0.0,-15.79,-14.19
4333,002104,恒宝股份,15.39,-2.66,-0.42,200765.0,310261366.81,2.4,15.72,15.34,15.62,15.81,0.92,3.35,219.21,5.09,10901339580.0,9229367672.0,-0.06,0.0,-25.8,-28.78
4334,600187,国中水务,1.83,-2.66,-0.05,241479.0,44566244.0,3.72,1.89,1.82,1.88,1.88,0.82,1.5,-137.23,0.93,2953219418.0,2953219418.0,0.0,0.0,-28.79,-26.51
4335,002963,豪尔赛,14.65,-2.66,-0.4,32583.0,48187643.0,4.52,15.18,14.5,14.98,15.05,1.08,2.85,-62.78,1.71,2202772975.0,1673205097.0,0.14,-0.2,0.76,-1.55
4336,300048,合康新能,6.57,-2.67,-0.18,219910.0,145636807.2,2.22,6.71,6.56,6.69,6.75,0.98,1.95,119.54,4.07,7412913635.0,7397719689.0,0.15,-0.15,7.88,10.42
4337,600606,绿地控股,1.46,-2.67,-0.04,757246.0,111175011.0,2.67,1.49,1.45,1.49,1.5,1.17,0.54,-2.3,0.36,20519158738.0,20519158738.0,0.69,0.0,-14.12,-12.05
4338,000663,永安林业,6.57,-2.67,-0.18,61504.0,40656819.0,3.11,6.76,6.55,6.75,6.75,0.71,2.01,-83.9,2.21,2212013414.0,2012398858.0,-0.45,-0.15,-10.85,-10.98
4339,920351,华光源海,18.25,-2.67,-0.5,16264.0,29695502.49,3.73,18.7,18.0,18.0,18.75,0.88,4.08,83.84,3.67,1606646762.0,727086205.0,0.0,-0.16,-20.13,-21.44
4340,300036,超图软件,15.33,-2.67,-0.42,87474.0,134826308.0,2.03,15.61,15.29,15.61,15.75,1.12,1.99,131.89,2.8,7554112239.0,6721864321.0,-0.07,-0.07,-18.46,-15.58
4341,002358,森源电气,7.3,-2.67,-0.2,238707.0,174839863.0,1.87,7.42,7.28,7.4,7.5,0.89,2.57,35.42,2.02,6787225932.0,6787216625.0,-0.14,-0.14,30.82,34.69
4342,920418,苏轴股份,24.03,-2.67,-0.66,15310.0,37059462.38,1.78,24.44,24.0,24.44,24.69,0.93,0.98,25.91,4.24,3904625088.0,3741252591.0,-0.12,-0.08,-20.82,-19.93
4343,600602,云赛智联,24.38,-2.67,-0.67,943525.0,2307474664.0,2.99,24.93,24.18,24.33,25.05,0.76,8.78,172.12,6.84,33343878833.0,26191506896.0,0.04,-0.04,27.91,30.44
4344,002175,东方智造,2.9,-2.68,-0.08,382891.0,112189314.0,4.7,3.02,2.88,2.95,2.98,0.8,3.0,2090.91,4.58,3702664108.0,3702664108.0,0.0,-0.34,-36.54,-34.54
4345,601026,道生天合,18.17,-2.68,-0.5,35413.0,64775813.0,2.36,18.55,18.11,18.55,18.67,0.84,3.3,58.54,4.88,11981298000.0,1947528120.0,0.0,0.06,-10.84,-9.2
4346,003003,天元股份,13.05,-2.68,-0.36,45766.0,60313178.48,3.5,13.44,12.97,13.43,13.41,0.69,3.89,34.84,1.79,2306196000.0,1537242041.0,0.0,-0.23,-2.47,-1.29
4347,000011,深物业A,8.36,-2.68,-0.23,54536.0,46138838.2,3.84,8.64,8.31,8.51,8.59,0.98,1.04,147.04,1.47,4982385209.0,4401335539.0,-0.36,-0.12,-7.83,-7.21
4348,603790,雅运股份,22.16,-2.68,-0.61,17965.0,39985422.0,2.81,22.7,22.06,22.63,22.77,0.56,0.94,48.52,3.36,4240537600.0,4240537600.0,-0.45,0.05,10.03,13.7
4349,300840,酷特智能,17.77,-2.68,-0.49,76552.0,136532756.0,3.78,18.29,17.6,18.07,18.26,1.27,4.32,77.53,3.34,4264800000.0,3146802849.0,-0.22,-0.17,-10.52,-13.11
4350,301199,迈赫股份,22.13,-2.68,-0.61,12029.0,26899624.6,2.86,22.76,22.11,22.53,22.74,1.02,1.68,31.48,2.14,4131139880.0,1586743130.0,-0.27,-0.05,-5.14,-5.1
4351,300937,药易购,30.11,-2.68,-0.83,47608.0,146727686.44,6.11,31.88,29.99,30.7,30.94,0.98,7.15,-258.53,3.46,2880523795.0,2006198016.0,0.03,-0.03,-15.85,-11.67
4352,600468,百利电气,7.62,-2.68,-0.21,383486.0,292031363.0,2.55,7.75,7.55,7.75,7.83,0.67,3.53,75.11,4.13,8288543146.0,8288543146.0,-0.13,-0.13,6.13,7.32
4353,600221,海航控股,1.45,-2.68,-0.04,2573191.0,375447058.0,1.34,1.47,1.45,1.47,1.49,0.82,0.6,16.52,11.64,62662667176.0,62125996653.0,-0.68,0.0,-18.54,-19.89
4354,000973,佛塑科技,17.41,-2.68,-0.48,503923.0,880610407.42,4.58,17.94,17.12,17.53,17.89,0.85,5.21,396.19,5.77,42797902096.0,16842837407.0,-0.23,0.12,12.25,18.44
4355,600758,辽宁能源,4.0,-2.68,-0.11,855940.0,344523215.0,3.89,4.13,3.97,4.1,4.11,0.61,6.48,-39.35,0.95,5288069576.0,5282973576.0,0.0,0.25,6.67,9.89
4356,002301,齐心集团,6.91,-2.68,-0.19,79632.0,55395879.4,2.96,7.1,6.89,7.08,7.1,0.89,1.11,26.62,1.59,4984237817.0,4961312441.0,0.14,-0.14,-11.64,-10.03
4357,600662,外服控股,5.08,-2.68,-0.14,119753.0,61261312.0,2.3,5.19,5.07,5.16,5.22,1.01,0.53,16.69,2.3,11599963465.0,11564473249.0,-0.2,-0.2,-0.2,1.2
4358,688225,亚信安全,16.7,-2.68,-0.46,24137.0,40555163.0,3.32,17.2,16.63,16.63,17.16,0.91,0.6,-15.11,3.75,6680167000.0,6680167000.0,-0.06,0.12,-14.62,-13.92
4359,920675,秉扬科技,9.79,-2.68,-0.27,17571.0,17331340.38,2.19,10.0,9.78,9.91,10.06,0.56,2.22,35.23,2.73,1685485560.0,773584947.0,-0.1,0.0,-3.45,-0.51
4360,688350,富淼科技,27.96,-2.68,-0.77,49074.0,139503435.0,6.2,29.48,27.7,28.9,28.73,1.51,3.43,263.32,2.47,4005119799.0,4005119799.0,0.07,-0.18,8.0,8.67
4361,603232,格尔软件,19.53,-2.69,-0.54,71322.0,139835174.0,2.24,19.9,19.45,19.71,20.07,1.09,3.08,-52.42,3.4,4571625268.0,4517288902.0,-0.05,0.0,-17.8,-14.9
4362,688036,传音控股,52.17,-2.69,-1.44,84833.0,445452527.0,2.41,53.31,52.02,53.1,53.61,1.12,0.74,23.27,2.93,60057297713.0,60057297713.0,-0.04,-0.08,-24.42,-21.15
4363,000966,长源电力,4.34,-2.69,-0.12,691910.0,301301225.59,2.47,4.43,4.32,4.43,4.46,0.8,2.12,33.2,1.09,15107691969.0,14155009039.0,-0.23,0.23,0.23,1.64
4364,920496,许昌智能,9.04,-2.69,-0.25,18876.0,17238541.56,2.69,9.28,9.03,9.25,9.29,0.75,1.3,138.34,2.66,1496798000.0,1310785825.0,0.0,-0.11,-11.98,-9.51
4365,002390,信邦制药,3.25,-2.69,-0.09,361256.0,119249877.07,3.89,3.38,3.25,3.33,3.34,1.02,1.87,31.11,0.94,6317518571.0,6265409261.0,-0.31,0.0,-1.52,0.93
4366,000903,ST云动,2.53,-2.69,-0.07,227387.0,58046048.7,2.31,2.59,2.53,2.59,2.6,1.18,1.18,-11.78,3.68,4895156357.0,4858261969.0,-0.39,-0.39,-6.99,-3.8
4367,300370,安控科技,2.53,-2.69,-0.07,214027.0,54679465.0,3.08,2.6,2.52,2.58,2.6,0.92,1.37,-32.14,8.66,3960401849.0,3950519313.0,0.0,0.4,-6.3,-3.07
4368,300531,优博讯,20.28,-2.69,-0.56,262247.0,533691257.97,2.45,20.63,20.12,20.4,20.84,0.97,8.49,76.37,4.63,6511481410.0,6261627207.0,0.0,0.2,11.49,12.42
4369,688175,高凌信息,32.87,-2.69,-0.91,19034.0,63379839.0,5.33,34.5,32.7,33.64,33.78,0.59,1.47,-104.59,2.46,4250649790.0,4250649790.0,-0.72,0.18,14.33,2.05
4370,600816,建元信托,2.52,-2.7,-0.07,287757.0,73235964.0,2.32,2.58,2.52,2.57,2.59,0.96,0.53,360.82,1.79,24808009600.0,13782227556.0,-0.4,-0.4,-13.7,-10.95
4371,300865,大宏立,26.26,-2.7,-0.73,7791.0,20692708.0,3.15,26.99,26.14,26.99,26.99,0.85,1.39,180.83,2.89,2512556800.0,1477162762.0,-0.49,-0.11,-5.57,-3.56
4372,300250,初灵信息,21.25,-2.7,-0.59,48742.0,104057455.0,2.43,21.64,21.11,21.56,21.84,1.09,3.1,574.08,8.66,4542176429.0,3343815999.0,-0.05,-0.09,-18.21,-11.57
4373,601116,三江购物,13.68,-2.7,-0.38,70083.0,96402667.0,2.63,14.0,13.63,13.91,14.06,0.81,1.28,49.08,2.33,7492240512.0,7492240512.0,0.0,0.0,-5.72,-0.65
4374,001289,龙源电力,15.11,-2.7,-0.42,109592.0,166165003.81,1.48,15.32,15.09,15.3,15.53,0.76,0.22,27.91,1.68,126316822238.0,76183625218.0,0.0,0.0,-1.11,0.47
4375,603709,中源家居,16.6,-2.7,-0.46,17711.0,29693862.0,3.34,17.11,16.54,17.11,17.06,0.89,1.42,-89.98,4.04,2092881520.0,2076813882.0,-0.36,-0.06,-0.24,1.72
4376,605123,派克新材,96.65,-2.7,-2.68,20825.0,202179029.0,2.55,98.78,96.25,97.32,99.33,0.82,1.72,46.4,2.56,11711166712.0,11711166712.0,-0.03,-0.09,-6.75,-6.98
4377,601366,利群股份,3.97,-2.7,-0.11,105044.0,42037823.0,2.7,4.07,3.96,4.06,4.08,1.01,1.09,208.05,0.92,3810172219.0,3810172219.0,-0.5,-0.5,-20.12,-18.65
4378,002719,麦趣尔,8.65,-2.7,-0.24,63147.0,54977975.0,3.26,8.88,8.59,8.83,8.89,0.7,3.9,-34.14,7.84,1506306303.0,1400098472.0,0.12,0.23,1.41,1.29
4379,002550,千红制药,7.58,-2.7,-0.21,320632.0,245469218.25,4.11,7.85,7.53,7.72,7.79,0.73,3.41,18.99,3.53,9700884000.0,7134600564.0,-0.13,0.0,-6.65,-3.56
4380,600883,博闻科技,7.93,-2.7,-0.22,33441.0,26758124.0,3.56,8.15,7.86,8.15,8.15,0.58,1.42,63.1,1.91,1872177840.0,1872177840.0,-0.25,0.25,-1.73,-1.61
4381,301680,固德电材,99.2,-2.7,-2.75,21015.0,209437253.2,1.9,100.94,99.0,100.5,101.95,0.83,12.51,45.85,7.98,8213760000.0,1666806016.0,-0.01,-0.05,71.03,71.03
4382,920017,星昊医药,16.96,-2.7,-0.47,18320.0,31626269.32,4.42,17.64,16.87,17.29,17.43,0.48,1.48,19.98,1.28,2117155469.0,2094724173.0,-0.47,-0.41,-9.3,-6.86
4383,920245,威博液压,23.46,-2.7,-0.65,2020.0,4780179.2,2.99,24.1,23.38,24.05,24.11,0.7,0.53,90.76,3.35,1165422420.0,891385269.0,0.0,-0.3,-18.65,-16.72
4384,300099,尤洛卡,8.63,-2.71,-0.24,249493.0,215926133.97,4.06,8.9,8.54,8.81,8.87,0.97,4.29,34.72,2.67,6362599151.0,5020021274.0,0.0,-0.12,2.98,14.61
4385,600718,东软集团,8.97,-2.71,-0.25,135089.0,122098975.0,2.17,9.17,8.97,9.16,9.22,1.04,1.13,157.57,1.13,10732056502.0,10732056502.0,-0.11,0.0,-14.57,-10.92
4386,920260,中寰股份,10.07,-2.71,-0.28,16730.0,16912542.36,2.8,10.28,9.99,10.28,10.35,0.74,1.69,24.77,2.33,1042748500.0,995709607.0,0.2,-0.1,-10.73,-8.29
4387,002462,嘉事堂,14.34,-2.71,-0.4,43751.0,63407831.0,3.46,14.77,14.26,14.68,14.74,1.13,1.5,37.56,0.96,4183080101.0,4179685808.0,0.07,0.0,-17.49,-0.14
4388,300755,华致酒行,12.93,-2.71,-0.36,34020.0,44276423.3,3.09,13.28,12.87,13.25,13.29,0.83,0.82,-20.34,1.85,5389203312.0,5384645228.0,0.0,-0.08,-26.83,-26.62
4389,600222,太龙药业,7.15,-2.72,-0.2,286152.0,206454423.0,4.49,7.41,7.08,7.3,7.35,0.75,4.99,121.52,2.58,4103286923.0,4103286923.0,-0.14,0.0,6.08,8.83
4390,000599,青岛双星,5.37,-2.72,-0.15,143435.0,77334851.21,3.08,5.51,5.34,5.5,5.52,0.81,1.76,-12.62,3.33,4385995760.0,4385921251.0,-0.19,0.0,-15.3,-18.88
4391,688588,凌志软件,11.8,-2.72,-0.33,37355.0,44440076.0,2.23,12.05,11.78,12.05,12.13,1.18,0.93,46.47,3.73,4720118035.0,4720118035.0,0.08,-0.17,-20.54,-17.54
4392,300198,ST纳川,2.5,-2.72,-0.07,130456.0,32822738.0,1.95,2.55,2.5,2.55,2.57,1.04,1.27,-17.85,139.38,2578871350.0,2565541278.0,-0.4,-0.4,-3.85,-2.34
4393,301259,艾布鲁,32.13,-2.72,-0.9,16030.0,51951480.51,2.39,32.85,32.06,32.7,33.03,0.89,1.62,-508.19,6.06,5012280000.0,3176726451.0,0.0,0.03,-4.77,-2.78
4394,000523,红棉股份,3.22,-2.72,-0.09,246288.0,79612877.0,3.02,3.3,3.2,3.29,3.31,1.01,1.86,74.47,3.08,5910208444.0,4267015696.0,0.0,0.31,-14.59,-14.59
4395,688018,乐鑫科技,146.89,-2.72,-4.11,22814.0,337901800.0,2.25,149.99,146.6,147.8,151.0,1.01,1.46,49.32,5.51,24551636739.0,23018062835.0,0.06,0.12,-16.95,-13.59
4396,002331,皖通科技,8.24,-2.72,-0.23,66870.0,55345537.2,2.6,8.42,8.2,8.42,8.47,1.1,1.69,-45.09,2.11,3530277612.0,3261765231.0,-0.12,0.12,-10.53,-7.62
4397,001380,华纬科技,19.65,-2.72,-0.55,19039.0,37717730.4,2.97,20.24,19.64,20.05,20.2,0.71,2.16,19.35,2.76,5322285187.0,1729263921.0,-1.16,-0.25,-14.19,-14.12
4398,603569,长久物流,6.79,-2.72,-0.19,51888.0,35674836.0,3.72,7.01,6.75,6.99,6.98,1.41,0.86,63.38,1.37,4097814234.0,4097814234.0,0.0,0.15,-12.05,-11.24
4399,300452,山河药辅,14.69,-2.72,-0.41,59856.0,89015923.4,3.64,15.2,14.65,15.02,15.1,0.93,3.01,19.49,3.69,3444131375.0,2917876110.0,0.07,0.0,8.57,9.79
4400,688301,奕瑞科技,106.63,-2.72,-2.98,22307.0,237679187.0,2.97,108.56,105.3,108.47,109.61,0.74,1.11,34.69,3.79,22546823398.0,21368670660.0,-0.07,-0.37,-2.57,5.46
4401,301152,天力锂能,27.86,-2.72,-0.78,40281.0,114057032.57,4.05,29.0,27.84,28.64,28.64,1.15,5.67,-28.45,2.52,3308096595.0,1978042783.0,0.0,-0.04,-11.97,-8.84
4402,301136,招标股份,15.39,-2.72,-0.43,58409.0,90218975.12,2.4,15.73,15.35,15.6,15.82,0.66,2.12,442.25,2.9,4235402180.0,4235402180.0,-0.06,-0.13,-22.7,-24.04
4403,301097,天益医疗,53.7,-2.72,-1.5,4709.0,25528670.0,3.88,55.49,53.35,55.21,55.2,0.59,1.63,118.15,2.68,3165473662.0,1554151462.0,0.32,0.07,2.27,4.03
4404,688575,亚辉龙,14.67,-2.72,-0.41,62453.0,93337483.0,3.38,15.18,14.67,15.1,15.08,1.07,1.09,348.98,3.11,8382266361.0,8382266361.0,-0.07,-0.2,-5.54,3.31
4405,600531,豫光金铅,13.61,-2.72,-0.38,523778.0,711281931.0,3.15,13.79,13.35,13.52,13.99,1.25,4.33,19.89,2.56,16458065320.0,16458065320.0,-0.07,-0.15,5.18,15.83
4406,301043,绿岛风,51.09,-2.72,-1.43,8131.0,41584864.0,4.28,52.9,50.65,52.69,52.52,0.8,1.43,42.2,4.14,3474120000.0,2899242548.0,0.0,0.08,-13.89,-21.76
4407,300155,安居宝,4.64,-2.73,-0.13,69523.0,32478163.0,2.94,4.76,4.62,4.74,4.77,0.79,2.1,-58.88,2.13,2604096732.0,1534572241.0,-0.22,0.0,-28.4,-29.38
4408,002442,龙星科技,6.05,-2.73,-0.17,239840.0,144475729.56,3.86,6.16,5.92,6.08,6.22,1.35,4.87,37.44,1.66,3044903907.0,2980610442.0,1.0,1.34,-4.42,-2.58
4409,688576,西山科技,68.15,-2.73,-1.91,4251.0,29069671.0,3.4,69.88,67.5,69.52,70.06,1.02,1.95,59.34,1.79,3100829089.0,1485141088.0,-0.15,-0.48,2.36,8.24
4410,300026,红日药业,3.56,-2.73,-0.1,645204.0,234552785.0,4.37,3.72,3.56,3.62,3.66,0.96,2.36,99.32,1.24,10694791220.0,9749161382.0,-0.28,-0.28,-1.66,1.14
4411,688027,国盾量子,546.35,-2.73,-15.35,20430.0,1122486176.0,2.31,556.99,544.0,554.0,561.7,1.03,2.54,10422.67,17.32,56198107896.0,43912537050.0,-0.01,0.02,1.46,8.45
4412,300837,浙矿股份,36.29,-2.73,-1.02,14394.0,52507019.0,3.32,37.3,36.06,36.86,37.31,0.99,1.9,52.47,2.63,3629193752.0,2743264127.0,0.06,-0.08,-11.83,6.67
4413,688193,仁度生物,50.61,-2.73,-1.42,3118.0,15979576.0,3.23,52.25,50.57,52.03,52.03,0.7,0.78,213.26,2.22,2027936121.0,2027936121.0,0.08,0.02,4.09,4.63
4414,600560,金自天正,14.59,-2.73,-0.41,30870.0,45287226.0,3.13,14.93,14.46,14.93,15.0,1.19,1.38,63.23,3.33,3262987845.0,3262987845.0,-0.14,-0.07,-11.63,-10.71
4415,688343,云天励飞-U,83.46,-2.73,-2.34,121475.0,1024720321.0,3.31,85.95,83.11,84.13,85.8,0.91,3.38,-74.58,7.87,30012498095.0,30012498095.0,-0.01,-0.16,7.23,9.7
4416,300930,屹通新材,29.53,-2.73,-0.83,13652.0,40539498.0,3.16,30.33,29.37,30.33,30.36,0.62,2.9,48.72,3.22,2953000000.0,1391601280.0,-0.24,0.1,-2.86,-0.57
4417,002196,方正电机,13.88,-2.73,-0.39,193424.0,269274087.6,1.82,14.08,13.82,14.01,14.27,1.05,3.96,375.22,4.86,6882702388.0,6777401449.0,0.0,0.07,-8.8,-12.54
4418,002186,全 聚 德,10.33,-2.73,-0.29,41016.0,42491041.96,3.48,10.62,10.25,10.62,10.62,1.39,1.34,90.85,3.67,3170500004.0,3166262122.0,0.0,0.0,-12.68,-12.31
4419,301112,信邦智能,32.46,-2.73,-0.91,7591.0,24858241.02,2.85,33.38,32.43,33.37,33.37,1.0,0.69,746.94,2.96,3579253836.0,3579253836.0,-0.61,-0.49,-17.99,-17.59
4420,603171,税友股份,50.77,-2.74,-1.43,37399.0,190377667.0,2.11,51.5,50.4,51.07,52.2,1.27,0.92,140.1,8.17,20630135650.0,20607035300.0,-0.1,-0.06,-17.91,-7.91
4421,300501,海顺新材,18.08,-2.74,-0.51,71112.0,129228120.35,3.39,18.58,17.95,18.45,18.59,0.77,7.06,-150.39,2.5,3499169336.0,1821096610.0,-0.11,0.11,15.9,18.02
4422,300163,先锋新材,4.62,-2.74,-0.13,216464.0,101144466.96,4.63,4.81,4.59,4.71,4.75,1.55,4.77,16.94,3.73,2189880000.0,2096509601.0,0.22,0.43,4.05,14.07
4423,600316,洪都航空,36.96,-2.74,-1.04,103329.0,383752007.0,3.03,37.98,36.83,37.9,38.0,1.2,1.44,666.62,4.93,26504552364.0,26504552364.0,-0.05,-0.11,0.41,5.87
4424,301137,哈焊华通,43.0,-2.74,-1.21,45838.0,197939749.5,2.56,43.94,42.81,43.6,44.21,0.63,2.52,208.27,5.66,7817976200.0,7817976200.0,0.02,-0.12,-13.52,-8.53
4425,002675,东诚药业,13.86,-2.74,-0.39,344354.0,484368280.55,5.61,14.6,13.8,14.12,14.25,0.69,4.63,58.42,2.63,11428896471.0,10303302157.0,0.14,0.14,-1.84,0.87
4426,605336,帅丰电器,15.25,-2.74,-0.43,28759.0,43858979.0,3.57,15.61,15.05,15.5,15.68,0.91,1.57,712.19,1.5,2797039863.0,2797039863.0,0.26,0.46,-6.38,-3.11
4427,002616,长青集团,5.68,-2.74,-0.16,163224.0,93167503.0,2.05,5.79,5.67,5.79,5.84,0.45,2.78,17.42,1.35,4880348970.0,3336887922.0,0.0,-0.53,1.43,4.03
4428,300987,川网传媒,17.07,-2.74,-0.48,43755.0,74970391.0,2.56,17.45,17.0,17.3,17.55,1.14,2.52,143.46,3.68,2959391760.0,2959391760.0,-0.06,-0.06,-1.22,1.61
4429,688615,合合信息,174.67,-2.74,-4.92,28805.0,503961058.0,2.03,177.2,173.56,176.49,179.59,1.12,2.98,53.85,8.37,24453800000.0,16885391519.0,0.01,0.03,-29.17,-23.25
4430,601555,东吴证券,8.17,-2.74,-0.23,382785.0,315157470.0,1.79,8.31,8.16,8.31,8.4,0.8,0.77,10.37,0.96,40594302178.0,40594302178.0,-0.12,-0.12,-14.0,-9.82
4431,603797,联泰环保,4.61,-2.74,-0.13,56607.0,26198230.0,3.59,4.73,4.56,4.7,4.74,0.77,0.98,17.54,0.82,2658149926.0,2658149926.0,-0.22,0.22,-4.95,-1.28
4432,002721,金一文化,2.84,-2.74,-0.08,254456.0,72642150.0,2.74,2.9,2.82,2.89,2.92,1.0,0.96,-149.78,3.68,7552635267.0,7552635267.0,0.0,0.0,-10.41,-9.84
4433,301600,慧翰股份,101.42,-2.74,-2.86,7550.0,77167123.31,2.46,103.88,101.31,103.88,104.28,0.95,2.34,58.51,8.43,10600773370.0,3271657070.0,-0.26,-0.08,-28.78,-21.87
4434,600052,东望时代,3.9,-2.74,-0.11,88031.0,34540723.0,2.99,4.0,3.88,3.99,4.01,0.89,1.04,37.39,1.22,3292359490.0,3292359490.0,-0.26,0.0,-18.07,-17.2
4435,301469,恒达新材,32.58,-2.75,-0.92,14460.0,47206476.0,2.48,33.19,32.36,33.1,33.5,1.19,3.14,39.85,2.12,2915258400.0,1500591957.0,-0.37,0.0,5.03,7.28
4436,688298,东方生物,22.62,-2.75,-0.64,15444.0,35297908.0,3.1,23.28,22.56,23.28,23.26,1.01,0.77,-8.09,0.76,4560192000.0,4560192000.0,0.13,0.13,-9.16,-3.46
4437,300859,西域旅游,32.85,-2.75,-0.93,35270.0,116532891.08,2.72,33.72,32.8,33.5,33.78,1.06,2.28,68.18,6.51,5091750000.0,5091750000.0,-0.06,-0.12,-13.1,-11.14
4438,300476,胜宏科技,278.02,-2.75,-7.86,341554.0,9573940150.9,2.24,283.7,277.3,280.0,285.88,1.12,3.99,56.26,14.56,242588384160.0,238257460885.0,0.0,-0.09,-11.64,-3.32
4439,688197,首药控股-U,39.54,-2.75,-1.12,14305.0,57357604.0,4.38,41.18,39.4,40.31,40.66,0.58,2.24,-45.64,8.65,5880362822.0,2530753034.0,0.03,-0.15,8.24,13.82
4440,000928,中钢国际,7.04,-2.76,-0.2,737516.0,524669839.55,4.28,7.28,6.97,7.16,7.24,1.16,5.14,13.63,1.2,10099898132.0,10099774580.0,0.0,-0.14,6.02,6.51
4441,301502,华阳智能,43.05,-2.76,-1.22,8360.0,36068533.96,3.55,44.28,42.71,44.28,44.27,1.09,3.54,74.93,2.96,2457444675.0,1015420350.0,-0.3,-0.58,-4.52,-3.65
4442,002455,百川股份,13.03,-2.76,-0.37,882183.0,1165495323.1,7.16,13.93,12.97,13.9,13.4,0.79,13.35,1468.84,4.44,9413686375.0,8610380008.0,0.23,0.15,81.22,81.73
4443,920726,朱老六,16.53,-2.76,-0.47,10789.0,18030128.09,2.94,17.0,16.5,16.73,17.0,0.71,1.93,85.04,3.82,1680605100.0,924311399.0,-0.12,-0.06,-22.32,-18.33
4444,301596,瑞迪智驱,68.3,-2.76,-1.94,10054.0,68699427.6,2.71,69.51,67.61,69.51,70.24,0.64,3.21,49.85,6.21,5270389990.0,2138924668.0,0.07,0.1,-13.54,-13.13
4445,600796,钱江生化,6.35,-2.76,-0.18,91791.0,58894739.0,4.44,6.6,6.31,6.53,6.53,0.92,2.95,27.26,1.61,5502819614.0,1977884595.0,0.16,0.0,2.92,4.79
4446,603883,老百姓,13.4,-2.76,-0.38,84174.0,114175148.0,3.12,13.83,13.4,13.72,13.78,0.82,1.11,14.43,1.5,10169129162.0,10169129162.0,-0.07,-0.07,-11.38,-9.46
4447,001914,招商积余,9.52,-2.76,-0.27,107727.0,103300445.56,3.06,9.77,9.47,9.72,9.79,1.54,1.02,15.32,0.94,10031413048.0,10031376872.0,-0.31,-0.21,-13.14,-10.86
4448,920806,云星宇,11.29,-2.76,-0.32,17022.0,19381942.02,2.84,11.61,11.28,11.58,11.61,0.87,0.57,44.49,2.2,3395316970.0,3395316970.0,-0.27,-0.09,-23.14,-18.07
4449,301009,可靠股份,11.57,-2.77,-0.33,21860.0,25506545.0,3.19,11.9,11.52,11.89,11.9,0.88,1.45,84.3,2.36,3145420200.0,1747475274.0,-0.34,0.09,-10.17,-8.75
4450,600120,浙江东方,5.62,-2.77,-0.16,380920.0,214760874.0,1.9,5.71,5.6,5.7,5.78,1.18,1.12,18.0,1.17,19194443985.0,19194443985.0,0.0,0.0,-14.72,-8.47
4451,002535,林州重机,3.51,-2.77,-0.1,106653.0,37655721.0,2.77,3.6,3.5,3.58,3.61,0.76,1.43,29.62,3.97,2813907590.0,2619648082.0,0.0,0.0,-10.23,-9.54
4452,002517,恺英网络,18.93,-2.77,-0.54,421647.0,801261378.44,1.95,19.26,18.88,19.2,19.47,0.76,2.23,19.16,3.96,40442870420.0,35760410720.0,-0.05,0.0,-22.29,-13.44
4453,920278,鹿得医疗,7.73,-2.77,-0.22,14347.0,11214944.81,3.27,7.98,7.72,7.9,7.95,0.41,1.94,71.32,3.51,1348885000.0,572391040.0,-0.13,0.0,-16.88,-13.24
4454,603579,荣泰健康,20.01,-2.77,-0.57,32632.0,65843217.0,2.58,20.54,20.01,20.46,20.58,1.24,1.62,27.23,1.48,4023057804.0,4023057804.0,0.0,-0.15,-30.54,-15.96
4455,600665,天地源,3.16,-2.77,-0.09,101694.0,32366968.0,4.0,3.26,3.13,3.26,3.25,0.84,1.18,-9.33,1.03,2730627166.0,2730627166.0,-0.63,0.0,-3.36,-3.66
4456,002095,生 意 宝,16.51,-2.77,-0.47,26618.0,44204248.1,2.47,16.89,16.47,16.82,16.98,1.09,1.06,-1114.55,4.71,4172407200.0,4155705932.0,0.06,-0.06,-10.66,-8.48
4457,300059,东方财富,18.95,-2.77,-0.54,2104108.0,4002822909.47,1.28,19.16,18.91,19.15,19.49,1.05,1.58,24.78,3.26,299486513941.0,252750430265.0,-0.05,-0.05,-24.53,-18.25
4458,002027,分众传媒,6.3,-2.78,-0.18,1089806.0,691349522.88,2.78,6.46,6.28,6.43,6.48,1.25,0.75,16.09,5.53,90985858274.0,90985858274.0,-0.16,0.0,-15.44,-14.52
4459,300923,研奥股份,27.25,-2.78,-0.78,13092.0,36113954.0,3.53,28.17,27.18,28.11,28.03,0.74,1.71,62.46,1.89,2141850000.0,2083766625.0,-0.37,-0.47,5.54,6.74
4460,300500,启迪设计,10.51,-2.78,-0.3,33047.0,34989900.0,3.42,10.82,10.45,10.82,10.81,0.73,1.97,31.45,1.65,1828475873.0,1761454507.0,-0.1,-0.19,-12.42,-24.12
4461,600517,国网英大,6.3,-2.78,-0.18,206673.0,130938226.0,2.01,6.42,6.29,6.41,6.48,0.89,0.36,12.1,1.56,36026145187.0,36026145187.0,-0.16,0.0,0.48,4.83
4462,688472,阿特斯,12.96,-2.78,-0.37,378225.0,490073151.0,2.63,13.15,12.8,13.12,13.33,0.95,2.81,46.23,1.98,47215095852.0,17465600907.0,0.0,0.0,-17.08,-13.08
4463,003029,吉大正元,21.01,-2.78,-0.6,27641.0,58446307.0,2.59,21.53,20.97,21.4,21.61,1.15,1.57,-35.56,3.92,4067960969.0,3699840263.0,0.0,0.0,-23.01,-19.75
4464,300140,节能环境,6.29,-2.78,-0.18,241838.0,152559081.0,3.25,6.45,6.24,6.4,6.47,0.73,2.37,22.38,1.39,19493131531.0,6416562663.0,0.0,0.16,-10.78,-7.09
4465,688670,金迪克,17.46,-2.78,-0.5,15409.0,27162148.0,2.9,17.93,17.41,17.89,17.96,0.96,1.25,-12.4,1.96,2151072000.0,2151072000.0,0.0,0.0,-16.9,-13.69
4466,000676,智度股份,7.68,-2.78,-0.22,196491.0,151753873.14,2.41,7.85,7.66,7.8,7.9,1.37,1.56,60.83,2.28,9675181171.0,9669339126.0,-0.13,0.0,-13.51,-11.01
4467,603223,恒通股份,8.4,-2.78,-0.24,87264.0,73838208.0,3.24,8.65,8.37,8.63,8.64,1.42,1.24,25.27,1.52,5928906421.0,5928906421.0,0.12,0.12,-10.54,-9.68
4468,603350,安乃达,34.62,-2.78,-0.99,7780.0,27181379.0,2.58,35.5,34.58,35.5,35.61,1.19,1.77,35.06,3.02,4033022280.0,1523280000.0,0.03,-0.06,-10.29,-9.11
4469,688716,中研股份,32.73,-2.79,-0.94,14726.0,48636400.0,1.99,33.4,32.73,33.3,33.67,1.21,2.11,335.65,3.36,3982586400.0,2288716274.0,-0.4,-0.37,-22.7,-22.72
4470,002015,协鑫能科,17.41,-2.79,-0.5,1319758.0,2308982362.35,2.9,17.8,17.28,17.51,17.91,0.66,8.13,27.81,2.29,28262081530.0,28262081530.0,0.0,-0.06,69.19,74.97
4471,600405,动力源,5.23,-2.79,-0.15,152380.0,80840546.0,3.9,5.42,5.21,5.33,5.38,1.11,2.5,-15.47,15.46,3205098745.0,3190924446.0,0.0,0.19,-2.61,0.38
4472,300318,博晖创新,5.92,-2.79,-0.17,96514.0,57578725.0,3.78,6.11,5.88,6.06,6.09,1.15,1.21,-107.9,3.59,4836050930.0,4727353745.0,-0.17,0.34,-9.34,-5.58
4473,688776,国光电气,83.06,-2.79,-2.38,18391.0,153340096.0,3.27,84.96,82.17,84.17,85.44,0.98,1.7,-93.54,5.14,9002326782.0,9002326782.0,-0.08,0.04,-17.87,-17.55
4474,301301,川宁生物,10.44,-2.79,-0.3,181388.0,191401193.0,3.54,10.8,10.42,10.68,10.74,0.92,2.94,30.28,2.88,23282087400.0,6449639977.0,-0.1,-0.1,-4.4,2.96
4475,300680,隆盛科技,39.32,-2.79,-1.13,65398.0,257681271.4,2.32,39.97,39.03,39.82,40.45,0.63,3.72,31.94,4.52,8953796187.0,6913955665.0,-0.05,-0.03,-26.28,-29.62
4476,002727,一心堂,12.54,-2.79,-0.36,72601.0,92419605.99,3.41,12.96,12.52,12.82,12.9,1.24,1.83,20.51,1.0,7343475728.0,4982297910.0,-0.24,-0.08,-4.86,-2.49
4477,300170,汉得信息,20.18,-2.79,-0.58,626298.0,1264696599.97,2.07,20.45,20.02,20.22,20.76,1.19,6.41,106.52,3.73,20628545118.0,19718027514.0,0.05,0.0,-2.04,6.66
4478,688065,凯赛生物,48.41,-2.79,-1.39,34940.0,170909953.0,2.79,49.8,48.41,49.36,49.8,0.96,0.6,61.72,1.97,34917638928.0,28241330868.0,-0.19,-0.31,-11.87,-2.79
4479,301335,天元宠物,24.74,-2.79,-0.71,10704.0,26657252.03,2.63,25.35,24.68,25.27,25.45,0.89,2.11,41.8,1.63,3139575272.0,1252187985.0,-0.28,-0.04,-15.45,-14.22
4480,002062,宏润建设,7.31,-2.79,-0.21,139353.0,102201608.58,3.19,7.48,7.24,7.47,7.52,1.08,1.24,27.84,1.78,9044450199.0,8221564018.0,0.0,-0.27,-21.4,-20.97
4481,603535,嘉诚国际,8.37,-2.79,-0.24,34658.0,29374649.0,2.79,8.6,8.36,8.6,8.61,1.4,0.68,21.56,1.62,4276385627.0,4276385627.0,-0.12,-0.12,-21.33,-21.85
4482,300271,华宇软件,6.63,-2.79,-0.19,104794.0,69982114.0,2.49,6.78,6.61,6.78,6.82,1.07,1.31,-29.3,1.47,5382636262.0,5285717802.0,0.15,0.15,-11.36,-8.68
4483,300020,ST银江,3.49,-2.79,-0.1,140288.0,49512288.0,4.46,3.62,3.46,3.56,3.59,0.56,1.83,-1.55,1.97,2773426129.0,2675376446.0,0.29,0.0,-2.79,-0.29
4484,600039,四川路桥,9.41,-2.79,-0.27,161396.0,153680164.0,3.2,9.71,9.4,9.62,9.68,0.7,0.19,11.58,1.65,81825507969.0,81825507969.0,-0.21,0.0,-6.09,-5.43
4485,002314,南山控股,2.43,-2.8,-0.07,226135.0,55247524.0,2.8,2.49,2.42,2.47,2.5,0.93,1.69,14.96,0.72,6579911507.0,3252013752.0,-0.41,0.41,-16.78,-14.74
4486,600633,浙数文化,12.52,-2.8,-0.36,230334.0,289647434.0,2.17,12.76,12.48,12.68,12.88,1.07,1.82,27.73,1.55,15876292389.0,15876292389.0,-0.08,-0.24,-5.37,-2.64
4487,688070,纵横股份,46.52,-2.8,-1.34,12024.0,56394835.0,2.8,47.84,46.5,47.84,47.86,0.63,1.37,381.48,6.85,4074221600.0,4074221600.0,-0.11,-0.34,-19.77,-16.03
4488,300549,优德精密,16.98,-2.8,-0.49,16792.0,28744757.0,3.09,17.44,16.9,17.44,17.47,0.82,1.66,289.96,4.11,2264113200.0,1715908382.0,-0.29,-0.18,-10.11,-9.97
4489,600624,ST复华,4.52,-2.8,-0.13,37138.0,16926291.0,2.58,4.63,4.51,4.61,4.65,0.81,0.55,-127.83,4.94,3070648178.0,3070648178.0,0.0,0.0,-17.06,-14.56
4490,688358,祥生医疗,29.17,-2.8,-0.84,8049.0,23701930.0,2.9,29.97,29.1,29.79,30.01,0.78,0.72,28.04,2.36,3270704131.0,3266328631.0,-0.24,0.0,-8.33,-2.11
4491,002609,捷顺科技,8.32,-2.8,-0.24,64646.0,54255617.0,2.8,8.54,8.3,8.51,8.56,0.78,1.41,56.08,2.23,5353411157.0,3822209589.0,-0.12,0.0,-12.42,-10.44
4492,688571,杭华股份,7.65,-2.8,-0.22,51097.0,39608720.0,3.43,7.89,7.62,7.8,7.87,0.89,1.2,29.91,1.94,3244905855.0,3244905855.0,0.13,-0.13,1.06,2.68
4493,300094,国联水产,3.13,-2.8,-0.09,310199.0,97828339.0,3.73,3.23,3.11,3.21,3.22,1.06,2.81,-3.31,3.43,3531163502.0,3460269459.0,0.32,0.0,-14.48,-12.08
4494,300029,*ST天龙,4.52,-2.8,-0.13,27897.0,12707908.6,2.37,4.61,4.5,4.61,4.65,0.85,1.39,-46.39,-51.47,906289380.0,905628330.0,-0.66,-0.44,-22.74,0.67
4495,601138,工业富联,55.02,-2.81,-1.59,1553887.0,8582699872.0,1.78,55.81,54.8,55.0,56.61,0.91,0.78,30.94,6.55,1091821957466.0,1091821957466.0,0.0,-0.04,-13.65,-10.86
4496,600157,永泰能源,1.73,-2.81,-0.05,6660268.0,1158519195.0,2.81,1.77,1.72,1.77,1.78,0.94,3.05,143.06,0.8,37744731971.0,37744731971.0,0.0,-0.57,3.59,10.19
4497,301428,世纪恒通,33.88,-2.81,-0.98,61689.0,208321926.18,4.27,34.91,33.42,34.38,34.86,0.85,10.08,52.65,2.63,3342826678.0,2073343078.0,0.06,0.03,-2.45,1.01
4498,300791,仙乐健康,20.4,-2.81,-0.59,13725.0,28222266.76,2.91,20.98,20.37,20.86,20.99,0.62,0.53,18.08,2.56,6275747125.0,5236337137.0,-0.15,-0.1,-19.3,-21.11
4499,000620,盈新发展,2.77,-2.81,-0.08,1174476.0,325886850.24,2.11,2.81,2.75,2.8,2.85,0.9,2.51,-25.1,3.64,16264927661.0,12940744218.0,0.36,0.36,-8.58,3.36
4500,603183,建研院,4.49,-2.81,-0.13,108780.0,49331534.0,3.68,4.65,4.48,4.65,4.62,0.73,2.19,347.36,1.4,2232218097.0,2232218097.0,-0.22,-0.44,2.75,4.18
4501,300519,新光药业,15.22,-2.81,-0.44,32446.0,50089989.0,4.6,15.88,15.16,15.59,15.66,1.18,2.84,40.29,2.94,2435200000.0,1736602000.0,-0.46,-0.2,-0.78,2.15
4502,600303,曙光股份,3.11,-2.81,-0.09,205729.0,64489596.0,3.44,3.2,3.09,3.18,3.2,0.5,3.05,-7.19,1.89,2126009096.0,2101129096.0,-0.32,-0.32,-6.04,-4.6
4503,688273,麦澜德,38.8,-2.81,-1.12,14572.0,57005087.0,2.78,39.81,38.7,39.81,39.92,0.96,1.46,38.02,2.88,3880000000.0,3880000000.0,-0.21,-0.13,-36.62,-8.75
4504,002219,新里程,2.42,-2.81,-0.07,1210690.0,295749191.11,4.42,2.51,2.4,2.47,2.49,1.1,3.7,-159.82,4.16,8197463842.0,7918345802.0,0.0,0.41,10.0,13.62
4505,920187,通领科技,35.62,-2.81,-1.03,8909.0,32030907.42,2.26,36.39,35.56,36.21,36.65,1.04,4.25,15.07,1.99,2222688000.0,746377419.0,0.03,0.06,20.26,20.26
4506,920023,田野股份,3.11,-2.81,-0.09,86826.0,27428292.75,4.06,3.23,3.1,3.22,3.2,0.9,3.23,86.24,0.85,1017915440.0,835994528.0,-0.32,-0.32,-33.4,-34.11
4507,688618,三旺通信,36.28,-2.81,-1.05,50507.0,184375799.0,5.52,37.66,35.6,36.96,37.33,0.8,4.59,109.31,4.67,3997534656.0,3992535925.0,0.08,0.17,28.2,36.08
4508,600533,栖霞建设,2.42,-2.81,-0.07,129384.0,31680574.0,4.42,2.52,2.41,2.52,2.49,0.74,1.23,181.16,0.79,2541000000.0,2541000000.0,-0.41,-0.41,-7.63,-5.47
4509,600351,亚宝药业,6.56,-2.81,-0.19,309622.0,206723423.0,4.44,6.84,6.54,6.72,6.75,1.01,4.47,15.83,1.64,4539520302.0,4539520302.0,-0.15,0.0,2.34,4.29
4510,600621,华鑫股份,13.86,-2.81,-0.4,120283.0,167958326.0,2.17,14.16,13.85,14.15,14.26,1.32,1.13,23.13,1.6,14704064187.0,14704064187.0,-0.29,-0.22,-12.72,-9.06
4511,301580,爱迪特,71.8,-2.82,-2.08,52954.0,381469443.8,3.87,73.54,70.68,72.55,73.88,1.78,7.35,40.54,3.67,7651333757.0,5170820026.0,0.31,-0.14,54.41,62.44
4512,603817,海峡环保,6.88,-2.82,-0.2,168406.0,116528696.0,2.68,7.05,6.86,7.02,7.08,0.76,2.95,15.28,1.23,3922178188.0,3922178188.0,-0.29,-0.15,-3.78,-2.96
4513,002146,荣盛发展,1.38,-2.82,-0.04,849133.0,117595176.74,2.82,1.41,1.37,1.41,1.42,0.87,2.17,-1.45,0.51,6000466114.0,5397899464.0,0.0,0.0,-19.3,-15.85
4514,002205,国统股份,12.74,-2.82,-0.37,22907.0,29385678.0,3.43,13.1,12.65,13.02,13.11,0.73,1.23,-80.97,6.58,2367642725.0,2367642725.0,-0.16,-0.16,-6.8,-7.55
4515,300169,天晟新材,5.86,-2.82,-0.17,71569.0,42222210.0,2.82,6.01,5.84,6.01,6.03,0.75,2.37,-17.24,-62.38,1910268232.0,1768171683.0,0.0,-0.17,-7.57,-6.24
4516,301293,三博脑科,67.2,-2.82,-1.95,74244.0,499387045.84,1.97,68.06,66.7,68.0,69.15,0.69,4.61,124.14,5.92,13842325526.0,10815550502.0,-0.03,-0.07,-20.89,13.94
4517,300871,回盛生物,24.85,-2.82,-0.72,100606.0,251762952.97,3.64,25.68,24.75,25.37,25.57,0.68,4.99,20.01,2.38,5014341271.0,5014341271.0,0.0,0.16,13.37,19.87
4518,600830,香溢融通,8.62,-2.82,-0.25,49152.0,42834267.0,2.71,8.84,8.6,8.81,8.87,1.28,1.08,48.77,1.75,3916262079.0,3916262079.0,0.0,0.12,-11.04,-9.93
4519,688728,格科微,13.06,-2.83,-0.38,138874.0,182927371.0,2.23,13.35,13.05,13.3,13.44,1.33,0.56,674.25,4.32,33963661871.0,32635466479.0,-0.08,-0.08,-16.71,-12.58
4520,300412,迦南科技,5.15,-2.83,-0.15,123719.0,64541766.5,3.96,5.34,5.13,5.28,5.3,0.94,2.64,190.39,2.48,2563446681.0,2409487477.0,-0.19,-0.19,-6.53,-3.74
4521,603919,金徽酒,17.52,-2.83,-0.51,58418.0,103035566.0,2.38,17.92,17.49,17.89,18.03,0.96,1.15,25.08,2.59,8887195147.0,8887195147.0,-0.11,-0.11,-15.44,-13.35
4522,688088,虹软科技,40.12,-2.83,-1.17,51051.0,206234234.0,2.33,40.96,40.0,40.66,41.29,1.16,1.27,62.45,5.87,16094956448.0,16094956448.0,-0.15,-0.2,-24.84,-18.95
4523,300687,赛意信息,18.87,-2.83,-0.55,63824.0,121026707.96,2.01,19.19,18.8,19.19,19.42,1.07,1.94,209.31,2.79,7706727081.0,6209861104.0,-0.05,-0.05,-22.25,-17.85
4524,688322,奥比中光-UW,77.64,-2.83,-2.26,43858.0,342132758.0,2.45,79.0,77.04,78.45,79.9,0.94,1.38,245.06,10.46,31144838794.0,24742035075.0,0.0,-0.01,-15.1,-13.42
4525,300284,苏交科,6.53,-2.83,-0.19,105352.0,69293046.2,2.53,6.69,6.52,6.67,6.72,0.58,0.88,78.25,0.98,8246265364.0,7818710904.0,-0.31,-0.46,-19.38,-17.13
4526,600857,宁波中百,11.68,-2.83,-0.34,26039.0,30663411.0,4.08,12.14,11.65,12.14,12.02,1.01,1.16,80.53,3.02,2620056654.0,2620056654.0,-0.17,0.0,-16.45,-14.81
4527,300072,海新能科,4.81,-2.83,-0.14,571345.0,277455637.56,4.24,5.0,4.79,4.97,4.95,0.79,2.45,146.27,1.87,11302154653.0,11213847709.0,-0.21,-0.21,-2.24,4.57
4528,002803,吉宏股份,16.11,-2.83,-0.47,63705.0,103182890.89,2.83,16.56,16.09,16.42,16.58,0.62,2.21,26.21,2.69,7256029190.0,4650703686.0,-0.12,-0.19,-6.66,-1.53
4529,300860,锋尚文化,23.35,-2.83,-0.68,13575.0,31925522.0,2.58,23.92,23.3,23.87,24.03,0.83,1.24,382.12,1.42,4400324382.0,2554884825.0,-0.04,0.0,-14.94,-12.87
4530,603677,奇精机械,15.4,-2.84,-0.45,12146.0,18850562.0,2.84,15.85,15.4,15.85,15.85,0.89,0.63,61.5,2.56,2966053321.0,2966053321.0,-0.19,-0.19,-14.44,-15.29
4531,300013,新宁物流,3.77,-2.84,-0.11,129580.0,49236979.5,3.35,3.88,3.75,3.85,3.88,1.04,2.91,-311.99,10.75,2105013030.0,1681275055.0,-0.26,-0.26,-5.75,-4.31
4532,300195,长荣股份,7.53,-2.84,-0.22,80321.0,60954930.68,3.23,7.75,7.5,7.67,7.75,0.81,2.56,359.56,1.19,3190519403.0,2363760982.0,-0.26,-0.26,-9.17,-5.99
4533,300556,丝路视觉,17.47,-2.84,-0.51,31975.0,56507424.0,3.45,18.01,17.39,17.94,17.98,1.06,2.95,-13.0,4.79,2123746018.0,1895608538.0,-0.11,0.06,-9.48,-8.0
4534,300525,博思软件,10.26,-2.84,-0.3,119430.0,123264625.84,2.46,10.5,10.24,10.5,10.56,1.11,1.92,789.41,3.09,7781732684.0,6382570841.0,-0.1,-0.1,-27.49,-27.23
4535,300877,金春股份,26.3,-2.84,-0.77,23984.0,63468347.0,4.4,27.0,25.81,27.0,27.07,1.07,2.0,32.05,1.89,3156000000.0,3155972385.0,0.0,0.27,-12.89,-10.15
4536,300898,熊猫乳品,22.95,-2.84,-0.67,25982.0,60196273.0,3.18,23.64,22.89,23.57,23.62,1.24,2.26,29.77,2.9,2845800000.0,2633161113.0,-0.04,0.0,-15.78,-14.78
4537,000722,湖南发展,12.66,-2.84,-0.37,265989.0,337544316.22,2.3,12.9,12.6,12.9,13.03,0.68,5.73,81.46,1.86,5876243850.0,5876243850.0,0.08,0.16,5.5,7.29
4538,301091,深城交,21.19,-2.84,-0.62,35068.0,75024624.7,2.71,21.75,21.16,21.75,21.81,1.08,0.67,194.58,4.72,11173063200.0,11173063200.0,0.0,0.0,-22.78,-20.76
4539,301177,迪阿股份,28.04,-2.84,-0.82,9563.0,27003155.04,2.04,28.6,28.01,28.59,28.86,1.01,0.24,82.09,1.8,11223698382.0,11216261473.0,-0.04,-0.07,-5.94,-2.87
4540,603366,日出东方,8.54,-2.84,-0.25,239342.0,204652009.0,2.39,8.69,8.48,8.66,8.79,0.74,2.94,141.96,1.67,6943430783.0,6943430783.0,-0.12,0.12,-12.23,-11.13
4541,920018,宏远股份,28.1,-2.84,-0.82,14202.0,40040538.53,2.56,28.63,27.89,28.63,28.92,0.98,3.21,33.07,3.72,3577960748.0,1242688780.0,0.36,0.29,1.44,3.73
4542,002520,日发精机,5.45,-2.85,-0.16,160263.0,87873310.0,2.14,5.56,5.44,5.53,5.61,0.86,2.23,-11.5,15.91,4088836182.0,3910048932.0,0.0,0.0,-12.94,-13.49
4543,000520,凤凰航运,4.09,-2.85,-0.12,154614.0,63523994.0,3.33,4.21,4.07,4.18,4.21,1.01,1.53,-55.82,10.28,4139421331.0,4139421331.0,0.0,0.0,-13.35,-15.5
4544,301601,惠通科技,22.49,-2.85,-0.66,12167.0,27576474.33,3.07,23.13,22.42,23.06,23.15,0.89,1.44,105.51,2.49,3159395200.0,1899955200.0,0.0,0.04,-21.31,-19.07
4545,002040,南 京 港,10.23,-2.85,-0.3,88387.0,90613061.53,2.75,10.47,10.18,10.43,10.53,0.83,1.82,27.5,1.46,4991697657.0,4972551802.0,0.0,0.2,2.3,3.86
4546,301337,亚华电子,27.31,-2.85,-0.8,13775.0,37932793.0,2.85,28.05,27.25,28.0,28.11,1.01,3.72,-366.84,2.6,2845702000.0,1010081515.0,0.0,-0.07,-14.74,-0.73
4547,300506,ST名家汇,4.43,-2.85,-0.13,72237.0,32186090.92,3.73,4.56,4.39,4.55,4.56,1.01,0.98,-93.46,4.58,6315392801.0,3254705553.0,0.23,0.45,5.73,5.48
4548,300598,诚迈科技,37.16,-2.85,-1.09,33784.0,126288657.38,2.46,38.0,37.06,37.8,38.25,1.11,1.56,-89.24,5.44,8063041496.0,8060783431.0,0.0,0.0,-22.81,-19.16
4549,603066,音飞储存,9.87,-2.85,-0.29,24107.0,24040503.0,3.05,10.16,9.85,10.16,10.16,0.84,0.82,34.9,2.02,2903557330.0,2903557330.0,0.0,0.0,-8.86,-8.19
4550,000953,河化股份,6.79,-2.86,-0.2,78607.0,54024623.8,3.58,7.03,6.78,6.96,6.99,0.93,2.15,235.02,16.13,2485969704.0,2485969704.0,-0.15,0.15,-7.37,-5.96
4551,688609,九联科技,8.16,-2.86,-0.24,65056.0,53590532.0,2.26,8.35,8.16,8.3,8.4,1.23,1.3,-19.46,5.23,4080000000.0,4080000000.0,0.0,-0.12,-21.08,-20.08
4552,001332,锡装股份,54.38,-2.86,-1.6,21399.0,118906439.5,5.02,57.09,54.28,55.5,55.98,1.15,4.46,22.57,2.35,6008446200.0,2610430384.0,0.02,0.11,-11.1,-3.22
4553,002373,千方科技,9.52,-2.86,-0.28,185019.0,177229914.0,2.24,9.71,9.49,9.7,9.8,1.06,1.34,59.72,1.31,15043391807.0,13114696080.0,0.0,0.0,-25.97,-18.98
4554,301380,挖金客,33.28,-2.86,-0.98,14861.0,49748470.75,2.34,33.97,33.17,33.97,34.26,0.92,1.84,94.72,4.64,3374340170.0,2686981074.0,0.09,-0.03,-12.24,-11.96
4555,000868,安凯客车,4.42,-2.86,-0.13,58719.0,26217076.0,2.86,4.55,4.42,4.53,4.55,0.71,0.8,-75.17,5.17,4152655129.0,3241312713.0,0.0,-0.23,-12.99,-11.24
4556,002291,遥望科技,6.45,-2.86,-0.19,279194.0,181241160.48,2.71,6.61,6.43,6.54,6.64,1.05,3.21,-10.91,2.0,6031590777.0,5605857992.0,0.0,0.16,-3.3,0.94
4557,000790,华神科技,4.08,-2.86,-0.12,270221.0,112167358.19,5.24,4.28,4.06,4.21,4.2,1.04,4.34,-7.94,3.56,2544775005.0,2540267625.0,0.0,0.25,4.08,5.43
4558,920433,大唐药业,5.1,-2.86,-0.15,30361.0,15843245.03,6.48,5.39,5.05,5.25,5.25,0.88,1.79,-15.84,3.42,1305190373.0,863513620.0,0.39,0.39,-15.56,-13.12
4559,603136,天目湖,11.2,-2.86,-0.33,39141.0,44094355.0,3.12,11.53,11.17,11.46,11.53,0.97,1.45,27.25,2.23,3025419152.0,3025419152.0,-0.09,-0.09,-5.25,-4.92
4560,300427,红相股份,11.87,-2.86,-0.35,232780.0,276606117.0,2.54,12.1,11.79,12.1,12.22,0.81,4.63,-336.98,5.03,6036135937.0,5970668021.0,-0.08,0.17,-2.06,-3.1
4561,603815,交建股份,5.77,-2.86,-0.17,93016.0,54006283.0,2.86,5.93,5.76,5.93,5.94,0.93,1.5,19.54,1.48,3571192836.0,3571192836.0,-0.17,-0.17,-24.18,-22.45
4562,000503,国新健康,7.78,-2.87,-0.23,111649.0,87527923.16,2.75,7.98,7.76,7.94,8.01,1.15,1.14,-41.28,6.03,7618584232.0,7618123096.0,0.0,0.0,-14.88,-12.39
4563,300220,金运激光,13.87,-2.87,-0.41,19862.0,27744625.0,3.29,14.26,13.79,14.26,14.28,0.8,1.32,1567.63,33.29,2097144000.0,2094638357.0,0.0,0.0,-6.35,-3.34
4564,688223,晶科能源,6.44,-2.87,-0.19,1270038.0,820296211.0,2.26,6.54,6.39,6.53,6.63,0.79,1.24,-9.75,2.53,66134976463.0,66134976463.0,0.16,0.16,6.98,14.18
4565,300223,北京君正,109.49,-2.87,-3.23,189579.0,2078419021.55,2.48,111.28,108.49,109.0,112.72,1.16,4.51,140.43,4.24,52833383761.0,46048273352.0,-0.01,0.04,-12.52,3.25
4566,000757,浩物股份,4.73,-2.87,-0.14,91712.0,43708395.0,2.87,4.86,4.72,4.84,4.87,0.75,1.72,44.18,1.58,2519747129.0,2519747129.0,-0.21,0.0,-3.47,-2.87
4567,600547,山东黄金,41.27,-2.87,-1.22,427551.0,1763021855.0,1.39,41.54,40.95,41.41,42.49,0.99,1.18,40.14,6.15,190251791497.0,149168076931.0,0.0,0.02,0.71,6.61
4568,002204,大连重工,6.77,-2.87,-0.2,309096.0,210650126.0,1.43,6.87,6.77,6.85,6.97,1.0,1.6,22.22,1.67,13075375117.0,13075375117.0,-0.15,-0.15,-9.73,-11.5
4569,688291,金橙子,39.89,-2.87,-1.18,21139.0,84792893.0,2.65,40.81,39.72,40.81,41.07,1.37,2.06,111.05,4.28,4095374663.0,4095374663.0,0.0,-0.15,-15.45,-6.62
4570,603818,曲美家居,3.38,-2.87,-0.1,127773.0,43656000.0,3.45,3.5,3.38,3.47,3.48,0.98,1.86,-26.0,1.07,2320518230.0,2320518230.0,-0.59,-0.29,-8.15,-6.37
4571,000539,粤电力Ａ,5.41,-2.87,-0.16,670821.0,364257198.48,2.15,5.5,5.38,5.5,5.57,0.62,2.63,47.34,1.21,28404036364.0,13824643124.0,-0.18,0.0,19.96,22.4
4572,920810,春光智能,11.11,-2.88,-0.33,8995.0,10068126.52,3.23,11.42,11.05,11.33,11.44,1.37,1.44,733.42,4.65,1065449000.0,693347825.0,-0.18,0.27,-14.54,-15.45
4573,603628,清源股份,13.15,-2.88,-0.39,132163.0,173539418.0,3.62,13.41,12.92,13.4,13.54,0.7,4.86,27.14,2.68,3591322216.0,3579057211.0,0.08,0.15,-2.88,-2.59
4574,000670,盈方微,7.41,-2.88,-0.22,451376.0,335168318.92,2.23,7.52,7.35,7.5,7.63,0.61,5.49,-76.01,138.46,6259414140.0,6090003756.0,0.0,0.0,-4.14,0.41
4575,603630,拉芳家化,15.85,-2.88,-0.47,30813.0,48964579.0,3.25,16.27,15.74,16.27,16.32,1.15,1.37,213.18,1.87,3569492593.0,3569492593.0,0.0,0.06,-22.07,-18.13
4576,603486,科沃斯,61.07,-2.88,-1.81,35628.0,219217455.0,1.94,62.22,61.0,62.1,62.88,1.11,0.62,18.7,4.11,35354764280.0,35014598273.0,-0.02,0.03,-26.93,-24.31
4577,300449,汉邦高科,7.07,-2.88,-0.21,81490.0,57764370.0,3.57,7.28,7.02,7.28,7.28,0.86,2.11,-38.04,8.79,2729274442.0,2729274442.0,-0.14,0.14,-5.98,-7.22
4578,300294,博雅生物,18.58,-2.88,-0.55,57642.0,108119344.5,2.82,19.12,18.58,19.01,19.13,1.23,1.14,83.13,1.26,9368941552.0,9368941552.0,-0.11,-0.05,-20.02,-17.79
4579,300386,飞天诚信,14.14,-2.88,-0.42,49832.0,71016597.0,2.54,14.49,14.12,14.44,14.56,1.08,1.99,427.05,4.01,5911142160.0,3545713213.0,0.0,0.07,-19.06,-21.71
4580,920981,晶赛科技,30.36,-2.88,-0.9,20881.0,64219470.24,3.84,31.49,30.29,30.81,31.26,0.63,5.6,239.74,4.57,2321568480.0,1132720002.0,-0.1,-0.13,-9.56,-5.01
4581,600712,南宁百货,6.07,-2.88,-0.18,68551.0,41902030.0,2.4,6.21,6.06,6.16,6.25,1.17,1.27,-79.96,4.38,3306058035.0,3269595612.0,0.0,0.0,-11.64,-11.0
4582,301363,美好医疗,25.61,-2.88,-0.76,61210.0,157777667.84,2.81,26.3,25.56,26.26,26.37,0.75,1.64,52.48,3.94,14568790920.0,9557729035.0,0.0,0.0,-26.05,6.49
4583,920718,合肥高科,12.8,-2.88,-0.38,3139.0,4067520.16,2.66,13.13,12.78,13.02,13.18,0.77,0.73,29.76,1.99,1160533760.0,551809818.0,-0.54,-0.23,-18.26,-15.4
4584,300753,爱朋医疗,27.7,-2.88,-0.82,36969.0,102930740.0,2.38,28.31,27.63,28.22,28.52,0.65,4.21,-228.02,5.13,3491529600.0,2434989580.0,-0.04,0.0,-30.68,-0.18
4585,688030,山石网科,14.83,-2.88,-0.44,18843.0,28351461.0,3.8,15.39,14.81,15.38,15.27,0.88,1.05,-13.81,3.74,2672897922.0,2672897922.0,-0.47,-0.13,-19.18,-18.38
4586,688707,振华新材,13.11,-2.89,-0.39,58628.0,77654353.0,2.59,13.45,13.1,13.37,13.5,0.84,1.15,-15.43,1.67,6669584088.0,6669584088.0,-0.15,0.0,-13.47,-5.34
4587,300933,中辰股份,7.73,-2.89,-0.23,90173.0,70332640.45,2.76,7.93,7.71,7.93,7.96,0.97,1.65,102.45,2.0,4229009209.0,4229009209.0,-0.13,0.0,-8.3,-6.76
4588,300071,福石控股,5.04,-2.89,-0.15,586839.0,298055655.0,3.47,5.19,5.01,5.07,5.19,1.33,6.21,-67.86,34.63,4857977053.0,4764568365.0,0.0,0.0,-24.21,-22.82
4589,688765,禾元生物-U,64.85,-2.89,-1.93,8553.0,55935477.0,2.44,66.42,64.79,66.22,66.78,0.67,2.09,-146.78,8.01,23183875000.0,2657473429.0,-0.05,0.0,-10.28,-6.16
4590,920427,华维设计,11.76,-2.89,-0.35,9880.0,11723801.23,3.47,12.1,11.68,12.0,12.11,0.9,1.94,-101.47,3.89,1212397200.0,598678245.0,0.09,0.0,-11.45,-4.62
4591,001201,东瑞股份,12.75,-2.89,-0.38,66298.0,85048991.8,3.58,13.13,12.66,13.01,13.13,0.88,3.26,214.96,0.97,3286746013.0,2589966800.0,-0.08,-0.23,-13.38,-12.49
4592,600537,亿晶光电,3.7,-2.89,-0.11,779977.0,289131374.0,3.15,3.78,3.66,3.74,3.81,0.61,6.59,-15.37,19.48,4379745567.0,4379745567.0,0.0,0.0,-13.55,-11.06
4593,002224,三 力 士,4.37,-2.89,-0.13,221510.0,97213811.4,3.78,4.5,4.33,4.47,4.5,0.67,2.75,106.93,1.22,3942248336.0,3523882213.0,0.0,0.0,-2.46,-0.46
4594,000812,陕西金叶,4.03,-2.89,-0.12,147249.0,60058250.5,3.13,4.16,4.03,4.11,4.15,1.13,1.92,-13.82,2.0,3097831234.0,3095245224.0,-0.25,-0.49,-16.22,-15.69
4595,002878,元隆雅图,17.48,-2.89,-0.52,122155.0,214885712.0,2.61,17.89,17.42,17.76,18.0,1.0,5.18,382.24,3.56,4579615388.0,4124106008.0,-0.06,0.0,-6.97,-4.06
4596,603210,泰鸿万立,16.79,-2.89,-0.5,34701.0,58378908.0,3.12,17.21,16.67,17.21,17.29,2.2,1.49,29.5,3.13,5715316000.0,3906655225.0,-0.06,0.06,-15.07,-13.72
4597,002346,柘中股份,18.48,-2.89,-0.55,33294.0,62005885.0,3.1,18.99,18.4,18.86,19.03,1.1,0.85,17.38,2.83,8160313688.0,7268646517.0,-0.38,-0.11,-9.1,-9.01
4598,301359,东南电子,20.82,-2.89,-0.62,21163.0,44366416.4,3.08,21.36,20.7,21.19,21.44,0.96,3.09,63.34,2.97,2502064320.0,1424018961.0,0.39,0.24,8.16,8.89
4599,002343,慈文传媒,6.37,-2.9,-0.19,95955.0,61465677.0,3.05,6.54,6.34,6.52,6.56,1.12,2.03,-82.57,3.14,3017343422.0,3017343422.0,0.0,0.0,-12.38,-11.03
4600,688161,威高骨科,30.85,-2.9,-0.92,20993.0,65557968.0,3.27,31.8,30.76,31.6,31.77,0.72,0.52,45.93,2.98,12340000000.0,12340000000.0,0.23,0.16,4.43,10.49
4601,003001,中岩大地,17.42,-2.9,-0.52,19611.0,34456717.7,3.07,17.9,17.35,17.9,17.94,1.09,1.86,100.09,2.57,3037150417.0,1841003626.0,-0.06,-0.06,-17.4,-13.46
4602,000677,恒天海龙,4.69,-2.9,-0.14,496320.0,234252547.9,3.73,4.81,4.63,4.78,4.83,0.67,5.74,1106.0,7.98,4052056576.0,4052056576.0,0.0,0.0,5.87,6.83
4603,600831,广电网络,3.68,-2.9,-0.11,112264.0,41536097.0,3.96,3.81,3.66,3.81,3.79,0.66,1.58,-3.25,1.78,2616284931.0,2616284931.0,0.0,0.0,-15.4,-12.38
4604,603529,爱玛科技,28.83,-2.9,-0.86,149968.0,434349650.0,2.63,29.5,28.72,29.4,29.69,0.81,1.77,9.84,2.63,25021354671.0,24435168004.0,0.03,0.21,-5.1,-2.93
4605,000925,众合科技,7.03,-2.9,-0.21,106647.0,75521375.96,2.49,7.2,7.02,7.18,7.24,0.75,1.58,-77.16,1.44,4754880102.0,4732907485.0,-0.14,0.0,-23.0,-21.71
4606,688319,欧林生物,28.49,-2.9,-0.85,52888.0,151655710.0,2.73,29.12,28.32,29.1,29.34,0.71,1.3,519.25,12.79,11558646561.0,11550110957.0,-0.14,-0.11,3.0,12.34
4607,688276,百克生物,17.77,-2.9,-0.53,16328.0,29378535.0,3.39,18.39,17.77,18.16,18.3,0.82,0.39,-27.02,1.91,7350695516.0,7350695516.0,-0.22,-0.11,-9.43,-5.78
4608,000605,渤海股份,6.7,-2.9,-0.2,51855.0,35022199.97,3.77,6.93,6.67,6.93,6.9,0.74,1.47,134.24,1.11,2362812620.0,2362812620.0,-0.15,0.15,-1.33,-0.15
4609,301558,三态股份,8.04,-2.9,-0.24,73980.0,60066251.1,3.14,8.28,8.02,8.21,8.28,1.21,3.37,149.36,4.68,6342363833.0,1763025487.0,-0.12,-0.12,-3.6,-1.35
4610,300614,百川畅银,13.0,-2.91,-0.39,32471.0,42435265.26,3.44,13.39,12.93,13.36,13.39,0.89,2.02,-20.49,1.97,2085728827.0,2085728827.0,-0.08,-0.08,0.78,2.52
4611,300324,旋极信息,4.67,-2.91,-0.14,387258.0,181846672.65,2.29,4.75,4.64,4.73,4.81,0.99,2.26,-34.9,2.93,8067848079.0,7985657260.0,0.0,0.0,-25.28,-21.91
4612,000929,*ST兰黄,9.02,-2.91,-0.27,36775.0,33332852.0,3.01,9.23,8.95,9.17,9.29,1.3,1.98,114.99,3.59,1675609320.0,1675503091.0,-0.22,-0.22,-4.95,2.38
4613,920159,农大科技,39.01,-2.91,-1.17,11704.0,45965091.24,2.46,39.96,38.97,39.96,40.18,0.73,8.13,20.58,3.3,2964760000.0,561744000.0,0.0,-0.03,56.04,56.04
4614,920476,海能技术,20.02,-2.91,-0.6,13853.0,27984708.7,2.62,20.54,20.0,20.48,20.62,0.95,1.72,40.48,3.8,1705299596.0,1614212260.0,0.05,-0.3,-7.87,-3.19
4615,000715,中兴商业,5.68,-2.91,-0.17,85888.0,49206771.0,3.08,5.85,5.67,5.85,5.85,1.13,1.77,26.87,1.52,3069668653.0,2762484642.0,-0.35,0.0,-9.12,-9.7
4616,002315,焦点科技,40.1,-2.91,-1.2,81072.0,325438593.86,1.89,40.65,39.87,40.55,41.3,1.13,4.01,25.26,4.64,12721158347.0,8109863098.0,-0.02,0.0,-16.84,-12.37
4617,300958,建工修复,13.01,-2.91,-0.39,26829.0,35269370.0,3.96,13.47,12.94,13.4,13.4,0.93,2.95,-21.3,1.64,2039142893.0,1184553045.0,0.0,-0.08,3.09,4.83
4618,301507,民生健康,14.03,-2.91,-0.42,34879.0,49466363.0,3.32,14.47,13.99,14.41,14.45,0.84,3.17,32.79,3.09,5002457250.0,1545921618.0,-0.14,-0.07,-11.87,-8.66
4619,605001,威奥股份,7.35,-2.91,-0.22,53024.0,39463563.0,3.3,7.6,7.35,7.6,7.57,0.7,1.35,34.49,1.08,2887712100.0,2887712100.0,-0.41,-0.27,-7.66,-3.67
4620,920014,特瑞斯,12.31,-2.92,-0.37,43177.0,53833232.62,4.42,12.78,12.22,12.67,12.68,1.02,6.44,169.56,1.9,1500056506.0,825352238.0,0.08,-0.08,3.36,6.4
4621,300957,贝泰妮,37.55,-2.92,-1.13,40274.0,152262053.49,2.51,38.44,37.47,38.35,38.68,1.11,0.95,43.88,2.62,15906180000.0,15906180000.0,-0.03,-0.03,-6.85,-4.48
4622,002009,天奇股份,24.6,-2.92,-0.74,203796.0,501979377.19,1.78,24.9,24.45,24.88,25.34,0.89,5.75,110.44,4.94,9894936892.0,8711415197.0,0.0,0.12,17.65,8.75
4623,300813,泰林生物,27.28,-2.92,-0.82,37926.0,103900050.58,3.45,28.0,27.03,27.93,28.1,0.58,4.99,200.56,4.11,3306314694.0,2074673271.0,-0.04,0.07,7.11,11.03
4624,600192,长城电工,8.31,-2.92,-0.25,68378.0,57138056.0,2.45,8.48,8.27,8.48,8.56,0.72,1.55,-17.36,3.62,3670925880.0,3670925880.0,0.0,-0.12,-18.45,-18.05
4625,600340,华夏幸福,1.33,-2.92,-0.04,1267929.0,170440871.0,5.11,1.39,1.32,1.36,1.37,0.92,3.26,-0.4,-1.09,5205248055.0,5178162232.0,0.0,0.0,-40.36,-39.27
4626,600778,友好集团,6.32,-2.92,-0.19,70782.0,45089582.0,3.84,6.53,6.28,6.51,6.51,0.86,2.27,104.45,8.56,1968625345.0,1966878054.0,0.16,0.0,-5.39,-5.25
4627,000631,顺发恒能,3.32,-2.92,-0.1,361257.0,120040878.0,2.92,3.39,3.29,3.36,3.42,0.37,1.57,129.47,1.36,7636000282.0,7636000282.0,0.0,-0.3,-0.3,2.15
4628,300947,德必集团,16.27,-2.92,-0.49,22928.0,37557368.65,3.64,16.79,16.18,16.72,16.76,0.85,1.52,183.58,1.97,2459010314.0,2458034683.0,-0.06,-0.25,-20.87,-19.22
4629,301166,优宁维,30.5,-2.93,-0.92,13590.0,41760562.44,3.41,31.42,30.35,31.29,31.42,0.68,2.39,-131.47,1.3,2643333374.0,1736019374.0,-0.2,-0.29,-0.91,2.76
4630,600496,精工钢构,3.98,-2.93,-0.12,220620.0,88542480.0,3.17,4.09,3.96,4.07,4.1,0.9,1.11,10.07,0.86,7920698189.0,7920698189.0,0.51,0.25,-5.24,-4.1
4631,603099,长白山,34.75,-2.93,-1.05,42079.0,146778938.0,2.37,35.5,34.65,35.5,35.8,1.12,1.58,73.17,6.32,9464366135.0,9266782500.0,-0.06,0.03,-23.27,-23.03
4632,300188,国投智能,12.27,-2.93,-0.37,95626.0,118037773.32,2.22,12.54,12.26,12.46,12.64,1.31,1.12,-21.64,3.41,10545786594.0,10497047454.0,-0.16,-0.08,-17.48,-16.02
4633,301198,喜悦智行,13.92,-2.93,-0.42,28119.0,39489885.09,4.32,14.42,13.8,14.42,14.34,0.94,1.81,-378.9,2.57,2352480000.0,2165316691.0,0.0,0.0,6.75,10.83
4634,300921,南凌科技,25.19,-2.93,-0.76,72936.0,184210269.38,2.97,25.75,24.98,25.5,25.95,0.95,6.36,156.0,5.59,4629858698.0,2889319878.0,-0.04,-0.08,1.04,9.66
4635,600793,宜宾纸业,18.24,-2.93,-0.55,23244.0,42653266.0,3.25,18.74,18.13,18.6,18.79,0.93,1.31,160.41,13.56,3226728996.0,3226728996.0,0.05,0.16,-13.96,-13.55
4636,300136,信维通信,63.95,-2.93,-1.93,607568.0,3878834189.46,2.84,64.79,62.92,64.3,65.88,0.89,7.38,95.39,8.06,61876014400.0,52612762062.0,0.08,0.13,-0.27,3.15
4637,688306,均普智能,8.96,-2.93,-0.27,82237.0,74540709.0,2.38,9.17,8.95,9.17,9.23,1.05,0.67,902.47,5.74,11005413888.0,11005413888.0,-0.22,-0.22,-25.21,-22.76
4638,002243,力合科创,8.62,-2.93,-0.26,97313.0,84505141.88,2.59,8.82,8.59,8.8,8.88,0.76,0.81,59.01,1.43,10435408368.0,10379706540.0,0.12,0.0,-20.63,-13.37
4639,301037,保立佳,14.56,-2.93,-0.44,15438.0,22828953.0,3.73,15.09,14.53,15.04,15.0,0.64,2.27,214.3,3.19,2024301348.0,990047750.0,-0.21,-0.14,0.62,1.11
4640,603177,德创环保,10.9,-2.94,-0.33,39610.0,43505921.0,3.56,11.23,10.83,11.23,11.23,0.79,1.94,127.35,5.91,2225692800.0,2225692800.0,0.0,0.0,-4.89,-2.07
4641,002123,梦网科技,9.91,-2.94,-0.3,156354.0,155701212.6,2.45,10.13,9.88,10.06,10.21,1.3,2.17,-102.74,4.62,7981727957.0,7135891401.0,0.0,0.0,-22.34,-18.5
4642,600315,上海家化,20.49,-2.94,-0.62,65584.0,134950083.0,2.61,20.97,20.42,20.97,21.11,0.9,0.98,51.48,2.0,13773910330.0,13773910330.0,-0.1,0.0,-11.83,-9.01
4643,301368,丰立智能,51.42,-2.94,-1.56,13160.0,67952362.0,2.32,52.58,51.35,52.58,52.98,0.89,2.05,4462.95,6.37,6175542000.0,3297124445.0,0.0,-0.02,-16.94,-17.95
4644,688033,天宜新材,8.26,-2.94,-0.25,115177.0,95774752.0,2.59,8.44,8.22,8.42,8.51,1.0,2.05,-2.1,3.19,4643760403.0,4643760403.0,-0.12,-0.12,4.29,7.27
4645,002187,广百股份,6.27,-2.94,-0.19,84737.0,53500184.0,2.94,6.44,6.25,6.4,6.46,0.81,1.21,-45.7,1.11,4394609349.0,4394609349.0,-0.16,-0.16,-18.57,-17.17
4646,603022,新通联,10.22,-2.94,-0.31,42616.0,44032342.0,2.56,10.48,10.21,10.43,10.53,0.77,2.13,41.9,2.49,2044000000.0,2044000000.0,-0.49,-0.1,-2.76,-0.49
4647,300276,三丰智能,6.94,-2.94,-0.21,174943.0,122149157.0,2.38,7.09,6.92,7.08,7.15,1.03,1.65,192.44,4.9,9723238351.0,7336440983.0,-0.29,-0.29,-28.45,-28.45
4648,600650,锦江在线,12.55,-2.94,-0.38,51211.0,64567672.0,2.4,12.82,12.51,12.8,12.93,1.34,1.31,48.76,1.57,6922706843.0,4901528941.0,-0.16,-0.16,-24.35,-17.43
4649,600858,银座股份,5.61,-2.94,-0.17,61934.0,35042561.0,2.94,5.77,5.6,5.74,5.78,0.85,1.2,49.24,1.09,2917573564.0,2903444443.0,-0.18,-0.18,-12.75,-10.24
4650,002755,奥赛康,15.48,-2.95,-0.47,207979.0,327404035.58,5.02,16.22,15.42,15.96,15.95,0.62,2.24,48.25,4.48,14367922233.0,14367786396.0,-0.26,-0.26,-9.21,-5.21
4651,002657,中科金财,22.05,-2.95,-0.67,80106.0,177704973.3,2.55,22.54,21.96,22.48,22.72,1.16,2.38,-50.26,4.31,7498146490.0,7411314582.0,-0.14,-0.05,-26.45,-26.16
4652,300864,南大环境,20.39,-2.95,-0.62,14041.0,28862127.85,3.76,21.09,20.3,21.09,21.01,0.84,0.89,20.35,2.44,3219798826.0,3219798826.0,0.2,0.1,2.31,3.4
4653,920198,微创光电,8.55,-2.95,-0.26,15681.0,13612363.77,3.63,8.84,8.52,8.69,8.81,1.02,2.23,-117.86,3.2,1379661106.0,602484326.0,0.0,0.12,-16.67,-14.67
4654,688207,格灵深瞳,14.15,-2.95,-0.43,53546.0,76384477.0,3.22,14.54,14.07,14.42,14.58,1.26,2.07,-20.32,1.95,3664470030.0,3664470030.0,0.0,-0.07,-10.61,-6.91
4655,688466,金科环境,17.09,-2.95,-0.52,10328.0,17821585.0,3.46,17.61,17.0,17.61,17.61,0.77,0.85,41.18,1.79,2087614458.0,2087614458.0,0.0,0.18,3.39,5.04
4656,002574,明牌珠宝,5.6,-2.95,-0.17,67749.0,38355795.0,2.95,5.75,5.58,5.75,5.77,0.96,1.28,-20.67,0.99,2956800000.0,2956800000.0,-0.53,-0.36,-4.44,-0.36
4657,600588,用友网络,11.85,-2.95,-0.36,334749.0,398474756.0,1.64,12.03,11.83,12.01,12.21,0.95,0.98,-21.72,5.47,40491419297.0,40491419297.0,-0.08,-0.17,-14.01,-10.63
4658,920425,乐创技术,19.0,-2.96,-0.58,10679.0,20535059.47,2.71,19.5,18.97,19.5,19.58,1.06,1.8,40.0,5.03,1347794412.0,1125052662.0,-0.31,-0.05,-12.16,-8.74
4659,600515,海南机场,3.61,-2.96,-0.11,749786.0,273303806.0,1.88,3.68,3.61,3.68,3.72,1.09,0.82,480.71,1.75,41245367663.0,33125405154.0,-0.28,0.0,-28.8,-32.27
4660,002437,誉衡药业,3.6,-2.96,-0.11,1775139.0,647489637.54,6.47,3.8,3.56,3.7,3.71,0.63,8.51,24.7,3.75,8027525254.0,7509778744.0,-0.28,-0.28,13.21,17.26
4661,688505,复旦张江,7.88,-2.96,-0.24,50776.0,40729943.0,4.19,8.21,7.87,8.13,8.12,0.87,0.71,-51.88,3.86,8168188148.0,5599308148.0,0.0,0.13,-8.58,-5.06
4662,688658,悦康药业,18.67,-2.96,-0.57,103700.0,196010346.0,4.21,19.4,18.59,19.03,19.24,0.54,2.3,-32.02,2.53,8401500000.0,8401500000.0,0.05,-0.11,-30.47,-17.43
4663,603105,芯能科技,10.48,-2.96,-0.32,198705.0,208709939.0,3.06,10.73,10.4,10.72,10.8,0.66,3.97,21.11,2.46,5240114274.0,5240114274.0,-0.1,-0.1,11.02,14.04
4664,300663,科蓝软件,13.07,-2.97,-0.4,117045.0,154262325.01,4.08,13.6,13.05,13.6,13.47,1.07,2.55,-444.45,8.27,6253360282.0,6007718794.0,0.0,-0.08,-29.04,-25.91
4665,000547,航天发展,26.78,-2.97,-0.82,1336343.0,3603637314.35,3.08,27.5,26.65,27.18,27.6,0.91,8.41,-65.68,9.11,42806980244.0,42556662040.0,0.07,-0.11,-21.42,-18.87
4666,300945,曼卡龙,15.69,-2.97,-0.48,92744.0,145523381.53,2.1,15.91,15.57,15.83,16.17,1.23,3.89,30.18,2.47,4111903859.0,3740506151.0,0.0,0.13,-5.82,-2.91
4667,688253,英诺特,35.01,-2.97,-1.07,12887.0,45378960.0,3.22,36.1,34.94,36.07,36.08,1.11,0.94,32.84,2.34,4795820903.0,4795820903.0,0.0,-0.03,13.34,16.0
4668,688366,昊海生科,38.9,-2.97,-1.19,6125.0,23986375.0,2.87,39.96,38.81,39.83,40.09,1.53,0.32,35.64,1.65,8946256816.0,7548617160.0,0.1,0.03,-13.52,-11.39
4669,002707,众信旅游,6.53,-2.97,-0.2,147942.0,97399578.0,2.53,6.69,6.52,6.69,6.73,1.07,1.79,71.81,6.92,6417129165.0,5388603179.0,-0.15,0.0,-8.67,-9.18
4670,301258,富士莱,32.01,-2.97,-0.98,9682.0,31235105.0,4.36,33.22,31.78,32.98,32.99,0.9,1.09,29.98,1.54,2934356700.0,2850970650.0,-0.22,-0.06,-3.67,-1.51
4671,600586,金晶科技,5.22,-2.97,-0.16,329613.0,172664223.0,2.79,5.34,5.19,5.33,5.38,0.78,2.33,-20.58,1.35,7398502794.0,7398502794.0,-0.38,-0.38,-11.97,-7.28
4672,688373,盟科药业-U,6.21,-2.97,-0.19,134617.0,84799252.0,4.53,6.47,6.18,6.34,6.4,0.92,2.22,-16.87,19.83,4075178240.0,3761011328.0,-0.16,-0.16,-2.36,2.81
4673,301399,英特科技,22.14,-2.98,-0.68,64748.0,144916729.77,3.24,22.87,22.13,22.53,22.82,0.58,11.84,139.49,3.12,4096342800.0,1210694594.0,0.05,-0.18,10.92,13.42
4674,605183,确成股份,18.88,-2.98,-0.58,29136.0,55275150.0,4.73,19.44,18.52,19.36,19.46,1.23,0.71,15.8,2.1,7851873778.0,7786667922.0,-0.05,-0.26,-5.55,-5.22
4675,000537,绿发电力,9.78,-2.98,-0.3,377370.0,370145947.33,2.38,9.94,9.7,9.91,10.08,0.82,1.84,18.72,1.01,20104921052.0,20104921052.0,-0.1,-0.1,17.27,19.12
4676,920879,基康技术,19.53,-2.98,-0.6,8510.0,16819340.52,2.98,20.1,19.5,19.94,20.13,1.26,0.65,39.57,5.16,3269139961.0,2554669166.0,0.15,-0.31,-11.91,-8.74
4677,300019,硅宝科技,19.52,-2.98,-0.6,101762.0,199295554.62,2.14,19.83,19.4,19.8,20.12,0.98,2.76,27.55,2.83,7673637984.0,7195265365.0,-0.15,-0.1,-10.79,-5.47
4678,000821,ST京机,11.08,-2.98,-0.34,145781.0,162080351.06,2.19,11.29,11.04,11.25,11.42,0.75,2.41,18.18,1.61,6901452540.0,6699530465.0,0.0,0.0,-17.87,-17.74
4679,300479,神思电子,18.22,-2.98,-0.56,34552.0,63543525.0,2.98,18.74,18.18,18.74,18.78,1.0,1.75,213.84,6.38,3590084560.0,3588034810.0,-0.05,-0.05,-5.5,-4.71
4680,600939,重庆建工,2.93,-2.98,-0.09,157682.0,46376097.0,2.98,3.0,2.91,3.0,3.02,0.78,0.83,-6.68,0.74,5574251586.0,5574251586.0,-0.34,-0.34,-9.57,-7.57
4681,601106,中国一重,4.23,-2.98,-0.13,501275.0,213693749.0,2.29,4.33,4.23,4.3,4.36,1.06,0.73,-276.8,5.5,29008421781.0,29008421781.0,0.0,-0.24,4.19,6.02
4682,300641,正丹股份,18.9,-2.98,-0.58,151581.0,287315118.47,2.62,19.31,18.8,19.3,19.48,0.91,2.88,11.04,3.19,9932796909.0,9932796909.0,0.0,0.11,2.72,7.08
4683,688299,长阳科技,17.28,-2.98,-0.53,37534.0,65464903.0,2.08,17.62,17.25,17.61,17.81,0.78,1.31,-34.37,2.56,4966149208.0,4966149208.0,0.0,0.12,-2.92,2.13
4684,920964,润农节水,5.84,-2.99,-0.18,15766.0,9320621.55,3.32,6.01,5.81,5.94,6.02,1.2,1.07,-90.51,1.75,1525454720.0,862551864.0,0.0,0.0,-13.86,-12.71
4685,300011,鼎汉技术,7.45,-2.99,-0.23,85745.0,64403138.0,2.99,7.66,7.43,7.65,7.68,0.68,1.69,264.15,3.1,4511387633.0,3779057230.0,0.0,0.0,-16.67,-13.17
4686,002603,以岭药业,16.52,-2.99,-0.51,165855.0,276377625.24,3.35,17.02,16.45,16.97,17.03,1.06,1.2,20.69,2.58,27600052812.0,22745508128.0,-0.18,-0.12,-6.3,-3.22
4687,300168,万达信息,5.52,-2.99,-0.17,176644.0,97816446.88,2.28,5.62,5.49,5.62,5.69,0.97,1.23,-14.63,6.45,7952269740.0,7944287648.0,-0.18,-0.18,-18.34,-14.55
4688,603260,合盛硅业,42.12,-2.99,-1.3,98134.0,415651671.0,2.28,43.0,42.01,42.8,43.42,1.05,0.83,-116.19,1.56,49794556355.0,49794556355.0,0.02,-0.05,-25.28,-20.08
4689,688032,禾迈股份,113.44,-2.99,-3.5,17398.0,198295189.0,3.14,116.0,112.33,116.0,116.94,0.68,1.4,-87.76,2.43,14074902945.0,14074902945.0,-0.02,-0.4,8.85,12.55
4690,920275,驱动力,7.14,-2.99,-0.22,12224.0,8888549.47,4.35,7.42,7.1,7.38,7.36,0.71,0.93,249.9,4.89,1137956064.0,941869680.0,0.14,-0.28,-21.1,-18.03
4691,300267,尔康制药,3.9,-2.99,-0.12,761841.0,303659709.2,5.72,4.12,3.89,3.98,4.02,1.02,5.36,152.44,1.8,8044158993.0,5547328375.0,-0.26,-0.26,9.24,14.37
4692,000701,厦门信达,5.84,-2.99,-0.18,111316.0,65609423.0,2.99,6.02,5.84,5.97,6.02,0.91,1.67,441.01,-7.71,3902948539.0,3899640325.0,-0.17,-0.34,-10.7,-11.11
4693,002405,四维图新,9.05,-3.0,-0.28,556313.0,505308290.83,2.14,9.22,9.02,9.19,9.33,1.0,2.36,-22.72,2.61,21454371767.0,21320453532.0,-0.11,0.0,-10.31,0.44
4694,603151,邦基科技,16.18,-3.0,-0.5,25226.0,41110476.0,3.66,16.67,16.06,16.66,16.68,0.86,1.47,19.56,2.03,2768601868.0,2768601868.0,-0.61,-0.55,-14.57,-10.21
4695,600571,信雅达,13.27,-3.0,-0.41,82128.0,109751657.0,2.7,13.63,13.26,13.53,13.68,1.04,1.79,206.5,5.16,6188043960.0,6074365099.0,-0.15,-0.23,-17.37,-16.44
4696,300583,赛托生物,14.25,-3.0,-0.44,27786.0,40137847.68,4.08,14.76,14.16,14.64,14.69,0.71,1.49,-29.29,1.53,2703255296.0,2652622196.0,-0.07,0.07,1.06,4.09
4697,002809,红墙股份,11.0,-3.0,-0.34,110496.0,122189500.26,3.26,11.3,10.93,11.26,11.34,1.15,7.17,-291.11,1.49,2468266691.0,1695077472.0,0.27,0.46,2.42,2.9
4698,002777,久远银海,16.19,-3.0,-0.5,63332.0,103030832.1,2.22,16.52,16.15,16.5,16.69,1.12,1.57,85.98,3.92,6609260505.0,6549041039.0,0.0,0.0,-11.92,-9.75
4699,002622,皓宸医疗,2.59,-3.0,-0.08,209981.0,55049790.49,5.62,2.72,2.57,2.67,2.67,0.76,2.5,-61.78,5.97,2175600000.0,2175535898.0,0.0,0.39,-17.25,-12.79
4700,601888,中国中免,67.89,-3.0,-2.1,220635.0,1504743583.0,2.13,69.28,67.79,69.27,69.99,1.18,1.13,39.33,2.53,141061614161.0,132553564682.0,-0.01,0.03,-25.06,-28.2
4701,603039,泛微网络,46.07,-3.01,-1.43,94747.0,437320882.0,2.84,46.98,45.63,46.5,47.5,0.77,3.7,40.91,4.95,11810779547.0,11810779547.0,0.0,-0.11,-18.05,-13.95
4702,300417,南华仪器,12.56,-3.01,-0.39,34750.0,43916282.0,4.02,13.0,12.48,13.0,12.95,0.73,3.97,-7042.71,3.68,1690113792.0,1099781709.0,0.48,0.08,-9.77,-10.22
4703,603506,南都物业,12.23,-3.01,-0.38,20265.0,25010829.0,3.49,12.62,12.18,12.62,12.61,0.78,1.08,11.15,1.84,2296522237.0,2296522237.0,-0.24,-0.08,-7.14,-6.36
4704,002237,恒邦股份,15.14,-3.01,-0.47,269030.0,408483044.53,1.54,15.32,15.08,15.2,15.61,1.1,2.26,33.95,1.63,21649751977.0,18052269961.0,-0.13,-0.07,6.92,12.82
4705,688561,奇安信-U,29.66,-3.01,-0.92,44755.0,133836683.0,2.65,30.46,29.65,30.46,30.58,1.11,0.66,-16.03,2.71,20235615824.0,20235615824.0,-0.07,-0.03,-20.63,-16.64
4706,002177,御银股份,7.42,-3.01,-0.23,541853.0,402892762.27,2.22,7.55,7.38,7.51,7.65,0.84,8.03,362.33,3.31,5648039401.0,5007898705.0,-0.13,0.0,-21.73,-21.15
4707,920396,常辅股份,29.98,-3.01,-0.93,12112.0,36558652.65,2.3,30.65,29.94,30.43,30.91,0.7,2.36,53.0,5.96,2165189657.0,1538236415.0,-0.07,-0.03,-13.38,-8.35
4708,920242,建邦科技,22.89,-3.01,-0.71,3632.0,8403406.87,2.75,23.53,22.88,23.4,23.6,1.17,0.97,17.8,2.35,1518219308.0,854574688.0,-0.82,-0.26,-24.16,-21.8
4709,002388,新亚制程,4.83,-3.01,-0.15,132309.0,64570577.68,3.41,4.99,4.82,4.94,4.98,0.87,2.61,1094.41,2.52,2466669408.0,2445059481.0,-0.41,-0.21,-28.44,-24.29
4710,300773,拉卡拉,23.87,-3.01,-0.74,444275.0,1065255105.87,2.36,24.29,23.71,24.18,24.61,0.97,6.05,41.02,5.24,18538992166.0,17533895927.0,-0.13,-0.04,-13.29,-16.19
4711,920974,凯大催化,7.41,-3.01,-0.23,27260.0,20312792.62,3.14,7.62,7.38,7.58,7.64,1.64,2.12,47.09,1.9,1213758000.0,951827794.0,0.27,0.27,-9.52,-6.08
4712,920656,海昇药业,15.48,-3.01,-0.48,9176.0,14389740.68,3.32,15.99,15.46,15.62,15.96,0.68,2.83,22.28,2.2,1548000000.0,501184830.0,0.0,-0.19,-12.54,-11.34
4713,300683,海特生物,37.44,-3.01,-1.16,140963.0,531911837.6,4.33,38.79,37.12,37.91,38.6,0.59,11.55,-23.25,2.19,4900685999.0,4570100159.0,0.0,-0.11,27.26,35.02
4714,002022,科华生物,5.81,-3.01,-0.18,96559.0,56767129.0,3.67,6.02,5.8,5.96,5.99,1.22,1.88,-9.64,0.96,2988377387.0,2987952531.0,0.0,0.0,-5.07,-2.19
4715,300185,通裕重工,3.22,-3.01,-0.1,1477055.0,476504883.85,2.71,3.28,3.19,3.27,3.32,0.75,3.84,116.28,1.89,12996518437.0,12384217978.0,0.31,0.0,10.27,13.38
4716,920685,新芝生物,12.25,-3.01,-0.38,3765.0,4668267.38,2.77,12.6,12.25,12.6,12.63,0.35,0.69,31.87,2.01,1121070277.0,672572775.0,-0.49,-0.41,-14.1,-10.19
4717,002896,中大力德,72.0,-3.02,-2.24,43982.0,317701387.05,1.94,73.18,71.74,73.01,74.24,0.96,2.24,185.5,11.84,14149632240.0,14149632240.0,0.06,0.03,-18.39,-19.43
4718,002116,中国海诚,10.29,-3.02,-0.32,67915.0,70338124.0,3.2,10.56,10.22,10.53,10.61,1.22,1.47,13.98,1.73,4793020764.0,4740602599.0,0.0,0.19,-1.15,0.1
4719,002459,晶澳科技,10.58,-3.02,-0.33,489851.0,519206577.34,2.2,10.77,10.53,10.77,10.91,0.69,1.48,-7.39,1.55,35016763286.0,34975139101.0,-0.09,-0.09,-11.09,-7.6
4720,002210,飞马国际,2.57,-3.02,-0.08,470974.0,121541060.83,3.02,2.63,2.55,2.62,2.65,0.85,1.77,357.87,7.18,6839368229.0,6826579652.0,0.0,0.39,-26.15,-28.61
4721,920943,优机股份,19.6,-3.02,-0.61,7458.0,14742699.52,4.11,20.37,19.54,20.37,20.21,0.89,1.44,26.89,2.97,1989819009.0,1015433527.0,0.05,0.15,-28.13,-25.9
4722,000419,通程控股,5.78,-3.02,-0.18,62256.0,36356881.0,3.36,5.97,5.77,5.95,5.96,0.89,1.15,18.94,0.9,3141907746.0,3141907746.0,-0.34,-0.17,-10.94,-9.55
4723,002820,桂发祥,10.28,-3.02,-0.32,77908.0,80687772.0,4.34,10.67,10.21,10.59,10.6,0.97,3.88,-84.2,2.38,2064926073.0,2064926073.0,-0.19,0.1,-15.25,-14.69
4724,002266,浙富控股,4.17,-3.02,-0.13,514698.0,216028551.9,2.33,4.26,4.16,4.25,4.3,1.09,1.05,22.09,1.85,21764361746.0,20419660370.0,-0.24,-0.24,-0.95,0.24
4725,000839,国安股份,3.21,-3.02,-0.1,662421.0,213511770.0,2.11,3.27,3.2,3.26,3.31,0.73,1.69,1117.44,8.2,12582642590.0,12582642590.0,0.0,0.0,20.22,21.59
4726,920007,酉立智能,54.74,-3.03,-1.71,2484.0,13706777.03,3.68,56.4,54.32,56.4,56.45,0.91,2.33,26.78,3.69,2432232313.0,582589609.0,-0.13,0.53,-22.57,-20.62
4727,600881,亚泰集团,1.6,-3.03,-0.05,344682.0,55424477.0,3.03,1.64,1.59,1.64,1.65,1.06,1.07,-4.08,3.05,5171441581.0,5171441581.0,0.0,0.0,-15.79,-13.98
4728,300659,中孚信息,12.8,-3.03,-0.4,51074.0,65850572.0,2.88,13.14,12.76,13.14,13.2,0.83,2.7,-31.95,2.67,3333022438.0,2422256730.0,0.0,-0.08,-18.68,-16.67
4729,000601,韶能股份,6.4,-3.03,-0.2,670670.0,429334840.15,2.27,6.49,6.34,6.49,6.6,0.61,6.39,29.61,1.65,6811797274.0,6716972205.0,0.0,-0.16,33.61,36.17
4730,603868,飞科电器,31.35,-3.03,-0.98,25606.0,80815429.0,3.06,32.04,31.05,32.0,32.33,1.3,0.59,22.41,4.17,13656060000.0,13656060000.0,0.0,0.03,-25.5,-27.56
4731,002410,广联达,11.21,-3.03,-0.35,323232.0,363974619.85,1.99,11.42,11.19,11.41,11.56,1.18,2.06,45.71,3.06,18518296074.0,17601027488.0,-0.36,-0.18,-13.1,-10.89
4732,002153,石基信息,9.61,-3.03,-0.3,165281.0,159616476.94,2.02,9.79,9.59,9.75,9.91,0.92,1.03,-157.9,3.82,26227552812.0,15373730156.0,0.0,0.1,-15.26,-11.27
4733,300640,德艺文创,7.03,-3.03,-0.22,84719.0,60052477.0,3.45,7.25,7.0,7.2,7.25,0.98,3.84,115.04,2.69,2186283792.0,1551866384.0,0.14,0.0,-9.87,-9.17
4734,603987,康德莱,8.65,-3.03,-0.27,61877.0,54135119.0,3.25,8.92,8.63,8.9,8.92,1.13,1.42,14.64,1.42,3778241112.0,3778241112.0,0.12,0.12,-3.24,0.58
4735,002037,保利联合,8.63,-3.03,-0.27,172872.0,151279810.8,4.49,9.0,8.6,8.88,8.9,1.21,3.57,-31.56,2.22,4175915175.0,4175915175.0,0.0,0.0,-10.01,-9.16
4736,688295,中复神鹰,50.48,-3.03,-1.58,152241.0,769068404.0,3.38,51.44,49.68,51.33,52.06,0.8,1.69,472.34,9.62,45432000000.0,45432000000.0,0.0,0.22,56.04,53.86
4737,002530,金财互联,8.6,-3.04,-0.27,164706.0,142646798.71,2.14,8.79,8.6,8.72,8.87,1.1,2.37,103.32,5.03,6701104305.0,5978060672.0,0.0,-0.12,-20.0,-20.22
4738,920957,汉维科技,10.84,-3.04,-0.34,7132.0,7886445.35,4.65,11.26,10.74,11.23,11.18,1.23,1.67,217.32,2.97,1163146461.0,462919317.0,-0.09,0.18,-16.62,-13.49
4739,600865,百大集团,11.16,-3.04,-0.35,56723.0,63774035.0,3.04,11.49,11.14,11.44,11.51,1.11,1.51,131.39,1.83,4198841927.0,4198841927.0,0.0,0.0,-32.45,-31.95
4740,000712,锦龙股份,10.22,-3.04,-0.32,137399.0,141685791.0,2.18,10.45,10.22,10.4,10.54,1.13,1.53,45.13,3.61,9157120000.0,9154402758.0,-0.29,-0.2,-18.95,-14.98
4741,600576,祥源文旅,5.75,-3.04,-0.18,114306.0,66048432.0,2.7,5.89,5.73,5.88,5.93,0.87,1.73,29.11,2.04,6063653530.0,3797242977.0,-0.17,0.17,-10.02,-7.85
4742,600979,广安爱众,4.47,-3.04,-0.14,423544.0,189950549.0,3.04,4.59,4.45,4.58,4.61,0.61,3.44,27.95,1.21,5639606763.0,5508201261.0,0.22,0.0,-1.11,1.82
4743,920304,迪尔化工,12.14,-3.04,-0.38,17653.0,21738993.54,3.75,12.6,12.13,12.4,12.52,0.75,1.29,35.95,3.74,2058191320.0,1656551948.0,0.0,-0.16,-13.59,-11.06
4744,000567,海德股份,5.1,-3.04,-0.16,108057.0,55678038.98,2.85,5.25,5.1,5.22,5.26,1.28,0.55,43.75,1.85,9968419991.0,9944501077.0,0.0,0.0,-18.66,-20.56
4745,600798,宁波海运,3.83,-3.04,-0.12,285559.0,109954181.0,2.53,3.92,3.82,3.92,3.95,0.92,2.37,-109.86,1.18,4621025990.0,4621025990.0,0.0,0.0,6.39,8.81
4746,688393,安必平,23.59,-3.04,-0.74,12562.0,29899790.0,3.66,24.45,23.56,24.45,24.33,0.75,1.34,-49.08,1.85,2207262019.0,2207262019.0,-0.08,0.0,-8.07,-0.42
4747,002251,步步高,4.15,-3.04,-0.13,436660.0,182526966.38,3.04,4.26,4.13,4.24,4.28,1.26,2.03,37.11,1.36,11158103709.0,8932759294.0,0.0,0.0,-24.55,-21.85
4748,000981,山子高科,4.14,-3.04,-0.13,2743634.0,1136781475.77,1.87,4.19,4.11,4.19,4.27,1.07,2.88,71.07,24.59,41389529476.0,39385294225.0,0.24,0.24,-7.17,-0.48
4749,688426,康为世纪,20.06,-3.04,-0.63,9359.0,18931240.0,3.67,20.68,19.92,20.49,20.69,0.66,2.44,-21.85,1.63,2256623943.0,770857014.0,-0.5,-0.25,-19.57,-15.82
4750,301393,昊帆生物,49.61,-3.05,-1.56,16334.0,81489512.75,3.83,51.16,49.2,50.9,51.17,0.6,3.88,40.49,2.28,5357880000.0,2088817888.0,0.02,0.08,-3.86,-2.13
4751,605007,五洲特纸,13.99,-3.05,-0.44,62484.0,87330745.0,2.56,14.22,13.85,14.19,14.43,1.2,1.56,27.59,1.94,6655462742.0,5617727170.0,0.0,0.14,3.02,3.55
4752,603738,泰晶科技,25.39,-3.05,-0.8,373501.0,959677692.0,3.25,26.2,25.35,25.93,26.19,0.74,9.68,209.81,5.61,9797683422.0,9797683422.0,-0.04,-0.24,57.7,61.62
4753,300477,ST合纵,2.54,-3.05,-0.08,233695.0,59660589.8,2.67,2.59,2.52,2.58,2.62,1.12,2.36,-15.11,2.76,2722927465.0,2516760420.0,0.0,0.79,-7.3,-3.05
4754,688671,碧兴物联,21.28,-3.05,-0.67,9786.0,21147068.0,3.1,21.96,21.28,21.4,21.95,0.92,2.09,-19.56,1.64,1670882192.0,996906756.0,-0.65,-0.79,-9.06,-14.09
4755,600179,安通控股,4.45,-3.05,-0.14,384279.0,173159404.0,3.05,4.59,4.45,4.55,4.59,0.84,0.99,17.34,1.59,18830295057.0,17187139303.0,0.0,0.0,-14.91,-19.38
4756,301331,恩威医药,26.1,-3.05,-0.82,10497.0,27767495.0,3.79,27.03,26.01,26.8,26.92,0.9,1.02,55.05,2.48,2685478251.0,2680360824.0,-0.04,-0.19,-5.23,0.04
4757,301211,亨迪药业,12.05,-3.06,-0.38,55872.0,68215062.0,3.78,12.48,12.01,12.34,12.43,0.91,1.34,144.14,2.21,5032080000.0,5032036620.0,-0.17,-0.08,-4.82,-1.39
4758,301231,荣信文化,31.67,-3.06,-1.0,61442.0,194622206.2,3.58,32.3,31.13,32.0,32.67,1.62,9.39,-393.47,3.18,2672948000.0,2072199770.0,0.0,-0.22,-2.19,1.9
4759,688016,心脉医疗,100.82,-3.06,-3.18,18564.0,189094667.0,2.83,103.55,100.61,103.42,104.0,0.9,1.51,22.06,3.05,12427286636.0,12427286636.0,0.03,0.06,4.82,9.99
4760,688320,禾川科技,30.1,-3.06,-0.95,20113.0,61095028.0,2.9,30.9,30.0,30.76,31.05,1.14,1.33,-35.36,3.71,4545511407.0,4545511407.0,0.0,-0.76,-17.8,-19.35
4761,688539,高华科技,35.18,-3.06,-1.11,23010.0,81778344.0,2.26,36.0,35.18,35.78,36.29,1.06,2.2,107.48,3.73,6540665600.0,3684049600.0,-0.09,-0.11,-30.75,-28.94
4762,688509,正元地信,4.44,-3.06,-0.14,69673.0,31247243.0,2.84,4.56,4.43,4.56,4.58,1.01,1.81,-20.08,3.0,3418800000.0,1708477368.0,-0.22,0.0,-18.98,-19.13
4763,001280,中国铀业,81.2,-3.06,-2.56,84794.0,691839275.83,1.53,82.34,81.06,82.1,83.76,1.16,5.36,104.99,12.27,167936363622.0,12836685431.0,-0.09,-0.11,27.29,33.29
4764,600593,大连圣亚,37.06,-3.06,-1.17,34226.0,127564092.0,2.83,38.02,36.94,38.0,38.23,0.88,2.66,54.96,22.34,4834291700.0,4773328000.0,0.14,0.08,-13.31,-10.53
4765,601336,新华保险,61.14,-3.06,-1.93,189857.0,1163517703.0,2.28,62.35,60.91,62.16,63.07,1.03,0.91,5.26,1.71,190729079124.0,127503761248.0,0.0,0.03,-24.33,-12.28
4766,688218,江苏北人,23.75,-3.06,-0.75,43747.0,104933425.0,5.14,24.76,23.5,24.26,24.5,1.26,3.76,-34.58,3.34,2766289278.0,2766289278.0,-0.54,0.08,3.94,4.08
4767,000401,金隅冀东,4.75,-3.06,-0.15,169294.0,81073335.0,3.06,4.89,4.74,4.89,4.9,1.0,0.64,57.73,0.46,12626531866.0,12498934516.0,0.0,-0.21,6.26,7.71
4768,688326,经纬恒润-W,115.44,-3.06,-3.64,12262.0,142877129.0,3.22,118.89,115.05,118.21,119.08,0.91,1.1,139.1,3.13,13845984422.0,12885819264.0,-0.1,0.1,-14.0,-1.75
4769,301602,超研股份,19.56,-3.07,-0.62,17080.0,33713046.6,3.22,20.16,19.51,20.16,20.18,1.38,0.82,70.65,6.44,8378127719.0,4078248088.0,-0.2,-0.1,-14.51,-9.19
4770,300192,科德教育,18.93,-3.07,-0.6,73229.0,139559460.0,2.71,19.41,18.88,19.41,19.53,1.04,2.26,50.55,6.35,6230683218.0,6145391737.0,-0.11,-0.05,-11.91,-10.41
4771,002063,远光软件,6.32,-3.07,-0.2,525318.0,333390321.27,2.15,6.44,6.3,6.44,6.52,0.82,2.98,40.09,3.06,12071614282.0,11146728001.0,-0.32,-0.16,1.77,4.12
4772,688292,浩瀚深度,23.98,-3.07,-0.76,29792.0,71698381.0,3.56,24.68,23.8,24.23,24.74,0.92,1.88,-1071.84,3.67,3797204440.0,3797204440.0,0.04,0.21,-11.74,-17.31
4773,688109,品茗科技,117.5,-3.07,-3.72,8606.0,101450870.0,4.12,121.0,116.0,120.0,121.22,1.03,1.09,195.89,11.51,9263970250.0,9263970250.0,0.0,0.26,-13.48,-7.55
4774,300290,荣科科技,14.19,-3.07,-0.45,160220.0,228670108.88,2.46,14.5,14.14,14.41,14.64,1.18,2.51,-214.84,11.7,9077805154.0,9075107280.0,0.0,0.21,-50.64,-48.46
4775,600561,江西长运,6.31,-3.07,-0.2,64783.0,41392958.0,5.38,6.64,6.29,6.64,6.51,0.93,2.28,-109.4,1.98,1795048608.0,1795048608.0,-0.32,0.16,-2.32,-2.62
4776,301448,开创电气,37.28,-3.07,-1.18,8573.0,32122206.22,5.43,39.22,37.13,39.22,38.46,1.28,1.78,-279.51,5.72,3899488000.0,1799971600.0,-0.29,0.0,-25.53,-25.2
4777,603823,百合花,15.18,-3.07,-0.48,32093.0,49235397.0,3.26,15.64,15.13,15.6,15.66,1.09,0.77,35.0,2.6,6320461747.0,6320461747.0,0.0,0.07,-3.31,0.86
4778,002264,新 华 都,8.2,-3.07,-0.26,165051.0,135644507.99,2.36,8.35,8.15,8.34,8.46,1.17,2.52,24.88,2.96,5902452660.0,5369219042.0,0.12,0.0,-8.58,-7.13
4779,688651,盛邦安全,37.72,-3.08,-1.2,10552.0,40024312.0,3.34,38.75,37.45,38.74,38.92,0.9,3.25,-65.02,3.03,2844050280.0,1224180949.0,-0.08,0.11,-16.29,-14.31
4780,301061,匠心家居,70.88,-3.08,-2.25,13322.0,95283492.6,4.21,73.68,70.6,73.03,73.13,1.58,0.92,17.69,3.83,15506233383.0,10301509738.0,0.01,0.03,-23.79,-25.23
4781,688356,键凯科技,97.19,-3.08,-3.09,8202.0,81240367.0,4.98,101.84,96.85,99.3,100.28,0.85,1.35,92.98,4.47,5894641533.0,5894641533.0,0.19,0.11,0.21,18.24
4782,300888,稳健医疗,32.37,-3.08,-1.03,34270.0,111990526.8,2.99,33.3,32.3,33.16,33.4,1.28,0.59,19.32,1.64,18850015885.0,18829556750.0,0.03,-0.12,-17.04,-14.46
4783,600785,新华百货,17.29,-3.08,-0.55,107707.0,187370220.0,3.76,17.79,17.12,17.6,17.84,2.17,4.77,27.21,1.7,3901164831.0,3901164831.0,0.0,-0.29,26.95,27.6
4784,301381,赛维时代,19.53,-3.08,-0.62,23543.0,46319381.76,2.58,20.01,19.49,19.97,20.15,1.18,1.2,28.18,2.96,7879538646.0,3817493946.0,0.05,0.05,-7.35,-5.15
4785,920168,通宝光电,21.08,-3.08,-0.67,8399.0,17952411.39,2.99,21.7,21.05,21.49,21.75,0.86,2.98,19.8,2.19,1584655272.0,593918755.0,-0.43,-0.05,30.36,30.36
4786,300289,利德曼,6.58,-3.09,-0.21,70420.0,46983107.0,3.53,6.81,6.57,6.78,6.79,1.01,1.3,-155.75,2.18,3579595584.0,3573969684.0,0.15,0.0,-8.61,-5.6
4787,600439,瑞贝卡,2.51,-3.09,-0.08,134794.0,34182971.0,3.47,2.59,2.5,2.58,2.59,1.15,1.19,182.01,1.08,2841283454.0,2841283454.0,-0.4,0.0,-10.99,-9.39
4788,002501,利源股份,1.88,-3.09,-0.06,657902.0,124184949.24,2.58,1.92,1.87,1.91,1.94,0.55,1.86,-56.61,25.31,6674000000.0,6667362107.0,0.0,0.0,-33.33,-24.5
4789,301683,慧谷新材,112.15,-3.09,-3.57,43376.0,487980411.01,3.71,115.2,110.91,112.25,115.72,0.62,30.41,34.23,4.47,7078504260.0,1599892648.0,-0.12,-0.15,43.08,43.08
4790,300509,新美星,11.59,-3.09,-0.37,46440.0,54407566.56,3.85,12.01,11.55,11.81,11.96,0.83,1.88,32.41,5.56,3435276000.0,2863929832.0,-0.34,0.09,-14.9,-9.74
4791,300513,恒实科技,8.47,-3.09,-0.27,72973.0,62709152.28,4.46,8.82,8.43,8.74,8.74,1.18,2.53,-23.15,2.01,2656964083.0,2441713237.0,-0.12,-0.24,-17.77,-10.75
4792,603900,莱绅通灵,7.53,-3.09,-0.24,63825.0,48343658.0,3.6,7.75,7.47,7.73,7.77,1.11,1.87,28.03,1.3,2582517715.0,2573368765.0,0.13,-0.26,-13.15,-10.99
4793,300180,华峰超纤,5.96,-3.09,-0.19,364665.0,218201008.14,2.93,6.1,5.92,6.09,6.15,0.98,2.13,157.2,2.24,10495918524.0,10207508086.0,0.17,0.0,-13.12,-14.0
4794,300621,维业股份,8.15,-3.09,-0.26,39207.0,32150975.5,4.28,8.43,8.07,8.43,8.41,0.68,1.94,-128.12,1.97,1695662105.0,1650611456.0,0.0,0.37,-3.89,-3.09
4795,002941,新疆交建,15.69,-3.09,-0.5,151281.0,238492156.72,2.16,16.0,15.65,15.88,16.19,1.02,2.07,19.11,2.44,11449795889.0,11449795889.0,0.0,0.0,-5.54,-1.01
4796,002682,龙洲股份,5.94,-3.1,-0.19,227455.0,135295353.75,3.43,6.09,5.88,6.04,6.13,0.86,4.04,-26.2,3.1,3340469448.0,3340419552.0,0.0,0.0,-27.56,-30.69
4797,300841,康华生物,56.51,-3.1,-1.81,12291.0,70221521.07,3.26,58.33,56.43,58.0,58.32,0.83,1.03,29.12,2.09,7343299262.0,6720693330.0,-0.21,-0.26,-22.4,-21.8
4798,002174,游族网络,9.7,-3.1,-0.31,136910.0,133939899.4,2.7,9.95,9.68,9.92,10.01,1.05,1.4,93.35,1.92,9504166380.0,9498812707.0,-0.21,-0.1,-23.02,-20.75
4799,688685,迈信林,40.31,-3.1,-1.29,31576.0,128365960.0,3.0,41.43,40.18,41.4,41.6,0.93,2.15,105.94,7.05,5919590697.0,5919590697.0,0.07,0.07,-27.37,-27.34
4800,301595,太力科技,50.48,-3.11,-1.62,16742.0,84222444.0,5.18,52.0,49.3,52.0,52.1,1.15,6.87,88.95,6.07,5465974400.0,1229844240.0,0.0,-0.22,6.03,2.92
4801,600969,郴电国际,9.36,-3.11,-0.3,68056.0,64063915.0,3.83,9.7,9.33,9.7,9.66,0.71,1.84,32.08,0.95,3463672530.0,3463672530.0,0.11,0.21,-9.65,-8.5
4802,603669,灵康药业,4.68,-3.11,-0.15,263507.0,125238622.0,6.0,4.93,4.64,4.84,4.83,0.63,3.65,-73.37,5.0,3375431916.0,3375431916.0,-0.21,-0.21,-1.06,2.63
4803,603667,五洲新春,67.61,-3.11,-2.17,150375.0,1023064994.0,2.54,69.06,67.29,68.41,69.78,1.0,4.11,188.55,8.3,24758969280.0,24758969280.0,-0.01,-0.07,-12.75,-3.39
4804,002537,海联金汇,7.8,-3.11,-0.25,366686.0,288494865.1,2.48,7.98,7.78,7.95,8.05,0.85,3.14,34.23,2.17,9157330611.0,9119758011.0,0.0,0.0,-13.62,-13.91
4805,600280,中央商场,3.12,-3.11,-0.1,178461.0,55936063.0,3.42,3.21,3.1,3.2,3.22,1.13,1.58,-49.32,5.71,3520404539.0,3520404539.0,0.0,0.32,-23.9,-18.96
4806,300255,常山药业,41.42,-3.11,-1.33,247292.0,1035874498.9,4.47,43.1,41.19,42.06,42.75,0.59,2.69,-637.04,25.09,38067501567.0,38010963267.0,0.0,-0.12,-32.67,-33.3
4807,300266,兴源环境,2.49,-3.11,-0.08,198424.0,49732055.0,3.11,2.56,2.48,2.54,2.57,0.68,1.28,-51.01,113.85,3868980212.0,3866663391.0,-0.4,0.0,-7.43,-3.11
4808,300333,兆日科技,9.02,-3.11,-0.29,86590.0,78410238.0,3.22,9.24,8.94,9.24,9.31,1.27,2.59,-351.94,5.23,3030720000.0,3019716204.0,-0.33,0.0,-22.91,-21.57
4809,688152,麒麟信安,33.84,-3.12,-1.09,11196.0,38228749.0,3.35,34.88,33.71,34.4,34.93,0.94,1.09,-58.79,2.83,3479779349.0,3479779349.0,0.15,0.15,-19.83,-16.13
4810,688058,宝兰德,28.29,-3.12,-0.91,12634.0,36038354.0,3.12,29.09,28.18,28.98,29.2,0.9,1.67,-28.52,3.38,2145415830.0,2145415830.0,0.0,0.18,1.43,3.89
4811,600446,金证股份,12.75,-3.12,-0.41,139364.0,178653818.0,2.28,13.0,12.7,12.96,13.16,0.96,1.48,-159.21,3.26,12001160357.0,12001160357.0,0.0,0.08,-25.09,-19.91
4812,920062,科润智控,10.26,-3.12,-0.33,34808.0,36001344.52,2.55,10.5,10.23,10.43,10.59,0.8,2.61,121.66,2.6,1936126402.0,1369812651.0,0.0,-0.1,3.01,6.76
4813,300887,谱尼测试,9.93,-3.12,-0.32,113444.0,113497545.59,3.02,10.19,9.88,10.14,10.25,1.11,3.13,-20.44,1.89,5419170525.0,3596618395.0,-0.3,-0.1,-28.15,3.44
4814,600416,湘电股份,12.43,-3.12,-0.4,211417.0,265000436.0,2.49,12.73,12.41,12.73,12.83,1.3,1.43,81.61,1.89,18343975033.0,18343975033.0,0.0,0.08,-22.41,-21.23
4815,603285,键邦股份,30.38,-3.13,-0.98,27700.0,84479806.0,4.72,31.49,30.01,31.4,31.36,1.13,4.45,34.1,2.9,4860800000.0,1892576176.0,-0.03,-0.03,22.2,24.71
4816,688613,奥精医疗,21.02,-3.13,-0.68,23885.0,51012697.0,4.01,21.88,21.01,21.6,21.7,1.05,1.74,219.0,2.01,2879920436.0,2879920436.0,-0.1,-0.14,-2.64,3.5
4817,601519,大智慧,10.54,-3.13,-0.34,220357.0,233647991.0,1.93,10.73,10.52,10.72,10.88,0.97,1.11,-476.22,15.69,20965746400.0,20965746400.0,-0.09,0.0,-28.64,-18.1
4818,300851,交大思诺,28.48,-3.13,-0.92,12742.0,36734615.83,3.5,29.41,28.38,29.41,29.4,0.84,2.35,79.79,1.93,2475863232.0,1541053512.0,-0.38,-0.35,4.06,6.31
4819,002330,得利斯,4.64,-3.13,-0.15,129358.0,60713367.0,3.76,4.81,4.63,4.77,4.79,0.96,2.04,409.14,1.29,2947862946.0,2947229238.0,-0.43,-0.22,-6.07,-4.13
4820,300969,恒帅股份,119.52,-3.14,-3.87,14169.0,170540362.33,3.05,122.99,119.23,122.16,123.39,0.86,2.8,77.79,9.69,13386853257.0,6058180637.0,-0.07,0.03,-8.32,-3.38
4821,605500,森林包装,8.64,-3.14,-0.28,42854.0,37315537.0,4.26,8.96,8.58,8.91,8.92,0.87,1.03,88.86,1.4,3580416000.0,3580416000.0,-0.12,-0.12,-3.46,-3.46
4822,000797,中国武夷,2.78,-3.14,-0.09,286683.0,80035233.0,3.14,2.85,2.76,2.84,2.87,0.77,1.83,-9.69,0.92,4366696723.0,4366191464.0,0.0,0.0,-27.98,-29.26
4823,300844,山水比德,33.29,-3.14,-1.08,9158.0,30509987.8,4.45,34.34,32.81,34.34,34.37,1.31,1.02,-62.01,4.23,3102990195.0,2997427605.0,-0.72,-0.3,-11.74,-6.2
4824,600916,中国黄金,9.25,-3.14,-0.3,462364.0,425822080.0,3.04,9.39,9.1,9.39,9.55,1.39,2.75,34.8,2.16,15540000000.0,15540000000.0,-0.11,0.11,12.8,13.5
4825,300896,爱美客,113.33,-3.14,-3.67,21508.0,245755574.05,2.37,116.08,113.31,116.06,117.0,0.92,1.05,26.56,4.52,34292758273.0,23170468776.0,-0.01,-0.04,-22.64,-20.03
4826,001268,联合精密,29.29,-3.14,-0.95,9022.0,26682579.0,3.34,30.24,29.23,30.24,30.24,0.92,1.43,39.82,3.08,3161367353.0,1843317353.0,0.03,0.0,-16.29,-17.56
4827,688680,海优新材,48.19,-3.14,-1.56,28211.0,136280628.0,4.76,49.9,47.53,49.9,49.75,0.78,2.89,-9.78,3.58,4701944466.0,4701944466.0,0.02,0.21,21.6,25.99
4828,000980,众泰汽车,2.16,-3.14,-0.07,1128682.0,245084525.99,4.04,2.23,2.14,2.2,2.23,0.78,2.24,-36.69,865.62,10891903116.0,10867799534.0,0.0,0.0,-41.14,-38.81
4829,000796,凯撒旅业,5.24,-3.14,-0.17,397716.0,209665353.37,2.77,5.37,5.22,5.33,5.41,1.07,2.99,-235.39,10.13,8403853920.0,6973218084.0,0.0,0.19,-21.79,-27.22
4830,301060,兰卫医学,9.84,-3.15,-0.32,61116.0,60956332.0,4.23,10.23,9.8,10.14,10.16,0.99,1.7,-4426.58,2.5,3941087280.0,3544216041.0,0.0,0.0,-4.19,6.38
4831,300468,四方精创,30.1,-3.15,-0.98,267489.0,809570800.99,2.73,30.79,29.94,30.57,31.08,0.75,5.05,214.97,9.72,15972543178.0,15947200242.0,-0.07,-0.03,-18.38,-22.48
4832,300503,昊志机电,53.22,-3.15,-1.73,105448.0,563070564.54,3.6,54.39,52.41,53.5,54.95,0.63,4.38,101.19,12.2,16403829498.0,12824694769.0,-0.04,0.06,-14.04,-16.48
4833,002370,亚太药业,7.39,-3.15,-0.24,964752.0,727681913.73,8.52,7.98,7.33,7.65,7.63,0.79,12.94,42.52,4.91,5510483047.0,5510483047.0,0.0,-0.27,-2.64,1.09
4834,603779,威龙股份,6.14,-3.15,-0.2,72357.0,44878427.0,3.79,6.37,6.13,6.34,6.34,0.9,2.18,-132.41,3.73,2038988110.0,2038988110.0,-0.49,-0.65,-5.1,-4.66
4835,300996,普联软件,16.31,-3.15,-0.53,116545.0,191454147.75,3.44,16.84,16.26,16.84,16.84,0.86,4.93,62.34,3.5,4612077343.0,3857956701.0,-0.18,-0.18,-4.12,-1.39
4836,301503,智迪科技,35.66,-3.15,-1.16,8420.0,30194246.0,3.01,36.52,35.41,36.52,36.82,0.79,2.59,27.76,2.68,2852800000.0,1158236800.0,0.0,-0.25,-2.99,-1.11
4837,920407,驰诚股份,18.37,-3.16,-0.6,10787.0,20089047.51,2.79,18.9,18.37,18.9,18.97,0.63,3.1,83.58,5.74,1568504080.0,638557641.0,-0.16,-0.7,-28.19,-26.78
4838,688068,热景生物,120.18,-3.16,-3.92,35986.0,443680437.0,7.41,128.4,119.21,124.98,124.1,0.89,3.88,-52.93,4.47,11141640229.0,11141640229.0,0.11,-0.07,-30.33,-25.81
4839,688626,翔宇医疗,57.7,-3.16,-1.88,17939.0,104111284.0,2.58,59.14,57.6,58.8,59.58,0.79,1.12,117.31,4.46,9232000000.0,9232000000.0,0.0,-0.03,-33.77,-4.63
4840,688198,佰仁医疗,95.15,-3.16,-3.1,4693.0,44901515.0,3.23,97.99,94.82,97.99,98.25,1.1,0.34,63.86,10.42,13106734855.0,13106734855.0,0.0,0.04,-13.53,-11.08
4841,300278,华昌达,4.59,-3.16,-0.15,173951.0,80443353.28,2.53,4.7,4.58,4.69,4.74,1.06,1.23,408.51,3.68,6489739072.0,6469353376.0,0.0,-0.22,-24.63,-24.75
4842,300405,科隆股份,6.13,-3.16,-0.2,73837.0,45678222.0,3.95,6.33,6.08,6.28,6.33,0.72,3.37,-44.9,4.16,1743204473.0,1341412569.0,0.49,0.66,-5.4,-3.92
4843,920634,新威凌,19.84,-3.17,-0.65,8801.0,17629442.11,3.37,20.45,19.76,20.24,20.49,1.15,2.17,71.49,4.39,1267949917.0,804070064.0,0.35,-0.2,-23.52,-18.12
4844,600873,梅花生物,11.0,-3.17,-0.36,516347.0,572083544.0,2.99,11.3,10.96,11.29,11.36,1.48,1.84,7.65,1.91,30846658150.0,30846658150.0,-0.09,-0.09,7.0,8.59
4845,300942,易瑞生物,8.26,-3.17,-0.27,51606.0,42956568.0,3.87,8.54,8.21,8.49,8.53,0.86,1.27,139.23,3.96,3345868916.0,3345868916.0,0.12,0.24,-15.8,-12.22
4846,688619,罗普特,14.68,-3.17,-0.48,24827.0,36727887.0,3.36,15.11,14.6,15.11,15.16,0.89,1.34,-12.24,4.03,2722230457.0,2722230457.0,-0.27,-0.47,4.34,7.94
4847,300133,华策影视,7.34,-3.17,-0.24,525949.0,388169124.33,2.11,7.48,7.32,7.43,7.58,1.18,3.26,59.36,1.91,13859909001.0,11833760133.0,-0.14,-0.14,-12.1,-11.78
4848,000952,广济药业,7.03,-3.17,-0.23,102565.0,72839992.0,4.41,7.31,6.99,7.12,7.26,1.14,2.98,-18.79,2.52,2437654883.0,2418278066.0,-0.14,0.0,-11.79,0.0
4849,003030,祖名股份,20.13,-3.17,-0.66,12900.0,26112324.42,3.61,20.75,20.0,20.6,20.79,0.82,1.62,58.57,2.47,2511821400.0,1598037161.0,0.1,0.15,0.4,-0.3
4850,300148,天舟文化,4.28,-3.17,-0.14,279120.0,120548950.28,2.71,4.4,4.28,4.38,4.42,1.04,3.43,48.35,3.5,3607095588.0,3484715635.0,-0.23,-0.23,-4.25,-2.51
4851,002891,中宠股份,38.46,-3.17,-1.26,91110.0,352625161.22,3.27,39.3,38.0,39.27,39.72,0.85,2.85,27.66,4.05,12293094141.0,12293094141.0,-0.13,0.0,-26.88,-25.7
4852,688608,恒玄科技,166.01,-3.18,-5.45,34652.0,578556135.0,2.03,168.98,165.5,168.04,171.46,1.02,2.05,47.15,3.97,28004846947.0,28004846947.0,-0.11,-0.19,-31.55,-26.85
4853,301273,瑞晨环保,29.87,-3.18,-0.98,16587.0,49991044.0,6.65,31.65,29.6,31.06,30.85,1.4,3.02,-41.3,2.32,2139940327.0,1642436808.0,-0.03,0.34,12.63,12.76
4854,300536,农尚环境,7.92,-3.18,-0.26,63211.0,50549166.0,3.67,8.18,7.88,8.18,8.18,0.98,2.16,-22.77,5.19,2322842013.0,2322673618.0,0.0,0.13,2.33,9.24
4855,600794,保税科技,3.65,-3.18,-0.12,206145.0,75493042.0,2.65,3.72,3.62,3.72,3.77,1.37,1.72,56.05,1.67,4380555373.0,4380555373.0,0.0,0.55,-7.12,-6.41
4856,603882,金域医学,26.22,-3.18,-0.86,53106.0,140429303.0,2.92,26.95,26.16,26.95,27.08,1.19,1.15,-114.43,1.78,12146631971.0,12064728609.0,0.0,0.11,-11.0,-4.59
4857,000710,贝瑞基因,10.35,-3.18,-0.34,90306.0,94502698.0,3.84,10.71,10.3,10.6,10.69,0.7,2.74,-52.21,2.26,3658947163.0,3410634703.0,0.1,0.19,-13.61,-8.33
4858,301520,万邦医药,42.6,-3.18,-1.4,11226.0,48202195.5,4.16,44.13,42.3,43.78,44.0,0.68,5.01,64.33,1.88,2840000014.0,955219459.0,0.12,0.12,4.26,7.22
4859,920579,机科股份,17.36,-3.18,-0.57,9456.0,16596152.59,2.73,17.83,17.34,17.83,17.93,0.97,2.12,-59.09,4.68,2247772800.0,773811931.0,0.0,-0.17,-33.79,-33.51
4860,300359,全通教育,4.87,-3.18,-0.16,79174.0,38845496.0,2.78,5.0,4.86,5.0,5.03,1.04,1.25,-41.32,5.62,3084333765.0,3084179264.0,-0.2,-0.41,-10.48,-9.14
4861,600988,赤峰黄金,45.85,-3.19,-1.51,523779.0,2410689304.0,2.34,46.6,45.49,45.5,47.36,0.75,3.15,28.27,6.5,87133852511.0,76290336681.0,-0.04,-0.09,43.24,46.77
4862,600463,空港股份,9.72,-3.19,-0.32,26299.0,25789422.0,3.19,10.01,9.69,9.99,10.04,0.59,0.88,-34.36,3.17,2916000000.0,2916000000.0,-0.82,-0.41,-13.37,-14.13
4863,688599,天合光能,15.78,-3.19,-0.52,300894.0,477849183.0,1.84,16.05,15.75,16.02,16.3,0.79,1.28,-5.29,1.68,36965718085.0,36965718085.0,-0.13,-0.25,-9.78,-4.65
4864,301345,涛涛车业,222.2,-3.19,-7.31,16809.0,375115910.72,3.66,228.5,220.11,227.0,229.51,0.99,4.8,29.68,6.69,24230703576.0,7783609561.0,0.0,0.08,-8.9,-11.59
4865,600556,天下秀,6.07,-3.19,-0.2,552102.0,336833556.0,2.07,6.19,6.06,6.15,6.27,1.26,3.05,355.5,2.86,10973028187.0,10973028187.0,0.0,0.0,-13.41,0.0
4866,600981,苏豪汇鸿,3.03,-3.19,-0.1,205902.0,63000516.0,3.19,3.12,3.02,3.11,3.13,0.96,0.92,98.22,1.34,6794572572.0,6794572572.0,0.0,0.0,-5.31,-3.5
4867,300075,数字政通,12.45,-3.19,-0.41,72359.0,90999618.68,2.72,12.8,12.45,12.73,12.86,0.95,1.4,-111.1,2.22,7733070467.0,6417209026.0,-0.16,-0.16,-19.88,-18.84
4868,300497,富祥药业,18.23,-3.19,-0.6,520338.0,954316763.5,5.05,18.98,18.03,18.9,18.83,0.72,11.8,-185.04,4.49,9819570067.0,8036562184.0,0.05,0.05,14.51,20.65
4869,000927,中国铁物,3.03,-3.19,-0.1,1607689.0,491871375.2,3.83,3.14,3.02,3.09,3.13,0.56,2.66,31.83,1.88,18332571532.0,18332562260.0,0.0,0.0,13.91,16.09
4870,603156,养元饮品,30.91,-3.19,-1.02,62780.0,195901733.0,4.38,32.16,30.76,31.73,31.93,1.1,0.5,26.11,4.33,38955179565.0,38955179565.0,0.06,0.16,8.15,7.51
4871,300132,青松股份,8.49,-3.19,-0.28,168820.0,143813987.0,5.13,8.78,8.33,8.78,8.77,1.44,3.32,29.7,3.11,4385771722.0,4313610101.0,0.0,0.0,0.24,-2.53
4872,920415,恒拓开源,12.41,-3.2,-0.41,16068.0,20138100.48,2.73,12.75,12.4,12.7,12.82,1.11,1.48,70.28,3.13,1743747554.0,1343150967.0,-0.08,-0.24,-15.75,-11.92
4873,300533,冰川网络,28.12,-3.2,-0.93,53728.0,152023894.25,2.48,28.8,28.08,28.64,29.05,0.93,3.26,13.76,4.32,6593070596.0,4639225396.0,-0.07,0.0,-21.65,-19.03
4874,920118,太湖远大,20.6,-3.2,-0.68,3245.0,6759913.91,3.57,21.26,20.5,21.24,21.28,0.98,1.04,40.15,1.85,1048457600.0,645585460.0,0.24,0.0,-10.9,-8.49
4875,300288,朗玛信息,12.42,-3.2,-0.41,48027.0,60123174.0,3.12,12.78,12.38,12.75,12.83,1.38,1.87,233.06,3.86,4197232213.0,3186591836.0,0.0,0.16,-10.2,-7.73
4876,300371,汇中股份,12.41,-3.2,-0.41,29621.0,36979787.4,3.82,12.8,12.31,12.8,12.82,0.91,2.2,37.72,2.14,2497106643.0,1668032828.0,-0.08,0.08,-2.13,-1.27
4877,000987,越秀资本,8.18,-3.2,-0.27,508112.0,418345647.25,2.96,8.41,8.16,8.36,8.45,0.75,1.01,11.66,1.28,41040143539.0,41009159139.0,-0.12,0.0,-9.01,0.49
4878,603718,海利生物,4.52,-3.21,-0.15,134135.0,61239954.0,4.5,4.69,4.48,4.67,4.67,1.16,2.07,108.71,1.93,2946609244.0,2933388244.0,0.22,0.0,-29.92,-25.9
4879,002955,鸿合科技,25.66,-3.21,-0.85,24088.0,62454121.54,3.24,26.46,25.6,26.32,26.51,1.21,1.23,117.3,1.87,6072180142.0,5020298222.0,-0.08,-0.19,-14.81,-15.23
4880,002172,澳洋健康,3.92,-3.21,-0.13,167754.0,66414501.0,3.7,4.05,3.9,4.01,4.05,0.97,2.19,72.69,17.06,3001670851.0,2999351662.0,0.0,-0.25,-5.31,-1.26
4881,300143,盈康生命,12.37,-3.21,-0.41,207611.0,258241986.37,3.76,12.75,12.27,12.61,12.78,0.73,3.24,135.26,3.69,9270716341.0,7932356871.0,-0.08,-0.24,9.86,25.2
4882,601155,新城控股,13.88,-3.21,-0.46,121287.0,169535787.0,3.63,14.35,13.83,14.23,14.34,0.96,0.54,46.03,0.51,31308045241.0,31308045241.0,-0.29,-0.29,-6.22,-0.5
4883,300315,掌趣科技,4.82,-3.21,-0.16,667341.0,323626523.85,2.41,4.92,4.8,4.91,4.98,1.08,2.58,127.85,2.64,13050685034.0,12450193307.0,-0.21,-0.21,-6.95,-2.43
4884,301378,通达海,31.64,-3.21,-1.05,18395.0,58381883.3,3.24,32.49,31.43,32.49,32.69,1.1,4.01,-45.43,2.34,3056424000.0,1452735761.0,0.0,0.19,9.03,11.41
4885,688698,伟创电气,67.1,-3.22,-2.23,38054.0,257111498.0,2.18,68.49,66.98,68.49,69.33,0.93,1.78,53.51,6.1,14360928135.0,14360928135.0,-0.09,-0.22,-29.96,-32.14
4886,301103,何氏眼科,19.26,-3.22,-0.64,22164.0,43188093.8,4.22,20.0,19.16,19.88,19.9,1.15,1.4,41.96,1.59,3043589831.0,3043589831.0,-0.16,-0.05,-3.99,-1.83
4887,300832,新产业,46.36,-3.22,-1.54,35777.0,166369191.46,3.44,47.64,45.99,47.64,47.9,1.0,0.52,22.68,4.17,36425922873.0,31669548113.0,-0.02,0.06,-22.08,-17.58
4888,600809,山西汾酒,139.31,-3.22,-4.63,77776.0,1089140789.0,3.21,143.1,138.48,143.1,143.94,1.74,0.64,11.18,4.38,169953215767.0,169953215767.0,0.01,-0.03,-22.21,-18.86
4889,000558,天府文旅,4.49,-3.23,-0.15,268880.0,121541390.0,3.23,4.62,4.47,4.6,4.64,1.13,2.09,-235.34,5.52,5788615531.0,5786193890.0,0.0,0.0,-12.98,-12.82
4890,920163,方大新材,12.29,-3.23,-0.41,5200.0,6478980.54,4.17,12.82,12.29,12.82,12.7,0.82,0.87,35.64,3.16,1581909316.0,738530496.0,-0.08,-0.41,-17.24,-15.07
4891,300869,康泰医学,13.18,-3.23,-0.44,36770.0,48955774.26,3.45,13.61,13.14,13.55,13.62,1.01,1.39,422.54,3.05,5295767850.0,3481348422.0,0.0,0.0,-16.48,-12.13
4892,603026,石大胜华,77.42,-3.23,-2.58,167098.0,1308418443.0,6.25,81.0,76.0,80.17,80.0,0.91,7.18,1133.17,3.67,18015712504.0,18015712504.0,0.03,-0.04,-2.37,3.49
4893,301390,经纬股份,37.7,-3.23,-1.26,8594.0,32664775.0,3.62,38.94,37.53,38.88,38.96,0.87,2.8,108.15,2.37,2262000000.0,1156482184.0,0.03,-0.13,10.82,13.04
4894,300381,溢多利,6.3,-3.23,-0.21,94793.0,60524308.0,4.45,6.57,6.28,6.48,6.51,0.84,1.94,127.46,1.2,3093687204.0,3082846876.0,-0.32,-0.32,-7.49,-3.37
4895,002827,高争民爆,32.66,-3.23,-1.09,30576.0,100528579.0,3.64,33.75,32.52,33.75,33.75,0.83,1.11,45.7,8.48,9048322360.0,9014118359.0,0.03,-0.03,-15.17,-13.44
4896,000779,甘咨询,8.68,-3.23,-0.29,68777.0,60165543.38,3.34,8.95,8.65,8.93,8.97,1.13,1.48,19.19,1.02,4034719643.0,4034244761.0,0.0,0.0,3.21,5.72
4897,688317,之江生物,21.88,-3.23,-0.73,65727.0,147179790.0,5.97,23.2,21.85,22.3,22.61,1.02,3.42,-122.56,1.26,4204417018.0,4204417018.0,0.14,0.09,4.59,8.48
4898,603248,锡华科技,30.0,-3.23,-1.0,155449.0,461282866.0,3.42,30.11,29.05,30.02,31.0,0.74,22.43,64.06,8.04,13800000000.0,2079267540.0,0.03,0.13,34.53,36.55
4899,002858,力盛体育,14.95,-3.24,-0.5,78442.0,118711353.0,3.43,15.44,14.91,15.3,15.45,0.56,5.34,83.47,4.5,2450601578.0,2197327648.0,-0.27,-0.27,-3.92,-0.33
4900,002155,湖南黄金,31.03,-3.24,-1.04,832060.0,2574070539.18,3.09,31.46,30.47,30.88,32.07,1.22,5.33,32.59,5.97,48489070335.0,48484713444.0,0.0,0.1,39.84,47.13
4901,688399,硕世生物,51.67,-3.24,-1.73,10587.0,55013710.0,3.78,53.38,51.36,53.16,53.4,1.2,1.26,-109.13,1.48,4333651824.0,4333651824.0,-0.06,-0.25,-23.87,-24.57
4902,002354,天娱数科,5.68,-3.24,-0.19,503904.0,288271436.38,2.21,5.8,5.67,5.77,5.87,1.15,3.1,165.06,7.32,9398047458.0,9235289665.0,-0.18,0.0,-16.1,-10.83
4903,000415,渤海租赁,4.48,-3.24,-0.15,803101.0,360890992.96,2.38,4.56,4.45,4.53,4.63,1.13,1.49,-15.14,0.96,27706655343.0,24160441684.0,0.0,0.0,9.0,10.62
4904,001225,和泰机电,48.16,-3.25,-1.62,12243.0,59367093.0,3.9,49.95,48.01,49.95,49.78,0.8,5.82,93.02,2.29,3172145088.0,1013227308.0,0.0,-0.06,-30.38,-15.76
4905,002855,捷荣技术,11.61,-3.25,-0.39,33095.0,38756222.0,3.33,11.97,11.57,11.9,12.0,0.87,1.34,-7.58,8.75,2860932508.0,2858698164.0,-0.09,0.0,-31.22,-29.12
4906,601929,吉视传媒,2.98,-3.25,-0.1,949902.0,284368220.0,2.6,3.05,2.97,3.01,3.08,1.18,2.72,-22.51,2.08,10399568741.0,10399568741.0,0.0,0.0,-18.36,-13.37
4907,002697,红旗连锁,5.36,-3.25,-0.18,238068.0,129147434.52,3.25,5.53,5.35,5.5,5.54,1.53,2.08,15.17,1.52,7289600000.0,6139023740.0,-0.19,-0.19,-10.96,-9.76
4908,603200,上海洗霸,56.1,-3.26,-1.89,60874.0,344347659.0,2.78,57.6,55.99,57.34,57.99,1.3,3.47,61.81,9.07,9844433778.0,9844433778.0,0.14,-0.14,-27.77,-21.14
4909,001326,联域股份,53.1,-3.26,-1.79,13924.0,74875606.04,7.11,56.7,52.8,54.54,54.89,1.39,5.78,149.24,3.2,3886920000.0,1279886770.0,-0.36,0.19,14.44,12.45
4910,300002,神州泰岳,9.49,-3.26,-0.32,337470.0,322645782.49,2.24,9.7,9.48,9.66,9.81,1.14,1.83,23.39,2.44,18668479988.0,17528518355.0,0.0,0.11,-19.44,-17.62
4911,688139,海尔生物,30.55,-3.26,-1.03,24581.0,76134861.0,3.2,31.56,30.55,31.41,31.58,0.94,0.78,38.56,2.22,9668858767.0,9668858767.0,-0.16,-0.16,-5.68,-3.87
4912,600376,首开股份,4.75,-3.26,-0.16,441420.0,210382788.0,2.24,4.85,4.74,4.85,4.91,0.73,1.71,-2.96,1.88,12252934900.0,12252934900.0,-0.21,-0.21,-24.84,-28.14
4913,301005,超捷股份,149.94,-3.26,-5.05,75088.0,1132166908.56,3.41,153.9,148.61,150.5,154.99,0.73,5.67,531.1,26.17,20131095989.0,19847645665.0,0.0,-0.21,-9.57,-3.43
4914,603392,万泰生物,38.76,-3.27,-1.31,41071.0,160406477.0,3.59,40.06,38.62,40.05,40.07,1.48,0.32,-211.94,4.06,49007865083.0,49007865083.0,0.0,0.03,-16.3,-13.75
4915,920119,美德乐,83.8,-3.27,-2.83,4957.0,41816169.85,2.09,85.49,83.68,85.11,86.63,1.12,2.61,22.27,3.66,6043929775.0,1590253075.0,-0.01,-0.25,100.1,100.1
4916,920128,胜业电气,24.26,-3.27,-0.82,4391.0,10778897.84,3.15,25.02,24.23,24.53,25.08,1.22,1.15,100.12,3.81,1969669400.0,927581100.0,0.04,-0.04,-17.85,-13.05
4917,920171,志晟信息,20.4,-3.27,-0.69,116432.0,251897888.0,11.76,22.88,20.4,21.09,21.09,3.74,17.22,426.96,9.36,2044757994.0,1379692392.0,-1.31,-1.07,-17.94,-12.82
4918,002321,华英农业,2.07,-3.27,-0.07,297669.0,62356501.07,4.21,2.15,2.06,2.12,2.14,0.92,1.4,-102.74,4.75,4415082447.0,4397119014.0,-0.48,-0.48,-13.39,-10.0
4919,920029,开发科技,82.8,-3.27,-2.8,7400.0,61561091.21,4.21,85.39,81.79,84.9,85.6,1.25,1.92,16.27,3.08,11499816028.0,3186696028.0,0.0,-0.16,-11.2,-9.69
4920,002677,浙江美大,7.7,-3.27,-0.26,73287.0,56649754.22,4.15,7.96,7.63,7.92,7.96,1.7,1.37,208.5,3.37,4974597682.0,4118504536.0,-0.13,-0.13,-11.09,-7.78
4921,603908,牧高笛,22.5,-3.27,-0.76,12840.0,29240616.0,3.57,23.33,22.5,23.33,23.26,0.8,1.38,42.88,3.91,2095357230.0,2095357230.0,-0.44,-0.71,-4.66,-3.64
4922,920689,克莱特,27.16,-3.28,-0.92,7699.0,21113913.06,2.74,27.87,27.1,27.75,28.08,0.78,2.03,36.28,4.04,1993544000.0,1030195558.0,-0.15,-0.22,-14.73,-11.7
4923,688165,埃夫特-U,16.53,-3.28,-0.56,50144.0,83597511.0,2.22,16.9,16.52,16.9,17.09,0.88,0.96,-17.28,7.09,8625023400.0,8625023400.0,-0.12,-0.06,-28.5,-30.43
4924,002686,亿利达,7.37,-3.28,-0.25,369411.0,271681331.5,4.46,7.57,7.23,7.5,7.62,0.9,7.07,86.96,2.54,4173182410.0,3852539321.0,-0.81,-0.41,11.33,12.69
4925,002679,福建金森,10.63,-3.28,-0.36,40517.0,43351879.0,4.0,10.99,10.55,10.85,10.99,0.75,1.72,-79.5,3.42,2506086280.0,2506086280.0,0.0,0.09,-8.99,-9.61
4926,000546,金圆股份,6.19,-3.28,-0.21,318801.0,197865219.52,4.53,6.35,6.06,6.33,6.4,0.62,4.58,-35.45,1.19,4813642742.0,4312605225.0,-0.16,-0.16,-8.43,-2.98
4927,300295,三六五网,9.45,-3.28,-0.32,66180.0,62811207.11,3.38,9.73,9.4,9.72,9.77,1.29,3.95,-202.59,1.59,1791849597.0,1583119642.0,-0.11,-0.11,-27.48,-24.58
4928,301208,中亦科技,33.32,-3.28,-1.13,12420.0,41692074.68,3.34,34.32,33.17,34.02,34.45,1.07,1.88,93.0,2.6,3998401999.0,2201521039.0,-0.09,-0.03,-15.41,-16.03
4929,300269,联建光电,7.38,-3.28,-0.25,307125.0,227888387.0,3.54,7.56,7.29,7.51,7.63,1.1,5.84,166.68,37.71,4052460029.0,3879515470.0,-0.14,-0.27,-10.0,12.5
4930,300674,宇信科技,20.27,-3.29,-0.69,147654.0,301505955.22,1.81,20.63,20.25,20.63,20.96,1.23,2.1,33.05,3.13,14271236606.0,14250051618.0,0.0,0.1,-15.75,-16.45
4931,300003,乐普医疗,16.19,-3.29,-0.55,255576.0,418232270.01,3.46,16.74,16.16,16.6,16.74,1.05,1.62,22.79,1.92,29845046152.0,25562586154.0,-0.06,0.06,-17.02,2.4
4932,688579,地纬智能,10.28,-3.29,-0.35,44373.0,46001395.0,3.48,10.6,10.23,10.55,10.63,1.07,1.11,68.45,2.93,4112102800.0,4112102800.0,-0.1,0.0,-7.05,-4.64
4933,300451,创业慧康,4.69,-3.3,-0.16,287362.0,135693531.82,2.89,4.81,4.67,4.8,4.85,1.12,1.88,-44.58,1.69,7265394805.0,7160193781.0,-0.21,-0.21,-10.84,-3.1
4934,002474,榕基软件,7.62,-3.3,-0.26,134387.0,103230413.0,3.17,7.85,7.6,7.81,7.88,1.05,2.53,-109.24,3.47,4741164000.0,4044436501.0,0.0,-0.13,-25.59,-22.72
4935,603367,辰欣药业,15.81,-3.3,-0.54,144921.0,232791165.0,4.71,16.53,15.76,16.21,16.35,0.87,3.2,16.99,1.16,7158042779.0,7158042779.0,-0.06,-0.06,-12.99,-8.72
4936,600400,红豆股份,2.05,-3.3,-0.07,335756.0,69439124.0,3.77,2.12,2.04,2.11,2.12,1.39,1.47,-16.11,2.01,4697312297.0,4697312297.0,-0.49,-0.49,-16.33,-13.87
4937,300106,西部牧业,9.66,-3.3,-0.33,62663.0,61216902.0,4.1,10.02,9.61,9.99,9.99,0.95,2.97,-41.77,5.29,2041470115.0,2041470115.0,-0.21,-0.1,-11.78,-10.14
4938,301535,浙江华远,19.95,-3.3,-0.68,33239.0,66818103.63,4.65,20.86,19.9,20.86,20.63,1.2,1.96,80.6,7.36,8484617654.0,3387432554.0,-0.1,-0.1,-11.65,-8.49
4939,688160,步科股份,104.9,-3.3,-3.58,17603.0,185305895.0,2.48,106.79,104.1,106.54,108.48,1.13,1.94,131.46,7.35,9528298409.0,9528298409.0,-0.01,0.06,-27.2,-31.21
4940,000590,古汉医药,11.4,-3.31,-0.39,61399.0,71014446.05,4.16,11.87,11.38,11.75,11.79,1.27,2.57,-54.04,4.99,2729972444.0,2728687208.0,-0.09,0.0,-2.9,1.69
4941,002599,盛通股份,7.02,-3.31,-0.24,92985.0,65898198.0,2.89,7.22,7.01,7.2,7.26,1.36,2.34,323.33,3.02,3739412105.0,2794007287.0,0.14,0.0,-16.03,-17.8
4942,600867,通化东宝,9.65,-3.31,-0.33,983535.0,963477460.0,6.01,10.2,9.6,9.85,9.98,0.89,5.02,11.79,2.65,18899938300.0,18899938300.0,-0.1,-0.1,14.74,18.12
4943,920261,一诺威,14.02,-3.31,-0.48,16580.0,23561674.97,3.31,14.5,14.02,14.3,14.5,1.2,0.97,21.45,2.48,4081681127.0,2400231010.0,-0.07,0.0,-9.31,-6.72
4944,600503,华丽家族,2.34,-3.31,-0.08,231951.0,54899301.0,3.31,2.42,2.34,2.42,2.42,1.07,1.45,-107.92,1.05,3749358600.0,3749358600.0,-0.85,-0.85,-14.91,-12.69
4945,920641,格利尔,18.11,-3.31,-0.62,16493.0,30099013.75,3.1,18.66,18.08,18.46,18.73,0.77,3.63,153.39,3.91,1359608250.0,822585647.0,-0.11,-0.28,-1.25,-1.25
4946,000681,视觉中国,20.37,-3.32,-0.7,261929.0,536011167.65,2.33,20.79,20.3,20.56,21.07,1.09,3.87,171.88,3.95,14270762371.0,13772870826.0,-0.05,-0.1,-17.56,-14.45
4947,600053,九鼎投资,14.55,-3.32,-0.5,48989.0,71697771.0,2.19,14.87,14.54,14.85,15.05,1.13,1.13,-94.75,2.45,6308018640.0,6308018640.0,-0.21,-0.07,-25.77,-26.77
4948,603069,海汽集团,17.16,-3.32,-0.59,37337.0,64510865.0,3.38,17.72,17.12,17.66,17.75,1.11,1.18,-84.53,6.7,5422560000.0,5422560000.0,-0.17,-0.29,-31.19,-36.8
4949,603385,惠达卫浴,6.41,-3.32,-0.22,42018.0,27335334.0,3.77,6.66,6.41,6.65,6.63,0.95,1.1,120.08,0.65,2440062445.0,2440062445.0,-0.62,-0.77,-5.74,-6.29
4950,002086,东方海洋,2.04,-3.32,-0.07,532843.0,109457661.0,3.32,2.1,2.03,2.1,2.11,1.21,3.37,-28.44,3.01,3996250860.0,3225823515.0,-0.49,-0.49,-13.92,-11.69
4951,002566,益盛药业,7.86,-3.32,-0.27,97864.0,78619957.5,5.04,8.26,7.85,8.16,8.13,1.36,4.22,80.86,1.17,2601279576.0,1821873078.0,-0.38,-0.13,1.81,3.01
4952,300717,华信新材,20.41,-3.32,-0.7,14554.0,30067477.0,3.51,21.08,20.34,21.06,21.11,0.77,1.43,38.55,2.89,2097637750.0,2078827894.0,-0.39,-0.05,6.91,7.76
4953,002149,西部材料,46.59,-3.32,-1.6,389994.0,1825628924.15,2.82,47.47,46.11,47.0,48.19,0.64,7.99,246.33,7.8,22745903026.0,22742408776.0,0.11,0.04,-6.43,2.37
4954,600653,申华控股,1.74,-3.33,-0.06,159997.0,28094466.0,2.78,1.79,1.74,1.79,1.8,0.77,0.82,-28.52,4.63,3386701752.0,3386701752.0,-0.57,0.0,-10.31,-8.42
4955,001358,兴欣新材,26.43,-3.33,-0.91,8903.0,23689459.2,3.77,27.3,26.27,27.3,27.34,0.74,1.79,67.39,2.27,3256176000.0,1313477887.0,-0.53,0.11,1.89,2.4
4956,301127,武汉天源,16.55,-3.33,-0.57,106081.0,176979010.62,3.74,17.15,16.51,17.15,17.12,1.12,1.62,60.81,3.45,11155936566.0,10827681483.0,0.0,0.06,6.57,8.95
4957,600250,南京商旅,13.05,-3.33,-0.45,424859.0,561993956.0,6.15,13.73,12.9,13.5,13.5,0.8,13.58,161.32,6.49,4081927822.0,4081927822.0,-0.23,-0.15,13.87,13.38
4958,300366,ST创意,5.52,-3.33,-0.19,86740.0,48394578.0,2.45,5.65,5.51,5.65,5.71,1.15,1.64,-12.64,2.05,3353820348.0,2928373745.0,-0.18,0.0,-19.88,-18.94
4959,300149,睿智医药,11.28,-3.34,-0.39,580852.0,662757628.68,7.63,11.93,11.04,11.57,11.67,0.76,12.24,594.08,4.48,5617033830.0,5352957490.0,-0.09,0.0,12.35,17.99
4960,920592,华信永道,30.93,-3.34,-1.07,18243.0,57186584.94,3.22,31.95,30.92,31.42,32.0,0.92,3.63,-69.74,7.31,2498989350.0,1555337041.0,-0.13,-0.29,-25.51,-21.44
4961,300580,贝斯特,24.0,-3.34,-0.83,88195.0,213686466.16,2.26,24.51,23.95,24.45,24.83,0.86,1.87,43.36,3.66,12055746288.0,11342219328.0,-0.17,-0.04,-8.05,-8.71
4962,300240,飞力达,6.95,-3.34,-0.24,67986.0,47763398.03,3.2,7.18,6.95,7.13,7.19,1.03,1.87,58.35,1.75,2582362503.0,2525483209.0,0.0,-0.14,-9.39,-7.82
4963,300792,壹网壹创,35.06,-3.34,-1.21,84899.0,297953142.7,2.76,35.73,34.73,35.6,36.27,1.01,3.99,77.23,2.83,8307212114.0,7451430575.0,-0.09,-0.2,18.49,23.84
4964,300768,迪普科技,15.58,-3.35,-0.54,46954.0,73853850.41,2.67,16.01,15.58,16.01,16.12,1.19,1.12,80.38,2.95,10030856428.0,6554002906.0,-0.13,-0.38,-19.15,-15.92
4965,301262,海看股份,23.1,-3.35,-0.8,47903.0,111078007.03,2.89,23.7,23.01,23.6,23.9,1.32,3.92,22.64,2.51,9632700000.0,2819941555.0,-0.17,0.0,-7.6,-5.21
4966,600082,海泰发展,3.46,-3.35,-0.12,168066.0,58807795.0,3.91,3.58,3.44,3.58,3.58,0.77,2.65,692.26,1.26,2235560758.0,2194800526.0,-0.57,-0.57,-15.4,-14.78
4967,000813,德展健康,3.46,-3.35,-0.12,326069.0,114688618.57,4.19,3.61,3.46,3.56,3.58,0.95,1.56,-89.18,1.46,7255985168.0,7254791468.0,0.0,-0.57,-11.96,-9.9
4968,300894,火星人,9.82,-3.35,-0.34,42509.0,42126942.96,2.85,10.11,9.82,10.05,10.16,1.19,1.45,-13.71,3.64,3989690173.0,2887780117.0,-0.1,-0.2,-20.1,-16.71
4969,920694,中裕科技,17.26,-3.36,-0.6,7435.0,12953831.06,2.69,17.71,17.23,17.68,17.86,0.83,1.19,25.36,2.57,2279847096.0,1078585012.0,0.0,-0.23,-13.61,-11.71
4970,002716,湖南白银,12.07,-3.36,-0.42,1961387.0,2360227790.79,3.44,12.25,11.82,12.06,12.49,1.32,8.44,100.17,9.64,34074679957.0,28060990556.0,0.0,0.0,49.75,74.42
4971,600819,耀皮玻璃,6.9,-3.36,-0.24,60307.0,41957455.0,3.5,7.13,6.88,7.13,7.14,0.79,0.81,49.7,1.75,6739623804.0,5157170862.0,-0.14,-0.14,-17.86,-14.6
4972,688758,赛分科技,19.29,-3.36,-0.67,30575.0,59636831.0,4.46,20.09,19.2,20.05,19.96,0.74,1.03,63.56,5.94,8033592180.0,5751963033.0,0.42,0.21,5.01,8.8
4973,920027,交大铁发,18.13,-3.36,-0.63,23050.0,42246230.2,2.61,18.6,18.11,18.52,18.76,0.57,5.46,32.61,3.14,1435959455.0,765149455.0,-0.44,-0.49,-19.39,-15.2
4974,603888,新华网,19.85,-3.36,-0.69,120168.0,240198909.0,2.19,20.26,19.81,20.26,20.54,1.52,1.78,49.38,3.64,13393552635.0,13393552635.0,0.05,0.05,-3.83,2.16
4975,002494,华斯股份,5.17,-3.36,-0.18,118498.0,61672433.36,3.93,5.33,5.12,5.31,5.35,0.77,4.13,-331.81,1.59,1950696412.0,1482603164.0,0.19,0.19,-4.08,-4.08
4976,300535,达威股份,19.3,-3.36,-0.67,21861.0,42557310.0,4.11,19.97,19.15,19.97,19.97,0.78,2.69,58.15,2.14,2065483356.0,1566408188.0,0.21,-0.05,6.63,8.06
4977,603716,塞力医疗,22.72,-3.36,-0.79,216022.0,494702479.0,4.68,23.61,22.51,23.39,23.51,0.6,9.91,-42.59,4.51,4954846601.0,4954846601.0,-0.04,-0.22,-8.64,10.56
4978,002672,东江环保,4.3,-3.37,-0.15,88699.0,38498734.64,4.72,4.48,4.27,4.43,4.45,0.58,0.98,-3.86,2.0,4752599949.0,3892008699.0,0.23,0.23,-10.42,-6.93
4979,600815,厦工股份,3.73,-3.37,-0.13,933767.0,351853399.0,5.18,3.9,3.7,3.86,3.86,0.98,5.26,-789.63,4.36,6617372410.0,6617372410.0,0.0,0.0,10.03,8.12
4980,000607,华媒控股,4.02,-3.37,-0.14,166412.0,67851660.87,4.57,4.2,4.01,4.14,4.16,1.05,1.88,-52.84,2.64,4091147608.0,3557834445.0,-0.25,-0.25,-5.85,-3.13
4981,920273,一致魔芋,21.24,-3.37,-0.74,9872.0,21169908.22,2.78,21.77,21.16,21.69,21.98,0.88,1.44,32.84,3.28,2191349619.0,1458565371.0,0.33,0.24,-36.37,-34.63
4982,300238,冠昊生物,15.2,-3.37,-0.53,72443.0,110897179.28,3.37,15.63,15.1,15.56,15.73,0.68,2.73,165.55,7.07,4030366655.0,4030038046.0,0.0,0.26,-11.53,9.75
4983,300248,新开普,10.31,-3.37,-0.36,82331.0,85325767.28,3.37,10.56,10.2,10.54,10.67,1.16,2.01,-880.08,2.31,4911151932.0,4217956154.0,0.1,0.1,-17.65,-16.92
4984,688339,亿华通-U,23.53,-3.37,-0.82,39005.0,92231116.0,3.61,24.24,23.36,24.24,24.35,0.69,1.99,-9.01,2.81,5659719866.0,4606870910.0,-0.42,-0.38,-17.64,-12.72
4985,300261,雅本化学,6.31,-3.37,-0.22,131015.0,83541768.0,3.52,6.52,6.29,6.49,6.53,0.98,1.4,-659.14,3.03,6078482762.0,5907253296.0,0.16,0.0,-9.86,-6.24
4986,000016,深康佳Ａ,3.15,-3.37,-0.11,302357.0,95825461.0,3.37,3.24,3.13,3.23,3.26,0.44,1.89,-5.8,5.99,7585028035.0,5029270470.0,0.32,0.32,-38.72,-36.62
4987,301230,泓博医药,40.33,-3.38,-1.41,92636.0,377048302.47,4.65,42.04,40.1,41.0,41.74,0.57,7.37,121.5,5.49,5629527780.0,5066086424.0,0.0,0.0,26.86,35.47
4988,301479,弘景光电,97.39,-3.38,-3.41,34217.0,338984901.62,4.51,101.65,97.1,98.96,100.8,1.03,6.72,44.93,6.76,8664333781.0,4959997028.0,-0.1,0.11,8.88,11.92
4989,300152,ST新动力,2.29,-3.38,-0.08,208801.0,48265568.0,3.38,2.36,2.28,2.35,2.37,1.05,2.93,-169.28,6.93,1632312000.0,1631896193.0,0.0,0.0,3.15,7.01
4990,301320,豪江智能,16.85,-3.38,-0.59,24630.0,42069794.0,3.78,17.48,16.82,17.46,17.44,0.95,3.61,127.41,2.89,3066868500.0,1149324599.0,-0.12,-0.12,-3.77,-0.71
4991,920160,北矿检测,22.03,-3.38,-0.77,6954.0,15494485.03,2.76,22.62,21.99,22.6,22.8,1.1,2.73,32.32,4.68,2495558400.0,561500640.0,0.0,0.09,-16.33,-14.68
4992,603000,人民网,19.66,-3.39,-0.69,215710.0,427679829.0,2.21,20.11,19.66,19.88,20.35,1.15,1.95,484.61,5.92,21737886161.0,21737886161.0,0.0,-0.15,-1.21,3.2
4993,688433,华曙高科,74.75,-3.39,-2.62,36372.0,272620255.0,4.29,77.28,73.96,77.0,77.37,1.2,1.8,448.65,14.97,30959117800.0,15107297920.0,0.15,0.05,-3.75,12.97
4994,000877,天山股份,4.85,-3.39,-0.17,152329.0,74421599.0,2.59,4.98,4.85,4.96,5.02,1.44,0.21,-4.73,0.46,34485884716.0,34485877441.0,-0.21,-0.21,-10.68,-8.83
4995,301446,福事特,37.6,-3.39,-1.32,7473.0,28429222.0,3.55,38.92,37.54,38.92,38.92,1.28,2.35,44.11,3.31,3910400000.0,1194627200.0,0.0,-0.16,15.34,17.65
4996,300287,飞利信,4.27,-3.39,-0.15,229232.0,98704682.0,2.94,4.39,4.26,4.36,4.42,1.35,1.74,-45.51,5.7,6128619160.0,5628807803.0,-0.23,-0.23,-15.94,-12.68
4997,002508,老板电器,20.21,-3.39,-0.71,58995.0,120544654.98,3.25,20.84,20.16,20.72,20.92,1.11,0.63,12.38,1.67,19097215492.0,18867081615.0,0.0,-0.15,4.99,4.44
4998,603713,密尔克卫,59.78,-3.39,-2.1,17257.0,103798998.0,2.7,61.34,59.67,61.16,61.88,1.3,1.09,15.09,2.0,9452869124.0,9452869124.0,-0.13,-0.15,-1.34,7.19
4999,300688,创业黑马,24.21,-3.39,-0.85,47843.0,116499804.0,3.63,24.97,24.06,24.82,25.06,0.99,3.22,-82.55,10.95,4052256823.0,3592242468.0,-0.16,0.12,-19.81,-17.06
5000,002398,垒知集团,5.13,-3.39,-0.18,123908.0,64144296.2,3.39,5.29,5.11,5.28,5.31,1.04,2.03,27.53,0.99,3580934330.0,3126731542.0,0.0,-0.19,-10.78,-8.72
5001,000032,深桑达Ａ,17.68,-3.39,-0.62,202877.0,361468304.35,3.61,18.21,17.55,18.1,18.3,0.84,1.78,-53.92,3.29,21484370218.0,20119119257.0,0.0,-0.11,-15.61,-8.63
5002,301277,新天地,11.94,-3.4,-0.42,53324.0,64722145.42,4.69,12.48,11.9,12.36,12.36,1.13,1.36,38.61,3.02,4681416096.0,4681416096.0,0.08,0.08,-1.16,1.27
5003,600848,上海临港,9.67,-3.4,-0.34,138123.0,135065508.0,4.3,10.03,9.6,9.94,10.01,1.35,0.58,16.59,1.25,24392449329.0,23149131680.0,-0.21,0.0,-17.56,-17.35
5004,920547,无锡晶海,21.89,-3.4,-0.77,4571.0,10123563.86,3.49,22.59,21.8,22.59,22.66,0.62,1.21,27.11,2.39,1700590320.0,825655776.0,0.23,-0.36,-10.65,-7.44
5005,920489,佳先股份,14.19,-3.4,-0.5,31115.0,44486702.85,3.0,14.6,14.16,14.6,14.69,1.27,3.58,-960.48,4.03,1936356048.0,1232054257.0,0.14,0.07,-14.26,-21.17
5006,688435,英方软件,43.21,-3.4,-1.52,20182.0,87596867.0,4.45,44.8,42.81,44.8,44.73,1.46,3.6,-258.27,3.29,3608035000.0,2421840562.0,0.65,0.68,-13.06,-7.61
5007,301367,瑞迈特,68.51,-3.4,-2.41,10466.0,72276002.82,2.26,69.98,68.38,69.8,70.92,0.88,1.5,25.58,2.06,6138496000.0,4791833501.0,0.0,0.03,-25.26,-20.07
5008,002847,盐津铺子,57.67,-3.4,-2.03,31041.0,179396004.35,2.08,58.57,57.33,58.56,59.7,1.18,1.27,21.01,7.37,15727167188.0,14062293861.0,0.0,-0.02,-18.29,-15.58
5009,688051,佳华科技,30.7,-3.4,-1.08,6947.0,21435447.0,3.59,31.59,30.45,31.45,31.78,0.93,0.9,-18.44,4.02,2374153800.0,2374153800.0,-0.23,0.13,-25.12,-22.49
5010,600149,廊坊发展,5.96,-3.4,-0.21,258891.0,155081523.0,4.54,6.19,5.91,6.18,6.17,0.5,6.81,1548.0,9.71,2265753600.0,2265753600.0,-0.5,-0.33,14.84,19.44
5011,688004,博汇科技,21.87,-3.4,-0.77,14780.0,32747217.0,3.75,22.64,21.79,22.64,22.64,0.89,1.85,-77.12,2.96,1751524560.0,1751524560.0,0.09,0.28,-8.57,-5.45
5012,300676,华大基因,39.81,-3.4,-1.4,51840.0,208436861.46,2.86,40.97,39.79,40.8,41.21,1.03,1.25,-584.0,1.8,16653202756.0,16562812160.0,0.0,-0.03,-16.87,-12.24
5013,300732,设研院,6.81,-3.4,-0.24,55322.0,38135874.6,3.26,7.04,6.81,7.04,7.05,1.03,1.49,-34.48,0.87,2523514090.0,2520718701.0,-0.58,-0.29,-12.02,-9.2
5014,688695,中创股份,24.16,-3.4,-0.85,8067.0,19834248.0,4.2,25.21,24.16,24.75,25.01,1.1,1.51,-101.29,2.64,2054841292.0,1290034748.0,-0.17,-0.45,-13.09,-11.92
5015,000592,平潭发展,11.91,-3.41,-0.42,2394137.0,2854837361.74,4.22,12.29,11.77,12.23,12.33,0.6,12.5,552.52,12.0,23007510424.0,22808751068.0,0.0,0.0,-17.81,-22.66
5016,002238,天威视讯,7.36,-3.41,-0.26,65292.0,48507817.66,3.41,7.59,7.33,7.57,7.62,1.26,0.81,-104.03,2.78,5906835418.0,5906835418.0,0.14,0.14,-11.64,-9.47
5017,002235,安妮股份,10.2,-3.41,-0.36,303127.0,311774411.08,3.31,10.5,10.15,10.46,10.56,1.03,5.48,-3196.41,7.87,5911637297.0,5646498680.0,0.0,0.0,-1.07,-1.35
5018,688639,华恒生物,28.57,-3.41,-1.01,51623.0,148696716.0,4.06,29.59,28.39,29.49,29.58,1.08,2.06,53.97,2.7,7145805349.0,7145805349.0,0.0,0.07,-19.63,-12.31
5019,688332,中科蓝讯,124.69,-3.41,-4.4,41977.0,536428713.0,5.02,131.08,124.6,129.84,129.09,2.54,3.48,10.62,2.85,15037389558.0,15037389558.0,-0.02,0.0,-6.73,-5.04
5020,688428,诺诚健华,29.42,-3.41,-1.04,134836.0,400694593.0,2.99,30.32,29.41,30.0,30.46,0.59,5.02,80.81,6.72,51915825068.0,7895142874.0,-0.17,-0.24,40.63,43.37
5021,002634,棒杰股份,9.34,-3.41,-0.33,332861.0,310350944.2,5.69,9.67,9.12,9.5,9.67,0.82,7.45,-3.56,-7.06,4290352471.0,4170445785.0,0.11,0.43,62.15,65.31
5022,688382,益方生物-U,21.5,-3.41,-0.76,177910.0,386205744.0,4.72,22.41,21.36,22.0,22.26,0.57,3.08,-39.25,8.08,12434492557.0,12434492557.0,0.42,0.42,-28.02,-21.07
5023,300858,科拓生物,18.13,-3.41,-0.64,125991.0,227709531.6,3.04,18.4,17.83,18.4,18.77,0.74,6.44,47.0,2.62,4777166489.0,3548768956.0,-0.06,-0.06,4.8,8.11
5024,002495,佳隆股份,2.55,-3.41,-0.09,247736.0,63840882.4,4.17,2.64,2.53,2.64,2.64,0.85,3.54,160.61,2.17,2385845280.0,1786972443.0,0.0,-0.39,-5.9,-4.14
5025,920508,殷图网联,19.55,-3.41,-0.69,7045.0,13933740.68,3.51,20.15,19.44,19.83,20.24,1.15,2.21,513.86,6.02,1173000000.0,623760834.0,-0.31,-0.36,-16.81,-12.13
5026,300830,金现代,10.73,-3.42,-0.38,186433.0,200837582.0,2.88,10.98,10.66,10.95,11.11,0.92,5.53,-98.74,3.55,4846105215.0,3616919604.0,0.0,-0.09,2.0,5.4
5027,000888,峨眉山Ａ,12.43,-3.42,-0.44,123905.0,154880397.18,3.03,12.77,12.38,12.71,12.87,1.05,2.35,20.97,2.41,6549529858.0,6549529858.0,-0.08,0.0,-5.11,-5.26
5028,301126,达嘉维康,11.25,-3.43,-0.4,47852.0,54328806.0,4.21,11.67,11.18,11.67,11.65,0.67,3.47,340.0,1.32,2310786000.0,1551186776.0,0.0,0.27,-14.84,-8.46
5029,000045,深纺织Ａ,12.12,-3.43,-0.43,115889.0,141942974.45,2.71,12.43,12.09,12.43,12.55,0.72,2.54,89.73,2.06,6139044810.0,5539104810.0,0.0,-0.25,-2.96,-0.82
5030,603606,东方电缆,57.94,-3.43,-2.06,196957.0,1139619253.0,3.92,59.19,56.84,59.19,60.0,2.08,2.86,31.34,4.81,39846228422.0,39846228422.0,-0.03,-0.07,-4.48,-3.03
5031,688520,神州细胞,41.08,-3.43,-1.46,37386.0,156484008.0,4.8,43.09,41.05,42.0,42.54,0.76,0.84,-34.92,132.52,19321391131.0,18294391131.0,-0.05,-0.07,-11.67,-5.15
5032,603729,龙韵股份,16.59,-3.43,-0.59,24594.0,41309498.0,3.55,17.17,16.56,17.09,17.18,0.81,2.63,-17.85,5.07,1548477420.0,1548477420.0,-0.06,-0.12,3.17,3.11
5033,920493,并行科技,145.77,-3.43,-5.18,19544.0,286421697.36,1.95,148.3,145.36,147.2,150.95,1.07,4.46,712.38,19.53,8703839967.0,6384208225.0,-0.12,0.25,7.0,9.97
5034,600807,济高发展,3.1,-3.43,-0.11,188286.0,58877766.0,3.74,3.2,3.08,3.2,3.21,0.92,2.39,-25.07,62.51,2742367666.0,2439757238.0,0.0,0.0,-0.96,0.65
5035,301584,建发致新,27.21,-3.44,-0.97,48702.0,134027550.86,3.19,28.05,27.15,28.01,28.18,0.72,9.07,37.41,5.52,11463260330.0,1461565695.0,-0.04,-0.07,-9.75,-6.88
5036,920670,数字人,16.58,-3.44,-0.59,26659.0,44520119.07,2.33,16.95,16.55,16.9,17.17,0.98,4.0,215.11,7.05,1760504192.0,1104785221.0,0.0,0.0,-4.66,-1.54
5037,600756,浪潮软件,17.12,-3.44,-0.61,189688.0,325803506.0,3.05,17.55,17.01,17.45,17.73,0.87,5.85,-21.27,2.64,5985644251.0,5548570651.0,0.0,0.0,-8.4,-7.06
5038,301609,山大电力,45.16,-3.44,-1.61,29842.0,135434034.3,2.87,46.24,44.9,46.24,46.77,0.82,8.14,63.18,5.97,7355660800.0,1655023680.0,0.07,0.07,6.53,8.98
5039,002453,华软科技,5.05,-3.44,-0.18,119758.0,61082599.0,3.25,5.21,5.04,5.2,5.23,1.03,1.95,-24.7,4.48,4102453986.0,3094453837.0,-0.39,-0.2,-21.34,-20.22
5040,300376,易事特,6.18,-3.44,-0.22,293639.0,182108579.0,3.44,6.33,6.11,6.33,6.4,1.04,1.26,114.48,2.15,14388526142.0,14383547688.0,0.16,0.16,-4.92,-4.78
5041,688552,航天南湖,37.17,-3.45,-1.33,77931.0,291226782.0,5.17,38.49,36.5,38.22,38.5,1.43,8.98,392.33,4.85,12535508160.0,3227380071.0,-0.03,-0.11,-3.03,2.34
5042,300399,天利科技,20.72,-3.45,-0.74,40502.0,84575130.5,2.47,21.2,20.67,21.0,21.46,1.03,2.05,527.73,7.98,4094272000.0,4093872622.0,-0.1,0.05,-35.67,-18.26
5043,002094,青岛金王,6.44,-3.45,-0.23,229205.0,148521510.84,3.15,6.62,6.41,6.59,6.67,1.4,3.32,49.34,2.88,4449380216.0,4446520856.0,0.0,0.0,-17.33,-15.82
5044,688310,迈得医疗,15.41,-3.45,-0.55,18239.0,28546155.0,3.63,15.99,15.41,15.81,15.96,0.92,1.1,39.25,2.97,2561445423.0,2561445423.0,-0.06,-0.06,-3.08,0.52
5045,000571,新大洲A,5.59,-3.45,-0.2,148151.0,83288057.0,4.15,5.77,5.53,5.75,5.79,0.9,1.82,-34.45,33.06,4690731110.0,4550216957.0,0.18,0.0,-8.81,-4.61
5046,002596,海南瑞泽,3.63,-3.46,-0.13,275678.0,100892035.0,3.99,3.76,3.61,3.73,3.76,1.05,2.4,-38.48,6.23,4165717280.0,4161886723.0,0.28,0.28,-29.1,-32.65
5047,002792,通宇通讯,47.37,-3.46,-1.7,608538.0,2901327519.91,4.87,48.87,46.48,47.5,49.07,0.89,18.01,736.34,8.92,24814112741.0,16002745712.0,0.0,-0.19,0.02,10.94
5048,600257,大湖股份,6.98,-3.46,-0.25,268554.0,191206144.0,5.81,7.31,6.89,7.18,7.23,1.15,5.58,663.15,4.19,3359035572.0,3359035572.0,0.0,0.43,4.02,11.15
5049,300158,振东制药,6.14,-3.46,-0.22,414062.0,258099028.74,4.87,6.42,6.11,6.3,6.36,0.85,4.18,224.39,1.68,6092740764.0,6088954754.0,-0.32,-0.16,0.49,5.68
5050,603983,丸美生物,24.2,-3.47,-0.87,24887.0,60841489.0,3.27,24.96,24.14,24.96,25.07,0.88,0.62,39.25,2.91,9704200000.0,9704200000.0,0.0,-0.08,-28.49,-27.0
5051,603383,顶点软件,28.41,-3.47,-1.02,40727.0,116550440.0,2.68,29.17,28.38,29.17,29.43,1.45,1.98,42.37,4.0,5834819066.0,5834742359.0,0.0,-0.04,-26.17,-21.32
5052,300043,星辉娱乐,5.56,-3.47,-0.2,337172.0,188512801.7,2.78,5.69,5.53,5.66,5.76,1.01,2.71,22.94,3.95,6917743110.0,6914046266.0,0.18,0.36,-7.64,-1.59
5053,000524,岭南控股,10.86,-3.47,-0.39,134402.0,146848316.08,3.56,11.22,10.82,11.11,11.25,0.77,2.01,103.89,3.18,7278465363.0,7275845291.0,-0.09,0.09,-9.58,-9.42
5054,688091,上海谊众,57.1,-3.47,-2.05,60567.0,350097759.0,4.4,59.5,56.9,58.61,59.15,0.81,2.93,184.04,8.25,11802777844.0,11802777844.0,-0.04,-0.23,15.96,21.49
5055,688586,江航装备,13.35,-3.47,-0.48,62509.0,84222867.0,3.25,13.75,13.3,13.75,13.83,0.96,0.79,192.03,4.27,10564377733.0,10564377733.0,0.07,0.07,0.53,2.38
5056,300197,节能铁汉,1.67,-3.47,-0.06,389516.0,65619901.14,3.47,1.72,1.66,1.71,1.73,0.72,1.31,-4.23,5.05,4952047794.0,4951922544.0,-0.6,0.0,-9.73,-5.65
5057,603444,吉比特,359.02,-3.48,-12.94,18582.0,671381715.0,2.74,367.99,357.79,367.92,371.96,1.17,2.58,14.42,4.69,25864196081.0,25864196081.0,0.01,0.06,-20.04,-15.3
5058,300795,米奥会展,11.66,-3.48,-0.42,36477.0,42616509.2,3.64,11.99,11.55,11.98,12.08,1.14,2.1,25.49,5.32,3485102524.0,2028666977.0,-0.17,-0.09,-15.01,-14.39
5059,920090,同辉信息,6.09,-3.49,-0.22,43190.0,26615735.33,3.01,6.28,6.09,6.26,6.31,0.64,3.19,-19.85,26.48,1213941295.0,824265666.0,-0.16,-0.33,-8.7,-4.09
5060,920339,恒太照明,8.3,-3.49,-0.3,10115.0,8412031.59,2.56,8.44,8.22,8.37,8.6,1.55,0.67,45.89,3.03,1827691540.0,1254770221.0,0.61,0.24,-16.58,-16.16
5061,688659,元琛科技,9.68,-3.49,-0.35,28921.0,28515562.0,3.79,10.06,9.68,10.06,10.03,1.01,1.81,-51.3,3.02,1548800000.0,1548800000.0,-0.51,-0.82,0.83,2.43
5062,600528,中铁工业,8.03,-3.49,-0.29,395267.0,320015211.0,2.64,8.24,8.02,8.23,8.32,0.44,1.78,13.05,0.71,17839059252.0,17839059252.0,0.0,-0.25,-3.02,-1.83
5063,688787,海天瑞声,128.76,-3.49,-4.66,19271.0,249436962.0,2.35,131.13,128.0,130.47,133.42,0.79,3.19,551.88,10.48,7767470177.0,7767470177.0,0.05,-0.02,4.67,11.01
5064,300805,电声股份,10.24,-3.49,-0.37,77007.0,79462554.39,2.83,10.51,10.21,10.45,10.61,0.86,2.67,97.05,2.78,4346287636.0,2952717844.0,0.0,0.0,-5.88,-2.94
5065,688133,泰坦科技,20.41,-3.5,-0.74,29264.0,60188088.0,3.26,20.95,20.26,20.95,21.15,0.84,1.78,-257.29,1.21,3356158701.0,3356158701.0,-0.05,0.0,-11.26,-7.81
5066,300245,天玑科技,13.8,-3.5,-0.5,246505.0,342186850.58,2.94,14.17,13.75,14.12,14.3,0.79,8.1,-73.57,3.48,4209689572.0,4200424031.0,-0.14,0.0,9.7,14.14
5067,688513,苑东生物,71.16,-3.51,-2.59,55763.0,400909995.0,6.02,74.6,70.16,72.71,73.75,0.94,3.16,44.35,4.28,12562035337.0,12562035337.0,0.2,0.3,18.96,15.61
5068,605288,凯迪股份,84.12,-3.51,-3.06,10121.0,85372653.0,5.22,87.55,83.0,87.55,87.18,1.54,1.44,155.41,2.68,5945013769.0,5905132477.0,-0.01,-0.04,-4.1,-6.33
5069,301139,元道通信,17.06,-3.51,-0.62,33430.0,57574888.0,3.56,17.61,16.98,17.56,17.68,1.07,4.39,88.23,1.06,2074168448.0,1299411545.0,0.0,0.12,-9.64,-7.08
5070,000548,湖南投资,5.22,-3.51,-0.19,112121.0,59168457.37,4.07,5.42,5.2,5.41,5.41,1.14,2.25,61.95,1.27,2605906533.0,2605906533.0,-0.57,-0.38,-4.22,-4.04
5071,300010,豆神教育,6.05,-3.51,-0.22,350517.0,213586277.65,2.39,6.19,6.04,6.16,6.27,1.18,2.11,102.18,7.01,12503006587.0,10063162121.0,0.0,-0.17,-16.55,-16.44
5072,603918,金桥信息,13.48,-3.51,-0.49,80690.0,109652074.0,2.58,13.81,13.45,13.8,13.97,1.4,2.21,-61.9,4.91,4921649450.0,4921649450.0,0.07,0.07,-16.74,-14.09
5073,002799,环球印务,8.24,-3.51,-0.3,45923.0,38253690.84,3.98,8.56,8.22,8.45,8.54,0.77,1.43,-98.59,2.08,2637129600.0,2637094992.0,-0.24,-0.12,-5.94,-3.4
5074,001233,海安集团,66.2,-3.51,-2.41,17150.0,114548554.28,3.73,68.42,65.86,67.92,68.61,0.97,4.85,19.98,3.26,12311434711.0,2342547904.0,-0.02,0.06,8.12,14.81
5075,600530,交大昂立,5.23,-3.51,-0.19,62932.0,33207380.0,4.06,5.43,5.21,5.43,5.42,1.05,0.81,1713.16,12.73,4052831600.0,4052831600.0,-0.38,0.0,-20.52,-18.79
5076,688528,秦川物联,10.73,-3.51,-0.39,17524.0,19023450.0,4.59,11.17,10.66,11.17,11.12,1.03,1.04,-15.39,3.73,1802640000.0,1802640000.0,0.19,0.0,0.28,-0.37
5077,002223,鱼跃医疗,32.21,-3.51,-1.17,119449.0,387544736.7,3.12,33.1,32.06,33.05,33.38,1.59,1.27,16.52,2.39,32289781883.0,30282494462.0,-0.03,0.06,-17.16,-15.7
5078,920953,国子软件,29.06,-3.52,-1.06,15284.0,44802870.74,2.26,29.7,29.02,29.44,30.12,1.41,2.55,55.13,6.18,3723050669.0,1740279982.0,0.0,-0.17,-21.48,-18.71
5079,300579,数字认证,26.28,-3.52,-0.96,39331.0,103502947.66,3.67,27.0,26.0,27.0,27.24,1.54,1.51,-75.23,8.85,7095600000.0,6845237772.0,0.08,-0.08,-20.41,-21.81
5080,300459,汤姆猫,4.11,-3.52,-0.15,898788.0,371563688.65,2.58,4.21,4.1,4.2,4.26,1.23,2.73,-246.64,6.9,14449982959.0,13510365096.0,0.0,0.0,-20.04,-10.46
5081,600876,凯盛新能,9.04,-3.52,-0.33,54199.0,49252282.0,3.95,9.37,9.0,9.37,9.37,0.64,1.37,-6.38,1.88,5836901666.0,3576901666.0,-0.11,-0.11,-9.78,-8.32
5082,920429,康比特,12.62,-3.52,-0.46,12926.0,16556733.11,3.44,13.03,12.58,13.03,13.08,0.84,1.14,40.29,1.82,1570887120.0,1432374934.0,-0.08,-0.08,-18.84,-17.25
5083,603117,万林物流,4.66,-3.52,-0.17,96515.0,45449075.0,3.73,4.84,4.66,4.83,4.83,1.11,1.61,148.69,2.71,2792261478.0,2792261478.0,-0.21,-0.43,-4.7,-1.27
5084,002431,棕榈股份,2.73,-3.53,-0.1,770911.0,212095658.8,4.59,2.85,2.72,2.85,2.83,0.72,4.28,-7.17,4.34,4920565008.0,4920565008.0,0.0,0.0,10.98,14.23
5085,603939,益丰药房,22.61,-3.54,-0.83,101227.0,230996805.0,3.71,23.42,22.55,23.3,23.44,1.47,0.83,16.79,2.5,27412190604.0,27412190604.0,-0.09,-0.09,2.22,4.1
5086,920149,旭杰科技,10.07,-3.54,-0.37,8267.0,8425066.64,4.31,10.43,9.98,10.37,10.44,0.78,1.31,-18.86,6.5,770185623.0,637098720.0,0.3,0.2,-15.02,-12.96
5087,688329,艾隆科技,24.01,-3.54,-0.88,11920.0,29283621.0,4.7,25.18,24.01,25.05,24.89,0.79,1.54,98.13,2.33,1853572000.0,1853572000.0,-0.5,-0.58,8.5,12.78
5088,300033,同花顺,308.08,-3.54,-11.31,79873.0,2473686797.87,1.26,312.03,308.0,312.0,319.39,1.13,2.55,51.68,17.45,165623808000.0,96475453176.0,-0.25,-0.26,-17.18,-4.38
5089,002901,大博医疗,42.5,-3.54,-1.56,16437.0,70512123.0,3.65,43.95,42.34,43.85,44.06,1.35,0.57,31.08,5.27,17595829005.0,12260246915.0,0.19,0.21,-15.49,-10.28
5090,301033,迈普医学,58.54,-3.54,-2.15,16413.0,96387345.6,4.27,60.6,58.01,60.6,60.69,1.19,2.91,38.81,5.19,3925084755.0,3305702285.0,-0.19,-0.36,-26.95,-13.27
5091,600180,瑞茂通,3.26,-3.55,-0.12,113156.0,37330838.0,3.85,3.38,3.25,3.37,3.38,0.84,1.04,35.54,0.45,3542405533.0,3542405533.0,-0.31,0.0,-10.19,-6.86
5092,688655,迅捷兴,28.01,-3.55,-1.03,155865.0,439425382.0,4.55,28.98,27.66,28.61,29.04,1.88,11.68,-166.95,5.69,3736253900.0,3736253900.0,-0.39,-0.5,61.91,63.51
5093,688360,德马科技,19.03,-3.55,-0.7,35211.0,67779124.0,2.89,19.59,19.02,19.5,19.73,0.94,1.4,53.68,3.46,5019080043.0,4801003246.0,-0.1,-0.1,-10.28,-10.49
5094,000759,中百集团,5.43,-3.55,-0.2,172999.0,94722430.84,3.91,5.62,5.4,5.59,5.63,1.46,2.64,-4.65,2.97,3597177294.0,3560483716.0,0.18,0.37,-30.83,-28.36
5095,301187,欧圣电气,20.1,-3.55,-0.74,37472.0,75044930.44,3.31,20.5,19.81,20.18,20.84,2.54,1.47,29.47,3.38,5124163853.0,5124147270.0,-0.1,0.4,-23.63,-25.31
5096,001382,新亚电缆,20.02,-3.56,-0.74,68257.0,137425239.65,3.9,20.68,19.87,20.58,20.76,0.94,10.83,80.15,5.18,8248240000.0,1261260000.0,0.1,0.0,-3.14,-2.34
5097,301429,森泰股份,19.48,-3.56,-0.72,12186.0,23891660.9,4.41,20.2,19.31,20.11,20.2,0.63,2.77,39.85,1.69,2302925600.0,857921271.0,-0.05,0.26,2.15,3.23
5098,600864,哈投股份,6.5,-3.56,-0.24,474314.0,311198387.0,2.67,6.67,6.49,6.66,6.74,0.9,2.28,18.64,1.02,13523708380.0,13523708380.0,0.0,0.0,-6.34,-1.96
5099,300110,华仁药业,3.24,-3.57,-0.12,644265.0,213475572.4,7.14,3.46,3.22,3.32,3.36,0.94,5.46,52.63,2.83,3830370062.0,3825946247.0,-0.31,0.0,0.0,2.86
5100,000055,方大集团,3.5,-3.58,-0.13,120233.0,42455194.0,3.86,3.63,3.49,3.63,3.63,1.33,1.78,-7.29,0.68,3758559795.0,2365490502.0,0.0,-0.28,-15.87,-14.63
5101,300380,安硕信息,34.34,-3.59,-1.28,26377.0,91192499.0,3.03,35.24,34.16,35.02,35.62,1.19,2.07,271.59,12.29,4753996977.0,4373732747.0,0.06,0.15,-21.88,-16.99
5102,000892,欢瑞世纪,6.44,-3.59,-0.24,851402.0,549454685.0,3.44,6.6,6.37,6.5,6.68,2.39,11.98,-135.25,7.48,6317514246.0,4577786764.0,-0.16,-0.16,-11.66,-7.74
5103,301509,金凯生科,41.33,-3.59,-1.54,79107.0,327039888.78,3.83,42.45,40.81,41.88,42.87,0.74,13.94,36.1,2.26,4978060830.0,2345102554.0,-0.07,-0.12,19.24,22.35
5104,300291,百纳千成,6.71,-3.59,-0.25,159513.0,107910794.1,3.45,6.92,6.68,6.9,6.96,0.95,1.71,-70.18,2.07,6320079558.0,6245390501.0,0.15,0.3,-4.55,-10.41
5105,300624,万兴科技,69.37,-3.59,-2.58,87716.0,612569651.89,1.86,70.54,69.2,69.91,71.95,1.29,5.12,-163.31,12.42,13411740796.0,11878448194.0,0.0,-0.01,-6.7,-1.81
5106,300436,广生堂,112.68,-3.59,-4.2,122137.0,1382780932.42,6.66,118.29,110.5,115.78,116.88,0.71,8.93,-120.62,46.85,17946205560.0,15405831467.0,0.01,0.04,21.59,26.39
5107,300239,东宝生物,5.36,-3.6,-0.2,97718.0,53084532.0,3.96,5.58,5.36,5.55,5.56,0.91,1.66,58.56,1.87,3181738521.0,3161123157.0,-0.37,-0.37,-13.27,-8.53
5108,600208,衢州发展,3.21,-3.6,-0.12,671954.0,218386776.0,3.6,3.32,3.2,3.3,3.33,1.05,0.79,37.86,0.66,27313699968.0,27310604042.0,-0.31,0.0,-19.35,-17.05
5109,002514,宝馨科技,4.28,-3.6,-0.16,184072.0,79028261.0,4.73,4.44,4.23,4.4,4.44,0.81,3.32,-42.44,25.02,3081746650.0,2371266650.0,0.0,0.23,-27.46,-27.21
5110,300823,建科智能,16.29,-3.61,-0.61,32421.0,53317793.2,3.91,16.85,16.19,16.85,16.9,1.02,3.82,86.75,2.27,2133708623.0,1381219750.0,-0.37,-0.31,3.96,4.29
5111,688606,奥泰生物,61.44,-3.61,-2.3,4398.0,27151717.0,1.76,62.34,61.22,62.0,63.74,1.2,0.55,22.32,1.23,4871015731.0,4871015731.0,0.07,0.02,-5.11,-3.83
5112,603300,海南华铁,6.67,-3.61,-0.25,643385.0,432037991.0,2.17,6.82,6.67,6.82,6.92,1.18,3.23,18.83,2.04,13303810187.0,13303810187.0,-0.15,-0.3,-14.81,-15.03
5113,001288,运机集团,27.73,-3.61,-1.04,55983.0,155783225.8,3.65,28.55,27.5,28.5,28.77,1.37,3.69,33.27,2.85,6513253984.0,4212634645.0,0.18,0.25,-15.2,-13.21
5114,000035,中国天楹,6.67,-3.61,-0.25,586929.0,394267047.47,3.03,6.83,6.62,6.83,6.92,1.15,2.54,38.12,1.53,15928178569.0,15427881739.0,0.0,-0.15,17.43,20.83
5115,920985,海泰新能,6.66,-3.62,-0.25,34900.0,23515091.14,2.89,6.84,6.64,6.82,6.91,0.9,1.59,-3.11,3.03,2061111492.0,1460656941.0,-0.3,-0.3,-10.12,-7.37
5116,002759,天际股份,34.65,-3.62,-1.3,448205.0,1564469238.11,6.06,36.2,34.02,35.56,35.95,0.86,8.95,-128.41,5.6,17372907263.0,17357643522.0,0.03,0.06,-32.39,-25.37
5117,600706,曲江文旅,9.33,-3.62,-0.35,52611.0,49506794.0,3.72,9.67,9.31,9.66,9.68,0.79,2.07,-71.85,3.75,2379707794.0,2370101626.0,-0.11,0.0,-13.29,-11.98
5118,688048,长光华芯,230.05,-3.62,-8.63,133713.0,3094509644.0,3.72,235.89,227.0,230.23,238.68,0.94,7.59,2077.24,13.49,40553200887.0,40553200887.0,0.02,-0.07,83.02,83.53
5119,300400,劲拓股份,27.37,-3.63,-1.03,190391.0,525350023.0,3.03,28.16,27.3,27.97,28.4,0.78,7.94,57.81,8.5,6640668146.0,6566703458.0,0.0,-0.07,37.75,41.16
5120,002864,盘龙药业,32.92,-3.63,-1.24,41631.0,139252227.0,5.33,34.5,32.68,34.0,34.16,1.14,5.61,29.22,2.08,3498769203.0,2442358766.0,0.03,-0.03,3.85,6.74
5121,600495,晋西车轴,4.51,-3.63,-0.17,328446.0,149126862.0,3.21,4.65,4.5,4.62,4.68,0.36,2.72,189.53,1.66,5448940896.0,5448940896.0,-0.22,-0.22,-9.07,-5.65
5122,301010,晶雪节能,21.18,-3.64,-0.8,18611.0,39878263.0,4.05,22.0,21.11,22.0,21.98,0.98,1.72,168.81,2.76,2287440000.0,2287440000.0,0.09,0.05,-2.53,-4.38
5123,603301,振德医疗,87.0,-3.64,-3.29,31532.0,274137517.0,4.29,89.0,85.13,89.0,90.29,0.73,1.19,84.78,4.06,22968493029.0,22968493029.0,-0.31,-0.57,21.02,23.4
5124,688768,容知日新,45.08,-3.65,-1.71,18135.0,82306260.0,3.59,46.58,44.9,46.58,46.79,1.5,2.08,47.27,3.59,3966531182.0,3933840789.0,0.0,-0.02,0.6,3.78
5125,002218,拓日新能,5.8,-3.65,-0.22,974912.0,563639786.0,3.65,5.94,5.72,5.94,6.02,0.5,7.03,-56.23,2.02,8168140864.0,8048531524.0,0.0,0.17,32.72,33.64
5126,300253,卫宁健康,8.43,-3.66,-0.32,543889.0,461061565.98,2.63,8.64,8.41,8.61,8.75,1.18,3.0,-57.66,3.31,18556727605.0,15262519046.0,-0.12,0.12,-7.97,-4.42
5127,300465,高伟达,14.7,-3.67,-0.56,96997.0,143299551.2,3.08,15.07,14.6,15.07,15.26,1.01,2.19,227.32,9.57,6523115548.0,6523115548.0,-0.07,0.0,-28.47,-26.97
5128,000993,闽东电力,12.08,-3.67,-0.46,267448.0,324843150.4,2.47,12.38,12.07,12.38,12.54,0.6,6.08,93.96,2.15,5532053576.0,5312150670.0,0.0,-0.08,0.25,0.83
5129,688192,迪哲医药-U,55.45,-3.67,-2.11,41957.0,236157098.0,5.84,58.36,55.0,57.0,57.56,0.86,0.91,-33.76,19.76,25793445939.0,25574321401.0,-0.13,0.09,-10.68,-3.73
5130,603123,翠微股份,12.84,-3.68,-0.49,753749.0,973643309.0,6.23,13.47,12.64,13.27,13.33,1.51,11.56,-21.34,6.18,10255778779.0,8375223185.0,0.08,0.08,-19.85,-23.62
5131,688229,博睿数据,87.24,-3.68,-3.33,21770.0,190454216.0,3.8,89.72,86.28,89.06,90.57,0.95,4.9,-41.16,10.47,3873456000.0,3873456000.0,-0.07,-0.16,35.42,39.18
5132,002399,海普瑞,11.25,-3.68,-0.43,68086.0,77992569.65,4.28,11.74,11.24,11.65,11.68,1.23,0.55,47.23,1.37,16507082295.0,14031019170.0,0.0,0.0,-7.18,-4.58
5133,300076,GQY视讯,6.02,-3.68,-0.23,124864.0,75906644.0,3.68,6.23,6.0,6.2,6.25,1.09,2.94,-60.65,2.84,2552480000.0,2552480000.0,0.0,-0.17,-30.72,-27.47
5134,300936,中英科技,66.31,-3.68,-2.53,55476.0,369465168.86,4.52,68.57,65.46,67.58,68.84,0.82,11.69,-520.37,4.99,4986512000.0,3147090835.0,-0.23,-0.17,72.37,70.03
5135,920682,球冠电缆,8.62,-3.69,-0.33,39888.0,34887498.98,3.24,8.89,8.6,8.82,8.95,0.67,2.12,28.95,2.41,2797017600.0,1622045416.0,-0.12,-0.23,-8.4,-6.1
5136,002591,恒大高新,6.78,-3.69,-0.26,117429.0,80207033.0,4.55,7.05,6.73,7.04,7.04,1.03,5.25,-662.9,3.09,2035352502.0,1515414492.0,0.15,0.15,-3.14,-16.5
5137,300418,昆仑万维,50.46,-3.7,-1.94,512919.0,2601507092.96,2.25,51.5,50.32,50.85,52.4,0.88,4.09,-71.41,4.51,63345311848.0,63301600873.0,-0.1,-0.16,12.41,21.01
5138,301159,三维天地,41.17,-3.7,-1.58,17574.0,72944769.0,3.37,42.48,41.04,42.48,42.75,0.75,3.31,-31.75,5.46,3184499500.0,2182626521.0,0.0,-0.17,9.09,11.97
5139,002072,凯瑞德,7.55,-3.7,-0.29,114750.0,86550447.2,4.97,7.79,7.4,7.75,7.84,0.89,3.12,-154.4,12.01,2775984000.0,2774865090.0,0.13,0.0,-4.79,4.28
5140,000919,金陵药业,8.58,-3.7,-0.33,1838204.0,1721781276.57,14.93,9.8,8.47,8.99,8.91,5.36,29.56,98.97,1.41,5336112450.0,5334758526.0,0.12,0.35,9.44,7.92
5141,300454,深信服,102.75,-3.7,-3.95,94480.0,972083840.9,2.06,104.23,102.03,104.01,106.7,0.94,3.28,112.89,4.51,44342692901.0,29592301880.0,-0.04,-0.03,-14.59,-10.78
5142,000610,西安旅游,8.31,-3.71,-0.32,95837.0,79964548.0,4.4,8.63,8.25,8.63,8.63,0.73,4.07,-18.37,12.58,1967375057.0,1957040683.0,-0.12,0.12,-33.68,-33.31
5143,920871,派特尔,12.98,-3.71,-0.5,8323.0,10975095.78,3.34,13.42,12.97,13.42,13.48,1.12,1.78,100.92,4.19,1103503020.0,607927996.0,-0.84,-0.54,-18.42,-14.61
5144,300369,绿盟科技,8.03,-3.72,-0.31,313460.0,253079026.8,3.0,8.22,7.97,8.2,8.34,0.93,3.88,-24.9,2.61,6509293753.0,6488689102.0,0.0,-0.12,4.02,7.35
5145,300634,彩讯股份,25.33,-3.72,-0.98,155546.0,396355361.38,2.32,25.8,25.19,25.69,26.31,1.17,3.58,43.65,3.92,11429172097.0,11000147755.0,-0.04,-0.12,-3.43,0.4
5146,600310,广西能源,4.4,-3.72,-0.17,1417893.0,627731559.0,4.16,4.56,4.37,4.56,4.57,0.69,9.67,-30.57,2.35,6449127177.0,6449127177.0,0.23,0.0,13.4,15.49
5147,600163,中闽能源,5.94,-3.73,-0.23,546159.0,326895923.0,2.92,6.1,5.92,6.1,6.17,0.59,2.87,25.85,1.63,11303797089.0,11303797089.0,0.0,0.17,7.61,9.59
5148,603008,喜临门,11.88,-3.73,-0.46,302569.0,361311408.0,4.13,12.3,11.79,12.22,12.34,0.87,8.22,8.22,1.13,4375314128.0,4375314128.0,-0.34,0.0,-43.43,-41.99
5149,001395,亚联机械,38.17,-3.73,-1.48,10169.0,39202560.0,3.93,39.56,38.0,39.56,39.65,1.74,2.17,17.92,2.78,3329950800.0,1789791300.0,0.13,0.13,-12.99,-12.07
5150,002691,冀凯股份,7.23,-3.73,-0.28,41240.0,30169653.04,3.6,7.49,7.22,7.49,7.51,0.76,1.23,-40.21,2.9,2458200000.0,2429137605.0,0.0,-0.14,-17.09,-20.11
5151,300061,旗天科技,7.99,-3.73,-0.31,141775.0,114210673.0,3.01,8.22,7.97,8.16,8.3,1.17,2.28,-141.59,10.05,5265359479.0,4971135943.0,0.0,0.0,-25.61,-24.05
5152,920100,三协电机,46.98,-3.73,-1.82,5511.0,26054667.73,3.01,48.16,46.69,48.16,48.8,0.85,2.82,57.62,7.53,3467560914.0,919405083.0,0.04,0.32,-35.55,-36.22
5153,920833,美心翼申,14.94,-3.74,-0.58,9902.0,14987262.31,3.8,15.5,14.91,15.5,15.52,0.75,1.59,42.66,2.01,1230458400.0,933141195.0,-0.6,-0.53,-11.96,-8.57
5154,600768,宁波富邦,16.75,-3.74,-0.65,80212.0,134667091.0,5.34,17.38,16.45,17.38,17.4,1.67,6.0,104.11,5.79,2240265600.0,2240265600.0,-0.06,0.3,16.89,19.64
5155,603833,欧派家居,52.44,-3.74,-2.04,27142.0,144861356.0,4.24,54.51,52.2,54.4,54.48,1.37,0.45,13.07,1.69,31943976345.0,31943976345.0,-0.04,-0.06,1.33,3.11
5156,920300,辰光医疗,11.83,-3.74,-0.46,20039.0,23988454.07,4.8,12.35,11.76,12.35,12.29,0.67,3.01,-16.72,6.07,1015571501.0,787069490.0,0.0,0.17,-28.61,-23.03
5157,002355,兴民智通,6.18,-3.74,-0.24,210632.0,130879958.88,3.58,6.39,6.16,6.38,6.42,0.91,3.41,-17.09,3.38,4131212580.0,3820269897.0,0.0,0.32,-7.76,1.98
5158,603387,基蛋生物,9.75,-3.75,-0.38,364732.0,358826405.0,5.13,10.2,9.68,10.1,10.13,0.7,7.19,23.1,1.84,4944746791.0,4944746791.0,0.0,0.21,14.04,16.49
5159,603098,森特股份,14.39,-3.75,-0.56,87760.0,127109278.0,3.21,14.78,14.3,14.78,14.95,0.66,1.63,60.5,2.75,7766282683.0,7753331683.0,-0.14,-0.07,2.86,3.45
5160,688316,青云科技-U,70.3,-3.75,-2.74,40483.0,285541372.0,3.52,71.88,69.31,70.85,73.04,0.91,8.45,-55.51,123.33,3367238469.0,3367238469.0,0.1,-0.1,12.21,16.84
5161,002730,电光科技,27.11,-3.76,-1.06,339129.0,912223295.58,5.72,27.65,26.04,27.45,28.17,0.83,9.8,146.35,6.03,9815985547.0,9380870047.0,0.22,-0.11,77.31,80.25
5162,002197,证通电子,7.66,-3.77,-0.3,182862.0,142265314.07,4.9,8.02,7.63,7.83,7.96,1.09,3.42,-53.51,2.27,4706020028.0,4090440092.0,0.0,-0.13,-29.72,-24.31
5163,300550,和仁科技,11.97,-3.78,-0.47,40438.0,48914741.44,4.18,12.44,11.92,12.39,12.44,1.35,1.54,182.12,2.81,3142844888.0,3139926841.0,0.0,0.08,-17.39,-17.51
5164,002277,友阿股份,5.6,-3.78,-0.22,179674.0,101633271.0,3.44,5.78,5.58,5.77,5.82,0.89,1.29,91.66,1.16,7807367680.0,7807367680.0,-0.18,-0.18,-21.57,-19.54
5165,002534,西子洁能,16.99,-3.79,-0.67,122921.0,209870175.89,2.89,17.42,16.91,17.26,17.66,1.15,1.49,32.53,2.53,14202538657.0,14022913072.0,-0.06,-0.18,3.16,1.31
5166,300961,深水海纳,12.95,-3.79,-0.51,72566.0,94589573.46,3.79,13.39,12.88,13.37,13.46,0.87,4.76,-71.39,3.13,2295776000.0,1975765092.0,0.0,0.0,-11.12,-9.5
5167,603378,亚士创能,5.33,-3.79,-0.21,64346.0,34631162.0,3.97,5.52,5.3,5.52,5.54,0.72,1.5,-5.5,2.29,2284420102.0,2284420102.0,-0.19,0.0,-22.64,-21.73
5168,600029,南方航空,5.82,-3.8,-0.23,1632737.0,953064129.0,2.31,5.93,5.79,5.88,6.05,1.25,1.21,123.06,2.96,105464022807.0,78435958474.0,-0.17,0.0,-28.06,-27.34
5169,600272,开开实业,12.66,-3.8,-0.5,62485.0,80372160.0,4.1,13.18,12.64,13.1,13.16,0.74,3.91,257.02,4.28,3325173624.0,2025600000.0,0.0,0.0,-9.76,-7.12
5170,600488,津药药业,7.08,-3.8,-0.28,2553048.0,1844846588.0,11.96,7.72,6.84,7.15,7.36,2.12,23.38,83.38,2.56,7730557694.0,7730557694.0,-0.28,0.0,70.19,73.11
5171,300723,一品红,35.85,-3.81,-1.42,168451.0,610714878.02,4.99,37.56,35.7,36.81,37.27,0.61,4.02,-89.25,9.25,16193185661.0,15027916974.0,-0.06,-0.17,-0.11,6.86
5172,603108,润达医疗,12.61,-3.81,-0.5,118839.0,151286647.0,2.97,12.97,12.58,12.94,13.11,0.99,1.97,-35.09,1.84,7612699130.0,7612699130.0,-0.08,0.0,-19.73,-15.65
5173,300539,横河精密,28.21,-3.82,-1.12,76810.0,218816343.0,3.61,29.2,28.14,28.99,29.33,1.49,3.53,143.36,6.39,7563119675.0,6146627166.0,0.0,0.07,-30.5,-32.87
5174,301030,仕净科技,10.31,-3.82,-0.41,62550.0,65072336.6,3.92,10.7,10.28,10.64,10.72,0.74,3.09,-6.94,2.48,2086572132.0,2083709870.0,-0.29,0.0,-16.04,-12.85
5175,600749,西藏旅游,15.85,-3.82,-0.63,63692.0,101842725.0,3.64,16.4,15.8,16.4,16.48,1.62,2.81,82.86,3.34,3597403444.0,3597403444.0,0.06,0.13,-7.8,-7.2
5176,600734,实达集团,3.77,-3.83,-0.15,619415.0,235763726.0,3.57,3.89,3.75,3.86,3.92,1.24,2.84,-70.33,26.46,8212202710.0,8210506210.0,0.0,0.0,-19.1,-18.04
5177,002959,小熊电器,43.24,-3.83,-1.72,41480.0,179510142.65,3.36,44.52,43.01,44.52,44.96,2.15,2.76,17.17,2.27,6738241491.0,6508419724.0,-0.05,0.02,0.21,2.39
5178,000037,深南电A,9.51,-3.84,-0.38,344597.0,328480551.64,3.34,9.75,9.42,9.75,9.89,0.66,10.17,-215.57,3.9,5732272288.0,3223016507.0,0.11,0.0,10.84,14.86
5179,000997,新 大 陆,19.79,-3.84,-0.79,210329.0,419292092.66,3.01,20.34,19.72,20.34,20.58,1.63,2.09,16.38,2.79,20049207738.0,19937225350.0,0.05,0.05,-29.25,-30.12
5180,301551,无线传媒,29.51,-3.84,-1.18,65667.0,195235777.07,2.28,30.15,29.45,30.1,30.69,1.31,4.25,40.78,4.61,11804295100.0,4560880277.0,0.0,-0.34,-9.98,-6.47
5181,301049,超越科技,21.79,-3.84,-0.87,9930.0,21882284.85,4.02,22.59,21.68,22.46,22.66,0.67,2.32,-17.54,3.44,2053780148.0,933186363.0,0.0,0.05,-0.23,1.44
5182,920564,天润科技,23.73,-3.85,-0.95,15320.0,36694462.6,2.55,24.33,23.7,24.33,24.68,1.01,3.74,342.2,6.52,2114428926.0,972709240.0,-0.5,-0.08,-0.71,4.35
5183,688085,三友医疗,17.96,-3.85,-0.72,40182.0,72884004.0,4.5,18.74,17.9,18.31,18.68,1.19,1.26,94.63,2.85,5988986464.0,5724596083.0,0.0,-0.06,-4.01,-0.33
5184,002302,西部建设,5.73,-3.86,-0.23,123513.0,71381785.0,3.36,5.92,5.72,5.9,5.96,0.99,0.98,-9.91,0.91,7233290162.0,7233290162.0,0.0,-0.17,-7.88,-6.37
5185,920942,恒立钻具,25.43,-3.86,-1.02,11242.0,28831223.26,3.21,26.18,25.33,26.03,26.45,0.59,2.71,73.04,3.13,1559548153.0,1053183806.0,0.0,0.08,-20.88,-17.22
5186,002923,润都股份,13.69,-3.86,-0.55,315796.0,439189396.59,9.9,14.76,13.35,14.19,14.24,1.0,12.24,-62.88,4.38,4584689085.0,3533181364.0,-0.07,-0.15,9.78,12.67
5187,300229,拓尔思,18.16,-3.86,-0.73,239253.0,438222421.64,2.7,18.63,18.12,18.51,18.89,1.28,2.74,-74.33,4.0,15864956125.0,15854229031.0,-0.06,-0.06,-10.37,-8.74
5188,600850,电科数字,19.93,-3.86,-0.8,272477.0,547553545.0,3.23,20.56,19.89,20.4,20.73,2.05,4.01,39.9,2.79,13556360908.0,13556360908.0,-0.3,-0.35,-32.94,-32.76
5189,300279,和晶科技,8.47,-3.86,-0.34,172682.0,146327878.0,3.97,8.72,8.37,8.72,8.81,0.96,3.55,47.44,4.0,4142672680.0,4124417391.0,0.12,0.0,16.83,17.31
5190,300587,天铁科技,5.22,-3.87,-0.21,199872.0,105500878.73,3.87,5.42,5.21,5.4,5.43,0.95,1.9,-87.64,2.83,6776963120.0,5491113807.0,-0.19,0.0,-13.29,-14.85
5191,002445,中南文化,3.48,-3.87,-0.14,1430864.0,499096898.27,4.42,3.58,3.42,3.58,3.62,0.56,6.05,75.44,3.65,8270594208.0,8235005786.0,0.29,0.29,31.32,33.85
5192,688386,泛亚微透,80.77,-3.88,-3.26,20107.0,163992568.0,3.47,83.25,80.33,83.25,84.03,1.38,2.21,71.17,8.76,8045415538.0,7350070000.0,0.0,-0.05,-3.64,-7.8
5193,920055,隆源股份,32.66,-3.88,-1.32,22784.0,75076370.61,3.27,33.54,32.43,33.51,33.98,0.56,14.89,15.53,2.05,2220880000.0,499698000.0,0.06,0.37,32.23,32.23
5194,002945,华林证券,15.6,-3.88,-0.63,194324.0,305076478.06,2.65,15.98,15.55,15.98,16.23,1.28,0.72,83.2,5.8,42120000000.0,42120000000.0,0.0,0.06,-12.56,1.76
5195,920779,武汉蓝电,32.17,-3.88,-1.3,9928.0,32375641.58,2.99,33.05,32.05,33.01,33.47,0.9,4.96,41.02,5.25,2576003742.0,644468108.0,0.0,-0.03,-10.84,-4.93
5196,002551,尚荣医疗,3.46,-3.89,-0.14,193149.0,67967383.67,5.28,3.64,3.45,3.6,3.6,1.07,3.16,-62.46,1.13,2925411240.0,2114706058.0,0.0,-0.29,-10.59,-5.21
5197,002043,兔 宝 宝,13.79,-3.9,-0.56,198020.0,271606882.95,5.92,14.28,13.43,14.25,14.35,1.54,2.69,15.86,3.45,11442314279.0,10150746671.0,0.15,0.22,-2.54,-4.3
5198,301048,金鹰重工,10.85,-3.9,-0.44,211104.0,232877968.16,4.69,11.37,10.84,11.01,11.29,0.64,3.96,34.67,2.11,5786667390.0,5786667390.0,-0.28,-0.37,-8.13,-4.82
5199,688201,信安世纪,13.54,-3.9,-0.55,77289.0,105852985.0,3.55,14.0,13.5,14.0,14.09,1.38,2.55,54.16,3.12,4294262669.0,4096266396.0,0.07,0.22,-7.32,-7.45
5200,600512,腾达建设,2.46,-3.91,-0.1,715765.0,179334996.0,4.69,2.58,2.46,2.57,2.56,0.88,4.51,18.67,0.62,3920775008.0,3905016701.0,-0.4,0.0,0.0,1.65
5201,603955,大千生态,25.06,-3.91,-1.02,13368.0,33947176.0,4.95,26.34,25.05,26.34,26.08,0.98,0.98,-69.13,2.23,3401143200.0,3401143200.0,0.0,-0.04,-15.19,-13.62
5202,000702,正虹科技,6.39,-3.91,-0.26,66339.0,42799114.0,4.96,6.69,6.36,6.65,6.65,0.82,2.49,-158.51,6.29,2214933418.0,1703794941.0,0.0,0.16,-4.48,-4.34
5203,603199,九华旅游,37.57,-3.91,-1.53,36355.0,137335858.0,3.79,38.88,37.4,38.81,39.1,1.3,3.28,19.54,2.52,4158247600.0,4158247600.0,-0.03,-0.03,1.62,2.2
5204,600278,东方创业,7.12,-3.91,-0.29,69924.0,50306860.0,4.05,7.41,7.11,7.39,7.41,0.93,0.8,25.87,0.81,6208038766.0,6208038766.0,-0.14,-0.14,-8.37,-6.32
5205,002712,思美传媒,5.15,-3.92,-0.21,146630.0,76407564.2,3.92,5.35,5.14,5.35,5.36,1.05,2.71,-142.2,2.06,2803022420.0,2785636406.0,-0.19,0.0,-11.51,-7.37
5206,002791,坚朗五金,18.89,-3.92,-0.77,81491.0,155197111.67,3.41,19.48,18.81,19.48,19.66,1.58,3.74,302.75,1.2,6684887896.0,4112438798.0,0.05,0.21,-13.03,-10.94
5207,000596,古井贡酒,102.8,-3.93,-4.2,45430.0,470003858.61,3.96,106.44,102.2,106.14,107.0,1.39,1.11,10.29,2.13,54340080000.0,42004080000.0,0.01,0.07,-23.66,-21.88
5208,688078,龙软科技,24.21,-3.93,-0.99,6743.0,16572672.0,3.93,25.2,24.21,25.2,25.2,0.94,0.93,-32.17,2.61,1764739530.0,1764739530.0,-0.33,-0.57,-13.66,-11.96
5209,603402,陕西旅游,130.85,-3.94,-5.37,19176.0,253158479.0,4.02,135.77,130.3,135.06,136.22,1.27,9.92,20.55,5.58,10119066754.0,2529766754.0,0.06,-0.11,-0.87,62.67
5210,920932,科达自控,14.89,-3.94,-0.61,14988.0,22680430.0,3.23,15.39,14.89,15.3,15.5,1.09,1.73,-26.79,2.47,1568666712.0,1292647744.0,-1.06,-0.6,-33.02,-30.87
5211,688111,金山办公,233.19,-3.95,-9.59,68664.0,1607948332.0,3.95,240.0,230.41,239.93,242.78,1.42,1.48,58.84,8.4,108053744896.0,108053744896.0,0.0,-0.01,-29.14,-24.06
5212,920799,艾融软件,34.57,-3.95,-1.42,34468.0,120030107.28,2.2,35.23,34.44,35.23,35.99,0.89,2.86,111.07,17.46,7252096329.0,4172757019.0,0.06,0.09,-30.27,-27.6
5213,301001,凯淳股份,28.2,-3.95,-1.16,17734.0,50449354.0,4.43,29.34,28.04,29.34,29.36,1.2,3.53,4611.42,2.89,2256000000.0,1418460000.0,0.07,0.21,-5.18,-4.54
5214,002553,南方精工,25.32,-3.95,-1.04,131352.0,336627987.14,2.58,25.98,25.3,25.96,26.36,0.86,5.24,18.31,6.02,8948332059.0,6350256000.0,-0.04,-0.12,-7.89,-7.29
5215,300422,博世科,4.61,-3.96,-0.19,115441.0,53997336.18,5.42,4.83,4.57,4.78,4.8,1.09,2.26,-8.7,2.22,2461188593.0,2357793213.0,0.0,0.0,-1.5,0.44
5216,002694,顾地科技,2.91,-3.96,-0.12,113302.0,33182101.8,4.62,3.03,2.89,3.03,3.03,0.97,1.58,-5.5,21.11,2220576768.0,2091651837.0,0.34,0.69,-23.22,-22.61
5217,600476,湘邮科技,10.4,-3.97,-0.43,44424.0,46577717.0,4.25,10.78,10.32,10.73,10.83,0.85,2.76,-45.24,14.74,1675128000.0,1675128000.0,-0.57,-0.29,-35.48,-35.04
5218,300074,华平股份,4.11,-3.97,-0.17,156548.0,65027744.0,4.44,4.28,4.09,4.25,4.28,1.01,2.86,-35.68,2.28,2260860036.0,2248532913.0,0.49,0.24,-12.92,-10.85
5219,688708,佳驰科技,51.05,-3.97,-2.11,17597.0,90651730.0,3.95,52.98,50.88,52.98,53.16,2.21,1.24,46.81,5.83,20420510500.0,7263207668.0,-0.2,0.12,-19.42,-17.99
5220,002368,太极股份,19.29,-3.98,-0.8,89778.0,174101808.96,3.53,19.85,19.14,19.84,20.09,1.49,1.45,2228.23,2.32,12022131507.0,11968089299.0,-0.1,-0.16,-23.15,-21.23
5221,300831,派瑞股份,17.14,-3.98,-0.71,154035.0,265405469.0,2.63,17.55,17.08,17.48,17.85,0.7,8.35,739.92,5.97,5484800000.0,3162059874.0,-0.06,-0.12,50.48,55.54
5222,920924,广脉科技,19.52,-3.98,-0.81,18674.0,36948999.71,3.2,20.17,19.52,20.07,20.33,0.86,2.86,117.65,6.57,2094427680.0,1276064192.0,-0.2,-0.31,-10.7,-6.74
5223,603079,圣达生物,16.4,-3.98,-0.68,28434.0,47341726.0,4.1,17.1,16.4,17.0,17.08,0.99,1.5,43.59,1.97,3100085834.0,3100085834.0,-0.18,-0.18,-8.64,-7.45
5224,002105,信隆健康,6.26,-3.99,-0.26,91728.0,57830676.0,4.75,6.52,6.21,6.48,6.52,1.04,2.52,-57.05,2.74,2292674607.0,2281588304.0,0.0,0.0,-14.6,-14.48
5225,300377,赢时胜,17.81,-3.99,-0.74,255481.0,458386072.69,2.05,18.15,17.77,18.05,18.55,1.05,3.7,-232.16,5.3,13375364855.0,12306609498.0,0.0,0.0,-25.04,-21.02
5226,603826,坤彩科技,26.49,-3.99,-1.1,121924.0,324546048.0,3.62,27.23,26.23,26.8,27.59,0.71,1.86,-186.84,9.67,17356248000.0,17356248000.0,0.0,0.0,51.37,55.82
5227,603717,天域生物,6.48,-4.0,-0.27,68131.0,44506904.0,4.74,6.76,6.44,6.76,6.75,0.98,2.35,-875.36,3.63,1880147635.0,1880147635.0,-0.31,0.15,-17.03,-17.35
5228,000566,海南海药,5.28,-4.0,-0.22,540429.0,289574038.47,5.45,5.55,5.25,5.45,5.5,1.01,4.17,-21.2,24.61,6850087865.0,6846764142.0,0.0,0.0,-27.37,-26.15
5229,688114,华大智造,49.66,-4.0,-2.07,25914.0,130312544.0,3.56,51.49,49.65,51.38,51.73,0.95,0.63,-87.3,2.68,20684192257.0,20575862692.0,-0.1,-0.1,-27.28,-18.27
5230,301468,博盈特焊,49.73,-4.0,-2.07,91769.0,461863641.53,3.05,51.14,49.56,50.37,51.8,1.55,12.24,116.61,2.87,6470563103.0,3729879596.0,0.08,0.14,-11.98,-4.88
5231,300374,中铁装配,14.17,-4.0,-0.59,43368.0,62191940.0,5.62,14.98,14.15,14.8,14.76,0.8,1.76,-28.83,4.69,3484577815.0,3484168444.0,-0.07,-0.21,-11.49,-9.57
5232,002775,文科股份,3.83,-4.01,-0.16,99265.0,38481405.4,4.76,4.0,3.81,3.94,3.99,0.8,1.74,141.2,9.21,2436936758.0,2189878778.0,0.26,0.0,-13.35,-10.51
5233,603968,醋化股份,13.15,-4.01,-0.55,143578.0,187890534.0,2.92,13.29,12.89,13.28,13.7,1.05,7.02,-83.23,1.49,2688912000.0,2688912000.0,0.31,0.54,16.58,17.73
5234,688565,力源科技,12.7,-4.01,-0.53,30395.0,38887141.0,6.35,13.37,12.53,13.23,13.23,1.1,2.03,196.65,3.83,1901571000.0,1901571000.0,0.08,0.55,7.54,13.49
5235,600880,博瑞传播,4.78,-4.02,-0.2,240832.0,116387004.0,3.21,4.94,4.78,4.93,4.98,1.32,2.2,499.51,1.72,5226127400.0,5224684237.0,0.0,-0.21,-15.1,-3.24
5236,001336,楚环科技,25.96,-4.03,-1.09,18953.0,49659356.76,4.66,27.05,25.79,27.05,27.05,0.88,4.07,79.47,2.63,2086496060.0,1209298834.0,-0.27,-0.23,1.45,6.13
5237,600826,兰生股份,9.53,-4.03,-0.4,65511.0,63242178.0,4.13,9.91,9.5,9.91,9.93,1.63,0.89,29.03,1.63,7009634722.0,7009634722.0,0.11,0.11,-20.45,-9.58
5238,601601,中国太保,38.29,-4.04,-1.61,431901.0,1662639553.0,3.31,39.5,38.18,39.5,39.9,1.45,0.63,6.88,1.22,368362874312.0,262096637312.0,-0.05,0.08,-19.13,-8.64
5239,300063,天龙集团,12.12,-4.04,-0.51,994309.0,1201846853.78,3.25,12.36,11.95,12.1,12.63,1.47,15.87,62.16,5.29,9193349058.0,7593839849.0,-0.08,0.0,36.79,41.42
5240,300317,珈伟新能,4.75,-4.04,-0.2,584578.0,277962391.93,4.04,4.9,4.7,4.9,4.95,0.73,7.05,-71.94,2.53,3943394924.0,3937338674.0,0.21,0.0,20.25,23.7
5241,300612,宣亚国际,14.93,-4.05,-0.63,95309.0,143375646.02,3.41,15.39,14.86,15.3,15.56,1.46,5.3,-105.4,5.5,2694185625.0,2685600875.0,0.07,0.0,-18.01,-16.17
5242,300760,迈瑞医疗,156.3,-4.06,-6.62,118939.0,1879819789.16,3.52,161.91,156.18,161.5,162.92,1.51,0.98,23.29,4.97,189504589882.0,189341707933.0,-0.1,-0.17,-23.36,-17.93
5243,300949,奥雅股份,37.54,-4.06,-1.59,10493.0,39737554.0,5.06,39.28,37.3,38.72,39.13,1.04,3.06,-58.87,3.39,2252400000.0,1287661905.0,-0.21,0.05,-5.63,-4.23
5244,688169,石头科技,114.0,-4.06,-4.83,43708.0,504518417.0,3.29,117.89,113.98,117.89,118.83,1.46,1.69,21.72,2.11,29538125952.0,29538125952.0,0.0,-0.24,-29.32,-25.03
5245,688221,前沿生物-U,19.76,-4.08,-0.84,164236.0,330787661.0,6.46,20.99,19.66,20.5,20.6,0.87,4.38,-28.28,8.37,7401674183.0,7401674183.0,0.05,0.0,-11.79,9.47
5246,920748,路桥信息,36.15,-4.09,-1.54,11352.0,41315131.1,3.45,37.3,36.0,37.25,37.69,0.91,3.18,-45.86,12.55,2774151000.0,1289327129.0,-0.36,-0.28,-17.65,-22.32
5247,603268,*ST松发,120.23,-4.09,-5.13,46160.0,560610272.0,3.96,124.75,119.78,124.0,125.36,1.07,1.98,43.97,12.35,116716675370.0,28043622492.0,-0.06,-0.07,36.56,44.2
5248,688789,宏华数科,68.97,-4.1,-2.95,20750.0,144379167.0,3.7,71.27,68.61,71.2,71.92,0.57,1.15,23.51,3.48,12432263700.0,12432263700.0,-0.16,0.09,-13.51,-15.45
5249,605069,正和生态,11.24,-4.1,-0.48,58383.0,66207484.0,6.14,11.79,11.07,11.72,11.72,2.32,2.76,-84.09,2.79,2379483025.0,2379483025.0,-0.35,-0.35,-22.54,-23.54
5250,301588,美新科技,20.6,-4.1,-0.88,29004.0,60317026.94,4.84,21.43,20.39,21.41,21.48,0.96,3.95,64.68,2.62,2448675732.0,1511199170.0,0.1,0.54,12.69,13.37
5251,688327,云从科技-UW,12.85,-4.1,-0.55,225922.0,293701248.0,2.76,13.2,12.83,13.13,13.4,1.2,2.71,-24.49,17.85,13345348482.0,10709717364.0,-0.08,-0.08,-15.07,-10.58
5252,603168,莎普爱思,6.79,-4.1,-0.29,98854.0,68634700.0,5.65,7.19,6.79,7.04,7.08,1.12,2.65,68.95,1.58,2540318969.0,2529370094.0,-0.15,-0.29,-10.66,-7.74
5253,688523,航天环宇,60.35,-4.1,-2.58,58812.0,358737918.0,4.18,62.83,60.2,62.01,62.93,1.01,6.09,572.0,14.65,24555208000.0,5824736798.0,0.0,0.1,-19.13,7.84
5254,600802,福建水泥,5.83,-4.11,-0.25,117357.0,69010284.0,3.95,6.06,5.82,6.06,6.08,0.71,2.56,-264.82,2.41,2671588172.0,2671588172.0,-0.17,0.0,-10.31,-11.13
5255,002524,光正眼科,4.2,-4.11,-0.18,142638.0,60654001.0,5.48,4.41,4.17,4.36,4.38,0.96,2.79,9360.58,17.86,2164392611.0,2145600761.0,-0.47,-0.47,-0.47,1.94
5256,603585,苏利股份,22.39,-4.11,-0.96,189852.0,433586214.0,6.38,23.8,22.31,23.8,23.35,1.06,10.23,22.89,1.65,4248187921.0,4155157471.0,0.09,-0.09,15.65,18.72
5257,601279,英利汽车,3.97,-4.11,-0.17,174441.0,69578574.0,3.86,4.1,3.94,4.1,4.14,1.64,1.1,-74.49,1.51,6295570360.0,6295570360.0,0.0,0.25,-24.81,-23.65
5258,603898,好莱客,13.05,-4.11,-0.56,31439.0,41649771.0,3.31,13.5,13.05,13.5,13.61,0.67,1.01,97.18,1.29,4063053059.0,4063053059.0,-0.23,-0.46,-5.57,-1.95
5259,920931,无锡鼎邦,12.11,-4.12,-0.52,8794.0,10737999.45,3.25,12.49,12.08,12.49,12.63,0.62,3.06,107.43,2.9,1137492300.0,348474938.0,0.08,0.17,-17.0,-15.26
5260,603359,东珠生态,5.8,-4.13,-0.25,104749.0,61639187.0,4.63,6.07,5.79,6.07,6.05,1.02,2.35,-64.17,0.98,2587356800.0,2587356800.0,-0.17,-0.17,-36.75,-39.2
5261,300605,恒锋信息,13.92,-4.13,-0.6,45835.0,64441277.0,3.79,14.42,13.87,14.33,14.52,1.29,3.63,165.26,4.8,2298798146.0,1759242590.0,-0.36,-0.14,-13.16,-11.05
5262,000010,美丽生态,3.71,-4.13,-0.16,218221.0,81688016.0,3.88,3.84,3.69,3.84,3.87,0.71,2.57,-100.27,13.06,4265210003.0,3146203673.0,0.0,-0.27,4.8,5.1
5263,002307,北新路桥,4.64,-4.13,-0.2,529416.0,247800906.57,3.1,4.76,4.61,4.75,4.84,0.51,4.17,-58.43,1.99,7650334820.0,5884872940.0,0.22,0.0,-7.75,-8.12
5264,603879,永悦科技,5.32,-4.14,-0.23,83732.0,45120733.0,4.5,5.55,5.3,5.55,5.55,0.94,2.33,-154.93,7.46,1911712421.0,1911712421.0,-0.37,0.0,-25.18,-24.86
5265,301113,雅艺科技,25.18,-4.15,-1.09,22584.0,57708377.8,8.49,26.99,24.76,25.95,26.27,1.5,4.1,302.32,3.35,2291380000.0,1387063969.0,-0.28,0.24,1.12,5.67
5266,300426,华智数媒,7.38,-4.16,-0.32,73828.0,54914970.0,3.77,7.65,7.36,7.64,7.7,0.89,1.85,-8.27,30.13,3323825138.0,2952000000.0,0.0,-0.14,-7.17,-4.4
5267,000753,漳州发展,6.91,-4.16,-0.3,452157.0,314832333.87,4.02,7.16,6.87,7.14,7.21,0.83,4.56,98.69,2.5,6851134201.0,6851134201.0,-0.14,-0.14,-12.75,-12.2
5268,688246,嘉和美康,19.11,-4.16,-0.83,29217.0,56331193.0,3.56,19.79,19.08,19.79,19.94,1.04,2.12,-10.4,2.02,2629260778.0,2629260778.0,0.0,0.0,-21.2,-17.81
5269,688318,财富趋势,109.12,-4.16,-4.74,27874.0,307393706.0,2.8,111.99,108.8,111.46,113.86,1.13,1.09,88.61,7.28,27947756785.0,27947756785.0,-0.02,0.0,-26.48,-17.53
5270,300492,华图山鼎,56.19,-4.16,-2.44,24573.0,139260915.2,4.66,58.52,55.79,58.52,58.63,1.89,1.25,33.27,27.83,11051508649.0,11051508649.0,-0.04,0.0,-26.63,-24.37
5271,301667,纳百川,81.92,-4.16,-3.56,37393.0,306415067.06,4.93,84.71,80.5,84.63,85.48,0.83,16.62,117.71,9.97,9147973632.0,1842746081.0,0.0,-0.04,10.17,2.08
5272,300254,仟源医药,11.3,-4.16,-0.49,112658.0,128985008.2,4.58,11.81,11.27,11.75,11.79,0.95,4.99,97.19,9.84,2893461762.0,2553027871.0,0.09,0.0,9.39,11.66
5273,920706,铁拓机械,25.06,-4.17,-1.09,45764.0,115459947.84,4.44,25.95,24.79,25.35,26.15,1.18,9.6,47.03,3.89,2315675440.0,1194657062.0,0.16,0.24,-1.61,0.24
5274,000056,皇庭国际,1.84,-4.17,-0.08,338012.0,62698441.6,4.17,1.92,1.84,1.91,1.92,0.64,3.74,-0.67,-1.04,2175851925.0,1662856821.0,-0.54,0.0,-12.38,-8.46
5275,605006,山东玻纤,9.2,-4.17,-0.4,411009.0,372064410.0,6.15,9.3,8.71,9.0,9.6,1.13,6.85,-410.99,2.25,5520445041.0,5520445041.0,0.22,0.11,25.85,26.03
5276,300345,华民股份,6.67,-4.17,-0.29,312734.0,210005850.2,3.02,6.88,6.67,6.88,6.96,0.68,6.52,-28.26,7.43,3870134387.0,3197246444.0,0.0,-0.3,5.21,6.38
5277,688095,福昕软件,71.67,-4.17,-3.12,22277.0,161154032.0,3.18,73.9,71.52,73.38,74.79,1.44,2.44,237.92,2.5,6547737085.0,6547737085.0,-0.04,-0.06,-27.11,-19.72
5278,000659,珠海中富,3.91,-4.17,-0.17,551062.0,215064056.08,3.92,3.99,3.83,3.98,4.08,0.86,4.29,-70.31,29.57,5027096853.0,5027096853.0,0.0,0.26,-3.93,-3.69
5279,688031,星环科技-U,136.33,-4.17,-5.93,61256.0,839203358.0,4.42,140.59,134.3,139.1,142.26,0.79,5.06,-67.36,19.15,16514459428.0,16514459428.0,0.09,-0.09,7.92,26.01
5280,920227,美登科技,59.6,-4.18,-2.6,9705.0,58100832.15,2.35,60.68,59.22,60.66,62.2,1.23,5.48,53.25,5.58,2320913400.0,1056005733.0,0.05,0.17,-1.88,-0.5
5281,300803,指南针,98.65,-4.18,-4.3,161840.0,1611678895.41,2.15,100.82,98.61,100.8,102.95,1.01,2.67,263.94,21.57,60155972415.0,59716710304.0,0.0,-0.08,-33.66,-24.57
5282,300080,易成新能,4.57,-4.19,-0.2,348734.0,160635288.9,3.77,4.73,4.55,4.73,4.77,0.78,1.86,-24.23,1.77,8561348593.0,8549832709.0,-0.22,0.0,-9.86,-5.97
5283,003033,征和工业,61.0,-4.19,-2.67,25981.0,159761314.84,2.36,62.5,61.0,62.02,63.67,0.6,3.22,28.47,3.56,4986750000.0,4925362162.0,-0.03,0.0,-20.05,-22.4
5284,600692,亚通股份,7.54,-4.19,-0.33,111245.0,85041899.0,4.96,7.89,7.5,7.82,7.87,0.87,4.36,184.28,2.74,2652301043.0,1922779298.0,0.13,0.27,6.8,7.56
5285,600726,华电能源,4.8,-4.19,-0.21,2058743.0,991209576.0,3.59,4.92,4.74,4.91,5.01,0.6,2.75,106.54,9.23,37955213808.0,35881613798.0,-0.21,0.0,97.53,100.84
5286,000008,神州高铁,2.74,-4.2,-0.12,1438540.0,398177852.9,3.15,2.83,2.74,2.81,2.86,0.39,5.3,-64.0,2.54,7442874851.0,7442653648.0,-0.36,0.0,-13.02,-3.86
5287,300780,德恩精工,22.34,-4.2,-0.98,101157.0,227810960.0,2.87,22.93,22.26,22.65,23.32,0.81,9.41,-75.71,3.2,3276607800.0,2402332168.0,0.18,0.0,16.05,15.87
5288,688023,安恒信息,48.74,-4.21,-2.14,29982.0,147828627.0,3.73,50.45,48.55,50.03,50.88,1.26,2.95,-86.28,2.1,4960975506.0,4960975506.0,0.06,0.08,-8.66,-5.19
5289,301313,凡拓数创,28.7,-4.21,-1.26,18177.0,52680307.88,3.94,29.8,28.62,29.8,29.96,1.2,2.41,-23.1,4.12,2969112580.0,2166499171.0,0.03,-0.07,4.25,8.26
5290,300078,思创智联,4.1,-4.21,-0.18,437140.0,181352817.0,4.44,4.27,4.08,4.26,4.28,1.14,3.93,-721.83,7.93,4583276143.0,4564805307.0,-0.24,-0.24,-4.65,-7.45
5291,920028,新恒泰,15.15,-4.24,-0.67,42636.0,65572854.94,3.16,15.65,15.15,15.61,15.82,0.91,10.02,22.39,2.39,2490054000.0,644770365.0,-0.26,-0.26,61.17,61.17
5292,301098,金埔园林,8.35,-4.24,-0.37,47757.0,40584526.0,4.59,8.73,8.33,8.72,8.72,0.86,3.19,-11.96,1.29,1535862085.0,1249905897.0,-0.12,-0.12,-3.13,-2.68
5293,688288,鸿泉技术,24.75,-4.26,-1.1,35754.0,89755964.0,3.6,25.65,24.72,25.5,25.85,0.48,3.58,83.95,3.27,2470389174.0,2470389174.0,0.0,-0.08,-12.02,-7.68
5294,920471,美邦科技,12.36,-4.26,-0.55,15823.0,19822278.37,4.65,12.9,12.3,12.9,12.91,0.97,2.98,-37.76,2.01,1028352000.0,655458303.0,-0.08,0.0,-6.65,-2.6
5295,002044,美年健康,5.39,-4.26,-0.24,1519577.0,822624415.59,3.2,5.56,5.38,5.53,5.63,1.81,3.92,305.12,2.67,21097828645.0,20882086910.0,-0.19,0.0,-1.64,2.08
5296,603992,松霖科技,32.6,-4.26,-1.45,58386.0,190718148.0,4.14,33.66,32.25,33.66,34.05,0.75,1.32,70.31,4.25,14443163332.0,14443163332.0,-0.15,-0.03,-18.3,-20.33
5297,688270,臻镭科技,148.38,-4.27,-6.62,143264.0,2138672942.0,4.33,153.0,146.29,152.0,155.0,1.1,6.69,238.39,14.09,31760976408.0,31760976408.0,0.01,-0.15,8.36,21.55
5298,603355,莱克电气,27.14,-4.27,-1.21,28310.0,77257743.0,3.67,28.05,27.01,28.05,28.35,1.48,0.49,18.79,2.85,15561988012.0,15561988012.0,-0.07,-0.11,-16.03,-14.47
5299,603806,福斯特,17.73,-4.27,-0.79,424634.0,759465660.0,3.08,18.25,17.68,18.23,18.52,1.02,1.63,60.09,2.9,46253046811.0,46253046811.0,0.0,0.11,23.99,27.01
5300,300838,浙江力诺,15.2,-4.28,-0.68,31456.0,48373994.56,4.47,15.79,15.08,15.7,15.88,1.02,3.09,150.59,2.12,2097265600.0,1546674100.0,0.07,-0.33,-9.69,-0.33
5301,920021,流金科技,10.5,-4.28,-0.47,353150.0,369425193.87,3.28,10.66,10.3,10.47,10.97,1.42,14.27,310.17,5.05,3244499822.0,2599324067.0,-0.19,-0.28,54.64,56.25
5302,920015,锦华新材,38.86,-4.29,-1.74,17538.0,69064871.33,3.79,40.3,38.76,40.3,40.6,1.12,4.38,27.05,3.14,5268120680.0,1554883418.0,0.05,-0.05,-27.85,-18.53
5303,688506,百利天恒,308.2,-4.29,-13.81,17269.0,540669544.0,5.37,324.99,307.7,319.49,322.01,0.68,0.42,-121.11,19.21,127247710399.0,127247710399.0,0.0,-0.04,-6.46,-4.61
5304,688067,爱威科技,26.63,-4.31,-1.2,13264.0,35925831.0,4.17,27.7,26.54,27.65,27.83,0.78,1.95,62.56,3.52,1810840000.0,1810840000.0,-0.19,-0.04,4.6,8.43
5305,600103,青山纸业,3.55,-4.31,-0.16,888766.0,316872626.0,3.77,3.65,3.51,3.63,3.71,1.51,4.02,91.8,2.0,7954934952.0,7853768117.0,0.0,0.85,-15.68,-15.27
5306,920230,欧康医药,12.42,-4.31,-0.56,92503.0,117444685.7,7.32,13.26,12.31,12.72,12.98,0.85,19.58,107.62,2.99,1250911288.0,586817030.0,-0.08,0.0,-2.59,2.9
5307,603189,网达软件,17.31,-4.31,-0.78,168109.0,292336391.0,2.87,17.7,17.18,17.55,18.09,0.81,6.24,583.36,3.1,4665881921.0,4665881921.0,-0.06,-0.06,-12.13,-9.04
5308,920092,汉鑫科技,29.76,-4.31,-1.34,12126.0,36416521.66,4.6,30.97,29.54,30.96,31.1,1.28,3.68,-47.47,5.23,1847491872.0,980692797.0,-0.03,0.0,-39.13,-20.51
5309,301356,天振股份,21.72,-4.32,-0.98,16117.0,35438221.0,4.32,22.64,21.66,22.64,22.7,1.31,2.94,41.28,1.56,4691520000.0,1190473200.0,0.05,0.18,1.78,2.5
5310,002726,龙大美食,3.1,-4.32,-0.14,368967.0,115858052.69,5.25,3.26,3.09,3.22,3.24,1.2,3.42,-14.01,3.1,3345398136.0,3342859236.0,0.0,0.32,-26.37,-24.57
5311,688118,普元信息,28.05,-4.33,-1.27,35201.0,99688588.0,4.43,29.17,27.87,28.9,29.32,1.0,3.77,350.53,3.0,2617533800.0,2617533800.0,-0.11,-0.04,6.29,9.91
5312,920375,派诺科技,13.66,-4.34,-0.62,49269.0,68087545.2,3.78,14.19,13.65,14.19,14.28,1.07,7.59,160.37,1.82,1484211591.0,886755128.0,-0.44,-0.15,0.07,4.51
5313,300825,阿尔特,8.77,-4.36,-0.4,90647.0,80455926.57,4.25,9.13,8.74,9.06,9.17,0.72,1.87,-21.58,2.07,4340101818.0,4248958883.0,0.11,0.23,-19.76,-9.4
5314,300231,银信科技,10.53,-4.36,-0.48,247848.0,261593993.97,4.54,10.91,10.41,10.89,11.01,0.86,5.58,66.6,2.88,4678425192.0,4678184950.0,0.19,0.19,-1.59,0.0
5315,920099,瑞华技术,30.44,-4.37,-1.39,11199.0,34603328.09,4.12,31.63,30.32,31.63,31.83,1.09,2.31,22.2,2.58,2386495939.0,1475813784.0,-0.03,-0.03,-9.05,-7.45
5316,300299,富春股份,5.91,-4.37,-0.27,200626.0,119813172.0,3.4,6.11,5.9,6.08,6.18,1.46,2.91,-332.07,9.49,4079673502.0,4073308432.0,-0.17,-0.17,-20.14,-16.76
5317,603787,新日股份,12.62,-4.39,-0.58,143380.0,182115990.0,3.64,13.04,12.56,13.04,13.2,0.67,6.23,18.82,1.83,2904414630.0,2904414630.0,-0.08,-0.08,-6.93,-10.24
5318,002640,跨境通,3.48,-4.4,-0.16,595997.0,209382393.0,3.85,3.61,3.47,3.6,3.64,1.38,3.85,-12.99,11.95,5421983828.0,5387951777.0,0.0,0.0,-24.68,-23.18
5319,920571,国航远洋,10.17,-4.42,-0.47,227159.0,233032185.15,3.76,10.52,10.12,10.38,10.64,0.81,8.03,203.82,4.18,5648493797.0,2875239884.0,0.0,0.1,2.42,3.35
5320,688500,慧辰股份,48.91,-4.42,-2.26,14886.0,73596346.0,4.63,50.98,48.61,50.72,51.17,1.38,2.03,-88.77,5.08,3682762086.0,3585881158.0,0.35,0.18,-22.22,-20.81
5321,688793,倍轻松,21.38,-4.43,-0.99,20146.0,43774104.0,4.87,22.45,21.36,22.37,22.37,0.72,2.34,-20.58,7.61,1837513058.0,1837513058.0,-0.09,-0.19,-9.71,-1.93
5322,300040,九洲集团,6.68,-4.43,-0.31,534601.0,359161556.54,3.29,6.89,6.66,6.89,6.99,0.84,10.33,74.76,1.67,4297981712.0,3456071981.0,0.0,0.15,8.27,10.96
5323,688429,时创能源,13.57,-4.44,-0.63,48538.0,65824736.0,5.56,14.11,13.32,14.11,14.2,1.03,4.05,-16.12,3.94,5428010856.0,1626056013.0,-0.15,-0.15,1.04,3.67
5324,688098,申联生物,9.45,-4.45,-0.44,182516.0,175256423.0,5.46,9.93,9.39,9.8,9.89,0.92,4.44,-203.27,2.77,3880585800.0,3880585800.0,0.43,0.21,2.61,6.42
5325,605177,东亚药业,20.15,-4.46,-0.94,22193.0,45396635.0,5.26,21.19,20.08,21.15,21.09,1.14,1.97,-23.94,1.36,2311615355.0,2268572879.0,-0.1,0.0,9.33,13.2
5326,300603,立昂技术,11.78,-4.46,-0.55,479834.0,567582007.42,3.0,12.05,11.68,12.01,12.33,0.91,12.83,-68.54,3.9,5475323161.0,4404909583.0,-0.25,-0.17,18.15,21.19
5327,301232,飞沃科技,176.5,-4.46,-8.24,83889.0,1500432457.05,4.82,183.0,174.1,180.54,184.74,1.26,18.78,216.33,9.4,13266154246.0,7883772273.0,0.12,0.0,-3.55,4.83
5328,688212,澳华内镜,35.65,-4.47,-1.67,23763.0,85482539.0,4.42,37.15,35.5,37.01,37.32,1.75,1.76,418.85,3.66,4800816163.0,4800816163.0,0.0,-0.22,-21.63,-18.44
5329,301515,港通医疗,22.32,-4.49,-1.05,29712.0,66704516.0,5.48,23.33,22.05,23.33,23.37,1.2,4.53,-163.98,1.83,2232000000.0,1463534676.0,0.45,-0.13,1.09,11.27
5330,688039,当虹科技,42.03,-4.5,-1.98,27938.0,118475030.0,2.45,43.0,41.92,42.5,44.01,1.44,2.53,-52.43,4.36,4648577851.0,4648577851.0,0.05,-0.02,-23.57,-6.08
5331,300571,平治信息,34.96,-4.51,-1.65,248959.0,868755290.0,2.84,35.5,34.46,35.0,36.61,1.85,21.53,492.25,3.36,4877909158.0,4042675638.0,-0.65,-0.43,20.72,26.44
5332,920651,天罡股份,27.96,-4.51,-1.32,11548.0,32580161.28,3.69,28.88,27.8,28.88,29.28,0.79,7.56,21.24,3.14,1705560000.0,427085393.0,-0.04,-0.04,-38.51,-35.43
5333,605116,奥锐特,27.23,-4.52,-1.29,123607.0,340024362.0,6.45,28.77,26.93,28.3,28.52,0.87,3.04,23.46,4.39,11060369462.0,11060369462.0,-0.04,0.0,6.28,8.7
5334,301257,普蕊斯,59.08,-4.52,-2.8,27999.0,168448244.33,5.7,62.47,58.94,61.19,61.88,0.9,3.72,40.06,3.73,4667601812.0,4449841144.0,0.1,0.05,9.41,13.53
5335,002869,金溢科技,22.53,-4.53,-1.07,83959.0,191195860.2,2.63,23.12,22.5,23.12,23.6,0.54,5.33,-100.95,1.89,3985894747.0,3548886263.0,-0.04,-0.13,-11.12,-3.14
5336,002812,恩捷股份,65.82,-4.53,-3.12,351603.0,2360496013.03,5.34,69.48,65.8,69.18,68.94,1.18,4.27,-561.65,2.58,64643921461.0,54147288216.0,0.0,-0.06,17.58,16.21
5337,300316,晶盛机电,41.39,-4.54,-1.97,447330.0,1836209978.06,7.1,42.9,39.82,42.8,43.36,2.55,3.63,45.11,3.11,54201603858.0,50974079372.0,0.02,0.1,9.32,12.63
5338,300821,东岳硅材,13.43,-4.55,-0.64,914062.0,1235742977.97,4.41,13.98,13.36,13.91,14.07,1.69,7.62,-834.63,3.27,16116000000.0,16113189773.0,0.0,0.22,1.9,15.18
5339,300910,瑞丰新材,50.92,-4.55,-2.43,37280.0,191931271.8,4.31,53.0,50.7,52.87,53.35,1.06,1.8,20.46,3.94,15069024356.0,10536545027.0,0.04,-0.16,-11.72,-9.96
5340,688307,中润光学,87.68,-4.56,-4.19,88894.0,782897445.0,7.0,90.98,84.55,89.18,91.87,0.87,10.01,123.46,8.62,7783704320.0,7783704320.0,-0.25,-0.51,98.15,102.92
5341,688096,京源环保,8.16,-4.56,-0.39,76446.0,63168623.0,5.15,8.55,8.11,8.55,8.55,0.86,3.24,-28.81,2.26,1926124695.0,1926124695.0,0.0,-0.12,-2.86,3.29
5342,603601,再升科技,13.61,-4.56,-0.65,2032427.0,2793191924.0,4.07,14.11,13.53,13.77,14.26,0.7,17.79,143.51,6.38,15547260615.0,15547260615.0,0.29,0.29,0.59,9.14
5343,600054,黄山旅游,12.56,-4.56,-0.6,165609.0,208629834.0,4.56,13.06,12.46,13.05,13.16,1.62,3.23,27.1,1.91,9161005766.0,6447048000.0,0.24,0.0,10.27,11.64
5344,002575,群兴玩具,7.71,-4.58,-0.37,744570.0,579618769.7,8.91,8.33,7.61,8.01,8.08,0.85,12.72,-166.93,5.73,4753215000.0,4514170305.0,0.0,0.0,21.8,24.76
5345,920575,康乐卫士,7.89,-4.59,-0.38,62984.0,51488983.26,7.26,8.49,7.89,8.15,8.27,0.83,3.35,-7.18,9.07,2216616600.0,1482047185.0,-0.25,-0.5,-7.72,-4.59
5346,002873,新天药业,10.8,-4.59,-0.52,526407.0,570023734.58,7.51,11.37,10.52,10.52,11.32,1.65,21.96,289.34,2.1,2636321105.0,2588657918.0,0.09,0.47,6.82,8.87
5347,002602,世纪华通,16.82,-4.59,-0.81,1307841.0,2210675505.33,3.35,17.33,16.74,17.32,17.63,1.32,1.92,21.34,4.17,123974876656.0,114322741606.0,0.06,0.06,-8.59,-1.41
5348,600703,三安光电,11.84,-4.59,-0.57,3242583.0,3826124412.0,5.8,12.07,11.35,11.7,12.41,1.71,6.5,500.02,1.67,59069981728.0,59069981728.0,0.0,0.0,-20.32,-16.21
5349,920005,鼎佳精密,36.73,-4.6,-1.77,8827.0,32893022.0,4.94,38.6,36.7,38.0,38.5,1.47,4.11,50.53,4.72,3048590000.0,789695000.0,0.05,-0.14,-12.32,-10.13
5350,688217,睿昂基因,27.81,-4.6,-1.34,8604.0,24466059.0,5.11,29.2,27.71,29.14,29.15,0.87,1.54,-31.14,1.83,1553352468.0,1553352468.0,0.0,-0.11,-4.24,5.54
5351,300111,向日葵,3.94,-4.6,-0.19,563777.0,224735022.66,5.08,4.12,3.91,4.08,4.13,1.23,4.38,2912.12,7.38,5071610213.0,5071610213.0,0.0,0.0,-38.34,-35.73
5352,300542,新晨科技,16.17,-4.6,-0.78,105828.0,172244958.39,2.3,16.56,16.17,16.43,16.95,1.02,4.27,-159.65,8.92,4827713567.0,4004720477.0,-0.12,-0.19,-20.34,-21.08
5353,688818,电科蓝天,59.8,-4.61,-2.89,155127.0,935133898.0,2.25,61.21,59.8,61.08,62.69,0.96,11.75,317.31,24.31,103868048622.0,7894577072.0,-0.02,-0.05,531.47,531.47
5354,300365,恒华科技,5.8,-4.61,-0.28,285227.0,166868083.0,4.61,6.04,5.76,6.02,6.08,0.89,5.57,351.74,1.85,3479161720.0,2968002779.0,0.0,0.17,-10.36,-8.23
5355,688480,赛恩斯,84.7,-4.62,-4.1,41510.0,353894997.0,4.8,87.96,83.7,87.78,88.8,1.02,4.35,73.41,7.02,8074127361.0,8074127361.0,0.0,-0.18,56.53,64.5
5356,920576,天力复合,72.77,-4.63,-3.53,42564.0,314183998.22,4.64,76.27,72.73,73.67,76.3,0.82,3.97,359.53,17.75,7928291500.0,7795679382.0,-0.08,-0.32,-17.09,3.04
5357,688189,南新制药,7.61,-4.64,-0.37,94320.0,73438582.0,5.39,8.03,7.6,8.01,7.98,0.87,3.44,-15.21,2.67,2088184000.0,2088184000.0,0.0,-0.13,-9.08,-4.52
5358,002800,天顺股份,17.04,-4.64,-0.83,108030.0,184954627.36,6.21,17.93,16.82,17.93,17.87,0.92,7.31,-108.86,5.27,2594392262.0,2519242437.0,-0.06,-0.12,8.81,8.12
5359,603533,掌阅科技,25.04,-4.65,-1.22,218156.0,551097420.0,4.11,25.98,24.9,25.71,26.26,1.25,4.97,-38.04,4.75,10989976748.0,10989976748.0,-0.04,0.04,5.61,13.2
5360,002558,巨人网络,32.97,-4.66,-1.61,556455.0,1832933502.35,4.14,33.93,32.5,33.9,34.58,1.09,2.93,33.17,4.2,62661528184.0,62661528184.0,-0.06,0.0,-27.38,-23.84
5361,002425,凯撒文化,3.27,-4.66,-0.16,182011.0,60421280.0,5.54,3.44,3.25,3.41,3.43,1.47,1.9,-21.8,1.08,3128294766.0,3126319136.0,0.0,0.31,-18.25,-7.63
5362,002598,ST章鼓,7.93,-4.69,-0.39,270934.0,214708910.01,0.36,7.93,7.9,7.9,8.32,6.53,9.46,29.95,2.02,2474576047.0,2272179022.0,0.38,0.38,-15.73,-25.82
5363,600295,鄂尔多斯,14.8,-4.7,-0.73,118012.0,176124018.0,4.96,15.47,14.7,15.41,15.53,1.99,0.6,18.21,1.97,41421888559.0,29238528559.0,-0.27,0.0,3.5,19.74
5364,301281,科源制药,34.12,-4.72,-1.69,47133.0,162027160.2,5.89,35.81,33.7,35.81,35.81,1.2,6.64,88.05,2.7,3694854800.0,2420882240.0,0.03,-0.09,19.18,16.45
5365,301073,君亭酒店,26.84,-4.72,-1.33,44587.0,120812011.65,4.86,28.1,26.73,28.1,28.17,1.23,2.5,395.25,5.47,5219066075.0,4782337780.0,-0.04,0.07,4.35,2.99
5366,301015,百洋医药,23.72,-4.74,-1.18,193489.0,466450135.17,5.66,25.02,23.61,24.35,24.9,0.9,3.68,19.63,5.23,12467803106.0,12466202006.0,-0.34,-0.17,-3.5,0.51
5367,301017,漱玉平民,14.66,-4.74,-0.73,144332.0,216500757.02,5.39,15.44,14.61,15.13,15.39,0.68,5.58,40.86,2.99,5946190660.0,3792460373.0,0.0,-0.2,-4.06,-0.61
5368,688013,天臣医疗,35.88,-4.75,-1.79,14598.0,53033503.0,5.1,37.74,35.82,37.74,37.67,0.83,1.8,34.63,5.16,2911862928.0,2911862928.0,-0.33,-0.17,-26.79,-25.37
5369,300895,铜牛信息,61.14,-4.78,-3.07,124737.0,766913561.86,4.49,63.24,60.36,63.24,64.21,0.77,9.03,-110.4,11.0,8608552169.0,8447851610.0,0.03,-0.02,22.53,38.48
5370,688648,中邮科技,53.03,-4.78,-2.66,23248.0,124383361.0,4.96,55.28,52.52,55.0,55.69,1.23,3.34,11.46,3.3,7212080000.0,3687118840.0,-0.02,0.23,-20.8,-13.72
5371,600833,第一医药,11.53,-4.79,-0.58,74934.0,87343221.0,5.37,12.11,11.46,12.07,12.11,2.16,3.36,44.54,2.21,2572185581.0,2572185581.0,-0.26,-0.17,-11.92,-10.83
5372,300964,本川智能,72.9,-4.79,-3.67,80378.0,591747490.35,2.87,75.0,72.8,74.62,76.57,0.75,14.35,126.17,5.5,5564331904.0,4083116388.0,0.04,0.03,31.78,31.12
5373,003007,直真科技,45.09,-4.79,-2.27,94300.0,426785845.48,2.83,46.0,44.66,46.0,47.36,1.24,13.12,-72.32,5.59,4591063800.0,3241413507.0,0.02,0.09,21.6,20.92
5374,601212,白银有色,8.13,-4.8,-0.41,1845492.0,1495050847.0,3.4,8.25,7.96,8.14,8.54,1.5,2.49,-210.13,3.9,60200816774.0,60200816774.0,0.0,0.0,31.98,38.97
5375,000638,*ST万方,0.99,-4.81,-0.05,7859.0,778041.0,0.0,0.99,0.99,0.99,1.04,0.14,0.25,-26.91,2.21,308272685.0,307044145.0,0.0,0.0,-80.81,-78.85
5376,301255,通力科技,26.38,-4.83,-1.34,41715.0,111243851.05,3.97,27.33,26.23,27.07,27.72,0.7,10.95,90.92,3.82,4018201600.0,1004550400.0,0.3,0.3,-9.28,-9.81
5377,000678,襄阳轴承,13.01,-4.83,-0.66,342736.0,451223651.68,4.83,13.54,12.88,13.2,13.67,0.83,7.46,-166.98,7.5,5979549479.0,5979549479.0,0.0,0.0,-15.63,-13.44
5378,600415,小商品城,12.99,-4.84,-0.66,1194995.0,1566245065.0,3.81,13.5,12.98,13.5,13.65,2.62,2.18,16.95,3.1,71231434346.0,71231434346.0,-0.08,-0.08,-21.32,-18.56
5379,920184,国源科技,15.35,-4.84,-0.78,30157.0,46661796.49,3.04,15.77,15.28,15.6,16.13,1.49,3.37,93.95,3.24,2035620433.0,1371796528.0,0.2,0.26,-31.32,-12.39
5380,000752,ST西发,8.65,-4.84,-0.44,106094.0,92458784.07,2.86,8.9,8.64,8.87,9.09,1.06,4.02,11.81,3.71,2281510947.0,2281510947.0,0.0,0.0,-20.13,-21.29
5381,603880,南卫股份,6.49,-4.84,-0.33,96851.0,63283889.0,6.89,6.85,6.38,6.85,6.82,1.34,3.35,-56.44,7.37,1875882580.0,1875882580.0,0.0,0.0,5.87,4.17
5382,920058,华洋赛车,28.26,-4.85,-1.44,8943.0,25805052.25,4.51,29.55,28.21,29.47,29.7,0.53,3.24,31.59,4.57,1584145669.0,779817405.0,-0.35,-0.39,-19.05,-18.75
5383,600421,*ST华嵘,5.87,-4.86,-0.3,30511.0,18334863.0,4.7,6.15,5.86,6.14,6.17,0.76,1.56,-404.4,186.26,1148172000.0,1148172000.0,-0.34,0.0,-19.59,-15.9
5384,688296,和达科技,13.67,-4.87,-0.7,18096.0,25109072.0,5.29,14.39,13.63,14.39,14.37,0.96,1.69,-22.51,2.46,1474974682.0,1468064497.0,-0.36,-0.36,0.81,3.17
5385,300030,阳普医疗,7.59,-4.89,-0.39,90450.0,70029687.0,5.51,7.99,7.55,7.9,7.98,1.2,3.32,161.51,3.78,2346731721.0,2066207105.0,-0.39,-0.13,-3.68,3.13
5386,603567,珍宝岛,6.57,-4.92,-0.34,227367.0,151700419.0,5.79,6.93,6.53,6.88,6.91,1.68,2.42,-12.43,0.85,6182347104.0,6172781243.0,0.15,0.31,-28.66,-26.43
5387,920368,连城数控,33.85,-4.94,-1.76,95547.0,324749258.94,4.21,34.92,33.42,34.9,35.61,0.74,4.28,101.51,1.88,7947317894.0,7561041801.0,0.0,-0.03,31.0,35.89
5388,600599,*ST熊猫,4.8,-4.95,-0.25,13143.0,6308640.0,0.0,4.8,4.8,4.8,5.05,0.91,0.79,44.07,6.87,796800000.0,796800000.0,0.0,0.0,-49.26,-51.66
5389,300368,汇金股份,10.75,-4.95,-0.56,228550.0,248398702.0,3.71,11.16,10.74,11.03,11.31,1.03,4.32,-82.61,30.52,5686142356.0,5686142356.0,0.09,0.0,-32.47,-29.09
5390,300244,迪安诊断,18.67,-4.99,-0.98,262777.0,494721809.48,3.41,19.29,18.62,19.15,19.65,1.22,5.24,154.33,1.8,11668366070.0,9362240669.0,-0.05,0.05,6.26,17.79
5391,002731,ST萃华,7.03,-5.0,-0.37,263649.0,188569549.43,4.73,7.38,7.03,7.38,7.4,1.2,11.48,7.77,0.96,1800776680.0,1614484492.0,0.0,0.0,-45.38,-44.03
5392,605081,*ST太和,6.26,-5.01,-0.33,57334.0,38255151.0,10.02,6.92,6.26,6.62,6.59,1.98,5.06,-6.45,0.79,708926671.0,708926671.0,0.0,0.0,-40.15,-41.66
5393,600713,南京医药,5.5,-5.01,-0.29,617492.0,343671201.0,5.7,5.79,5.46,5.6,5.79,1.42,4.79,13.43,1.03,7198911214.0,7093916346.0,-0.18,0.36,-1.79,0.73
5394,300204,舒泰神,28.86,-5.03,-1.53,551300.0,1618638726.76,7.31,30.73,28.51,30.3,30.39,0.72,12.15,-336.97,15.84,13788515937.0,13092757499.0,0.1,-0.03,0.07,5.64
5395,600696,*ST岩石,1.32,-5.04,-0.07,46958.0,6220874.0,2.16,1.35,1.32,1.33,1.39,1.01,1.4,-2.96,1.54,441499649.0,441499649.0,0.0,0.0,-53.02,-54.48
5396,920790,联迪信息,26.56,-5.04,-1.41,16289.0,43679430.49,3.97,27.51,26.4,27.5,27.97,1.55,3.0,278.14,6.72,2097364051.0,1443508324.0,0.08,0.19,-24.57,-19.52
5397,002630,ST华西,1.88,-5.05,-0.1,487844.0,93201057.0,4.04,1.96,1.88,1.95,1.98,1.17,4.74,44.6,9.2,2219904000.0,1936913028.0,0.0,0.0,-26.56,-24.8
5398,600381,*ST春天,2.63,-5.05,-0.14,92276.0,24440482.0,4.33,2.75,2.63,2.7,2.77,0.8,1.57,-408.93,1.5,1543969749.0,1543969749.0,0.0,0.0,-38.12,-40.63
5399,000639,西王食品,2.25,-5.06,-0.12,760297.0,172506802.42,5.91,2.36,2.22,2.34,2.37,0.72,7.04,819.8,0.84,2428713214.0,2428710237.0,0.0,0.0,-32.63,-32.02
5400,300300,海峡创新,13.5,-5.06,-0.72,1011352.0,1378894177.96,4.36,14.1,13.48,14.0,14.22,0.8,15.17,-391.68,63.46,9002435337.0,9001862262.0,-0.15,-0.07,-6.44,-10.18
5401,600608,*ST沪科,2.44,-5.06,-0.13,26487.0,6476240.0,1.95,2.49,2.44,2.45,2.57,0.55,0.83,566.69,20.63,802421916.0,776826316.0,0.0,0.0,-32.03,-27.81
5402,300785,值得买,49.82,-5.09,-2.67,143635.0,721358681.04,4.1,51.75,49.6,51.28,52.49,1.57,11.74,552.49,5.25,9906968206.0,6094694079.0,0.02,0.04,12.31,13.69
5403,600238,*ST椰岛,3.73,-5.09,-0.2,13738.0,5124274.0,0.0,3.73,3.73,3.73,3.93,0.18,0.31,-182.27,16.47,1671786000.0,1660862993.0,0.0,0.0,-42.17,-41.07
5404,000004,*ST国华,3.35,-5.1,-0.18,125480.0,42099758.7,3.12,3.46,3.35,3.35,3.53,2.57,9.94,-12.28,12.0,443473945.0,423064023.0,0.0,0.0,-69.46,-69.77
5405,600829,人民同泰,10.43,-5.1,-0.56,292206.0,314598020.0,7.1,11.18,10.4,10.71,10.99,0.74,5.04,40.55,2.02,6048238067.0,6048238067.0,0.1,0.0,-7.62,-3.52
5406,600193,*ST创兴,3.35,-5.1,-0.18,24499.0,8207165.0,0.0,3.35,3.35,3.35,3.53,0.33,0.58,-138.39,16.0,1424999550.0,1424999550.0,0.0,0.0,-12.99,-12.53
5407,600513,联环药业,23.41,-5.11,-1.26,344650.0,816751330.0,5.59,24.68,23.3,24.34,24.67,0.66,12.07,-142.94,5.01,6682531281.0,6682531281.0,-0.17,0.13,20.11,27.85
5408,920970,大禹生物,6.85,-5.12,-0.37,39434.0,27450027.69,5.68,7.21,6.8,7.19,7.22,0.72,5.63,-26.37,2.87,758985480.0,479988405.0,0.29,0.44,-13.84,-10.92
5409,603217,元利科技,24.38,-5.14,-1.32,49244.0,121590720.0,4.86,25.55,24.3,25.55,25.7,0.94,2.37,24.96,1.51,5073175688.0,5073175688.0,-0.08,0.0,-2.75,-4.84
5410,301528,多浦乐,59.46,-5.15,-3.23,12042.0,72769859.54,5.22,62.6,59.33,62.33,62.69,3.21,3.78,76.16,2.41,3680574000.0,1893798443.0,-0.29,-0.2,-10.85,-12.56
5411,002940,昂利康,31.22,-5.16,-1.7,241135.0,764275336.45,7.96,33.13,30.51,32.6,32.92,0.82,13.01,60.8,3.95,6297953967.0,5784300080.0,0.03,0.35,-10.24,-6.86
5412,300139,晓程科技,58.08,-5.25,-3.22,412148.0,2376064425.49,3.96,58.98,56.55,57.0,61.3,1.07,17.64,155.41,14.36,15913920000.0,13570927788.0,0.03,0.05,81.39,91.3
5413,688336,三生国健,82.1,-5.27,-4.57,144838.0,1198430915.0,7.08,86.37,80.23,85.35,86.67,0.82,2.35,17.5,6.0,50744901896.0,50638113605.0,0.15,-0.27,33.52,37.82
5414,688611,杭州柯林,50.91,-5.28,-2.84,10101.0,52028061.0,5.8,53.75,50.63,53.75,53.75,1.23,0.66,-2467.82,9.03,7809064536.0,7809064536.0,0.24,0.3,-4.36,0.12
5415,300166,东方国信,16.03,-5.32,-0.9,1826696.0,2926833466.14,3.48,16.3,15.71,16.01,16.93,1.09,20.17,-139.01,3.12,18254094340.0,14519614319.0,0.12,-0.12,52.81,56.85
5416,002309,中利集团,4.76,-5.37,-0.27,7095704.0,3304654010.3,8.15,4.95,4.54,4.91,5.03,0.87,29.49,-76.51,7.69,14316487233.0,11453189786.0,0.21,0.42,41.25,40.41
5417,300766,每日互动,35.89,-5.38,-2.04,344821.0,1248502382.51,3.01,36.99,35.85,36.85,37.93,1.11,9.63,-196.08,9.02,14167568779.0,12857593864.0,-0.03,-0.06,2.31,9.52
5418,688196,卓越新能,60.37,-5.38,-3.43,48340.0,296100348.0,6.43,63.5,59.4,63.49,63.8,1.79,4.03,45.14,2.29,7678508294.0,7244400000.0,0.0,0.6,0.97,2.5
5419,002548,金新农,5.08,-5.4,-0.29,383177.0,196602977.3,5.4,5.35,5.06,5.32,5.37,1.92,4.76,-33.49,2.95,4207122183.0,4086715179.0,0.0,0.0,-18.06,-16.45
5420,002263,大东南,4.45,-5.52,-0.26,4143068.0,1879403152.79,7.86,4.78,4.41,4.72,4.71,0.79,22.06,519.88,3.02,8358702445.0,8358635695.0,0.0,0.45,28.61,33.63
5421,002627,三峡旅游,7.78,-5.58,-0.46,365424.0,283237823.0,8.98,8.23,7.49,8.2,8.24,2.43,5.1,49.24,1.82,5637398721.0,5579096871.0,-0.26,-0.26,9.42,4.85
5422,000516,国际医学,4.73,-5.59,-0.28,1035243.0,494634619.16,5.59,4.98,4.7,4.96,5.01,1.93,4.7,-27.05,3.17,10589981642.0,10428970152.0,0.0,0.0,-8.86,10.26
5423,300981,中红医疗,13.85,-5.59,-0.82,203690.0,283280527.19,4.64,14.33,13.65,14.31,14.67,0.92,5.18,-617.86,1.11,5939779682.0,5443533074.0,0.0,0.0,5.73,10.27
5424,001221,悍高集团,60.4,-5.61,-3.59,31263.0,189898099.92,6.5,63.54,59.38,63.4,63.99,2.04,8.68,37.48,8.82,24160604000.0,2174943600.0,-0.02,-0.03,3.82,4.3
5425,301171,易点天下,46.13,-5.63,-2.75,598879.0,2773610943.09,4.07,47.69,45.7,47.0,48.88,1.52,15.67,137.68,5.87,21768096798.0,17629301481.0,0.0,-0.11,11.56,13.9
5426,002893,京能热力,10.54,-5.64,-0.63,348248.0,371682819.39,5.64,11.05,10.42,11.02,11.17,1.09,17.17,36.03,2.28,2778765600.0,2137286634.0,0.09,0.0,-7.79,-5.81
5427,000048,京基智农,15.67,-5.66,-0.94,261045.0,411744479.68,4.33,16.29,15.57,16.22,16.61,1.04,4.96,54.38,2.04,8309522858.0,8248054149.0,0.19,0.06,-0.89,-10.97
5428,301108,洁雅股份,27.95,-5.67,-1.68,27188.0,76691018.4,6.82,29.68,27.66,29.67,29.63,2.0,4.19,40.71,1.67,3145947243.0,1812093949.0,-0.25,-0.07,-17.89,-15.97
5429,301408,华人健康,18.98,-5.71,-1.15,461449.0,930996524.39,12.07,21.41,18.98,19.6,20.13,1.08,20.15,36.33,3.62,7592189800.0,4345649469.0,-0.05,-0.58,-0.78,2.26
5430,688102,斯瑞新材,34.1,-5.72,-2.07,227617.0,777670572.0,5.64,35.05,33.01,35.0,36.17,1.6,2.93,171.88,13.92,26515948819.0,26515948819.0,0.18,0.21,-18.09,-11.89
5431,002930,宏川智慧,13.17,-5.79,-0.81,176840.0,232509142.88,8.01,13.9,12.78,13.85,13.98,1.54,4.08,-118.5,2.58,6025143353.0,5707078515.0,-0.15,0.0,19.62,18.33
5432,300364,中文在线,28.1,-5.8,-1.73,864932.0,2440159289.42,3.29,28.88,27.9,28.46,29.83,1.37,13.1,-29.5,43.3,20470853316.0,18557559581.0,0.0,0.07,9.13,11.86
5433,605286,同力天启,43.07,-5.82,-2.66,70035.0,300550374.0,4.48,44.29,42.24,44.0,45.73,1.95,4.17,36.42,3.37,7235760000.0,7235760000.0,0.0,-0.02,7.03,6.06
5434,688496,清越科技,5.8,-5.84,-0.36,95517.0,56456686.0,6.82,6.2,5.78,6.2,6.16,1.61,4.01,-28.56,2.79,2610000000.0,1380084480.0,0.0,0.0,-2.19,-2.36
5435,301662,宏工科技,132.48,-5.9,-8.3,14929.0,201925509.82,6.12,140.0,131.38,138.98,140.78,1.85,8.98,270.22,7.35,10598400000.0,2202853859.0,0.0,-0.02,-5.3,10.14
5436,601908,京运通,4.29,-5.92,-0.27,1563744.0,678707710.0,5.48,4.52,4.27,4.52,4.56,0.66,6.48,-34.17,1.18,10358646274.0,10358646274.0,0.0,0.0,6.72,9.72
5437,000950,重药控股,6.2,-6.06,-0.4,1868254.0,1196944860.36,8.79,6.75,6.17,6.43,6.6,1.15,10.81,20.93,0.93,10714745115.0,10714745115.0,-0.48,-0.48,4.03,7.08
5438,300212,易华录,8.35,-6.07,-0.54,349295.0,294730733.73,5.51,8.76,8.27,8.71,8.89,0.82,5.0,-8.43,22.1,6011101724.0,5832572895.0,-0.12,-0.12,-55.96,-52.15
5439,002159,三特索道,17.92,-6.08,-1.16,99961.0,178830118.0,7.49,18.91,17.48,18.91,19.08,2.28,7.22,17.24,2.17,3177239744.0,2481428329.0,0.0,0.06,17.51,16.89
5440,000632,三木集团,4.35,-6.25,-0.29,428816.0,189560138.57,6.9,4.66,4.34,4.64,4.64,0.83,9.21,-11.11,2.3,2025010130.0,2024844986.0,-0.23,-0.23,-23.14,-23.01
5441,002836,新宏泽,13.0,-6.27,-0.87,58987.0,78098003.36,7.07,13.93,12.95,13.93,13.87,2.59,2.56,55.79,7.93,2995200000.0,2995200000.0,0.0,-0.23,-22.11,-13.22
5442,002678,珠江钢琴,5.65,-6.3,-0.38,432881.0,250141027.99,6.47,6.03,5.64,6.0,6.03,0.94,3.19,-20.52,2.48,7674509825.0,7670295631.0,-0.53,-0.18,2.54,6.0
5443,688365,光云科技,18.43,-6.3,-1.24,204844.0,380336883.0,4.47,19.24,18.36,18.8,19.67,1.87,4.81,-297.49,8.3,7847948926.0,7847948926.0,-0.11,-0.11,5.31,9.25
5444,002188,中天服务,6.4,-6.3,-0.43,439892.0,283021664.25,6.59,6.74,6.29,6.6,6.83,3.34,17.09,69.9,6.45,2093464730.0,1647123245.0,0.63,0.63,2.07,5.26
5445,688796,百奥赛图,103.31,-6.33,-6.98,28443.0,299083851.0,6.93,109.99,102.35,107.6,110.29,0.81,7.93,266.57,21.23,46169075770.0,3707552192.0,-0.02,-0.1,88.52,96.41
5446,002038,双鹭药业,7.38,-6.35,-0.5,1603522.0,1234676084.92,9.52,8.12,7.37,7.66,7.88,0.81,18.82,40.3,1.33,7581843000.0,6287121401.0,-0.14,-0.4,-4.77,0.14
5447,603959,百利科技,5.96,-6.44,-0.41,425131.0,255416926.0,8.48,6.34,5.8,6.27,6.37,2.93,8.67,-18.99,123.02,2922181992.0,2922181992.0,-0.17,0.17,0.17,3.83
5448,688759,必贝特-U,38.0,-6.59,-2.68,50763.0,198434829.0,10.72,41.88,37.52,40.97,40.68,1.23,10.93,-111.71,10.24,17101392966.0,1765555278.0,0.0,0.11,10.14,30.76
5449,000803,山高环能,8.29,-6.64,-0.59,270105.0,226168662.68,9.8,8.95,8.08,8.95,8.88,2.25,5.87,55.11,2.63,3865595108.0,3811640696.0,0.0,0.24,5.87,15.94
5450,300751,迈为股份,213.0,-6.66,-15.2,188764.0,3903214702.27,11.88,224.0,196.88,221.36,228.2,1.84,9.76,67.3,7.57,59513266278.0,41184063117.0,-0.1,0.01,14.11,3.4
5451,688258,卓易信息,111.31,-6.67,-7.96,49832.0,559607853.0,5.37,117.0,110.6,116.0,119.27,1.3,4.11,164.2,14.96,13484342400.0,13484342400.0,-0.03,0.04,11.19,45.37
5452,002653,海思科,53.41,-6.76,-3.87,70446.0,377813004.56,7.94,56.88,52.33,56.63,57.28,1.43,1.46,151.92,14.15,59814818778.0,25809750019.0,0.07,0.0,1.23,4.07
5453,920078,族兴新材,23.61,-6.79,-1.72,47429.0,113739322.82,5.61,25.02,23.6,25.01,25.33,0.96,22.91,34.62,2.71,2833200000.0,488727000.0,-0.04,0.04,238.25,238.25
5454,300385,雪浪环境,15.1,-6.79,-1.1,342305.0,521501146.96,8.95,16.3,14.85,16.01,16.2,0.71,11.78,-23.93,61.04,5030503573.0,4389005758.0,0.33,0.27,143.16,142.77
5455,600125,铁龙物流,6.37,-6.87,-0.47,878574.0,557058526.0,7.16,6.7,6.21,6.68,6.84,3.06,6.73,15.84,1.09,8316174337.0,8316174337.0,0.16,0.31,-2.6,-1.09
5456,300986,志特新材,26.0,-6.91,-1.93,602504.0,1569674826.02,6.55,27.48,25.65,27.06,27.93,1.32,14.64,68.16,5.03,10711323350.0,10702485118.0,0.08,-0.23,61.49,132.56
5457,920478,峆一药业,16.46,-6.95,-1.23,50600.0,86172208.0,6.78,17.64,16.44,17.48,17.69,0.82,10.71,25.74,2.52,1295545202.0,777571486.0,0.12,-0.12,-13.6,-11.31
5458,300085,银之杰,36.29,-7.0,-2.73,443944.0,1630536017.55,3.28,37.5,36.22,37.06,39.02,1.11,6.81,-323.78,51.2,25643985015.0,23661546689.0,0.06,0.06,-16.73,-9.48
5459,002035,华帝股份,6.08,-7.03,-0.46,533532.0,329148335.64,7.19,6.51,6.04,6.44,6.54,0.86,6.82,10.86,1.33,5153733997.0,4754789015.0,0.0,0.33,-1.46,-0.33
5460,600396,华电辽能,7.14,-7.03,-0.54,2581099.0,1913255905.0,10.68,7.86,7.04,7.69,7.68,0.95,17.53,2372.39,7.78,10515126673.0,10515126673.0,-0.7,-0.97,144.52,150.53
5461,688323,瑞华泰,20.4,-7.19,-1.58,93144.0,194502426.0,7.01,21.84,20.3,21.52,21.98,1.27,5.17,-41.91,4.29,3672036230.0,3672036230.0,0.05,0.05,-9.13,-9.37
5462,688726,拉普拉斯,58.3,-7.21,-4.53,309399.0,1790506799.0,10.31,62.0,55.52,62.0,62.83,1.0,14.07,38.6,5.81,23630516819.0,12821596834.0,0.03,0.02,57.27,61.94
5463,688171,纬德信息,47.6,-7.23,-3.71,21843.0,106700525.0,6.61,50.69,47.3,50.69,51.31,2.29,2.61,326.19,4.73,3987613840.0,3987613840.0,0.04,-0.21,-0.15,2.01
5464,000593,德龙汇能,16.88,-7.3,-1.33,455202.0,812265527.08,12.63,19.02,16.72,18.34,18.21,1.38,12.7,183.24,6.92,6053691432.0,6051195893.0,0.24,-0.06,49.91,50.71
5465,000065,北方国际,14.99,-7.35,-1.19,1075790.0,1651360799.14,5.93,15.92,14.96,15.5,16.18,1.11,11.03,24.07,1.57,17410017963.0,14614684697.0,0.07,0.07,24.09,20.3
5466,002082,万邦德,32.26,-7.35,-2.56,749902.0,2469031084.82,12.44,35.8,31.47,35.33,34.82,1.01,13.55,-99.27,7.95,19733088914.0,17847939264.0,0.09,-0.15,129.94,131.59
5467,603985,恒润股份,20.31,-7.43,-1.63,539429.0,1123418911.0,4.88,21.36,20.29,21.33,21.94,1.14,12.24,107.25,2.74,8953826041.0,8953826041.0,-0.05,-0.25,30.53,33.27
5468,301179,泽宇智能,25.69,-7.59,-2.11,253886.0,655567873.1,5.97,27.0,25.34,27.0,27.8,0.83,10.69,134.23,4.28,10389230448.0,6101514985.0,0.04,-0.16,58.38,62.49
5469,603122,合富中国,18.32,-7.8,-1.55,736106.0,1373056739.0,6.84,19.41,18.05,19.0,19.87,0.86,18.49,-216.76,6.89,7292324237.0,7292324237.0,0.11,0.05,-18.51,-24.92
5470,002788,鹭燕医药,16.62,-8.33,-1.51,1004358.0,1750106371.98,12.13,18.63,16.43,17.76,18.13,0.96,26.31,22.05,1.99,6457148152.0,6345412973.0,0.0,-0.6,-26.85,-21.53
5471,688516,奥特维,70.88,-8.36,-6.47,312325.0,2138826585.0,13.33,75.0,64.69,75.0,77.35,2.08,9.92,50.4,6.02,22350600394.0,22310221263.0,-0.03,-0.03,32.34,56.61
5472,605162,新中港,14.15,-8.59,-1.33,519780.0,746517069.0,6.01,14.86,13.93,14.7,15.48,0.9,12.8,46.92,4.46,5745232044.0,5745232044.0,0.0,-0.28,59.89,65.69
5473,600721,百花医药,10.2,-8.93,-1.0,929979.0,984988421.0,10.27,11.23,10.08,11.2,11.2,2.82,24.18,96.4,4.89,3922385877.0,3922385877.0,0.1,0.1,-16.67,-16.67
5474,300344,立方退,0.29,-9.38,-0.03,588498.0,17524576.3,12.5,0.32,0.28,0.32,0.32,0.75,9.2,-2.24,0.82,186094861.0,185598308.0,0.0,3.57,-72.12,-71.57
5475,301309,万得凯,36.53,-9.58,-3.87,76142.0,284627319.87,10.69,40.38,36.06,38.57,40.4,1.38,12.57,32.95,2.27,3672521632.0,2213020277.0,-0.03,0.14,26.27,30.37
5476,300342,天银机电,53.33,-9.59,-5.66,854965.0,4845933990.18,13.04,60.39,52.7,58.68,58.99,1.35,20.41,1772.07,14.56,22667122576.0,22334543364.0,0.0,-0.11,53.73,60.97
5477,688556,高测股份,12.81,-9.66,-1.37,822920.0,1064743408.0,9.8,14.0,12.61,13.92,14.18,2.41,9.91,-262.22,2.7,10642214095.0,10642214095.0,0.08,0.16,0.55,12.17
5478,301395,仁信新材,14.33,-9.87,-1.57,138014.0,200619121.72,13.08,15.94,13.86,15.94,15.9,3.4,10.73,81.4,2.26,3480046777.0,1843438972.0,0.0,-0.07,6.46,16.88
5479,002542,中化岩土,2.7,-10.0,-0.3,279077.0,75350790.0,0.0,2.7,2.7,2.7,3.0,0.44,1.59,-12.37,9.33,4876515193.0,4748682467.0,0.0,0.0,-21.28,-19.16
5480,000720,新能泰山,6.03,-10.0,-0.67,3379327.0,2078864279.32,7.01,6.5,6.03,6.5,6.7,1.32,26.89,-1432.22,3.21,7576885373.0,7576885373.0,-0.17,-0.33,81.08,84.4
5481,920046,亿能电力,23.86,-10.17,-2.7,86859.0,213999400.83,9.22,26.27,23.82,26.27,26.56,2.16,13.56,160.84,9.58,2413439000.0,1528884068.0,0.0,-0.04,73.02,77.4
5482,300658,延江股份,24.47,-10.46,-2.86,419163.0,1093614519.13,15.37,28.2,24.0,27.37,27.33,1.31,18.59,143.69,6.06,8142737649.0,5518327923.0,0.08,-0.08,65.11,65.11
5483,300834,星辉环材,39.59,-12.06,-5.43,171233.0,693076972.16,10.84,43.94,39.06,43.85,45.02,0.78,8.9,145.36,2.6,7669072055.0,7618176181.0,0.61,0.92,57.98,70.79
5484,688553,汇宇制药-W,21.16,-12.24,-2.95,400238.0,921014816.0,19.25,25.65,21.01,24.51,24.11,1.26,11.65,-370.38,2.37,8963376000.0,7269300581.0,0.09,-0.47,11.9,18.94
5485,688287,*ST观典,1.53,-12.57,-0.22,345329.0,53963046.0,17.71,1.72,1.41,1.68,1.75,2.12,9.32,-2.65,0.91,566888868.0,566888868.0,0.66,0.0,-74.79,-75.08
5486,603459,C红板,50.27,-12.88,-7.43,483109.0,2521815167.0,7.5,54.44,50.11,53.6,57.7,0.75,61.11,70.19,14.18,37891192869.0,3973936902.0,-0.02,-0.1,184.01,184.01
5487,920011,晨光电机,25.21,-13.19,-3.83,111136.0,287807167.47,6.89,27.0,25.0,26.72,29.04,0.64,59.75,22.29,2.82,2084026675.0,468906025.0,-0.08,0.32,62.65,62.65
5488,301201,诚达药业,53.0,-15.54,-9.75,271237.0,1554697097.82,19.76,64.49,52.09,64.0,62.75,1.19,24.99,366.65,3.85,8199832672.0,5752848112.0,1.34,1.18,17.46,30.22
5489,301338,凯格精机,162.0,-16.38,-31.73,109968.0,1921669282.15,17.59,194.57,160.5,190.95,193.73,1.9,18.59,106.61,11.01,17236800000.0,9582300000.0,0.01,0.86,89.14,83.86
5490,300391,长药退,0.19,-17.39,-0.04,601082.0,11969572.81,21.74,0.23,0.18,0.22,0.23,1.36,17.16,-0.24,-0.1,66563861.0,66563861.0,0.0,0.0,-78.41,-78.16
5491,300561,*ST汇科,11.31,-20.01,-2.83,184781.0,253809823.7,23.83,14.68,11.31,14.16,14.14,1.83,7.67,-242.74,6.36,3710901197.0,2726361162.0,0.0,0.0,-40.16,-23.11
5492,920680,广道退,,,,,,,,,,0.86,,0.0,,,,,,,0.0,0.0
5493,920191,瑞尔竞达,,,,,,,,,,7.71,,0.0,,,,,,,0.0,0.0
5494,920181,赛英电子,,,,,,,,,,28.0,,0.0,,,,,,,0.0,0.0
5495,920177,恒道科技,,,,,,,,,,21.8,,0.0,,,,,,,0.0,0.0
5496,920012,创达新材,,,,,,,,,,19.58,,0.0,,,,,,,0.0,0.0
5497,833994,翰博高新,,,,,,,,,,32.9,,0.0,,,,,,,0.0,0.0
5498,833874,泰祥股份,,,,,,,,,,20.13,,0.0,,,,,,,2.55,2.55
5499,832317,观典防务,,,,,,,,,,21.88,,0.0,,,,,,,0.0,0.0
5500,810014,莱特定转,,,,,,,,,,100.0,,0.0,,,,200000000.0,,,-0.83,-0.83
5501,810013,万通定转,,,,,,,,,,100.0,,0.0,,,,150000000.0,,,,
5502,810011,优机定转,,,,,,,,,,100.0,,0.0,,,,120000000.0,,,-0.5,-0.5
5503,688820,盛合晶微,,,,,,,,,,19.68,,0.0,34.29,2.13,31631820161.0,,,,0.0,0.0
5504,688811,有研复材,,,,,,,,,,6.41,,0.0,46.67,2.95,3215727808.0,590528282.0,,,0.0,0.0
5505,688808,联讯仪器,,,,,,,,,,,,0.0,,,,,,,,
5506,688555,退市泽达,,,,,,,,,,1.12,,0.0,,,,,,,0.0,0.0
5507,688086,退市紫晶,,,,,,,,,,0.64,,0.0,,,,,,,0.0,0.0
5508,603996,退市中新,,,,,,,,,,0.39,,0.0,,,,,,,0.0,0.0
5509,603963,*ST大药,,,,,,,,,,1.18,,0.0,,,,,,,0.0,0.0
5510,603933,睿能科技,,,,,,,,,,22.3,,0.0,85.19,3.51,4628244023.0,4628244023.0,,,-10.73,-14.43
5511,603603,退市博天,,,,,,,,,,0.39,,0.0,,,,,,,0.0,0.0
5512,603555,ST贵人,,,,,,,,,,0.67,,0.0,,,,,,,0.0,0.0
5513,603388,*ST元成,,,,,,,,,,0.58,,0.0,,,,,,,0.0,0.0
5514,603293,埃泰克,,,,,,,,,,33.49,,0.0,18.31,3.02,4498309586.0,,,,0.0,0.0
5515,603157,退市拉夏,,,,,,,,,,0.59,,0.0,,,,,,,0.0,0.0
5516,603133,退市碳元,,,,,,,,,,0.29,,0.0,,,,,,,0.0,0.0
5517,603056,德邦股份,,,,,,,,,,18.85,,0.0,,,,,,,34.74,37.89
5518,603003,退市龙宇,,,,,,,,,,2.44,,0.0,,,,,,,0.0,0.0
5519,601989,中国重工,,,,,,,,,,5.1,,0.0,,,,,,,0.0,0.0
5520,601558,退市锐电,,,,,,,,,,0.25,,0.0,,,,,,,0.0,0.0
5521,601299,中国北车,,,,,,,,,,29.98,,0.0,,,,,,,0.0,0.0
5522,601268,*ST二重,,,,,,,,,,2.35,,0.0,,,,,,,0.0,0.0
5523,601258,*ST庞大,,,,,,,,,,0.4,,0.0,,,,,,,0.0,0.0
5524,601028,玉龙股份,,,,,,,,,,12.83,,0.0,,,,,,,0.0,0.0
5525,601020,华钰矿业,,,,,,,,,,27.85,,0.0,21.37,5.34,22836016839.0,22836016839.0,,,-3.73,3.69
5526,600991,广汽长丰,,,,,,,,,,17.82,,0.0,,,,,,,0.0,0.0
5527,600978,*ST宜生,,,,,,,,,,0.52,,0.0,,,,,,,0.0,0.0
5528,600899,*ST信联,,,,,,,,,,1.13,,0.0,,,,,,,0.0,0.0
5529,600898,*ST美讯,,,,,,,,,,0.74,,0.0,,,,,,,0.0,0.0
5530,600896,退市海医,,,,,,,,,,1.12,,0.0,,,,,,,0.0,0.0
5531,600891,退市秋林,,,,,,,,,,0.38,,0.0,,,,,,,0.0,0.0
5532,600890,退市中房,,,,,,,,,,0.36,,0.0,,,,,,,0.0,0.0
5533,600878,*ST北科,,,,,,,,,,2.64,,0.0,,,,,,,0.0,0.0
5534,600870,退市厦华,,,,,,,,,,0.6,,0.0,,,,,,,0.0,0.0
5535,600856,退市中天,,,,,,,,,,0.27,,0.0,,,,,,,0.0,0.0
5536,600852,*ST中川,,,,,,,,,,0.72,,0.0,,,,,,,0.0,0.0
5537,600849,上药转换,,,,,,,,,,14.73,,0.0,,,,,,,0.0,0.0
5538,600842,中西药业,,,,,,,,,,13.96,,0.0,,,,,,,0.0,0.0
5539,600840,新湖创业,,,,,,,,,,23.8,,0.0,,,,,,,0.0,0.0
5540,600837,海通证券,,,,,,,,,,10.41,,0.0,,,,,,,0.0,0.0
5541,600836,*ST易连,,,,,,,,,,0.45,,0.0,,,,,,,0.0,0.0
5542,600832,东方明珠,,,,,,,,,,23.18,,0.0,,,,,,,0.0,0.0
5543,600823,*ST世茂,,,,,,,,,,0.43,,0.0,,,,,,,0.0,0.0
5544,600813,ST鞍一工,,,,,,,,,,3.83,,0.0,,,,,,,0.0,0.0
5545,600811,*ST东方,,,,,,,,,,0.36,,0.0,,,,,,,0.0,0.0
5546,600806,退市昆机,,,,,,,,,,1.47,,0.0,,,,,,,0.0,0.0
5547,600804,退市鹏博,,,,,,,,,,0.14,,0.0,,,,,,,0.0,0.0
5548,600799,*ST龙科,,,,,,,,,,0.54,,0.0,,,,,,,0.0,0.0
5549,600788,*ST达曼,,,,,,,,,,0.91,,0.0,,,,,,,0.0,0.0
5550,600786,东方锅炉,,,,,,,,,,82.2,,0.0,,,,,,,0.0,0.0
5551,600781,退市辅仁,,,,,,,,,,0.77,,0.0,,,,,,,0.0,0.0
5552,600772,S*ST龙昌,,,,,,,,,,1.3,,0.0,,,,,,,0.0,0.0
5553,600767,退市运盛,,,,,,,,,,0.42,,0.0,,,,,,,0.0,0.0
5554,600766,退市园城,,,,,,,,,,0.42,,0.0,,,,,,,0.0,0.0
5555,600762,S*ST金荔,,,,,,,,,,0.77,,0.0,,,,,,,0.0,0.0
5556,600752,*ST哈慈,,,,,,,,,,0.84,,0.0,,,,,,,0.0,0.0
5557,600747,退市大控,,,,,,,,,,0.26,,0.0,,,,,,,0.0,0.0
5558,600735,ST新华锦,,,,,,,,,,6.73,,0.0,131.64,2.37,2885677414.0,2863290796.0,,,28.44,41.68
5559,600723,首商股份,,,,,,,,,,8.93,,0.0,,,,,,,0.0,0.0
5560,600709,ST生态,,,,,,,,,,3.02,,0.0,,,,,,,0.0,0.0
5561,600705,中航产融,,,,,,,,,,3.47,,0.0,,,,,,,0.0,0.0
5562,600701,退市工新,,,,,,,,,,0.45,,0.0,,,,,,,0.0,0.0
5563,600700,*ST数码,,,,,,,,,,0.64,,0.0,,,,,,,0.0,0.0
5564,600695,退市绿庭,,,,,,,,,,0.51,,0.0,,,,,,,0.0,0.0
5565,600687,退市刚泰,,,,,,,,,,0.3,,0.0,,,,,,,0.0,0.0
5566,600680,*ST上普,,,,,,,,,,7.69,,0.0,,,,,,,0.0,0.0
5567,600677,*ST航通,,,,,,,,,,3.01,,0.0,,,,,,,0.0,0.0
5568,600672,*ST华圣,,,,,,,,,,0.7,,0.0,,,,,,,0.0,0.0
5569,600670,*ST斯达,,,,,,,,,,2.87,,0.0,,,,,,,0.0,0.0
5570,600669,*ST鞍成,,,,,,,,,,2.19,,0.0,,,,,,,0.0,0.0
5571,600659,*ST花雕,,,,,,,,,,1.41,,0.0,,,,,,,0.0,0.0
5572,600656,退市博元,,,,,,,,,,4.49,,0.0,,,,,,,0.0,0.0
5573,600652,退市游久,,,,,,,,,,1.19,,0.0,,,,,,,0.0,0.0
5574,600647,退市同达,,,,,,,,,,1.52,,0.0,,,,,,,0.0,0.0
5575,600646,ST国嘉,,,,,,,,,,5.82,,0.0,,,,,,,0.0,0.0
5576,600634,退市富控,,,,,,,,,,0.28,,0.0,,,,,,,0.0,0.0
5577,600632,华联商厦,,,,,,,,,,9.53,,0.0,,,,,,,0.0,0.0
5578,600631,百联股份,,,,,,,,,,15.68,,0.0,,,,,,,0.0,0.0
5579,600627,上电股份,,,,,,,,,,28.73,,0.0,,,,,,,0.0,0.0
5580,600625,PT水仙,,,,,,,,,,4.8,,0.0,,,,,,,0.0,0.0
5581,600614,退市鹏起,,,,,,,,,,0.26,,0.0,,,,,,,0.0,0.0
5582,600607,上实医药,,,,,,,,,,23.52,,0.0,,,,,,,0.0,0.0
5583,600591,*ST上航,,,,,,,,,,7.27,,0.0,,,,,,,0.0,0.0
5584,600565,ST迪马,,,,,,,,,,0.85,,0.0,,,,,,,0.0,0.0
5585,600555,退市海创,,,,,,,,,,0.26,,0.0,,,,,,,0.0,0.0
5586,600553,太行水泥,,,,,,,,,,14.98,,0.0,,,,,,,0.0,0.0
5587,600532,退市未来,,,,,,,,,,0.72,,0.0,,,,,,,0.0,0.0
5588,600485,*ST信威,,,,,,,,,,1.39,,0.0,,,,,,,0.0,0.0
5589,600472,包头铝业,,,,,,,,,,51.82,,0.0,,,,,,,0.0,0.0
5590,600466,*ST蓝光,,,,,,,,,,0.4,,0.0,,,,,,,0.0,0.0
5591,600462,退市九有,,,,,,,,,,0.21,,0.0,,,,,,,0.0,0.0
5592,600432,退市吉恩,,,,,,,,,,1.38,,0.0,,,,,,,0.0,0.0
5593,600401,退市海润,,,,,,,,,,0.15,,0.0,,,,,,,0.0,0.0
5594,600393,ST粤泰,,,,,,,,,,0.37,,0.0,,,,,,,0.0,0.0
5595,600387,退市海越,,,,,,,,,,0.94,,0.0,,,,,,,0.0,0.0
5596,600385,退市金泰,,,,,,,,,,1.2,,0.0,,,,,,,0.0,0.0
5597,600357,承德钒钛,,,,,,,,,,7.4,,0.0,,,,,,,0.0,0.0
5598,600355,*ST精伦,,,,,,,,,,0.58,,0.0,-7.89,2.71,285411736.0,285411736.0,,,-73.27,-74.11
5599,600321,正源股份,,,,,,,,,,0.5,,0.0,,,,,,,0.0,0.0
5600,600317,营口港,,,,,,,,,,2.6,,0.0,,,,,,,0.0,0.0
5601,600311,*ST荣华,,,,,,,,,,0.61,,0.0,,,,,,,0.0,0.0
5602,600306,退市商城,,,,,,,,,,0.29,,0.0,,,,,,,0.0,0.0
5603,600297,广汇汽车,,,,,,,,,,0.78,,0.0,,,,,,,0.0,0.0
5604,600296,S兰铝,,,,,,,,,,14.61,,0.0,,,,,,,0.0,0.0
5605,600291,退市西水,,,,,,,,,,0.89,,0.0,,,,,,,0.0,0.0
5606,600290,*ST华仪,,,,,,,,,,0.37,,0.0,,,,,,,0.0,0.0
5607,600286,S*ST国瓷,,,,,,,,,,0.67,,0.0,,,,,,,0.0,0.0
5608,600277,ST亿利,,,,,,,,,,0.38,,0.0,,,,,,,0.0,0.0
5609,600275,退市昌鱼,,,,,,,,,,0.41,,0.0,,,,,,,0.0,0.0
5610,600270,外运发展,,,,,,,,,,20.99,,0.0,,,,,,,0.0,0.0
5611,600263,路桥建设,,,,,,,,,,16.43,,0.0,,,,,,,0.0,0.0
5612,600260,*ST凯乐,,,,,,,,,,0.47,,0.0,,,,,,,0.0,0.0
5613,600253,天方药业,,,,,,,,,,6.26,,0.0,,,,,,,0.0,0.0
5614,600247,*ST成城,,,,,,,,,,0.65,,0.0,,,,,,,0.0,0.0
5615,600242,退市中昌,,,,,,,,,,0.25,,0.0,,,,,,,0.0,0.0
5616,600240,退市华业,,,,,,,,,,0.41,,0.0,,,,,,,0.0,0.0
5617,600225,退市卓朗,,,,,,,,,,0.29,,0.0,,,,,,,0.0,0.0
5618,600220,ST阳光,,,,,,,,,,0.37,,0.0,,,,,,,0.0,0.0
5619,600213,*ST亚星,,,,,,,,,,6.36,,0.0,,,,,,,0.0,0.0
5620,600209,退市罗顿,,,,,,,,,,1.18,,0.0,,,,,,,0.0,0.0
5621,600205,S山东铝,,,,,,,,,,25.41,,0.0,,,,,,,0.0,0.0
5622,600200,退市苏吴,,,,,,,,,,0.29,,0.0,,,,,,,0.0,0.0
5623,600190,退市锦港,,,,,,,,,,0.63,,0.0,,,,,,,0.0,0.0
5624,600181,S*ST云大,,,,,,,,,,1.02,,0.0,,,,,,,0.0,0.0
5625,600175,退市美都,,,,,,,,,,0.21,,0.0,,,,,,,0.0,0.0
5626,600146,退市环球,,,,,,,,,,0.22,,0.0,,,,,,,0.0,0.0
5627,600145,退市新亿,,,,,,,,,,0.34,,0.0,,,,,,,0.0,0.0
5628,600139,*ST西源,,,,,,,,,,0.74,,0.0,,,,,,,0.0,0.0
5629,600122,*ST宏图,,,,,,,,,,0.38,,0.0,,,,,,,0.0,0.0
5630,600112,*ST天成,,,,,,,,,,0.73,,0.0,,,,,,,0.0,0.0
5631,600102,莱钢股份,,,,,,,,,,7.13,,0.0,,,,,,,0.0,0.0
5632,600093,退市易见,,,,,,,,,,0.5,,0.0,,,,,,,0.0,0.0
5633,600092,S*ST精密,,,,,,,,,,0.96,,0.0,,,,,,,0.0,0.0
5634,600091,退市明科,,,,,,,,,,0.76,,0.0,,,,,,,0.0,0.0
5635,600090,退市济堂,,,,,,,,,,0.27,,0.0,,,,,,,0.0,0.0
5636,600087,退市长油,,,,,,,,,,0.83,,0.0,,,,,,,0.0,0.0
5637,600086,退市金钰,,,,,,,,,,0.16,,0.0,,,,,,,0.0,0.0
5638,600083,*ST博信,,,,,,,,,,0.92,,0.0,,,,,,,0.0,0.0
5639,600077,*ST宋都,,,,,,,,,,0.41,,0.0,,,,,,,0.0,0.0
5640,600074,退市保千,,,,,,,,,,0.17,,0.0,,,,,,,0.0,0.0
5641,600070,*ST富润,,,,,,,,,,0.42,,0.0,,,,,,,0.0,0.0
5642,600069,退市银鸽,,,,,,,,,,0.28,,0.0,,,,,,,0.0,0.0
5643,600068,葛洲坝,,,,,,,,,,9.93,,0.0,,,,,,,0.0,0.0
5644,600065,*ST联谊,,,,,,,,,,1.7,,0.0,,,,,,,0.0,0.0
5645,600005,武钢股份,,,,,,,,,,3.71,,0.0,,,,,,,0.0,0.0
5646,600003,ST东北高,,,,,,,,,,3.87,,0.0,,,,,,,0.0,0.0
5647,600002,齐鲁石化,,,,,,,,,,10.09,,0.0,,,,,,,0.0,0.0
5648,600001,邯郸钢铁,,,,,,,,,,5.29,,0.0,,,,,,,0.0,0.0
5649,301696,三瑞智能,,,,,,,,,,24.68,,0.0,23.43,7.66,9872246800.0,742457177.0,,,0.0,0.0
5650,301666,大普微-W,,,,,,,,,,46.08,,0.0,-41.82,43.43,20100849869.0,1221873085.0,,,0.0,0.0
5651,301513,尚水智能,,,,,,,,,,26.66,,0.0,12.45,2.72,1999500000.0,,,,0.0,0.0
5652,301022,海泰科,,,,,,,,,,27.83,,0.0,35.37,1.96,2768643227.0,1869784655.0,,,-15.41,-15.9
5653,300799,左江退,,,,,,,,,,1.08,,0.0,,,,,,,0.0,0.0
5654,300742,越博退,,,,,,,,,,0.18,,0.0,,,,,,,0.0,0.0
5655,300630,普利退,,,,,,,,,,0.89,,0.0,,,,,,,0.0,0.0
5656,300526,中潜退,,,,,,,,,,0.56,,0.0,,,,,,,0.0,0.0
5657,300495,*ST美尚,,,,,,,,,,0.13,,0.0,,,,,,,0.0,0.0
5658,300431,暴风退,,,,,,,,,,0.28,,0.0,,,,,,,0.0,0.0
5659,300392,腾信退,,,,,,,,,,0.21,,0.0,,,,,,,0.0,0.0
5660,300379,东通退,,,,,,,,,,1.72,,0.0,,,,,,,28.36,38.71
5661,300372,欣泰退,,,,,,,,,,1.48,,0.0,,,,,,,0.0,0.0
5662,300367,网力退,,,,,,,,,,0.29,,0.0,,,,,,,0.0,0.0
5663,300362,天翔退,,,,,,,,,,1.34,,0.0,,,,,,,0.0,0.0
5664,300356,光一退,,,,,,,,,,1.69,,0.0,,,,,,,0.0,0.0
5665,300336,新文退,,,,,,,,,,0.25,,0.0,,,,,,,0.0,0.0
5666,300330,计通退,,,,,,,,,,2.45,,0.0,,,,,,,0.0,0.0
5667,300325,德威退,,,,,,,,,,0.25,,0.0,,,,,,,0.0,0.0
5668,300312,邦讯退,,,,,,,,,,0.3,,0.0,,,,,,,0.0,0.0
5669,300309,吉艾退,,,,,,,,,,0.23,,0.0,,,,,,,0.0,0.0
5670,300297,蓝盾退,,,,,,,,,,0.23,,0.0,,,,,,,0.0,0.0
5671,300282,三盛退,,,,,,,,,,0.13,,0.0,,,,,,,0.0,0.0
5672,300280,紫天退,,,,,,,,,,0.33,,0.0,,,,,,,0.0,0.0
5673,300273,和佳退,,,,,,,,,,0.38,,0.0,,,,,,,0.0,0.0
5674,300262,*ST巴安,,,,,,,,,,0.68,,0.0,,,,,,,0.0,0.0
5675,300216,千山退,,,,,,,,,,0.19,,0.0,,,,,,,0.0,0.0
5676,300208,中程退,,,,,,,,,,0.28,,0.0,,,,,,,0.0,0.0
5677,300202,聚龙退,,,,,,,,,,0.5,,0.0,,,,,,,0.0,0.0
5678,300186,大华农,,,,,,,,,,45.72,,0.0,,,,,,,0.0,0.0
5679,300178,腾邦退,,,,,,,,,,0.2,,0.0,,,,,,,0.0,0.0
5680,300156,神雾退,,,,,,,,,,0.12,,0.0,,,,,,,0.0,0.0
5681,300117,*ST嘉寓,,,,,,,,,,0.43,,0.0,,,,,,,0.0,0.0
5682,300116,*ST保力,,,,,,,,,,0.11,,0.0,,,,,,,0.0,0.0
5683,300108,*ST吉药,,,,,,,,,,0.21,,0.0,,,,,,,0.0,0.0
5684,300104,乐视退,,,,,,,,,,0.18,,0.0,,,,,,,0.0,0.0
5685,300090,盛运退,,,,,,,,,,0.12,,0.0,,,,,,,0.0,0.0
5686,300089,文化退,,,,,,,,,,0.19,,0.0,,,,,,,0.0,0.0
5687,300067,安诺其,,,,,,,,,,4.21,,0.0,-98.67,1.95,4859916957.0,3946806297.0,,,-17.13,-15.8
5688,300064,金刚退,,,,,,,,,,1.32,,0.0,,,,,,,0.0,0.0
5689,300038,数知退,,,,,,,,,,0.3,,0.0,,,,,,,0.0,0.0
5690,300028,金亚退,,,,,,,,,,0.3,,0.0,,,,,,,0.0,0.0
5691,300023,宝德退,,,,,,,,,,1.09,,0.0,,,,,,,0.0,0.0
5692,002781,奇信退,,,,,,,,,,0.42,,0.0,,,,,,,0.0,0.0
5693,002776,*ST柏龙,,,,,,,,,,0.4,,0.0,,,,,,,0.0,0.0
5694,002770,科迪退,,,,,,,,,,0.6,,0.0,,,,,,,0.0,0.0
5695,002751,易尚退,,,,,,,,,,0.86,,0.0,,,,,,,0.0,0.0
5696,002750,龙津退,,,,,,,,,,0.59,,0.0,,,,,,,0.0,0.0
5697,002740,*ST爱迪,,,,,,,,,,0.38,,0.0,,,,,,,0.0,0.0
5698,002711,欧浦退,,,,,,,,,,0.32,,0.0,,,,,,,0.0,0.0
5699,002699,*ST美盛,,,,,,,,,,0.41,,0.0,,,,,,,0.0,0.0
5700,002684,猛狮退,,,,,,,,,,0.69,,0.0,,,,,,,0.0,0.0
5701,002680,长生退,,,,,,,,,,0.77,,0.0,,,,,,,0.0,0.0
5702,002665,ST航高,,,,,,,,,,0.37,,0.0,,,,,,,0.0,0.0
5703,002621,*ST美吉,,,,,,,,,,0.37,,0.0,,,,,,,0.0,0.0
5704,002619,*ST艾格,,,,,,,,,,0.56,,0.0,,,,,,,0.0,0.0
5705,002618,丹邦退,,,,,,,,,,1.26,,0.0,,,,,,,0.0,0.0
5706,002610,ST爱康,,,,,,,,,,0.37,,0.0,,,,,,,0.0,0.0
5707,002604,龙力退,,,,,,,,,,0.25,,0.0,,,,,,,0.0,0.0
5708,002509,天茂退,,,,,,,,,,0.15,,0.0,,,,,,,0.0,0.0
5709,002505,鹏都农牧,,,,,,,,,,0.36,,0.0,,,,,,,0.0,0.0
5710,002504,*ST弘高,,,,,,,,,,0.38,,0.0,,,,,,,0.0,0.0
5711,002503,*ST搜特,,,,,,,,,,0.42,,0.0,,,,,,,0.0,0.0
5712,002502,ST鼎龙,,,,,,,,,,0.64,,0.0,,,,,,,0.0,0.0
5713,002499,科林退,,,,,,,,,,0.86,,0.0,,,,,,,0.0,0.0
5714,002477,雏鹰退,,,,,,,,,,0.17,,0.0,,,,,,,0.0,0.0
5715,002473,圣莱退,,,,,,,,,,0.79,,0.0,,,,,,,0.0,0.0
5716,002464,众应退,,,,,,,,,,0.26,,0.0,,,,,,,0.0,0.0
5717,002450,康得退,,,,,,,,,,0.2,,0.0,,,,,,,0.0,0.0
5718,002447,晨鑫退,,,,,,,,,,0.19,,0.0,,,,,,,0.0,0.0
5719,002435,ST长康,,,,,,,,,,0.37,,0.0,,,,,,,0.0,0.0
5720,002433,太安退,,,,,,,,,,0.27,,0.0,,,,,,,0.0,0.0
5721,002417,深南退,,,,,,,,,,0.45,,0.0,,,,,,,0.0,0.0
5722,002411,必康退,,,,,,,,,,0.62,,0.0,,,,,,,0.0,0.0
5723,002359,北讯退,,,,,,,,,,0.35,,0.0,,,,,,,0.0,0.0
5724,002341,ST新纶,,,,,,,,,,0.61,,0.0,,,,,,,0.0,0.0
5725,002336,人乐退,,,,,,,,,,0.36,,0.0,,,,,,,0.0,0.0
5726,002325,*ST洪涛,,,,,,,,,,0.38,,0.0,,,,,,,0.0,0.0
5727,002308,*ST威创,,,,,,,,,,0.37,,0.0,,,,,,,0.0,0.0
5728,002288,*ST超华,,,,,,,,,,0.37,,0.0,,,,,,,0.0,0.0
5729,002280,ST联络,,,,,,,,,,0.37,,0.0,,,,,,,0.0,0.0
5730,002260,德奥退,,,,,,,,,,0.53,,0.0,,,,,,,0.0,0.0
5731,002231,*ST奥维,,,,,,,,,,0.6,,0.0,,,,,,,-57.14,-57.14
5732,002220,天宝退,,,,,,,,,,0.26,,0.0,,,,,,,0.0,0.0
5733,002147,新光退,,,,,,,,,,0.37,,0.0,,,,,,,0.0,0.0
5734,002143,印纪退,,,,,,,,,,0.25,,0.0,,,,,,,0.0,0.0
5735,002118,*ST紫鑫,,,,,,,,,,0.37,,0.0,,,,,,,0.0,0.0
5736,002113,*ST天润,,,,,,,,,,0.41,,0.0,,,,,,,0.0,0.0
5737,002089,新海退,,,,,,,,,,0.24,,0.0,,,,,,,0.0,0.0
5738,002087,新纺退,,,,,,,,,,0.16,,0.0,,,,,,,0.0,0.0
5739,002071,长城退,,,,,,,,,,0.31,,0.0,,,,,,,0.0,0.0
5740,002070,众和退,,,,,,,,,,0.71,,0.0,,,,,,,0.0,0.0
5741,002018,华信退,,,,,,,,,,0.26,,0.0,,,,,,,0.0,0.0
5742,002013,中航机电,,,,,,,,,,10.78,,0.0,,,,,,,0.0,0.0
5743,002002,ST鸿达,,,,,,,,,,0.58,,0.0,,,,,,,0.0,0.0
5744,001312,福恩股份,,,,,,,,,,18.38,,0.0,13.96,2.46,3216500000.0,,,,0.0,0.0
5745,000996,中期退,,,,,,,,,,0.38,,0.0,,,,,,,0.0,0.0
5746,000982,中银绒业,,,,,,,,,,0.18,,0.0,,,,,,,0.0,0.0
5747,000979,中弘退,,,,,,,,,,0.22,,0.0,,,,,,,0.0,0.0
5748,000976,*ST华铁,,,,,,,,,,0.41,,0.0,,,,,,,0.0,0.0
5749,000971,*ST高升,,,,,,,,,,0.55,,0.0,,,,,,,0.0,0.0
5750,000961,ST中南,,,,,,,,,,0.56,,0.0,,,,,,,0.0,0.0
5751,000959,首钢股份,,,,,,,,,,4.67,,0.0,28.49,0.72,36215697618.0,34799006577.0,,,-5.08,-4.69
5752,000956,中原油气,,,,,,,,,,11.91,,0.0,,,,,,,0.0,0.0
5753,000939,凯迪退,,,,,,,,,,0.15,,0.0,,,,,,,0.0,0.0
5754,000918,*ST嘉凯,,,,,,,,,,0.49,,0.0,,,,,,,0.0,0.0
5755,000916,华北高速,,,,,,,,,,8.82,,0.0,,,,,,,0.0,0.0
5756,000866,扬子石化,,,,,,,,,,13.84,,0.0,,,,,,,0.0,0.0
5757,000861,海印股份,,,,,,,,,,0.62,,0.0,,,,,,,0.0,0.0
5758,000851,*ST高鸿,,,,,,,,,,0.38,,0.0,,,,,,,0.0,0.0
5759,000836,ST富通,,,,,,,,,,0.37,,0.0,,,,,,,0.0,0.0
5760,000835,长动退,,,,,,,,,,0.35,,0.0,,,,,,,0.0,0.0
5761,000832,*ST龙涤,,,,,,,,,,1.45,,0.0,,,,,,,0.0,0.0
5762,000827,*ST长兴,,,,,,,,,,1.16,,0.0,,,,,,,0.0,0.0
5763,000817,辽河油田,,,,,,,,,,8.75,,0.0,,,,,,,0.0,0.0
5764,000806,银河退,,,,,,,,,,0.43,,0.0,,,,,,,0.0,0.0
5765,000805,*ST炎黄,,,,,,,,,,1.88,,0.0,,,,,,,0.0,0.0
5766,000787,*ST创智,,,,,,,,,,4.68,,0.0,,,,,,,0.0,0.0
5767,000780,ST平能,,,,,,,,,,10.95,,0.0,,,,,,,0.0,0.0
5768,000769,*ST大菲,,,,,,,,,,0.9,,0.0,,,,,,,0.0,0.0
5769,000765,*ST华信,,,,,,,,,,2.36,,0.0,,,,,,,0.0,0.0
5770,000763,锦州石化,,,,,,,,,,4.22,,0.0,,,,,,,0.0,0.0
5771,000760,斯太退,,,,,,,,,,0.26,,0.0,,,,,,,0.0,0.0
5772,000748,长城信息,,,,,,,,,,20.31,,0.0,,,,,,,0.0,0.0
5773,000732,ST泰禾,,,,,,,,,,0.43,,0.0,,,,,,,0.0,0.0
5774,000730,*ST环保,,,,,,,,,,2.6,,0.0,,,,,,,0.0,0.0
5775,000699,S*ST佳纸,,,,,,,,,,0.81,,0.0,,,,,,,0.0,0.0
5776,000693,华泽退,,,,,,,,,,0.37,,0.0,,,,,,,0.0,0.0
5777,000689,ST宏业,,,,,,,,,,4.88,,0.0,,,,,,,0.0,0.0
5778,000687,华讯退,,,,,,,,,,0.29,,0.0,,,,,,,0.0,0.0
5779,000675,ST银山,,,,,,,,,,7.94,,0.0,,,,,,,0.0,0.0
5780,000673,当代退,,,,,,,,,,0.25,,0.0,,,,,,,0.0,0.0
5781,000671,ST阳光城,,,,,,,,,,0.37,,0.0,,,,,,,0.0,0.0
5782,000667,ST美置,,,,,,,,,,0.58,,0.0,,,,,,,0.0,0.0
5783,000666,经纬纺机,,,,,,,,,,8.97,,0.0,,,,,,,0.0,0.0
5784,000662,天夏退,,,,,,,,,,0.25,,0.0,,,,,,,0.0,0.0
5785,000660,*ST南华,,,,,,,,,,2.38,,0.0,,,,,,,0.0,0.0
5786,000658,ST海洋,,,,,,,,,,4.24,,0.0,,,,,,,0.0,0.0
5787,000653,ST九州,,,,,,,,,,2.51,,0.0,,,,,,,0.0,0.0
5788,000627,*ST天茂,,,,,,,,,,1.58,,0.0,,,,,,,0.0,0.0
5789,000622,恒立退,,,,,,,,,,0.15,,0.0,,,,,,,0.0,0.0
5790,000621,*ST比特,,,,,,,,,,2.66,,0.0,,,,,,,0.0,0.0
5791,000618,吉林化工,,,,,,,,,,5.24,,0.0,,,,,,,0.0,0.0
5792,000616,*ST海投,,,,,,,,,,0.85,,0.0,,,,,,,0.0,0.0
5793,000613,东海A退,,,,,,,,,,0.58,,0.0,,,,,,,0.0,0.0
5794,000611,天首退,,,,,,,,,,1.39,,0.0,,,,,,,0.0,0.0
5795,000606,顺利退,,,,,,,,,,0.28,,0.0,,,,,,,0.0,0.0
5796,000602,金马集团,,,,,,,,,,13.41,,0.0,,,,,,,0.0,0.0
5797,000594,国恒退,,,,,,,,,,1.29,,0.0,,,,,,,0.0,0.0
5798,000588,PT粤金曼,,,,,,,,,,4.37,,0.0,,,,,,,0.0,0.0
5799,000587,*ST金洲,,,,,,,,,,0.72,,0.0,,,,,,,0.0,0.0
5800,000585,东电退,,,,,,,,,,0.35,,0.0,,,,,,,0.0,0.0
5801,000584,工智退,,,,,,,,,,0.29,,0.0,,,,,,,0.0,0.0
5802,000583,S*ST托普,,,,,,,,,,0.76,,0.0,,,,,,,0.0,0.0
5803,000578,盐湖集团,,,,,,,,,,24.44,,0.0,,,,,,,0.0,0.0
5804,000569,长城股份,,,,,,,,,,7.05,,0.0,,,,,,,0.0,0.0
5805,000562,宏源证券,,,,,,,,,,30.5,,0.0,,,,,,,0.0,0.0
5806,000556,PT南洋,,,,,,,,,,1.5,,0.0,,,,,,,0.0,0.0
5807,000552,甘肃能化,,,,,,,,,,2.75,,0.0,-40.09,0.9,14717490508.0,10245981614.0,,,16.53,19.05
5808,000549,S湘火炬,,,,,,,,,,8.9,,0.0,,,,,,,0.0,0.0
5809,000542,TCL通讯,,,,,,,,,,27.34,,0.0,,,,,,,0.0,0.0
5810,000540,*ST中天,,,,,,,,,,0.4,,0.0,,,,,,,0.0,0.0
5811,000535,*ST猴王,,,,,,,,,,0.5,,0.0,,,,,,,0.0,0.0
5812,000527,美的电器,,,,,,,,,,14.02,,0.0,,,,,,,0.0,0.0
5813,000522,白云山A,,,,,,,,,,23.27,,0.0,,,,,,,0.0,0.0
5814,000515,攀渝钛业,,,,,,,,,,15.29,,0.0,,,,,,,0.0,0.0
5815,000511,烯碳退,,,,,,,,,,0.61,,0.0,,,,,,,0.0,0.0
5816,000508,琼民源A,,,,,,,,,,,,0.0,,,,,,,,
5817,000502,绿景退,,,,,,,,,,0.59,,0.0,,,,,,,0.0,0.0
5818,000418,小天鹅A,,,,,,,,,,57.39,,0.0,,,,,,,0.0,0.0
5819,000416,*ST民控,,,,,,,,,,0.45,,0.0,,,,,,,0.0,0.0
5820,000413,ST旭电,,,,,,,,,,0.37,,0.0,,,,,,,0.0,0.0
5821,000412,ST五环,,,,,,,,,,2.89,,0.0,,,,,,,0.0,0.0
5822,000406,石油大明,,,,,,,,,,10.12,,0.0,,,,,,,0.0,0.0
5823,000405,ST鑫光,,,,,,,,,,2.86,,0.0,,,,,,,0.0,0.0
5824,000150,*ST宜康,,,,,,,,,,0.51,,0.0,,,,,,,0.0,0.0
5825,000047,ST中侨,,,,,,,,,,8.03,,0.0,,,,,,,0.0,0.0
5826,000046,*ST泛海,,,,,,,,,,0.38,,0.0,,,,,,,0.0,0.0
5827,000040,*ST旭蓝,,,,,,,,,,0.49,,0.0,,,,,,,0.0,0.0
5828,000038,大通退,,,,,,,,,,0.52,,0.0,,,,,,,0.0,0.0
5829,000033,新都退,,,,,,,,,,1.7,,0.0,,,,,,,0.0,0.0
5830,000024,招商地产,,,,,,,,,,40.5,,0.0,,,,,,,0.0,0.0
5831,000023,*ST深天,,,,,,,,,,1.72,,0.0,,,,,,,0.0,0.0
5832,000018,神城A退,,,,,,,,,,0.27,,0.0,,,,,,,0.0,0.0
5833,000015,PT中浩A,,,,,,,,,,6.85,,0.0,,,,,,,0.0,0.0
5834,000013,*ST石化A,,,,,,,,,,2.47,,0.0,,,,,,,0.0,0.0
5835,000005,ST星源,,,,,,,,,,0.83,,0.0,,,,,,,0.0,0.0
5836,000003,PT金田A,,,,,,,,,,2.71,,0.0,,,,,,,0.0,0.0
