序号,代码,名称,最新价,涨跌幅,涨跌额,成交量,成交额,振幅,最高,最低,今开,昨收,量比,换手率,市盈率-动态,市净率,总市值,流通市值,涨速,5分钟涨跌,60日涨跌幅,年初至今涨跌幅
1,920036,N觅睿,41.3,91.91,19.78,116067.0,506360260.89,40.8,49.66,40.88,48.8,21.52,,88.86,28.4,4.94,2247621455.0,539430740.0,-0.34,-0.17,91.91,91.91
2,920375,派诺科技,20.6,22.04,3.72,342908.0,668224615.97,36.61,21.94,15.76,16.0,16.88,4.61,52.82,241.9,2.74,2238804889.0,1337273473.0,0.0,0.54,51.58,57.61
3,301396,宏景科技,114.29,20.0,19.05,239787.0,2468802593.86,22.35,114.29,93.0,98.3,95.24,2.0,31.52,122.39,13.61,17545520447.0,8695305947.0,0.0,0.0,91.15,72.38
4,301606,绿联科技,80.88,20.0,13.48,138758.0,1064302633.59,19.76,80.88,67.56,67.84,67.4,3.33,6.34,53.91,10.68,33557905109.0,17714039072.0,0.0,0.0,33.25,37.69
5,688316,青云科技-U,89.52,20.0,14.92,120960.0,1008085744.0,17.02,89.52,76.82,77.09,74.6,2.4,25.25,-70.69,157.05,4287840508.0,4287840508.0,0.0,0.0,49.03,48.78
6,688229,博睿数据,103.14,20.0,17.19,32005.0,316399355.0,17.06,103.14,88.48,88.48,85.95,1.6,7.21,-48.66,12.38,4579416000.0,4579416000.0,0.0,0.0,70.23,64.55
7,688158,优刻得-W,45.38,19.99,7.56,706106.0,3107646576.0,11.45,45.38,41.05,41.66,37.82,1.66,17.41,-270.03,8.58,20707124576.0,18400405945.0,0.0,0.0,90.91,61.55
8,301179,泽宇智能,24.07,19.99,4.01,346482.0,776211190.77,22.78,24.07,19.5,19.62,20.06,1.56,14.59,125.77,4.01,9734090186.0,5716756157.0,0.0,0.0,55.89,52.25
9,300113,顺网科技,29.36,19.98,4.89,1198306.0,3267717759.21,17.78,29.36,25.01,25.01,24.47,2.5,23.11,46.49,7.94,20069500168.0,15220884629.0,0.0,0.0,50.56,45.06
10,920876,慧为智能,32.49,19.32,5.26,76108.0,222433232.04,23.72,32.5,26.04,26.04,27.23,1.62,19.73,315.75,8.12,2085229611.0,1253004109.0,0.46,3.9,23.25,28.32
11,300170,汉得信息,26.78,17.77,4.04,2619683.0,6680177526.23,14.69,27.0,23.66,24.0,22.74,3.85,26.81,141.36,4.94,27375244711.0,26166936413.0,0.0,0.07,46.42,41.54
12,301658,首航新能,41.0,15.62,5.54,226537.0,895525141.26,20.84,42.55,35.16,35.16,35.46,1.5,54.94,111.13,5.35,16907216535.0,1690721674.0,0.02,0.37,41.77,43.56
13,300846,首都在线,37.61,14.25,4.69,1426969.0,5000629748.56,22.57,39.03,31.6,32.48,32.92,1.59,36.36,-142.69,22.2,18913919162.0,14759297340.0,0.21,0.13,92.08,64.74
14,301012,扬电科技,33.66,13.72,4.06,367740.0,1164951992.5,16.25,33.66,28.85,29.0,29.6,4.07,18.67,143.38,5.68,6629679053.0,6629679053.0,0.36,0.6,36.0,27.26
15,300257,开山股份,28.61,13.08,3.31,287823.0,764144975.74,16.21,28.7,24.6,24.92,25.3,1.74,3.01,70.12,4.3,28427897865.0,27313686622.0,0.32,0.0,101.34,103.63
16,688248,南网科技,65.39,12.61,7.32,183074.0,1141244684.0,17.44,67.25,57.12,57.12,58.07,2.85,3.24,87.64,11.33,36925733000.0,36925733000.0,0.23,0.25,51.37,46.16
17,688717,艾罗能源,128.09,12.36,14.09,122169.0,1514644619.0,14.54,130.58,114.0,114.0,114.0,1.17,12.33,177.09,4.69,20494400000.0,12687033727.0,0.42,0.42,101.72,107.94
18,300017,网宿科技,20.03,12.21,2.18,6267059.0,11820612157.47,13.61,20.24,17.81,18.0,17.85,2.13,27.18,59.97,4.86,49262779033.0,46192016829.0,-0.1,0.2,98.51,95.41
19,920130,立方控股,26.2,12.21,2.85,66198.0,167112637.52,15.12,26.34,22.81,23.2,23.35,3.79,11.7,-50.24,5.07,2416772783.0,1482595618.0,0.58,0.81,15.93,-9.53
20,301638,南网数字,31.77,11.95,3.39,1244834.0,3898606993.77,15.47,33.28,28.89,28.89,28.38,1.91,52.98,479.1,10.7,101017487807.0,7465319651.0,0.03,0.0,45.47,68.9
21,688348,昱能科技,56.8,11.59,5.9,97303.0,531205593.0,14.58,57.74,50.32,51.08,50.9,1.93,6.23,-67.71,2.59,8876558308.0,8876558308.0,0.02,0.35,10.29,12.72
22,300352,北信源,7.58,11.31,0.77,2425686.0,1763134011.81,15.42,7.86,6.81,6.86,6.81,4.0,19.0,-49.61,8.92,10989666579.0,9676710486.0,0.0,0.0,27.18,23.65
23,300749,顶固集创,35.0,11.11,3.5,255625.0,883594696.82,14.57,36.09,31.5,31.9,31.5,1.4,16.24,459.55,12.66,7180929000.0,5508846000.0,0.52,0.37,227.1,189.98
24,688300,联瑞新材,83.3,11.07,8.3,202546.0,1562368532.0,19.01,84.86,70.6,71.19,75.0,2.72,8.39,68.73,11.8,20114383527.0,20114383527.0,-0.14,-0.3,47.28,34.16
25,688023,安恒信息,59.46,10.77,5.78,89861.0,510357265.0,11.42,59.95,53.82,53.82,53.68,2.31,8.83,-103.8,2.55,6052105121.0,6052105121.0,0.1,0.05,13.13,15.66
26,688308,欧科亿,85.0,10.68,8.2,137271.0,1102319143.0,12.49,85.0,75.41,76.81,76.8,1.3,8.65,130.0,5.1,13496445180.0,13496445180.0,0.81,2.02,185.81,168.65
27,300438,鹏辉能源,52.33,10.54,4.99,543138.0,2738569394.68,13.14,52.68,46.46,46.5,47.34,1.39,13.44,172.46,5.06,26339958029.0,21149914575.0,0.08,0.08,-6.0,-1.67
28,002445,中南文化,3.06,10.07,0.28,174989.0,53546481.0,0.0,3.06,3.06,3.06,2.78,0.15,0.74,66.33,3.21,7272419045.0,7241125777.0,0.0,0.0,21.43,17.69
29,301557,常友科技,108.4,10.07,9.92,37788.0,399835246.19,14.91,111.18,96.5,98.35,98.48,2.41,21.27,63.31,4.75,4802973216.0,1925724266.0,-0.01,0.05,-18.5,-17.12
30,920046,亿能电力,37.08,10.06,3.39,185840.0,657746904.6,22.71,39.33,31.68,31.8,33.69,1.22,29.0,249.95,14.89,3750642000.0,2375985802.0,0.03,0.68,174.06,175.69
31,002068,黑猫股份,9.52,10.06,0.87,482880.0,445282218.17,9.02,9.52,8.74,8.8,8.65,2.78,6.57,-24.82,2.61,7000486266.0,6997255416.0,0.0,0.0,0.95,7.94
32,600851,海欣股份,8.78,10.03,0.8,289875.0,245639298.0,12.16,8.78,7.81,7.87,7.98,3.35,3.93,55.21,2.27,10597957756.0,6481449646.0,0.0,0.0,20.6,28.55
33,600227,赤天化,3.62,10.03,0.33,2484429.0,896108882.0,4.86,3.62,3.46,3.62,3.29,1.13,19.45,-30.07,2.55,6113194220.0,4624911287.0,0.0,0.0,35.58,52.1
34,600268,国电南自,16.34,10.03,1.49,867674.0,1342265372.0,12.53,16.34,14.48,14.59,14.85,1.41,8.58,59.11,4.84,16599328513.0,16516984635.0,0.0,0.0,60.99,55.92
35,002229,鸿博股份,17.9,10.02,1.63,678514.0,1157451366.95,12.85,17.9,15.81,15.88,16.27,2.05,13.76,291.25,6.99,8881827635.0,8827640988.0,0.0,0.0,8.68,15.86
36,000973,佛塑科技,14.5,10.02,1.32,830651.0,1147168688.59,12.97,14.5,12.79,13.08,13.18,2.11,8.59,318.56,4.82,35644433107.0,14027635980.0,0.0,0.0,17.79,-1.36
37,002082,万邦德,18.66,10.02,1.7,264359.0,486121744.66,4.42,18.66,17.91,18.18,16.96,2.84,4.78,-57.42,4.6,11414117766.0,10323699525.0,0.0,0.0,45.9,33.96
38,601789,宁波建工,6.04,10.02,0.55,463135.0,279733353.0,0.0,6.04,6.04,6.04,5.49,0.89,4.26,37.86,1.45,9207326937.0,6564263484.0,0.0,0.0,16.83,21.04
39,601969,海南矿业,13.52,10.01,1.23,904237.0,1192452558.0,6.35,13.52,12.74,13.0,12.29,1.12,4.57,64.87,3.84,27016316354.0,26753282928.0,0.0,0.0,17.87,13.8
40,002261,拓维信息,42.96,10.01,3.91,3408357.0,13798037420.67,12.93,42.96,37.91,39.49,39.05,1.54,29.75,387.14,20.76,54122360123.0,49217221992.0,0.0,0.0,41.32,29.79
41,603138,海量数据,23.29,10.01,2.12,441273.0,999854656.0,13.32,23.29,20.47,20.9,21.17,1.72,15.3,-68.05,8.92,6844295416.0,6715504977.0,0.0,0.0,59.19,63.78
42,002575,群兴玩具,8.02,10.01,0.73,978454.0,755830607.62,11.66,8.02,7.17,7.23,7.29,1.89,16.71,-173.64,5.96,4944330000.0,4695673910.0,0.0,0.0,17.42,29.77
43,000066,中国长城,17.26,10.01,1.57,2247121.0,3710296235.65,12.43,17.26,15.31,15.55,15.69,2.34,6.97,2599.04,5.02,55677292259.0,55673680604.0,0.0,0.0,19.36,19.78
44,603165,荣晟环保,14.95,10.01,1.36,161423.0,231957030.0,11.33,14.95,13.41,13.55,13.59,2.39,5.52,19.2,2.01,4375562875.0,4375562875.0,0.0,0.0,21.15,21.74
45,000533,顺钠股份,16.37,10.01,1.49,536866.0,863385639.98,5.04,16.37,15.62,15.76,14.88,1.18,7.84,105.34,11.93,11308657920.0,11211852288.0,0.0,0.0,107.74,96.52
46,601877,正泰电器,39.05,10.0,3.55,925335.0,3491436647.0,11.55,39.05,34.95,35.15,35.5,1.99,4.31,15.06,1.92,83917238513.0,83917238513.0,0.0,0.0,41.95,40.01
47,600821,金开新能,9.46,10.0,0.86,803711.0,760310417.0,0.0,9.46,9.46,9.46,8.6,0.27,4.02,25.25,1.95,18894112265.0,18894112265.0,0.0,0.0,78.49,85.49
48,601567,三星医疗,32.35,10.0,2.94,770803.0,2450986628.0,6.63,32.35,30.4,30.58,29.41,4.32,5.49,22.32,3.66,45458524090.0,45458524090.0,0.0,0.0,42.57,40.53
49,002903,宇环数控,27.61,10.0,2.51,122812.0,334485601.37,7.81,27.61,25.65,26.15,25.1,0.72,11.52,1060.08,5.37,4326431780.0,2944417344.0,0.0,0.0,18.14,20.04
50,000862,银星能源,8.36,10.0,0.76,1075171.0,855346195.02,11.18,8.36,7.51,7.51,7.6,1.12,17.12,24.24,1.71,7674101259.0,5249804856.0,0.0,0.0,46.92,43.15
51,001339,智微智能,72.96,10.0,6.63,213048.0,1462266421.64,13.49,72.96,64.01,64.5,66.33,1.18,17.84,105.41,8.17,18403929446.0,8710735039.0,0.0,0.0,40.44,42.75
52,000815,美利云,17.94,9.99,1.63,2254231.0,3849463239.66,13.06,17.94,15.81,16.53,16.31,2.72,32.42,289.24,9.24,12473018848.0,12473018848.0,0.0,0.0,53.73,60.32
53,000534,万泽股份,45.36,9.99,4.12,436374.0,1872865139.94,14.94,45.36,39.2,39.95,41.24,1.7,8.73,102.01,14.75,23113120686.0,22678658070.0,0.0,0.0,127.14,106.18
54,003035,南网能源,9.58,9.99,0.87,2363807.0,2163796085.34,11.83,9.58,8.55,8.72,8.71,1.0,6.24,79.5,5.21,36287878779.0,36287878779.0,0.0,0.0,104.7,109.17
55,001258,立新能源,9.36,9.99,0.85,393402.0,357215129.04,12.22,9.36,8.32,8.33,8.51,1.3,4.22,49.36,2.88,8736000006.0,8735908746.0,0.0,0.0,25.81,31.65
56,002112,三变科技,27.63,9.99,2.51,662980.0,1708480139.31,13.34,27.63,24.28,24.66,25.12,0.92,25.3,151.79,9.33,8126847322.0,7241257967.0,0.0,0.0,112.87,108.37
57,002015,协鑫能科,17.18,9.99,1.56,1147712.0,1961535359.75,5.12,17.18,16.38,17.18,15.62,0.8,7.07,27.44,2.26,27888716869.0,27888716869.0,0.0,0.0,75.13,72.66
58,600602,云赛智联,22.26,9.98,2.02,1215680.0,2670300334.0,6.23,22.26,21.0,21.24,20.24,1.95,11.32,157.24,6.32,30444411108.0,23913984557.0,0.0,0.0,22.24,19.1
59,002730,电光科技,19.17,9.98,1.74,299932.0,553214163.96,11.7,19.17,17.13,17.19,17.43,1.54,8.67,76.45,4.26,6941071300.0,6633392800.0,0.0,0.0,29.09,27.46
60,300880,迦南智能,27.77,9.98,2.52,404263.0,1081442969.67,19.37,28.88,23.99,23.99,25.25,1.68,20.72,59.55,5.17,5418962266.0,5418384316.0,-0.04,1.39,51.91,57.96
61,002300,太阳电缆,11.57,9.98,1.05,678532.0,769035148.43,6.84,11.57,10.85,10.85,10.52,0.92,9.39,73.73,4.42,8357400909.0,8356666307.0,0.0,0.0,35.16,25.76
62,605268,王力安防,15.33,9.97,1.39,49925.0,76535025.0,0.0,15.33,15.33,15.33,13.94,0.83,1.13,43.16,4.08,6841817325.0,6752750025.0,0.0,0.0,42.6,43.67
63,002930,宏川智慧,14.67,9.97,1.33,222162.0,315248397.82,9.0,14.67,13.47,13.6,13.34,1.68,5.13,-132.0,2.88,6711376452.0,6348001373.0,0.0,0.0,26.9,31.81
64,600135,乐凯胶片,10.05,9.96,0.91,240046.0,235641125.0,9.52,10.05,9.18,9.18,9.14,2.08,4.34,-48.28,2.33,5560736345.0,5560736345.0,0.0,0.0,26.42,-2.62
65,000601,韶能股份,6.75,9.93,0.61,2235549.0,1453721277.81,12.21,6.75,6.0,6.14,6.14,3.2,21.3,31.23,1.74,7184317437.0,7084306622.0,0.0,0.0,32.09,43.62
66,300588,熙菱信息,26.5,9.82,2.37,159761.0,421484472.6,17.57,27.95,23.71,24.01,24.13,5.37,9.04,-94.28,18.52,5073982295.0,4685783795.0,0.08,0.04,-10.95,-1.85
67,920088,科力股份,80.4,9.69,7.1,161509.0,1385725365.08,22.07,91.98,75.8,91.29,73.3,1.29,50.82,124.92,10.19,7080948600.0,2555216359.0,-0.12,0.5,158.11,175.34
68,300999,金龙鱼,31.87,9.07,2.65,676927.0,2171757003.78,12.35,33.61,30.0,30.03,29.22,4.3,12.47,54.8,1.79,172786122252.0,17294162981.0,-0.06,-0.19,9.71,10.89
69,600812,华北制药,6.01,8.88,0.49,1619782.0,968334735.0,8.51,6.07,5.6,5.61,5.52,9.63,9.44,48.79,1.87,10311539524.0,10311539524.0,0.0,0.0,2.21,8.68
70,300571,平治信息,32.35,8.85,2.63,128258.0,398578046.0,13.96,32.66,28.51,28.89,29.72,2.25,11.09,455.5,3.11,4513740311.0,3740862611.0,0.09,0.06,13.91,17.0
71,300738,奥飞数据,24.81,8.77,2.0,1324090.0,3113709204.74,13.9,25.08,21.91,22.2,22.81,1.68,13.44,126.03,6.96,24442290618.0,24435369521.0,-0.08,0.0,33.96,34.18
72,301120,新特电气,29.8,8.72,2.39,611859.0,1700376703.5,12.7,29.92,26.44,27.09,27.41,1.05,27.99,220.04,7.18,11068943439.0,6514868937.0,-0.33,2.23,72.06,72.55
73,300454,深信服,127.3,8.39,9.85,229283.0,2797418669.53,11.24,128.5,115.3,118.88,117.45,2.5,8.28,-498.48,5.9,53545974952.0,35267156738.0,0.03,0.22,12.64,10.54
74,301428,世纪恒通,35.6,8.37,2.75,126858.0,439439791.74,6.33,35.76,33.68,33.81,32.85,3.06,20.73,55.32,2.76,3512533345.0,2178601345.0,0.48,1.02,0.71,6.14
75,300369,绿盟科技,9.59,8.36,0.74,1110799.0,1033841042.11,9.83,9.67,8.8,8.85,8.85,2.27,13.75,-29.73,3.12,7773863896.0,7749256350.0,0.0,0.0,20.78,28.21
76,300798,锦鸡股份,9.65,8.31,0.74,602014.0,556848955.06,18.07,10.13,8.52,8.71,8.91,1.59,15.78,-222.93,2.69,4524454070.0,3680575051.0,0.21,0.21,30.58,35.72
77,688032,禾迈股份,116.14,8.19,8.79,41575.0,474235911.0,10.55,118.5,107.17,109.0,107.35,1.5,3.35,-89.85,2.49,14409901516.0,14409901516.0,0.12,0.12,19.06,15.23
78,300419,ST浩丰,7.14,8.02,0.53,198209.0,137768562.0,10.14,7.24,6.57,6.61,6.61,2.99,5.39,-128.68,6.08,2625761918.0,2625761918.0,0.0,0.0,11.21,13.33
79,301075,多瑞医药,90.52,7.95,6.67,28726.0,250535245.74,10.24,91.39,82.8,82.88,83.85,1.47,3.59,-68.12,12.13,7241600000.0,7241600000.0,-0.48,-0.39,83.69,51.7
80,301308,江波龙,330.12,7.88,24.12,245495.0,7810744668.91,10.7,330.25,297.5,297.98,306.0,1.43,8.95,145.62,18.38,138368235542.0,90582996138.0,-0.01,0.06,36.48,34.83
81,603226,菲林格尔,35.34,7.81,2.56,71572.0,244248621.0,9.91,35.68,32.43,32.79,32.78,1.12,2.01,-269.3,13.84,12563079152.0,12563079152.0,0.0,-0.03,-1.67,11.76
82,300191,潜能恒信,49.23,7.8,3.56,587916.0,3070687471.51,13.16,54.8,48.79,52.6,45.67,1.31,26.58,-649.59,14.83,15753600000.0,10889429850.0,0.06,0.04,166.25,166.4
83,002053,云南能投,13.01,7.79,0.94,436167.0,552924822.36,9.69,13.25,12.08,12.15,12.07,3.21,4.74,39.59,1.62,11978690327.0,11978605436.0,-0.08,0.0,12.16,12.93
84,688390,固德威,101.0,7.68,7.2,161476.0,1598900620.0,9.94,102.85,93.53,94.0,93.8,1.03,6.64,180.42,8.95,24549283917.0,24549283917.0,0.21,0.42,90.64,62.56
85,605286,同力天启,45.74,7.65,3.25,134963.0,616849605.0,6.17,46.74,44.12,44.12,42.49,6.24,8.03,29.89,3.62,7684320000.0,7684320000.0,-0.02,-0.02,12.91,12.63
86,300077,国民技术,21.97,7.64,1.56,539185.0,1145475909.02,12.93,22.44,19.8,20.05,20.41,1.82,9.52,-130.3,13.32,12811293599.0,12442212978.0,0.0,0.0,2.42,8.65
87,301042,安联锐视,95.03,7.62,6.73,31159.0,284536364.04,10.09,95.8,86.89,88.36,88.3,2.25,4.72,327.65,6.3,6625831522.0,6273959190.0,0.24,0.53,31.8,7.99
88,600589,大位科技,12.19,7.59,0.86,3881611.0,4579532436.0,11.12,12.36,11.1,11.2,11.33,1.49,26.25,356.9,25.45,18098125959.0,18022547959.0,0.08,0.66,60.82,70.25
89,920493,并行科技,177.83,7.57,12.52,62820.0,1089032006.26,16.9,188.0,160.06,161.0,165.31,2.12,14.34,486.82,24.36,10618123491.0,7788322348.0,0.04,-0.03,30.54,34.16
90,605117,德业股份,124.5,7.38,8.56,242898.0,2964073426.0,10.11,126.5,114.78,115.99,115.94,1.39,2.67,36.16,12.11,113155477706.0,113155477706.0,0.09,-0.14,48.02,44.43
91,605259,绿田机械,23.05,7.26,1.56,84204.0,191272223.0,10.98,23.56,21.2,21.3,21.49,1.9,4.88,14.88,2.22,3975664000.0,3975664000.0,0.09,0.0,6.81,2.99
92,301292,海科新源,57.56,7.23,3.88,162296.0,903928990.6,11.61,58.3,52.07,52.31,53.68,2.11,19.08,-75.13,4.74,12824124982.0,4896551321.0,0.26,0.14,-18.35,-10.63
93,002151,北斗星通,44.84,7.22,3.02,879535.0,3936285679.47,9.33,46.0,42.1,42.3,41.82,2.15,19.86,1008.36,4.72,24344125339.0,19855997772.0,0.02,0.02,46.78,-1.3
94,002812,恩捷股份,65.65,7.18,4.4,421974.0,2670104689.47,10.2,65.9,59.65,60.0,61.25,1.66,5.13,-560.25,2.57,64482751994.0,54005937725.0,0.05,0.06,18.61,15.91
95,600938,中国海油,43.36,7.09,2.87,2134154.0,9411869502.0,3.8,44.54,43.0,44.54,40.49,1.08,7.14,15.16,2.62,2060898804746.0,129646400000.0,0.05,0.05,50.97,43.67
96,688330,宏力达,54.97,7.07,3.63,104165.0,553927075.0,11.53,55.97,50.05,50.74,51.34,1.52,7.44,12.05,1.74,7695800000.0,7695800000.0,0.04,-0.2,41.71,52.15
97,600989,宝丰能源,30.64,7.02,2.01,3168065.0,9873710135.0,4.96,31.49,30.07,31.49,28.63,1.3,4.32,18.83,4.89,224694150400.0,224694150400.0,0.03,-1.29,65.53,56.09
98,000911,广农糖业,7.38,6.96,0.48,358605.0,263116630.27,5.94,7.53,7.12,7.2,6.9,1.75,8.96,-504.49,24.61,2954360257.0,2954360257.0,0.0,-0.14,-8.78,0.96
99,688047,龙芯中科,160.3,6.9,10.34,174698.0,2740787760.0,8.38,162.8,150.23,153.28,149.96,2.82,4.36,-141.69,25.65,64280300000.0,64280300000.0,0.06,0.19,22.65,21.34
100,688319,欧林生物,30.5,6.87,1.96,124015.0,366536794.0,10.44,30.58,27.6,28.22,28.54,1.39,3.06,556.6,13.68,12374121450.0,12364983650.0,0.49,0.33,23.98,20.27
101,603220,中贝通信,29.31,6.85,1.88,917336.0,2635226638.0,8.46,30.1,27.78,28.77,27.43,2.45,21.12,138.64,6.39,15720306975.0,12728170800.0,0.03,0.14,30.97,37.61
102,001337,四川黄金,61.4,6.84,3.93,390131.0,2305689984.8,12.7,62.8,55.5,56.6,57.47,0.95,9.29,52.4,14.89,25788000000.0,25788000000.0,0.02,-0.1,122.54,120.39
103,301205,联特科技,253.83,6.78,16.11,197702.0,4847945721.0,14.31,260.0,225.99,227.33,237.72,1.85,29.09,301.97,20.76,32932919520.0,17249850212.0,0.25,-0.37,109.67,50.63
104,300779,惠城环保,102.6,6.76,6.5,144205.0,1484815378.16,8.29,105.88,97.91,98.0,96.1,2.42,8.95,561.33,15.32,20615756785.0,16522759404.0,0.02,-0.15,-16.07,-21.14
105,002986,宇新股份,17.67,6.7,1.11,526599.0,939022097.07,7.19,18.22,17.03,17.32,16.56,2.04,17.45,-78.6,1.77,6716744997.0,5333467600.0,0.0,-0.06,58.9,64.22
106,603856,东宏股份,14.84,6.69,0.93,120665.0,176583566.0,9.49,15.04,13.72,13.8,13.91,3.13,4.28,18.04,1.55,4185711930.0,4185711930.0,-0.34,0.07,14.24,19.01
107,001314,亿道信息,51.14,6.63,3.18,121617.0,598287955.83,7.65,51.14,47.47,48.0,47.96,4.53,23.48,783.53,3.53,7294302760.0,2649002701.0,0.18,0.35,10.17,14.13
108,600123,兰花科创,7.09,6.62,0.44,1649751.0,1188506404.0,3.91,7.32,7.06,7.1,6.65,2.12,11.2,745.11,0.66,10445271749.0,10445271749.0,0.0,-0.14,10.09,19.97
109,300977,深圳瑞捷,20.96,6.61,1.3,100893.0,213168323.76,12.21,21.8,19.4,19.5,19.66,3.7,10.64,88.21,2.3,3190672198.0,1987051660.0,0.0,0.14,10.26,21.93
110,300603,立昂技术,11.25,6.53,0.69,496943.0,548304558.87,7.67,11.39,10.58,10.7,10.56,2.53,13.29,-65.46,3.73,5228980099.0,4206726045.0,-0.09,0.09,10.84,15.74
111,688328,深科达,42.3,6.42,2.55,128005.0,513731102.0,13.16,42.53,37.3,38.5,39.75,1.93,13.55,159.69,4.81,3995501279.0,3995501279.0,-0.05,-0.09,66.27,44.96
112,688121,卓然股份,12.78,6.41,0.77,139976.0,175086310.0,8.74,12.97,11.92,12.07,12.01,3.25,6.91,40.87,1.18,2985586958.0,2590080004.0,0.0,-0.31,3.48,17.03
113,603985,恒润股份,18.61,6.4,1.12,331884.0,599057105.0,10.58,18.95,17.1,17.33,17.49,2.27,7.53,95.68,2.55,8204367436.0,8204367436.0,0.11,-0.05,33.6,22.11
114,300226,上海钢联,29.1,6.4,1.75,285464.0,805786400.49,9.73,29.24,26.58,27.0,27.35,1.87,9.32,41.52,4.33,9274793380.0,8914949822.0,0.14,0.24,21.1,15.84
115,300677,英科医疗,48.61,6.34,2.9,364918.0,1814795646.54,8.64,51.73,47.78,47.99,45.71,2.55,7.84,25.82,1.75,31827556114.0,22633457749.0,0.12,0.02,12.47,24.96
116,688309,恒誉环保,51.98,6.34,3.1,42478.0,208252539.0,10.6,51.98,46.8,49.32,48.88,1.05,5.35,114.86,5.34,4127277963.0,4127277963.0,0.21,0.54,122.9,115.42
117,688207,格灵深瞳,16.99,6.32,1.01,110997.0,181420496.0,10.89,17.23,15.49,15.78,15.98,1.56,4.29,-24.4,2.34,4399953768.0,4399953768.0,-0.12,-0.06,8.15,11.78
118,300383,光环新网,15.81,6.25,0.93,1928699.0,2913366330.04,11.56,15.97,14.25,14.4,14.88,1.62,10.75,148.42,2.23,28419942911.0,28356090811.0,-0.06,0.13,24.59,26.38
119,002803,吉宏股份,18.85,6.2,1.1,167896.0,312707363.64,8.51,19.17,17.66,17.75,17.75,2.04,5.81,29.53,3.22,8490139679.0,5443318044.0,0.16,0.0,14.94,15.22
120,920207,众诚科技,39.09,6.17,2.27,116696.0,439055321.61,13.8,39.88,34.8,34.89,36.82,1.21,20.72,4580.33,12.1,3603902550.0,2201332554.0,-0.03,-0.76,85.44,74.51
121,300496,中科创达,70.61,6.15,4.09,305797.0,2097605461.63,7.53,71.57,66.56,67.2,66.52,2.2,8.3,106.54,3.23,32535050478.0,26028328104.0,0.0,0.41,7.74,4.61
122,300643,万通智控,22.98,6.05,1.31,268478.0,598542090.76,8.31,23.18,21.38,21.6,21.67,2.28,11.63,31.36,4.2,5314206487.0,5304952809.0,0.09,0.04,21.39,18.21
123,688268,华特气体,72.36,6.05,4.13,93737.0,667973469.0,7.25,72.47,67.52,68.0,68.23,1.43,7.82,60.38,4.3,8682937840.0,8677076680.0,0.04,-0.03,25.17,26.08
124,300763,锦浪科技,94.25,6.01,5.34,273827.0,2530414327.88,8.64,95.49,87.81,88.53,88.91,0.96,8.51,32.51,4.12,37516989591.0,30309994634.0,-0.03,0.16,35.44,31.98
125,605287,德才股份,46.85,6.0,2.65,84169.0,382302191.0,9.55,47.44,43.22,43.33,44.2,0.73,6.01,100.25,4.22,6559000000.0,6559000000.0,-0.13,-0.02,75.27,80.75
126,001267,汇绿生态,41.53,5.97,2.34,787755.0,3079639434.72,15.67,42.14,36.0,37.47,39.19,1.01,13.0,472.86,20.58,32607889077.0,25173795231.0,0.05,0.02,126.44,89.63
127,002380,科远智慧,40.5,5.97,2.28,230033.0,884799352.32,13.21,41.15,36.1,36.65,38.22,1.3,16.23,33.58,3.99,9719661785.0,5740951545.0,-0.34,0.17,55.47,48.9
128,688327,云从科技-UW,15.64,5.96,0.88,493826.0,741005890.0,10.98,15.77,14.15,14.54,14.76,1.33,5.93,-29.81,21.72,16242898853.0,13035017866.0,-0.13,0.26,12.36,8.84
129,002881,美格智能,49.0,5.9,2.73,207028.0,1002224937.07,6.72,50.0,46.89,47.1,46.27,2.41,11.38,85.0,7.65,12826078300.0,8914323530.0,0.02,0.0,0.76,9.96
130,301317,鑫磊股份,59.2,5.87,3.28,143307.0,794421514.19,16.43,60.64,51.45,54.0,55.92,1.55,27.46,18.39,6.92,9305648000.0,3090046594.0,0.24,0.39,88.84,83.62
131,002063,远光软件,7.42,5.85,0.41,3060331.0,2209772341.79,9.42,7.66,7.0,7.11,7.01,4.09,17.35,47.07,3.59,14172686388.0,13086823065.0,-0.13,0.0,21.24,22.24
132,600673,东阳光,40.0,5.82,2.2,2096536.0,7845614065.0,19.18,41.58,34.33,35.0,37.8,2.46,6.98,99.71,12.36,120382202360.0,120062317080.0,0.68,1.14,92.77,78.33
133,600546,山煤国际,12.4,5.8,0.68,1195872.0,1515595567.0,5.2,12.89,12.28,12.38,11.72,2.06,6.03,17.62,1.5,24582456136.0,24582456136.0,0.16,0.08,16.98,22.89
134,601118,海南橡胶,7.86,5.79,0.43,1744566.0,1361762107.0,7.0,8.05,7.53,7.65,7.43,1.82,4.08,-91.68,3.47,33636302484.0,33636302484.0,0.0,0.13,32.55,34.36
135,001203,大中矿业,37.88,5.78,2.07,376836.0,1372119388.72,11.95,38.38,34.1,35.31,35.81,1.0,2.86,73.34,8.92,58073086878.0,49824184967.0,0.0,0.19,41.71,23.59
136,300376,易事特,8.09,5.75,0.44,1162763.0,915205026.25,11.37,8.24,7.37,7.48,7.65,2.35,5.0,149.86,2.81,18835465451.0,18828948349.0,-0.12,0.0,35.97,24.65
137,920090,同辉信息,7.75,5.73,0.42,195346.0,150607134.75,8.59,7.96,7.33,7.35,7.33,1.1,14.43,-25.26,33.7,1544834982.0,1048942350.0,0.39,0.0,18.68,22.05
138,301516,中远通,18.46,5.67,0.99,213535.0,400039328.07,13.34,19.52,17.19,17.2,17.47,5.42,30.43,-93.38,4.01,5181754397.0,1295438604.0,0.0,0.0,14.16,18.26
139,300773,拉卡拉,29.48,5.66,1.58,1526118.0,4479653076.13,5.38,30.0,28.5,28.61,27.9,2.29,20.78,50.65,6.47,22896082490.0,21654765477.0,-0.03,0.0,39.06,3.51
140,300982,苏文电能,25.83,5.64,1.38,189945.0,480541575.41,8.51,25.88,23.8,23.8,24.45,2.14,9.8,398.65,1.84,5345909721.0,5008363281.0,0.0,-0.04,47.94,27.93
141,600186,莲花控股,6.59,5.61,0.35,2421149.0,1566824702.0,6.41,6.64,6.24,6.28,6.24,2.09,13.6,35.05,6.2,11814318984.0,11732099838.0,-0.15,0.15,21.14,10.2
142,300921,南凌科技,27.91,5.52,1.46,176003.0,476492757.58,8.66,28.07,25.78,25.89,26.45,1.5,15.34,172.84,6.19,5129787862.0,3201306780.0,0.11,-0.07,21.08,21.51
143,301216,万凯新材,21.72,5.49,1.13,261636.0,573248780.01,9.42,22.77,20.83,21.45,20.59,2.61,4.77,121.8,2.08,12601697261.0,11909559422.0,0.0,-0.09,17.92,28.83
144,002471,中超控股,9.63,5.48,0.5,3262691.0,3050992078.79,10.51,9.9,8.94,8.95,9.13,1.53,24.3,-395.72,7.56,13181158800.0,12928985338.0,-0.1,0.0,125.0,20.07
145,000993,闽东电力,15.25,5.46,0.79,677020.0,1017692480.29,12.86,15.91,14.05,14.1,14.46,1.26,15.4,34.58,2.62,6983759689.0,6706150473.0,0.0,-0.33,9.4,27.3
146,001400,江顺科技,132.76,5.45,6.86,36134.0,457690431.96,14.72,135.85,117.32,119.51,125.9,1.59,24.09,91.28,6.48,7965600000.0,1991400000.0,-0.07,0.11,108.58,70.73
147,300093,*ST金刚,18.09,5.42,0.93,57516.0,102641039.0,8.68,18.3,16.81,17.0,17.16,1.9,2.06,-18.28,-3.27,9768600000.0,5047110000.0,0.06,0.11,30.71,8.32
148,002929,润建股份,53.08,5.34,2.69,284719.0,1451972351.2,10.95,53.22,47.7,49.0,50.39,1.08,13.52,1757.07,2.39,15079130099.0,11176564238.0,0.17,0.19,32.01,33.33
149,300816,艾可蓝,72.78,5.3,3.66,66813.0,476406655.68,14.16,75.0,65.21,65.7,69.12,1.23,11.79,58.95,6.41,5822400000.0,4124338597.0,0.0,-0.1,70.72,51.15
150,300688,创业黑马,29.8,5.3,1.5,123094.0,359431587.62,8.45,30.2,27.81,28.0,28.3,2.18,8.3,-150.06,12.47,4987908027.0,4421678048.0,0.3,0.1,4.75,2.09
151,300720,海川智能,41.39,5.29,2.08,104219.0,411098035.65,11.6,41.56,37.0,38.29,39.31,1.25,5.97,219.04,13.78,8065969626.0,7228845907.0,0.0,-0.14,41.26,22.13
152,301239,普瑞眼科,33.9,5.28,1.7,39790.0,134277623.67,9.69,34.88,31.76,31.96,32.2,3.11,2.66,232.68,2.39,5072085727.0,5072085727.0,0.06,0.03,2.05,3.07
153,688063,派能科技,70.89,5.24,3.53,184251.0,1288076530.0,6.22,71.76,67.57,68.6,67.36,1.37,7.51,206.77,1.89,17393517162.0,17393517162.0,-0.01,0.17,28.56,24.76
154,688176,亚虹医药-U,17.66,5.24,0.88,616565.0,1055721100.0,8.64,17.78,16.33,16.91,16.78,1.71,14.15,-24.05,6.28,10086870783.0,7694213859.0,0.51,0.34,80.57,53.43
155,601096,宏盛华源,7.06,5.22,0.35,1752085.0,1205890755.0,6.26,7.07,6.65,6.75,6.71,1.25,10.66,50.05,4.12,18886594921.0,11599414379.0,0.14,0.14,70.12,70.12
156,300683,海特生物,34.1,5.21,1.69,101777.0,344947836.72,10.06,34.86,31.6,31.93,32.41,2.17,8.34,-21.18,2.0,4463498733.0,4162404258.0,0.21,0.15,14.74,22.97
157,600188,兖矿能源,20.28,5.19,1.0,1567505.0,3258946202.0,5.76,21.21,20.1,20.79,19.28,1.15,2.65,21.44,3.9,203560105432.0,120136916784.0,0.0,-0.1,45.38,54.22
158,603701,德宏股份,21.73,5.18,1.07,71175.0,150695020.0,7.21,21.8,20.31,20.49,20.66,1.82,2.72,385.06,7.08,5679394109.0,5679394109.0,0.14,-0.23,18.23,7.79
159,002140,东华科技,13.95,5.12,0.68,451330.0,641476065.34,5.35,14.59,13.88,13.98,13.27,2.04,6.38,18.54,2.08,9876793514.0,9862111181.0,0.22,0.0,27.16,24.44
160,000920,沃顿科技,14.39,5.11,0.7,382812.0,549917352.0,7.38,14.93,13.92,13.99,13.69,3.35,8.1,26.11,3.42,6801017888.0,6800694113.0,-0.07,0.07,17.85,15.58
161,603070,万控智造,17.53,5.1,0.85,202488.0,349520898.0,10.07,17.98,16.3,16.3,16.68,1.33,5.12,87.66,3.26,7029530000.0,6931658397.0,0.11,-0.34,34.43,35.26
162,300608,思特奇,12.62,5.08,0.61,149222.0,183827142.2,7.49,12.73,11.83,11.88,12.01,1.65,5.19,-17.74,3.13,4180244686.0,3629216944.0,-0.08,0.24,9.45,14.0
163,600525,ST长园,5.82,5.05,0.28,263669.0,149384860.0,6.68,5.82,5.45,5.49,5.54,0.76,2.0,-17.56,2.04,7675300485.0,7675300485.0,0.0,0.0,57.3,64.87
164,600753,*ST海钦,10.82,5.05,0.52,66866.0,70990621.0,5.83,10.82,10.22,10.42,10.3,0.62,2.9,72.79,112.06,2491923634.0,2491923634.0,0.0,0.0,30.83,27.44
165,601857,中国石油,12.92,5.04,0.62,8174453.0,10764000683.0,4.63,13.48,12.91,13.48,12.3,1.0,0.5,14.04,1.52,2364631033409.0,2092033245409.0,-0.08,0.0,30.11,24.11
166,301159,三维天地,48.47,5.03,2.32,49501.0,233858211.52,9.21,48.83,44.58,45.28,46.15,1.75,9.34,-37.38,6.43,3749154500.0,2569635838.0,0.0,0.23,23.49,31.82
167,600406,国电南瑞,31.52,5.03,1.51,2125265.0,6625141369.0,5.96,32.06,30.27,30.28,30.01,1.46,2.65,39.11,5.14,253160954037.0,252417022716.0,0.0,0.13,41.47,40.21
168,688561,奇安信-U,34.85,5.03,1.67,143733.0,490342921.0,5.24,35.05,33.31,33.85,33.18,1.56,2.11,-18.83,3.19,23776507466.0,23776507466.0,-0.11,-0.14,-1.78,-2.05
169,002528,ST英飞拓,3.35,5.02,0.16,225143.0,73823061.1,5.02,3.35,3.19,3.24,3.19,0.72,2.14,-40.62,39.69,4015561525.0,3518235583.0,0.0,0.0,10.93,25.0
170,601898,中煤能源,18.2,5.02,0.87,1169850.0,2171380445.0,7.79,19.06,17.71,18.41,17.33,1.2,1.28,14.5,1.53,241307673880.0,166566407280.0,-0.66,-0.93,32.08,46.3
171,600590,泰豪科技,16.99,5.01,0.81,1570414.0,2569635124.0,11.62,17.2,15.32,15.8,16.18,2.23,18.62,221.74,4.53,14490257053.0,14332246196.0,0.47,0.12,92.63,80.55
172,600289,ST信通,7.76,5.01,0.37,112248.0,85588294.0,6.09,7.76,7.31,7.33,7.39,1.3,1.98,-26.84,4.38,4896964055.0,4391560028.0,0.0,0.0,5.01,16.87
173,000504,*ST生物,9.49,4.98,0.45,59899.0,55836178.48,6.08,9.49,8.94,8.96,9.04,2.4,1.82,448.93,12.92,3131919200.0,3123371557.0,0.0,0.0,2.82,6.03
174,688161,威高骨科,31.01,4.98,1.47,54416.0,168459392.0,7.52,31.49,29.27,29.27,29.54,3.65,1.36,46.52,2.99,12404000000.0,12404000000.0,-0.23,-0.19,7.52,11.07
175,920670,数字人,19.47,4.96,0.92,56858.0,107482295.7,7.92,19.47,18.0,18.06,18.55,1.25,8.53,252.61,8.29,2067371328.0,1297644757.0,0.15,0.36,27.17,15.62
176,600452,涪陵电力,16.32,4.95,0.77,1183401.0,1877411330.0,11.58,16.8,15.0,15.05,15.55,0.99,7.7,63.57,4.58,25076359793.0,25076359793.0,-1.09,0.12,77.58,74.17
177,300067,安诺其,5.3,4.95,0.25,1117981.0,574554743.57,12.28,5.45,4.83,4.99,5.05,1.55,11.93,-124.21,2.45,6118185242.0,4968663509.0,-0.19,-0.38,5.79,6.0
178,600617,国新能源,3.61,4.94,0.17,1533053.0,564587470.0,6.69,3.78,3.55,3.67,3.44,1.48,8.63,-566.3,2.06,6964382311.0,6409709107.0,0.0,0.56,4.03,14.97
179,301392,汇成真空,121.25,4.93,5.7,57529.0,682210118.52,7.28,121.88,113.47,115.11,115.55,2.01,14.1,515.09,16.72,12125000000.0,4946504209.0,-0.1,-0.16,1.63,-6.04
180,301295,美硕科技,34.35,4.92,1.61,29443.0,99668066.29,7.91,34.81,32.22,32.5,32.74,2.26,10.01,126.75,3.63,3462480000.0,1009890000.0,0.06,-0.03,26.75,15.27
181,002047,*ST宝鹰,5.33,4.92,0.25,389385.0,203905459.86,5.51,5.33,5.05,5.13,5.08,1.29,2.57,-179.6,-253.37,8081605534.0,8081195225.0,0.0,0.0,39.53,44.84
182,002667,威领股份,28.0,4.91,1.31,389727.0,1075914163.13,6.41,28.31,26.6,27.6,26.69,1.26,16.47,-419.41,19.32,7296562000.0,6625108000.0,0.18,0.04,82.89,113.9
183,600568,ST中珠,3.02,4.86,0.14,375099.0,111241971.0,4.51,3.02,2.89,2.9,2.88,1.68,2.25,-133.6,3.51,6018466437.0,5040583183.0,0.0,0.0,7.09,20.32
184,688080,映翰通,61.03,4.86,2.83,40313.0,237955704.0,11.01,61.86,55.45,57.12,58.2,1.68,5.47,29.91,3.84,4495233736.0,4495233736.0,-0.02,-0.23,25.58,20.85
185,600628,新世界,8.21,4.85,0.38,322116.0,259782492.0,6.51,8.26,7.75,7.8,7.83,2.92,4.98,61.77,1.25,5310846903.0,5310846903.0,-0.24,-0.12,3.79,4.45
186,000488,ST晨鸣,2.6,4.84,0.12,713422.0,182462030.07,5.65,2.6,2.46,2.51,2.48,1.6,4.24,-0.95,2.39,7647786120.0,4371607167.0,0.0,0.0,25.6,18.18
187,920924,广脉科技,23.29,4.82,1.07,35277.0,80220690.54,8.19,23.52,21.7,21.71,22.22,1.33,5.4,140.38,7.84,2498935485.0,1522517164.0,-0.21,-0.13,14.11,11.28
188,002637,赞宇科技,15.28,4.8,0.7,486045.0,754183937.45,8.44,16.04,14.81,14.98,14.58,3.82,10.98,35.76,1.9,7187727280.0,6764809732.0,0.79,1.19,42.01,49.07
189,002451,摩恩电气,11.57,4.8,0.53,641731.0,728630642.92,6.07,11.58,10.91,10.94,11.04,2.15,14.61,542.34,6.58,5098551900.0,5080953930.0,0.0,0.35,1.58,14.22
190,301668,昊创瑞通,60.0,4.79,2.74,53930.0,315794644.52,7.51,60.1,55.8,56.0,57.26,1.71,23.4,53.63,6.31,6600000000.0,1382883960.0,-0.02,0.23,16.96,26.29
191,300137,先河环保,12.76,4.76,0.58,397163.0,496200839.6,6.81,12.83,12.0,12.08,12.18,1.69,7.49,927.88,4.2,6846789000.0,6763235193.0,-0.08,-0.16,57.14,23.17
192,300692,中赋科技,8.14,4.76,0.37,408696.0,321492692.83,10.3,8.23,7.43,7.65,7.77,1.99,9.74,33.82,1.56,3814573532.0,3414296561.0,0.0,0.0,-0.61,-3.1
193,601778,晶科科技,5.1,4.72,0.23,4066823.0,2049509625.0,8.83,5.23,4.8,4.8,4.87,1.64,11.39,38.4,1.15,18212103259.0,18212103259.0,0.0,0.0,53.61,37.1
194,601699,潞安环能,14.68,4.71,0.66,1371567.0,2053621076.0,6.28,15.38,14.5,14.72,14.02,2.26,4.59,21.19,0.94,43913887056.0,43913887056.0,0.14,-0.14,12.23,24.41
195,301291,明阳电气,62.8,4.7,2.82,271764.0,1676921540.79,5.87,63.5,59.98,60.41,59.98,1.38,16.81,31.45,3.99,19606160000.0,10150800774.0,0.48,0.87,54.38,50.93
196,300062,中能电气,9.81,4.7,0.44,972880.0,943788159.29,10.14,10.1,9.15,9.16,9.37,1.77,21.22,906.57,4.52,6179685600.0,4497377333.0,0.1,0.1,15.68,17.77
197,300241,瑞丰光电,7.2,4.65,0.32,1612402.0,1125341694.26,8.14,7.23,6.67,6.71,6.88,1.8,27.5,73.84,2.26,5041899698.0,4221935042.0,-0.14,0.28,17.26,28.8
198,601088,中国神华,47.95,4.63,2.12,883473.0,4277040392.0,4.56,49.59,47.5,47.5,45.83,1.39,0.54,18.3,2.29,952695531842.0,790745269942.0,0.02,0.04,15.15,18.4
199,920508,殷图网联,25.09,4.63,1.11,44202.0,108272048.96,10.34,25.47,22.99,23.69,23.98,2.69,13.85,659.47,7.72,1505400000.0,800519658.0,0.0,0.04,14.67,12.76
200,603588,高能环境,14.02,4.63,0.62,1125725.0,1513072681.0,10.82,14.1,12.65,13.0,13.4,1.26,7.39,24.79,2.23,21355747087.0,21355747087.0,0.14,0.65,99.43,81.61
201,002348,高乐股份,8.61,4.62,0.38,403736.0,335202472.0,8.63,8.72,8.01,8.31,8.23,0.88,4.47,-524.02,18.32,8155392000.0,7779419121.0,-0.35,0.23,47.94,49.74
202,300953,震裕科技,155.6,4.61,6.86,65817.0,976532905.85,11.63,157.4,140.1,145.6,148.74,1.52,5.28,49.14,6.31,26993134944.0,19381250941.0,-0.01,-0.1,8.66,-7.39
203,601360,三六零,12.06,4.6,0.53,2359999.0,2787380049.0,6.42,12.14,11.4,11.51,11.53,1.93,3.37,-517.93,2.88,84414668021.0,84414668021.0,0.0,0.08,-2.82,7.97
204,600539,狮头股份,12.41,4.55,0.54,223908.0,271757721.0,8.59,12.55,11.53,11.86,11.87,2.31,9.74,-130.66,9.52,2854300000.0,2854300000.0,-0.16,0.32,16.64,21.91
205,301313,凡拓数创,32.93,4.54,1.43,39593.0,126526485.5,7.05,32.94,30.72,31.01,31.5,0.83,5.24,-26.5,4.73,3406720462.0,2485812464.0,-0.03,0.21,18.75,24.22
206,920556,雅达股份,11.81,4.51,0.51,197134.0,232812536.35,12.21,12.39,11.01,11.03,11.3,2.55,16.78,68.78,3.61,1905132512.0,1387660403.0,-0.08,0.17,17.63,17.4
207,601179,中国西电,20.17,4.51,0.87,5344522.0,10616426106.0,8.91,20.61,18.89,18.9,19.3,1.47,10.43,82.62,4.57,103389047040.0,103389047040.0,-0.15,0.1,148.09,121.65
208,000552,甘肃能化,2.79,4.49,0.12,2683789.0,754716205.95,4.49,2.88,2.76,2.77,2.67,1.93,7.2,-40.67,0.91,14931551674.0,10395002652.0,0.0,-0.36,11.6,20.78
209,300882,万胜智能,25.95,4.47,1.11,215514.0,548568847.03,8.09,26.21,24.2,24.31,24.84,1.34,8.09,33.93,5.67,7426920829.0,6911186429.0,0.0,0.15,36.72,38.03
210,300624,万兴科技,79.93,4.44,3.4,188356.0,1472456720.52,5.89,80.33,75.82,76.26,76.53,1.7,11.0,-188.17,14.31,15453372377.0,13686670955.0,-0.03,0.08,13.63,13.14
211,688580,伟思医疗,59.23,4.44,2.52,38274.0,223265314.0,6.26,59.95,56.4,56.71,56.71,1.87,4.0,41.52,3.35,5672533388.0,5672533388.0,-0.02,-0.02,31.39,22.38
212,605168,三人行,36.9,4.38,1.55,52224.0,189235530.0,7.47,37.3,34.66,35.35,35.35,1.28,2.48,40.39,2.9,7779146783.0,7779146783.0,0.0,0.24,21.9,-4.35
213,002268,电科网安,20.1,4.36,0.84,278736.0,547865825.31,4.98,20.15,19.19,19.57,19.26,1.27,3.3,-59.77,3.16,16997285268.0,16990487951.0,0.1,0.1,16.72,-2.14
214,600228,*ST返利,5.76,4.35,0.24,89852.0,50095252.0,7.43,5.79,5.38,5.49,5.52,1.65,2.16,-40.2,5.81,2400033180.0,2396374140.0,0.17,-0.35,-25.39,2.67
215,603881,数据港,38.03,4.33,1.58,747058.0,2763440907.0,9.08,38.41,35.1,35.99,36.45,1.45,10.4,170.95,8.28,27319877272.0,27319877272.0,0.03,0.16,19.67,24.98
216,603618,杭电股份,20.0,4.33,0.83,1152557.0,2210752425.0,9.65,20.0,18.15,19.0,19.17,0.93,16.67,-47.28,5.1,13827512320.0,13827512320.0,0.2,0.86,155.43,148.14
217,000792,盐湖股份,38.36,4.27,1.57,1218252.0,4569795633.29,7.56,38.88,36.1,36.11,36.79,1.25,2.3,33.81,4.94,202984722673.0,202983541377.0,0.24,0.21,50.43,36.22
218,600251,冠农股份,11.47,4.27,0.47,259026.0,293330060.0,5.09,11.6,11.04,11.17,11.0,1.54,3.33,19.26,2.35,8912116397.0,8912116397.0,0.35,0.26,29.9,24.27
219,600256,广汇能源,7.09,4.26,0.29,7156086.0,5247925718.0,5.88,7.48,7.08,7.48,6.8,1.0,11.2,33.59,1.9,45319301015.0,45319301015.0,-0.14,-0.14,42.37,44.11
220,688052,纳芯微,171.3,4.24,6.97,42229.0,700645065.0,7.27,171.59,159.65,160.18,164.33,1.08,2.96,-115.55,3.65,27857394073.0,24415120573.0,-0.07,0.0,12.33,8.29
221,300249,依米康,18.63,4.19,0.75,563095.0,1003131177.83,10.85,18.76,16.82,17.21,17.88,0.69,15.08,222.62,24.56,8206291328.0,6956926883.0,0.0,0.22,29.38,27.34
222,300166,东方国信,13.23,4.17,0.53,1283999.0,1646589297.02,9.92,13.44,12.18,12.4,12.7,1.34,14.18,-114.73,2.57,15065606246.0,11983437145.0,0.0,0.08,30.34,29.45
223,002594,比亚迪,97.52,4.17,3.9,1093409.0,10562485734.53,5.34,98.0,93.0,93.62,93.62,1.35,3.14,28.58,4.04,889109106539.0,340075822579.0,0.0,0.0,2.6,-0.2
224,000682,东方电子,15.3,4.15,0.61,752356.0,1131895163.93,6.47,15.48,14.53,14.58,14.69,2.07,5.61,31.08,3.73,20513123207.0,20510521167.0,0.0,0.0,34.21,29.01
225,300568,星源材质,14.35,4.14,0.57,811811.0,1124126486.44,8.93,14.38,13.15,13.43,13.78,2.11,6.67,126.59,1.95,19310947670.0,17465999453.0,0.0,0.0,-8.48,-5.9
226,603876,鼎胜新材,19.62,4.14,0.78,323969.0,614357721.0,9.39,19.8,18.03,18.45,18.84,1.03,3.49,44.58,2.49,18232222719.0,18232222719.0,0.1,0.36,46.2,30.71
227,300164,通源石油,21.14,4.14,0.84,2489437.0,5668470453.46,14.78,24.0,21.0,24.0,20.3,1.27,42.69,165.95,8.54,12440015417.0,12329075847.0,0.0,-0.14,252.33,282.97
228,301358,湖南裕能,67.45,4.14,2.68,263978.0,1726300975.14,7.98,67.47,62.3,63.62,64.77,1.43,3.47,59.65,4.18,51316143531.0,51257826936.0,0.04,0.06,-3.13,4.31
229,601339,百隆东方,7.31,4.13,0.29,270652.0,192921565.0,8.12,7.35,6.78,6.99,7.02,1.53,1.8,14.95,1.19,10961849390.0,10961849390.0,0.14,0.14,33.39,26.25
230,300385,雪浪环境,12.9,4.12,0.51,210666.0,260991023.56,8.15,12.94,11.93,11.93,12.39,1.28,7.25,-20.44,52.15,4297582523.0,3749547966.0,-0.08,0.08,99.69,107.4
231,603659,璞泰来,27.7,4.1,1.09,624609.0,1683288893.0,6.99,27.93,26.07,26.34,26.61,1.51,2.92,25.09,2.9,59178254405.0,59178254405.0,-0.04,0.11,4.45,1.32
232,600127,金健米业,7.4,4.08,0.29,1081439.0,814607375.0,7.74,7.8,7.25,7.25,7.11,1.52,16.85,283.72,6.98,4749195813.0,4749195813.0,0.14,0.0,3.93,10.12
233,688599,天合光能,18.72,4.06,0.73,697289.0,1276074859.0,6.0,18.73,17.65,17.78,17.99,1.19,2.98,-6.27,1.99,43852867082.0,43852867082.0,0.11,0.32,10.12,13.11
234,002335,科华数据,63.16,4.05,2.46,456166.0,2794353477.26,8.75,63.59,58.28,60.8,60.7,1.72,10.03,70.87,5.15,32553550830.0,28717124195.0,0.02,0.41,18.37,13.74
235,601611,中国核建,17.23,4.05,0.67,1312670.0,2229513994.0,7.19,17.44,16.25,16.3,16.56,1.09,4.36,35.2,2.39,51928363473.0,51928363473.0,0.0,0.12,51.81,27.82
236,600131,国网信通,22.43,4.04,0.87,773404.0,1717743625.0,6.4,22.63,21.25,21.52,21.56,2.12,6.47,39.63,4.14,26879103637.0,26824152492.0,0.18,0.45,37.44,39.4
237,603893,瑞芯微,175.28,4.03,6.79,79651.0,1366656676.0,5.22,175.8,167.0,169.5,168.49,1.51,1.89,70.99,17.41,73785605880.0,73764922840.0,0.03,0.06,-2.6,-1.52
238,600664,哈药股份,3.63,4.01,0.14,1213171.0,437936444.0,5.44,3.67,3.48,3.5,3.49,4.67,4.82,20.87,1.62,9142190850.0,9142190850.0,0.0,-0.27,-2.42,5.22
239,300274,阳光电源,155.8,4.01,6.0,822301.0,12673514229.63,6.19,156.85,147.57,148.49,149.8,1.5,5.17,20.39,7.18,323006339859.0,247676732154.0,0.04,0.08,-12.04,-8.91
240,603155,新亚强,19.96,4.01,0.77,154047.0,303258781.0,7.61,20.29,18.83,19.3,19.19,0.69,4.88,59.95,2.9,6303104528.0,6303104528.0,-0.25,-0.15,8.54,16.52
241,601001,晋控煤业,17.62,4.01,0.68,577286.0,1043326663.0,6.14,18.55,17.51,17.76,16.94,1.38,3.45,17.33,1.57,29490594000.0,29490594000.0,0.06,0.0,21.77,33.99
242,688251,井松智能,33.37,3.99,1.28,46228.0,151782767.0,7.67,33.56,31.1,31.49,32.09,0.92,4.63,101.63,3.91,3357104257.0,3333772787.0,-0.39,-0.36,21.35,13.5
243,300606,金太阳,37.25,3.99,1.43,203760.0,750402602.0,6.39,37.8,35.51,36.6,35.82,1.58,17.32,184.28,7.63,5153456519.0,4383374604.0,0.19,0.43,67.79,58.44
244,600845,宝信软件,24.02,3.98,0.92,390156.0,919122845.0,6.19,24.18,22.75,22.9,23.1,1.68,1.83,47.11,6.27,68956106824.0,51259980755.0,-0.04,0.04,15.48,15.98
245,300286,安科瑞,33.28,3.97,1.27,191201.0,618855614.08,8.87,33.64,30.8,31.83,32.01,1.23,9.03,32.56,3.73,8346113318.0,7049683397.0,0.21,0.09,47.26,44.19
246,000912,泸天化,5.76,3.97,0.22,1753877.0,1044377069.55,5.96,6.09,5.76,6.03,5.54,1.34,11.19,3684.37,1.43,9031680000.0,9031680000.0,-0.17,-1.03,30.32,38.8
247,002506,协鑫集成,5.78,3.96,0.22,16914547.0,9840327416.7,7.19,6.05,5.65,5.65,5.56,1.53,28.94,-45.69,19.0,33814828948.0,33780812781.0,-0.17,-0.17,128.46,106.43
248,600603,广汇物流,7.63,3.95,0.29,685699.0,529029117.0,7.49,7.92,7.37,7.47,7.34,2.97,5.75,21.45,1.25,9105101422.0,9105101422.0,0.0,0.0,15.96,22.67
249,000977,浪潮信息,61.77,3.94,2.34,580590.0,3501729970.03,5.79,61.8,58.36,59.79,59.43,1.48,3.96,45.9,4.32,90707802979.0,90606200533.0,0.03,0.11,2.34,-7.25
250,002074,国轩高科,37.73,3.94,1.43,629378.0,2306217460.46,7.99,37.79,34.89,35.82,36.3,2.01,3.63,20.26,2.41,68446513825.0,65506538271.0,0.03,0.03,-0.71,-3.53
251,920985,海泰新能,8.19,3.93,0.31,77816.0,62800507.55,6.22,8.29,7.8,7.8,7.88,1.48,3.55,-3.82,3.72,2534610078.0,1796213265.0,0.49,0.86,-2.73,13.91
252,603507,振江股份,34.09,3.87,1.27,151303.0,505113183.0,8.44,34.6,31.83,32.5,32.82,2.15,8.32,108.27,2.59,6282831556.0,6196617946.0,0.0,-0.03,41.45,29.57
253,300736,百邦科技,19.88,3.87,0.74,73845.0,142300585.29,7.73,19.93,18.45,18.8,19.14,0.83,5.9,-110.95,30.85,2543334361.0,2486714392.0,0.15,0.3,1.33,28.18
254,002197,证通电子,8.88,3.86,0.33,290566.0,251470689.86,6.08,8.94,8.42,8.65,8.55,1.37,5.44,-62.03,2.63,5455542801.0,4741920107.0,0.23,0.23,-13.87,-12.25
255,300222,科大智能,13.46,3.86,0.5,844541.0,1126642149.05,7.72,13.71,12.71,12.71,12.96,1.75,13.32,109.75,6.1,10475665410.0,8530995231.0,-0.15,-0.07,23.49,23.03
256,301307,美利信,39.8,3.86,1.48,130113.0,515953841.59,5.87,40.48,38.23,38.23,38.32,1.31,11.94,-29.27,2.93,8381880000.0,4337867272.0,-0.15,0.0,3.73,15.1
257,003004,*ST声迅,31.1,3.81,1.14,13151.0,40314427.2,6.88,31.36,29.3,29.58,29.96,1.76,1.91,-503.12,3.96,2545920827.0,2137856949.0,-0.22,-0.26,45.26,38.84
258,300212,易华录,12.01,3.8,0.44,263597.0,306948214.68,7.09,12.07,11.25,11.37,11.57,1.28,3.77,-12.13,31.79,8645907988.0,8389125805.0,-0.08,0.0,-31.72,-31.17
259,600995,南网储能,16.19,3.78,0.59,791968.0,1278787659.0,5.96,16.53,15.6,15.75,15.6,1.89,2.48,27.08,2.31,51743333983.0,51743333983.0,0.0,0.0,29.11,28.8
260,600295,鄂尔多斯,17.28,3.78,0.63,164185.0,282411381.0,7.99,17.78,16.45,16.69,16.65,1.32,0.83,21.26,2.3,48362853669.0,34137957669.0,-0.06,0.06,56.24,39.81
261,000967,盈峰环境,8.55,3.76,0.31,568861.0,480471666.45,6.92,8.68,8.11,8.2,8.24,1.58,1.8,43.09,1.59,27077370371.0,27064479536.0,0.23,0.12,29.94,16.49
262,600982,宁波能源,5.26,3.75,0.19,597157.0,313482223.0,4.34,5.37,5.15,5.15,5.07,1.86,5.34,18.24,1.34,5878720571.0,5878720571.0,0.0,-0.19,15.86,21.2
263,600985,淮北矿业,13.9,3.73,0.5,712203.0,1001628843.0,3.88,14.34,13.82,14.09,13.4,2.01,2.64,26.23,0.9,37436296055.0,37436296055.0,0.0,0.0,15.93,25.11
264,688035,德邦科技,71.09,3.72,2.55,95546.0,638813955.0,12.1,71.5,63.21,64.8,68.54,0.94,6.72,96.07,4.3,10111841600.0,10111841600.0,-0.04,0.03,55.63,47.34
265,300448,浩云科技,11.46,3.71,0.41,411286.0,456298594.93,6.52,11.46,10.74,10.87,11.05,0.9,8.85,-246.09,6.32,7752885725.0,5323673369.0,0.0,0.44,55.07,46.36
266,920299,灿能电力,30.85,3.7,1.1,90047.0,274514085.6,11.76,32.0,28.5,28.56,29.75,0.85,20.28,110.6,9.58,2779871165.0,1369711340.0,0.06,0.59,57.0,53.41
267,300900,广联航空,40.44,3.69,1.44,358961.0,1395011311.34,9.74,40.67,36.87,38.03,39.0,1.02,14.04,569.9,9.31,13212975071.0,10341906941.0,0.0,0.37,110.95,3.51
268,300048,合康新能,8.16,3.68,0.29,798554.0,636478763.55,7.37,8.22,7.64,7.81,7.87,0.89,7.09,93.32,5.02,9206906433.0,9188041533.0,0.0,0.12,48.91,37.14
269,000968,蓝焰控股,10.13,3.68,0.36,1169649.0,1233231744.46,6.55,10.75,10.11,10.75,9.77,1.05,12.09,27.43,1.59,9800801946.0,9800801946.0,0.0,-0.2,46.81,53.25
270,002181,粤 传 媒,10.46,3.67,0.37,563905.0,579968103.04,7.93,10.61,9.81,9.9,10.09,1.63,4.97,78.33,2.85,12144668500.0,11867258108.0,0.0,0.29,14.07,21.35
271,605098,行动教育,53.36,3.63,1.87,31307.0,164741104.0,6.33,53.96,50.7,51.23,51.49,1.26,2.63,22.22,6.59,6363238696.0,6363238696.0,-0.04,0.19,28.27,27.78
272,002713,*ST东易,10.59,3.62,0.37,307608.0,321648634.04,7.05,10.73,10.01,10.1,10.22,1.69,5.84,-129.7,-3.81,10075380899.0,5575643800.0,-0.19,-0.38,19.93,17.93
273,600513,联环药业,23.48,3.62,0.82,233464.0,541943333.0,9.71,24.25,22.05,22.44,22.66,1.46,8.18,-143.37,5.02,6702513220.0,6702513220.0,0.0,0.09,29.8,28.24
274,000975,山金国际,31.59,3.61,1.1,507340.0,1564500988.8,7.45,31.79,29.52,30.01,30.49,0.77,2.01,29.52,5.88,87716656351.0,79841590811.0,0.13,0.03,43.59,29.84
275,688152,麒麟信安,38.26,3.6,1.33,21021.0,78993326.0,7.64,38.97,36.15,36.4,36.93,1.49,2.04,-66.47,3.2,3934289535.0,3934289535.0,-0.03,-0.03,-9.53,-5.18
276,603629,利通电子,58.14,3.58,2.01,455143.0,2541068117.0,10.35,58.89,53.08,55.49,56.13,1.33,17.72,52.98,8.09,15254773200.0,14933375280.0,0.55,0.02,125.17,118.16
277,301096,百诚医药,48.63,3.58,1.68,38597.0,187042122.38,6.96,49.27,46.0,46.0,46.95,1.58,4.66,650.5,2.05,5311771451.0,4025940515.0,0.0,0.04,-8.92,-14.89
278,603778,国晟科技,17.72,3.57,0.61,1257953.0,2242418146.0,8.71,18.59,17.1,17.11,17.11,1.32,19.57,-57.78,15.99,11635698366.0,11391428556.0,0.0,-0.28,40.19,0.68
279,600468,百利电气,9.04,3.55,0.31,1539693.0,1375256034.0,9.39,9.35,8.53,8.53,8.73,1.54,14.16,89.11,4.9,9833127302.0,9833127302.0,-0.11,0.44,50.42,27.32
280,600726,华电能源,2.92,3.55,0.1,1654672.0,487854756.0,10.64,3.1,2.8,2.8,2.82,2.25,2.21,64.81,5.61,23089421733.0,21827981727.0,0.0,0.0,14.06,22.18
281,000034,神州数码,40.01,3.52,1.36,470968.0,1830222663.43,7.61,40.37,37.43,38.0,38.65,1.77,7.79,32.4,2.6,28945007843.0,24196978933.0,0.0,0.03,2.56,2.83
282,300449,汉邦高科,8.83,3.52,0.3,326899.0,280553571.07,7.62,8.84,8.19,8.4,8.53,1.09,8.47,-47.52,10.98,3408697783.0,3408697783.0,0.23,0.11,24.02,15.88
283,603098,森特股份,15.63,3.51,0.53,101626.0,154950238.0,6.69,15.77,14.76,14.93,15.1,1.33,1.89,65.71,2.99,8435510656.0,8421443656.0,-0.26,-0.32,22.2,12.37
284,688065,凯赛生物,54.76,3.5,1.85,109770.0,605953472.0,4.35,56.3,54.0,54.38,52.91,1.51,1.88,69.82,2.23,39497829119.0,31945781416.0,0.02,0.16,20.22,9.96
285,688525,佰维存储,216.65,3.5,7.32,492667.0,10406160879.0,6.95,217.72,203.18,204.0,209.33,1.05,10.55,116.77,18.55,101204084972.0,101204084972.0,-0.07,0.12,93.08,88.74
286,002470,金正大,2.96,3.5,0.1,8966321.0,2750367464.8,7.34,3.15,2.94,3.14,2.86,1.37,27.29,-247.49,4.73,9726642116.0,9725818274.0,0.0,0.0,56.61,66.29
287,000065,北方国际,13.92,3.49,0.47,373534.0,513588940.52,4.09,13.95,13.4,13.5,13.45,0.93,3.83,25.02,1.47,16167274853.0,13571475049.0,0.22,0.8,14.76,11.72
288,002980,华盛昌,35.6,3.49,1.2,236343.0,825647892.12,11.83,36.6,32.53,32.53,34.4,0.9,23.31,77.93,6.25,6742681296.0,3609482006.0,-1.19,-0.31,61.82,68.96
289,002709,天赐材料,43.36,3.48,1.46,866607.0,3634127262.89,9.43,43.46,39.51,40.64,41.9,1.81,5.76,64.75,4.94,88189539212.0,65232862982.0,0.0,0.05,8.59,-6.31
290,688411,海博思创,237.38,3.48,7.98,62025.0,1443951093.0,10.03,242.0,219.0,223.5,229.4,1.39,4.68,45.05,8.94,42750355751.0,31470481637.0,0.03,0.12,-14.57,-5.06
291,002366,融发核电,8.36,3.47,0.28,1515951.0,1252183951.88,5.69,8.39,7.93,7.95,8.08,1.45,8.19,-178.02,3.81,17396638670.0,15468983057.0,0.0,0.24,17.42,11.32
292,000626,远大控股,7.77,3.46,0.26,318492.0,251721938.11,11.72,8.26,7.38,7.45,7.51,3.73,6.32,91.74,1.66,3936490733.0,3913877368.0,0.13,0.26,-3.12,-2.02
293,600623,华谊集团,11.13,3.44,0.37,1093280.0,1263982534.0,6.88,11.84,11.1,11.36,10.76,1.81,5.84,44.86,1.07,23627112146.0,20833601193.0,-0.18,0.0,43.24,44.36
294,002150,正泰电源,28.01,3.43,0.93,256878.0,707931464.96,8.38,28.49,26.22,26.53,27.08,1.4,7.16,55.45,5.02,10107935172.0,10042844834.0,0.07,0.11,37.24,39.35
295,688353,华盛锂电,108.05,3.42,3.57,55192.0,581731590.0,7.88,109.45,101.22,102.0,104.48,1.46,3.46,1298.88,4.9,17233975000.0,17233975000.0,-0.01,-0.09,8.34,-4.97
296,300981,中红医疗,13.02,3.42,0.43,112663.0,148138557.37,9.05,13.55,12.41,12.5,12.59,3.64,2.87,-580.83,1.04,5583821766.0,5117314125.0,0.08,0.08,-11.13,3.66
297,600797,浙大网新,10.28,3.42,0.34,770311.0,771782701.0,7.75,10.38,9.61,9.71,9.94,1.09,7.5,253.97,3.03,10562971084.0,10562971084.0,-0.1,0.0,-1.34,3.73
298,300442,润泽科技,96.35,3.42,3.19,829045.0,7729037807.28,11.98,98.7,87.54,91.0,93.16,1.0,5.09,25.11,11.63,157469003259.0,156893835960.0,0.02,-0.27,98.66,82.48
299,603356,华菱精工,20.06,3.4,0.66,72925.0,141881748.0,8.51,20.35,18.7,19.1,19.4,0.57,5.47,-26.67,6.98,2674800400.0,2674800400.0,0.65,0.35,46.0,41.37
300,601069,西部黄金,38.27,3.4,1.26,325810.0,1215282030.0,8.84,39.0,35.73,36.0,37.01,0.68,3.67,88.3,7.66,34863936437.0,33952701714.0,0.03,-0.1,46.07,43.44
301,300418,昆仑万维,55.02,3.4,1.81,775404.0,4214878548.75,6.97,55.75,52.04,52.39,53.21,1.09,6.18,-77.86,4.92,69069739554.0,69022078479.0,0.0,-0.07,36.53,31.94
302,301310,鑫宏业,39.86,3.4,1.31,28976.0,112737247.61,7.32,39.92,37.1,37.53,38.55,2.26,5.77,43.44,2.38,5443059978.0,2002732218.0,1.45,1.35,-4.14,-7.19
303,920166,海圣医疗,31.0,3.4,1.02,19037.0,56831848.45,8.01,31.0,28.6,29.0,29.98,0.62,8.01,27.2,3.99,2334117658.0,736705917.0,0.06,0.39,145.25,145.25
304,301178,天亿马,52.89,3.4,1.74,31174.0,160565406.85,7.06,53.16,49.55,50.0,51.15,1.69,6.3,632.91,4.59,3535844592.0,2616803728.0,0.0,-0.21,1.97,7.76
305,301236,软通动力,48.63,3.38,1.59,344661.0,1641512443.44,5.59,48.98,46.35,46.62,47.04,1.56,4.39,381.81,4.47,50341254686.0,38209041022.0,0.02,0.31,5.83,2.53
306,000809,和展能源,3.69,3.36,0.12,743633.0,277030519.69,9.8,3.9,3.55,3.55,3.57,3.37,9.02,-45.73,1.14,3043479871.0,3043479871.0,-0.27,-0.54,7.89,1.37
307,300813,泰林生物,26.24,3.35,0.85,27219.0,69942867.41,5.28,26.3,24.96,25.1,25.39,0.64,3.58,162.0,4.02,3180267507.0,1995580156.0,0.04,1.0,-0.83,6.8
308,600470,六国化工,8.65,3.35,0.28,1876860.0,1668866281.0,8.36,9.21,8.51,8.75,8.37,1.93,35.98,-16.32,2.77,4511840000.0,4511840000.0,0.0,-0.69,38.84,44.65
309,605377,华旺科技,9.56,3.35,0.31,328738.0,310718508.0,6.27,9.67,9.09,9.19,9.25,2.33,5.91,19.33,1.39,5321767762.0,5321767762.0,0.0,0.1,13.95,11.94
310,688258,卓易信息,136.41,3.34,4.41,65022.0,853017687.0,11.67,138.42,123.01,127.0,132.0,1.44,5.37,201.23,18.33,16525012549.0,16525012549.0,-0.36,-0.07,102.6,78.15
311,600405,动力源,5.88,3.34,0.19,685412.0,395611179.0,8.79,5.95,5.45,5.45,5.69,3.11,11.23,-17.39,17.38,3603437977.0,3587502054.0,0.17,0.34,5.95,12.86
312,000988,华工科技,118.6,3.33,3.82,1356589.0,15417690881.03,9.83,119.78,108.5,112.0,114.78,1.09,13.5,67.69,10.94,119252621050.0,119191298920.0,-0.43,-0.35,64.54,49.5
313,300317,珈伟新能,5.9,3.33,0.19,1851803.0,1088046332.36,13.13,6.2,5.45,5.54,5.71,0.85,22.34,-89.36,3.14,4898111590.0,4890589090.0,0.34,0.85,47.87,53.65
314,300332,天壕能源,6.51,3.33,0.21,1872339.0,1296737891.93,12.06,7.23,6.47,7.08,6.3,1.16,22.56,44.12,1.32,5631949467.0,5402979910.0,-0.15,0.15,17.3,24.71
315,603289,泰瑞机器,11.83,3.32,0.38,193887.0,221421280.0,9.87,11.89,10.76,11.25,11.45,2.89,6.61,39.28,2.38,3470792367.0,3470792367.0,0.25,0.25,17.48,16.9
316,600777,*ST新潮,4.99,3.31,0.16,1118464.0,564585058.0,2.48,5.07,4.95,5.07,4.83,1.98,1.76,19.13,1.44,33934474167.0,31767100431.0,0.0,0.0,24.75,29.95
317,600888,新疆众和,9.36,3.31,0.3,837713.0,772548491.0,5.3,9.46,8.98,9.16,9.06,1.43,5.62,19.71,1.16,13947549062.0,13947549062.0,0.0,0.0,18.33,14.29
318,603105,芯能科技,10.68,3.29,0.34,326877.0,345162309.0,4.64,10.72,10.24,10.29,10.34,1.92,6.54,21.52,2.5,5340097209.0,5340097209.0,0.0,0.09,15.84,16.21
319,001309,德明利,280.0,3.28,8.88,184769.0,5026224916.24,6.16,280.0,263.3,267.82,271.12,1.2,11.49,92.28,19.43,63516784240.0,45045261520.0,0.62,0.49,36.59,20.75
320,301129,瑞纳智能,29.92,3.28,0.95,105436.0,309691654.73,8.25,29.93,27.54,27.54,28.97,1.28,15.91,-65.49,2.41,4066050208.0,1983172400.0,0.07,0.47,23.64,25.45
321,300014,亿纬锂能,62.28,3.28,1.98,592087.0,3611984238.56,6.87,62.5,58.36,59.7,60.3,1.45,2.96,34.41,3.22,129176241493.0,124548212264.0,0.0,0.0,-10.03,-5.29
322,300827,上能电气,40.1,3.27,1.27,441127.0,1746632497.39,5.92,40.5,38.2,38.29,38.83,1.5,11.45,53.85,8.35,22323332318.0,15448302164.0,0.07,0.22,12.58,17.18
323,000933,神火股份,36.26,3.25,1.14,790536.0,2905647086.95,4.73,37.68,36.02,36.45,35.12,1.25,3.52,17.53,3.4,81548899508.0,81494726161.0,-0.14,0.11,40.65,32.0
324,605060,联德股份,62.8,3.24,1.97,101185.0,612390197.0,11.36,63.39,56.48,57.2,60.83,0.94,4.23,63.73,6.25,15109177600.0,15005457120.0,-0.06,-0.1,75.42,69.91
325,688110,东芯股份,148.99,3.23,4.66,234442.0,3385179600.0,8.82,149.79,137.06,140.67,144.33,1.08,5.3,-337.56,19.27,65890791444.0,65890791444.0,0.53,0.57,27.34,13.43
326,300229,拓尔思,21.42,3.23,0.67,524814.0,1088326449.77,7.66,21.58,19.99,20.3,20.75,0.96,6.01,-87.67,4.72,18712960363.0,18700307591.0,-0.05,-0.05,7.21,7.64
327,603838,*ST四通,9.0,3.21,0.28,41195.0,36739849.0,6.77,9.16,8.57,8.63,8.72,1.26,1.29,-60.11,3.08,2880144000.0,2880144000.0,0.56,0.67,13.07,20.32
328,603887,城地香江,17.04,3.21,0.53,505503.0,844870843.0,6.78,17.12,16.0,16.01,16.51,1.36,8.49,2696.77,2.91,10258581334.0,10143561334.0,0.65,0.59,14.9,26.04
329,600674,川投能源,15.82,3.2,0.49,887084.0,1404165522.0,6.26,16.2,15.24,15.31,15.33,1.58,1.82,13.7,1.74,77116280019.0,77116280019.0,0.0,-0.13,7.69,13.81
330,603021,ST华鹏,7.41,3.2,0.23,149002.0,107070550.0,5.99,7.44,7.01,7.23,7.18,1.08,4.66,-18.51,-57.9,2370815199.0,2370815199.0,0.41,0.95,43.6,58.67
331,920496,许昌智能,11.63,3.19,0.36,185396.0,213204314.26,12.16,12.2,10.83,10.89,11.27,1.58,12.79,177.97,3.42,1925637250.0,1686331764.0,0.35,0.26,13.46,16.42
332,002757,南兴股份,21.99,3.19,0.68,217461.0,467226903.37,7.37,22.17,20.6,20.71,21.31,1.04,7.71,53.07,3.25,6497075527.0,6202365723.0,-0.05,0.05,32.07,12.94
333,002354,天娱数科,6.46,3.19,0.2,1131477.0,719330226.56,5.43,6.48,6.14,6.2,6.26,1.39,6.96,187.73,8.32,10688624397.0,10503516062.0,-0.15,0.0,-1.97,1.41
334,300806,斯迪克,52.37,3.19,1.62,200318.0,1008374432.0,9.22,52.98,48.3,49.0,50.75,1.15,6.33,393.3,10.46,23739347342.0,16559926708.0,0.19,0.13,97.7,70.36
335,300065,海兰信,28.64,3.17,0.88,1199056.0,3315213744.61,8.86,28.94,26.48,27.08,27.76,0.87,18.25,389.33,11.76,20664881542.0,18813365887.0,0.0,0.1,63.94,57.62
336,688418,震有科技,42.61,3.17,1.31,105517.0,436753316.0,7.43,42.88,39.81,40.65,41.3,1.17,5.48,-131.19,9.39,8204752955.0,8204752955.0,0.07,0.33,40.3,-2.0
337,920111,聚星科技,27.18,3.15,0.83,61756.0,164480231.28,7.29,27.48,25.56,25.79,26.35,1.65,8.2,34.05,4.5,4217099310.0,2046331238.0,0.0,0.48,16.4,16.5
338,002467,二六三,6.9,3.14,0.21,1104008.0,742204173.11,7.47,6.97,6.47,6.56,6.69,0.87,8.08,93.87,4.86,9490065924.0,9431499303.0,-0.14,0.0,12.75,13.3
339,002121,科陆电子,9.9,3.13,0.3,1127723.0,1096083071.28,5.83,9.92,9.36,9.38,9.6,1.21,8.06,53.19,22.2,16442085211.0,13859231800.0,0.1,0.2,32.89,28.57
340,002631,德尔未来,6.61,3.12,0.2,305244.0,196772659.12,5.46,6.61,6.26,6.35,6.41,1.31,3.85,-55.75,2.41,5270039843.0,5245513247.0,0.15,0.3,15.76,10.54
341,688507,索辰科技,97.8,3.12,2.96,26928.0,256590671.0,8.44,99.0,91.0,92.88,94.84,1.41,5.47,270.89,3.05,8714839075.0,4815254394.0,-0.02,-0.05,9.02,-2.48
342,603716,塞力医疗,23.9,3.11,0.72,369231.0,867340796.0,7.77,23.98,22.18,22.23,23.18,3.17,17.57,-43.19,4.75,5023759111.0,5023759111.0,0.0,0.38,11.84,16.3
343,301227,森鹰窗业,38.16,3.11,1.15,27233.0,102323689.49,6.11,38.49,36.23,37.19,37.01,1.92,8.03,-134.25,2.22,3633995880.0,1294956738.0,0.21,0.03,-17.97,-28.03
344,000893,亚钾国际,66.0,3.11,1.99,301705.0,1986310677.93,4.25,67.0,64.28,65.7,64.01,1.72,3.72,33.56,4.67,60987378342.0,53579464884.0,-0.02,0.0,41.78,37.59
345,603272,联翔股份,23.26,3.1,0.7,30878.0,69888581.0,7.58,23.52,21.81,22.55,22.56,0.91,2.98,823.89,4.32,2410364020.0,2410364020.0,-0.17,-0.13,20.52,15.66
346,603393,新天然气,39.05,3.09,1.17,390261.0,1563027541.0,7.39,41.65,38.85,40.0,37.88,0.8,9.22,15.22,1.84,16554127819.0,16526792976.0,0.03,-0.1,43.72,46.86
347,600810,神马股份,8.69,3.08,0.26,518310.0,459219213.0,5.81,9.05,8.56,8.58,8.43,2.5,4.71,-218.37,1.31,9656960971.0,9571573031.0,-0.11,0.0,0.93,-3.34
348,688450,光格科技,33.6,3.07,1.0,25795.0,85179026.0,7.12,33.9,31.58,31.9,32.6,0.97,5.27,-34.16,2.36,2217600000.0,1644070579.0,0.03,0.06,21.12,21.83
349,688472,阿特斯,14.47,3.06,0.43,680399.0,972404553.0,6.77,14.67,13.72,13.83,14.04,1.45,5.05,51.62,2.22,52716237421.0,19500559038.0,0.14,0.07,-8.01,-2.95
350,300634,彩讯股份,26.99,3.02,0.79,201655.0,529850628.48,7.86,27.3,25.24,25.8,26.2,1.23,4.64,46.51,4.18,12178182191.0,11729138765.0,-0.04,0.07,6.81,6.98
351,300494,盛天网络,12.68,3.01,0.37,168770.0,208751408.9,5.36,12.68,12.02,12.15,12.31,1.01,4.24,151.92,4.32,6219667764.0,5051053502.0,0.08,0.16,6.02,4.11
352,688429,时创能源,15.76,3.01,0.46,52705.0,81224155.0,5.95,15.87,14.96,14.96,15.3,1.15,4.4,-18.73,4.58,6304012608.0,1888477728.0,0.0,-0.06,15.97,20.4
353,301316,慧博云通,47.73,3.0,1.39,124672.0,577025501.19,8.18,48.15,44.36,45.23,46.34,1.11,3.12,195.2,17.51,19282920000.0,19092477300.0,-0.02,0.08,8.7,6.83
354,688818,电科蓝天,63.93,3.0,1.86,304945.0,1857505286.0,9.34,64.58,58.78,60.0,62.07,0.84,23.1,339.23,25.99,111041544288.0,8439804552.0,0.0,0.31,575.08,575.08
355,300840,酷特智能,19.36,2.98,0.56,87747.0,166125174.96,6.33,19.43,18.24,18.4,18.8,0.91,4.96,84.47,3.63,4646400000.0,3428368214.0,0.0,0.1,8.28,-5.33
356,688369,致远互联,24.18,2.98,0.7,45881.0,108231520.0,5.62,24.32,23.0,23.24,23.48,0.95,3.98,-12.44,3.3,2785972957.0,2785972957.0,0.08,0.17,2.68,-4.92
357,603026,石大胜华,64.66,2.96,1.86,92105.0,579530840.0,7.82,64.99,60.08,62.0,62.8,1.2,3.96,-181.42,3.11,15046447565.0,15046447565.0,0.02,0.06,-17.58,-13.57
358,002648,卫星化学,27.7,2.94,0.79,1991259.0,5713661192.02,7.54,29.6,27.57,29.3,26.91,2.29,5.91,18.64,2.91,93311485613.0,93251564835.0,0.18,0.22,66.37,56.67
359,605289,罗曼股份,135.0,2.94,3.85,63838.0,811695531.0,10.6,135.9,122.0,127.0,131.15,1.12,5.89,523.42,11.5,14716012500.0,14625562500.0,-0.22,0.69,103.87,105.29
360,300669,沪宁股份,37.5,2.94,1.07,46867.0,175354819.2,7.11,38.18,35.59,36.58,36.43,1.25,2.57,369.05,8.27,7226457225.0,6843747638.0,0.08,-0.19,40.77,42.59
361,600997,开滦股份,6.68,2.93,0.19,595516.0,408588792.0,5.86,7.06,6.68,6.88,6.49,1.49,3.75,43.0,0.76,10606503005.0,10606503005.0,0.0,-0.15,8.09,16.17
362,300188,国投智能,14.06,2.93,0.4,215520.0,297338408.82,5.2,14.1,13.39,13.5,13.66,1.17,2.52,-24.79,3.91,12084250979.0,12028401565.0,0.0,0.14,-5.64,-3.76
363,301085,亚康股份,67.41,2.93,1.92,118299.0,778814765.16,9.28,69.1,63.02,63.02,65.49,1.88,20.08,1620.16,5.45,5849548252.0,3971240528.0,0.04,0.27,25.91,27.82
364,002384,东山精密,98.24,2.92,2.79,904426.0,8286012164.29,11.85,98.5,87.19,90.3,95.45,1.02,6.52,110.32,8.44,179937123944.0,136192246068.0,-0.04,0.06,35.3,16.05
365,301182,凯旺科技,51.98,2.91,1.47,53463.0,266613698.56,14.61,52.38,45.0,48.5,50.51,1.18,5.58,-73.66,6.53,4980811966.0,4980811966.0,0.0,0.04,41.75,21.96
366,603699,纽威股份,56.08,2.9,1.58,108109.0,595278056.0,5.61,56.76,53.7,54.2,54.5,1.29,1.43,29.28,10.41,43477864976.0,42516644186.0,0.07,-0.12,19.91,7.91
367,000155,川能动力,14.61,2.89,0.41,635609.0,913274394.86,6.06,14.77,13.91,14.01,14.2,1.21,3.44,58.22,2.61,26972519477.0,26972519477.0,0.07,0.0,24.45,25.41
368,300444,双杰电气,18.16,2.89,0.51,1507338.0,2681104352.82,5.55,18.18,17.2,17.68,17.65,0.96,24.26,86.96,8.14,14503031634.0,11285472054.0,0.0,0.17,92.17,88.58
369,300792,壹网壹创,39.33,2.88,1.1,83083.0,321034965.58,5.7,39.68,37.5,37.55,38.23,1.05,3.91,70.98,3.18,9318957571.0,8358949359.0,0.08,0.05,35.53,38.93
370,300627,华测导航,36.4,2.88,1.02,178216.0,639206506.19,4.75,36.68,35.0,35.35,35.38,1.08,2.75,42.07,6.8,28642885216.0,23591431609.0,-0.03,0.05,15.45,4.27
371,920062,科润智控,13.24,2.87,0.37,242391.0,322583904.58,10.96,13.91,12.5,12.6,12.87,1.71,18.16,157.0,3.35,2498471107.0,1767672466.0,0.15,0.08,34.01,37.77
372,002723,小崧股份,10.02,2.87,0.28,207902.0,203547569.6,6.98,10.15,9.47,9.56,9.74,1.14,6.56,-35.13,3.54,3330145758.0,3177479104.0,0.1,-0.2,13.22,18.3
373,300687,赛意信息,21.47,2.87,0.6,122911.0,256575922.73,7.47,21.68,20.12,20.46,20.87,0.9,3.73,238.15,3.17,8768597267.0,7065485845.0,0.0,0.14,-1.11,-6.53
374,603019,中科曙光,86.61,2.87,2.42,414923.0,3513463609.0,5.88,87.27,82.32,83.5,84.19,1.04,2.84,59.98,5.72,126720458052.0,126685041491.0,-0.01,0.06,-11.59,1.22
375,003029,吉大正元,24.88,2.85,0.69,76360.0,186891510.0,5.91,25.11,23.68,23.95,24.19,1.31,4.41,-49.08,4.46,4817271248.0,4310136087.0,-0.08,0.0,2.94,-4.97
376,688030,山石网科,17.4,2.84,0.48,31117.0,53280486.0,5.73,17.57,16.6,16.8,16.92,1.15,1.73,-16.32,4.29,3136103059.0,3136103059.0,0.12,0.17,-8.42,-4.24
377,300138,晨光生物,14.5,2.84,0.4,152170.0,218298919.4,3.69,14.52,14.0,14.05,14.1,1.4,3.82,19.26,2.07,7004951349.0,5775542734.0,0.21,0.35,18.56,16.84
378,002460,赣锋锂业,67.76,2.84,1.87,485547.0,3183997641.39,7.27,67.8,63.01,64.0,65.89,1.11,4.01,4175.31,3.35,142072012815.0,82083092741.0,-0.01,0.06,13.2,7.74
379,000899,赣能股份,14.94,2.82,0.41,1026094.0,1514630403.47,6.81,15.25,14.26,14.27,14.53,0.9,10.52,12.56,2.31,14576625734.0,14576625734.0,0.0,0.54,46.9,50.91
380,300231,银信科技,11.33,2.81,0.31,137329.0,152342186.21,6.17,11.43,10.75,10.85,11.02,1.02,3.09,71.66,3.1,5033826083.0,5033567589.0,0.09,0.09,6.89,7.6
381,300215,电科院,10.98,2.81,0.3,817272.0,892061326.76,6.65,11.2,10.49,10.55,10.68,1.11,16.35,-265.69,4.19,8225054173.0,5488576948.0,0.27,0.0,41.68,72.64
382,301609,山大电力,57.0,2.8,1.55,118741.0,682750464.17,13.54,61.2,53.69,54.0,55.45,1.75,32.4,79.74,7.54,9284160000.0,2088936000.0,0.12,0.19,32.43,37.55
383,688709,成都华微,47.79,2.8,1.3,116872.0,550735796.0,8.22,48.35,44.53,45.8,46.49,1.34,5.27,129.34,9.96,30434919373.0,10597253335.0,-0.06,-0.04,25.1,3.91
384,000516,国际医学,5.15,2.79,0.14,1612274.0,813861413.43,6.59,5.22,4.89,5.0,5.01,4.21,7.31,-29.45,3.45,11530318278.0,11355009785.0,-0.19,0.0,5.97,20.05
385,603619,中曼石油,41.58,2.79,1.13,737832.0,3204345792.0,7.66,44.5,41.4,44.5,40.45,1.22,15.96,31.8,4.42,19224033208.0,19224033208.0,-0.02,0.0,91.35,80.39
386,300055,万邦达,11.05,2.79,0.3,762804.0,844445311.51,7.16,11.47,10.7,11.05,10.75,1.13,12.05,277.47,1.79,9246083146.0,6992985251.0,0.0,0.0,38.82,35.58
387,002852,道道全,11.13,2.77,0.3,129838.0,144634611.75,4.34,11.33,10.86,10.95,10.83,1.91,4.55,13.3,1.73,3828367235.0,3175032818.0,0.0,0.09,3.06,5.5
388,002480,新筑股份,6.69,2.76,0.18,437494.0,293757891.14,6.76,6.85,6.41,6.51,6.51,2.29,5.7,-91.25,5.34,5145738402.0,5136033059.0,0.0,0.15,6.7,7.56
389,600354,敦煌种业,7.84,2.75,0.21,1514881.0,1208425516.0,7.47,8.34,7.77,7.8,7.63,1.34,28.7,83.37,6.01,4137968307.0,4137968307.0,0.38,0.26,18.61,21.17
390,300311,ST任子行,5.63,2.74,0.15,155383.0,85867035.19,4.93,5.65,5.38,5.41,5.48,0.97,2.89,-36.95,6.41,3792537745.0,3025613194.0,0.0,0.0,22.13,26.8
391,300360,炬华科技,19.12,2.74,0.51,349811.0,660102432.27,6.13,19.37,18.23,18.24,18.61,1.92,6.99,15.37,2.33,9831257849.0,9565289299.0,0.05,0.05,19.05,9.95
392,002298,中电鑫龙,11.28,2.73,0.3,734274.0,818763633.71,5.01,11.3,10.75,10.8,10.98,1.95,11.11,229.67,3.66,8348450963.0,7452171615.0,0.09,0.36,9.3,8.05
393,301265,华新环保,20.34,2.73,0.54,373730.0,752196268.27,8.99,20.78,19.0,19.83,19.8,2.51,22.01,85.07,2.91,6162474522.0,3453674092.0,0.25,-0.15,53.05,46.23
394,002383,合众思壮,12.86,2.72,0.34,665083.0,849454835.19,10.22,13.39,12.11,12.28,12.52,0.78,8.98,910.93,5.62,9521033522.0,9521033522.0,0.0,0.08,35.08,2.14
395,301231,荣信文化,35.9,2.72,0.95,75779.0,267145496.5,6.21,36.1,33.93,34.2,34.95,1.12,11.58,-446.03,3.6,3029960000.0,2348972900.0,-0.19,0.03,14.81,15.51
396,301266,宇邦新材,50.25,2.72,1.33,60061.0,295533282.99,5.25,50.25,47.68,47.92,48.92,1.05,5.76,78.57,3.06,5526466257.0,5242666217.0,1.27,1.27,35.92,38.24
397,301373,凌玮科技,68.41,2.72,1.81,122205.0,806796964.72,11.43,70.0,62.39,65.77,66.6,0.88,31.76,53.93,4.5,7420575745.0,2631918980.0,-0.48,-0.2,121.75,113.12
398,000930,中粮科技,7.54,2.72,0.2,1717652.0,1351296630.71,7.22,8.07,7.54,7.92,7.34,2.04,9.25,132.58,1.31,13997575666.0,13996864523.0,-0.4,-0.13,29.33,30.68
399,688116,天奈科技,43.14,2.71,1.14,96438.0,404905104.0,7.83,43.49,40.2,41.3,42.0,0.7,2.63,67.05,4.15,15812191386.0,15812191386.0,-0.07,-0.25,-12.81,-8.5
400,002439,启明星辰,14.39,2.71,0.38,242789.0,344384339.28,3.85,14.43,13.89,14.0,14.01,1.6,3.35,-60.6,1.56,17432048950.0,10437684849.0,0.0,0.07,-1.17,1.91
401,920445,龙竹科技,11.75,2.71,0.31,94404.0,110321577.39,5.86,11.95,11.28,11.3,11.44,2.98,9.02,69.34,5.7,1738448044.0,1229992092.0,0.0,0.0,2.0,0.86
402,301278,快可电子,45.08,2.71,1.19,80153.0,356824136.82,9.3,46.55,42.47,42.57,43.89,1.06,15.59,151.95,2.84,4044043086.0,2317200537.0,0.09,0.13,28.95,34.85
403,688100,威胜信息,45.5,2.71,1.2,84278.0,376829761.0,6.43,45.85,43.0,43.1,44.3,1.67,1.71,33.58,6.32,22371675463.0,22371675463.0,0.0,0.09,30.94,15.78
404,920167,同享科技,21.05,2.68,0.55,45573.0,93099022.4,6.73,21.08,19.7,19.7,20.5,1.07,6.97,106.76,3.68,2316057825.0,1375908243.0,0.29,1.01,22.96,23.03
405,600080,金花股份,8.83,2.67,0.23,168037.0,145813100.0,5.81,8.9,8.4,8.5,8.6,1.16,4.5,71.69,2.08,3295976617.0,3295976617.0,0.11,0.34,4.87,17.11
406,688356,键凯科技,106.13,2.67,2.76,13275.0,137526189.0,6.77,106.5,99.5,100.58,103.37,1.13,2.19,101.54,4.88,6436858791.0,6436858791.0,-0.11,0.23,27.64,29.11
407,002129,TCL中环,10.07,2.65,0.26,1618575.0,1608341071.72,5.1,10.12,9.62,9.66,9.81,1.12,4.01,-5.29,1.62,40714175834.0,40683200716.0,0.1,0.1,13.15,17.5
408,300695,兆丰股份,76.39,2.65,1.97,17581.0,130547445.33,8.33,77.62,71.42,73.88,74.42,1.51,1.72,19.35,2.74,7811406424.0,7811406424.0,-0.1,-0.12,-16.38,-23.66
409,600744,华银电力,9.32,2.64,0.24,3791874.0,3563716517.0,9.69,9.77,8.89,8.89,9.08,0.95,18.67,39.8,13.3,18930078234.0,18930078234.0,0.22,0.32,54.56,58.5
410,002042,华孚时尚,4.66,2.64,0.12,719793.0,332249789.54,4.19,4.72,4.53,4.55,4.54,1.62,4.23,113.61,1.38,7925175114.0,7925175114.0,0.22,0.22,8.88,9.65
411,600644,乐山电力,13.6,2.64,0.35,716458.0,971806117.0,7.17,13.94,12.99,13.0,13.25,0.85,12.39,336.09,3.8,7865163125.0,7865163125.0,0.0,0.0,33.86,39.49
412,300654,世纪天鸿,11.72,2.63,0.3,122631.0,140001358.98,6.48,11.78,11.04,11.26,11.42,0.83,3.48,124.68,5.03,4290983265.0,4128505178.0,-0.09,0.17,15.92,18.26
413,688202,美迪西,69.5,2.63,1.78,40295.0,277123893.0,8.18,70.93,65.39,65.94,67.72,1.52,3.0,-60.23,4.75,9337476788.0,9337476788.0,0.29,-0.43,33.14,23.23
414,600410,华胜天成,30.51,2.62,0.78,3872354.0,11521355248.0,15.98,32.6,27.85,28.5,29.73,1.0,35.32,70.02,7.05,33454052778.0,33454052778.0,-0.03,0.13,68.66,70.64
415,300139,晓程科技,74.0,2.62,1.89,585612.0,4254851483.49,7.47,75.62,70.23,71.0,72.11,0.87,25.06,198.01,18.3,20276000000.0,17290782650.0,0.07,0.5,203.28,143.74
416,600773,西藏城投,16.52,2.61,0.42,541993.0,865326426.0,13.54,17.2,15.02,15.61,16.1,1.28,5.7,-104.8,3.33,15720215010.0,15720215010.0,-0.3,-0.24,33.33,33.33
417,300889,爱克股份,28.03,2.6,0.71,109018.0,299193130.97,5.86,28.18,26.58,26.9,27.32,1.21,7.45,-79.93,4.33,6172965052.0,4102666421.0,0.11,0.11,0.68,35.41
418,688768,容知日新,51.21,2.6,1.3,33440.0,167830125.0,7.25,52.1,48.48,49.0,49.91,0.83,3.83,53.7,4.08,4505901993.0,4468766344.0,0.0,0.06,25.48,17.89
419,301077,星华新材,29.6,2.6,0.75,33854.0,98721577.62,4.3,29.64,28.4,28.83,28.85,1.23,3.55,35.01,4.4,5034336654.0,2823917818.0,0.0,0.03,10.61,14.37
420,002432,九安医疗,50.31,2.59,1.27,383206.0,1885519296.89,6.83,50.87,47.52,49.38,49.04,0.9,8.74,11.04,1.05,23392931995.0,22056389844.0,0.14,0.12,22.92,25.65
421,002109,兴化股份,4.76,2.59,0.12,983661.0,477134061.52,6.9,5.03,4.71,4.9,4.64,0.88,7.71,-10.76,1.49,6075044491.0,6075044491.0,-0.63,-0.42,25.93,34.08
422,600158,中体产业,10.68,2.59,0.27,563057.0,594646339.0,6.24,10.86,10.21,10.21,10.41,1.15,5.87,-364.78,3.94,10247599556.0,10247599556.0,-0.09,-0.09,24.62,22.34
423,600339,中油工程,4.77,2.58,0.12,3481400.0,1734658215.0,8.39,5.12,4.73,5.0,4.65,1.18,6.24,38.16,0.99,26631613437.0,26631613437.0,0.0,0.21,41.12,42.39
424,300426,华智数媒,8.39,2.57,0.21,93626.0,77197876.82,6.23,8.47,7.96,8.04,8.18,1.17,2.34,-7.75,25.66,3778711776.0,3356000000.0,0.0,0.0,0.72,8.68
425,000669,ST金鸿,4.0,2.56,0.1,544967.0,220354117.21,4.1,4.1,3.94,4.08,3.9,0.76,8.01,-44.15,-245.17,2721635188.0,2721635188.0,0.0,0.25,29.45,35.59
426,300523,辰安科技,23.6,2.56,0.59,51481.0,121171265.2,5.0,24.1,22.95,23.01,23.01,1.57,2.22,-29.44,5.2,5490248257.0,5483659656.0,0.0,-0.08,-14.24,-1.38
427,300497,富祥药业,15.7,2.55,0.39,180487.0,274151625.78,6.34,15.73,14.76,15.09,15.31,1.28,4.09,-101.07,3.94,8456788264.0,6921230186.0,0.0,0.26,5.09,3.9
428,601139,深圳燃气,7.23,2.55,0.18,1086160.0,807052434.0,5.82,7.63,7.22,7.44,7.05,1.08,3.78,14.78,1.26,20798847747.0,20798847747.0,0.0,0.0,8.72,9.55
429,002655,共达电声,17.29,2.55,0.43,350246.0,590394432.05,7.35,17.49,16.25,16.83,16.86,0.79,9.68,74.34,8.52,6257113977.0,6255403564.0,0.12,0.46,31.18,33.82
430,002642,荣联科技,8.48,2.54,0.21,202555.0,168395641.15,4.47,8.49,8.12,8.19,8.27,1.1,3.06,657.0,4.77,5610201054.0,5610201054.0,0.0,0.24,-2.53,2.54
431,300071,福石控股,5.65,2.54,0.14,518717.0,287716090.98,5.26,5.68,5.39,5.41,5.51,1.03,5.49,-76.08,38.82,5445946498.0,5341232393.0,0.18,0.53,-8.87,-13.48
432,688485,九州一轨,25.8,2.54,0.64,59613.0,152091098.0,9.82,26.39,23.92,25.18,25.16,1.45,6.72,-276.7,2.95,3877535200.0,2289955832.0,-0.04,-0.19,63.29,44.62
433,001210,金房能源,23.07,2.53,0.57,43748.0,99742739.02,3.56,23.2,22.4,22.5,22.5,1.36,4.59,30.21,2.79,3617668435.0,2198548899.0,0.0,0.13,36.27,34.68
434,001369,双欣材料,15.44,2.52,0.38,315385.0,487111470.07,2.79,15.6,15.18,15.22,15.06,2.13,15.69,32.87,2.66,17709680000.0,3103893751.0,0.0,0.06,125.4,-6.48
435,601808,中海油服,19.21,2.51,0.47,1083982.0,2160750749.0,8.64,20.55,18.93,20.55,18.74,0.86,3.66,21.42,1.99,91662282320.0,56870590280.0,-0.31,-0.57,33.87,36.82
436,001208,华菱线缆,22.97,2.5,0.56,356629.0,805473085.08,5.04,22.99,21.86,21.94,22.41,1.17,13.54,119.32,4.24,14662909423.0,6050246249.0,0.04,0.17,94.33,-4.45
437,002857,三晖电气,25.38,2.5,0.62,135605.0,340916204.8,7.27,25.88,24.08,24.08,24.76,1.72,10.59,-86.86,6.29,3315490920.0,3248640000.0,-0.39,-0.2,31.5,22.37
438,002474,榕基软件,8.62,2.5,0.21,408486.0,347995126.71,6.3,8.76,8.23,8.23,8.41,1.86,7.7,-123.57,3.93,5363364000.0,4575202446.0,0.35,0.23,-22.76,-12.58
439,688058,宝兰德,31.16,2.5,0.76,19493.0,59663961.0,6.61,31.5,29.49,30.1,30.4,0.91,2.57,-31.41,3.73,2363066711.0,2363066711.0,0.06,0.06,11.01,14.43
440,688567,孚能科技,13.97,2.49,0.34,161428.0,219501921.0,6.16,13.99,13.15,13.48,13.63,1.26,1.32,-22.25,1.85,17072791273.0,17072791273.0,0.0,0.22,-11.36,-10.73
441,601101,昊华能源,8.65,2.49,0.21,386172.0,338967208.0,3.79,8.93,8.61,8.8,8.44,1.04,2.68,16.86,1.03,12455982060.0,12455982060.0,0.0,0.0,13.97,20.81
442,600505,西昌电力,15.73,2.48,0.38,288705.0,452246185.0,4.5,15.91,15.22,15.3,15.35,1.25,7.92,347.99,4.7,5734646775.0,5734646775.0,0.06,0.0,25.44,20.35
443,002056,横店东磁,21.98,2.47,0.53,399228.0,851843713.11,7.79,22.12,20.45,21.11,21.45,1.3,2.46,18.46,3.49,35755131387.0,35718194766.0,0.09,0.14,15.62,12.72
444,600986,浙文互联,11.19,2.47,0.27,1335048.0,1458272476.0,5.95,11.23,10.58,10.63,10.92,1.09,8.98,98.58,3.19,16643715754.0,16643715754.0,0.0,-0.18,25.45,43.09
445,603222,济民健康,9.11,2.47,0.22,155330.0,141585337.0,3.71,9.3,8.97,9.0,8.89,1.23,2.96,-46.5,3.42,4783575503.0,4783575503.0,0.0,0.0,-2.67,-0.22
446,600737,中粮糖业,16.16,2.47,0.39,454266.0,740490942.0,3.93,16.6,15.98,16.0,15.77,1.27,2.12,31.8,3.06,34563787364.0,34563787364.0,0.06,-0.06,-5.22,-6.1
447,002586,ST围海,4.99,2.46,0.12,110556.0,54297334.98,5.34,5.05,4.79,4.91,4.87,0.8,1.02,114.12,1.92,5709676333.0,5426714835.0,0.0,0.0,22.6,11.14
448,688343,云天励飞-U,100.28,2.46,2.41,288136.0,2752229044.0,11.77,102.29,90.77,93.18,97.87,1.19,10.89,-89.61,9.45,36061026946.0,26534783943.0,0.22,0.39,42.14,31.81
449,002546,新联电子,11.67,2.46,0.28,1258440.0,1445032328.67,13.87,12.4,10.82,11.12,11.39,1.06,15.71,13.65,2.6,9733352950.0,9350378560.0,0.0,0.43,72.12,66.95
450,300096,ST易联众,7.93,2.45,0.19,68660.0,54206982.0,5.17,8.03,7.63,7.67,7.74,1.46,1.6,67.4,9.73,3409900000.0,3409900000.0,0.13,0.13,13.12,6.73
451,300040,九洲集团,7.94,2.45,0.19,1059682.0,835960868.28,6.45,8.05,7.55,7.6,7.75,1.37,20.48,88.86,1.99,5108678862.0,4107965797.0,-0.13,-0.13,27.24,31.89
452,688590,新致软件,15.89,2.45,0.38,131028.0,204251630.0,7.54,16.21,15.04,15.22,15.51,1.52,4.98,-34.95,3.04,4177442101.0,4177442101.0,-0.13,-0.25,-12.21,-14.84
453,605196,华通线缆,52.58,2.44,1.25,192925.0,1010093159.0,6.7,53.8,50.36,51.3,51.33,1.01,3.82,78.31,8.14,26868526225.0,26550943025.0,-0.02,-0.02,48.57,51.35
454,300378,鼎捷数智,45.29,2.44,1.08,165737.0,739744270.82,5.47,45.6,43.18,43.2,44.21,1.39,6.15,180.55,5.4,12298582381.0,12207447578.0,0.0,0.07,7.32,0.07
455,000595,*ST宝实,6.35,2.42,0.15,143809.0,89558389.0,4.19,6.36,6.1,6.16,6.2,1.32,1.26,46.02,14.21,7230467924.0,7230467924.0,0.0,0.0,15.25,13.6
456,603113,金能科技,7.61,2.42,0.18,422716.0,327735017.0,5.38,7.95,7.55,7.57,7.43,2.29,4.98,-61.9,0.8,6457013588.0,6457013588.0,0.0,0.13,13.41,24.55
457,001300,三柏硕,16.58,2.41,0.39,35137.0,56853796.15,4.94,16.6,15.8,16.13,16.19,1.03,1.44,-658.97,3.9,4041804654.0,4041804654.0,0.0,0.18,10.31,7.31
458,601698,中国卫通,38.2,2.41,0.9,793920.0,2964866515.0,5.74,38.38,36.24,36.5,37.3,0.86,1.88,423.56,10.17,161371522738.0,161371522738.0,0.03,0.08,84.36,6.91
459,300712,永福股份,31.62,2.4,0.74,113327.0,356253990.36,2.88,31.77,30.88,30.99,30.88,1.14,6.07,119.91,4.6,5930205627.0,5904719116.0,-0.03,-0.03,6.39,20.09
460,688244,永信至诚,22.6,2.4,0.53,26164.0,57466461.0,7.25,22.93,21.33,21.55,22.07,1.27,1.73,-76.49,3.49,3411730329.0,3411730329.0,0.04,0.31,-5.32,-7.53
461,600397,江钨装备,20.47,2.4,0.48,1257332.0,2472464951.0,10.91,20.84,18.66,20.36,19.99,0.99,12.7,-49.55,130.34,20264478785.0,20264478785.0,-0.15,0.34,216.38,169.34
462,603409,汇通控股,36.75,2.4,0.86,14943.0,54386765.0,4.29,37.14,35.6,35.87,35.89,0.9,4.13,29.63,3.1,4631602500.0,1329038319.0,0.05,0.05,7.3,-1.29
463,000591,太阳能,6.4,2.4,0.15,2978030.0,1885367974.0,5.12,6.47,6.15,6.2,6.25,1.38,7.59,16.74,1.03,25116431955.0,25110666694.0,0.0,0.0,44.47,46.12
464,600979,广安爱众,5.57,2.39,0.13,1422873.0,783019740.0,6.25,5.65,5.31,5.35,5.44,1.09,11.55,34.83,1.51,7027429457.0,6863687030.0,0.18,0.18,19.02,26.88
465,002565,顺灏股份,14.56,2.39,0.34,1042186.0,1473403284.84,8.79,14.79,13.54,13.89,14.22,1.46,9.83,171.94,8.28,15433438704.0,15432783504.0,0.07,0.21,36.33,-20.57
466,002218,拓日新能,6.44,2.38,0.15,1357364.0,873904499.27,6.04,6.57,6.19,6.22,6.29,1.09,9.75,-62.65,2.24,9099852336.0,8967044724.0,0.16,0.16,65.13,48.39
467,601615,明阳智能,20.71,2.37,0.48,667258.0,1341797822.0,7.51,20.85,19.33,19.8,20.23,0.9,2.95,45.87,1.78,46835596781.0,46835596781.0,0.0,0.15,55.83,43.02
468,603829,洛凯股份,25.88,2.37,0.6,74958.0,189384466.0,6.41,25.98,24.36,24.98,25.28,1.24,4.02,50.62,3.77,4820568195.0,4820568195.0,-0.04,0.04,-5.2,16.42
469,600775,南京熊猫,15.2,2.36,0.35,829319.0,1244327837.0,6.73,15.2,14.2,14.2,14.85,1.36,12.34,-116.12,4.59,13890345641.0,10211945641.0,0.0,0.07,36.81,24.39
470,688231,隆达股份,34.42,2.35,0.79,84351.0,277888919.0,8.77,34.65,31.7,32.7,33.63,0.96,3.42,113.06,3.08,8496822862.0,8496822862.0,-0.17,-0.03,47.66,32.38
471,002100,天康生物,7.45,2.34,0.17,644829.0,480489787.4,4.4,7.55,7.23,7.24,7.28,2.0,4.72,18.53,1.42,10171123787.0,10171123787.0,0.0,0.0,6.28,1.09
472,001325,元创股份,53.88,2.34,1.23,34578.0,184164052.52,3.57,53.89,52.01,52.01,52.65,1.71,17.64,25.92,2.33,4224192000.0,1056048000.0,0.02,0.02,117.7,9.58
473,688718,唯赛勃,16.2,2.34,0.37,53696.0,87895079.0,8.97,17.16,15.74,15.74,15.83,2.37,3.09,61.05,3.51,2814821102.0,2814821102.0,-0.31,0.12,9.24,23.85
474,300578,会畅科技,23.29,2.33,0.53,97484.0,222409676.2,5.89,23.35,22.01,22.02,22.76,0.92,4.92,341.02,3.88,4617702245.0,4616453318.0,0.0,0.13,25.08,13.06
475,600745,闻泰科技,33.42,2.33,0.76,694345.0,2302712464.0,10.84,34.94,31.4,31.73,32.66,1.95,5.58,20.61,1.22,41596257842.0,41596257842.0,0.03,0.06,-14.11,-10.35
476,000962,东方钽业,55.03,2.32,1.25,275692.0,1479862155.53,10.17,56.85,51.38,52.82,53.78,0.95,5.5,100.05,10.1,27782680668.0,27606590556.0,0.0,0.05,102.91,66.45
477,600126,杭钢股份,9.28,2.32,0.21,1779266.0,1605646239.0,8.49,9.42,8.65,8.8,9.07,0.98,5.27,233.65,1.61,31340314690.0,31340314690.0,-0.11,0.0,8.03,13.73
478,002745,木林森,8.81,2.32,0.2,481864.0,413116751.0,6.04,8.86,8.34,8.44,8.61,0.78,4.53,46.87,0.98,13075505975.0,9379795815.0,0.0,0.11,-6.87,-7.94
479,603496,恒为科技,31.31,2.32,0.71,290079.0,880095935.0,8.14,31.49,29.0,29.83,30.6,1.19,9.06,286.96,7.21,10025751398.0,10025751398.0,0.0,0.03,13.32,14.77
480,300481,濮阳惠成,18.55,2.32,0.42,257095.0,479430965.49,8.33,19.65,18.14,19.16,18.13,2.62,8.86,37.37,2.25,5413918375.0,5380902825.0,0.05,0.11,12.7,19.68
481,000818,航锦科技,24.31,2.31,0.55,1068630.0,2603722596.31,10.06,25.9,23.51,24.45,23.76,2.97,16.24,792.24,6.95,16044600948.0,16001120082.0,-0.04,-0.49,19.11,25.96
482,301349,信德新材,49.36,2.3,1.11,51345.0,252868747.1,5.37,49.99,47.4,47.4,48.25,1.79,10.5,122.91,1.85,5034720000.0,2414066747.0,0.06,-0.04,2.49,5.22
483,002090,金智科技,12.88,2.3,0.29,248194.0,317238771.6,4.21,12.93,12.4,12.41,12.59,1.6,6.27,83.29,3.38,5159432674.0,5100705555.0,0.23,0.23,6.36,9.15
484,002358,森源电气,9.39,2.29,0.21,1275423.0,1180580872.0,5.45,9.5,9.0,9.03,9.18,0.95,13.72,45.56,2.6,8730418014.0,8730406042.0,-0.11,0.11,69.8,73.25
485,600671,天目药业,21.51,2.28,0.48,50547.0,108009282.0,5.56,21.77,20.6,20.73,21.03,1.55,4.15,138.27,39.34,2619463816.0,2618208665.0,0.05,0.33,27.2,24.26
486,920199,倍益康,44.0,2.28,0.98,34290.0,146134180.64,7.69,44.07,40.76,40.86,43.02,1.12,9.04,435.37,5.66,2996831200.0,1668799220.0,-0.16,1.27,25.82,27.2
487,301220,亚香股份,41.3,2.28,0.92,83321.0,341204752.56,6.27,42.3,39.77,40.09,40.38,2.7,10.7,28.87,2.66,4657435692.0,3214586739.0,0.1,-0.05,5.71,9.4
488,301090,华润材料,8.06,2.28,0.18,368208.0,306439559.75,10.66,8.88,8.04,8.45,7.88,3.49,2.5,-93.42,1.88,11868039094.0,11855661916.0,-0.49,-0.25,10.41,14.49
489,601100,恒立液压,109.4,2.27,2.43,118792.0,1279373606.0,7.73,111.28,103.01,105.0,106.97,1.29,0.89,52.72,8.6,146685816525.0,146685816525.0,0.0,-0.02,4.94,-0.46
490,001313,粤海饲料,7.7,2.26,0.17,144102.0,110145629.0,4.52,7.82,7.48,7.49,7.53,1.57,2.06,154.31,2.11,5390000000.0,5383269053.0,-0.13,0.13,-7.67,5.19
491,000913,钱江摩托,15.83,2.26,0.35,104728.0,166408074.71,5.36,16.17,15.34,15.36,15.48,1.94,2.27,19.52,1.77,8335975105.0,7315130065.0,-0.19,-0.13,0.0,2.66
492,600792,云煤能源,5.0,2.25,0.11,785701.0,398162275.0,5.52,5.23,4.96,5.12,4.89,0.97,7.08,-22.9,1.95,5549618000.0,5549618000.0,0.0,0.0,4.17,28.87
493,600803,新奥股份,21.8,2.25,0.48,456799.0,1014462239.0,7.55,23.01,21.4,22.89,21.32,1.19,1.49,14.77,2.85,67488115333.0,66963642213.0,0.97,0.74,-1.0,5.01
494,300895,铜牛信息,64.27,2.24,1.41,208276.0,1299945114.39,8.15,65.13,60.01,61.04,62.86,1.52,15.07,-116.05,11.56,9049258225.0,8880330765.0,0.2,0.33,43.17,45.57
495,300302,同有科技,19.71,2.23,0.43,218007.0,419730263.15,4.88,19.73,18.79,18.83,19.28,1.08,5.91,762.8,8.8,9446289459.0,7269321870.0,-0.05,0.05,8.0,8.65
496,000983,山西焦煤,7.36,2.22,0.16,1742813.0,1306866127.12,4.17,7.61,7.31,7.54,7.2,1.31,3.07,21.86,1.14,41783463794.0,41783207482.0,-0.14,0.14,9.04,14.64
497,688005,容百科技,29.93,2.22,0.65,203654.0,591667162.0,6.93,30.14,28.11,28.51,29.28,1.09,2.85,-117.29,2.67,21391733317.0,21388539247.0,0.03,0.34,4.94,-15.45
498,600299,安迪苏,13.8,2.22,0.3,579520.0,780081603.0,6.44,13.9,13.03,13.33,13.5,1.42,2.16,36.81,2.14,42500953747.0,37010237567.0,0.58,1.17,52.99,54.71
499,601216,君正集团,6.47,2.21,0.14,3081073.0,2018050062.0,6.32,6.75,6.35,6.39,6.33,1.67,3.65,14.63,1.89,54593972513.0,54593972513.0,0.15,-0.15,33.95,34.23
500,301027,华蓝集团,21.77,2.21,0.47,85536.0,181992622.78,7.14,22.03,20.51,21.09,21.3,0.46,7.23,241.91,3.36,3200190000.0,2574134784.0,0.0,-0.05,29.2,18.25
501,002875,安奈儿,19.12,2.19,0.41,75067.0,140543236.0,5.93,19.25,18.14,18.7,18.71,1.0,4.11,-48.7,6.34,4072882593.0,3488187065.0,0.05,0.0,19.5,15.46
502,003007,直真科技,45.63,2.19,0.98,52684.0,232096816.0,9.36,45.78,41.6,44.0,44.65,0.98,7.33,-73.19,5.65,4646046600.0,3280232831.0,-0.04,0.09,33.73,22.37
503,600871,石化油服,3.75,2.18,0.08,7888777.0,3103883356.0,8.72,4.04,3.72,4.04,3.67,1.24,5.82,79.68,7.45,71088921874.0,50801296316.0,-0.27,0.0,61.64,73.61
504,688225,亚信安全,20.29,2.17,0.43,36514.0,72216617.0,6.24,20.46,19.22,19.62,19.86,0.77,0.91,-18.36,4.56,8116202900.0,8116202900.0,-0.05,-0.25,12.47,4.59
505,603399,永杉锂业,11.3,2.17,0.24,275780.0,302289239.0,7.78,11.4,10.54,10.79,11.06,0.99,5.38,-26.59,3.49,5788884334.0,5788884334.0,0.44,0.53,2.17,8.76
506,601012,隆基绿能,18.39,2.17,0.39,2062755.0,3764605465.0,3.17,18.49,17.92,18.01,18.0,1.31,2.72,-30.71,2.45,139360601355.0,139360462584.0,-0.05,0.0,2.05,1.04
507,603683,晶华新材,25.55,2.16,0.54,271328.0,661967145.0,10.04,25.84,23.33,24.57,25.01,2.03,9.44,86.85,4.62,7420017939.0,7340764291.0,-0.39,-0.12,-9.07,-0.12
508,300513,恒实科技,9.92,2.16,0.21,144489.0,141183019.08,4.63,9.95,9.5,9.53,9.71,1.66,5.01,-27.12,2.36,3111816258.0,2859716093.0,0.0,0.3,1.43,4.53
509,301388,欣灵电气,40.15,2.16,0.85,119667.0,471487084.14,14.96,41.26,35.38,35.38,39.3,1.24,43.74,172.78,4.21,4113271140.0,1098367008.0,-0.15,0.0,29.06,32.16
510,300682,朗新科技,19.04,2.15,0.4,549255.0,1022811211.86,8.53,19.25,17.66,18.21,18.64,1.53,5.32,145.57,3.03,20529610032.0,19650384072.0,0.0,0.05,24.2,25.18
511,000409,云鼎科技,11.44,2.14,0.24,117019.0,131832688.03,3.84,11.46,11.03,11.13,11.2,0.97,1.98,114.77,4.93,7753465777.0,6755138493.0,0.0,0.09,-1.89,2.69
512,600683,京投发展,7.16,2.14,0.15,345865.0,246088796.0,6.56,7.35,6.89,6.89,7.01,1.06,4.67,-10.64,-41.02,5303967595.0,5303967595.0,0.14,0.28,52.34,67.68
513,600032,浙江新能,8.63,2.13,0.18,271457.0,233248742.0,2.13,8.67,8.49,8.5,8.45,1.33,1.13,25.38,1.6,20752348046.0,20752348046.0,0.12,0.12,17.57,16.46
514,300605,恒锋信息,15.82,2.13,0.33,33915.0,52174393.54,4.58,15.82,15.11,15.23,15.49,0.62,2.84,187.81,5.45,2612499676.0,1890277348.0,1.54,1.61,-16.74,1.09
515,300666,江丰电子,151.51,2.12,3.14,140142.0,2065017956.58,7.44,152.99,141.95,144.89,148.37,0.95,6.34,83.53,8.13,40198736681.0,33507514191.0,0.13,0.13,75.56,64.68
516,002466,天齐锂业,53.09,2.12,1.1,390205.0,2020039955.06,6.25,53.29,50.04,50.74,51.99,1.05,2.64,377.65,2.05,90584546147.0,78351232515.0,-0.04,0.02,3.69,-4.14
517,300657,弘信电子,32.44,2.11,0.67,404846.0,1251557392.06,9.6,32.77,29.72,31.0,31.77,1.31,8.64,129.59,12.44,15640155956.0,15198266938.0,0.15,0.15,14.87,17.28
518,002656,*ST摩登,2.9,2.11,0.06,148337.0,42516291.68,3.17,2.91,2.82,2.86,2.84,1.28,2.19,-44.79,4.86,2066307548.0,1962110429.0,0.35,0.35,4.32,2.84
519,688372,伟测科技,141.18,2.11,2.92,93776.0,1253093162.0,11.93,143.0,126.5,130.03,138.26,0.87,6.29,70.13,7.08,21043421555.0,21043421555.0,-0.08,-0.38,48.8,29.42
520,300857,协创数据,252.15,2.09,5.15,119253.0,2900911645.56,9.0,254.9,232.66,241.1,247.0,1.25,3.46,93.79,22.21,87274351903.0,87024156066.0,0.0,0.16,84.58,49.48
521,688060,云涌科技,48.67,2.08,0.99,7118.0,33865603.0,5.35,48.95,46.4,47.0,47.68,1.01,1.18,-238.97,3.25,2929482732.0,2929482732.0,0.02,0.02,13.56,14.98
522,600740,山西焦化,4.91,2.08,0.1,1722140.0,863854009.0,6.24,5.17,4.87,5.08,4.81,1.09,6.72,-188.5,0.83,12580014866.0,12580014866.0,0.0,0.0,20.64,30.59
523,000723,美锦能源,5.41,2.08,0.11,3117805.0,1721155079.42,5.66,5.68,5.38,5.51,5.3,1.16,7.09,-24.24,1.8,23822900468.0,23779189659.0,0.19,0.37,5.66,15.11
524,300849,锦盛新材,20.68,2.07,0.42,36103.0,74060659.5,5.18,21.05,20.0,20.17,20.26,0.77,2.97,-245.62,5.26,3102000000.0,2511958716.0,0.24,0.29,34.72,32.31
525,920010,凯添燃气,14.3,2.07,0.29,306266.0,471386470.17,17.63,16.49,14.02,16.47,14.01,0.97,17.64,104.37,4.85,3353350000.0,2483101735.0,-0.07,-0.69,12.33,30.24
526,301302,华如科技,33.68,2.06,0.68,288514.0,990801324.73,11.52,36.3,32.5,32.76,33.0,1.08,20.76,-28.26,3.34,5249533200.0,4681183200.0,0.51,0.81,45.49,47.27
527,300724,捷佳伟创,116.25,2.05,2.33,205312.0,2299608549.39,7.46,116.5,108.0,111.8,113.92,1.3,7.14,11.3,3.02,40488945698.0,33446804696.0,-0.03,0.0,40.47,21.6
528,688616,西力科技,15.01,2.04,0.3,114267.0,170979197.0,9.72,15.65,14.22,14.33,14.71,2.5,6.37,25.94,2.97,2692467758.0,2692467758.0,0.87,0.47,21.44,22.73
529,600586,金晶科技,6.49,2.04,0.13,855088.0,545193545.0,4.09,6.5,6.24,6.28,6.36,1.34,6.03,-25.59,1.67,9198521673.0,9198521673.0,0.46,0.31,13.46,15.28
530,603458,勘设股份,11.07,2.03,0.22,162532.0,177493670.0,5.9,11.27,10.63,10.8,10.85,2.0,5.31,-19.25,1.19,3388798370.0,3388798370.0,0.18,0.36,38.55,10.48
531,688375,国博电子,116.0,2.03,2.31,52072.0,589865905.0,4.86,116.19,110.67,111.01,113.69,0.72,0.87,136.22,10.69,69137728400.0,69137728400.0,0.0,-0.07,77.78,24.58
532,000555,神州信息,18.7,2.02,0.37,787002.0,1445483598.35,3.93,18.75,18.03,18.1,18.33,1.64,8.1,-128.14,3.29,18246981972.0,18174596609.0,0.0,0.27,12.85,12.99
533,920808,曙光数创,81.79,2.01,1.61,27571.0,217769567.21,9.45,82.88,75.3,78.0,80.18,1.11,1.42,448.66,21.64,16358000082.0,15914058520.0,-0.05,-0.24,5.85,15.18
534,688228,开普云,120.1,2.0,2.36,26493.0,309971880.0,5.61,120.49,113.88,116.0,117.74,0.88,3.92,-750.69,6.2,8112846276.0,8112846276.0,-0.07,0.09,-30.45,-38.29
535,002350,北京科锐,13.84,1.99,0.27,625097.0,856996505.02,8.7,14.2,13.02,13.15,13.57,0.67,11.78,194.19,4.55,7505865898.0,7342832359.0,0.07,0.51,65.95,70.02
536,300774,倍杰特,23.73,1.98,0.46,111314.0,257178922.14,7.18,23.89,22.22,22.45,23.27,0.7,5.71,68.69,6.43,9699961652.0,4624513102.0,0.38,0.17,33.02,24.89
537,600973,宝胜股份,7.72,1.98,0.15,602338.0,460212977.0,4.1,7.75,7.44,7.46,7.57,1.11,4.39,133.47,2.96,10586947435.0,10586947435.0,0.0,0.0,47.05,5.75
538,600547,山东黄金,46.93,1.98,0.91,693754.0,3182142924.0,7.56,47.65,44.17,45.0,46.02,0.77,1.92,41.01,7.11,216343992608.0,169625826275.0,-0.06,0.09,29.25,21.23
539,688566,吉贝尔,29.86,1.98,0.58,33207.0,97673232.0,4.06,29.87,28.68,29.02,29.28,1.68,1.67,23.02,2.45,5955005629.0,5955005629.0,0.03,0.13,3.54,0.03
540,688079,美迪凯,13.42,1.98,0.26,161808.0,212353871.0,6.61,13.58,12.71,12.75,13.16,1.14,4.0,-35.61,4.32,5520746158.0,5424579512.0,-0.22,-0.07,24.03,18.55
541,688710,益诺思,53.75,1.97,1.04,15139.0,79698511.0,6.68,54.2,50.68,52.71,52.71,0.67,1.67,-248.32,3.26,7577654306.0,4874800565.0,0.21,0.09,26.14,21.74
542,002856,美芝股份,13.96,1.97,0.27,62093.0,85622190.0,4.46,14.09,13.48,13.58,13.69,1.21,5.01,-32.01,22.73,1888966800.0,1729706024.0,0.0,0.07,8.64,18.2
543,688095,福昕软件,81.16,1.96,1.56,29618.0,235127457.0,5.21,81.67,77.52,78.03,79.6,1.11,3.24,269.42,2.83,7414738968.0,7414738968.0,0.11,0.04,-8.78,-9.08
544,300781,因赛集团,40.19,1.95,0.77,113535.0,453099991.06,5.99,40.96,38.6,39.0,39.42,1.82,9.37,180.73,9.88,6598206915.0,4869703297.0,0.05,0.17,10.53,15.55
545,300268,*ST佳沃,14.66,1.95,0.28,16475.0,23693143.0,5.35,14.83,14.06,14.06,14.38,1.03,1.23,-4.53,-2.5,2553772000.0,1960151950.0,0.14,0.34,3.53,14.89
546,603055,台华新材,9.92,1.95,0.19,264950.0,266218542.0,6.78,10.32,9.66,9.68,9.73,2.69,2.99,15.82,1.72,8831708425.0,8799539849.0,0.71,0.0,8.18,5.08
547,920675,秉扬科技,12.63,1.94,0.24,118657.0,158117303.89,11.7,13.98,12.53,13.41,12.39,0.93,15.02,43.37,3.51,2174431320.0,997995698.0,0.08,-0.39,21.33,28.35
548,300037,新宙邦,55.75,1.94,1.06,162841.0,888945724.52,5.69,56.02,52.91,54.39,54.69,1.18,3.02,38.17,3.88,41912378968.0,30016847654.0,0.04,0.13,11.5,6.39
549,688758,赛分科技,19.01,1.93,0.36,40854.0,77367259.0,4.5,19.3,18.46,19.0,18.65,0.95,1.37,62.64,5.85,7916982237.0,5668471605.0,0.05,0.21,-2.51,7.22
550,600691,潞化科技,3.69,1.93,0.07,1508307.0,575355444.0,8.29,3.98,3.68,3.81,3.62,0.99,6.35,-18.07,2.42,8767373403.0,8765912163.0,0.0,0.0,20.2,33.7
551,603158,腾龙股份,11.17,1.92,0.21,484526.0,538190532.0,3.01,11.21,10.88,10.96,10.96,2.96,9.87,28.79,2.36,5481902553.0,5481902553.0,-0.09,-0.09,15.39,5.38
552,300541,先进数通,15.94,1.92,0.3,202649.0,315416309.98,5.95,16.05,15.12,15.3,15.64,0.96,5.24,59.68,3.98,6854909202.0,6162061019.0,0.0,-0.06,10.31,5.84
553,600734,实达集团,4.26,1.91,0.08,791888.0,333133630.0,3.35,4.27,4.13,4.13,4.18,0.98,3.64,-79.47,29.9,9279571232.0,9277654232.0,0.24,0.47,-30.73,-7.39
554,000731,四川美丰,7.99,1.91,0.15,833255.0,683136690.62,7.53,8.51,7.92,8.38,7.84,0.9,15.18,-451.13,1.11,4385118941.0,4385118941.0,0.0,0.0,18.9,22.17
555,000937,冀中能源,5.87,1.91,0.11,705079.0,419551006.5,3.47,6.05,5.85,6.02,5.76,1.4,2.05,38.2,1.09,20741920010.0,20154041722.0,-0.17,0.0,-0.68,9.11
556,002226,江南化工,6.4,1.91,0.12,847200.0,545074278.28,3.18,6.55,6.35,6.38,6.28,2.24,3.2,19.14,1.65,16953106272.0,16952763955.0,0.0,0.31,3.06,10.15
557,600361,创新新材,4.82,1.9,0.09,1099246.0,523450887.0,6.55,4.94,4.63,4.72,4.73,1.48,2.93,19.14,1.62,18104267826.0,18104267826.0,0.21,0.0,8.31,13.68
558,600969,郴电国际,10.74,1.9,0.2,145232.0,154716818.0,2.85,10.76,10.46,10.53,10.54,1.08,3.92,36.81,1.09,3974342198.0,3974342198.0,0.09,-0.09,19.6,4.99
559,301117,佳缘科技,56.85,1.9,1.06,65956.0,365341521.8,5.7,56.98,53.8,53.86,55.79,0.6,8.3,-575.77,5.63,7343236047.0,4516726076.0,0.57,0.55,20.47,6.76
560,002405,四维图新,10.75,1.9,0.2,1067900.0,1110726749.16,7.11,10.82,10.07,10.35,10.55,1.06,4.53,-26.98,3.1,25484474751.0,25325400604.0,-0.19,-0.09,28.43,19.31
561,605298,必得科技,52.1,1.9,0.97,38958.0,200711024.0,5.79,52.96,50.0,50.91,51.13,1.14,2.09,144.94,9.38,9786985000.0,9703677100.0,0.39,0.19,39.12,30.35
562,600508,上海能源,13.48,1.89,0.25,208557.0,284865984.0,3.63,13.89,13.41,13.75,13.23,1.15,2.89,28.64,0.76,9742238640.0,9742238640.0,-0.07,0.07,7.93,14.53
563,300068,南都电源,15.63,1.89,0.29,477180.0,735825323.27,4.37,15.7,15.03,15.29,15.34,1.63,5.59,-47.81,3.65,14041480883.0,13335199242.0,0.0,0.06,-6.13,0.58
564,300051,琏升科技,9.68,1.89,0.18,151548.0,144094628.0,4.21,9.71,9.31,9.33,9.5,1.03,4.12,-29.75,22.33,3601131239.0,3559103825.0,0.0,0.31,39.88,50.08
565,300515,三德科技,19.97,1.89,0.37,63353.0,127665109.0,6.28,20.98,19.75,20.31,19.6,2.64,3.14,22.41,4.42,4108917365.0,4029172662.0,-0.15,0.0,3.53,1.58
566,920639,晨光电缆,9.2,1.88,0.17,126612.0,115944295.73,6.31,9.33,8.76,8.8,9.03,1.44,10.66,101.42,2.17,1854720000.0,1092533433.0,0.0,0.0,15.14,15.29
567,601225,陕西煤业,25.42,1.88,0.47,1245960.0,3245255243.0,6.01,26.7,25.2,26.1,24.95,1.78,1.29,14.54,2.61,246446900000.0,246446900000.0,0.28,0.12,12.38,19.23
568,600408,安泰集团,3.8,1.88,0.07,722336.0,276472564.0,4.83,3.94,3.76,3.88,3.73,0.71,7.17,-18.41,2.82,3825840000.0,3825840000.0,0.26,0.0,-32.02,-5.71
569,688365,光云科技,21.28,1.87,0.39,143818.0,297192493.0,6.37,21.36,20.03,20.2,20.89,1.17,3.38,-343.5,9.59,9061549276.0,9061549276.0,0.14,0.47,19.42,26.14
570,002161,远 望 谷,8.18,1.87,0.15,396939.0,316504748.44,7.72,8.25,7.63,7.88,8.03,1.14,5.63,31.37,3.6,6051215532.0,5764794648.0,0.0,0.12,12.52,11.9
571,688395,正弦电气,27.23,1.87,0.5,20572.0,55698662.0,6.43,27.8,26.08,26.52,26.73,1.85,2.38,58.28,3.01,2358055916.0,2358055916.0,0.0,-0.22,13.51,11.97
572,603922,金鸿顺,21.92,1.86,0.4,88096.0,188315400.0,5.81,22.01,20.76,21.21,21.52,1.49,4.92,187.55,3.78,3928064000.0,3928064000.0,0.05,0.05,14.46,5.59
573,688273,麦澜德,44.29,1.86,0.81,23517.0,101582756.0,6.85,44.53,41.55,42.56,43.48,1.31,2.35,43.4,3.29,4429000000.0,4429000000.0,-0.09,0.0,25.86,4.16
574,688198,佰仁医疗,104.5,1.86,1.91,4552.0,47066892.0,4.45,105.1,100.53,101.5,102.59,1.06,0.33,70.14,11.45,14394679899.0,14394679899.0,-0.02,-0.2,-11.45,-2.35
575,002230,科大讯飞,53.5,1.85,0.97,548255.0,2888883354.09,4.19,53.7,51.5,51.79,52.53,1.17,2.5,-1391.26,6.95,123683840876.0,117124897096.0,0.02,0.07,10.29,6.38
576,000048,京基智农,18.7,1.85,0.34,129584.0,241973119.62,6.05,19.21,18.1,18.25,18.36,1.33,2.46,24.97,2.35,9916278075.0,9842923585.0,0.11,0.21,47.36,6.25
577,688272,富吉瑞,36.54,1.84,0.66,44153.0,156803890.0,9.39,37.17,33.8,35.84,35.88,0.89,5.81,-35.12,6.69,2777040000.0,2777040000.0,0.0,0.05,30.78,11.88
578,300530,领湃科技,27.68,1.84,0.5,23963.0,65577146.0,4.12,27.81,26.69,26.8,27.18,1.29,1.51,-31.45,88.86,4759613479.0,4380291160.0,-0.11,-0.29,-4.75,3.67
579,688582,芯动联科,65.7,1.83,1.18,74104.0,477821665.0,4.25,65.8,63.06,64.05,64.52,0.96,2.96,87.29,10.45,26394255979.0,16439391979.0,0.09,0.05,11.34,-0.62
580,600575,淮河能源,3.89,1.83,0.07,882994.0,341817454.0,3.4,3.93,3.8,3.82,3.82,1.39,2.27,27.79,1.23,27878821541.0,15117555543.0,0.26,0.0,7.16,14.41
581,601963,重庆银行,11.21,1.82,0.2,216312.0,240727234.0,3.27,11.27,10.91,10.95,11.01,0.86,1.15,5.99,0.71,38950164034.0,21106976175.0,0.09,0.18,-1.84,5.16
582,300343,ST联创,6.72,1.82,0.12,216889.0,142824595.06,4.39,6.74,6.45,6.5,6.6,0.92,2.03,327.22,3.73,7183472480.0,7164994294.0,-0.15,0.0,10.34,11.44
583,300072,海新能科,5.64,1.81,0.1,2966770.0,1750517425.99,10.65,6.21,5.62,5.96,5.54,1.58,12.73,171.51,2.2,13252422503.0,13148877563.0,0.18,-0.18,24.78,22.61
584,300266,兴源环境,2.82,1.81,0.05,706013.0,199621043.07,8.3,2.94,2.71,2.73,2.77,1.68,4.55,-57.77,128.94,4381736625.0,4379112756.0,0.0,0.0,13.25,9.73
585,301185,鸥玛软件,20.76,1.81,0.37,44164.0,90283872.81,3.92,20.82,20.02,20.1,20.39,1.07,3.16,53.68,2.98,3184949376.0,2903708736.0,0.05,0.05,0.05,8.69
586,603806,福斯特,17.42,1.81,0.31,354377.0,608668759.0,4.97,17.55,16.7,17.01,17.11,0.91,1.36,49.57,2.86,45444236707.0,45444236707.0,0.11,0.11,26.42,24.79
587,603628,清源股份,14.63,1.81,0.26,112893.0,163268958.0,3.9,14.68,14.12,14.15,14.37,1.06,4.15,30.19,2.98,3995506487.0,3981861086.0,0.07,0.0,4.2,8.37
588,300911,亿田智能,43.9,1.81,0.78,146973.0,593677492.28,16.86,44.65,37.38,41.0,43.12,0.93,8.58,-54.44,6.86,8048437362.0,7521678277.0,-0.07,-0.41,31.24,31.83
589,002065,东华软件,9.07,1.8,0.16,573695.0,508621378.65,4.71,9.1,8.68,8.83,8.91,0.97,1.97,62.21,2.38,29073725141.0,26374849356.0,-0.11,0.67,-8.66,-0.87
590,600100,同方股份,9.07,1.8,0.16,799920.0,706272001.0,6.06,9.13,8.59,8.84,8.91,1.1,2.39,69.18,1.88,30387200257.0,30387200257.0,-0.11,0.0,4.25,1.68
591,300250,初灵信息,23.83,1.79,0.42,78243.0,183000432.0,4.74,23.95,22.84,22.92,23.41,0.81,4.97,643.78,9.72,5093650085.0,3749794600.0,0.04,0.08,-10.24,-0.83
592,001379,腾达科技,24.08,1.78,0.42,65244.0,159136709.0,7.14,25.0,23.31,23.31,23.66,1.44,9.69,57.13,3.2,4816000000.0,1620559920.0,0.04,-0.04,8.32,2.21
593,600215,派斯林,7.45,1.78,0.13,114612.0,84248848.0,5.05,7.52,7.15,7.2,7.32,1.22,2.51,-30.17,1.7,3403777456.0,3403777456.0,0.13,0.0,7.81,4.2
594,300475,香农芯创,157.8,1.78,2.76,377491.0,5748262454.35,8.82,158.67,145.0,149.01,155.04,1.24,8.48,153.11,21.63,73358974033.0,70280927233.0,0.01,-0.06,24.59,9.33
595,688579,地纬智能,12.74,1.76,0.22,108045.0,134848075.0,5.35,12.82,12.15,12.25,12.52,0.88,2.7,84.83,3.63,5096127400.0,5096127400.0,-0.16,-0.16,17.31,18.18
596,688663,新风光,61.03,1.75,1.05,63558.0,377863075.0,7.84,62.0,57.3,59.0,59.98,0.77,4.49,90.69,6.16,8634194838.0,8634194838.0,0.05,0.1,50.43,57.42
597,603776,永安行,20.31,1.75,0.35,56723.0,113539757.0,3.96,20.4,19.61,19.76,19.96,1.0,2.02,-61.63,1.6,5702247217.0,5702247217.0,0.05,0.15,7.69,13.59
598,300996,普联软件,16.94,1.74,0.29,52695.0,87540999.44,3.54,16.94,16.35,16.4,16.65,0.85,2.24,2423.63,3.8,4790226253.0,3977229187.0,0.0,0.12,-15.17,2.42
599,600666,奥瑞德,4.09,1.74,0.07,2451200.0,987526240.0,4.23,4.12,3.95,3.98,4.02,1.4,10.13,29.02,10.0,11253419841.0,9896789504.0,0.49,0.25,19.59,21.73
600,000019,深粮控股,7.58,1.74,0.13,364571.0,277853462.48,4.03,7.79,7.49,7.49,7.45,1.32,8.76,26.91,1.75,8736217225.0,3154920365.0,0.13,0.0,4.84,9.06
601,600028,中国石化,7.0,1.74,0.12,10779224.0,7711711093.0,7.41,7.45,6.94,7.45,6.88,1.04,1.14,21.17,1.02,846478599554.0,663267327625.0,0.0,0.43,17.65,13.27
602,002826,易明医药,22.24,1.74,0.38,165785.0,373753062.0,7.64,23.19,21.52,21.6,21.86,2.03,9.51,38.9,5.29,4240673160.0,3877018891.0,0.0,0.0,22.13,21.0
603,300157,新锦动力,8.17,1.74,0.14,2381053.0,2111783434.24,14.32,9.3,8.15,9.12,8.03,1.05,33.64,58.78,-30.93,6159671066.0,5782927243.0,-0.12,-0.24,69.5,79.96
604,001388,信通电子,45.55,1.74,0.78,24877.0,112467045.05,2.81,45.55,44.29,44.37,44.77,1.94,7.97,75.53,5.1,7105800000.0,1421160000.0,0.0,0.07,6.87,6.08
605,601868,中国能建,2.94,1.73,0.05,33100558.0,9812070975.0,5.19,3.05,2.9,2.95,2.89,3.24,10.21,29.13,1.12,122572021090.0,95340459250.0,0.0,0.0,24.58,25.11
606,300862,蓝盾光电,24.3,1.72,0.41,55655.0,132641784.39,4.77,24.39,23.25,23.5,23.89,1.11,3.67,-57.01,2.25,4486215019.0,3680745470.0,0.04,0.08,-10.03,6.21
607,601666,平煤股份,8.89,1.72,0.15,1038113.0,940970129.0,4.46,9.25,8.86,9.1,8.74,1.75,4.2,58.87,0.96,21952616872.0,21952616872.0,0.11,0.11,12.53,12.96
608,920703,广厦环能,15.39,1.72,0.26,34375.0,53329225.9,5.02,15.86,15.1,15.15,15.13,0.98,4.51,25.6,2.05,2319642360.0,1173720612.0,0.07,0.46,6.14,6.8
609,002322,理工能科,14.3,1.71,0.24,117151.0,165692035.1,4.98,14.4,13.7,13.8,14.06,1.45,3.33,28.48,1.95,5227049971.0,5025015410.0,0.0,0.14,16.73,19.07
610,300143,盈康生命,11.97,1.7,0.2,390361.0,461226252.97,7.56,12.11,11.22,11.27,11.77,2.3,6.09,77.48,3.55,8970935700.0,7677117265.0,-0.17,-0.08,19.58,21.15
611,601952,苏垦农发,10.21,1.69,0.17,434605.0,450383069.0,4.38,10.63,10.19,10.39,10.04,1.01,3.15,25.42,2.0,14069380000.0,14069380000.0,0.2,0.2,11.22,11.95
612,600121,郑州煤电,4.82,1.69,0.08,910223.0,445050957.0,4.22,5.01,4.81,4.92,4.74,1.1,7.47,-11.52,3.83,5872746023.0,5872746023.0,0.0,0.0,0.42,15.59
613,600612,老凤祥,42.68,1.69,0.71,25569.0,109369936.0,2.05,43.35,42.49,43.03,41.97,1.0,0.81,12.72,1.69,22326666168.0,13534239008.0,0.0,0.0,-4.52,-4.03
614,300664,鹏鹞环保,6.06,1.68,0.1,478113.0,291838321.8,4.36,6.27,6.01,6.1,5.96,1.57,6.36,12.73,1.04,4582913372.0,4558606712.0,0.17,0.17,7.45,13.06
615,002805,丰元股份,18.12,1.68,0.3,436238.0,775315638.37,6.0,18.2,17.13,17.13,17.82,1.5,15.66,-10.17,5.14,5074732645.0,5047191876.0,0.06,0.0,-1.74,2.2
616,603309,维力医疗,15.2,1.67,0.25,90170.0,137060839.0,4.95,15.42,14.68,14.8,14.95,1.61,3.09,17.36,2.3,4436445554.0,4436445554.0,-0.07,-0.07,11.52,13.52
617,000158,常山北明,21.42,1.66,0.35,1012149.0,2152659376.44,7.17,22.0,20.49,20.6,21.07,2.08,6.37,-165.31,6.56,34242370164.0,34013508709.0,0.0,-0.28,2.83,5.05
618,603286,日盈电子,61.58,1.65,1.0,32308.0,193489565.0,5.84,61.62,58.08,58.8,60.58,0.67,2.8,-296.48,8.59,7229241431.0,7107245293.0,0.21,0.37,9.38,-10.96
619,000695,滨海能源,13.52,1.65,0.22,160247.0,214735577.48,4.21,13.66,13.1,13.35,13.3,1.52,7.22,-47.53,27.74,3133288919.0,2998886937.0,0.22,0.15,-14.21,6.37
620,688303,大全能源,23.39,1.65,0.38,150474.0,348145442.0,4.61,23.63,22.57,22.74,23.01,1.31,0.7,-44.44,1.29,50176361884.0,50176361884.0,-0.04,0.09,-15.74,-12.79
621,600246,万通发展,11.06,1.65,0.18,745822.0,793897030.0,8.18,11.15,10.26,10.75,10.88,1.15,3.95,-813.98,3.98,21489441485.0,20907961985.0,-0.09,0.0,-16.53,-10.08
622,688479,友车科技,33.5,1.64,0.54,42494.0,139020133.0,6.71,33.77,31.56,32.59,32.96,0.84,6.82,113.3,2.58,4834632900.0,2087632900.0,-0.03,-0.15,76.59,77.91
623,600089,特变电工,32.76,1.64,0.53,4210732.0,13723277485.0,4.19,33.15,31.8,31.81,32.23,0.98,8.33,22.64,2.41,165529484626.0,165529484626.0,0.03,0.09,52.23,47.43
624,300271,华宇软件,7.43,1.64,0.12,137024.0,99890289.88,4.79,7.48,7.13,7.18,7.31,0.84,1.72,-32.84,1.65,6032124800.0,5923511805.0,0.13,0.13,-5.35,2.34
625,300693,盛弘股份,46.97,1.64,0.76,260158.0,1187113304.04,7.68,47.47,43.92,44.77,46.21,0.95,9.68,30.97,6.77,14692019806.0,12628026584.0,0.0,0.06,23.67,22.7
626,920195,三祥科技,21.8,1.63,0.35,11136.0,23763757.67,3.54,21.8,21.04,21.3,21.45,0.81,1.57,19.31,2.57,2137054000.0,1542545873.0,1.21,1.58,10.1,-0.73
627,300167,ST迪威迅,6.92,1.62,0.11,182126.0,124717177.86,8.81,7.15,6.55,6.88,6.81,1.1,5.07,-286.82,93.76,2694468080.0,2483541290.0,0.0,0.29,31.06,39.8
628,603258,电魂网络,18.84,1.62,0.3,37989.0,70692527.0,5.29,19.05,18.07,18.3,18.54,1.21,1.57,-112.94,2.12,4595013828.0,4546871034.0,-0.21,0.05,-0.79,1.78
629,601700,风范股份,6.27,1.62,0.1,474461.0,296094595.0,4.54,6.38,6.1,6.17,6.17,1.19,4.15,251.0,2.8,7161886809.0,7161886809.0,0.16,0.16,27.18,10.78
630,300209,行云科技,8.85,1.61,0.14,623426.0,549033655.0,7.46,9.19,8.54,8.91,8.71,1.52,8.76,-444.95,8.29,8218429715.0,6300111105.0,0.45,0.68,63.89,62.39
631,002310,东方新能,2.53,1.61,0.04,1301152.0,328252038.11,3.61,2.58,2.49,2.5,2.49,1.12,3.1,-5510.17,9.88,15178284956.0,10623595784.0,0.4,0.4,3.69,12.44
632,600157,永泰能源,1.89,1.61,0.03,19189570.0,3658083319.0,4.3,1.96,1.88,1.93,1.86,0.93,8.8,156.29,0.88,41235574234.0,41235574234.0,0.53,0.0,14.55,20.38
633,002124,天邦食品,2.53,1.61,0.04,693482.0,174533579.2,3.21,2.54,2.46,2.47,2.49,1.58,3.52,16.24,1.43,5621492595.0,4990057259.0,0.4,0.4,-7.33,-7.66
634,300032,金龙机电,5.69,1.61,0.09,601049.0,334494967.0,7.14,5.76,5.36,5.53,5.6,0.99,7.48,115.55,6.62,4570035070.0,4570035070.0,0.0,-0.18,2.34,5.96
635,300334,津膜科技,8.22,1.61,0.13,194621.0,159513743.1,4.94,8.36,7.96,8.04,8.09,2.18,6.44,1388.67,4.09,2482977226.0,2482684635.0,-0.12,0.12,2.88,18.1
636,600156,华升股份,8.25,1.6,0.13,89730.0,73190865.0,3.69,8.29,7.99,8.01,8.12,1.31,2.23,-161.09,8.4,3317413292.0,3317413292.0,-0.12,-0.24,-5.71,-0.12
637,688408,中信博,42.77,1.59,0.67,55633.0,232042013.0,4.82,42.88,40.85,41.77,42.1,0.94,2.54,-948.16,2.28,9369447944.0,9369447944.0,0.16,0.19,-2.22,1.57
638,920403,康农种业,25.7,1.58,0.4,69050.0,181562226.32,6.68,27.29,25.6,26.22,25.3,0.8,11.68,31.8,4.56,2553579756.0,1518705006.0,0.12,0.0,21.51,12.77
639,600037,歌华有线,7.78,1.57,0.12,211637.0,162115512.0,4.05,7.81,7.5,7.58,7.66,1.05,1.52,315.57,0.85,10828031938.0,10828031938.0,0.26,0.13,3.73,6.58
640,300058,蓝色光标,16.77,1.57,0.26,2974124.0,4875079466.58,5.63,16.82,15.89,16.0,16.51,0.92,8.55,230.76,7.59,60208009977.0,58360099042.0,0.06,0.36,76.16,45.57
641,688186,广大特材,28.69,1.56,0.44,264669.0,737461250.0,9.31,29.13,26.5,28.0,28.25,0.7,9.44,37.53,1.7,8047239624.0,8047239624.0,-0.14,0.31,33.57,26.5
642,001269,欧晶科技,25.42,1.56,0.39,75172.0,189014363.66,4.27,25.45,24.38,24.5,25.03,0.92,3.91,-42.08,5.6,4891102516.0,4891102516.0,0.0,0.04,1.84,5.56
643,920190,雷神科技,25.63,1.55,0.39,18937.0,46773342.53,6.81,25.68,23.96,24.82,25.24,1.26,1.9,110.85,2.99,2563000026.0,2548725397.0,0.12,1.79,-3.61,-8.5
644,300498,温氏股份,17.04,1.55,0.26,1286611.0,2209118614.41,3.99,17.43,16.76,16.78,16.78,1.69,2.16,21.66,2.69,113382920562.0,101431304280.0,0.0,-0.06,-0.47,0.95
645,605208,永茂泰,13.1,1.55,0.2,105877.0,135394516.0,7.98,13.38,12.35,12.71,12.9,1.47,3.21,64.61,1.99,4322214000.0,4322214000.0,-0.08,-0.23,-0.53,-3.53
646,600550,保变电气,19.0,1.55,0.29,1746807.0,3317266154.0,5.99,19.58,18.46,18.46,18.71,0.91,9.49,179.82,44.69,34989041120.0,34989041120.0,0.0,0.05,106.52,80.09
647,600491,龙元建设,3.3,1.54,0.05,357583.0,117077507.0,4.62,3.32,3.17,3.19,3.25,1.21,2.34,-14.76,0.51,5048201252.0,5048201252.0,0.3,0.3,8.91,25.0
648,601515,衢州东峰,4.63,1.54,0.07,333423.0,152366348.0,3.73,4.65,4.48,4.53,4.56,1.0,1.73,-69.98,1.71,8910299207.0,8910299207.0,0.0,0.22,2.43,7.67
649,002123,梦网科技,11.24,1.54,0.17,215926.0,237691563.8,4.34,11.28,10.8,10.94,11.07,1.06,3.0,-116.53,5.24,9052938672.0,8093584192.0,0.0,0.09,-0.71,-7.57
650,000597,东北制药,5.28,1.54,0.08,206017.0,108639237.35,3.85,5.35,5.15,5.17,5.2,1.27,1.46,32.72,1.4,7535026039.0,7441188411.0,0.0,0.0,-8.49,1.15
651,300931,通用电梯,13.3,1.53,0.2,97828.0,128168680.65,5.42,13.49,12.78,13.01,13.1,1.02,5.29,-270.79,4.99,3193941800.0,2460173325.0,0.0,0.45,18.01,20.14
652,605368,蓝天燃气,8.63,1.53,0.13,246092.0,215970282.0,4.12,8.98,8.63,8.81,8.5,0.74,3.44,17.65,1.92,6167307946.0,6167307946.0,-0.12,-0.23,-8.87,11.79
653,920682,球冠电缆,9.97,1.53,0.15,107698.0,107266641.4,5.19,10.16,9.65,9.72,9.82,1.31,5.72,33.99,2.79,3235065600.0,1876078050.0,0.0,0.0,5.61,8.61
654,600988,赤峰黄金,40.55,1.53,0.61,726322.0,2871310211.0,7.59,41.03,38.0,38.99,39.94,0.75,4.37,28.08,6.15,77061673268.0,67471606378.0,0.22,0.15,31.31,29.8
655,600379,宝光股份,13.97,1.53,0.21,127454.0,175877787.0,4.14,14.0,13.43,13.5,13.76,1.46,3.86,69.93,5.95,4612915849.0,4612915849.0,0.07,0.36,21.58,19.81
656,001335,信凯科技,44.48,1.53,0.67,20568.0,89201249.8,5.66,44.5,42.02,43.95,43.81,1.1,8.78,48.79,4.34,4169535629.0,1042383907.0,0.07,0.04,-1.13,-9.81
657,603201,常润股份,18.04,1.52,0.27,20323.0,36057047.0,4.39,18.18,17.4,17.58,17.77,1.11,1.08,15.67,1.97,3427234185.0,3397919546.0,0.11,0.22,6.06,6.87
658,605319,无锡振华,23.99,1.52,0.36,50247.0,117660903.0,4.44,23.99,22.94,23.56,23.63,1.04,1.67,19.78,3.24,8398570433.0,7223396293.0,0.38,0.46,18.47,14.02
659,301339,通行宝,14.01,1.52,0.21,63175.0,87454856.56,3.99,14.09,13.54,13.7,13.8,0.98,3.76,36.75,2.95,8130469813.0,2354532775.0,-0.14,0.0,-1.27,-3.65
660,300845,捷安高科,12.77,1.51,0.19,92367.0,116490805.64,5.01,12.85,12.22,12.47,12.58,0.75,6.39,570.92,3.28,2626036847.0,1846659790.0,-0.08,-0.08,12.21,13.31
661,002510,天汽模,8.08,1.51,0.12,498816.0,398331419.0,3.64,8.08,7.79,7.85,7.96,0.92,4.96,118.16,3.28,8202320761.0,8119163324.0,0.0,0.12,15.59,10.23
662,300199,翰宇药业,17.46,1.51,0.26,238075.0,411015751.61,4.13,17.61,16.9,17.05,17.2,1.02,3.19,162.1,23.76,15421393727.0,13019884374.0,0.0,0.0,-4.64,-2.46
663,002700,万憬能源,7.39,1.51,0.11,262267.0,197005569.98,5.22,7.74,7.36,7.65,7.28,0.8,9.95,36.13,2.23,3056712287.0,1947005419.0,0.14,0.14,3.5,10.13
664,002176,江特电机,10.13,1.5,0.15,805280.0,797434910.93,5.81,10.18,9.6,9.8,9.98,1.01,4.72,-114.81,5.09,17285078136.0,17281973645.0,0.1,0.2,6.41,4.0
665,688651,盛邦安全,45.27,1.5,0.67,20815.0,92368686.0,6.55,45.7,42.78,43.5,44.6,1.16,6.41,-78.03,3.63,3413312730.0,1469211865.0,-0.09,0.0,17.65,2.84
666,300925,法本信息,20.39,1.49,0.3,112066.0,224380835.87,4.58,20.49,19.57,19.86,20.09,0.99,3.21,77.16,3.98,8741375389.0,7127245244.0,0.0,-0.05,2.0,-4.0
667,600449,宁夏建材,13.62,1.49,0.2,95279.0,128222787.0,3.5,13.67,13.2,13.27,13.42,1.2,1.99,22.06,0.88,6512825792.0,6512825792.0,0.15,0.15,5.17,10.19
668,301439,泓淋电力,17.73,1.49,0.26,149338.0,263003457.53,3.84,17.79,17.12,17.2,17.47,1.57,8.15,36.24,2.33,6898775074.0,3248967963.0,0.0,0.34,18.67,18.91
669,688435,英方软件,52.01,1.48,0.76,29490.0,150842726.0,6.13,52.47,49.33,50.49,51.25,0.9,5.26,-310.87,3.96,4342835000.0,2915064282.0,1.21,1.44,2.66,11.2
670,301386,未来电器,28.76,1.48,0.42,64022.0,182863199.44,3.81,28.88,27.8,27.9,28.34,1.28,14.92,42.34,2.71,4026400000.0,1234408075.0,0.1,0.17,17.97,22.38
671,300555,ST路通,13.7,1.48,0.2,27923.0,37612549.0,4.59,13.75,13.13,13.48,13.5,1.12,1.41,-56.66,5.77,2740000000.0,2712392623.0,-0.15,0.22,-6.23,-6.55
672,600930,华电新能,6.16,1.48,0.09,2001715.0,1230829336.0,2.64,6.2,6.04,6.07,6.07,1.87,6.2,25.01,2.33,256959999998.0,19895651819.0,-0.16,0.0,-6.1,-1.6
673,000688,国城矿业,35.08,1.48,0.51,287198.0,985169690.3,9.69,35.85,32.5,33.47,34.57,1.06,2.42,69.22,11.83,41572175126.0,41572023581.0,0.49,0.54,56.82,26.19
674,600319,亚星化学,8.99,1.47,0.13,346019.0,312864014.0,8.58,9.6,8.84,9.26,8.86,4.26,8.92,-18.16,8.65,3485507362.0,3485507362.0,0.0,0.45,-4.06,-3.13
675,301153,中科江南,22.02,1.47,0.32,53728.0,116549843.42,3.82,22.05,21.22,21.47,21.7,0.93,1.63,-90.7,4.62,7769769772.0,7249644776.0,0.09,0.14,10.65,-10.92
676,301046,能辉科技,27.03,1.46,0.39,79376.0,212143823.97,4.62,27.04,25.81,26.02,26.64,1.61,6.16,145.69,5.07,4533945436.0,3481877018.0,0.11,0.33,-9.02,13.57
677,920227,美登科技,68.2,1.46,0.98,7169.0,47670123.16,5.79,68.29,64.4,66.0,67.22,1.02,4.05,60.93,6.39,2655810300.0,1208382399.0,0.13,0.47,13.06,13.86
678,301155,海力风电,77.78,1.46,1.12,23635.0,180071645.28,4.38,77.85,74.49,75.6,76.66,0.89,1.92,36.58,2.94,16908709159.0,9594100465.0,0.0,0.08,0.21,-3.89
679,300609,汇纳科技,39.25,1.45,0.56,49642.0,191833780.0,5.17,39.5,37.5,37.92,38.69,0.97,4.14,-98.75,4.73,4714489690.0,4707221375.0,0.03,0.08,-6.53,1.76
680,002153,石基信息,11.19,1.45,0.16,296144.0,325751783.18,4.26,11.23,10.76,10.87,11.03,1.12,1.85,1082.47,4.39,30539679081.0,17901356967.0,0.18,0.36,1.54,3.32
681,605066,天正电气,9.14,1.44,0.13,423493.0,383347693.0,4.11,9.17,8.8,8.86,9.01,1.62,8.43,32.89,2.58,4613416143.0,4592238763.0,0.55,0.66,23.35,25.21
682,300056,中创环保,10.58,1.44,0.15,223181.0,230905864.59,5.18,10.65,10.11,10.24,10.43,0.92,5.79,-65.45,27.64,4078488887.0,4074889571.0,0.19,0.19,26.1,28.71
683,920425,乐创技术,23.3,1.44,0.33,22246.0,50866949.24,5.75,23.5,22.18,22.49,22.97,0.98,3.76,49.05,6.16,1652821568.0,1379669843.0,0.09,0.22,15.4,11.91
684,301500,飞南资源,25.04,1.42,0.35,295758.0,736322017.78,8.95,25.66,23.45,24.36,24.69,0.74,20.53,52.68,3.01,14071278155.0,3607028727.0,0.08,-0.08,67.83,59.59
685,300834,星辉环材,25.08,1.42,0.35,41133.0,104733737.35,8.61,26.64,24.51,24.73,24.73,1.92,2.14,92.09,1.65,4858305813.0,4826063617.0,0.04,0.08,7.82,8.2
686,002368,太极股份,20.69,1.42,0.29,88954.0,181039833.08,4.75,20.9,19.93,20.23,20.4,0.87,1.43,2389.94,2.49,12894655307.0,12836690907.0,-0.05,-0.05,-13.65,-15.52
687,002995,天地在线,23.7,1.41,0.33,104827.0,243697531.15,4.19,23.78,22.8,22.93,23.37,0.98,9.32,-71.12,4.73,4205671176.0,2664287830.0,0.13,0.3,33.6,43.46
688,600905,三峡能源,4.33,1.41,0.06,4054232.0,1757455117.0,2.58,4.38,4.27,4.29,4.27,1.68,1.42,21.53,1.39,123784525115.0,123784525115.0,0.0,0.0,3.34,5.87
689,002235,安妮股份,10.82,1.41,0.15,610161.0,654882757.78,2.72,10.88,10.59,10.61,10.67,1.24,11.02,-3390.7,8.34,6270972113.0,5989717228.0,0.0,0.09,16.47,4.64
690,301086,鸿富瀚,124.2,1.4,1.72,15652.0,189965390.1,4.83,124.46,118.54,122.3,122.48,0.65,3.31,102.67,5.79,11178000000.0,5879418475.0,0.15,0.0,37.5,11.0
691,000506,招金黄金,20.27,1.4,0.28,467589.0,930139539.0,7.25,20.63,19.18,19.63,19.99,0.66,5.03,171.9,29.41,18831190015.0,18824890099.0,0.2,0.15,70.77,55.21
692,300140,节能环境,7.97,1.4,0.11,806169.0,644459818.96,4.71,8.13,7.76,7.76,7.86,1.78,7.9,20.99,1.76,24699564118.0,8130366363.0,0.0,-0.25,25.12,17.73
693,600192,长城电工,10.13,1.4,0.14,228473.0,229892044.0,3.8,10.17,9.79,9.87,9.99,1.39,5.17,-21.17,4.41,4474907240.0,4474907240.0,0.2,0.3,12.93,-0.1
694,300182,捷成股份,6.58,1.39,0.09,2060626.0,1329837197.76,5.08,6.61,6.28,6.31,6.49,0.81,9.12,61.91,2.09,17527972659.0,14863575535.0,0.0,0.0,19.42,19.2
695,300933,中辰股份,9.46,1.39,0.13,335008.0,312279359.51,4.39,9.51,9.1,9.1,9.33,1.21,6.12,125.38,2.45,5175475695.0,5175475695.0,0.0,0.21,13.29,14.11
696,603801,志邦家居,9.48,1.39,0.13,54972.0,51809971.0,2.78,9.53,9.27,9.32,9.35,1.22,1.27,17.83,1.24,4117651244.0,4117651244.0,0.0,0.0,0.74,3.61
697,300730,科创信息,13.1,1.39,0.18,66520.0,85786574.0,4.33,13.17,12.61,12.73,12.92,0.92,3.44,-40.26,12.6,3158920206.0,2532479935.0,-0.23,-0.08,3.97,-2.09
698,002192,融捷股份,55.6,1.39,0.76,128564.0,690406230.37,7.64,55.89,51.7,53.13,54.84,1.02,4.96,75.2,4.17,14436829287.0,14407084677.0,-0.02,0.13,12.39,7.44
699,603363,傲农生物,4.41,1.38,0.06,1301040.0,576222028.0,4.6,4.51,4.31,4.34,4.35,1.51,6.11,20.8,3.43,11479061653.0,9390699031.0,0.23,-0.23,-4.75,-4.34
700,688055,龙腾光电,4.4,1.38,0.06,627103.0,272854949.0,5.99,4.48,4.22,4.27,4.34,1.71,1.88,-70.44,3.61,14666666960.0,14666666960.0,0.46,0.46,11.96,22.22
701,000505,京粮控股,7.36,1.38,0.1,439198.0,328222555.89,5.37,7.68,7.29,7.31,7.26,1.12,6.95,-77.92,1.74,5350353847.0,4654319273.0,0.14,0.0,-6.72,-13.51
702,603126,中材节能,8.06,1.38,0.11,145309.0,116081096.0,3.02,8.09,7.85,7.85,7.95,1.15,2.38,2333.76,2.41,4920630000.0,4920630000.0,-0.12,0.12,14.16,19.94
703,300245,天玑科技,12.57,1.37,0.17,81799.0,101473967.05,4.03,12.65,12.15,12.21,12.4,0.91,2.69,-67.02,3.17,3834478110.0,3826038411.0,0.08,0.08,-9.37,3.97
704,002951,金时科技,15.51,1.37,0.21,92409.0,142048653.0,4.18,15.58,14.94,15.0,15.3,0.95,2.3,-136.65,3.74,6281550000.0,6221439832.0,0.0,0.0,16.27,4.09
705,300079,数码视讯,5.91,1.37,0.08,491793.0,284016700.0,4.8,5.94,5.66,5.76,5.83,0.82,3.84,256.73,2.0,8427825846.0,7573544767.0,0.0,0.17,6.68,9.65
706,002644,佛慈制药,8.91,1.37,0.12,83246.0,73745184.02,2.28,8.91,8.71,8.71,8.79,0.93,1.63,89.61,2.5,4549953870.0,4549953870.0,0.0,0.11,-2.3,3.13
707,603906,龙蟠科技,17.7,1.37,0.24,121920.0,212029246.0,4.07,17.76,17.05,17.19,17.46,1.05,2.16,-82.32,4.05,12125896583.0,10001896583.0,0.0,0.0,-24.39,-11.54
708,600113,浙江东日,57.88,1.37,0.78,46090.0,266573390.0,2.85,58.73,57.1,57.1,57.1,1.33,1.12,169.21,9.42,24377705081.0,23813635541.0,0.0,-0.1,8.09,-8.37
709,300569,天能重工,6.7,1.36,0.09,428618.0,285063041.38,3.03,6.71,6.51,6.54,6.61,1.32,4.2,61.14,1.32,6852205341.0,6831391837.0,-0.15,0.0,11.85,16.72
710,688529,豪森智能,18.62,1.36,0.25,22966.0,41815625.0,4.9,18.68,17.78,18.36,18.37,1.07,1.37,-3.5,2.76,3131436245.0,3131436245.0,-0.21,-0.16,-0.53,0.98
711,688223,晶科能源,7.44,1.36,0.1,2204999.0,1636645375.0,5.86,7.58,7.15,7.2,7.34,1.03,2.2,-10.97,2.92,74438717827.0,74438717827.0,-0.13,-0.13,36.76,31.91
712,301115,联检科技,21.72,1.35,0.29,77137.0,164909972.76,4.76,21.87,20.85,21.21,21.43,1.29,4.98,85.41,1.58,3986159742.0,3361533028.0,-0.14,-0.14,33.91,37.38
713,688331,荣昌生物,107.33,1.35,1.43,103411.0,1093725023.0,6.84,108.9,101.66,102.8,105.9,1.56,6.34,85.51,15.97,60585368250.0,17504783711.0,-0.34,-0.17,16.92,37.97
714,600789,鲁抗医药,8.99,1.35,0.12,264114.0,236066157.0,2.93,9.02,8.76,8.79,8.87,1.23,2.94,49.91,2.04,9396256104.0,8079039992.0,0.11,0.0,-9.38,-0.55
715,002441,众业达,11.31,1.34,0.15,217360.0,243880234.19,3.23,11.32,10.96,11.01,11.16,0.96,5.45,25.53,1.35,6158788218.0,4513591735.0,0.09,0.0,24.29,20.32
716,001207,联科科技,27.93,1.34,0.37,81709.0,226416071.4,4.32,28.2,27.01,28.0,27.56,1.5,4.14,20.66,2.57,6047597993.0,5509476241.0,0.14,0.32,23.86,10.09
717,002274,华昌化工,6.81,1.34,0.09,947145.0,678418474.9,8.78,7.39,6.8,7.21,6.72,2.67,10.1,-574.59,1.19,6485603239.0,6386752575.0,-0.15,-0.29,12.01,20.53
718,601369,陕鼓动力,12.1,1.34,0.16,293612.0,350648626.0,3.52,12.1,11.68,11.93,11.94,1.29,1.72,25.33,2.37,20854041353.0,20645156633.0,0.17,0.75,29.41,20.88
719,002212,天融信,8.33,1.34,0.11,296954.0,243187677.8,3.41,8.34,8.06,8.14,8.22,0.92,2.54,-31.29,1.06,9824850812.0,9719859942.0,-0.12,0.0,-5.98,-8.16
720,301082,久盛电气,20.36,1.34,0.27,152241.0,307123216.71,3.33,20.39,19.72,19.77,20.09,1.46,7.28,106.05,4.45,4607654783.0,4259953564.0,0.15,0.1,20.05,13.74
721,688275,万润新能,96.78,1.34,1.28,52166.0,488475502.0,7.31,98.0,91.02,93.93,95.5,0.95,6.17,-27.38,2.33,12205744849.0,8187275885.0,0.13,0.0,18.94,28.36
722,300141,和顺电气,16.03,1.33,0.21,193180.0,306083173.0,5.5,16.08,15.21,15.21,15.82,1.41,7.58,-163.17,6.25,4133248938.0,4083462323.0,0.12,0.25,38.91,27.53
723,605599,菜百股份,24.46,1.33,0.32,65415.0,158038518.0,4.06,24.59,23.61,24.22,24.14,0.56,0.84,22.06,4.57,19024444988.0,19024444988.0,0.2,0.16,58.11,49.42
724,688029,南微医学,76.0,1.33,1.0,22203.0,164960435.0,4.77,76.16,72.58,73.8,75.0,0.71,1.18,25.04,3.48,14276404072.0,14276404072.0,-0.03,-0.11,-2.25,-6.82
725,603991,至正股份,100.19,1.32,1.31,36746.0,355882291.0,6.23,100.5,94.34,97.0,98.88,1.44,4.93,-333.77,4.37,15299985845.0,7467661450.0,0.09,0.07,28.86,36.04
726,000762,西藏矿业,29.23,1.32,0.38,264001.0,755926288.08,6.79,29.59,27.63,28.5,28.85,0.99,5.07,-1581.97,5.17,15223546385.0,15223002064.0,0.0,0.03,14.0,11.27
727,002498,汉缆股份,9.96,1.32,0.13,5867343.0,5917251190.96,7.93,10.49,9.71,9.84,9.83,2.49,17.64,55.94,3.72,33134888160.0,33134888160.0,-0.3,-0.4,175.9,160.05
728,300559,佳发教育,11.6,1.31,0.15,65815.0,75080562.45,4.8,11.7,11.15,11.27,11.45,0.95,2.12,71.49,3.83,4634368977.0,3609187263.0,0.35,0.0,1.22,-8.01
729,300919,中伟新材,52.2,1.3,0.67,162660.0,817479258.34,7.26,52.24,48.5,50.11,51.53,1.13,1.78,36.67,2.41,54405651388.0,47632309470.0,0.04,0.0,30.79,12.67
730,688097,博众精工,48.35,1.3,0.62,122545.0,572138975.0,10.22,49.16,44.28,46.0,47.73,0.98,2.75,36.52,4.37,21595419438.0,21516173788.0,-0.06,-0.04,39.9,28.08
731,300005,探路者,14.92,1.29,0.19,377001.0,551502269.47,6.11,15.03,14.13,14.69,14.73,1.41,4.27,299.32,6.29,13184836615.0,13179049147.0,0.0,0.13,42.78,37.77
732,000833,粤桂股份,26.66,1.29,0.34,952642.0,2619126989.57,9.12,28.9,26.5,28.0,26.32,1.32,21.0,36.13,5.48,21383512012.0,12095696013.0,0.26,0.04,31.2,37.0
733,688127,蓝特光学,57.13,1.29,0.73,136121.0,749911396.0,7.45,57.5,53.3,54.0,56.4,1.14,3.35,59.72,10.6,23188935601.0,23188935601.0,-0.05,-0.03,73.49,48.43
734,002879,长缆科技,23.57,1.29,0.3,103379.0,240655719.26,5.16,23.86,22.66,22.86,23.27,1.17,7.5,102.06,2.59,4551547075.0,3249925998.0,0.04,0.3,46.03,26.93
735,001286,陕西能源,11.05,1.28,0.14,307235.0,340848840.01,2.84,11.31,11.0,11.27,10.91,0.8,2.93,12.86,1.58,41437500000.0,11602500000.0,0.36,0.18,9.3,18.69
736,000948,南天信息,16.59,1.28,0.21,57019.0,94006749.19,3.48,16.68,16.11,16.18,16.38,0.97,1.47,-445.07,2.41,6468254761.0,6455638348.0,-0.12,-0.18,-4.6,-7.58
737,301172,君逸数码,27.78,1.28,0.35,48471.0,132067424.95,4.7,27.95,26.66,26.81,27.43,0.77,4.91,209.62,3.27,4791494400.0,2743721702.0,-0.29,-0.07,17.71,26.22
738,603918,金桥信息,15.06,1.28,0.19,116423.0,172630227.0,3.83,15.12,14.55,14.68,14.87,0.83,3.19,-69.15,5.49,5498519342.0,5498519342.0,0.4,0.47,-7.32,-4.02
739,301157,华塑科技,59.0,1.27,0.74,17175.0,98826597.2,5.53,59.22,56.0,57.65,58.26,0.85,8.31,139.45,3.24,3540000000.0,1218943245.0,0.17,0.27,14.47,13.42
740,688355,明志科技,21.52,1.27,0.27,37566.0,79586252.0,4.85,21.66,20.63,21.27,21.25,0.7,3.03,33.45,2.42,2667534669.0,2667534669.0,0.05,0.14,20.16,20.9
741,301365,矩阵股份,25.67,1.26,0.32,26074.0,65548472.9,3.91,25.67,24.68,25.03,25.35,0.77,2.57,50.34,2.65,4620600000.0,2602484976.0,0.43,0.27,8.36,7.68
742,300073,当升科技,53.18,1.26,0.66,154943.0,802180240.42,5.43,53.35,50.5,50.98,52.52,1.2,3.06,43.18,1.99,28945537264.0,26907554372.0,0.04,0.21,-8.06,-7.99
743,600732,爱旭股份,15.29,1.26,0.19,775399.0,1181983591.0,5.56,15.68,14.84,14.9,15.1,1.14,4.29,-45.62,5.0,32372751323.0,27652291977.0,0.0,-0.13,17.43,14.1
744,000875,电投绿能,8.03,1.26,0.1,1464723.0,1171258794.27,3.66,8.15,7.86,8.06,7.93,0.97,4.38,27.91,1.67,29126983127.0,26839511082.0,0.12,0.25,44.68,42.38
745,600365,ST通葡,3.25,1.25,0.04,65538.0,21056478.0,3.74,3.28,3.16,3.17,3.21,1.22,1.53,-22.79,5.6,1475597500.0,1388660000.0,0.31,0.0,-6.88,0.0
746,688620,安凯微,11.39,1.24,0.14,62101.0,69296000.0,4.44,11.46,10.96,11.18,11.25,0.87,2.67,-32.07,3.45,4464880000.0,2646107943.0,0.09,0.0,-9.89,-5.4
747,002573,清新环境,4.11,1.23,0.05,258214.0,106630987.26,2.71,4.2,4.09,4.15,4.06,1.12,1.83,223.42,0.98,5816747695.0,5806392139.0,0.24,0.0,6.48,9.89
748,300645,正元智慧,18.92,1.23,0.23,53744.0,100147581.0,5.46,19.12,18.1,18.54,18.69,0.84,3.86,295.39,2.6,2688654412.0,2635941949.0,-0.11,0.05,4.47,1.01
749,600886,国投电力,14.02,1.23,0.17,596307.0,834644499.0,2.6,14.14,13.78,13.84,13.85,1.42,0.8,12.91,1.69,112223009553.0,104507600754.0,0.07,0.07,0.94,6.86
750,600536,中国软件,42.05,1.23,0.51,166893.0,688309223.0,4.74,42.35,40.38,40.8,41.54,1.1,1.98,-283.06,11.14,39265725857.0,35475730385.0,0.0,0.1,-4.89,-9.18
751,600348,华阳股份,9.98,1.22,0.12,1048725.0,1066380457.0,4.16,10.35,9.94,10.25,9.86,1.35,2.91,24.02,1.3,36002850000.0,36002850000.0,0.0,-0.3,20.1,20.82
752,300932,三友联众,15.05,1.21,0.18,275937.0,411215223.06,3.63,15.15,14.61,14.95,14.87,1.31,12.1,57.46,2.75,4817565170.0,3431306660.0,0.27,0.27,11.81,25.52
753,002051,中工国际,9.2,1.21,0.11,309561.0,282353780.66,2.53,9.2,8.97,9.07,9.09,1.45,2.5,37.04,0.98,11384162220.0,11383506996.0,0.0,0.55,2.45,1.43
754,300987,川网传媒,18.44,1.21,0.22,64784.0,118625264.07,3.95,18.57,17.85,17.85,18.22,1.0,3.74,276.53,4.03,3196905920.0,3196905920.0,0.0,0.11,5.25,9.76
755,603538,美诺华,22.58,1.21,0.27,118817.0,267632315.0,4.8,22.97,21.9,22.1,22.31,1.46,5.5,38.92,2.22,4977764703.0,4881703061.0,0.0,0.13,11.23,17.36
756,301380,挖金客,35.26,1.21,0.42,19792.0,68610538.5,4.25,35.53,34.05,34.23,34.84,0.79,2.45,100.36,4.91,3575097188.0,2846843530.0,-0.09,-0.09,7.6,-6.72
757,300556,丝路视觉,19.38,1.2,0.23,45497.0,86497864.19,4.54,19.44,18.57,18.77,19.15,0.76,4.25,-14.42,5.31,2355935766.0,2073856726.0,-0.1,-0.05,-2.37,2.05
758,000826,启迪环境,2.54,1.2,0.03,985829.0,247624153.72,4.38,2.57,2.46,2.52,2.51,0.63,6.92,-3.97,86.38,3620397250.0,3619939316.0,0.0,0.4,10.43,14.41
759,300070,碧水源,4.22,1.2,0.05,875539.0,370719308.39,3.6,4.3,4.15,4.15,4.17,1.5,2.6,-144.04,0.56,15294163512.0,14229157191.0,0.0,0.24,0.48,7.65
760,300095,华伍股份,10.99,1.2,0.13,153340.0,166251824.5,3.78,11.04,10.63,10.7,10.86,0.86,4.53,84.03,2.76,4616790902.0,3722610598.0,-0.09,0.0,17.29,-9.32
761,300016,北陆药业,10.98,1.2,0.13,582357.0,638711163.02,5.62,11.22,10.61,10.61,10.85,1.44,10.36,104.92,2.8,6180347330.0,6172019274.0,-0.09,0.0,35.56,38.29
762,300651,金陵体育,30.36,1.2,0.36,76518.0,229240122.71,4.67,30.52,29.12,29.12,30.0,0.9,8.75,91.08,3.96,4287126128.0,2654466669.0,-0.03,0.03,43.07,48.97
763,605028,世茂能源,28.98,1.19,0.34,49991.0,145060642.0,4.54,29.48,28.18,28.41,28.64,1.4,3.12,29.68,3.4,4636800000.0,4636800000.0,0.07,0.31,-1.06,-1.9
764,000537,绿发电力,9.4,1.18,0.11,505946.0,478409438.86,3.34,9.65,9.34,9.35,9.29,1.4,2.45,18.09,0.97,19426062109.0,19426062109.0,0.21,0.11,11.77,14.49
765,301327,华宝新能,59.8,1.18,0.7,49756.0,296666299.25,4.26,60.68,58.16,58.74,59.1,1.43,6.52,54.88,1.68,10428005089.0,4561744689.0,0.02,0.35,6.88,3.69
766,688361,中科飞测,172.0,1.18,2.0,78416.0,1303590187.0,6.67,172.95,161.61,164.9,170.0,1.07,3.16,1043.59,11.76,60228076764.0,42706061632.0,0.47,-0.09,42.8,12.43
767,002178,延华智能,6.93,1.17,0.08,752138.0,517437207.23,4.82,6.99,6.66,6.66,6.85,1.21,10.57,514.48,11.32,4935220297.0,4932657285.0,-0.29,-0.29,-2.81,8.45
768,601016,节能风电,3.45,1.17,0.04,2596830.0,897937312.0,2.93,3.5,3.4,3.42,3.41,1.59,4.38,22.21,1.27,22219313381.0,20472818780.0,0.29,0.29,15.0,16.95
769,688190,云路股份,120.5,1.17,1.39,32003.0,377419916.0,9.08,123.3,112.49,116.0,119.11,1.1,2.67,49.53,5.51,14460000000.0,14460000000.0,0.02,-0.04,26.96,24.36
770,002317,众生药业,18.22,1.17,0.21,298133.0,540260275.29,4.05,18.41,17.68,17.78,18.01,1.19,3.91,46.35,3.84,15485733291.0,13876669137.0,0.05,0.05,-22.67,-4.0
771,002414,高德红外,14.79,1.16,0.17,704251.0,1021667796.07,4.58,14.87,14.2,14.45,14.62,0.73,2.07,81.41,9.12,63164187037.0,50265477854.0,0.07,0.14,22.64,0.82
772,301169,零点有数,58.58,1.16,0.67,25986.0,152397961.0,6.01,60.32,56.84,57.38,57.91,1.69,3.61,-58.58,9.64,4220134599.0,4218816549.0,0.0,0.1,35.35,16.93
773,300052,ST中青宝,14.01,1.16,0.16,74955.0,102697113.0,4.62,14.04,13.4,13.57,13.85,1.12,2.86,-100.83,9.7,3668640527.0,3668535452.0,0.07,0.0,16.36,11.54
774,600283,钱江水利,9.61,1.16,0.11,120077.0,114751932.0,2.42,9.62,9.39,9.44,9.5,1.87,2.21,21.98,1.74,5389527270.0,5229446686.0,0.0,0.0,1.8,5.03
775,600633,浙数文化,13.23,1.15,0.15,332454.0,432604085.0,5.12,13.35,12.68,12.96,13.08,0.9,2.62,23.53,1.64,16776625265.0,16776625265.0,0.15,0.38,1.61,2.88
776,300479,神思电子,21.16,1.15,0.24,59796.0,124530660.23,4.06,21.22,20.37,20.51,20.92,0.75,3.04,-29.6,9.48,4169384703.0,4167004203.0,0.05,0.05,9.87,10.67
777,002459,晶澳科技,12.35,1.15,0.14,914508.0,1126575663.22,3.6,12.48,12.04,12.09,12.21,1.08,2.77,-8.63,1.8,40874641885.0,40826054107.0,0.16,0.08,7.58,7.86
778,002314,南山控股,2.65,1.15,0.03,308209.0,80517835.18,2.67,2.65,2.58,2.59,2.62,1.04,2.3,16.31,0.78,7175623659.0,3546434750.0,1.53,1.92,-14.52,-7.02
779,300128,锦富技术,7.01,1.15,0.08,326296.0,222124752.35,5.63,7.02,6.63,6.88,6.93,1.03,2.51,-41.43,13.77,9106799038.0,9096996429.0,0.0,0.0,-1.68,-3.97
780,300839,博汇股份,14.08,1.15,0.16,347620.0,518751547.01,10.34,15.46,14.02,15.0,13.92,0.97,12.0,-48.22,5.51,4153087136.0,4078821923.0,-0.21,-0.56,11.83,16.94
781,002407,多氟多,28.94,1.15,0.33,458034.0,1297381794.89,5.66,29.1,27.48,28.02,28.61,1.07,4.24,331.03,4.17,34451118547.0,31271140904.0,0.0,0.1,-9.59,-14.66
782,688088,虹软科技,45.99,1.14,0.52,76002.0,339398785.0,5.48,46.12,43.63,44.51,45.47,0.99,1.89,71.59,6.72,18449826696.0,18449826696.0,-0.24,-0.13,-4.68,-7.09
783,002238,天威视讯,7.97,1.14,0.09,116509.0,91303176.01,3.3,7.97,7.71,7.77,7.88,0.73,1.45,-112.65,3.01,6396396505.0,6396396505.0,0.25,0.25,-7.0,-1.97
784,600844,金煤科技,3.54,1.14,0.04,1556359.0,576227616.0,9.43,3.85,3.52,3.7,3.5,1.9,18.92,-30.39,25.76,3598495810.0,2912466444.0,0.57,0.0,2.91,22.92
785,002425,凯撒文化,3.59,1.13,0.04,162802.0,57368158.0,5.07,3.61,3.43,3.48,3.55,0.85,1.7,-23.94,1.19,3434427587.0,3432258624.0,0.0,0.28,-9.11,1.41
786,000546,金圆股份,6.26,1.13,0.07,311440.0,191630837.25,4.52,6.29,6.01,6.08,6.19,0.76,4.47,-35.85,1.2,4868078120.0,4361374590.0,0.16,0.16,4.33,-1.88
787,603185,弘元绿能,24.07,1.13,0.27,167408.0,396258663.0,4.5,24.26,23.19,23.21,23.8,1.09,2.47,52.4,1.35,16441658624.0,16344064402.0,0.0,0.08,-22.1,-21.08
788,688292,浩瀚深度,26.95,1.13,0.3,44257.0,115924502.0,6.45,27.18,25.46,26.02,26.65,0.81,2.79,-1204.59,4.13,4267499298.0,4267499298.0,0.07,0.04,15.12,-7.07
789,002519,银河电子,8.97,1.13,0.1,925193.0,813490008.92,6.54,9.15,8.57,8.67,8.87,0.8,8.27,-188.71,4.4,10104085155.0,10035505585.0,0.0,0.0,37.58,38.43
790,002279,久其软件,8.92,1.13,0.1,337175.0,295907148.78,3.85,8.94,8.6,8.68,8.82,0.76,4.27,-200.17,5.49,7690885289.0,7044367953.0,0.22,0.22,-2.3,11.64
791,000531,穗恒运Ａ,7.15,1.13,0.08,268028.0,190790028.16,2.69,7.2,7.01,7.07,7.07,1.23,2.95,12.72,1.07,7446019524.0,6504680239.0,0.28,0.56,9.16,11.54
792,600193,*ST创兴,4.5,1.12,0.05,86760.0,38863153.0,3.15,4.54,4.4,4.43,4.45,1.45,2.04,-185.9,21.49,1914178500.0,1914178500.0,-0.22,-0.22,10.84,17.49
793,603959,百利科技,6.31,1.12,0.07,213391.0,133194029.0,4.33,6.37,6.1,6.36,6.24,0.83,4.35,-20.11,130.24,3093786640.0,3093786640.0,0.0,0.0,2.1,9.93
794,688512,慧智微-U,11.69,1.12,0.13,116322.0,131527667.0,6.06,11.72,11.02,11.42,11.56,0.99,3.58,-24.08,3.32,5457401076.0,3794226760.0,0.0,-0.09,6.76,4.75
795,600756,浪潮软件,16.27,1.12,0.18,92161.0,147891708.0,4.04,16.37,15.72,15.9,16.09,0.91,2.84,-20.21,2.51,5688459811.0,5273086711.0,0.06,-0.06,-21.4,-11.67
796,300133,华策影视,8.14,1.12,0.09,764483.0,609990745.14,4.22,8.15,7.81,7.9,8.05,1.1,4.74,65.83,2.12,15370525785.0,13123543254.0,0.0,0.25,10.6,-2.16
797,300963,中洲特材,20.68,1.12,0.23,159420.0,326072890.1,5.48,20.88,19.76,20.25,20.45,0.8,5.51,132.13,8.59,9484675200.0,5985054222.0,0.0,0.05,14.76,-0.48
798,000777,中核科技,25.61,1.11,0.28,177331.0,449532970.47,3.43,25.72,24.85,25.0,25.33,0.81,4.63,66.01,4.29,9819324557.0,9819151279.0,0.0,-0.04,25.48,-0.93
799,920770,艾能聚,18.2,1.11,0.2,38098.0,67931995.96,4.5,18.2,17.39,17.78,18.0,0.8,4.65,54.68,3.84,2368405585.0,1490467160.0,0.33,0.39,-1.78,6.5
800,002240,盛新锂能,39.65,1.1,0.43,327278.0,1266154309.11,7.52,40.08,37.13,37.77,39.22,0.89,3.59,-36.18,3.46,36291402025.0,36196830827.0,0.15,0.3,27.62,15.16
801,688325,赛微微电,111.1,1.09,1.2,14207.0,153432197.0,9.99,114.98,104.0,107.86,109.9,0.94,1.74,99.33,5.32,9570044567.0,9073032939.0,-0.2,-0.12,29.47,26.93
802,603599,广信股份,14.9,1.09,0.16,292833.0,436296733.0,7.46,15.43,14.33,14.75,14.74,1.42,3.22,19.55,1.36,13563013241.0,13563013241.0,-0.13,0.0,29.79,29.79
803,300283,温州宏丰,8.42,1.08,0.09,287287.0,236572141.66,4.92,8.42,8.01,8.18,8.33,1.18,7.82,266.22,3.65,4184556629.0,3091979787.0,0.6,0.6,8.23,11.82
804,300949,奥雅股份,41.43,1.07,0.44,13016.0,53275704.0,4.37,41.79,40.0,40.79,40.99,1.1,3.79,-64.97,3.74,2485800000.0,1421093040.0,-0.05,-0.17,-8.28,5.69
805,300804,广康生化,46.2,1.07,0.49,38200.0,173030666.95,7.5,47.44,44.01,44.96,45.71,0.69,13.89,73.58,2.51,3418800000.0,1270500000.0,0.24,0.13,30.58,32.0
806,300248,新开普,12.24,1.07,0.13,92706.0,111599362.8,4.62,12.33,11.77,11.88,12.11,0.83,2.27,-1044.83,2.75,5830504330.0,5007544454.0,-0.16,-0.08,-5.56,-1.37
807,002232,启明信息,18.06,1.06,0.19,39757.0,70792985.0,3.75,18.19,17.52,17.65,17.87,0.82,0.97,-196.86,5.45,7378385097.0,7378385097.0,0.0,0.0,-1.2,-3.94
808,300175,ST朗源,6.69,1.06,0.07,54962.0,36380205.0,2.11,6.69,6.55,6.56,6.62,0.8,1.17,-308.74,6.1,3149652000.0,3149652000.0,0.15,0.15,14.75,18.62
809,000803,山高环能,10.51,1.06,0.11,523146.0,568430534.99,7.69,11.27,10.47,10.76,10.4,1.43,11.38,69.86,3.34,4900772568.0,4832369568.0,0.0,0.29,57.57,46.99
810,300986,志特新材,27.59,1.06,0.29,208334.0,562714532.89,4.69,27.68,26.4,26.59,27.3,0.84,5.06,72.33,5.34,11366361970.0,11356983246.0,0.22,0.15,163.51,146.78
811,000639,西王食品,2.85,1.06,0.03,607016.0,174394213.81,6.03,2.95,2.78,2.8,2.82,1.62,5.62,1038.42,1.06,3076370071.0,3076366300.0,-0.35,-0.35,-20.61,-13.9
812,002497,雅化集团,24.13,1.05,0.25,446603.0,1048522685.17,6.62,24.3,22.72,23.23,23.88,1.08,4.22,62.45,2.56,27811333608.0,25542843834.0,0.12,0.08,16.18,-2.51
813,002515,金字火腿,5.85,1.04,0.06,326500.0,187854542.58,4.66,5.9,5.63,5.74,5.79,1.56,2.7,241.27,2.71,7082092859.0,7082008093.0,-0.17,-0.17,-14.1,-3.94
814,002316,亚联发展,5.81,1.04,0.06,193916.0,111292676.2,3.65,5.83,5.62,5.67,5.75,1.02,5.69,295.19,29.85,2284027200.0,1979742975.0,0.0,0.17,11.95,22.83
815,300663,科蓝软件,15.7,1.03,0.16,116116.0,178720233.38,5.15,15.82,15.02,15.25,15.54,0.89,2.54,-533.88,9.93,7511685426.0,7183530604.0,-0.06,0.0,-8.56,-11.0
816,003022,联泓新科,20.6,1.03,0.21,184253.0,382454974.71,4.17,21.26,20.41,20.46,20.39,1.4,1.38,88.79,3.73,27512700800.0,27489295595.0,0.1,0.0,9.17,3.99
817,600588,用友网络,13.69,1.03,0.14,568445.0,766208080.0,4.21,13.79,13.22,13.34,13.55,1.03,1.66,-25.09,6.31,46778694529.0,46778694529.0,0.0,0.0,2.55,3.24
818,688639,华恒生物,32.36,1.03,0.33,74575.0,243198145.0,4.96,33.42,31.83,31.83,32.03,0.97,2.98,61.87,3.06,8093743825.0,8093743825.0,0.12,0.09,1.92,-0.68
819,000966,长源电力,4.9,1.03,0.05,1040068.0,510780365.0,3.51,4.98,4.81,4.84,4.85,1.38,3.19,37.49,1.24,17057071578.0,15981461818.0,0.41,0.2,13.69,14.75
820,301107,瑜欣电子,31.31,1.03,0.32,19432.0,60130843.3,4.1,31.49,30.22,30.78,30.99,1.11,3.26,32.77,3.37,3206711337.0,1865344912.0,0.03,0.0,9.63,10.87
821,601928,凤凰传媒,9.83,1.03,0.1,114686.0,111401728.0,2.36,9.85,9.62,9.66,9.73,0.91,0.45,11.03,1.25,25016367000.0,25016367000.0,0.0,-0.1,-4.56,-2.09
822,301067,显盈科技,34.81,1.02,0.35,24813.0,86179846.15,4.7,35.7,34.08,34.08,34.46,0.97,3.89,-2299.77,4.08,3384785160.0,2221884009.0,-0.06,-0.03,10.05,6.26
823,002912,中新赛克,30.8,1.02,0.31,27996.0,84523229.45,4.62,30.91,29.5,29.8,30.49,0.71,1.73,-371.04,3.21,5259161600.0,4996437939.0,0.13,0.1,6.83,2.19
824,002692,远程股份,5.93,1.02,0.06,321258.0,189485171.28,3.75,5.96,5.74,5.81,5.87,1.47,4.48,64.67,3.51,4258605780.0,4256014222.0,0.51,0.17,15.15,16.73
825,603333,尚纬股份,8.93,1.02,0.09,166625.0,147466628.0,3.73,8.97,8.64,8.8,8.84,0.82,2.68,-162.04,2.69,5550241343.0,5550241343.0,-0.11,0.0,15.23,6.95
826,920118,太湖远大,24.85,1.02,0.25,21513.0,53261287.9,5.41,25.29,23.96,24.03,24.6,2.46,6.86,48.43,2.23,1264765600.0,778776635.0,0.2,0.69,8.56,10.4
827,300768,迪普科技,17.82,1.02,0.18,67089.0,117565013.67,4.37,17.92,17.15,17.48,17.64,0.93,1.59,91.93,3.38,11473033475.0,7496298574.0,-0.06,0.11,-5.66,-3.83
828,603206,嘉环科技,16.06,1.01,0.16,29094.0,46194075.0,2.64,16.07,15.65,15.78,15.9,0.87,0.95,66.42,2.16,4901511807.0,4901511807.0,0.0,0.06,-2.49,-7.11
829,300579,数字认证,30.13,1.01,0.3,38694.0,114297693.0,3.75,30.18,29.06,29.6,29.83,0.68,1.48,-53.32,10.4,8135100000.0,7902453977.0,0.0,0.13,2.83,-10.35
830,600959,江苏有线,4.0,1.01,0.04,730665.0,287164577.0,3.79,4.01,3.86,3.93,3.96,0.93,1.46,47.96,0.88,20002870744.0,20002870744.0,-0.25,0.25,15.94,16.28
831,603939,益丰药房,24.01,1.01,0.24,87991.0,209869216.0,3.2,24.18,23.42,23.69,23.77,1.03,0.73,17.83,2.66,29109530936.0,29109530936.0,0.0,0.0,1.95,10.54
832,000524,岭南控股,13.02,1.01,0.13,126506.0,163919616.29,3.26,13.15,12.73,12.79,12.89,0.89,1.89,99.83,3.83,8726115933.0,8722735108.0,0.08,0.23,8.05,8.59
833,000400,许继电气,33.97,1.01,0.34,762534.0,2574074583.54,4.34,34.46,33.0,33.6,33.63,1.13,7.54,28.79,2.92,34602597799.0,34367491768.0,0.06,0.15,34.8,32.13
834,001396,誉帆科技,50.98,1.01,0.51,40435.0,206650743.15,8.58,53.98,49.65,49.74,50.47,0.98,18.21,53.3,4.72,5449885168.0,1132120201.0,0.55,0.53,128.71,18.15
835,601939,建设银行,9.06,1.0,0.09,1528153.0,1381533316.0,2.34,9.14,8.93,8.96,8.97,1.17,1.59,6.91,0.69,2370099456019.0,86918537910.0,0.11,0.33,-2.05,-2.37
836,603039,泛微网络,43.6,1.0,0.43,77513.0,330251962.0,4.33,43.67,41.8,42.52,43.17,1.2,3.02,83.82,5.05,11177555638.0,11177555638.0,-0.16,0.28,-15.93,-18.57
837,002606,大连电瓷,14.08,1.0,0.14,631964.0,881754364.06,6.38,14.38,13.49,13.5,13.94,1.07,15.01,40.18,3.4,6182150938.0,5929680134.0,-0.21,-0.21,56.44,61.1
838,600582,天地科技,6.12,0.99,0.06,662228.0,407369064.0,2.15,6.22,6.09,6.09,6.06,1.35,1.6,8.12,0.99,25328164019.0,25328164019.0,0.16,0.0,3.73,4.97
839,603311,金海高科,16.32,0.99,0.16,60271.0,97044278.0,4.33,16.4,15.7,16.0,16.16,1.16,2.56,37.71,2.8,3849625362.0,3849625362.0,0.18,0.0,36.68,6.81
840,301058,中粮科工,11.29,0.98,0.11,152562.0,172549564.97,3.13,11.41,11.06,11.06,11.18,1.05,2.98,36.73,2.64,5783576226.0,5783576226.0,0.44,0.44,0.62,3.01
841,600759,洲际油气,8.32,0.97,0.08,12525667.0,11015283729.0,9.22,9.06,8.3,9.06,8.24,1.96,30.23,311.64,3.93,34519757210.0,34475465690.0,0.12,-0.36,209.29,166.67
842,002485,ST雪发,5.2,0.97,0.05,83462.0,42641959.4,6.6,5.27,4.93,5.0,5.15,0.58,1.53,-46.42,2.4,2828800000.0,2828800000.0,0.0,0.19,18.18,23.81
843,920394,民士达,52.31,0.97,0.5,16556.0,85667704.72,6.56,53.5,50.1,51.09,51.81,0.69,1.14,59.7,9.41,7650337500.0,7593989796.0,0.15,-0.21,45.71,27.83
844,603636,南威软件,10.38,0.97,0.1,89616.0,91762685.0,3.11,10.43,10.11,10.15,10.28,0.84,1.54,-44.91,2.68,6024142229.0,6024142229.0,0.0,0.0,-26.02,-12.33
845,688201,信安世纪,16.7,0.97,0.16,123971.0,202006080.0,4.84,16.76,15.96,16.25,16.54,0.85,4.1,66.8,3.85,5296468727.0,5052263575.0,0.06,0.06,28.96,14.15
846,300858,科拓生物,16.84,0.96,0.16,43670.0,73654313.87,2.82,17.08,16.61,16.65,16.68,1.19,2.23,43.66,2.43,4437257787.0,3296264160.0,0.0,0.0,-5.18,0.42
847,000408,藏格矿业,81.17,0.96,0.77,246340.0,1946242540.99,6.65,81.85,76.5,78.7,80.4,1.32,1.57,34.75,8.43,127455223722.0,127453823539.0,0.3,0.25,25.44,-3.83
848,603300,海南华铁,7.35,0.96,0.07,764711.0,551492317.0,4.67,7.41,7.07,7.2,7.28,1.02,3.83,20.75,2.25,14659610427.0,14659610427.0,0.14,0.27,3.09,-6.37
849,000998,隆平高科,10.55,0.96,0.1,893169.0,962129100.27,5.17,11.09,10.55,10.8,10.45,0.91,6.79,-17.52,2.7,15502677044.0,13873783260.0,0.0,-0.09,9.55,12.71
850,300172,中电环保,6.39,0.95,0.06,499196.0,319200471.55,3.32,6.47,6.26,6.28,6.33,0.75,9.54,36.49,2.23,4324176900.0,3345244153.0,0.16,0.16,11.91,17.25
851,000032,深桑达Ａ,19.14,0.95,0.18,241712.0,450443855.25,5.8,19.27,18.17,18.71,18.96,1.0,2.12,-58.38,3.56,23258532013.0,21780539739.0,0.05,0.1,-3.14,-1.09
852,300686,智动力,15.88,0.95,0.15,91987.0,144580319.0,7.12,16.08,14.96,15.58,15.73,1.51,3.55,-48.16,4.4,4138712614.0,4111456182.0,-0.06,0.0,6.22,5.44
853,002887,绿茵生态,11.64,0.95,0.11,48303.0,55594726.0,4.6,11.74,11.21,11.42,11.53,0.64,2.48,37.98,1.56,3561692824.0,2265155826.0,0.17,0.17,21.25,24.36
854,300142,沃森生物,11.79,0.94,0.11,312929.0,366832429.17,3.0,11.86,11.51,11.53,11.68,1.03,2.01,86.53,1.95,18856319298.0,18344586115.0,0.0,0.0,0.51,8.36
855,600571,信雅达,14.99,0.94,0.14,92699.0,136940930.0,3.64,15.06,14.52,14.66,14.85,0.8,2.03,233.26,5.83,6990111452.0,6861698028.0,-0.07,-0.07,-3.29,-5.6
856,600540,新赛股份,5.39,0.94,0.05,422566.0,230099783.0,4.31,5.59,5.36,5.36,5.34,0.66,7.27,-49.74,7.18,3133621814.0,3133621814.0,0.0,0.19,11.13,17.94
857,600058,五矿发展,12.94,0.94,0.12,147836.0,187796702.0,4.84,13.0,12.38,12.7,12.82,0.84,1.38,91.25,2.78,13870524600.0,13870524600.0,0.39,0.62,52.59,12.33
858,300659,中孚信息,14.99,0.94,0.14,65438.0,96537112.09,3.84,15.07,14.5,14.7,14.85,0.85,3.44,-19.51,3.25,3903281746.0,2853087608.0,0.0,0.27,-16.26,-2.41
859,688334,西高院,25.74,0.94,0.24,112103.0,287761429.0,3.88,26.14,25.15,25.4,25.5,1.43,7.14,32.76,2.8,8148755455.0,4038726927.0,-0.08,0.04,36.91,32.95
860,301125,腾亚精工,23.6,0.94,0.22,47437.0,109608960.32,5.9,23.76,22.38,23.54,23.38,1.25,4.04,1861.51,5.53,3345486912.0,2769599712.0,-0.04,0.0,39.64,28.4
861,000665,湖北广电,5.36,0.94,0.05,217478.0,113991190.25,4.9,5.4,5.14,5.2,5.31,1.19,1.91,-11.79,1.52,6095121293.0,6094962021.0,0.0,0.19,-5.96,-7.9
862,002771,真视通,16.27,0.93,0.15,80919.0,129986777.0,2.79,16.3,15.85,15.88,16.12,0.87,4.64,-48.51,5.54,3412861907.0,2839353437.0,-0.06,0.12,0.12,7.53
863,002198,嘉应制药,7.58,0.93,0.07,220300.0,164000295.98,4.79,7.63,7.27,7.47,7.51,1.07,4.34,132.38,5.43,3846924648.0,3846704070.0,-0.13,0.0,2.85,7.82
864,600863,华能蒙电,5.4,0.93,0.05,1053679.0,570561688.0,2.24,5.48,5.36,5.39,5.35,1.17,1.61,14.37,2.03,42310023624.0,35245194179.0,0.0,0.0,11.57,20.54
865,600476,湘邮科技,13.09,0.93,0.12,36283.0,47008884.0,3.47,13.15,12.7,12.8,12.97,0.75,2.25,-56.94,18.56,2108406300.0,2108406300.0,0.0,-0.08,-19.79,-18.24
866,600750,华润江中,25.1,0.92,0.23,57450.0,143475496.0,1.77,25.15,24.71,24.97,24.87,1.01,0.91,17.61,3.96,15953893554.0,15780002662.0,0.48,0.36,8.42,8.33
867,002339,积成电子,13.21,0.92,0.12,1184202.0,1555423620.36,6.8,13.55,12.66,12.66,13.09,1.57,24.73,-65.59,3.86,6659058940.0,6324863509.0,-0.08,0.38,66.16,49.77
868,601222,林洋能源,6.56,0.92,0.06,679456.0,445139380.0,2.46,6.62,6.46,6.5,6.5,1.37,3.3,28.24,0.87,13514709663.0,13514709663.0,-0.15,0.0,16.31,19.93
869,601985,中国核电,8.91,0.91,0.08,2945561.0,2635697943.0,2.72,9.07,8.83,8.84,8.83,1.44,1.56,17.18,1.59,183260898479.0,168250068165.0,0.0,-0.11,2.65,3.24
870,600422,昆药集团,12.15,0.91,0.11,71665.0,86634956.0,2.08,12.18,11.93,12.0,12.04,1.1,0.95,26.28,1.72,9197255448.0,9197255448.0,0.08,0.08,-7.88,-3.26
871,001965,招商公路,9.94,0.91,0.09,265852.0,264316913.97,2.13,10.03,9.82,9.85,9.85,1.29,0.39,12.63,1.01,67543244220.0,67543244220.0,0.2,0.1,-1.97,-1.39
872,603606,东方电缆,61.3,0.91,0.55,179709.0,1079609932.0,7.92,61.95,57.14,60.0,60.75,1.31,2.61,34.59,5.5,42156952058.0,42156952058.0,0.02,0.11,6.79,2.59
873,605055,迎丰股份,10.03,0.91,0.09,53470.0,53414134.0,3.12,10.13,9.82,10.0,9.94,1.21,1.22,-77.56,4.23,4413200000.0,4413200000.0,0.3,0.3,16.49,3.3
874,001234,泰慕士,29.93,0.91,0.27,24389.0,72178286.0,2.6,29.94,29.17,29.27,29.66,1.09,2.66,71.1,3.59,3274752041.0,2739208565.0,0.1,0.3,-0.73,10.36
875,603978,深圳新星,24.38,0.91,0.22,68080.0,162582708.0,5.46,24.56,23.24,23.88,24.16,1.1,3.23,-62.43,3.4,5146479010.0,5146479010.0,0.08,0.21,-16.54,-13.67
876,600839,四川长虹,9.98,0.91,0.09,1791968.0,1750490399.0,5.56,10.07,9.52,9.8,9.89,1.34,3.88,34.28,2.98,46070117336.0,46057287137.0,0.1,0.1,7.66,9.67
877,002382,蓝帆医疗,6.67,0.91,0.06,277160.0,184156014.16,3.18,6.74,6.53,6.57,6.61,1.04,2.77,-17.62,0.87,6717610834.0,6668040227.0,0.0,0.0,19.11,19.11
878,002629,仁智股份,6.74,0.9,0.06,581127.0,403366886.84,8.83,7.25,6.66,7.15,6.68,0.76,13.73,-101.83,80.2,2871900520.0,2853003245.0,0.15,0.0,-10.61,-1.17
879,688511,*ST天微,27.94,0.9,0.25,12242.0,33380814.0,4.48,27.94,26.7,27.23,27.69,0.63,1.19,84.17,3.4,2873046227.0,2873046227.0,0.04,0.04,19.05,-2.61
880,002157,正邦科技,3.35,0.9,0.03,2689774.0,900462612.88,3.01,3.4,3.3,3.32,3.32,1.55,3.72,2811.76,2.64,30988044673.0,24234751593.0,0.3,0.3,10.93,3.4
881,603248,锡华科技,23.5,0.9,0.21,47822.0,111266175.0,3.01,23.56,22.86,23.01,23.29,0.91,6.9,50.18,6.3,10810000000.0,1628759573.0,0.04,0.0,132.67,6.96
882,300975,商络电子,15.63,0.9,0.14,326081.0,500702611.75,4.97,15.72,14.95,15.21,15.49,1.07,6.63,56.97,4.71,10737897591.0,7691105507.0,0.06,0.06,25.64,23.17
883,603660,苏州科达,10.08,0.9,0.09,197103.0,194649241.0,6.41,10.22,9.58,9.98,9.99,1.38,3.45,-12.39,6.76,5803923344.0,5760646376.0,0.0,0.1,4.46,-8.61
884,002860,星帅尔,13.45,0.9,0.12,94010.0,123181032.08,4.05,13.45,12.91,13.01,13.33,1.07,2.69,20.5,2.13,4838133340.0,4702693064.0,0.22,0.52,-16.36,-4.61
885,000922,佳电股份,15.62,0.9,0.14,186995.0,286581354.5,5.1,15.71,14.92,15.16,15.48,1.0,3.18,41.56,2.39,10855668105.0,9173485467.0,0.06,0.06,26.38,13.52
886,605116,奥锐特,25.75,0.9,0.23,44233.0,113081371.0,3.21,25.87,25.05,25.28,25.52,1.2,1.09,22.19,4.15,10459218276.0,10459218276.0,0.04,0.04,14.29,2.79
887,300080,易成新能,5.65,0.89,0.05,745805.0,420963171.21,3.57,5.73,5.53,5.58,5.6,1.04,3.99,-29.95,2.19,10584599463.0,10570362102.0,0.18,0.18,10.78,16.26
888,301293,三博脑科,77.91,0.89,0.69,178570.0,1365112327.67,6.01,78.34,73.7,73.7,77.22,1.18,11.1,143.93,6.87,16048446157.0,12539278864.0,0.03,0.08,41.73,32.1
889,300427,红相股份,15.92,0.89,0.14,1104952.0,1756985642.2,7.22,16.3,15.16,15.17,15.78,1.31,21.97,-451.95,6.75,8095643144.0,8007837817.0,0.0,0.06,79.28,29.96
890,300761,立华股份,21.48,0.89,0.19,186607.0,403869980.42,4.6,21.99,21.01,21.29,21.29,1.36,2.97,46.98,1.99,17984551889.0,13489786472.0,0.05,-0.05,7.45,3.52
891,300078,思创智联,4.51,0.89,0.04,359310.0,159470048.59,3.58,4.52,4.36,4.42,4.47,0.8,3.23,-794.01,8.73,5041603757.0,5021285837.0,0.0,0.22,-5.65,1.81
892,920564,天润科技,27.25,0.89,0.24,17658.0,47134655.44,4.89,27.38,26.06,26.52,27.01,0.91,4.31,392.96,7.49,2428073672.0,1116996493.0,-0.26,0.0,14.26,19.83
893,002635,安洁科技,14.81,0.89,0.13,151333.0,219605684.76,4.84,14.86,14.15,14.54,14.68,1.15,3.83,72.9,1.68,9769961153.0,5855158484.0,0.0,0.14,6.47,6.85
894,600208,衢州发展,3.44,0.88,0.03,874073.0,298069431.0,2.64,3.46,3.37,3.43,3.41,1.2,1.03,40.57,0.7,29270756352.0,29267438599.0,-0.29,0.0,-21.28,-11.11
895,002323,雅博股份,2.3,0.88,0.02,1820605.0,409817014.2,5.7,2.32,2.19,2.28,2.28,0.69,8.59,-60.66,13.95,4877966827.0,4876878425.0,0.0,0.0,31.43,40.24
896,600360,*ST华微,9.2,0.88,0.08,178151.0,161158556.0,2.74,9.21,8.96,9.02,9.12,0.83,1.86,44.35,2.58,8834716797.0,8834716797.0,0.0,0.11,14.86,15.58
897,601218,吉鑫科技,5.82,0.87,0.05,415359.0,239583479.0,2.25,5.82,5.69,5.72,5.77,0.9,4.29,37.08,1.9,5639775040.0,5639775040.0,0.17,0.0,18.53,15.02
898,603693,江苏新能,13.84,0.87,0.12,125664.0,173882208.0,1.75,13.93,13.69,13.7,13.72,0.97,1.41,23.71,1.77,12338026179.0,12338026179.0,0.0,0.14,14.76,16.69
899,688227,品高股份,74.02,0.87,0.64,26331.0,187968238.0,7.6,74.58,69.0,71.09,73.38,1.32,2.33,-161.23,6.49,8368351456.0,8368351456.0,-0.03,-0.03,0.03,13.86
900,600116,三峡水利,6.95,0.87,0.06,273899.0,190398215.0,1.6,7.0,6.89,6.9,6.89,1.13,1.43,28.43,1.17,13289393183.0,13289393183.0,0.14,0.14,7.25,7.09
901,600207,安彩高科,5.8,0.87,0.05,403286.0,232006596.0,3.13,5.83,5.65,5.68,5.75,1.07,3.7,-13.25,2.64,6318012813.0,6318012813.0,-0.17,0.0,13.95,12.62
902,920641,格利尔,20.8,0.87,0.18,47445.0,98326664.34,7.23,21.4,19.91,20.09,20.62,1.65,10.45,176.18,4.49,1561560000.0,944769821.0,0.0,0.24,12.43,13.41
903,002148,北纬科技,8.21,0.86,0.07,113573.0,92342678.79,2.95,8.25,8.01,8.09,8.14,0.78,2.53,-12499.01,3.76,4589285979.0,3688897586.0,0.0,-0.12,-5.74,-7.75
904,300489,光智科技,44.73,0.86,0.38,52937.0,235718814.0,5.07,45.63,43.38,43.65,44.35,1.43,3.86,-513.52,9.72,6158105910.0,6135342634.0,0.0,0.18,11.05,-11.95
905,300837,浙矿股份,42.06,0.86,0.36,38246.0,157934098.0,4.7,42.36,40.4,41.1,41.7,0.93,5.06,60.81,3.05,4206076423.0,3179286673.0,0.55,1.01,61.71,23.63
906,000403,派林生物,14.15,0.86,0.12,110144.0,155394664.73,2.28,14.18,13.86,13.95,14.03,0.92,1.17,28.24,1.68,13448123012.0,13311048368.0,0.14,0.14,-4.39,3.36
907,002291,遥望科技,7.05,0.86,0.06,331862.0,230008603.74,3.43,7.05,6.81,6.86,6.99,0.76,3.82,-11.92,2.19,6592668989.0,6127333154.0,0.14,0.28,1.88,10.33
908,300341,麦克奥迪,16.39,0.86,0.14,75636.0,121947486.1,3.82,16.42,15.8,16.09,16.25,0.9,1.47,44.13,4.41,8480355407.0,8446890305.0,-0.18,-0.12,-3.3,0.31
909,002941,新疆交建,16.69,0.85,0.14,196099.0,325685077.81,2.42,16.76,16.36,16.4,16.55,1.03,2.69,20.33,2.59,12179547061.0,12179547061.0,0.0,0.12,2.33,5.3
910,301137,哈焊华通,59.15,0.85,0.5,130061.0,760876379.4,5.29,59.85,56.75,56.99,58.65,0.91,7.15,309.12,7.84,10754262610.0,10754262610.0,0.0,0.32,43.92,25.82
911,605577,龙版传媒,13.11,0.85,0.11,49427.0,64576200.0,3.77,13.23,12.74,12.9,13.0,1.33,1.11,14.85,1.47,5826666674.0,5826666674.0,0.0,-0.15,-2.24,0.31
912,688107,安路科技,30.95,0.85,0.26,80540.0,239909601.0,6.68,31.08,29.03,30.15,30.69,0.84,2.01,-45.57,13.17,12406287909.0,12406287909.0,-0.16,0.19,15.1,13.87
913,810014,莱特定转,100.841,0.84,0.841,19770.0,19936240.0,0.0,100.841,100.841,100.841,100.0,,9.89,,,,201682000.0,0.84,0.84,0.0,0.0
914,603308,应流股份,68.27,0.84,0.57,267498.0,1773957099.0,7.68,69.31,64.11,65.29,67.7,0.82,3.94,118.3,9.45,46357817827.0,46357817827.0,-0.01,-0.06,85.11,63.52
915,300985,致远新能,25.3,0.84,0.21,72613.0,180592220.3,5.14,25.47,24.18,24.84,25.09,0.73,3.91,76.78,4.68,4718765744.0,4693426124.0,-0.08,-0.12,27.52,37.87
916,300047,天源迪科,13.16,0.84,0.11,199522.0,257888612.84,5.06,13.29,12.63,12.83,13.05,0.94,3.65,163.06,2.55,8392719884.0,7193805312.0,-0.08,0.0,-7.45,4.86
917,688156,路德科技,22.69,0.84,0.19,27925.0,62132680.0,4.4,22.84,21.85,22.18,22.5,0.78,2.77,-32.5,3.0,2285204222.0,2285204222.0,-0.22,-0.13,37.43,41.72
918,002727,一心堂,13.21,0.84,0.11,73971.0,96715388.16,2.37,13.24,12.93,12.98,13.1,0.9,1.86,21.6,1.06,7735830491.0,5248497240.0,0.15,0.15,0.23,2.72
919,688517,金冠电气,19.52,0.83,0.16,65714.0,126914470.0,3.0,19.56,18.98,19.0,19.36,1.07,4.81,32.83,3.25,2666689352.0,2666689352.0,0.15,0.62,22.15,25.21
920,002522,浙江众成,6.05,0.83,0.05,338745.0,201628872.18,4.67,6.09,5.81,5.96,6.0,0.9,3.74,86.18,2.37,5479965291.0,5475370268.0,0.0,0.0,17.48,7.27
921,300287,飞利信,4.88,0.83,0.04,293380.0,141004387.0,3.31,4.89,4.73,4.79,4.84,0.89,2.23,-52.01,6.52,7004136183.0,6432923204.0,0.0,0.21,-4.5,-0.2
922,300050,世纪鼎利,6.15,0.82,0.05,171707.0,104519109.0,2.79,6.16,5.99,6.02,6.1,0.97,3.15,162.76,8.17,3350807316.0,3348762016.0,0.0,0.16,5.49,11.21
923,688681,科汇股份,20.84,0.82,0.17,41800.0,85906701.0,4.84,21.02,20.02,20.39,20.67,1.25,3.99,46.41,3.56,2181322800.0,2181322800.0,-0.19,0.63,19.63,18.54
924,300962,中金辐照,18.51,0.82,0.15,122240.0,226832783.89,5.61,18.99,17.96,18.11,18.36,0.87,4.63,40.81,4.89,4886675113.0,4886675113.0,0.0,0.05,6.75,14.05
925,300094,国联水产,3.7,0.82,0.03,758466.0,280175301.49,3.54,3.76,3.63,3.71,3.67,0.87,6.86,-3.91,4.05,4174218836.0,4090414376.0,0.27,0.27,-12.32,3.93
926,600161,天坛生物,16.01,0.82,0.13,142312.0,227861951.0,2.46,16.13,15.74,15.82,15.88,1.11,0.72,29.0,2.76,31657716850.0,31657716850.0,0.0,-0.12,-6.7,-2.02
927,300085,银之杰,38.36,0.81,0.31,227126.0,859057131.42,4.07,38.55,37.0,37.04,38.05,0.94,3.48,-342.25,54.12,27106730923.0,25011213310.0,0.0,-0.05,2.1,-4.32
928,301607,富特科技,46.22,0.81,0.37,49748.0,225767506.16,5.61,46.68,44.11,45.17,45.85,1.2,4.45,39.34,6.3,7183530842.0,5169496144.0,0.39,0.15,11.89,15.23
929,600169,ST太重,2.5,0.81,0.02,243974.0,60388317.0,2.42,2.51,2.45,2.46,2.48,0.94,0.73,73.78,1.64,8367757925.0,8332853750.0,0.0,0.0,5.93,9.65
930,605011,杭州热电,21.48,0.8,0.17,73176.0,156898776.0,2.39,21.67,21.16,21.21,21.31,1.09,1.83,44.41,3.56,8594148000.0,8594148000.0,0.28,0.19,2.53,5.09
931,920082,方正阀门,17.75,0.8,0.14,45537.0,82797884.32,6.42,18.68,17.55,18.44,17.61,0.7,11.51,41.55,4.86,2580051250.0,702314481.0,0.8,0.85,3.38,-1.28
932,300500,启迪设计,12.55,0.8,0.1,34601.0,42778689.1,2.49,12.55,12.24,12.26,12.45,0.78,2.06,37.56,1.97,2183384606.0,2103354335.0,1.7,1.78,-25.91,-9.39
933,001266,宏英智能,36.41,0.8,0.29,47549.0,172291527.6,3.93,36.83,35.41,35.45,36.12,0.79,8.19,249.04,4.01,3771356611.0,2114743847.0,0.0,-0.03,21.16,-7.52
934,600640,国脉文化,12.82,0.79,0.1,87765.0,111215418.0,3.54,12.9,12.45,12.65,12.72,0.78,1.1,390.64,2.56,10200821951.0,10200821951.0,0.39,0.0,-2.06,2.07
935,300785,值得买,52.49,0.79,0.41,78927.0,406582402.25,4.34,52.72,50.46,51.15,52.08,0.88,6.45,582.1,5.53,10437911705.0,6421326620.0,0.17,0.29,24.09,19.79
936,300214,日科化学,7.65,0.79,0.06,144884.0,109922987.0,2.77,7.7,7.49,7.6,7.59,1.28,3.12,664.16,1.47,3556504997.0,3556504997.0,0.26,0.39,9.29,14.52
937,301122,采纳股份,33.25,0.79,0.26,18629.0,61242996.69,3.88,33.4,32.12,32.41,32.99,0.66,2.46,369.52,2.27,4064668129.0,2515051879.0,0.06,-0.24,20.04,27.59
938,688382,益方生物-U,21.56,0.79,0.17,189953.0,405628759.0,5.14,21.85,20.75,21.15,21.39,1.47,3.28,-39.36,8.11,12469193466.0,12469193466.0,0.23,0.19,-20.12,-20.85
939,002677,浙江美大,8.91,0.79,0.07,73870.0,64825662.6,3.17,8.91,8.63,8.76,8.84,0.68,1.38,241.26,3.9,5756320175.0,4765698106.0,0.11,0.22,9.33,6.71
940,002256,兆新股份,3.83,0.79,0.03,926920.0,351909630.0,2.89,3.85,3.74,3.77,3.8,1.18,4.75,1167.04,6.75,7636808500.0,7472688285.0,0.0,0.0,12.98,9.74
941,688117,圣诺生物,38.3,0.79,0.3,21791.0,82414296.0,3.66,38.44,37.05,38.0,38.0,0.96,1.38,36.35,5.66,6027882957.0,6027882957.0,0.26,0.37,-2.3,1.35
942,002982,湘佳股份,15.28,0.79,0.12,227170.0,349965516.22,5.34,15.95,15.14,15.2,15.16,2.43,17.49,104.2,1.96,3104803816.0,1984503446.0,0.26,0.33,6.18,11.21
943,300723,一品红,32.17,0.78,0.25,60551.0,193258522.0,3.48,32.4,31.29,31.31,31.92,0.81,1.45,-80.08,8.3,14530956282.0,13436353502.0,-0.03,0.09,-31.81,-4.11
944,603288,海天味业,37.31,0.78,0.29,253878.0,946079178.0,2.57,37.51,36.56,36.78,37.02,1.45,0.46,30.77,5.52,218331588661.0,207466006297.0,0.0,-0.03,3.32,1.61
945,301218,华是科技,38.81,0.78,0.3,144336.0,558708335.53,6.67,39.5,36.93,38.0,38.51,2.33,20.6,-172.78,4.82,4425892400.0,2719371525.0,-0.61,-0.36,72.64,64.17
946,301127,武汉天源,16.98,0.77,0.13,156278.0,260042498.01,6.05,17.14,16.12,16.84,16.85,1.01,2.39,62.39,3.53,11445726870.0,11108943105.0,-0.06,0.12,12.6,11.78
947,300145,南方泵业,5.22,0.77,0.04,1510864.0,782956889.12,3.67,5.26,5.07,5.15,5.18,1.3,7.91,26.46,3.41,10023663428.0,9974525804.0,0.19,0.0,25.48,10.59
948,603988,中电电机,27.35,0.77,0.21,63609.0,171401170.0,5.08,27.63,26.25,26.51,27.14,0.87,2.7,123.03,9.58,6432720000.0,6432720000.0,0.33,0.33,7.72,12.55
949,300750,宁德时代,357.5,0.77,2.73,317976.0,11217996825.3,4.17,359.85,345.06,348.84,354.77,1.09,0.75,22.6,4.84,1631583151770.0,1521748380295.0,0.11,0.28,-4.94,-2.66
950,603321,梅轮电梯,7.92,0.76,0.06,62038.0,48714045.0,2.54,7.95,7.75,7.86,7.86,1.02,1.8,73.7,1.92,2763204594.0,2728950594.0,-0.13,0.38,1.28,-1.49
951,603171,税友股份,58.53,0.76,0.44,58435.0,338230145.0,3.82,58.9,56.68,57.5,58.09,1.13,1.44,161.52,9.42,23783372850.0,23756741700.0,0.02,-0.02,9.87,6.17
952,300708,聚灿光电,11.86,0.76,0.09,1618632.0,1852542666.87,8.75,11.99,10.96,11.23,11.77,1.17,22.8,48.27,3.95,11135533608.0,8420769052.0,-0.42,-0.25,37.11,33.56
953,000707,双环科技,6.65,0.76,0.05,312090.0,210511186.65,5.61,7.0,6.63,6.73,6.6,1.21,5.67,-111.16,1.37,3888369333.0,3662178867.0,0.15,0.0,3.91,9.92
954,600593,大连圣亚,39.89,0.76,0.3,62682.0,251137344.0,5.96,41.21,38.85,38.85,39.59,1.22,4.87,59.16,24.05,5203451050.0,5137832000.0,0.1,0.3,-15.79,-3.69
955,001301,尚太科技,76.43,0.76,0.58,43361.0,324815663.4,6.75,77.4,72.28,75.1,75.85,1.17,2.33,21.02,2.95,19933123611.0,14220019402.0,-0.03,-0.03,-9.44,-10.93
956,601727,上海电气,9.43,0.75,0.07,4690275.0,4409349508.0,3.74,9.52,9.17,9.23,9.36,1.36,3.72,103.16,2.71,146543347027.0,118965481767.0,0.0,0.0,11.86,9.52
957,300689,澄天伟业,48.17,0.75,0.36,27697.0,130329265.4,4.43,48.32,46.2,46.6,47.81,0.89,2.74,336.2,8.06,5568452000.0,4873945322.0,0.0,0.06,4.85,7.16
958,300710,万隆光电,31.1,0.75,0.23,30521.0,93836760.0,3.79,31.37,30.2,30.41,30.87,0.82,4.09,-225.29,6.69,3094148330.0,2319438404.0,0.0,0.0,20.87,-0.16
959,688039,当虹科技,48.17,0.75,0.36,27564.0,130154288.0,4.85,48.5,46.18,46.62,47.81,0.9,2.49,-60.09,5.0,5327670594.0,5327670594.0,0.0,0.0,4.15,7.64
960,603477,巨星农牧,18.69,0.75,0.14,246858.0,463251790.0,3.4,19.18,18.55,18.88,18.55,1.42,4.84,66.69,3.2,9533215982.0,9533215982.0,-0.11,-0.27,9.36,8.6
961,301501,恒鑫生活,40.36,0.75,0.3,9393.0,37937505.2,2.97,40.89,39.7,39.98,40.06,1.06,2.54,24.21,2.89,5969244000.0,1492311000.0,0.12,0.22,-15.3,-7.56
962,300210,森远股份,9.38,0.75,0.07,95691.0,87877752.0,4.51,9.44,9.02,9.15,9.31,1.02,1.98,403.69,11.0,4541983159.0,4537630792.0,0.21,0.0,4.92,5.51
963,603271,永杰新材,46.16,0.74,0.34,30193.0,138407609.0,4.34,46.99,45.0,45.0,45.82,1.18,7.67,22.07,3.22,9080595200.0,1816857600.0,0.0,0.07,20.68,12.37
964,300988,津荣天宇,28.48,0.74,0.21,59629.0,166743696.88,4.17,28.48,27.3,27.83,28.27,1.02,5.59,34.11,3.14,3995668727.0,3037957243.0,0.25,0.42,18.37,25.19
965,301171,易点天下,51.8,0.74,0.38,260918.0,1321080280.69,4.78,51.93,49.47,50.5,51.42,0.96,6.85,90.05,6.53,24443689879.0,19730047662.0,0.12,0.21,37.95,27.9
966,002520,日发精机,6.85,0.74,0.05,520473.0,353763046.77,3.09,6.87,6.66,6.72,6.8,0.93,7.25,-14.45,19.99,5139179421.0,4914465171.0,-0.15,0.0,17.7,8.73
967,000958,电投产融,6.85,0.74,0.05,568234.0,388110495.44,1.91,6.88,6.75,6.76,6.8,1.15,1.06,144.77,1.82,119005931780.0,36876301268.0,0.0,-0.15,-3.93,5.87
968,002400,省广集团,9.66,0.73,0.07,833324.0,792677855.29,3.65,9.7,9.35,9.4,9.59,0.71,4.83,131.44,3.37,16840636656.0,16674750210.0,0.1,0.21,12.85,8.91
969,300713,英可瑞,19.45,0.73,0.14,112571.0,214514706.25,7.46,19.58,18.14,18.97,19.31,0.93,12.63,-51.83,6.05,3087119755.0,1733165732.0,0.15,0.15,13.88,12.43
970,301301,川宁生物,10.97,0.73,0.08,169712.0,185474773.0,2.85,11.03,10.72,10.8,10.89,0.97,2.75,30.01,3.09,24464032450.0,6777072456.0,0.0,-0.09,7.34,8.19
971,688232,新点软件,24.75,0.73,0.18,27332.0,66671034.0,4.19,24.96,23.93,24.27,24.57,0.78,0.85,227.42,1.47,7969053881.0,7969053881.0,-0.12,-0.12,-4.29,-0.28
972,300365,恒华科技,6.94,0.73,0.05,713364.0,495764194.71,3.63,7.05,6.8,6.83,6.89,2.11,13.94,420.88,2.21,4162996955.0,3551368842.0,0.29,0.29,6.44,9.81
973,920260,中寰股份,12.44,0.73,0.09,101760.0,130727090.65,8.1,13.3,12.3,13.14,12.35,0.78,10.3,30.6,2.87,1288162000.0,1229282970.0,0.0,0.4,10.87,13.3
974,600758,辽宁能源,4.15,0.73,0.03,542276.0,230071206.0,7.28,4.45,4.15,4.35,4.12,1.05,4.11,-40.83,0.99,5486372185.0,5481085085.0,-0.24,-0.24,3.49,14.01
975,002337,赛象科技,6.86,0.73,0.05,126973.0,86266364.9,2.94,6.87,6.67,6.71,6.81,0.88,2.16,60.95,3.07,4037904045.0,4033656210.0,0.0,0.0,7.86,4.41
976,601121,宝地矿业,8.35,0.72,0.06,250692.0,206170187.0,6.03,8.48,7.98,8.21,8.29,0.99,6.6,49.48,2.12,7653009777.0,3173000000.0,0.0,0.12,9.87,13.14
977,688459,哈铁科技,9.76,0.72,0.07,25189.0,24428665.0,2.17,9.79,9.58,9.64,9.69,0.98,1.43,42.17,1.35,4684800000.0,1713709288.0,-0.1,0.1,0.72,1.14
978,002276,万马股份,16.8,0.72,0.12,347060.0,572382659.91,4.26,16.84,16.13,16.5,16.68,0.85,3.45,30.94,2.79,16986067493.0,16921894433.0,0.0,0.06,8.81,-0.65
979,603015,弘讯科技,14.23,0.71,0.1,82263.0,115299984.0,4.1,14.32,13.74,14.0,14.13,0.91,2.04,134.61,4.12,5752036370.0,5752036370.0,0.28,0.28,28.66,13.39
980,002560,通达股份,11.38,0.71,0.08,427577.0,482561938.88,3.81,11.47,11.04,11.19,11.3,1.02,9.44,34.0,2.23,5982904927.0,5154411703.0,0.09,0.18,34.2,12.9
981,920001,纬达光电,19.9,0.71,0.14,82536.0,158526776.92,8.5,19.99,18.31,18.38,19.76,1.45,9.31,-155.95,4.28,3057758460.0,1764951298.0,0.05,0.4,-4.19,2.16
982,002649,博彦科技,12.76,0.71,0.09,138040.0,173048169.77,4.1,12.83,12.31,12.51,12.67,0.74,2.52,30.59,1.76,7468996228.0,6999413401.0,-0.08,0.08,-5.55,-3.26
983,603898,好莱客,14.09,0.71,0.1,52270.0,73154103.0,2.86,14.15,13.75,14.0,13.99,1.08,1.68,104.93,1.39,4386851924.0,4386851924.0,0.07,0.21,1.59,5.86
984,600850,电科数字,27.11,0.71,0.19,129254.0,343703630.0,4.49,27.33,26.12,26.31,26.92,1.1,1.9,54.27,3.79,18440187869.0,18440187869.0,-0.04,-0.04,5.65,-8.54
985,002012,凯恩股份,7.24,0.7,0.05,155645.0,111575141.4,4.45,7.34,7.02,7.02,7.19,0.94,3.33,145.75,2.19,3385608403.0,3379569541.0,0.14,0.14,14.2,12.25
986,600075,新疆天业,7.24,0.7,0.05,1361763.0,1008930608.0,7.65,7.73,7.18,7.3,7.19,2.64,7.98,1290.38,1.38,12361313803.0,12361313803.0,0.14,0.14,49.28,46.26
987,600310,广西能源,4.31,0.7,0.03,497699.0,214313686.0,2.8,4.35,4.23,4.26,4.28,1.14,3.4,60.57,2.08,6317213212.0,6317213212.0,0.23,0.47,12.83,13.12
988,603811,诚意药业,11.54,0.7,0.08,49167.0,56770064.0,2.36,11.72,11.45,11.72,11.46,1.05,1.5,19.85,2.86,3777091853.0,3777091853.0,0.0,0.0,6.07,9.9
989,002777,久远银海,18.83,0.7,0.13,79595.0,148182970.6,3.64,18.94,18.26,18.49,18.7,0.78,1.97,134.74,4.65,7686990446.0,7616951376.0,0.11,0.0,1.78,4.96
990,600318,新力金融,10.02,0.7,0.07,443439.0,445078607.0,4.32,10.23,9.8,9.84,9.95,0.78,8.65,96.64,4.7,5137530873.0,5137530873.0,0.1,0.1,10.47,11.58
991,688009,中国通号,5.93,0.68,0.04,665942.0,394177976.0,3.4,5.98,5.78,5.85,5.89,1.1,0.77,17.15,1.26,62797626670.0,51122636740.0,0.0,0.0,12.74,8.41
992,600025,华能水电,10.37,0.68,0.07,529679.0,551695623.0,2.52,10.5,10.24,10.3,10.3,0.92,0.29,19.22,2.81,193204447445.0,186660000000.0,0.0,-0.1,7.46,14.21
993,688191,智洋创新,50.62,0.68,0.34,74229.0,374487587.0,4.16,51.73,49.64,51.0,50.28,0.68,3.2,182.65,13.46,11726141729.0,11726141729.0,0.0,-0.08,44.71,57.3
994,002953,日丰股份,13.25,0.68,0.09,146541.0,192733535.25,3.12,13.28,12.87,12.9,13.16,1.18,6.89,35.15,3.12,6513430336.0,2818058707.0,0.23,0.08,15.02,15.42
995,601728,中国电信,6.01,0.67,0.04,1962602.0,1176150786.0,2.01,6.04,5.92,5.93,5.97,1.08,0.25,13.4,1.2,549957903581.0,466554669481.0,0.17,0.0,-13.4,-4.6
996,301106,骏成科技,33.29,0.67,0.22,16588.0,54307231.12,3.6,33.42,32.23,32.58,33.07,0.98,1.62,32.35,2.64,3399402857.0,3399402857.0,1.49,1.52,8.37,11.82
997,688626,翔宇医疗,64.41,0.67,0.43,28632.0,182005149.0,5.27,64.97,61.6,62.0,63.98,0.87,1.79,130.95,4.98,10305600000.0,10305600000.0,0.09,0.11,29.0,6.46
998,300855,图南股份,45.26,0.67,0.3,120379.0,523812580.43,9.65,45.88,41.54,43.73,44.96,1.21,4.11,108.84,9.08,17901755690.0,13259194806.0,-0.11,0.31,67.51,40.12
999,000620,盈新发展,2.99,0.67,0.02,1686987.0,498257572.0,4.38,3.01,2.88,2.89,2.97,1.07,3.61,-27.09,3.93,17556726970.0,13968528957.0,0.0,0.0,-2.61,11.57
1000,300345,华民股份,7.53,0.67,0.05,338468.0,251699241.0,3.07,7.56,7.33,7.5,7.48,0.73,7.06,-31.9,8.38,4369132224.0,3609485116.0,0.0,0.13,16.02,20.1
1001,601330,绿色动力,7.62,0.66,0.05,176329.0,134311229.0,2.25,7.69,7.52,7.52,7.57,1.27,1.78,13.05,1.3,10901053600.0,7536901385.0,-0.13,0.0,7.78,13.22
1002,002286,保龄宝,10.63,0.66,0.07,159934.0,169535175.21,3.13,10.74,10.41,10.5,10.56,0.79,4.33,22.64,1.83,4045431249.0,3928339142.0,0.19,0.19,18.11,18.9
1003,002830,名雕股份,23.0,0.66,0.15,39706.0,90145986.0,2.8,23.02,22.38,22.73,22.85,0.96,5.94,144.62,4.69,3066820000.0,1537607500.0,0.09,0.0,22.8,17.95
1004,002534,西子洁能,19.94,0.66,0.13,263241.0,516447494.36,6.51,20.15,18.86,19.4,19.81,1.14,3.19,70.81,3.13,16668547429.0,16445350076.0,0.2,0.15,29.15,18.9
1005,601026,道生天合,21.58,0.65,0.14,101637.0,215161730.0,5.32,21.65,20.51,21.04,21.44,0.78,9.48,69.53,5.8,14229852000.0,2313024591.0,0.09,0.19,2.96,7.85
1006,601158,重庆水务,4.63,0.65,0.03,200014.0,92732513.0,1.96,4.67,4.58,4.59,4.6,1.19,0.42,21.38,1.29,22224106847.0,22224106847.0,0.0,0.22,-1.7,3.58
1007,605299,舒华体育,12.4,0.65,0.08,76567.0,94124364.0,2.68,12.43,12.1,12.15,12.32,0.92,1.87,107.04,4.14,5074408885.0,5074408885.0,0.08,0.24,15.89,7.92
1008,920396,常辅股份,36.1,0.64,0.23,37928.0,136417357.48,4.15,36.5,35.01,35.01,35.87,0.79,7.39,63.81,7.18,2607183010.0,1852245983.0,0.03,0.0,24.4,10.36
1009,688357,建龙微纳,36.42,0.64,0.23,36752.0,132446610.0,3.7,36.75,35.41,35.8,36.19,1.96,3.67,36.99,1.95,3644180648.0,3644180648.0,0.14,0.39,12.79,10.2
1010,002674,兴业科技,14.19,0.64,0.09,54890.0,76954118.0,3.69,14.2,13.68,14.05,14.1,1.14,1.88,79.32,1.75,4193867895.0,4151478222.0,0.14,0.14,10.86,-5.02
1011,301305,朗坤科技,28.11,0.64,0.18,155026.0,445114651.26,7.95,30.19,27.97,29.3,27.93,1.47,12.53,20.41,1.8,6780924814.0,3477585192.0,-0.39,0.43,30.14,25.1
1012,688707,振华新材,14.18,0.64,0.09,85643.0,118835267.0,5.04,14.27,13.56,13.86,14.09,1.08,1.68,-16.68,1.81,7213936107.0,7213936107.0,0.0,0.0,2.31,2.38
1013,300366,ST创意,6.3,0.64,0.04,92238.0,57104963.0,2.88,6.3,6.12,6.14,6.26,0.83,1.74,-14.42,2.34,3827729745.0,3342165687.0,0.16,0.32,-4.83,-7.49
1014,003003,天元股份,14.08,0.64,0.09,82189.0,115098449.0,4.22,14.27,13.68,13.85,13.99,1.46,6.98,37.59,1.93,2488217600.0,1658572256.0,0.14,0.5,3.61,6.51
1015,000156,华数传媒,8.0,0.63,0.05,192482.0,151971640.02,3.02,8.03,7.79,7.82,7.95,0.83,1.13,31.85,0.99,14823459536.0,13599007016.0,0.13,0.38,4.99,5.68
1016,002753,永东股份,7.95,0.63,0.05,123555.0,98581772.63,4.68,8.22,7.85,7.85,7.9,1.5,5.09,52.28,1.3,3407975758.0,1930341456.0,0.13,0.25,2.05,11.5
1017,000690,宝新能源,4.82,0.63,0.03,1100033.0,530893356.51,1.67,4.87,4.79,4.8,4.79,1.18,5.06,9.58,0.84,10487779495.0,10480952028.0,0.21,0.0,9.79,15.04
1018,600728,佳都科技,6.39,0.63,0.04,464068.0,291504590.0,4.41,6.45,6.17,6.25,6.35,0.88,2.18,54.1,1.73,13627309278.0,13627309278.0,0.0,0.0,2.24,-4.34
1019,300483,首华燃气,20.82,0.63,0.13,1037970.0,2319217537.31,15.95,23.9,20.6,23.24,20.69,1.11,27.3,-3667.53,2.97,7917006371.0,7914507971.0,-0.05,0.29,23.93,46.83
1020,601068,中铝国际,6.39,0.63,0.04,326420.0,208409023.0,3.46,6.49,6.27,6.37,6.35,0.9,1.28,120.45,6.54,19092273746.0,16355784362.0,0.0,0.0,25.54,20.79
1021,601918,新集能源,8.04,0.63,0.05,1195974.0,980877377.0,5.26,8.4,7.98,8.32,7.99,1.12,4.62,10.09,1.23,20827956072.0,20827956072.0,0.0,0.0,16.18,22.56
1022,002571,德力股份,13.02,0.62,0.08,107042.0,137158199.02,4.64,13.13,12.53,12.78,12.94,1.08,3.59,-42.62,5.23,5103198114.0,3883946568.0,0.15,0.08,40.3,10.71
1023,001289,龙源电力,17.81,0.62,0.11,151410.0,269766108.94,2.03,18.02,17.66,17.76,17.7,1.11,0.3,25.42,1.96,148888325881.0,89796847461.0,-0.17,0.06,13.95,18.42
1024,300105,龙源技术,8.12,0.62,0.05,192944.0,156035765.0,2.85,8.15,7.92,7.93,8.07,1.28,3.74,83.41,2.17,4188413090.0,4188413090.0,0.12,0.25,8.41,13.41
1025,920092,汉鑫科技,37.52,0.62,0.23,25635.0,93548530.33,8.37,38.2,35.08,35.86,37.29,1.28,7.78,-59.85,6.59,2329230344.0,1236411080.0,0.05,0.11,23.79,0.21
1026,301197,工大科雅,22.85,0.62,0.14,58581.0,134343108.23,6.47,23.88,22.41,23.16,22.71,0.79,5.39,-95.73,2.14,2754339000.0,2484920363.0,0.09,0.09,7.48,9.64
1027,600502,安徽建工,4.84,0.62,0.03,251011.0,120904972.0,1.46,4.85,4.78,4.83,4.81,1.07,1.46,7.7,0.75,8308024260.0,8308024260.0,0.41,0.41,2.11,5.45
1028,300587,天铁科技,6.51,0.62,0.04,317971.0,203705701.0,4.79,6.56,6.25,6.3,6.47,1.08,3.02,-109.3,3.53,8451729868.0,6848113197.0,0.15,0.31,-11.67,6.2
1029,300310,宜通世纪,6.51,0.62,0.04,326306.0,206624505.97,5.41,6.54,6.19,6.34,6.47,0.92,4.72,1268.87,3.01,5739597037.0,4504206803.0,0.0,0.15,3.01,10.15
1030,003036,泰坦股份,18.14,0.61,0.11,116373.0,213720054.64,4.99,18.8,17.9,18.0,18.03,1.57,5.38,69.86,2.84,3923155160.0,3923054483.0,0.06,0.17,5.96,17.18
1031,603598,引力传媒,21.38,0.61,0.13,143681.0,301115840.0,3.95,21.41,20.57,20.8,21.25,0.86,5.34,212.3,27.62,5763254802.0,5756840802.0,0.05,0.33,16.58,25.84
1032,300185,通裕重工,3.3,0.61,0.02,1985611.0,654799724.3,3.35,3.35,3.24,3.25,3.28,1.08,5.36,115.07,1.94,12860590565.0,12233028172.0,-0.3,0.0,14.58,16.2
1033,600577,精达股份,14.89,0.61,0.09,716497.0,1032700750.0,5.74,14.92,14.07,14.46,14.8,0.95,3.33,53.23,5.29,32002571619.0,32002571619.0,0.0,0.07,48.31,19.79
1034,600163,中闽能源,6.6,0.61,0.04,528372.0,348928194.0,2.44,6.69,6.53,6.58,6.56,0.95,2.78,28.72,1.81,12559774544.0,12559774544.0,0.15,0.3,9.45,21.77
1035,300778,新城市,13.52,0.6,0.08,52731.0,70283142.5,3.87,13.61,13.09,13.44,13.44,0.55,2.59,-104.73,2.23,2753478360.0,2752935451.0,0.0,0.0,-2.59,-2.59
1036,300432,富临精工,16.69,0.6,0.1,313868.0,513624268.52,4.82,16.76,15.96,16.4,16.59,0.94,1.86,65.84,6.22,28535898439.0,28215374483.0,0.0,0.12,7.12,-0.06
1037,600055,万东医疗,15.01,0.6,0.09,54722.0,81152683.0,2.68,15.03,14.63,14.83,14.92,1.02,0.78,-290.88,2.25,10552946481.0,10552946481.0,0.33,0.33,-7.69,-3.66
1038,002580,圣阳股份,13.4,0.6,0.08,111797.0,148314869.54,2.7,13.44,13.08,13.19,13.32,1.01,2.47,28.48,2.61,6081844506.0,6061339920.0,0.0,0.0,7.8,7.72
1039,000995,皇台酒业,15.45,0.59,0.09,142592.0,219081168.0,3.58,15.65,15.1,15.12,15.36,0.77,8.04,-288.08,18.59,2740953600.0,2740953600.0,0.13,0.19,25.61,23.5
1040,301016,雷尔伟,25.55,0.59,0.15,38210.0,95945557.7,5.04,25.79,24.51,25.22,25.4,1.08,1.84,93.55,5.59,5580120000.0,5292686537.0,-0.08,-0.16,30.89,13.15
1041,600598,北大荒,17.18,0.59,0.1,769732.0,1341535394.0,3.75,17.8,17.16,17.61,17.08,1.0,4.33,16.88,3.73,30540540837.0,30540540837.0,-0.06,-0.06,15.53,14.92
1042,002183,怡 亚 通,5.11,0.59,0.03,611596.0,308010707.25,3.35,5.13,4.96,5.03,5.08,0.83,2.36,282.8,1.43,13270716455.0,13270639805.0,0.2,0.2,5.58,7.35
1043,688297,中无人机,59.75,0.59,0.35,410933.0,2558100429.0,9.44,65.19,59.58,63.0,59.4,0.89,6.09,455.33,7.05,40331250000.0,40331250000.0,0.15,0.08,35.21,24.43
1044,600800,渤海化学,5.12,0.59,0.03,1363096.0,708776654.0,12.18,5.43,4.81,5.17,5.09,1.17,12.28,-7.36,4.78,5683431506.0,5681818706.0,-0.19,0.0,18.79,47.98
1045,300225,*ST金泰,5.08,0.59,0.03,53247.0,26839383.0,1.98,5.1,5.0,5.03,5.05,0.77,1.12,102.9,2.8,2415182317.0,2413290017.0,0.2,0.0,-8.3,-10.56
1046,300805,电声股份,12.15,0.58,0.07,88647.0,106349040.0,3.39,12.19,11.78,11.89,12.08,0.86,3.07,115.15,3.3,5156972147.0,3503468927.0,0.0,0.16,1.93,15.17
1047,002362,汉王科技,20.76,0.58,0.12,49519.0,101284500.0,3.92,20.91,20.1,20.3,20.64,0.89,2.39,-41.74,4.82,5074878451.0,4309650028.0,-0.05,-0.1,-7.32,-4.07
1048,301391,卡莱特,81.68,0.58,0.47,20387.0,165974225.61,8.42,85.5,78.66,80.53,81.21,0.99,2.2,434.88,3.74,7760809762.0,7582813442.0,0.0,0.26,-1.58,-3.74
1049,300081,恒信东方,5.31,0.57,0.03,202088.0,105352519.5,3.98,5.33,5.12,5.21,5.28,0.7,3.34,-15.91,3.02,3211463664.0,3210977401.0,0.0,0.19,-4.32,2.31
1050,002309,中利集团,3.5,0.57,0.02,1261718.0,437634210.3,2.59,3.5,3.41,3.44,3.48,0.75,5.24,-56.25,5.66,10526828848.0,8421463078.0,0.29,0.0,7.69,3.24
1051,300920,润阳科技,42.12,0.57,0.24,18872.0,78579312.2,4.3,42.32,40.52,41.72,41.88,0.45,3.41,110.93,3.55,4212000000.0,2332660819.0,0.0,-0.09,8.87,-8.57
1052,600880,博瑞传播,5.32,0.57,0.03,218962.0,114737347.0,2.84,5.32,5.17,5.21,5.29,0.69,2.0,555.94,1.91,5816526729.0,5814920531.0,0.19,0.19,0.57,7.69
1053,300390,天华新能,45.56,0.57,0.26,210348.0,930183703.95,6.6,45.88,42.89,43.5,45.3,1.0,3.13,863.72,3.47,37849005901.0,30640766129.0,0.02,0.09,-11.15,-16.57
1054,000421,南京公用,7.07,0.57,0.04,351760.0,252710363.23,5.26,7.41,7.04,7.2,7.03,0.84,6.13,26.28,1.45,4061119239.0,4060274820.0,0.14,0.14,-3.42,2.32
1055,301208,中亦科技,37.32,0.57,0.21,17624.0,64812598.44,3.31,37.45,36.22,36.83,37.11,1.03,2.67,104.17,2.92,4478402239.0,2465809279.0,0.0,0.19,1.5,-5.95
1056,300010,豆神教育,7.07,0.57,0.04,457926.0,319168207.46,3.41,7.09,6.85,6.92,7.03,0.69,2.75,119.41,8.19,14610951499.0,11759761355.0,-0.14,0.0,10.3,-2.35
1057,002638,勤上股份,3.6,0.56,0.02,956869.0,339989033.5,5.59,3.65,3.45,3.59,3.58,1.1,7.07,-21.72,2.51,5171739656.0,4869656132.0,0.0,0.28,12.5,16.5
1058,603777,来伊份,12.57,0.56,0.07,62667.0,79246210.0,4.72,12.88,12.29,12.3,12.5,0.71,1.87,-25.15,2.65,4203711767.0,4203711767.0,-0.16,-0.24,-9.18,-8.45
1059,603817,海峡环保,7.2,0.56,0.04,154984.0,110052323.0,2.93,7.21,7.0,7.13,7.16,1.08,2.72,15.99,1.29,4104605081.0,4104605081.0,0.14,0.28,-10.34,1.55
1060,600757,长江传媒,8.97,0.56,0.05,91464.0,81411713.0,2.02,8.99,8.81,8.85,8.92,0.99,0.75,9.5,1.1,10886442949.0,10885069014.0,0.11,0.22,-2.71,1.01
1061,605500,森林包装,9.09,0.55,0.05,36074.0,32612216.0,1.44,9.09,8.96,9.03,9.04,0.96,0.87,93.49,1.47,3766896000.0,3766896000.0,0.11,0.22,1.79,1.56
1062,002355,兴民智通,7.36,0.55,0.04,655260.0,480171500.54,2.87,7.42,7.21,7.21,7.32,1.41,10.6,-20.36,4.02,4920020160.0,4549706544.0,0.14,0.14,24.32,21.45
1063,603212,赛伍技术,14.52,0.55,0.08,173163.0,247033330.0,4.85,14.56,13.86,13.86,14.44,0.8,3.96,-40.73,2.49,6352364035.0,6352364035.0,0.07,0.14,8.85,1.61
1064,000049,德赛电池,25.54,0.55,0.14,68858.0,172465599.58,4.06,25.64,24.61,25.05,25.4,1.32,1.79,32.66,1.47,9823668158.0,9821020375.0,0.0,0.04,-10.26,-4.99
1065,688398,赛特新材,24.4,0.54,0.13,34587.0,83422981.0,3.91,24.58,23.63,24.58,24.27,0.97,2.06,164.1,3.57,4094664064.0,4094664064.0,0.0,0.04,34.36,43.53
1066,688588,凌志软件,13.08,0.54,0.07,44849.0,57633808.0,3.84,13.14,12.64,12.88,13.01,0.86,1.12,51.51,4.14,5232130839.0,5232130839.0,0.08,0.08,-9.23,-8.6
1067,000938,紫光股份,24.26,0.54,0.13,588727.0,1393099879.77,4.6,24.34,23.23,23.66,24.13,1.11,2.06,37.07,4.8,69385537743.0,69385537743.0,0.0,0.25,-2.22,-1.38
1068,002922,伊戈尔,48.28,0.54,0.26,237915.0,1110675645.16,9.1,48.87,44.5,47.0,48.02,1.35,6.36,86.06,5.4,20432391667.0,18047339437.0,-0.02,0.15,73.11,58.19
1069,300514,友讯达,14.95,0.54,0.08,87315.0,129834046.0,3.7,15.05,14.5,14.53,14.87,1.39,5.45,29.85,2.83,2990000000.0,2395861959.0,0.2,0.2,11.07,13.17
1070,002759,天际股份,34.05,0.53,0.18,361125.0,1198863323.32,5.28,34.12,32.33,33.04,33.87,1.09,7.21,-126.18,5.5,17072077700.0,17057078267.0,0.06,0.03,-10.79,-26.66
1071,600971,恒源煤电,7.65,0.53,0.04,432654.0,336028621.0,4.47,7.95,7.61,7.88,7.61,1.03,3.61,-69.04,0.77,9180037363.0,9180037363.0,0.26,0.0,11.68,22.6
1072,600499,科达制造,17.22,0.53,0.09,254571.0,429023573.0,5.9,17.37,16.36,16.78,17.13,0.88,1.33,21.55,2.63,33025487053.0,33025487053.0,0.0,0.23,36.99,24.15
1073,603172,万丰股份,22.91,0.53,0.12,48260.0,110009948.0,4.96,23.5,22.37,22.48,22.79,1.08,9.64,61.53,2.81,3055735800.0,1147332800.0,0.48,0.17,23.11,28.71
1074,002640,跨境通,3.79,0.53,0.02,476006.0,179164077.62,2.39,3.8,3.71,3.71,3.77,0.8,3.07,-263.22,6.92,5904976641.0,5867912999.0,0.0,0.0,-14.64,-16.34
1075,600191,华资实业,13.43,0.52,0.07,103286.0,136206073.0,5.24,13.6,12.9,13.35,13.36,0.91,2.13,85.29,3.85,6512636760.0,6512636760.0,1.51,1.36,14.3,4.51
1076,002882,金龙羽,30.94,0.52,0.16,43793.0,133828537.0,3.41,31.15,30.1,30.28,30.78,0.87,1.77,95.67,6.33,13393926000.0,7634047421.0,-0.06,0.06,1.48,2.59
1077,002726,龙大美食,3.92,0.51,0.02,179626.0,70181167.68,2.05,3.94,3.86,3.86,3.9,0.76,1.67,-17.72,3.92,4230309901.0,4227099421.0,0.26,0.26,-12.5,-4.62
1078,688084,晶品特装,75.6,0.51,0.38,10599.0,79057436.0,4.49,76.39,73.01,75.61,75.22,0.67,1.4,-366.55,3.63,5719825390.0,5719825390.0,0.99,0.64,-0.25,-8.7
1079,300598,诚迈科技,41.51,0.51,0.21,53165.0,217036261.06,4.58,41.89,40.0,40.55,41.3,1.02,2.45,-99.69,6.07,9006912069.0,9004389672.0,-0.05,0.05,-10.19,-9.7
1080,300678,中科信息,31.65,0.51,0.16,77923.0,242409319.27,4.03,31.87,30.6,30.9,31.49,0.88,2.68,1558.82,11.09,9380626173.0,9218961202.0,0.0,0.03,4.63,2.89
1081,601112,振石股份,19.72,0.51,0.1,86519.0,168382232.0,2.6,19.76,19.25,19.27,19.62,0.82,4.88,42.67,8.18,34320024757.0,3495368146.0,0.25,0.25,76.39,76.39
1082,300084,海默科技,11.94,0.51,0.06,986660.0,1253327936.19,13.05,13.44,11.89,12.91,11.88,0.9,28.51,-75.2,4.86,6070175394.0,4132453558.0,0.0,0.17,29.64,19.52
1083,002501,利源股份,2.0,0.5,0.01,666770.0,131648465.0,3.02,2.01,1.95,1.98,1.99,0.76,1.88,-60.22,26.93,7100000000.0,7092938412.0,0.0,0.0,-13.04,-19.68
1084,002900,哈三联,11.97,0.5,0.06,34496.0,41342906.0,3.53,12.17,11.75,11.76,11.91,1.02,2.14,-13.6,1.99,3786763964.0,1928635128.0,0.0,0.08,-17.68,-3.93
1085,688757,胜科纳米,28.05,0.5,0.14,19982.0,54276787.0,5.52,28.11,26.57,27.63,27.91,1.43,5.7,181.61,12.75,11312887182.0,983005770.0,0.07,0.18,7.18,6.61
1086,605162,新中港,10.07,0.5,0.05,88390.0,88772074.0,2.3,10.13,9.9,9.95,10.02,0.76,2.21,32.94,3.17,4033870830.0,4033870830.0,0.1,0.1,10.66,17.92
1087,600395,盘江股份,6.09,0.5,0.03,709007.0,438643884.0,4.62,6.35,6.07,6.31,6.06,1.35,3.3,-564.04,1.24,13072945604.0,13072945604.0,0.16,0.16,26.61,30.69
1088,300338,ST开元,4.0,0.5,0.02,75467.0,29846985.0,4.02,4.02,3.86,3.94,3.98,0.9,2.16,-19.03,-41.64,1610498768.0,1397444968.0,0.25,0.5,1.01,5.26
1089,300466,赛摩智能,10.26,0.49,0.05,124690.0,127403768.0,2.84,10.33,10.04,10.09,10.21,0.73,2.78,-436.63,7.62,5494536856.0,4605428382.0,0.0,0.1,3.95,2.09
1090,600770,综艺股份,6.21,0.49,0.03,341828.0,207492239.0,5.5,6.28,5.94,6.03,6.18,0.76,2.63,66.68,2.35,8073000000.0,8073000000.0,0.16,0.0,21.29,20.12
1091,688075,安旭生物,39.35,0.49,0.19,9226.0,36224358.0,3.42,39.89,38.55,39.0,39.16,1.7,0.73,68.15,0.97,5000708377.0,5000708377.0,0.0,-0.03,-0.13,1.76
1092,601908,京运通,4.08,0.49,0.02,708774.0,288514856.0,1.97,4.1,4.02,4.04,4.06,0.84,2.94,-32.49,1.12,9851579673.0,9851579673.0,-0.24,0.0,11.78,4.35
1093,600749,西藏旅游,16.42,0.49,0.08,44238.0,72021084.0,2.26,16.47,16.1,16.16,16.34,0.84,1.95,85.84,3.46,3726773789.0,3726773789.0,0.31,0.24,-4.03,-3.86
1094,000698,ST沈化,4.11,0.49,0.02,238996.0,100251691.78,4.65,4.29,4.1,4.2,4.09,1.49,3.04,28.42,2.28,3368204163.0,3229286163.0,-0.24,-0.24,9.31,12.3
1095,600056,中国医药,10.54,0.48,0.05,146671.0,154368204.0,2.29,10.6,10.36,10.4,10.49,1.08,0.98,26.0,1.33,15766572544.0,15761004578.0,0.0,0.0,-3.39,2.03
1096,003816,中国广核,4.17,0.48,0.02,2634481.0,1106243992.52,2.17,4.25,4.16,4.17,4.15,1.11,0.67,18.42,1.71,210579750637.0,164027434387.0,0.0,0.0,8.31,10.9
1097,002367,康力电梯,8.29,0.48,0.04,157383.0,129831087.96,2.67,8.36,8.14,8.24,8.25,1.51,1.98,15.45,1.83,6613309830.0,6587094985.0,0.12,0.24,12.64,2.85
1098,002613,北玻股份,4.15,0.48,0.02,202379.0,83539289.29,1.94,4.17,4.09,4.1,4.13,0.98,2.62,322.43,2.09,4567360072.0,3204864633.0,0.0,0.24,8.36,11.56
1099,603115,海星股份,29.09,0.48,0.14,113075.0,316329617.0,9.57,29.59,26.82,28.01,28.95,0.73,4.67,35.87,3.41,7036591736.0,7036591736.0,0.03,0.14,60.99,55.48
1100,000681,视觉中国,23.51,0.47,0.11,316265.0,730094052.73,3.89,23.62,22.71,22.82,23.4,0.79,4.68,166.23,4.54,16470575520.0,15898953545.0,0.09,0.04,3.25,-1.26
1101,601126,四方股份,53.2,0.47,0.25,416235.0,2148825763.0,10.76,55.66,49.96,50.95,52.95,1.27,5.04,47.22,9.37,44324617400.0,43894543280.0,-0.04,-0.17,91.78,76.86
1102,002531,天顺风能,10.72,0.47,0.05,499451.0,520246935.51,6.47,10.79,10.1,10.48,10.67,0.84,2.8,207.25,2.14,19262539214.0,19155204849.0,0.09,0.0,52.71,56.27
1103,002009,天奇股份,27.66,0.47,0.13,416768.0,1116873379.9,6.1,27.88,26.2,26.6,27.53,0.8,11.77,124.17,5.56,11125770506.0,9795030259.0,0.0,0.04,74.07,22.28
1104,002159,三特索道,19.05,0.47,0.09,54662.0,102868278.76,3.32,19.09,18.46,18.7,18.96,0.63,3.95,18.33,2.31,3377590241.0,2637902325.0,-0.16,0.26,20.11,24.27
1105,002385,大北农,4.26,0.47,0.02,2908535.0,1258091952.3,4.48,4.43,4.24,4.32,4.24,0.97,8.25,53.46,2.1,18318334687.0,15012571799.0,-0.23,0.0,5.71,6.5
1106,301063,海锅股份,27.98,0.47,0.13,104128.0,298321994.93,9.23,30.15,27.58,28.68,27.85,0.95,10.37,44.61,1.86,2920013058.0,2810496651.0,0.04,-0.04,15.72,14.63
1107,002378,章源钨业,44.91,0.47,0.21,1289629.0,5678510367.61,8.23,45.88,42.2,44.48,44.7,0.9,10.79,212.84,24.09,53955667380.0,53672900682.0,-0.16,0.04,249.22,216.71
1108,002455,百川股份,13.02,0.46,0.06,927768.0,1198547117.63,8.02,13.5,12.46,13.37,12.96,0.82,17.87,1207.26,4.44,7737244641.0,6760370616.0,0.0,0.0,70.87,81.59
1109,300639,凯普生物,6.62,0.46,0.03,196390.0,128660616.7,2.88,6.65,6.46,6.5,6.59,0.96,3.09,-25.14,1.11,4279834462.0,4204788136.0,0.15,0.3,12.97,23.05
1110,603406,天富龙,36.96,0.46,0.17,9683.0,35711174.0,2.83,37.4,36.36,36.4,36.79,0.81,2.64,34.2,3.17,14784369600.0,1355047589.0,0.14,0.11,-11.3,-9.19
1111,301109,军信股份,17.45,0.46,0.08,141055.0,245693064.68,2.71,17.59,17.12,17.19,17.37,0.8,6.12,17.06,1.8,13769809693.0,4024347321.0,0.06,0.23,19.11,16.33
1112,002877,智能自控,10.95,0.46,0.05,677422.0,736571186.44,8.99,11.2,10.22,10.22,10.9,1.71,28.17,172.43,3.21,3896488460.0,2633635439.0,-0.09,-0.09,17.62,19.28
1113,002756,永兴材料,69.2,0.46,0.32,185263.0,1245340802.5,7.68,69.5,64.21,67.3,68.88,0.73,4.77,52.63,2.98,37305826568.0,26900160357.0,-0.03,-0.03,51.92,27.56
1114,601886,江河集团,8.74,0.46,0.04,109727.0,94472331.0,3.68,8.78,8.46,8.63,8.7,1.86,0.97,16.23,1.38,9902438004.0,9902438004.0,0.11,0.0,12.63,7.11
1115,603169,兰石重装,11.11,0.45,0.05,384147.0,428539232.0,2.53,11.31,11.03,11.06,11.06,0.59,2.94,972.16,4.38,14512901876.0,14512901876.0,0.09,0.18,20.63,4.22
1116,000990,诚志股份,8.97,0.45,0.04,618334.0,570671294.32,7.73,9.65,8.96,9.45,8.93,1.73,5.09,78.93,0.61,10900680689.0,10900672616.0,-0.22,-0.44,17.87,13.26
1117,600869,远东股份,13.45,0.45,0.06,673980.0,891988037.0,4.26,13.55,12.98,13.2,13.39,0.69,3.04,133.52,7.01,29850294434.0,29850294434.0,0.0,0.22,94.36,67.08
1118,601568,北元集团,4.5,0.45,0.02,1352582.0,629530903.0,8.93,4.89,4.49,4.65,4.48,3.01,3.41,62.72,1.56,17875000008.0,17875000008.0,0.0,0.0,15.38,20.97
1119,002442,龙星科技,6.7,0.45,0.03,171345.0,114738161.0,3.45,6.83,6.6,6.67,6.67,1.47,3.48,41.46,1.84,3372040039.0,3300183376.0,0.0,0.15,-2.19,7.89
1120,001896,豫能控股,15.95,0.44,0.07,2643013.0,4202789023.65,11.15,16.77,15.0,15.0,15.88,1.07,17.32,63.43,7.06,24336212214.0,24336212214.0,0.19,0.44,188.43,206.73
1121,600101,明星电力,11.31,0.44,0.05,528135.0,598546274.0,2.75,11.5,11.19,11.2,11.26,0.88,9.64,33.7,2.01,6196324547.0,6196324547.0,0.0,0.09,25.67,22.8
1122,603103,横店影视,24.98,0.44,0.11,121971.0,296778795.0,4.83,24.99,23.79,24.2,24.87,0.93,1.92,99.5,12.8,15842316000.0,15842316000.0,-0.04,0.4,50.3,50.66
1123,603825,ST华扬,9.14,0.44,0.04,16659.0,15078019.0,2.42,9.17,8.95,8.98,9.1,0.46,0.66,-6.5,14.08,2315496085.0,2315496085.0,0.0,0.11,-1.61,0.88
1124,600894,广日股份,9.38,0.43,0.04,54324.0,50574014.0,2.25,9.41,9.2,9.3,9.34,0.9,0.64,15.05,0.93,7988743036.0,7908694894.0,0.21,0.21,2.74,1.41
1125,002107,沃华医药,6.96,0.43,0.03,90674.0,62811588.6,2.45,6.99,6.82,6.95,6.93,0.95,1.59,41.97,5.55,4017378816.0,3976902351.0,0.14,0.14,9.61,14.29
1126,300173,ST福能,4.71,0.43,0.02,164695.0,76252184.91,3.41,4.72,4.56,4.61,4.69,0.97,2.24,-130.33,3.58,3460558038.0,3460558038.0,0.43,0.43,-18.51,11.35
1127,300146,汤臣倍健,11.57,0.43,0.05,154679.0,177796767.67,2.0,11.58,11.35,11.4,11.52,0.87,1.38,16.18,1.73,19572703249.0,12967871885.0,0.0,0.26,-4.38,-3.66
1128,300745,欣锐科技,26.1,0.42,0.11,64080.0,166758905.28,4.5,26.58,25.41,25.41,25.99,0.82,4.53,-52.4,1.94,4374738215.0,3689483002.0,0.12,0.15,-2.83,1.32
1129,605100,华丰股份,42.73,0.42,0.18,23375.0,100082374.0,3.55,43.54,42.03,42.03,42.55,0.9,1.38,428.52,4.09,7295292900.0,7261194360.0,0.0,0.09,-2.47,-4.98
1130,603001,奥康国际,9.64,0.42,0.04,89786.0,84682144.0,5.31,9.68,9.17,9.61,9.6,0.96,2.24,-13.84,1.63,3865447200.0,3865447200.0,0.31,0.21,7.11,7.71
1131,300407,凯发电气,14.4,0.42,0.06,119429.0,170923747.9,4.32,14.5,13.88,14.01,14.34,1.05,4.63,50.12,2.39,4608583099.0,3714266390.0,0.0,0.07,14.83,27.21
1132,001382,新亚电缆,22.2,0.41,0.09,104620.0,232339821.2,2.58,22.45,21.88,22.0,22.11,1.39,16.87,88.88,5.75,9146400000.0,1376400000.0,-0.05,0.0,10.83,8.29
1133,688089,嘉必优,19.54,0.41,0.08,36886.0,72146954.0,2.93,19.85,19.28,19.36,19.46,1.54,2.19,20.99,2.0,3288760205.0,3288760205.0,0.05,0.05,-14.49,-16.07
1134,300253,卫宁健康,9.72,0.41,0.04,662839.0,630535474.96,4.24,9.75,9.34,9.4,9.68,0.87,3.63,-66.91,3.82,21534941404.0,17736636874.0,0.1,0.21,17.96,10.2
1135,600925,苏能股份,4.85,0.41,0.02,352122.0,172543614.0,2.69,4.96,4.83,4.92,4.83,1.41,2.19,133.31,2.17,33411111112.0,7789335642.0,0.21,0.21,1.89,6.83
1136,002514,宝馨科技,5.05,0.4,0.02,128243.0,63921312.0,2.78,5.06,4.92,4.99,5.03,0.83,2.31,-50.08,29.52,3636173033.0,2797873033.0,0.0,0.0,-27.13,-14.12
1137,300772,运达股份,19.84,0.4,0.08,166823.0,322843887.48,6.33,20.0,18.75,19.5,19.76,1.49,2.39,46.57,2.36,15611058467.0,13844786476.0,0.05,0.05,10.16,4.09
1138,600461,洪城环境,9.98,0.4,0.04,116484.0,116071803.0,1.41,10.03,9.89,9.98,9.94,1.19,0.91,10.31,1.33,12815870712.0,12815870712.0,0.0,0.0,-0.4,7.66
1139,002099,海翔药业,7.53,0.4,0.03,384079.0,282251749.23,4.93,7.54,7.17,7.3,7.5,0.67,2.38,1253.96,2.38,12188925855.0,12166204908.0,0.13,0.13,22.44,20.67
1140,600517,国网英大,7.57,0.4,0.03,734414.0,549937948.0,4.11,7.65,7.34,7.48,7.54,1.13,1.28,14.54,1.87,43288558582.0,43288558582.0,0.0,0.0,28.09,25.96
1141,601136,首创证券,17.52,0.4,0.07,103783.0,181791363.0,2.06,17.64,17.28,17.3,17.45,1.02,0.38,44.69,3.49,47888008176.0,47888008176.0,-0.06,-0.06,-11.96,-6.76
1142,300063,天龙集团,12.68,0.4,0.05,433837.0,542324621.0,3.72,12.73,12.26,12.35,12.63,0.78,6.92,65.04,5.53,9618124262.0,7944710337.0,0.16,0.16,44.58,47.96
1143,000571,新大洲A,7.48,0.4,0.03,332060.0,244047708.12,4.56,7.52,7.18,7.45,7.45,1.23,4.08,-46.1,44.24,6276684920.0,6088662404.0,0.13,0.13,15.25,27.65
1144,603023,威帝股份,5.21,0.39,0.02,150268.0,77231972.0,3.28,5.24,5.07,5.23,5.19,0.92,2.69,3089.75,3.78,2907791690.0,2907791690.0,0.19,0.19,15.01,3.58
1145,300451,创业慧康,5.1,0.39,0.02,298204.0,149901193.32,3.15,5.12,4.96,5.0,5.08,0.84,1.95,-48.48,1.83,7900535929.0,7786138227.0,0.0,0.2,2.82,5.37
1146,002672,东江环保,5.1,0.39,0.02,140658.0,71595222.0,2.17,5.13,5.02,5.05,5.08,0.77,1.55,-7.55,1.85,5636804590.0,4616103340.0,0.2,0.0,-0.78,10.39
1147,002073,软控股份,7.79,0.39,0.03,257952.0,197818955.84,3.22,7.81,7.56,7.69,7.76,0.79,2.54,19.66,1.3,7943668835.0,7900028476.0,0.13,0.39,-7.48,-4.42
1148,688646,ST逸飞,48.69,0.39,0.19,13213.0,64361006.0,4.25,49.6,47.54,48.05,48.5,1.06,2.28,-91.97,3.03,4584777384.0,2823289066.0,0.02,0.14,37.93,36.42
1149,301276,嘉曼服饰,25.85,0.39,0.1,58245.0,153088074.3,6.91,26.98,25.2,25.7,25.75,3.52,8.06,37.21,1.61,3350160000.0,1868117641.0,0.39,0.51,6.86,-13.78
1150,601006,大秦铁路,5.21,0.39,0.02,1968951.0,1028969967.0,1.35,5.25,5.18,5.19,5.19,0.87,0.98,12.65,0.63,104966795900.0,104966795900.0,-0.19,-0.19,-6.63,0.97
1151,000539,粤电力Ａ,5.18,0.39,0.02,444932.0,230336446.48,2.71,5.21,5.07,5.1,5.16,1.16,1.74,34.93,1.16,27196471047.0,13236904137.0,0.0,-0.19,11.64,17.19
1152,002326,永太科技,22.88,0.39,0.09,426817.0,951633036.61,5.44,23.0,21.76,22.3,22.79,1.2,5.28,487.66,7.77,21166920312.0,18490678881.0,0.22,0.26,-3.21,-8.19
1153,601865,福莱特,15.51,0.39,0.06,238106.0,363846642.0,4.01,15.61,14.99,15.26,15.45,0.95,1.25,42.75,1.67,36338073872.0,29484902822.0,0.0,0.06,-1.96,-1.02
1154,000951,中国重汽,20.75,0.39,0.08,264445.0,543238916.77,4.45,20.94,20.02,20.58,20.67,1.39,2.25,17.41,1.57,24378539220.0,24378539220.0,0.14,0.14,22.06,22.78
1155,300242,佳云科技,5.3,0.38,0.02,242181.0,126586636.0,4.36,5.34,5.11,5.19,5.28,0.67,3.82,-85.19,12.73,3363142687.0,3363140853.0,0.0,0.19,-2.21,6.0
1156,600998,九州通,5.28,0.38,0.02,367775.0,194027458.0,2.09,5.32,5.21,5.24,5.26,0.89,0.73,10.11,1.01,26624242836.0,26624242836.0,0.0,0.19,4.35,3.13
1157,001323,慕思股份,26.49,0.38,0.1,16000.0,42202909.75,3.37,26.69,25.8,26.21,26.39,1.38,0.51,18.51,2.61,11525289438.0,8244960553.0,0.0,0.0,-4.71,2.04
1158,600323,瀚蓝环境,29.2,0.38,0.11,73374.0,215287283.0,2.58,29.63,28.88,29.42,29.09,0.99,0.9,11.13,1.68,23808136663.0,23808136663.0,0.17,0.14,0.03,2.1
1159,600305,恒顺醋业,7.84,0.38,0.03,73272.0,57231533.0,1.41,7.86,7.75,7.78,7.81,0.76,0.66,45.9,2.58,8674736780.0,8647427708.0,0.0,0.0,-1.75,-1.01
1160,601777,千里科技,10.52,0.38,0.04,343251.0,353763533.0,5.25,10.64,10.09,10.24,10.48,0.84,0.76,669.52,4.55,47561972747.0,47561972747.0,0.0,0.0,4.16,-1.03
1161,600879,航天电子,26.24,0.38,0.1,1723912.0,4467843467.0,3.48,26.39,25.48,25.59,26.14,0.76,5.23,310.46,4.17,86573614524.0,86573614524.0,0.04,0.0,131.39,23.08
1162,688289,圣湘生物,18.41,0.38,0.07,44063.0,80150678.0,2.07,18.42,18.04,18.13,18.34,0.8,0.76,53.83,1.5,10666533190.0,10666533190.0,0.16,0.11,-9.09,-2.64
1163,300656,民德电子,23.55,0.38,0.09,42035.0,96845790.16,4.31,23.61,22.6,23.01,23.46,0.58,3.16,-269.82,4.11,4029995446.0,3129745357.0,-0.04,-0.17,14.32,6.95
1164,300359,全通教育,5.44,0.37,0.02,112189.0,60371220.5,2.77,5.46,5.31,5.34,5.42,0.74,1.77,-46.16,6.28,3445333816.0,3445161232.0,0.18,0.18,-4.06,1.49
1165,000903,ST云动,2.73,0.37,0.01,289420.0,78104598.6,2.57,2.74,2.67,2.69,2.72,0.87,1.51,-12.71,3.97,5282125239.0,5242314299.0,0.37,0.37,-3.19,3.8
1166,000727,冠捷科技,2.71,0.37,0.01,1869726.0,503476833.0,2.59,2.73,2.66,2.7,2.7,1.09,4.13,-15.3,5.31,12275126516.0,12275126516.0,-0.37,-0.37,-4.91,6.69
1167,300097,ST智云,8.2,0.37,0.03,73573.0,59538154.0,3.43,8.24,7.96,8.03,8.17,0.93,2.72,-15.9,6.23,2366107286.0,2214081574.0,0.12,0.37,21.3,13.26
1168,002457,青龙管业,13.63,0.37,0.05,147993.0,201019445.0,3.61,13.9,13.41,13.46,13.58,0.71,4.44,66.85,1.83,4545425084.0,4543174076.0,0.37,0.74,20.73,24.7
1169,002115,三维通信,13.65,0.37,0.05,526843.0,703496852.99,3.97,13.65,13.11,13.31,13.6,0.7,7.0,2890.11,5.34,11070031682.0,10267469012.0,0.0,0.15,28.05,7.14
1170,002810,山东赫达,19.1,0.37,0.07,102419.0,192044436.71,4.94,19.24,18.3,18.82,19.03,0.76,3.17,35.87,2.98,6663452965.0,6170813408.0,0.1,0.1,46.36,28.79
1171,600846,同济科技,13.67,0.37,0.05,64913.0,87619217.0,4.04,13.73,13.18,13.5,13.62,1.14,1.04,38.9,2.07,8540489924.0,8540489924.0,0.15,0.22,-20.11,3.95
1172,002401,中远海科,16.15,0.37,0.06,53876.0,86643729.35,2.61,16.28,15.86,15.91,16.09,0.49,1.45,339.23,3.67,6002445306.0,5997527631.0,0.12,0.12,0.94,1.38
1173,301057,汇隆新材,36.13,0.36,0.13,73145.0,254664466.77,8.89,36.5,33.3,36.36,36.0,1.69,8.86,103.11,5.55,4226105795.0,2983866973.0,0.0,0.08,21.32,0.03
1174,605499,东鹏饮料,235.84,0.36,0.84,23996.0,561794522.0,2.7,237.05,230.7,233.5,235.0,1.05,0.46,26.56,13.94,133195050208.0,122639865920.0,0.0,0.04,-11.5,-11.8
1175,000717,中南股份,2.75,0.36,0.01,344780.0,94163176.0,2.19,2.76,2.7,2.73,2.74,0.93,1.42,-74.35,0.85,6665575373.0,6664792654.0,0.0,0.36,5.77,6.18
1176,300042,朗科科技,38.75,0.36,0.14,237286.0,899838015.77,4.01,38.76,37.21,37.45,38.61,1.0,11.84,-204.61,7.75,7765500000.0,7764785063.0,0.05,0.16,44.27,50.78
1177,601600,中国铝业,14.02,0.36,0.05,3684252.0,5212796311.0,4.01,14.44,13.88,14.3,13.97,0.79,2.8,16.59,3.28,240512698005.0,184690579697.0,0.0,0.07,27.11,14.73
1178,600023,浙能电力,5.5,0.36,0.02,1146412.0,633038159.0,2.19,5.57,5.45,5.47,5.48,0.86,0.85,8.88,0.98,73748030120.0,73748030120.0,0.0,0.18,6.59,11.11
1179,300269,联建光电,8.4,0.36,0.03,578275.0,479454461.0,3.46,8.43,8.14,8.19,8.37,0.9,11.0,189.72,42.92,4612556130.0,4415708665.0,0.0,0.0,15.54,28.05
1180,300770,新媒股份,42.58,0.35,0.15,34714.0,146617881.97,2.71,42.75,41.6,42.0,42.43,0.7,1.52,14.21,2.49,9701367205.0,9701367205.0,0.05,0.07,3.73,0.4
1181,002465,海格通信,17.13,0.35,0.06,1158886.0,1969670349.04,4.28,17.34,16.61,16.91,17.07,0.57,4.68,-182.02,3.53,42513815529.0,42446206177.0,0.12,0.06,41.69,8.76
1182,300412,迦南科技,5.79,0.35,0.02,156694.0,89734525.9,2.25,5.79,5.66,5.7,5.77,0.78,3.35,214.05,2.79,2882010928.0,2708918930.0,0.87,1.05,0.7,8.22
1183,600917,重庆燃气,5.75,0.35,0.02,499036.0,292856299.0,4.36,6.0,5.75,5.92,5.73,0.8,3.2,48.14,1.57,8975978620.0,8975978620.0,0.0,-0.17,0.35,4.74
1184,603196,日播时尚,26.17,0.35,0.09,26914.0,70141366.0,2.03,26.3,25.77,25.8,26.08,0.78,1.14,189.54,9.13,10957050305.0,6201983340.0,0.15,0.08,5.44,2.51
1185,603689,皖天然气,8.68,0.35,0.03,271700.0,240876710.0,5.66,9.16,8.67,8.99,8.65,0.89,5.21,13.05,1.28,4565929298.0,4523457971.0,0.0,0.0,4.58,7.03
1186,300826,测绘股份,17.12,0.35,0.06,44422.0,75910850.2,2.05,17.23,16.88,16.9,17.06,1.22,2.62,113.19,2.11,3018850030.0,2903203403.0,0.0,0.06,0.18,0.12
1187,688693,锴威特,42.76,0.35,0.15,22275.0,94009490.0,4.6,43.38,41.42,41.74,42.61,1.25,5.73,-34.52,3.93,3150736862.0,1663552743.0,0.05,0.19,8.2,14.21
1188,603176,汇通集团,5.77,0.35,0.02,58618.0,33623149.0,2.96,5.83,5.66,5.73,5.75,1.08,1.27,-69.33,2.53,2742117802.0,2664678632.0,0.0,0.0,-5.56,9.7
1189,300477,ST合纵,2.85,0.35,0.01,336705.0,94764839.0,3.17,2.86,2.77,2.79,2.84,0.82,3.4,-16.95,3.1,3055253258.0,2823924093.0,0.0,0.0,-17.63,8.78
1190,002494,华斯股份,5.74,0.35,0.02,120667.0,68674143.14,3.15,5.77,5.59,5.67,5.72,1.04,4.21,-368.39,1.77,2165763521.0,1646062314.0,0.17,0.0,3.8,6.49
1191,300741,华宝股份,17.27,0.35,0.06,33114.0,57199491.16,4.59,17.5,16.71,17.0,17.21,1.13,0.54,103.56,1.55,10636247600.0,10636190609.0,0.0,0.12,-1.43,-7.05
1192,301102,兆讯传媒,11.52,0.35,0.04,44303.0,50280848.28,3.05,11.53,11.18,11.28,11.48,0.69,1.09,104.9,1.56,4677120000.0,4677120000.0,0.0,0.09,-3.44,9.82
1193,300043,星辉娱乐,5.92,0.34,0.02,387840.0,224322197.24,4.41,5.94,5.68,5.79,5.9,0.9,3.12,20.6,4.29,7365654534.0,7361753846.0,0.0,0.34,5.71,4.78
1194,301087,可孚医疗,59.25,0.34,0.2,49052.0,290198080.26,7.23,62.07,57.8,58.47,59.05,1.33,2.53,33.31,2.54,12377147250.0,11496871185.0,0.08,0.2,31.7,32.64
1195,301222,浙江恒威,32.71,0.34,0.11,20405.0,65815084.28,3.4,32.75,31.64,32.0,32.6,0.65,2.56,40.16,2.29,3278902736.0,2610966172.0,0.12,0.21,8.71,14.69
1196,605318,法狮龙,69.85,0.34,0.24,19616.0,134725007.0,4.8,70.36,67.02,68.0,69.61,0.9,1.56,-4571.59,13.59,8782172606.0,8782172606.0,0.06,0.3,34.17,7.18
1197,002125,湘潭电化,14.89,0.34,0.05,227432.0,334085318.61,4.65,15.05,14.36,14.42,14.84,0.85,3.61,44.68,3.07,9373059092.0,9373059092.0,-0.07,0.13,7.28,5.16
1198,001366,播恩集团,14.55,0.34,0.05,43958.0,63548169.72,3.59,14.73,14.21,14.5,14.5,1.17,2.74,-176.03,2.91,2337894000.0,2337894000.0,0.48,0.48,5.28,8.83
1199,603191,望变电气,26.71,0.34,0.09,239381.0,636617568.0,5.48,27.2,25.74,26.29,26.62,0.85,7.25,82.25,3.55,8875215868.0,8813355508.0,0.0,0.04,81.33,80.35
1200,300370,安控科技,2.97,0.34,0.01,696009.0,209435792.0,5.74,3.1,2.93,3.02,2.96,0.81,4.46,-53.71,9.14,4649167388.0,4637566149.0,0.0,0.0,8.0,13.79
1201,301487,盟固利,23.38,0.34,0.08,156562.0,354281229.25,6.22,23.49,22.04,22.9,23.3,1.11,5.74,996.14,5.7,10745832320.0,6377923814.0,0.0,0.13,3.96,6.61
1202,600338,西藏珠峰,17.83,0.34,0.06,453634.0,787635903.0,5.97,17.92,16.86,17.36,17.77,0.87,4.96,28.01,3.74,16300367295.0,16300367295.0,0.06,0.06,27.36,18.55
1203,002617,露笑科技,8.8,0.34,0.03,1063168.0,909378243.7,5.59,8.83,8.34,8.62,8.77,1.07,5.62,51.56,2.65,16922451946.0,16644793106.0,-0.11,0.0,10.97,8.64
1204,301162,国能日新,75.3,0.33,0.25,48318.0,357429441.95,7.46,76.5,70.9,74.23,75.05,1.37,5.67,99.26,6.53,9983554417.0,6417483764.0,0.2,0.27,47.42,46.9
1205,000422,湖北宜化,18.28,0.33,0.06,1248636.0,2333123810.91,7.63,19.6,18.21,19.15,18.22,1.31,11.8,22.38,3.27,19893180971.0,19336642204.0,-0.11,-0.05,25.46,28.64
1206,600373,中文传媒,9.16,0.33,0.03,111979.0,101556508.0,1.97,9.17,8.99,9.03,9.13,0.75,0.83,23.18,0.72,12341805866.0,12341805866.0,0.22,0.22,-11.15,-1.93
1207,301211,亨迪药业,12.24,0.33,0.04,32766.0,39952973.49,2.13,12.27,12.01,12.11,12.2,0.75,0.78,183.13,2.26,5111424000.0,5111424000.0,0.0,0.08,-18.02,0.16
1208,002899,英派斯,30.52,0.33,0.1,26359.0,79990258.0,3.94,30.94,29.74,29.95,30.42,0.74,1.78,66.66,2.59,4510763708.0,4510763708.0,-0.07,0.13,26.38,11.51
1209,002616,长青集团,6.09,0.33,0.02,269984.0,164380908.06,2.64,6.16,6.0,6.04,6.07,1.65,4.6,19.46,1.6,5232627681.0,3577754832.0,0.0,0.16,2.01,11.54
1210,600721,百花医药,9.02,0.33,0.03,74678.0,67182266.0,1.89,9.1,8.93,8.93,8.99,0.79,1.94,79.62,4.37,3468619668.0,3468619668.0,0.0,0.0,-7.87,-26.31
1211,600935,华塑股份,3.01,0.33,0.01,872496.0,266576824.0,5.67,3.16,2.99,3.05,3.0,1.74,2.49,-67.69,1.81,10820161549.0,10557279454.0,0.0,0.0,14.02,22.86
1212,300328,宜安科技,18.06,0.33,0.06,524540.0,906826194.82,7.72,18.1,16.71,17.57,18.0,1.34,7.64,27268.11,11.38,12469050216.0,12395783054.0,-0.11,-0.06,11.55,5.8
1213,000895,双汇发展,27.32,0.33,0.09,132357.0,362562118.22,2.06,27.58,27.02,27.18,27.23,1.24,0.38,17.93,4.68,94654544339.0,94642276402.0,-0.29,0.11,0.07,3.21
1214,600712,南宁百货,6.22,0.32,0.02,85122.0,52214541.0,3.71,6.25,6.02,6.1,6.2,1.04,1.58,8742.95,4.25,3387756339.0,3350392868.0,0.16,0.0,-10.89,-8.8
1215,002539,云图控股,15.55,0.32,0.05,496430.0,779654719.92,4.84,16.1,15.35,15.75,15.5,1.21,5.63,20.87,2.03,18780104499.0,13702694288.0,-0.06,0.0,41.11,31.56
1216,603580,*ST艾艾,15.92,0.32,0.05,8765.0,13818861.0,4.41,16.15,15.45,15.47,15.87,0.42,0.67,117.33,4.94,2080317344.0,2080317344.0,0.25,0.32,-2.99,-2.21
1217,002208,合肥城建,15.87,0.32,0.05,708936.0,1103458569.33,14.03,16.65,14.43,15.1,15.82,1.72,8.83,-243.57,1.98,12748242358.0,12744949158.0,-0.25,-0.25,38.0,28.19
1218,002469,三维化学,9.51,0.32,0.03,599570.0,583655836.85,7.07,10.12,9.45,9.75,9.48,2.02,9.53,30.16,2.35,6170683611.0,5980790604.0,0.11,0.0,14.44,13.89
1219,000788,北大医药,6.31,0.32,0.02,153493.0,96586174.42,1.75,6.32,6.21,6.28,6.29,1.06,2.58,20.74,2.33,3760680652.0,3760680652.0,0.0,0.0,-14.27,3.27
1220,001378,德冠新材,26.0,0.31,0.08,31921.0,82690217.07,2.2,26.12,25.55,25.85,25.92,1.2,4.95,43.7,1.84,3466673600.0,1677149916.0,0.0,-0.08,12.55,10.26
1221,600724,宁波富达,6.57,0.31,0.02,128633.0,84541531.0,3.82,6.72,6.47,6.58,6.55,0.79,0.89,42.13,3.33,9495233836.0,9493273302.0,0.31,0.31,16.08,15.47
1222,688056,莱伯泰科,38.86,0.31,0.12,8565.0,32974798.0,5.11,39.33,37.35,37.9,38.74,1.15,1.27,66.56,3.21,2621202596.0,2621202596.0,0.0,-0.03,10.52,15.62
1223,601949,中国出版,6.51,0.31,0.02,164945.0,106734973.0,2.47,6.53,6.37,6.41,6.49,0.75,0.87,39.03,1.29,12394832032.0,12394832032.0,0.0,0.15,0.15,0.93
1224,002490,山东墨龙,13.24,0.3,0.04,1961600.0,2720520231.03,10.53,14.52,13.13,14.52,13.2,2.19,36.21,1458.78,21.22,10563512816.0,7172399280.0,0.23,-0.08,78.68,103.69
1225,300299,富春股份,6.6,0.3,0.02,190398.0,123351561.94,3.65,6.61,6.37,6.5,6.58,0.75,2.76,-370.84,10.6,4555980561.0,4548872361.0,0.0,0.0,-13.61,-7.04
1226,300035,中科电气,20.02,0.3,0.06,213810.0,414883069.32,5.41,20.04,18.96,19.56,19.96,1.05,3.67,25.62,2.8,13722241953.0,11678629563.0,0.0,0.05,-3.14,-5.97
1227,603029,天鹅股份,20.24,0.3,0.06,26195.0,52014222.0,3.37,20.24,19.56,19.96,20.18,1.03,2.16,35.15,2.64,2455962080.0,2455962080.0,2.02,1.76,7.2,10.96
1228,300088,长信科技,6.66,0.3,0.02,1051182.0,682524556.44,4.82,6.68,6.36,6.51,6.64,0.94,4.23,43.7,1.9,16634905636.0,16553454289.0,0.0,0.15,9.72,9.9
1229,600566,济川药业,27.83,0.29,0.08,47183.0,130125934.0,2.02,27.91,27.35,27.6,27.75,0.93,0.51,18.81,1.85,25641010756.0,25554462239.0,0.14,0.36,0.83,5.82
1230,301237,和顺科技,63.17,0.29,0.18,10261.0,63405587.93,6.33,63.89,59.9,63.89,62.99,0.97,1.56,-165.11,3.86,5053600000.0,4160534125.0,0.0,0.67,31.33,9.08
1231,688101,三达膜,17.38,0.29,0.05,26541.0,45706535.0,2.08,17.38,17.02,17.2,17.33,0.66,0.8,15.28,1.3,5770369707.0,5770369707.0,0.17,0.12,0.52,5.72
1232,600403,大有能源,6.99,0.29,0.02,796818.0,568550664.0,5.6,7.35,6.96,7.3,6.97,0.82,3.33,-11.17,3.65,16711778690.0,16711778690.0,0.0,0.14,-24.02,0.14
1233,603533,掌阅科技,27.42,0.29,0.08,289807.0,777587302.0,4.86,27.53,26.2,26.24,27.34,0.69,6.6,-41.66,5.21,12034551216.0,12034551216.0,0.04,0.26,31.45,23.96
1234,605169,洪通燃气,13.95,0.29,0.04,107744.0,154104529.0,6.97,14.9,13.93,14.6,13.91,0.89,3.81,32.03,2.02,3946176000.0,3946176000.0,-0.36,-0.43,2.72,5.84
1235,000554,泰山石油,10.41,0.29,0.03,1166220.0,1278122962.9,10.31,11.42,10.35,11.42,10.38,1.36,32.16,33.16,4.32,5005058440.0,3775219781.0,0.0,0.0,53.09,60.65
1236,300075,数字政通,13.84,0.29,0.04,108339.0,148108209.4,4.06,13.98,13.42,13.6,13.8,0.93,2.1,-123.51,2.47,8596441387.0,7133668508.0,-0.14,-0.07,-10.94,-9.78
1237,002415,海康威视,31.16,0.29,0.09,412952.0,1273101780.04,2.41,31.19,30.44,30.61,31.07,0.9,0.46,20.13,3.43,285577397498.0,281886871038.0,0.0,0.03,2.7,4.42
1238,600021,上海电力,21.81,0.28,0.06,716971.0,1560941311.0,2.3,21.95,21.45,21.5,21.75,0.88,2.54,15.13,2.91,61531134150.0,61531134150.0,0.0,-0.05,9.76,8.94
1239,301289,国缆检测,58.06,0.28,0.16,10421.0,59934286.6,2.42,58.25,56.85,56.9,57.9,1.06,1.34,51.44,4.58,4528680000.0,4499702254.0,-0.07,-0.14,4.39,-1.12
1240,600688,上海石化,3.54,0.28,0.01,2668019.0,977822282.0,10.2,3.87,3.51,3.87,3.53,0.77,3.64,-64.86,1.54,37320865950.0,25943999790.0,0.0,0.0,28.73,27.34
1241,601900,南方传媒,14.18,0.28,0.04,94245.0,133160259.0,2.55,14.25,13.89,13.95,14.14,0.95,1.07,11.03,1.45,12506335933.0,12506335933.0,0.14,0.0,1.07,5.74
1242,603990,麦迪科技,14.2,0.28,0.04,75061.0,105054231.0,3.46,14.24,13.75,13.96,14.16,0.84,2.45,95.18,5.22,4349214780.0,4349214780.0,-0.07,0.0,-5.71,-6.39
1243,603392,万泰生物,39.31,0.28,0.11,30663.0,119894629.0,2.45,39.55,38.59,38.75,39.2,0.88,0.24,-214.95,4.11,49703281125.0,49703281125.0,0.0,0.0,-15.82,-12.53
1244,000889,中嘉博创,3.61,0.28,0.01,211123.0,75222579.7,4.17,3.64,3.49,3.56,3.6,0.92,2.43,-86.41,47.62,3380010929.0,3140157330.0,0.28,0.0,-3.48,0.28
1245,600887,伊利股份,26.28,0.27,0.07,578505.0,1512953329.0,2.1,26.4,25.85,26.04,26.21,1.13,0.92,11.96,2.95,166230478329.0,165404473068.0,0.04,0.0,-8.72,-8.11
1246,601011,宝泰隆,3.71,0.27,0.01,1324322.0,500858697.0,6.22,3.92,3.69,3.89,3.7,0.86,6.91,105.85,1.23,7107115440.0,7107115440.0,-0.27,0.0,-6.55,9.12
1247,301175,中科环保,7.4,0.27,0.02,679136.0,498836089.91,3.12,7.44,7.21,7.24,7.38,0.7,10.92,28.53,2.94,10891912000.0,4601912000.0,0.0,0.0,41.22,25.21
1248,603096,新经典,18.62,0.27,0.05,18599.0,34462912.0,2.96,18.75,18.2,18.5,18.57,0.69,1.21,31.77,1.54,2871848699.0,2871848699.0,0.22,0.22,1.14,6.89
1249,301116,益客食品,11.18,0.27,0.03,58127.0,64580217.62,2.78,11.29,10.98,11.03,11.15,1.35,1.29,-13.06,3.4,5019591850.0,5019566695.0,0.0,-0.09,-13.0,2.29
1250,600481,双良节能,7.68,0.26,0.02,1112037.0,838853407.0,4.18,7.71,7.39,7.5,7.66,0.82,5.39,-21.87,3.48,15852762854.0,15852762854.0,0.39,0.39,36.9,17.43
1251,300780,德恩精工,22.9,0.26,0.06,66166.0,149711562.5,3.37,22.99,22.22,22.3,22.84,0.66,6.15,-77.6,3.28,3358743000.0,2462551775.0,0.04,0.04,32.83,18.78
1252,300525,博思软件,11.51,0.26,0.03,173770.0,196455488.09,3.66,11.55,11.13,11.33,11.48,0.91,2.79,885.59,3.47,8729799532.0,7160174501.0,-0.09,0.09,-15.62,-18.37
1253,000767,晋控电力,3.88,0.26,0.01,2054928.0,801018321.04,5.17,4.05,3.85,3.86,3.87,0.88,7.06,28.39,1.9,11938535810.0,11299516172.0,0.26,-0.26,34.72,38.57
1254,688238,和元生物,7.73,0.26,0.02,138633.0,106622900.0,4.8,7.82,7.45,7.5,7.71,0.98,2.16,-22.73,3.42,5017053691.0,4956056261.0,0.0,-0.13,11.06,16.07
1255,002689,ST远智,3.87,0.26,0.01,123215.0,47256936.92,3.37,3.9,3.77,3.81,3.86,0.66,1.18,72.41,3.31,4037612506.0,4036067598.0,0.0,0.0,-5.84,20.56
1256,301299,卓创资讯,66.63,0.26,0.17,26867.0,180698000.28,5.96,69.76,65.8,66.0,66.46,1.2,4.45,60.93,6.77,4023156713.0,4023156713.0,0.05,-0.07,20.53,22.53
1257,301348,蓝箭电子,26.55,0.26,0.07,99215.0,259071032.43,4.04,26.68,25.61,25.65,26.48,0.74,6.4,-180.34,4.28,6372000000.0,4118944964.0,0.04,0.08,26.01,31.5
1258,000096,广聚能源,11.67,0.26,0.03,476653.0,579434633.99,8.51,12.66,11.67,12.48,11.64,0.88,9.33,150.67,2.21,6161760000.0,5961596160.0,-0.26,-0.26,6.67,13.63
1259,002168,*ST惠程,4.08,0.25,0.01,47773.0,19366958.0,2.21,4.09,4.0,4.02,4.07,0.56,0.61,-55.52,141.17,3199386541.0,3199386541.0,0.25,0.25,11.17,-2.86
1260,002060,广东建工,3.97,0.25,0.01,363472.0,143830102.0,1.52,3.98,3.92,3.94,3.96,1.14,2.33,20.02,1.08,14904941171.0,6204374200.0,0.25,0.0,3.93,10.28
1261,600368,五洲交通,4.05,0.25,0.01,179288.0,72370720.0,1.24,4.06,4.01,4.02,4.04,0.92,1.11,9.62,0.91,6519098125.0,6519098125.0,0.25,0.25,0.0,3.32
1262,300420,五洋自控,4.08,0.25,0.01,290277.0,117240085.0,2.46,4.09,3.99,4.03,4.07,0.88,2.6,88.1,1.93,4554844929.0,4554491193.0,0.49,0.49,-2.86,2.26
1263,300267,尔康制药,4.08,0.25,0.01,779999.0,314073651.3,3.93,4.11,3.95,4.01,4.07,0.75,5.48,159.48,1.88,8415427870.0,5803358915.0,0.0,0.25,5.97,19.65
1264,000925,众合科技,8.04,0.25,0.02,139722.0,110669000.8,3.24,8.07,7.81,7.91,8.02,0.72,2.08,-88.25,1.65,5438013658.0,5412884236.0,0.12,0.25,-5.96,-10.47
1265,000629,钒钛股份,4.05,0.25,0.01,2175202.0,866037378.7,4.7,4.07,3.88,4.01,4.04,0.9,2.34,-189.85,3.07,37628338772.0,37625828193.0,0.0,0.25,31.92,30.65
1266,920694,中裕科技,20.18,0.25,0.05,30812.0,63628313.6,6.66,21.36,20.02,21.24,20.13,0.57,4.93,30.02,3.01,2665545446.0,1261057099.0,0.4,-0.05,6.1,3.22
1267,002848,*ST高斯,11.91,0.25,0.03,42229.0,50103657.0,4.8,12.13,11.56,11.77,11.88,1.27,2.56,-35.53,17.25,1990756500.0,1964271185.0,0.25,0.25,43.32,32.63
1268,002315,焦点科技,43.64,0.25,0.11,55938.0,241223767.73,3.42,43.95,42.46,43.17,43.53,0.85,2.76,27.46,5.05,13844173323.0,8829037990.0,0.05,0.11,1.72,-4.63
1269,000848,承德露露,8.28,0.24,0.02,62303.0,51213152.47,1.45,8.28,8.16,8.18,8.26,0.74,0.62,16.51,2.48,8445600613.0,8372272933.0,0.0,0.24,-4.28,-2.59
1270,603387,基蛋生物,8.4,0.24,0.02,81308.0,67757370.0,1.91,8.41,8.25,8.34,8.38,1.02,1.6,19.9,1.58,4260089543.0,4260089543.0,0.24,0.24,-0.94,0.36
1271,002267,陕天然气,8.2,0.24,0.02,493027.0,416103444.81,7.58,8.82,8.2,8.66,8.18,0.87,4.43,14.42,1.39,9119018649.0,9119018649.0,-0.24,-0.24,2.24,8.9
1272,688320,禾川科技,33.62,0.24,0.08,39649.0,132092945.0,4.92,34.15,32.5,33.01,33.54,1.41,2.63,-39.5,4.15,5077079518.0,5077079518.0,0.03,-0.15,4.7,-9.91
1273,002410,广联达,12.77,0.24,0.03,329503.0,414164632.3,3.77,12.84,12.36,12.52,12.74,0.89,2.07,50.85,3.55,21095329247.0,20279795379.0,-0.08,0.08,2.65,1.51
1274,600746,江苏索普,8.3,0.24,0.02,256576.0,217513136.0,5.8,8.76,8.28,8.6,8.28,1.15,2.2,57.73,1.78,9693095937.0,9678483480.0,0.12,0.12,17.07,20.64
1275,000676,智度股份,8.29,0.24,0.02,279505.0,229201930.66,2.66,8.32,8.1,8.22,8.27,0.85,2.22,65.66,2.46,10443652592.0,10437346530.0,0.12,0.24,-5.47,-3.94
1276,603337,杰克科技,45.86,0.24,0.11,60983.0,276515319.0,6.01,46.66,43.91,45.24,45.75,1.2,1.29,24.04,4.45,21848240149.0,21725051017.0,0.15,-0.09,16.54,5.84
1277,002983,芯瑞达,25.3,0.24,0.06,51359.0,128571441.48,3.25,25.4,24.58,24.77,25.24,0.98,4.01,45.02,4.12,5658664337.0,3242385205.0,-0.16,-0.08,9.29,10.96
1278,688118,普元信息,35.08,0.23,0.08,88818.0,302514401.0,6.0,35.21,33.11,33.24,35.0,0.8,9.52,438.38,3.75,3273550292.0,3273550292.0,0.11,0.23,40.94,37.46
1279,600768,宁波富邦,17.69,0.23,0.04,55067.0,96601562.0,3.74,17.89,17.23,17.7,17.65,0.86,4.12,109.95,6.11,2365987968.0,2365987968.0,0.0,0.34,29.31,26.36
1280,300246,宝莱特,12.98,0.23,0.03,81404.0,102770548.5,5.1,13.02,12.36,12.85,12.95,0.92,3.85,-308.8,2.97,3434575159.0,2742796375.0,-0.15,0.15,51.81,60.25
1281,002878,元隆雅图,17.11,0.23,0.04,75398.0,127588766.0,3.28,17.23,16.67,16.77,17.07,0.69,3.2,374.15,3.48,4482678449.0,4036810858.0,0.06,0.06,-11.39,-6.09
1282,300135,宝利国际,4.45,0.23,0.01,1110685.0,511782998.7,11.04,4.86,4.37,4.8,4.44,0.85,12.05,-303.68,4.34,4101120000.0,4101120000.0,-0.22,-0.22,10.42,12.66
1283,000607,华媒控股,4.35,0.23,0.01,172320.0,74045377.76,2.3,4.35,4.25,4.26,4.34,0.77,1.95,-57.18,2.86,4426988084.0,3849895481.0,0.23,0.46,-1.58,4.82
1284,688092,爱科科技,31.59,0.22,0.07,14595.0,44633281.0,5.01,31.59,30.01,30.01,31.52,0.85,1.77,51.29,3.95,2611347547.0,2611347547.0,1.8,1.77,26.56,25.66
1285,300125,*ST聆达,8.94,0.22,0.02,69018.0,60951712.0,3.48,8.96,8.65,8.77,8.92,0.92,1.91,-34.9,-3.6,5952698884.0,3225644547.0,0.11,0.0,31.09,17.17
1286,000536,华映科技,4.64,0.22,0.01,528957.0,243301437.6,2.16,4.65,4.55,4.55,4.63,0.72,1.91,-13.34,22.44,12834392206.0,12820702874.0,-0.22,0.22,-24.55,-4.92
1287,301320,豪江智能,18.26,0.22,0.04,33222.0,60356122.4,2.2,18.37,17.97,18.15,18.22,0.7,4.87,138.07,3.13,3323502600.0,1245499536.0,0.16,0.11,6.29,7.6
1288,600900,长江电力,27.2,0.22,0.06,2075028.0,5674816795.0,1.99,27.63,27.09,27.16,27.14,1.31,0.85,19.48,3.01,665535521875.0,665535521875.0,-0.07,0.0,-3.06,0.82
1289,002742,*ST三圣,4.48,0.22,0.01,70137.0,31477275.0,3.13,4.56,4.42,4.42,4.47,1.09,1.34,-12.93,-3.19,3064777144.0,2347341351.0,0.45,0.0,-3.66,-0.88
1290,002737,葵花药业,13.63,0.22,0.03,26493.0,35862138.3,1.99,13.7,13.43,13.59,13.6,0.87,0.45,-178.0,1.96,7959920000.0,7959920000.0,0.0,-0.15,-9.07,-7.72
1291,002340,格林美,9.08,0.22,0.02,2442803.0,2169166164.59,4.75,9.1,8.67,8.97,9.06,0.9,4.81,31.35,2.25,46338268244.0,46086992437.0,0.11,0.11,23.2,8.61
1292,600130,*ST波导,4.71,0.21,0.01,207455.0,96055128.0,4.26,4.73,4.53,4.65,4.7,1.01,2.77,753.77,3.68,3532500000.0,3532500000.0,0.0,0.21,17.75,12.41
1293,603071,物产环能,14.3,0.21,0.03,45666.0,65876698.0,2.45,14.63,14.28,14.42,14.27,1.03,0.82,13.22,1.41,7978748521.0,7978748521.0,-0.14,0.0,7.36,8.99
1294,300018,中元股份,14.24,0.21,0.03,381120.0,537350294.44,4.86,14.41,13.72,13.9,14.21,1.15,8.48,46.05,4.99,6911178033.0,6398206454.0,-0.35,0.0,32.84,29.45
1295,603183,建研院,4.81,0.21,0.01,120786.0,57683689.0,2.71,4.84,4.71,4.78,4.8,0.93,2.43,372.12,1.5,2391307137.0,2391307137.0,0.21,0.63,4.79,11.6
1296,002487,大金重工,65.33,0.21,0.14,220258.0,1397002066.18,8.44,66.5,61.0,63.1,65.19,1.2,3.49,37.76,5.03,41664164970.0,41218020978.0,0.0,-0.06,18.31,25.8
1297,300177,中海达,9.45,0.21,0.02,114461.0,106456705.45,3.08,9.47,9.18,9.36,9.43,0.8,1.89,-114.72,4.66,7032397674.0,5729565722.0,0.11,0.11,-0.11,-8.52
1298,600649,城投控股,4.84,0.21,0.01,440667.0,210429942.0,2.69,4.85,4.72,4.79,4.83,0.78,1.76,41.73,0.56,12121783717.0,12121783717.0,0.21,0.21,10.25,8.76
1299,000883,湖北能源,4.86,0.21,0.01,454691.0,221393391.8,1.65,4.91,4.83,4.83,4.85,0.91,0.7,18.15,0.92,34405823882.0,31490785306.0,0.0,0.21,3.85,7.05
1300,603602,纵横通信,14.15,0.21,0.03,50481.0,70365787.0,3.61,14.22,13.71,13.9,14.12,0.82,2.18,80.16,3.05,3269463540.0,3269463540.0,0.0,-0.07,-4.52,-2.82
1301,300207,欣旺达,25.05,0.2,0.05,527841.0,1291235488.84,5.76,25.14,23.7,24.6,25.0,1.0,3.08,24.7,1.85,46278934272.0,42931621985.0,0.08,0.12,-13.41,-4.21
1302,002379,宏桥控股,30.57,0.2,0.06,204643.0,629493788.12,3.54,31.33,30.25,31.1,30.51,0.64,1.8,-1760.34,19.41,398361283435.0,34738945629.0,0.07,0.16,39.46,27.8
1303,600265,ST景谷,19.59,0.2,0.04,2141.0,4149613.0,1.89,19.59,19.22,19.4,19.55,0.57,0.16,-8.96,292.67,2542782000.0,2542782000.0,0.26,0.26,-2.59,-2.49
1304,600259,中稀有色,92.0,0.2,0.18,164376.0,1473414956.0,7.31,93.09,86.38,89.76,91.82,0.75,4.89,181.98,8.86,30952103720.0,30952103720.0,0.2,0.25,71.23,63.53
1305,300510,金冠股份,5.06,0.2,0.01,770708.0,388401507.06,2.97,5.12,4.97,5.0,5.05,1.16,9.35,-44.36,1.88,4172934942.0,4172934942.0,0.0,0.0,19.62,22.52
1306,688509,正元地信,4.92,0.2,0.01,96147.0,46603613.0,3.67,4.95,4.77,4.85,4.91,0.77,2.5,-22.25,3.32,3788400000.0,1893177624.0,0.41,0.41,3.8,-10.38
1307,003005,竞业达,20.08,0.2,0.04,24604.0,49001878.8,2.74,20.19,19.64,19.8,20.04,0.66,1.94,-103.69,2.59,4646284915.0,2549722376.0,-0.1,-0.1,-8.52,-1.52
1308,300597,吉大通信,9.94,0.2,0.02,68003.0,66633081.0,2.92,9.94,9.65,9.8,9.92,0.95,2.51,-72.04,2.87,2709346098.0,2697440046.0,0.1,0.3,4.19,7.58
1309,000697,ST炼石,10.22,0.2,0.02,126336.0,129247642.0,3.82,10.4,10.01,10.08,10.2,0.53,1.93,-61.09,-268.82,14268022426.0,6674757097.0,-0.2,0.1,14.57,18.15
1310,600168,武汉控股,5.38,0.19,0.01,161592.0,87148890.0,2.23,5.44,5.32,5.34,5.37,1.21,1.63,48.33,1.0,5344478921.0,5344478921.0,-0.19,-0.19,2.28,5.7
1311,002346,柘中股份,21.35,0.19,0.04,71361.0,149330601.0,5.11,21.5,20.41,20.88,21.31,0.9,1.81,20.08,3.27,9427635132.0,8397489348.0,0.05,0.14,25.96,5.12
1312,688699,明微电子,47.28,0.19,0.09,30304.0,139730694.0,4.77,47.28,45.03,46.0,47.19,0.79,2.75,-112.03,4.37,5203856179.0,5203856179.0,0.0,0.57,3.03,11.22
1313,600543,莫高股份,5.28,0.19,0.01,60691.0,31817697.0,2.28,5.31,5.19,5.19,5.27,0.91,1.89,-25.5,2.23,1695513600.0,1695513600.0,-0.19,0.19,-12.58,-0.56
1314,300324,旋极信息,5.32,0.19,0.01,507300.0,263428766.17,4.71,5.34,5.09,5.18,5.31,0.92,2.97,-39.76,3.33,9190781965.0,9097151311.0,0.0,0.19,-10.29,-11.04
1315,301330,熵基科技,37.67,0.19,0.07,43790.0,162691162.98,3.35,37.87,36.61,37.01,37.6,0.8,2.25,51.86,2.61,8865692889.0,7320093203.0,0.0,0.0,30.53,13.98
1316,601098,中南传媒,10.78,0.19,0.02,87252.0,93515788.0,2.23,10.81,10.57,10.64,10.76,0.71,0.49,12.41,1.23,19360880000.0,19360880000.0,0.09,0.19,-3.06,-4.26
1317,300339,润和软件,46.59,0.19,0.09,333124.0,1530004253.98,6.65,47.72,44.63,45.58,46.5,0.85,4.28,354.18,10.3,37104781082.0,36232414827.0,0.0,-0.13,-5.63,-5.88
1318,920163,方大新材,15.95,0.19,0.03,10173.0,16071171.35,2.32,15.95,15.58,15.72,15.92,0.57,1.7,49.22,4.12,2053006802.0,953123911.0,0.19,1.33,5.49,10.23
1319,002093,国脉科技,10.7,0.19,0.02,154099.0,161515529.0,3.93,10.73,10.31,10.55,10.68,0.93,1.53,41.26,2.81,10780250000.0,10780250000.0,0.0,0.09,-13.36,-6.96
1320,002990,盛视科技,26.3,0.19,0.05,25679.0,66526884.0,3.47,26.42,25.51,25.88,26.25,0.77,1.91,84.25,2.82,6886711229.0,3526708704.0,0.0,-0.04,-7.0,-7.1
1321,301103,何氏眼科,20.96,0.19,0.04,24470.0,51322537.84,3.15,21.34,20.68,20.73,20.92,1.33,1.55,45.67,1.73,3312234832.0,3312234832.0,-0.1,0.05,3.4,6.83
1322,300955,嘉亨家化,34.16,0.18,0.06,17383.0,58811020.87,2.87,34.35,33.37,33.93,34.1,0.92,1.72,-87.54,3.92,3443328000.0,3443328000.0,-0.06,0.09,-10.55,-17.71
1323,600420,国药现代,10.85,0.18,0.02,173802.0,188844607.0,2.59,10.99,10.71,10.72,10.83,1.01,1.3,15.41,1.06,14551723708.0,14551723708.0,0.0,0.09,5.03,7.43
1324,601607,上海医药,17.17,0.18,0.03,104254.0,178566940.0,1.28,17.22,17.0,17.06,17.14,0.91,0.37,9.28,0.84,63672572261.0,47890692861.0,-0.06,-0.06,-3.59,-3.21
1325,300409,道氏技术,28.43,0.18,0.05,362897.0,1007463095.44,5.32,28.58,27.07,27.53,28.38,0.93,5.28,40.15,2.77,22239337734.0,19545330522.0,0.0,0.07,34.23,26.41
1326,603335,迪生力,6.05,0.17,0.01,156854.0,94510230.0,3.64,6.13,5.91,6.04,6.04,1.32,3.66,-50.27,11.97,2590274830.0,2590274830.0,0.17,0.17,-1.79,7.46
1327,301571,国科天成,63.41,0.17,0.11,49978.0,317293391.45,3.03,64.25,62.33,62.62,63.3,0.7,4.19,55.87,5.58,11377396826.0,7556378836.0,0.02,-0.28,30.31,9.93
1328,603322,超讯通信,35.52,0.17,0.06,38954.0,135938993.0,3.92,35.61,34.22,35.0,35.46,0.81,2.47,70.12,19.43,5597482994.0,5597482994.0,0.06,0.08,-25.98,-7.4
1329,002555,三七互娱,23.11,0.17,0.04,456987.0,1044539162.89,4.38,23.28,22.27,22.38,23.07,0.95,2.86,16.35,3.8,51124812808.0,36952134141.0,-0.09,-0.09,14.75,-2.08
1330,002034,旺能环境,17.8,0.17,0.03,68372.0,121373553.29,1.29,17.84,17.61,17.7,17.77,1.34,1.58,10.51,1.11,7724955588.0,7686618162.0,0.06,0.11,9.47,11.95
1331,002236,大华股份,18.2,0.17,0.03,361331.0,649037924.65,3.19,18.28,17.7,17.9,18.17,0.87,1.71,15.52,1.57,59818951447.0,38510509310.0,0.0,-0.05,-4.61,-3.91
1332,300098,高新兴,5.84,0.17,0.01,502315.0,287466801.81,4.63,5.87,5.6,5.74,5.83,0.93,3.26,119.76,3.74,10148648486.0,9003782782.0,-0.17,0.17,5.61,-4.26
1333,000062,深圳华强,23.54,0.17,0.04,89413.0,206466751.55,4.04,23.67,22.72,23.23,23.5,0.93,0.86,51.14,3.58,24620705440.0,24597587253.0,0.13,0.17,-4.97,-4.39
1334,600615,鑫源智造,12.39,0.16,0.02,36792.0,44870504.0,3.96,12.47,11.98,12.25,12.37,0.87,1.63,411.89,3.8,2795488918.0,2791046360.0,0.24,0.41,6.44,10.82
1335,301337,亚华电子,31.55,0.16,0.05,17557.0,54908722.73,2.29,31.62,30.9,31.04,31.5,0.89,4.75,-423.8,3.0,3287510000.0,1166901201.0,0.0,0.1,7.64,14.69
1336,603334,丰倍生物,55.29,0.16,0.09,38766.0,216348492.0,6.12,57.57,54.19,57.53,55.2,1.18,12.48,50.73,6.8,7934115000.0,1716955092.0,0.13,-0.13,24.98,32.27
1337,301270,汉仪股份,36.81,0.16,0.06,34025.0,122917563.46,3.92,36.93,35.49,35.93,36.75,0.83,3.6,248.34,3.74,3681000000.0,3478281588.0,0.0,0.03,-5.06,-1.52
1338,688777,中控技术,74.37,0.16,0.12,170978.0,1246255290.0,4.82,74.98,71.4,71.4,74.25,0.69,2.17,130.73,5.8,58840765123.0,58543998183.0,0.28,0.23,46.25,50.73
1339,688739,成大生物,25.3,0.16,0.04,15285.0,38535788.0,1.35,25.37,25.03,25.26,25.26,0.75,0.37,76.56,1.11,10536185000.0,10536185000.0,0.0,-0.04,-5.42,-1.79
1340,600556,天下秀,6.62,0.15,0.01,564581.0,366562999.0,4.08,6.66,6.39,6.5,6.61,0.76,3.12,251.72,3.11,11967289390.0,11967289390.0,0.0,0.15,6.6,9.06
1341,600635,大众公用,6.69,0.15,0.01,2018472.0,1388663668.0,6.59,7.12,6.68,7.02,6.68,0.81,8.34,28.5,2.18,19751787976.0,16181716306.0,0.15,0.0,-10.44,2.29
1342,003041,真爱美家,52.63,0.15,0.08,26279.0,135621544.8,4.21,52.76,50.55,51.14,52.55,0.88,1.92,24.68,5.18,7578720000.0,7201015542.0,0.44,0.27,6.86,-3.13
1343,301246,宏源药业,20.19,0.15,0.03,66247.0,131940567.2,3.08,20.24,19.62,19.8,20.16,0.92,4.14,-5505.66,1.86,8076137292.0,3231263123.0,0.05,0.25,13.75,-19.24
1344,600012,皖通高速,14.63,0.14,0.02,70429.0,103807978.0,2.81,14.92,14.51,14.62,14.61,1.05,0.6,12.69,2.01,24996699336.0,17052728000.0,0.14,0.41,-4.07,-1.28
1345,000766,通化金马,21.27,0.14,0.03,149633.0,313490124.8,3.34,21.29,20.58,21.15,21.24,0.72,1.55,617.62,8.93,20557342418.0,20546983375.0,0.05,0.33,-25.47,-22.63
1346,603888,新华网,21.42,0.14,0.03,164958.0,347125573.0,3.65,21.49,20.71,21.0,21.39,1.08,2.44,53.28,3.93,14452891559.0,14452891559.0,0.0,0.0,10.13,10.24
1347,600784,鲁银投资,7.41,0.14,0.01,129616.0,95602666.0,3.24,7.5,7.26,7.3,7.4,1.08,1.92,23.26,1.53,5006583373.0,5006583373.0,0.14,0.0,11.09,6.16
1348,600903,贵州燃气,6.97,0.14,0.01,531646.0,377994135.0,5.89,7.36,6.95,7.25,6.96,0.82,4.62,136.29,2.68,8015565574.0,8015565574.0,0.14,0.14,0.87,5.45
1349,300371,汇中股份,14.03,0.14,0.02,50249.0,69499297.7,5.0,14.2,13.5,13.85,14.01,1.22,3.74,42.64,2.41,2823078663.0,1885777645.0,-0.21,0.21,11.35,11.61
1350,300405,科隆股份,7.28,0.14,0.01,115288.0,83074730.0,3.71,7.34,7.07,7.25,7.27,0.77,5.27,-53.32,4.95,2070233045.0,1593064193.0,0.14,0.28,3.85,14.11
1351,002714,牧原股份,49.41,0.14,0.07,838243.0,4184045761.47,3.14,50.76,49.21,49.6,49.34,1.53,2.2,14.38,3.56,283451470633.0,188192501707.0,0.14,0.3,1.25,-2.31
1352,002907,华森制药,14.14,0.14,0.02,12986.0,18237227.5,1.49,14.15,13.94,14.02,14.12,0.61,0.43,61.12,3.5,5904811880.0,4240791171.0,0.07,0.07,-12.06,-4.52
1353,300335,迪森股份,7.2,0.14,0.01,748479.0,537245597.99,5.98,7.44,7.01,7.19,7.19,1.0,19.48,38.64,1.77,3434489194.0,2765960381.0,0.42,0.28,18.62,25.0
1354,603000,人民网,21.18,0.14,0.03,312981.0,650475387.0,3.92,21.26,20.43,20.7,21.15,0.86,2.83,522.08,6.38,23418536566.0,23418536566.0,0.05,0.05,8.34,11.18
1355,002412,汉森制药,7.0,0.14,0.01,143842.0,99887515.96,3.0,7.04,6.83,6.88,6.99,0.75,2.89,32.01,1.56,3522400000.0,3484915000.0,0.14,0.14,-0.71,9.2
1356,920128,胜业电气,27.84,0.14,0.04,8939.0,24649770.95,4.64,28.27,26.98,27.0,27.8,1.06,2.34,114.89,4.38,2260329600.0,1064462400.0,0.07,0.29,4.98,-0.22
1357,300670,大烨智能,7.45,0.13,0.01,207535.0,153657428.2,4.57,7.55,7.21,7.32,7.44,1.13,9.24,-24.95,4.14,2361057569.0,1673971984.0,-0.13,0.0,-9.92,4.78
1358,300183,东软载波,15.92,0.13,0.02,85574.0,133760837.84,3.77,15.95,15.35,15.56,15.9,1.06,2.1,-505.68,2.38,7364737461.0,6472070823.0,-0.06,0.06,4.12,7.35
1359,300771,智莱科技,14.9,0.13,0.02,52494.0,77397164.4,2.89,14.96,14.53,14.68,14.88,0.78,2.9,39.23,1.81,3576000000.0,2699867156.0,-0.07,0.0,12.54,-3.87
1360,603928,兴业股份,15.73,0.13,0.02,41908.0,65653188.0,2.48,15.87,15.48,15.71,15.71,0.93,1.6,41.75,2.66,4122518400.0,4122518400.0,0.0,0.0,-8.6,-1.99
1361,600219,南山铝业,7.45,0.13,0.01,3292197.0,2473159014.0,4.7,7.7,7.35,7.61,7.44,0.78,2.87,17.01,1.66,85553576615.0,85553576615.0,0.13,0.27,59.19,38.48
1362,600783,鲁信创投,22.36,0.13,0.03,140072.0,307793428.0,3.31,22.39,21.65,21.89,22.33,0.74,1.88,38.89,3.51,16643873814.0,16643873814.0,0.0,0.49,47.01,-9.58
1363,301268,铭利达,23.27,0.13,0.03,58617.0,134866064.83,4.95,23.53,22.38,22.81,23.24,0.77,1.7,-188.39,5.54,9317235398.0,8021117108.0,0.0,0.13,19.09,27.65
1364,603396,金辰股份,39.79,0.13,0.05,60285.0,235136951.0,4.08,39.87,38.25,39.06,39.74,0.76,4.35,81.84,2.13,5512008350.0,5512008350.0,0.2,0.28,20.47,18.6
1365,600284,浦东建设,7.7,0.13,0.01,192518.0,149920442.0,5.2,7.98,7.58,7.6,7.69,1.62,1.98,23.21,0.95,7470971200.0,7470971200.0,0.39,0.0,-7.89,-8.33
1366,002413,雷科防务,15.66,0.13,0.02,1590984.0,2505722911.4,5.75,16.19,15.29,15.29,15.64,0.52,12.28,-171.01,6.16,20660875754.0,20286441583.0,0.0,0.06,78.77,24.78
1367,920580,科创新材,15.6,0.13,0.02,21741.0,33557833.33,3.08,15.68,15.2,15.58,15.58,1.49,4.31,75.81,3.93,1341600000.0,786794362.0,0.0,0.0,8.64,5.12
1368,000756,新华制药,15.4,0.13,0.02,56116.0,85781492.88,1.95,15.4,15.1,15.2,15.38,0.74,1.12,31.41,2.06,10728924899.0,7683049389.0,0.0,0.0,-12.25,-0.06
1369,688246,嘉和美康,23.02,0.13,0.03,33184.0,74659042.0,4.09,23.05,22.11,22.54,22.99,1.02,2.41,-12.53,2.43,3167220466.0,3167220466.0,0.0,0.17,0.96,-0.99
1370,300272,开能健康,7.76,0.13,0.01,179238.0,136845003.44,3.48,7.79,7.52,7.53,7.75,1.05,3.86,37.32,3.3,4745003103.0,3604302836.0,-0.13,0.0,4.02,3.74
1371,002167,东方锆业,15.16,0.13,0.02,728870.0,1098811216.52,5.09,15.43,14.66,14.97,15.14,0.66,9.62,227.71,6.71,11744047228.0,11482213759.0,0.0,0.07,26.44,22.75
1372,002599,盛通股份,7.68,0.13,0.01,110842.0,83732887.0,2.87,7.68,7.46,7.55,7.67,0.63,2.78,353.73,3.3,4090980764.0,3056691732.0,0.13,0.0,-5.3,-10.07
1373,002007,华兰生物,15.3,0.13,0.02,108887.0,166058738.41,1.51,15.34,15.11,15.2,15.28,0.9,0.69,26.73,2.46,27960086990.0,24077654049.0,0.07,0.0,-1.86,1.12
1374,603216,梦天家居,38.15,0.13,0.05,74099.0,281062315.0,5.56,39.12,37.0,37.92,38.1,1.43,3.33,113.17,4.74,8495623500.0,8495623500.0,-0.18,0.0,25.95,-18.83
1375,300612,宣亚国际,16.41,0.12,0.02,84195.0,137065015.55,3.29,16.57,16.03,16.19,16.39,0.82,4.68,-115.84,6.04,2961258279.0,2951822529.0,-0.42,-0.18,-5.85,-7.86
1376,301558,三态股份,8.58,0.12,0.01,88380.0,75154676.2,2.57,8.63,8.41,8.44,8.57,0.71,4.03,159.39,4.99,6768343493.0,1881437647.0,-0.12,0.0,-3.7,5.28
1377,000538,云南白药,56.22,0.12,0.07,89356.0,503687434.25,2.01,56.83,55.7,55.89,56.15,1.18,0.5,15.75,2.52,100311243541.0,99666485089.0,-0.04,0.0,0.92,-0.95
1378,000989,九芝堂,8.7,0.12,0.01,63598.0,54863330.75,1.84,8.71,8.55,8.6,8.69,0.77,0.92,36.86,2.04,7446695504.0,6039137651.0,0.0,0.0,-5.43,-0.34
1379,002603,以岭药业,16.78,0.12,0.02,151877.0,253498425.23,2.03,16.86,16.52,16.64,16.76,0.87,1.1,21.02,2.62,28034436209.0,23103488280.0,0.0,0.06,-10.79,-1.7
1380,002292,奥飞娱乐,8.57,0.12,0.01,405096.0,339467498.83,4.21,8.59,8.23,8.37,8.56,0.89,3.98,188.02,4.29,12672456403.0,8723135376.0,-0.12,0.0,-6.24,-3.16
1381,301587,中瑞股份,24.27,0.12,0.03,20118.0,48425273.94,2.93,24.41,23.7,23.82,24.24,0.77,2.74,106.71,1.79,3575651531.0,1782705281.0,-0.12,-0.08,3.94,3.72
1382,600776,东方通信,16.7,0.12,0.02,265541.0,434142461.0,4.44,16.77,16.03,16.31,16.68,0.85,2.78,43.18,5.55,20975201069.0,15965201069.0,0.06,0.18,24.81,1.21
1383,002913,奥士康,53.18,0.11,0.06,206045.0,1095455679.55,6.16,54.48,51.21,51.83,53.12,1.93,6.83,44.81,3.82,16877231603.0,16043523957.0,0.57,0.09,40.95,24.43
1384,688070,纵横股份,61.87,0.11,0.07,31987.0,199468041.0,6.0,64.48,60.77,62.26,61.8,0.58,3.65,465.37,8.52,5418574600.0,5418574600.0,0.0,0.02,22.1,11.68
1385,600143,金发科技,18.11,0.11,0.02,488159.0,876573386.0,3.65,18.33,17.67,18.33,18.09,0.86,1.85,33.62,2.5,47716699367.0,47716699367.0,0.0,0.11,1.51,-7.32
1386,603868,飞科电器,36.2,0.11,0.04,7300.0,26228425.0,2.71,36.35,35.37,35.75,36.16,0.66,0.17,25.87,4.82,15768720000.0,15768720000.0,0.3,0.36,3.08,-16.36
1387,603927,中科软,18.12,0.11,0.02,113773.0,203235572.0,3.04,18.17,17.62,17.95,18.1,0.94,1.37,65.15,4.79,15058444800.0,15058444800.0,0.0,-0.06,-6.4,-5.08
1388,002660,茂硕电源,9.47,0.11,0.01,54824.0,51485586.0,2.43,9.51,9.28,9.35,9.46,0.69,1.6,-43.73,2.81,3377248400.0,3248084144.0,0.0,0.0,-1.87,2.82
1389,688667,菱电电控,96.56,0.11,0.11,14333.0,134505138.0,8.16,97.87,90.0,92.87,96.45,0.77,2.72,37.76,2.85,5088273328.0,5088273328.0,0.01,0.12,65.85,37.12
1390,002532,天山铝业,18.31,0.11,0.02,779672.0,1447232673.04,5.47,19.16,18.16,18.69,18.29,0.81,1.9,19.03,2.93,84752182069.0,75196559946.0,0.0,0.05,36.74,13.87
1391,002347,泰尔股份,9.26,0.11,0.01,157425.0,144280557.0,3.03,9.32,9.04,9.06,9.25,0.75,3.19,-65.29,4.08,4673543076.0,4568725663.0,0.11,0.0,37.8,-25.2
1392,603132,金徽股份,18.25,0.11,0.02,116545.0,208335166.0,5.54,18.4,17.39,18.0,18.23,0.61,1.19,38.69,5.66,17848500000.0,17848500000.0,0.05,0.11,34.29,24.4
1393,300036,超图软件,17.49,0.11,0.02,140508.0,242366540.94,3.21,17.54,16.98,17.21,17.47,1.0,3.2,150.48,3.2,8618488131.0,7668976320.0,0.17,-0.06,0.4,-3.69
1394,300460,ST惠伦,9.69,0.1,0.01,44308.0,42157109.0,3.41,9.69,9.36,9.52,9.68,0.6,1.58,-26.81,4.87,2720993192.0,2720993192.0,0.41,0.52,-11.91,26.34
1395,002624,完美世界,20.22,0.1,0.02,545926.0,1081824890.53,5.64,20.35,19.21,19.74,20.2,0.86,2.99,44.2,5.54,39226161129.0,36956762089.0,0.1,0.15,43.91,23.37
1396,600371,万向德农,9.69,0.1,0.01,232351.0,228943143.0,4.44,10.1,9.67,9.81,9.68,0.9,7.94,109.93,5.16,2835080820.0,2835080820.0,-0.1,0.0,2.98,11.12
1397,301269,华大九天,95.66,0.09,0.09,41836.0,392880382.35,4.04,96.08,92.22,94.0,95.57,1.16,0.77,4319.13,10.04,52176561581.0,52176561581.0,0.01,-0.03,-7.65,-10.03
1398,000099,中信海直,21.53,0.09,0.02,267187.0,571444809.93,2.74,21.66,21.07,21.26,21.51,0.88,3.44,51.2,3.05,16702331050.0,16702331050.0,0.05,0.05,6.27,3.76
1399,920374,云里物里,22.84,0.09,0.02,12825.0,29190231.04,8.41,23.73,21.81,22.43,22.82,1.72,3.76,119.52,6.96,1861871120.0,779153505.0,0.75,1.47,-6.36,-5.93
1400,002117,东港股份,11.22,0.09,0.01,75717.0,83654732.76,3.48,11.27,10.88,11.05,11.21,0.86,1.45,35.79,4.16,5876149115.0,5874283510.0,0.0,-0.27,-10.74,-18.75
1401,300342,天银机电,42.66,0.09,0.04,215042.0,899579331.62,3.94,42.69,41.01,41.2,42.62,0.56,5.13,560.32,11.56,18131997921.0,17865959496.0,0.21,0.54,114.48,28.77
1402,000628,高新发展,54.56,0.09,0.05,151722.0,798739405.39,8.07,55.2,50.8,52.98,54.51,0.9,7.89,167.48,8.69,19220396800.0,10488537198.0,0.0,0.06,27.36,22.36
1403,603577,汇金通,11.96,0.08,0.01,178692.0,213794969.0,3.68,12.1,11.66,11.7,11.95,0.84,5.27,36.97,2.09,4056103636.0,4056103636.0,0.0,0.0,18.07,13.69
1404,600312,平高电气,25.04,0.08,0.02,759976.0,1888740856.0,4.12,25.32,24.29,24.5,25.02,1.27,5.6,25.94,2.99,33977309577.0,33977309577.0,0.04,0.24,52.4,44.32
1405,002184,海得控制,12.65,0.08,0.01,52192.0,65251270.09,2.61,12.69,12.36,12.5,12.64,0.72,2.17,621.53,3.81,4451640881.0,3040699526.0,0.08,0.16,-3.8,-3.36
1406,600511,国药股份,30.02,0.07,0.02,89934.0,270803562.0,1.87,30.34,29.78,29.81,30.0,0.99,1.63,11.38,1.26,22650180000.0,16611459648.0,0.0,0.1,1.94,4.42
1407,300592,华凯易佰,13.44,0.07,0.01,105631.0,140066269.2,3.57,13.48,13.0,13.33,13.43,1.06,3.03,82.5,2.35,5434618143.0,4689000611.0,0.07,0.15,18.94,23.76
1408,688391,钜泉科技,31.51,0.06,0.02,11752.0,36409802.0,3.97,31.66,30.41,31.22,31.49,0.86,1.02,84.67,1.95,3629370956.0,3629370956.0,0.03,0.06,8.84,11.22
1409,300822,贝仕达克,15.93,0.06,0.01,30800.0,48486190.75,2.89,15.96,15.5,15.83,15.92,0.79,1.07,115.22,3.94,4962771666.0,4603483849.0,0.0,0.0,-14.63,-0.81
1410,300122,智飞生物,16.17,0.06,0.01,156153.0,252273638.9,2.85,16.36,15.9,15.95,16.16,0.75,1.1,-24.06,1.32,38707580209.0,22869332030.0,0.0,-0.06,-19.19,-14.31
1411,688508,芯朋微,63.02,0.06,0.04,36328.0,223922365.0,5.45,63.61,60.18,61.54,62.98,0.8,2.77,44.42,3.04,8275178005.0,8275178005.0,0.02,-0.21,8.86,3.48
1412,000807,云铝股份,33.6,0.06,0.02,922609.0,3145265829.3,5.99,35.41,33.4,34.78,33.58,0.84,2.66,19.87,3.61,116523368808.0,116522147314.0,0.0,0.0,27.08,2.31
1413,002577,雷柏科技,16.9,0.06,0.01,20078.0,33493061.0,3.26,16.95,16.4,16.7,16.89,0.73,0.72,434.29,4.02,4743627200.0,4743373700.0,0.06,-0.06,-10.01,-5.11
1414,301001,凯淳股份,31.69,0.06,0.02,18298.0,57727277.96,2.72,31.93,31.07,31.31,31.67,0.86,3.64,5182.12,3.25,2535200000.0,1594007000.0,-0.13,-0.09,-4.86,7.28
1415,300927,江天化学,34.92,0.06,0.02,173435.0,613872710.95,6.76,36.57,34.21,34.21,34.9,1.4,12.31,460.45,5.24,5041051200.0,4919841436.0,0.03,-0.14,41.21,49.81
1416,301368,丰立智能,57.99,0.05,0.03,16881.0,96290232.63,3.76,58.22,56.04,56.99,57.96,0.68,2.63,5033.18,7.18,6964599000.0,3718402306.0,-0.03,0.02,4.24,-7.47
1417,001872,招商港口,21.09,0.05,0.01,80791.0,171433538.0,4.89,21.8,20.77,21.4,21.08,0.81,0.35,10.31,0.83,52341014054.0,48547019435.0,0.38,0.19,5.4,9.11
1418,300850,新强联,47.24,0.04,0.02,221787.0,1012154154.44,8.01,47.86,44.08,46.1,47.22,1.02,7.37,22.1,2.85,19561414845.0,14209163425.0,0.04,0.06,2.12,14.19
1419,002623,亚玛顿,25.0,0.04,0.01,105984.0,261592405.0,3.64,25.14,24.23,24.45,24.99,1.01,5.34,-62.66,1.76,4976562500.0,4965903125.0,0.24,0.08,35.5,38.12
1420,600332,白云山,25.17,0.04,0.01,127216.0,320117687.0,1.35,25.3,24.96,25.0,25.16,0.98,0.9,9.27,1.08,40921158186.0,35386275186.0,0.0,0.0,-3.08,-2.21
1421,688237,超卓航科,47.73,0.04,0.02,15165.0,71053227.0,4.11,47.99,46.03,47.06,47.71,1.21,1.69,338.0,3.54,4280519569.0,4280519569.0,0.06,0.13,2.53,-2.09
1422,002657,中科金财,25.36,0.04,0.01,93649.0,233305011.88,3.98,25.53,24.52,24.91,25.35,0.72,2.79,-57.8,4.96,8623718593.0,8523852054.0,0.0,0.0,-1.55,-15.07
1423,600455,博通股份,28.71,0.03,0.01,20830.0,59075553.0,3.48,28.82,27.82,28.58,28.7,1.1,3.34,46.71,5.42,1793169180.0,1793169180.0,0.14,0.17,7.89,10.55
1424,688270,臻镭科技,162.58,0.02,0.03,89372.0,1414904125.0,5.26,163.55,155.0,155.0,162.55,0.64,4.18,261.21,15.44,34800509128.0,34800509128.0,0.0,0.1,142.19,33.19
1425,002817,黄山胶囊,8.4,0.0,0.0,91599.0,76539118.42,2.74,8.46,8.23,8.35,8.4,1.16,3.16,38.4,2.63,2512424628.0,2436330078.0,0.12,0.36,2.69,10.53
1426,002783,凯龙股份,10.34,0.0,0.0,200510.0,206855044.0,3.0,10.46,10.15,10.3,10.34,1.31,4.35,28.67,1.97,5163358070.0,4768687653.0,0.1,0.1,16.05,8.05
1427,000959,首钢股份,5.43,0.0,0.0,344265.0,184906418.74,3.31,5.45,5.27,5.43,5.43,1.0,0.46,33.12,0.84,42109472819.0,40848157917.0,0.0,0.18,20.67,10.82
1428,002743,富煌钢构,5.76,0.0,0.0,81990.0,46983189.0,3.3,5.82,5.63,5.75,5.76,0.95,1.89,45.53,0.76,2507146433.0,2503128833.0,0.0,0.17,3.6,5.88
1429,002128,电投能源,33.27,0.0,0.0,356466.0,1197685522.99,4.18,34.4,33.01,34.3,33.27,1.0,1.59,13.58,2.0,74577150112.0,74577150112.0,0.03,-0.09,23.86,19.2
1430,000790,华神科技,4.16,0.0,0.0,169686.0,70369577.42,2.4,4.19,4.09,4.13,4.16,0.95,2.73,-19.9,2.78,2594672554.0,2590076794.0,0.0,0.24,-5.02,7.49
1431,603707,健友股份,9.69,0.0,0.0,122246.0,118078627.0,1.55,9.73,9.58,9.62,9.69,0.9,0.76,27.34,2.33,15655505631.0,15655505631.0,0.1,0.1,1.15,7.31
1432,603706,东方环宇,21.01,0.0,0.0,48146.0,102954201.0,6.47,22.36,21.0,22.0,21.01,0.72,2.54,21.59,2.4,3978930821.0,3978930821.0,0.0,-0.14,3.8,8.3
1433,600020,中原高速,4.08,0.0,0.0,131298.0,53533781.0,1.23,4.1,4.05,4.07,4.08,0.76,0.58,7.15,0.77,9169277075.0,9169277075.0,0.25,0.0,-9.73,-4.23
1434,600016,民生银行,3.88,0.0,0.0,3133399.0,1215623964.0,1.55,3.9,3.84,3.86,3.88,0.98,0.88,4.46,0.3,169875783788.0,137593038066.0,-0.26,0.0,-4.43,1.31
1435,603721,*ST天择,20.77,0.0,0.0,10990.0,22562075.0,2.6,20.83,20.29,20.47,20.77,0.7,0.85,-180.73,5.87,2700100000.0,2700100000.0,-0.05,0.44,9.03,8.01
1436,600322,津投城开,2.31,0.0,0.0,172720.0,39487568.0,2.6,2.32,2.26,2.3,2.31,0.69,1.56,-2.43,-3.31,2554167000.0,2554167000.0,0.0,0.43,-8.7,-0.86
1437,600488,津药药业,4.18,0.0,0.0,93170.0,39038042.0,1.44,4.22,4.16,4.19,4.18,0.97,0.85,49.22,1.51,4564086322.0,4564086322.0,0.24,0.24,-5.64,2.2
1438,603076,乐惠国际,26.34,0.0,0.0,18697.0,48846084.0,2.24,26.4,25.81,26.1,26.34,0.75,1.55,70.96,2.45,3179273401.0,3179273401.0,0.15,0.19,8.98,12.37
1439,600637,东方明珠,10.65,0.0,0.0,450969.0,472597882.0,3.47,10.69,10.32,10.48,10.65,0.75,1.34,49.58,1.2,35804233051.0,35804233051.0,0.0,0.19,9.79,8.12
1440,000407,胜利股份,5.31,0.0,0.0,1109365.0,605937314.14,7.91,5.7,5.28,5.61,5.31,1.02,12.67,29.19,1.53,4673249523.0,4650403546.0,0.0,-0.19,0.76,5.99
1441,000027,深圳能源,7.07,0.0,0.0,419915.0,298343412.02,1.98,7.19,7.05,7.1,7.07,0.84,0.88,12.84,1.03,33634746706.0,33634746706.0,0.28,0.0,6.0,8.44
1442,600594,益佰制药,4.01,0.0,0.0,101709.0,40617164.0,2.24,4.04,3.95,3.98,4.01,0.78,1.28,-27.51,1.32,3175628874.0,3175628874.0,0.25,0.25,-7.6,0.75
1443,600827,百联股份,8.65,0.0,0.0,81351.0,69878803.0,1.27,8.65,8.54,8.56,8.65,0.85,0.51,39.23,0.78,15433054212.0,13878491808.0,0.12,0.23,-4.21,-3.78
1444,301051,信濠光电,21.71,0.0,0.0,37693.0,80256423.2,4.42,21.86,20.9,21.5,21.71,0.86,2.34,-37.57,2.0,4408073430.0,3495482942.0,0.09,0.23,2.36,10.77
1445,301207,华兰疫苗,19.42,0.0,0.0,54746.0,105425628.23,2.16,19.43,19.01,19.1,19.42,0.76,0.91,66.16,2.06,11671954050.0,11664587073.0,0.0,0.47,-16.72,4.24
1446,301089,拓新药业,28.41,0.0,0.0,20143.0,57284386.0,2.18,28.65,28.03,28.12,28.41,0.97,2.21,-89.4,2.36,3595129245.0,2584637052.0,-0.25,-0.04,-14.32,1.46
1447,300942,易瑞生物,9.41,0.0,0.0,50177.0,47168656.77,2.44,9.5,9.27,9.3,9.41,0.73,1.24,158.62,4.51,3811697069.0,3811697069.0,-0.11,0.11,-6.65,0.0
1448,603276,恒兴新材,18.0,0.0,0.0,26187.0,46797329.0,3.22,18.16,17.58,17.9,18.0,1.06,3.46,69.25,2.14,3737690946.0,1361561904.0,0.33,0.17,3.15,8.43
1449,301362,民爆光电,108.88,0.0,0.0,63931.0,670300364.03,9.15,110.02,100.06,107.0,108.88,0.67,21.55,56.93,4.57,11396469600.0,3230469600.0,-0.11,0.52,167.91,161.79
1450,600050,中国联通,4.97,0.0,0.0,2175846.0,1076292257.0,2.01,4.99,4.89,4.92,4.97,0.88,0.71,13.29,0.9,155384193875.0,152911125851.0,0.2,0.2,-7.96,-2.74
1451,600512,腾达建设,2.52,0.0,0.0,376278.0,94668553.0,2.38,2.55,2.49,2.51,2.52,0.99,2.37,19.13,0.64,4016403667.0,4000261011.0,0.4,0.4,-1.56,4.13
1452,300883,龙利得,6.95,0.0,0.0,88568.0,61161553.45,2.88,7.0,6.8,6.86,6.95,0.87,2.68,5016.37,1.69,2404700000.0,2298188296.0,0.0,0.0,0.14,2.96
1453,600252,中恒集团,2.57,0.0,0.0,471999.0,121075413.0,1.95,2.59,2.54,2.56,2.57,1.02,1.48,249.08,1.42,8183299090.0,8183299090.0,-0.39,-0.39,-14.62,-6.2
1454,600248,陕建股份,3.64,0.0,0.0,316648.0,115708922.0,2.2,3.7,3.62,3.67,3.64,0.89,0.85,9.1,0.47,13612636441.0,13488891001.0,0.55,0.55,-1.89,3.12
1455,600725,云维股份,5.3,0.0,0.0,322820.0,170333910.0,3.96,5.39,5.18,5.3,5.3,0.7,2.62,-282.9,23.31,6532091000.0,6532091000.0,-0.38,-0.19,38.74,26.79
1456,600337,美克家居,2.55,0.0,0.0,388959.0,97478803.0,3.92,2.56,2.46,2.53,2.55,0.94,2.71,-12.49,1.46,3664345249.0,3664345249.0,0.39,0.0,-6.25,-12.67
1457,600269,赣粤高速,4.96,0.0,0.0,250266.0,124324851.0,1.41,5.0,4.93,4.94,4.96,0.94,1.07,8.78,0.59,11583618789.0,11583618789.0,0.2,0.2,-8.82,-4.43
1458,600237,铜峰电子,10.31,0.0,0.0,592158.0,584053102.0,9.89,10.49,9.47,10.06,10.31,1.31,9.48,61.03,3.38,6502559838.0,6439788846.0,-0.58,-0.58,24.67,15.07
1459,600243,*ST海华,3.65,0.0,0.0,71694.0,25770647.0,4.38,3.67,3.51,3.62,3.65,0.56,1.63,-187.88,2.53,1601802500.0,1601802500.0,0.0,0.27,-29.54,-31.13
1460,600271,航天信息,9.71,0.0,0.0,221604.0,213445929.0,1.75,9.72,9.55,9.64,9.71,0.86,1.2,-29.48,1.33,17991509835.0,17991509835.0,0.0,0.41,7.53,-16.94
1461,600170,上海建工,2.9,0.0,0.0,1948347.0,561976455.0,1.72,2.91,2.86,2.88,2.9,0.78,2.19,15.96,0.82,25769225258.0,25769225258.0,0.0,0.0,7.01,9.43
1462,600098,广州发展,7.65,0.0,0.0,349740.0,268317613.0,2.35,7.77,7.59,7.63,7.65,0.68,1.0,9.32,0.98,26819867105.0,26819867105.0,0.13,0.26,13.0,16.97
1463,002796,世嘉科技,59.8,0.0,0.0,242287.0,1392241557.64,10.79,60.55,54.1,55.97,59.8,1.22,10.64,-221.87,17.63,15091543490.0,13616950539.0,0.0,0.23,226.6,115.65
1464,300046,台基股份,33.63,0.0,0.0,62288.0,205915334.66,4.04,33.86,32.5,33.06,33.63,0.97,2.63,105.25,6.96,7954550007.0,7954550007.0,0.06,0.12,-4.05,-3.08
1465,688078,龙软科技,27.47,0.0,0.0,9140.0,24936549.0,2.88,27.68,26.89,27.52,27.47,0.8,1.25,-36.5,2.97,2002370710.0,2002370710.0,0.0,0.04,-3.1,-0.11
1466,300315,掌趣科技,5.22,0.0,0.0,842373.0,432650461.18,3.07,5.23,5.07,5.15,5.22,0.81,3.26,138.46,2.86,14133729436.0,13483404370.0,0.0,0.19,3.16,5.67
1467,603262,技源集团,26.57,0.0,0.0,7570.0,19956848.0,1.92,26.66,26.15,26.41,26.57,0.92,1.89,68.39,6.93,10628265700.0,1063012560.0,-0.11,-0.15,-5.04,-6.74
1468,603261,*ST立航,29.0,0.0,0.0,7135.0,20259466.0,3.79,29.16,28.06,28.8,29.0,1.04,0.92,-37.96,3.34,2247645638.0,2247645638.0,-0.45,-0.55,18.76,20.08
1469,000677,恒天海龙,4.4,0.0,0.0,916483.0,401226773.12,5.0,4.52,4.3,4.41,4.4,2.68,10.61,1037.61,7.49,3801502971.0,3801502971.0,0.0,0.69,0.69,0.23
1470,000600,建投能源,9.58,0.0,0.0,419823.0,402488474.44,2.51,9.74,9.5,9.59,9.58,0.95,3.85,8.18,1.47,17274985322.0,10442687392.0,0.0,0.0,16.83,13.64
1471,000910,大亚圣象,7.45,0.0,0.0,39957.0,29631497.48,2.01,7.49,7.34,7.42,7.45,0.82,0.73,41.8,0.61,4078111375.0,4076524525.0,0.27,0.13,-1.06,-0.13
1472,002166,莱茵生物,8.96,0.0,0.0,85791.0,76818357.87,3.35,9.1,8.8,8.88,8.96,0.76,1.16,70.79,2.16,6644820448.0,6629015008.0,0.11,0.11,3.23,6.04
1473,002202,金风科技,28.47,0.0,0.0,1972762.0,5538672034.99,3.79,28.58,27.5,27.7,28.47,0.78,5.87,34.9,3.13,120251262780.0,95758989656.0,0.0,0.14,86.2,39.56
1474,002252,上海莱士,6.24,0.0,0.0,333147.0,208312111.03,1.76,6.29,6.18,6.2,6.24,0.81,0.5,21.12,1.27,41421025383.0,41399215179.0,-0.16,-0.16,-5.6,-1.27
1475,002832,比音勒芬,16.54,0.0,0.0,136796.0,226082276.99,3.14,16.77,16.25,16.35,16.54,0.64,3.51,11.43,1.73,9439495169.0,6440978417.0,0.0,0.12,5.96,10.56
1476,601033,永兴股份,15.9,0.0,0.0,88033.0,139591439.0,1.51,15.95,15.71,15.81,15.9,1.32,3.67,14.39,1.34,14310000000.0,3816000000.0,0.38,0.51,2.38,5.09
1477,002936,郑州银行,1.9,0.0,0.0,883551.0,167638123.55,1.58,1.91,1.88,1.89,1.9,0.8,1.26,5.68,0.38,17274973580.0,13355664089.0,0.0,0.0,-5.47,-1.55
1478,002839,张家港行,4.51,0.0,0.0,329242.0,148256774.8,1.55,4.54,4.47,4.51,4.51,0.86,1.35,5.26,0.6,11023995833.0,11013798953.0,0.22,0.0,-6.04,-1.31
1479,300069,金利华电,19.75,0.0,0.0,49448.0,97436485.22,3.8,19.95,19.2,19.29,19.75,1.12,4.23,238.9,8.18,2310750000.0,2310750000.0,0.25,0.36,5.5,14.49
1480,600996,贵广网络,8.13,0.0,0.0,207942.0,165857904.0,3.57,8.15,7.86,8.11,8.13,0.9,1.67,-9.32,4.33,10136482813.0,10136482813.0,0.12,0.12,-28.24,-19.02
1481,601018,宁波港,4.25,0.0,0.0,720470.0,308581514.0,3.06,4.35,4.22,4.23,4.25,0.77,0.37,16.0,1.02,82681150696.0,82681150696.0,0.0,0.0,11.84,17.08
1482,300025,华星创业,5.92,0.0,0.0,111923.0,65449343.0,3.04,5.94,5.76,5.85,5.92,0.83,2.21,-56.61,5.59,3012054098.0,2997841356.0,0.0,0.34,-4.05,2.78
1483,002793,罗欣药业,4.8,0.0,0.0,123431.0,58942581.6,1.67,4.81,4.73,4.75,4.8,0.8,1.14,170.77,3.59,5220424733.0,5212489651.0,0.21,0.21,-8.92,0.0
1484,002712,思美传媒,5.61,0.0,0.0,141446.0,78537317.5,2.67,5.63,5.48,5.52,5.61,0.72,2.62,-154.9,2.24,3053389471.0,3034450532.0,0.18,0.18,-9.37,0.9
1485,300136,信维通信,69.24,0.0,0.0,636638.0,4307464656.38,4.72,69.48,66.21,68.0,69.24,0.78,7.72,103.28,8.72,66994452495.0,57093083196.0,-0.06,0.06,123.21,11.68
1486,300152,ST新动力,2.39,0.0,0.0,275888.0,64918107.0,4.18,2.41,2.31,2.35,2.39,0.8,3.87,-176.67,7.23,1703592000.0,1703158036.0,0.42,0.42,5.75,11.68
1487,300150,世纪瑞尔,5.92,0.0,0.0,132282.0,77289671.0,2.87,5.93,5.76,5.83,5.92,0.76,2.87,62.39,2.2,3463827834.0,2724521533.0,0.17,0.17,9.63,11.91
1488,300026,红日药业,3.59,0.0,0.0,313644.0,112006106.84,1.95,3.6,3.53,3.55,3.59,0.79,1.15,100.15,1.25,10784915865.0,9831317236.0,0.0,0.28,-4.27,1.99
1489,601005,重庆钢铁,1.57,0.0,0.0,1511265.0,236871513.0,2.55,1.59,1.55,1.56,1.57,0.69,1.82,-47.74,0.85,13897269114.0,13052409410.0,-0.63,0.0,8.28,7.53
1490,300305,裕兴股份,6.88,0.0,0.0,68518.0,46641891.0,2.33,6.89,6.73,6.84,6.88,0.76,2.13,-10.24,1.26,2582754559.0,2211754171.0,0.73,0.88,4.56,15.63
1491,300288,朗玛信息,13.73,0.0,0.0,51353.0,69668429.8,2.62,13.76,13.4,13.56,13.73,0.68,2.0,257.64,4.26,4639935449.0,3522697738.0,0.15,0.15,-6.6,2.01
1492,300350,华鹏飞,6.6,0.0,0.0,395462.0,261863839.6,3.79,6.74,6.49,6.53,6.6,0.81,8.39,552.18,4.01,3709281041.0,3112331752.0,0.0,0.3,-11.65,4.6
1493,300184,力源信息,10.86,0.0,0.0,446896.0,472255919.71,4.7,10.89,10.38,10.6,10.86,0.94,4.27,60.13,3.05,12500208845.0,11361812581.0,0.0,0.09,9.15,8.71
1494,300259,新天科技,5.01,0.0,0.0,349206.0,173920886.88,2.2,5.03,4.92,4.95,5.01,0.94,2.99,27.55,1.94,5860705595.0,5859361487.0,-0.2,-0.2,15.17,14.12
1495,300301,ST长方,3.16,0.0,0.0,263726.0,82776468.0,3.8,3.19,3.07,3.14,3.16,0.91,3.34,-22.68,15.94,2622385310.0,2496010432.0,0.0,0.32,29.51,33.33
1496,300292,吴通控股,4.78,0.0,0.0,453264.0,212633521.0,4.39,4.81,4.6,4.71,4.78,0.89,4.06,52.41,4.58,6413636576.0,5334216206.0,0.0,0.0,0.21,5.99
1497,300162,雷曼光电,9.44,0.0,0.0,593564.0,551885124.9,4.34,9.49,9.08,9.18,9.44,1.43,17.35,334.98,4.43,3960174683.0,3230007203.0,0.0,0.11,13.46,16.11
1498,600968,海油发展,5.04,0.0,0.0,2930314.0,1548040867.0,9.33,5.49,5.02,5.49,5.04,0.94,2.88,13.47,1.79,51232125163.0,51232125163.0,0.0,0.2,29.9,31.25
1499,002247,聚力文化,3.04,0.0,0.0,239213.0,72150473.08,3.29,3.07,2.97,3.0,3.04,0.92,3.72,46.01,3.89,2586644949.0,1956363643.0,0.33,0.33,1.33,8.19
1500,002507,涪陵榨菜,13.01,0.0,0.0,137944.0,179826757.36,2.15,13.16,12.88,12.93,13.01,0.74,1.2,19.55,1.72,15012486554.0,14947377840.0,0.08,0.0,-0.08,2.36
1501,000691,*ST亚太,8.4,0.0,0.0,58169.0,48868589.8,2.62,8.49,8.27,8.28,8.4,0.73,1.8,-80.11,-26.4,4073202000.0,2715468000.0,-0.12,0.0,-5.08,19.15
1502,000012,南  玻Ａ,4.84,0.0,0.0,486680.0,235694239.81,2.27,4.9,4.79,4.88,4.84,1.0,2.48,74.12,1.12,14862149798.0,9483092334.0,0.21,0.0,1.26,9.26
1503,000856,冀东装备,11.07,0.0,0.0,94530.0,104371068.16,3.52,11.19,10.8,10.87,11.07,1.07,4.16,232.15,5.99,2512890000.0,2512890000.0,-0.18,0.0,3.17,7.89
1504,601860,紫金银行,2.77,0.0,0.0,405056.0,111930252.0,1.44,2.78,2.74,2.76,2.77,0.8,1.14,6.32,0.5,10140982443.0,9837899248.0,0.36,0.36,0.36,2.21
1505,920414,欧普泰,14.85,0.0,0.0,37352.0,54650147.31,4.38,14.97,14.32,14.48,14.85,0.73,6.66,-74.82,4.28,1184260339.0,832752167.0,-0.13,0.2,27.69,32.0
1506,601827,三峰环境,8.95,0.0,0.0,75295.0,67338091.0,1.45,9.0,8.87,8.89,8.95,0.9,0.45,10.17,1.26,14963803035.0,14963803035.0,0.0,0.11,6.67,5.67
1507,002219,新里程,2.5,0.0,0.0,1407507.0,348945478.75,2.8,2.51,2.44,2.47,2.5,1.09,4.3,-165.11,4.3,8468454383.0,8180109300.0,0.0,0.0,7.3,17.37
1508,002224,三 力 士,4.77,0.0,0.0,221148.0,105159070.04,2.73,4.83,4.7,4.76,4.77,0.96,2.74,116.72,1.33,4303094865.0,3846434360.0,0.21,-0.21,3.02,8.66
1509,688695,中创股份,27.38,0.0,0.0,8622.0,23320394.0,2.85,27.46,26.68,27.05,27.38,0.7,1.68,-114.79,2.99,2328706730.0,1403750532.0,0.07,0.07,-5.91,-0.18
1510,002568,百润股份,19.14,0.0,0.0,103759.0,197853120.44,3.29,19.34,18.71,18.99,19.14,1.36,1.44,27.4,4.23,20069219343.0,13833593384.0,-0.05,-0.05,-16.53,-12.24
1511,002567,唐人神,4.36,0.0,0.0,364331.0,159913639.27,2.52,4.45,4.34,4.35,4.36,1.29,2.55,-12.84,1.14,6248104073.0,6240977640.0,-0.23,0.0,-4.8,-0.91
1512,002524,光正眼科,4.74,0.0,0.0,186221.0,88049737.0,2.74,4.8,4.67,4.72,4.74,0.84,3.65,10564.08,20.15,2442671661.0,2421463716.0,0.0,0.0,1.94,15.05
1513,002446,盛路通信,10.66,0.0,0.0,414787.0,434503785.07,4.41,10.74,10.27,10.36,10.66,0.69,4.89,87.05,3.84,9758331618.0,9037305975.0,-0.09,0.0,22.11,1.62
1514,002481,双塔食品,4.87,0.0,0.0,138696.0,67802957.89,3.08,4.96,4.81,4.83,4.87,1.22,1.24,130.82,2.44,6008101955.0,5444490037.0,0.0,0.21,-16.18,-4.7
1515,002453,华软科技,6.26,0.0,0.0,240471.0,150685220.53,3.51,6.37,6.15,6.33,6.26,1.46,3.92,-30.61,5.55,5085418209.0,3835897231.0,-0.16,0.0,-9.14,-1.11
1516,002106,莱宝高科,12.22,0.0,0.0,226416.0,270277414.55,4.5,12.27,11.72,11.98,12.22,0.96,3.22,27.86,1.55,8625073475.0,8604113096.0,0.0,0.08,12.63,11.5
1517,002127,南极电商,3.03,0.0,0.0,252495.0,75855490.49,2.31,3.04,2.97,3.0,3.03,0.82,1.27,130.36,1.78,7438257321.0,6044040981.0,0.0,0.33,-13.68,-10.09
1518,002191,劲嘉股份,3.91,0.0,0.0,116378.0,45177207.74,2.3,3.93,3.84,3.87,3.91,0.75,0.81,29.51,0.85,5676455241.0,5632415746.0,0.0,-0.26,-6.9,-6.68
1519,688083,中望软件,59.75,-0.02,-0.01,29921.0,174113029.0,5.34,59.99,56.8,59.16,59.76,1.21,1.76,470.77,3.78,10136363199.0,10136363199.0,-0.05,0.02,-13.66,-12.27
1520,300753,爱朋医疗,34.14,-0.03,-0.01,84831.0,286227772.89,4.77,34.22,32.59,32.59,34.15,0.93,9.65,-281.03,6.33,4303278720.0,3001102681.0,0.0,0.06,22.02,23.03
1521,301163,宏德股份,31.19,-0.03,-0.01,20762.0,63516031.0,4.1,31.19,29.91,30.6,31.2,0.98,3.79,56.43,2.24,2545104000.0,1706892680.0,0.81,0.94,12.23,16.42
1522,301053,远信工业,34.25,-0.03,-0.01,16807.0,57990945.22,4.32,35.18,33.7,34.0,34.26,1.51,2.17,147.05,4.24,2884477631.0,2648089303.0,0.18,0.06,2.61,-2.97
1523,688335,复洁科技,37.54,-0.03,-0.01,21954.0,81409693.0,3.99,37.9,36.4,37.2,37.55,0.66,1.48,503.19,4.79,5557218584.0,5557218584.0,0.0,-0.48,88.93,39.24
1524,603955,大千生态,28.93,-0.03,-0.01,17299.0,49530388.0,3.52,29.17,28.15,28.89,28.94,1.13,1.27,-79.8,2.57,3926379600.0,3926379600.0,-0.03,-0.07,-3.02,-0.28
1525,002155,湖南黄金,36.99,-0.03,-0.01,1126335.0,4096539494.0,6.65,37.66,35.2,36.02,37.0,0.58,7.21,42.14,7.57,57802472179.0,57797254406.0,0.05,0.03,73.74,75.39
1526,688683,莱尔科技,37.36,-0.03,-0.01,14904.0,54374693.0,7.2,37.89,35.2,36.63,37.37,1.06,0.96,141.73,5.04,6018613808.0,5797447427.0,0.0,-0.13,25.54,17.85
1527,001298,好上好,30.35,-0.03,-0.01,44962.0,134233562.0,3.66,30.48,29.37,29.8,30.36,0.87,2.73,137.46,5.59,9007441018.0,4995150501.0,-0.03,-0.07,-1.04,2.57
1528,688595,芯海科技,33.58,-0.03,-0.01,32837.0,107916746.0,5.24,33.76,32.0,32.84,33.59,0.75,2.28,-45.63,6.47,4838646029.0,4838646029.0,0.03,0.09,-0.59,2.38
1529,603908,牧高笛,24.86,-0.04,-0.01,18803.0,46313855.0,2.85,24.91,24.2,24.68,24.87,1.29,2.02,47.38,4.32,2315136922.0,2315136922.0,-0.12,0.36,1.26,6.47
1530,301372,科净源,28.16,-0.04,-0.01,15885.0,44400566.0,2.8,28.31,27.52,27.89,28.17,0.89,3.86,90.67,2.45,1930971469.0,1159359731.0,-0.07,0.04,4.84,11.04
1531,603312,西典新能,47.26,-0.04,-0.02,24411.0,112928711.0,5.2,47.59,45.13,46.7,47.28,1.1,4.79,26.9,4.44,7561576370.0,2406455570.0,0.06,0.19,1.44,0.98
1532,920185,贝特瑞,28.18,-0.04,-0.01,59338.0,164339652.73,3.72,28.3,27.25,27.5,28.19,1.08,0.53,35.67,2.52,32074205416.0,31495276200.0,0.04,0.14,-10.82,-12.92
1533,301139,元道通信,18.54,-0.05,-0.01,31276.0,57536347.6,2.43,18.65,18.2,18.3,18.55,0.81,4.11,95.88,1.15,2254108032.0,1412138924.0,0.0,-0.05,-4.53,0.98
1534,002633,申科股份,19.15,-0.05,-0.01,59934.0,114037707.53,2.66,19.32,18.81,18.81,19.16,0.67,4.01,350.58,6.75,2872500000.0,2861369063.0,0.05,0.0,13.31,16.41
1535,603273,天元智能,18.92,-0.05,-0.01,17643.0,33057775.0,2.85,18.99,18.45,18.75,18.93,0.77,3.15,155.76,4.61,4054809528.0,1060624928.0,0.0,-0.16,-1.36,-9.78
1536,301590,优优绿能,196.56,-0.06,-0.12,12685.0,242642518.69,7.3,199.36,185.0,192.93,196.68,1.23,14.75,50.06,4.25,8265962840.0,1690942977.0,0.03,0.18,21.41,10.86
1537,301536,星宸科技,79.76,-0.06,-0.05,119024.0,910311935.49,7.83,80.0,73.75,77.5,79.81,1.02,6.36,109.08,10.39,33636006904.0,14930534577.0,0.0,0.15,40.6,33.13
1538,603153,上海建科,16.4,-0.06,-0.01,18961.0,30958217.0,1.65,16.48,16.21,16.24,16.41,0.84,1.4,47.93,1.86,6721722138.0,2214000000.0,0.18,0.12,-6.71,-3.53
1539,300181,佐力药业,16.23,-0.06,-0.01,86635.0,139713586.7,1.85,16.27,15.97,16.1,16.24,0.96,1.44,16.74,3.65,11383516447.0,9785244215.0,0.06,0.06,-4.87,0.43
1540,002237,恒邦股份,17.66,-0.06,-0.01,402541.0,700565025.75,4.53,17.86,17.06,17.3,17.67,0.52,3.38,33.73,2.05,25253277405.0,21057007101.0,0.28,0.23,37.43,31.59
1541,603595,ST东尼,16.79,-0.06,-0.01,24897.0,41240299.0,2.2,16.79,16.42,16.51,16.8,0.77,1.07,-200.41,2.52,3902706654.0,3902706654.0,0.0,0.0,-0.42,-0.71
1542,301136,招标股份,16.88,-0.06,-0.01,55349.0,92308951.94,2.84,16.9,16.42,16.63,16.89,0.62,2.01,485.07,3.19,4645457362.0,4645457362.0,0.0,0.3,-23.34,-16.68
1543,300327,中颖电子,26.82,-0.07,-0.02,113971.0,298659461.69,4.36,26.93,25.76,26.3,26.84,0.87,3.36,120.37,5.23,9155548013.0,9088070475.0,0.0,0.3,-6.81,-4.32
1544,300129,泰胜风能,13.69,-0.07,-0.01,454883.0,607780895.39,5.26,13.77,13.05,13.37,13.7,0.85,6.33,52.56,2.79,15180200924.0,9839142446.0,0.15,0.07,64.54,30.88
1545,002828,贝肯能源,14.78,-0.07,-0.01,719187.0,1126805836.0,10.41,16.27,14.73,16.26,14.79,1.4,37.16,76.79,4.27,2970596728.0,2860845991.0,-0.07,-0.4,24.62,38.65
1546,300958,建工修复,14.37,-0.07,-0.01,37169.0,53264946.6,2.09,14.45,14.15,14.25,14.38,0.99,4.08,-23.52,1.81,2252304640.0,1308380266.0,-0.07,0.0,9.11,15.79
1547,600171,上海贝岭,29.49,-0.07,-0.02,110567.0,320388401.0,3.49,29.61,28.58,29.23,29.51,0.92,1.56,76.76,4.65,20906148205.0,20906148205.0,0.03,-0.03,-7.0,-5.63
1548,301519,舜禹股份,15.3,-0.07,-0.01,25411.0,38725598.44,2.68,15.41,15.0,15.31,15.31,0.79,3.37,-95.95,1.78,2473136049.0,1154792424.0,-0.26,0.0,6.4,14.01
1549,688575,亚辉龙,14.16,-0.07,-0.01,46101.0,64948784.0,2.54,14.29,13.93,14.07,14.17,0.75,0.81,336.85,3.0,8090858328.0,8090858328.0,0.07,0.07,-3.15,-0.28
1550,002880,卫光生物,29.34,-0.07,-0.02,24084.0,70656258.23,2.42,29.69,28.98,29.29,29.36,0.75,1.06,31.61,2.86,6654312000.0,6654312000.0,0.0,-0.03,11.56,15.06
1551,300590,移为通信,12.12,-0.08,-0.01,65878.0,78520181.79,4.04,12.19,11.7,11.93,12.13,0.8,1.86,67.84,3.06,5574200561.0,4294872567.0,-0.08,0.0,-2.57,-4.42
1552,600873,梅花生物,11.84,-0.08,-0.01,821884.0,974441198.0,3.29,12.05,11.66,11.91,11.85,1.98,2.93,8.23,2.06,33202221136.0,33202221136.0,0.0,0.08,16.31,16.88
1553,301262,海看股份,25.6,-0.08,-0.02,60119.0,152467920.88,2.3,25.67,25.08,25.08,25.62,0.78,4.92,25.09,2.78,10675200000.0,3125130035.0,0.08,0.2,-3.51,5.05
1554,000429,粤高速Ａ,12.32,-0.08,-0.01,77025.0,94850213.05,1.38,12.4,12.23,12.34,12.33,1.13,0.59,14.31,2.31,25758731472.0,16057024442.0,-0.08,0.0,-2.84,4.58
1555,600739,辽宁成大,12.11,-0.08,-0.01,154099.0,187382997.0,2.56,12.34,12.03,12.17,12.12,0.9,1.01,10.18,0.63,18524785872.0,18524785872.0,0.08,0.17,4.22,8.32
1556,001256,炜冈科技,22.64,-0.09,-0.02,21299.0,47876223.0,2.91,22.79,22.13,22.6,22.66,1.37,1.99,29.85,2.67,3228748313.0,2420500313.0,-0.26,-0.09,4.24,1.34
1557,688211,中科微至,32.31,-0.09,-0.03,5405.0,17411301.0,1.82,32.46,31.87,32.15,32.34,0.87,0.41,-46.38,1.22,4252277032.0,4252277032.0,0.0,0.12,4.43,4.9
1558,002738,中矿资源,79.0,-0.09,-0.07,252060.0,1938450315.68,6.15,79.61,74.75,76.5,79.07,1.09,3.54,209.32,4.74,56997858283.0,56172293747.0,0.06,0.29,26.81,0.57
1559,301025,读客文化,11.66,-0.09,-0.01,112391.0,129036615.37,3.68,11.71,11.28,11.45,11.67,0.7,4.06,536.83,7.54,4667607604.0,3231577628.0,0.17,0.09,3.64,19.34
1560,300851,交大思诺,31.55,-0.09,-0.03,14587.0,45809068.66,3.01,31.91,30.96,31.59,31.58,1.01,2.7,88.39,2.14,2742748770.0,1707171289.0,0.0,0.0,13.73,17.77
1561,301667,纳百川,63.85,-0.09,-0.06,10996.0,69669482.7,2.61,64.43,62.76,63.0,63.91,0.69,4.89,91.74,7.77,7130103960.0,1436271207.0,0.03,0.08,182.15,-20.44
1562,000752,ST西发,10.46,-0.1,-0.01,51401.0,53568025.69,2.48,10.58,10.32,10.47,10.47,1.39,1.95,14.28,4.49,2758913816.0,2758913816.0,0.0,-0.19,-13.91,-4.82
1563,603648,畅联股份,10.29,-0.1,-0.01,41716.0,42954949.0,2.14,10.39,10.17,10.24,10.3,1.13,1.15,30.27,2.0,3729227712.0,3729227712.0,-0.39,0.0,-1.25,-5.6
1564,300404,博济医药,10.14,-0.1,-0.01,66005.0,66422426.81,2.17,10.16,9.94,10.0,10.15,0.73,2.31,133.9,3.83,3912401569.0,2894129323.0,0.0,0.0,4.11,8.68
1565,920145,恒合股份,17.8,-0.11,-0.02,11002.0,19368107.45,5.16,18.1,17.18,17.82,17.82,0.46,2.26,-123.0,4.89,1255790000.0,864955400.0,-0.28,-0.22,-20.68,-29.64
1566,002331,皖通科技,8.92,-0.11,-0.01,73835.0,65117307.0,2.46,8.94,8.72,8.82,8.93,0.86,1.87,-48.81,2.26,3821611201.0,3530940031.0,0.22,0.34,-3.98,0.0
1567,002799,环球印务,9.17,-0.11,-0.01,57767.0,52560295.4,3.16,9.25,8.96,9.06,9.18,0.65,1.81,-109.71,2.31,2934766800.0,2934728286.0,-0.11,-0.11,-0.65,7.5
1568,603833,欧派家居,54.94,-0.11,-0.06,23006.0,125622772.0,2.22,55.22,54.0,54.99,55.0,0.99,0.38,13.7,1.77,33466858513.0,33466858513.0,-0.13,-0.11,3.82,8.02
1569,600605,汇通能源,27.39,-0.11,-0.03,17998.0,49051035.0,2.12,27.6,27.02,27.27,27.42,0.79,0.87,161.19,3.97,5650075730.0,5650075730.0,0.0,-0.04,-6.84,-8.7
1570,688570,天玛智控,18.64,-0.11,-0.02,8759.0,16288529.0,1.98,18.74,18.37,18.68,18.66,0.8,0.47,82.34,1.88,8071120000.0,3508048000.0,0.05,-0.21,3.27,1.19
1571,603027,千禾味业,9.5,-0.11,-0.01,114665.0,108667970.0,2.21,9.59,9.38,9.46,9.51,0.77,0.92,36.58,2.86,12664691414.0,11871345987.0,0.21,0.21,0.11,-3.36
1572,300621,维业股份,9.04,-0.11,-0.01,46358.0,41556273.88,2.98,9.09,8.82,8.93,9.05,0.94,2.29,-142.11,2.19,1880832568.0,1830862278.0,0.11,0.56,-1.63,7.49
1573,300465,高伟达,17.33,-0.12,-0.02,99956.0,170230857.28,3.86,17.45,16.78,17.05,17.35,0.76,2.25,270.18,11.46,7690176357.0,7690176357.0,-0.12,-0.06,-15.71,-13.91
1574,300614,百川畅银,16.36,-0.12,-0.02,84698.0,137787632.34,5.13,16.64,15.8,16.28,16.38,1.03,5.28,-25.78,2.48,2624809508.0,2624809508.0,0.25,0.0,24.41,29.02
1575,002032,苏 泊 尔,43.16,-0.12,-0.05,12314.0,52891443.0,1.5,43.35,42.7,43.02,43.21,0.77,0.15,16.5,5.51,34600916360.0,34578981930.0,0.0,-0.02,-13.18,-2.09
1576,603195,公牛集团,42.99,-0.12,-0.05,23306.0,99740165.0,1.6,43.1,42.41,42.5,43.04,0.77,0.13,19.57,4.96,77722031039.0,77410559289.0,-0.21,-0.21,-1.08,5.29
1577,605077,华康股份,16.35,-0.12,-0.02,50017.0,81702128.0,3.36,16.65,16.1,16.28,16.37,1.04,1.67,22.07,1.65,4954866405.0,4895671230.0,0.0,0.06,5.21,10.62
1578,000028,国药一致,25.52,-0.12,-0.03,45825.0,117080048.76,1.41,25.73,25.37,25.45,25.55,1.06,0.96,11.13,0.77,14203540765.0,12199930730.0,0.0,0.24,0.71,3.91
1579,002246,北化股份,24.78,-0.12,-0.03,474780.0,1175788169.14,6.85,25.9,24.2,25.9,24.81,0.7,8.65,54.17,4.54,13605082195.0,13605082195.0,-0.08,0.08,46.54,37.67
1580,688593,新相微,33.96,-0.12,-0.04,138942.0,466029359.0,6.85,34.77,32.44,33.0,34.0,0.76,4.31,1748.1,10.02,15605618832.0,10958271313.0,0.09,-0.03,73.0,68.29
1581,300640,德艺文创,7.46,-0.13,-0.01,97305.0,71997955.9,3.61,7.53,7.26,7.4,7.47,0.82,4.41,122.08,2.86,2320010965.0,1646788510.0,-0.13,-0.13,-5.81,-3.62
1582,300353,东土科技,23.9,-0.13,-0.03,232270.0,539182132.32,5.77,23.99,22.61,23.36,23.93,0.99,4.32,-74.33,7.4,14695939856.0,12840490626.0,-0.04,0.08,19.92,17.39
1583,300276,三丰智能,7.96,-0.13,-0.01,184868.0,145027536.84,3.14,7.99,7.74,7.9,7.97,0.57,1.75,220.72,5.62,11152302200.0,8414707526.0,-0.13,0.0,-9.55,-17.94
1584,603567,珍宝岛,7.66,-0.13,-0.01,121322.0,92458814.0,2.22,7.72,7.55,7.65,7.67,0.98,1.29,-14.49,0.99,7208033305.0,7196880414.0,0.52,0.39,-25.41,-14.22
1585,300585,奥联电子,15.84,-0.13,-0.02,47075.0,73444658.0,4.22,15.92,15.25,15.65,15.86,0.88,2.75,610.69,3.8,2710399998.0,2710399998.0,-0.06,-0.13,-19.8,-10.96
1586,002092,中泰化学,7.91,-0.13,-0.01,2387284.0,1967253483.51,9.97,8.67,7.88,8.15,7.92,2.46,9.27,-85.73,0.95,20487054379.0,20373079189.0,0.13,0.0,66.53,58.84
1587,002462,嘉事堂,15.33,-0.13,-0.02,41031.0,62614323.0,1.5,15.36,15.13,15.13,15.35,0.82,1.41,23.73,1.01,4471870150.0,4468241523.0,0.07,0.07,-0.97,6.75
1588,002686,亿利达,7.01,-0.14,-0.01,130317.0,91228851.0,2.71,7.08,6.89,6.98,7.02,1.04,2.49,82.71,2.42,3969336322.0,3664355582.0,0.0,0.29,-13.56,7.19
1589,601398,工商银行,7.1,-0.14,-0.01,3340481.0,2380737355.0,1.55,7.18,7.07,7.08,7.11,0.93,0.12,7.03,0.66,2530484425332.0,1914246709027.0,0.14,0.14,-10.24,-10.47
1590,300583,赛托生物,14.6,-0.14,-0.02,40895.0,60188960.6,4.99,15.2,14.47,14.93,14.62,1.2,2.2,-30.0,1.57,2769651040.0,2717774320.0,0.0,0.07,-2.41,6.65
1591,600177,雅戈尔,7.01,-0.14,-0.01,283656.0,199651970.0,1.28,7.09,7.0,7.07,7.02,0.88,0.61,10.35,0.76,32410327733.0,32410327733.0,-0.14,-0.28,-6.91,-7.76
1592,300381,溢多利,6.89,-0.14,-0.01,86969.0,59850236.0,2.03,6.95,6.81,6.84,6.9,1.13,1.78,139.39,1.31,3383413466.0,3371557933.0,0.29,0.15,-0.14,5.67
1593,000612,焦作万方,14.54,-0.14,-0.02,612122.0,895586051.25,5.56,15.11,14.3,14.96,14.56,0.83,5.14,14.35,2.48,17334579189.0,17323248894.0,-0.07,-0.14,45.4,31.94
1594,600720,中交设计,7.18,-0.14,-0.01,93633.0,66963708.0,1.25,7.2,7.11,7.15,7.19,0.83,0.93,16.43,1.08,16475196157.0,7244977356.0,0.0,0.28,-3.75,-0.55
1595,300289,利德曼,6.87,-0.15,-0.01,50996.0,34746083.0,2.33,6.89,6.73,6.81,6.88,0.75,0.94,-392.87,2.26,3737358916.0,3731485066.0,0.15,0.0,-6.28,-1.43
1596,601328,交通银行,6.76,-0.15,-0.01,2024770.0,1370531321.0,1.33,6.81,6.72,6.73,6.77,0.92,0.78,6.4,0.53,597339181347.0,176249691486.0,0.15,0.3,-8.28,-6.76
1597,000892,欢瑞世纪,6.62,-0.15,-0.01,303087.0,198145770.36,3.02,6.64,6.44,6.47,6.63,0.67,4.26,-139.03,7.69,6494090731.0,4705737325.0,0.0,0.3,-10.78,-5.16
1598,600358,ST联合,6.57,-0.15,-0.01,65092.0,42520042.0,1.98,6.6,6.47,6.48,6.58,0.68,1.29,-78.34,45.27,3317433856.0,3317433856.0,0.0,0.0,15.26,8.42
1599,688601,力芯微,53.72,-0.15,-0.08,63448.0,332778493.0,4.76,53.86,51.3,52.73,53.8,0.92,4.75,201.1,5.71,7181971844.0,7181971844.0,-0.02,-0.13,13.62,26.13
1600,000530,冰山冷热,6.52,-0.15,-0.01,138578.0,89625854.84,1.99,6.53,6.4,6.44,6.53,0.56,2.31,45.67,1.73,5497745546.0,3912270339.0,0.31,0.31,-15.32,-10.93
1601,300829,金丹科技,20.4,-0.15,-0.03,160025.0,329447121.69,4.06,20.93,20.1,20.33,20.43,0.93,10.11,26.33,1.92,4636412183.0,3228186392.0,0.05,-0.15,16.84,22.97
1602,300577,开润股份,20.42,-0.15,-0.03,13457.0,27215988.0,3.18,20.48,19.83,20.34,20.45,0.81,0.95,13.23,2.25,4897456164.0,2903005032.0,-0.29,0.15,-14.38,-4.45
1603,600073,光明肉业,6.61,-0.15,-0.01,181920.0,120683673.0,2.27,6.7,6.55,6.55,6.62,1.21,1.94,27.67,1.24,6198391810.0,6198391810.0,0.0,0.15,-1.2,3.28
1604,300836,佰奥智能,59.71,-0.15,-0.09,19780.0,116280093.93,6.2,60.77,57.06,59.8,59.8,0.85,3.13,81.8,9.71,5534257773.0,3774259367.0,0.27,0.18,17.77,8.76
1605,601619,嘉泽新能,6.76,-0.15,-0.01,1098874.0,738092962.0,4.28,6.9,6.61,6.74,6.77,0.69,4.51,24.83,2.45,19690298045.0,16458425538.0,0.3,0.15,60.95,52.25
1606,002207,准油股份,13.11,-0.15,-0.02,958903.0,1340813645.63,10.59,14.44,13.05,14.44,13.13,1.54,36.77,-80.85,96.98,3435546006.0,3419244009.0,0.0,-0.15,58.72,77.16
1607,600820,隧道股份,6.47,-0.15,-0.01,248074.0,159864742.0,1.54,6.5,6.4,6.45,6.48,0.85,0.79,12.61,0.65,20342301728.0,20342301728.0,0.15,0.0,1.41,-0.31
1608,300690,双一科技,30.29,-0.16,-0.05,28586.0,85516592.78,3.03,30.49,29.57,29.8,30.34,0.89,2.58,25.99,3.17,5008418757.0,3355567970.0,0.0,-0.03,2.85,-8.63
1609,300168,万达信息,6.23,-0.16,-0.01,205768.0,126786632.76,3.53,6.29,6.07,6.1,6.24,0.97,1.43,-16.51,7.28,8975116028.0,8966107255.0,0.0,0.16,-8.52,-3.56
1610,000908,*ST景峰,6.37,-0.16,-0.01,365038.0,234962811.42,7.21,6.64,6.18,6.34,6.38,1.83,4.15,-94.31,150.25,5604162616.0,5604162616.0,-0.16,-0.16,-25.67,-11.4
1611,001316,润贝航科,51.2,-0.16,-0.08,37516.0,193629148.9,3.65,52.48,50.61,51.4,51.28,0.77,3.37,37.49,4.72,5893909504.0,5698131712.0,0.0,-0.06,39.09,29.69
1612,002035,华帝股份,6.12,-0.16,-0.01,84109.0,51247662.6,1.31,6.13,6.05,6.13,6.13,0.73,1.08,10.94,1.33,5187640142.0,4786070522.0,0.16,0.16,-0.97,0.33
1613,600613,神奇制药,6.4,-0.16,-0.01,72258.0,46196600.0,1.72,6.45,6.34,6.37,6.41,0.87,1.51,50.96,1.47,3418058419.0,3067647859.0,0.16,0.16,-8.05,5.44
1614,600081,东风科技,11.47,-0.17,-0.02,19790.0,22531742.0,2.09,11.51,11.27,11.4,11.49,0.63,0.36,212.75,1.38,6343210170.0,6343210170.0,0.09,0.09,-5.05,-3.04
1615,603843,*ST正平,5.89,-0.17,-0.01,167024.0,98312994.0,5.08,6.03,5.73,5.85,5.9,0.69,2.39,-30.98,14.73,4120780866.0,4120780866.0,0.0,0.17,-28.43,2.97
1616,001367,海森药业,23.01,-0.17,-0.04,21675.0,49699364.67,2.91,23.25,22.58,23.05,23.05,1.3,5.46,29.81,2.44,3505601112.0,913444100.0,0.04,-0.13,-1.33,4.83
1617,002360,同德化工,5.79,-0.17,-0.01,173317.0,100893104.0,4.14,5.97,5.73,5.73,5.8,0.94,5.29,-175.58,1.16,2326272896.0,1896353712.0,-0.17,-0.17,11.35,19.63
1618,600908,无锡银行,5.76,-0.17,-0.01,161172.0,92717075.0,1.21,5.78,5.71,5.75,5.77,0.75,0.81,5.17,0.57,12641366563.0,11516040950.0,-0.17,0.17,-7.69,-2.87
1619,688373,盟科药业-U,5.91,-0.17,-0.01,110814.0,64887612.0,2.36,5.92,5.78,5.86,5.92,0.83,1.83,-16.05,19.06,3878309726.0,3579319959.0,0.17,0.51,-2.96,-2.15
1620,300187,永清环保,5.71,-0.17,-0.01,189156.0,107694463.0,2.8,5.77,5.61,5.65,5.72,0.61,2.95,27.99,3.26,3686502562.0,3666569820.0,0.0,0.18,6.13,17.25
1621,603284,林平发展,48.24,-0.17,-0.08,15758.0,75283751.0,2.15,48.24,47.2,47.51,48.32,0.5,8.53,24.85,1.87,3638009952.0,891156961.0,0.04,0.17,27.35,27.35
1622,688267,中触媒,30.15,-0.17,-0.05,43351.0,132222696.0,6.89,31.98,29.9,30.26,30.2,1.39,2.46,25.08,1.88,5312430000.0,5312430000.0,0.1,-0.17,0.9,7.03
1623,605339,南侨食品,17.85,-0.17,-0.03,14378.0,25688836.0,1.29,17.96,17.73,17.88,17.88,1.15,0.34,186.23,2.21,7573587496.0,7573587496.0,0.06,-0.06,-12.07,-9.02
1624,603708,家家悦,11.74,-0.17,-0.02,44601.0,51946477.0,1.96,11.79,11.56,11.68,11.76,0.91,0.7,27.33,3.18,7494096045.0,7494096045.0,0.0,0.09,0.43,-0.76
1625,301378,通达海,35.48,-0.17,-0.06,32622.0,114420866.5,4.11,35.67,34.21,34.5,35.54,0.88,7.1,-50.94,2.63,3427368000.0,1629047560.0,0.08,0.17,17.29,24.93
1626,301152,天力锂能,28.59,-0.17,-0.05,23162.0,65384660.49,2.86,28.64,27.82,28.09,28.64,0.78,3.26,-29.19,2.59,3394776800.0,2029872331.0,0.0,0.0,-12.84,-6.45
1627,301047,义翘神州,71.17,-0.18,-0.13,9334.0,66278172.8,1.98,71.58,70.17,70.51,71.3,0.98,0.78,58.93,1.64,8656886928.0,8510552797.0,0.0,-0.03,4.06,5.28
1628,301105,鸿铭股份,55.12,-0.18,-0.1,10734.0,58362842.0,4.42,55.7,53.26,54.18,55.22,1.14,6.53,-219.14,3.3,2756000000.0,906034835.0,0.35,0.35,22.54,15.63
1629,600137,浪莎股份,22.16,-0.18,-0.04,27861.0,61365191.0,3.15,22.33,21.63,21.98,22.2,1.17,2.87,82.45,3.97,2154341750.0,2154341750.0,-0.14,0.05,13.0,15.24
1630,300270,中威电子,11.08,-0.18,-0.02,95647.0,104521202.0,5.05,11.22,10.66,11.22,11.1,0.97,3.67,-58.09,5.95,3355090790.0,2891107148.0,-0.27,-0.18,1.28,1.09
1631,603209,兴通股份,16.2,-0.18,-0.03,146839.0,241062576.0,4.44,16.75,16.03,16.57,16.23,0.73,4.57,20.39,1.58,5265000000.0,5208163871.0,-0.12,-0.12,0.12,6.93
1632,603139,康惠股份,27.12,-0.18,-0.05,36376.0,97617394.0,4.49,27.46,26.24,27.17,27.17,0.63,3.64,-15.33,3.74,2708745600.0,2708745600.0,-0.33,-0.26,22.55,32.49
1633,601838,成都银行,16.91,-0.18,-0.03,384746.0,650263796.0,1.12,16.99,16.8,16.88,16.94,0.96,0.91,5.66,0.85,71671941870.0,71671941870.0,-0.06,-0.06,-1.63,4.9
1634,603188,亚邦股份,5.5,-0.18,-0.01,211332.0,114323893.0,3.81,5.51,5.3,5.4,5.51,0.79,3.71,113.98,4.09,3135935000.0,3135935000.0,0.0,0.18,11.79,19.83
1635,300767,震安科技,20.56,-0.19,-0.04,71078.0,144410759.67,3.93,20.76,19.95,20.24,20.6,0.93,2.96,-190.98,3.51,5680543536.0,4932179458.0,0.05,0.1,1.13,-1.15
1636,300769,德方纳米,42.23,-0.19,-0.08,179365.0,738835590.3,7.0,42.49,39.53,39.62,42.31,1.17,7.12,-16.31,2.27,11832340507.0,10631718296.0,0.05,-0.05,-9.53,-4.04
1637,301128,强瑞技术,102.4,-0.19,-0.2,34949.0,345672774.49,6.34,102.5,96.0,100.23,102.6,0.94,3.96,68.53,11.9,10592386048.0,9034890854.0,-0.05,0.31,25.0,1.48
1638,300877,金春股份,32.22,-0.19,-0.06,38049.0,121467975.0,6.2,33.0,31.0,31.83,32.28,0.68,3.17,39.27,2.32,3866400000.0,3866366169.0,-0.31,-0.25,26.8,10.08
1639,300560,中富通,15.96,-0.19,-0.03,63473.0,99387906.7,4.75,16.09,15.33,15.71,15.99,0.76,3.39,170.8,3.78,3666708207.0,2983957969.0,0.06,-0.13,-14.42,-1.24
1640,600292,电投水电,15.65,-0.19,-0.03,231094.0,357783159.0,3.38,15.75,15.22,15.67,15.68,1.0,2.96,917.67,2.35,68550227046.0,12219784329.0,0.0,-0.06,21.7,19.92
1641,000637,茂化实华,5.22,-0.19,-0.01,544065.0,293128359.51,8.03,5.62,5.2,5.52,5.23,0.87,14.92,-21.71,4.89,2713749358.0,1903133987.0,0.0,0.19,11.54,21.4
1642,000651,格力电器,37.33,-0.19,-0.07,300943.0,1120759413.91,1.2,37.48,37.03,37.2,37.4,0.81,0.55,7.31,1.45,209100476312.0,205880756943.0,-0.03,0.03,-6.23,-4.82
1643,603375,盛景微,37.68,-0.19,-0.07,10831.0,40598694.0,3.18,38.1,36.9,37.2,37.75,0.76,1.7,147.77,2.4,3793120013.0,2403265405.0,-0.05,-0.03,-1.31,3.23
1644,300012,华测检测,15.64,-0.19,-0.03,245845.0,380051116.81,3.19,15.71,15.21,15.52,15.67,0.84,1.72,24.3,3.48,26319433267.0,22392877920.0,0.32,0.19,15.68,15.42
1645,000757,浩物股份,5.27,-0.19,-0.01,158876.0,83168035.5,2.27,5.3,5.18,5.27,5.28,1.08,2.98,49.22,1.76,2807413821.0,2807360725.0,0.19,0.38,2.33,8.21
1646,601528,瑞丰银行,5.34,-0.19,-0.01,169053.0,90195376.0,1.31,5.37,5.3,5.35,5.35,0.67,0.97,5.15,0.54,10477941849.0,9261997913.0,0.19,0.19,-4.81,-6.32
1647,002654,万润科技,14.73,-0.2,-0.03,490063.0,704840199.93,4.67,14.79,14.1,14.29,14.76,0.96,5.8,336.41,7.96,12451306473.0,12450422673.0,0.07,0.2,10.34,4.69
1648,600795,国电电力,5.07,-0.2,-0.01,2626095.0,1337430035.0,1.97,5.13,5.03,5.04,5.08,0.92,1.47,10.01,1.48,90426588746.0,90426588746.0,0.0,0.0,-11.98,0.6
1649,001219,青岛食品,14.91,-0.2,-0.03,36387.0,54364869.47,2.07,15.09,14.78,14.79,14.94,0.91,1.91,23.5,2.74,2907207713.0,2834720079.0,0.13,0.2,-1.97,4.63
1650,000557,西部创业,5.03,-0.2,-0.01,136607.0,68613684.32,1.79,5.07,4.98,5.01,5.04,0.81,0.94,18.67,1.15,7335624917.0,7333318476.0,0.0,0.0,0.4,1.0
1651,002908,德生科技,9.75,-0.2,-0.02,55880.0,53932871.76,2.87,9.8,9.52,9.6,9.77,0.65,1.74,714.53,3.8,4206462858.0,3137887662.0,0.1,0.1,-0.71,-7.41
1652,300653,正海生物,20.06,-0.2,-0.04,17592.0,35228954.55,1.64,20.17,19.84,19.96,20.1,0.78,0.98,40.18,4.13,3610800000.0,3610800000.0,0.0,-0.1,-9.07,0.45
1653,603358,华达科技,49.45,-0.2,-0.1,97263.0,473351100.0,6.54,50.19,46.95,49.26,49.55,2.0,2.17,44.29,6.06,23228795108.0,22215223848.0,-0.04,0.28,18.3,-1.79
1654,603869,ST智知,9.75,-0.2,-0.02,7237.0,6995416.0,2.15,9.77,9.56,9.56,9.77,0.78,0.15,97.77,1.29,4817636733.0,4817636733.0,0.21,0.0,-9.05,-7.93
1655,300685,艾德生物,20.02,-0.2,-0.04,41389.0,82318630.82,1.84,20.09,19.72,19.86,20.06,0.7,1.06,22.4,4.0,7838553603.0,7799739207.0,0.15,0.05,-5.79,-2.15
1656,000830,鲁西化工,20.17,-0.2,-0.04,877823.0,1839664568.94,8.41,21.8,20.1,21.62,20.21,1.63,4.61,28.15,2.02,38410114452.0,38407087298.0,0.0,0.1,34.47,21.73
1657,601816,京沪高铁,5.04,-0.2,-0.01,1885249.0,953239231.0,1.39,5.09,5.02,5.05,5.05,0.76,0.39,17.95,1.21,246585424025.0,246585424025.0,0.2,0.0,-3.08,-2.14
1658,688253,英诺特,34.73,-0.2,-0.07,13737.0,47237332.0,4.37,35.29,33.77,34.78,34.8,0.75,1.0,32.58,2.32,4757465295.0,4757465295.0,0.03,0.03,5.92,15.08
1659,603151,邦基科技,18.95,-0.21,-0.04,25024.0,47462141.0,2.37,19.17,18.72,18.99,18.99,0.9,1.46,22.89,2.38,3240241550.0,3240241550.0,-0.21,-0.11,4.12,5.16
1660,002530,金财互联,9.62,-0.21,-0.02,171069.0,162401958.92,2.9,9.66,9.38,9.5,9.64,0.69,2.46,97.73,5.66,7495886444.0,6687086473.0,0.1,0.1,-1.74,-10.76
1661,605336,帅丰电器,14.27,-0.21,-0.03,38722.0,54398472.0,4.41,14.39,13.76,14.1,14.3,1.14,2.11,666.43,1.4,2617295662.0,2617295662.0,0.35,0.21,-6.43,-9.34
1662,603218,日月股份,14.41,-0.21,-0.03,136833.0,195758991.0,2.29,14.5,14.17,14.38,14.44,1.06,1.33,25.64,1.45,14847217413.0,14814002363.0,0.07,0.14,12.23,8.75
1663,002289,*ST宇顺,28.07,-0.21,-0.06,12868.0,35862588.26,3.63,28.38,27.36,27.51,28.13,0.58,0.46,-498.2,35.95,7866722285.0,7858301285.0,-0.11,-0.28,-22.78,-3.77
1664,300061,旗天科技,9.58,-0.21,-0.02,94787.0,89754605.89,2.81,9.63,9.36,9.45,9.6,0.77,1.52,-169.77,12.05,6313159426.0,5960385774.0,0.1,-0.1,-12.03,-8.94
1665,600557,康缘药业,13.99,-0.21,-0.03,44022.0,61311650.0,1.5,14.05,13.84,13.95,14.02,0.79,0.78,29.76,1.68,7920561696.0,7920561696.0,-0.14,-0.07,-7.53,-0.85
1666,300601,康泰生物,14.05,-0.21,-0.03,92593.0,129512467.98,1.7,14.11,13.87,13.94,14.08,0.8,1.03,239.43,1.72,15692863058.0,12650254068.0,0.0,0.07,-9.88,-4.87
1667,002661,克明食品,9.41,-0.21,-0.02,52634.0,49809517.0,2.55,9.58,9.34,9.39,9.43,1.05,1.67,19.0,1.35,3134826152.0,2960120798.0,-0.11,-0.11,-2.99,4.56
1668,301006,迈拓股份,18.63,-0.21,-0.04,23397.0,42987762.31,4.34,18.74,17.93,18.48,18.67,1.15,2.72,35.94,2.03,2594786400.0,1603784043.0,0.11,0.22,8.19,12.98
1669,300672,国科微,139.88,-0.22,-0.31,91388.0,1232409950.62,8.32,142.0,130.33,136.0,140.19,1.01,4.34,3075.62,7.46,30368290986.0,29422032021.0,0.05,0.03,41.29,29.98
1670,000544,中原环保,9.06,-0.22,-0.02,129551.0,117811978.0,2.31,9.17,8.96,9.02,9.08,0.66,1.33,6.45,0.97,8830641461.0,8830641461.0,-0.11,0.22,4.98,8.89
1671,002775,文科股份,4.45,-0.22,-0.01,124243.0,55033838.04,2.24,4.49,4.39,4.41,4.46,0.84,2.64,164.06,10.7,2831306030.0,2097865930.0,0.0,0.0,3.73,3.97
1672,300459,汤姆猫,4.63,-0.22,-0.01,876903.0,400980865.44,3.45,4.67,4.51,4.56,4.64,0.7,2.67,-277.85,7.77,16278204648.0,15219705692.0,0.0,0.0,-1.49,0.87
1673,300020,ST银江,4.64,-0.22,-0.01,157886.0,72417776.2,2.37,4.65,4.54,4.6,4.65,0.85,2.06,-5.09,1.38,3687305799.0,3557207670.0,0.0,0.0,28.18,32.57
1674,603669,灵康药业,4.56,-0.22,-0.01,82433.0,37345078.0,2.41,4.58,4.47,4.52,4.57,0.85,1.14,-71.49,4.87,3288882380.0,3288882380.0,-0.22,-0.22,-10.24,0.0
1675,600548,深高速,8.96,-0.22,-0.02,50403.0,45246719.0,1.45,9.03,8.9,8.97,8.98,0.8,0.29,11.6,0.97,22739190898.0,15361256808.0,0.22,0.11,-6.67,1.82
1676,601200,上海环境,8.81,-0.23,-0.02,215996.0,189629059.0,1.7,8.86,8.71,8.78,8.83,1.1,1.6,17.08,1.02,11860288511.0,11860288511.0,0.11,0.11,8.77,9.44
1677,600572,康恩贝,4.35,-0.23,-0.01,434274.0,189130629.0,1.38,4.38,4.32,4.33,4.36,0.83,1.72,14.17,1.56,11034172768.0,11004845708.0,0.0,0.0,-8.23,-2.47
1678,603658,安图生物,34.92,-0.23,-0.08,18938.0,65836475.0,1.23,34.99,34.56,34.79,35.0,0.74,0.33,17.41,2.28,19954152899.0,19954152899.0,-0.03,-0.03,-3.78,-1.41
1679,301555,惠柏新材,38.4,-0.23,-0.09,42889.0,164172478.4,2.7,38.83,37.79,38.12,38.49,0.85,8.87,44.04,3.16,3543041280.0,1856534400.0,0.03,0.03,24.23,15.63
1680,300633,开立医疗,25.85,-0.23,-0.06,37428.0,96082429.55,2.7,26.04,25.34,25.67,25.91,1.15,0.86,250.34,3.59,11185615669.0,11185615669.0,0.23,0.31,-4.26,-2.16
1681,600241,时代万恒,8.74,-0.23,-0.02,47507.0,41248090.0,2.63,8.76,8.53,8.75,8.76,0.84,1.61,1149.58,2.2,2572200485.0,2572200485.0,-0.11,0.11,-4.59,4.67
1682,300120,经纬辉开,8.63,-0.23,-0.02,140654.0,120063746.0,3.12,8.67,8.4,8.48,8.65,0.81,2.67,-401.18,1.66,4957019607.0,4551867627.0,-0.12,0.0,-5.27,1.53
1683,002137,实益达,8.74,-0.23,-0.02,129134.0,111203166.0,2.85,8.76,8.51,8.59,8.76,0.62,3.26,124.9,3.34,5047392424.0,3465049309.0,-0.11,0.0,-3.85,1.86
1684,603357,设计总院,8.31,-0.24,-0.02,44834.0,37261265.0,1.2,8.36,8.26,8.29,8.33,0.72,0.81,14.45,1.21,4658402424.0,4617060589.0,0.12,-0.12,-0.36,1.96
1685,301149,隆华新材,12.67,-0.24,-0.03,133854.0,168585433.76,2.6,12.75,12.42,12.6,12.7,1.05,5.12,40.7,2.67,5448100228.0,3309767806.0,0.08,0.16,13.53,19.08
1686,002566,益盛药业,8.39,-0.24,-0.02,52929.0,44328234.36,1.78,8.45,8.3,8.37,8.41,0.91,2.28,86.31,1.25,2776683924.0,1944722027.0,0.0,0.12,-7.29,9.96
1687,601388,怡球资源,4.16,-0.24,-0.01,865542.0,361983790.0,3.36,4.27,4.13,4.2,4.17,0.86,3.93,70.43,2.0,9157086083.0,9157086083.0,-0.24,-0.24,40.54,38.21
1688,688226,威腾电气,45.81,-0.24,-0.11,69920.0,311918868.0,5.23,45.9,43.5,45.2,45.92,0.93,3.7,271.95,5.05,8647806571.0,8647806571.0,-0.17,0.13,42.31,23.48
1689,603861,白云电器,20.45,-0.24,-0.05,405818.0,832191645.0,4.88,21.09,20.09,20.09,20.5,0.85,7.68,55.8,2.77,11053796680.0,10809593475.0,0.1,0.29,79.54,68.04
1690,301526,国际复材,12.51,-0.24,-0.03,1423866.0,1744509088.4,5.58,12.6,11.9,12.23,12.54,0.83,10.14,129.64,5.74,47173684380.0,17568955467.0,-0.48,-0.08,119.09,78.71
1691,000652,泰达股份,4.14,-0.24,-0.01,154378.0,63726647.0,1.93,4.18,4.1,4.11,4.15,0.7,1.05,65.43,1.07,6108875747.0,6104274166.0,0.0,0.0,-8.2,-0.48
1692,300406,九强生物,12.55,-0.24,-0.03,30789.0,38417425.0,1.67,12.59,12.38,12.52,12.58,0.64,0.73,20.25,1.92,7358173281.0,5326424628.0,0.08,0.0,-8.33,-3.98
1693,600217,中再资环,4.09,-0.24,-0.01,186719.0,76111997.0,1.46,4.11,4.05,4.06,4.1,0.72,1.13,-13.63,2.21,6779803523.0,6779803523.0,0.25,0.25,-1.21,0.25
1694,003030,祖名股份,20.79,-0.24,-0.05,19368.0,40210172.0,2.88,21.05,20.45,20.84,20.84,0.85,2.44,60.49,2.55,2594176200.0,1650431822.0,0.1,0.0,-7.8,2.97
1695,300031,宝通科技,21.17,-0.24,-0.05,93127.0,193918574.45,3.35,21.24,20.53,21.01,21.22,0.89,2.65,31.84,2.18,8864867533.0,7449763054.0,0.05,0.05,-3.24,-6.86
1696,300626,华瑞股份,19.6,-0.25,-0.05,59489.0,115097636.6,4.17,19.72,18.9,19.41,19.65,0.88,3.31,193.75,6.67,3528000000.0,3526069890.0,0.15,0.15,39.11,23.19
1697,688067,爱威科技,28.43,-0.25,-0.07,17162.0,48110052.0,3.16,28.5,27.6,28.5,28.5,0.85,2.52,66.79,3.76,1933240000.0,1933240000.0,0.0,0.04,13.18,15.76
1698,600597,光明乳业,7.86,-0.25,-0.02,94502.0,74175031.0,1.27,7.9,7.8,7.84,7.88,0.91,0.69,93.17,1.15,10834803777.0,10834659153.0,0.0,-0.13,-4.84,-2.84
1699,000055,方大集团,3.94,-0.25,-0.01,93702.0,36796046.0,2.53,3.98,3.88,3.92,3.95,0.9,1.39,199.7,0.69,4231064454.0,2662857782.0,0.25,0.25,-7.51,-3.9
1700,601800,中国交建,8.09,-0.25,-0.02,320715.0,259918174.0,1.97,8.19,8.03,8.08,8.11,0.77,0.27,7.24,0.45,131661871780.0,95287557150.0,-0.12,-0.12,-3.58,-0.37
1701,301382,蜂助手,35.12,-0.26,-0.09,87573.0,303343592.07,3.58,35.36,34.1,34.6,35.21,0.92,4.97,55.96,5.41,10030057873.0,6191253455.0,0.03,0.03,-2.44,-0.9
1702,000972,*ST中基,3.79,-0.26,-0.01,81772.0,30922740.0,2.37,3.84,3.75,3.79,3.8,0.8,1.06,-15.22,-17.05,2923164764.0,2923164764.0,0.26,0.8,-3.07,-3.32
1703,605088,冠盛股份,34.41,-0.26,-0.09,24097.0,81767361.0,3.45,34.57,33.38,34.11,34.5,0.8,1.21,23.27,2.43,6975803484.0,6872201856.0,0.09,0.0,3.99,-3.34
1704,605180,华生科技,15.55,-0.26,-0.04,21857.0,33783619.0,2.25,15.59,15.24,15.52,15.59,0.84,1.29,80.45,2.3,2627950000.0,2627950000.0,0.06,0.0,0.52,6.87
1705,002706,良信股份,11.73,-0.26,-0.03,455085.0,528839097.96,4.0,11.82,11.35,11.59,11.76,1.08,4.97,32.48,3.24,13174256485.0,10732827891.0,0.17,0.17,17.89,8.81
1706,300853,申昊科技,22.63,-0.26,-0.06,32126.0,72188992.8,3.35,22.82,22.06,22.16,22.69,1.05,2.91,-19.34,5.45,3325456164.0,2495133131.0,0.0,-0.04,11.15,9.22
1707,688489,三未信安,42.33,-0.26,-0.11,8855.0,37074255.0,3.2,42.56,41.2,41.61,42.44,0.66,0.77,-118.51,2.66,4876825585.0,4839612435.0,0.02,0.02,-0.21,-7.39
1708,920608,丰安股份,18.84,-0.26,-0.05,3312.0,6191036.55,2.65,19.0,18.5,18.64,18.89,0.53,0.84,34.49,2.44,1172601600.0,742521421.0,0.0,0.64,-2.53,0.69
1709,300291,百纳千成,7.61,-0.26,-0.02,159285.0,119725066.0,3.28,7.65,7.4,7.42,7.63,0.79,1.71,-79.6,2.35,7167780244.0,7083073281.0,0.13,0.13,33.51,1.6
1710,601965,中国汽研,18.98,-0.26,-0.05,118370.0,220656566.0,4.15,19.05,18.26,18.85,19.03,1.18,1.19,17.96,2.43,19037981755.0,18949740698.0,0.16,0.53,14.2,14.34
1711,688173,希荻微,15.25,-0.26,-0.04,83037.0,123411856.0,5.04,15.35,14.58,15.0,15.29,0.9,2.03,-57.55,4.41,6295477886.0,6252892810.0,-0.2,-0.07,-7.29,3.74
1712,600868,梅雁吉祥,3.86,-0.26,-0.01,700915.0,267936235.0,3.1,3.88,3.76,3.8,3.87,0.55,3.69,-178.13,3.78,7326853901.0,7326853901.0,0.0,0.26,5.18,15.57
1713,600928,西安银行,3.68,-0.27,-0.01,205650.0,75484897.0,1.08,3.69,3.65,3.66,3.69,0.59,0.46,6.03,0.47,16355555558.0,16277942963.0,0.27,0.27,-4.91,-0.54
1714,003025,思进智能,14.99,-0.27,-0.04,60690.0,90337740.33,2.4,15.06,14.7,15.0,15.03,0.97,2.68,27.52,3.43,4256463834.0,3393974761.0,0.2,0.0,5.49,4.31
1715,603511,爱慕股份,14.93,-0.27,-0.04,14863.0,22104162.0,1.6,14.98,14.74,14.83,14.97,0.67,0.37,44.72,1.39,6032475637.0,6000177568.0,0.2,0.07,-6.69,-3.62
1716,002583,海能达,11.21,-0.27,-0.03,293996.0,328894493.16,1.96,11.32,11.1,11.15,11.24,0.68,2.29,82.16,7.98,20386723261.0,14379302959.0,-0.09,-0.09,-3.69,-0.97
1717,000430,ST张家界,7.3,-0.27,-0.02,40003.0,29116980.0,1.09,7.32,7.24,7.25,7.32,0.83,1.08,-197.92,11.04,5910338216.0,2705062348.0,-0.14,0.0,2.82,-5.93
1718,002200,*ST交投,7.42,-0.27,-0.02,18655.0,13799423.8,2.28,7.46,7.29,7.37,7.44,0.68,0.95,-36.37,-12.67,3347351811.0,1452286697.0,0.0,0.27,8.32,-1.2
1719,600479,千金药业,11.17,-0.27,-0.03,92688.0,103436055.0,2.23,11.26,11.01,11.12,11.2,1.05,2.21,19.1,1.81,5497985879.0,4674724497.0,-0.09,0.0,2.95,9.94
1720,002513,蓝丰生化,7.41,-0.27,-0.02,410344.0,306949890.0,5.25,7.75,7.36,7.44,7.43,2.1,14.2,-27.04,-186.46,2783151377.0,2141796048.0,0.27,0.27,2.77,10.27
1721,000953,河化股份,7.36,-0.27,-0.02,105769.0,78059251.0,2.17,7.48,7.32,7.4,7.38,0.82,2.89,254.75,17.48,2694659355.0,2694659355.0,0.0,0.14,-1.47,1.94
1722,300615,欣天科技,14.3,-0.28,-0.04,46444.0,65495357.0,3.91,14.36,13.8,14.15,14.34,0.76,3.71,143.2,5.19,2763177560.0,1791109678.0,0.07,0.28,3.25,7.68
1723,000860,顺鑫农业,14.05,-0.28,-0.04,58349.0,81569674.36,1.14,14.06,13.9,13.95,14.09,0.68,0.79,101.53,1.49,10421826195.0,10421826195.0,0.0,0.14,-6.4,-4.1
1724,688187,时代电气,57.49,-0.28,-0.16,71288.0,403300816.0,5.52,58.16,54.98,56.76,57.65,1.29,0.82,19.02,1.84,78068454206.0,49953492865.0,-0.12,0.05,18.12,12.09
1725,000713,国投丰乐,7.19,-0.28,-0.02,353177.0,257279900.94,4.3,7.48,7.17,7.29,7.21,0.84,5.75,-47.45,2.32,5739198018.0,4414767706.0,0.14,0.14,3.3,8.61
1726,600477,杭萧钢构,3.54,-0.28,-0.01,658308.0,229497428.0,2.82,3.54,3.44,3.49,3.55,0.71,2.79,42.09,1.65,8350748263.0,8350748263.0,0.0,0.0,28.26,19.19
1727,600280,中央商场,3.5,-0.28,-0.01,187970.0,65517931.0,2.56,3.54,3.45,3.47,3.51,0.6,1.67,-55.32,6.41,3949171758.0,3949171758.0,0.0,0.0,-5.41,-9.09
1728,688557,兰剑智能,35.57,-0.28,-0.1,30403.0,106398615.0,5.97,36.4,34.27,35.2,35.67,0.87,2.96,31.73,2.94,3652314795.0,3652314795.0,0.08,0.2,-5.17,-2.36
1729,000831,中国稀土,57.34,-0.28,-0.16,361195.0,2026890724.9,5.5,57.89,54.73,56.37,57.5,0.6,3.4,237.47,12.59,60850401073.0,60850401073.0,0.0,0.03,22.08,23.47
1730,002001,新 和 成,36.2,-0.28,-0.1,774421.0,2820968946.65,5.9,37.58,35.44,36.68,36.3,0.91,2.55,15.68,3.45,111257864816.0,109934401794.0,-0.17,0.0,48.12,43.71
1731,600654,中安科,3.53,-0.28,-0.01,462948.0,161655365.0,2.82,3.55,3.45,3.5,3.54,0.84,2.0,38.56,5.88,10157775613.0,8180403528.0,0.0,0.0,-9.02,-6.37
1732,301520,万邦医药,43.08,-0.28,-0.12,6624.0,28376633.26,2.25,43.37,42.4,42.5,43.2,0.85,2.95,65.05,1.9,2872000014.0,965982495.0,-0.12,0.19,4.36,8.43
1733,600063,皖维高新,7.07,-0.28,-0.02,812221.0,586898138.0,6.63,7.5,7.03,7.39,7.09,1.8,3.93,28.88,1.71,14628582594.0,14628582594.0,0.0,0.0,17.83,20.03
1734,000928,中钢国际,7.15,-0.28,-0.02,370078.0,263442789.1,1.95,7.19,7.05,7.08,7.17,0.83,2.58,13.84,1.21,10257709040.0,10257583558.0,0.7,0.85,8.83,8.17
1735,300434,金石亚药,10.3,-0.29,-0.03,47705.0,49169341.0,1.65,10.37,10.2,10.25,10.33,0.69,1.39,32.07,1.64,4137961882.0,3523847186.0,0.0,0.1,-15.23,0.19
1736,000513,丽珠集团,34.69,-0.29,-0.1,56068.0,193875359.33,2.01,35.0,34.3,34.5,34.79,0.88,0.99,13.17,2.25,30801499762.0,19702291270.0,0.03,0.12,-3.18,0.67
1737,605398,新炬网络,31.3,-0.29,-0.09,62137.0,189743513.0,6.24,31.66,29.7,30.45,31.39,0.93,3.82,375.89,4.95,5093022663.0,5093022663.0,-0.1,0.06,5.32,9.71
1738,603099,长白山,37.74,-0.29,-0.11,49865.0,187844947.0,2.8,38.28,37.22,37.36,37.85,1.24,1.87,51.61,7.8,10278710156.0,10064125800.0,0.03,-0.03,-24.64,-16.41
1739,688262,国芯科技,37.98,-0.29,-0.11,138761.0,510216549.0,5.7,38.13,35.96,36.82,38.09,0.76,4.13,-53.0,6.49,12761276696.0,12761276696.0,-0.03,0.08,31.1,25.14
1740,301232,飞沃科技,183.91,-0.29,-0.54,36384.0,658929668.04,4.32,185.0,177.03,179.23,184.45,0.58,8.15,225.41,9.79,13823107237.0,8214756706.0,-0.04,0.0,193.79,9.23
1741,300439,美康生物,10.18,-0.29,-0.03,35941.0,36563771.0,1.37,10.23,10.09,10.21,10.21,0.83,1.23,48.47,1.32,3912365537.0,2975940279.0,-0.2,0.0,-2.21,3.35
1742,300528,幸福蓝海,17.28,-0.29,-0.05,123068.0,208566150.75,3.58,17.3,16.68,17.02,17.33,0.82,3.3,-1172.63,12.18,6438667173.0,6438667173.0,0.0,0.47,-20.18,-16.88
1743,688589,力合微,23.73,-0.29,-0.07,34830.0,80997788.0,3.91,23.73,22.8,23.43,23.8,0.78,2.4,164.81,3.3,3448641769.0,3448641769.0,0.21,0.47,7.13,4.31
1744,301263,泰恩康,29.43,-0.3,-0.09,29738.0,86177380.77,3.69,29.6,28.51,29.28,29.52,0.79,0.98,299.05,7.22,12522391425.0,8934537599.0,0.17,-0.07,8.6,1.52
1745,002390,信邦制药,3.32,-0.3,-0.01,252315.0,83723769.71,1.5,3.34,3.29,3.3,3.33,0.77,1.31,31.78,0.96,6453588202.0,6400356537.0,-0.3,-0.3,-14.87,3.11
1746,688496,清越科技,6.58,-0.3,-0.02,121580.0,78236269.0,5.0,6.6,6.27,6.5,6.6,1.12,5.11,-32.4,3.16,2961000000.0,1565682048.0,0.15,0.15,-6.13,10.77
1747,000999,华润三九,30.07,-0.3,-0.09,190980.0,577724861.83,2.29,30.49,29.8,29.83,30.16,1.12,1.15,14.62,2.26,50043030990.0,49997208670.0,-0.03,0.13,5.03,5.66
1748,000800,一汽解放,6.7,-0.3,-0.02,180641.0,120771915.63,1.34,6.72,6.63,6.66,6.72,0.9,0.37,66.45,1.25,32972582533.0,32969766576.0,0.0,0.0,-6.16,-1.18
1749,920469,富恒新材,10.0,-0.3,-0.03,14153.0,14111163.34,4.09,10.17,9.76,10.09,10.03,0.62,1.37,-14.8,4.22,1409460000.0,1034481620.0,0.0,0.91,-12.59,-18.23
1750,688002,睿创微纳,106.91,-0.3,-0.32,69514.0,729816029.0,4.52,107.69,102.84,104.83,107.23,0.71,1.51,44.74,7.42,49225815625.0,49225815625.0,0.74,0.72,38.13,6.06
1751,000007,全新好,13.23,-0.3,-0.04,73907.0,96999736.5,3.84,13.42,12.91,13.15,13.27,0.87,2.13,1005.75,25.09,4583507622.0,4583507622.0,0.0,0.08,26.0,15.65
1752,601077,渝农商行,6.64,-0.3,-0.02,638516.0,426476362.0,1.8,6.74,6.62,6.66,6.66,0.83,0.72,5.29,0.57,75410480000.0,58685929596.0,-0.3,0.0,2.95,6.07
1753,000869,张  裕Ａ,19.68,-0.3,-0.06,11779.0,23078873.55,1.01,19.69,19.49,19.59,19.74,0.66,0.26,51.73,1.26,12934485719.0,8956452526.0,0.1,0.2,-7.21,-4.37
1754,300082,奥克股份,10.05,-0.3,-0.03,119829.0,120089877.42,2.48,10.15,9.9,10.0,10.08,1.03,1.77,-781.28,2.5,6834986910.0,6815990028.0,0.0,0.0,-3.55,1.52
1755,600008,首创环保,3.18,-0.31,-0.01,1203656.0,383925866.0,1.57,3.21,3.16,3.17,3.19,1.04,1.64,12.21,1.12,23343078353.0,23343078353.0,0.0,0.32,6.0,7.43
1756,603666,亿嘉和,29.09,-0.31,-0.09,25468.0,73401210.0,2.12,29.12,28.5,28.7,29.18,0.56,1.24,-105.97,2.82,5978879918.0,5978879918.0,0.03,0.07,-2.71,-2.05
1757,601702,华峰铝业,22.23,-0.31,-0.07,110910.0,243791929.0,3.63,22.41,21.6,22.18,22.3,0.94,1.11,18.59,3.62,22197335238.0,22197335238.0,0.0,0.14,18.06,8.6
1758,601818,光大银行,3.23,-0.31,-0.01,2524877.0,818213257.0,1.23,3.26,3.22,3.23,3.24,0.76,0.54,3.87,0.38,190846329927.0,149894014262.0,0.0,-0.31,-6.38,-4.72
1759,603063,禾望电气,31.8,-0.31,-0.1,383763.0,1208910207.0,2.76,31.89,31.01,31.6,31.9,1.78,8.37,32.69,2.94,14575004728.0,14575004728.0,0.06,0.06,5.54,-3.84
1760,300625,三雄极光,12.72,-0.31,-0.04,26260.0,33335165.0,2.35,12.85,12.55,12.77,12.76,0.75,1.62,-253.84,1.79,3553090320.0,2060280736.0,0.08,0.32,2.75,7.34
1761,300290,荣科科技,16.24,-0.31,-0.05,165106.0,264710136.02,2.89,16.28,15.81,15.98,16.29,0.78,2.58,-245.88,13.39,10389256921.0,10386169291.0,0.0,0.19,-34.88,-41.01
1762,300364,中文在线,28.88,-0.31,-0.09,607485.0,1721600854.3,4.73,29.09,27.72,27.94,28.97,0.92,9.2,-30.32,44.5,21039083408.0,19072680452.0,-0.07,0.1,16.03,14.97
1763,688048,长光华芯,157.0,-0.32,-0.5,117398.0,1751316082.0,13.39,160.99,139.9,146.21,157.5,0.74,6.66,1417.64,9.21,27675951051.0,27675951051.0,0.13,0.08,45.68,25.25
1764,002313,日海智能,9.33,-0.32,-0.03,59426.0,54773968.0,2.78,9.37,9.11,9.18,9.36,0.57,1.59,-47.81,261.08,3493152000.0,3492906388.0,0.0,-0.21,-15.87,-8.44
1765,688615,合合信息,198.0,-0.32,-0.63,25895.0,503946091.0,4.45,199.5,190.67,195.0,198.63,0.92,2.68,61.04,9.49,27720000000.0,19140708312.0,0.25,0.21,-2.22,-13.0
1766,600138,中青旅,9.47,-0.32,-0.03,110725.0,104351658.0,0.95,9.48,9.39,9.42,9.5,0.71,1.53,81.71,1.08,6854764800.0,6854764800.0,0.0,0.0,-1.35,-4.15
1767,002694,顾地科技,3.16,-0.32,-0.01,144545.0,45257865.0,3.79,3.2,3.08,3.1,3.17,0.72,2.01,-5.97,22.93,2411347968.0,2271347012.0,0.64,0.96,-28.99,-15.96
1768,301584,建发致新,27.85,-0.32,-0.09,17134.0,47532768.92,1.47,27.96,27.55,27.65,27.94,0.8,3.4,38.29,5.65,11732884976.0,1404304306.0,0.0,0.0,-16.11,-4.69
1769,920790,联迪信息,31.1,-0.32,-0.1,9028.0,27481735.23,3.97,31.17,29.93,30.5,31.2,0.87,1.66,316.8,7.85,2455874322.0,1690252594.0,0.35,0.61,-2.42,-5.76
1770,300452,山河药辅,15.35,-0.32,-0.05,47949.0,73274184.5,2.14,15.39,15.06,15.15,15.4,0.66,2.41,20.36,3.86,3598868808.0,3048969671.0,0.13,0.2,7.27,14.72
1771,300099,尤洛卡,9.39,-0.32,-0.03,300691.0,278009677.47,3.5,9.41,9.08,9.32,9.42,0.7,5.17,90.14,3.03,6922920744.0,5459460934.0,0.0,0.11,27.06,24.7
1772,605183,确成股份,21.75,-0.32,-0.07,38340.0,82314499.0,4.81,21.93,20.88,21.52,21.82,1.14,0.93,17.07,2.5,9045458404.0,8970340429.0,0.23,0.23,13.28,9.19
1773,600600,青岛啤酒,62.26,-0.32,-0.2,54447.0,339596908.0,1.71,62.8,61.73,61.99,62.46,1.01,0.77,12.08,2.71,84934788233.0,44150181211.0,-0.06,-0.03,-2.87,1.73
1774,301201,诚达药业,42.61,-0.33,-0.14,19398.0,81442395.28,3.09,42.63,41.31,42.01,42.75,0.58,1.79,294.77,3.1,6592356041.0,4625072793.0,0.0,0.02,-0.23,4.69
1775,601916,浙商银行,3.01,-0.33,-0.01,1524477.0,459241079.0,0.99,3.03,3.0,3.01,3.02,0.92,0.71,5.31,0.47,82668554249.0,64848752249.0,0.33,0.33,-3.22,-0.99
1776,002911,佛燃能源,15.1,-0.33,-0.05,213307.0,329714414.56,6.2,15.99,15.05,15.6,15.15,0.83,1.68,19.59,2.12,19605752677.0,19132273830.0,-0.07,-0.2,25.94,27.21
1777,603108,润达医疗,14.9,-0.33,-0.05,128189.0,188253841.0,2.94,14.95,14.51,14.71,14.95,0.68,2.12,-41.47,2.18,8994858179.0,8994858179.0,0.27,0.34,-1.32,-0.33
1778,300884,狄耐克,14.9,-0.33,-0.05,64729.0,94954680.17,3.41,14.94,14.43,14.61,14.95,0.73,3.38,-1775.38,2.99,3782556018.0,2852007301.0,0.0,0.13,0.88,0.68
1779,000529,广弘控股,6.04,-0.33,-0.02,68585.0,41457597.5,1.82,6.11,6.0,6.05,6.06,0.87,1.2,39.38,1.11,3526093593.0,3442101637.0,0.0,-0.17,-4.13,0.5
1780,002030,达安基因,6.13,-0.33,-0.02,160644.0,97909658.39,1.79,6.13,6.02,6.05,6.15,0.72,1.14,-45.6,1.11,8603124176.0,8603124176.0,0.16,0.33,-4.96,2.85
1781,300613,富瀚微,41.99,-0.33,-0.14,35549.0,146604814.11,3.61,42.2,40.68,41.44,42.13,0.79,1.62,89.27,3.55,9764062518.0,9209583476.0,-0.02,0.05,-8.14,-8.84
1782,301024,霍普股份,39.8,-0.33,-0.13,15962.0,62565804.5,3.73,39.99,38.5,39.42,39.93,1.31,2.59,-60.29,6.33,2530683000.0,2450088000.0,0.53,0.35,7.92,12.52
1783,301585,蓝宇股份,30.48,-0.33,-0.1,8974.0,27312556.8,2.32,30.82,30.11,30.27,30.58,0.8,1.32,50.06,3.28,3169920000.0,2075960186.0,0.03,0.07,-0.88,-1.42
1784,600333,长春燃气,5.86,-0.34,-0.02,423895.0,254484567.0,7.48,6.28,5.84,6.21,5.88,0.73,6.96,-47.35,1.91,3568919808.0,3568919808.0,0.0,0.17,-6.54,5.97
1785,600990,四创电子,26.16,-0.34,-0.09,53853.0,138784038.0,3.09,26.21,25.4,25.83,26.25,0.62,2.0,-58.96,3.93,7091323622.0,7037372127.0,0.04,-0.04,4.06,-17.35
1786,600581,八一钢铁,2.91,-0.34,-0.01,244461.0,70862716.0,2.05,2.93,2.87,2.89,2.92,0.58,1.59,-5.85,-9.37,4460732802.0,4460732802.0,0.34,0.34,-16.86,-12.87
1787,603077,和邦生物,2.89,-0.34,-0.01,3973450.0,1150435197.0,5.17,2.99,2.84,2.94,2.9,0.77,4.5,205.59,1.41,25523142589.0,25523142589.0,0.0,0.0,22.46,27.88
1788,002892,科力尔,11.87,-0.34,-0.04,71570.0,84009606.47,2.77,11.94,11.61,11.79,11.91,0.75,1.48,146.25,6.78,8837655140.0,5738162556.0,0.17,0.08,-6.76,-11.55
1789,600117,西宁特钢,2.93,-0.34,-0.01,236993.0,68729952.0,2.38,2.93,2.86,2.91,2.94,0.82,0.73,-12.73,2.37,9537486531.0,9537486531.0,0.34,0.69,2.09,3.17
1790,603556,海兴电力,41.32,-0.34,-0.14,91360.0,373859536.0,5.69,42.0,39.64,40.44,41.46,1.37,1.88,20.58,2.72,20092435504.0,20092435504.0,-0.02,0.29,20.78,13.52
1791,000915,华特达因,32.24,-0.34,-0.11,22433.0,72321237.6,1.14,32.38,32.01,32.11,32.35,0.74,0.96,13.89,2.65,7554847076.0,7549954656.0,0.0,0.09,-4.3,-2.42
1792,603107,上海汽配,14.83,-0.34,-0.05,18707.0,27588132.0,1.55,14.85,14.62,14.74,14.88,0.54,0.86,27.78,2.36,5002678050.0,3235520390.0,0.0,0.14,-3.39,0.0
1793,300160,秀强股份,5.9,-0.34,-0.02,133810.0,78754927.42,2.7,5.97,5.81,5.81,5.92,1.04,1.76,20.0,1.74,4560383123.0,4497921150.0,-0.17,0.0,3.69,8.46
1794,300265,通光线缆,20.54,-0.34,-0.07,1244852.0,2603842530.44,8.44,21.66,19.92,19.92,20.61,1.25,26.64,224.17,4.16,9604531421.0,9598377123.0,0.0,-0.44,112.63,53.28
1795,300480,光力科技,32.6,-0.34,-0.11,280039.0,896992433.06,5.9,33.0,31.07,32.81,32.71,0.86,11.31,236.22,8.98,11502245025.0,8069501276.0,-0.28,-0.34,107.12,95.09
1796,002697,红旗连锁,5.69,-0.35,-0.02,227734.0,128829916.9,1.75,5.71,5.61,5.65,5.71,0.74,1.99,15.17,1.65,7738400000.0,6514495225.0,0.18,0.35,-3.4,-4.21
1797,605069,正和生态,14.1,-0.35,-0.05,51968.0,72353332.0,3.04,14.13,13.7,13.88,14.15,0.55,2.45,-105.49,3.51,2984938670.0,2984938670.0,0.0,0.14,42.28,-4.08
1798,002646,天佑德酒,8.51,-0.35,-0.03,43877.0,37228534.78,1.64,8.55,8.41,8.44,8.54,0.66,0.92,140.18,1.42,4077208859.0,4050161100.0,-0.12,-0.12,-7.7,-1.62
1799,600975,新五丰,5.73,-0.35,-0.02,251702.0,145682942.0,2.43,5.86,5.72,5.74,5.75,1.22,2.01,-407.85,2.39,7160561770.0,7160561770.0,0.17,0.0,-5.13,-2.72
1800,002398,垒知集团,5.62,-0.35,-0.02,150713.0,83996353.7,2.84,5.66,5.5,5.58,5.64,0.88,2.65,30.16,1.09,3922970683.0,3199621275.0,0.0,0.18,-11.64,0.0
1801,688329,艾隆科技,25.8,-0.35,-0.09,17441.0,44447913.0,3.36,25.9,25.03,25.04,25.89,0.95,2.26,105.45,2.5,1991760000.0,1991760000.0,-0.35,0.04,15.9,21.18
1802,300329,海伦钢琴,14.06,-0.35,-0.05,41850.0,58083068.26,3.69,14.13,13.61,14.01,14.11,0.78,1.66,-66.9,5.25,3555616247.0,3544926527.0,-0.21,-0.14,-17.25,-13.16
1803,002967,广电计量,22.55,-0.35,-0.08,85441.0,189013360.91,3.89,22.65,21.77,22.36,22.63,1.09,1.49,45.13,3.85,14370662918.0,12971342827.0,0.0,0.18,7.64,2.45
1804,688349,三一重能,25.79,-0.35,-0.09,56503.0,145725983.0,2.67,26.09,25.4,25.72,25.88,1.18,0.48,43.04,2.28,31628964705.0,30676797905.0,0.08,0.04,-0.77,2.02
1805,300905,宝丽迪,33.88,-0.35,-0.12,31559.0,106258858.56,3.24,34.28,33.18,33.7,34.0,0.79,2.27,42.8,3.13,6057530420.0,4710899011.0,0.06,0.03,10.32,5.12
1806,601997,贵阳银行,5.73,-0.35,-0.02,321328.0,184055054.0,0.87,5.75,5.7,5.73,5.75,0.81,0.88,4.01,0.33,20950014975.0,20950014975.0,0.0,0.17,-5.6,-2.39
1807,002421,达实智能,2.88,-0.35,-0.01,539988.0,154282350.94,2.42,2.89,2.82,2.86,2.89,0.76,2.69,-11.05,2.06,6107275120.0,5779274414.0,0.0,0.35,-1.03,1.05
1808,300941,创识科技,22.17,-0.36,-0.08,35165.0,77391002.06,1.84,22.23,21.82,22.02,22.25,0.8,3.31,222.14,3.56,4539307500.0,2356407155.0,0.0,0.05,-19.56,-6.1
1809,002766,索菱股份,5.47,-0.36,-0.02,197197.0,106671794.15,2.91,5.5,5.34,5.41,5.49,0.79,2.31,22768.61,4.1,4723635588.0,4678198267.0,0.37,0.18,5.6,-9.59
1810,601368,绿城水务,5.53,-0.36,-0.02,101242.0,56025057.0,1.8,5.58,5.48,5.51,5.55,0.87,1.15,27.06,1.01,4882841116.0,4882841116.0,0.0,0.0,7.59,11.49
1811,920541,铁大科技,13.91,-0.36,-0.05,11572.0,16052422.14,2.01,13.99,13.71,13.96,13.96,0.99,1.28,26.77,4.07,1901497000.0,1252716294.0,0.0,0.22,1.98,5.3
1812,002479,富春环保,5.58,-0.36,-0.02,231329.0,129534051.8,1.96,5.67,5.56,5.6,5.6,1.14,2.68,14.88,1.15,4826700000.0,4815946470.0,0.36,0.36,11.38,13.88
1813,002897,意华股份,69.75,-0.36,-0.25,213886.0,1423278832.4,10.61,70.83,63.4,66.7,70.0,0.86,11.72,37.63,4.92,13523178546.0,12724158607.0,-0.01,-0.07,54.93,29.0
1814,605111,新洁能,41.63,-0.36,-0.15,160398.0,645425005.0,5.98,41.7,39.2,40.93,41.78,0.95,3.86,38.77,4.06,17290294764.0,17290294764.0,-0.07,-0.05,21.9,16.51
1815,920429,康比特,13.85,-0.36,-0.05,9552.0,13094980.71,3.17,13.99,13.55,13.84,13.9,0.76,0.84,44.22,2.0,1724325000.0,1571980415.0,0.22,0.73,-13.06,-9.18
1816,600380,健康元,11.15,-0.36,-0.04,139565.0,155448196.0,1.52,11.21,11.04,11.12,11.19,0.89,0.76,14.02,1.37,20398405254.0,20398405254.0,-0.09,0.0,-12.07,-3.46
1817,600668,尖峰集团,11.08,-0.36,-0.04,32972.0,36478573.0,0.9,11.11,11.01,11.03,11.12,0.61,0.8,5.28,0.79,4574938582.0,4574938582.0,0.0,0.09,-3.99,-1.95
1818,002761,浙江建投,8.3,-0.36,-0.03,153449.0,126570217.73,3.48,8.44,8.15,8.27,8.33,1.08,1.42,54.65,1.35,10996431043.0,8978843894.0,0.61,0.73,-4.6,-3.15
1819,688633,星球石墨,27.39,-0.36,-0.1,26350.0,70703166.0,4.55,27.5,26.25,27.2,27.49,0.66,1.83,23.66,2.28,3937856164.0,3937856164.0,0.55,0.37,18.06,15.67
1820,600645,中源协和,30.79,-0.36,-0.11,351668.0,1083641998.0,2.78,31.25,30.39,30.75,30.9,1.81,7.52,100.14,3.88,14408146323.0,14402643380.0,-0.23,-0.23,10.72,22.18
1821,300024,机器人,16.39,-0.36,-0.06,261236.0,421013590.3,3.65,16.48,15.88,16.25,16.45,0.98,1.7,-120.65,5.97,25660510981.0,25239401957.0,0.0,0.0,-1.97,-9.9
1822,600519,贵州茅台,1397.0,-0.36,-5.0,37442.0,5220095639.0,1.55,1404.9,1383.2,1390.0,1402.0,0.99,0.3,20.3,6.81,1749421490355.0,1749421490355.0,-0.07,-0.05,-0.58,1.44
1823,002083,孚日股份,11.2,-0.36,-0.04,272246.0,299721138.15,4.0,11.25,10.8,10.96,11.24,0.95,2.88,26.87,2.32,10602356934.0,10602356934.0,-0.18,-0.18,15.11,-5.88
1824,000518,*ST四环,2.8,-0.36,-0.01,137082.0,38244424.82,2.49,2.82,2.75,2.8,2.81,1.09,1.33,-170.28,8.03,2882757422.0,2882699940.0,0.0,0.0,12.0,16.18
1825,688148,芳源股份,8.26,-0.36,-0.03,117371.0,95091432.0,4.7,8.33,7.94,8.18,8.29,0.93,2.3,-43.1,8.6,4214029418.0,4214029418.0,0.0,-0.12,-8.83,-5.82
1826,600250,南京商旅,11.16,-0.36,-0.04,63555.0,70787266.0,1.79,11.23,11.03,11.09,11.2,0.72,2.03,137.96,5.55,3490752069.0,3490752069.0,0.0,-0.09,6.79,-3.04
1827,000722,湖南发展,13.88,-0.36,-0.05,209174.0,290324347.84,2.8,14.07,13.68,13.88,13.93,1.05,4.51,75.46,2.05,6442516954.0,6442516954.0,0.07,0.22,12.12,17.63
1828,300436,广生堂,106.62,-0.36,-0.39,50421.0,533429341.38,3.17,107.5,104.11,104.76,107.01,0.68,3.69,-114.14,44.33,16981047540.0,14577296335.0,0.06,0.0,17.66,19.6
1829,600785,新华百货,19.4,-0.36,-0.07,94400.0,181427537.0,2.77,19.5,18.96,18.97,19.47,0.97,4.18,30.54,1.9,4377246832.0,4377246832.0,0.21,0.31,42.02,43.17
1830,600916,中国黄金,10.66,-0.37,-0.04,707033.0,742854236.0,4.49,10.78,10.3,10.5,10.7,0.49,4.21,40.11,2.49,17908800000.0,17908800000.0,0.0,0.0,32.09,30.8
1831,600713,南京医药,5.35,-0.37,-0.02,110671.0,59105162.0,1.68,5.38,5.29,5.34,5.37,0.91,0.86,13.07,1.01,7002787350.0,6900655979.0,0.0,0.19,2.49,-2.01
1832,601811,新华文轩,13.47,-0.37,-0.05,34987.0,46982015.0,1.26,13.5,13.33,13.43,13.52,0.87,0.44,12.76,1.11,16619838270.0,10666945533.0,0.22,0.07,-3.44,0.37
1833,300109,新开源,19.03,-0.37,-0.07,198224.0,379645118.08,7.28,19.89,18.5,19.13,19.1,1.07,4.4,34.5,2.48,9249531595.0,8563918964.0,0.16,0.26,11.03,13.34
1834,301230,泓博医药,40.85,-0.37,-0.15,53869.0,218727820.4,4.1,41.2,39.52,39.61,41.0,0.9,4.29,123.07,5.56,5702112814.0,5131406656.0,0.0,0.32,35.89,37.22
1835,002373,千方科技,10.72,-0.37,-0.04,273333.0,288420390.64,3.53,10.77,10.39,10.57,10.76,0.84,1.98,67.24,1.48,16939617665.0,14767809031.0,0.19,0.19,-0.92,-8.77
1836,002966,苏州银行,8.17,-0.37,-0.03,338442.0,276763827.79,1.59,8.24,8.11,8.19,8.2,0.88,0.77,6.12,0.73,36525308630.0,35917125766.0,-0.12,-0.12,-1.45,-1.45
1837,300485,赛升药业,10.81,-0.37,-0.04,49380.0,53281256.0,2.12,10.89,10.66,10.7,10.85,0.76,1.8,75.3,1.53,5206813784.0,2959963737.0,-0.18,0.0,-5.75,2.17
1838,000985,大庆华科,21.33,-0.37,-0.08,75527.0,165137432.6,6.45,22.6,21.22,22.28,21.41,0.78,5.83,156.81,4.5,2765210535.0,2765210535.0,0.42,0.0,6.33,11.62
1839,600195,中牧股份,7.98,-0.37,-0.03,183278.0,147268511.0,2.0,8.12,7.96,8.01,8.01,0.7,1.79,27.12,1.43,8148763115.0,8148763115.0,0.13,0.13,2.31,1.4
1840,002431,棕榈股份,2.67,-0.37,-0.01,352249.0,93230421.0,2.99,2.69,2.61,2.65,2.68,0.94,1.95,-7.01,4.25,4812420723.0,4812420723.0,-0.37,0.0,4.3,11.72
1841,600489,中金黄金,31.4,-0.38,-0.12,819360.0,2535021657.0,5.77,31.98,30.16,30.51,31.52,0.64,1.69,31.03,5.21,152205614510.0,152205614510.0,0.1,0.1,40.37,34.42
1842,605136,丽人丽妆,10.52,-0.38,-0.04,60711.0,63623484.0,2.08,10.58,10.36,10.39,10.56,0.64,1.52,-86.58,1.72,4212823420.0,4212823420.0,0.0,0.1,-3.22,-3.93
1843,301318,维海德,28.79,-0.38,-0.11,8245.0,23561141.01,2.87,28.99,28.16,28.56,28.9,0.57,0.93,33.99,2.07,3895254899.0,2556069710.0,0.1,0.03,0.63,4.16
1844,002795,永和智控,7.84,-0.38,-0.03,247996.0,193581657.24,5.34,7.99,7.57,7.81,7.87,0.67,5.71,-42.95,7.62,3462829428.0,3405922944.0,0.13,0.26,22.5,24.44
1845,600877,电科芯片,18.18,-0.38,-0.07,233614.0,416691672.0,3.78,18.24,17.55,17.88,18.25,0.75,1.97,1625.57,8.71,21526201565.0,21526201565.0,0.11,0.22,22.75,3.59
1846,002152,广电运通,13.06,-0.38,-0.05,362845.0,463433781.75,4.58,13.12,12.52,12.92,13.11,1.22,1.46,37.88,2.6,32432980648.0,32416666292.0,0.0,-0.08,8.92,-4.25
1847,002255,海陆重工,13.06,-0.38,-0.05,327471.0,425594064.96,2.52,13.13,12.8,12.95,13.11,0.76,5.13,25.46,2.45,10851306578.0,8331917494.0,0.08,-0.08,11.62,3.49
1848,601921,浙版传媒,7.87,-0.38,-0.03,78641.0,61609490.0,1.52,7.9,7.78,7.8,7.9,0.66,0.35,20.71,1.29,17488888895.0,17488888895.0,0.0,0.13,-1.38,0.64
1849,603866,桃李面包,5.18,-0.38,-0.02,146686.0,76060295.0,1.35,5.22,5.15,5.18,5.2,0.89,0.92,20.85,1.59,8286545223.0,8286545223.0,0.39,0.19,-7.5,-1.52
1850,300422,博世科,5.21,-0.38,-0.02,108638.0,56605841.25,2.29,5.28,5.16,5.18,5.23,0.98,2.12,-9.83,2.51,2781516827.0,2664664347.0,0.0,0.19,2.36,13.51
1851,600569,安阳钢铁,2.61,-0.38,-0.01,391044.0,101339376.0,3.82,2.64,2.54,2.61,2.62,0.77,1.36,96.39,2.75,7497019817.0,7497019817.0,-0.38,0.0,11.06,16.0
1852,300470,中密控股,39.34,-0.38,-0.15,42543.0,166495023.6,2.51,39.52,38.53,39.08,39.49,0.77,2.16,22.05,2.94,8181214734.0,7762163008.0,0.08,0.03,11.35,4.63
1853,300295,三六五网,10.47,-0.38,-0.04,43868.0,45710681.7,2.66,10.56,10.28,10.32,10.51,0.71,2.62,-224.45,1.76,1985255586.0,1753996047.0,-0.29,0.1,-29.83,-16.44
1854,603018,华设集团,7.9,-0.38,-0.03,86514.0,67997807.0,1.89,7.95,7.8,7.83,7.93,0.67,1.27,21.82,1.03,5401991584.0,5401991584.0,0.0,0.0,4.64,3.81
1855,688179,阿拉丁,18.22,-0.38,-0.07,126933.0,226598894.0,5.63,18.36,17.33,18.0,18.29,0.77,3.82,58.58,6.22,6060099103.0,6060099103.0,0.0,0.05,39.3,46.7
1856,920832,齐鲁华信,7.64,-0.39,-0.03,89469.0,71404434.18,9.52,8.35,7.62,8.11,7.67,1.36,7.25,-221.62,1.43,1060155929.0,942329709.0,0.0,0.0,3.1,5.23
1857,301331,恩威医药,27.85,-0.39,-0.11,10789.0,29903934.0,2.36,28.09,27.43,27.63,27.96,0.85,1.05,58.74,2.64,2865539053.0,2860078503.0,-0.18,0.18,-3.77,6.75
1858,600587,新华医疗,15.17,-0.39,-0.06,75492.0,114269322.0,1.58,15.24,15.0,15.05,15.23,0.82,1.24,15.89,1.16,9202797808.0,9202797808.0,-0.07,-0.07,1.2,5.35
1859,688033,天宜新材,10.14,-0.39,-0.04,184729.0,185178426.0,5.8,10.4,9.81,10.11,10.18,0.46,3.29,-2.58,3.92,5700693763.0,5700693763.0,0.0,-0.1,53.17,31.69
1860,600011,华能国际,7.58,-0.39,-0.03,1116275.0,847961152.0,1.97,7.67,7.52,7.54,7.61,0.74,1.02,6.01,1.78,118991547661.0,83362641186.0,0.13,0.0,-5.13,1.61
1861,600639,浦东金桥,10.29,-0.39,-0.04,46281.0,47514620.0,0.97,10.31,10.21,10.25,10.33,0.75,0.54,25.6,0.8,11549628669.0,8748935674.0,0.1,0.0,-1.15,0.19
1862,600738,丽尚国潮,5.09,-0.39,-0.02,128030.0,65087489.0,1.76,5.12,5.03,5.06,5.11,0.85,1.68,25.07,1.9,3875196351.0,3871790938.0,0.0,0.2,0.0,-1.36
1863,600733,北汽蓝谷,7.74,-0.39,-0.03,823055.0,629485111.0,2.57,7.76,7.56,7.68,7.77,0.91,1.68,-10.79,20.67,49281771666.0,37861850269.0,0.0,0.0,1.04,-3.61
1864,600267,海正药业,10.33,-0.39,-0.04,149642.0,155179074.0,1.83,10.46,10.27,10.28,10.37,1.13,1.25,20.15,1.46,12384101865.0,12383203155.0,0.19,0.19,-3.64,4.45
1865,300396,迪瑞医疗,12.83,-0.39,-0.05,21853.0,27871224.0,1.55,12.85,12.65,12.72,12.88,0.84,0.8,-30.07,1.85,3498743066.0,3493482868.0,0.08,0.08,-4.89,-0.54
1866,300279,和晶科技,10.28,-0.39,-0.04,400976.0,397696615.6,8.72,10.42,9.52,10.11,10.32,1.03,8.23,57.58,4.85,5027942757.0,5005786397.0,-0.1,0.29,42.58,42.38
1867,600000,浦发银行,9.85,-0.4,-0.04,1168405.0,1156617401.0,2.53,10.02,9.77,9.83,9.89,1.08,0.35,6.56,0.45,328062507255.0,328062507255.0,0.1,0.1,-12.83,-20.82
1868,002840,华统股份,9.86,-0.4,-0.04,115730.0,114252867.8,1.52,9.96,9.81,9.95,9.9,0.72,1.45,83.53,1.97,7909360635.0,7854776010.0,0.1,0.2,2.07,2.49
1869,001336,楚环科技,27.67,-0.4,-0.11,18262.0,50131289.94,3.67,28.02,27.0,27.77,27.78,0.8,3.92,84.71,2.81,2223934745.0,1288956037.0,0.18,-0.11,-2.19,13.12
1870,002985,北摩高科,39.55,-0.4,-0.16,90767.0,354724364.75,3.55,39.79,38.38,39.06,39.71,0.67,5.17,77.18,5.02,13124809880.0,6947779863.0,0.03,0.1,44.82,24.65
1871,300638,广和通,27.07,-0.4,-0.11,200222.0,527384992.79,5.08,27.19,25.81,26.5,27.18,0.96,3.77,57.74,5.64,24343126397.0,14359245876.0,0.0,-0.07,-15.3,-8.67
1872,002201,九鼎新材,12.32,-0.4,-0.05,256932.0,311194070.2,3.15,12.32,11.93,12.14,12.37,0.82,4.27,79.72,6.9,8028158489.0,7416928534.0,0.16,0.41,58.35,7.98
1873,600201,生物股份,14.89,-0.4,-0.06,240076.0,353832859.0,3.48,15.01,14.49,14.79,14.95,0.82,2.16,76.97,3.03,16553925129.0,16553925129.0,-0.07,0.07,17.15,-1.19
1874,603609,禾丰股份,7.38,-0.4,-0.03,57459.0,42539914.0,1.89,7.49,7.35,7.39,7.41,1.06,0.63,38.94,1.04,6703188562.0,6703188562.0,0.14,0.27,-0.54,4.09
1875,300586,美联新材,9.95,-0.4,-0.04,125171.0,122422818.52,3.5,9.96,9.61,9.88,9.99,0.88,2.34,-142.66,3.77,7076605618.0,5319234857.0,0.0,0.1,-1.19,-8.63
1876,603323,苏农银行,4.93,-0.4,-0.02,272072.0,134315887.0,1.01,4.96,4.91,4.93,4.95,0.76,1.35,4.87,0.52,9951409284.0,9951409284.0,-0.2,-0.2,-7.16,-2.38
1877,301267,华厦眼科,17.54,-0.4,-0.07,41004.0,71420808.85,2.04,17.62,17.26,17.38,17.61,0.86,0.63,25.48,2.46,14733600000.0,11373714478.0,0.11,0.06,-5.44,-2.45
1878,000037,深南电A,10.06,-0.4,-0.04,114488.0,115204947.0,1.78,10.16,9.98,10.05,10.1,0.85,3.38,-228.04,4.12,6063791716.0,3409415989.0,0.1,0.1,11.41,21.5
1879,603860,中公高科,32.43,-0.4,-0.13,12325.0,39778324.0,2.58,32.69,31.85,32.05,32.56,0.98,1.85,334.12,2.71,2162432400.0,2162432400.0,-0.18,0.06,4.21,7.49
1880,300631,久吾高科,28.82,-0.41,-0.12,36874.0,104573174.0,3.59,28.89,27.85,28.55,28.94,0.7,3.06,55.69,2.75,3603751480.0,3472548631.0,0.07,0.24,-0.55,-0.24
1881,300618,寒锐钴业,48.03,-0.41,-0.2,131282.0,616492761.81,5.22,48.24,45.72,47.78,48.23,0.8,4.82,46.81,2.66,14874751281.0,13088014484.0,0.06,0.1,11.75,6.24
1882,601010,文峰股份,2.42,-0.41,-0.01,229044.0,55016747.0,1.65,2.42,2.38,2.41,2.43,0.78,1.24,197.37,1.04,4472160000.0,4472160000.0,0.41,0.41,-19.06,-11.36
1883,002652,扬子新材,4.89,-0.41,-0.02,303898.0,146892127.92,3.46,4.91,4.74,4.83,4.91,0.89,5.93,-120.33,9.99,2503992960.0,2503992960.0,0.2,0.62,29.37,23.8
1884,002668,TCL智家,9.7,-0.41,-0.04,147470.0,141893320.0,1.75,9.71,9.54,9.7,9.74,0.97,1.36,8.07,3.09,10515880852.0,10515880852.0,0.1,0.0,-11.01,-6.55
1885,301538,骏鼎达,79.67,-0.41,-0.33,12260.0,95937417.39,5.25,80.36,76.16,78.87,80.0,1.09,3.93,34.14,4.55,6246128000.0,2487271189.0,0.0,0.01,11.74,-0.64
1886,600222,太龙药业,7.34,-0.41,-0.03,204605.0,149239801.0,2.85,7.39,7.18,7.28,7.37,0.97,3.57,124.75,2.64,4212325317.0,4212325317.0,0.14,0.14,-14.35,11.72
1887,000605,渤海股份,7.35,-0.41,-0.03,70119.0,51389497.08,2.44,7.44,7.26,7.28,7.38,1.01,1.99,147.26,1.22,2592040710.0,2592040710.0,0.68,0.82,0.82,9.54
1888,601106,中国一重,4.89,-0.41,-0.02,802780.0,387566861.0,3.05,4.91,4.76,4.83,4.91,0.57,1.17,-319.99,6.36,33534558513.0,33534558513.0,0.0,0.2,60.33,22.56
1889,300534,陇神戎发,9.74,-0.41,-0.04,71114.0,69182223.0,1.94,9.8,9.61,9.65,9.78,0.68,2.35,81.98,4.28,2954580300.0,2941981493.0,0.0,0.0,-9.65,2.74
1890,603718,海利生物,4.84,-0.41,-0.02,128289.0,61742181.0,1.65,4.85,4.77,4.85,4.86,0.68,1.98,116.4,2.07,3155218748.0,3141061748.0,0.21,0.21,-31.25,-20.66
1891,603367,辰欣药业,16.91,-0.41,-0.07,47297.0,79870928.0,1.71,17.0,16.71,16.8,16.98,0.64,1.04,15.03,1.24,7656072321.0,7656072321.0,0.06,0.0,-7.85,-2.37
1892,301535,浙江华远,26.99,-0.41,-0.11,29278.0,78168316.41,2.84,27.08,26.31,26.93,27.1,0.65,4.59,109.04,9.96,11478688245.0,1721803245.0,-0.04,0.37,44.41,23.81
1893,000710,贝瑞基因,11.77,-0.42,-0.05,77074.0,89873651.0,3.3,11.82,11.43,11.53,11.82,0.8,2.34,-59.37,2.57,4160947643.0,3878567194.0,0.0,-0.08,0.68,4.25
1894,603168,莎普爱思,7.15,-0.42,-0.03,58032.0,41519922.0,3.2,7.28,7.05,7.06,7.18,0.83,1.56,72.61,1.66,2675004511.0,2663475136.0,0.28,0.28,-13.86,-2.85
1895,600129,太极集团,16.79,-0.42,-0.07,55083.0,92183076.0,1.01,16.83,16.66,16.7,16.86,0.77,1.0,41.85,2.62,9258311326.0,9258311326.0,0.06,0.06,-12.28,-6.98
1896,600527,江南高纤,2.36,-0.42,-0.01,709875.0,168232163.0,4.22,2.43,2.33,2.37,2.37,1.14,4.1,153.56,1.98,4086955729.0,4086955729.0,0.0,0.43,4.42,9.77
1897,600941,中国移动,95.21,-0.42,-0.4,134613.0,1286713760.0,1.53,96.44,94.98,95.31,95.61,1.08,1.49,13.4,1.51,2061670302172.0,85952528617.0,0.05,0.07,-10.72,-5.78
1898,300148,天舟文化,4.7,-0.42,-0.02,331138.0,153939750.24,2.75,4.72,4.59,4.65,4.72,0.69,4.07,53.09,3.84,3961062912.0,3826673711.0,0.21,0.21,2.17,7.06
1899,603439,三力制药,11.73,-0.42,-0.05,17304.0,20194883.0,1.36,11.75,11.59,11.63,11.78,0.64,0.43,44.53,3.25,4796751434.0,4737045734.0,0.0,0.09,-5.4,0.26
1900,002321,华英农业,2.35,-0.42,-0.01,527178.0,125094920.38,3.81,2.42,2.33,2.35,2.36,1.11,2.48,-116.64,5.39,5012291667.0,4991898397.0,0.0,0.43,-16.07,2.17
1901,002866,传艺科技,19.01,-0.42,-0.08,72586.0,136121811.0,3.3,19.09,18.46,18.8,19.09,0.9,4.0,59.93,2.65,5503818087.0,3445876279.0,0.0,-0.05,-6.26,5.55
1902,002234,民和股份,9.46,-0.42,-0.04,86644.0,82501945.5,3.05,9.71,9.42,9.58,9.5,1.11,2.87,-10.75,1.83,3301163606.0,2851325725.0,0.42,0.32,2.6,9.74
1903,920339,恒太照明,9.53,-0.42,-0.04,48222.0,45762929.89,5.43,9.8,9.28,9.3,9.57,0.88,3.19,52.69,3.48,2098542214.0,1440718097.0,0.53,0.63,-10.26,-3.74
1904,601999,出版传媒,7.15,-0.42,-0.03,49794.0,35546046.0,1.67,7.19,7.07,7.1,7.18,0.79,0.9,38.46,1.49,3939040105.0,3939040105.0,0.14,0.0,-5.67,4.08
1905,002461,珠江啤酒,9.49,-0.42,-0.04,94263.0,89677773.0,1.36,9.58,9.45,9.48,9.53,0.73,0.43,23.27,1.9,21004487275.0,21004487275.0,0.0,0.11,-1.15,2.15
1906,301602,超研股份,21.03,-0.43,-0.09,12463.0,26033241.11,1.89,21.13,20.73,20.88,21.12,0.73,0.6,75.96,6.92,9007772287.0,4384742193.0,-0.05,0.0,-6.95,-2.37
1907,688051,佳华科技,34.86,-0.43,-0.15,9985.0,34237053.0,3.94,35.18,33.8,34.86,35.01,0.9,1.29,-20.94,4.56,2695863240.0,2695863240.0,-0.26,-0.03,-27.38,-11.99
1908,001227,兰州银行,2.3,-0.43,-0.01,647781.0,149373861.41,1.3,2.32,2.29,2.3,2.31,0.82,1.54,6.53,0.43,13100103486.0,9700250071.0,0.0,0.0,-0.86,1.32
1909,002556,辉隆股份,6.96,-0.43,-0.03,520560.0,369097233.36,4.72,7.29,6.96,7.1,6.99,1.48,5.5,30.0,1.82,6587765837.0,6581523246.0,-0.14,-0.43,18.57,15.23
1910,605567,春雪食品,11.46,-0.43,-0.05,52125.0,59610177.0,2.43,11.57,11.29,11.4,11.51,1.0,2.61,50.75,2.1,2292000000.0,2292000000.0,0.17,0.17,-0.61,4.18
1911,000868,安凯客车,4.67,-0.43,-0.02,109799.0,50915950.53,2.13,4.69,4.59,4.66,4.69,0.9,1.5,-380.07,5.15,4387533812.0,3424643712.0,0.21,0.21,-8.79,-6.22
1912,002077,大港股份,16.09,-0.43,-0.07,148142.0,233937464.0,3.96,16.15,15.51,15.8,16.16,0.74,2.55,115.8,2.78,9337807574.0,9337807574.0,0.06,0.19,7.41,8.2
1913,002275,桂林三金,13.89,-0.43,-0.06,21325.0,29646594.0,1.58,14.0,13.78,13.96,13.95,0.6,0.38,15.89,2.52,8161327854.0,7765083879.0,0.0,0.0,-9.51,-1.49
1914,600778,友好集团,6.96,-0.43,-0.03,80958.0,56141949.0,2.15,7.02,6.87,6.93,6.99,0.79,2.6,115.02,9.43,2167979810.0,2166055579.0,0.0,0.14,1.46,4.35
1915,002791,坚朗五金,23.2,-0.43,-0.1,63593.0,146697565.14,3.09,23.44,22.72,23.07,23.3,0.88,2.99,371.83,1.48,8210132302.0,4926081218.0,0.13,0.09,1.49,9.38
1916,301158,德石股份,29.58,-0.44,-0.13,294645.0,938988881.79,16.06,34.35,29.58,33.98,29.71,0.97,20.11,34.85,3.2,4447959686.0,4334074349.0,-0.37,-0.44,34.64,32.23
1917,001287,中电港,22.57,-0.44,-0.1,144320.0,318010057.0,4.41,22.66,21.66,22.22,22.67,0.84,3.3,49.94,3.19,17150945189.0,9871993820.0,0.04,0.04,2.4,-0.4
1918,000926,福星股份,2.24,-0.44,-0.01,251699.0,55819558.2,2.67,2.25,2.19,2.23,2.25,0.8,1.6,-3.09,0.41,3568241094.0,3523988485.0,0.45,0.45,-10.04,-0.44
1919,300493,润欣科技,17.91,-0.44,-0.08,180747.0,316764784.29,5.0,18.09,17.19,17.6,17.99,0.84,3.57,149.41,7.89,9179251952.0,9073408329.0,-0.06,-0.06,-13.6,-10.85
1920,002057,中钢天源,11.27,-0.44,-0.05,228418.0,255709447.75,3.36,11.4,11.02,11.17,11.32,1.01,3.03,28.73,2.62,8496269367.0,8491098803.0,0.0,0.27,13.95,10.6
1921,002343,慈文传媒,6.81,-0.44,-0.03,92398.0,62350009.6,2.05,6.82,6.68,6.73,6.84,0.66,1.95,-88.28,3.36,3225762748.0,3225762748.0,0.15,0.0,-14.98,-4.89
1922,603429,集友股份,8.95,-0.44,-0.04,79056.0,69276693.0,4.89,9.02,8.58,8.98,8.99,0.71,1.51,-589.25,3.8,4694144912.0,4694144912.0,-0.11,0.0,-16.74,-9.69
1923,002807,江阴银行,4.53,-0.44,-0.02,347711.0,157742791.2,1.1,4.56,4.51,4.53,4.55,0.77,1.41,6.54,0.58,11150109334.0,11134814324.0,0.0,0.0,-6.6,-0.88
1924,600015,华夏银行,6.83,-0.44,-0.03,639462.0,437646704.0,1.46,6.9,6.8,6.85,6.86,0.77,0.42,4.0,0.34,108698961436.0,105094739804.0,0.15,0.15,-0.58,0.89
1925,600198,大唐电信,9.1,-0.44,-0.04,219715.0,196644123.0,3.61,9.15,8.82,9.0,9.14,0.85,1.69,-179.45,43.27,11862792223.0,11847743216.0,0.0,0.0,6.56,-5.7
1926,600642,申能股份,9.0,-0.44,-0.04,429376.0,390960745.0,3.65,9.29,8.96,9.18,9.04,0.84,0.88,9.97,1.2,44046714384.0,44044318404.0,0.0,0.0,9.22,15.68
1927,300111,向日葵,4.46,-0.45,-0.02,449358.0,197782400.0,3.35,4.5,4.35,4.4,4.48,0.77,3.49,3296.46,8.35,5740959784.0,5740959784.0,0.0,0.0,-41.01,-27.24
1928,300348,长亮科技,13.4,-0.45,-0.06,212288.0,279255551.55,4.31,13.5,12.92,13.2,13.46,1.0,2.99,-715.38,5.13,10867911880.0,9502803161.0,0.15,0.0,1.9,-13.44
1929,301370,国科恒泰,11.16,-0.45,-0.05,32566.0,36271103.12,1.52,11.22,11.05,11.13,11.21,0.92,1.01,58.48,2.1,5251896000.0,3613033941.0,-0.09,0.0,-4.94,-4.45
1930,301381,赛维时代,19.88,-0.45,-0.09,43219.0,84344297.0,3.86,19.97,19.2,19.66,19.97,1.06,2.21,28.68,3.01,8020749016.0,3885907816.0,0.0,-0.1,-9.18,-3.45
1931,603528,多伦科技,8.91,-0.45,-0.04,96742.0,85599967.0,2.91,8.95,8.69,8.86,8.95,0.99,1.37,-238.15,3.31,6289837467.0,6289837467.0,0.0,0.34,-7.09,-7.86
1932,002588,史丹利,11.16,-0.45,-0.05,378348.0,431951257.72,5.35,11.76,11.16,11.41,11.21,1.68,4.41,11.83,1.76,12855114497.0,9581948881.0,-0.09,-0.09,14.46,11.82
1933,603863,松炀资源,20.04,-0.45,-0.09,86390.0,169373745.0,6.21,20.39,19.14,19.92,20.13,0.96,4.22,-35.46,11.26,4101186000.0,4101186000.0,0.0,-0.4,3.78,0.45
1934,600961,株冶集团,22.13,-0.45,-0.1,247181.0,535738029.0,6.93,22.4,20.86,21.5,22.23,0.59,3.29,20.75,6.48,23742672917.0,16637608368.0,0.23,0.32,48.03,37.45
1935,600155,华创云信,6.61,-0.45,-0.03,223702.0,147020008.0,1.36,6.62,6.53,6.56,6.64,0.71,1.01,53.61,0.73,14631515773.0,14631515773.0,0.0,0.15,-3.36,-0.15
1936,601500,通用股份,4.44,-0.45,-0.02,166054.0,73353823.0,1.57,4.45,4.38,4.42,4.46,0.9,1.05,48.06,1.15,7056561863.0,7028523263.0,0.23,0.23,-5.53,-7.88
1937,002578,闽发铝业,4.43,-0.45,-0.02,370851.0,164619072.0,3.15,4.52,4.38,4.44,4.45,0.85,4.31,-384.38,2.74,4158131711.0,3814950145.0,0.0,0.45,-5.74,-1.34
1938,000573,粤宏远Ａ,4.39,-0.45,-0.02,181056.0,78809930.96,2.72,4.41,4.29,4.35,4.41,0.96,2.86,28.33,1.7,2802051852.0,2778715555.0,0.0,0.0,1.86,6.3
1939,600351,亚宝药业,6.65,-0.45,-0.03,116269.0,77476099.0,1.35,6.71,6.62,6.63,6.68,1.02,1.68,16.05,1.67,4601800306.0,4601800306.0,-0.15,0.0,-0.15,5.72
1940,000503,国新健康,8.74,-0.46,-0.04,104084.0,90047864.42,2.05,8.74,8.56,8.65,8.78,0.66,1.06,-46.37,6.77,8558666605.0,8558148568.0,0.11,0.11,-10.63,-1.58
1941,603097,江苏华辰,40.86,-0.46,-0.19,110780.0,449058230.0,4.65,41.41,39.5,40.0,41.05,1.66,6.92,70.09,6.24,6748158976.0,6537729976.0,0.02,0.02,53.55,43.87
1942,688277,天智航-U,23.7,-0.46,-0.11,81411.0,189490541.0,5.0,23.97,22.78,23.0,23.81,0.61,1.79,-58.72,9.12,10807011206.0,10807011206.0,0.17,0.21,56.02,56.02
1943,002955,鸿合科技,25.86,-0.46,-0.12,19719.0,50421653.88,3.5,26.07,25.16,25.78,25.98,0.81,1.0,55.78,1.86,6119508124.0,5075795318.0,-0.04,-0.15,-7.01,-14.57
1944,603466,风语筑,10.79,-0.46,-0.05,454410.0,480059024.0,4.06,10.8,10.36,10.45,10.84,0.65,7.64,91.33,3.05,6417741145.0,6417741145.0,0.19,0.19,12.63,15.28
1945,300221,银禧科技,10.75,-0.46,-0.05,148948.0,158113228.5,3.98,10.86,10.43,10.62,10.8,0.68,3.26,45.09,3.55,5092862864.0,4907298052.0,0.28,0.28,14.12,4.17
1946,000812,陕西金叶,4.32,-0.46,-0.02,127235.0,54549516.25,2.3,4.35,4.25,4.3,4.34,0.78,1.66,210.98,1.85,3320752092.0,3318455390.0,0.47,0.47,-19.7,-9.62
1947,300003,乐普医疗,17.19,-0.46,-0.08,269528.0,458220557.46,2.37,17.22,16.81,17.0,17.27,0.81,1.71,24.2,2.04,31687986591.0,27141013932.0,0.17,0.35,8.8,8.73
1948,002746,仙坛股份,6.44,-0.46,-0.03,221090.0,143216543.1,1.55,6.52,6.42,6.45,6.47,1.13,3.12,21.52,1.22,5541869402.0,4570314902.0,0.16,-0.16,5.23,6.1
1949,000719,中原传媒,12.89,-0.46,-0.06,82191.0,106039938.1,2.01,13.03,12.77,12.82,12.95,0.79,1.23,9.78,1.08,13189096325.0,8599531829.0,0.31,0.16,4.88,9.61
1950,300194,福安药业,4.29,-0.46,-0.02,141844.0,60703203.07,1.62,4.32,4.25,4.29,4.31,0.85,1.46,23.02,1.15,5103866119.0,4154196687.0,0.0,-0.23,-7.14,-3.16
1951,001220,世盟股份,41.21,-0.46,-0.19,12943.0,53118641.88,1.59,41.34,40.68,41.0,41.4,0.68,5.72,26.12,3.04,3803270900.0,931702384.0,0.02,0.0,47.18,47.18
1952,300997,欢乐家,21.42,-0.46,-0.1,42268.0,90044206.06,2.0,21.53,21.1,21.1,21.52,0.64,1.09,667.63,9.22,9370681835.0,8268275424.0,0.0,0.05,-7.39,-18.09
1953,300890,翔丰华,30.61,-0.46,-0.14,65439.0,198659485.21,2.47,30.76,30.0,30.0,30.75,1.16,6.01,137.12,1.78,3646984616.0,3331697484.0,0.07,0.07,-0.26,2.72
1954,000900,现代投资,4.28,-0.47,-0.02,183323.0,78649485.56,1.86,4.33,4.25,4.27,4.3,0.86,1.21,11.24,0.58,6496305270.0,6496016370.0,0.0,0.23,-1.83,4.65
1955,600197,伊力特,12.83,-0.47,-0.06,29251.0,37423379.0,0.78,12.84,12.74,12.82,12.89,0.66,0.62,33.17,1.59,6070831619.0,6070831619.0,0.08,0.08,-9.52,-7.3
1956,603211,晋拓股份,21.12,-0.47,-0.1,38967.0,81216023.0,3.63,21.29,20.52,21.1,21.22,0.92,1.43,77.04,4.67,5740584960.0,5740584960.0,0.05,0.09,23.51,-6.34
1957,301632,广东建科,23.07,-0.47,-0.11,16126.0,36948908.52,1.81,23.13,22.71,23.0,23.18,0.71,2.2,85.35,3.5,9656179200.0,1690154340.0,-0.04,-0.04,-8.38,-4.59
1958,600729,重庆百货,23.09,-0.47,-0.11,30002.0,69019100.0,1.51,23.19,22.84,23.05,23.2,0.73,1.56,9.96,1.3,10170061548.0,4444428868.0,0.0,-0.09,-14.83,-10.64
1959,600828,茂业商业,6.37,-0.47,-0.03,383267.0,243810723.0,3.59,6.5,6.27,6.27,6.4,0.74,2.21,198.28,1.57,11032728818.0,11028764353.0,0.0,0.0,8.33,9.08
1960,002386,天原股份,6.34,-0.47,-0.03,501065.0,320110125.49,4.87,6.6,6.29,6.5,6.37,1.26,3.85,195.29,1.1,8252442443.0,8250904765.0,-0.16,0.0,13.21,16.76
1961,600771,广誉远,17.04,-0.47,-0.08,40998.0,69767065.0,0.93,17.1,16.94,17.06,17.12,0.78,0.84,79.3,5.06,8340929043.0,8340929043.0,0.0,-0.06,-11.62,-5.23
1962,603551,奥普科技,12.67,-0.47,-0.06,42002.0,52764085.0,2.75,12.7,12.35,12.6,12.73,0.78,1.11,19.83,3.6,4874689376.0,4811085976.0,0.08,0.16,6.74,9.32
1963,300119,瑞普生物,19.17,-0.47,-0.09,60744.0,116983115.18,1.82,19.45,19.1,19.13,19.26,1.0,1.81,18.44,1.91,8909347714.0,6421221943.0,0.0,0.05,-1.03,2.13
1964,920344,三元基因,22.84,-0.48,-0.11,10725.0,24557338.24,5.23,23.41,22.21,22.36,22.95,0.98,0.94,511.47,4.44,2782140400.0,2597551152.0,0.0,0.4,-9.0,-2.6
1965,300144,宋城演艺,8.28,-0.48,-0.04,444947.0,365121015.7,2.52,8.33,8.12,8.18,8.32,0.8,1.89,21.63,2.59,21732353215.0,19531027480.0,-0.12,-0.12,2.86,1.1
1966,603421,鼎信通讯,8.37,-0.48,-0.04,172638.0,142973829.0,3.21,8.38,8.11,8.29,8.41,0.71,2.65,-12.17,1.95,5458834577.0,5458834577.0,0.0,0.12,4.49,16.9
1967,600327,大东方,4.13,-0.48,-0.02,106106.0,43679455.0,1.45,4.15,4.09,4.13,4.15,0.71,1.2,49.24,1.15,3654139409.0,3654139409.0,0.24,0.0,-21.33,-16.57
1968,688004,博汇科技,22.63,-0.48,-0.11,17708.0,39817123.0,3.03,22.85,22.16,22.42,22.74,0.8,2.21,-79.8,3.06,1812391440.0,1812391440.0,-0.48,-0.4,-9.84,-2.16
1969,600661,昂立教育,10.28,-0.48,-0.05,51343.0,52312082.0,2.32,10.31,10.07,10.22,10.33,0.7,1.79,48.1,21.89,2945721972.0,2945721972.0,0.19,0.39,-3.47,0.29
1970,603307,扬州金泉,39.73,-0.48,-0.19,6339.0,25024568.0,2.43,39.92,38.95,39.5,39.92,0.83,0.95,23.58,1.93,2704699210.0,2661910000.0,0.03,0.38,-3.92,1.07
1971,603012,创力集团,8.25,-0.48,-0.04,207317.0,169505531.0,3.5,8.33,8.04,8.31,8.29,0.79,3.21,45.44,1.4,5333625000.0,5333625000.0,0.12,0.24,42.0,36.59
1972,300992,泰福泵业,30.28,-0.49,-0.15,31889.0,95888828.56,21.16,31.0,24.56,30.28,30.43,1.77,4.11,164.37,3.19,2886869946.0,2346538486.0,0.0,0.17,25.07,12.15
1973,000670,盈方微,8.07,-0.49,-0.04,273988.0,217476709.0,3.7,8.1,7.8,7.93,8.11,0.66,3.33,-117.95,244.04,6816932808.0,6632433240.0,0.0,0.12,7.46,9.35
1974,600062,华润双鹤,18.11,-0.49,-0.09,71096.0,128502298.0,1.04,18.18,17.99,18.06,18.2,0.91,0.69,10.45,1.66,18811898488.0,18707229606.0,0.17,0.17,-4.13,-0.98
1975,301210,金杨精密,40.35,-0.49,-0.2,19168.0,76594529.62,2.89,40.55,39.38,39.9,40.55,0.78,4.41,103.01,2.5,4624688377.0,1753769091.0,-0.05,-0.02,6.52,10.85
1976,603014,威高血净,38.56,-0.49,-0.19,7796.0,29883859.0,1.37,38.64,38.11,38.26,38.75,0.71,1.98,35.45,2.31,16108596785.0,1518004322.0,-0.1,0.0,-5.44,-2.7
1977,002061,浙江交科,4.1,-0.49,-0.02,292483.0,120246885.54,1.7,4.15,4.08,4.09,4.12,0.9,1.13,11.51,0.69,10964628073.0,10656465390.0,-0.24,-0.24,0.24,3.02
1978,600071,凤凰光学,20.33,-0.49,-0.1,36951.0,73850788.0,3.62,20.4,19.66,19.98,20.43,0.84,1.31,145.98,11.36,5724397163.0,5724397163.0,0.0,-0.2,-5.75,-5.44
1979,300838,浙江力诺,16.39,-0.49,-0.08,27601.0,44791476.98,3.58,16.5,15.91,16.21,16.47,0.97,2.71,162.38,2.29,2261459420.0,1667762401.0,-0.49,0.24,9.05,7.48
1980,601616,广电电气,6.13,-0.49,-0.03,2423905.0,1510517899.0,5.84,6.44,6.08,6.18,6.16,2.54,28.39,-512.67,2.15,5233029705.0,5233029705.0,0.0,0.33,54.41,58.81
1981,601686,友发集团,6.15,-0.49,-0.03,87339.0,53665125.0,1.46,6.19,6.1,6.14,6.18,0.71,0.59,13.53,1.33,9047324944.0,9047324944.0,-0.16,-0.16,-0.49,2.67
1982,301166,优宁维,32.74,-0.49,-0.16,10996.0,35952291.0,2.25,33.05,32.31,32.65,32.9,0.81,1.93,-141.12,1.4,2837466710.0,1863517190.0,0.09,0.37,4.0,10.31
1983,688326,经纬恒润-W,127.38,-0.5,-0.64,27951.0,349068152.0,5.62,128.7,121.5,125.12,128.02,1.32,2.5,153.49,3.46,15278079485.0,14218440422.0,-0.27,0.36,41.91,8.41
1984,002681,奋达科技,6.03,-0.5,-0.03,253319.0,150922028.43,2.48,6.05,5.9,6.0,6.06,0.8,1.65,634.86,4.75,10821752959.0,9242065103.0,0.0,0.17,-15.66,-9.32
1985,002773,康弘药业,27.8,-0.5,-0.14,58177.0,160837528.96,1.9,27.9,27.37,27.76,27.94,0.91,0.85,18.6,2.79,25612722521.0,19093986006.0,0.0,0.11,-8.91,-7.24
1986,600007,中国国贸,19.79,-0.5,-0.1,31572.0,62033368.0,2.36,19.89,19.42,19.89,19.89,1.23,0.31,15.9,2.1,19934121348.0,19934121348.0,0.2,0.15,-0.7,-0.15
1987,920819,颖泰生物,3.96,-0.5,-0.02,70116.0,27749296.56,2.01,4.01,3.93,3.95,3.98,0.75,0.58,-19.42,1.01,4854168000.0,4798035000.0,0.25,0.0,-2.46,2.33
1988,301233,盛帮股份,53.75,-0.5,-0.27,8641.0,46348295.0,3.22,54.8,53.06,53.12,54.02,0.92,3.07,30.64,2.86,2766512500.0,1514708594.0,0.0,-0.02,8.41,1.57
1989,603128,华贸物流,5.93,-0.5,-0.03,172576.0,101942489.0,1.34,5.96,5.88,5.95,5.96,0.56,1.32,18.98,1.28,7762645709.0,7762645709.0,0.17,0.0,0.17,-2.79
1990,002084,海鸥住工,3.96,-0.5,-0.02,164042.0,64977024.59,3.02,4.03,3.91,3.93,3.98,0.77,2.54,-30.82,1.84,2558381918.0,2552752390.0,0.0,0.0,-23.4,2.06
1991,603106,恒银科技,10.04,-0.5,-0.05,63668.0,63227626.0,2.78,10.09,9.81,9.99,10.09,0.69,1.22,220.19,4.0,5226020800.0,5226020800.0,-0.1,-0.1,-22.41,-6.08
1992,002022,科华生物,5.94,-0.5,-0.03,63724.0,37743256.0,1.84,5.99,5.88,5.91,5.97,0.67,1.24,-9.85,0.99,3055236375.0,3054657225.0,0.0,0.0,-10.68,0.0
1993,600035,楚天高速,3.98,-0.5,-0.02,171237.0,68316323.0,1.5,4.02,3.96,3.99,4.0,1.07,1.06,8.45,0.72,6408261286.0,6408261286.0,0.25,0.0,-2.21,2.58
1994,301418,协昌科技,38.97,-0.51,-0.2,12767.0,49320637.0,2.91,39.2,38.06,38.69,39.17,1.09,4.34,129.72,1.77,2857800026.0,1147133936.0,0.05,0.03,5.01,6.77
1995,688139,海尔生物,31.49,-0.51,-0.16,19349.0,60579048.0,1.99,31.68,31.05,31.31,31.65,0.81,0.61,39.75,2.29,9966362114.0,9966362114.0,-0.06,-0.16,-1.38,-0.91
1996,300540,蜀道装备,23.6,-0.51,-0.12,91126.0,214448119.8,5.19,24.16,22.93,23.7,23.72,0.62,4.41,209.11,4.91,5417594996.0,4878762014.0,0.25,-0.08,26.68,18.0
1997,002154,报 喜 鸟,3.89,-0.51,-0.02,159120.0,61638120.6,1.28,3.9,3.85,3.88,3.91,0.77,1.35,18.04,1.25,5676808206.0,4589315328.0,0.26,0.52,-5.58,1.04
1998,300435,中泰股份,29.39,-0.51,-0.15,308279.0,933856194.08,8.46,31.75,29.25,30.75,29.54,0.84,8.36,25.34,3.42,11336105070.0,10839461976.0,0.0,-0.1,53.55,32.27
1999,600261,阳光照明,3.91,-0.51,-0.02,420415.0,164340918.0,3.05,3.98,3.86,3.96,3.93,0.83,3.15,30.41,1.5,5220057097.0,5220057097.0,0.0,0.0,11.71,16.02
2000,000650,仁和药业,5.88,-0.51,-0.03,161882.0,95065962.28,1.52,5.91,5.82,5.86,5.91,0.79,1.22,16.28,1.3,8231636816.0,7828548704.0,0.0,-0.17,-2.65,4.07
2001,688247,宣泰医药,9.69,-0.51,-0.05,15401.0,14797855.0,2.26,9.72,9.5,9.61,9.74,0.52,0.34,89.75,3.4,4392864600.0,4392864600.0,0.0,0.1,-5.56,-0.1
2002,002329,皇氏集团,3.87,-0.51,-0.02,196929.0,75816296.7,1.54,3.88,3.82,3.85,3.89,0.75,3.03,-49.06,3.6,3221403422.0,2517005136.0,0.0,0.0,-1.02,-0.77
2003,002552,宝鼎科技,19.52,-0.51,-0.1,64221.0,123496636.0,4.33,19.65,18.8,19.38,19.62,0.77,1.74,109.62,5.31,7573473661.0,7193184201.0,0.05,-0.05,15.78,18.23
2004,002861,瀛通通讯,19.37,-0.51,-0.1,73846.0,139518337.0,6.63,19.67,18.38,19.27,19.47,0.85,4.92,-75.9,3.28,3608320344.0,2908760940.0,0.31,0.31,-7.41,8.88
2005,002526,山东矿机,3.87,-0.51,-0.02,472665.0,181404849.1,2.31,3.89,3.8,3.86,3.89,0.73,2.67,47.18,2.14,6899412145.0,6854096775.0,0.0,0.52,6.32,7.5
2006,605580,恒盛能源,23.28,-0.51,-0.12,54101.0,124364133.0,4.27,23.44,22.44,23.0,23.4,1.0,1.93,51.08,6.76,6518400000.0,6518400000.0,0.0,0.13,-45.72,3.19
2007,001299,美能能源,13.67,-0.51,-0.07,141313.0,199928309.62,7.5,14.68,13.65,14.45,13.74,0.98,6.47,32.73,2.69,3316869744.0,2985540563.0,0.0,-0.07,15.95,-7.07
2008,002780,三夫户外,15.48,-0.51,-0.08,59711.0,91420493.5,3.92,15.66,15.05,15.42,15.56,1.02,4.57,90.5,3.54,2559799317.0,2022489229.0,0.06,0.45,2.45,7.8
2009,920433,大唐药业,5.82,-0.51,-0.03,11619.0,6750472.63,2.22,5.88,5.75,5.8,5.85,0.8,0.69,-18.07,3.91,1489452543.0,985421425.0,0.0,0.17,-6.43,-0.85
2010,301066,万事利,15.49,-0.51,-0.08,52889.0,81261527.23,2.63,15.61,15.2,15.35,15.57,0.59,2.27,135.87,2.9,3638958989.0,3610977218.0,0.26,0.32,-1.84,-21.33
2011,301393,昊帆生物,48.2,-0.52,-0.25,7376.0,35337404.0,1.96,48.45,47.5,47.9,48.45,0.71,1.75,39.34,2.22,5205600000.0,2029450155.0,0.25,0.31,-3.62,-4.91
2012,603110,东方材料,17.31,-0.52,-0.09,83817.0,142664242.0,3.1,17.31,16.77,17.21,17.4,0.51,4.17,818.3,5.0,3483234731.0,3483234731.0,0.29,0.7,9.49,7.78
2013,688657,浩辰软件,47.63,-0.52,-0.25,9678.0,45848061.0,3.51,48.3,46.62,47.41,47.88,0.64,2.36,62.2,2.21,3120445537.0,1954951535.0,-0.31,-0.21,-11.47,-10.49
2014,601577,长沙银行,9.52,-0.52,-0.05,180750.0,171811429.0,1.36,9.57,9.44,9.53,9.57,0.94,0.45,4.38,0.55,38285191738.0,38276908110.0,-0.31,0.0,-2.36,-1.86
2015,000683,博源化工,9.55,-0.52,-0.05,738089.0,711807912.46,5.63,10.0,9.46,9.99,9.6,0.91,2.2,25.07,2.44,35495741398.0,31983064820.0,0.0,0.1,32.64,28.36
2016,002376,新北洋,7.58,-0.52,-0.04,124372.0,93464295.0,2.36,7.62,7.44,7.5,7.62,0.62,1.59,75.53,1.62,6144064061.0,5922327549.0,-0.13,-0.13,1.61,-1.81
2017,002535,林州重机,3.79,-0.52,-0.02,101686.0,38384045.5,2.1,3.82,3.74,3.77,3.81,0.62,1.36,31.98,4.29,3038378850.0,2828622858.0,0.0,0.0,-2.57,-2.32
2018,300244,迪安诊断,20.95,-0.52,-0.11,217670.0,448108315.11,5.13,21.08,20.0,20.5,21.06,0.95,4.34,173.18,2.02,13093319184.0,10505567328.0,0.14,0.19,37.29,32.18
2019,301161,唯万密封,34.12,-0.52,-0.18,34364.0,114442589.73,4.81,34.2,32.55,34.07,34.3,1.09,2.86,44.0,4.44,4094400000.0,4094400000.0,-0.12,-0.03,7.6,-9.88
2020,000566,海南海药,5.74,-0.52,-0.03,278999.0,158608810.0,2.43,5.76,5.62,5.69,5.77,0.76,2.15,-23.05,26.75,7446875823.0,7443262533.0,0.17,0.35,-29.4,-19.72
2021,603215,比依股份,19.14,-0.52,-0.1,15843.0,30002192.0,2.6,19.22,18.72,19.12,19.24,0.82,0.85,37.36,2.99,3597163006.0,3583551193.0,0.0,0.05,-6.82,-13.16
2022,000631,顺发恒能,3.86,-0.52,-0.02,208513.0,79314720.44,3.61,3.88,3.74,3.86,3.88,1.01,0.91,110.57,1.58,8878000328.0,8878000328.0,0.26,0.52,11.88,18.77
2023,300463,迈克生物,11.43,-0.52,-0.06,56706.0,64491649.48,1.31,11.45,11.3,11.4,11.49,0.71,1.15,139.7,1.09,6911339512.0,5621275829.0,0.09,0.09,0.0,2.14
2024,605118,力鼎光电,44.02,-0.52,-0.23,29882.0,131193502.0,3.77,44.7,43.03,44.5,44.25,0.66,0.73,62.88,12.18,18106658560.0,17921246320.0,0.2,0.02,57.05,46.2
2025,301195,北路智控,34.02,-0.53,-0.18,10628.0,35700001.18,2.49,34.06,33.21,33.86,34.2,0.85,1.21,32.18,1.86,4493015957.0,2983973365.0,0.0,0.09,2.72,-1.48
2026,600583,海油工程,7.51,-0.53,-0.04,2608927.0,2056869143.0,9.4,8.2,7.49,8.11,7.55,0.88,5.9,15.52,1.23,33204374548.0,33204374548.0,0.0,0.0,33.63,36.79
2027,600518,康美药业,1.87,-0.53,-0.01,1333413.0,249268579.0,1.06,1.88,1.86,1.87,1.88,0.71,0.96,1482.54,3.6,25860036810.0,25847798592.0,-0.53,0.0,-6.5,-2.09
2028,688779,五矿新能,11.24,-0.53,-0.06,393772.0,434575906.0,4.6,11.33,10.81,11.03,11.3,0.72,2.04,95.09,2.99,21684425427.0,21684425427.0,0.36,0.27,57.87,50.07
2029,002728,特一药业,11.33,-0.53,-0.06,136663.0,153661442.44,2.02,11.36,11.13,11.21,11.39,0.61,3.63,66.84,3.22,5812318280.0,4269306540.0,0.09,0.0,-21.97,4.42
2030,301279,金道科技,29.9,-0.53,-0.16,15679.0,46192222.5,3.63,30.16,29.07,29.86,30.06,1.02,1.6,57.11,2.88,3879195293.0,2931739043.0,-0.03,-0.13,5.8,-13.58
2031,603022,新通联,11.35,-0.53,-0.06,53631.0,60470237.0,2.72,11.43,11.12,11.33,11.41,0.91,2.68,46.53,2.77,2270000000.0,2270000000.0,-0.26,0.0,9.56,10.52
2032,603915,国茂股份,17.02,-0.53,-0.09,136774.0,232511350.0,3.45,17.3,16.71,16.9,17.11,1.34,2.08,45.22,3.03,11175884810.0,11175884810.0,-0.12,-0.06,2.65,-7.55
2033,600307,酒钢宏兴,1.88,-0.53,-0.01,885637.0,165075374.0,3.17,1.9,1.84,1.87,1.89,0.93,1.41,-12.43,1.73,11775111957.0,11775111957.0,0.0,0.53,14.63,13.94
2034,300732,设研院,7.52,-0.53,-0.04,55506.0,41676734.9,1.85,7.59,7.45,7.46,7.56,0.72,1.5,-38.08,0.96,2786611741.0,2783524909.0,-0.27,0.0,-2.72,0.27
2035,300668,杰恩设计,25.56,-0.54,-0.14,29411.0,74163243.5,4.24,25.79,24.7,25.7,25.7,0.96,2.95,130.56,3.93,3076945338.0,2548175113.0,0.08,0.2,32.64,-12.41
2036,002377,国创高新,3.7,-0.54,-0.02,347675.0,128953614.0,5.38,3.83,3.63,3.79,3.72,0.75,3.99,-96.59,7.66,3390403244.0,3227689898.0,0.0,0.27,18.97,29.37
2037,002628,成都路桥,5.49,-0.54,-0.03,406770.0,223036640.8,3.44,5.59,5.4,5.49,5.52,0.45,5.4,-109.92,1.45,4156481278.0,4138278563.0,-0.18,-0.18,29.79,33.58
2038,603231,索宝蛋白,18.41,-0.54,-0.1,25502.0,47124720.0,1.78,18.65,18.32,18.37,18.51,0.9,2.4,18.02,1.79,3524762123.0,1956356729.0,0.05,0.05,-6.36,0.88
2039,002765,蓝黛科技,10.99,-0.54,-0.06,119399.0,129108735.84,3.17,11.01,10.66,10.81,11.05,0.84,2.0,31.52,2.73,7166887709.0,6548777689.0,0.09,0.09,-6.71,-17.8
2040,301507,民生健康,14.74,-0.54,-0.08,34808.0,51163999.0,1.89,14.84,14.56,14.62,14.82,0.73,3.16,34.45,3.24,5255610824.0,1624154287.0,0.0,0.07,-7.3,-4.04
2041,603127,昭衍新药,33.18,-0.54,-0.18,124848.0,407735638.0,4.05,33.46,32.11,32.55,33.36,0.8,1.98,231.05,3.06,24863373940.0,20915113005.0,0.21,0.15,20.04,-5.23
2042,603848,好太太,16.48,-0.54,-0.09,15990.0,26255653.0,1.51,16.57,16.32,16.48,16.57,0.64,0.4,34.73,2.65,6631659301.0,6631659301.0,0.0,0.12,-14.61,-9.8
2043,000755,山西高速,5.53,-0.54,-0.03,113056.0,62779726.28,1.98,5.62,5.51,5.56,5.56,0.86,0.77,15.58,1.49,8114225384.0,8114225384.0,0.36,0.18,2.41,10.16
2044,300195,长荣股份,9.21,-0.54,-0.05,161699.0,147513633.28,3.24,9.25,8.95,9.15,9.26,0.9,5.15,439.78,1.46,3902348433.0,2891133950.0,0.0,0.0,13.14,14.98
2045,000001,平安银行,10.76,-0.55,-0.06,835892.0,900716851.39,0.74,10.82,10.74,10.79,10.82,1.01,0.43,4.08,0.47,208807679810.0,208804263026.0,-0.19,0.0,-6.84,-5.7
2046,300045,华力创通,25.1,-0.55,-0.14,262745.0,647023933.19,4.4,25.19,24.08,24.77,25.24,0.69,5.09,1328.79,10.36,16633148424.0,12959460718.0,0.0,0.24,13.17,-13.18
2047,688776,国光电气,113.5,-0.55,-0.63,25367.0,283524456.0,3.79,113.88,109.55,111.1,114.13,0.79,2.34,-127.82,7.02,12301518057.0,12301518057.0,0.12,0.23,29.64,12.67
2048,600151,航天机电,14.43,-0.55,-0.08,441294.0,626938659.0,3.65,14.5,13.97,14.2,14.51,0.7,3.08,-62.9,4.46,20696260501.0,20696260501.0,0.07,0.07,27.93,-17.78
2049,601169,北京银行,5.38,-0.55,-0.03,1357153.0,731816667.0,0.92,5.42,5.37,5.39,5.41,0.92,0.64,4.05,0.41,113749255383.0,113749255383.0,-0.19,0.19,-5.45,-1.82
2050,002675,东诚药业,12.62,-0.55,-0.07,87244.0,109632654.0,1.97,12.69,12.44,12.69,12.69,0.84,1.17,52.34,2.38,10406397797.0,9381506004.0,0.08,0.24,-15.42,-8.15
2051,603227,雪峰科技,9.04,-0.55,-0.05,241867.0,220992741.0,2.86,9.28,9.02,9.23,9.09,1.07,2.26,18.46,1.91,9688101909.0,9688101909.0,0.22,0.11,8.52,8.65
2052,300787,海能实业,12.62,-0.55,-0.07,62163.0,77356468.07,3.23,12.67,12.26,12.53,12.69,0.88,3.26,33.74,2.62,3955524712.0,2409900813.0,0.08,0.16,6.59,7.4
2053,600475,华光环能,21.83,-0.55,-0.12,258723.0,558291247.0,7.15,22.37,20.8,21.4,21.95,0.97,2.74,45.46,2.4,20868731864.0,20583195464.0,0.09,0.05,26.26,20.14
2054,301503,智迪科技,37.93,-0.55,-0.21,8945.0,33657504.0,3.62,38.19,36.81,37.8,38.14,0.93,2.75,29.53,2.85,3034400000.0,1231966400.0,0.4,0.34,2.04,5.19
2055,601188,龙江交通,3.59,-0.55,-0.02,262908.0,94616090.0,2.22,3.65,3.57,3.6,3.61,0.78,2.01,22.47,1.02,4686636995.0,4686636995.0,0.28,0.56,-2.71,1.41
2056,601998,中信银行,7.23,-0.55,-0.04,693621.0,504016663.0,2.61,7.37,7.18,7.23,7.27,1.16,0.17,5.7,0.56,402314523169.0,294716484845.0,0.0,0.14,-7.07,-6.1
2057,300928,华安鑫创,32.34,-0.55,-0.18,18431.0,59015967.3,2.89,32.46,31.52,32.08,32.52,0.91,3.44,-33.25,2.36,2587200000.0,1732986699.0,0.09,0.09,5.1,3.82
2058,301559,中集环科,18.22,-0.55,-0.1,50740.0,92031180.6,2.95,18.42,17.88,18.33,18.32,0.76,5.64,82.35,2.4,10932000000.0,1639800000.0,0.0,0.05,13.45,14.66
2059,603987,康德莱,9.12,-0.55,-0.05,42333.0,38595981.0,1.64,9.2,9.05,9.13,9.17,0.75,0.97,15.44,1.49,3983532826.0,3983532826.0,0.11,0.22,4.23,6.05
2060,000009,中国宝安,9.08,-0.55,-0.05,298322.0,267203400.59,3.29,9.11,8.81,9.04,9.13,0.91,1.16,62.01,2.32,23419262802.0,23390265822.0,0.11,0.11,-9.65,-7.82
2061,002959,小熊电器,41.94,-0.55,-0.23,7906.0,32885839.2,1.47,41.95,41.33,41.65,42.17,0.62,0.53,19.93,2.32,6535657913.0,6312745680.0,0.19,0.17,-4.29,-0.69
2062,600182,S佳通,14.21,-0.56,-0.08,22573.0,31840658.0,2.31,14.3,13.97,14.1,14.29,0.92,1.33,29.78,4.29,4831400000.0,2415700000.0,-0.07,0.07,-8.44,-4.57
2063,000876,新 希 望,8.82,-0.56,-0.05,558416.0,496643557.53,2.25,9.0,8.8,8.87,8.87,1.32,1.24,39.19,1.78,39714469379.0,39695342203.0,0.11,0.11,-5.57,-4.34
2064,300425,中建环能,5.29,-0.56,-0.03,115072.0,60825171.43,1.69,5.33,5.24,5.27,5.32,0.89,1.69,-1208.75,1.54,3608969472.0,3592282030.0,0.19,0.38,3.32,6.87
2065,002547,春兴精工,3.56,-0.56,-0.02,264765.0,93092057.9,2.79,3.57,3.47,3.52,3.58,0.75,2.4,-15.06,-26.44,4015883518.0,3933113511.0,0.28,0.56,-24.74,-23.77
2066,000159,国际实业,7.16,-0.56,-0.04,558795.0,409873330.2,5.83,7.56,7.14,7.47,7.2,0.71,11.63,128.36,1.69,3441711710.0,3441617735.0,0.28,0.14,20.74,23.88
2067,000877,天山股份,5.31,-0.56,-0.03,199318.0,105858845.48,3.0,5.4,5.24,5.29,5.34,1.01,0.28,-23.99,0.46,37756710895.0,37756702930.0,0.19,-0.19,-6.68,-0.19
2068,600266,城建发展,5.34,-0.56,-0.03,417424.0,221725916.0,1.86,5.35,5.25,5.34,5.37,0.89,2.01,10.87,0.57,11084470327.0,11084470327.0,0.19,0.38,12.42,5.33
2069,600235,民丰特纸,7.14,-0.56,-0.04,75025.0,53294221.0,2.92,7.22,7.01,7.12,7.18,0.92,2.14,100.92,1.66,2508282000.0,2508282000.0,0.28,0.28,4.23,5.0
2070,603182,嘉华股份,15.93,-0.56,-0.09,32664.0,51783161.0,3.31,16.13,15.6,16.05,16.02,1.08,1.99,23.92,2.39,2621281500.0,2621281500.0,0.31,0.06,-1.24,0.7
2071,002779,中坚科技,91.97,-0.56,-0.52,22984.0,209910562.68,3.24,93.0,90.0,91.5,92.49,0.89,1.39,566.56,22.45,16996056000.0,15249392570.0,0.03,0.11,-16.35,-19.01
2072,601988,中国银行,5.36,-0.56,-0.03,2489436.0,1338798814.0,1.11,5.41,5.35,5.37,5.39,0.78,0.12,7.29,0.65,1727058527323.0,1129703159575.0,0.0,0.19,-8.06,-6.46
2073,002563,森马服饰,5.31,-0.56,-0.03,187857.0,99440854.3,1.69,5.35,5.26,5.3,5.34,0.91,0.85,19.99,1.25,14305618750.0,11726828825.0,0.0,0.19,-10.91,-2.03
2074,002717,ST岭南,1.76,-0.56,-0.01,721421.0,125950716.4,4.52,1.79,1.71,1.75,1.77,0.97,4.47,-11.65,3.73,3203611062.0,2842752123.0,0.0,0.0,3.53,8.64
2075,300824,北鼎股份,10.61,-0.56,-0.06,45756.0,48314507.58,2.53,10.69,10.42,10.6,10.67,0.92,1.45,31.32,4.6,3462485246.0,3358015207.0,-0.28,0.38,-12.67,-6.19
2076,603238,诺邦股份,17.63,-0.56,-0.1,19602.0,34331849.0,3.1,17.8,17.25,17.59,17.73,0.9,1.1,24.47,2.17,3129483670.0,3129483670.0,0.23,0.57,2.32,0.06
2077,301170,锡南科技,30.13,-0.56,-0.17,16160.0,48266641.54,3.07,30.29,29.36,30.0,30.3,1.04,4.81,28.23,1.71,3013000000.0,1011627555.0,0.07,-0.03,7.99,7.8
2078,920026,卓兆点胶,35.3,-0.56,-0.2,6995.0,24499030.91,4.9,35.97,34.23,35.28,35.5,0.73,1.88,55.83,4.6,2897326784.0,1313676086.0,0.14,0.77,1.55,-0.56
2079,000828,东莞控股,10.67,-0.56,-0.06,62726.0,66963661.65,1.58,10.78,10.61,10.71,10.73,0.67,0.6,9.95,1.09,11091646305.0,11091631900.0,0.0,0.28,-4.13,-0.84
2080,600223,福瑞达,7.06,-0.56,-0.04,68699.0,48207477.0,1.41,7.07,6.97,7.01,7.1,0.92,0.68,37.98,1.71,7176975552.0,7176975552.0,0.0,0.0,-5.87,-4.08
2081,300278,华昌达,5.33,-0.56,-0.03,222330.0,117053249.51,3.17,5.36,5.19,5.24,5.36,0.86,1.58,474.37,4.27,7536015088.0,7512342809.0,0.19,0.19,-3.62,-12.62
2082,603299,苏盐井神,12.22,-0.57,-0.07,191669.0,233192139.0,5.29,12.65,12.0,12.38,12.29,0.83,2.46,21.35,1.55,11670938365.0,9505410340.0,0.25,0.16,17.5,17.27
2083,002576,通达动力,19.07,-0.57,-0.11,64226.0,121574616.0,2.87,19.18,18.63,18.8,19.18,0.69,3.96,37.83,2.41,3148457000.0,3089865779.0,0.0,0.0,13.18,9.6
2084,600199,金种子酒,8.76,-0.57,-0.05,99531.0,87127436.0,1.25,8.81,8.7,8.81,8.81,0.6,1.51,-43.0,2.79,5762300178.0,5762300178.0,0.0,0.0,-10.7,-9.5
2085,002926,华西证券,8.75,-0.57,-0.05,167132.0,145801191.76,0.8,8.76,8.69,8.73,8.8,0.72,0.64,16.26,0.94,22968750000.0,22968750000.0,0.23,0.34,-7.11,-5.71
2086,603662,柯力传感,60.67,-0.57,-0.35,30657.0,183115731.0,2.88,60.87,59.11,60.1,61.02,0.78,1.09,50.29,6.19,17037948092.0,17037948092.0,0.02,0.02,0.41,-15.74
2087,688419,耐科装备,47.38,-0.57,-0.27,18585.0,85659132.0,6.38,47.71,44.67,45.82,47.65,0.73,3.12,67.0,5.22,5427458077.0,2819562147.0,0.0,0.17,72.92,69.27
2088,605080,浙江自然,24.45,-0.57,-0.14,11840.0,28636000.0,2.44,24.45,23.85,24.34,24.59,0.85,0.84,14.23,1.57,3460673538.0,3431586840.0,0.2,0.29,4.89,6.3
2089,002307,北新路桥,5.21,-0.57,-0.03,369958.0,190888573.28,2.48,5.23,5.1,5.17,5.24,0.81,2.92,-65.61,2.23,8590138882.0,6607799142.0,0.19,0.19,-6.63,3.17
2090,002918,蒙娜丽莎,13.84,-0.57,-0.08,68029.0,92686472.0,4.89,13.9,13.22,13.86,13.92,1.1,3.19,52.71,1.73,5657880285.0,2949150791.0,0.29,0.0,-1.7,-2.74
2091,000739,普洛药业,17.59,-0.57,-0.1,63421.0,111130782.12,2.88,17.73,17.22,17.53,17.69,0.84,0.55,21.82,3.14,20377022502.0,20369367844.0,-0.11,0.0,8.18,8.11
2092,002998,优彩资源,8.65,-0.57,-0.05,93282.0,80926023.03,2.87,8.82,8.57,8.7,8.7,0.63,3.48,45.15,1.86,3045598923.0,2316200405.0,0.0,0.23,10.19,14.57
2093,600537,亿晶光电,3.46,-0.57,-0.02,740920.0,252969258.0,3.74,3.48,3.35,3.48,3.48,0.46,6.26,-14.37,18.22,4095653962.0,4095653962.0,-0.29,0.0,-14.14,-16.83
2094,000931,中 关 村,5.17,-0.58,-0.03,102647.0,53026688.56,1.54,5.2,5.12,5.15,5.2,0.86,1.37,59.01,2.38,3893666497.0,3882822680.0,0.0,0.19,-1.34,6.16
2095,001255,博菲电气,40.83,-0.58,-0.24,26487.0,107018723.0,3.19,40.97,39.66,40.51,41.07,0.96,3.73,370.29,4.49,3557198773.0,2901216480.0,0.12,0.32,26.41,27.47
2096,002561,徐家汇,8.5,-0.58,-0.05,40717.0,34409089.1,1.75,8.54,8.39,8.48,8.55,0.78,0.98,-1275.49,1.62,3533985500.0,3522736320.0,0.12,0.24,-5.24,-3.19
2097,688788,科思科技,62.0,-0.58,-0.36,29002.0,175364291.0,5.92,62.59,58.9,60.62,62.36,0.6,1.85,-33.27,5.3,9726213296.0,9726213296.0,0.03,0.08,6.73,-7.93
2098,300015,爱尔眼科,10.26,-0.58,-0.06,428285.0,438393285.89,1.07,10.29,10.18,10.22,10.32,0.72,0.54,23.04,4.26,95678569834.0,81621972290.0,0.0,0.1,-8.96,-5.87
2099,600834,申通地铁,8.54,-0.58,-0.05,23393.0,19885978.0,1.4,8.56,8.44,8.51,8.59,0.61,0.49,86.29,2.38,4076841469.0,4076841469.0,0.23,0.12,1.55,0.95
2100,002187,广百股份,6.9,-0.58,-0.04,106846.0,73270721.0,2.02,6.93,6.79,6.82,6.94,0.72,1.52,-117.01,1.2,4836172968.0,4836172968.0,0.0,0.15,-6.76,-8.85
2101,300536,农尚环境,8.57,-0.58,-0.05,70271.0,59699564.0,3.13,8.64,8.37,8.5,8.62,0.54,2.4,-24.64,5.61,2513479300.0,2513297084.0,-0.12,0.0,8.48,18.21
2102,300204,舒泰神,25.7,-0.58,-0.15,96957.0,249163198.1,3.44,26.09,25.2,25.4,25.85,0.84,2.14,-300.07,14.1,12278754664.0,11659177676.0,-0.08,0.08,-6.85,-5.93
2103,000880,潍柴重机,32.64,-0.58,-0.19,265775.0,840715087.92,7.25,32.89,30.51,31.31,32.83,0.76,11.71,60.78,7.36,15140026138.0,7410154752.0,0.03,0.06,25.06,19.47
2104,601880,辽港股份,1.72,-0.58,-0.01,1768892.0,307233110.0,2.89,1.77,1.72,1.74,1.73,0.66,0.96,23.39,1.0,40543439606.0,31670448088.0,0.0,0.0,5.52,7.5
2105,002327,富安娜,6.88,-0.58,-0.04,38387.0,26412277.6,1.16,6.92,6.84,6.89,6.92,0.56,0.78,27.08,1.66,5767129308.0,3377719956.0,-0.29,-0.29,-4.18,2.53
2106,301298,东利机械,16.78,-0.59,-0.1,23713.0,39703320.5,2.84,16.95,16.47,16.64,16.88,0.84,2.19,32.14,2.62,2463304000.0,1815671376.0,-0.3,-0.18,3.2,6.07
2107,600303,曙光股份,3.37,-0.59,-0.02,186980.0,62736027.0,2.65,3.4,3.31,3.39,3.39,0.97,2.77,-7.79,2.05,2303746191.0,2276786191.0,0.3,0.6,-1.75,3.37
2108,688787,海天瑞声,149.0,-0.59,-0.88,33291.0,483986051.0,5.96,149.88,140.95,143.83,149.88,1.11,5.52,638.63,12.12,8988451820.0,8988451820.0,0.08,0.18,35.26,28.46
2109,600022,山东钢铁,1.69,-0.59,-0.01,1692322.0,285658819.0,2.94,1.71,1.66,1.7,1.7,0.83,1.58,97.0,0.96,18081055746.0,18081055746.0,0.0,0.0,11.92,11.92
2110,601399,国机重装,5.03,-0.59,-0.03,891154.0,444510281.0,2.77,5.07,4.93,5.06,5.06,0.72,1.24,75.77,2.45,36284186127.0,36284186127.0,0.2,0.0,31.33,5.23
2111,301499,维科精密,33.7,-0.59,-0.2,33571.0,111993926.3,2.71,33.81,32.89,33.25,33.9,0.74,9.71,88.01,3.59,4659188984.0,1164797263.0,0.0,0.27,10.42,14.51
2112,002932,明德生物,18.38,-0.59,-0.11,19570.0,35911132.06,1.68,18.51,18.2,18.27,18.49,1.08,1.25,237.16,0.77,4273735190.0,2868845259.0,0.0,0.16,-0.22,-4.17
2113,300163,先锋新材,5.06,-0.59,-0.03,291289.0,144816602.22,4.32,5.08,4.86,4.99,5.09,0.77,6.42,18.55,4.09,2398440000.0,2296177182.0,-0.2,0.0,16.32,24.94
2114,002508,老板电器,20.32,-0.59,-0.12,44529.0,90224672.3,1.42,20.44,20.15,20.38,20.44,0.6,0.48,12.44,1.68,19201158773.0,18969772312.0,0.0,-0.1,-1.45,5.01
2115,603787,新日股份,13.52,-0.59,-0.08,30532.0,41033722.0,2.65,13.63,13.27,13.63,13.6,0.91,1.33,20.16,1.96,3111544041.0,3111544041.0,0.37,0.3,-3.84,-3.84
2116,300340,科恒股份,11.82,-0.59,-0.07,50630.0,59441389.0,2.19,11.88,11.62,11.74,11.89,0.82,1.85,-17.75,-38.7,3256583931.0,3232333393.0,0.0,0.17,-10.45,-4.06
2117,603976,正川股份,20.2,-0.59,-0.12,10496.0,21144718.0,2.41,20.4,19.91,20.1,20.32,0.83,0.69,140.2,2.59,3054315750.0,3054315750.0,-0.05,0.05,-3.53,4.5
2118,002867,周大生,11.89,-0.59,-0.07,82848.0,98255449.17,1.42,11.96,11.79,11.94,11.96,0.77,0.77,10.98,2.06,12906284588.0,12830461000.0,0.0,0.0,-5.48,-2.38
2119,000791,甘肃能源,8.45,-0.59,-0.05,974612.0,831002379.77,4.94,8.8,8.38,8.62,8.5,1.03,5.04,13.0,1.88,27410445820.0,16356004092.0,0.0,0.0,26.12,31.01
2120,301395,仁信新材,14.91,-0.6,-0.09,31866.0,47308109.68,3.53,15.15,14.62,15.07,15.0,0.78,2.48,84.69,2.35,3620900031.0,1918051296.0,0.0,-0.13,34.69,21.62
2121,000153,丰原药业,6.67,-0.6,-0.04,90827.0,60789396.52,1.19,6.73,6.65,6.68,6.71,1.03,1.98,23.18,1.48,3099452432.0,3060652875.0,-0.3,-0.3,-3.05,6.38
2122,603230,内蒙新华,11.66,-0.6,-0.07,28295.0,32756563.0,2.13,11.71,11.46,11.6,11.73,0.74,0.8,15.34,1.47,4122078180.0,4122078180.0,0.0,0.0,-7.39,-5.59
2123,300380,安硕信息,37.9,-0.6,-0.23,22372.0,83990217.55,2.86,38.2,37.11,37.7,38.13,0.75,1.76,299.74,13.56,5246839995.0,4827154080.0,-0.08,-0.05,-3.22,-8.39
2124,601658,邮储银行,4.97,-0.6,-0.03,1746688.0,870135841.0,1.4,5.02,4.95,4.98,5.0,1.01,0.26,5.85,0.59,596872415855.0,333598304144.0,0.0,0.2,-9.31,-6.75
2125,300532,今天国际,11.63,-0.6,-0.07,60308.0,69665382.07,2.31,11.7,11.43,11.49,11.7,0.61,1.4,17.98,2.82,5280354781.0,5021587270.0,0.09,-0.09,-1.52,-1.27
2126,688772,珠海冠宇,16.52,-0.6,-0.1,277941.0,450928565.0,3.97,16.57,15.91,16.24,16.62,0.78,2.45,39.62,2.43,18703707830.0,18703707830.0,0.06,0.06,-29.07,-23.27
2127,002372,伟星新材,11.61,-0.6,-0.07,101042.0,117789728.49,3.42,11.9,11.5,11.62,11.68,0.92,0.69,25.69,3.82,18483561041.0,17076662645.0,-0.09,-0.09,8.2,11.31
2128,002027,分众传媒,6.67,-0.6,-0.04,1265569.0,839904248.31,1.79,6.7,6.58,6.65,6.71,0.84,0.88,17.04,5.85,96329472172.0,96329472172.0,-0.15,-0.15,-8.13,-9.5
2129,002542,中化岩土,3.3,-0.6,-0.02,195688.0,64284297.5,2.71,3.34,3.25,3.3,3.32,0.84,1.11,-15.12,11.4,5960185235.0,5803945237.0,0.0,0.0,-6.25,-1.2
2130,000839,国安股份,3.29,-0.6,-0.02,1153954.0,372749211.0,3.32,3.29,3.18,3.27,3.31,0.79,2.94,1145.29,8.41,12896228698.0,12896228698.0,0.0,0.0,18.77,24.62
2131,605388,均瑶健康,6.67,-0.6,-0.04,32428.0,21531312.0,1.64,6.7,6.59,6.68,6.71,0.66,0.54,-1268.1,2.33,4005228280.0,4005228280.0,0.0,0.0,-17.65,-10.35
2132,600085,同仁堂,29.84,-0.6,-0.18,48583.0,144979266.0,0.97,29.94,29.65,29.8,30.02,0.66,0.35,26.07,3.0,40924672618.0,40924672618.0,-0.03,0.0,-11.06,-7.5
2133,601288,农业银行,6.66,-0.6,-0.04,4113419.0,2761286431.0,2.69,6.82,6.64,6.68,6.7,0.79,0.13,7.92,0.85,2330887005594.0,2126166443775.0,0.15,0.15,-15.27,-13.28
2134,002351,漫步者,11.68,-0.6,-0.07,77242.0,89070399.83,2.72,11.71,11.39,11.63,11.75,0.95,1.48,25.97,3.61,10384769760.0,6085943132.0,-0.09,-0.17,-8.96,-3.15
2135,601677,明泰铝业,16.69,-0.6,-0.1,394118.0,658618244.0,3.81,17.09,16.45,16.88,16.79,0.85,3.24,11.08,1.11,20754409335.0,20328530605.0,0.12,0.12,18.12,12.85
2136,603395,红四方,31.63,-0.6,-0.19,72209.0,232154498.0,3.52,32.72,31.6,32.08,31.82,1.18,11.11,134.54,5.88,8223800000.0,2055950000.0,0.03,-0.06,1.18,8.21
2137,002835,同为股份,16.7,-0.6,-0.1,24530.0,40658606.0,2.5,16.8,16.38,16.64,16.8,0.74,1.93,23.44,2.98,3665548648.0,2125712923.0,0.0,0.06,-1.71,1.95
2138,605186,健麾信息,21.37,-0.6,-0.13,24493.0,52266332.0,2.33,21.6,21.1,21.24,21.5,0.9,1.8,257.89,2.69,2906320000.0,2906320000.0,-0.05,0.14,3.29,8.75
2139,300205,*ST天喻,4.89,-0.61,-0.03,39033.0,19047858.0,3.05,4.95,4.8,4.81,4.92,0.8,0.91,-12.68,2.14,2102973840.0,2102973840.0,0.0,0.0,4.49,1.88
2140,688786,悦安新材,33.99,-0.61,-0.21,43188.0,143122846.0,4.62,34.14,32.56,33.32,34.2,0.58,3.0,56.06,6.31,4887762102.0,4887762102.0,0.0,-0.03,26.31,20.49
2141,603520,司太立,9.8,-0.61,-0.06,67094.0,65302845.0,2.13,9.84,9.63,9.77,9.86,0.78,1.53,111.79,1.65,4296416834.0,4296416834.0,0.0,0.2,-0.41,4.26
2142,603326,我乐家居,9.74,-0.61,-0.06,45535.0,44291672.0,1.94,9.8,9.61,9.8,9.8,1.22,1.43,16.93,2.71,3108783298.0,3108783298.0,-0.1,0.31,5.07,9.44
2143,603256,宏和科技,68.8,-0.61,-0.42,218344.0,1463685409.0,5.88,69.08,65.01,67.99,69.22,0.83,2.48,327.03,38.13,60525252000.0,60525252000.0,0.03,0.22,114.53,86.91
2144,300453,三鑫医疗,9.73,-0.61,-0.06,138268.0,134518821.79,1.33,9.79,9.66,9.7,9.79,0.71,3.84,19.35,3.49,5079879996.0,3501435027.0,0.0,-0.1,6.22,11.58
2145,300110,华仁药业,3.25,-0.61,-0.02,189290.0,61398510.0,1.83,3.27,3.21,3.24,3.27,0.83,1.6,52.8,2.83,3842192192.0,3837754723.0,0.0,0.0,-8.96,3.17
2146,600678,四川金顶,11.39,-0.61,-0.07,112090.0,126567022.0,2.27,11.43,11.17,11.3,11.46,0.7,3.21,92.99,14.1,3974996100.0,3974996100.0,0.0,0.0,3.08,-16.8
2147,300533,冰川网络,30.91,-0.61,-0.19,54122.0,164966012.0,3.5,31.09,30.0,30.38,31.1,0.84,3.28,15.13,4.75,7247219493.0,5099518385.0,0.0,0.06,-8.17,-11.0
2148,600606,绿地控股,1.63,-0.61,-0.01,810840.0,131206285.0,2.44,1.64,1.6,1.62,1.64,0.84,0.58,-2.57,0.4,22908375852.0,22908375852.0,0.0,0.62,-4.12,-1.81
2149,601869,长飞光纤,211.91,-0.61,-1.29,136859.0,2776506907.0,7.41,211.91,196.12,204.78,213.2,0.84,3.37,280.15,13.58,175441371436.0,86107152120.0,0.45,0.58,155.25,82.12
2150,688059,华锐精密,128.53,-0.62,-0.8,33273.0,414903769.0,8.35,130.8,120.0,124.2,129.33,0.93,3.56,68.81,7.45,12851299291.0,12027653088.0,-0.25,-0.36,62.22,64.57
2151,003013,地铁设计,14.41,-0.62,-0.09,22840.0,32773409.0,3.17,14.5,14.04,14.41,14.5,1.01,0.57,14.08,2.02,6508002941.0,5763237538.0,0.07,0.14,-5.45,1.69
2152,600576,祥源文旅,6.37,-0.62,-0.04,111577.0,70475822.0,2.5,6.41,6.25,6.33,6.41,0.87,1.69,32.25,2.26,6717473563.0,4206684829.0,0.31,0.31,-14.5,2.08
2153,300009,安科生物,9.58,-0.62,-0.06,138776.0,132789070.19,1.45,9.63,9.49,9.54,9.64,0.76,1.13,21.77,3.84,16011252383.0,11785768483.0,0.0,0.0,-0.52,0.1
2154,600939,重庆建工,3.23,-0.62,-0.02,180446.0,58032761.0,2.46,3.26,3.18,3.23,3.25,0.97,0.95,-7.37,0.82,6144994069.0,6144994069.0,0.31,0.31,-17.6,1.89
2155,600495,晋西车轴,4.78,-0.62,-0.03,104625.0,50100641.0,1.46,4.83,4.76,4.76,4.81,0.54,0.87,195.86,1.77,5775152435.0,5775152435.0,0.0,0.0,-1.44,0.0
2156,301510,固高科技,33.69,-0.62,-0.21,82230.0,269865499.24,5.63,33.98,32.07,33.32,33.9,0.94,2.95,226.53,9.57,13476336900.0,9404875469.0,0.0,0.09,-0.38,-10.04
2157,601059,信达证券,17.37,-0.63,-0.11,100783.0,174794913.0,0.92,17.42,17.26,17.36,17.48,0.61,0.31,31.21,2.77,56330910000.0,56330910000.0,0.0,0.12,-2.36,-1.92
2158,603883,老百姓,14.19,-0.63,-0.09,82830.0,116961078.0,1.12,14.22,14.06,14.19,14.28,1.06,1.09,15.28,1.59,10768652449.0,10768652449.0,0.07,0.07,-11.42,-4.12
2159,002732,燕塘乳业,17.43,-0.63,-0.11,20524.0,35830399.0,2.05,17.69,17.33,17.5,17.54,0.78,1.31,38.58,1.82,2742610500.0,2727774276.0,0.06,0.06,-5.99,2.41
2160,001358,兴欣新材,29.93,-0.63,-0.19,10775.0,31945085.4,3.62,30.3,29.21,29.96,30.12,0.74,2.11,61.89,2.58,3687376000.0,1525720898.0,0.0,0.3,11.85,15.96
2161,600558,大西洋,6.31,-0.63,-0.04,179156.0,112401951.0,1.89,6.34,6.22,6.25,6.35,0.76,2.0,29.91,2.38,5663886484.0,5663886484.0,0.16,0.0,14.1,3.44
2162,600017,日照港,3.16,-0.63,-0.02,454832.0,143826057.0,1.89,3.2,3.14,3.18,3.18,0.72,1.48,13.89,0.69,9719066286.0,9719066286.0,0.0,0.32,3.61,5.33
2163,603912,佳力图,9.52,-0.63,-0.06,298280.0,276677347.0,5.85,9.6,9.04,9.2,9.58,0.79,5.5,-88.45,2.94,5158344560.0,5158344560.0,0.0,-0.1,17.24,11.09
2164,300147,ST香雪,9.39,-0.63,-0.06,61868.0,58048077.0,2.54,9.54,9.3,9.51,9.45,0.82,0.94,-12.87,8.96,6209410233.0,6172970535.0,0.11,0.0,-1.16,3.19
2165,000810,创维数字,11.0,-0.63,-0.07,123304.0,133799156.9,3.34,11.07,10.7,10.89,11.07,0.79,1.11,110.52,1.97,12652151369.0,12216667925.0,0.0,0.18,-8.56,-6.62
2166,002456,欧菲光,9.48,-0.63,-0.06,821192.0,773112885.9,2.62,9.56,9.31,9.35,9.54,0.72,2.48,-351.26,8.08,31870742227.0,31445439053.0,-0.11,0.0,-14.75,-10.73
2167,603819,神力股份,12.61,-0.63,-0.08,41965.0,52790311.0,2.68,12.74,12.4,12.51,12.69,0.87,1.93,120.15,3.42,2745577658.0,2745577658.0,-0.24,-0.08,11.2,3.87
2168,603956,威派格,6.24,-0.64,-0.04,92122.0,57083926.0,2.39,6.27,6.12,6.22,6.28,0.53,1.62,-36.21,1.8,3556215225.0,3556215225.0,0.16,0.16,-7.14,-3.41
2169,688519,南亚新材,109.25,-0.64,-0.7,47564.0,508218797.0,8.18,110.46,101.47,105.3,109.95,0.81,2.03,106.49,8.91,25648731969.0,25648731969.0,0.02,0.41,68.41,35.11
2170,605358,立昂微,37.26,-0.64,-0.24,155308.0,563630902.0,4.96,37.46,35.6,36.43,37.5,0.8,2.31,-173.78,3.57,25015521775.0,25015521775.0,0.08,0.03,27.95,7.01
2171,002486,嘉麟杰,3.1,-0.64,-0.02,277670.0,85809228.0,2.56,3.13,3.05,3.09,3.12,0.84,3.38,36.86,2.36,2555277610.0,2543447313.0,-0.32,0.0,-1.9,-0.32
2172,300106,西部牧业,10.92,-0.64,-0.07,88656.0,96788622.94,3.46,11.13,10.75,10.9,10.99,0.9,4.2,-47.21,5.98,2307748825.0,2307748825.0,-0.09,0.0,-5.7,1.58
2173,601238,广汽集团,7.78,-0.64,-0.05,165277.0,128495872.0,1.15,7.8,7.71,7.75,7.83,0.69,0.22,-13.8,0.72,79333172702.0,57445167289.0,0.0,-0.13,-12.19,-4.66
2174,600281,华阳新材,6.23,-0.64,-0.04,147109.0,91476592.0,3.99,6.38,6.13,6.3,6.27,0.74,2.86,34.89,24.53,3204724616.0,3204724616.0,0.0,0.0,-5.03,5.59
2175,002838,道恩股份,26.3,-0.64,-0.17,42190.0,109232831.56,4.57,26.53,25.32,26.13,26.47,0.94,1.0,72.26,3.5,12581877973.0,11062614341.0,-0.08,-0.08,19.93,9.22
2176,300635,中达安,13.96,-0.64,-0.09,49301.0,68468183.64,3.35,14.09,13.62,13.83,14.05,1.02,4.09,1495.63,5.18,1954595440.0,1680982609.0,-0.36,-0.29,-18.79,-12.91
2177,688184,ST帕瓦,10.95,-0.64,-0.07,13333.0,14530370.0,1.36,11.0,10.85,10.97,11.02,0.82,1.33,-2.5,1.61,1741570278.0,1100338278.0,0.27,0.09,12.89,18.0
2178,301100,风光股份,21.65,-0.64,-0.14,33243.0,71448612.3,4.27,22.03,21.1,21.48,21.79,0.68,3.8,-81.31,2.17,4330000000.0,1894375000.0,-0.09,0.23,-1.28,1.6
2179,688560,明冠新材,17.05,-0.64,-0.11,54793.0,91744834.0,4.37,17.1,16.35,16.6,17.16,0.77,2.72,-24.86,1.33,3432197702.0,3432197702.0,-0.06,0.18,8.25,19.31
2180,000909,ST数源,6.2,-0.64,-0.04,39325.0,24275098.01,1.44,6.23,6.14,6.14,6.24,0.5,0.9,-30.17,2.73,2713828319.0,2713805534.0,0.0,0.0,7.27,11.31
2181,300929,华骐环保,12.4,-0.64,-0.08,48916.0,60264516.98,3.85,12.49,12.01,12.34,12.48,1.33,3.86,-666.74,2.04,1638448654.0,1571667214.0,0.16,-0.08,7.83,15.35
2182,600818,中路股份,9.37,-0.64,-0.06,52146.0,48951707.0,3.08,9.56,9.27,9.35,9.43,0.86,2.19,-119.61,5.39,3011966917.0,2229665617.0,0.0,0.11,-8.32,-2.29
2183,300176,鸿特科技,7.82,-0.64,-0.05,174709.0,135093452.05,2.8,7.85,7.63,7.73,7.87,0.76,4.51,82.11,3.18,3028535856.0,3028535856.0,0.13,0.51,13.83,17.24
2184,000553,安道麦A,6.19,-0.64,-0.04,174862.0,109755147.88,4.49,6.43,6.15,6.22,6.23,1.63,0.8,-25.58,0.78,14421534832.0,13476075439.0,0.16,0.49,0.81,12.96
2185,300542,新晨科技,17.18,-0.64,-0.11,41854.0,71003216.0,3.24,17.26,16.7,17.01,17.29,0.9,1.69,-169.62,9.48,5129259065.0,4254860717.0,-0.06,0.0,-6.27,-16.15
2186,920931,无锡鼎邦,14.05,-0.64,-0.09,20326.0,29287901.61,6.65,14.95,14.01,14.86,14.14,0.58,7.06,124.65,3.36,1319716500.0,404299990.0,-0.43,-0.07,-6.21,-1.68
2187,600847,万里股份,13.89,-0.64,-0.09,29488.0,40739922.0,4.08,14.14,13.57,13.87,13.98,0.96,1.92,-48.16,4.14,2129161986.0,2129161986.0,0.14,0.51,16.33,19.54
2188,600570,恒生电子,27.68,-0.65,-0.18,276227.0,753710265.0,3.12,27.85,26.98,27.36,27.86,0.8,1.46,86.39,5.8,52429543506.0,52429543506.0,0.04,0.11,-2.16,-8.19
2189,300543,朗科智能,10.77,-0.65,-0.07,58299.0,61860101.7,3.14,10.79,10.45,10.66,10.84,0.68,2.33,82.32,2.25,3299619267.0,2694641162.0,0.09,0.0,0.19,-3.15
2190,600212,绿能慧充,7.67,-0.65,-0.05,112293.0,85647910.0,1.68,7.7,7.57,7.66,7.72,0.88,2.11,302.82,10.01,5400832134.0,4074152234.0,0.0,0.0,-7.81,-4.72
2191,000498,山东路桥,6.08,-0.65,-0.04,139243.0,84741804.0,1.63,6.15,6.05,6.07,6.12,0.77,0.96,5.02,0.59,9438841693.0,8812028684.0,0.0,-0.16,0.66,0.83
2192,600010,包钢股份,3.04,-0.65,-0.02,11834767.0,3555293342.0,2.94,3.05,2.96,3.0,3.06,0.53,3.77,443.97,2.64,137677402818.0,95397626792.0,-0.33,-0.33,24.59,27.73
2193,603066,音飞储存,10.7,-0.65,-0.07,28393.0,30288334.0,1.58,10.74,10.57,10.66,10.77,0.69,0.97,37.83,2.19,3147726792.0,3147726792.0,-0.09,0.0,-3.52,-0.47
2194,002958,青农商行,3.08,-0.65,-0.02,564840.0,174322570.44,0.97,3.1,3.07,3.09,3.1,0.86,1.04,3.87,0.47,17111317195.0,16753909425.0,0.0,0.33,-4.35,-0.65
2195,600909,华安证券,6.14,-0.65,-0.04,623998.0,380415022.0,1.94,6.16,6.04,6.11,6.18,0.74,1.31,13.88,1.21,29214636534.0,29214636534.0,0.16,0.16,-2.69,-9.44
2196,600490,鹏欣资源,9.19,-0.65,-0.06,731858.0,657626023.0,5.84,9.29,8.75,8.98,9.25,0.71,3.67,65.17,3.2,20336432256.0,18312190537.0,0.33,0.33,28.17,18.89
2197,301259,艾布鲁,36.51,-0.65,-0.24,38077.0,136715734.21,3.97,36.78,35.32,35.93,36.75,1.12,3.85,-577.46,6.88,5695560000.0,3609781597.0,-0.05,-0.08,3.08,10.47
2198,601199,江南水务,6.15,-0.65,-0.04,75263.0,46392978.0,1.29,6.21,6.13,6.2,6.19,0.69,0.8,15.66,1.26,5751543296.0,5751543296.0,0.16,0.16,7.33,10.41
2199,600679,上海凤凰,12.23,-0.65,-0.08,30265.0,36940504.0,1.46,12.3,12.12,12.3,12.31,0.84,0.88,40.67,2.95,6302048763.0,4203380763.0,0.0,0.16,-13.63,-8.94
2200,600425,青松建化,4.59,-0.65,-0.03,290016.0,133238256.0,2.38,4.66,4.55,4.62,4.62,0.87,1.81,17.65,1.13,7365590015.0,7365590015.0,0.22,0.44,5.03,10.34
2201,688796,百奥赛图,77.0,-0.65,-0.5,17413.0,132346513.0,4.5,77.6,74.11,75.51,77.5,1.2,4.85,198.68,14.15,34411178340.0,2763348357.0,-0.26,-0.4,188.61,46.39
2202,300318,博晖创新,6.16,-0.65,-0.04,75257.0,46266432.4,1.29,6.19,6.11,6.11,6.2,0.78,0.94,-112.27,3.74,5032107049.0,4919003221.0,-0.16,0.16,-10.98,-1.75
2203,000906,浙商中拓,6.11,-0.65,-0.04,83672.0,51246202.51,2.28,6.22,6.08,6.12,6.15,0.81,1.19,17.11,0.91,4336042024.0,4284574958.0,0.0,0.0,0.99,3.21
2204,301277,新天地,12.31,-0.65,-0.08,21397.0,26361097.59,1.61,12.42,12.22,12.24,12.39,0.81,0.55,39.39,3.17,4826485104.0,4826485104.0,0.24,0.24,-1.36,4.41
2205,603719,良品铺子,10.66,-0.65,-0.07,28315.0,30103082.0,1.58,10.72,10.55,10.61,10.73,0.72,0.71,-26.21,2.12,4274660000.0,4274660000.0,-0.09,0.0,-14.38,-8.97
2206,601990,南京证券,7.6,-0.65,-0.05,193668.0,146851486.0,1.05,7.62,7.54,7.59,7.65,0.92,0.53,27.46,1.56,33437171242.0,28016343858.0,0.13,0.13,-5.12,-4.04
2207,688049,炬芯科技,50.09,-0.65,-0.33,46817.0,228766345.0,5.02,50.45,47.92,49.87,50.42,0.84,2.67,42.89,4.27,8774147589.0,8774147589.0,0.0,0.0,-6.46,-4.77
2208,301030,仕净科技,12.26,-0.65,-0.08,98833.0,121201338.4,3.81,12.51,12.04,12.15,12.34,0.88,4.89,-8.25,2.95,2481219626.0,2477816005.0,0.0,0.16,-11.86,3.63
2209,002270,华明装备,36.65,-0.65,-0.24,241640.0,880421223.68,5.42,37.58,35.58,35.82,36.89,0.88,2.7,46.28,10.45,32846662046.0,32846135679.0,0.03,0.14,49.65,46.37
2210,688606,奥泰生物,65.48,-0.65,-0.43,4573.0,29640117.0,2.96,65.99,64.04,65.99,65.91,0.94,0.58,23.78,1.32,5191310385.0,5191310385.0,-0.06,0.11,2.23,2.49
2211,002024,ST易购,1.51,-0.66,-0.01,211339.0,31735119.0,1.32,1.51,1.49,1.51,1.52,0.93,0.23,143.08,1.11,13989799103.0,13974206390.0,0.0,0.0,-12.72,-11.18
2212,300716,ST泉为,15.0,-0.66,-0.1,37560.0,55660641.0,4.97,15.17,14.42,14.6,15.1,0.71,2.35,-30.61,-2283.24,2400300000.0,2400300000.0,0.13,0.07,30.1,25.31
2213,000617,中油资本,9.05,-0.66,-0.06,1179756.0,1080241469.21,3.73,9.36,9.02,9.25,9.11,0.55,0.93,21.47,1.09,114410815665.0,114410815665.0,0.0,0.11,1.34,-5.24
2214,301309,万得凯,30.19,-0.66,-0.2,11425.0,34568646.16,4.21,31.08,29.8,30.28,30.39,0.94,4.47,27.23,1.87,3035133536.0,770883536.0,0.2,0.43,6.19,7.74
2215,920016,中草香料,19.43,-0.66,-0.13,6442.0,12569995.37,2.4,19.73,19.26,19.37,19.56,0.87,1.88,72.07,3.89,1495758880.0,665229146.0,-0.51,-0.36,-1.07,0.47
2216,002122,ST汇洲,3.0,-0.66,-0.02,210514.0,62978066.0,1.32,3.01,2.97,3.0,3.02,0.7,1.06,80.08,2.75,6004501725.0,5964657264.0,-0.33,0.0,-5.66,0.0
2217,301596,瑞迪智驱,70.41,-0.66,-0.47,6775.0,47224687.66,4.27,71.65,68.62,69.99,70.88,0.73,2.16,51.39,6.4,5433208773.0,2205002721.0,0.06,0.03,-2.94,-10.44
2218,002332,仙琚制药,9.06,-0.66,-0.06,107001.0,96746190.85,0.99,9.09,9.0,9.06,9.12,0.7,1.09,16.53,1.5,8962196086.0,8920237822.0,0.0,0.0,-1.31,0.55
2219,600522,中天科技,27.2,-0.66,-0.18,1554020.0,4065327190.0,7.05,27.31,25.38,26.37,27.38,0.85,4.55,29.77,2.54,92832230534.0,92832230534.0,-0.15,0.15,64.95,50.11
2220,002005,ST德豪,3.0,-0.66,-0.02,109692.0,32681764.0,2.65,3.01,2.93,3.01,3.02,0.79,0.63,43.74,14.24,5257274574.0,5255979474.0,0.33,0.0,12.78,20.97
2221,301071,力量钻石,46.78,-0.66,-0.31,134235.0,610134105.42,6.75,47.28,44.1,45.74,47.09,0.76,6.9,197.34,2.3,12175538802.0,9103115132.0,-0.04,0.15,18.61,30.52
2222,001259,利仁科技,34.58,-0.66,-0.23,11794.0,40592000.0,3.05,34.87,33.81,34.73,34.81,0.46,2.48,458.34,3.56,2544703747.0,1644088775.0,-0.12,-0.14,11.91,15.23
2223,002196,方正电机,14.99,-0.66,-0.1,278898.0,409973384.5,3.64,15.03,14.48,14.65,15.09,0.68,5.71,405.23,5.25,7433120231.0,7319398251.0,-0.07,0.27,19.44,-5.55
2224,300363,博腾股份,21.07,-0.66,-0.14,75850.0,157670544.0,2.88,21.14,20.53,20.88,21.21,0.65,1.52,107.46,2.15,11450326648.0,10510904032.0,0.38,0.43,-9.1,-9.34
2225,300203,聚光科技,14.76,-0.67,-0.1,91294.0,133424099.12,4.24,14.91,14.28,14.62,14.86,1.12,2.04,-79.69,2.33,6623366976.0,6617919429.0,0.0,0.0,-2.83,-6.94
2226,688293,奥浦迈,48.64,-0.67,-0.33,16395.0,80317780.0,5.72,50.47,47.67,48.38,48.97,0.89,1.44,151.68,2.64,6324952305.0,5536212291.0,-0.14,0.04,-3.11,-0.73
2227,601518,吉林高速,2.97,-0.67,-0.02,234157.0,69616837.0,1.67,3.0,2.95,2.96,2.99,0.98,1.24,10.64,1.0,5614942912.0,5614942912.0,0.34,0.0,-0.34,5.32
2228,002671,龙泉股份,5.9,-0.67,-0.04,152907.0,90383949.08,2.36,5.99,5.85,5.85,5.94,1.1,2.78,20.43,1.87,3323035441.0,3250499378.0,0.0,0.0,1.2,12.6
2229,300705,九典制药,14.91,-0.67,-0.1,40782.0,60499613.78,1.67,14.98,14.73,14.85,15.01,0.65,1.11,13.77,2.83,7459340689.0,5500119618.0,0.13,0.07,-5.87,-0.47
2230,601669,中国电建,5.92,-0.67,-0.04,5022278.0,2986126101.0,3.19,6.07,5.88,5.97,5.96,1.28,3.84,10.23,0.71,101978863257.0,77383433032.0,0.17,0.17,12.33,13.85
2231,001201,东瑞股份,14.91,-0.67,-0.1,44764.0,67273165.44,2.07,15.2,14.89,15.01,15.01,1.11,2.2,251.38,1.13,3843559455.0,3028737646.0,0.13,0.07,-1.32,2.33
2232,688449,联芸科技,46.04,-0.67,-0.31,71201.0,319375697.0,5.65,46.22,43.6,45.25,46.35,0.99,2.43,149.04,11.12,21178400000.0,13499118375.0,-0.04,0.0,4.19,1.9
2233,688597,煜邦电力,10.35,-0.67,-0.07,172384.0,176771137.0,5.47,10.57,10.0,10.11,10.42,1.6,5.13,45.69,3.57,3478221041.0,3478221041.0,0.1,0.1,17.88,26.07
2234,000919,金陵药业,7.38,-0.67,-0.05,98475.0,72683571.0,1.88,7.44,7.3,7.35,7.43,1.02,1.58,50.28,1.21,4589803017.0,4588638453.0,0.27,0.14,-0.14,-7.17
2235,002037,保利联合,8.92,-0.67,-0.06,63504.0,56802374.0,2.34,9.04,8.83,8.91,8.98,0.78,1.31,-32.62,2.3,4316241409.0,4316241409.0,0.11,0.0,-6.79,-6.11
2236,688785,恒运昌,318.0,-0.67,-2.13,9713.0,298980921.0,5.83,319.66,301.0,311.08,320.13,0.84,7.63,188.23,20.14,21529136784.0,4047397470.0,0.42,0.0,244.98,244.98
2237,688619,罗普特,14.9,-0.67,-0.1,28792.0,42671958.0,2.93,15.03,14.59,14.85,15.0,0.58,1.55,-12.42,4.09,2763026826.0,2763026826.0,0.34,-0.07,3.4,9.56
2238,603901,永创智能,13.25,-0.67,-0.09,112444.0,147846669.0,3.75,13.44,12.94,13.03,13.34,1.35,2.31,41.09,2.64,6944087799.0,6461010858.0,0.0,0.08,-2.07,-6.69
2239,600876,凯盛新能,10.43,-0.67,-0.07,39019.0,40439242.0,2.29,10.46,10.22,10.4,10.5,0.83,0.99,-8.47,1.97,6734389864.0,4126889864.0,0.1,0.29,5.14,5.78
2240,600531,豫光金铅,16.39,-0.67,-0.11,592458.0,949743316.0,5.52,16.52,15.61,15.9,16.5,0.57,4.9,23.95,3.09,19819815620.0,19819815620.0,0.0,0.12,43.14,39.49
2241,300550,和仁科技,13.05,-0.68,-0.09,52683.0,68131316.96,3.04,13.15,12.75,13.08,13.14,0.92,2.01,198.55,3.07,3426409840.0,3423228511.0,0.23,0.23,-3.62,-10.06
2242,301512,智信精密,49.58,-0.68,-0.34,11138.0,54514001.85,4.37,49.98,47.8,49.1,49.92,1.16,4.49,-48.08,2.62,2644269972.0,1230248372.0,0.16,0.14,9.62,13.35
2243,002356,赫美集团,4.39,-0.68,-0.03,1122379.0,502568115.42,7.01,4.69,4.38,4.53,4.42,0.72,8.56,83.43,9.27,5756407347.0,5756374422.0,0.0,0.0,-3.09,10.86
2244,002213,大为股份,27.8,-0.68,-0.19,151016.0,412859138.0,3.43,27.85,26.89,27.48,27.99,0.85,7.31,-422.62,12.12,6602080776.0,5742286935.0,0.04,0.0,5.82,7.01
2245,001236,弘业期货,10.24,-0.68,-0.07,166424.0,170010344.0,2.33,10.34,10.1,10.11,10.31,0.89,2.2,3703.71,5.53,10319644447.0,7762716447.0,0.1,0.2,0.49,-3.4
2246,301618,长联科技,49.76,-0.68,-0.34,6864.0,34386411.86,3.51,51.26,49.5,49.9,50.1,1.04,2.07,99.66,4.76,4489141194.0,1649758466.0,0.16,-0.04,-6.41,4.01
2247,000008,神州高铁,2.91,-0.68,-0.02,396719.0,114771931.0,2.39,2.93,2.86,2.91,2.93,0.72,1.46,-67.97,2.7,7904659058.0,7904424130.0,0.34,0.34,-4.59,2.11
2248,002641,公元股份,4.41,-0.68,-0.03,127970.0,56470524.06,1.8,4.46,4.38,4.4,4.44,0.81,1.13,89.79,0.99,5420303971.0,5000916420.0,0.0,0.23,2.56,2.08
2249,603382,海阳科技,29.37,-0.68,-0.2,7452.0,21932702.0,1.52,29.74,29.29,29.57,29.57,0.76,2.06,42.89,3.07,5323352678.0,1064671898.0,0.03,0.17,-5.84,-8.9
2250,605099,共创草坪,43.7,-0.68,-0.3,30500.0,132311674.0,3.09,44.07,42.71,43.7,44.0,0.79,0.76,25.61,5.85,17590637650.0,17543161970.0,0.0,0.14,19.33,22.44
2251,000927,中国铁物,2.94,-0.68,-0.02,865055.0,255417240.0,2.03,2.99,2.93,2.96,2.96,0.97,1.43,29.48,1.85,17788039705.0,17788030708.0,-0.34,0.0,11.36,12.64
2252,002160,常铝股份,5.74,-0.69,-0.04,460834.0,265641104.87,3.46,5.88,5.68,5.81,5.78,0.72,4.47,121.14,1.59,5928163899.0,5916387267.0,0.17,0.17,6.49,10.38
2253,002818,富森美,11.57,-0.69,-0.08,33216.0,38568844.32,1.46,11.7,11.53,11.58,11.65,0.67,1.11,13.61,1.57,8659669936.0,3451992700.0,-0.09,0.09,3.58,4.14
2254,001239,永达股份,15.9,-0.69,-0.11,28627.0,45413407.57,2.0,16.04,15.72,16.03,16.01,0.83,2.51,39.78,2.77,3816000000.0,1812600000.0,-0.13,0.0,-2.45,-2.57
2255,002131,利欧股份,8.61,-0.69,-0.06,5373715.0,4539094660.44,4.73,8.68,8.27,8.5,8.67,0.75,9.19,74.26,4.4,58305014633.0,50366122280.0,0.0,0.23,75.36,52.66
2256,002622,皓宸医疗,2.89,-0.69,-0.02,175215.0,50575928.0,2.75,2.93,2.85,2.9,2.91,0.69,2.09,-68.94,6.66,2427600000.0,2427528473.0,0.0,0.0,-14.24,-2.69
2257,601186,中国铁建,7.22,-0.69,-0.05,826541.0,597689293.0,0.96,7.27,7.2,7.22,7.27,0.78,0.72,4.96,0.36,98044289630.0,83053432510.0,0.0,0.0,-7.08,-5.87
2258,002816,*ST和科,24.33,-0.69,-0.17,29965.0,71850918.0,3.92,24.61,23.65,23.88,24.5,1.09,3.0,270.98,10.52,2433000000.0,2433000000.0,-1.02,-0.08,16.3,8.28
2259,000950,重药控股,5.75,-0.69,-0.04,184238.0,105753399.42,1.38,5.78,5.7,5.73,5.79,0.92,1.07,19.41,0.86,9937062002.0,9937062002.0,0.35,0.17,5.89,-0.69
2260,002500,山西证券,5.79,-0.69,-0.04,258908.0,149316935.85,1.37,5.81,5.73,5.78,5.83,0.75,0.72,21.3,1.14,20784777257.0,20784777257.0,0.0,0.0,-2.85,-3.34
2261,600883,博闻科技,8.67,-0.69,-0.06,59043.0,51008974.0,3.09,8.77,8.5,8.73,8.73,0.98,2.5,68.99,2.09,2046882960.0,2046882960.0,-0.23,-0.12,3.09,7.57
2262,600459,贵研铂业,22.98,-0.69,-0.16,298467.0,665137812.0,5.92,23.0,21.63,22.25,23.14,0.62,3.93,26.16,2.36,17460367755.0,17458049809.0,0.04,0.04,33.29,23.48
2263,000543,皖能电力,8.69,-0.69,-0.06,522656.0,455907084.94,1.94,8.82,8.65,8.69,8.75,0.74,2.31,7.75,1.15,19699042346.0,19699042346.0,0.0,0.12,5.59,9.31
2264,002735,王子新材,17.18,-0.69,-0.12,154052.0,261897662.4,3.35,17.3,16.72,17.13,17.3,0.74,5.49,278.15,3.79,6562872581.0,4818363102.0,0.06,0.06,17.59,-4.71
2265,600693,东百集团,12.86,-0.69,-0.09,214254.0,273859796.0,2.47,12.98,12.66,12.69,12.95,0.65,2.47,95.29,3.17,11186222724.0,11174732777.0,0.0,0.16,29.9,-27.83
2266,300503,昊志机电,49.06,-0.69,-0.34,108023.0,523438071.93,3.2,49.21,47.63,48.0,49.4,0.98,4.48,93.28,11.25,15121606072.0,11822238357.0,-0.06,0.12,69.52,-23.01
2267,300519,新光药业,15.92,-0.69,-0.11,21503.0,34271178.0,1.43,16.03,15.8,15.85,16.03,0.68,1.88,42.14,3.08,2547200000.0,1816472000.0,-0.06,-0.06,-9.34,6.85
2268,688045,必易微,45.77,-0.69,-0.32,22949.0,102444941.0,4.27,45.87,43.9,45.16,46.09,1.15,3.29,264.71,2.3,3196476976.0,3196476976.0,0.13,0.13,20.01,18.3
2269,000058,深 赛 格,8.56,-0.7,-0.06,75941.0,64390196.91,1.97,8.57,8.4,8.5,8.62,0.77,0.77,85.1,5.06,10539077752.0,8429368870.0,0.0,-0.12,-8.06,-8.94
2270,920553,凯腾精工,10.0,-0.7,-0.07,17184.0,17079431.61,2.78,10.1,9.82,10.05,10.07,0.84,1.87,59.8,4.03,1436904600.0,918652180.0,0.0,0.0,-0.99,0.7
2271,688609,九联科技,8.56,-0.7,-0.06,74081.0,62692664.0,3.48,8.63,8.33,8.48,8.62,0.84,1.48,-20.42,5.49,4280000000.0,4280000000.0,0.0,0.0,-12.02,-16.16
2272,600386,北巴传媒,4.27,-0.7,-0.03,116213.0,49309966.0,2.09,4.29,4.2,4.29,4.3,0.98,1.44,502.49,1.93,3443328000.0,3443328000.0,0.0,0.47,-8.96,-2.73
2273,300296,利亚德,8.49,-0.7,-0.06,2447439.0,2028221050.46,4.68,8.5,8.1,8.24,8.55,0.69,10.76,61.94,2.85,23024686615.0,19307832773.0,0.12,0.0,31.22,34.34
2274,002182,宝武镁业,19.92,-0.7,-0.14,379426.0,736985625.95,6.33,20.05,18.78,19.78,20.06,0.66,4.38,169.46,3.67,19756487736.0,17241008223.0,0.0,0.3,44.14,30.2
2275,002845,同兴达,15.55,-0.7,-0.11,138312.0,213686701.3,2.17,15.62,15.28,15.47,15.66,1.03,5.53,-248.35,2.14,5093429013.0,3891159708.0,0.0,0.0,2.5,10.52
2276,603137,恒尚节能,14.2,-0.7,-0.1,39246.0,55205836.0,2.87,14.23,13.82,14.22,14.3,1.6,5.32,41.39,2.09,2597653343.0,1047013343.0,0.0,0.21,-3.4,3.35
2277,002054,德美化工,9.86,-0.7,-0.07,303629.0,294773250.75,4.73,9.98,9.51,9.67,9.93,0.52,7.9,43.91,1.88,4753658357.0,3789944096.0,0.31,0.2,29.4,33.6
2278,920809,安达科技,7.1,-0.7,-0.05,114441.0,80370614.51,2.52,7.13,6.95,7.01,7.15,0.73,2.49,-16.61,2.72,4253255000.0,3259660751.0,0.0,0.0,-7.31,1.14
2279,600226,亨通股份,5.71,-0.7,-0.04,674405.0,379546299.0,3.65,5.73,5.52,5.65,5.75,0.88,2.27,67.52,4.7,16983716789.0,16983716789.0,-0.17,0.18,33.72,7.13
2280,603633,徕木股份,8.57,-0.7,-0.06,62131.0,52444839.0,3.13,8.6,8.33,8.52,8.63,0.66,1.46,215.84,1.89,3657768710.0,3657768710.0,0.12,0.23,-21.88,-15.4
2281,301355,南王科技,12.78,-0.7,-0.09,39794.0,50656165.8,3.26,12.95,12.53,12.65,12.87,0.82,3.97,237.95,1.65,2493351520.0,1280625370.0,0.0,-0.08,-6.92,-4.05
2282,300255,常山药业,42.6,-0.7,-0.3,134280.0,564770204.18,3.52,42.95,41.44,42.0,42.9,0.71,1.46,-655.19,25.81,39151993403.0,39093844403.0,-0.07,-0.16,-34.94,-31.4
2283,605266,健之佳,19.96,-0.7,-0.14,15232.0,30481159.0,2.19,20.26,19.82,19.95,20.1,0.78,0.99,23.0,1.17,3084676843.0,3084676843.0,0.05,0.1,-1.58,3.85
2284,002607,中公教育,2.85,-0.7,-0.02,1788870.0,508219022.09,2.44,2.88,2.81,2.83,2.87,0.66,3.52,143.34,21.53,17577088259.0,14489392527.0,0.0,0.0,14.46,4.01
2285,600019,宝钢股份,7.05,-0.7,-0.05,1628427.0,1150747879.0,1.69,7.14,7.02,7.04,7.1,0.9,0.75,14.47,0.75,153563697480.0,153563697480.0,0.0,-0.14,-4.21,-5.37
2286,603728,鸣志电器,62.3,-0.7,-0.44,58668.0,357639102.0,4.26,62.48,59.81,61.7,62.74,1.09,1.4,392.72,8.8,26096379750.0,26096379750.0,0.0,0.23,-3.43,-13.89
2287,000978,桂林旅游,7.07,-0.7,-0.05,85070.0,59997670.0,2.11,7.15,7.0,7.07,7.12,0.88,1.82,69.4,2.99,3309679100.0,3309599563.0,0.14,0.57,2.61,-2.35
2288,002342,巨力索具,14.18,-0.7,-0.1,743999.0,1037994749.41,4.06,14.24,13.66,13.91,14.28,0.65,7.79,922.84,5.59,13612800000.0,13537504200.0,0.14,0.35,92.93,54.13
2289,300484,蓝海华腾,18.42,-0.7,-0.13,34505.0,62898231.0,2.64,18.52,18.03,18.28,18.55,0.81,2.07,60.52,5.65,3815959038.0,3064215353.0,0.0,0.05,-2.18,-3.31
2290,002324,普利特,16.94,-0.7,-0.12,223488.0,373739990.48,4.1,17.1,16.4,16.82,17.06,0.91,2.88,43.47,4.12,18842976041.0,13150114796.0,0.06,0.06,34.34,5.94
2291,600528,中铁工业,8.49,-0.7,-0.06,182467.0,154788927.0,1.52,8.55,8.42,8.52,8.55,0.88,0.82,14.24,0.76,18860972982.0,18860972982.0,0.12,0.12,6.66,3.79
2292,603877,太平鸟,15.28,-0.71,-0.11,18661.0,28690387.0,2.08,15.55,15.23,15.43,15.39,0.9,0.4,191.04,1.68,7198037231.0,7171263997.0,0.2,0.13,-4.5,5.16
2293,001213,中铁特货,4.22,-0.71,-0.03,260292.0,110596194.0,2.35,4.31,4.21,4.25,4.25,0.91,0.59,29.76,0.98,18755555554.0,18755555554.0,0.0,-0.24,2.18,4.2
2294,000507,珠海港,5.56,-0.71,-0.04,267143.0,149000789.13,2.86,5.69,5.53,5.62,5.6,0.59,2.96,15.44,0.93,5113726016.0,5017090770.0,0.18,0.36,3.35,6.72
2295,603091,众鑫股份,81.0,-0.71,-0.58,4032.0,32654667.0,2.94,82.28,79.88,81.8,81.58,0.59,1.31,31.4,3.91,8281342233.0,2496156993.0,0.0,-0.06,10.01,2.26
2296,002972,科安达,12.5,-0.71,-0.09,44389.0,55382681.72,3.65,12.75,12.29,12.3,12.59,1.38,3.3,38.41,2.56,3075110000.0,1683083625.0,0.32,-0.08,0.64,4.6
2297,300501,海顺新材,15.37,-0.71,-0.11,28118.0,42544162.34,3.17,15.38,14.89,15.21,15.48,0.84,2.79,45.84,1.97,2974680689.0,1548133244.0,0.72,0.85,-3.52,0.33
2298,300387,富邦科技,9.85,-0.71,-0.07,178526.0,177439205.48,4.03,10.18,9.78,10.05,9.92,0.91,6.18,26.48,1.92,2847211627.0,2846222953.0,-0.1,0.0,9.69,15.75
2299,300374,中铁装配,15.4,-0.71,-0.11,38574.0,58878889.3,2.19,15.48,15.14,15.29,15.51,0.81,1.98,-54.5,4.65,3787049990.0,3001992840.0,0.79,0.85,-6.1,-1.72
2300,003039,顺控发展,16.84,-0.71,-0.12,77054.0,129321393.78,1.59,16.93,16.66,16.78,16.96,1.05,1.25,37.37,3.7,10399015413.0,10399015413.0,0.06,0.12,19.01,5.71
2301,300885,海昌新材,23.77,-0.71,-0.17,43854.0,102875646.69,3.01,23.82,23.1,23.39,23.94,0.86,2.63,103.83,6.71,5898568286.0,3970012512.0,0.08,0.13,11.54,-29.63
2302,000598,兴蓉环境,7.02,-0.71,-0.05,307024.0,216479690.99,1.56,7.11,7.0,7.04,7.07,0.66,1.03,10.45,1.06,20947741221.0,20914178601.0,0.0,0.0,-2.09,-2.09
2303,002216,三全食品,12.51,-0.71,-0.09,167571.0,211283838.9,3.89,12.84,12.35,12.54,12.6,0.54,2.66,20.85,2.43,10998592440.0,7886366613.0,0.08,0.08,5.57,10.81
2304,603219,富佳股份,16.78,-0.71,-0.12,43753.0,73185776.0,3.02,16.99,16.48,16.89,16.9,1.03,0.78,60.32,5.85,9420292000.0,9420292000.0,0.24,0.18,4.16,-0.36
2305,301568,思泰克,56.25,-0.71,-0.4,46598.0,255627120.52,4.77,56.5,53.8,54.5,56.65,0.73,9.79,55.99,5.76,5808285000.0,2677464000.0,0.0,0.09,30.78,15.91
2306,002495,佳隆股份,2.77,-0.72,-0.02,232716.0,64208185.0,2.51,2.8,2.73,2.77,2.79,0.81,3.32,174.46,2.36,2591682912.0,1941142614.0,0.0,0.0,-7.36,4.14
2307,300901,中胤时尚,16.48,-0.72,-0.12,28472.0,46251921.47,6.39,16.9,15.84,16.26,16.6,1.05,1.19,-240.8,4.08,3955200000.0,3955200000.0,1.1,1.23,3.91,0.92
2308,002608,江苏国信,8.22,-0.72,-0.06,232940.0,192585074.0,1.93,8.36,8.2,8.32,8.28,0.85,0.62,7.22,0.89,31055815167.0,31055815167.0,0.12,0.0,3.92,11.23
2309,301189,奥尼电子,42.66,-0.72,-0.31,14093.0,59704125.0,3.63,43.28,41.72,42.53,42.97,0.85,1.26,-41.37,2.36,4965473197.0,4767590862.0,0.0,-0.02,3.24,-1.91
2310,603668,天马科技,13.82,-0.72,-0.1,108450.0,147904303.0,3.45,13.88,13.4,13.83,13.92,1.46,2.14,74.06,3.0,6989095619.0,6989095619.0,0.0,-0.14,-11.92,-17.05
2311,300101,振芯科技,24.66,-0.72,-0.18,164194.0,400485621.8,3.3,24.78,23.96,24.39,24.84,0.69,2.9,113.21,7.6,14004554562.0,13958630614.0,0.04,0.16,11.03,-13.26
2312,688103,国力电子,60.88,-0.72,-0.44,14525.0,86819041.0,3.47,60.93,58.8,60.32,61.32,0.91,1.52,82.18,5.13,5802810745.0,5802810745.0,0.26,0.08,2.68,0.48
2313,688380,中微半导,48.3,-0.72,-0.35,99280.0,467545560.0,5.61,48.78,46.05,47.59,48.65,0.86,2.48,67.93,6.08,19337629500.0,19337629500.0,0.04,-0.19,53.33,50.23
2314,002375,亚厦股份,4.16,-0.72,-0.03,168243.0,69649355.36,2.39,4.19,4.09,4.12,4.19,0.8,1.27,15.77,0.68,5574385432.0,5519461784.0,-0.48,-0.24,5.58,9.76
2315,688370,丛麟科技,27.52,-0.72,-0.2,12027.0,33343023.0,4.11,28.36,27.22,27.95,27.72,1.04,0.88,157.51,1.43,3773208830.0,3773208830.0,0.07,-0.36,14.91,12.93
2316,605369,拱东医疗,18.01,-0.72,-0.13,8660.0,15525397.0,1.49,18.05,17.78,17.98,18.14,0.51,0.39,41.39,2.31,3971078011.0,3971078011.0,0.11,0.22,-5.26,-3.48
2317,688015,交控科技,24.77,-0.72,-0.18,18150.0,44212265.0,3.45,24.79,23.93,24.58,24.95,0.91,0.96,30.05,1.76,4673621979.0,4673621979.0,0.28,0.53,3.64,8.74
2318,301449,天溯计量,74.12,-0.72,-0.54,6975.0,51422096.0,2.21,74.6,72.95,73.49,74.66,0.74,5.01,38.99,5.91,4833913095.0,1031250905.0,-0.09,-0.01,101.41,-12.21
2319,603667,五洲新春,72.05,-0.72,-0.52,237570.0,1669973114.0,5.73,72.68,68.52,70.47,72.57,0.99,6.49,200.94,8.85,26384909579.0,26384909579.0,0.01,0.14,55.88,2.96
2320,300430,诚益通,20.64,-0.72,-0.15,89750.0,182598251.0,3.32,20.75,20.06,20.22,20.79,0.73,3.45,62.32,2.46,5635685869.0,5363390874.0,-0.05,-0.05,10.73,7.39
2321,301130,西点药业,31.57,-0.72,-0.23,13346.0,42096509.88,2.64,31.88,31.04,31.64,31.8,0.98,2.26,54.64,2.63,2414937205.0,1863178055.0,0.0,-0.19,3.04,10.62
2322,603290,斯达半导,99.28,-0.72,-0.72,46128.0,450210314.0,3.89,99.89,96.0,98.0,100.0,0.92,1.93,46.7,3.44,23774925704.0,23774925704.0,0.02,-0.13,-1.7,3.32
2323,300841,康华生物,61.75,-0.72,-0.45,26805.0,164211887.41,3.36,62.44,60.35,61.55,62.2,1.3,2.25,31.82,2.29,8024221013.0,7343882731.0,0.0,0.05,-23.51,-14.54
2324,600977,中国电影,13.82,-0.72,-0.1,321908.0,438437348.0,2.73,13.85,13.47,13.7,13.92,0.77,1.72,291.63,2.33,25801940000.0,25801940000.0,0.07,0.14,-20.25,-12.09
2325,301631,壹连科技,92.94,-0.72,-0.67,12452.0,113231384.56,4.24,93.19,89.22,92.09,93.61,1.08,4.06,28.81,3.4,8496071065.0,2853768984.0,0.0,0.09,-1.97,-10.25
2326,001260,坤泰股份,21.95,-0.72,-0.16,21245.0,46297735.31,2.71,22.06,21.46,21.81,22.11,1.0,1.85,50.69,3.05,2524250000.0,2524250000.0,0.23,0.23,5.02,9.1
2327,301656,联合动力,24.96,-0.72,-0.18,41229.0,101864935.97,1.91,24.98,24.5,24.8,25.14,0.84,2.47,56.84,6.49,60023581114.0,4165366982.0,-0.04,-0.04,-2.54,-5.6
2328,300320,海达股份,11.03,-0.72,-0.08,137050.0,150208859.66,2.43,11.1,10.83,11.01,11.11,0.83,2.82,29.85,2.69,6631613127.0,5358238883.0,0.09,0.18,15.38,18.22
2329,002296,辉煌科技,13.69,-0.73,-0.1,209142.0,279756797.0,4.28,13.72,13.13,13.51,13.79,0.93,6.02,24.61,2.22,5333355950.0,4756117428.0,0.15,0.29,28.54,22.23
2330,600439,瑞贝卡,2.72,-0.73,-0.02,122131.0,33198755.0,1.46,2.74,2.7,2.73,2.74,0.67,1.08,197.24,1.17,3079000397.0,3079000397.0,0.0,-0.37,-9.33,-1.81
2331,600956,新天绿能,8.14,-0.73,-0.06,318520.0,265159583.0,5.85,8.59,8.11,8.45,8.2,0.91,1.36,17.68,1.53,36733321614.0,19113441831.0,-0.12,-0.12,6.96,12.28
2332,603339,四方科技,13.51,-0.73,-0.1,34355.0,45978545.0,2.94,13.59,13.19,13.52,13.61,0.86,1.11,30.32,1.61,4180550274.0,4180550274.0,0.0,0.07,5.88,5.3
2333,301636,泽润新能,78.78,-0.73,-0.58,21475.0,167822702.79,2.65,79.1,77.0,77.77,79.36,0.63,13.45,71.26,4.66,5031507096.0,1257876794.0,0.11,0.42,61.43,61.1
2334,300377,赢时胜,20.45,-0.73,-0.15,363283.0,729340978.27,3.74,20.49,19.72,19.9,20.6,0.86,5.26,-266.57,6.09,15358012986.0,14130834601.0,0.15,0.15,29.35,-9.31
2335,301065,本立科技,24.34,-0.73,-0.18,18346.0,44478395.57,2.08,24.47,23.96,24.32,24.52,0.96,2.13,34.7,1.92,2580526800.0,2100237750.0,0.0,-0.04,8.56,14.0
2336,000850,华茂股份,5.45,-0.73,-0.04,141575.0,76717266.46,2.19,5.47,5.35,5.45,5.49,0.85,1.5,22.48,1.13,5142974299.0,5141512991.0,0.18,0.18,17.2,-0.37
2337,300701,森霸传感,12.28,-0.73,-0.09,47298.0,57496315.12,2.99,12.34,11.97,12.14,12.37,0.84,1.9,42.47,3.57,3471987261.0,3059215986.0,-0.08,0.16,1.07,-5.54
2338,601599,浙文影业,4.1,-0.73,-0.03,358353.0,145698759.0,2.18,4.11,4.02,4.09,4.13,0.79,3.09,26.08,3.13,4758224057.0,4758224057.0,0.24,0.49,7.33,3.02
2339,688505,复旦张江,8.13,-0.73,-0.06,37415.0,30323834.0,2.32,8.21,8.02,8.15,8.19,0.7,0.53,-53.53,3.99,8427331173.0,5776951173.0,0.0,0.0,-3.79,-2.05
2340,688531,日联科技,75.19,-0.73,-0.55,39430.0,288408570.0,6.14,75.75,71.1,73.8,75.74,0.99,3.69,71.33,3.19,12451008273.0,8042610678.0,0.23,-0.41,23.95,13.87
2341,600560,金自天正,16.23,-0.73,-0.12,27681.0,44882733.0,2.08,16.39,16.05,16.14,16.35,0.82,1.24,73.12,3.76,3629766465.0,3629766465.0,0.19,0.12,-2.23,-0.67
2342,603613,国联股份,25.99,-0.73,-0.19,78791.0,201623683.0,3.21,26.09,25.25,25.7,26.18,0.88,1.09,12.76,2.11,18726777760.0,18726777760.0,0.0,0.0,-12.67,-7.18
2343,600196,复星医药,25.72,-0.73,-0.19,135916.0,349128341.0,1.47,25.84,25.46,25.7,25.91,0.79,0.64,20.41,1.43,68683442239.0,54487532579.0,0.0,-0.08,-4.92,-2.91
2344,000402,金 融 街,2.72,-0.73,-0.02,163014.0,44135040.67,1.46,2.73,2.69,2.73,2.74,0.77,0.55,-4.52,0.35,8129889347.0,8129174708.0,0.37,0.37,-2.86,-1.09
2345,688592,司南导航,46.48,-0.73,-0.34,10215.0,46964371.0,3.31,46.8,45.25,46.8,46.82,0.63,2.65,256.13,3.97,3739809339.0,1790492009.0,0.0,0.06,20.32,13.09
2346,000661,长春高新,90.26,-0.74,-0.67,50128.0,449418690.98,1.74,90.46,88.88,89.98,90.93,0.61,1.25,23.71,1.6,36820441368.0,36069210908.0,-0.01,0.08,-9.98,-2.47
2347,601311,骆驼股份,9.42,-0.74,-0.07,226552.0,211360491.0,2.74,9.46,9.2,9.43,9.49,1.06,1.93,13.39,1.12,11051036432.0,11051036432.0,0.0,0.0,3.52,2.73
2348,300647,超频三,6.7,-0.74,-0.05,159056.0,104853277.0,3.7,6.72,6.47,6.58,6.75,0.87,3.48,1051.06,5.35,3064050861.0,3059502358.0,0.15,0.15,-7.2,-2.76
2349,300545,联得装备,33.71,-0.74,-0.25,102824.0,336586218.47,5.68,33.93,32.0,32.9,33.96,0.94,8.6,48.54,2.93,6251902985.0,4030331699.0,0.0,0.03,-0.71,9.84
2350,603657,春光科技,28.22,-0.74,-0.21,15783.0,44191723.0,2.64,28.45,27.7,28.34,28.43,0.77,1.17,591.97,4.05,3815063211.0,3815063211.0,-0.11,-0.21,-22.68,-5.3
2351,603310,巍华新材,17.46,-0.74,-0.13,25650.0,44737366.0,1.88,17.65,17.32,17.65,17.59,0.84,1.32,41.66,1.52,6029636400.0,3387414600.0,0.0,0.0,2.83,3.87
2352,603006,联明股份,13.44,-0.74,-0.1,30369.0,40539538.0,2.58,13.5,13.15,13.41,13.54,0.87,1.19,43.87,2.62,3417177120.0,3417177120.0,0.22,0.22,1.9,2.44
2353,603079,圣达生物,17.47,-0.74,-0.13,25701.0,44635330.0,3.64,17.72,17.08,17.61,17.6,0.68,1.36,46.43,2.1,3302347531.0,3302347531.0,0.0,0.11,-2.24,-1.41
2354,600794,保税科技,4.02,-0.74,-0.03,288603.0,115934374.0,2.47,4.07,3.97,4.05,4.05,0.55,2.4,61.73,1.84,4824611671.0,4824611671.0,0.25,0.25,3.34,3.08
2355,300648,星云股份,63.05,-0.74,-0.47,45274.0,282621285.32,2.72,63.23,61.5,62.6,63.52,0.75,3.41,-235.56,8.07,10988442270.0,8365911756.0,0.0,0.21,34.58,22.24
2356,300878,维康药业,28.12,-0.74,-0.21,20584.0,57752419.32,4.73,28.95,27.61,28.59,28.33,1.07,1.43,-24.65,4.02,4071503855.0,4052765727.0,-0.18,0.0,12.93,10.23
2357,600936,北投科技,3.99,-0.75,-0.03,191001.0,75666272.0,1.99,4.0,3.92,3.97,4.02,0.75,1.14,-14.53,6.83,6667394694.0,6667394694.0,0.0,0.0,14.33,-5.45
2358,300230,永利股份,5.27,-0.75,-0.04,166429.0,87186392.0,2.07,5.3,5.19,5.22,5.31,0.77,2.64,19.79,1.32,4285634834.0,3319164570.0,0.0,0.38,7.33,10.25
2359,300155,安居宝,5.26,-0.75,-0.04,111049.0,58187528.28,2.83,5.31,5.16,5.22,5.3,0.98,3.36,-66.75,2.41,2952057933.0,1739622842.0,-0.19,-0.19,-12.19,-19.94
2360,001330,博纳影业,7.9,-0.75,-0.06,816083.0,634722708.91,3.27,7.92,7.66,7.85,7.96,0.73,5.94,-7.34,2.59,10858699974.0,10858699974.0,0.0,0.0,0.77,3.95
2361,688425,铁建重工,5.32,-0.75,-0.04,321144.0,170466090.0,1.87,5.36,5.26,5.33,5.36,0.9,0.6,19.13,1.52,28374204040.0,28374204040.0,-0.19,0.19,5.77,4.93
2362,002755,奥赛康,14.52,-0.75,-0.11,64224.0,92858853.3,1.44,14.57,14.36,14.46,14.63,0.74,0.69,45.26,4.21,13476888297.0,13476760884.0,-0.07,-0.14,-14.84,-11.08
2363,601162,天风证券,3.96,-0.75,-0.03,977544.0,385596152.0,1.25,3.97,3.92,3.95,3.99,0.8,1.14,195.39,1.46,39892981527.0,34047963077.0,0.0,0.25,-6.6,-4.81
2364,688209,英集芯,21.19,-0.75,-0.16,83261.0,172421650.0,4.82,21.28,20.25,20.96,21.35,1.0,1.92,51.8,4.19,9191883998.0,9191883998.0,0.05,0.0,-9.29,6.27
2365,605005,合兴股份,19.83,-0.75,-0.15,21826.0,43194032.0,1.7,19.97,19.63,19.95,19.98,0.73,0.54,39.07,3.9,7951830000.0,7951830000.0,0.0,-0.1,3.82,3.39
2366,002614,奥佳华,6.63,-0.75,-0.05,99678.0,65677226.0,1.8,6.65,6.53,6.59,6.68,0.67,2.26,56.11,0.96,4135390923.0,2925592658.0,0.3,0.3,-13.22,-9.3
2367,600552,凯盛科技,13.25,-0.75,-0.1,330353.0,426984236.0,4.72,13.29,12.66,13.06,13.35,0.92,3.5,72.95,2.94,12516041346.0,12516041346.0,0.15,0.53,17.78,6.85
2368,688062,迈威生物-U,33.93,-0.76,-0.26,61650.0,206496946.0,3.77,34.2,32.91,33.6,34.19,0.91,3.02,-13.98,38.56,13558428000.0,6927488100.0,0.09,0.03,-18.14,-11.8
2369,301060,兰卫医学,10.51,-0.76,-0.08,58283.0,60956003.0,2.08,10.58,10.36,10.42,10.59,0.84,1.62,-4727.98,2.67,4209433670.0,3785539694.0,0.19,0.1,0.29,13.62
2370,600919,江苏银行,10.47,-0.76,-0.08,964997.0,1014639075.0,1.23,10.59,10.46,10.49,10.55,0.92,0.53,4.71,0.75,192138367128.0,192138367128.0,0.0,0.0,0.38,3.97
2371,601086,国芳集团,9.12,-0.76,-0.07,61460.0,55810880.0,1.41,9.15,9.02,9.09,9.19,0.54,0.92,74.79,3.82,6073920000.0,6073920000.0,0.0,0.0,-11.88,-10.32
2372,300859,西域旅游,38.04,-0.76,-0.29,38286.0,145579469.0,2.58,38.5,37.51,37.65,38.33,0.83,2.47,44.86,7.28,5896200000.0,5896200000.0,-0.03,0.05,2.67,2.89
2373,002885,京泉华,32.5,-0.76,-0.25,298229.0,952428606.96,5.98,32.9,30.94,31.6,32.75,1.03,12.92,91.89,5.98,8804801460.0,7504498723.0,0.09,0.09,32.01,26.51
2374,300572,安车检测,27.27,-0.76,-0.21,54561.0,147491446.0,4.18,27.76,26.61,27.0,27.48,1.07,2.97,-221.02,3.53,6244524903.0,5006692944.0,-0.04,-0.11,-2.05,-4.08
2375,600359,新农开发,7.86,-0.76,-0.06,212531.0,170247177.0,5.81,8.26,7.8,8.02,7.92,0.68,5.57,208.98,4.48,2998690765.0,2998690765.0,-0.25,-0.13,7.38,9.93
2376,301633,港迪技术,65.72,-0.76,-0.5,4934.0,32324719.12,2.9,66.58,64.66,65.7,66.22,0.95,1.93,63.26,4.01,3659289600.0,1676559392.0,-0.02,-0.14,-1.91,-6.01
2377,301565,中仑新材,23.54,-0.76,-0.18,52415.0,123636252.36,3.67,24.08,23.21,23.71,23.72,0.69,4.09,105.69,3.91,9416235400.0,3013355400.0,0.0,-0.04,-14.46,-2.49
2378,300192,科德教育,19.62,-0.76,-0.15,80210.0,155860726.0,2.83,19.76,19.2,19.4,19.77,0.8,2.47,52.39,6.58,6457792115.0,6369391752.0,-0.05,0.15,-4.85,-7.15
2379,300908,仲景食品,27.4,-0.76,-0.21,9995.0,27300606.43,1.99,27.62,27.07,27.36,27.61,0.83,0.81,19.5,2.27,4000400000.0,3374383268.0,0.15,0.29,-7.4,-1.08
2380,600436,片仔癀,157.12,-0.76,-1.21,13945.0,219076954.0,0.83,157.82,156.51,157.5,158.33,0.69,0.23,33.39,6.55,94793200035.0,94793200035.0,0.01,-0.01,-8.37,-6.91
2381,600993,马应龙,26.18,-0.76,-0.2,28334.0,73844367.0,1.21,26.25,25.93,26.23,26.38,0.7,0.66,16.89,2.62,11284990866.0,11265437679.0,0.08,0.11,-8.62,-6.5
2382,300888,稳健医疗,34.0,-0.76,-0.26,41120.0,139671537.2,2.39,34.43,33.61,34.16,34.26,0.99,0.71,20.29,1.72,19799213472.0,19777724112.0,-0.15,-0.12,-13.27,-10.15
2383,600027,华电国际,5.19,-0.76,-0.04,1484157.0,774894602.0,1.91,5.28,5.18,5.2,5.23,0.84,1.61,7.02,1.24,60265108015.0,47829365327.0,0.19,0.0,-2.26,4.64
2384,002132,恒星科技,3.86,-0.77,-0.03,348133.0,132969500.44,3.08,3.89,3.77,3.85,3.89,0.87,2.49,201.45,1.56,5409962534.0,5402001122.0,0.0,0.52,5.46,8.73
2385,000898,鞍钢股份,2.59,-0.77,-0.02,658937.0,170661428.08,2.3,2.62,2.56,2.6,2.61,0.89,0.83,-8.92,0.53,24266283058.0,20609526588.0,0.0,0.0,1.57,2.37
2386,300512,中亚股份,10.35,-0.77,-0.08,53022.0,54719042.5,2.97,10.49,10.18,10.31,10.43,0.81,1.64,69.71,2.6,4235606831.0,3352439530.0,-0.1,0.19,8.15,8.72
2387,600202,哈空调,6.43,-0.77,-0.05,93138.0,59745674.0,2.01,6.48,6.35,6.42,6.48,0.83,2.43,-77.6,3.05,2464880521.0,2464880521.0,-0.16,0.0,5.07,9.54
2388,002999,天禾股份,7.73,-0.77,-0.06,122612.0,95143303.2,2.82,7.9,7.68,7.77,7.79,0.95,3.57,57.16,2.24,2686886160.0,2656915984.0,0.39,0.39,7.96,13.18
2389,002798,帝欧水华,6.43,-0.77,-0.05,108763.0,69788134.84,3.55,6.54,6.31,6.42,6.48,1.09,2.46,-17.51,1.74,3300835883.0,2837440347.0,0.0,0.0,5.41,12.22
2390,600790,轻纺城,3.87,-0.77,-0.03,126154.0,48742439.0,1.54,3.9,3.84,3.89,3.9,1.0,0.86,26.03,0.98,5672610891.0,5672610891.0,0.0,0.0,1.31,1.04
2391,000090,天健集团,3.89,-0.77,-0.03,191076.0,74575582.0,2.3,3.95,3.86,3.9,3.92,0.83,1.02,270.83,0.64,7268641738.0,7268309143.0,-0.26,0.0,-2.51,5.14
2392,688230,芯导科技,64.47,-0.77,-0.5,10466.0,66234339.0,3.92,64.7,62.15,64.3,64.97,0.87,0.89,71.42,3.34,7581672000.0,7581672000.0,0.22,0.2,-5.15,-11.05
2393,002041,登海种业,11.6,-0.77,-0.09,748994.0,898003234.6,8.73,12.6,11.58,12.13,11.69,0.92,8.51,141.8,2.82,10208000000.0,10208000000.0,0.17,-0.09,21.85,21.59
2394,002927,泰永长征,21.89,-0.77,-0.17,192414.0,416080682.9,4.99,21.96,20.86,21.02,22.06,1.14,8.72,110.17,4.72,4885676820.0,4831951142.0,0.18,0.18,30.92,9.01
2395,600111,北方稀土,53.88,-0.77,-0.42,1024852.0,5439987120.0,4.88,54.32,51.67,53.1,54.3,0.68,2.83,94.78,8.15,194779747567.0,194779747567.0,0.0,-0.04,14.1,16.83
2396,300482,万孚生物,19.31,-0.77,-0.15,47255.0,91174687.26,1.08,19.41,19.2,19.26,19.46,0.85,1.1,50.69,1.68,9038719593.0,8310996503.0,0.1,0.0,-7.83,-2.23
2397,603711,香飘飘,12.85,-0.77,-0.1,24655.0,31683447.0,2.32,13.05,12.75,12.86,12.95,1.05,0.6,-44.6,1.61,5305432185.0,5305432185.0,0.0,0.16,-18.31,-4.32
2398,600478,科力远,7.67,-0.78,-0.06,607364.0,455521820.0,4.66,7.69,7.33,7.61,7.73,0.7,3.65,72.78,4.4,12774698826.0,12774698826.0,0.26,0.26,14.14,11.32
2399,002408,齐翔腾达,6.33,-0.78,-0.05,1030498.0,667960197.15,7.99,6.79,6.28,6.76,6.38,1.53,3.75,-92.58,1.58,17995251204.0,17414435832.0,0.0,0.32,30.79,29.71
2400,603053,成都燃气,10.23,-0.78,-0.08,154792.0,162147049.0,5.82,10.79,10.19,10.65,10.31,0.75,1.74,16.38,1.88,9093344700.0,9093344700.0,0.0,-0.1,2.71,6.56
2401,600018,上港集团,5.09,-0.78,-0.04,827483.0,422639765.0,1.56,5.15,5.07,5.1,5.13,0.73,0.36,8.84,0.84,118494998965.0,118325796402.0,0.39,0.39,-9.11,-5.21
2402,603858,步长制药,16.59,-0.78,-0.13,50495.0,83624171.0,1.5,16.69,16.44,16.61,16.72,0.85,0.48,15.11,1.65,17495290453.0,17495290453.0,-0.12,0.06,-2.3,6.07
2403,000917,电广传媒,10.2,-0.78,-0.08,521355.0,519057649.5,3.99,10.2,9.79,10.1,10.28,0.87,3.68,82.09,1.39,14459074648.0,14458085503.0,0.29,0.39,20.57,-0.78
2404,603303,得邦照明,15.23,-0.78,-0.12,23708.0,35839560.0,2.54,15.29,14.9,15.2,15.35,0.87,0.5,27.63,2.33,7263865877.0,7263865877.0,0.13,-0.07,13.74,18.15
2405,002440,闰土股份,13.92,-0.78,-0.11,794480.0,1073804584.94,8.7,14.14,12.92,14.03,14.03,0.74,8.4,52.14,1.65,15646078678.0,13173312672.0,0.14,0.14,82.44,86.35
2406,002059,云南旅游,5.07,-0.78,-0.04,96848.0,48915595.0,1.76,5.11,5.02,5.08,5.11,0.69,0.99,-29.14,4.0,5133044502.0,4984043514.0,0.0,0.0,-10.42,-5.76
2407,002103,广博股份,8.96,-0.78,-0.07,110482.0,97608756.15,2.77,8.98,8.73,8.9,9.03,0.97,2.93,28.66,3.99,4787085659.0,3378116941.0,0.11,0.22,-7.34,-1.75
2408,688426,康为世纪,22.97,-0.78,-0.18,14959.0,34042444.0,4.15,23.18,22.22,23.18,23.15,1.18,3.89,-25.02,1.86,2583980657.0,882681237.0,-0.13,-0.13,-12.26,-3.61
2409,300755,华致酒行,14.07,-0.78,-0.11,32876.0,46076492.74,1.62,14.13,13.9,14.04,14.18,0.69,0.79,-22.13,2.01,5864353488.0,5859393532.0,0.07,0.0,-24.03,-20.15
2410,688793,倍轻松,21.34,-0.79,-0.17,13015.0,27524468.0,3.81,21.51,20.69,21.33,21.51,0.96,1.51,-20.54,7.59,1834075241.0,1834075241.0,-0.33,-0.19,-22.57,-2.11
2411,301387,光大同创,58.9,-0.79,-0.47,19412.0,112068459.87,5.12,59.24,56.2,57.92,59.37,0.77,4.55,167.43,3.82,6287410316.0,2514106684.0,-0.03,0.29,41.59,6.32
2412,601668,中国建筑,5.01,-0.79,-0.04,3254100.0,1631587641.0,0.79,5.04,5.0,5.02,5.05,0.89,0.79,4.07,0.43,207015156124.0,207015156124.0,0.0,-0.2,-4.75,-2.34
2413,920570,坤博精工,34.0,-0.79,-0.27,5929.0,20009117.11,2.89,34.25,33.26,33.38,34.27,0.8,2.44,172.94,4.89,1705773914.0,827605016.0,0.41,0.38,1.49,0.41
2414,601065,江盐集团,8.82,-0.79,-0.07,215104.0,192462221.0,4.27,9.18,8.8,8.99,8.89,2.15,5.17,21.72,1.28,5669285017.0,3671378617.0,0.0,0.11,2.8,6.27
2415,601828,美凯龙,2.51,-0.79,-0.02,149472.0,37387116.0,1.19,2.52,2.49,2.51,2.53,0.56,0.41,-2.61,0.25,10930379009.0,9069752068.0,-0.4,0.0,-4.92,-7.04
2416,688765,禾元生物-U,71.25,-0.79,-0.57,10351.0,73203807.0,1.89,71.5,70.14,70.41,71.82,0.78,2.53,-161.27,8.8,25471875000.0,2919737576.0,0.24,0.35,-9.74,3.1
2417,003001,中岩大地,18.9,-0.79,-0.15,17193.0,32322905.82,2.41,19.07,18.61,18.89,19.05,0.78,1.63,108.59,2.78,3295186159.0,1997414956.0,-0.05,-0.05,-11.48,-6.11
2418,605296,神农集团,28.89,-0.79,-0.23,36001.0,105174208.0,2.37,29.55,28.86,28.9,29.12,1.13,0.7,24.63,2.9,15160444036.0,14964569836.0,0.03,-0.31,4.11,-1.47
2419,002399,海普瑞,11.35,-0.79,-0.09,44044.0,49818768.08,2.36,11.47,11.2,11.42,11.44,0.87,0.35,22.56,1.35,16653811915.0,14155739340.0,0.35,0.44,-6.43,-3.73
2420,688185,康希诺,71.21,-0.79,-0.57,21332.0,151591086.0,2.06,71.78,70.3,71.51,71.78,0.8,1.87,631.15,3.55,17591989069.0,8144494280.0,-0.13,0.01,8.5,13.3
2421,688159,有方科技,44.14,-0.79,-0.35,23298.0,100129962.0,5.01,44.43,42.2,43.48,44.49,0.88,2.51,160.29,4.56,4100995315.0,4093050115.0,-0.07,0.14,-14.69,-8.69
2422,300854,中兰环保,25.14,-0.79,-0.2,34027.0,84244943.0,4.18,25.24,24.18,25.24,25.34,0.71,4.18,-91.45,2.63,2515728375.0,2044909598.0,0.12,0.6,45.07,49.29
2423,603587,地素时尚,12.56,-0.79,-0.1,18044.0,22665358.0,1.26,12.63,12.47,12.51,12.66,0.74,0.38,18.92,1.65,5954605405.0,5954605405.0,-0.08,-0.08,-6.48,-5.99
2424,300388,节能国祯,8.81,-0.79,-0.07,87005.0,76596972.32,2.48,8.94,8.72,8.84,8.88,0.85,1.28,17.69,1.29,5999982055.0,5989057858.0,0.11,0.69,-2.33,10.4
2425,600229,城市传媒,6.27,-0.79,-0.05,47944.0,29873354.0,1.9,6.3,6.18,6.24,6.32,0.75,0.73,99.06,1.31,4142637806.0,4142637806.0,-0.48,0.0,-9.0,-1.1
2426,300610,晨化股份,12.6,-0.79,-0.1,68635.0,86484642.5,2.68,12.78,12.44,12.67,12.7,0.87,4.26,38.47,2.35,2709100548.0,2031473417.0,0.0,0.24,3.11,8.53
2427,601766,中国中车,6.26,-0.79,-0.05,1535900.0,964052055.0,1.27,6.32,6.24,6.26,6.31,0.74,0.63,13.52,1.06,179654889191.0,152292015780.0,0.0,0.16,-11.83,-8.21
2428,301260,格力博,16.15,-0.8,-0.13,33246.0,53269753.15,2.7,16.3,15.86,16.3,16.28,1.13,1.63,-65.71,1.75,7791681745.0,3301637686.0,0.0,0.0,-3.47,-5.28
2429,688722,同益中,18.59,-0.8,-0.15,31111.0,57145184.0,3.15,18.65,18.06,18.5,18.74,0.51,1.39,38.11,2.92,4176553953.0,4166115668.0,-0.16,-0.11,6.78,-4.91
2430,605123,派克新材,109.15,-0.8,-0.88,28332.0,304328032.0,4.93,110.0,104.58,107.1,110.03,0.61,2.34,41.77,2.86,13225802862.0,13225802862.0,0.01,-0.05,58.72,5.05
2431,603193,润本股份,22.37,-0.8,-0.18,16526.0,36786828.0,1.55,22.43,22.08,22.36,22.55,0.92,1.6,25.51,4.17,9050752434.0,2311633344.0,0.04,0.13,-9.87,-7.68
2432,002801,微光股份,33.37,-0.8,-0.27,19485.0,64228085.3,2.82,33.45,32.5,33.01,33.64,0.84,1.68,19.76,4.17,7662819840.0,3864336099.0,-0.09,0.0,5.2,-5.76
2433,002108,沧州明珠,4.99,-0.8,-0.04,627258.0,309709261.3,3.38,5.02,4.85,4.98,5.03,1.0,3.81,44.14,1.66,8226505048.0,8221016048.0,0.0,0.2,-1.58,4.61
2434,002173,创新医疗,29.67,-0.8,-0.24,405092.0,1189245358.83,3.28,29.79,28.81,29.01,29.91,0.71,9.73,2078.49,7.35,13092906724.0,12351752824.0,-0.07,0.07,30.65,37.94
2435,000523,红棉股份,3.7,-0.8,-0.03,313666.0,116443735.0,2.41,3.76,3.67,3.71,3.73,0.76,2.37,78.01,3.59,6791233306.0,4903092570.0,0.0,0.0,3.35,-1.86
2436,300237,ST美晨,2.47,-0.8,-0.02,235750.0,57568077.78,2.81,2.48,2.41,2.45,2.49,0.82,1.63,-14.35,-20.4,3561529877.0,3561496532.0,0.0,0.0,-8.52,-4.26
2437,002952,亚世光电,25.92,-0.8,-0.21,143880.0,368174267.24,6.08,26.13,24.54,25.0,26.13,1.06,10.93,255.66,4.9,4259692800.0,3412239229.0,0.12,0.08,10.96,31.98
2438,000521,长虹美菱,6.22,-0.8,-0.05,124549.0,77434898.49,1.12,6.25,6.18,6.22,6.27,0.69,1.42,9.84,1.03,6406125507.0,5446105659.0,-0.32,0.0,-8.53,-5.04
2439,688177,百奥泰,22.44,-0.8,-0.18,25863.0,57938652.0,2.61,22.7,22.11,22.44,22.62,1.14,0.62,-27.62,24.93,9291955200.0,9291955200.0,0.31,0.22,-6.07,-3.03
2440,603190,亚通精工,26.17,-0.8,-0.21,15571.0,40512603.0,2.81,26.45,25.71,26.2,26.38,0.83,3.79,23.75,1.44,3259211800.0,1075994781.0,0.08,0.27,0.65,-2.97
2441,000017,深中华A,7.47,-0.8,-0.06,70880.0,52622584.28,2.12,7.52,7.36,7.5,7.53,0.8,1.61,124.81,13.75,5148211450.0,3292939974.0,0.13,0.13,-3.49,-5.08
2442,300213,佳讯飞鸿,8.7,-0.8,-0.07,134823.0,115339917.0,3.99,8.75,8.4,8.66,8.77,1.0,2.44,-263.42,2.36,5170972542.0,4804330252.0,0.0,0.0,-0.68,-8.61
2443,920098,科隆新材,29.24,-0.81,-0.24,11802.0,34954743.23,3.29,30.12,29.15,29.15,29.48,0.77,2.13,41.76,2.53,2377807590.0,1619184415.0,-0.17,-0.2,9.43,-5.34
2444,301353,普莱得,29.41,-0.81,-0.24,11841.0,34540869.0,3.17,29.68,28.74,29.29,29.65,0.85,3.71,35.21,2.23,2887510533.0,937627533.0,-0.1,-0.24,8.76,10.56
2445,002299,圣农发展,19.64,-0.81,-0.16,192378.0,376332289.16,3.13,19.99,19.37,19.79,19.8,0.9,1.58,15.8,2.15,24414714200.0,23939936133.0,-0.05,0.36,25.26,18.74
2446,603999,读者传媒,7.39,-0.81,-0.06,102704.0,75714240.0,2.01,7.45,7.3,7.38,7.45,0.69,1.78,40.06,2.08,4256640000.0,4256640000.0,0.27,0.27,-4.27,5.12
2447,002688,金河生物,6.09,-0.81,-0.05,94219.0,57342945.0,1.95,6.15,6.03,6.15,6.14,0.67,1.26,25.34,2.0,4699253484.0,4552053428.0,-0.16,-0.16,-0.49,2.35
2448,002716,湖南白银,14.75,-0.81,-0.12,1937532.0,2811903043.96,6.12,14.99,14.08,14.51,14.87,0.64,8.33,196.97,12.37,41640557529.0,34291599893.0,0.14,0.07,124.51,113.15
2449,301238,瑞泰新材,19.59,-0.81,-0.16,82435.0,158197683.42,4.05,19.64,18.84,19.48,19.75,0.99,1.12,91.44,1.98,14365999347.0,14365999347.0,0.0,0.1,-5.91,-3.97
2450,601177,杭齿前进,16.0,-0.81,-0.13,51214.0,81148166.0,2.54,16.06,15.65,15.96,16.13,0.8,1.28,23.61,2.34,6527600000.0,6400960000.0,0.0,-0.06,-5.21,-7.78
2451,920971,天马新材,28.16,-0.81,-0.23,17010.0,47289494.61,4.4,28.5,27.25,28.01,28.39,0.88,1.98,79.37,6.34,2959278136.0,2413390904.0,-0.14,0.0,-5.54,-8.27
2452,300894,火星人,11.06,-0.81,-0.09,24449.0,26800166.0,2.42,11.08,10.81,10.98,11.15,0.61,0.83,-15.44,4.1,4493479971.0,3252428523.0,0.27,0.27,-8.67,-6.19
2453,002670,国盛证券,15.94,-0.81,-0.13,289273.0,460888413.9,2.12,16.09,15.75,15.77,16.07,0.85,1.78,95.57,2.73,30845249369.0,25876209106.0,0.25,0.38,-9.07,-5.34
2454,600843,上工申贝,11.07,-0.81,-0.09,86674.0,95394129.0,1.7,11.1,10.91,10.99,11.16,0.83,1.85,788.75,2.59,7894752934.0,5194295621.0,0.0,0.0,2.12,-11.72
2455,603933,睿能科技,22.05,-0.81,-0.18,27871.0,60817141.0,2.79,22.15,21.53,22.0,22.23,0.7,1.34,84.23,3.47,4576357879.0,4576357879.0,0.0,0.09,-15.52,-15.39
2456,300107,建新股份,8.52,-0.81,-0.07,289592.0,242880541.0,5.7,8.65,8.16,8.37,8.59,0.72,8.34,601.76,3.19,4794904923.0,2958890497.0,0.12,0.12,22.59,24.93
2457,603170,宝立食品,13.55,-0.81,-0.11,27853.0,37852192.0,2.2,13.74,13.44,13.61,13.66,0.82,0.7,21.19,3.84,5420135500.0,5420135500.0,0.07,-0.29,-9.91,-5.11
2458,600655,豫园股份,4.91,-0.81,-0.04,168636.0,82531855.0,1.82,4.94,4.85,4.91,4.95,0.93,0.43,-29.39,0.55,19111970120.0,19099145200.0,0.0,-0.2,-8.05,-4.29
2459,301083,百胜智能,19.45,-0.82,-0.16,26758.0,51435768.27,3.82,19.56,18.81,19.35,19.61,0.6,3.13,81.86,4.14,3459506673.0,1665112886.0,0.1,0.05,-15.95,2.86
2460,000813,德展健康,3.62,-0.82,-0.03,234431.0,84366680.74,1.92,3.63,3.56,3.62,3.65,0.7,1.12,-93.3,1.53,7591522055.0,7590273155.0,0.0,0.56,-9.73,-5.73
2461,688576,西山科技,76.29,-0.82,-0.63,2409.0,18275096.0,2.03,76.49,74.93,74.94,76.92,0.48,1.11,66.42,2.0,3471199577.0,1662529913.0,0.0,0.38,20.39,21.17
2462,600396,华电辽能,3.63,-0.82,-0.03,1847833.0,673617980.0,7.92,3.77,3.48,3.51,3.66,3.64,12.55,1206.13,3.96,5345925746.0,5345925746.0,0.55,0.55,18.24,27.37
2463,605378,野马电池,20.47,-0.82,-0.17,15423.0,31369030.0,2.33,20.6,20.12,20.6,20.64,0.65,0.59,73.41,4.28,5349760808.0,5349760808.0,-0.05,0.0,-9.02,-8.94
2464,300504,天邑股份,15.66,-0.82,-0.13,71092.0,109683274.0,3.17,15.7,15.2,15.52,15.79,0.66,3.26,-57.63,2.0,4244244923.0,3417818975.0,0.0,0.19,8.75,5.17
2465,688310,迈得医疗,16.94,-0.82,-0.14,30100.0,50833561.0,3.69,17.23,16.6,16.91,17.08,1.01,1.81,43.15,3.26,2815761549.0,2815761549.0,0.0,0.06,11.89,10.5
2466,300443,金雷股份,27.83,-0.82,-0.23,78186.0,213250847.16,4.63,28.0,26.7,27.45,28.06,1.03,3.22,21.9,1.41,8909345862.0,6756401672.0,0.04,0.29,-2.76,-1.07
2467,600377,宁沪高速,12.09,-0.82,-0.1,101173.0,122828856.0,1.72,12.25,12.04,12.18,12.19,0.92,0.27,11.9,1.51,60906367275.0,45968392482.0,0.17,0.0,-5.03,-0.17
2468,688296,和达科技,15.65,-0.82,-0.13,25789.0,40067641.0,4.44,15.9,15.2,15.8,15.78,1.0,2.4,-25.77,2.81,1688614029.0,1680702954.0,-0.06,0.19,6.83,18.11
2469,002574,明牌珠宝,6.02,-0.82,-0.05,100249.0,60145078.0,2.14,6.06,5.93,6.0,6.07,0.71,1.9,-22.22,1.07,3178560000.0,3178560000.0,0.17,0.33,-0.5,7.12
2470,603527,众源新材,10.84,-0.82,-0.09,68945.0,73922094.0,3.39,10.92,10.55,10.9,10.93,0.98,2.18,25.74,1.67,3435967808.0,3435967808.0,0.0,-0.09,1.12,-2.25
2471,002989,中天精装,30.25,-0.82,-0.25,35768.0,106689379.28,4.36,30.6,29.27,30.0,30.5,0.87,1.95,-73.72,4.08,6098622096.0,5545705033.0,0.23,0.13,23.62,-1.91
2472,603348,文灿股份,19.32,-0.82,-0.16,18130.0,34810299.0,1.54,19.36,19.06,19.23,19.48,0.91,0.58,1932.99,1.41,6075699349.0,6075699349.0,0.1,0.0,-5.2,0.31
2473,000625,长安汽车,10.78,-0.83,-0.09,582765.0,627365818.82,1.1,10.84,10.72,10.8,10.87,0.87,0.7,26.23,1.39,106861321927.0,89119477234.0,0.0,-0.09,-8.33,-9.11
2474,300892,品渥食品,29.77,-0.83,-0.25,15960.0,47326142.4,2.7,30.04,29.23,29.66,30.02,0.84,2.47,183.72,2.83,2977000000.0,1922025625.0,-0.03,-0.13,-16.49,-1.98
2475,002263,大东南,3.58,-0.83,-0.03,555975.0,196707098.16,2.49,3.59,3.5,3.56,3.61,0.91,2.96,418.24,2.43,6724529158.0,6724475458.0,0.28,0.0,4.99,7.51
2476,600444,国机通用,19.01,-0.83,-0.16,28271.0,53570123.0,2.24,19.13,18.7,18.88,19.17,0.76,1.93,47.57,3.7,2783480927.0,2783480927.0,0.0,0.11,2.65,3.71
2477,603998,方盛制药,12.01,-0.83,-0.1,48166.0,57670117.0,2.06,12.09,11.84,12.0,12.11,0.69,1.1,14.74,3.15,5273367134.0,5273367134.0,0.0,0.0,6.95,8.3
2478,688618,三旺通信,32.22,-0.83,-0.27,22432.0,71774614.0,4.4,32.83,31.4,31.91,32.49,1.35,2.04,97.08,4.15,3550180999.0,3545741663.0,0.0,0.53,23.21,20.86
2479,600419,天润乳业,9.61,-0.83,-0.08,33391.0,32153438.0,1.75,9.73,9.56,9.66,9.69,0.67,1.06,-214.24,1.28,3032069176.0,3032069176.0,0.0,0.21,-2.93,-2.93
2480,001356,富岭股份,11.93,-0.83,-0.1,26454.0,31489932.84,1.33,11.99,11.83,11.9,12.03,0.79,1.32,67.87,3.44,7030587600.0,2393715728.0,-0.08,0.0,-11.43,-7.66
2481,688057,金达莱,12.99,-0.84,-0.11,14683.0,18990768.0,1.83,13.06,12.82,12.95,13.1,0.6,0.53,37.34,1.13,3585240000.0,3585240000.0,0.15,0.39,4.93,6.3
2482,002979,雷赛智能,37.58,-0.84,-0.32,41445.0,153497103.6,2.66,37.66,36.65,37.18,37.9,0.66,1.88,55.28,7.18,11805413030.0,8304471805.0,0.0,0.11,-4.13,-10.67
2483,603809,豪能股份,11.87,-0.84,-0.1,137323.0,160991008.0,2.84,11.92,11.58,11.85,11.97,0.85,1.49,30.85,2.99,10923828139.0,10923828139.0,0.08,0.0,-3.1,-17.28
2484,603517,ST绝味,11.78,-0.84,-0.1,35831.0,42069820.0,0.93,11.79,11.68,11.68,11.88,0.58,0.59,19.1,1.12,7138702806.0,7138702806.0,0.0,0.0,-11.76,-7.68
2485,601633,长城汽车,20.02,-0.84,-0.17,116451.0,232869485.0,0.99,20.1,19.9,20.1,20.19,0.69,0.19,17.28,1.95,171328602245.0,124309051667.0,0.0,-0.05,-8.29,-11.53
2486,600718,东软集团,9.46,-0.84,-0.08,308631.0,288733170.0,3.04,9.51,9.22,9.41,9.54,1.27,2.58,166.18,1.19,11318311540.0,11318311540.0,0.21,0.32,-5.96,-6.06
2487,688469,芯联集成-U,7.12,-0.84,-0.06,1228940.0,857931881.0,4.18,7.17,6.87,7.04,7.18,0.92,2.77,-103.93,4.56,59684732665.0,31540176000.0,0.0,0.0,9.54,6.43
2488,300445,康斯特,21.26,-0.84,-0.18,34842.0,73341021.75,2.66,21.35,20.78,21.15,21.44,0.77,2.45,35.91,3.55,4516262076.0,3020296436.0,0.14,0.33,2.41,-18.42
2489,001390,古麒绒材,22.46,-0.84,-0.19,16602.0,37006137.31,1.85,22.51,22.09,22.41,22.65,0.91,3.32,24.3,2.83,4492000000.0,1123000000.0,0.09,0.09,-20.97,-8.18
2490,000657,中钨高新,65.11,-0.84,-0.55,658924.0,4189476244.62,6.41,65.85,61.64,64.6,65.66,0.67,4.54,131.55,15.03,148359932484.0,94599969018.0,0.09,-0.11,193.02,134.97
2491,603116,红蜻蜓,5.91,-0.84,-0.05,60162.0,35546275.0,2.52,5.98,5.83,5.9,5.96,0.81,1.04,-49.07,1.3,3405346728.0,3405346728.0,-0.17,-0.17,-4.06,-3.59
2492,001211,双枪科技,28.32,-0.84,-0.24,17636.0,49984731.98,3.82,28.92,27.83,28.26,28.56,0.89,2.63,181.23,2.36,2039040000.0,1897343004.0,0.11,0.0,-3.28,7.11
2493,600551,时代出版,8.24,-0.84,-0.07,35666.0,29335663.0,1.68,8.29,8.15,8.21,8.31,0.57,0.53,15.11,0.95,5587175169.0,5587175169.0,-0.36,-0.12,-4.3,1.48
2494,600088,中视传媒,15.3,-0.84,-0.13,39292.0,59592820.0,2.2,15.35,15.01,15.18,15.43,0.63,0.99,-428.36,4.82,6084907920.0,6084907920.0,0.07,0.07,-12.12,-5.44
2495,300830,金现代,14.15,-0.84,-0.12,552531.0,772334054.8,3.64,14.23,13.71,13.85,14.27,0.85,16.39,-130.21,4.68,6390716570.0,4769749524.0,0.14,0.14,37.25,39.0
2496,002381,双箭股份,7.1,-0.84,-0.06,86441.0,61422911.0,1.96,7.18,7.04,7.06,7.16,1.11,2.7,40.84,1.38,2922202231.0,2274815746.0,0.0,0.0,2.6,7.74
2497,688363,华熙生物,44.77,-0.84,-0.38,25412.0,113247552.0,1.9,45.0,44.14,44.83,45.15,0.71,0.53,74.09,3.02,21564734894.0,21564734894.0,-0.04,-0.13,-3.1,2.5
2498,300440,运达科技,16.49,-0.84,-0.14,116012.0,187594820.04,4.45,16.59,15.85,16.41,16.63,0.83,2.65,135.66,4.49,7247628734.0,7219677607.0,0.06,-0.12,40.7,33.96
2499,688416,恒烁股份,89.49,-0.84,-0.76,28964.0,252625945.0,6.39,90.09,84.32,86.0,90.25,0.56,3.49,-75.23,5.79,7428179109.0,7428179109.0,0.16,0.26,70.13,62.33
2500,600287,苏豪时尚,5.92,-0.84,-0.05,64344.0,37933152.0,2.35,5.98,5.84,5.93,5.97,0.91,1.47,58.53,1.12,2585832758.0,2585832758.0,0.17,0.34,-1.5,8.42
2501,000716,黑芝麻,5.82,-0.85,-0.05,89742.0,52131169.97,1.36,5.85,5.77,5.84,5.87,0.58,1.21,481.92,1.72,4381785171.0,4299724841.0,0.17,0.17,-7.77,-6.58
2502,000089,深圳机场,7.02,-0.85,-0.06,131593.0,92461010.72,1.13,7.08,7.0,7.03,7.08,0.7,0.64,23.07,1.24,14396401953.0,14396211669.0,0.14,0.14,0.0,0.43
2503,001279,强邦新材,32.7,-0.85,-0.28,7616.0,24843218.0,1.97,33.03,32.38,32.7,32.98,0.88,1.9,86.13,5.19,5232000000.0,1308000000.0,0.0,0.0,-9.12,-4.5
2504,300002,神州泰岳,10.49,-0.85,-0.09,476837.0,493445262.78,3.59,10.57,10.19,10.4,10.58,0.77,2.58,25.85,2.7,20635653854.0,19375569815.0,0.19,0.19,-4.29,-8.94
2505,688536,思瑞浦,169.55,-0.85,-1.46,38506.0,640356484.0,5.64,170.99,161.35,163.22,171.01,0.91,2.84,135.15,3.76,23380663377.0,22999284389.0,0.15,-0.01,14.42,6.05
2506,300491,通合科技,29.09,-0.85,-0.25,134171.0,382041072.2,5.11,29.31,27.81,28.57,29.34,1.13,8.6,187.53,4.33,5110331904.0,4537736853.0,0.03,0.21,15.94,15.76
2507,603768,常青股份,11.6,-0.85,-0.1,34936.0,40229257.0,2.65,11.66,11.35,11.35,11.7,1.14,1.47,-30.42,1.17,2760287941.0,2760287941.0,0.17,0.17,-2.52,0.0
2508,000526,学大教育,34.88,-0.85,-0.3,12782.0,44245128.68,2.3,34.96,34.15,34.96,35.18,0.73,1.07,13.79,4.26,4250515482.0,4166745930.0,0.06,0.06,-5.09,-11.07
2509,603163,圣晖集成,107.6,-0.85,-0.92,38119.0,402048440.0,4.64,108.25,103.21,106.6,108.52,0.75,3.81,69.71,9.21,10760000000.0,10760000000.0,-0.09,0.1,71.88,56.85
2510,920121,江天科技,39.5,-0.85,-0.34,1820.0,7186349.27,1.15,39.77,39.31,39.77,39.84,0.47,1.53,24.62,3.32,2609693229.0,469744823.0,0.15,0.15,86.23,-14.28
2511,300674,宇信科技,22.16,-0.85,-0.19,156430.0,339674946.44,4.47,22.34,21.34,21.85,22.35,0.88,2.23,41.92,3.52,15601904450.0,15578741377.0,0.0,0.0,3.5,-8.66
2512,000935,四川双马,28.16,-0.85,-0.24,55932.0,156404961.78,2.32,28.3,27.64,28.28,28.4,0.87,0.73,54.93,2.77,21498479777.0,21498479777.0,0.0,-0.07,27.19,13.37
2513,002841,视源股份,35.11,-0.85,-0.3,56506.0,195476373.02,3.11,35.21,34.11,34.9,35.41,1.03,1.08,21.14,1.86,24437140895.0,18304438609.0,0.06,0.09,-8.81,-11.41
2514,603278,大业股份,11.69,-0.85,-0.1,79631.0,92245922.0,2.21,11.72,11.46,11.58,11.79,0.77,2.33,128.19,1.99,3995167292.0,3995167292.0,0.09,0.43,23.57,-31.4
2515,600857,宁波中百,12.76,-0.85,-0.11,31942.0,40576663.0,2.02,12.83,12.57,12.71,12.87,0.86,1.42,46.66,3.21,2862322166.0,2862322166.0,-0.31,-0.08,-18.26,-6.93
2516,002489,浙江永强,3.52,-0.85,-0.03,267379.0,93678992.88,2.25,3.54,3.46,3.52,3.55,0.86,1.4,8.44,1.63,7634937422.0,6733861827.0,-0.28,-0.28,-11.11,-8.09
2517,002666,德联集团,5.83,-0.85,-0.05,145473.0,84610014.0,2.21,5.88,5.75,5.8,5.88,0.9,2.91,43.05,1.27,4594035925.0,2918895612.0,0.34,0.17,11.05,5.81
2518,300872,天阳科技,17.47,-0.85,-0.15,97885.0,169276600.97,3.97,17.72,17.02,17.35,17.62,0.89,2.32,110.71,2.34,8527475320.0,7373068377.0,0.17,-0.11,-7.81,-15.03
2519,301300,远翔新材,47.02,-0.86,-0.41,16505.0,77985818.0,4.43,48.56,46.46,47.03,47.43,0.99,4.26,35.12,3.72,3051033760.0,1823107071.0,0.02,0.02,-3.47,10.9
2520,603376,大明电子,35.54,-0.86,-0.31,8356.0,29509003.0,1.95,35.73,35.03,35.66,35.85,0.57,2.69,55.29,10.16,14216035540.0,1103076197.0,-0.08,-0.03,-7.28,-3.71
2521,920418,苏轴股份,26.62,-0.86,-0.23,17591.0,46281121.14,2.5,26.68,26.01,26.5,26.85,0.91,1.13,28.2,4.68,4325473152.0,4152621746.0,0.04,-0.04,-1.41,-11.3
2522,002119,康强电子,21.81,-0.86,-0.19,224327.0,479714828.18,4.77,21.96,20.91,21.4,22.0,0.72,5.98,63.67,5.64,8184944040.0,8184944040.0,0.05,0.05,34.38,32.42
2523,002760,凤形股份,22.94,-0.86,-0.2,55448.0,126019270.0,3.24,23.1,22.35,22.91,23.14,0.97,5.13,108.73,3.0,2477260916.0,2477260916.0,0.13,0.17,0.26,5.67
2524,301446,福事特,42.81,-0.86,-0.37,9944.0,42259864.3,3.43,43.36,41.88,43.22,43.18,0.6,3.13,50.23,3.77,4452240000.0,1360159320.0,0.28,0.12,48.54,33.95
2525,002086,东方海洋,2.3,-0.86,-0.02,452782.0,104355489.0,3.02,2.35,2.28,2.3,2.32,0.78,2.86,-32.06,3.4,4505576950.0,3636957885.0,0.0,0.44,-12.55,-0.43
2526,000858,五 粮 液,101.52,-0.86,-0.88,177781.0,1811068890.67,1.3,102.6,101.27,101.32,102.4,1.07,0.46,13.74,2.77,394060844668.0,394044246858.0,0.0,-0.04,-10.18,-4.17
2527,603210,泰鸿万立,18.52,-0.86,-0.16,13334.0,24624899.0,1.5,18.66,18.38,18.4,18.68,0.79,1.77,32.54,3.45,6304208000.0,1396235727.0,0.05,-0.11,-4.88,-4.83
2528,300739,明阳电路,29.94,-0.86,-0.26,392442.0,1149754532.73,5.96,30.4,28.6,29.3,30.2,0.72,11.44,112.59,4.12,11181247401.0,10274155221.0,0.0,0.71,81.02,62.89
2529,688420,美腾科技,26.44,-0.86,-0.23,9123.0,23977440.0,2.81,26.67,25.92,26.67,26.67,0.97,2.19,167.3,1.62,2338089200.0,1103579160.0,0.42,0.46,6.4,10.77
2530,688562,航天软件,20.76,-0.86,-0.18,55673.0,114374856.0,3.39,20.9,20.19,20.7,20.94,0.72,3.22,-734.05,4.82,8304000000.0,3591895200.0,0.1,0.0,6.19,-13.07
2531,301272,英华特,42.68,-0.86,-0.37,9325.0,39459341.03,3.39,42.99,41.53,42.62,43.05,0.75,2.98,93.31,2.46,2496878164.0,1337100380.0,-0.16,-0.05,3.07,3.97
2532,600051,宁波联合,8.1,-0.86,-0.07,74464.0,60118752.0,2.69,8.2,7.98,8.11,8.17,1.05,2.4,28.15,0.74,2518128000.0,2518128000.0,0.12,0.25,3.98,7.43
2533,300053,航宇微,18.42,-0.86,-0.16,331047.0,593938771.79,4.68,18.5,17.63,18.12,18.58,0.84,5.09,-132.8,7.54,12836425030.0,11988084654.0,-0.05,0.05,14.41,-3.15
2534,600483,福能股份,10.35,-0.86,-0.09,373479.0,389976517.0,2.87,10.63,10.33,10.53,10.44,1.02,1.34,10.85,1.1,28774426230.0,28774426230.0,0.1,0.0,1.97,9.29
2535,600239,云南城投,2.29,-0.87,-0.02,179120.0,40924710.0,1.73,2.31,2.27,2.3,2.31,0.72,1.12,-78.3,2.87,3677023022.0,3677023022.0,-0.43,-0.43,-13.91,-2.55
2536,300707,威唐工业,17.1,-0.87,-0.15,70496.0,118731600.0,3.83,17.21,16.55,17.0,17.25,0.79,4.92,69.73,2.63,3018850861.0,2450171465.0,-0.12,-0.12,8.78,3.95
2537,688085,三友医疗,20.53,-0.87,-0.18,29788.0,60521238.0,3.14,20.69,20.04,20.1,20.71,0.57,0.93,108.17,3.25,6845985084.0,6543761558.0,0.1,0.1,12.0,13.93
2538,601995,中金公司,34.1,-0.87,-0.3,177134.0,603535471.0,0.73,34.2,33.95,34.09,34.4,0.73,0.61,18.8,1.69,164609459199.0,99692797204.0,0.0,0.03,-2.01,-2.57
2539,002883,中设股份,10.2,-0.87,-0.09,37276.0,37861147.88,3.01,10.34,10.03,10.2,10.29,0.77,2.43,-45.33,2.46,1592803093.0,1563915500.0,-0.2,-0.1,-12.14,-6.76
2540,301255,通力科技,26.25,-0.87,-0.23,12991.0,34147240.34,3.1,26.83,26.01,26.45,26.48,0.91,3.41,90.47,3.8,3998400000.0,999600000.0,0.11,-0.11,-6.02,-10.26
2541,000789,万年青,5.68,-0.87,-0.05,63660.0,36152044.93,2.27,5.77,5.64,5.69,5.73,0.88,0.8,453.8,0.7,4529274117.0,4529274117.0,0.35,0.53,1.07,8.6
2542,920427,华维设计,13.62,-0.87,-0.12,12056.0,16426416.6,2.98,13.88,13.47,13.73,13.74,0.63,2.37,-117.52,4.51,1404153900.0,693367151.0,0.44,0.29,7.33,10.46
2543,600370,三房巷,2.29,-0.87,-0.02,729775.0,169738660.0,8.23,2.44,2.25,2.38,2.31,0.94,1.87,-14.34,1.81,8923398842.0,8923398842.0,0.0,0.44,-0.87,1.33
2544,603828,ST柯利达,6.8,-0.87,-0.06,25322.0,17037656.0,3.06,6.86,6.65,6.86,6.86,0.71,0.42,-30.75,6.29,4052529074.0,4052389450.0,-0.29,-0.15,-12.03,-18.85
2545,002080,中材科技,44.6,-0.87,-0.39,471289.0,2037872166.86,6.33,44.85,42.0,43.33,44.99,1.08,2.81,37.93,3.82,74844311846.0,74844311846.0,-0.11,0.07,36.18,22.73
2546,300786,国林科技,15.92,-0.87,-0.14,50356.0,79373089.0,2.99,16.03,15.55,15.82,16.06,0.96,3.44,-123.94,2.64,2929532794.0,2329688526.0,0.0,0.06,0.51,-2.27
2547,603181,皇马科技,17.11,-0.87,-0.15,93176.0,158009686.0,4.58,17.39,16.6,17.04,17.26,0.91,1.58,22.39,3.02,10072657000.0,10072657000.0,0.12,0.0,20.07,19.73
2548,002587,奥拓电子,6.87,-0.87,-0.06,273844.0,186201543.06,3.32,6.91,6.68,6.82,6.93,0.83,5.14,211.94,3.37,4476108352.0,3659633316.0,-0.15,0.0,1.48,1.63
2549,301665,泰禾股份,30.74,-0.87,-0.27,57832.0,180224491.63,4.74,32.07,30.6,31.65,31.01,1.45,15.12,28.23,3.94,13833000000.0,1175805000.0,0.13,0.2,4.59,8.85
2550,688571,杭华股份,7.96,-0.87,-0.07,43057.0,34124615.0,2.74,8.03,7.81,7.92,8.03,0.8,1.02,31.12,2.02,3376398772.0,3376398772.0,0.0,0.13,8.15,6.85
2551,601366,利群股份,4.54,-0.87,-0.04,118471.0,53728103.0,1.31,4.56,4.5,4.54,4.58,0.76,1.27,231.3,1.05,4236095873.0,4236095873.0,0.44,0.44,-2.58,-6.97
2552,605009,豪悦护理,29.46,-0.87,-0.26,10026.0,29410220.0,1.58,29.6,29.13,29.6,29.72,0.66,0.47,23.37,1.87,6335843182.0,6335018302.0,0.1,0.2,-5.58,-4.66
2553,601788,光大证券,16.04,-0.87,-0.14,159834.0,255690473.0,1.3,16.09,15.88,15.97,16.18,0.76,0.41,19.83,1.21,73957033730.0,62663449378.0,0.0,0.0,-6.25,-8.6
2554,002039,黔源电力,19.31,-0.87,-0.17,181374.0,351980149.21,3.18,19.83,19.21,19.6,19.48,1.13,4.24,12.56,1.9,8256147413.0,8256124241.0,0.05,0.1,4.38,6.27
2555,000088,盐 田 港,4.58,-0.87,-0.04,341790.0,156886922.6,2.16,4.66,4.56,4.59,4.62,0.62,1.08,16.51,1.32,23813633725.0,14486056663.0,0.0,0.22,2.23,2.92
2556,002609,捷顺科技,9.16,-0.87,-0.08,103913.0,94362765.14,2.38,9.21,8.99,9.08,9.24,0.82,2.26,61.74,2.45,5893899784.0,4208105750.0,0.0,0.0,-2.45,-1.4
2557,603508,思维列控,25.99,-0.88,-0.23,31720.0,82064086.0,1.91,26.22,25.72,26.22,26.22,0.74,0.83,18.75,2.58,9909321058.0,9909321058.0,0.23,0.23,-12.37,-6.58
2558,600681,百川能源,4.49,-0.88,-0.04,1143564.0,529465222.0,7.28,4.8,4.47,4.71,4.53,1.22,8.54,23.87,1.71,6020438097.0,6015741386.0,-0.22,-0.44,1.58,3.94
2559,600400,红豆股份,2.24,-0.88,-0.02,199520.0,44584725.0,1.77,2.26,2.22,2.24,2.26,0.66,0.87,-17.6,2.2,5132672948.0,5132672948.0,0.0,0.45,-13.85,-5.88
2560,600719,大连热电,6.76,-0.88,-0.06,106894.0,72420073.0,1.91,6.86,6.73,6.81,6.82,0.91,2.64,-18.22,9.28,2735093296.0,2735093296.0,0.15,0.3,9.39,3.68
2561,601665,齐鲁银行,5.63,-0.88,-0.05,651486.0,367246264.0,1.41,5.68,5.6,5.65,5.68,1.19,1.06,6.06,0.71,34646133416.0,34646133416.0,0.18,0.18,-5.54,0.18
2562,002095,生 意 宝,18.04,-0.88,-0.16,60238.0,106809592.2,4.29,18.08,17.3,17.9,18.2,0.58,2.39,-1217.84,5.15,4559068800.0,4540819807.0,0.17,0.22,-3.32,0.0
2563,688656,浩欧博,137.87,-0.88,-1.23,3741.0,50729663.0,3.83,138.58,133.25,138.58,139.1,0.89,0.59,373.73,10.67,8751951754.0,8751951754.0,0.42,-0.04,-34.57,-10.36
2564,002763,汇洁股份,7.9,-0.88,-0.07,58870.0,46471630.2,2.51,8.02,7.82,7.93,7.97,1.14,1.94,19.91,1.74,3238399600.0,2398433680.0,0.0,0.13,4.77,9.42
2565,002142,宁波银行,31.42,-0.88,-0.28,202975.0,641949712.65,1.67,31.89,31.36,31.58,31.7,0.8,0.31,7.07,0.93,207484822685.0,207368461040.0,0.03,0.1,11.7,11.85
2566,300509,新美星,13.48,-0.88,-0.12,61307.0,82664001.47,4.04,13.77,13.22,13.46,13.6,0.83,2.48,37.7,6.47,3995472000.0,3330955490.0,-0.07,-0.07,7.84,4.98
2567,300759,康龙化成,27.11,-0.88,-0.24,167801.0,449672943.58,2.52,27.18,26.49,26.8,27.35,0.78,1.18,32.74,3.3,49808759155.0,38497066273.0,0.04,0.18,-6.0,-4.64
2568,002403,爱仕达,11.25,-0.88,-0.1,24320.0,27181592.0,1.94,11.29,11.07,11.24,11.35,0.63,0.82,-48.73,2.39,3832184014.0,3343066358.0,0.09,0.18,-11.7,-11.14
2569,300421,力星股份,25.77,-0.88,-0.23,78910.0,200441090.8,3.12,25.81,25.0,25.18,26.0,0.74,3.43,110.03,5.97,7577165573.0,5935966735.0,0.16,0.39,8.28,-29.93
2570,000820,*ST节能,3.38,-0.88,-0.03,40256.0,13598091.0,4.11,3.49,3.35,3.48,3.41,0.95,1.36,-195.8,14.68,2185356505.0,1003748044.0,0.0,-0.29,-0.59,-0.29
2571,000728,国元证券,7.9,-0.88,-0.07,277335.0,218254160.13,1.76,7.94,7.8,7.9,7.97,0.83,0.64,12.83,0.92,34473845339.0,34473845339.0,-0.25,-0.13,-3.07,-5.39
2572,300306,远方信息,13.48,-0.88,-0.12,39575.0,52889187.0,2.65,13.52,13.16,13.42,13.6,0.74,2.51,50.19,2.43,3625564327.0,2124481565.0,0.07,0.07,1.28,-1.96
2573,601236,红塔证券,7.88,-0.88,-0.07,115340.0,90845902.0,1.01,7.91,7.83,7.9,7.95,0.59,0.24,32.25,1.51,37168287407.0,37168287407.0,0.0,0.13,-6.3,-3.79
2574,603697,有友食品,11.28,-0.88,-0.1,58000.0,65289295.0,1.58,11.36,11.18,11.24,11.38,0.69,1.36,20.82,2.74,4824366865.0,4824366865.0,0.0,0.0,-12.96,-7.92
2575,920395,朗鸿科技,11.29,-0.88,-0.1,7031.0,7895026.83,2.81,11.44,11.12,11.26,11.39,0.8,0.68,41.88,7.19,1722692598.0,1165860992.0,0.0,0.09,-6.0,-1.22
2576,600779,水井坊,36.09,-0.88,-0.32,27448.0,98908892.0,1.07,36.21,35.82,35.95,36.41,0.58,0.56,40.48,3.5,17593990416.0,17593990416.0,0.0,0.08,-7.75,-6.16
2577,301252,同星科技,36.95,-0.89,-0.33,39220.0,142063902.0,4.43,37.15,35.5,37.08,37.28,0.97,8.3,52.95,4.8,6252880008.0,1747012258.0,0.11,0.14,42.88,13.66
2578,002769,普路通,11.1,-0.89,-0.1,69605.0,76636766.5,2.5,11.14,10.86,11.01,11.2,0.6,1.87,86.35,3.5,4143830399.0,4140413553.0,0.0,0.0,-14.22,-5.53
2579,600516,方大炭素,6.67,-0.89,-0.06,1848719.0,1226218631.0,5.5,6.84,6.47,6.66,6.73,0.8,4.59,177.94,1.66,26853222355.0,26853222355.0,-0.15,0.15,10.43,17.22
2580,600580,卧龙电驱,41.2,-0.89,-0.37,322063.0,1305330279.0,3.56,41.4,39.92,40.74,41.57,0.86,2.07,58.97,6.01,64359241453.0,64174459453.0,0.0,0.0,1.33,-16.09
2581,920171,志晟信息,21.27,-0.89,-0.19,18942.0,39697915.82,4.24,21.43,20.52,21.0,21.46,1.14,2.81,445.17,9.76,2131960908.0,1435663955.0,0.09,-0.14,7.53,-9.1
2582,600780,通宝能源,6.69,-0.89,-0.06,252185.0,169670581.0,2.07,6.81,6.67,6.71,6.75,0.92,2.2,11.82,0.94,7670101879.0,7670101879.0,0.15,0.15,13.01,17.78
2583,688799,华纳药厂,43.57,-0.89,-0.39,17325.0,75213757.0,3.84,43.94,42.25,42.25,43.96,0.8,1.32,23.7,2.8,5721612400.0,5721612400.0,0.37,0.28,-9.23,-8.66
2584,688276,百克生物,18.75,-0.9,-0.17,15026.0,28061701.0,1.43,18.82,18.55,18.77,18.92,0.76,0.36,-28.51,2.02,7756079963.0,7756079963.0,0.11,0.05,-12.22,-0.58
2585,002242,九阳股份,9.88,-0.9,-0.09,53377.0,52705322.16,1.6,9.97,9.81,9.89,9.97,0.64,0.7,45.75,2.17,7538607960.0,7525652316.0,-0.1,-0.1,-7.4,-5.36
2586,601595,上海电影,26.3,-0.9,-0.24,65953.0,171323835.0,2.71,26.4,25.68,26.02,26.54,0.71,1.47,63.41,6.81,11787660000.0,11787660000.0,0.08,0.08,-8.9,-8.14
2587,002963,豪尔赛,15.4,-0.9,-0.14,35886.0,54551204.0,4.18,15.53,14.88,15.53,15.54,0.76,3.14,-66.0,1.79,2315542922.0,1758864061.0,-0.13,0.0,-0.77,3.49
2588,300939,秋田微,37.61,-0.9,-0.34,60780.0,226056058.93,3.48,37.83,36.51,37.63,37.95,0.85,5.07,53.11,3.25,4513200000.0,4513200000.0,0.0,-0.27,13.66,9.08
2589,300861,美畅股份,17.52,-0.9,-0.16,112375.0,193784280.99,3.68,17.59,16.94,17.38,17.68,0.68,2.66,56.19,1.86,11770644509.0,7391072855.0,0.17,0.34,18.3,17.35
2590,600506,统一股份,24.23,-0.9,-0.22,154250.0,384014274.0,6.42,25.67,24.1,25.39,24.45,0.67,8.03,70.92,9.7,4652618771.0,4652618771.0,-0.04,-0.12,-3.12,-7.55
2591,601798,蓝科高新,9.94,-0.9,-0.09,144039.0,144923110.0,4.49,10.35,9.9,10.13,10.03,0.72,4.06,79.35,2.78,3524010288.0,3524010288.0,0.2,0.3,11.06,12.06
2592,601019,山东出版,8.85,-0.9,-0.08,87886.0,77496285.0,1.9,8.91,8.74,8.83,8.93,1.02,0.42,11.14,1.19,18469065000.0,18469065000.0,0.11,0.11,4.12,2.43
2593,603282,亚光股份,22.05,-0.9,-0.2,29640.0,65306939.0,3.51,22.44,21.66,22.24,22.25,0.65,4.62,22.37,2.23,2950731000.0,1415267321.0,-0.14,-0.05,9.92,11.14
2594,301361,众智科技,40.72,-0.9,-0.37,56491.0,227106186.05,5.4,41.43,39.21,39.74,41.09,1.04,18.56,50.29,3.92,4737201920.0,1239679680.0,0.0,0.62,22.17,24.95
2595,002419,天虹股份,5.49,-0.9,-0.05,161515.0,88406401.03,1.81,5.52,5.42,5.49,5.54,0.9,1.38,76.95,1.57,6416974148.0,6416231147.0,0.37,0.18,0.18,-0.72
2596,300993,玉马科技,13.21,-0.9,-0.12,30722.0,40522242.09,2.48,13.36,13.03,13.22,13.33,0.77,1.28,27.63,2.66,4070413152.0,3180891052.0,-0.08,-0.08,-11.58,-10.26
2597,300823,建科智能,17.62,-0.9,-0.16,27850.0,48808739.58,2.98,17.77,17.24,17.53,17.78,0.88,3.28,93.83,2.45,2307915650.0,1493989686.0,-0.4,0.0,10.26,12.8
2598,000779,甘咨询,9.78,-0.91,-0.09,140627.0,136403825.0,3.65,9.9,9.54,9.71,9.87,0.63,3.03,21.62,1.15,4546032041.0,4545496977.0,0.2,0.2,11.52,19.12
2599,300235,方直科技,13.11,-0.91,-0.12,53369.0,69556869.5,2.57,13.2,12.86,13.0,13.23,0.86,2.63,351.56,4.73,3300398385.0,2663090555.0,-0.3,-0.23,-16.87,-19.62
2600,300275,梅安森,11.96,-0.91,-0.11,45785.0,54189995.6,2.73,12.02,11.69,11.97,12.07,0.78,1.69,69.78,3.91,3683740613.0,3246678978.0,0.0,0.08,-8.7,-10.14
2601,300217,东方电热,5.46,-0.91,-0.05,523304.0,281773747.4,3.45,5.49,5.3,5.41,5.51,0.65,4.27,40.24,1.92,8069754092.0,6699155256.0,0.0,0.37,2.63,5.41
2602,688766,普冉股份,251.0,-0.91,-2.3,50770.0,1222815246.0,7.55,252.7,233.58,237.0,253.3,0.78,3.43,178.46,15.37,37160324602.0,37160324602.0,0.0,0.0,101.62,97.31
2603,002789,*ST建艺,9.83,-0.91,-0.09,15175.0,14785966.2,2.42,9.9,9.66,9.9,9.92,0.53,0.97,-3.44,-1.37,1569099143.0,1538061753.0,0.31,0.61,-5.66,-6.2
2604,002352,顺丰控股,36.91,-0.91,-0.34,240574.0,885114752.97,2.15,37.1,36.3,36.58,37.25,0.77,0.5,16.79,1.89,186005376396.0,176135209257.0,0.0,-0.05,-2.87,-3.68
2605,605258,协和电子,34.68,-0.91,-0.32,23116.0,79064005.0,3.46,34.86,33.65,34.3,35.0,0.71,2.63,51.19,2.56,3051840000.0,3051840000.0,-0.09,0.03,8.31,10.91
2606,600694,大商股份,17.41,-0.91,-0.16,28290.0,49200923.0,1.08,17.5,17.31,17.41,17.57,0.75,0.82,10.1,0.69,5995269785.0,5995269785.0,-0.06,0.0,-0.29,-2.9
2607,002645,华宏科技,15.2,-0.91,-0.14,204996.0,305246198.46,4.89,15.27,14.52,14.99,15.34,0.87,3.67,36.41,2.39,9539525472.0,8495698775.0,0.2,0.0,4.76,3.83
2608,300552,万集科技,30.51,-0.91,-0.28,56487.0,169245609.0,3.54,30.6,29.51,29.71,30.79,0.78,4.1,-41.99,3.62,6502691247.0,4203131617.0,-0.03,-0.03,25.3,0.49
2609,688660,电气风电,14.19,-0.91,-0.13,237875.0,332593065.0,4.19,14.32,13.72,13.97,14.32,1.09,1.78,-19.13,4.56,18920000946.0,18920000946.0,-0.07,0.0,-13.05,-16.58
2610,002349,精华制药,7.59,-0.91,-0.07,119086.0,90432829.0,1.57,7.65,7.53,7.57,7.66,0.74,1.46,26.78,2.33,6297232552.0,6179633092.0,0.13,0.13,-7.44,4.55
2611,603717,天域生物,7.54,-0.92,-0.07,69602.0,52339627.0,3.15,7.67,7.43,7.55,7.61,0.81,2.4,-1018.55,4.23,2187702650.0,2187702650.0,0.0,0.27,-9.59,-3.83
2612,920571,国航远洋,11.79,-0.92,-0.11,683728.0,866396952.1,17.73,13.78,11.67,13.25,11.9,0.79,24.32,231.08,4.84,6548253871.0,3315269667.0,0.0,0.08,17.9,19.82
2613,300926,博俊科技,28.93,-0.92,-0.27,50173.0,142957983.53,3.42,29.09,28.09,28.58,29.2,1.07,1.68,15.03,3.84,12564874562.0,8620755231.0,0.0,-0.07,-2.76,-11.74
2614,301608,博实结,87.24,-0.92,-0.81,9238.0,78907625.74,4.22,87.77,84.05,86.15,88.05,0.98,2.31,32.26,3.67,7763487600.0,3484116966.0,-0.05,0.11,4.23,-3.64
2615,301059,金三江,15.16,-0.92,-0.14,64228.0,97058771.7,3.27,15.4,14.9,15.2,15.3,0.8,3.11,49.35,5.74,3504294640.0,3134133314.0,0.13,0.07,16.8,20.32
2616,301371,敷尔佳,23.66,-0.92,-0.22,14581.0,34403019.18,1.38,23.76,23.43,23.66,23.88,0.85,1.87,28.39,2.2,12305660640.0,1840497204.0,0.08,0.08,-13.17,-0.13
2617,600824,益民集团,4.29,-0.92,-0.04,114699.0,48938199.0,1.62,4.3,4.23,4.28,4.33,0.84,1.09,176.5,1.87,4521776143.0,4521776143.0,0.0,0.23,-7.14,-5.3
2618,600595,中孚实业,8.61,-0.92,-0.08,965497.0,844084778.0,4.83,9.0,8.58,8.9,8.69,0.78,2.41,21.8,2.07,34508063032.0,34508063032.0,-0.12,0.0,15.73,9.68
2619,300945,曼卡龙,19.42,-0.92,-0.18,200154.0,386910757.16,3.93,19.72,18.95,19.2,19.6,0.51,8.4,37.35,3.06,5089431035.0,4629740565.0,0.21,0.31,16.85,20.17
2620,600838,上海九百,10.76,-0.92,-0.1,84698.0,90722766.0,2.58,10.87,10.59,10.69,10.86,0.75,2.11,113.81,2.74,4313490116.0,4313490116.0,0.19,0.19,16.83,-0.55
2621,600369,西南证券,4.33,-0.92,-0.04,373733.0,161749327.0,1.14,4.35,4.3,4.34,4.37,0.73,0.56,30.58,1.11,28773322507.0,28773322507.0,0.0,0.0,-1.59,-3.35
2622,300562,乐心医疗,13.99,-0.92,-0.13,43330.0,60366869.0,1.84,14.06,13.8,13.9,14.12,0.62,2.67,34.92,3.02,3058405495.0,2268733971.0,-0.07,0.07,-0.21,4.95
2623,600097,开创国际,11.79,-0.92,-0.11,42706.0,50196598.0,2.61,11.95,11.64,11.84,11.9,0.57,1.77,35.2,1.22,2840642031.0,2840642031.0,-0.08,0.43,-4.07,3.79
2624,000819,岳阳兴长,16.18,-0.92,-0.15,170013.0,282647806.16,6.55,17.16,16.09,16.94,16.33,0.62,4.65,-141.01,2.82,5978582907.0,5914312711.0,0.0,-0.12,-5.16,-0.31
2625,000568,泸州老窖,105.01,-0.92,-0.97,66228.0,695896033.77,1.68,105.81,104.03,104.4,105.98,0.62,0.45,10.77,3.11,154568625535.0,154496634249.0,-0.03,-0.01,-20.05,-8.58
2626,002802,洪汇新材,13.9,-0.93,-0.13,45468.0,63123370.37,2.71,14.08,13.7,13.86,14.03,1.11,3.02,61.86,4.0,2533997661.0,2095093721.0,0.14,0.14,4.75,11.74
2627,002987,京北方,18.05,-0.93,-0.17,101169.0,180748526.7,3.02,18.18,17.63,18.0,18.22,0.77,1.2,48.24,5.38,15657655744.0,15226029216.0,0.0,-0.11,-2.43,-16.16
2628,301209,联合化学,93.52,-0.93,-0.88,11322.0,104413539.66,3.74,94.41,90.88,94.41,94.4,1.22,1.18,165.68,13.72,10474240000.0,8948274160.0,-0.04,-0.17,-8.7,-17.16
2629,002076,*ST星光,2.12,-0.93,-0.02,211072.0,44376487.82,2.8,2.14,2.08,2.11,2.14,0.77,2.03,550.66,7.46,2351343921.0,2209621372.0,-0.47,0.0,1.92,5.47
2630,603068,博通集成,34.19,-0.93,-0.32,32027.0,107474675.0,3.59,34.32,33.08,33.8,34.51,0.82,2.11,417.72,3.05,5189608437.0,5189608437.0,0.03,0.15,-17.07,-8.88
2631,300622,博士眼镜,29.77,-0.93,-0.28,52339.0,154183999.42,2.73,29.94,29.12,29.2,30.05,0.75,3.36,57.92,8.0,6783218343.0,4637350391.0,0.07,-0.1,-5.79,-4.15
2632,301336,趣睡科技,55.52,-0.93,-0.52,10161.0,55771620.7,3.71,55.89,53.81,55.3,56.04,0.72,3.34,77.01,2.68,2220800000.0,1689490089.0,0.04,0.65,-2.41,7.49
2633,003015,日久光电,17.12,-0.93,-0.16,89981.0,152687459.0,3.07,17.24,16.71,17.0,17.28,0.7,3.64,46.92,4.42,4811861339.0,4235516967.0,0.0,0.18,6.2,9.74
2634,002797,第一创业,7.49,-0.93,-0.07,1457253.0,1085335872.5,2.65,7.52,7.32,7.33,7.56,0.71,3.47,30.63,1.84,31475976000.0,31475976000.0,0.27,0.13,10.47,9.02
2635,300039,上海凯宝,6.4,-0.93,-0.06,198052.0,126520876.4,1.55,6.44,6.34,6.4,6.46,0.78,2.16,26.84,1.47,6694400000.0,5868327846.0,0.16,0.16,-1.23,6.14
2636,688132,邦彦技术,18.18,-0.93,-0.17,21315.0,38439102.0,3.38,18.36,17.74,18.18,18.35,0.52,1.96,-13.03,2.24,2767454209.0,1972452153.0,0.0,0.11,-4.57,-1.3
2637,002397,梦洁股份,4.24,-0.93,-0.04,158528.0,66057315.0,3.74,4.25,4.09,4.16,4.28,0.8,2.45,93.11,2.66,3170593318.0,2746935279.0,0.24,0.24,-0.7,5.21
2638,300355,蒙草生态,4.26,-0.93,-0.04,542700.0,230526760.95,3.02,4.32,4.19,4.24,4.3,0.68,4.18,68.93,1.59,6834071265.0,5531477761.0,-0.23,-0.47,2.9,5.45
2639,002239,奥特佳,3.18,-0.93,-0.03,895519.0,281564979.93,3.12,3.2,3.1,3.16,3.21,0.91,2.74,70.27,1.89,10552309485.0,10386363665.0,0.32,0.0,5.65,6.71
2640,300386,飞天诚信,15.97,-0.93,-0.15,54866.0,86485713.0,3.16,16.03,15.52,15.9,16.12,0.99,2.19,482.32,4.53,6676162680.0,4004599718.0,0.06,0.06,-0.37,-11.57
2641,603016,新宏泰,32.85,-0.93,-0.31,21116.0,68739438.0,3.14,33.12,32.08,32.5,33.16,0.7,1.43,76.35,5.9,4867056000.0,4867056000.0,0.0,0.12,24.2,9.06
2642,301288,*ST清研,20.0,-0.94,-0.19,5243.0,10515409.0,2.48,20.41,19.91,19.96,20.19,0.94,0.67,-313.06,2.72,2160200000.0,1562192420.0,-0.3,-0.25,13.06,11.42
2643,601375,中原证券,4.23,-0.94,-0.04,340033.0,143663326.0,1.17,4.25,4.2,4.23,4.27,0.62,0.99,37.82,1.37,19639402281.0,14583008331.0,0.0,0.0,-0.7,-1.63
2644,300887,谱尼测试,11.61,-0.94,-0.11,268188.0,308045174.52,4.01,11.69,11.22,11.3,11.72,1.18,7.4,-23.9,2.21,6336009043.0,4205109724.0,0.26,0.35,39.54,20.94
2645,300490,华自科技,19.06,-0.94,-0.18,520071.0,997124049.6,6.44,19.75,18.51,18.91,19.24,1.48,13.22,-30.26,3.45,7598663046.0,7495394785.0,0.37,0.32,48.91,58.97
2646,002752,昇兴股份,6.33,-0.94,-0.06,98099.0,61789425.55,2.03,6.36,6.23,6.34,6.39,0.74,1.0,21.42,1.79,6183893902.0,6182944402.0,0.16,0.0,-6.08,-4.67
2647,000802,北京文化,4.21,-0.94,-0.04,98151.0,41118583.6,2.12,4.24,4.15,4.23,4.25,0.63,1.37,-7.4,3.87,3013940074.0,3012108724.0,0.0,0.24,-7.27,-7.47
2648,003008,开普检测,24.21,-0.94,-0.23,21196.0,51240865.3,2.17,24.38,23.85,24.15,24.44,1.09,2.72,32.64,2.39,2517840000.0,1884707948.0,-0.16,-0.16,4.04,12.34
2649,603931,格林达,30.59,-0.94,-0.29,27497.0,82272423.0,4.15,30.59,29.31,30.48,30.88,0.88,1.38,49.61,3.78,6104490844.0,6104490844.0,0.07,0.3,-10.48,-3.13
2650,603213,镇洋发展,13.65,-0.94,-0.13,28593.0,39158586.0,1.45,13.82,13.62,13.71,13.78,0.94,0.65,89.29,3.25,6032922646.0,6032922646.0,0.0,-0.07,-0.94,3.96
2651,600336,澳柯玛,7.4,-0.94,-0.07,95468.0,70423395.0,3.61,7.55,7.28,7.31,7.47,0.9,1.2,-488.9,2.43,5905309291.0,5905309291.0,0.0,0.0,-8.87,-9.98
2652,000736,*ST中地,5.29,-0.94,-0.05,61595.0,32447515.0,1.31,5.31,5.24,5.27,5.34,0.76,0.82,-1.79,3.17,3952150541.0,3952150541.0,0.19,0.19,-7.19,-1.49
2653,300492,华图山鼎,68.9,-0.95,-0.66,13763.0,94474894.14,3.05,69.93,67.81,68.99,69.56,0.79,0.7,40.8,34.12,13551324896.0,13551324896.0,-0.06,-0.06,-0.07,-7.27
2654,600159,大龙地产,3.13,-0.95,-0.03,235511.0,73443917.0,3.16,3.18,3.08,3.09,3.16,1.25,2.84,-184.68,1.51,2597910116.0,2597910116.0,0.0,0.32,-0.32,13.0
2655,601618,中国中冶,3.13,-0.95,-0.03,2237586.0,701952195.0,1.9,3.17,3.11,3.13,3.16,0.87,1.25,12.25,0.62,64864928002.0,55878698002.0,0.0,0.0,-4.28,5.39
2656,002687,乔治白,5.2,-0.95,-0.05,100743.0,52273484.0,3.05,5.28,5.12,5.17,5.25,0.96,2.44,82.51,1.76,2624853353.0,2149938097.0,-0.19,0.0,4.0,7.88
2657,601008,连云港,5.21,-0.95,-0.05,407730.0,214218410.0,3.99,5.39,5.18,5.36,5.26,0.44,3.29,45.65,1.57,6463724011.0,6463724011.0,0.19,0.19,-0.38,-2.07
2658,300124,汇川技术,70.79,-0.95,-0.68,299026.0,2111492191.19,1.97,71.37,69.96,70.89,71.47,0.98,1.25,33.79,5.57,191644713443.0,169794541507.0,-0.03,0.01,0.74,-6.03
2659,002388,新亚制程,5.2,-0.95,-0.05,180892.0,93080810.0,3.05,5.22,5.06,5.17,5.25,0.82,3.57,1178.25,2.71,2655627520.0,2632362174.0,0.0,0.39,-13.76,-18.5
2660,688767,博拓生物,36.6,-0.95,-0.35,22211.0,80392296.0,3.71,36.87,35.5,36.33,36.95,0.78,1.49,116.8,2.31,5465600024.0,5465600024.0,0.36,0.47,-6.13,-3.12
2661,603020,爱普股份,10.43,-0.95,-0.1,33330.0,34797398.0,2.18,10.57,10.34,10.45,10.53,0.73,0.87,26.74,1.21,3997169983.0,3997169983.0,0.0,-0.1,2.46,2.86
2662,000570,苏常柴Ａ,6.26,-0.95,-0.06,721431.0,451874859.83,4.11,6.43,6.17,6.39,6.32,2.59,12.98,74.47,1.29,4417635094.0,3478635094.0,0.48,0.16,1.62,12.59
2663,605337,李子园,11.41,-0.95,-0.11,48648.0,55384715.0,1.56,11.5,11.32,11.4,11.52,0.72,1.25,22.57,2.84,4451066935.0,4451066935.0,0.0,-0.09,-7.54,-4.04
2664,600210,紫江企业,7.32,-0.95,-0.07,258531.0,188019934.0,2.44,7.35,7.17,7.35,7.39,0.92,1.7,8.62,1.67,11102508677.0,11102508677.0,0.14,0.27,-0.27,-0.41
2665,300860,锋尚文化,25.99,-0.95,-0.25,22956.0,59004698.7,2.86,26.08,25.33,25.88,26.24,0.82,2.1,425.32,1.58,4897834291.0,2843745465.0,-0.04,0.04,-6.78,-3.02
2666,002079,苏州固锝,10.45,-0.95,-0.1,321473.0,329312617.03,3.89,10.49,10.08,10.39,10.55,0.84,3.97,101.62,2.75,8470870487.0,8462919730.0,0.38,0.29,10.47,9.42
2667,300966,共同药业,20.55,-0.96,-0.2,20332.0,41661926.09,2.84,20.8,20.21,20.55,20.75,0.99,2.66,-54.78,3.06,2369026872.0,1569367805.0,0.1,0.2,-1.77,4.37
2668,002085,万丰奥威,16.59,-0.96,-0.16,606665.0,1000283438.24,2.21,16.67,16.3,16.4,16.75,0.89,2.86,36.24,4.64,35225505857.0,35225505857.0,0.0,0.0,6.69,3.62
2669,300159,*ST新研,3.11,-0.96,-0.03,208934.0,64539109.2,2.55,3.13,3.05,3.09,3.14,0.73,1.14,-31.81,-9.2,10233209406.0,5697019921.0,0.0,0.0,10.68,-2.2
2670,688755,汉邦科技,39.32,-0.96,-0.38,2830.0,11096360.0,1.76,39.6,38.9,39.6,39.7,0.75,1.61,58.07,2.78,3460160000.0,692032000.0,0.0,-0.08,-2.07,-0.68
2671,300400,劲拓股份,21.68,-0.96,-0.21,85449.0,181304913.0,4.34,21.75,20.8,21.49,21.89,1.0,3.56,45.79,6.73,5260127344.0,5201539312.0,0.0,0.09,20.18,11.81
2672,688136,科兴制药,29.87,-0.96,-0.29,25147.0,74452812.0,2.98,29.98,29.08,29.83,30.16,0.95,1.25,37.7,3.43,6011554058.0,6011554058.0,-0.23,-0.23,-7.95,-5.68
2673,002189,中光学,21.67,-0.96,-0.21,29364.0,63159807.7,2.19,21.81,21.33,21.6,21.88,0.63,1.12,-22.18,10.75,5660188246.0,5659335488.0,0.05,0.05,-9.9,-6.15
2674,002038,双鹭药业,6.2,-0.96,-0.06,155108.0,96259369.44,1.44,6.25,6.16,6.17,6.26,0.85,1.82,33.86,1.12,6369570000.0,5281863508.0,-0.16,-0.32,-22.11,-15.88
2675,688019,安集科技,244.92,-0.96,-2.38,28815.0,690028446.0,4.76,245.77,234.0,242.01,247.3,0.95,1.71,52.31,11.67,41284315254.0,41284315254.0,0.56,0.3,24.32,12.39
2676,300865,大宏立,28.81,-0.96,-0.28,12701.0,36480464.0,2.72,29.17,28.38,28.8,29.09,0.93,2.26,198.39,3.17,2756540800.0,1620603929.0,0.07,-0.03,1.98,5.8
2677,601333,广深铁路,3.09,-0.96,-0.03,534383.0,165609041.0,1.6,3.13,3.08,3.1,3.12,0.69,0.95,11.27,0.78,21888129330.0,17465412330.0,0.32,0.0,0.0,1.64
2678,002691,冀凯股份,8.23,-0.96,-0.08,61183.0,49992469.0,2.41,8.28,8.08,8.2,8.31,0.7,1.82,-45.77,3.3,2798200000.0,2765117910.0,0.37,0.37,-2.83,-9.06
2679,002301,齐心集团,7.24,-0.96,-0.07,102476.0,73742324.5,2.19,7.28,7.12,7.18,7.31,0.74,1.43,27.9,1.66,5222269435.0,5198249215.0,0.14,0.14,-8.82,-5.73
2680,688669,聚石化学,28.79,-0.96,-0.28,28924.0,82858270.0,5.16,29.47,27.97,28.83,29.07,0.83,2.38,-29.46,2.95,3493186686.0,3493186686.0,0.07,-0.03,33.47,23.88
2681,600808,马钢股份,4.13,-0.96,-0.04,605406.0,250081078.0,2.4,4.19,4.09,4.16,4.17,0.65,1.01,285.22,1.32,31803813298.0,24646812398.0,0.24,0.24,6.44,-2.13
2682,603926,铁流股份,20.58,-0.96,-0.2,48212.0,97955086.0,5.97,21.05,19.81,20.61,20.78,0.8,2.09,47.43,2.8,4830467854.0,4750658614.0,0.83,0.64,39.15,20.56
2683,002873,新天药业,10.32,-0.96,-0.1,41876.0,43197865.32,2.21,10.44,10.21,10.31,10.42,0.77,1.75,116.76,1.99,2519151278.0,2463062233.0,-0.19,-0.1,-3.1,4.03
2684,002864,盘龙药业,33.88,-0.96,-0.33,25891.0,87305570.85,2.28,34.09,33.31,34.0,34.21,0.7,3.49,30.07,2.14,3600798925.0,2513581865.0,0.15,0.0,-7.96,9.86
2685,600809,山西汾酒,159.16,-0.96,-1.55,50801.0,812787365.0,2.91,162.28,157.6,158.77,160.71,0.87,0.42,12.77,5.01,194169505574.0,194169505574.0,-0.01,-0.01,-15.16,-7.3
2686,603366,日出东方,9.23,-0.97,-0.09,101755.0,93459854.0,1.61,9.27,9.12,9.26,9.32,0.63,1.25,153.43,1.81,7504433972.0,7504433972.0,0.22,0.11,-4.55,-3.95
2687,605158,华达新材,8.19,-0.97,-0.08,35261.0,28984978.0,2.3,8.33,8.14,8.26,8.27,0.86,0.69,46.77,1.69,4188529800.0,4188529800.0,0.24,0.24,-2.62,1.87
2688,920974,凯大催化,9.23,-0.97,-0.09,66892.0,61508836.13,3.11,9.36,9.07,9.11,9.32,0.59,5.21,58.65,2.37,1511874000.0,1185610059.0,0.22,0.11,13.81,16.98
2689,301011,华立科技,23.52,-0.97,-0.23,20377.0,47251446.5,2.74,23.53,22.88,23.47,23.75,1.07,1.45,40.6,3.84,3620432636.0,3294845958.0,0.21,0.17,-7.0,-8.45
2690,603078,江化微,23.54,-0.97,-0.23,139181.0,321545027.0,4.29,23.68,22.66,23.39,23.77,0.84,3.61,86.42,4.68,9077900818.0,9077900818.0,-0.13,0.21,31.22,31.88
2691,605300,佳禾食品,11.19,-0.97,-0.11,25378.0,28259521.0,3.01,11.29,10.95,10.95,11.3,0.9,0.56,146.67,1.78,5084720300.0,5084720300.0,0.0,0.09,-11.89,-3.53
2692,603797,联泰环保,5.12,-0.97,-0.05,87822.0,44982349.0,1.93,5.18,5.08,5.18,5.17,1.01,1.52,19.48,0.91,2952218573.0,2952218573.0,0.2,-0.19,6.22,9.64
2693,600926,杭州银行,16.39,-0.97,-0.16,354327.0,582544288.0,1.93,16.64,16.32,16.42,16.55,0.93,0.49,6.24,0.89,118811151762.0,118811151762.0,0.0,0.06,3.67,7.26
2694,600814,杭州解百,8.15,-0.97,-0.08,122891.0,99857749.0,0.97,8.17,8.09,8.09,8.23,0.66,1.67,23.87,1.61,5990890574.0,5990890574.0,0.12,0.12,3.03,0.62
2695,603383,顶点软件,32.53,-0.97,-0.32,31781.0,102009963.0,3.14,32.74,31.71,32.32,32.85,0.89,1.55,48.52,4.58,6680980789.0,6680892958.0,0.03,0.06,-9.71,-9.91
2696,000750,国海证券,4.07,-0.97,-0.04,509009.0,207082078.54,1.22,4.09,4.04,4.08,4.11,0.8,0.88,33.92,1.15,25991730121.0,23590550186.0,0.0,0.0,-2.63,-4.01
2697,688428,诺诚健华-U,22.46,-0.97,-0.22,85050.0,188777977.0,3.48,22.6,21.81,22.23,22.68,1.09,3.17,-461.47,5.95,39633903162.0,6027359244.0,0.09,0.13,-7.88,9.45
2698,600819,耀皮玻璃,8.12,-0.98,-0.08,85155.0,69362266.0,2.68,8.3,8.08,8.22,8.2,0.76,1.14,48.03,2.14,7931267433.0,6069018464.0,0.0,0.12,0.37,0.5
2699,600858,银座股份,6.07,-0.98,-0.06,82377.0,49873531.0,1.63,6.12,6.02,6.08,6.13,0.73,1.59,26.87,1.16,3156804195.0,3141516536.0,0.33,0.17,1.0,-2.88
2700,300450,先导智能,49.65,-0.98,-0.49,417598.0,2036856935.18,3.79,49.91,48.01,49.0,50.14,0.94,2.68,52.54,6.1,83105234198.0,77424923123.0,0.06,0.14,5.15,-0.66
2701,600004,白云机场,9.05,-0.98,-0.09,131410.0,118741167.0,0.88,9.08,9.0,9.05,9.14,0.74,0.56,15.96,1.12,23324063612.0,21418800461.0,0.0,0.0,-8.12,-4.33
2702,000401,金隅冀东,5.05,-0.98,-0.05,170083.0,86382315.53,2.16,5.15,5.04,5.06,5.1,0.84,0.65,249.49,0.49,13423994729.0,13288338599.0,0.0,0.0,10.26,14.51
2703,002634,棒杰股份,7.06,-0.98,-0.07,98306.0,68320655.4,4.21,7.11,6.81,7.06,7.13,0.66,2.2,-2.69,-5.34,3243028742.0,3152392638.0,-0.28,0.14,10.83,24.96
2704,002895,川恒股份,41.55,-0.98,-0.41,138268.0,574255179.68,5.39,42.93,40.67,42.53,41.96,0.93,2.32,19.63,3.42,25248550679.0,24789842834.0,0.02,0.02,16.68,13.34
2705,688285,高铁电气,9.1,-0.98,-0.09,24796.0,22507228.0,2.39,9.17,8.95,9.17,9.19,0.78,0.66,66.54,2.03,3424238208.0,3424238208.0,-0.22,-0.11,2.02,4.84
2706,603237,五芳斋,17.22,-0.98,-0.17,13011.0,22458279.0,1.84,17.47,17.15,17.22,17.39,0.76,0.66,14.55,1.92,3393589087.0,3375321922.0,0.12,0.0,-0.12,3.24
2707,688371,菲沃泰,20.29,-0.98,-0.2,22601.0,45422940.0,4.44,20.57,19.66,20.22,20.49,1.12,0.67,224.46,3.44,6806734103.0,6806734103.0,-0.05,0.05,7.81,9.85
2708,002518,科士达,56.42,-0.98,-0.56,144097.0,784162630.28,7.72,56.67,52.27,55.63,56.98,1.2,2.55,55.26,7.06,32849139803.0,31885222158.0,-0.04,0.04,26.47,16.28
2709,002312,川发龙蟒,13.13,-0.98,-0.13,1007139.0,1332311982.29,3.62,13.54,13.06,13.54,13.26,0.95,5.35,42.56,2.58,24785622374.0,24734546070.0,-0.08,0.23,12.8,20.13
2710,603506,南都物业,13.2,-0.98,-0.13,25378.0,33311085.0,2.78,13.31,12.94,13.17,13.33,0.91,1.35,12.04,1.99,2478666683.0,2478666683.0,-0.3,0.15,8.55,1.07
2711,002210,飞马国际,3.03,-0.98,-0.03,556672.0,168163186.2,2.61,3.07,2.99,3.02,3.06,0.86,2.1,421.92,8.46,8063535305.0,8048457722.0,0.33,0.33,-20.47,-15.83
2712,300428,立中集团,24.31,-0.98,-0.24,195073.0,464824673.61,4.93,24.46,23.25,24.1,24.55,0.76,3.27,18.74,1.85,16666487553.0,14507264748.0,0.0,0.12,13.6,4.11
2713,000541,佛山照明,6.09,-0.98,-0.06,160714.0,97152160.84,2.11,6.12,5.99,6.09,6.15,0.85,1.31,49.75,1.39,9352889421.0,7493947225.0,0.0,0.0,-1.62,1.33
2714,300423,昇辉科技,11.11,-0.98,-0.11,594557.0,663930049.7,3.83,11.36,10.93,11.09,11.22,0.77,17.84,640.82,4.1,5527350432.0,3703634966.0,0.0,0.27,42.99,32.58
2715,002404,嘉欣丝绸,7.06,-0.98,-0.07,102897.0,72939467.0,2.24,7.18,7.02,7.1,7.13,0.78,2.26,19.49,2.0,3953963879.0,3217856898.0,0.0,0.0,1.88,0.71
2716,603729,龙韵股份,18.06,-0.99,-0.18,39302.0,70141720.0,2.96,18.11,17.57,17.98,18.24,0.9,4.21,-19.43,5.52,1685684280.0,1685684280.0,0.06,0.17,5.99,12.24
2717,000885,城发环境,13.97,-0.99,-0.14,64547.0,90333692.97,1.56,14.11,13.89,14.09,14.11,0.76,1.01,7.37,0.98,8969833222.0,8969833222.0,-0.07,-0.07,1.23,1.82
2718,600855,航天长峰,18.97,-0.99,-0.19,152597.0,286487134.0,2.77,19.04,18.51,18.89,19.16,0.54,3.26,-86.23,5.8,8888255550.0,8871125640.0,0.0,0.05,11.52,-9.84
2719,301206,三元生物,27.1,-0.99,-0.27,15893.0,43192554.0,1.61,27.49,27.05,27.12,27.37,0.56,1.22,61.01,1.27,5483026470.0,3530672606.0,0.04,-0.04,0.71,3.08
2720,000056,皇庭国际,2.0,-0.99,-0.02,508305.0,100310108.0,3.47,2.01,1.94,1.99,2.02,0.6,5.62,-0.73,-1.13,2365056440.0,1807453066.0,0.0,0.0,-15.61,-0.5
2721,002116,中国海诚,11.05,-0.99,-0.11,69745.0,77218987.68,1.61,11.19,11.01,11.14,11.16,0.99,1.51,15.02,1.86,5147024241.0,5090734569.0,-0.09,-0.09,-0.27,7.49
2722,002091,江苏国泰,9.03,-0.99,-0.09,255363.0,228685638.94,3.07,9.09,8.81,9.05,9.12,0.94,1.6,11.36,0.9,14698263651.0,14419324919.0,-0.22,-0.11,-0.33,0.0
2723,300709,精研科技,42.18,-0.99,-0.42,67830.0,282341849.81,3.8,42.55,40.93,41.6,42.6,0.75,4.54,39.05,3.42,7848714405.0,6296759513.0,0.14,0.09,-4.2,-10.56
2724,002188,中天服务,7.01,-0.99,-0.07,109061.0,76054268.71,3.53,7.07,6.82,6.99,7.08,0.94,4.24,76.56,7.07,2292998087.0,1804114679.0,0.0,-0.14,12.88,15.3
2725,920729,永顺生物,9.0,-0.99,-0.09,18466.0,16673303.77,2.42,9.17,8.95,8.98,9.09,0.77,2.4,60.65,3.64,2460150000.0,691425369.0,0.0,0.11,2.27,3.69
2726,920370,新安洁,3.99,-0.99,-0.04,45117.0,18095945.09,2.73,4.08,3.97,3.99,4.03,0.37,1.72,-17.58,2.06,1198130539.0,1043634024.0,-0.25,-0.25,-4.55,-3.62
2727,688295,中复神鹰,30.04,-0.99,-0.3,48261.0,142708868.0,3.79,30.24,29.09,30.0,30.34,0.96,0.54,279.71,5.72,27036000000.0,27036000000.0,-0.07,0.27,20.89,-8.44
2728,920007,酉立智能,66.13,-0.99,-0.66,2923.0,19292387.47,3.05,67.17,65.13,66.48,66.79,0.58,2.75,32.35,4.46,2938317919.0,703811671.0,0.38,0.23,-3.32,-4.1
2729,600423,柳化股份,4.0,-0.99,-0.04,234021.0,94059342.0,3.47,4.1,3.96,4.06,4.04,1.15,2.93,342.02,5.71,3194780104.0,3194780104.0,0.5,0.25,-4.76,7.53
2730,603418,友升股份,53.85,-0.99,-0.54,8324.0,44565361.0,1.18,53.9,53.26,53.81,54.39,0.9,2.06,21.72,2.36,10396735709.0,2176746779.0,0.02,0.06,-3.6,-10.99
2731,688321,微芯生物,30.15,-0.99,-0.3,83717.0,248930882.0,4.27,30.45,29.15,30.0,30.45,0.77,2.05,261.47,7.56,13354678627.0,12295414577.0,0.0,0.2,12.0,3.18
2732,300118,东方日升,18.95,-0.99,-0.19,608526.0,1140950126.55,3.61,19.1,18.41,18.6,19.14,0.72,6.57,-17.36,2.05,21603262704.0,17563354216.0,0.11,0.21,85.97,29.26
2733,000965,天保基建,3.95,-1.0,-0.04,191340.0,75256589.6,2.26,3.99,3.9,3.96,3.99,0.68,1.72,50.89,0.8,4383832035.0,4383832035.0,0.51,0.51,-12.22,0.77
2734,002164,宁波东力,12.88,-1.0,-0.13,108259.0,137890263.36,2.46,12.9,12.58,12.89,13.01,0.87,2.26,87.94,4.79,6854397114.0,6179504808.0,0.08,0.0,-1.45,-19.55
2735,002045,国光电器,12.91,-1.0,-0.13,97136.0,123756164.09,2.84,12.98,12.61,12.81,13.04,0.79,1.73,284.83,1.64,7261657234.0,7253262507.0,0.08,0.0,-12.89,-8.89
2736,000426,兴业银锡,49.68,-1.0,-0.5,686532.0,3321974194.46,6.88,50.32,46.87,48.1,50.18,0.81,3.87,48.5,9.63,88213583514.0,88192207452.0,0.16,0.1,37.39,39.55
2737,603120,肯特催化,43.76,-1.0,-0.44,15783.0,68803088.0,3.35,44.48,43.0,44.0,44.2,0.77,6.98,58.92,3.36,3955904000.0,988976000.0,0.02,0.05,10.78,13.66
2738,300331,苏大维格,45.44,-1.0,-0.46,145061.0,637696120.46,6.38,45.68,42.75,43.62,45.9,0.8,6.9,248.02,7.54,11799054276.0,9552213677.0,0.04,0.02,50.51,40.42
2739,002287,奇正藏药,24.72,-1.0,-0.25,38191.0,94706214.2,1.92,25.08,24.6,24.9,24.97,0.42,0.67,21.88,2.86,14142761978.0,14114867732.0,0.0,0.04,-1.04,4.48
2740,688222,成都先导,26.85,-1.0,-0.27,104643.0,276943415.0,4.06,27.0,25.9,26.37,27.12,0.92,2.61,94.36,7.22,10758258000.0,10758258000.0,0.0,0.22,20.46,14.5
2741,002870,香山股份,37.71,-1.0,-0.38,21181.0,79157831.0,2.94,37.97,36.85,37.66,38.09,0.59,1.64,41.26,2.94,4980572234.0,4863141182.0,0.0,-0.08,7.13,-4.09
2742,002863,今飞凯达,5.95,-1.0,-0.06,119430.0,70568071.0,2.5,5.98,5.83,5.94,6.01,0.75,1.99,36.87,1.26,3566927146.0,3566927146.0,0.34,0.34,-1.33,1.36
2743,688516,奥特维,78.2,-1.0,-0.79,99591.0,765607084.0,4.09,78.44,75.21,77.11,78.99,0.84,3.16,55.6,6.64,24658796851.0,24614247640.0,0.32,0.29,99.39,72.78
2744,688658,悦康药业,18.77,-1.0,-0.19,74440.0,137999495.0,2.95,18.86,18.3,18.3,18.96,0.77,1.65,-33.28,2.54,8446500000.0,8446500000.0,0.16,0.37,-24.92,-16.98
2745,603381,永臻股份,25.79,-1.0,-0.26,101896.0,259681890.0,4.26,26.06,24.95,25.8,26.05,0.93,7.17,2094.92,1.71,6118840648.0,3665730922.0,0.39,0.12,29.6,29.86
2746,002598,山东章鼓,9.91,-1.0,-0.1,65742.0,65287895.86,2.3,10.08,9.85,10.0,10.01,0.86,2.34,37.43,2.52,3092387207.0,2789107771.0,0.0,-0.1,-11.2,-7.3
2747,002707,众信旅游,6.91,-1.0,-0.07,201457.0,138227812.72,2.29,6.95,6.79,6.85,6.98,0.87,2.44,75.99,7.33,6790560878.0,5702181925.0,0.14,0.14,-2.54,-3.89
2748,002662,峰璟股份,3.95,-1.0,-0.04,248597.0,97538696.0,2.26,3.97,3.88,3.93,3.99,0.87,1.66,21.81,1.35,5925000000.0,5924925345.0,0.25,0.0,-0.75,-1.74
2749,000514,渝 开 发,4.91,-1.01,-0.05,93093.0,45522596.64,1.81,4.94,4.85,4.9,4.96,0.75,1.1,19.26,1.09,4142915438.0,4142915438.0,-0.2,0.2,-10.07,-0.2
2750,000532,华金资本,14.68,-1.01,-0.15,64211.0,93624339.0,2.02,14.72,14.42,14.56,14.83,0.47,1.87,36.65,3.23,5060318431.0,5043310271.0,0.07,0.14,2.51,-8.93
2751,000758,中色股份,7.88,-1.01,-0.08,647579.0,503300640.86,4.02,7.93,7.61,7.83,7.96,0.56,3.28,24.46,2.63,15684666648.0,15572198482.0,0.38,0.25,29.39,18.67
2752,920266,生物谷,8.84,-1.01,-0.09,9984.0,8805113.63,1.9,8.91,8.74,8.89,8.93,0.61,0.84,-19.63,1.25,1096160062.0,1047455640.0,-0.11,0.0,-6.95,-2.54
2753,002940,昂利康,30.42,-1.01,-0.31,33291.0,100976413.0,2.44,30.75,30.0,30.42,30.73,0.67,1.8,59.24,3.85,6136571418.0,5636079706.0,0.07,0.0,-21.05,-9.25
2754,600529,山东药玻,19.63,-1.01,-0.2,65220.0,127587458.0,1.01,19.68,19.48,19.61,19.83,0.72,0.98,18.89,1.57,13026745038.0,13026745038.0,-0.05,-0.1,-2.29,-1.51
2755,300158,振东制药,5.9,-1.01,-0.06,197749.0,116345495.1,1.85,5.93,5.82,5.89,5.96,0.75,1.99,215.62,1.62,5854588030.0,5850950008.0,0.0,0.34,-10.2,1.55
2756,300402,宝色股份,22.5,-1.01,-0.23,60713.0,135592765.58,3.12,22.73,22.02,22.2,22.73,0.64,2.49,82.97,3.71,5552786183.0,5481416183.0,0.0,0.22,9.81,4.6
2757,603676,卫信康,10.8,-1.01,-0.11,16823.0,18180874.0,2.38,10.96,10.7,10.81,10.91,0.85,0.39,16.08,3.08,4699744200.0,4699744200.0,0.09,0.09,-5.35,2.66
2758,605122,四方新材,13.77,-1.01,-0.14,20967.0,28700739.0,2.23,13.84,13.53,13.74,13.91,0.81,1.22,-49.77,1.18,2373314580.0,2373314580.0,-0.22,0.22,5.68,4.71
2759,301315,威士顿,53.9,-1.01,-0.55,15559.0,82821854.1,2.7,54.14,52.67,53.1,54.45,0.74,4.21,165.57,4.66,4743200000.0,1994300000.0,-0.15,0.06,-8.74,-5.74
2760,920964,润农节水,6.83,-1.01,-0.07,25230.0,17265575.73,2.17,6.94,6.79,6.81,6.9,0.39,1.71,467.59,2.0,1784050640.0,1008772129.0,0.0,-0.15,-0.87,2.09
2761,000166,申万宏源,4.85,-1.02,-0.05,821376.0,399016113.69,1.02,4.88,4.83,4.85,4.9,0.83,0.36,11.36,1.09,121443731116.0,109297210483.0,-0.41,-0.21,-3.58,-7.97
2762,000035,中国天楹,7.74,-1.02,-0.08,2673699.0,2125837220.24,6.91,8.19,7.65,7.81,7.82,1.13,11.56,44.24,1.77,18483373632.0,17902819290.0,0.26,0.13,41.24,40.22
2763,003000,劲仔食品,10.65,-1.02,-0.11,30994.0,32873644.53,1.67,10.73,10.55,10.67,10.76,0.68,1.01,20.84,3.61,4802022793.0,3280842142.0,0.09,0.19,-9.52,-6.5
2764,300642,透景生命,17.52,-1.02,-0.18,29259.0,51175834.2,1.86,17.66,17.33,17.45,17.7,0.81,2.12,369.84,1.94,2847771598.0,2412626044.0,0.06,-0.11,-7.69,-4.73
2765,920422,润普食品,12.58,-1.02,-0.13,12020.0,15105157.57,2.99,12.8,12.42,12.6,12.71,0.69,1.82,59.57,2.59,1113112492.0,833081692.0,0.8,0.4,-2.78,-2.48
2766,300591,万里马,7.8,-1.02,-0.08,117651.0,90980822.1,2.79,7.85,7.63,7.76,7.88,0.78,3.36,-36.05,12.46,3164255461.0,2733469651.0,0.0,0.26,-19.84,-21.37
2767,300091,*ST金灵,2.92,-1.02,-0.03,127245.0,36936765.0,1.69,2.93,2.88,2.93,2.95,0.71,0.78,-23.2,10.49,8298771596.0,4775431703.0,0.0,0.0,10.61,3.91
2768,002195,岩山科技,10.65,-1.02,-0.11,4886480.0,5175942500.66,2.51,10.73,10.46,10.52,10.76,0.74,8.72,248.1,6.05,60391407512.0,59653437233.0,-0.09,-0.09,54.35,50.21
2769,601015,陕西黑猫,4.83,-1.02,-0.05,1875721.0,946964033.0,10.45,5.28,4.77,5.23,4.88,0.93,9.18,-9.91,1.75,9865263596.0,9865263596.0,0.21,0.0,11.55,33.43
2770,600109,国金证券,8.75,-1.02,-0.09,253719.0,221484171.0,1.24,8.79,8.68,8.74,8.84,0.86,0.68,14.3,0.93,32421942963.0,32421942963.0,-0.11,-0.11,-3.63,-5.91
2771,002120,韵达股份,6.77,-1.02,-0.07,298354.0,201168572.32,1.02,6.79,6.72,6.77,6.84,0.84,1.06,20.17,0.96,19627591251.0,19058427785.0,0.0,0.15,-2.31,0.45
2772,688581,安杰思,57.53,-1.02,-0.59,3212.0,18404104.0,1.48,57.88,57.02,57.5,58.12,0.67,0.77,20.95,1.85,4666953205.0,2390929599.0,0.0,0.24,-2.01,-1.88
2773,300161,华中数控,30.96,-1.02,-0.32,27694.0,85050115.18,2.62,31.16,30.34,30.7,31.28,0.66,1.42,-77.55,4.0,6151656210.0,6037042197.0,0.03,-0.03,8.71,6.61
2774,603305,旭升集团,15.45,-1.02,-0.16,321111.0,486205576.0,3.97,15.5,14.88,15.27,15.61,1.05,2.78,44.66,2.2,17855697190.0,17855697190.0,0.0,0.26,15.73,-4.51
2775,688721,龙图光罩,43.51,-1.02,-0.45,17136.0,73255744.0,4.05,43.78,42.0,43.0,43.96,0.87,3.2,100.17,4.79,5808585000.0,2327112335.0,0.0,0.28,-1.23,-6.49
2776,600249,两面针,5.8,-1.02,-0.06,81900.0,47513978.0,2.05,5.87,5.75,5.8,5.86,0.67,1.49,101.85,1.46,3190000000.0,3190000000.0,0.17,0.17,-9.09,0.87
2777,688115,思林杰,44.43,-1.02,-0.46,8030.0,35216521.0,4.41,45.01,43.03,45.01,44.89,1.09,1.2,-305.31,2.34,2962148100.0,2962148100.0,0.07,0.07,-31.33,-32.25
2778,601968,宝钢包装,5.83,-1.02,-0.06,96068.0,55691939.0,2.21,5.86,5.73,5.81,5.89,0.8,0.75,31.74,1.63,7437794252.0,7437794252.0,0.17,0.52,13.87,9.18
2779,603136,天目湖,11.65,-1.02,-0.12,36438.0,42388166.0,1.61,11.75,11.56,11.62,11.77,0.83,1.35,28.35,2.32,3146976172.0,3146976172.0,0.09,0.17,1.92,-1.1
2780,002303,美盈森,3.83,-1.03,-0.04,248258.0,94950809.0,2.33,3.88,3.79,3.85,3.87,0.76,2.57,16.91,1.3,5864969714.0,3703368737.0,0.0,-0.26,-9.67,-4.96
2781,600132,重庆啤酒,56.9,-1.03,-0.59,40478.0,230864384.0,1.37,57.44,56.65,56.94,57.49,0.86,0.84,22.37,19.96,27537961166.0,27537961166.0,0.02,0.05,7.36,8.92
2782,603779,威龙股份,6.7,-1.03,-0.07,50016.0,33427110.0,2.81,6.8,6.61,6.69,6.77,0.71,1.51,-144.49,4.07,2224954452.0,2224954452.0,0.3,0.3,-2.76,4.04
2783,002593,日上集团,5.77,-1.03,-0.06,183310.0,104935964.0,2.57,5.8,5.65,5.75,5.83,0.74,3.28,44.51,1.92,4638260827.0,3224559411.0,-0.17,0.17,-5.87,-2.37
2784,600006,东风股份,6.71,-1.03,-0.07,139484.0,93438504.0,1.18,6.75,6.67,6.75,6.78,0.66,0.7,99.13,1.6,13420000000.0,13420000000.0,0.0,-0.15,-8.96,-6.55
2785,603529,爱玛科技,27.87,-1.03,-0.29,37147.0,103013410.0,1.6,28.0,27.55,28.0,28.16,0.73,0.44,9.52,2.54,24222596858.0,23621509964.0,0.0,0.04,-9.78,-6.16
2786,603352,至信股份,39.55,-1.03,-0.41,17746.0,69730571.0,1.23,39.56,39.07,39.32,39.96,0.73,3.99,40.75,3.85,8964666680.0,1756904813.0,0.03,0.13,80.76,80.76
2787,603739,蔚蓝生物,15.42,-1.03,-0.16,43865.0,67643050.0,1.48,15.55,15.32,15.5,15.58,0.86,1.73,47.37,2.2,3901705114.0,3901705114.0,0.06,0.06,2.53,8.98
2788,603255,鼎际得,30.72,-1.03,-0.32,12391.0,37989230.0,2.8,31.14,30.27,31.14,31.04,0.72,2.04,341.1,2.6,4134656010.0,1863943619.0,-0.03,-0.03,-7.27,4.77
2789,688163,赛伦生物,24.02,-1.03,-0.25,11562.0,27598134.0,2.51,24.22,23.61,23.9,24.27,0.84,1.07,50.27,2.34,2599444400.0,2599444400.0,0.04,0.08,4.89,10.34
2790,600743,华远控股,1.93,-1.03,-0.02,136074.0,26294667.0,1.54,1.95,1.92,1.95,1.95,0.63,0.58,-93.04,7.15,4527974687.0,4527974687.0,0.0,-0.52,-9.39,-3.5
2791,920834,三维装备,14.38,-1.03,-0.15,11657.0,16769761.13,2.89,14.7,14.28,14.47,14.53,0.87,1.86,36.67,5.6,1725600072.0,903012793.0,-0.48,-0.07,-16.4,-6.44
2792,000411,英特集团,11.58,-1.03,-0.12,41836.0,48383661.43,1.28,11.64,11.49,11.5,11.7,0.64,1.14,15.22,1.29,6542653981.0,4259028025.0,-0.09,0.0,-10.44,-9.18
2793,300923,研奥股份,28.9,-1.03,-0.3,16734.0,48182746.78,3.25,29.25,28.3,28.98,29.2,1.07,2.19,66.24,2.01,2271540000.0,2209939650.0,0.31,-0.1,12.06,13.2
2794,002724,海洋王,7.65,-1.03,-0.08,128874.0,97597678.0,2.59,7.68,7.48,7.6,7.73,0.55,2.27,80.79,2.18,5901959654.0,4343574865.0,0.0,0.0,5.66,12.83
2795,000655,金岭矿业,10.52,-1.03,-0.11,120016.0,125799030.5,3.86,10.69,10.28,10.61,10.63,0.86,2.02,21.31,1.78,6262979220.0,6262979220.0,0.0,0.29,12.63,10.74
2796,301551,无线传媒,32.38,-1.04,-0.34,40516.0,129722061.17,2.41,32.5,31.71,32.4,32.72,0.88,2.62,44.75,5.06,12952323800.0,5004449454.0,0.0,-0.12,-5.82,2.63
2797,920837,华原股份,15.22,-1.04,-0.16,24977.0,37961447.59,5.27,15.68,14.87,15.0,15.38,1.02,1.83,30.75,4.05,2309068618.0,2081910118.0,-0.07,0.46,9.03,4.39
2798,002673,西部证券,7.64,-1.04,-0.08,264719.0,201840175.32,1.3,7.67,7.57,7.65,7.72,0.74,0.59,20.6,1.15,34147604226.0,34147604226.0,0.0,0.0,-2.8,-3.17
2799,002285,世联行,2.85,-1.04,-0.03,331941.0,94544892.8,2.43,2.89,2.82,2.85,2.88,0.72,1.68,-102.52,2.03,5679562758.0,5630962244.0,0.0,0.0,-11.49,0.0
2800,000997,新 大 陆,22.91,-1.04,-0.24,124028.0,280967789.08,2.89,23.02,22.35,22.78,23.15,0.78,1.23,18.96,3.23,23210073233.0,23080436219.0,0.0,-0.09,-7.73,-19.1
2801,688381,帝奥微,22.87,-1.04,-0.24,35068.0,78997651.0,2.73,22.9,22.27,22.77,23.11,0.99,1.42,-80.82,2.23,5660325000.0,5660325000.0,0.18,0.22,-4.43,0.26
2802,000026,飞亚达,15.16,-1.04,-0.16,39019.0,59153818.79,2.35,15.39,15.03,15.05,15.32,0.85,1.07,36.9,1.82,6151382346.0,5526774822.0,0.26,0.2,0.4,-7.45
2803,603402,陕西旅游,137.19,-1.04,-1.44,9629.0,130773589.0,2.72,137.79,134.02,136.78,138.63,0.87,4.98,21.55,5.86,10609360091.0,2652340091.0,0.03,0.07,70.55,70.55
2804,688315,诺禾致源,14.27,-1.04,-0.15,35359.0,50116534.0,1.94,14.32,14.04,14.13,14.42,0.95,0.85,35.75,2.18,5939174000.0,5939174000.0,0.14,0.07,5.16,7.45
2805,600906,财达证券,6.65,-1.04,-0.07,203942.0,135600352.0,1.04,6.68,6.61,6.66,6.72,0.68,0.96,24.38,1.76,21579250000.0,14126162418.0,0.15,0.15,-1.48,-0.3
2806,002370,亚太药业,6.68,-1.04,-0.07,145403.0,97204226.0,2.67,6.81,6.63,6.7,6.75,0.77,1.95,38.44,4.44,4981059100.0,4981059100.0,0.0,0.15,-8.49,-8.62
2807,601992,金隅集团,1.9,-1.04,-0.02,825132.0,156012361.0,2.08,1.91,1.87,1.9,1.92,0.76,0.99,-10.68,0.5,20287765155.0,15834900702.0,0.0,0.53,13.1,13.77
2808,600653,申华控股,1.89,-1.05,-0.02,216096.0,40726892.0,1.57,1.9,1.87,1.9,1.91,0.66,1.11,-30.98,5.03,3678658799.0,3678658799.0,-0.53,-0.53,-5.97,-0.53
2809,688203,海正生材,13.23,-1.05,-0.14,25787.0,34041252.0,4.04,13.5,12.96,13.25,13.37,0.72,1.27,291.04,1.82,2681430840.0,2681430840.0,-0.3,-0.15,1.61,3.52
2810,688598,金博股份,25.51,-1.05,-0.27,39293.0,99165314.0,3.26,25.7,24.86,25.46,25.78,0.8,1.93,-3.83,1.36,5295190189.0,5193213964.0,0.04,-0.04,-9.38,-13.11
2811,603589,口子窖,26.45,-1.05,-0.28,32072.0,84868258.0,1.12,26.63,26.33,26.56,26.73,0.64,0.54,15.99,1.51,15820260034.0,15820260034.0,0.08,0.0,-13.79,-11.98
2812,001386,马可波罗,22.54,-1.05,-0.24,42601.0,95429909.58,2.02,22.62,22.16,22.62,22.78,0.85,4.35,19.01,2.26,26933496800.0,2205791538.0,0.0,0.04,1.81,-0.84
2813,600036,招商银行,38.79,-1.05,-0.41,766775.0,2983734019.0,1.1,39.18,38.75,38.9,39.2,0.86,0.37,6.51,0.89,978277810863.0,800196754401.0,0.03,0.0,-7.64,-5.6
2814,601456,国联民生,9.42,-1.05,-0.1,220366.0,207177754.0,0.95,9.44,9.35,9.35,9.52,0.71,0.5,22.77,1.03,53511184233.0,41150227630.0,0.0,-0.11,-10.11,-7.37
2815,688565,力源科技,14.13,-1.05,-0.15,40695.0,56651232.0,5.53,14.39,13.6,14.23,14.28,0.71,2.72,218.8,4.26,2115684900.0,2115684900.0,0.07,0.21,36.39,26.27
2816,603118,共进股份,12.21,-1.05,-0.13,381049.0,453904963.0,5.19,12.29,11.65,12.16,12.34,1.21,4.84,83.55,1.91,9612644917.0,9612644917.0,0.0,0.0,8.05,6.17
2817,000785,居然智家,2.84,-1.05,-0.03,402965.0,114167988.14,1.74,2.86,2.81,2.84,2.87,0.81,0.68,33.31,0.86,17684818632.0,16749165438.0,-0.35,-0.35,-9.55,-2.74
2818,603617,君禾股份,7.55,-1.05,-0.08,52841.0,39800441.0,1.83,7.6,7.46,7.55,7.63,0.73,1.38,71.89,1.96,2948058594.0,2896492094.0,0.13,0.27,1.62,0.13
2819,688305,科德数控,62.47,-1.05,-0.66,34148.0,210986042.0,3.25,62.87,60.82,62.1,63.13,0.97,2.58,93.54,4.38,8302680175.0,8259394712.0,0.19,0.14,5.47,1.08
2820,601116,三江购物,15.1,-1.05,-0.16,126359.0,189299740.0,2.36,15.2,14.84,15.11,15.26,0.69,2.31,54.17,2.57,8269943840.0,8269943840.0,0.0,0.07,-0.79,9.66
2821,002133,广宇集团,3.76,-1.05,-0.04,172356.0,64422639.0,3.16,3.82,3.7,3.75,3.8,0.97,2.24,23.06,0.99,2910782098.0,2894711956.0,0.8,0.8,8.67,10.91
2822,600535,天士力,14.07,-1.05,-0.15,81117.0,114433547.0,0.98,14.19,14.05,14.19,14.22,0.76,0.54,19.02,1.7,21019876570.0,21019876570.0,0.07,0.14,-8.87,-6.64
2823,300952,恒辉安防,39.68,-1.05,-0.42,52944.0,205672175.66,4.19,39.68,38.0,39.19,40.1,1.12,5.05,62.65,4.04,6848243788.0,4158009823.0,0.53,0.61,16.53,-2.91
2824,301306,西测测试,99.47,-1.05,-1.06,30852.0,302132577.64,4.04,100.22,96.16,98.5,100.53,0.71,5.29,-59.41,9.17,8395268000.0,5799101000.0,0.04,0.03,67.37,-13.02
2825,603221,爱丽家居,12.2,-1.05,-0.13,23522.0,28628444.0,2.92,12.39,12.03,12.23,12.33,0.76,0.97,103.72,1.86,2983388000.0,2955694000.0,0.25,0.25,-0.41,-6.87
2826,920504,博迅生物,24.61,-1.05,-0.26,3143.0,7748261.83,2.73,25.0,24.32,24.8,24.87,0.85,1.84,71.5,5.17,1066427591.0,420631782.0,0.08,-0.04,4.68,1.57
2827,600999,招商证券,15.95,-1.05,-0.17,362772.0,576362151.0,1.36,16.0,15.78,15.92,16.12,0.8,0.49,11.28,1.15,138709602556.0,118380984088.0,-0.06,-0.06,-1.66,-4.15
2828,002391,长青股份,6.59,-1.05,-0.07,120249.0,79761433.0,2.7,6.74,6.56,6.62,6.66,1.06,2.59,61.4,1.0,4280814905.0,3058556144.0,0.0,0.15,10.02,11.13
2829,603700,宁水集团,14.01,-1.06,-0.15,39961.0,55640726.0,2.97,14.1,13.68,14.0,14.16,1.03,2.0,27.88,1.73,2801466695.0,2801466695.0,0.21,0.14,8.35,3.09
2830,920519,万德股份,13.11,-1.06,-0.14,42962.0,58117233.38,6.57,13.97,13.1,13.51,13.25,0.98,6.82,54.16,2.23,1170173743.0,825855981.0,0.08,-0.3,5.73,8.98
2831,300746,汉嘉数智,13.04,-1.06,-0.14,34648.0,45014638.0,2.81,13.17,12.8,13.01,13.18,0.97,1.55,87.05,3.83,2943627797.0,2915032668.0,0.0,-0.23,0.54,2.92
2832,301022,海泰科,31.62,-1.06,-0.34,16733.0,52424483.63,2.69,31.79,30.93,31.42,31.96,0.73,2.49,40.19,2.22,3145688064.0,2124419360.0,-0.44,0.03,1.7,-4.44
2833,002890,弘宇股份,15.92,-1.06,-0.17,23189.0,36854109.0,2.61,16.11,15.69,15.98,16.09,0.7,1.44,170.46,4.5,2704412547.0,2570828623.0,0.32,0.51,4.6,9.04
2834,600622,光大嘉宝,2.79,-1.06,-0.03,186560.0,51914737.0,1.06,2.8,2.77,2.79,2.82,0.64,1.24,-5.66,1.42,4184122272.0,4184122272.0,0.36,0.0,-12.26,-2.45
2835,002304,洋河股份,51.17,-1.06,-0.55,52453.0,268682289.32,1.28,51.57,50.91,51.09,51.72,0.74,0.35,14.54,1.59,77084794437.0,77082975343.0,-0.04,0.04,-19.29,-15.76
2836,300256,星星科技,3.74,-1.06,-0.04,230317.0,85448054.89,2.12,3.76,3.68,3.72,3.78,0.72,1.03,-1124.14,9.14,8483791264.0,8390291264.0,0.0,0.0,-14.61,-7.2
2837,301177,迪阿股份,30.79,-1.06,-0.33,27819.0,85256795.44,2.41,31.08,30.33,31.0,31.12,0.53,0.7,90.15,1.98,12324453395.0,12316287117.0,0.2,0.26,3.84,6.65
2838,688600,皖仪科技,26.24,-1.06,-0.28,16523.0,42756312.0,4.68,26.48,25.24,26.34,26.52,0.74,1.23,62.03,4.15,3534750778.0,3534750778.0,0.0,0.15,17.46,4.75
2839,300130,新国都,25.12,-1.06,-0.27,119602.0,296880531.5,3.74,25.37,24.42,24.95,25.39,0.95,2.75,26.22,3.29,14250553970.0,10905905977.0,0.0,0.12,3.12,-9.41
2840,002591,恒大高新,7.5,-1.06,-0.08,168856.0,126929691.7,2.9,7.64,7.42,7.51,7.58,1.45,7.55,-733.3,3.42,2251496130.0,1676343465.0,0.0,0.13,5.63,-7.64
2841,300197,节能铁汉,1.87,-1.06,-0.02,650795.0,120816169.0,3.7,1.9,1.83,1.86,1.89,0.78,2.19,-4.74,5.65,5545107410.0,5544967160.0,0.0,-0.53,-1.58,5.65
2842,300499,高澜股份,37.4,-1.06,-0.4,464688.0,1675768337.62,6.69,37.5,34.97,36.76,37.8,0.85,17.12,250.1,8.25,11416296294.0,10150495986.0,-0.21,0.03,45.41,21.9
2843,600162,香江控股,1.86,-1.06,-0.02,342143.0,63581227.0,2.13,1.88,1.84,1.87,1.88,0.79,1.05,-87.3,1.05,6079294907.0,6079294907.0,0.0,0.54,-6.53,0.54
2844,301367,瑞迈特,72.67,-1.06,-0.78,15314.0,110606822.83,1.89,72.98,71.59,72.01,73.45,0.94,2.19,27.13,2.18,6511232000.0,5082798723.0,-0.04,0.1,-22.33,-15.21
2845,600884,杉杉股份,14.06,-1.06,-0.15,907495.0,1251753072.0,4.01,14.09,13.52,13.85,14.21,0.84,4.95,83.64,1.44,31626744854.0,25801643029.0,0.07,0.07,5.32,4.07
2846,688526,科前生物,15.85,-1.06,-0.17,22452.0,35621505.0,1.44,15.97,15.74,15.88,16.02,0.74,0.48,17.78,1.73,7388129688.0,7388129688.0,0.0,-0.06,1.21,3.87
2847,002527,新时达,14.98,-1.06,-0.16,101979.0,151018069.77,3.17,15.08,14.6,14.76,15.14,0.8,1.93,1714.03,7.94,9932658139.0,7928619313.0,0.13,-0.07,-3.23,-15.56
2848,605089,味知香,26.87,-1.07,-0.29,9156.0,24557454.0,2.21,27.22,26.62,27.16,27.16,0.7,0.66,52.58,3.02,3708060000.0,3708060000.0,0.64,0.07,-4.82,5.54
2849,603198,迎驾贡酒,35.98,-1.07,-0.39,27261.0,97905324.0,1.51,36.3,35.75,36.0,36.37,0.8,0.34,14.29,2.83,28784000000.0,28784000000.0,-0.03,0.11,-10.65,-9.05
2850,300607,拓斯达,27.82,-1.07,-0.3,87611.0,241010876.26,3.27,28.02,27.1,27.5,28.12,0.9,2.64,201.72,4.66,13269372502.0,9237614419.0,0.04,-0.07,-1.21,-15.54
2851,300238,冠昊生物,15.67,-1.07,-0.17,68134.0,106719853.0,1.64,15.77,15.51,15.59,15.84,0.96,2.57,116.63,7.26,4154989835.0,4154651065.0,-0.19,-0.13,6.38,13.14
2852,688288,鸿泉技术,27.71,-1.07,-0.3,18043.0,49716967.0,5.28,28.48,27.0,27.74,28.01,0.9,1.81,93.99,3.66,2765837738.0,2765837738.0,0.0,0.25,3.9,3.36
2853,000829,天音控股,10.19,-1.07,-0.11,376280.0,373865903.47,6.21,10.33,9.69,10.13,10.3,1.24,3.67,-137.01,3.58,10445773463.0,10435881327.0,0.0,0.0,-9.1,-6.6
2854,300333,兆日科技,10.14,-1.07,-0.11,58293.0,58485499.88,2.73,10.2,9.92,10.07,10.25,0.79,1.74,-395.64,5.87,3407040000.0,3394669879.0,0.0,0.1,-5.32,-11.83
2855,002611,东方精工,16.62,-1.07,-0.18,288284.0,471884692.78,2.98,16.66,16.16,16.58,16.8,0.9,2.88,29.73,3.71,20231298971.0,16656525890.0,0.06,0.06,-9.87,-13.53
2856,300580,贝斯特,21.97,-1.08,-0.24,57488.0,124557004.86,3.69,22.17,21.35,21.77,22.21,0.89,1.22,35.04,3.38,11036031081.0,10382856610.0,-0.05,-0.09,-6.95,-16.43
2857,002249,大洋电机,10.05,-1.08,-0.11,513673.0,509224911.82,3.05,10.08,9.77,10.0,10.16,0.9,2.77,21.99,2.5,24763830014.0,18606518333.0,0.0,0.1,-8.8,-7.8
2858,300717,华信新材,22.03,-1.08,-0.24,23714.0,52186470.06,2.47,22.24,21.69,21.96,22.27,0.95,2.33,41.61,3.12,2264133250.0,2243830402.0,-0.14,-0.14,12.4,16.31
2859,600578,京能电力,5.5,-1.08,-0.06,528183.0,292112835.0,2.88,5.64,5.48,5.58,5.56,1.0,0.79,8.71,1.55,36820415583.0,36820415583.0,0.0,0.0,16.28,7.84
2860,002559,亚威股份,10.07,-1.08,-0.11,214815.0,214809045.14,2.36,10.13,9.89,10.04,10.18,0.78,4.26,40.67,3.13,5536133792.0,5075997578.0,-0.1,-0.1,-1.56,-0.49
2861,600864,哈投股份,6.39,-1.08,-0.07,234855.0,149999302.0,0.93,6.42,6.36,6.39,6.46,0.7,1.13,18.32,1.0,13294845623.0,13294845623.0,0.0,0.16,-4.34,-3.62
2862,601966,玲珑轮胎,14.67,-1.08,-0.16,148924.0,218163233.0,1.08,14.74,14.58,14.71,14.83,0.89,1.02,13.79,0.92,21469584360.0,21469584360.0,-0.07,0.07,-1.28,0.96
2863,688113,联测科技,41.2,-1.08,-0.45,12463.0,51066934.0,4.18,41.74,40.0,41.25,41.65,0.74,1.94,29.79,2.7,2653179431.0,2653179431.0,-0.63,-0.72,7.97,4.22
2864,688206,概伦电子,33.99,-1.08,-0.37,43033.0,143115077.0,4.6,34.22,32.64,33.89,34.36,0.86,0.99,401.36,7.37,14791695223.0,14791695223.0,-0.03,0.12,-1.16,-2.41
2865,600335,国机汽车,6.41,-1.08,-0.07,136618.0,87380759.0,2.01,6.47,6.34,6.43,6.48,0.71,0.91,22.76,0.83,9588005516.0,9588005516.0,0.16,0.16,1.1,-1.54
2866,603566,普莱柯,13.69,-1.08,-0.15,47786.0,65805902.0,2.1,13.95,13.66,13.69,13.84,0.94,1.38,22.61,1.84,4737592517.0,4737592517.0,-0.07,0.0,3.95,10.14
2867,002010,传化智联,6.39,-1.08,-0.07,373365.0,237204688.96,2.32,6.43,6.28,6.41,6.46,1.01,1.35,20.8,0.98,17662157502.0,17617618870.0,-0.16,-0.16,11.52,9.98
2868,601089,福元医药,23.59,-1.09,-0.26,18592.0,43684543.0,1.89,23.7,23.25,23.52,23.85,0.64,0.39,22.63,3.07,11323200000.0,11323200000.0,0.21,0.0,-5.07,-1.71
2869,300284,苏交科,7.27,-1.09,-0.08,120269.0,87282843.12,2.31,7.36,7.19,7.25,7.35,1.07,1.0,87.12,1.09,9180757917.0,8704751650.0,0.14,0.0,-10.36,-7.74
2870,920068,天工股份,20.93,-1.09,-0.23,29875.0,62288672.47,4.25,21.27,20.37,20.78,21.16,0.57,4.76,98.05,9.83,13721708314.0,1312400183.0,0.0,0.1,24.88,7.33
2871,000705,浙江震元,9.08,-1.09,-0.1,55557.0,50483300.0,1.53,9.17,9.03,9.14,9.18,0.7,1.97,40.59,1.5,3033839437.0,2560203619.0,0.0,0.11,-9.47,0.33
2872,605016,百龙创园,24.6,-1.09,-0.27,37182.0,92000980.0,2.33,25.1,24.52,24.68,24.87,0.77,0.89,28.25,5.28,10332303072.0,10332303072.0,0.16,0.2,17.87,13.89
2873,603882,金域医学,28.24,-1.09,-0.31,57066.0,160031851.0,2.63,28.38,27.63,28.01,28.55,0.81,1.24,-123.25,1.92,13082413686.0,12994200454.0,0.0,0.14,2.13,2.77
2874,002269,美邦服饰,1.82,-1.09,-0.02,606006.0,109627416.0,2.72,1.84,1.79,1.82,1.84,0.84,2.41,-49.72,24.33,4572750000.0,4572750000.0,0.0,0.55,-10.78,-3.7
2875,601002,晋亿实业,5.45,-1.09,-0.06,170731.0,92456300.0,1.81,5.46,5.36,5.46,5.51,0.93,1.79,23.97,1.22,5201701924.0,5201701924.0,0.18,0.18,8.35,6.03
2876,002935,天奥电子,19.94,-1.09,-0.22,83592.0,165182621.0,3.62,20.11,19.38,20.11,20.16,0.83,2.01,416.63,5.34,8456604010.0,8276912207.0,0.0,0.0,9.44,-10.78
2877,300165,ST天瑞,5.45,-1.09,-0.06,135050.0,72425824.8,3.09,5.46,5.29,5.38,5.51,0.83,3.21,-1663.06,2.11,2700538901.0,2291914001.0,0.37,0.37,17.46,13.31
2878,300531,优博讯,16.3,-1.09,-0.18,61716.0,99390851.04,3.28,16.42,15.88,16.2,16.48,0.74,2.0,46.46,3.73,5233587130.0,5032767429.0,0.0,0.0,-4.23,-9.65
2879,002428,云南锗业,42.72,-1.09,-0.47,548960.0,2253118477.25,8.31,43.0,39.41,41.46,43.19,0.59,8.41,1153.06,19.17,27901286400.0,27897681900.0,0.02,0.33,63.05,34.55
2880,300946,恒而达,50.0,-1.09,-0.55,15935.0,78763721.24,4.19,50.6,48.48,50.49,50.55,1.01,2.1,132.8,6.46,7800390000.0,3790215000.0,0.79,0.83,2.4,-10.27
2881,002044,美年健康,6.35,-1.09,-0.07,1315158.0,817068780.4,5.3,6.41,6.07,6.21,6.42,0.89,3.39,359.46,3.14,24855512411.0,24601345431.0,0.32,0.16,23.78,20.27
2882,920906,舜宇精工,26.35,-1.09,-0.29,7435.0,19251859.66,3.94,26.58,25.53,26.11,26.64,1.03,2.23,51.29,2.96,1711959500.0,878923301.0,0.0,0.04,0.53,-9.76
2883,301093,华兰股份,86.03,-1.09,-0.95,57039.0,485534001.44,4.5,87.17,83.26,84.0,86.98,1.1,3.63,198.72,6.5,14126265713.0,13501031246.0,0.01,0.13,78.75,68.36
2884,300566,激智科技,19.96,-1.09,-0.22,101781.0,200407648.12,3.62,20.07,19.34,19.92,20.18,0.89,4.49,23.48,2.49,5231608275.0,4524541403.0,0.05,-0.05,5.39,8.77
2885,605008,长鸿高科,12.65,-1.09,-0.14,19936.0,25166421.0,1.72,12.75,12.53,12.75,12.79,0.69,0.31,381.61,4.06,8171424537.0,8171424537.0,0.24,0.08,-19.38,-11.35
2886,688317,之江生物,19.9,-1.09,-0.22,18374.0,36439683.0,2.19,20.04,19.6,20.04,20.12,0.81,0.96,-111.47,1.14,3823944180.0,3823944180.0,0.0,0.05,-7.1,-1.34
2887,300667,必创科技,17.9,-1.1,-0.2,60115.0,106212534.98,2.98,17.97,17.43,17.8,18.1,0.63,3.48,-229.43,3.23,3662985098.0,3090085485.0,0.06,0.0,7.12,1.24
2888,601107,四川成渝,6.29,-1.1,-0.07,120502.0,76543745.0,2.67,6.45,6.28,6.4,6.36,0.85,0.56,11.1,1.15,19235197400.0,13603634600.0,0.16,0.0,2.78,3.45
2889,600119,长江投资,6.28,-1.1,-0.07,50649.0,31724774.0,2.36,6.35,6.2,6.3,6.35,0.69,1.39,-117.92,19.22,2293897924.0,2293897924.0,-0.16,0.16,-27.23,-20.0
2890,600538,国发股份,6.3,-1.1,-0.07,122031.0,76042552.0,3.3,6.35,6.14,6.29,6.37,0.87,2.33,-643.11,4.28,3302449592.0,3302449592.0,0.32,0.16,-0.79,2.94
2891,300980,祥源新材,36.72,-1.1,-0.41,50861.0,183421091.0,5.28,37.03,35.07,36.69,37.13,1.05,5.17,93.53,3.6,5069754071.0,3611097971.0,0.03,0.03,41.89,12.53
2892,300671,富满微,42.24,-1.1,-0.47,101121.0,420023146.5,3.98,42.5,40.8,41.7,42.71,0.73,4.58,-117.94,5.84,9351364070.0,9324195852.0,-0.56,-0.07,24.38,32.46
2893,300546,雄帝科技,24.2,-1.1,-0.27,53111.0,126325390.6,4.09,24.37,23.37,24.0,24.47,1.08,3.97,184.25,4.02,4516511122.0,3240718437.0,-0.04,-0.08,3.29,-7.6
2894,003026,中晶科技,32.49,-1.1,-0.36,32941.0,105514566.8,3.81,32.69,31.44,32.25,32.85,0.69,3.44,92.72,6.4,4211321310.0,3109140687.0,0.12,0.15,6.8,5.21
2895,601198,东兴证券,13.43,-1.1,-0.15,201895.0,270513070.0,1.62,13.53,13.31,13.46,13.58,0.74,0.62,20.36,1.47,43411743334.0,43411743334.0,-0.07,-0.07,2.28,-3.24
2896,600446,金证股份,14.34,-1.1,-0.16,137260.0,195141127.0,2.83,14.45,14.04,14.28,14.5,0.75,1.46,-179.07,3.67,13497775649.0,13497775649.0,0.0,0.0,-5.84,-9.92
2897,000837,秦川机床,11.73,-1.1,-0.13,146756.0,170985612.96,2.7,11.83,11.51,11.73,11.86,0.77,1.46,189.24,2.45,12001500668.0,11816841143.0,0.09,0.09,-4.09,-8.93
2898,301282,金禄电子,30.71,-1.1,-0.34,60961.0,184519355.88,3.51,30.82,29.73,30.35,31.05,0.86,5.18,56.64,2.71,4641508417.0,3610948011.0,0.0,0.0,22.25,5.68
2899,300665,飞鹿股份,8.1,-1.1,-0.09,71895.0,58053964.24,2.93,8.22,7.98,8.1,8.19,0.9,3.3,-20.16,3.21,1773460413.0,1766374687.0,-0.25,0.12,-16.32,-17.01
2900,603899,晨光股份,25.9,-1.11,-0.29,59464.0,153324435.0,1.57,26.03,25.62,25.97,26.19,1.18,0.65,18.87,2.67,23853132764.0,23853132764.0,-0.04,-0.12,-9.19,-4.29
2901,300902,国安达,19.6,-1.11,-0.22,36971.0,72054565.0,2.27,19.73,19.28,19.64,19.82,0.83,3.05,1283.33,4.34,3563346032.0,2376562210.0,-0.05,0.0,-18.47,-5.9
2902,920021,流金科技,10.69,-1.11,-0.12,234953.0,242711285.29,5.92,10.69,10.05,10.5,10.81,0.7,9.49,315.78,5.14,3303209818.0,2646359454.0,0.75,1.52,65.22,59.08
2903,002823,凯中精密,16.08,-1.11,-0.18,79767.0,126562641.0,3.38,16.15,15.6,16.04,16.26,1.19,3.64,22.12,2.6,5280172700.0,3520206216.0,0.12,0.44,3.68,0.12
2904,002820,桂发祥,11.61,-1.11,-0.13,43220.0,50183887.6,2.13,11.75,11.5,11.59,11.74,0.7,2.15,1715.45,2.61,2332080905.0,2332080905.0,-0.09,0.09,-14.38,-3.65
2905,601128,常熟银行,7.14,-1.11,-0.08,371758.0,266147295.0,1.52,7.23,7.12,7.2,7.22,0.75,1.12,5.29,0.8,23679952629.0,23679952629.0,0.14,0.14,-2.19,1.42
2906,300464,星徽股份,7.12,-1.11,-0.08,103124.0,73104930.5,3.19,7.24,7.01,7.13,7.2,0.8,2.9,908.08,23.47,3259676001.0,2530039846.0,0.0,0.14,0.56,12.3
2907,603236,移远通信,80.9,-1.11,-0.91,66965.0,529930892.0,4.57,81.54,77.8,80.16,81.81,0.97,2.56,23.81,4.68,23284914597.0,21168104209.0,-0.25,-0.01,-10.07,-15.21
2908,001389,广合科技,109.3,-1.11,-1.23,89272.0,934671073.8,8.52,109.93,100.51,107.0,110.53,0.95,5.91,48.21,12.79,46527643750.0,16521564700.0,0.13,0.05,56.17,33.9
2909,603030,全筑股份,2.67,-1.11,-0.03,204684.0,54237011.0,3.33,2.7,2.61,2.67,2.7,0.77,1.55,-29.3,3.97,3516212498.0,3516212498.0,-0.37,-0.37,-12.75,-9.8
2910,301041,金百泽,28.33,-1.12,-0.32,39260.0,109204957.2,3.8,28.44,27.35,28.35,28.65,0.93,4.97,322.43,4.53,3022244400.0,2235821703.0,0.0,-0.07,-1.43,4.15
2911,600276,恒瑞医药,54.94,-1.12,-0.62,426233.0,2329596366.0,2.03,55.18,54.05,54.78,55.56,0.73,0.67,47.55,6.13,364647761078.0,350462384934.0,-0.05,0.07,-9.89,-7.77
2912,600616,金枫酒业,5.32,-1.12,-0.06,75409.0,40221612.0,1.49,5.38,5.3,5.34,5.38,0.72,1.13,-278.44,1.85,3559106334.0,3559106334.0,-0.19,0.19,-6.01,-0.75
2913,300967,晓鸣股份,21.26,-1.12,-0.24,164431.0,352674427.34,5.16,21.99,20.88,21.51,21.5,0.99,13.18,16.34,4.87,3987764137.0,2651549879.0,0.19,0.0,10.56,12.9
2914,603871,嘉友国际,14.98,-1.12,-0.17,109463.0,163792422.0,3.43,15.23,14.71,15.23,15.15,0.71,0.8,17.59,3.55,20492769697.0,20492769697.0,-0.2,0.0,16.76,7.38
2915,601228,广州港,3.53,-1.12,-0.04,401613.0,141706414.0,2.52,3.59,3.5,3.56,3.57,0.72,0.53,26.71,1.25,26632195669.0,26632195669.0,0.28,0.57,6.01,8.95
2916,002163,海南发展,14.14,-1.12,-0.16,308775.0,432881447.5,2.87,14.25,13.84,14.05,14.3,0.82,3.84,-24.56,16.96,11947704239.0,11362181093.0,0.0,0.0,0.93,-40.69
2917,300747,锐科激光,31.84,-1.12,-0.36,254320.0,804377926.31,4.63,32.4,30.91,31.48,32.2,0.69,4.99,109.04,5.33,17881344000.0,16215272761.0,0.06,0.16,31.68,17.8
2918,000715,中兴商业,6.18,-1.12,-0.07,83991.0,52047221.02,2.4,6.28,6.13,6.21,6.25,0.69,1.56,36.61,1.7,3339885964.0,3330979218.0,0.0,0.0,-4.48,-1.75
2919,920367,新赣江,21.11,-1.12,-0.24,10857.0,22841903.47,2.3,21.29,20.8,21.0,21.35,0.93,2.59,102.56,3.11,1495880988.0,886463322.0,0.29,0.76,-3.03,4.66
2920,301156,美农生物,20.29,-1.12,-0.23,30600.0,62101622.93,3.27,20.72,20.05,20.05,20.52,0.96,3.43,52.36,3.93,2856521056.0,1810375392.0,0.0,-0.1,11.98,16.54
2921,002786,银宝山新,7.97,-1.12,-0.09,55100.0,43745414.0,1.61,8.02,7.89,7.98,8.06,0.5,1.12,-264.05,17.21,3950027640.0,3938072640.0,0.0,0.13,-12.71,-7.33
2922,002976,瑞玛精密,27.44,-1.12,-0.31,18943.0,51552317.0,3.21,27.76,26.87,27.71,27.75,0.73,2.84,146.53,3.99,4107786851.0,1829299948.0,0.18,0.15,-11.4,-2.1
2923,000563,陕国投Ａ,3.52,-1.12,-0.04,523533.0,184685831.2,1.69,3.56,3.5,3.54,3.56,0.77,1.02,12.57,0.95,18001175660.0,18001175660.0,-0.28,0.0,2.33,2.03
2924,688068,热景生物,132.5,-1.12,-1.5,13017.0,171874089.0,3.15,134.24,130.02,133.14,134.0,0.72,1.4,-58.35,4.93,12283802050.0,12283802050.0,0.08,-0.05,-27.71,-18.21
2925,002492,恒基达鑫,8.79,-1.12,-0.1,177314.0,158037535.95,6.75,9.28,8.68,8.95,8.89,1.34,4.46,50.56,2.06,3559950000.0,3496967233.0,0.23,0.0,13.13,0.57
2926,603679,华体科技,14.99,-1.12,-0.17,53103.0,78625974.0,3.56,15.09,14.55,14.9,15.16,0.76,3.17,-33.17,3.29,2508533344.0,2508533344.0,-0.07,-0.4,-3.48,-7.24
2927,300174,元力股份,16.75,-1.12,-0.19,72100.0,119924397.4,3.13,16.91,16.38,16.7,16.94,0.76,1.99,26.52,1.76,6100523530.0,6066758863.0,-0.18,-0.18,8.63,8.77
2928,920685,新芝生物,13.96,-1.13,-0.16,7539.0,10532966.44,2.97,14.19,13.77,14.0,14.12,0.76,1.37,36.31,2.29,1277562536.0,766458444.0,0.14,0.29,2.12,2.35
2929,600521,华海药业,15.81,-1.13,-0.18,153628.0,241776440.0,2.13,15.92,15.58,15.85,15.99,0.88,1.03,46.68,2.55,23671556270.0,23671556270.0,-0.06,-0.06,-11.13,-6.84
2930,001231,农心科技,25.27,-1.13,-0.29,27784.0,70424021.58,3.44,25.84,24.96,25.55,25.56,0.92,5.57,47.59,2.55,2525483800.0,1261099350.0,0.0,-0.08,9.11,1.32
2931,002925,盈趣科技,21.9,-1.13,-0.25,142084.0,307717216.0,4.2,22.15,21.22,21.67,22.15,0.82,1.94,71.18,3.66,16899552261.0,16009953784.0,0.0,0.14,22.62,29.28
2932,600467,好当家,2.63,-1.13,-0.03,439514.0,115190272.0,2.26,2.66,2.6,2.63,2.66,0.77,3.01,106.61,1.12,3842415020.0,3842415020.0,0.38,0.38,-9.93,1.15
2933,603456,九洲药业,16.63,-1.13,-0.19,106758.0,176653696.0,1.78,16.71,16.41,16.65,16.82,0.75,1.2,14.84,1.69,14791487446.0,14791487446.0,0.12,0.12,-8.53,-7.09
2934,002282,博深股份,7.85,-1.13,-0.09,102330.0,80326766.2,2.39,7.96,7.77,7.83,7.94,1.15,2.03,19.93,1.14,4135681032.0,3964309958.0,0.26,0.13,3.29,6.8
2935,301126,达嘉维康,12.22,-1.13,-0.14,43123.0,52589335.8,2.43,12.38,12.08,12.21,12.36,0.88,3.13,369.31,1.44,2510027104.0,1684933547.0,0.0,0.08,-12.15,-0.57
2936,600272,开开实业,13.09,-1.13,-0.15,18578.0,24305807.0,1.51,13.2,13.0,13.07,13.24,0.59,1.16,200.39,4.43,3438113960.0,2094400000.0,0.0,0.08,-20.81,-3.96
2937,600433,冠豪高新,3.51,-1.13,-0.04,335735.0,117050242.0,2.82,3.54,3.44,3.51,3.55,0.78,1.92,-48.85,1.38,6143480108.0,6143480108.0,0.29,0.0,8.0,7.01
2938,603408,建霖家居,12.29,-1.13,-0.14,29096.0,35714645.0,1.93,12.4,12.16,12.31,12.43,0.81,0.65,11.84,1.6,5500672170.0,5500672170.0,0.24,0.33,-5.97,-7.94
2939,600533,栖霞建设,2.63,-1.13,-0.03,186114.0,48935494.0,3.38,2.68,2.59,2.63,2.66,1.11,1.77,196.88,0.86,2761500000.0,2761500000.0,-0.38,-0.38,-4.01,2.73
2940,002702,海欣食品,6.15,-1.13,-0.07,202112.0,123541918.4,2.57,6.2,6.04,6.17,6.22,0.84,4.41,-90.95,3.27,3417924000.0,2821274063.0,0.49,0.49,-36.2,-13.62
2941,300232,洲明科技,7.84,-1.13,-0.09,917646.0,702866774.82,5.55,7.9,7.46,7.76,7.93,0.76,10.39,50.69,1.84,8525585664.0,6925595814.0,0.13,0.26,9.34,10.58
2942,300307,慈星股份,6.99,-1.13,-0.08,107884.0,74935245.0,1.98,7.02,6.88,6.97,7.07,0.88,1.37,34.5,1.71,5595870894.0,5511698419.0,0.0,0.14,-4.77,-1.13
2943,002749,国光股份,14.06,-1.13,-0.16,46622.0,66260177.43,3.66,14.55,14.03,14.2,14.22,1.03,1.03,17.67,3.4,6557001213.0,6378333510.0,0.07,0.14,0.64,5.48
2944,300251,光线传媒,17.28,-1.14,-0.2,929512.0,1583037119.62,3.03,17.34,16.81,17.11,17.48,0.8,3.35,16.28,4.72,50692408105.0,47958307373.0,0.12,0.23,7.0,5.49
2945,600350,山东高速,9.5,-1.14,-0.11,195203.0,185959548.0,3.33,9.7,9.38,9.57,9.61,2.43,0.4,13.15,1.55,45928422838.0,45928422838.0,0.32,0.64,2.59,-2.56
2946,920057,百甲科技,6.95,-1.14,-0.08,17479.0,12161191.13,2.7,7.07,6.88,7.0,7.03,0.55,1.52,134.14,1.76,1259779914.0,799741219.0,0.14,0.14,6.11,7.25
2947,301508,中机认检,32.03,-1.14,-0.37,18491.0,59088115.5,2.19,32.38,31.67,32.07,32.4,0.88,3.14,47.67,3.55,7241508956.0,1884529892.0,-0.06,0.0,2.2,2.46
2948,603557,ST起步,3.47,-1.14,-0.04,86163.0,29669720.0,3.42,3.5,3.38,3.45,3.51,0.6,1.38,-19.83,27.62,2163326001.0,2163326001.0,0.29,0.0,20.91,37.15
2949,600106,重庆路桥,6.05,-1.14,-0.07,94188.0,56745298.0,1.8,6.1,5.99,6.1,6.12,0.67,0.71,30.38,1.55,8040601625.0,8040601625.0,0.0,0.0,-3.66,-3.35
2950,600796,钱江生化,6.95,-1.14,-0.08,137924.0,96066360.0,2.13,7.06,6.91,6.94,7.03,0.88,4.43,29.84,1.76,6022771074.0,2164771329.0,0.29,0.14,7.59,14.69
2951,002719,麦趣尔,9.47,-1.15,-0.11,58699.0,55599992.86,3.44,9.64,9.31,9.53,9.58,0.75,3.63,-37.38,8.58,1649100658.0,1532824570.0,-0.53,-0.42,0.53,10.89
2952,002194,武汉凡谷,12.01,-1.15,-0.14,159780.0,189045622.28,3.21,12.05,11.66,11.93,12.15,0.97,3.13,-601.14,3.3,8206262530.0,6135834238.0,0.08,0.0,-1.56,-7.97
2953,600604,市北高新,5.16,-1.15,-0.06,84136.0,43252149.0,1.72,5.19,5.1,5.17,5.22,0.91,0.6,-38.74,1.55,9666252789.0,7262466789.0,0.0,0.0,-12.84,-6.86
2954,600052,东望时代,4.29,-1.15,-0.05,101563.0,43595861.0,1.84,4.34,4.26,4.3,4.34,0.67,1.2,41.13,1.34,3621595439.0,3621595439.0,0.0,0.0,-15.72,-8.92
2955,601628,中国人寿,42.2,-1.15,-0.49,169191.0,707278919.0,2.69,42.36,41.21,41.97,42.69,0.72,0.08,5.33,1.91,1192770551000.0,878752966000.0,0.21,0.29,-2.0,-7.25
2956,000799,酒鬼酒,46.56,-1.15,-0.54,55813.0,258911794.29,1.7,46.84,46.04,46.27,47.1,0.57,1.72,-1157.15,4.02,15128693309.0,15127366349.0,-0.02,0.0,-16.24,-14.69
2957,605218,伟时电子,18.09,-1.15,-0.21,25390.0,45673198.0,2.73,18.26,17.76,17.88,18.3,0.75,1.19,135.62,2.92,4392518303.0,3850157291.0,0.06,0.0,-6.9,-1.95
2958,600064,南京高科,8.61,-1.15,-0.1,187240.0,160929601.0,1.26,8.66,8.55,8.63,8.71,0.83,1.08,4.58,0.76,14898224335.0,14898224335.0,-0.12,0.0,0.82,-0.81
2959,688130,晶华微,23.19,-1.15,-0.27,12263.0,28082619.0,4.13,23.45,22.48,23.33,23.46,0.93,2.03,-65.68,2.26,2803464470.0,1398011330.0,-0.04,-0.09,3.11,10.74
2960,000036,华联控股,5.16,-1.15,-0.06,365886.0,186193797.68,3.45,5.19,5.01,5.13,5.22,0.71,2.61,152.25,1.43,7243704621.0,7229939072.0,0.19,0.39,10.49,-21.82
2961,688337,普源精电,48.3,-1.15,-0.56,45434.0,214936460.0,6.45,48.76,45.61,48.0,48.86,0.89,2.44,109.9,2.96,9364134341.0,8979789265.0,0.0,-0.21,33.83,30.93
2962,688613,奥精医疗,22.29,-1.15,-0.26,42162.0,92341306.0,4.48,22.43,21.42,22.2,22.55,0.88,3.08,232.23,2.13,3053921337.0,3053921337.0,-0.04,0.0,14.48,9.75
2963,300206,理邦仪器,14.66,-1.15,-0.17,87146.0,126706684.0,2.02,14.69,14.39,14.55,14.83,1.07,2.58,24.84,3.96,8497864652.0,4960644423.0,0.07,0.14,6.46,14.62
2964,301020,密封科技,22.4,-1.15,-0.26,13794.0,30802140.84,2.43,22.59,22.04,22.43,22.66,0.76,0.94,33.48,3.4,3279360000.0,3279360000.0,0.18,0.09,0.0,1.36
2965,300358,楚天科技,10.29,-1.15,-0.12,146263.0,149504395.68,2.5,10.36,10.1,10.27,10.41,0.79,2.09,65.34,1.4,7358302648.0,7216380828.0,0.0,0.1,12.34,5.11
2966,301198,喜悦智行,15.36,-1.16,-0.18,66676.0,100767233.2,6.11,15.65,14.7,15.29,15.54,0.83,4.29,-418.1,2.84,2595840000.0,2389314970.0,0.26,0.46,24.98,22.29
2967,000709,河钢股份,2.55,-1.16,-0.03,1424458.0,362478589.82,2.71,2.58,2.51,2.56,2.58,0.93,1.38,24.02,0.51,26359658785.0,26355301615.0,0.0,0.39,10.39,10.39
2968,300825,阿尔特,9.38,-1.16,-0.11,78228.0,72509469.64,3.06,9.43,9.14,9.31,9.49,0.88,1.61,-23.23,2.21,4671619712.0,4543767676.0,0.0,0.11,-5.54,-3.1
2969,002884,凌霄泵业,17.84,-1.16,-0.21,28491.0,50794391.77,1.39,17.95,17.7,17.88,18.05,0.92,1.04,13.62,2.76,6381055961.0,4871613186.0,0.17,0.11,0.51,0.85
2970,920718,合肥高科,14.43,-1.16,-0.17,3488.0,5060151.41,2.6,14.75,14.37,14.57,14.6,0.67,0.81,33.55,2.25,1308320481.0,622079349.0,-0.21,-0.21,-11.74,-4.63
2971,300076,GQY视讯,7.69,-1.16,-0.09,92163.0,70248543.0,3.08,7.75,7.51,7.63,7.78,0.71,2.17,-77.47,3.63,3260560000.0,3260560000.0,0.13,0.13,9.54,-7.35
2972,300478,杭州高新,26.44,-1.16,-0.31,27909.0,73412874.4,5.23,27.2,25.8,27.2,26.75,0.45,2.2,-151.56,65.21,3349234120.0,3349234120.0,0.11,0.15,-11.6,-18.14
2973,600658,电子城,5.1,-1.16,-0.06,102431.0,51832512.0,2.13,5.12,5.01,5.1,5.16,0.74,0.92,-11.36,1.03,5704783730.0,5704783730.0,0.2,0.0,-4.67,-7.1
2974,002330,得利斯,5.13,-1.16,-0.06,124261.0,63915909.0,2.5,5.23,5.1,5.15,5.19,0.78,1.96,452.34,1.42,3259167438.0,3258466808.0,0.2,0.2,-4.65,5.99
2975,002264,新 华 都,9.34,-1.16,-0.11,240187.0,221730273.5,3.17,9.4,9.1,9.25,9.45,0.78,3.67,28.34,3.37,6723037542.0,6115671445.0,0.11,0.0,6.26,5.78
2976,300134,大富科技,11.03,-1.16,-0.13,129947.0,140857038.22,3.76,11.07,10.65,10.99,11.16,1.08,1.82,-37.43,2.22,8465503006.0,7857970606.0,-0.09,0.18,-11.69,-11.76
2977,688220,翱捷科技-U,81.88,-1.17,-0.97,77695.0,619468583.0,5.48,82.44,77.9,80.01,82.85,0.83,2.1,-86.93,6.28,34250476791.0,30225128504.0,-0.06,0.05,-8.5,-0.88
2978,600648,外高桥,10.18,-1.17,-0.12,27691.0,28135876.0,1.17,10.23,10.11,10.2,10.3,0.97,0.24,62.77,0.91,13843906379.0,11582505634.0,0.0,0.1,-3.23,0.89
2979,688591,泰凌微,38.76,-1.17,-0.46,50749.0,192104667.0,5.28,39.08,37.01,38.5,39.22,0.99,3.01,72.83,3.79,9331219455.0,6528631919.0,0.08,0.1,-14.29,-8.93
2980,002739,万达电影,10.16,-1.17,-0.12,491231.0,493988537.58,2.04,10.19,9.98,10.1,10.28,0.9,2.34,22.72,2.79,21455671673.0,21335110472.0,0.1,0.1,-8.88,-10.25
2981,600706,曲江文旅,10.18,-1.17,-0.12,50668.0,51561281.0,2.04,10.28,10.07,10.2,10.3,0.71,1.99,-78.4,4.09,2596508611.0,2586027283.0,0.0,-0.2,-8.78,-3.96
2982,002333,罗普斯金,5.9,-1.17,-0.07,82201.0,48321521.0,2.68,5.97,5.81,5.9,5.97,0.79,1.23,67.89,2.08,3982056320.0,3932405832.0,0.34,0.34,0.85,4.98
2983,000929,*ST兰黄,10.18,-1.17,-0.12,28401.0,28592045.0,2.04,10.19,9.98,10.19,10.3,1.0,1.53,129.78,4.05,1891097880.0,1890977990.0,0.2,0.3,21.19,15.55
2984,002228,合兴包装,4.24,-1.17,-0.05,236371.0,99559222.0,2.8,4.27,4.15,4.26,4.29,0.9,1.95,24.17,1.61,5144755067.0,5127524046.0,0.0,0.24,-1.85,-6.19
2985,000838,财信发展,2.54,-1.17,-0.03,259457.0,66184917.0,4.67,2.63,2.51,2.6,2.57,0.82,2.46,-112.38,6.81,2795173912.0,2676565272.0,0.0,0.0,-34.7,-17.8
2986,688783,西安奕材-U,23.67,-1.17,-0.28,58129.0,135914411.0,2.84,23.82,23.14,23.45,23.95,0.85,3.53,-129.55,7.69,95574726000.0,3896498261.0,0.04,0.04,0.72,-0.55
2987,002033,丽江股份,9.26,-1.17,-0.11,134069.0,123786608.3,2.03,9.34,9.15,9.24,9.37,1.03,2.44,19.88,2.01,5088283984.0,5088186476.0,-0.11,0.0,1.42,1.2
2988,300013,新宁物流,4.17,-1.18,-0.05,181828.0,75659258.97,2.37,4.22,4.12,4.21,4.22,0.6,4.08,-345.09,11.89,2328356588.0,1859659676.0,-0.24,0.0,0.72,5.84
2989,301622,英思特,68.4,-1.18,-0.82,24045.0,162025184.09,3.93,68.98,66.26,67.04,69.22,0.96,3.83,48.54,5.08,7929740592.0,4296872747.0,0.0,0.0,0.96,6.21
2990,603558,健盛集团,11.74,-1.18,-0.14,37169.0,43736916.0,2.19,11.94,11.68,11.78,11.88,0.95,1.08,9.78,1.68,4022570695.0,4022570695.0,0.34,0.26,0.77,4.54
2991,300384,三联虹普,18.38,-1.18,-0.22,74185.0,134148331.69,3.82,18.48,17.77,18.27,18.6,0.89,3.37,21.71,2.12,5863353531.0,4047876456.0,0.16,0.38,10.66,13.11
2992,002550,千红制药,7.54,-1.18,-0.09,130736.0,98265823.84,1.83,7.57,7.43,7.56,7.63,0.77,1.39,18.89,3.51,9649692000.0,7096950957.0,0.0,0.0,-6.57,-4.07
2993,002529,*ST海源,6.68,-1.18,-0.08,28860.0,19280228.25,2.66,6.78,6.6,6.7,6.76,0.93,1.11,-14.41,8.98,1736800000.0,1736800000.0,0.15,0.15,-6.05,-3.75
2994,300411,金盾股份,11.73,-1.18,-0.14,62502.0,72935729.4,2.02,11.8,11.56,11.73,11.87,0.77,2.02,246.24,4.92,4768479682.0,3625924815.0,0.09,0.26,3.35,1.21
2995,600392,盛和资源,27.52,-1.18,-0.33,733184.0,1981609714.0,5.21,27.83,26.38,27.04,27.85,0.59,4.18,45.93,3.63,48237787206.0,48237787206.0,-0.07,-0.15,31.67,27.82
2996,002822,ST中装,3.35,-1.18,-0.04,86265.0,28828021.25,1.77,3.38,3.32,3.38,3.39,0.83,0.81,-9.69,2.33,6535656370.0,3586477733.0,0.0,0.3,-14.32,-14.54
2997,603065,宿迁联盛,9.19,-1.18,-0.11,105324.0,96725613.0,1.72,9.26,9.1,9.22,9.3,0.71,5.36,324.36,1.9,3850311987.0,1807429051.0,-0.11,0.0,3.49,10.72
2998,002762,*ST金比,6.68,-1.18,-0.08,18452.0,12253431.0,2.07,6.7,6.56,6.69,6.76,0.76,0.87,-22.46,3.06,2364887000.0,1412007939.0,0.15,0.45,-8.62,-2.91
2999,300950,德固特,23.42,-1.18,-0.28,23541.0,55095020.0,2.95,23.88,23.18,23.7,23.7,0.9,2.59,37.21,4.51,3584852560.0,2130348191.0,0.0,0.3,2.72,2.45
3000,300793,佳禾智能,15.91,-1.18,-0.19,70727.0,111347607.84,2.73,16.0,15.56,15.66,16.1,0.83,1.9,157.53,2.02,6054476773.0,5919902038.0,0.13,0.25,-9.24,-2.45
3001,603189,网达软件,20.08,-1.18,-0.24,71701.0,141947338.0,4.08,20.28,19.45,19.92,20.32,0.99,2.66,676.71,3.59,5412530848.0,5412530848.0,0.05,0.1,-2.19,5.52
3002,605305,中际联合,37.6,-1.18,-0.45,48587.0,179932509.0,3.57,37.81,36.45,37.48,38.05,0.81,2.29,13.67,2.8,7990752000.0,7990752000.0,0.05,0.03,-8.96,-9.75
3003,300220,金运激光,15.09,-1.18,-0.18,27359.0,41086028.0,3.34,15.26,14.75,15.0,15.27,0.8,1.81,1705.52,36.22,2281608000.0,2278881961.0,-0.13,-0.13,-5.69,5.16
3004,603205,健尔康,26.84,-1.18,-0.32,5337.0,14332001.0,1.55,27.11,26.69,26.95,27.16,0.81,1.29,41.1,2.87,4187040000.0,1109565600.0,-0.04,-0.04,-5.26,-6.12
3005,600624,ST复华,5.03,-1.18,-0.06,59105.0,29597801.0,1.57,5.06,4.98,5.06,5.09,0.9,0.87,-142.25,5.49,3417115118.0,3417115118.0,0.0,0.0,-11.29,-4.91
3006,002630,ST华西,2.52,-1.18,-0.03,191994.0,47895736.94,3.92,2.55,2.45,2.54,2.55,0.75,1.86,59.79,12.33,2975616000.0,2596287675.0,0.0,0.4,-8.03,0.8
3007,300239,东宝生物,5.84,-1.18,-0.07,86327.0,50441383.0,1.69,5.89,5.79,5.85,5.91,0.77,1.46,53.66,2.05,3466670329.0,3444208813.0,-0.17,-0.17,1.39,-0.34
3008,601718,际华集团,3.36,-1.18,-0.04,803213.0,269834374.0,3.82,3.44,3.31,3.37,3.4,0.85,1.84,-59.15,1.2,14653193530.0,14653193530.0,0.3,0.3,-3.17,0.3
3009,000692,惠天热电,4.18,-1.18,-0.05,185166.0,77433229.12,3.31,4.23,4.09,4.18,4.23,0.95,3.48,-5.28,-17.25,2227241840.0,2227241840.0,-0.24,-0.24,0.97,21.51
3010,601166,兴业银行,18.3,-1.19,-0.22,939328.0,1726858928.0,1.3,18.53,18.29,18.4,18.52,1.0,0.44,5.0,0.47,387280264709.0,387280264709.0,-0.11,0.0,-10.21,-10.73
3011,603052,可川科技,58.0,-1.19,-0.7,70835.0,396771419.0,6.35,58.23,54.5,56.6,58.7,0.94,3.77,328.18,10.02,10898042356.0,10898042356.0,-0.07,-0.05,89.85,83.84
3012,300711,广哈通信,27.42,-1.19,-0.33,68827.0,184555466.36,4.4,27.48,26.26,27.0,27.75,0.55,2.77,144.6,9.23,6832258017.0,6811862966.0,0.0,0.07,23.74,18.09
3013,002612,朗姿股份,17.43,-1.19,-0.21,59494.0,103129743.55,2.04,17.5,17.14,17.5,17.64,0.76,2.34,5.85,2.26,7711822886.0,4440104727.0,0.11,0.23,-11.97,-14.73
3014,600787,中储股份,5.79,-1.19,-0.07,360409.0,209216501.0,1.37,5.85,5.77,5.83,5.86,0.95,1.66,21.2,0.9,12564760780.0,12564760780.0,0.17,0.17,1.4,3.02
3015,688218,江苏北人,20.7,-1.19,-0.25,23419.0,48004812.0,3.15,20.86,20.2,20.62,20.95,0.97,1.97,-30.69,2.91,2455055708.0,2455055708.0,-0.1,-0.34,-5.69,-9.29
3016,001359,平安电工,77.06,-1.19,-0.93,14465.0,108352451.22,5.39,77.23,73.03,76.0,77.99,0.94,3.12,53.36,7.24,14294873895.0,3574042800.0,0.08,0.2,33.55,8.54
3017,920284,灵鸽科技,34.98,-1.19,-0.42,19083.0,65872437.4,4.41,35.36,33.8,35.0,35.4,0.94,2.82,-446.42,11.78,3665401862.0,2370325779.0,0.0,-0.06,-12.37,-6.09
3018,002043,兔 宝 宝,15.76,-1.19,-0.19,92774.0,146386943.0,2.76,15.98,15.54,15.85,15.95,0.81,1.26,15.59,4.07,13076930605.0,11601278859.0,-0.06,0.0,18.23,9.37
3019,600189,泉阳泉,8.3,-1.19,-0.1,99730.0,82487540.0,2.26,8.39,8.2,8.32,8.4,0.81,1.39,180.44,4.8,5936141840.0,5936141840.0,0.24,0.12,9.5,20.12
3020,002114,罗平锌电,10.0,-1.19,-0.12,175126.0,174707664.0,3.75,10.2,9.82,10.0,10.12,0.61,5.42,-25.19,3.83,3233952670.0,3233908230.0,0.0,0.0,9.05,18.76
3021,300886,华业香料,29.06,-1.19,-0.35,16947.0,49259882.72,2.41,29.4,28.69,29.28,29.41,0.95,3.88,65.64,3.72,2173629880.0,1268361478.0,0.0,0.07,6.6,12.16
3022,603031,安孚科技,53.05,-1.19,-0.64,68126.0,353291501.0,4.6,53.35,50.88,52.0,53.69,0.66,3.23,60.52,4.98,13677605269.0,11199916000.0,0.04,0.09,38.4,20.08
3023,600976,健民集团,31.55,-1.19,-0.38,11808.0,37314509.0,1.22,31.85,31.46,31.7,31.93,0.76,0.77,12.7,1.87,4839725830.0,4836570830.0,-0.03,-0.06,-15.32,-6.02
3024,920018,宏远股份,32.48,-1.19,-0.39,35987.0,117355581.57,4.47,33.37,31.9,32.6,32.87,0.95,8.14,38.22,4.3,4135664239.0,1436389024.0,0.0,-0.09,18.71,19.9
3025,003010,若羽臣,28.7,-1.2,-0.35,40874.0,116333759.1,1.96,28.77,28.2,28.53,29.05,0.61,1.81,63.9,11.38,8927406961.0,6490280623.0,0.03,0.14,-19.04,-17.93
3026,688255,凯尔达,30.45,-1.2,-0.37,23239.0,69903339.0,3.28,30.66,29.65,30.66,30.82,1.07,2.12,126.78,3.17,3345202592.0,3345202592.0,0.26,0.03,-3.79,-16.87
3027,603903,中持股份,12.34,-1.2,-0.15,39302.0,48206410.0,2.88,12.48,12.12,12.4,12.49,0.7,1.54,49.65,2.02,3150642383.0,3150642383.0,0.24,0.16,-23.92,-15.19
3028,002893,京能热力,11.5,-1.2,-0.14,61992.0,71411673.22,2.15,11.66,11.41,11.58,11.64,0.74,3.06,39.31,2.49,3031860000.0,2331954107.0,0.17,0.26,-16.3,2.77
3029,001229,魅视科技,37.02,-1.2,-0.45,13150.0,48310085.01,2.03,37.14,36.38,36.9,37.47,0.89,2.5,70.77,3.8,3792754530.0,1950192573.0,-0.03,-0.05,-8.12,-14.74
3030,601801,皖新传媒,6.59,-1.2,-0.08,140499.0,92363343.0,1.65,6.64,6.53,6.62,6.67,0.7,0.72,10.13,1.06,12902766852.0,12902766852.0,0.15,-0.15,0.15,1.7
3031,000151,中成股份,13.14,-1.2,-0.16,43887.0,57814560.67,2.11,13.36,13.08,13.21,13.3,0.82,1.43,-117.17,13.32,4433051366.0,4046261892.0,0.15,0.08,2.9,10.61
3032,603859,能科科技,42.99,-1.2,-0.52,68534.0,289699708.0,5.17,43.6,41.35,42.33,43.51,0.68,2.8,47.79,3.45,10519554166.0,10519554166.0,0.12,-0.32,10.51,2.24
3033,000548,湖南投资,5.74,-1.2,-0.07,87325.0,50280782.0,2.41,5.85,5.71,5.83,5.81,0.9,1.75,38.12,1.39,2865498755.0,2865258754.0,0.0,0.17,-4.81,5.51
3034,603917,合力科技,13.99,-1.2,-0.17,43841.0,60957228.0,2.54,14.08,13.72,14.04,14.16,0.64,2.15,86.76,1.7,2851721600.0,2851721600.0,0.0,0.07,-0.36,-5.41
3035,000586,汇源通信,15.7,-1.2,-0.19,82932.0,127957425.0,4.41,15.88,15.18,15.63,15.89,0.86,4.29,154.28,8.97,3037008000.0,3037008000.0,0.13,0.26,18.58,16.04
3036,002295,精艺股份,11.5,-1.2,-0.14,51952.0,59164716.0,3.01,11.57,11.22,11.53,11.64,0.99,2.08,153.39,2.13,2882084000.0,2878381000.0,-0.09,0.0,2.4,-13.66
3037,000878,云南铜业,23.12,-1.2,-0.28,698120.0,1579701142.1,4.87,23.24,22.1,22.76,23.4,0.75,3.48,25.26,3.02,52246660758.0,46323713127.0,0.04,0.04,29.74,12.73
3038,688112,鼎阳科技,44.34,-1.2,-0.54,22270.0,96366373.0,6.17,44.77,42.0,44.0,44.88,0.96,1.4,49.53,4.41,7076525792.0,7076525792.0,-0.34,0.2,26.07,18.4
3039,300511,雪榕生物,7.37,-1.21,-0.09,293316.0,213193026.89,4.29,7.44,7.12,7.35,7.46,0.97,5.24,-56.81,3.19,4723042508.0,4127598105.0,0.27,0.0,6.2,18.11
3040,300219,鸿利智汇,8.17,-1.21,-0.1,676052.0,544347631.58,4.47,8.24,7.87,8.06,8.27,1.09,9.57,57.08,2.18,5783898444.0,5773321439.0,-0.24,-0.37,6.52,13.31
3041,600353,旭光电子,17.2,-1.21,-0.21,287157.0,484588664.0,4.54,17.34,16.55,17.05,17.41,0.85,3.46,105.92,7.64,14275591311.0,14255551935.0,0.12,0.12,18.78,6.7
3042,002438,江苏神通,17.92,-1.21,-0.22,138194.0,244841218.0,2.59,17.95,17.48,17.82,18.14,0.9,2.95,29.11,2.48,9095071301.0,8402341553.0,0.11,0.11,26.38,12.7
3043,000014,沙河股份,13.01,-1.21,-0.16,57854.0,75105919.0,2.58,13.17,12.83,13.11,13.17,0.72,2.39,-73.3,1.98,3149021374.0,3149021374.0,0.0,-0.08,-12.15,-3.27
3044,000589,贵州轮胎,4.91,-1.21,-0.06,362540.0,177757381.51,2.41,4.98,4.86,4.92,4.97,0.89,2.35,12.72,0.86,7633206315.0,7585069657.0,0.0,0.0,-3.35,-5.21
3045,301110,青木科技,62.98,-1.21,-0.77,20397.0,126711146.24,3.45,63.29,61.09,62.61,63.75,0.94,3.12,54.9,4.0,5827875272.0,4116787397.0,0.13,0.17,-6.28,-4.84
3046,600559,老白干酒,14.66,-1.21,-0.18,78483.0,115124114.0,1.01,14.75,14.6,14.74,14.84,0.66,0.86,25.13,2.54,13410197529.0,13333408449.0,0.0,0.0,-9.17,-8.6
3047,301575,艾芬达,48.9,-1.21,-0.6,3816.0,18565330.62,1.41,49.0,48.3,48.85,49.5,0.63,2.31,32.97,3.09,4238163000.0,808369470.0,0.25,0.16,1.14,-4.53
3048,603344,星德胜,29.2,-1.22,-0.36,17119.0,49643119.0,3.01,29.5,28.61,29.23,29.56,0.96,3.17,31.85,2.7,5680304616.0,1577704616.0,0.03,0.17,15.74,-21.84
3049,688018,乐鑫科技,152.85,-1.22,-1.88,24247.0,363213127.0,4.14,153.49,147.08,152.06,154.73,0.94,1.56,51.32,5.7,25547809079.0,23826315624.0,-0.01,0.02,-12.73,-10.09
3050,301138,华研精机,38.08,-1.22,-0.47,14416.0,54195796.63,3.45,38.36,37.03,37.8,38.55,0.82,2.1,48.43,3.89,4569600000.0,2610770131.0,0.18,0.29,-3.18,-0.57
3051,301456,盘古智能,30.0,-1.22,-0.37,12302.0,36695584.73,2.86,30.35,29.48,30.07,30.37,0.82,2.03,55.84,2.05,4513434150.0,1815002040.0,-0.33,-0.13,2.32,-4.76
3052,301363,美好医疗,29.14,-1.22,-0.36,118886.0,341339944.34,3.56,29.35,28.3,28.6,29.5,0.96,3.19,59.71,4.48,16576906185.0,10875135653.0,0.0,0.14,37.32,21.16
3053,300021,大禹节水,4.87,-1.22,-0.06,358790.0,174935206.88,2.84,4.96,4.82,4.91,4.93,0.77,4.11,337.12,1.97,4978929574.0,4250239958.0,0.21,0.21,4.28,5.87
3054,688352,颀中科技,13.73,-1.22,-0.17,123733.0,166649530.0,3.67,13.77,13.26,13.62,13.9,0.83,3.38,61.42,2.66,16325481964.0,5023547819.0,0.0,0.0,7.35,8.88
3055,603681,永冠新材,21.88,-1.22,-0.27,91905.0,199694392.0,4.88,22.28,21.2,22.28,22.15,1.05,4.81,28.11,1.61,4181958905.0,4181958905.0,0.0,-0.27,25.32,15.28
3056,688168,安博通,69.75,-1.22,-0.86,10196.0,70286995.0,4.67,70.53,67.23,69.23,70.61,0.94,1.32,-36.82,5.45,5383654029.0,5383654029.0,0.01,0.01,-11.71,-7.2
3057,002521,齐峰新材,8.07,-1.22,-0.1,41822.0,33707722.88,2.08,8.17,8.0,8.12,8.17,0.73,1.0,33.11,1.16,4519692674.0,3376551228.0,0.0,0.12,-11.03,-3.0
3058,002533,金杯电工,16.15,-1.22,-0.2,374510.0,602723762.69,3.18,16.38,15.86,16.04,16.35,0.98,5.87,19.16,2.75,11853148151.0,10297973743.0,0.0,0.12,37.92,29.41
3059,601991,大唐发电,4.06,-1.22,-0.05,1558311.0,635130320.0,2.68,4.15,4.04,4.07,4.11,0.86,1.26,8.4,2.14,75137244646.0,50328121770.0,0.25,0.25,15.01,16.33
3060,002543,万和电气,8.89,-1.22,-0.11,62195.0,55097156.0,2.33,9.0,8.79,9.0,9.0,0.97,0.94,10.35,1.31,6610604000.0,5881721817.0,0.34,0.45,-16.13,-12.93
3061,603061,金海通,265.27,-1.22,-3.28,20378.0,536089388.0,4.9,272.0,258.83,263.5,268.55,1.21,3.4,95.51,10.34,15916200000.0,15916200000.0,0.09,0.07,107.92,88.94
3062,600867,通化东宝,8.93,-1.22,-0.11,300693.0,268912120.0,1.22,9.0,8.89,8.98,9.04,0.78,1.54,10.91,2.45,17489787463.0,17489787463.0,0.0,0.0,1.25,9.3
3063,002031,巨轮智能,7.2,-1.23,-0.09,396558.0,283782473.43,1.92,7.23,7.09,7.2,7.29,0.72,2.05,-132.73,7.45,15835648824.0,13959025855.0,0.0,0.0,1.55,-8.4
3064,300595,欧普康视,15.25,-1.23,-0.19,103530.0,157187336.0,1.88,15.35,15.06,15.21,15.44,0.81,1.55,23.16,2.77,13653159126.0,10194545090.0,0.0,0.13,-1.17,3.81
3065,600682,南京新百,7.2,-1.23,-0.09,203340.0,146088702.0,1.65,7.25,7.13,7.19,7.29,1.01,1.75,34.2,0.55,9684951991.0,8381233980.0,0.0,0.0,-5.76,-17.62
3066,002406,远东传动,8.0,-1.23,-0.1,170419.0,134628791.68,3.09,8.04,7.79,7.89,8.1,0.81,2.83,45.95,1.46,5841800656.0,4817703184.0,0.0,0.25,7.67,0.76
3067,688410,山外山,15.23,-1.23,-0.19,70695.0,106332083.0,4.93,15.44,14.68,15.31,15.42,1.33,2.21,34.01,2.72,4867517473.0,4867517473.0,-0.13,-0.2,3.46,1.74
3068,688393,安必平,25.62,-1.23,-0.32,16839.0,42765023.0,2.31,25.7,25.1,25.36,25.94,0.8,1.8,-53.3,2.01,2397204448.0,2397204448.0,-0.04,0.59,10.0,8.15
3069,688339,亿华通-U,32.89,-1.23,-0.41,80134.0,263269135.0,3.6,33.56,32.36,33.3,33.3,0.67,4.09,-12.59,3.93,7911100144.0,6439438344.0,0.18,0.55,6.68,22.0
3070,603028,赛福天,9.63,-1.23,-0.12,68092.0,65040161.0,3.18,9.74,9.43,9.74,9.75,0.76,2.4,1458.88,5.4,2764195200.0,2736749700.0,-0.21,0.1,22.52,3.33
3071,603489,八方股份,32.99,-1.23,-0.41,43149.0,141494813.0,2.69,33.2,32.3,32.58,33.4,0.58,1.84,86.77,2.87,7740047127.0,7740047127.0,0.03,0.18,5.6,7.88
3072,600692,亚通股份,8.0,-1.23,-0.1,61560.0,49095687.0,2.59,8.1,7.89,8.03,8.1,0.81,2.41,-129.87,3.04,2814112512.0,2040084136.0,0.0,0.13,2.3,14.12
3073,603232,格尔软件,25.5,-1.24,-0.32,211976.0,530880693.0,3.91,25.61,24.6,25.06,25.82,0.59,9.16,-68.44,4.44,5969095973.0,5898149873.0,0.12,0.24,9.07,11.11
3074,600390,五矿资本,5.59,-1.24,-0.07,368457.0,205709776.0,1.77,5.65,5.55,5.62,5.66,0.71,0.82,25.0,0.59,25144185916.0,25144185916.0,0.0,0.0,1.27,0.72
3075,300676,华大基因,44.53,-1.24,-0.56,51670.0,228924331.16,2.02,44.77,43.86,44.47,45.09,0.79,1.24,-653.24,2.02,18627659350.0,18526551758.0,0.0,0.27,-0.27,-1.83
3076,601099,太平洋,3.99,-1.24,-0.05,975545.0,388092576.0,1.24,4.0,3.95,3.99,4.04,0.74,1.43,83.04,2.73,27197102316.0,27197102316.0,0.25,0.25,-1.72,-2.92
3077,300800,力合科技,12.7,-1.24,-0.16,48901.0,61291658.0,4.35,12.78,12.22,12.41,12.86,1.34,2.09,102.55,1.5,3006839300.0,2976645050.0,0.08,0.4,6.9,9.2
3078,603416,信捷电气,51.88,-1.24,-0.65,21228.0,108929129.0,1.96,51.9,50.87,51.4,52.53,0.95,1.52,33.94,3.09,8152352280.0,7224030600.0,0.04,0.12,0.33,-6.07
3079,600061,国投资本,7.19,-1.24,-0.09,270374.0,194746798.0,0.82,7.23,7.17,7.2,7.28,0.64,0.42,12.08,0.86,45972743069.0,45972743069.0,-0.14,-0.14,-2.04,-6.01
3080,002363,隆基机械,8.74,-1.24,-0.11,63600.0,55432870.0,2.15,8.8,8.61,8.78,8.85,0.7,1.53,65.91,1.71,3643664931.0,3633726380.0,0.0,0.11,-5.72,-13.47
3081,605001,威奥股份,7.99,-1.24,-0.1,55086.0,44055597.0,2.97,8.14,7.9,8.0,8.09,0.94,1.4,37.5,1.17,3139159140.0,3139159140.0,-0.37,-0.25,5.27,4.72
3082,688499,利元亨,53.1,-1.25,-0.67,45368.0,237150729.0,5.08,53.7,50.97,52.7,53.77,0.94,2.69,175.79,3.87,8959483881.0,8959483881.0,0.0,-0.19,2.21,-8.0
3083,301303,真兰仪表,16.53,-1.25,-0.21,70087.0,115510739.6,2.57,16.69,16.26,16.62,16.74,1.25,6.89,20.28,2.01,6757464000.0,1681676492.0,0.18,0.12,5.83,9.18
3084,300937,药易购,31.54,-1.25,-0.4,19618.0,61782251.54,2.85,31.9,30.99,31.59,31.94,0.76,2.94,-270.81,3.63,3017327150.0,2101477430.0,-0.25,-0.32,-13.04,-7.48
3085,300766,每日互动,43.62,-1.25,-0.55,403710.0,1730314703.64,8.33,44.68,41.0,41.01,44.17,0.94,11.27,-238.31,10.97,17218984400.0,15626866658.0,-0.05,-0.07,30.21,33.11
3086,600460,士兰微,28.52,-1.25,-0.36,403709.0,1131397182.0,3.53,28.68,27.66,28.15,28.88,0.82,2.43,101.97,3.97,47459329019.0,47459329019.0,0.0,0.04,1.97,0.39
3087,002344,海宁皮城,4.73,-1.25,-0.06,124051.0,58661380.12,2.09,4.79,4.69,4.75,4.79,0.7,0.97,76.18,0.72,6066778221.0,6061258935.0,-0.21,-0.21,-2.87,-0.21
3088,920014,特瑞斯,18.12,-1.25,-0.23,190553.0,383437433.04,23.87,21.99,17.61,20.5,18.35,1.1,28.42,249.58,2.8,2208044183.0,1214897040.0,0.0,-0.44,48.4,56.61
3089,300662,科锐国际,25.33,-1.25,-0.32,33286.0,83661295.0,2.34,25.41,24.81,25.41,25.65,0.74,1.7,16.39,2.2,4985105073.0,4971863385.0,-0.04,-0.08,-7.49,0.0
3090,600500,中化国际,4.73,-1.25,-0.06,776471.0,371312967.0,5.22,4.93,4.68,4.89,4.79,1.24,2.16,-9.56,1.5,16973716595.0,16972688813.0,0.21,0.0,19.75,20.66
3091,002889,东方嘉盛,14.23,-1.25,-0.18,21181.0,30068388.68,1.46,14.32,14.11,14.3,14.41,0.79,0.84,28.5,2.14,5374208127.0,3575779189.0,0.0,0.0,-12.05,-7.36
3092,600340,华夏幸福,1.58,-1.25,-0.02,819664.0,128232235.0,2.5,1.59,1.55,1.58,1.6,0.67,2.11,-0.47,-1.3,6183678140.0,6151500998.0,0.0,0.64,-41.04,-27.85
3093,600833,第一医药,12.61,-1.25,-0.16,32165.0,40567916.0,1.64,12.73,12.52,12.67,12.77,0.8,1.44,39.61,2.42,2813118836.0,2813118836.0,0.0,0.08,-9.93,-2.47
3094,601009,南京银行,11.08,-1.25,-0.14,454879.0,505815876.0,1.6,11.22,11.04,11.2,11.22,0.96,0.37,6.28,0.75,136988325075.0,136988325075.0,0.09,0.18,-6.18,-3.06
3095,002136,安 纳 达,14.2,-1.25,-0.18,150692.0,214587062.0,4.73,14.7,14.02,14.61,14.38,0.61,7.03,-49.39,2.71,3053284000.0,3045271792.0,0.14,0.07,12.7,16.97
3096,920810,春光智能,12.54,-1.26,-0.16,12566.0,15747019.18,2.13,12.69,12.42,12.69,12.7,0.56,2.01,827.82,5.25,1202586000.0,782590614.0,-0.16,-0.08,-4.35,-4.57
3097,002917,金奥博,14.05,-1.26,-0.18,51799.0,72485049.81,2.18,14.15,13.84,14.05,14.23,0.97,1.99,27.57,2.91,4883979468.0,3659716336.0,0.14,0.14,6.93,5.01
3098,001308,康冠科技,20.38,-1.26,-0.26,34960.0,70572175.05,2.57,20.48,19.95,20.4,20.64,0.84,0.7,21.39,1.75,14340919000.0,10122102481.0,0.0,0.0,-8.2,-2.3
3099,603536,惠发食品,10.21,-1.26,-0.13,38667.0,39353190.0,3.29,10.42,10.08,10.25,10.34,0.79,1.61,-47.33,6.05,2474707764.0,2455834375.0,0.1,0.2,-30.64,-8.18
3100,603767,中马传动,19.65,-1.26,-0.25,32543.0,63529196.0,2.31,19.77,19.31,19.75,19.9,0.9,1.05,179.9,4.36,6064608975.0,6064608975.0,0.0,-0.1,-14.6,-18.3
3101,002139,拓邦股份,12.51,-1.26,-0.16,156064.0,193449626.9,2.37,12.58,12.28,12.55,12.67,0.87,1.46,27.82,2.21,15597905700.0,13398334399.0,0.0,-0.08,-5.94,-9.22
3102,600717,天津港,4.69,-1.26,-0.06,236432.0,111238939.0,2.32,4.78,4.67,4.73,4.75,0.53,0.82,13.05,0.68,13572864868.0,13572864868.0,0.0,0.43,2.4,4.92
3103,000558,天府文旅,4.7,-1.26,-0.06,241479.0,112837534.61,2.31,4.74,4.63,4.67,4.76,0.64,1.87,-246.34,5.78,6059352560.0,6056817658.0,0.0,-0.21,-19.52,-8.74
3104,002827,高争民爆,36.0,-1.26,-0.46,38310.0,137936777.6,1.95,36.48,35.77,36.39,36.46,1.05,1.39,50.7,9.38,9973656000.0,9936000000.0,0.17,0.28,3.15,-4.59
3105,603368,柳药集团,17.3,-1.26,-0.22,51577.0,89387636.0,0.97,17.42,17.25,17.37,17.52,0.84,1.3,7.98,0.9,6871756442.0,6871756442.0,0.06,0.0,-6.44,-2.92
3106,300856,科思股份,13.27,-1.26,-0.17,68585.0,91476308.55,3.13,13.63,13.21,13.38,13.44,1.34,1.49,60.75,2.36,6312369449.0,6100691717.0,0.23,0.23,-16.38,-1.56
3107,601878,浙商证券,10.2,-1.26,-0.13,251161.0,255826322.0,0.97,10.24,10.14,10.19,10.33,0.86,0.55,18.49,1.28,46652725718.0,46652725718.0,0.0,-0.2,-5.56,-5.03
3108,300211,*ST亿通,8.65,-1.26,-0.11,25421.0,21725438.32,2.28,8.67,8.47,8.6,8.76,0.89,0.86,-105.72,5.67,2628992104.0,2569790665.0,0.23,0.35,0.58,2.13
3109,300751,迈为股份,258.23,-1.26,-3.29,65357.0,1669300187.85,4.05,260.6,250.0,256.31,261.52,0.88,3.38,81.59,9.18,72150754699.0,49929392576.0,0.1,0.09,119.21,25.36
3110,920050,爱舍伦,35.2,-1.26,-0.45,3821.0,13454239.53,1.4,35.6,35.1,35.59,35.65,0.54,2.11,25.5,2.14,2382312557.0,637213315.0,0.0,0.11,120.28,120.28
3111,920221,易实精密,15.67,-1.26,-0.2,4953.0,7712121.01,3.02,15.88,15.4,15.5,15.87,0.58,0.8,30.36,4.33,1818346800.0,967856108.0,0.06,0.13,-3.21,-9.05
3112,002069,獐子岛,3.93,-1.26,-0.05,119660.0,47218978.5,3.52,4.03,3.89,3.97,3.98,0.75,1.68,-64.74,154.22,2794670922.0,2791149642.0,0.0,-0.25,-7.09,5.36
3113,000419,通程控股,6.2,-1.27,-0.08,75782.0,47049455.0,2.71,6.32,6.15,6.24,6.28,0.75,1.39,20.32,0.96,3370212461.0,3370212461.0,0.0,0.16,-4.17,-2.97
3114,300650,太龙股份,17.11,-1.27,-0.22,67015.0,113396584.95,3.35,17.26,16.68,16.97,17.33,0.76,3.93,73.03,2.94,3735046716.0,2914608785.0,0.0,0.12,-2.84,3.32
3115,300558,贝达药业,43.45,-1.27,-0.56,40900.0,176720663.0,2.2,43.69,42.72,43.31,44.01,0.72,0.98,43.26,3.13,18280885478.0,18222611077.0,0.0,0.02,-8.08,-6.94
3116,002981,朝阳科技,28.76,-1.27,-0.37,33211.0,94036817.4,3.78,28.9,27.8,28.64,29.13,0.93,2.78,53.6,3.71,3954100667.0,3434433351.0,-0.03,-0.07,-13.14,0.67
3117,301098,金埔园林,9.3,-1.27,-0.12,68962.0,63924705.07,3.5,9.43,9.1,9.33,9.42,1.28,4.61,-13.32,1.43,1710600885.0,1392110760.0,0.32,0.43,-0.11,8.39
3118,301072,中捷精工,24.09,-1.27,-0.31,17844.0,42577934.8,4.14,24.28,23.27,24.08,24.4,1.27,2.66,-68.75,3.38,2530557779.0,1617400745.0,0.04,0.29,7.31,6.97
3119,603013,亚普股份,22.58,-1.27,-0.29,42357.0,94321093.0,4.07,22.8,21.87,22.8,22.87,0.93,0.83,20.64,2.57,11475597755.0,11475597755.0,0.04,0.0,3.96,-8.47
3120,300441,鲍斯股份,7.75,-1.27,-0.1,65078.0,50284323.88,2.29,7.84,7.66,7.76,7.85,0.81,1.04,23.28,2.02,4994222977.0,4855755998.0,0.13,0.13,0.26,2.65
3121,688692,达梦数据,230.98,-1.27,-2.96,11492.0,261128406.0,3.65,232.11,223.57,230.0,233.94,0.99,1.57,50.6,7.07,26156175200.0,16893103417.0,-0.01,0.13,-10.47,-11.59
3122,600507,方大特钢,7.02,-1.27,-0.09,293272.0,204357323.0,3.09,7.09,6.87,7.07,7.11,0.74,1.27,15.44,1.62,16238578988.0,16238578988.0,0.29,0.14,18.98,19.19
3123,000702,正虹科技,7.01,-1.27,-0.09,63342.0,44712918.0,2.25,7.16,7.0,7.01,7.1,0.87,2.38,-173.89,6.9,2429840885.0,1869108378.0,-0.14,-0.14,0.57,4.94
3124,600643,爱建集团,4.67,-1.27,-0.06,121712.0,56877935.0,1.69,4.72,4.64,4.7,4.73,0.71,0.77,29.72,0.62,7440107533.0,7426942514.0,0.0,0.0,-14.15,-15.55
3125,603041,美思德,13.24,-1.27,-0.17,32293.0,42729779.0,2.83,13.46,13.08,13.28,13.41,0.9,1.76,40.27,1.61,2424875442.0,2424875442.0,0.15,0.23,6.6,9.88
3126,600611,大众交通,5.46,-1.27,-0.07,133473.0,72631739.0,1.27,5.48,5.41,5.48,5.53,0.74,0.85,98.71,1.27,12908110837.0,8535707347.0,0.0,0.0,-4.21,0.0
3127,002787,华源控股,13.08,-1.28,-0.17,105380.0,138795963.0,6.04,13.74,12.94,12.99,13.25,0.98,4.2,38.41,2.35,4384109915.0,3281250291.0,0.08,0.15,9.64,5.06
3128,603325,博隆技术,76.56,-1.28,-0.99,8558.0,64857631.0,3.68,76.87,74.02,76.69,77.55,1.04,2.5,14.27,2.27,6125106240.0,2617065792.0,0.0,-0.07,-0.79,-1.56
3129,300298,三诺生物,16.93,-1.28,-0.22,43646.0,73721871.0,1.46,17.04,16.79,17.03,17.15,0.85,0.97,33.72,2.97,9485325491.0,7640520817.0,-0.12,0.0,-3.86,-1.05
3130,002872,ST天圣,5.42,-1.28,-0.07,43379.0,23742492.0,2.73,5.55,5.4,5.45,5.49,0.71,2.02,-28.51,0.88,1723560000.0,1164856286.0,0.0,0.0,4.84,11.52
3131,688513,苑东生物,57.21,-1.28,-0.74,13737.0,78410139.0,3.81,58.23,56.02,56.52,57.95,0.59,0.78,35.66,3.44,10099410366.0,10099410366.0,0.0,-0.3,6.7,-7.05
3132,920242,建邦科技,26.31,-1.28,-0.34,3486.0,9140285.57,2.66,26.55,25.84,26.55,26.65,0.76,0.94,20.3,2.71,1731586073.0,973324637.0,-0.04,-0.04,-9.43,-10.11
3133,688389,普门科技,13.07,-1.28,-0.17,25246.0,32989549.0,1.28,13.16,12.99,13.14,13.24,0.66,0.59,30.09,2.65,5600308491.0,5600308491.0,0.08,-0.08,-3.9,0.69
3134,001360,南矿集团,24.69,-1.28,-0.32,36187.0,88463353.0,3.68,24.98,24.06,24.66,25.01,0.64,4.42,67.12,3.55,5036760000.0,2019176495.0,0.53,0.61,41.41,14.57
3135,601882,海天精工,21.63,-1.28,-0.28,73929.0,158853992.0,2.88,21.82,21.19,21.58,21.91,1.16,1.42,25.08,3.95,11290860000.0,11290860000.0,0.0,0.28,13.19,11.15
3136,600859,王府井,13.11,-1.28,-0.17,176432.0,230278173.0,1.51,13.16,12.96,13.1,13.28,0.89,1.57,89.36,0.75,14734740969.0,14733385919.0,0.0,0.15,-10.27,-15.58
3137,920123,芭薇股份,13.84,-1.28,-0.18,8505.0,11802211.89,3.64,14.27,13.76,13.88,14.02,0.69,1.34,39.84,3.71,1543713600.0,880679281.0,0.0,-0.07,-9.42,-7.86
3138,688981,中芯国际,105.14,-1.28,-1.36,393560.0,4065897450.0,3.91,105.79,101.63,103.97,106.5,1.03,1.97,166.89,5.57,841264944322.0,210234006402.0,0.03,-0.01,-5.81,-14.4
3139,000796,凯撒旅业,5.41,-1.28,-0.07,412667.0,221438507.74,2.74,5.46,5.31,5.36,5.48,0.73,3.1,-243.02,10.46,8676498036.0,7199448442.0,0.0,0.0,-22.16,-24.86
3140,688105,诺唯赞,20.01,-1.28,-0.26,16018.0,31954141.0,1.78,20.14,19.78,20.12,20.27,1.19,0.4,-468.98,2.1,7958668225.0,7958668225.0,0.1,0.1,-8.08,-0.05
3141,300527,ST应急,8.41,-1.29,-0.11,148729.0,125085836.46,1.88,8.51,8.35,8.45,8.52,0.72,1.46,799.74,2.94,8551038829.0,8551038829.0,0.0,0.0,1.2,4.21
3142,003016,欣贺股份,8.41,-1.29,-0.11,45798.0,38415173.0,2.93,8.56,8.31,8.4,8.52,0.88,1.11,255.61,1.32,3536586757.0,3455524701.0,0.0,0.24,-19.83,-13.21
3143,301160,翔楼新材,63.38,-1.29,-0.83,16376.0,103157911.68,2.2,63.7,62.29,62.82,64.21,0.65,2.22,35.63,4.22,7197167745.0,4685634597.0,0.0,-0.08,2.47,-11.84
3144,300517,海波重科,12.2,-1.29,-0.16,41122.0,50121008.0,2.75,12.36,12.02,12.25,12.36,0.75,3.32,-219.84,2.42,2445044371.0,1513114126.0,0.33,0.33,3.83,10.31
3145,002696,百洋股份,7.66,-1.29,-0.1,92615.0,70804312.77,3.35,7.79,7.53,7.74,7.76,0.93,2.77,55.08,1.93,2653134927.0,2562170022.0,0.0,0.0,7.74,8.35
3146,301151,冠龙节能,19.92,-1.29,-0.26,20544.0,40992127.4,2.03,20.21,19.8,19.93,20.18,0.65,1.22,91.54,1.63,3366561672.0,3363368596.0,0.0,0.05,5.12,5.96
3147,300801,泰和科技,28.24,-1.29,-0.37,41646.0,116818578.6,2.94,28.47,27.63,28.05,28.61,0.75,3.05,52.12,2.46,6168463200.0,3854509370.0,0.04,-0.04,-1.6,2.21
3148,300551,古鳌科技,19.17,-1.29,-0.25,136169.0,254921955.25,4.74,19.25,18.33,19.01,19.42,0.85,4.02,-29.76,14.89,6519004624.0,6500026688.0,-0.16,0.26,51.06,15.2
3149,000559,万向钱潮,17.66,-1.29,-0.23,765586.0,1331333706.56,3.63,17.75,17.1,17.47,17.89,0.67,2.31,56.78,6.23,58549230121.0,58534850819.0,0.06,0.11,35.95,2.67
3150,600689,上海三毛,13.8,-1.29,-0.18,32808.0,45073022.0,2.65,13.94,13.57,13.79,13.98,0.65,2.16,136.41,5.86,2773680533.0,2100417173.0,0.0,0.22,-6.63,2.68
3151,603535,嘉诚国际,9.17,-1.29,-0.12,34173.0,31143984.0,2.26,9.24,9.03,9.24,9.29,0.83,0.67,23.62,1.78,4685120215.0,4685120215.0,0.11,0.22,-15.25,-14.38
3152,603087,甘李药业,62.84,-1.29,-0.82,47032.0,293328099.0,2.28,63.25,61.8,62.73,63.66,0.81,0.84,34.4,3.33,37534644252.0,35055833167.0,0.02,0.08,1.44,-7.68
3153,688569,铁科轨道,21.44,-1.29,-0.28,13706.0,29484639.0,2.21,21.78,21.3,21.67,21.72,0.79,0.65,26.37,1.53,4516694048.0,4516694048.0,-0.46,-0.23,1.71,-2.41
3154,601212,白银有色,9.92,-1.29,-0.13,1678738.0,1637081847.0,5.27,10.04,9.51,9.8,10.05,0.59,2.27,-256.39,4.76,73455363149.0,73455363149.0,0.1,0.1,92.62,69.57
3155,002248,华东数控,13.74,-1.29,-0.18,141873.0,193560758.0,2.51,13.81,13.46,13.58,13.92,0.51,4.61,137.05,44.36,4224989544.0,4224989544.0,0.15,0.29,16.05,19.17
3156,603032,德新科技,18.23,-1.3,-0.24,118669.0,214155464.0,3.14,18.36,17.78,17.88,18.47,1.61,5.12,86.0,3.74,4256972616.0,4223217219.0,-0.05,0.05,-3.24,-4.85
3157,001338,永顺泰,12.88,-1.3,-0.17,100597.0,130437394.0,1.99,13.12,12.86,12.99,13.05,1.08,2.01,19.16,1.74,6462293142.0,6462293142.0,0.0,0.0,5.49,6.36
3158,001324,长青科技,19.76,-1.3,-0.26,26779.0,52757703.0,2.6,19.94,19.42,19.8,20.02,0.72,3.28,55.77,2.41,2726880000.0,1613475136.0,0.0,0.0,1.96,9.53
3159,603656,泰禾智能,22.08,-1.3,-0.29,33828.0,74048061.0,3.26,22.33,21.6,22.33,22.37,0.9,1.85,105.27,3.07,4039433505.0,4039433505.0,0.0,-0.14,-4.54,-4.13
3160,600082,海泰发展,3.8,-1.3,-0.05,190807.0,71997711.0,6.23,3.85,3.61,3.81,3.85,0.48,3.01,760.28,1.38,2455240139.0,2410474566.0,0.53,0.26,-21.49,-6.4
3161,603280,南方路机,36.52,-1.3,-0.48,18828.0,68451657.0,2.32,36.81,35.95,36.5,37.0,0.63,6.74,38.56,2.92,3959011479.0,1020429679.0,-0.33,-0.33,-9.33,-2.35
3162,600382,广东明珠,9.09,-1.3,-0.12,226023.0,204362194.0,3.8,9.24,8.89,9.13,9.21,1.07,3.25,20.25,2.22,6312169529.0,6312169529.0,0.0,0.22,32.12,30.98
3163,000708,中信特钢,17.42,-1.3,-0.23,177692.0,309086726.84,2.89,17.63,17.12,17.5,17.65,0.8,0.35,15.23,2.12,87921492447.0,87921492447.0,0.23,0.17,9.22,6.41
3164,600702,舍得酒业,49.5,-1.3,-0.65,39572.0,195411277.0,1.32,49.79,49.13,49.4,50.15,0.63,1.19,26.17,2.32,16471564511.0,16464634511.0,0.0,-0.06,-16.48,-11.73
3165,000551,创元科技,14.38,-1.3,-0.19,107216.0,152813288.65,2.88,14.45,14.03,14.3,14.57,0.7,2.22,23.93,2.48,6970461201.0,6945286265.0,0.28,0.21,30.02,-2.18
3166,300030,阳普医疗,8.37,-1.3,-0.11,79080.0,66207935.0,1.89,8.46,8.3,8.35,8.48,0.9,2.9,80.72,4.1,2587897827.0,2278532039.0,0.0,0.12,5.42,13.72
3167,601636,旗滨集团,6.84,-1.3,-0.09,503321.0,342789400.0,4.47,7.0,6.69,6.88,6.93,0.74,1.7,16.58,1.35,20237191500.0,20237191500.0,0.0,0.0,10.68,15.35
3168,002297,博云新材,12.18,-1.3,-0.16,306222.0,366297487.0,4.05,12.22,11.72,12.0,12.34,0.58,5.34,174.3,3.32,6980416695.0,6980416695.0,0.0,-0.08,24.8,1.75
3169,603060,国检集团,6.82,-1.3,-0.09,61997.0,42254752.0,1.74,6.88,6.76,6.86,6.91,0.72,0.77,46.92,2.59,5483011858.0,5483011858.0,0.15,0.0,7.23,12.17
3170,000501,武商集团,9.02,-1.31,-0.12,89003.0,79891708.62,1.97,9.09,8.91,8.95,9.14,0.89,1.16,40.7,0.63,6936314434.0,6929421665.0,0.0,0.11,-7.87,-10.87
3171,603798,康普顿,15.06,-1.31,-0.2,73282.0,112019142.0,6.16,15.97,15.03,15.71,15.26,0.61,2.86,52.9,3.34,3862131729.0,3862131729.0,0.0,0.0,3.93,-8.78
3172,603080,新疆火炬,24.09,-1.31,-0.32,84792.0,210804741.0,7.17,25.84,24.09,25.34,24.41,0.67,5.99,16.21,2.24,3408735000.0,3408735000.0,-0.04,-0.08,4.88,1.99
3173,603886,元祖股份,12.8,-1.31,-0.17,23807.0,30592023.0,1.93,13.03,12.78,12.97,12.97,0.66,0.99,17.58,1.98,3072000000.0,3072000000.0,-0.16,-0.16,-2.88,-8.38
3174,002923,润都股份,15.79,-1.31,-0.21,95012.0,148122640.0,3.38,15.89,15.35,15.89,16.0,0.78,3.68,-72.52,5.05,5287964986.0,4075159513.0,0.06,-0.13,14.25,29.96
3175,600509,天富能源,9.04,-1.31,-0.12,542520.0,491975874.0,2.4,9.2,8.98,9.07,9.16,0.92,3.95,24.9,1.6,12424552559.0,12424552559.0,0.11,0.11,9.18,9.44
3176,301023,奕帆传动,43.83,-1.31,-0.58,15967.0,69585668.6,2.86,44.3,43.03,43.78,44.41,0.79,3.82,44.05,4.03,3426044270.0,1832360136.0,-0.2,0.0,19.79,1.22
3177,605081,*ST太和,9.8,-1.31,-0.13,17883.0,17385905.0,2.82,9.85,9.57,9.79,9.93,0.76,1.58,-10.09,1.24,1109821306.0,1109821306.0,0.2,0.0,-4.02,-8.67
3178,000423,东阿阿胶,51.91,-1.31,-0.69,58852.0,306883310.11,1.52,52.65,51.85,52.43,52.6,0.9,0.92,19.68,3.36,33428836934.0,33370358710.0,0.0,0.06,8.3,5.77
3179,600180,瑞茂通,3.76,-1.31,-0.05,163137.0,61523417.0,2.62,3.83,3.73,3.8,3.81,0.93,1.5,40.99,0.52,4085719265.0,4085719265.0,0.53,0.53,-18.08,7.43
3180,603639,海利尔,14.36,-1.31,-0.19,33488.0,48070247.0,2.41,14.55,14.2,14.41,14.55,0.77,0.99,18.11,1.41,5020948669.0,4880652905.0,0.07,0.35,11.49,13.07
3181,600094,大名城,4.51,-1.31,-0.06,201340.0,90301338.0,3.06,4.57,4.43,4.5,4.57,1.01,0.95,30.54,1.03,10485524703.0,9589297075.0,-0.22,0.0,11.36,8.41
3182,603135,中重科技,11.33,-1.31,-0.15,39941.0,44808686.0,3.57,11.44,11.03,11.44,11.48,0.92,1.58,-1709.3,2.42,7186132716.0,2862605577.0,0.0,0.0,19.39,23.02
3183,600033,福建高速,3.76,-1.31,-0.05,332208.0,125325554.0,1.57,3.81,3.75,3.77,3.81,0.69,1.21,9.42,0.83,10318944000.0,10318944000.0,-0.27,0.0,-12.15,-8.96
3184,001282,三联锻造,24.79,-1.31,-0.33,119326.0,294291876.03,5.61,25.41,24.0,24.83,25.12,0.7,15.27,45.16,3.4,5507981024.0,1937705392.0,-0.56,0.08,20.69,16.28
3185,688160,步科股份,114.35,-1.31,-1.52,14217.0,159559644.0,5.02,115.13,109.31,112.22,115.87,0.93,1.57,142.46,8.01,10386662756.0,10386662756.0,0.25,0.11,25.44,-25.02
3186,688175,高凌信息,36.04,-1.31,-0.48,18914.0,67139497.0,4.46,36.48,34.85,36.47,36.52,0.89,1.46,-114.68,2.7,4660584680.0,4660584680.0,0.0,0.39,44.74,11.89
3187,300180,华峰超纤,6.8,-1.31,-0.09,476412.0,321975188.92,2.61,6.84,6.66,6.82,6.89,0.9,2.78,94.23,2.54,11975209054.0,11645925086.0,0.15,0.15,6.58,-1.88
3188,000025,特  力Ａ,17.22,-1.32,-0.23,85498.0,145597285.05,2.58,17.25,16.8,17.21,17.45,1.42,2.18,45.04,4.11,7422824270.0,6763642670.0,0.0,0.0,-10.13,-1.37
3189,001333,光华股份,26.22,-1.32,-0.35,20265.0,52781836.0,2.9,26.49,25.72,26.48,26.57,0.98,4.61,31.91,1.96,3356160000.0,1153680000.0,-0.34,0.27,15.1,21.95
3190,002915,中欣氟材,21.72,-1.32,-0.29,66895.0,143729944.78,3.18,21.88,21.18,21.81,22.01,1.06,2.32,698.13,5.41,7282136728.0,6256986285.0,0.0,0.0,-2.6,-11.35
3191,002809,红墙股份,13.5,-1.32,-0.18,259090.0,350960786.57,3.65,13.85,13.35,13.51,13.68,1.99,18.62,-336.93,1.83,2856767576.0,1878099480.0,0.3,0.22,18.21,26.29
3192,301297,富乐德,35.94,-1.32,-0.48,45625.0,161683870.38,3.68,36.24,34.9,35.8,36.42,0.71,1.26,95.03,5.1,26710162272.0,13045421449.0,-0.03,0.0,-0.53,0.67
3193,688468,科美诊断,7.46,-1.32,-0.1,34650.0,25805852.0,1.72,7.5,7.37,7.47,7.56,0.74,0.86,67.38,2.12,2992265680.0,2992265680.0,-0.27,-0.13,-4.24,1.63
3194,603329,上海雅仕,11.21,-1.32,-0.15,29190.0,32626372.0,2.46,11.33,11.05,11.23,11.36,0.72,1.41,81.35,2.09,2803073672.0,2313554024.0,0.09,0.36,-2.94,1.91
3195,603317,天味食品,12.74,-1.32,-0.17,101157.0,128625883.0,3.56,12.99,12.53,12.8,12.91,1.41,0.95,25.94,3.09,13564466476.0,13564466476.0,0.24,0.16,-2.15,1.76
3196,605598,上海港湾,50.22,-1.32,-0.67,34295.0,170992472.0,2.52,50.49,49.21,50.0,50.89,0.92,1.41,116.31,6.76,12283049108.0,12204304148.0,-0.02,0.08,20.06,-27.72
3197,688515,裕太微-U,128.23,-1.32,-1.72,23233.0,289388605.0,6.91,129.63,120.65,123.96,129.95,0.82,4.66,-73.92,6.83,10258400000.0,6388341662.0,0.02,0.1,29.29,25.04
3198,002821,凯莱英,98.0,-1.32,-1.31,30290.0,296378164.62,2.59,99.23,96.66,98.88,99.31,0.63,0.96,33.15,2.04,35365747060.0,31065993434.0,0.05,0.02,5.88,5.46
3199,300843,胜蓝股份,53.97,-1.32,-0.72,81492.0,421640939.58,8.92,54.49,49.61,51.5,54.69,0.94,5.19,64.42,5.58,8835151456.0,8478159119.0,0.09,-0.02,21.36,4.67
3200,002992,宝明科技,52.5,-1.32,-0.7,22032.0,114070963.0,3.83,52.99,50.95,52.67,53.2,1.06,1.39,-1417.43,12.95,9495603338.0,8297073855.0,0.02,0.17,7.14,10.27
3201,600573,惠泉啤酒,11.95,-1.32,-0.16,53378.0,63807842.0,1.49,12.08,11.9,12.01,12.11,0.73,2.14,22.73,2.17,2987500000.0,2987500000.0,0.17,0.25,-5.91,0.17
3202,300795,米奥会展,12.68,-1.32,-0.17,33022.0,41899550.08,1.95,12.83,12.58,12.68,12.85,1.16,1.91,82.07,6.79,3789974272.0,2197002736.0,0.0,-0.08,-18.3,-6.9
3203,002318,久立特材,35.01,-1.32,-0.47,108473.0,381137191.5,3.69,35.87,34.56,35.69,35.48,0.92,1.14,20.34,4.19,34210746907.0,33433070057.0,0.03,-0.23,42.03,20.93
3204,002311,海大集团,54.77,-1.32,-0.73,112209.0,618982049.2,3.46,56.3,54.38,55.7,55.5,1.24,0.67,16.5,3.61,91123585857.0,91056291765.0,-0.13,0.09,-0.02,-1.1
3205,300520,科大国创,42.66,-1.32,-0.57,203715.0,855934562.21,3.4,42.87,41.4,41.9,43.23,0.68,7.33,-78.07,7.04,12458043228.0,11859839752.0,0.0,0.02,27.5,22.27
3206,920950,迅安科技,17.85,-1.33,-0.24,2705.0,4822880.84,3.04,18.19,17.64,17.9,18.09,0.67,0.76,31.38,4.1,1308762000.0,637603785.0,0.06,0.51,-1.98,-1.11
3207,688128,中国电研,28.91,-1.33,-0.39,26221.0,75041600.0,3.0,29.08,28.2,29.02,29.3,0.87,0.65,21.96,3.28,11694095000.0,11694095000.0,0.14,0.28,1.44,0.28
3208,600176,中国巨石,26.0,-1.33,-0.35,911367.0,2301262993.0,6.38,26.2,24.52,25.13,26.35,0.87,2.28,30.4,3.29,104081554928.0,104081554928.0,-0.04,-0.08,67.42,52.05
3209,301329,信音电子,23.68,-1.33,-0.32,31816.0,74783811.04,3.5,24.0,23.16,23.77,24.0,0.82,5.31,61.52,2.6,4030336000.0,1419473920.0,-0.17,0.08,-0.25,0.59
3210,002211,ST宏达,3.72,-1.33,-0.05,50771.0,18810371.5,2.39,3.75,3.66,3.71,3.77,0.66,1.17,-113.26,118.57,1608809898.0,1608809898.0,0.0,0.54,8.77,16.61
3211,603102,百合股份,43.12,-1.33,-0.58,6093.0,26275019.0,2.59,43.83,42.7,43.43,43.7,0.72,0.95,20.91,1.7,2759680000.0,2759680000.0,-0.09,-0.07,2.86,0.35
3212,300554,三超新材,26.0,-1.33,-0.35,47005.0,121079800.34,3.26,26.29,25.43,26.22,26.35,0.75,5.94,-115.12,4.64,2969501002.0,2057606746.0,-0.15,0.19,8.97,12.12
3213,920047,诺思兰德,23.02,-1.33,-0.31,26462.0,61821460.48,4.46,23.96,22.92,23.33,23.33,1.14,1.47,-117.52,22.79,6313740841.0,4146049950.0,-0.17,0.17,-7.96,-2.91
3214,603073,彩蝶实业,20.77,-1.33,-0.28,25117.0,52147591.0,2.85,21.06,20.46,20.79,21.05,1.02,4.94,28.74,1.74,2409320000.0,1057044453.0,-1.38,-0.19,7.34,10.54
3215,001283,豪鹏科技,61.63,-1.33,-0.83,21020.0,127913514.74,3.12,61.96,60.01,61.22,62.46,0.9,2.64,26.37,1.78,6159491219.0,4914543649.0,0.02,0.06,-14.59,-11.96
3216,920802,保丽洁,15.6,-1.33,-0.21,9273.0,14558075.23,2.34,15.87,15.5,15.81,15.81,0.77,4.2,50.17,2.89,1279329324.0,344738051.0,0.0,-0.51,-0.19,1.23
3217,600651,飞乐音响,7.44,-1.33,-0.1,204872.0,150761074.0,2.25,7.45,7.28,7.39,7.54,0.82,0.82,394.17,7.48,18652288432.0,18652288432.0,0.0,0.0,-6.77,2.06
3218,688506,百利天恒,255.06,-1.33,-3.44,12242.0,314867768.0,3.96,261.89,251.66,256.97,258.5,0.65,0.31,-100.23,15.9,105307595764.0,102279060000.0,-0.34,-0.35,-29.48,-21.06
3219,300092,科新机电,17.0,-1.33,-0.23,172664.0,296813408.0,4.12,17.6,16.89,17.08,17.23,0.96,8.23,63.28,2.87,4656695607.0,3567726352.0,-0.18,-0.12,5.59,7.66
3220,002813,路畅科技,26.68,-1.33,-0.36,13884.0,36844220.0,2.33,26.86,26.23,26.72,27.04,0.66,1.16,-34.54,12.83,3201600000.0,3197760081.0,0.0,0.08,-4.48,-8.1
3221,603900,莱绅通灵,8.16,-1.33,-0.11,77265.0,62637086.0,3.02,8.25,8.0,8.25,8.27,0.54,2.26,30.39,1.41,2799074534.0,2788670534.0,0.0,0.12,-8.52,-3.55
3222,300263,隆华科技,11.15,-1.33,-0.15,507903.0,555900175.74,4.51,11.24,10.73,11.04,11.3,0.84,5.21,47.97,2.75,11540320267.0,10877149978.0,0.0,0.09,37.82,26.13
3223,688520,神州细胞,39.36,-1.33,-0.53,30691.0,120194397.0,2.73,39.79,38.7,39.79,39.89,1.13,0.69,-31.68,126.97,17528413703.0,17528413703.0,0.05,0.31,-15.04,-9.12
3224,600526,菲达环保,5.87,-1.34,-0.08,127987.0,74959157.0,2.18,5.93,5.8,5.91,5.95,0.88,1.47,19.2,1.17,5216685671.0,5124551912.0,0.17,0.17,8.91,9.51
3225,301588,美新科技,26.5,-1.34,-0.36,38912.0,101548153.76,4.95,26.83,25.5,26.8,26.86,0.96,5.3,83.2,3.37,3149995481.0,1944018350.0,-0.26,-0.26,36.39,45.84
3226,600300,维维股份,3.67,-1.34,-0.05,416552.0,153499578.0,2.15,3.73,3.65,3.69,3.72,0.78,2.58,18.45,1.69,5934911801.0,5934911801.0,-0.27,0.27,0.27,4.56
3227,002774,快意电梯,11.07,-1.34,-0.15,54618.0,60183189.0,2.58,11.2,10.91,11.07,11.22,0.88,1.94,53.69,3.11,3727135053.0,3119215320.0,0.09,0.09,12.39,19.29
3228,688558,国盛智科,30.98,-1.34,-0.42,12879.0,39745734.0,3.31,31.34,30.3,31.2,31.4,0.91,0.98,26.05,2.37,4089360000.0,4089360000.0,0.19,0.1,8.97,7.09
3229,688302,海创药业-U,42.03,-1.34,-0.57,13023.0,54465388.0,3.12,42.53,41.2,42.53,42.6,0.89,1.32,-30.45,3.91,4161625584.0,4161625584.0,0.33,0.19,-11.05,-14.52
3230,600763,通策医疗,47.0,-1.34,-0.64,99791.0,463601234.0,3.25,47.25,45.7,47.0,47.64,0.92,2.23,30.7,4.84,21022588499.0,21022588499.0,0.06,0.09,13.58,16.89
3231,601066,中信建投,22.84,-1.34,-0.31,117553.0,267821958.0,1.12,22.92,22.66,22.92,23.15,0.93,0.18,18.74,2.16,177162909163.0,148361126439.0,-0.09,0.0,-9.22,-14.17
3232,600218,全柴动力,11.01,-1.34,-0.15,159265.0,174248885.0,2.06,11.09,10.86,10.89,11.16,0.99,3.66,51.83,1.47,4795955108.0,4795955108.0,0.09,0.27,5.97,7.31
3233,601881,中国银河,14.02,-1.34,-0.19,279848.0,391538937.0,0.91,14.05,13.92,14.0,14.21,0.66,0.39,10.48,1.3,153300319629.0,101552715074.0,0.0,0.0,-10.59,-10.81
3234,920926,鸿智科技,16.08,-1.35,-0.22,6288.0,10117858.63,3.01,16.46,15.97,16.3,16.3,0.72,0.78,48.3,5.12,1420856731.0,1289332654.0,0.0,0.0,-10.12,-6.18
3235,300649,杭州园林,14.63,-1.35,-0.2,27585.0,40266662.3,3.44,14.88,14.37,14.65,14.83,0.89,2.6,206.41,3.88,1937254990.0,1552488989.0,0.21,0.34,-4.13,1.88
3236,002169,智光电气,15.38,-1.35,-0.21,380994.0,587454672.07,3.66,15.75,15.18,15.19,15.59,0.8,5.02,-176.11,4.56,12037988966.0,11668405612.0,0.07,0.13,84.19,32.93
3237,002996,顺博合金,8.05,-1.35,-0.11,183803.0,148083898.38,2.33,8.16,7.97,8.07,8.16,0.9,4.53,16.49,1.68,5388966530.0,3266431152.0,0.0,0.0,4.41,6.48
3238,301010,晶雪节能,21.15,-1.35,-0.29,18931.0,39982599.0,2.89,21.43,20.81,21.09,21.44,0.75,1.75,168.57,2.76,2284200000.0,2284200000.0,-0.33,-0.47,-18.65,-4.51
3239,603277,银都股份,15.36,-1.35,-0.21,14891.0,22914695.0,3.08,15.68,15.2,15.42,15.57,1.05,0.24,15.14,3.31,9426421325.0,9365698944.0,0.07,0.0,-11.27,-8.73
3240,000897,津滨发展,2.19,-1.35,-0.03,214846.0,47078425.6,1.35,2.21,2.18,2.2,2.22,0.59,1.33,145.98,1.15,3541826192.0,3541759178.0,0.46,0.46,-12.4,-3.95
3241,688528,秦川物联,11.67,-1.35,-0.16,21056.0,24437082.0,2.96,11.77,11.42,11.63,11.83,0.81,1.25,-16.74,4.05,1960560000.0,1960560000.0,-0.09,0.26,4.2,8.36
3242,603007,*ST花王,6.57,-1.35,-0.09,239984.0,158575718.0,3.6,6.75,6.51,6.66,6.66,0.84,3.45,-25.48,20.14,5812124884.0,4566734921.0,0.0,0.31,22.35,8.77
3243,920019,铜冠矿建,21.23,-1.35,-0.29,37232.0,79065827.53,4.0,21.66,20.8,21.09,21.52,0.54,2.22,103.93,4.88,4463962041.0,3556782189.0,-0.09,-0.05,9.32,1.29
3244,300576,容大感光,37.3,-1.35,-0.51,88563.0,323229182.44,4.21,37.39,35.8,37.1,37.81,0.89,3.81,103.62,8.07,13665510436.0,8677998266.0,0.0,0.21,-9.55,-3.24
3245,688360,德马科技,18.17,-1.36,-0.25,30085.0,54094146.0,2.82,18.28,17.76,18.21,18.42,0.98,1.19,51.26,3.3,4792258769.0,4584037256.0,0.06,0.06,-9.15,-14.53
3246,300907,康平科技,29.8,-1.36,-0.41,12811.0,37936084.08,3.31,30.1,29.1,29.78,30.21,0.85,1.33,43.38,3.58,2860800000.0,2860800000.0,-0.03,-0.1,1.22,0.47
3247,600663,陆家嘴,7.99,-1.36,-0.11,92097.0,73523208.0,1.73,8.06,7.92,8.03,8.1,0.91,0.29,28.42,1.59,40230877895.0,25213912459.0,0.0,0.0,-1.36,1.01
3248,600620,天宸股份,6.52,-1.36,-0.09,56514.0,36864961.0,1.66,6.58,6.47,6.52,6.61,0.83,0.82,126.84,3.02,4477134777.0,4477134777.0,0.15,0.31,2.19,0.31
3249,002898,*ST赛隆,10.9,-1.36,-0.15,19683.0,21114663.7,6.06,11.17,10.5,11.04,11.05,1.83,1.94,-35.62,4.17,1918400000.0,1103761915.0,0.0,-0.37,-21.81,-19.97
3250,300033,同花顺,316.77,-1.36,-4.38,85926.0,2685100702.55,3.67,318.8,307.0,313.97,321.15,1.14,2.74,53.13,17.94,170295552000.0,99196700674.0,0.0,-0.03,0.43,-1.68
3251,603059,倍加洁,32.58,-1.36,-0.45,17734.0,57481950.0,4.15,33.12,31.75,33.11,33.03,0.85,1.77,31.85,3.11,3272618646.0,3272618646.0,0.46,0.34,9.04,8.31
3252,301429,森泰股份,21.11,-1.36,-0.29,16946.0,35532972.16,3.46,21.3,20.56,21.14,21.4,1.11,3.85,43.19,1.83,2495624200.0,929708318.0,-0.28,0.19,8.37,11.87
3253,002825,纳尔股份,10.84,-1.36,-0.15,50191.0,54211052.93,2.18,10.94,10.7,10.86,10.99,0.94,1.96,19.28,2.29,3702240777.0,2780937047.0,0.28,0.18,-5.57,-5.66
3254,603088,宁波精达,12.33,-1.36,-0.17,211569.0,254994499.0,5.76,12.42,11.7,12.28,12.5,0.93,4.83,61.23,5.66,6194443621.0,5398959787.0,0.0,0.24,25.05,19.36
3255,600970,中材国际,10.92,-1.36,-0.15,245392.0,267589950.0,3.34,11.05,10.68,10.9,11.07,1.17,0.94,10.35,1.29,28630269202.0,28596585599.0,0.18,0.18,11.89,5.1
3256,688133,泰坦科技,22.52,-1.36,-0.31,30048.0,66989837.0,2.5,22.64,22.07,22.52,22.83,0.89,1.83,-283.89,1.34,3703120722.0,3703120722.0,0.04,0.0,-0.44,1.72
3257,300455,航天智装,25.31,-1.36,-0.35,149179.0,372227957.78,3.59,25.47,24.55,25.0,25.66,0.72,2.11,-86.04,10.77,18166706460.0,17935233855.0,0.0,-0.04,-3.54,-15.75
3258,002423,中粮资本,10.92,-1.36,-0.15,155732.0,170383929.4,1.63,11.06,10.88,10.96,11.07,0.77,0.68,18.4,1.13,25160832879.0,25160832879.0,0.0,0.18,-7.06,-6.67
3259,688021,奥福科技,23.97,-1.36,-0.33,22908.0,54216131.0,4.32,24.23,23.18,23.96,24.3,1.13,3.0,130.53,2.1,1831636796.0,1831636796.0,-0.13,0.42,26.62,30.63
3260,603703,盛洋科技,13.8,-1.36,-0.19,106079.0,144765738.0,3.86,13.96,13.42,13.89,13.99,0.83,2.56,601.99,6.92,5726753256.0,5726753256.0,0.0,-0.07,17.25,-5.35
3261,301062,上海艾录,8.71,-1.36,-0.12,110674.0,95366104.0,3.74,8.8,8.47,8.65,8.83,0.9,3.55,-58.86,2.59,3765134299.0,2714116829.0,-0.46,-0.11,10.53,5.7
3262,920023,田野股份,4.34,-1.36,-0.06,52879.0,22970328.57,1.59,4.39,4.32,4.34,4.4,0.69,1.97,120.34,1.18,1420499360.0,1166629020.0,0.23,0.0,3.09,-8.05
3263,600059,古越龙山,9.34,-1.37,-0.13,124638.0,116177156.0,2.22,9.44,9.23,9.39,9.47,0.97,1.37,47.34,1.46,8513806137.0,8513806137.0,0.11,0.21,1.52,0.86
3264,301379,天山电子,26.69,-1.37,-0.37,49403.0,129800267.57,3.33,26.8,25.9,26.48,27.06,1.0,3.88,35.54,3.74,5291130865.0,3398533624.0,0.04,0.11,-2.73,3.25
3265,600893,航发动力,60.34,-1.37,-0.84,508533.0,3012078752.0,6.67,61.18,57.1,59.28,61.18,0.81,1.91,1117.35,4.04,160841956321.0,160813627898.0,-0.1,0.15,64.55,50.74
3266,301111,粤万年青,20.88,-1.37,-0.29,40658.0,84852612.64,3.12,21.26,20.6,20.8,21.17,0.62,2.54,-308.21,4.47,3340800000.0,3340800000.0,0.14,0.24,-25.43,9.72
3267,300007,汉威科技,48.28,-1.37,-0.67,112675.0,535677699.92,3.78,48.6,46.75,47.8,48.95,0.94,3.98,139.75,5.44,15809074485.0,13677484483.0,0.0,-0.02,1.84,-9.93
3268,688378,奥来德,37.48,-1.37,-0.52,71770.0,264051722.0,6.68,37.98,35.44,37.02,38.0,0.95,2.98,116.19,5.45,9342986552.0,9031202201.0,0.05,0.05,50.64,37.29
3269,300978,东箭科技,12.25,-1.37,-0.17,59604.0,72619339.69,2.58,12.35,12.03,12.31,12.42,0.98,3.12,29.76,3.15,5178108553.0,2342437417.0,0.08,0.08,0.0,-1.92
3270,301488,豪恩汽电,136.1,-1.37,-1.89,12202.0,162857799.66,3.72,136.48,131.35,134.01,137.99,0.99,5.21,147.3,9.37,12521200000.0,3186398787.0,-0.07,0.32,5.54,-11.07
3271,001206,依依股份,22.39,-1.37,-0.31,20409.0,45728517.56,2.07,22.73,22.26,22.5,22.7,0.55,1.92,19.81,2.21,4139772361.0,2380403172.0,-0.09,-0.09,-27.96,-24.08
3272,002553,南方精工,25.9,-1.37,-0.36,76464.0,195840178.25,2.82,26.0,25.26,26.0,26.26,0.81,3.05,18.73,6.16,9153309650.0,6495720000.0,0.0,-0.19,1.17,-5.16
3273,603755,日辰股份,30.25,-1.37,-0.42,17097.0,51335868.0,2.41,30.4,29.66,30.4,30.67,0.71,1.73,35.42,3.82,2983063850.0,2983063850.0,-0.03,-0.13,-14.23,-16.83
3274,002334,英威腾,10.05,-1.37,-0.14,571942.0,567806639.07,3.14,10.09,9.77,10.0,10.19,1.18,7.79,41.94,2.72,8268543030.0,7377660428.0,-0.3,-0.3,20.36,11.42
3275,000725,京东方Ａ,4.31,-1.37,-0.06,8427998.0,3593024477.2,2.52,4.33,4.22,4.31,4.37,0.91,2.32,26.02,1.21,159661053956.0,156632570513.0,0.23,0.23,6.95,2.38
3276,300337,银邦股份,13.66,-1.37,-0.19,355029.0,473665109.95,4.91,13.71,13.03,13.62,13.85,0.9,4.99,131.69,6.5,11227640719.0,9717718058.0,0.07,0.15,19.72,-11.93
3277,300673,佩蒂股份,16.59,-1.37,-0.23,31348.0,51710820.9,2.56,16.7,16.27,16.64,16.82,0.79,1.94,27.26,2.24,4128101977.0,2686888446.0,-0.06,0.18,-6.9,-7.47
3278,002690,美亚光电,18.67,-1.37,-0.26,56403.0,104241322.3,3.01,18.77,18.2,18.76,18.93,0.95,1.3,23.81,6.04,16471213563.0,8098056770.0,0.05,0.0,-7.94,-9.24
3279,600736,苏州高新,6.47,-1.37,-0.09,175430.0,112693391.0,3.05,6.53,6.33,6.53,6.56,0.67,1.52,20.06,1.0,7448865108.0,7448865108.0,0.15,0.15,12.91,-4.29
3280,002369,卓翼科技,7.91,-1.37,-0.11,106421.0,83378846.1,2.12,7.94,7.77,7.81,8.02,0.79,1.88,-21.54,14.47,4484624175.0,4478763869.0,-0.13,0.0,-24.95,-8.34
3281,002659,凯文教育,5.77,-1.37,-0.08,148767.0,85317585.0,2.05,5.8,5.68,5.79,5.85,0.72,2.49,2706.58,1.59,3452077816.0,3452061590.0,0.17,0.17,-7.97,-1.54
3282,605222,起帆电缆,21.57,-1.37,-0.3,103796.0,219358642.0,4.71,21.67,20.64,21.16,21.87,0.72,2.51,29.89,1.91,8906319824.0,8906319824.0,0.05,-0.09,29.86,17.29
3283,600872,中炬高新,18.59,-1.38,-0.26,195012.0,366972096.0,3.24,19.15,18.54,18.78,18.85,1.95,2.53,28.57,2.54,14472486549.0,14332665991.0,0.11,-0.11,7.15,5.93
3284,603992,松霖科技,30.07,-1.38,-0.42,76845.0,224336316.0,5.94,30.14,28.33,30.0,30.49,1.37,1.8,60.81,4.01,12863154197.0,12863154197.0,0.03,0.27,6.22,-26.52
3285,002081,金 螳 螂,3.57,-1.38,-0.05,328823.0,117371947.0,2.21,3.62,3.54,3.58,3.62,1.01,1.24,18.63,0.69,9479505570.0,9441239454.0,0.28,0.28,8.18,4.39
3286,000686,东北证券,8.58,-1.38,-0.12,167781.0,143609134.62,1.15,8.61,8.51,8.6,8.7,0.69,0.72,14.12,1.01,20081086011.0,20081086011.0,0.0,0.12,-4.67,-7.94
3287,000778,新兴铸管,5.0,-1.38,-0.07,826421.0,410451653.54,3.16,5.06,4.9,5.06,5.07,1.1,2.12,21.25,0.76,19815911425.0,19468027480.0,0.2,0.2,24.69,19.62
3288,600326,西藏天路,10.74,-1.38,-0.15,231626.0,247946097.0,1.56,10.8,10.63,10.73,10.89,0.73,1.7,485.6,3.66,14632867903.0,14632867903.0,0.09,0.09,-2.01,-2.63
3289,300896,爱美客,138.72,-1.38,-1.94,19744.0,273473525.6,1.12,139.57,138.0,139.0,140.66,0.84,0.95,28.8,5.68,41975570702.0,28935822590.0,0.01,0.09,-3.47,-2.12
3290,603202,天有为,90.12,-1.38,-1.26,6943.0,62471195.0,0.96,90.52,89.64,90.52,91.38,0.92,2.09,13.88,2.18,14419200000.0,2997574865.0,-0.09,-0.17,-2.15,-1.84
3291,002170,芭田股份,14.31,-1.38,-0.2,583204.0,838615327.56,5.31,14.89,14.12,14.82,14.51,0.98,7.43,15.12,3.77,13847357085.0,11227476103.0,0.07,0.14,19.75,17.49
3292,002266,浙富控股,5.02,-1.38,-0.07,1253666.0,623045263.57,3.54,5.06,4.88,5.04,5.09,0.92,2.56,26.6,2.23,26200742438.0,24581941261.0,0.0,0.0,25.19,20.67
3293,601007,金陵饭店,7.89,-1.38,-0.11,63727.0,50471059.0,2.25,8.04,7.86,7.95,8.0,0.81,1.63,57.59,1.94,3077100000.0,3077100000.0,0.0,0.0,0.0,1.02
3294,301581,黄山谷捷,49.41,-1.38,-0.69,5546.0,27271558.43,1.92,49.85,48.89,49.2,50.1,0.85,1.13,59.24,3.94,3952800000.0,2415061980.0,-0.06,-0.08,2.92,4.13
3295,600874,创业环保,6.45,-1.38,-0.09,178931.0,116012460.0,2.14,6.57,6.43,6.5,6.54,1.09,1.45,10.82,1.0,10129196648.0,7936196648.0,0.0,0.16,7.5,8.59
3296,003020,立方制药,24.34,-1.38,-0.34,12787.0,31079018.52,1.9,24.55,24.08,24.4,24.68,0.77,0.93,28.71,2.57,4629034310.0,3352214890.0,-0.08,-0.04,-12.48,-5.95
3297,920275,驱动力,8.59,-1.38,-0.12,12208.0,10608414.8,3.67,8.89,8.57,8.66,8.71,0.81,0.93,300.65,5.88,1369053584.0,1133145735.0,0.0,-0.23,-5.81,-1.38
3298,300959,线上线下,81.76,-1.38,-1.14,18974.0,154285188.64,3.11,82.69,80.11,81.13,82.9,0.86,3.62,1405.48,5.86,6570871328.0,4280562705.0,0.02,-0.1,-26.14,-13.66
3299,920415,恒拓开源,14.3,-1.38,-0.2,24214.0,34503032.25,2.55,14.45,14.08,14.25,14.5,1.06,2.24,79.11,3.6,2009314264.0,1547708205.0,0.07,0.0,0.7,1.49
3300,688006,杭可科技,26.52,-1.38,-0.37,76903.0,200523114.0,4.35,26.73,25.56,26.6,26.89,1.0,1.27,40.61,2.96,16009385471.0,16009385471.0,-0.11,0.0,-4.43,-9.46
3301,000793,*ST华闻,2.84,-1.39,-0.04,259048.0,73417675.61,4.17,2.9,2.78,2.83,2.88,0.68,1.32,-41.97,49.52,5672177098.0,5569264467.0,0.35,0.35,-4.7,2.16
3302,688109,品茗科技,122.88,-1.39,-1.73,10942.0,133954105.0,6.2,126.37,118.64,124.61,124.61,1.12,1.39,204.86,12.04,9688141824.0,9688141824.0,0.08,0.35,-22.08,-3.32
3303,002302,西部建设,6.4,-1.39,-0.09,194944.0,124938777.8,2.47,6.51,6.35,6.43,6.49,0.83,1.54,-30.63,0.95,8079067546.0,8079067546.0,0.0,0.0,0.95,4.58
3304,002204,大连重工,7.12,-1.39,-0.1,290155.0,206316482.44,1.94,7.19,7.05,7.17,7.22,0.76,1.5,23.37,1.76,13751354628.0,13751354628.0,-0.14,-0.14,5.01,-6.93
3305,301469,恒达新材,34.7,-1.39,-0.49,27856.0,94921830.3,4.6,34.9,33.28,34.47,35.19,0.89,6.05,42.44,2.25,3104956000.0,1598236370.0,0.23,-0.06,19.7,14.26
3306,300729,乐歌股份,13.5,-1.39,-0.19,32193.0,43262725.64,1.9,13.57,13.31,13.47,13.69,0.73,1.01,20.47,1.27,4611771545.0,4298980487.0,0.0,-0.07,-4.39,-0.81
3307,000619,海螺新材,6.39,-1.39,-0.09,82951.0,53101304.38,2.78,6.52,6.34,6.48,6.48,0.86,2.3,-55.13,1.11,2819068830.0,2300400000.0,0.16,0.0,-2.14,2.9
3308,600493,凤竹纺织,7.8,-1.39,-0.11,69723.0,54258137.0,2.91,7.9,7.67,7.9,7.91,0.9,2.56,101.12,1.89,2121600000.0,2121600000.0,-0.13,0.65,0.39,5.69
3309,300968,格林精密,12.8,-1.39,-0.18,50825.0,64246760.61,3.0,12.88,12.49,12.72,12.98,0.82,1.23,205.02,2.79,5291264000.0,5291264000.0,0.0,0.08,-16.72,-14.04
3310,300102,乾照光电,34.79,-1.39,-0.49,549118.0,1879316907.88,4.0,34.96,33.55,34.12,35.28,0.66,5.99,273.04,7.56,32018415094.0,31879464704.0,0.09,0.06,74.47,26.23
3311,001202,炬申股份,17.78,-1.39,-0.25,28719.0,50746848.2,2.11,17.89,17.51,17.79,18.03,0.86,2.46,37.52,3.54,2963767936.0,2077129920.0,0.0,0.34,14.78,12.11
3312,300243,瑞丰高材,11.94,-1.4,-0.17,80955.0,96351753.1,2.39,12.04,11.75,11.97,12.11,0.82,4.17,92.01,2.78,2990097544.0,2320765466.0,0.0,0.17,11.17,14.48
3313,603194,中力股份,35.82,-1.4,-0.51,14549.0,51713728.0,2.89,36.18,35.13,36.18,36.33,0.68,0.92,15.73,2.72,14363820000.0,5660524024.0,0.0,0.03,-0.31,-8.88
3314,600293,三峡新材,3.52,-1.4,-0.05,439563.0,152455224.0,3.64,3.55,3.42,3.51,3.57,1.01,3.79,-51.17,2.42,4083710562.0,4083710562.0,0.28,1.15,10.69,11.75
3315,002858,力盛体育,15.51,-1.4,-0.22,54742.0,84244820.0,3.43,15.71,15.17,15.5,15.73,0.92,3.72,86.6,4.67,2542396687.0,2279635573.0,0.19,0.52,6.6,3.4
3316,000678,襄阳轴承,12.65,-1.4,-0.18,84022.0,105591909.75,2.1,12.71,12.44,12.65,12.83,0.76,1.83,-162.36,7.29,5814089232.0,5814089232.0,0.08,0.16,-16.89,-15.83
3317,601858,中国科传,19.08,-1.4,-0.27,73701.0,138639812.0,3.1,19.13,18.53,19.04,19.35,0.92,0.93,36.45,2.75,15082740000.0,15082740000.0,0.1,0.1,3.47,5.12
3318,600099,林海股份,11.3,-1.4,-0.16,61153.0,68674568.0,3.32,11.45,11.07,11.33,11.46,1.29,2.79,127.86,4.63,2476056000.0,2476056000.0,0.09,0.18,5.31,8.13
3319,688236,春立医疗,20.36,-1.4,-0.29,16863.0,34245093.0,2.71,20.66,20.1,20.62,20.65,0.76,0.58,28.7,2.62,7809454660.0,5872394080.0,0.1,0.2,-15.59,-10.19
3320,601689,拓普集团,63.21,-1.4,-0.9,220090.0,1369939323.0,3.21,63.58,61.52,62.84,64.11,1.02,1.27,41.89,4.72,109848587012.0,109848587012.0,0.1,0.11,-2.05,-18.1
3321,000061,农 产 品,9.16,-1.4,-0.13,157791.0,146552132.31,4.52,9.56,9.14,9.3,9.29,0.73,0.93,51.68,2.16,18182244574.0,15543906335.0,0.0,0.0,-1.93,-10.98
3322,300417,南华仪器,14.09,-1.4,-0.2,43646.0,61160106.59,3.92,14.25,13.69,14.04,14.29,1.03,4.98,-7900.62,4.13,1895995488.0,1233751933.0,-0.35,-0.21,2.85,0.71
3323,000011,深物业A,8.44,-1.4,-0.12,38516.0,32450641.66,1.99,8.53,8.36,8.45,8.56,0.69,0.73,117.08,1.48,5030063536.0,4443453583.0,0.12,0.0,-11.25,-6.33
3324,603385,惠达卫浴,7.06,-1.4,-0.1,44189.0,31250438.0,3.07,7.2,6.98,7.11,7.16,0.87,1.16,132.25,0.72,2687494674.0,2687494674.0,-0.28,-0.14,-2.62,3.22
3325,601326,秦港股份,3.51,-1.4,-0.05,330542.0,116796114.0,3.65,3.63,3.5,3.55,3.56,0.79,0.69,10.58,0.97,19611816120.0,16699032090.0,0.29,0.0,-2.5,0.57
3326,300796,贝斯美,9.87,-1.4,-0.14,92599.0,91617339.72,3.1,10.1,9.79,9.91,10.01,0.67,2.56,85.78,2.07,3564480147.0,3564480147.0,0.2,0.2,11.4,13.58
3327,601155,新城控股,15.54,-1.4,-0.22,133338.0,207294253.0,3.36,15.88,15.35,15.71,15.76,0.72,0.59,26.99,0.57,35052379182.0,35052379182.0,0.13,0.19,5.36,11.4
3328,603726,朗迪集团,25.18,-1.41,-0.36,35814.0,89428619.0,3.99,25.48,24.46,25.06,25.54,0.86,1.94,19.94,3.33,4674697216.0,4650902116.0,0.0,-0.08,10.63,4.05
3329,002418,康盛股份,4.9,-1.41,-0.07,521852.0,251819050.0,3.42,4.92,4.75,4.91,4.97,1.13,4.59,301.91,3.87,5568360000.0,5568346956.0,0.2,0.2,8.17,2.73
3330,002458,益生股份,9.79,-1.41,-0.14,137448.0,135734590.99,2.82,10.04,9.76,9.94,9.93,0.89,1.84,255.57,2.58,10831782438.0,7331424671.0,0.1,0.2,13.57,16.83
3331,920547,无锡晶海,23.84,-1.41,-0.34,6203.0,14867619.95,1.9,24.21,23.75,23.98,24.18,0.84,1.64,29.52,2.61,1852081920.0,899206656.0,0.17,-0.08,1.32,0.8
3332,603217,元利科技,24.53,-1.41,-0.35,40467.0,99192287.0,4.3,25.0,23.93,24.9,24.88,0.85,1.94,25.11,1.52,5104388828.0,5104388828.0,0.0,0.04,-8.74,-4.25
3333,002549,凯美特气,20.33,-1.41,-0.29,285617.0,582267749.59,4.07,20.87,20.03,20.4,20.62,0.61,4.13,140.62,6.84,14136422827.0,14075669164.0,0.05,-0.05,-3.24,-4.19
3334,300696,爱乐达,30.15,-1.41,-0.43,62290.0,185808482.8,3.66,30.36,29.24,30.12,30.58,0.75,2.34,141.79,4.67,8838562437.0,8016482226.0,-0.03,0.0,17.59,-5.52
3335,688500,慧辰股份,51.17,-1.41,-0.73,22942.0,115381809.0,5.07,51.63,49.0,49.3,51.9,0.84,3.13,-92.88,5.32,3852932651.0,3751575115.0,-0.39,-0.04,-20.22,-17.15
3336,601020,华钰矿业,34.38,-1.41,-0.49,369288.0,1246654073.0,5.31,34.65,32.8,33.94,34.87,0.62,4.5,26.38,6.59,28190386317.0,28190386317.0,0.03,0.09,18.35,28.0
3337,300508,维宏股份,41.38,-1.41,-0.59,26557.0,107715609.48,4.0,41.54,39.86,40.8,41.97,0.77,3.24,45.22,5.32,4504061135.0,3392889292.0,0.15,0.24,13.03,12.14
3338,002946,新乳业,19.62,-1.41,-0.28,72332.0,142102730.36,3.22,20.0,19.36,19.85,19.9,0.97,0.85,20.33,4.71,16886486605.0,16690910266.0,0.15,0.36,14.94,6.28
3339,300193,佳士科技,9.76,-1.41,-0.14,170018.0,164746245.7,2.32,9.81,9.58,9.75,9.9,0.87,4.05,21.71,2.02,4648198097.0,4095839359.0,0.1,0.1,7.14,9.05
3340,600415,小商品城,14.02,-1.41,-0.2,390148.0,543675452.0,1.97,14.09,13.81,14.0,14.22,0.68,0.71,16.68,3.47,76879500349.0,76879500349.0,0.07,0.07,-13.14,-12.1
3341,920017,星昊医药,18.13,-1.41,-0.26,15619.0,28179337.07,1.41,18.18,17.92,18.12,18.39,1.27,1.26,21.36,1.37,2263209236.0,2239230498.0,0.39,0.44,-3.05,-0.44
3342,301563,云汉芯城,146.68,-1.42,-2.12,9140.0,132341980.52,2.56,146.81,143.0,145.98,148.8,0.84,6.55,87.94,7.96,9551229401.0,2046436823.0,0.0,0.16,-9.56,-4.29
3343,002214,*ST大立,18.04,-1.42,-0.26,34401.0,61842496.2,2.73,18.3,17.8,18.3,18.3,0.87,0.72,-65.67,7.65,10799874873.0,8630636420.0,0.0,0.11,17.6,0.11
3344,605199,ST葫芦娃,6.95,-1.42,-0.1,24276.0,16833535.0,1.13,6.98,6.9,6.93,7.05,0.6,0.61,-185.98,4.03,2780755826.0,2780755826.0,0.14,0.14,-23.71,-8.79
3345,000721,西安饮食,8.31,-1.42,-0.12,87417.0,72652392.0,2.25,8.43,8.24,8.36,8.43,0.93,1.71,-42.22,21.91,4769227899.0,4257714159.0,-0.12,0.0,-14.77,-7.15
3346,003011,海象新材,26.99,-1.42,-0.39,35248.0,93897176.4,3.21,27.15,26.27,27.11,27.38,0.79,4.51,23.0,1.96,2771225240.0,2107615794.0,-0.04,-0.04,11.07,22.46
3347,300529,健帆生物,18.71,-1.42,-0.27,52123.0,97352227.22,2.0,18.9,18.52,18.9,18.98,1.14,1.02,24.73,4.51,14941904695.0,9588261312.0,0.0,0.11,-6.78,-4.88
3348,688503,聚和材料,88.14,-1.42,-1.27,126683.0,1071614222.0,8.84,89.25,81.35,85.16,89.41,1.11,6.31,52.16,4.26,21332845294.0,17709071613.0,-0.03,-0.15,66.87,44.49
3349,600497,驰宏锌锗,9.69,-1.42,-0.14,1292847.0,1230115840.0,4.68,9.74,9.28,9.63,9.83,0.59,2.56,27.67,2.91,48841286880.0,48841286880.0,0.1,0.1,47.94,32.56
3350,603040,新坐标,91.48,-1.42,-1.32,20523.0,185339148.0,4.01,92.0,88.28,90.2,92.8,1.25,1.51,44.74,8.58,12482985366.0,12417874476.0,0.15,0.19,16.54,-0.55
3351,002853,皮阿诺,28.44,-1.42,-0.41,21303.0,59778421.0,3.36,28.57,27.6,28.36,28.85,0.62,1.66,-518.47,5.58,5202129561.0,3660364939.0,-0.46,0.11,95.2,35.69
3352,688053,ST思科瑞,39.6,-1.42,-0.57,14160.0,55318286.0,2.96,39.79,38.6,38.9,40.17,0.98,1.42,-203.83,2.46,3960000000.0,3960000000.0,0.0,0.0,34.24,7.76
3353,601000,唐山港,4.17,-1.42,-0.06,352009.0,147543669.0,2.13,4.25,4.16,4.22,4.23,0.89,0.59,13.35,1.18,24711122320.0,24711122320.0,0.24,0.0,7.2,8.59
3354,603879,永悦科技,6.25,-1.42,-0.09,132952.0,83485437.0,5.99,6.52,6.14,6.4,6.34,0.93,3.7,-182.01,8.76,2245902750.0,2245902750.0,0.0,0.0,9.65,-11.72
3355,603610,麒盛科技,18.7,-1.42,-0.27,66447.0,124257048.0,2.11,18.92,18.52,18.7,18.97,1.2,1.88,33.68,2.09,6600943313.0,6600943313.0,0.11,0.05,-1.79,-1.84
3356,003037,三和管桩,7.61,-1.42,-0.11,38262.0,29162137.0,1.94,7.71,7.56,7.68,7.72,0.68,0.64,42.49,1.63,4558958300.0,4558958300.0,0.0,0.0,-1.42,-6.05
3357,603369,今世缘,29.1,-1.42,-0.42,57824.0,168295332.0,1.29,29.34,28.96,29.23,29.52,0.75,0.46,10.68,2.2,36281881077.0,36281881077.0,0.0,0.1,-21.14,-16.33
3358,003038,鑫铂股份,16.63,-1.42,-0.24,71905.0,119235649.44,2.96,16.83,16.33,16.67,16.87,0.91,4.41,458.08,1.35,4052660572.0,2714458109.0,0.06,0.0,5.12,5.25
3359,600958,东方证券,9.73,-1.42,-0.14,462623.0,450359735.0,1.72,9.84,9.67,9.72,9.87,0.88,0.62,12.13,1.05,82672358691.0,72678068267.0,-0.1,0.1,-4.61,-10.73
3360,603499,翔港科技,22.84,-1.42,-0.33,35880.0,81264314.0,2.76,22.96,22.32,22.96,23.17,0.58,1.19,54.29,7.9,6911255868.0,6911255868.0,0.0,0.22,13.8,11.74
3361,603111,康尼机电,6.94,-1.42,-0.1,86140.0,59690690.0,1.7,7.0,6.88,6.99,7.04,0.88,1.01,17.22,1.51,5982492864.0,5918977456.0,0.14,0.29,0.43,1.31
3362,000656,*ST金科,1.38,-1.43,-0.02,855304.0,117615502.66,1.43,1.39,1.37,1.38,1.4,1.04,1.12,-1.02,-0.4,14675032652.0,10502006663.0,0.0,0.0,-8.61,-4.17
3363,603330,天洋新材,7.56,-1.43,-0.11,97607.0,74191313.0,2.74,7.73,7.52,7.67,7.67,0.93,2.4,-227.33,2.14,3271012786.0,3074752019.0,0.13,0.0,-1.05,4.42
3364,603970,中农立华,13.77,-1.43,-0.2,56290.0,78239196.0,2.65,14.12,13.75,13.88,13.97,1.27,2.09,18.35,2.39,3701377845.0,3701377845.0,0.0,0.0,4.87,7.08
3365,300410,正业科技,8.94,-1.43,-0.13,181673.0,159467002.0,3.97,9.0,8.64,8.9,9.07,0.97,4.95,106.83,13.63,3282006285.0,3282006285.0,0.0,0.11,6.05,9.29
3366,002058,*ST威尔,21.4,-1.43,-0.31,24501.0,51352558.6,4.28,21.55,20.62,21.15,21.71,0.82,1.71,11.79,76.72,3069794305.0,3062720513.0,0.09,-0.28,2.98,-8.47
3367,605188,国光连锁,17.24,-1.43,-0.25,36285.0,62497273.0,2.74,17.54,17.06,17.26,17.49,0.63,0.72,565.53,7.34,8660660540.0,8660660540.0,-0.17,-0.12,-21.17,-11.09
3368,300752,隆利科技,18.6,-1.43,-0.27,69381.0,128193106.34,3.29,18.84,18.22,18.69,18.87,0.7,4.41,68.81,3.49,4250080582.0,2925120630.0,-0.48,-0.05,-1.06,1.92
3369,300760,迈瑞医疗,178.78,-1.43,-2.59,58668.0,1052744456.59,2.29,181.98,177.83,179.5,181.37,0.76,0.48,21.48,5.52,216760272419.0,216753876565.0,0.01,0.03,-10.39,-6.13
3370,300632,光莆股份,14.5,-1.43,-0.21,77380.0,111326031.5,2.58,14.6,14.22,14.43,14.71,0.76,3.5,75.07,2.47,4425133490.0,3207553091.0,0.0,-0.14,-3.27,5.38
3371,920208,青矩技术,24.2,-1.43,-0.35,7366.0,17803987.94,2.0,24.49,24.0,24.25,24.55,0.8,0.75,17.24,3.01,3238070207.0,2365572119.0,0.0,0.12,-2.73,-2.06
3372,002472,双环传动,38.61,-1.43,-0.56,192927.0,732445630.68,3.85,38.88,37.37,38.51,39.17,1.01,2.55,27.38,3.41,32802185036.0,29158348988.0,-0.03,-0.05,-0.1,-18.56
3373,301070,开勒股份,60.78,-1.43,-0.88,11330.0,68576088.3,3.86,61.89,59.51,60.77,61.66,0.55,1.91,190.19,6.97,5484169675.0,3607584744.0,0.23,0.08,11.12,-1.25
3374,002849,威星智能,19.31,-1.43,-0.28,209039.0,391713628.9,8.17,19.55,17.95,19.2,19.59,1.99,10.8,44.63,3.11,4260442849.0,3737784949.0,0.26,0.05,36.66,21.45
3375,601566,九牧王,10.99,-1.43,-0.16,61666.0,67622413.0,1.97,11.1,10.88,11.0,11.15,0.89,1.07,15.27,1.55,6315262279.0,6315262279.0,-0.09,-0.09,-25.99,-16.17
3376,688041,海光信息,238.43,-1.43,-3.47,227852.0,5283678883.0,6.32,241.4,226.1,232.73,241.9,1.01,0.98,217.99,24.63,554191931037.0,554191931037.0,-0.36,-0.4,13.51,6.29
3377,300375,鹏翎股份,5.5,-1.43,-0.08,195345.0,106279957.42,2.87,5.53,5.37,5.51,5.58,0.79,3.83,67.08,1.82,4178563499.0,2802454738.0,0.18,0.18,3.38,4.56
3378,002961,瑞达期货,26.79,-1.43,-0.39,243724.0,651276168.13,3.31,27.1,26.2,26.7,27.18,1.55,5.11,24.84,3.98,12777046670.0,12776986393.0,0.15,0.15,16.83,-1.03
3379,301491,汉桑科技,53.99,-1.44,-0.79,9872.0,53003358.79,2.52,54.56,53.18,54.08,54.78,0.79,3.45,33.42,3.33,6964710000.0,1543220466.0,0.07,0.09,-7.07,-3.73
3380,601229,上海银行,9.59,-1.44,-0.14,484368.0,466967874.0,1.95,9.74,9.55,9.7,9.73,0.94,0.34,5.65,0.57,136264406571.0,136264406571.0,0.0,0.0,-4.29,-5.05
3381,002223,鱼跃医疗,36.37,-1.44,-0.53,81379.0,296191938.73,2.09,36.87,36.1,36.5,36.9,0.89,0.87,18.65,2.7,36460085908.0,34193552425.0,0.06,0.06,0.94,-4.82
3382,605189,富春染织,15.1,-1.44,-0.22,38238.0,57462767.0,4.31,15.45,14.79,15.19,15.32,1.17,1.97,94.14,1.66,2930571805.0,2930571805.0,-0.26,-0.26,-1.88,-3.64
3383,600498,烽火通信,52.0,-1.44,-0.76,1241585.0,6161074456.0,8.72,52.2,47.6,50.86,52.76,0.87,9.76,103.32,4.43,70624709064.0,66124315712.0,0.37,-0.15,128.87,62.09
3384,920753,天纺标,21.24,-1.44,-0.31,3944.0,8426412.59,2.18,21.68,21.21,21.39,21.55,0.75,1.22,52.59,4.27,1729028776.0,687783591.0,-0.42,0.0,-7.21,-5.18
3385,600675,中华企业,2.73,-1.44,-0.04,278868.0,75922225.0,1.81,2.75,2.7,2.73,2.77,0.61,0.46,35.19,1.12,16505949454.0,16505949454.0,0.0,0.0,-3.53,0.74
3386,600697,欧亚集团,13.04,-1.44,-0.19,43587.0,56734549.0,1.89,13.17,12.92,12.98,13.23,0.86,2.81,87.44,0.9,2074508498.0,2026103236.0,0.23,0.38,-4.33,-1.14
3387,601933,永辉超市,4.1,-1.44,-0.06,1104750.0,452121679.0,2.16,4.15,4.06,4.12,4.16,0.66,1.22,-39.31,10.08,37207651671.0,37207651671.0,0.0,0.0,2.5,-12.58
3388,600233,圆通速递,19.11,-1.44,-0.28,254666.0,485013890.0,2.89,19.26,18.7,19.1,19.39,1.15,0.74,17.05,1.96,65405401963.0,65405401963.0,-0.1,-0.05,10.46,16.38
3389,603788,宁波高发,15.75,-1.44,-0.23,18545.0,29150877.0,2.13,15.89,15.55,15.89,15.98,0.91,0.83,16.92,1.7,3513274821.0,3513274821.0,0.0,-0.13,-2.11,-3.61
3390,002596,海南瑞泽,4.11,-1.44,-0.06,362757.0,148704019.0,2.64,4.17,4.06,4.12,4.17,0.87,3.16,-43.57,7.06,4716555929.0,4712218851.0,0.24,0.0,-35.78,-23.75
3391,000100,TCL科技,4.77,-1.45,-0.07,5603528.0,2635880806.38,3.1,4.8,4.65,4.73,4.84,0.97,2.93,24.42,1.63,99220113872.0,91259576316.0,0.21,0.0,9.91,5.07
3392,300281,金明精机,7.46,-1.45,-0.11,54139.0,40250871.0,2.38,7.54,7.36,7.47,7.57,0.94,1.36,261.88,2.47,3125169907.0,2964051304.0,0.0,0.13,-3.37,-8.69
3393,600078,澄星股份,12.92,-1.45,-0.19,544971.0,711489290.0,5.72,13.55,12.8,13.16,13.11,0.79,8.23,234.91,5.04,8744422164.0,8560441364.0,0.08,0.16,18.53,34.72
3394,920035,精创电气,36.68,-1.45,-0.54,3282.0,12002617.0,2.44,37.21,36.3,37.21,37.22,0.72,2.52,35.86,3.64,2121938000.0,477353520.0,0.69,0.63,-12.25,-9.1
3395,301108,洁雅股份,30.5,-1.45,-0.45,16716.0,50509287.13,4.23,30.82,29.51,30.59,30.95,1.18,2.58,37.92,1.83,3432965686.0,1979225947.0,-0.26,-0.33,-3.63,-8.3
3396,920953,国子软件,33.88,-1.45,-0.5,17697.0,59392148.96,3.81,34.26,32.95,33.7,34.38,1.25,2.96,64.27,7.21,4340569741.0,2028929312.0,-0.09,-0.26,-2.56,-5.23
3397,000333,美的集团,75.41,-1.45,-1.11,259478.0,1958550800.94,1.41,76.1,75.02,75.73,76.52,1.04,0.38,11.35,2.63,573330404053.0,516680119664.0,-0.01,-0.01,-8.23,-3.51
3398,300623,捷捷微电,30.61,-1.45,-0.45,204995.0,612999061.26,4.73,30.77,29.3,30.1,31.06,0.84,2.67,55.06,4.32,25469966321.0,23490212227.0,0.03,0.1,15.12,12.66
3399,300399,天利科技,25.82,-1.45,-0.38,46664.0,119601637.0,3.05,25.99,25.19,25.27,26.2,0.73,2.36,657.63,9.94,5102032000.0,5101534320.0,0.0,0.08,6.83,1.85
3400,002365,永安药业,14.29,-1.45,-0.21,54314.0,77857313.64,2.48,14.56,14.2,14.48,14.5,0.76,2.21,123.87,2.13,4211012925.0,3509053843.0,0.14,0.14,-9.56,-4.22
3401,688676,金盘科技,100.58,-1.45,-1.48,201313.0,1982779881.0,7.24,102.39,95.0,99.1,102.06,1.1,4.38,70.07,8.84,46245111331.0,46245111331.0,0.1,-0.02,29.81,11.33
3402,600650,锦江在线,14.3,-1.45,-0.21,34645.0,49276695.0,1.93,14.4,14.12,14.4,14.51,0.77,0.89,64.87,1.84,7888024530.0,5585009073.0,0.07,0.14,0.35,-5.92
3403,600105,永鼎股份,26.59,-1.45,-0.39,845950.0,2196767897.0,4.97,26.84,25.5,26.01,26.98,0.56,5.79,88.59,11.78,38874441785.0,38874441785.0,0.0,0.04,65.77,5.94
3404,002066,瑞泰科技,19.72,-1.45,-0.29,40472.0,79359495.91,5.0,20.27,19.27,19.77,20.01,0.98,1.75,1656.98,6.56,4632366040.0,4555320000.0,-0.1,0.0,10.91,5.57
3405,301199,迈赫股份,23.8,-1.45,-0.35,19121.0,45063163.8,2.73,23.89,23.23,23.78,24.15,0.77,2.67,33.86,2.31,4442888800.0,1706483800.0,0.04,0.13,8.92,2.06
3406,300264,佳创视讯,10.21,-1.45,-0.15,266025.0,268397253.0,3.38,10.26,9.91,10.2,10.36,0.72,7.18,-186.23,452.08,4399055259.0,3782079610.0,0.2,0.29,39.29,52.16
3407,603161,科华控股,15.66,-1.45,-0.23,28945.0,45065026.0,3.02,15.86,15.38,15.67,15.89,0.73,1.52,27.94,2.04,3044424660.0,2987125425.0,0.0,0.26,14.98,14.06
3408,600375,汉马科技,5.42,-1.45,-0.08,199297.0,107319337.0,2.91,5.48,5.32,5.47,5.5,0.82,1.36,160.38,2.6,8688646809.0,7927756819.0,0.0,0.18,-11.87,-7.82
3409,002905,金逸影视,10.13,-1.46,-0.15,65112.0,65510603.4,2.14,10.19,9.97,10.05,10.28,0.7,1.86,150.61,40.14,3812121600.0,3539827200.0,0.2,0.2,-10.51,-10.35
3410,688698,伟创电气,74.7,-1.46,-1.11,53226.0,392742160.0,5.03,75.81,72.0,73.5,75.81,0.9,2.49,59.57,6.79,15987501218.0,15987501218.0,-0.03,-0.08,-10.27,-24.45
3411,600095,湘财股份,10.12,-1.46,-0.15,227205.0,229719365.0,1.66,10.23,10.06,10.22,10.27,0.84,0.79,49.13,2.37,28934979959.0,28934979959.0,-0.1,0.1,-8.0,-8.5
3412,603398,*ST沐邦,9.43,-1.46,-0.14,65445.0,60960548.0,3.24,9.5,9.19,9.42,9.57,0.78,1.51,-8.62,6.36,4089239571.0,4089239571.0,0.0,0.0,12.8,14.03
3413,002105,信隆健康,7.44,-1.46,-0.11,83822.0,61930765.0,3.18,7.53,7.29,7.4,7.55,0.92,2.3,-67.81,3.25,2724840108.0,2711664054.0,0.27,0.4,1.64,1.64
3414,600501,航天晨光,25.58,-1.46,-0.38,83934.0,213014184.0,2.5,25.72,25.07,25.61,25.96,0.67,1.96,-72.52,6.35,10943743036.0,10943743036.0,0.0,0.0,21.52,-15.1
3415,603937,丽岛新材,12.79,-1.46,-0.19,37963.0,48484617.0,4.39,13.07,12.5,12.98,12.98,0.94,1.82,-135.22,1.73,2671690003.0,2671690003.0,0.0,0.08,2.16,6.67
3416,300998,宁波方正,23.64,-1.46,-0.35,20493.0,48306322.82,2.58,23.95,23.33,23.79,23.99,0.83,1.9,-110.15,2.57,3242680597.0,2545568911.0,0.0,0.04,6.06,7.9
3417,688298,东方生物,22.93,-1.46,-0.34,14689.0,33615664.0,1.72,23.1,22.7,23.1,23.27,0.71,0.73,-8.2,0.77,4622688000.0,4622688000.0,0.09,0.13,-8.83,-2.13
3418,920378,泰德股份,10.11,-1.46,-0.15,10239.0,10304672.77,3.12,10.25,9.93,10.25,10.26,0.94,0.92,61.29,3.96,1572367860.0,1126074689.0,0.0,0.2,4.44,1.51
3419,300347,泰格医药,56.53,-1.46,-0.84,86653.0,482964053.96,3.42,56.87,54.91,55.94,57.37,1.13,1.53,35.77,2.3,48673802607.0,32008089065.0,0.04,-0.07,17.04,-0.3
3420,300326,ST凯利,6.09,-1.46,-0.09,70946.0,43090827.77,1.94,6.13,6.01,6.11,6.18,0.88,1.0,45.96,1.57,4366607233.0,4336368910.0,0.0,0.16,6.47,7.22
3421,920158,长江能科,20.29,-1.46,-0.3,145718.0,325392957.21,21.13,24.35,20.0,22.89,20.59,0.88,38.21,52.78,5.14,2892948200.0,773848426.0,-0.29,0.15,27.77,32.01
3422,002909,集泰股份,7.35,-1.47,-0.11,100908.0,73806900.0,3.22,7.44,7.2,7.44,7.46,0.87,2.65,-498.68,3.19,2866500000.0,2795916568.0,0.14,0.27,4.7,7.93
3423,600279,重庆港,5.37,-1.47,-0.08,141607.0,76483845.0,2.75,5.51,5.36,5.44,5.45,0.5,1.19,99.23,0.95,6373471940.0,6373471940.0,0.19,0.0,2.29,-1.65
3424,301332,德尔玛,9.41,-1.47,-0.14,29337.0,27581942.0,1.88,9.52,9.34,9.48,9.55,0.78,1.11,36.71,1.49,4343303125.0,2492685475.0,-0.11,-0.11,-4.76,0.75
3425,688366,昊海生科,41.53,-1.47,-0.62,6781.0,28116191.0,1.21,41.79,41.28,41.78,42.15,0.82,0.35,38.05,1.76,9551106569.0,8058973538.0,0.19,0.17,-14.74,-5.4
3426,300956,英力股份,16.1,-1.47,-0.24,54989.0,87425932.45,3.49,16.21,15.64,16.0,16.34,0.78,2.61,264.43,2.52,3468385326.0,3388283576.0,0.0,-0.06,-7.31,-3.25
3427,600686,金龙汽车,16.71,-1.47,-0.25,116849.0,193867028.0,3.48,16.95,16.36,16.74,16.96,0.59,1.63,36.34,3.67,11981862338.0,11981862338.0,0.24,0.3,3.4,-5.81
3428,002557,洽洽食品,22.76,-1.47,-0.34,49797.0,114167758.48,2.34,23.27,22.73,22.93,23.1,0.94,0.99,51.4,2.22,11513264056.0,11488643995.0,0.09,0.04,3.22,5.27
3429,603637,镇海股份,12.7,-1.47,-0.19,67524.0,85366369.0,2.95,12.9,12.52,12.89,12.89,0.91,2.83,43.98,2.94,3031310638.0,3031310638.0,0.87,0.87,20.95,16.84
3430,000610,西安旅游,9.37,-1.47,-0.14,57054.0,53543530.88,2.1,9.52,9.32,9.43,9.51,0.6,2.42,-20.71,14.19,2218327832.0,2206675235.0,0.0,-0.11,-27.53,-24.8
3431,000635,英 力 特,9.37,-1.47,-0.14,201364.0,193057766.09,6.94,9.99,9.33,9.7,9.51,0.87,5.49,-11.19,2.39,3693032048.0,3437101676.0,0.32,0.21,1.08,5.4
3432,600793,宜宾纸业,19.5,-1.47,-0.29,29110.0,56355762.0,2.68,19.68,19.15,19.53,19.79,0.74,1.65,171.5,14.5,3449628039.0,3449628039.0,0.0,0.05,-13.6,-7.58
3433,000581,威孚高科,24.85,-1.47,-0.37,262363.0,644574949.14,4.16,25.08,24.03,24.7,25.22,0.82,3.3,15.64,1.2,24024624471.0,19727596168.0,0.0,-0.04,23.2,20.51
3434,002949,华阳国际,14.72,-1.47,-0.22,35241.0,51742242.0,3.61,15.01,14.47,14.75,14.94,0.42,2.32,30.65,2.0,2885765678.0,2235707294.0,0.0,0.07,5.37,-5.34
3435,000002,万  科Ａ,4.65,-1.48,-0.07,920223.0,426883195.84,1.06,4.67,4.62,4.65,4.72,0.75,0.95,-1.49,0.32,55477799040.0,45181258275.0,0.0,0.0,-7.19,0.0
3436,920970,大禹生物,7.99,-1.48,-0.12,26414.0,21343901.98,6.66,8.47,7.93,8.0,8.11,1.23,3.77,-30.75,3.34,885298392.0,559869687.0,0.0,0.38,0.5,3.9
3437,600984,建设机械,4.67,-1.48,-0.07,380646.0,174630741.0,3.59,4.68,4.51,4.67,4.74,0.87,3.03,-2.79,1.85,5870395130.0,5870395130.0,0.0,0.43,10.93,14.18
3438,603045,福达合金,33.34,-1.48,-0.5,75360.0,249919301.0,4.02,33.72,32.36,33.3,33.84,0.83,5.56,61.02,4.43,4515741468.0,4515741468.0,-0.48,-0.57,66.45,69.67
3439,603229,奥翔药业,9.31,-1.48,-0.14,53550.0,49875801.0,1.48,9.4,9.26,9.4,9.45,0.87,0.64,28.0,3.29,7730066420.0,7730066420.0,0.22,0.22,-4.12,-6.15
3440,600104,上汽集团,13.95,-1.48,-0.21,596994.0,832246908.0,0.99,14.02,13.88,14.0,14.16,1.0,0.52,14.85,0.54,160359121181.0,160359121181.0,0.0,0.07,-9.3,-8.34
3441,600128,苏豪弘业,11.34,-1.48,-0.17,62561.0,70719325.0,2.78,11.5,11.18,11.33,11.51,0.62,2.54,43.06,1.3,2854263258.0,2798343450.0,0.18,0.27,2.72,3.18
3442,300694,蠡湖股份,12.68,-1.48,-0.19,54838.0,69549721.0,2.41,12.8,12.49,12.63,12.87,0.96,2.53,113.85,1.97,2752452368.0,2752452368.0,0.0,-0.08,4.36,4.97
3443,300782,卓胜微,81.0,-1.48,-1.22,90039.0,721545708.98,2.4,81.17,79.2,80.13,82.22,0.6,2.01,-161.67,4.38,43330399038.0,36308049120.0,0.01,0.19,16.7,-0.59
3444,603050,科林电气,23.32,-1.48,-0.35,94282.0,218439720.0,5.37,23.87,22.6,23.67,23.67,1.28,2.34,32.46,5.14,9405403581.0,9405403581.0,-0.04,0.04,36.53,29.41
3445,688733,壹石通,29.34,-1.48,-0.44,62149.0,179981077.0,4.94,29.86,28.39,28.7,29.78,1.27,3.11,-264.95,2.78,5861404075.0,5861404075.0,0.24,0.2,-4.43,1.24
3446,603101,汇嘉时代,8.68,-1.48,-0.13,44171.0,38180781.0,2.61,8.78,8.55,8.72,8.81,0.72,0.94,38.08,2.88,4083072000.0,4083072000.0,0.0,0.0,-9.01,-10.14
3447,603815,交建股份,6.66,-1.48,-0.1,139070.0,92601237.0,2.51,6.76,6.59,6.7,6.76,1.03,2.25,22.56,1.71,4122035405.0,4122035405.0,-0.3,0.0,-48.73,-10.48
3448,002548,金新农,6.65,-1.48,-0.1,409773.0,266229308.69,6.67,6.76,6.31,6.61,6.75,1.02,5.09,-43.84,3.86,5507354826.0,5349735422.0,-0.15,-0.15,15.05,9.38
3449,688659,元琛科技,10.65,-1.48,-0.16,28902.0,30586014.0,3.33,10.76,10.4,10.57,10.81,0.95,1.81,-56.44,3.32,1704000000.0,1704000000.0,0.0,0.0,7.68,12.7
3450,688318,财富趋势,115.34,-1.49,-1.74,28384.0,323125820.0,3.69,116.15,111.83,115.0,117.08,0.92,1.11,93.8,7.69,29540819900.0,29540819900.0,0.0,0.0,-7.72,-12.83
3451,300169,天晟新材,6.63,-1.49,-0.1,81021.0,53710129.0,2.08,6.71,6.57,6.68,6.73,0.69,2.69,-19.5,-70.58,2161276174.0,2000508235.0,0.15,0.3,2.47,6.08
3452,002243,力合科创,9.89,-1.49,-0.15,186806.0,181761319.16,3.49,9.9,9.55,9.86,10.04,1.01,1.55,76.28,1.65,11972875726.0,11908967248.0,0.1,0.41,4.44,-0.6
3453,300972,万辰集团,198.8,-1.49,-3.01,23510.0,460833350.99,6.02,202.81,190.66,202.22,201.81,1.4,1.34,33.36,18.27,38029124938.0,34853791342.0,-0.06,0.64,8.97,-1.13
3454,600817,宇通重工,11.91,-1.49,-0.18,42262.0,50282268.0,1.74,12.0,11.79,11.91,12.09,0.84,0.8,25.45,2.61,6351654761.0,6303300161.0,0.08,-0.08,7.98,4.75
3455,688306,均普智能,9.91,-1.49,-0.15,82451.0,80712050.0,2.98,9.96,9.66,9.95,10.06,0.72,0.67,998.15,6.35,12172282548.0,12172282548.0,0.1,0.2,-6.16,-14.57
3456,300462,ST华铭,12.58,-1.49,-0.19,30040.0,37578984.0,3.13,12.76,12.36,12.76,12.77,0.83,2.18,-448.28,1.59,2279771980.0,1736468248.0,-0.4,-0.16,11.72,6.61
3457,603051,鹿山新材,22.44,-1.49,-0.34,56099.0,124646203.0,2.85,22.58,21.93,22.29,22.78,0.82,3.47,232.82,2.12,3627042186.0,3627042186.0,0.09,0.09,8.67,5.9
3458,003019,宸展光电,30.45,-1.49,-0.46,27636.0,83491587.71,2.72,30.61,29.77,30.61,30.91,1.08,1.62,25.82,3.23,5382723143.0,5202847380.0,0.03,0.0,-5.38,-9.05
3459,000078,海王生物,3.31,-1.49,-0.05,536593.0,176868579.66,2.38,3.34,3.26,3.31,3.36,0.77,2.04,254.12,4.78,8709017981.0,8693520167.0,0.0,0.0,-26.77,-4.34
3460,600285,羚锐制药,21.19,-1.49,-0.32,61878.0,131903182.0,1.44,21.48,21.17,21.44,21.51,0.88,1.09,13.85,3.7,12017177148.0,11990689648.0,0.05,-0.14,-4.89,2.32
3461,003032,*ST传智,6.62,-1.49,-0.1,35175.0,23287654.0,1.79,6.69,6.57,6.62,6.72,0.85,1.27,-234.71,2.13,2664202450.0,1828575639.0,-0.15,-0.15,2.32,3.92
3462,301187,欧圣电气,22.36,-1.5,-0.34,16459.0,36502025.06,3.04,22.49,21.8,22.49,22.7,0.81,0.65,32.78,3.76,5700313619.0,5700295172.0,-0.04,-0.04,-9.25,-16.91
3463,300011,鼎汉技术,9.22,-1.5,-0.14,152169.0,139882863.52,2.67,9.36,9.11,9.22,9.36,0.78,3.0,326.91,3.84,5583220668.0,4676900357.0,0.0,0.44,7.21,7.46
3464,301359,东南电子,21.72,-1.5,-0.33,24855.0,53869165.72,3.58,21.99,21.2,21.55,22.05,1.11,3.63,66.08,3.09,2610222720.0,1485575976.0,0.0,-0.14,9.04,13.6
3465,600755,厦门国贸,6.56,-1.5,-0.1,280246.0,184029584.0,1.8,6.64,6.52,6.64,6.66,0.62,1.31,18.22,0.71,14022794396.0,13986959675.0,-0.15,0.15,-1.65,-7.48
3466,000030,富奥股份,5.27,-1.5,-0.08,161697.0,85182440.14,1.68,5.32,5.23,5.3,5.35,1.08,0.97,15.45,1.11,9063403153.0,8805676965.0,0.19,0.19,-6.89,-8.19
3467,688046,药康生物,15.14,-1.5,-0.23,48504.0,72311907.0,3.84,15.25,14.66,15.02,15.37,0.85,1.18,42.99,2.78,6207400000.0,6207400000.0,0.0,-0.2,-5.38,-1.43
3468,920871,派特尔,14.43,-1.5,-0.22,8196.0,11863093.4,3.34,14.75,14.26,14.64,14.65,1.06,1.82,112.19,4.65,1226775700.0,649066754.0,-0.14,-0.14,-7.97,-5.07
3469,600313,农发种业,8.52,-1.5,-0.13,1628257.0,1432414987.0,8.44,9.22,8.49,8.81,8.65,0.84,15.05,119.73,4.67,9894906216.0,9220332609.0,-0.35,-0.35,25.66,32.3
3470,301601,惠通科技,26.99,-1.5,-0.41,9044.0,24383902.42,2.04,27.29,26.73,27.2,27.4,0.61,1.07,126.63,2.99,3791555200.0,2280115200.0,0.0,0.0,-5.96,-2.88
3471,300930,屹通新材,32.63,-1.51,-0.5,17429.0,56733230.0,3.8,33.33,32.07,33.27,33.13,0.68,3.7,53.84,3.56,3263000000.0,1537688783.0,0.15,0.18,10.54,9.87
3472,002364,中恒电气,35.12,-1.51,-0.54,731566.0,2489695926.15,6.95,35.49,33.01,34.1,35.66,1.51,13.11,204.54,8.18,19792401395.0,19600604051.0,0.14,-0.09,49.26,32.83
3473,600965,福成股份,5.88,-1.51,-0.09,137577.0,81253414.0,3.85,6.06,5.83,5.96,5.97,0.9,1.68,67.13,2.21,4813961615.0,4813961615.0,0.0,0.17,-2.33,-1.18
3474,688332,中科蓝讯,127.57,-1.51,-1.95,15603.0,196111127.0,3.34,128.25,123.93,128.13,129.52,0.86,1.29,10.86,2.91,15384712374.0,15384712374.0,-0.07,0.02,-12.37,-2.85
3475,002476,宝莫股份,6.52,-1.51,-0.1,291231.0,193848930.44,6.19,6.91,6.5,6.8,6.62,0.66,4.76,79.03,4.16,3990240000.0,3989766159.0,0.0,0.0,4.32,-9.94
3476,300898,熊猫乳品,25.47,-1.51,-0.39,25372.0,64389490.85,2.24,25.74,25.16,25.49,25.86,0.8,2.21,33.03,3.22,3158280000.0,2922292529.0,0.0,0.0,-11.01,-5.42
3477,002050,三花智控,46.99,-1.51,-0.72,905069.0,4179996286.72,3.73,47.28,45.5,46.23,47.71,0.87,2.46,45.74,6.25,197734574806.0,173120442076.0,0.0,0.04,13.12,-14.86
3478,603320,迪贝电气,24.75,-1.51,-0.38,29102.0,71321418.0,3.5,24.81,23.93,24.71,25.13,0.69,1.95,42.59,3.17,3691368524.0,3691368524.0,0.49,0.45,31.02,29.85
3479,300294,博雅生物,20.89,-1.51,-0.32,51909.0,108518209.38,1.46,21.02,20.71,20.96,21.21,0.9,1.03,23.04,1.37,10533756137.0,10533756137.0,-0.05,-0.1,-11.89,-7.57
3480,600822,上海物贸,10.47,-1.51,-0.16,35880.0,37435965.0,1.88,10.55,10.35,10.39,10.63,0.82,0.91,197.41,4.24,5192836410.0,4147668597.0,0.29,0.0,-4.47,-2.24
3481,920873,中设咨询,7.82,-1.51,-0.12,19386.0,15154854.39,3.65,8.02,7.73,7.94,7.94,0.81,1.62,-19.15,4.65,1199486356.0,936886009.0,0.9,0.64,4.55,1.03
3482,000020,深华发Ａ,14.3,-1.52,-0.22,26610.0,37983506.0,2.07,14.44,14.14,14.41,14.52,0.75,1.47,142.8,9.53,4049205546.0,2590665091.0,0.07,0.07,-14.93,3.1
3483,000936,华西股份,7.75,-1.52,-0.12,174403.0,134418109.85,2.67,7.82,7.61,7.79,7.87,0.86,1.97,15.63,1.28,6866599874.0,6865626862.0,0.13,0.13,7.94,-5.83
3484,301335,天元宠物,27.13,-1.52,-0.42,16711.0,45272688.96,2.65,27.53,26.8,27.02,27.55,0.7,3.3,45.84,1.78,3442872964.0,1373155216.0,-0.04,-0.04,-6.09,-5.93
3485,300006,莱美药业,5.17,-1.52,-0.08,365329.0,186589564.5,3.05,5.19,5.03,5.12,5.25,1.04,3.46,-89.17,2.97,5459060930.0,5458594043.0,0.39,0.19,-0.19,0.58
3486,920252,天宏锂电,28.45,-1.52,-0.44,25702.0,72008882.52,4.81,28.75,27.36,28.52,28.89,1.07,3.77,302.37,11.07,2920411419.0,1941178750.0,-0.21,-0.21,-3.76,-5.76
3487,688484,南芯科技,39.0,-1.52,-0.6,58990.0,226579726.0,3.48,39.26,37.88,39.16,39.6,0.81,2.0,70.05,3.99,16678863630.0,11511852456.0,0.52,0.13,-3.44,-4.08
3488,688108,赛诺医疗,21.43,-1.52,-0.33,77668.0,165466506.0,2.9,21.65,21.02,21.3,21.76,0.7,1.86,189.41,9.61,8956711360.0,8956711360.0,0.0,0.09,20.06,11.38
3489,603175,超颖电子,79.05,-1.52,-1.22,44627.0,348233449.0,4.85,79.8,75.91,76.73,80.27,0.65,10.14,150.18,11.91,34547167825.0,3478145297.0,0.14,0.06,14.75,15.91
3490,603180,金牌家居,20.08,-1.52,-0.31,13136.0,26394451.0,2.35,20.39,19.91,20.14,20.39,0.93,0.85,35.9,1.12,3097483371.0,3097483371.0,0.05,-0.2,-3.69,-1.52
3491,300725,药石科技,36.89,-1.52,-0.57,65120.0,237760960.46,2.64,37.07,36.08,36.8,37.46,0.87,3.21,57.05,1.21,8625152809.0,7478115845.0,0.14,0.16,-1.76,-4.33
3492,688098,申联生物,9.06,-1.52,-0.14,23728.0,21447889.0,1.85,9.15,8.98,9.15,9.2,0.77,0.58,-194.88,2.66,3720434640.0,3720434640.0,0.11,0.11,-1.09,2.03
3493,600096,云天化,42.02,-1.52,-0.65,1238643.0,5299138121.0,5.72,44.28,41.84,43.47,42.67,1.22,6.79,12.15,3.16,76602070517.0,76602070517.0,0.0,-0.07,37.01,25.77
3494,300103,达刚控股,7.79,-1.52,-0.12,78871.0,61069431.0,3.79,7.94,7.64,7.79,7.91,0.58,2.49,-72.78,5.09,2474111790.0,2472057544.0,0.26,0.39,7.01,-2.99
3495,301031,中熔电气,142.8,-1.52,-2.21,29044.0,403171580.07,6.27,143.66,134.57,142.33,145.01,1.16,4.22,43.5,9.98,14040450144.0,9827164704.0,-0.09,-0.07,41.84,27.28
3496,002278,神开股份,13.63,-1.52,-0.21,498210.0,694903672.67,6.36,14.5,13.62,14.41,13.84,0.7,14.92,105.55,4.22,5316216768.0,4552374489.0,0.0,0.0,14.54,7.32
3497,603306,华懋科技,82.07,-1.52,-1.27,177662.0,1390096446.0,8.24,82.28,75.41,79.99,83.34,1.09,5.39,117.57,8.72,27041598268.0,27041598268.0,-0.16,0.09,75.14,30.25
3498,600929,雪天盐业,6.42,-1.53,-0.1,218129.0,141026514.0,3.37,6.61,6.39,6.55,6.52,0.99,1.33,242.03,1.4,10529527104.0,10529527104.0,0.16,0.16,2.23,13.63
3499,920262,太湖雪,23.17,-1.53,-0.36,3849.0,8910304.85,3.4,23.73,22.93,23.29,23.53,0.67,1.23,40.88,4.46,1601375666.0,722565880.0,-0.43,0.0,-4.26,-5.04
3500,003027,同兴科技,22.53,-1.53,-0.35,41251.0,93287331.5,3.89,23.24,22.35,22.69,22.88,1.33,3.93,35.64,1.73,2945193696.0,2362517609.0,0.31,0.4,8.58,1.03
3501,002788,鹭燕医药,14.81,-1.53,-0.23,110495.0,162864110.7,2.26,14.95,14.61,14.68,15.04,0.68,2.89,19.65,1.78,5753932860.0,5654366193.0,0.2,0.14,43.93,-30.08
3502,603389,*ST亚振,42.45,-1.53,-0.66,10089.0,42655440.0,3.09,42.89,41.56,41.79,43.11,0.7,0.38,-266.31,47.68,11153822400.0,11153822400.0,0.0,0.09,4.27,-6.0
3503,002193,如意集团,6.43,-1.53,-0.1,90966.0,58177941.58,4.13,6.55,6.28,6.5,6.53,0.78,3.48,-10.52,3.07,1682830987.0,1682821342.0,0.16,0.31,6.63,20.86
3504,002846,英联股份,14.76,-1.53,-0.23,79447.0,115980122.07,2.94,14.84,14.4,14.8,14.99,0.84,3.09,131.42,4.39,6199106067.0,3793587097.0,0.07,0.14,-8.83,-8.55
3505,301413,安培龙,126.89,-1.53,-1.97,26504.0,329468049.44,3.79,126.89,122.0,125.0,128.86,0.79,4.51,128.06,9.98,12486227877.0,7454774050.0,0.34,0.43,2.73,-5.87
3506,000729,燕京啤酒,12.86,-1.53,-0.2,229687.0,296119437.48,1.53,13.0,12.8,12.98,13.06,0.73,0.92,15.35,2.29,36246415925.0,32273541738.0,0.0,0.0,2.14,14.51
3507,603035,常熟汽饰,14.8,-1.53,-0.23,36705.0,54153563.0,1.8,14.9,14.63,14.9,15.03,0.68,1.0,11.68,1.02,5421936784.0,5421936784.0,0.14,0.14,-4.08,-4.33
3508,301017,漱玉平民,14.84,-1.53,-0.23,40472.0,59867766.0,2.72,15.05,14.64,14.88,15.07,0.64,1.66,41.36,3.03,6019199822.0,3615119822.0,0.0,-0.07,3.13,0.61
3509,300059,东方财富,21.23,-1.53,-0.33,1973014.0,4176661230.28,1.48,21.34,21.02,21.15,21.56,0.75,1.47,27.66,3.78,335519719840.0,283980674950.0,-0.05,0.05,-4.5,-8.41
3510,920278,鹿得医疗,8.99,-1.53,-0.14,17748.0,15883099.07,2.3,9.09,8.88,9.07,9.13,0.88,2.4,82.94,4.09,1568755000.0,665691520.0,0.33,0.56,1.47,0.9
3511,688119,中钢洛耐,5.81,-1.53,-0.09,164291.0,94617166.0,2.71,5.85,5.69,5.8,5.9,0.66,1.46,-43.65,2.32,6536250000.0,6536250000.0,-0.17,0.17,40.68,3.94
3512,300368,汇金股份,12.14,-1.54,-0.19,171281.0,204931847.0,3.33,12.18,11.77,12.0,12.33,1.04,3.24,-93.29,34.47,6421373787.0,6421373787.0,-0.16,0.0,-15.81,-19.92
3513,600657,信达地产,3.2,-1.54,-0.05,174752.0,55779637.0,1.85,3.23,3.17,3.22,3.25,0.98,0.61,-1.29,0.49,9126011504.0,9126011504.0,0.31,0.31,-16.45,-7.25
3514,600676,交运股份,8.32,-1.54,-0.13,529136.0,438268991.0,3.55,8.45,8.15,8.2,8.45,2.78,5.14,-222.99,1.67,8557061294.0,8557061294.0,0.36,0.12,39.83,41.5
3515,920030,德众汽车,6.38,-1.54,-0.1,15421.0,9843357.14,3.24,6.48,6.27,6.46,6.48,0.7,1.38,-35.59,2.63,1140997165.0,714758782.0,-0.16,-0.16,-3.04,-6.86
3516,688038,中科通达,21.69,-1.54,-0.34,33309.0,70884727.0,4.27,21.8,20.86,21.67,22.03,0.77,2.86,-634.17,4.24,2524139046.0,2524139046.0,0.18,0.18,32.1,22.75
3517,600962,国投中鲁,20.47,-1.54,-0.32,29499.0,60105716.0,2.84,20.77,20.18,20.41,20.79,0.91,1.13,141.06,5.69,5367438700.0,5367438700.0,0.1,0.0,3.59,-6.66
3518,688510,航亚科技,39.59,-1.54,-0.62,133729.0,521730882.0,4.97,40.0,38.0,39.13,40.21,0.89,5.15,100.61,8.51,10274500051.0,10274500051.0,-0.08,-0.08,79.95,47.17
3519,603207,小方制药,27.95,-1.55,-0.44,16449.0,46120962.0,1.87,28.4,27.87,28.11,28.39,1.44,3.02,19.84,4.26,4494919000.0,1520480000.0,0.07,0.04,-4.12,-2.34
3520,301296,新巨丰,8.24,-1.55,-0.13,40026.0,33110101.0,1.79,8.36,8.21,8.29,8.37,0.76,0.94,38.6,1.27,3500236409.0,3500156069.0,0.0,-0.12,-5.29,-3.29
3521,600282,南钢股份,5.71,-1.55,-0.09,515952.0,293344804.0,3.1,5.78,5.6,5.76,5.8,1.16,0.84,12.13,1.31,35202669673.0,35202669673.0,0.35,0.53,7.33,8.56
3522,603086,先达股份,8.26,-1.55,-0.13,112832.0,93467736.0,2.98,8.45,8.2,8.31,8.39,0.91,2.59,13.75,1.66,3591556561.0,3591556561.0,0.12,0.0,0.36,0.49
3523,000890,法尔胜,8.91,-1.55,-0.14,703986.0,613241820.65,6.3,9.0,8.43,8.68,9.05,0.57,16.78,-123.14,-674.31,3737780355.0,3737665220.0,1.37,1.37,98.88,75.74
3524,002589,瑞康医药,3.17,-1.55,-0.05,305066.0,96606338.16,1.86,3.21,3.15,3.19,3.22,0.8,2.23,294.76,0.89,4769932193.0,4328925207.0,0.0,0.32,-9.94,-1.55
3525,920726,朱老六,20.28,-1.55,-0.32,20016.0,40280912.53,2.77,20.47,19.9,20.0,20.6,0.67,3.58,104.33,4.68,2061867600.0,1134000917.0,0.75,0.95,-8.69,0.2
3526,600363,联创光电,58.55,-1.55,-0.92,92971.0,536213215.0,3.99,59.15,56.78,58.5,59.47,0.74,2.06,49.45,5.99,26399518748.0,26399518748.0,-0.02,0.15,10.56,-7.15
3527,002960,青鸟消防,10.83,-1.55,-0.17,100519.0,107768778.68,2.91,10.9,10.58,10.89,11.0,0.97,1.34,29.87,1.5,9479925561.0,8097798405.0,-0.18,-0.18,-1.1,3.04
3528,605007,五洲特纸,16.53,-1.55,-0.26,193446.0,313745031.0,8.04,16.86,15.51,16.3,16.79,0.84,4.82,32.59,2.29,7863816950.0,6637671917.0,0.0,0.12,37.29,22.35
3529,300300,海峡创新,13.97,-1.55,-0.22,1075037.0,1509946886.0,6.27,14.55,13.66,14.26,14.19,0.59,16.12,-405.31,65.67,9315853456.0,9315260430.0,0.0,0.14,-10.56,-7.05
3530,600592,龙溪股份,22.19,-1.55,-0.35,69121.0,152027764.0,2.31,22.28,21.76,22.1,22.54,0.8,1.73,56.86,3.49,8866093740.0,8866093740.0,0.0,0.05,-10.85,-18.75
3531,601108,财通证券,8.25,-1.55,-0.13,399575.0,329521138.0,1.43,8.3,8.18,8.28,8.38,0.91,0.86,14.1,1.04,38311049015.0,38311049015.0,-0.24,0.0,2.1,-5.39
3532,603916,苏博特,11.44,-1.55,-0.18,109851.0,124274321.0,3.18,11.51,11.14,11.38,11.62,0.86,2.61,38.86,1.16,4876819067.0,4808522267.0,0.26,0.18,19.17,20.93
3533,600480,凌云股份,10.82,-1.55,-0.17,129362.0,138857202.0,2.46,10.87,10.6,10.84,10.99,0.92,1.07,16.86,1.7,13225117500.0,13029032678.0,0.0,0.0,-9.0,-11.96
3534,001318,阳光乳业,14.47,-1.56,-0.23,26907.0,38986280.06,2.52,14.68,14.31,14.45,14.7,0.79,0.95,35.1,2.84,4090090200.0,4090090200.0,0.0,0.0,-9.11,-7.12
3535,301258,富士莱,33.35,-1.56,-0.53,11382.0,38121151.0,2.74,34.0,33.07,33.64,33.88,1.0,1.28,31.24,1.6,3057194500.0,2970317750.0,-0.18,-0.03,2.27,2.62
3536,300617,安靠智电,70.85,-1.56,-1.12,323673.0,2352744781.85,12.26,76.84,68.02,68.02,71.97,1.44,23.3,119.28,4.03,11740387994.0,9842745845.0,0.07,0.67,129.81,122.1
3537,688458,美芯晟,38.55,-1.56,-0.61,17720.0,67633509.0,3.19,38.87,37.62,38.38,39.16,0.79,2.08,-299.19,2.25,4299737048.0,3279392256.0,0.18,-0.31,-5.28,-2.75
3538,000921,海信家电,22.79,-1.56,-0.36,75536.0,171995983.57,2.16,23.1,22.6,23.1,23.15,1.08,0.82,8.42,1.86,31560986087.0,20924010932.0,0.04,0.09,-15.44,-8.14
3539,603698,航天工程,34.81,-1.56,-0.55,162104.0,561420261.0,6.62,35.63,33.29,34.78,35.36,0.65,3.02,104.05,5.4,18657811900.0,18657811900.0,-0.03,-0.49,80.27,-10.17
3540,001395,亚联机械,42.17,-1.56,-0.67,6734.0,28307076.8,2.19,42.6,41.66,42.44,42.84,0.72,1.44,19.8,3.07,3678910800.0,1977351300.0,-0.17,0.05,-6.1,-2.86
3541,300083,创世纪,8.18,-1.56,-0.13,386761.0,312653359.0,3.13,8.24,7.98,8.22,8.31,0.92,2.59,29.36,2.51,13618575978.0,12213028051.0,-0.12,0.0,-8.71,-11.18
3542,001218,丽臣实业,25.79,-1.56,-0.41,18960.0,48695407.68,2.4,26.01,25.38,25.78,26.2,1.02,2.04,25.05,1.48,3357297325.0,2396075914.0,0.23,0.51,14.06,13.21
3543,300951,博硕科技,36.49,-1.56,-0.58,23819.0,85243085.02,5.04,36.98,35.11,36.42,37.07,1.26,1.57,32.22,2.66,6181427785.0,5524380087.0,0.05,0.05,3.9,6.23
3544,001391,国货航,5.69,-1.56,-0.09,263449.0,150010913.45,2.25,5.77,5.64,5.73,5.78,1.01,1.73,28.38,2.66,69468534170.0,8645124374.0,0.0,0.0,-9.97,-3.89
3545,300582,英飞特,16.4,-1.56,-0.26,77062.0,124967123.2,3.12,16.48,15.96,16.37,16.66,0.73,3.48,-46.62,3.7,4895998403.0,3633253753.0,0.18,0.18,10.89,2.69
3546,688621,阳光诺和,62.0,-1.56,-0.98,15604.0,95894058.0,2.94,62.45,60.6,61.55,62.98,0.76,1.39,35.41,5.74,6944000000.0,6944000000.0,0.0,-0.02,-6.63,-0.24
3547,600609,金杯汽车,4.43,-1.56,-0.07,139007.0,61507508.0,2.0,4.48,4.39,4.47,4.5,0.72,1.07,24.03,3.67,5779194412.0,5779194412.0,0.0,0.23,-8.47,-4.32
3548,300458,全志科技,38.5,-1.56,-0.61,179923.0,679580493.22,3.55,38.59,37.2,38.3,39.11,1.01,2.66,121.26,10.21,31778954207.0,26013479300.0,-0.03,-0.03,-8.92,-8.4
3549,920168,通宝光电,23.86,-1.57,-0.38,30362.0,72061175.59,2.39,24.08,23.5,23.8,24.24,0.51,10.78,22.41,2.47,1793637324.0,672243904.0,-0.08,0.0,47.56,47.56
3550,300899,*ST凯鑫,40.04,-1.57,-0.64,6240.0,25024189.8,2.53,40.59,39.56,39.68,40.68,0.37,1.52,61.89,3.84,2553889979.0,1639080083.0,-0.02,-0.47,18.81,23.2
3551,600120,浙江东方,6.26,-1.57,-0.1,517287.0,321647965.0,2.04,6.29,6.16,6.26,6.36,0.76,1.51,20.05,1.31,21380288140.0,21380288140.0,0.0,0.0,0.64,1.95
3552,002072,凯瑞德,7.54,-1.57,-0.12,69533.0,52664305.0,3.66,7.75,7.47,7.66,7.66,0.89,1.89,-124.98,11.77,2772307200.0,2771189772.0,0.13,0.13,6.2,4.14
3553,920022,世昌股份,28.84,-1.57,-0.46,2946.0,8545067.03,1.84,29.32,28.78,29.28,29.3,0.68,1.77,25.33,4.06,1739657640.0,479176600.0,0.0,0.14,-1.27,-3.83
3554,603586,金麒麟,17.59,-1.57,-0.28,16566.0,29138201.0,2.13,17.79,17.41,17.72,17.87,0.73,0.84,19.39,1.49,3448568400.0,3448568400.0,0.0,-0.11,-3.51,-7.81
3555,002747,埃斯顿,21.88,-1.57,-0.35,192218.0,414819020.95,3.37,22.0,21.25,21.9,22.23,1.07,2.46,547.57,9.82,21175430152.0,17119024748.0,0.0,-0.09,0.0,-7.68
3556,300599,雄塑科技,10.01,-1.57,-0.16,85757.0,85312499.0,3.15,10.13,9.81,10.13,10.17,0.66,4.04,-127.84,1.81,3584896986.0,2125532829.0,0.2,0.2,35.45,22.82
3557,603008,喜临门,18.84,-1.57,-0.3,66317.0,124055047.0,3.08,19.01,18.42,19.01,19.14,1.0,1.8,13.03,1.79,6938629475.0,6938629475.0,0.05,0.16,-14.29,-8.01
3558,001322,箭牌家居,8.8,-1.57,-0.14,35765.0,31485584.0,2.35,8.93,8.72,8.88,8.94,0.85,0.46,196.12,1.8,8511034048.0,6913392640.0,0.11,0.34,2.56,-0.79
3559,603391,力聚热能,71.7,-1.57,-1.14,10327.0,74069811.0,3.76,73.6,70.86,72.17,72.84,0.77,4.54,86.92,3.12,6524700000.0,1631175000.0,0.14,0.42,6.18,9.52
3560,920748,路桥信息,40.65,-1.57,-0.65,9219.0,37415271.83,3.85,41.39,39.8,40.0,41.3,0.42,2.58,-51.57,14.11,3119481000.0,1449824282.0,0.12,0.22,-24.02,-12.66
3561,600133,东湖高新,9.4,-1.57,-0.15,202781.0,189420443.0,1.99,9.44,9.25,9.39,9.55,0.67,1.9,99.33,1.14,10022654825.0,10022654825.0,0.0,0.11,1.84,3.52
3562,002174,游族网络,10.62,-1.58,-0.17,202637.0,213846607.61,2.59,10.7,10.42,10.7,10.79,0.78,2.07,102.21,2.11,10405592470.0,10399731026.0,0.0,0.09,-6.76,-13.24
3563,301005,超捷股份,164.58,-1.58,-2.65,81521.0,1312408703.43,4.37,164.77,157.46,158.31,167.23,0.83,6.16,582.96,28.73,22096677190.0,21785551044.0,0.11,0.16,185.58,6.0
3564,688358,祥生医疗,31.82,-1.58,-0.51,12199.0,38641791.0,2.2,32.03,31.32,32.01,32.33,0.73,1.09,30.59,2.58,3567837006.0,3563064006.0,0.16,0.09,4.6,6.78
3565,688538,和辉光电-U,2.49,-1.58,-0.04,669669.0,166434625.0,1.98,2.51,2.46,2.5,2.53,0.76,1.16,-17.46,4.29,34385499686.0,14323066955.0,0.0,0.0,-6.39,-6.39
3566,603092,德力佳,66.04,-1.58,-1.06,19296.0,125678651.0,4.04,66.72,64.01,66.66,67.1,1.09,5.77,31.46,6.74,26416006604.0,2209200458.0,-0.02,-0.05,-10.51,5.68
3567,002939,长城证券,9.32,-1.58,-0.15,201528.0,187614102.99,1.16,9.36,9.25,9.35,9.47,0.77,0.56,14.61,1.19,37600859230.0,33576787761.0,-0.11,-0.21,-4.99,-8.63
3568,603315,福鞍股份,16.22,-1.58,-0.26,126583.0,201590559.0,3.94,16.3,15.65,16.09,16.48,0.8,3.95,90.84,3.06,5196340802.0,5196340802.0,0.0,0.62,15.77,4.44
3569,688151,华强科技,22.49,-1.58,-0.36,37493.0,84159257.0,3.5,23.0,22.2,22.77,22.85,0.57,1.09,181.54,1.83,7747805000.0,7747805000.0,-0.04,0.13,12.0,9.07
3570,001238,浙江正特,50.52,-1.58,-0.81,3815.0,19160558.95,2.14,50.81,49.71,50.5,51.33,1.06,0.37,92.26,4.93,5598626400.0,5237261589.0,0.22,0.24,-0.96,2.27
3571,301133,金钟股份,38.04,-1.58,-0.61,27112.0,102614653.22,4.53,38.79,37.04,38.66,38.65,0.98,2.44,133.09,4.0,4620590377.0,4227612261.0,0.03,-0.18,19.02,-0.7
3572,600748,上实发展,4.98,-1.58,-0.08,122755.0,60895210.0,2.37,5.03,4.91,5.01,5.06,0.72,0.67,-11.3,0.88,9185923202.0,9185923202.0,0.2,0.2,-11.86,-8.12
3573,600054,黄山旅游,12.43,-1.58,-0.2,92296.0,114471447.0,2.69,12.6,12.26,12.45,12.63,0.89,1.8,26.82,1.89,9066186439.0,6380319000.0,0.32,0.0,8.75,10.49
3574,300604,长川科技,126.9,-1.59,-2.05,217128.0,2678318080.81,5.58,127.5,120.3,122.52,128.95,1.14,4.44,69.77,18.61,80505691717.0,62111894702.0,-0.1,-0.14,55.12,25.26
3575,300413,芒果超媒,22.29,-1.59,-0.36,160496.0,356700297.09,2.08,22.48,22.01,22.3,22.65,0.82,1.57,30.79,1.8,41698366966.0,22773692064.0,0.09,0.0,-7.93,-8.72
3576,603890,春秋电子,14.21,-1.59,-0.23,125054.0,174985786.0,3.39,14.28,13.79,14.28,14.44,1.03,2.8,20.61,2.08,6349141794.0,6349141794.0,0.21,0.35,-10.46,-11.9
3577,603878,武进不锈,9.28,-1.59,-0.15,247953.0,229238804.0,3.61,9.43,9.09,9.4,9.43,0.99,4.42,66.71,1.98,5207356028.0,5207356028.0,0.0,0.22,-13.99,0.22
3578,300057,万顺新材,6.17,-1.59,-0.1,419924.0,255186139.81,3.35,6.19,5.98,6.05,6.27,0.89,5.79,-47.71,1.07,5539068010.0,4474153930.0,0.33,0.16,5.65,8.44
3579,300758,七彩化学,15.49,-1.59,-0.25,143692.0,221276990.88,4.38,15.83,15.14,15.37,15.74,0.78,3.92,64.28,3.51,6289537852.0,5674001793.0,0.06,0.13,14.74,22.06
3580,300797,钢研纳克,16.67,-1.59,-0.27,50398.0,83119012.5,3.48,16.79,16.2,16.79,16.94,0.75,1.33,48.0,5.04,6380079261.0,6309459390.0,-0.12,0.06,4.45,-1.65
3581,301369,联动科技,130.35,-1.59,-2.1,9954.0,127117618.5,5.95,131.38,123.5,130.84,132.45,1.24,2.74,477.23,6.12,9199503129.0,4739968929.0,-0.23,-0.29,19.98,-2.65
3582,601588,北辰实业,1.86,-1.59,-0.03,281470.0,52299858.0,2.12,1.88,1.84,1.88,1.89,0.85,1.06,-2.16,0.83,6262657200.0,4947600000.0,0.0,0.54,1.09,6.9
3583,603327,福蓉科技,9.92,-1.59,-0.16,187027.0,183026743.0,3.37,9.97,9.63,9.82,10.08,1.09,1.79,95.41,4.95,10370956851.0,10370956851.0,0.0,0.0,-25.41,-8.66
3584,002014,永新股份,11.73,-1.59,-0.19,50341.0,58661916.01,2.94,11.84,11.49,11.79,11.92,1.58,0.83,17.43,3.06,7184529588.0,7090985407.0,0.09,0.09,1.73,-1.59
3585,300471,厚普股份,15.43,-1.59,-0.25,361619.0,569963933.54,7.14,16.38,15.26,15.99,15.68,0.78,9.87,1030.05,4.63,7254549219.0,5655843046.0,-0.06,0.0,7.45,22.46
3586,300233,金城医药,14.9,-1.59,-0.24,64779.0,96058005.38,2.31,15.0,14.65,14.85,15.14,0.64,1.74,135.85,1.57,5719731346.0,5538394264.0,0.0,0.0,-10.4,6.5
3587,300743,天地数码,19.16,-1.59,-0.31,31688.0,60760198.14,2.41,19.4,18.93,19.25,19.47,0.8,2.49,23.86,4.67,2897254166.0,2441192767.0,0.0,-0.21,8.0,-14.16
3588,300821,东岳硅材,13.6,-1.59,-0.22,310839.0,419952050.31,3.18,13.74,13.3,13.44,13.82,0.71,2.59,4284.68,3.33,16320000000.0,16317154200.0,0.0,0.29,5.84,16.64
3589,600826,兰生股份,11.04,-1.6,-0.18,68482.0,75076667.0,2.32,11.12,10.86,11.12,11.22,1.0,0.93,33.63,1.89,8120290381.0,8120290381.0,0.36,0.45,-1.34,4.74
3590,603203,快克智能,39.9,-1.6,-0.65,39729.0,155612835.0,5.47,40.3,38.08,39.36,40.55,0.88,1.59,38.25,6.93,10121078608.0,9941217388.0,0.25,0.03,31.81,8.99
3591,300316,晶盛机电,46.64,-1.6,-0.76,323317.0,1481153432.99,4.92,47.13,44.8,46.68,47.4,0.77,2.63,50.83,3.5,61076656292.0,57439745395.0,0.06,0.09,31.49,26.91
3592,000963,华东医药,34.42,-1.6,-0.56,97086.0,335610447.89,1.57,34.85,34.3,34.67,34.98,0.83,0.55,16.48,2.5,60363622308.0,60338710833.0,0.06,0.15,-19.11,-12.75
3593,603559,ST通脉,7.39,-1.6,-0.12,48694.0,35744726.0,3.06,7.45,7.22,7.35,7.51,0.66,1.21,-34.26,3.12,2965436875.0,2965436875.0,0.27,0.27,-12.02,5.72
3594,002006,精工科技,19.03,-1.6,-0.31,104725.0,196529685.56,3.83,19.19,18.45,18.99,19.34,0.9,2.01,51.26,4.12,9891669163.0,9891669163.0,0.05,0.0,-15.42,-17.83
3595,600918,中泰证券,6.15,-1.6,-0.1,287780.0,177344477.0,0.8,6.19,6.14,6.19,6.25,0.94,0.73,28.1,1.11,48697797125.0,24143961012.0,0.0,-0.16,-7.52,-5.38
3596,600662,外服控股,5.53,-1.6,-0.09,169001.0,93526417.0,1.6,5.58,5.49,5.58,5.62,1.01,0.74,18.17,2.5,12627519284.0,12588885249.0,-0.18,-0.18,4.14,10.16
3597,002244,滨江集团,10.46,-1.6,-0.17,251289.0,260154956.98,3.39,10.52,10.16,10.44,10.63,0.96,0.94,10.19,1.1,32545703089.0,28094507358.0,0.0,-0.1,2.85,4.08
3598,002876,三利谱,27.09,-1.6,-0.44,53763.0,143888915.84,3.71,27.28,26.26,27.01,27.53,0.7,3.61,78.52,1.98,4710542808.0,4035039517.0,0.04,0.07,7.8,13.16
3599,001376,百通能源,20.81,-1.61,-0.34,171868.0,352498401.0,6.81,21.15,19.71,20.87,21.15,0.69,8.04,54.35,8.2,9591329000.0,4448196039.0,0.24,0.34,63.86,23.57
3600,688533,上声电子,31.24,-1.61,-0.51,26038.0,79773238.0,4.25,31.39,30.04,31.05,31.75,1.0,1.58,27.99,2.94,5154173730.0,5154173730.0,-0.06,-0.29,13.35,6.84
3601,688322,奥比中光-UW,81.66,-1.61,-1.34,58676.0,469890174.0,4.57,82.49,78.7,79.9,83.0,0.95,1.84,257.75,11.01,32757438638.0,26023114171.0,0.01,0.07,2.91,-8.93
3602,000567,海德股份,5.51,-1.61,-0.09,122718.0,67581687.71,1.79,5.57,5.47,5.54,5.6,0.71,0.63,47.27,2.0,10769802774.0,10743960968.0,0.0,0.0,-19.09,-14.17
3603,300700,岱勒新材,14.06,-1.61,-0.23,97421.0,135239336.16,3.78,14.16,13.62,14.1,14.29,1.04,3.6,-43.46,6.43,5582225251.0,3804781507.0,0.21,0.07,21.0,13.85
3604,301408,华人健康,18.93,-1.61,-0.31,85240.0,160813685.9,3.12,19.2,18.6,18.71,19.24,0.78,3.72,36.24,3.61,7572189300.0,4334201499.0,0.26,0.42,15.43,1.99
3605,601117,中国化学,9.18,-1.61,-0.15,2192093.0,2038091905.0,5.25,9.65,9.16,9.52,9.33,1.33,3.6,9.93,0.86,56059195367.0,55888458383.0,-0.11,0.0,22.07,23.55
3606,300789,唐源电气,22.03,-1.61,-0.36,16111.0,35287889.0,3.26,22.39,21.66,22.0,22.39,0.96,1.63,60.8,2.97,3168994726.0,2178677845.0,0.0,-0.05,-5.17,-4.22
3607,600257,大湖股份,6.74,-1.61,-0.11,134760.0,91087175.0,3.36,6.91,6.68,6.86,6.85,0.65,2.8,-4301.15,4.07,3243538647.0,3243538647.0,0.0,0.0,7.67,7.32
3608,920855,浙江大农,17.67,-1.61,-0.29,5219.0,9207822.03,3.29,17.98,17.39,17.73,17.96,0.75,0.78,37.64,2.29,1320537994.0,1184542217.0,-0.06,-0.06,-0.95,-1.72
3609,002695,煌上煌,10.36,-1.61,-0.17,33732.0,34993119.0,1.8,10.5,10.31,10.45,10.53,0.64,0.66,43.04,2.07,5797308898.0,5298674670.0,-0.1,0.0,-17.05,-11.75
3610,688687,凯因科技,20.81,-1.61,-0.34,30675.0,63804922.0,1.89,21.0,20.6,20.9,21.15,0.81,1.79,120.05,2.06,3557353422.0,3557353422.0,-0.05,-0.05,-16.93,-16.49
3611,300681,英搏尔,23.21,-1.61,-0.38,84806.0,193908893.11,3.39,23.25,22.45,23.14,23.59,1.03,3.67,35.78,2.65,7103544441.0,5356746426.0,0.04,0.3,-15.84,-7.38
3612,000882,华联股份,1.83,-1.61,-0.03,434325.0,79591330.0,1.61,1.85,1.82,1.85,1.86,0.72,1.59,-27.38,0.74,5009354063.0,5005991107.0,0.0,-0.54,-11.17,-11.17
3613,300457,赢合科技,24.46,-1.61,-0.4,127770.0,306866057.38,4.26,24.66,23.6,24.42,24.86,1.07,2.02,39.18,2.42,15781088809.0,15500205946.0,0.08,0.25,-8.32,-12.17
3614,600278,东方创业,7.92,-1.61,-0.13,71539.0,56528673.0,1.99,7.99,7.83,7.95,8.05,0.75,0.82,28.77,0.9,6905571211.0,6905571211.0,0.0,0.13,1.41,4.21
3615,301038,深水规院,21.99,-1.61,-0.36,24389.0,53518022.2,2.91,22.35,21.7,22.1,22.35,0.86,1.09,232.72,5.49,4905529200.0,4905529200.0,-0.05,-0.09,-6.86,-6.23
3616,002463,沪电股份,74.19,-1.62,-1.22,843676.0,6024160648.75,6.84,74.66,69.5,73.0,75.41,1.17,4.39,37.35,9.45,142768530810.0,142653309956.0,-0.01,-0.01,3.7,1.53
3617,603351,威尔药业,26.14,-1.62,-0.43,6763.0,17659783.0,2.79,26.51,25.77,26.33,26.57,0.8,0.5,23.28,2.01,3540378910.0,3540378910.0,0.11,0.27,-4.11,0.46
3618,600636,*ST国化,8.49,-1.62,-0.14,32390.0,27351077.0,2.32,8.56,8.36,8.49,8.63,0.74,0.74,81.18,1.81,3724026449.0,3724026449.0,0.12,0.47,0.95,-2.3
3619,920056,能之光,24.94,-1.62,-0.41,8826.0,21998605.67,3.39,25.4,24.54,25.25,25.35,0.87,2.86,36.94,3.8,2037390998.0,769246392.0,0.0,0.2,0.44,0.69
3620,600805,悦达投资,5.47,-1.62,-0.09,185577.0,101369560.0,2.34,5.55,5.42,5.49,5.56,0.8,2.18,46.21,1.08,4654392882.0,4651006263.0,0.18,0.37,0.18,0.74
3621,300783,三只松鼠,19.47,-1.62,-0.32,62376.0,121163164.97,2.12,19.69,19.27,19.53,19.79,0.71,2.23,36.51,2.63,7820512953.0,5456777073.0,0.1,0.26,-17.88,-15.9
3622,301552,科力装备,38.8,-1.62,-0.64,8334.0,32436827.2,1.57,39.23,38.61,39.19,39.44,0.87,3.5,22.61,3.21,3693760000.0,923440000.0,0.0,-0.13,3.44,3.49
3623,002585,双星新材,7.29,-1.62,-0.12,378155.0,272133769.18,4.72,7.41,7.06,7.38,7.41,0.98,4.27,-28.0,0.96,8320241841.0,6463035435.0,0.14,-0.14,27.23,8.32
3624,000969,安泰科技,23.75,-1.62,-0.39,402177.0,942619478.88,4.1,23.94,22.95,23.8,24.14,0.65,3.89,66.45,4.41,24949835679.0,24551468593.0,0.04,0.0,33.58,13.04
3625,600108,亚盛集团,5.43,-1.63,-0.09,4461481.0,2443476986.0,13.95,5.95,5.18,5.52,5.52,1.14,22.92,224.94,2.45,10571749107.0,10571749107.0,0.56,-0.18,70.75,72.38
3626,001228,永泰运,32.56,-1.63,-0.54,20199.0,65103647.0,4.53,32.99,31.49,32.99,33.1,0.85,2.53,26.56,1.98,3381831669.0,2600391669.0,-0.06,0.0,20.82,24.09
3627,300507,苏奥传感,9.05,-1.63,-0.15,165632.0,147973841.84,2.61,9.07,8.83,9.06,9.2,0.89,2.14,63.34,3.42,7245854508.0,7013675319.0,0.33,0.22,0.67,-1.52
3628,002968,新大正,12.64,-1.63,-0.21,31748.0,39973214.0,3.11,12.77,12.37,12.7,12.85,0.83,1.49,20.66,2.26,2860151177.0,2694293837.0,0.0,-0.08,6.31,3.95
3629,688523,航天环宇,70.77,-1.63,-1.17,115638.0,829630605.0,10.49,74.66,67.11,68.0,71.94,0.82,11.98,670.76,17.18,28794897600.0,6830432861.0,0.03,-0.07,83.48,26.47
3630,688550,瑞联新材,44.62,-1.63,-0.74,30604.0,135291176.0,3.7,45.12,43.44,44.4,45.36,0.88,1.76,24.96,2.36,7756938824.0,7756938824.0,0.0,0.0,-3.04,-1.52
3631,688271,联影医疗,121.8,-1.63,-2.02,41214.0,503174055.0,1.61,123.2,121.21,121.51,123.82,0.76,0.5,53.17,4.65,100382442938.0,100382442938.0,0.01,0.07,-5.49,-2.95
3632,000761,本钢板材,3.63,-1.63,-0.06,198206.0,71596288.5,3.79,3.69,3.55,3.65,3.69,0.98,0.53,-5.05,1.71,14912897598.0,13460897598.0,0.0,0.0,9.01,8.36
3633,300864,南大环境,22.29,-1.63,-0.37,18593.0,41297944.7,2.07,22.42,21.95,22.4,22.66,0.71,1.18,22.25,2.67,3519829124.0,3519829124.0,0.18,0.18,11.06,13.03
3634,688686,奥普特,97.0,-1.64,-1.62,13061.0,124545210.0,4.12,97.64,93.58,97.64,98.62,0.92,1.07,64.67,3.88,11856839135.0,11856839135.0,0.02,0.0,-13.92,-21.86
3635,301366,一博科技,34.13,-1.64,-0.57,28618.0,96357597.35,3.69,34.4,33.12,34.12,34.7,1.03,3.75,312.3,3.34,7151470540.0,2603756778.0,0.15,0.12,-3.48,-3.23
3636,002703,浙江世宝,23.34,-1.64,-0.39,405345.0,924850778.11,5.6,23.59,22.26,22.7,23.73,0.76,6.92,96.21,9.4,19200239843.0,13678362047.0,-0.04,0.26,94.18,13.3
3637,002997,瑞鹄模具,32.37,-1.64,-0.54,27208.0,87091602.64,3.16,32.59,31.55,32.4,32.91,0.92,1.3,14.32,2.75,6775731290.0,6775731290.0,-0.19,-0.15,-8.56,-13.45
3638,300922,天秦装备,21.55,-1.64,-0.36,41585.0,89356525.2,4.11,22.05,21.15,21.7,21.91,0.43,3.33,92.07,3.67,3421328858.0,2691043557.0,0.19,0.14,-2.4,-5.77
3639,002651,利君股份,10.19,-1.64,-0.17,115077.0,116380465.75,2.9,10.28,9.98,10.26,10.36,0.66,2.04,183.0,3.8,10530957400.0,5762074502.0,0.0,0.0,-16.54,-12.83
3640,600352,浙江龙盛,15.58,-1.64,-0.26,1124139.0,1713275481.0,7.58,15.93,14.73,15.93,15.84,1.1,3.46,27.21,1.48,50686910379.0,50686910379.0,0.19,0.0,46.57,46.15
3641,600831,广电网络,4.21,-1.64,-0.07,152019.0,63802777.0,2.34,4.25,4.15,4.21,4.28,1.21,2.14,-3.72,2.04,2993086836.0,2993086836.0,0.24,0.24,-3.0,0.24
3642,002067,景兴纸业,5.39,-1.64,-0.09,516920.0,276346896.67,3.28,5.45,5.27,5.41,5.48,0.79,3.86,145.91,1.19,7949462268.0,7209684768.0,0.0,0.0,-1.46,-4.6
3643,300652,雷迪克,46.25,-1.64,-0.77,25056.0,114144743.8,3.15,46.4,44.92,46.03,47.02,0.97,2.09,33.61,4.08,6169313955.0,5536954124.0,0.06,0.06,-9.63,-15.69
3644,605277,新亚电子,22.74,-1.64,-0.38,103401.0,229290658.0,5.28,22.87,21.65,22.72,23.12,0.94,3.25,34.84,4.56,7367483686.0,7234384965.0,-0.18,-0.13,-5.17,3.36
3645,688166,博瑞医药,40.25,-1.64,-0.67,109392.0,434497027.0,4.15,40.59,38.89,40.48,40.92,1.19,2.59,303.8,6.85,17029930003.0,17029930003.0,-0.02,0.05,-21.97,-17.96
3646,603270,金帝股份,25.16,-1.64,-0.42,26539.0,66329335.0,2.58,25.32,24.66,25.16,25.58,0.86,3.75,38.09,2.45,5512723742.0,1779231342.0,0.0,0.08,3.67,-6.92
3647,301123,奕东电子,56.32,-1.64,-0.94,59606.0,328335388.93,5.68,56.65,53.4,55.6,57.26,0.92,2.55,345.56,4.54,13214924800.0,13156352000.0,0.05,-0.12,41.44,-23.44
3648,688077,大地熊,33.43,-1.65,-0.56,38860.0,126901881.0,4.94,33.57,31.89,33.0,33.99,0.89,3.39,67.48,3.48,3827016389.0,3827016389.0,0.12,0.0,9.61,9.43
3649,300616,尚品宅配,13.14,-1.65,-0.22,46632.0,61044468.0,2.92,13.32,12.93,13.14,13.36,1.13,3.01,-27.84,0.94,2950139977.0,2036808300.0,0.54,0.46,-6.54,-5.67
3650,002517,恺英网络,21.4,-1.65,-0.36,426068.0,899308752.13,3.72,21.55,20.74,21.3,21.76,0.95,2.26,21.65,4.48,45719885208.0,40426454802.0,0.0,0.0,-1.7,-2.15
3651,688197,首药控股-U,38.72,-1.65,-0.65,13370.0,51958084.0,2.24,39.39,38.51,39.09,39.37,0.78,2.09,-44.7,8.47,5758412961.0,2478269031.0,-0.21,-0.1,1.36,11.46
3652,300086,康芝药业,8.95,-1.65,-0.15,156705.0,139833388.52,2.75,9.07,8.82,8.98,9.1,0.76,3.56,-31.62,3.88,4073363478.0,3944108572.0,-0.11,-0.11,-23.96,-25.6
3653,002361,神剑股份,12.52,-1.65,-0.21,686379.0,853778727.42,4.32,12.78,12.23,12.37,12.73,0.6,8.48,294.53,5.38,11906957812.0,10130219760.0,0.08,0.08,89.41,-12.69
3654,688682,霍莱沃,47.63,-1.65,-0.8,13970.0,65732299.0,5.18,48.51,46.0,48.51,48.43,0.6,1.37,-215.1,7.93,4850586569.0,4850586569.0,-0.02,-0.13,27.49,-9.98
3655,603223,恒通股份,9.52,-1.65,-0.16,189779.0,185440730.0,6.61,10.16,9.52,10.09,9.68,0.69,2.66,28.98,1.73,6799060678.0,6799060678.0,0.0,-0.1,-9.42,2.37
3656,605303,园林股份,17.26,-1.65,-0.29,25382.0,43670335.0,3.08,17.54,17.0,17.3,17.55,0.74,1.57,-19.19,3.03,2782957662.0,2782957662.0,-0.23,-0.12,-10.52,-0.23
3657,603341,龙旗科技,42.2,-1.65,-0.71,106458.0,439540814.0,4.66,42.41,40.41,41.99,42.91,1.19,4.0,32.61,3.45,22053325177.0,11234181468.0,0.05,0.12,-8.26,-0.14
3658,002722,物产金轮,15.51,-1.65,-0.26,30655.0,47506215.0,1.78,15.64,15.36,15.6,15.77,0.67,1.38,26.49,1.21,3448989875.0,3448757225.0,0.19,0.19,-1.84,3.33
3659,601519,大智慧,11.33,-1.65,-0.19,301758.0,337844581.0,3.13,11.4,11.04,11.28,11.52,1.02,1.52,-571.77,16.62,22537182800.0,22537182800.0,-0.09,-0.09,-9.07,-11.97
3660,920719,宁新新材,11.93,-1.65,-0.2,21760.0,25864126.4,2.97,12.12,11.76,12.09,12.13,0.95,2.97,-3.34,3.3,1110604262.0,873200388.0,0.34,0.17,-3.95,-7.52
3661,688073,毕得医药,56.66,-1.65,-0.95,14402.0,80231380.0,4.91,57.05,54.22,56.05,57.61,1.07,3.33,33.83,2.52,5149427834.0,2449648186.0,0.0,0.07,-19.4,-7.19
3662,688737,中自科技,27.22,-1.66,-0.46,26926.0,72342770.0,4.26,27.55,26.37,27.3,27.68,0.98,2.25,-57.92,1.84,3254545935.0,3254545935.0,-0.11,-0.07,13.61,21.3
3663,688530,欧莱新材,32.67,-1.66,-0.55,121870.0,387057741.0,8.85,33.44,30.5,32.25,33.22,0.92,17.98,-129.11,6.48,5228664400.0,2214313925.0,-0.03,0.0,92.74,98.72
3664,000550,江铃汽车,17.78,-1.66,-0.3,35501.0,63233161.0,1.94,18.05,17.7,18.0,18.08,0.73,0.68,12.92,1.3,15347944920.0,9218274985.0,-0.17,0.06,-4.72,-4.41
3665,603966,法兰泰克,12.43,-1.66,-0.21,155313.0,189902657.0,4.59,12.53,11.95,12.52,12.64,0.64,3.91,21.74,2.46,4955480356.0,4943686150.0,0.0,0.0,14.04,4.45
3666,688653,康希通信,13.6,-1.66,-0.23,81607.0,109866717.0,2.39,13.67,13.34,13.56,13.83,0.95,2.58,-131.47,3.98,5772928000.0,4303197719.0,0.0,0.07,11.02,11.93
3667,300947,德必集团,18.38,-1.66,-0.31,42079.0,76413134.86,3.1,18.48,17.9,18.29,18.69,1.16,2.79,207.38,2.22,2777910852.0,2776808696.0,-0.11,0.0,-4.37,-8.74
3668,688153,唯捷创芯,34.98,-1.66,-0.59,47582.0,163686195.0,4.58,35.22,33.59,34.95,35.57,1.05,1.16,334.87,3.74,15052349020.0,14293507242.0,-0.09,-0.06,-10.17,-7.07
3669,688178,万德斯,25.92,-1.67,-0.44,15043.0,38983759.0,4.48,26.6,25.42,26.6,26.36,0.8,1.77,-19.36,2.4,2203144116.0,2203144116.0,0.15,-0.27,3.39,7.87
3670,601956,东贝集团,7.06,-1.67,-0.12,78996.0,55716581.0,2.37,7.16,6.99,7.11,7.18,0.88,1.27,31.54,1.72,4388613125.0,4388613125.0,0.14,0.14,-0.98,-0.98
3671,603488,展鹏科技,10.03,-1.67,-0.17,90609.0,90661951.0,4.51,10.34,9.88,10.15,10.2,0.48,3.1,-40.4,3.25,2928664113.0,2928664113.0,0.3,0.4,23.52,28.59
3672,300357,我武生物,24.15,-1.67,-0.41,90122.0,217318559.5,1.79,24.33,23.89,24.23,24.56,0.92,1.86,27.5,4.8,12644553600.0,11690150551.0,0.0,0.0,-21.23,-14.51
3673,920566,梓橦宫,11.18,-1.67,-0.19,16312.0,18294168.52,1.93,11.35,11.13,11.3,11.37,0.83,1.45,19.35,1.95,1626280588.0,1256034552.0,0.09,0.0,-6.29,0.54
3674,688022,瀚川智能,15.85,-1.67,-0.27,56394.0,87731603.0,4.16,15.9,15.23,15.9,16.12,0.95,3.21,78.77,4.09,2787671435.0,2787671435.0,0.0,0.06,7.9,3.59
3675,002096,易普力,14.13,-1.67,-0.24,103520.0,146788702.46,3.13,14.46,14.01,14.36,14.37,1.02,0.83,20.41,2.24,17527428080.0,17527398280.0,0.07,0.14,7.53,6.08
3676,300549,优德精密,18.28,-1.67,-0.31,25824.0,47323313.82,3.12,18.66,18.08,18.54,18.59,0.7,2.56,312.16,4.43,2437455200.0,1847279459.0,-0.44,-0.27,-7.82,-3.08
3677,002454,松芝股份,8.81,-1.67,-0.15,96510.0,84585871.0,3.35,8.93,8.63,8.87,8.96,0.95,1.54,19.51,1.36,5537803896.0,5523686999.0,0.23,0.23,1.73,1.15
3678,688311,盟升电子,45.45,-1.67,-0.77,45316.0,202767567.0,4.41,46.0,43.96,45.51,46.22,0.92,2.7,-472.03,4.56,7631985180.0,7631985180.0,0.0,-0.02,40.84,-0.33
3679,002482,广田集团,1.77,-1.67,-0.03,498459.0,88220441.75,2.78,1.8,1.75,1.78,1.8,0.8,1.33,-52.18,13.84,6639203383.0,6626100848.0,0.0,0.0,-3.28,4.73
3680,688798,艾为电子,71.21,-1.67,-1.21,27752.0,194302605.0,4.14,71.81,68.81,71.0,72.42,0.91,2.04,52.44,3.96,16601090170.0,9666276120.0,0.0,-0.2,-2.96,-6.44
3681,688819,天能股份,30.62,-1.67,-0.52,47366.0,144123995.0,2.47,30.81,30.04,30.8,31.14,1.36,0.49,18.71,1.74,29765702000.0,29765702000.0,-0.2,0.03,-4.61,-7.83
3682,002544,普天科技,29.48,-1.67,-0.5,114065.0,332708190.34,3.2,29.66,28.7,29.49,29.98,0.78,1.68,857.03,5.37,20062139077.0,20060227476.0,-0.03,0.1,5.36,-14.53
3683,688192,迪哲医药-U,49.9,-1.67,-0.85,20420.0,101659157.0,3.59,50.72,48.9,50.01,50.75,0.77,0.44,-30.37,17.76,23185203766.0,22988011441.0,-0.02,0.16,-18.16,-13.37
3684,300074,华平股份,4.69,-1.68,-0.08,163151.0,76231384.5,2.73,4.74,4.61,4.71,4.77,0.85,2.98,-40.72,2.61,2579910844.0,2565844127.0,-0.64,0.0,-7.68,1.74
3685,301219,腾远钴业,68.05,-1.68,-1.16,85061.0,566172435.89,5.1,68.39,64.86,67.58,69.21,0.98,2.94,20.02,2.14,20055504235.0,19663550117.0,-0.01,0.01,10.27,-0.34
3686,600865,百大集团,12.28,-1.68,-0.21,77856.0,95376980.0,2.32,12.42,12.13,12.32,12.49,0.87,2.07,144.58,2.01,4620231080.0,4620231080.0,0.16,0.08,25.31,-25.12
3687,001914,招商积余,10.51,-1.68,-0.18,121370.0,127438466.62,2.25,10.64,10.4,10.58,10.69,0.96,1.15,12.1,1.03,11074595708.0,11074561025.0,0.19,0.19,-7.07,-1.59
3688,300126,锐奇股份,8.77,-1.68,-0.15,45534.0,39882597.0,4.48,9.03,8.63,8.92,8.92,0.78,2.16,-116.95,2.55,2665708152.0,1847424214.0,0.23,0.23,-7.0,2.45
3689,002023,海特高新,11.67,-1.68,-0.2,163308.0,189099418.52,3.54,11.84,11.42,11.71,11.87,0.86,2.2,54.49,1.98,8645838942.0,8645838942.0,0.0,0.0,-2.67,-13.81
3690,603350,安乃达,35.79,-1.68,-0.61,8853.0,31574405.0,2.72,36.27,35.28,36.27,36.4,0.66,2.01,32.55,3.17,4169320260.0,1574760000.0,0.03,0.11,-3.58,-6.04
3691,600231,凌钢股份,2.34,-1.68,-0.04,269259.0,63088685.0,3.78,2.4,2.31,2.36,2.38,0.75,0.96,-5.93,1.42,6668120530.0,6584629330.0,0.43,0.0,6.36,9.35
3692,301088,戎美股份,15.25,-1.68,-0.26,18027.0,27574465.0,2.06,15.48,15.16,15.32,15.51,0.78,0.96,60.22,1.38,3475475000.0,2864712500.0,0.0,0.07,3.25,-11.08
3693,300722,新余国科,32.8,-1.68,-0.56,55320.0,181253864.87,4.86,33.81,32.19,33.19,33.36,0.47,2.0,141.29,14.3,9077612544.0,9077612544.0,0.8,0.86,3.08,-7.66
3694,000572,海马汽车,6.43,-1.68,-0.11,416435.0,265210251.36,2.91,6.47,6.28,6.45,6.54,0.87,2.54,-106.55,6.29,10575012219.0,10559687221.0,0.16,0.16,-32.95,-21.2
3695,920857,泓禧科技,26.96,-1.68,-0.46,4587.0,12461967.33,2.95,27.67,26.86,27.08,27.42,0.6,0.62,-94.41,5.56,1995232818.0,1995232818.0,0.22,0.22,-19.71,-23.82
3696,688126,沪硅产业,19.24,-1.69,-0.33,296564.0,565569653.0,2.61,19.36,18.85,19.25,19.57,0.85,1.09,-43.09,3.17,63588650081.0,52557112561.0,0.0,-0.16,-11.58,-11.09
3697,002101,广东鸿图,11.65,-1.69,-0.2,70995.0,82550454.95,1.6,11.74,11.55,11.74,11.85,0.9,1.07,27.65,0.99,7739983184.0,7714772118.0,0.09,0.09,-6.35,-5.44
3698,301314,科瑞思,47.78,-1.69,-0.82,14576.0,69058788.0,4.12,48.3,46.3,47.79,48.6,0.84,8.97,189.85,2.52,2639845000.0,776425000.0,0.31,-0.06,6.68,13.71
3699,300027,华谊兄弟,1.74,-1.69,-0.03,729500.0,125946979.8,3.39,1.76,1.7,1.74,1.77,0.72,2.94,-31.79,18.34,4827640299.0,4323863089.0,-0.57,0.0,-35.07,-19.82
3700,603615,茶花股份,20.3,-1.69,-0.35,28811.0,58094757.0,4.16,20.78,19.92,20.78,20.65,1.0,1.19,626.0,4.29,4908946000.0,4908946000.0,0.15,0.15,-15.52,-13.17
3701,600561,江西长运,6.97,-1.69,-0.12,45885.0,32062080.0,2.68,7.09,6.9,7.04,7.09,0.73,1.61,-120.84,2.19,1982803296.0,1982803296.0,-0.43,-0.29,1.46,7.56
3702,002253,*ST智胜,10.47,-1.69,-0.18,29166.0,30337832.0,1.97,10.53,10.32,10.44,10.65,0.67,1.4,-27.43,2.22,2362305215.0,2180943341.0,0.1,0.0,11.98,-7.02
3703,603982,泉峰汽车,8.13,-1.69,-0.14,70550.0,57312193.0,1.69,8.2,8.06,8.2,8.27,0.74,2.08,-9.67,1.28,2968498729.0,2760570345.0,0.0,-0.12,-7.3,-2.87
3704,002029,七 匹 狼,10.49,-1.69,-0.18,136763.0,142386546.96,2.06,10.53,10.31,10.48,10.67,0.97,2.06,13.77,1.08,7395696903.0,6980108510.0,0.19,0.19,4.07,-4.9
3705,300660,江苏雷利,46.53,-1.69,-0.8,63672.0,292484079.53,4.29,47.08,45.05,46.67,47.33,1.17,1.43,58.94,6.0,20805263578.0,20788606723.0,0.0,0.04,1.06,-15.12
3706,000068,华控赛格,3.49,-1.69,-0.06,112535.0,39396593.0,2.25,3.55,3.47,3.51,3.55,0.7,1.12,-26.33,5.78,3513283409.0,3513283409.0,0.0,0.0,-9.82,3.25
3707,920932,科达自控,17.44,-1.69,-0.3,13940.0,24202780.07,4.28,17.75,16.99,17.75,17.74,0.84,1.61,-31.37,2.89,1837310104.0,1514021266.0,-0.46,0.06,-12.8,-19.03
3708,688617,惠泰医疗,227.01,-1.69,-3.9,9675.0,220397160.0,2.39,230.6,225.08,229.8,230.91,0.95,0.69,39.01,10.36,32015231423.0,32015231423.0,0.0,0.0,-5.96,-6.68
3709,688165,埃夫特-U,18.62,-1.69,-0.32,74929.0,137853281.0,3.43,18.8,18.15,18.64,18.94,0.93,1.44,-19.47,7.99,9715543600.0,9715543600.0,0.0,-0.16,-7.22,-21.63
3710,002186,全 聚 德,11.06,-1.69,-0.19,47902.0,52968802.0,1.96,11.2,10.98,11.11,11.25,1.0,1.56,97.27,3.92,3394552763.0,3390015398.0,0.0,0.18,-9.49,-6.11
3711,300115,长盈精密,34.85,-1.69,-0.6,368869.0,1265071866.45,3.81,35.1,33.75,34.59,35.45,0.86,2.72,79.1,5.7,47426875358.0,47286944174.0,0.03,0.03,-11.86,-25.05
3712,600853,龙建股份,4.08,-1.69,-0.07,158854.0,64908128.0,1.69,4.13,4.06,4.11,4.15,0.7,1.57,10.23,1.02,4137249524.0,4135879868.0,0.25,0.0,-6.42,-5.77
3713,300112,万讯自控,8.75,-1.69,-0.15,74602.0,65088324.0,2.58,8.84,8.61,8.77,8.9,0.73,3.14,-37.8,2.56,2539476573.0,2079380713.0,0.23,0.23,-2.45,1.63
3714,002475,立讯精密,46.5,-1.69,-0.8,973749.0,4484441009.82,2.52,46.62,45.43,46.27,47.3,0.87,1.34,22.06,4.24,338798282040.0,338021183108.0,0.02,0.02,-20.73,-17.77
3715,000952,广济药业,7.58,-1.69,-0.13,71542.0,54229502.0,2.98,7.71,7.48,7.7,7.71,0.77,2.08,-20.26,2.72,2628367570.0,2607474785.0,0.13,0.13,-21.12,7.82
3716,301131,聚赛龙,43.84,-1.7,-0.76,16561.0,72734712.61,3.12,44.55,43.16,44.22,44.6,0.82,4.42,47.61,2.48,2388939451.0,1643972600.0,0.0,0.02,-5.92,-9.18
3717,300698,万马科技,37.5,-1.7,-0.65,36911.0,136165187.0,3.59,37.69,36.32,37.38,38.15,1.21,3.11,115.31,9.76,5025000000.0,4445472863.0,-0.05,0.0,-3.13,-10.99
3718,002572,索菲亚,12.75,-1.7,-0.22,103121.0,131185282.88,1.85,12.87,12.63,12.86,12.97,0.77,1.58,13.51,1.7,12278851341.0,8306161155.0,0.08,0.0,-11.09,-6.32
3719,920689,克莱特,34.05,-1.7,-0.59,23287.0,78310188.73,4.85,34.49,32.81,33.48,34.64,1.15,6.14,45.49,5.07,2499270000.0,1291537509.0,0.06,-0.06,10.44,10.7
3720,003028,振邦智能,30.01,-1.7,-0.52,13517.0,40148615.2,2.78,30.2,29.35,30.2,30.53,0.8,1.92,42.93,2.47,4342777110.0,2116851292.0,0.2,0.23,-1.06,1.42
3721,688135,利扬芯片,30.66,-1.7,-0.53,84411.0,251247330.0,5.42,30.78,29.09,30.0,31.19,0.94,4.15,-678.16,5.46,6237876124.0,6237876124.0,-0.03,0.03,9.23,10.45
3722,000050,深天马Ａ,9.23,-1.7,-0.16,450657.0,409112229.5,4.05,9.3,8.92,9.23,9.39,1.13,1.83,54.34,0.82,22685010911.0,22684725012.0,-0.22,-0.11,0.44,2.21
3723,688129,东来技术,24.32,-1.7,-0.42,19481.0,47304208.0,2.47,24.6,23.99,24.6,24.74,0.67,1.62,29.17,2.76,2930044416.0,2930044416.0,0.16,0.04,20.81,20.22
3724,688111,金山办公,281.09,-1.7,-4.87,62643.0,1752427484.0,3.18,284.58,275.5,281.81,285.96,0.97,1.35,70.67,10.12,130249269492.0,130249269492.0,-0.01,0.0,-7.38,-8.46
3725,688345,博力威,35.91,-1.7,-0.62,15083.0,54221178.0,4.57,36.92,35.25,35.8,36.53,0.9,1.51,65.0,3.24,3632278545.0,3591000000.0,-0.11,-0.25,11.76,15.1
3726,603093,南华期货,21.93,-1.7,-0.38,139346.0,304617247.0,3.05,22.31,21.63,21.82,22.31,0.5,2.28,33.59,3.04,15739706903.0,13378745033.0,0.14,0.05,16.15,12.52
3727,688338,赛科希德,31.86,-1.7,-0.55,19342.0,60803678.0,5.18,32.48,30.8,31.99,32.41,0.56,1.82,38.81,1.96,3381696864.0,3381696864.0,-0.13,0.19,21.37,23.11
3728,600881,亚泰集团,1.73,-1.7,-0.03,350189.0,60756790.0,2.27,1.76,1.72,1.75,1.76,0.79,1.08,-4.41,3.3,5591621209.0,5591621209.0,-0.57,0.0,-16.83,-6.99
3729,605006,山东玻纤,9.17,-1.71,-0.16,237448.0,214250504.0,3.54,9.17,8.84,9.1,9.33,0.63,3.96,-19304.87,2.23,5502163960.0,5502163960.0,0.11,0.22,26.31,25.62
3730,002141,贤丰控股,4.02,-1.71,-0.07,324164.0,128810899.0,2.93,4.05,3.93,4.04,4.09,0.64,3.18,73.65,4.99,4152401908.0,4096262918.0,0.25,0.0,0.25,7.77
3731,603200,上海洗霸,71.26,-1.71,-1.24,32303.0,227225786.0,4.77,71.74,68.28,70.0,72.5,0.96,1.84,78.51,11.52,12504712140.0,12504712140.0,0.01,0.06,0.48,0.17
3732,603579,荣泰健康,21.9,-1.71,-0.38,36836.0,80105696.0,3.37,22.25,21.5,21.85,22.28,0.84,1.83,29.8,1.62,4403046772.0,4403046772.0,0.14,0.09,-7.71,-8.02
3733,301421,波长光电,90.94,-1.71,-1.58,36283.0,322419975.64,5.43,91.75,86.73,90.0,92.52,1.02,7.83,306.34,8.81,10523394920.0,4211293626.0,-0.07,0.07,-3.54,-12.68
3734,601919,中远海控,15.52,-1.71,-0.27,1910308.0,3002945511.0,4.62,16.24,15.51,16.02,15.79,0.58,1.52,6.58,1.04,237652911335.0,194872349495.0,0.0,0.06,3.67,2.24
3735,600118,中国卫星,91.87,-1.71,-1.6,410516.0,3740309252.0,3.21,92.8,89.8,91.0,93.47,0.56,3.47,5500.93,17.11,108635276832.0,108635276832.0,0.0,-0.04,119.84,-3.24
3736,301173,毓恬冠佳,44.31,-1.71,-0.77,5574.0,24615656.24,1.91,44.58,43.72,44.44,45.08,0.72,1.81,25.22,2.65,3891958747.0,1366017880.0,-0.02,-0.05,-3.36,-1.53
3737,301287,康力源,43.03,-1.71,-0.75,9945.0,42712691.04,4.04,43.78,42.01,43.56,43.78,0.98,5.84,37.94,2.48,2868810100.0,732858991.0,-0.28,0.07,7.68,3.14
3738,000547,航天发展,32.1,-1.71,-0.56,3117487.0,10160659100.86,6.18,33.32,31.3,31.3,32.66,1.09,19.62,-78.73,10.91,51310831435.0,51010786090.0,-0.03,-0.22,86.63,-2.76
3739,600329,达仁堂,41.15,-1.72,-0.72,27714.0,113903256.0,1.48,41.5,40.88,41.5,41.87,0.75,0.49,11.04,3.52,31689382749.0,23335726999.0,-0.02,-0.05,-6.18,-4.68
3740,600933,爱柯迪,17.14,-1.72,-0.3,136137.0,229836850.0,3.96,17.3,16.61,17.29,17.44,1.1,1.39,14.79,1.81,17656472250.0,16752221606.0,0.23,0.29,-9.31,-14.73
3741,600754,锦江酒店,26.3,-1.72,-0.46,111706.0,291297188.0,3.18,26.47,25.62,26.14,26.76,1.24,1.23,28.19,1.77,28043649077.0,23828958857.0,0.08,-0.04,-1.46,4.08
3742,002251,步步高,4.58,-1.72,-0.08,567003.0,258877642.23,2.15,4.63,4.53,4.6,4.66,0.78,2.63,40.95,1.5,12314244576.0,9858322305.0,0.0,0.22,-11.58,-13.75
3743,002078,太阳纸业,16.56,-1.72,-0.29,309760.0,507767927.29,4.09,16.77,16.08,16.62,16.85,1.12,1.12,14.2,1.52,46277501571.0,45993664313.0,0.06,0.18,8.52,5.14
3744,920245,威博液压,27.44,-1.72,-0.48,4166.0,11389726.55,5.19,28.26,26.81,28.1,27.92,1.31,1.1,106.19,3.92,1363630800.0,1042609197.0,0.0,0.26,4.61,-2.59
3745,000726,鲁  泰Ａ,7.44,-1.72,-0.13,103112.0,76983103.78,2.38,7.59,7.41,7.53,7.57,0.89,1.75,9.07,0.63,6080763485.0,4383036343.0,0.13,0.13,3.19,4.49
3746,002847,盐津铺子,60.99,-1.72,-1.07,21703.0,133330782.35,2.8,62.55,60.81,61.71,62.06,0.61,0.89,20.63,7.79,16632563322.0,14871845025.0,0.07,0.02,-12.08,-10.72
3747,600960,渤海汽车,5.7,-1.72,-0.1,353653.0,199589412.0,3.28,5.74,5.55,5.65,5.8,0.74,3.72,19.34,1.47,5417938453.0,5417938453.0,0.0,0.18,14.46,2.15
3748,001277,速达股份,41.08,-1.72,-0.72,11301.0,46586483.64,1.91,41.71,40.91,41.54,41.8,1.02,2.49,31.08,2.02,3122080000.0,1864326287.0,0.05,0.05,5.04,4.0
3749,300123,亚光科技,7.42,-1.72,-0.13,510002.0,372529775.17,3.58,7.45,7.18,7.4,7.55,0.69,5.1,-57.51,5.15,7582009193.0,7423107630.0,0.0,0.13,-6.08,-8.4
3750,603800,洪田股份,38.54,-1.73,-0.68,34898.0,134337175.0,3.34,39.22,37.91,39.22,39.22,0.78,1.68,96.28,9.3,8016320000.0,8016320000.0,-0.1,0.08,-14.94,-20.98
3751,600079,ST人福,19.37,-1.73,-0.34,170015.0,330323165.0,1.01,19.55,19.35,19.51,19.71,0.88,1.1,14.04,1.67,31616216942.0,29891372775.0,0.0,0.05,4.31,6.96
3752,600630,龙头股份,8.5,-1.73,-0.15,64330.0,54439942.0,1.5,8.53,8.4,8.52,8.65,0.75,1.51,92.14,4.69,3611323575.0,3611323575.0,0.0,0.24,-21.44,-5.87
3753,000565,渝三峡Ａ,8.5,-1.73,-0.15,163296.0,138860268.5,3.58,8.68,8.37,8.6,8.65,0.92,3.77,167.61,2.96,3685533870.0,3685533870.0,0.35,0.47,10.39,16.44
3754,002643,万润股份,16.5,-1.73,-0.29,209136.0,341358346.74,2.98,16.61,16.11,16.52,16.79,1.02,2.3,37.37,2.12,15228827213.0,15003376905.0,0.0,0.06,17.1,10.07
3755,688180,君实生物-U,30.67,-1.73,-0.54,96082.0,294515660.0,2.31,31.05,30.33,30.54,31.21,0.76,1.25,-36.01,5.22,31488578344.0,23505309225.0,-0.2,-0.2,-13.26,-10.22
3756,000603,盛达资源,46.83,-1.74,-0.83,326026.0,1504865714.26,6.46,47.66,44.58,47.66,47.66,0.86,4.89,75.11,9.82,32311264473.0,31222327092.0,0.32,0.39,69.12,51.26
3757,920656,海昇药业,16.96,-1.74,-0.3,6895.0,11702920.53,3.01,17.32,16.8,17.1,17.26,1.5,2.13,24.41,2.41,1696000000.0,549101726.0,0.0,-0.06,-0.82,-2.86
3758,600520,三佳科技,26.6,-1.74,-0.47,41561.0,109698009.0,2.11,26.69,26.12,26.68,27.07,1.02,2.62,624.52,10.86,4214238000.0,4214238000.0,0.04,0.04,4.72,8.13
3759,000632,三木集团,5.08,-1.74,-0.09,177460.0,90453184.76,4.45,5.25,5.02,5.11,5.17,0.86,3.81,-12.98,2.69,2364839416.0,2364646558.0,0.0,0.0,-22.91,-10.09
3760,002424,ST百灵,5.07,-1.74,-0.09,216712.0,110579483.95,3.29,5.22,5.05,5.11,5.16,0.75,1.79,93.54,2.17,7085823888.0,6150997576.0,0.0,0.0,-8.98,16.55
3761,002430,杭氧股份,31.15,-1.74,-0.55,139497.0,436870567.66,5.05,32.28,30.68,31.9,31.7,0.84,1.43,30.18,3.15,30475739778.0,30463738462.0,0.06,0.03,10.07,4.29
3762,300446,航天智造,22.6,-1.74,-0.4,155056.0,347399737.71,3.04,22.73,22.03,22.71,23.0,0.7,4.15,21.69,3.24,19106268509.0,8442459865.0,-0.04,-0.13,11.38,-10.81
3763,601319,中国人保,8.44,-1.75,-0.15,576900.0,488551967.0,1.98,8.56,8.39,8.5,8.59,0.72,0.16,5.98,1.19,373250480521.0,299601065561.0,0.0,0.12,2.55,-5.7
3764,002962,五方光电,15.18,-1.75,-0.27,49371.0,74652246.0,1.68,15.27,15.01,15.2,15.45,0.63,2.36,91.45,2.5,4427480043.0,3175413196.0,-0.07,0.13,-0.33,2.43
3765,600567,山鹰国际,1.68,-1.75,-0.03,979398.0,164782262.0,1.75,1.7,1.67,1.7,1.71,0.7,1.55,-27.44,0.64,10596521554.0,10596521554.0,0.0,0.0,-2.89,-0.59
3766,002869,金溢科技,21.34,-1.75,-0.38,28516.0,60263975.24,3.18,21.53,20.84,21.46,21.72,0.9,1.81,-95.62,1.79,3775365908.0,3361439540.0,0.09,-0.05,-8.22,-8.25
3767,002590,万安科技,13.48,-1.75,-0.24,83797.0,112161064.52,2.33,13.54,13.22,13.45,13.72,0.84,1.69,35.45,2.33,6996827390.0,6672018540.0,0.07,0.15,2.28,-10.13
3768,000718,苏宁环球,2.24,-1.75,-0.04,237773.0,53308756.0,1.32,2.26,2.23,2.25,2.28,0.61,1.04,50.89,0.73,6797585500.0,5111888593.0,0.45,0.45,-8.2,-2.18
3769,688123,聚辰股份,129.4,-1.75,-2.3,53896.0,681571122.0,4.56,130.0,124.0,127.0,131.7,0.75,3.41,56.44,8.01,20480273094.0,20480273094.0,0.11,0.08,1.53,3.04
3770,688701,卓锦股份,10.1,-1.75,-0.18,30989.0,31036862.0,3.99,10.19,9.78,10.16,10.28,0.84,2.31,-23.64,9.53,1356201457.0,1356201457.0,1.0,0.7,-4.9,23.93
3771,603519,立霸股份,13.45,-1.75,-0.24,35838.0,48150361.0,1.9,13.55,13.29,13.49,13.69,1.02,1.35,22.72,3.01,3582109435.0,3582109435.0,-0.22,-0.15,6.41,11.8
3772,601901,方正证券,7.3,-1.75,-0.13,700585.0,511758749.0,0.81,7.34,7.28,7.33,7.43,1.06,0.85,11.86,1.19,60094340184.0,60094340184.0,0.0,-0.14,-4.2,-6.29
3773,688559,海目星,55.67,-1.75,-0.99,88800.0,490817164.0,4.15,56.55,54.2,54.8,56.66,1.05,3.58,-15.75,5.73,13792745979.0,13792745979.0,0.02,0.05,23.44,15.83
3774,600173,卧龙新能,7.85,-1.75,-0.14,109203.0,85233170.0,2.38,7.9,7.71,7.81,7.99,0.74,1.56,54.45,1.44,5498974015.0,5498267515.0,0.13,0.13,0.77,10.1
3775,300234,开尔新材,6.18,-1.75,-0.11,134682.0,83655750.0,4.29,6.38,6.11,6.2,6.29,0.92,3.92,113.24,2.69,3109597336.0,2125839932.0,0.32,0.32,15.51,12.36
3776,000782,恒申新材,6.16,-1.75,-0.11,206963.0,126891010.64,4.15,6.29,6.03,6.27,6.27,0.84,3.92,-55.6,2.46,4229342095.0,3253340078.0,0.16,0.33,17.33,24.19
3777,601825,沪农商行,8.42,-1.75,-0.15,231504.0,196195416.0,2.33,8.58,8.38,8.53,8.57,1.08,0.25,5.76,0.64,81206222227.0,78932796613.0,0.0,-0.24,-10.9,-9.36
3778,301035,润丰股份,79.73,-1.76,-1.43,16564.0,132673826.35,4.78,82.39,78.51,81.24,81.16,0.98,0.59,18.87,3.07,22385869757.0,22351888831.0,0.2,0.13,10.29,17.23
3779,688387,信科移动-U,15.66,-1.76,-0.28,858807.0,1306609564.0,6.09,15.77,14.8,15.3,15.94,0.99,4.26,-198.34,8.95,53537625000.0,31582730952.0,0.26,0.06,123.08,21.4
3780,001373,翔腾新材,41.31,-1.76,-0.74,14071.0,57880591.0,5.37,42.28,40.02,41.66,42.05,0.83,4.25,-116.44,3.26,2837455343.0,1368671849.0,0.22,-0.12,28.17,27.97
3781,001387,雪祺电气,13.94,-1.76,-0.25,73107.0,102498674.19,3.52,14.36,13.86,14.1,14.19,1.52,6.42,41.24,2.04,2551443776.0,1587910042.0,-0.07,0.14,-7.07,0.87
3782,920454,同心传动,15.05,-1.76,-0.27,9058.0,13599927.36,3.33,15.35,14.84,15.15,15.32,0.87,1.43,57.67,4.81,1581755000.0,950845831.0,0.2,0.4,-7.95,-9.39
3783,603686,福龙马,20.61,-1.76,-0.37,173949.0,355036336.0,2.86,20.72,20.12,20.62,20.98,0.93,4.19,56.69,2.52,8562020626.0,8562020626.0,0.0,-0.1,-20.15,-30.58
3784,600448,华纺股份,3.34,-1.76,-0.06,174412.0,58422443.0,2.94,3.41,3.31,3.39,3.4,0.77,2.77,-20.02,1.87,2103597671.0,2103597671.0,0.0,0.3,0.0,6.03
3785,300151,昌红科技,17.33,-1.76,-0.31,136667.0,232591286.76,3.8,17.4,16.73,17.2,17.64,0.8,3.71,142.82,5.95,9228377972.0,6386626876.0,0.17,0.17,28.94,14.92
3786,688216,气派科技,30.68,-1.76,-0.55,28008.0,84543093.0,4.84,31.01,29.5,30.2,31.23,0.96,2.64,-46.86,5.63,3521444417.0,3260848497.0,-0.23,-0.23,38.01,37.7
3787,002387,维信诺,8.38,-1.76,-0.15,236327.0,195454535.57,2.7,8.39,8.16,8.38,8.53,0.89,1.69,-5.41,2.91,11705150840.0,11690069354.0,0.0,-0.12,-9.99,-2.78
3788,605138,盛泰集团,7.27,-1.76,-0.13,33959.0,24775433.0,2.84,7.44,7.23,7.44,7.4,0.99,0.61,77.92,1.68,4039004056.0,4039004056.0,0.0,-0.14,-1.09,4.45
3789,603983,丸美生物,27.9,-1.76,-0.5,22186.0,61921388.0,2.18,28.3,27.68,28.2,28.4,0.97,0.55,34.4,3.37,11187900000.0,11187900000.0,0.14,0.11,-19.57,-15.84
3790,301048,金鹰重工,11.16,-1.76,-0.2,35394.0,39608377.0,2.11,11.34,11.1,11.22,11.36,0.78,0.66,35.66,2.17,5952000744.0,5952000744.0,0.0,0.18,-2.87,-2.11
3791,603839,安正时尚,7.79,-1.77,-0.14,34682.0,27060237.0,2.65,7.93,7.72,7.9,7.93,0.79,0.89,-207.28,1.67,3030578755.0,3030578755.0,0.26,0.13,-3.71,-4.65
3792,920099,瑞华技术,35.03,-1.77,-0.63,31097.0,113977496.45,9.79,38.48,34.99,38.39,35.66,0.68,6.37,25.55,2.97,2746351930.0,1711211472.0,-0.03,-0.17,15.12,6.51
3793,301261,恒工精密,81.1,-1.77,-1.46,16904.0,135695127.82,3.15,81.7,79.1,80.99,82.56,1.11,4.51,68.39,4.54,7127894896.0,3039897333.0,-0.12,0.35,-4.81,-20.94
3794,300675,建科院,15.51,-1.77,-0.28,34016.0,52797036.68,2.66,15.8,15.38,15.52,15.79,0.89,2.32,-24.41,4.26,2274800517.0,2274800517.0,-0.19,-0.19,-7.62,-0.7
3795,920806,云星宇,12.73,-1.77,-0.23,26077.0,32921880.78,2.7,12.8,12.45,12.78,12.96,0.98,0.87,50.16,2.48,3828377771.0,3828377771.0,-0.08,0.0,-2.3,-7.62
3796,002685,华东重机,7.22,-1.77,-0.13,210098.0,150473058.31,3.4,7.28,7.03,7.26,7.35,0.93,2.09,136.39,4.63,7275526428.0,7274556602.0,0.28,0.14,-7.91,-3.6
3797,688259,创耀科技,38.79,-1.77,-0.7,26580.0,101712959.0,3.42,39.0,37.65,38.72,39.49,0.7,2.38,54.67,2.73,4332843000.0,4332843000.0,0.03,-0.03,-5.3,-6.75
3798,002437,誉衡药业,3.33,-1.77,-0.06,463124.0,153882961.0,1.77,3.36,3.3,3.36,3.39,0.79,2.21,22.87,3.47,7432653660.0,6990430239.0,0.0,0.0,3.42,8.47
3799,603081,大丰实业,12.24,-1.77,-0.22,56905.0,69260925.0,2.33,12.34,12.05,12.19,12.46,0.93,1.35,42.12,1.62,5171389584.0,5171389584.0,0.16,0.33,-6.13,-12.76
3800,601038,一拖股份,14.44,-1.77,-0.26,96742.0,140374086.0,2.72,14.75,14.35,14.66,14.7,0.93,1.32,12.24,2.07,16225437771.0,10565824171.0,0.07,0.0,12.11,1.91
3801,600862,中航高科,26.11,-1.77,-0.47,359460.0,927349101.0,4.48,26.38,25.19,26.24,26.58,0.99,2.58,33.83,4.88,36372512184.0,36372512184.0,0.0,0.04,26.38,10.5
3802,301132,满坤科技,39.5,-1.77,-0.71,71842.0,281899791.37,4.4,39.93,38.16,39.14,40.21,0.87,7.58,42.99,3.22,5849406836.0,3742010420.0,-0.23,-0.08,20.8,18.62
3803,603085,天成自控,11.13,-1.77,-0.2,85100.0,94344586.0,2.47,11.24,10.96,11.24,11.33,0.91,2.14,65.86,4.96,4419723000.0,4419723000.0,0.0,0.09,5.6,-6.08
3804,600807,济高发展,3.33,-1.77,-0.06,204488.0,67585610.0,2.95,3.37,3.27,3.37,3.39,0.79,2.6,-26.93,67.15,2945833654.0,2620771485.0,0.0,0.0,-4.31,8.12
3805,300879,大叶股份,23.18,-1.78,-0.42,26297.0,60703114.68,1.99,23.32,22.85,23.18,23.6,0.68,1.31,28.42,3.4,4691604949.0,4659839425.0,-0.09,-0.17,-16.2,-22.35
3806,600704,物产中大,5.53,-1.78,-0.1,723291.0,400966975.0,2.13,5.63,5.51,5.56,5.63,0.9,1.4,7.03,0.7,28596624792.0,28596624792.0,0.0,0.0,2.98,1.1
3807,603159,上海亚虹,24.85,-1.78,-0.45,14046.0,34863992.0,3.16,25.3,24.5,25.3,25.3,1.1,1.0,-618.21,6.94,3479000000.0,3479000000.0,0.2,0.24,7.48,-3.35
3808,600601,方正科技,10.51,-1.78,-0.19,949611.0,982057413.0,3.46,10.55,10.18,10.53,10.7,0.98,2.28,106.41,10.09,44917037742.0,43829782446.0,0.0,0.1,-9.0,-10.32
3809,301589,诺瓦星云,173.12,-1.78,-3.14,6392.0,109965895.84,2.83,174.58,169.59,173.11,176.26,0.78,1.85,26.96,4.18,16004597760.0,5966573875.0,0.02,0.03,10.97,5.21
3810,601156,东航物流,18.71,-1.78,-0.34,212967.0,401332652.0,5.93,19.6,18.47,18.88,19.05,1.78,2.25,11.13,1.56,29703164453.0,17673382853.0,0.16,0.05,13.95,1.63
3811,002049,紫光国微,73.82,-1.78,-1.34,177391.0,1292579542.41,3.13,74.35,72.0,73.98,75.16,0.97,2.09,37.25,4.78,62719292180.0,62708091840.0,-0.04,-0.03,-2.95,-6.33
3812,002185,华天科技,13.76,-1.78,-0.25,1765960.0,2364281865.06,5.57,13.85,13.07,13.63,14.01,0.98,5.41,62.12,2.56,44944533588.0,44934325375.0,-0.07,-0.15,24.64,25.43
3813,301019,宁波色母,22.07,-1.78,-0.4,19015.0,41837507.14,3.12,22.3,21.6,22.24,22.47,0.87,1.82,33.1,3.42,3640742039.0,2308731025.0,0.0,0.05,-13.79,-3.46
3814,920175,东方碳素,11.51,-1.79,-0.21,15578.0,18060725.29,4.78,12.0,11.44,11.67,11.72,0.69,1.97,-11.66,2.06,1369690000.0,912465149.0,-0.35,-0.17,-1.12,1.68
3815,920212,智新电子,13.17,-1.79,-0.24,6576.0,8691320.15,2.91,13.49,13.1,13.3,13.41,0.8,1.28,133.24,3.29,1397337000.0,678686489.0,0.15,0.15,-3.09,-2.66
3816,002748,世龙实业,13.15,-1.79,-0.24,128180.0,170694001.86,3.81,13.65,13.14,13.42,13.39,0.95,5.34,58.55,2.3,3156000000.0,3156000000.0,0.08,-0.3,14.25,1.86
3817,600866,星湖科技,7.69,-1.79,-0.14,356967.0,275652355.0,1.66,7.79,7.66,7.79,7.83,0.76,2.84,9.44,1.54,12776724417.0,9656866102.0,0.0,-0.26,11.77,10.65
3818,001209,洪兴股份,20.86,-1.79,-0.38,86732.0,179210946.91,2.5,20.93,20.4,20.81,21.24,0.47,9.03,119.49,2.14,2743563939.0,2004534107.0,0.0,0.14,0.48,0.0
3819,301539,宏鑫科技,20.32,-1.79,-0.37,18051.0,36591736.0,2.61,20.61,20.07,20.42,20.69,0.74,2.4,51.72,3.69,3007360000.0,1525255756.0,0.0,0.0,1.85,-2.78
3820,301502,华阳智能,45.54,-1.79,-0.83,11171.0,50967203.43,4.55,46.99,44.88,46.36,46.37,0.95,4.74,79.27,3.13,2599582590.0,1074151980.0,-0.04,0.22,1.09,1.92
3821,001217,华尔泰,13.2,-1.79,-0.24,90193.0,119647254.0,4.24,13.62,13.05,13.5,13.44,0.7,2.74,149.46,1.95,4380684000.0,4337295890.0,0.08,0.23,-6.05,-5.04
3822,688778,厦钨新能,74.2,-1.79,-1.35,83011.0,607450432.0,4.71,75.0,71.44,73.28,75.55,1.32,1.64,49.61,4.07,37448078359.0,37448078359.0,0.07,0.0,6.12,-4.1
3823,300809,华辰装备,34.57,-1.79,-0.63,40374.0,136943440.67,3.98,34.75,33.35,34.28,35.2,1.06,2.68,151.77,5.32,8764850144.0,5205187753.0,-0.06,-0.03,-2.34,-9.19
3824,301099,雅创电子,42.9,-1.79,-0.78,31515.0,133897834.5,3.23,43.31,41.9,42.66,43.68,0.95,3.51,57.02,4.86,6291961833.0,3851578173.0,0.07,0.19,1.2,0.8
3825,301280,珠城科技,55.51,-1.8,-1.02,16227.0,89911611.38,5.82,57.57,54.28,55.97,56.53,1.01,4.04,35.35,4.07,7592665571.0,2227485296.0,0.0,0.02,16.23,4.22
3826,600861,北京人力,16.9,-1.8,-0.31,31414.0,53121148.0,1.57,17.1,16.83,17.1,17.21,0.88,0.86,7.13,1.34,9567304934.0,6195114931.0,0.12,0.06,-8.3,-7.85
3827,603638,艾迪精密,21.87,-1.8,-0.4,77514.0,166638617.0,3.55,21.94,21.15,21.7,22.27,0.99,0.93,43.14,5.16,18175912275.0,18175912275.0,0.05,0.18,8.91,15.53
3828,605507,国邦医药,26.18,-1.8,-0.48,43168.0,112883675.0,3.23,26.66,25.8,26.66,26.66,1.31,0.77,16.37,1.77,14629999230.0,14629999230.0,0.11,0.08,6.9,5.56
3829,000031,大悦城,3.28,-1.8,-0.06,301258.0,97953520.0,3.59,3.32,3.2,3.26,3.34,0.98,0.7,-19.78,1.39,14059107752.0,14059079419.0,0.31,0.0,5.81,16.31
3830,300784,利安科技,51.93,-1.8,-0.95,8718.0,45241904.8,2.93,52.78,51.23,51.97,52.88,0.87,5.15,50.71,3.65,2920418568.0,879115181.0,-0.36,-0.15,0.44,3.41
3831,000751,锌业股份,6.54,-1.8,-0.12,977172.0,630748460.22,5.56,6.66,6.29,6.54,6.66,0.52,6.93,154.11,2.93,10566224091.0,9220541815.0,0.0,0.15,63.91,59.9
3832,688549,中巨芯-U,9.8,-1.8,-0.18,308167.0,294595951.0,5.51,9.88,9.33,9.78,9.98,0.99,5.23,-842.88,4.83,14477304800.0,5775326200.0,-0.31,-0.2,7.22,7.46
3833,600829,人民同泰,10.38,-1.8,-0.19,58084.0,60268811.0,1.23,10.45,10.32,10.45,10.57,0.71,1.0,40.35,2.01,6019243637.0,6019243637.0,-0.1,-0.1,-28.27,-3.98
3834,603759,海天股份,10.38,-1.8,-0.19,59409.0,61613094.0,2.37,10.53,10.28,10.47,10.57,0.94,1.29,34.58,1.68,4793068800.0,4793068800.0,0.29,0.29,-4.07,-1.52
3835,300261,雅本化学,7.11,-1.8,-0.13,236372.0,168862326.81,3.73,7.32,7.05,7.25,7.24,0.94,2.52,-742.7,3.41,6849130339.0,6656191907.0,0.28,0.14,-2.2,5.65
3836,301459,丰茂股份,39.22,-1.8,-0.72,10561.0,41213059.3,2.5,39.54,38.54,39.54,39.94,0.8,4.05,36.06,3.28,4083657780.0,1023602427.0,-0.13,0.13,-2.17,-11.63
3837,300584,海辰药业,41.91,-1.8,-0.77,29494.0,123063830.94,2.39,42.32,41.3,42.26,42.68,1.06,3.59,115.42,4.82,5029200000.0,3441261365.0,-0.05,0.02,-19.5,-16.55
3838,603005,晶方科技,31.07,-1.8,-0.57,458421.0,1383597630.0,5.4,31.24,29.53,30.48,31.64,1.0,7.03,54.82,4.4,20262974905.0,20262974905.0,-0.06,-0.03,15.24,12.33
3839,920267,鑫汇科,21.67,-1.81,-0.4,3092.0,6693584.81,3.13,22.07,21.38,22.07,22.07,0.61,1.05,-82.86,4.19,1083130331.0,640934630.0,0.14,0.09,-5.0,-4.54
3840,000955,欣龙控股,5.42,-1.81,-0.1,150790.0,81374064.0,4.35,5.54,5.3,5.49,5.52,0.84,2.8,9504.68,4.5,2918100900.0,2917655783.0,0.18,-0.18,-23.34,-12.86
3841,920357,雅葆轩,23.3,-1.81,-0.43,7932.0,18480849.62,2.95,23.73,23.03,23.52,23.73,0.88,1.78,28.82,4.64,1865864000.0,1037190180.0,0.0,0.04,-6.16,0.43
3842,605166,聚合顺,10.87,-1.81,-0.2,70346.0,76534025.0,4.16,11.18,10.72,11.07,11.07,0.75,2.24,18.38,1.76,3421143862.0,3421143862.0,0.18,0.18,2.74,4.82
3843,603786,科博达,61.8,-1.81,-1.14,22080.0,135287066.0,3.13,62.28,60.31,62.0,62.94,0.89,0.55,28.96,4.58,24958344060.0,24958344060.0,0.0,0.18,-14.19,-20.87
3844,688602,康鹏科技,8.15,-1.81,-0.15,66293.0,53985259.0,2.53,8.25,8.04,8.25,8.3,0.71,2.55,-69.91,1.56,4232906250.0,2115708712.0,-0.37,-0.24,-8.43,-6.11
3845,301333,诺思格,64.99,-1.81,-1.2,17871.0,115397409.64,4.68,66.18,63.08,64.8,66.19,1.12,1.85,49.26,3.27,6276815827.0,6267878403.0,0.4,0.28,19.23,9.14
3846,603239,浙江仙通,22.25,-1.81,-0.41,42505.0,93463653.0,4.24,22.66,21.7,22.66,22.66,1.08,1.57,29.79,4.8,6023520000.0,6023520000.0,0.0,0.0,16.37,8.48
3847,600816,建元信托,2.72,-1.81,-0.05,432868.0,117640708.0,1.81,2.75,2.7,2.74,2.77,0.67,0.79,389.45,1.93,26776899251.0,14876055140.0,-0.37,0.0,-6.85,-3.89
3848,001288,运机集团,35.25,-1.81,-0.65,19490.0,67998846.0,3.9,35.55,34.15,35.49,35.9,0.69,1.28,57.89,3.78,8279533924.0,5348988690.0,0.03,0.06,16.34,10.33
3849,603131,上海沪工,23.33,-1.81,-0.43,92013.0,211608476.0,3.87,23.49,22.57,23.31,23.76,0.89,2.73,-2987.55,6.18,7860045443.0,7860045443.0,-0.09,-0.17,-15.99,-22.88
3850,002725,跃岭股份,16.29,-1.81,-0.3,161165.0,259657397.24,3.32,16.35,15.8,15.99,16.59,0.53,7.6,158.13,4.05,4170240000.0,3453704949.0,0.06,-0.12,5.44,-3.61
3851,603980,吉华集团,7.61,-1.81,-0.14,485732.0,365030118.0,5.94,7.76,7.3,7.7,7.75,0.74,7.18,267.53,1.33,5150701870.0,5150701870.0,0.0,-0.13,44.68,50.99
3852,002541,鸿路钢构,23.37,-1.81,-0.43,72690.0,167426830.22,6.39,23.8,22.28,23.74,23.8,0.76,1.47,24.37,1.68,16125700609.0,11594297291.0,0.09,0.0,43.99,42.15
3853,920003,中诚咨询,29.69,-1.82,-0.55,4172.0,12365442.06,2.25,30.08,29.4,30.01,30.24,1.09,3.13,18.96,3.01,1921367151.0,395310058.0,0.0,0.0,-9.81,-9.59
3854,603370,华新精科,45.38,-1.82,-0.84,11709.0,52663142.0,2.83,45.76,44.45,45.76,46.22,1.1,3.35,43.91,4.17,7939231000.0,1587846200.0,-0.04,-0.04,-0.96,-4.04
3855,603818,曲美家居,3.78,-1.82,-0.07,146282.0,55313138.0,3.38,3.86,3.73,3.86,3.85,0.99,2.13,-29.08,1.19,2595135772.0,2595135772.0,-0.26,0.27,-2.83,4.71
3856,920346,威贸电子,23.18,-1.82,-0.43,4351.0,10079980.25,3.13,23.6,22.86,23.6,23.61,0.66,0.98,38.55,3.92,1869538928.0,1033914183.0,0.0,0.0,-5.39,-7.35
3857,301578,辰奕智能,34.97,-1.82,-0.65,12988.0,45094653.71,4.32,35.54,34.0,35.54,35.62,0.93,5.61,99.65,3.06,2849544123.0,810251403.0,0.03,0.06,-0.34,3.52
3858,002758,浙农股份,10.81,-1.82,-0.2,158554.0,172588240.0,3.0,11.1,10.77,10.92,11.01,1.29,3.06,19.31,1.18,5608255014.0,5601799552.0,0.0,0.09,6.61,7.35
3859,300389,艾比森,18.85,-1.82,-0.35,268854.0,501612362.01,2.81,18.96,18.42,18.6,19.2,1.73,11.53,27.4,4.23,6957540975.0,4395467901.0,0.05,0.27,19.15,16.14
3860,920112,巴兰仕,36.72,-1.82,-0.68,3193.0,11770099.49,2.57,37.51,36.55,37.21,37.4,1.61,1.38,21.63,3.48,3115692000.0,851279760.0,0.33,0.44,-3.92,-2.75
3861,001332,锡装股份,59.59,-1.83,-1.11,41168.0,236818296.54,9.13,60.55,55.01,59.39,60.7,1.58,8.58,24.74,2.58,6584099100.0,2860528625.0,-0.12,-0.05,14.66,6.05
3862,688475,萤石网络,26.76,-1.83,-0.5,50440.0,134394843.0,2.16,26.99,26.4,26.99,27.26,1.05,0.64,37.2,3.64,21073500000.0,21073500000.0,0.0,0.26,-10.26,-11.13
3863,603037,凯众股份,15.0,-1.83,-0.28,59597.0,88334474.0,2.81,15.05,14.62,15.05,15.28,0.91,2.24,51.52,4.15,4003772520.0,3992130120.0,0.07,0.07,15.3,3.73
3864,600203,福日电子,11.83,-1.83,-0.22,158446.0,185268290.0,2.9,11.88,11.53,11.78,12.05,0.89,2.67,60.22,4.05,7015049010.0,7015049010.0,-0.08,0.0,-20.07,-11.32
3865,920060,万源通,32.8,-1.83,-0.61,32271.0,104408220.2,2.78,32.83,31.9,32.69,33.41,0.74,3.4,39.99,4.63,4987064946.0,3110236122.0,0.03,0.15,2.5,-0.24
3866,603332,苏州龙杰,13.38,-1.83,-0.25,32167.0,43023449.0,3.67,13.65,13.15,13.62,13.63,0.84,1.49,39.77,2.27,2894725322.0,2894725322.0,0.07,0.15,5.19,-3.6
3867,000042,中洲控股,8.54,-1.84,-0.16,67463.0,57558769.2,2.87,8.7,8.45,8.59,8.7,1.01,1.02,69.23,1.72,5677657927.0,5671680465.0,0.23,0.0,2.64,12.07
3868,301056,森赫股份,15.51,-1.84,-0.29,26358.0,40940784.85,2.85,15.8,15.35,15.7,15.8,0.7,1.5,55.98,5.05,4137861205.0,2729695323.0,0.0,0.13,34.75,-7.68
3869,002551,尚荣医疗,3.73,-1.84,-0.07,122352.0,45773092.86,2.89,3.81,3.7,3.77,3.8,0.79,2.0,-67.34,1.22,3153694776.0,2279726473.0,0.0,-0.27,-5.33,2.19
3870,002790,瑞尔特,8.0,-1.84,-0.15,37012.0,29698646.84,2.21,8.13,7.95,8.1,8.15,0.71,1.42,40.72,1.59,3342978400.0,2085580000.0,0.13,0.0,-10.11,-4.65
3871,002965,祥鑫科技,33.1,-1.84,-0.62,50126.0,164126197.99,3.44,33.39,32.23,33.39,33.72,1.06,2.51,41.54,2.06,8784089883.0,6600855258.0,0.0,0.03,-10.59,-18.63
3872,002111,威海广泰,10.69,-1.84,-0.2,105015.0,111786590.6,2.75,10.83,10.53,10.81,10.89,1.0,2.18,33.66,1.9,5687191080.0,5144572506.0,0.19,0.28,9.98,1.62
3873,920100,三协电机,58.66,-1.84,-1.1,4494.0,26133786.89,4.17,59.89,57.4,59.0,59.76,0.67,2.63,71.94,9.4,4329653538.0,1003094095.0,-0.12,0.17,1.33,-20.36
3874,300897,山科智能,26.65,-1.84,-0.5,16254.0,42644602.4,3.46,26.81,25.87,26.81,27.15,0.84,1.86,107.18,3.81,3736857777.0,2329739482.0,0.04,0.41,-5.16,3.62
3875,300765,新诺威,30.86,-1.84,-0.58,89676.0,275449296.27,4.52,31.42,30.0,31.42,31.44,0.88,0.64,-1351.8,11.75,43345738252.0,43345738252.0,0.1,-0.36,2.46,-14.44
3876,301003,江苏博云,45.76,-1.84,-0.86,11729.0,53248886.0,4.29,46.62,44.62,46.0,46.62,0.44,1.56,40.99,4.0,4444820860.0,3438422599.0,0.02,0.09,22.81,2.6
3877,920957,汉维科技,12.83,-1.84,-0.24,6890.0,8942312.54,3.83,13.26,12.76,12.89,13.07,0.78,1.61,257.22,3.52,1376676115.0,547901737.0,-0.08,0.23,-3.68,2.39
3878,002305,*ST南置,2.12,-1.85,-0.04,225629.0,47648010.72,1.85,2.14,2.1,2.13,2.16,1.05,1.3,-2.1,-1.2,3676537432.0,3676298945.0,0.0,0.0,-13.47,-4.93
3879,300970,华绿生物,24.39,-1.85,-0.46,46910.0,114990664.11,4.19,25.12,24.08,24.8,24.85,0.63,4.93,137.31,1.94,2990435949.0,2320370186.0,-0.04,-0.16,39.21,18.92
3880,688091,上海谊众,51.5,-1.85,-0.97,43175.0,219690429.0,4.1,52.25,50.1,52.25,52.47,1.06,2.09,165.99,7.44,10645237460.0,10645237460.0,-0.04,0.08,11.33,9.57
3881,605058,澳弘电子,31.83,-1.85,-0.6,27434.0,85994375.0,3.79,31.98,30.75,31.92,32.43,1.0,1.92,31.91,2.61,4549269329.0,4549269329.0,0.0,0.13,-0.16,4.29
3882,300254,仟源医药,12.17,-1.85,-0.23,102378.0,125059520.8,2.58,12.43,12.11,12.3,12.4,0.67,4.53,104.7,10.6,3116841212.0,2749588424.0,-0.08,0.5,17.02,20.26
3883,600690,海尔智家,24.4,-1.85,-0.46,394367.0,960423080.0,1.21,24.5,24.2,24.4,24.86,0.96,0.63,9.88,1.91,228814163460.0,152573893228.0,0.04,0.0,-12.64,-6.48
3884,300989,蕾奥规划,15.38,-1.85,-0.29,47650.0,72468462.0,4.28,15.65,14.98,15.52,15.67,1.05,3.16,215.72,3.26,3244557633.0,2316430401.0,-0.13,0.79,-15.86,-12.86
3885,920371,欧福蛋业,10.62,-1.85,-0.2,25146.0,26769908.57,2.31,10.78,10.53,10.76,10.82,0.7,1.3,25.35,3.54,2181831592.0,2059294453.0,-0.09,-0.19,1.43,2.51
3886,301399,英特科技,20.15,-1.85,-0.38,33828.0,67587865.44,3.41,20.32,19.62,20.32,20.53,1.06,6.19,126.96,2.84,3728153000.0,1101874258.0,0.0,-0.25,12.38,3.23
3887,603178,圣龙股份,16.43,-1.85,-0.31,21578.0,35308101.0,1.73,16.54,16.25,16.54,16.74,1.1,0.91,-39.93,3.2,3884247205.0,3884247205.0,0.0,0.12,-8.47,-12.93
3888,605151,西上海,20.18,-1.85,-0.38,27834.0,55900945.0,4.28,20.73,19.85,20.73,20.56,1.1,2.07,2367.29,1.99,2715304200.0,2715304200.0,0.15,0.25,2.91,6.83
3889,301256,华融化学,14.82,-1.85,-0.28,113228.0,167194644.09,4.7,15.18,14.47,15.01,15.1,0.82,2.36,100.46,4.17,7113600000.0,7113600000.0,-0.07,0.07,-14.93,9.05
3890,000615,*ST美谷,3.19,-1.85,-0.06,79502.0,25334643.2,2.15,3.23,3.16,3.21,3.25,1.17,0.86,-34.53,-9.61,5702101691.0,2951759310.0,0.0,0.31,-13.32,-8.6
3891,002669,康达新材,13.74,-1.86,-0.26,96812.0,132130997.0,2.93,13.86,13.45,13.8,14.0,0.91,3.2,37.2,1.54,4168716000.0,4159342572.0,0.22,0.29,3.78,-9.61
3892,603177,德创环保,12.65,-1.86,-0.24,68151.0,85574945.0,3.1,12.79,12.39,12.73,12.89,0.64,3.34,147.79,6.86,2583028800.0,2583028800.0,0.0,0.0,11.36,13.66
3893,002134,天津普林,22.12,-1.86,-0.42,64345.0,139822602.0,4.04,22.23,21.32,22.12,22.54,0.68,2.61,270.56,10.71,5453489574.0,5450116009.0,0.0,0.0,1.47,-17.43
3894,603235,天新药业,26.88,-1.86,-0.51,12404.0,33377635.0,1.53,27.19,26.77,27.06,27.39,1.12,0.28,19.17,2.46,11767526400.0,11767526400.0,0.04,-0.11,0.52,-0.33
3895,600165,ST宁科,3.69,-1.86,-0.07,56137.0,20725141.0,1.6,3.73,3.67,3.72,3.76,0.99,0.77,-17.82,-14.1,5962611130.0,2704451354.0,0.0,0.0,31.79,-11.08
3896,603605,珀莱雅,66.9,-1.86,-1.27,32881.0,219351301.0,2.64,68.0,66.2,68.0,68.17,0.97,0.83,19.37,4.72,26490794266.0,26490794266.0,0.0,0.01,-4.7,-2.31
3897,688167,炬光科技,300.51,-1.86,-5.69,62487.0,1804799629.0,9.09,303.83,276.0,290.0,306.2,0.84,6.95,-648.48,12.13,27003685557.0,27003685557.0,0.06,-0.23,130.05,71.65
3898,000623,吉林敖东,18.36,-1.87,-0.35,137083.0,252112018.75,1.44,18.53,18.26,18.53,18.71,0.85,1.15,7.28,0.72,21956639305.0,21867189495.0,-0.11,-0.11,-4.38,-5.99
3899,300201,海伦哲,9.95,-1.87,-0.19,445368.0,439975892.12,3.75,10.1,9.72,10.1,10.14,0.78,4.44,42.68,5.95,10039983890.0,9987025094.0,0.1,0.2,68.07,45.68
3900,603233,大参林,19.45,-1.87,-0.37,45078.0,87656024.0,2.52,19.7,19.2,19.69,19.82,0.87,0.4,15.37,3.15,22150594903.0,22150594903.0,-0.15,0.05,6.93,10.39
3901,300538,同益股份,15.73,-1.87,-0.3,45822.0,71549343.0,3.31,15.88,15.35,15.8,16.03,1.0,3.79,292.83,2.97,2861579153.0,1903097951.0,0.0,0.13,-10.68,-2.18
3902,920779,武汉蓝电,31.5,-1.87,-0.6,4368.0,13741182.56,5.08,32.29,30.66,32.16,32.1,0.82,2.18,40.17,5.14,2522353680.0,631045863.0,0.0,0.0,-8.8,-6.91
3903,002328,新朋股份,6.84,-1.87,-0.13,206138.0,139666691.87,4.16,6.94,6.65,6.88,6.97,1.05,3.61,27.94,1.59,5278906800.0,3904216569.0,-0.15,-0.15,1.63,3.48
3904,000417,合百集团,7.35,-1.87,-0.14,165899.0,120735866.21,2.8,7.41,7.2,7.29,7.49,0.88,2.13,24.96,1.22,5732148870.0,5725851765.0,0.0,0.14,-7.78,-9.26
3905,601168,西部矿业,31.0,-1.87,-0.59,586178.0,1782986639.0,5.67,31.38,29.59,30.31,31.59,0.94,2.46,18.81,4.18,73873000000.0,73873000000.0,0.03,0.23,28.84,12.32
3906,002175,东方智造,3.15,-1.87,-0.06,413889.0,129365681.0,3.43,3.2,3.09,3.17,3.21,0.82,3.24,2271.16,4.97,4021859290.0,4021859290.0,-0.32,0.0,-32.69,-28.89
3907,301515,港通医疗,24.7,-1.87,-0.47,16654.0,41101882.25,2.46,25.06,24.44,24.82,25.17,0.85,2.54,-181.47,2.03,2470000000.0,1619592585.0,0.16,0.16,12.43,23.13
3908,000795,英洛华,9.98,-1.87,-0.19,315239.0,309386306.71,4.52,10.08,9.62,10.0,10.17,1.33,2.78,42.27,4.35,11314167348.0,11314167348.0,0.0,-0.1,0.6,0.1
3909,603515,欧普照明,18.28,-1.88,-0.35,14271.0,26269841.0,2.25,18.6,18.18,18.42,18.63,0.64,0.19,17.67,2.04,13585841308.0,13460077101.0,0.05,-0.16,0.16,0.0
3910,600067,冠城新材,4.18,-1.88,-0.08,290899.0,121023092.0,3.05,4.24,4.11,4.21,4.26,1.0,2.09,52.56,1.03,5817175329.0,5817175329.0,-0.24,-0.24,0.24,0.72
3911,603949,雪龙集团,17.72,-1.88,-0.34,30968.0,54751821.0,2.38,17.9,17.47,17.9,18.06,0.88,1.47,45.88,3.53,3734254430.0,3724837455.0,0.0,0.11,-2.96,-5.59
3912,920002,万达轴承,90.5,-1.88,-1.73,6335.0,57306050.43,2.29,91.66,89.55,91.66,92.23,0.87,1.99,65.7,5.58,4118018604.0,2882887365.0,-0.09,-0.01,-11.94,-17.58
3913,600882,妙可蓝多,20.84,-1.88,-0.4,48057.0,100630405.0,3.39,21.4,20.68,21.4,21.24,0.84,0.94,45.31,2.3,10629518003.0,10629518003.0,0.05,0.05,-22.59,-17.1
3914,920527,夜光明,17.77,-1.88,-0.34,8109.0,14509761.4,3.37,18.29,17.68,18.11,18.11,1.27,2.23,60.38,2.72,1066958779.0,644939706.0,-0.78,0.11,-0.34,-1.88
3915,688114,华大智造,55.3,-1.88,-1.06,36333.0,199666807.0,2.87,55.78,54.16,55.5,56.36,0.84,0.88,-97.21,2.98,23033343372.0,22912710569.0,0.0,0.22,-10.65,-8.99
3916,920230,欧康医药,12.53,-1.88,-0.24,5219.0,6569013.05,2.19,12.73,12.45,12.7,12.77,0.69,1.1,108.57,3.02,1261990212.0,592014282.0,-0.16,-0.16,-1.8,3.81
3917,300719,安达维尔,18.23,-1.88,-0.35,153157.0,276495765.5,4.09,18.48,17.72,18.07,18.58,0.52,8.53,6129.29,4.47,4634560945.0,3274475006.0,0.11,0.22,13.09,0.66
3918,300961,深水海纳,14.08,-1.88,-0.27,41752.0,58852796.0,2.72,14.32,13.93,14.3,14.35,0.86,2.74,-77.62,3.4,2496102400.0,2148167761.0,0.07,0.28,-10.26,-1.61
3919,605068,明新旭腾,26.56,-1.88,-0.51,19735.0,52137369.0,2.88,26.84,26.06,26.67,27.07,1.04,1.22,-81.79,2.86,4307992027.0,4307992027.0,0.19,0.11,-1.81,3.87
3920,688603,天承科技,85.22,-1.88,-1.63,36096.0,298285739.0,7.18,86.81,80.57,84.0,86.85,0.72,7.61,127.09,8.91,10629023935.0,4041269349.0,0.0,-0.33,20.54,13.69
3921,600258,首旅酒店,16.11,-1.89,-0.31,141979.0,228002549.0,3.47,16.37,15.8,16.18,16.42,0.94,1.27,17.88,1.49,17988476360.0,17988476360.0,0.06,0.0,0.75,-3.82
3922,300351,永贵电器,18.7,-1.89,-0.36,278350.0,505656573.37,5.51,18.84,17.79,18.42,19.06,1.03,10.57,76.6,2.91,7272522958.0,4925776649.0,0.21,0.11,11.58,3.72
3923,601899,紫金矿业,36.4,-1.89,-0.7,3906290.0,13905252662.0,4.88,36.67,34.86,35.93,37.1,1.14,1.9,19.17,5.77,967866286296.0,749872510296.0,0.17,0.19,21.45,5.6
3924,600983,惠而浦,11.92,-1.89,-0.23,32157.0,38353047.0,2.96,12.19,11.83,12.0,12.15,0.55,0.42,21.63,3.3,9135952880.0,9135952880.0,0.25,0.25,15.62,24.69
3925,002146,荣盛发展,1.56,-1.89,-0.03,843018.0,131759539.0,1.89,1.58,1.55,1.57,1.59,0.62,2.16,-1.64,0.57,6783135608.0,6101973308.0,-0.64,0.0,-6.02,-4.88
3926,300661,圣邦股份,64.51,-1.89,-1.24,137397.0,876824220.59,2.83,64.81,62.95,64.0,65.75,0.87,2.32,87.12,8.13,39870167136.0,38238304242.0,0.03,0.09,-0.48,-6.02
3927,600211,西藏药业,41.63,-1.89,-0.8,24889.0,103984900.0,1.81,42.34,41.57,42.34,42.43,0.87,0.77,13.94,3.78,13418148129.0,13418148129.0,0.05,0.1,-0.64,-2.16
3928,600009,上海机场,29.13,-1.89,-0.56,123958.0,361357418.0,1.21,29.38,29.02,29.37,29.69,1.02,0.61,33.27,1.72,72484558855.0,59608122272.0,-0.03,-0.03,-9.03,-11.08
3929,300965,恒宇信通,57.6,-1.89,-1.11,8080.0,46400579.34,3.51,58.86,56.8,57.67,58.71,0.47,1.45,100.73,2.81,3456000000.0,3209112000.0,0.05,-0.05,-0.4,-18.46
3930,301225,恒勃股份,119.18,-1.9,-2.31,13408.0,158714768.0,3.87,120.98,116.28,119.32,121.49,0.8,4.49,98.12,8.03,12320828400.0,3561336760.0,0.06,0.08,19.72,-27.99
3931,920768,拾比佰,12.41,-1.9,-0.24,18402.0,22636092.51,3.32,12.54,12.12,12.48,12.65,1.38,2.41,25.34,1.95,1377137700.0,949294089.0,0.32,0.65,3.24,2.99
3932,600418,江淮汽车,50.21,-1.9,-0.97,446387.0,2213882921.0,3.89,50.67,48.68,50.0,51.18,1.21,2.04,-59.19,11.04,113182287171.0,109659131606.0,0.02,0.04,2.49,1.43
3933,301097,天益医疗,56.72,-1.9,-1.1,8870.0,50048445.2,5.95,58.44,55.0,57.29,57.82,1.18,3.06,124.79,2.83,3343494713.0,1641554393.0,-1.13,-0.61,0.37,9.88
3934,002094,青岛金王,7.21,-1.9,-0.14,253896.0,182619546.7,2.86,7.33,7.12,7.28,7.35,0.78,3.68,55.24,3.22,4981371328.0,4978170088.0,0.0,0.0,1.69,-5.75
3935,688314,康拓医疗,38.2,-1.9,-0.74,11338.0,42959722.0,3.65,38.8,37.38,38.31,38.94,0.81,1.4,31.4,4.32,3103336370.0,3103336370.0,0.26,0.21,19.79,15.55
3936,920946,森萱医药,10.33,-1.9,-0.2,19969.0,20682231.53,1.71,10.47,10.29,10.38,10.53,0.71,0.47,33.52,3.49,4410066452.0,4408710640.0,0.0,0.0,-5.32,-2.09
3937,600187,国中水务,2.07,-1.9,-0.04,270073.0,55917903.0,2.37,2.1,2.05,2.09,2.11,0.54,1.67,-155.23,1.05,3340526883.0,3340526883.0,0.0,0.0,-21.89,-16.87
3938,688061,灿瑞科技,34.0,-1.9,-0.66,15547.0,52085259.0,3.69,34.35,33.07,34.17,34.66,1.11,3.45,-66.94,1.67,3906239294.0,1530717672.0,0.0,0.71,5.2,4.26
3939,300848,美瑞新材,16.49,-1.9,-0.32,75087.0,123657095.95,3.09,16.8,16.28,16.51,16.81,0.69,2.97,90.7,4.57,7055866969.0,4173990223.0,0.12,0.0,10.82,4.24
3940,688605,先锋精科,62.0,-1.9,-1.2,21303.0,130150710.0,2.85,62.16,60.36,60.92,63.2,0.73,1.97,65.94,7.63,12547551072.0,6717807260.0,0.1,0.18,5.73,-3.52
3941,600383,金地集团,3.08,-1.91,-0.06,805719.0,247049931.0,2.23,3.1,3.03,3.09,3.14,1.1,1.78,-2.32,0.26,13904917402.0,13904917402.0,0.0,0.0,-4.64,0.65
3942,003042,中农联合,18.47,-1.91,-0.36,75711.0,140936640.0,2.71,18.97,18.46,18.75,18.83,1.05,5.94,-44.06,2.0,2631605600.0,2352445310.0,0.0,0.0,3.13,15.01
3943,920132,泰鹏智能,16.4,-1.91,-0.32,11385.0,18789588.87,3.23,16.85,16.31,16.5,16.72,0.39,4.06,74.26,5.11,1358313600.0,460264376.0,0.06,0.43,-5.75,1.05
3944,603733,仙鹤股份,24.09,-1.91,-0.47,70042.0,167928035.0,2.97,24.46,23.73,24.46,24.56,1.41,0.99,16.44,2.06,17049073280.0,17049073280.0,0.0,0.04,2.55,-0.33
3945,002705,新宝股份,13.34,-1.91,-0.26,67469.0,89792905.26,1.84,13.48,13.23,13.45,13.6,0.78,0.83,10.81,1.25,10830422905.0,10780099356.0,0.08,0.0,-11.66,-6.45
3946,688816,易思维,66.16,-1.91,-1.29,18625.0,121244951.0,3.25,66.52,64.33,65.2,67.45,0.85,9.66,86.45,8.81,6616000000.0,1275845451.0,0.0,0.23,18.25,18.25
3947,301052,果麦文化,36.49,-1.91,-0.71,53550.0,193039616.67,3.79,36.92,35.51,36.4,37.2,0.95,6.68,224.46,5.01,3611026280.0,2926349084.0,0.0,-0.03,-8.04,-4.45
3948,301275,汉朔科技,49.92,-1.91,-0.97,19444.0,96004815.57,3.3,50.28,48.6,50.28,50.89,0.98,5.75,50.3,5.27,21086208000.0,1686896640.0,0.08,0.0,-5.2,-6.55
3949,603359,东珠生态,6.69,-1.91,-0.13,111587.0,74421623.0,3.23,6.8,6.58,6.75,6.82,0.82,2.5,-74.01,1.13,2984382240.0,2984382240.0,-0.15,0.0,-15.74,-29.87
3950,002028,思源电气,229.06,-1.91,-4.45,110762.0,2494174552.33,4.11,230.03,220.43,226.8,233.51,1.02,1.82,56.57,11.56,178915745157.0,139604967078.0,-0.37,-0.09,55.14,48.17
3951,301321,翰博高新,23.01,-1.92,-0.45,61492.0,141803628.87,3.15,23.44,22.7,22.7,23.46,0.8,4.17,-366.16,4.42,4289869350.0,3396742850.0,-0.13,0.0,43.36,20.79
3952,688278,特宝生物,70.13,-1.92,-1.37,19715.0,138313688.0,2.43,71.16,69.42,70.85,71.5,1.02,0.48,27.59,8.28,28626328232.0,28626328232.0,-0.23,-0.07,-15.12,-16.19
3953,002693,*ST双成,7.16,-1.92,-0.14,37440.0,26709801.8,1.51,7.19,7.08,7.18,7.3,0.82,0.91,-882.47,7.6,2969178610.0,2942628227.0,-0.14,-0.14,0.42,2.87
3954,600774,汉商集团,9.7,-1.92,-0.19,66467.0,64304708.0,3.03,9.87,9.57,9.78,9.89,0.83,2.25,230.16,1.71,2861814299.0,2859968671.0,0.1,0.21,-1.52,6.13
3955,002496,*ST辉丰,2.04,-1.92,-0.04,757990.0,161952185.0,6.73,2.18,2.04,2.13,2.08,2.61,6.81,-714.68,2.32,3075482941.0,2269402633.0,0.0,-0.97,17.92,10.87
3956,301556,托普云农,97.43,-1.92,-1.91,19157.0,187211031.4,3.12,99.79,96.69,98.5,99.34,1.0,6.5,68.26,8.41,8308830400.0,2872236400.0,0.07,0.02,-0.31,-0.62
3957,920198,微创光电,10.19,-1.92,-0.2,39274.0,40129524.59,2.41,10.34,10.09,10.2,10.39,0.68,5.57,-140.47,3.82,1644297856.0,718048571.0,-0.88,-0.59,1.9,1.7
3958,301118,恒光股份,27.94,-1.93,-0.55,50805.0,143126569.5,4.56,29.0,27.7,28.9,28.49,0.91,4.84,-1395.27,2.3,3078887416.0,2935165816.0,0.14,0.0,11.89,12.84
3959,688257,新锐股份,75.19,-1.93,-1.48,130680.0,972979690.0,7.84,77.78,71.77,74.67,76.67,1.26,5.18,80.21,8.02,18978595416.0,18978595416.0,0.05,0.01,167.96,119.34
3960,000735,罗 牛 山,7.61,-1.93,-0.15,337030.0,257531960.33,3.61,7.84,7.56,7.71,7.76,0.9,2.93,2347.85,2.08,8763018329.0,8758330104.0,0.0,0.0,-21.38,-15.82
3961,002785,万里石,44.15,-1.93,-0.87,84291.0,367951190.82,4.26,44.57,42.65,44.03,45.02,0.62,4.36,3730.31,11.27,10005259534.0,8542805265.0,0.0,0.02,19.29,25.0
3962,603010,万盛股份,11.7,-1.93,-0.23,82443.0,95813533.0,3.69,11.88,11.44,11.7,11.93,0.74,1.4,103.29,1.91,6898069538.0,6898069538.0,0.09,0.09,5.03,11.22
3963,688106,金宏气体,24.45,-1.93,-0.48,273077.0,686111719.0,7.34,26.16,24.33,25.7,24.93,0.92,5.67,96.14,3.77,11784356159.0,11784356159.0,0.33,0.29,31.24,24.81
3964,603260,合盛硅业,47.82,-1.93,-0.94,90304.0,430425538.0,2.19,48.23,47.16,48.1,48.76,1.0,0.76,-131.91,1.77,56533135919.0,56533135919.0,-0.02,-0.02,-12.9,-9.26
3965,688017,绿的谐波,208.34,-1.93,-4.11,59425.0,1211869114.0,4.5,209.66,200.1,204.03,212.45,0.91,3.24,305.76,10.8,38194998243.0,38194998243.0,0.01,0.16,43.24,8.45
3966,300323,华灿光电,11.71,-1.93,-0.23,2440711.0,2747012729.77,10.22,11.92,10.7,11.26,11.94,2.36,27.76,-72.85,2.8,19005315913.0,10296133031.0,-0.26,0.17,48.6,46.74
3967,920735,德源药业,34.42,-1.94,-0.68,18642.0,64129325.6,1.31,34.68,34.22,34.68,35.1,0.76,1.8,17.04,3.09,4038016376.0,3571323891.0,0.06,0.0,-3.26,1.27
3968,300807,天迈科技,51.54,-1.94,-1.02,14089.0,71440145.0,4.0,52.0,49.9,51.48,52.56,1.07,2.71,-171.33,7.46,3506760314.0,2677064343.0,0.0,0.04,12.75,-6.61
3969,301079,邵阳液压,43.01,-1.94,-0.85,75526.0,321625689.08,4.47,43.66,41.7,42.61,43.86,0.54,10.86,1426.76,9.91,4685175384.0,2990278809.0,-0.09,0.33,76.27,36.06
3970,301322,绿通科技,33.89,-1.94,-0.67,23582.0,79111877.99,3.24,34.12,33.0,33.66,34.56,0.52,2.48,51.32,1.7,4788246185.0,3220488075.0,0.03,0.27,22.79,23.33
3971,301325,曼恩斯特,51.04,-1.94,-1.01,29476.0,148100016.96,3.9,51.43,49.4,51.23,52.05,1.04,5.09,-155.31,2.59,7344281366.0,2954945488.0,0.08,0.22,3.24,0.97
3972,688636,智明达,45.0,-1.94,-0.89,49532.0,218670248.0,5.82,45.9,43.23,45.0,45.89,0.63,2.95,70.98,5.57,7825788180.0,7543233225.0,0.87,0.76,30.32,5.04
3973,601163,三角轮胎,14.69,-1.94,-0.29,72360.0,106489010.0,1.94,14.93,14.64,14.9,14.98,1.11,0.9,12.92,0.86,11752000000.0,11752000000.0,-0.27,0.07,-0.07,2.8
3974,603380,易德龙,36.32,-1.94,-0.72,18734.0,67420722.0,3.83,36.82,35.4,36.8,37.04,1.2,1.17,24.83,3.81,5827224384.0,5827224384.0,0.03,-0.03,3.3,-4.42
3975,301598,博科测试,62.82,-1.95,-1.25,5816.0,36408604.0,2.68,63.6,61.88,63.6,64.07,0.74,3.31,35.59,3.91,3699923549.0,1102347959.0,0.0,-0.05,3.31,0.54
3976,600848,上海临港,10.58,-1.95,-0.21,128419.0,135679135.0,2.59,10.7,10.42,10.66,10.79,1.18,0.54,18.15,1.36,26687912502.0,25327591848.0,0.0,0.28,-5.87,-9.57
3977,300637,扬帆新材,12.09,-1.95,-0.24,80862.0,96969589.5,3.0,12.2,11.83,12.15,12.33,0.86,3.45,69.45,3.87,2838129072.0,2835164773.0,0.0,0.17,0.75,3.96
3978,300636,同和药业,8.03,-1.95,-0.16,68519.0,55193634.16,1.83,8.16,8.01,8.12,8.19,1.01,1.87,30.23,1.42,3372210505.0,2949882203.0,0.0,0.12,-0.74,6.92
3979,600376,首开股份,5.03,-1.95,-0.1,471861.0,234470869.0,2.73,5.04,4.9,5.0,5.13,0.95,1.83,-3.13,1.99,12975213167.0,12975213167.0,0.2,0.2,-14.46,-23.9
3980,300733,西菱动力,17.11,-1.95,-0.34,39432.0,67000202.0,3.15,17.33,16.78,17.33,17.45,0.95,1.75,51.77,3.06,5230121151.0,3858030932.0,0.12,0.18,3.01,-8.94
3981,920627,力王股份,21.57,-1.95,-0.43,11213.0,23952388.14,3.59,21.82,21.03,21.67,22.0,0.89,2.4,77.99,4.4,2037286500.0,1009206375.0,0.09,0.37,-1.95,1.32
3982,301069,凯盛新材,22.6,-1.95,-0.45,96516.0,217819708.08,4.21,23.09,22.12,23.09,23.05,0.75,2.26,66.36,6.04,10241737575.0,9645097575.0,-0.09,0.04,-8.87,-18.71
3983,300029,*ST天龙,5.0,-1.96,-0.1,35852.0,17904614.0,2.16,5.05,4.94,5.0,5.1,0.81,1.79,-51.31,-56.93,1002532500.0,1001801250.0,0.2,0.4,-16.53,11.36
3984,601606,长城军工,44.61,-1.96,-0.89,185648.0,834710050.0,3.08,45.95,44.55,45.51,45.5,0.49,2.56,-1363.81,14.6,32307828924.0,32307828924.0,0.0,0.0,-10.83,-7.29
3985,301390,经纬股份,41.1,-1.96,-0.82,18334.0,74989156.72,3.34,41.71,40.31,41.64,41.92,1.23,5.98,117.9,2.59,2466000000.0,1260780312.0,-0.22,0.07,13.6,23.24
3986,605555,德昌股份,15.97,-1.96,-0.32,64351.0,101514589.0,3.13,16.06,15.55,16.03,16.29,0.75,1.33,35.8,2.56,7730582569.0,7730582569.0,0.13,0.0,-7.53,-12.73
3987,301591,肯特股份,45.52,-1.96,-0.91,14809.0,66679859.12,3.1,45.88,44.44,45.74,46.43,0.76,4.36,48.62,4.27,3829142400.0,1545345962.0,-0.02,-0.02,17.93,12.28
3988,688189,南新制药,7.99,-1.96,-0.16,38657.0,31039045.0,1.84,8.12,7.97,8.07,8.15,0.65,1.41,-15.97,2.8,2192456000.0,2192456000.0,-0.75,-0.25,-14.18,0.25
3989,600665,天地源,3.5,-1.96,-0.07,126475.0,44091386.0,3.36,3.56,3.44,3.56,3.57,1.06,1.46,-10.33,1.14,3024428824.0,3024428824.0,0.57,0.86,-4.37,6.71
3990,301076,新瀚新材,40.03,-1.96,-0.8,34565.0,137065249.5,3.16,40.3,39.01,40.2,40.83,1.04,3.15,101.9,5.97,7000494436.0,4395756427.0,0.0,0.08,-3.5,-18.82
3991,002016,世荣兆业,6.01,-1.96,-0.12,149820.0,90143800.0,2.77,6.12,5.95,6.07,6.13,1.12,1.85,29.39,0.99,4862664748.0,4862664748.0,0.33,0.17,-5.8,3.98
3992,002180,纳思达,18.97,-1.96,-0.38,132995.0,249878791.48,3.26,19.13,18.5,19.0,19.35,0.95,0.97,-56.8,2.81,26973043169.0,25895867345.0,0.0,0.05,0.0,-6.18
3993,300228,富瑞特装,10.99,-1.96,-0.22,895736.0,1020532572.41,8.92,11.93,10.93,11.71,11.21,0.75,15.95,28.46,2.73,6565706784.0,6171492736.0,0.0,0.0,24.89,11.12
3994,688252,天德钰,20.5,-1.96,-0.41,49348.0,99811224.0,3.4,20.66,19.95,20.66,20.91,0.84,2.66,35.91,3.49,8384937491.0,3809007133.0,0.1,-0.1,-5.75,-3.16
3995,603661,恒林股份,32.8,-1.97,-0.66,9046.0,29749617.0,3.62,33.62,32.41,33.56,33.46,1.0,0.65,12.27,1.2,4561398617.0,4561398617.0,-0.18,0.0,-2.35,2.47
3996,601377,兴业证券,6.47,-1.97,-0.13,778189.0,504952693.0,1.21,6.54,6.46,6.5,6.6,0.8,0.9,16.62,1.0,55874837792.0,55874837792.0,0.0,0.0,-4.71,-12.8
3997,920419,路斯股份,14.9,-1.97,-0.3,12835.0,19305142.62,2.7,15.28,14.87,15.03,15.2,0.69,1.33,24.87,2.49,1539265360.0,1439612655.0,-0.8,-1.0,-9.09,-6.82
3998,688125,安达智能,247.01,-1.97,-4.96,7309.0,176907084.0,6.19,250.6,235.0,249.46,251.97,0.54,0.89,-181.43,11.1,20286031196.0,20178181689.0,-0.2,-0.1,243.4,82.9
3999,300762,上海瀚讯,38.28,-1.97,-0.77,327022.0,1231569330.04,4.1,38.53,36.93,37.8,39.05,0.7,5.21,-374.37,10.29,24038529752.0,24038529752.0,0.05,0.03,25.51,-8.16
4000,603826,坤彩科技,23.43,-1.97,-0.47,150963.0,352993902.0,4.73,24.0,22.87,23.89,23.9,0.84,2.3,188.52,7.87,15351336000.0,15351336000.0,-0.26,-0.55,34.27,37.82
4001,300835,龙磁科技,88.23,-1.97,-1.77,54137.0,461285046.5,7.69,89.28,82.36,88.0,90.0,0.82,6.58,59.19,8.81,10521210454.0,7259893145.0,0.15,0.38,45.83,34.54
4002,920925,锦好医疗,19.93,-1.97,-0.4,11662.0,23284763.05,3.39,20.38,19.69,20.08,20.33,0.57,2.11,129.46,5.27,1962320615.0,1102030406.0,0.0,0.1,-34.98,-37.43
4003,600660,福耀玻璃,57.85,-1.98,-1.17,158593.0,912810099.0,2.58,58.38,56.86,58.32,59.02,1.24,0.79,16.03,4.26,150973663326.0,115872759306.0,0.0,0.02,-10.49,-10.68
4004,688584,上海合晶,21.31,-1.98,-0.43,47761.0,100530913.0,3.86,21.52,20.68,21.52,21.74,0.9,1.39,113.13,3.43,14180917502.0,7297316061.0,0.14,-0.05,-1.34,-2.87
4005,603199,九华旅游,40.54,-1.98,-0.82,23538.0,95611154.0,3.36,41.39,40.0,41.02,41.36,0.94,2.13,18.62,2.77,4486967200.0,4486967200.0,-0.05,-0.15,12.86,10.28
4006,600897,厦门空港,16.34,-1.98,-0.33,33554.0,54727771.0,2.52,16.61,16.19,16.54,16.67,0.65,0.8,13.3,1.44,6812701560.0,6812701560.0,0.0,0.0,-2.39,-5.0
4007,000888,峨眉山Ａ,13.39,-1.98,-0.27,119917.0,161349801.32,2.34,13.67,13.35,13.51,13.66,0.86,2.28,22.59,2.59,7055366436.0,7055366436.0,0.0,0.07,-2.12,2.06
4008,605179,一鸣食品,18.3,-1.98,-0.37,24833.0,45474757.0,2.46,18.61,18.15,18.5,18.67,0.83,0.62,118.59,6.51,7338300000.0,7338300000.0,0.0,0.11,-19.49,-12.48
4009,688573,信宇人,21.29,-1.98,-0.43,19703.0,41682963.0,2.9,21.49,20.86,21.33,21.72,0.72,3.7,-4.41,6.59,2081190921.0,1132973430.0,-0.33,-0.33,-7.43,-6.58
4010,605333,沪光股份,26.67,-1.98,-0.54,21027.0,55854901.0,2.68,27.02,26.29,27.02,27.21,0.62,0.48,21.85,3.41,12375957628.0,11648818080.0,-0.04,-0.04,-13.18,-10.59
4011,002004,华邦健康,5.45,-1.98,-0.11,468065.0,254612146.66,3.6,5.58,5.38,5.52,5.56,1.19,2.49,13.23,1.11,10790559591.0,10254825888.0,0.0,0.18,12.37,14.02
4012,601579,会稽山,17.36,-1.98,-0.35,58666.0,101983706.0,2.6,17.68,17.22,17.42,17.71,0.78,1.22,53.69,2.29,8323484780.0,8323484780.0,0.06,0.12,-17.65,-14.36
4013,301101,明月镜片,38.06,-1.98,-0.77,24133.0,91148783.64,2.78,38.31,37.23,38.3,38.83,0.86,1.26,38.58,4.46,7669550526.0,7266295311.0,-0.03,-0.05,-8.24,-8.13
4014,002098,浔兴股份,9.42,-1.98,-0.19,31602.0,29816824.0,2.29,9.58,9.36,9.53,9.61,0.71,0.88,15.15,2.32,3372360000.0,3372254025.0,-0.11,0.11,-7.1,-4.07
4015,601888,中国中免,75.1,-1.98,-1.52,291313.0,2177251028.0,1.74,75.5,74.17,75.0,76.62,0.89,1.49,38.18,2.79,155371314204.0,146630913354.0,0.01,-0.01,-7.94,-20.58
4016,300539,横河精密,30.09,-1.99,-0.61,86251.0,256243082.68,4.07,30.33,29.08,29.99,30.7,0.84,3.96,161.35,6.94,8067148920.0,6556257051.0,-0.1,0.0,-26.34,-28.39
4017,000060,中金岭南,7.4,-1.99,-0.15,1593470.0,1160587295.84,4.37,7.45,7.12,7.34,7.55,0.67,3.59,29.31,1.73,32864676189.0,32864259939.0,0.0,0.0,39.62,26.5
4018,688727,恒坤新材,50.22,-1.99,-1.02,29173.0,144433909.0,3.4,50.55,48.81,49.81,51.24,0.74,5.81,219.86,9.0,22564830312.0,2523211746.0,0.06,-0.12,7.86,5.13
4019,920271,邦德股份,15.65,-2.0,-0.32,4256.0,6630046.64,2.32,15.8,15.43,15.8,15.97,0.67,0.74,20.48,3.23,2047379950.0,905985245.0,0.19,0.45,-1.82,-4.4
4020,603444,吉比特,381.0,-2.0,-7.76,14507.0,549027291.0,2.29,382.5,373.6,380.0,388.76,0.95,2.01,16.96,5.1,27447659481.0,27447659481.0,-0.06,0.0,-11.77,-10.11
4021,920033,康普化学,16.65,-2.0,-0.34,9735.0,16213241.25,3.71,17.01,16.38,16.83,16.99,1.06,1.18,88.58,2.64,1983601913.0,1377969951.0,0.0,0.0,0.42,-6.88
4022,002977,天箭科技,29.45,-2.0,-0.6,26843.0,78615486.49,2.93,29.79,28.91,29.6,30.05,0.52,4.03,-103.81,3.38,3537534000.0,1961964007.0,-0.03,-0.07,-21.19,-16.6
4023,300832,新产业,53.39,-2.0,-1.09,40556.0,217473806.25,2.22,54.41,53.2,54.39,54.48,0.7,0.59,26.11,4.8,41949525931.0,36471897622.0,0.0,-0.04,-10.43,-5.08
4024,001380,华纬科技,22.02,-2.0,-0.45,17557.0,38403128.27,2.27,22.18,21.67,22.18,22.47,0.78,1.99,21.87,3.22,5964209660.0,1937844843.0,0.0,0.05,-3.93,-3.76
4025,301167,建研设计,17.65,-2.0,-0.36,33779.0,59928283.24,2.78,18.0,17.5,17.73,18.01,1.35,4.75,102.81,2.1,1976800000.0,1255230864.0,-0.45,-0.23,4.87,8.62
4026,301121,紫建电子,40.26,-2.0,-0.82,22836.0,90990013.64,4.21,40.98,39.25,40.98,41.08,0.92,4.51,245.97,2.39,3978737055.0,2036819507.0,-0.02,-0.1,-6.15,1.05
4027,002025,航天电器,50.94,-2.0,-1.04,129607.0,653536326.45,2.89,51.3,49.8,51.26,51.98,0.71,2.86,119.14,3.56,23199399829.0,23120479098.0,0.04,0.04,21.81,1.62
4028,688007,光峰科技,15.17,-2.0,-0.31,80902.0,121690395.0,3.17,15.34,14.85,15.17,15.48,1.01,1.76,-26.36,2.84,6972369183.0,6972369183.0,0.07,0.07,-12.31,-18.31
4029,603353,和顺石油,40.1,-2.0,-0.82,161316.0,685964633.0,11.61,44.59,39.84,43.13,40.92,0.85,9.47,237.09,4.18,6893430600.0,6833761800.0,-0.02,0.0,12.86,46.73
4030,301229,纽泰格,18.98,-2.01,-0.39,28109.0,53196028.38,3.41,19.39,18.73,19.39,19.37,0.74,2.17,81.96,3.16,3450193909.0,2453746547.0,0.0,-0.16,-3.95,-16.35
4031,002708,光洋股份,12.69,-2.01,-0.26,97557.0,122644393.37,2.47,12.75,12.43,12.75,12.95,0.75,1.89,84.13,4.21,7133023201.0,6556371632.0,0.0,0.0,5.75,-4.44
4032,603089,正裕工业,13.18,-2.01,-0.27,30986.0,40664807.0,3.12,13.4,12.98,13.4,13.45,0.88,1.29,17.99,2.11,3163638472.0,3163638472.0,0.0,0.15,3.05,4.03
4033,688711,宏微科技,30.69,-2.01,-0.63,78956.0,235845788.0,5.24,30.84,29.2,29.98,31.32,0.89,3.71,375.14,6.02,6539817817.0,6539817817.0,0.07,0.0,20.07,-3.28
4034,300735,光弘科技,23.4,-2.01,-0.48,127936.0,295830152.82,3.39,23.61,22.8,23.44,23.88,0.95,1.69,67.7,3.64,17958580123.0,17723564375.0,0.04,-0.13,-6.74,-5.87
4035,601003,柳钢股份,5.35,-2.01,-0.11,215638.0,115353136.0,3.48,5.47,5.28,5.46,5.46,0.78,0.84,16.03,1.52,14093086475.0,13710943620.0,0.38,0.19,8.52,6.36
4036,688432,有研硅,15.57,-2.01,-0.32,203083.0,309924721.0,4.28,15.69,15.01,15.48,15.89,0.77,1.62,93.02,4.3,19467199929.0,19467199929.0,-0.51,0.32,26.18,25.46
4037,301509,金凯生科,36.16,-2.01,-0.74,24374.0,88046806.32,3.01,36.8,35.69,36.31,36.9,0.87,4.3,31.58,1.98,4355351551.0,2051751956.0,0.0,0.0,8.33,7.05
4038,301687,新广益,58.8,-2.02,-1.21,26945.0,155728877.32,3.95,59.08,56.71,58.65,60.01,1.05,9.12,63.93,8.29,8635603200.0,1736677110.0,0.0,0.1,168.13,-17.55
4039,920826,盖世食品,12.12,-2.02,-0.25,22533.0,27271990.13,3.8,12.42,11.95,12.3,12.37,0.85,3.61,36.36,4.34,1703051666.0,757190613.0,0.0,0.5,-15.13,-9.08
4040,688249,晶合集成,32.03,-2.02,-0.66,260068.0,817682056.0,4.37,32.22,30.79,31.5,32.69,0.75,2.19,92.36,2.93,64303162055.0,38058630099.0,0.0,0.03,6.13,-3.5
4041,000738,航发控制,25.74,-2.02,-0.53,356377.0,908579649.65,4.42,26.1,24.94,25.8,26.27,0.65,2.71,63.33,2.7,33852836186.0,33852836186.0,0.0,0.04,38.46,20.79
4042,300808,久量股份,30.51,-2.02,-0.63,31223.0,94957022.0,5.2,31.42,29.8,30.43,31.14,1.03,2.63,-77.01,5.03,4881600000.0,3627626125.0,0.13,0.1,-0.29,1.46
4043,002396,星网锐捷,29.17,-2.02,-0.6,260651.0,733394505.13,7.66,29.44,27.16,29.24,29.77,1.62,4.47,37.21,2.47,17084726009.0,17014285709.0,-0.07,-0.21,8.64,-3.73
4044,688367,工大高科,34.98,-2.02,-0.72,18815.0,64956791.0,4.99,35.68,33.9,35.68,35.7,0.74,2.15,304.01,5.15,3065108508.0,3065108508.0,-0.2,0.0,13.57,12.98
4045,301091,深城交,24.73,-2.02,-0.51,55297.0,136594794.22,2.02,24.96,24.45,24.9,25.24,0.96,1.05,227.08,5.51,13039634400.0,13039634400.0,-0.08,-0.08,-5.21,-7.52
4046,688307,中润光学,55.16,-2.02,-1.14,60341.0,322715727.0,6.59,55.27,51.56,54.6,56.3,0.58,6.8,77.16,5.42,4896773840.0,4896773840.0,0.0,0.49,31.74,27.66
4047,300247,融捷健康,4.84,-2.02,-0.1,188740.0,90871680.0,2.43,4.88,4.76,4.87,4.94,0.85,2.35,43.87,3.44,3891555115.0,3887852515.0,0.41,0.21,-2.22,-5.65
4048,300777,中简科技,40.56,-2.03,-0.84,135722.0,541744774.3,3.82,40.86,39.28,40.86,41.4,0.81,3.2,46.12,3.99,17834537701.0,17181834986.0,0.02,0.05,29.67,-0.59
4049,601318,中国平安,61.4,-2.03,-1.27,930368.0,5663230289.0,2.41,61.52,60.01,61.44,62.67,1.1,0.87,6.28,1.13,1111809218493.0,654527996096.0,-0.05,0.11,5.23,-10.23
4050,600860,京城股份,15.47,-2.03,-0.32,454062.0,714248448.0,7.03,16.5,15.39,15.73,15.79,0.84,10.23,-230.07,10.97,8469608234.0,6869310990.0,-0.32,-0.64,23.37,23.37
4051,603677,奇精机械,16.86,-2.03,-0.35,15726.0,26570542.0,2.5,17.18,16.75,17.18,17.21,0.76,0.82,46.23,2.79,3247250584.0,3247250584.0,0.0,-0.06,-18.94,-7.26
4052,002792,通宇通讯,43.01,-2.03,-0.89,293956.0,1245120485.95,4.46,43.38,41.42,42.43,43.9,0.8,8.7,668.56,8.1,22530187650.0,14529830971.0,0.14,0.02,53.33,0.73
4053,002605,姚记科技,23.14,-2.03,-0.48,85935.0,197331784.7,2.75,23.29,22.64,23.29,23.62,1.29,2.55,18.58,2.63,9664452170.0,7803917424.0,-0.04,0.04,-0.69,-0.69
4054,600153,建发股份,9.18,-2.03,-0.19,172880.0,159644092.0,2.45,9.39,9.16,9.35,9.37,0.89,0.6,17.38,0.48,26617763898.0,26617763898.0,-0.11,-0.11,-2.24,1.44
4055,603324,盛剑科技,24.61,-2.03,-0.51,12534.0,30716836.0,2.59,24.88,24.23,24.68,25.12,0.67,0.85,88.77,2.16,3634394464.0,3634394464.0,0.0,-0.2,4.72,-0.65
4056,603197,保隆科技,34.07,-2.04,-0.71,30837.0,104385782.0,2.42,34.39,33.55,34.39,34.78,0.87,1.44,27.57,2.27,7279390885.0,7279390885.0,0.06,0.03,-3.35,-7.89
4057,002733,雄韬股份,23.58,-2.04,-0.49,305885.0,717180635.07,3.86,23.94,23.01,23.38,24.07,0.87,8.29,63.87,3.3,9059787649.0,8697783857.0,-0.04,0.04,19.94,20.12
4058,600699,均胜电子,25.9,-2.04,-0.54,285655.0,730399265.0,3.25,26.06,25.2,25.93,26.44,1.07,2.11,26.89,2.52,40164957582.0,35095889380.0,0.0,0.0,-2.52,-17.41
4059,600167,联美控股,6.73,-2.04,-0.14,178505.0,120703236.0,3.35,6.91,6.68,6.85,6.87,1.32,0.79,21.03,1.4,15228916316.0,15228916316.0,0.0,0.0,-18.33,-4.27
4060,300553,集智股份,38.89,-2.04,-0.81,25028.0,96173259.79,3.38,39.22,37.88,39.15,39.7,1.0,2.97,101.91,5.07,4317639396.0,3276693362.0,0.05,0.1,8.81,-3.71
4061,300416,苏试试验,17.26,-2.04,-0.36,145583.0,249214587.06,3.46,17.49,16.88,17.3,17.62,0.81,2.88,41.97,3.3,8777535132.0,8718775843.0,0.0,0.0,11.21,-3.25
4062,600060,海信视像,22.09,-2.04,-0.46,121351.0,267542273.0,2.44,22.36,21.81,22.36,22.55,0.93,0.93,13.28,1.41,28826837091.0,28720727047.0,-0.05,0.05,-15.75,-9.02
4063,600053,九鼎投资,17.25,-2.04,-0.36,44179.0,75783675.0,2.95,17.47,16.95,17.47,17.61,0.84,1.02,-112.33,2.91,7478578800.0,7478578800.0,0.06,0.06,-8.24,-13.19
4064,920039,国义招标,11.02,-2.04,-0.23,12048.0,13281524.08,2.13,11.18,10.94,11.1,11.25,0.76,0.78,51.66,3.16,1695096400.0,1695095298.0,-0.09,0.27,-5.97,-1.96
4065,000957,中通客车,10.99,-2.05,-0.23,132255.0,145521588.18,2.41,11.18,10.91,11.08,11.22,0.71,2.23,17.65,2.09,6516014257.0,6516014257.0,0.0,0.09,0.83,-3.77
4066,600416,湘电股份,14.36,-2.05,-0.3,234350.0,334897695.0,2.05,14.44,14.14,14.42,14.66,0.75,1.77,79.24,2.19,21192235034.0,19032836550.0,0.07,0.0,8.05,-9.0
4067,600895,张江高科,37.77,-2.05,-0.79,244987.0,916273633.0,3.09,38.09,36.9,37.8,38.56,0.91,1.58,71.15,4.38,58494004304.0,58494004304.0,-0.03,-0.05,-4.65,-13.96
4068,002920,德赛西威,113.92,-2.05,-2.39,93243.0,1046406870.21,3.29,114.44,110.61,113.6,116.31,0.98,1.68,27.71,4.41,67992312865.0,63194666277.0,0.01,-0.04,5.0,-5.3
4069,600638,新黄浦,6.7,-2.05,-0.14,110741.0,73758030.0,2.78,6.77,6.58,6.74,6.84,0.98,1.64,24.72,0.98,4511758466.0,4511758466.0,0.3,0.45,13.75,3.55
4070,002945,华林证券,17.24,-2.05,-0.36,227105.0,391215245.08,2.67,17.52,17.05,17.25,17.6,0.54,0.84,79.33,6.47,46548000000.0,46548000000.0,0.0,-0.12,18.33,12.46
4071,002933,新兴装备,34.46,-2.05,-0.72,38480.0,132156385.81,4.46,35.27,33.7,34.6,35.18,0.76,3.37,104.16,2.64,4043881000.0,3931508560.0,0.0,0.09,4.68,-4.81
4072,002815,崇达技术,14.79,-2.05,-0.31,451813.0,651435246.29,5.23,14.9,14.11,14.75,15.1,1.2,5.81,43.65,2.04,18253098082.0,11493930387.0,0.0,0.0,11.12,8.27
4073,300935,盈建科,34.4,-2.05,-0.72,18118.0,62097022.2,4.56,35.1,33.5,34.78,35.12,0.7,3.01,-43.23,3.45,2732415392.0,2073413732.0,-0.09,-0.41,20.03,13.38
4074,603518,锦泓集团,9.08,-2.05,-0.19,100591.0,91324801.0,2.7,9.24,8.99,9.18,9.27,1.2,2.92,20.61,0.86,3135796015.0,3124191775.0,0.0,0.11,-8.0,-6.49
4075,920239,长虹能源,31.13,-2.05,-0.65,16354.0,50578576.56,2.67,31.5,30.65,31.5,31.78,0.88,0.91,22.8,5.19,5667969971.0,5585802460.0,0.16,0.19,-4.98,-4.22
4076,920304,迪尔化工,13.84,-2.05,-0.29,90028.0,129294438.02,8.49,14.96,13.76,14.75,14.13,1.18,6.6,39.23,4.26,2246065920.0,1888523803.0,-0.07,-0.43,2.75,1.39
4077,605108,同庆楼,17.59,-2.06,-0.37,29356.0,51624952.0,1.84,17.79,17.46,17.75,17.96,1.01,1.13,113.59,2.05,4573400000.0,4573400000.0,-0.06,0.17,-26.92,-8.48
4078,688265,南模生物,44.28,-2.06,-0.93,6232.0,27444290.0,3.89,45.27,43.51,45.27,45.21,0.94,0.8,106.45,1.96,3452224356.0,3452224356.0,-0.14,-0.38,10.15,7.97
4079,000987,越秀资本,9.05,-2.06,-0.19,403796.0,363632535.42,1.73,9.09,8.93,9.01,9.24,0.73,0.81,11.31,1.43,45405048781.0,45380547825.0,0.11,0.22,25.87,11.18
4080,603208,江山欧派,14.26,-2.06,-0.3,26132.0,37231020.0,2.75,14.5,14.1,14.39,14.56,0.74,1.47,-45.67,2.1,2526482331.0,2526482331.0,-0.07,0.0,-4.3,-1.99
4081,688217,睿昂基因,29.55,-2.06,-0.62,8606.0,25248732.0,3.71,29.97,28.85,29.87,30.17,0.96,1.54,-33.09,1.94,1650541727.0,1650541727.0,0.0,0.0,9.69,12.14
4082,300715,凯伦股份,13.76,-2.06,-0.29,86892.0,119766759.0,4.27,14.11,13.51,13.82,14.05,0.42,2.6,147.73,2.8,5202042717.0,4598026134.0,0.22,0.29,27.17,31.8
4083,000428,华天酒店,3.81,-2.06,-0.08,156315.0,59760525.0,2.83,3.89,3.78,3.86,3.89,0.8,1.53,-18.64,2.79,3882108060.0,3882108060.0,0.0,0.0,8.55,15.45
4084,300680,隆盛科技,44.24,-2.06,-0.93,62345.0,271315259.6,3.56,44.38,42.77,43.8,45.17,0.95,3.55,35.93,5.08,10074159291.0,7779079314.0,0.02,0.18,-3.95,-20.82
4085,920020,泰凯英,16.68,-2.06,-0.35,11913.0,19980174.03,2.17,16.98,16.61,16.98,17.03,0.75,2.16,21.24,3.2,3690450000.0,919083029.0,-0.06,-0.06,-2.63,-2.91
4086,000404,长虹华意,7.14,-2.06,-0.15,167736.0,120405202.78,2.06,7.26,7.11,7.24,7.29,1.26,2.42,9.81,1.17,4969411290.0,4946017744.0,0.14,0.42,2.73,5.47
4087,300991,创益通,57.17,-2.06,-1.2,42609.0,240598316.48,3.73,57.64,55.46,56.99,58.37,0.84,4.62,4052.81,12.9,8232480000.0,5267758140.0,0.44,0.46,48.8,35.54
4088,301678,新恒汇,66.67,-2.06,-1.4,20347.0,133572466.0,3.31,66.95,64.7,66.5,68.07,0.96,4.25,99.96,8.36,15971162985.0,3194232637.0,0.02,0.0,4.32,3.82
4089,002055,ST得润,6.19,-2.06,-0.13,191280.0,117804129.0,2.22,6.23,6.09,6.18,6.32,1.02,3.22,38.69,2.62,3741793205.0,3676798205.0,-0.32,0.0,-10.81,-8.16
4090,300506,ST名家汇,5.23,-2.06,-0.11,89205.0,46790632.0,3.18,5.38,5.21,5.3,5.34,0.74,1.21,-49.29,-213.77,7455870056.0,3842462763.0,0.0,-0.19,64.47,24.52
4091,603803,瑞斯康达,10.0,-2.06,-0.21,98793.0,97790868.0,3.04,10.06,9.75,10.06,10.21,0.96,2.33,-67.68,2.71,4248835570.0,4248835570.0,0.0,0.0,-9.75,-9.83
4092,000886,海南高速,6.19,-2.06,-0.13,187987.0,116258601.6,2.53,6.29,6.13,6.25,6.32,0.93,1.92,-431.86,2.02,6120847177.0,6052810399.0,0.0,0.0,-20.23,-9.77
4093,301026,浩通科技,32.1,-2.07,-0.68,77017.0,243020823.34,4.67,32.38,30.85,31.81,32.78,0.73,6.74,32.54,3.14,5080594983.0,3669323522.0,0.12,0.09,26.73,13.27
4094,300066,三川智慧,7.56,-2.07,-0.16,628660.0,463437789.32,4.66,7.58,7.22,7.45,7.72,0.87,6.25,40.98,3.01,7862651461.0,7604682231.0,0.0,0.27,16.49,21.35
4095,002888,惠威科技,20.3,-2.07,-0.43,21742.0,44046614.4,2.75,20.6,20.03,20.39,20.73,0.76,2.9,226.24,7.88,2997161264.0,1520937306.0,0.05,0.05,-4.92,3.62
4096,002564,天沃科技,7.1,-2.07,-0.15,120089.0,85265582.88,1.66,7.17,7.05,7.13,7.25,0.7,1.4,79.36,30.99,6098221787.0,6098221787.0,-0.14,0.0,-19.59,-7.79
4097,688162,巨一科技,32.15,-2.07,-0.68,18794.0,59630231.0,4.78,32.69,31.12,32.69,32.83,0.88,1.37,54.47,1.81,4407789916.0,4407789916.0,0.0,-0.16,9.73,4.38
4098,300373,扬杰科技,78.1,-2.07,-1.65,140338.0,1073123782.98,5.23,78.67,74.5,77.02,79.75,0.96,2.59,32.69,4.59,42435462165.0,42341747866.0,0.03,0.18,22.41,14.85
4099,600835,上海机电,24.62,-2.07,-0.52,91347.0,223090594.0,2.55,24.75,24.11,24.69,25.14,0.61,1.13,26.79,1.8,25179841763.0,19856135866.0,0.41,0.41,-14.51,-17.96
4100,600742,富维股份,10.41,-2.07,-0.22,145041.0,150907993.0,2.82,10.58,10.28,10.57,10.63,0.79,1.95,14.78,0.89,7735232531.0,7735232531.0,-0.19,-0.1,9.01,5.58
4101,688157,松井股份,38.31,-2.07,-0.81,25561.0,96454992.0,4.22,38.71,37.06,38.3,39.12,0.69,1.63,274.25,4.49,5992874675.0,5992874675.0,0.03,0.05,22.87,5.74
4102,600030,中信证券,25.88,-2.08,-0.55,1269465.0,3279905456.0,1.44,26.01,25.63,26.01,26.43,1.06,1.04,12.76,1.36,383555751935.0,315129139207.0,0.0,0.04,-3.65,-8.94
4103,920300,辰光医疗,13.66,-2.08,-0.29,14361.0,19654162.84,2.87,13.97,13.57,13.81,13.95,0.75,2.16,-19.31,7.01,1172671741.0,908822421.0,-0.07,-0.51,-3.19,-11.13
4104,300790,宇瞳光学,26.89,-2.08,-0.57,147477.0,392369964.47,3.28,27.06,26.16,26.62,27.46,0.84,4.54,40.14,3.88,10060059399.0,8729126265.0,-0.04,0.0,-5.88,-10.1
4105,000633,合金投资,7.54,-2.08,-0.16,120480.0,90690321.0,3.38,7.7,7.44,7.58,7.7,0.86,3.13,300.05,14.78,2903702052.0,2903680563.0,-0.13,0.0,-12.33,4.58
4106,002258,利尔化学,15.97,-2.08,-0.34,231039.0,370863444.36,5.89,16.71,15.75,16.22,16.31,1.08,2.89,26.7,1.62,12782982531.0,12762431010.0,0.38,0.38,20.62,22.38
4107,002516,旷达科技,6.13,-2.08,-0.13,190046.0,116017465.0,3.19,6.21,6.01,6.2,6.26,0.97,1.3,49.16,2.39,9016241121.0,8955584771.0,-0.16,0.0,-4.81,-6.98
4108,603600,永艺股份,10.83,-2.08,-0.23,36826.0,39935760.0,2.62,11.04,10.75,10.96,11.06,0.85,1.23,14.02,1.56,3578591231.0,3249411908.0,0.0,0.09,-17.27,-8.76
4109,600398,海澜之家,6.12,-2.08,-0.13,402731.0,247452388.0,2.4,6.25,6.1,6.21,6.25,0.78,0.84,11.84,1.63,29392954212.0,29392954212.0,-0.16,-0.16,-0.97,1.16
4110,601929,吉视传媒,3.29,-2.08,-0.07,1416045.0,459823453.0,4.17,3.33,3.19,3.32,3.36,1.36,4.06,-24.85,2.29,11481403073.0,11481403073.0,0.3,0.61,-9.12,-4.36
4111,301037,保立佳,16.02,-2.08,-0.34,30863.0,49528418.32,4.22,16.4,15.71,16.25,16.36,1.16,4.54,235.79,3.51,2227287610.0,1089324516.0,-0.8,0.0,6.3,11.25
4112,688670,金迪克,18.75,-2.09,-0.4,16993.0,31889538.0,2.3,18.99,18.55,18.83,19.15,1.01,1.38,-13.32,2.1,2310000000.0,2310000000.0,-0.53,-0.53,-38.52,-7.32
4113,688679,通源环境,42.7,-2.09,-0.91,28303.0,119694452.0,5.94,43.56,40.97,43.56,43.61,0.91,2.15,-140.01,5.11,5623149123.0,5623149123.0,0.09,-0.05,76.59,60.53
4114,301533,威马农机,34.6,-2.09,-0.74,10557.0,36561844.0,2.77,35.2,34.22,34.8,35.34,0.83,3.71,70.49,3.0,3401411820.0,983909820.0,0.0,0.03,-11.28,-14.59
4115,301049,超越科技,24.77,-2.09,-0.53,17117.0,42304564.0,3.68,25.19,24.26,24.91,25.3,0.81,4.0,-19.94,3.91,2334655083.0,1060808912.0,0.45,-0.08,11.43,15.32
4116,300127,银河磁体,35.19,-2.09,-0.75,91423.0,315683914.06,5.4,35.68,33.74,35.33,35.94,0.93,3.96,58.71,7.67,11371520408.0,8122419967.0,0.14,0.28,13.01,16.02
4117,603090,宏盛股份,69.84,-2.09,-1.49,24869.0,170672864.0,4.35,70.33,67.23,69.16,71.33,0.91,2.49,81.36,11.39,6984000000.0,6984000000.0,0.2,0.01,65.15,25.95
4118,002245,蔚蓝锂芯,17.37,-2.09,-0.37,514610.0,881525137.45,3.72,17.49,16.83,17.41,17.74,0.83,4.74,29.29,2.71,20041689028.0,18849304881.0,0.06,0.0,9.59,-2.42
4119,688443,智翔金泰-U,26.28,-2.09,-0.56,32544.0,85420919.0,2.57,26.65,25.96,26.57,26.84,0.95,2.79,-17.97,6.07,9636350400.0,3066350400.0,0.0,-0.04,-3.77,-3.52
4120,603129,春风动力,239.0,-2.09,-5.1,17409.0,412706182.0,3.61,242.33,233.51,239.31,244.1,1.06,1.14,19.32,5.06,36466061457.0,36466061457.0,0.15,0.0,-11.69,-14.24
4121,920305,*ST云创,7.96,-2.09,-0.17,48725.0,38916545.8,7.01,8.38,7.81,7.95,8.13,0.6,6.01,-6.69,2.22,1053713955.0,645562965.0,0.0,0.0,-29.12,-21.11
4122,601226,华电科工,11.2,-2.1,-0.24,557230.0,619502027.0,4.55,11.35,10.83,11.2,11.44,0.83,4.79,81.3,2.99,13016905440.0,13016905440.0,0.0,0.18,44.52,42.86
4123,001278,一彬科技,23.73,-2.1,-0.51,49330.0,117223488.81,5.28,24.55,23.27,24.24,24.24,0.77,5.78,-58.4,2.33,2936193582.0,2024427087.0,-0.25,0.59,20.46,22.7
4124,300611,美力科技,26.08,-2.1,-0.56,41051.0,106369000.83,4.05,26.63,25.55,26.31,26.64,0.8,2.77,35.36,4.48,5504827654.0,3867741718.0,0.0,-0.08,-3.37,-4.33
4125,603808,歌力思,9.78,-2.1,-0.21,60517.0,59341513.0,2.5,9.94,9.69,9.82,9.99,0.94,1.64,23.85,1.39,3609728347.0,3609728347.0,-0.1,0.1,10.38,14.79
4126,688448,磁谷科技,61.92,-2.1,-1.33,15456.0,94512181.0,3.42,62.31,60.15,62.31,63.25,0.79,3.22,444.36,4.38,4436710416.0,2970444816.0,0.58,0.68,47.85,27.75
4127,603062,麦加芯彩,48.88,-2.1,-1.05,7770.0,37855794.0,2.68,49.42,48.08,49.11,49.93,0.93,2.1,23.94,2.59,5279040000.0,1812133128.0,-0.02,0.0,8.69,3.41
4128,688433,华曙高科,98.33,-2.1,-2.11,39792.0,386635993.0,6.35,100.61,94.23,96.69,100.44,0.7,1.97,599.07,19.71,40725218104.0,19872917786.0,0.29,-0.06,63.28,48.6
4129,600563,法拉电子,115.37,-2.1,-2.48,67382.0,767686255.0,4.47,116.88,111.61,116.88,117.85,1.15,2.99,21.93,4.53,25958250000.0,25958250000.0,0.12,0.03,13.7,9.93
4130,920799,艾融软件,40.3,-2.11,-0.87,21737.0,86785394.29,2.74,40.63,39.5,40.01,41.17,0.85,1.8,129.48,20.35,8454136015.0,4864394211.0,0.0,-0.25,-14.47,-15.6
4131,301223,中荣股份,19.5,-2.11,-0.42,30076.0,58458065.22,3.41,19.9,19.22,19.9,19.92,1.32,2.69,21.34,1.27,3765987420.0,2184293670.0,0.0,0.15,4.39,6.15
4132,603816,顾家家居,33.0,-2.11,-0.71,64127.0,210443352.0,2.82,33.35,32.4,33.33,33.71,1.21,0.79,13.21,2.62,27107900127.0,26801485623.0,-0.21,-0.06,3.74,7.35
4133,920866,绿亨科技,8.8,-2.11,-0.19,54576.0,49105065.67,5.01,9.25,8.8,9.04,8.99,0.77,5.83,50.36,2.06,1585811920.0,823765686.0,0.0,-0.23,7.45,7.84
4134,600125,铁龙物流,6.49,-2.11,-0.14,302961.0,199221199.0,3.02,6.67,6.47,6.67,6.63,0.67,2.32,11.61,1.1,8472836962.0,8472836962.0,0.15,0.15,2.2,0.78
4135,600343,航天动力,34.41,-2.11,-0.74,374744.0,1283612032.0,4.21,35.2,33.72,34.09,35.15,0.59,5.87,-150.76,16.19,21960680435.0,21960680435.0,0.0,0.0,33.89,-29.73
4136,600981,苏豪汇鸿,3.24,-2.11,-0.07,284235.0,92200910.0,3.02,3.31,3.21,3.25,3.31,0.76,1.27,105.02,1.43,7265483542.0,7265483542.0,0.31,0.0,-10.74,3.18
4137,000045,深纺织Ａ,12.51,-2.11,-0.27,113171.0,141518262.99,3.76,12.82,12.34,12.55,12.78,0.82,2.48,79.95,2.13,6336588331.0,5717343331.0,0.0,0.0,2.12,2.37
4138,601083,锦江航运,12.09,-2.11,-0.26,242963.0,296736667.0,5.34,12.67,12.01,12.36,12.35,0.63,12.52,9.91,1.71,15645910800.0,2346910800.0,-0.08,-0.17,6.71,8.33
4139,000029,深深房Ａ,21.32,-2.11,-0.46,63046.0,133274043.58,4.91,21.77,20.7,21.58,21.78,0.99,0.71,111.47,5.89,21568591200.0,19010191200.0,-0.56,-0.19,-7.26,-3.18
4140,002819,东方中科,27.4,-2.11,-0.59,40482.0,108858743.0,4.36,27.57,26.35,27.3,27.99,1.22,1.72,-74.92,2.04,8209316740.0,6441172272.0,0.0,-0.07,4.26,0.33
4141,000410,沈阳机床,7.44,-2.11,-0.16,271401.0,200345146.02,3.03,7.53,7.3,7.53,7.6,0.92,1.61,12905.85,4.16,19709103187.0,12506014623.0,0.0,0.13,-0.93,4.06
4142,002736,国信证券,11.98,-2.12,-0.26,318554.0,382555438.89,1.23,12.08,11.93,12.05,12.24,0.87,0.33,10.07,1.26,122696081859.0,115156903936.0,-0.08,-0.08,-5.89,-7.99
4143,002221,东华能源,8.77,-2.12,-0.19,654280.0,597640687.42,8.04,9.49,8.77,9.4,8.96,0.79,4.48,137.7,1.24,13822640517.0,12811874732.0,0.0,-0.34,11.01,8.27
4144,300876,蒙泰高新,28.67,-2.12,-0.62,18651.0,53815753.46,3.79,29.49,28.38,29.31,29.29,1.2,2.3,-45.72,3.63,3116999648.0,2325277598.0,-0.31,0.0,-14.06,-18.71
4145,603630,拉芳家化,17.55,-2.12,-0.38,29503.0,51594714.0,3.23,17.88,17.3,17.85,17.93,0.73,1.31,236.04,2.07,3952340379.0,3952340379.0,0.06,0.23,-14.18,-9.35
4146,603709,中源家居,17.97,-2.12,-0.39,25661.0,46027781.0,3.43,18.31,17.68,18.19,18.36,1.14,2.05,-97.41,4.37,2265607284.0,2248213582.0,0.17,0.17,19.32,10.11
4147,300731,科创新源,70.08,-2.12,-1.52,116633.0,791020455.0,8.62,71.0,64.83,69.0,71.6,0.71,9.7,245.82,14.31,8860340824.0,8422157565.0,0.07,0.11,54.94,24.65
4148,600178,东安动力,11.98,-2.12,-0.26,52901.0,63360636.0,3.1,12.23,11.85,12.1,12.24,0.93,1.13,-1276.09,2.2,5588384409.0,5588384409.0,-0.08,-0.08,1.18,-6.33
4149,603377,ST东时,3.7,-2.12,-0.08,50774.0,18828901.0,2.12,3.76,3.68,3.76,3.78,0.66,0.71,-19.28,3.27,2645336974.0,2645336974.0,0.0,0.0,-5.61,-1.6
4150,600141,兴发集团,39.21,-2.12,-0.85,331273.0,1313096487.0,5.24,41.0,38.9,40.93,40.06,0.99,2.76,26.81,1.99,47120219793.0,47120219793.0,-0.05,-0.03,22.04,13.39
4151,000560,我爱我家,3.22,-2.13,-0.07,1040257.0,333104465.08,3.04,3.26,3.16,3.21,3.29,0.73,4.61,134.39,0.81,7584712740.0,7264121870.0,0.0,0.31,3.21,10.27
4152,688466,金科环境,18.4,-2.13,-0.4,19213.0,35395605.0,3.14,18.76,18.17,18.69,18.8,0.83,1.57,44.34,1.93,2247636397.0,2247636397.0,-0.16,-0.11,-2.8,13.09
4153,603069,海汽集团,19.75,-2.13,-0.43,56520.0,111191059.0,3.42,20.1,19.41,19.98,20.18,1.18,1.79,-97.29,7.71,6241000000.0,6241000000.0,0.1,0.0,-21.78,-27.26
4154,301068,大地海洋,28.53,-2.13,-0.62,10445.0,29682327.73,4.12,29.27,28.07,29.27,29.15,1.15,1.04,-172.72,5.1,4031738119.0,2875191347.0,0.18,0.18,-3.61,8.4
4155,002017,东信和平,21.17,-2.13,-0.46,160285.0,332969690.44,3.79,21.23,20.41,21.12,21.63,0.85,2.76,81.97,6.95,12287743514.0,12280418122.0,0.0,0.09,1.73,-5.07
4156,300154,瑞凌股份,8.75,-2.13,-0.19,61420.0,53824513.24,3.24,8.92,8.63,8.83,8.94,0.94,1.95,30.48,2.2,3933608009.0,2757003821.0,0.0,0.0,-5.1,-11.17
4157,603505,金石资源,20.55,-2.14,-0.45,160469.0,325898156.0,4.67,20.89,19.91,20.71,21.0,0.69,1.91,55.05,9.59,17296294107.0,17296294107.0,-0.1,0.1,12.73,10.01
4158,001216,华瓷股份,20.54,-2.14,-0.45,157881.0,324581842.43,4.48,21.18,20.24,20.99,20.99,1.03,6.43,20.53,2.86,5173342018.0,5043662707.0,0.0,0.15,22.04,20.05
4159,002721,金一文化,3.2,-2.14,-0.07,497802.0,158473070.0,2.75,3.24,3.15,3.24,3.27,0.93,1.87,-168.77,4.15,8510011568.0,8510011568.0,0.0,0.0,-2.74,1.59
4160,920027,交大铁发,20.16,-2.14,-0.44,8958.0,18120745.86,2.86,20.59,20.0,20.4,20.6,0.86,2.12,36.26,3.49,1596742560.0,850822560.0,-0.25,0.05,-11.5,-5.71
4161,301050,雷电微力,51.18,-2.14,-1.12,84507.0,427674095.27,3.37,51.48,49.72,51.42,52.3,0.6,4.02,60.54,4.05,12652318912.0,10766514786.0,0.0,0.04,12.68,-1.95
4162,688795,摩尔线程-U,568.5,-2.15,-12.5,18021.0,1012039091.0,3.55,571.99,551.38,570.03,581.0,0.82,6.13,-260.87,23.37,267211041365.0,16703886441.0,0.0,0.07,397.46,-3.3
4163,603167,渤海轮渡,9.54,-2.15,-0.21,110617.0,105733196.0,3.18,9.79,9.48,9.59,9.75,0.8,2.36,12.35,1.28,4475638559.0,4475638559.0,0.21,0.21,-4.89,1.17
4164,301528,多浦乐,62.68,-2.15,-1.38,8193.0,50706062.0,4.28,63.6,60.86,63.6,64.06,1.04,2.57,80.28,2.54,3879892000.0,1996355305.0,0.0,0.0,2.99,-7.82
4165,601298,青岛港,9.12,-2.15,-0.2,152227.0,140428431.0,3.11,9.38,9.09,9.35,9.32,0.75,0.28,10.62,1.3,59198832000.0,49175724000.0,-0.55,0.11,6.67,9.35
4166,301009,可靠股份,12.28,-2.15,-0.27,31237.0,38444567.0,2.63,12.51,12.18,12.39,12.55,0.88,2.07,89.47,2.5,3338440800.0,1854710144.0,0.08,-0.08,-7.74,-3.15
4167,688200,华峰测控,260.0,-2.15,-5.71,23443.0,604995729.0,3.91,262.6,252.2,256.0,265.71,0.92,1.73,65.46,8.63,35238638500.0,35238638500.0,0.39,-0.09,48.95,36.7
4168,002676,顺威股份,7.29,-2.15,-0.16,109865.0,79873293.1,2.95,7.4,7.18,7.4,7.45,0.87,1.53,67.02,4.03,5248800000.0,5248628386.0,0.0,0.0,-6.9,-11.53
4169,301383,天键股份,32.77,-2.15,-0.72,14560.0,47372604.0,2.63,33.06,32.18,33.06,33.49,0.79,2.06,-425.5,2.66,5353412064.0,2314028973.0,0.09,0.12,-14.88,-8.05
4170,300403,汉宇集团,12.72,-2.15,-0.28,124690.0,156608797.33,3.15,12.79,12.38,12.76,13.0,1.0,2.92,34.1,3.59,7670160000.0,5432248903.0,0.0,-0.08,-5.43,-11.73
4171,002449,国星光电,8.63,-2.15,-0.19,539805.0,461702513.93,2.61,8.67,8.44,8.55,8.82,1.78,8.73,128.64,1.39,5337457968.0,5337457968.0,0.12,0.47,-2.6,2.01
4172,605376,博迁新材,95.29,-2.15,-2.09,104292.0,972351981.0,6.2,96.4,90.36,92.82,97.38,0.88,3.99,123.34,15.13,24927864000.0,24927864000.0,-0.22,0.19,95.83,45.7
4173,002679,福建金森,11.82,-2.15,-0.26,61366.0,72048326.0,3.81,12.01,11.55,12.0,12.08,0.92,2.6,-88.4,3.8,2786635920.0,2786635920.0,0.0,-0.08,-14.29,0.51
4174,688716,中研股份,36.43,-2.15,-0.8,19131.0,68908810.0,3.84,36.84,35.41,36.84,37.23,0.92,2.74,373.6,3.74,4432802400.0,2547446803.0,-0.08,-0.11,2.39,-13.98
4175,920942,恒立钻具,29.42,-2.16,-0.65,24803.0,75331553.29,7.32,31.5,29.3,30.31,30.07,0.62,5.99,84.5,3.62,1804243282.0,1217292276.0,0.24,0.41,-6.01,-4.23
4176,300979,华利集团,46.18,-2.16,-1.02,15501.0,71919126.69,1.89,47.06,46.17,46.95,47.2,0.76,0.13,16.6,3.46,53892060000.0,53891588964.0,0.0,0.0,-27.05,-8.03
4177,605399,晨光新材,16.28,-2.16,-0.36,127911.0,207742204.0,3.91,16.58,15.93,16.5,16.64,1.5,4.11,-112.82,2.37,5082702740.0,5071664900.0,-0.43,-0.25,4.76,20.41
4178,600076,康欣新材,3.62,-2.16,-0.08,199266.0,71851314.0,2.7,3.66,3.56,3.62,3.7,0.72,1.48,-19.27,1.28,4867246989.0,4867246989.0,0.28,0.28,21.89,7.42
4179,920720,吉冈精密,13.11,-2.16,-0.29,13610.0,17898562.83,2.61,13.36,13.01,13.25,13.4,0.78,1.84,56.31,6.72,3458346944.0,970365138.0,-0.23,-0.15,-5.68,-6.69
4180,600621,华鑫股份,15.37,-2.16,-0.34,126105.0,193282394.0,1.72,15.47,15.2,15.44,15.71,0.77,1.19,24.19,1.82,16306022118.0,16306022118.0,0.0,0.0,1.39,0.85
4181,688680,海优新材,50.8,-2.16,-1.12,42460.0,213376621.0,4.68,51.84,49.41,50.83,51.92,1.03,5.05,-8.88,3.77,4268413663.0,4268413663.0,0.57,0.49,29.86,32.81
4182,920006,晟楠科技,26.77,-2.16,-0.59,26900.0,73042907.68,5.63,28.22,26.68,27.36,27.36,0.49,5.63,305.11,7.56,2416988344.0,1279528688.0,-0.07,-0.11,-0.93,-0.41
4183,920000,安徽凤凰,17.69,-2.16,-0.39,6686.0,11753054.31,4.04,18.05,17.32,17.87,18.08,0.87,1.16,23.87,2.45,1621819200.0,1018836533.0,0.17,0.4,-5.25,-8.48
4184,688539,高华科技,40.74,-2.16,-0.9,31363.0,126344052.0,3.53,40.98,39.51,40.0,41.64,0.94,2.99,124.47,4.32,7574380800.0,4266292800.0,-0.24,-0.05,14.53,-17.71
4185,001280,中国铀业,91.02,-2.17,-2.02,157253.0,1418084424.97,6.3,94.3,88.44,92.8,93.04,0.64,9.95,117.69,13.75,188245909074.0,14389102314.0,0.0,0.01,33.87,49.41
4186,300314,戴维医疗,13.96,-2.17,-0.31,36322.0,50862795.0,1.61,14.14,13.91,14.12,14.27,0.68,2.53,41.52,3.3,4020480000.0,2006630614.0,0.14,0.14,6.16,10.97
4187,600782,新钢股份,4.06,-2.17,-0.09,678311.0,275991983.0,2.89,4.14,4.02,4.09,4.15,0.8,2.16,26.93,0.49,12927129925.0,12771347725.0,0.0,-0.25,4.91,4.64
4188,600206,有研新材,22.95,-2.17,-0.51,408237.0,916598146.0,4.99,23.13,21.96,22.98,23.46,0.75,4.82,59.39,4.59,19428398969.0,19428398969.0,-0.04,0.04,16.5,12.89
4189,002199,*ST东晶,8.06,-2.18,-0.18,25780.0,20851405.0,3.4,8.3,8.02,8.24,8.24,0.88,1.06,-37.61,10.29,1962145446.0,1962145446.0,0.25,0.37,-11.14,-5.06
4190,688138,清溢光电,28.26,-2.18,-0.63,47414.0,131170895.0,4.47,28.43,27.14,28.02,28.89,0.81,1.51,47.53,3.2,8896248000.0,8896248000.0,-0.07,-0.14,1.51,0.36
4191,002584,西陇科学,8.53,-2.18,-0.19,173046.0,147226392.5,3.21,8.69,8.41,8.61,8.72,0.91,3.69,-60.55,2.23,4991896080.0,3995678275.0,0.24,0.24,-7.98,-7.38
4192,301592,六九一二,121.78,-2.18,-2.71,12540.0,154375406.55,3.06,125.59,121.78,125.2,124.49,0.68,5.37,-284.13,9.72,8524600000.0,2844588875.0,-0.02,-0.27,4.1,-0.34
4193,301290,东星医疗,27.38,-2.18,-0.61,13682.0,37560517.95,2.61,27.88,27.15,27.61,27.99,0.85,2.01,-38.67,1.29,2742745885.0,1866313892.0,-0.11,-0.07,4.38,8.35
4194,600727,鲁北化工,8.09,-2.18,-0.18,374741.0,308298281.0,4.59,8.45,8.07,8.44,8.27,0.75,7.09,73.92,1.33,4276237562.0,4276237562.0,0.0,0.12,14.59,18.27
4195,600325,华发股份,4.04,-2.18,-0.09,458466.0,185108004.0,2.18,4.09,4.0,4.07,4.13,0.84,1.67,81.51,0.59,11118694549.0,11118694549.0,0.0,0.0,-10.82,-4.27
4196,002420,毅昌科技,8.06,-2.18,-0.18,107570.0,86419467.0,2.31,8.15,7.96,8.15,8.24,0.86,2.69,65.29,5.38,3314997400.0,3220448361.0,0.12,0.12,12.1,4.81
4197,300087,荃银高科,8.96,-2.18,-0.2,434285.0,400945776.51,7.1,9.59,8.94,9.46,9.16,0.72,4.85,-35.36,4.87,8488092489.0,8025226218.0,0.0,-0.11,-22.69,-23.29
4198,301190,善水科技,24.22,-2.18,-0.54,34067.0,82162974.75,4.28,24.69,23.63,24.42,24.76,0.7,2.14,46.31,2.66,5198496030.0,3859553880.0,0.08,0.08,10.8,14.19
4199,002855,捷荣技术,13.0,-2.18,-0.29,51462.0,66752632.52,3.01,13.2,12.8,13.1,13.29,0.47,2.09,-8.48,9.8,3203455866.0,3200954016.0,0.0,0.0,-33.88,-20.63
4200,920075,柏星龙,24.65,-2.18,-0.55,7089.0,17491910.2,3.1,25.15,24.37,24.83,25.2,0.67,2.03,69.04,3.99,1597689750.0,859763998.0,0.0,-0.08,-8.77,-6.98
4201,000981,山子高科,4.47,-2.19,-0.1,4310247.0,1898974228.24,3.72,4.5,4.33,4.5,4.57,0.9,4.53,76.73,26.55,44688694869.0,42524701736.0,0.0,0.0,35.05,7.45
4202,300564,筑博设计,16.1,-2.19,-0.36,31593.0,50907484.8,3.04,16.41,15.91,16.21,16.46,1.01,2.79,-128.54,2.15,2597174720.0,1822387175.0,0.31,0.37,2.22,2.22
4203,920106,林泰新材,70.65,-2.19,-1.58,4474.0,31633504.38,3.14,72.34,70.07,71.38,72.23,0.65,1.02,28.29,6.91,3998330775.0,3084217131.0,0.28,0.23,-14.13,-10.23
4204,300976,达瑞电子,56.6,-2.19,-1.27,16795.0,94026430.22,3.16,56.86,55.03,56.68,57.87,0.95,1.95,24.64,2.14,7590298626.0,4877633595.0,0.05,0.04,-4.63,-5.78
4205,002523,天桥起重,4.46,-2.19,-0.1,343830.0,152869595.5,2.63,4.52,4.4,4.46,4.56,0.83,2.44,55.62,2.52,6318217968.0,6295480366.0,0.22,0.0,9.31,3.96
4206,002701,奥瑞金,5.33,-2.2,-0.12,327246.0,174612581.84,2.2,5.41,5.29,5.4,5.45,0.78,1.28,9.51,1.39,13643523300.0,13630972706.0,-0.37,-0.19,-9.2,-10.42
4207,603822,ST嘉澳,115.4,-2.2,-2.59,23184.0,276633316.0,7.16,123.0,114.55,122.0,117.99,1.13,3.02,-262.13,19.85,8865707244.0,8865707244.0,0.0,-0.17,32.96,19.6
4208,688608,恒玄科技,184.94,-2.2,-4.16,30253.0,550736550.0,3.33,185.83,179.54,185.41,189.1,0.98,1.79,53.04,4.43,31198219351.0,31198219351.0,-0.03,-0.03,-19.09,-18.51
4209,300817,双飞集团,19.53,-2.2,-0.44,23530.0,46088945.0,2.05,19.83,19.42,19.75,19.97,0.72,1.88,69.48,4.19,4263364627.0,2446352271.0,0.0,0.0,3.83,-7.92
4210,688726,拉普拉斯,61.9,-2.2,-1.39,135448.0,823376628.0,5.37,62.5,59.1,61.5,63.29,0.75,6.16,40.99,6.17,25089691099.0,13613324941.0,0.0,0.08,55.14,71.94
4211,000798,中水渔业,11.11,-2.2,-0.25,265799.0,297468665.71,4.75,11.49,10.95,11.17,11.36,0.61,7.27,57.08,9.93,4064690290.0,4064440315.0,0.0,0.18,-10.98,5.01
4212,300132,青松股份,9.33,-2.2,-0.21,195670.0,181678632.0,3.25,9.44,9.13,9.4,9.54,0.85,3.85,32.64,3.42,4819699666.0,4740398380.0,-0.11,-0.21,24.73,7.12
4213,002600,领益智造,14.16,-2.21,-0.32,994260.0,1393787919.31,2.49,14.24,13.88,14.24,14.48,1.01,1.38,39.97,4.45,103472047397.0,101935774028.0,0.0,0.0,-3.8,-8.88
4214,688522,纳睿雷达,38.1,-2.21,-0.86,33427.0,126734478.0,3.75,38.91,37.45,38.81,38.96,0.57,2.72,106.43,5.0,11544132589.0,4689995929.0,0.03,-0.05,-1.55,-4.58
4215,002190,成飞集成,34.5,-2.21,-0.78,50919.0,175891606.47,2.24,35.14,34.35,35.14,35.28,0.5,1.42,-268.93,2.36,12376162334.0,12376162334.0,-0.03,-0.03,-9.92,-6.96
4216,300354,东华测试,38.85,-2.21,-0.88,25076.0,96379408.1,3.5,39.28,37.89,39.28,39.73,0.91,3.08,39.81,6.53,5373739809.0,3158838877.0,-0.03,-0.05,-11.22,-14.62
4217,600722,金牛化工,13.23,-2.22,-0.3,1959088.0,2773070114.0,12.49,14.88,13.19,14.88,13.53,1.69,28.8,187.36,7.29,9000629313.0,9000629313.0,-0.08,-0.53,113.04,122.73
4218,688563,航材股份,67.94,-2.22,-1.54,37597.0,254774278.0,2.84,68.77,66.8,68.1,69.48,0.59,3.21,57.02,2.94,30573000000.0,7948232184.0,0.34,0.0,25.93,16.24
4219,688219,会通股份,11.47,-2.22,-0.26,100518.0,114204330.0,3.07,11.6,11.24,11.58,11.73,0.97,1.83,30.65,2.1,6303912000.0,6303912000.0,0.09,0.09,-2.8,-7.65
4220,603297,永新光学,116.74,-2.22,-2.65,16574.0,191131302.0,3.44,117.45,113.34,117.0,119.39,1.0,1.5,64.31,6.48,12950750358.0,12926515134.0,0.15,0.46,20.97,10.86
4221,920149,旭杰科技,11.47,-2.22,-0.26,6522.0,7525128.41,3.41,11.77,11.37,11.73,11.73,0.83,1.03,-21.48,7.4,877262075.0,725454594.0,0.53,-0.09,-4.02,-0.86
4222,600288,大恒科技,15.43,-2.22,-0.35,79314.0,121974289.0,3.11,15.65,15.16,15.61,15.78,0.82,1.82,73.54,3.54,6739824000.0,6739824000.0,0.0,0.0,2.59,3.0
4223,002281,光迅科技,78.33,-2.22,-1.78,645191.0,4852562082.8,8.15,78.86,72.33,77.95,80.11,0.98,8.28,65.91,6.46,63186911654.0,61056461530.0,0.04,-0.09,29.54,11.98
4224,688583,思看科技,138.0,-2.22,-3.13,17787.0,242464186.0,4.24,139.98,134.0,137.49,141.13,0.73,5.77,127.76,10.38,12199200000.0,4250874996.0,0.44,0.41,50.2,48.08
4225,300915,海融科技,25.91,-2.23,-0.59,16267.0,42439301.9,2.53,26.55,25.88,26.2,26.5,0.96,2.82,-157.73,2.12,3260495434.0,1492475282.0,0.12,0.04,-4.64,9.09
4226,002394,联发股份,15.36,-2.23,-0.35,98733.0,150687360.0,3.12,15.54,15.05,15.28,15.71,0.56,3.05,14.15,1.15,4972032000.0,4965666908.0,0.33,0.0,21.14,-3.15
4227,600854,春兰股份,5.25,-2.23,-0.12,105814.0,55999073.0,1.86,5.35,5.25,5.35,5.37,1.09,2.04,17.02,1.11,2727157325.0,2727157325.0,-0.38,-0.38,-1.87,5.21
4228,002110,三钢闽光,4.38,-2.23,-0.1,340540.0,149305164.5,3.13,4.47,4.33,4.44,4.48,0.93,1.4,43.39,0.54,10639353874.0,10639353874.0,0.0,0.23,-7.01,-0.23
4229,002484,江海股份,31.19,-2.23,-0.71,335520.0,1009181027.52,7.68,31.56,29.11,31.0,31.9,1.1,4.09,37.2,4.32,26527841720.0,25590529945.0,-0.06,0.03,17.65,5.02
4230,300994,久祺股份,15.35,-2.23,-0.35,43545.0,66725083.03,3.57,15.7,15.14,15.43,15.7,1.26,3.73,20.75,2.99,3577900800.0,1790792400.0,0.07,0.13,-4.72,-2.79
4231,605128,上海沿浦,35.12,-2.23,-0.8,17331.0,60673941.0,2.92,35.72,34.67,35.72,35.92,0.86,0.82,43.94,3.56,7415191355.0,7415191355.0,0.0,-0.06,-3.2,-4.72
4232,002452,长高电新,11.81,-2.24,-0.27,818353.0,942300498.02,5.05,11.82,11.21,11.4,12.08,1.59,15.86,27.11,2.82,7326121924.0,6092835570.0,0.17,0.94,50.06,43.5
4233,002003,伟星股份,10.04,-2.24,-0.23,131898.0,133027581.2,2.73,10.28,10.0,10.2,10.27,0.93,1.29,18.6,2.61,11936452116.0,10261892715.0,-0.1,0.0,-9.47,-5.28
4234,688172,燕东微,38.91,-2.24,-0.89,143278.0,551190589.0,4.52,39.36,37.56,37.75,39.8,0.71,1.84,-141.76,3.03,55548620154.0,30292640626.0,0.0,-0.08,63.83,34.45
4235,002782,可立克,24.88,-2.24,-0.57,168803.0,413422406.83,5.42,25.1,23.72,24.99,25.45,1.02,3.47,39.84,5.76,12339584643.0,12104149856.0,0.08,-0.04,42.42,37.0
4236,300474,景嘉微,66.01,-2.24,-1.51,96906.0,634521027.31,3.02,66.6,64.56,66.49,67.52,0.71,2.38,-356.71,4.95,34498094910.0,26831357585.0,-0.02,-0.02,-7.26,-8.15
4237,002434,万里扬,8.74,-2.24,-0.2,168376.0,146077850.7,3.02,8.82,8.55,8.8,8.94,0.77,1.28,25.25,1.93,11472124000.0,11461120777.0,0.0,0.11,-0.11,-8.29
4238,300791,仙乐健康,20.55,-2.24,-0.47,21875.0,44914453.01,2.95,20.94,20.32,20.87,21.02,1.01,0.85,18.22,2.58,6321892325.0,5271586695.0,0.24,0.1,-13.29,-20.53
4239,002262,恩华药业,22.68,-2.24,-0.52,76207.0,173477156.46,2.07,23.1,22.62,23.01,23.2,1.19,0.86,15.62,2.84,23038039702.0,20047044236.0,0.0,0.04,-7.24,-6.01
4240,002172,澳洋健康,4.37,-2.24,-0.1,281713.0,123602291.0,2.68,4.47,4.35,4.39,4.47,0.99,3.68,62.56,19.16,3346250413.0,3344238553.0,0.46,0.46,1.63,10.08
4241,600072,中船科技,13.02,-2.25,-0.3,282706.0,367725231.0,3.38,13.31,12.86,13.16,13.32,0.91,2.61,-10.22,2.02,19538459211.0,14105051854.0,0.08,0.08,7.96,12.05
4242,002829,星网宇达,26.5,-2.25,-0.61,67429.0,177391176.64,4.24,26.94,25.79,26.71,27.11,0.75,4.62,107.63,3.2,5506948941.0,3870297016.0,0.0,-0.15,-4.26,-15.66
4243,002021,中捷资源,3.47,-2.25,-0.08,521418.0,178025801.22,5.07,3.52,3.34,3.46,3.55,0.77,4.36,2551.01,6.67,4148306311.0,4148169482.0,0.29,0.0,30.94,40.49
4244,603578,三星新材,15.18,-2.25,-0.35,69679.0,104307147.0,3.93,15.25,14.64,15.23,15.53,0.75,3.86,-54.34,2.79,2737819746.0,2737819746.0,0.0,0.26,19.53,25.66
4245,002393,力生制药,21.7,-2.25,-0.5,51321.0,112145296.0,2.66,22.19,21.6,22.01,22.2,1.06,2.05,13.36,1.21,5589634493.0,5431463714.0,0.05,0.05,7.43,1.35
4246,300049,福瑞医科,55.71,-2.25,-1.28,53522.0,296998666.56,3.25,56.66,54.81,55.65,56.99,0.56,2.29,98.95,7.75,14761807389.0,13008359763.0,0.02,0.02,-16.83,-20.88
4247,002984,森麒麟,19.09,-2.25,-0.44,141968.0,270491441.9,2.36,19.36,18.9,19.22,19.53,1.09,1.99,14.61,1.46,19776961821.0,13623387008.0,0.0,-0.05,-8.79,-9.83
4248,920765,美之高,17.38,-2.25,-0.4,8784.0,15350811.41,3.94,17.94,17.24,17.82,17.78,0.73,1.66,-225.74,4.94,1510670938.0,917787468.0,0.12,0.06,-32.87,-16.24
4249,000564,供销大集,2.17,-2.25,-0.05,1973620.0,429479295.68,1.8,2.2,2.16,2.19,2.22,0.96,1.34,406.18,2.49,39185997478.0,31931587072.0,-0.46,0.0,-13.2,-13.2
4250,002374,中锐股份,3.48,-2.25,-0.08,288477.0,100146393.18,3.65,3.55,3.42,3.53,3.56,0.75,2.66,-29.99,4.48,3776528305.0,3776528305.0,0.29,0.29,2.05,-3.33
4251,920124,南特科技,17.29,-2.26,-0.4,20464.0,35401117.8,1.75,17.5,17.19,17.48,17.69,1.02,2.67,25.27,2.43,2571599016.0,1323228062.0,0.0,0.17,-9.33,-5.05
4252,920436,大地电气,16.0,-2.26,-0.37,8095.0,12974687.33,4.4,16.5,15.78,16.33,16.37,0.96,0.91,-137.25,3.93,1511616000.0,1421890416.0,0.19,0.19,-16.14,-7.73
4253,002625,光启技术,44.92,-2.26,-1.04,263102.0,1167304781.1,3.15,45.2,43.75,45.19,45.96,0.99,1.22,119.81,10.14,96784086761.0,96783660021.0,-0.07,0.13,-8.64,-7.88
4254,688008,澜起科技,148.18,-2.26,-3.43,365598.0,5283916931.0,5.57,149.28,140.83,145.0,151.61,1.04,3.19,81.01,13.15,181105599112.0,169877481882.0,-0.11,-0.11,25.47,25.79
4255,002011,盾安环境,13.0,-2.26,-0.3,170969.0,221554392.4,2.56,13.17,12.83,13.17,13.3,0.98,1.61,13.63,2.18,13970802807.0,13774270978.0,-0.15,0.0,4.17,2.52
4256,688486,龙迅股份,67.85,-2.26,-1.57,16343.0,109105058.0,3.85,68.27,65.6,67.0,69.42,0.69,1.23,52.62,5.76,9046283224.0,9045734928.0,-0.18,-0.18,-7.22,-8.69
4257,002102,能特科技,3.46,-2.26,-0.08,383822.0,132733030.0,2.82,3.52,3.42,3.5,3.54,0.77,1.77,14.19,2.58,8565668693.0,7518178585.0,0.0,0.29,-1.14,3.9
4258,688399,硕世生物,58.37,-2.26,-1.35,12283.0,71484749.0,3.87,59.5,57.19,59.39,59.72,0.86,1.46,-123.28,1.67,4895592355.0,4895592355.0,0.0,-0.12,-15.88,-14.79
4259,301419,阿莱德,36.22,-2.27,-0.84,43495.0,156067231.2,4.53,36.8,35.12,36.35,37.06,1.29,5.48,62.4,4.58,4346400000.0,2873209452.0,-0.11,0.03,14.98,6.91
4260,300893,松原安全,23.2,-2.27,-0.54,23260.0,53476360.4,2.65,23.33,22.7,23.19,23.74,0.87,0.93,31.29,4.05,10973629371.0,5820255943.0,-0.13,-0.13,0.91,-1.86
4261,600496,精工钢构,4.3,-2.27,-0.1,382404.0,165516473.0,2.73,4.41,4.29,4.37,4.4,1.63,1.92,10.88,0.93,8557537350.0,8557537350.0,-0.23,0.23,-0.23,3.61
4262,000797,中国武夷,3.02,-2.27,-0.07,289114.0,87427953.96,3.24,3.09,2.99,3.05,3.09,0.93,1.84,-24.1,0.94,4743677735.0,4743128856.0,0.33,0.0,-17.71,-23.16
4263,920701,豪声电子,17.26,-2.27,-0.4,9200.0,15812818.96,3.17,17.53,16.97,17.46,17.66,0.9,0.92,33.21,2.8,2368072000.0,1729576962.0,0.0,0.23,-18.58,-5.37
4264,600963,岳阳林纸,5.99,-2.28,-0.14,611787.0,360901304.0,5.87,6.07,5.71,6.05,6.13,0.71,3.48,48.71,1.32,10527831445.0,10527831445.0,0.17,-0.17,37.07,28.27
4265,920505,九菱科技,45.34,-2.28,-1.06,10021.0,45171287.06,3.23,45.8,44.3,45.01,46.4,0.58,2.78,166.84,8.74,2941102878.0,1636465280.0,-0.35,-0.15,-3.92,4.52
4266,002956,西麦食品,26.52,-2.28,-0.62,25297.0,66951447.68,3.54,26.96,26.0,26.82,27.14,1.07,1.13,33.62,3.79,5920507390.0,5919908463.0,0.0,-0.23,8.56,-5.69
4267,002402,和而泰,32.62,-2.28,-0.76,317720.0,1022564585.98,4.07,33.0,31.64,33.0,33.38,1.17,3.91,37.52,5.74,30161700857.0,26540216028.0,0.0,0.0,-32.83,-16.62
4268,600715,文投控股,2.14,-2.28,-0.05,438712.0,94032903.0,1.83,2.17,2.13,2.17,2.19,0.98,1.53,1771.77,7.74,8688086490.0,6125476596.0,-0.47,0.0,-12.3,-1.83
4269,603995,甬金股份,18.88,-2.28,-0.44,52304.0,98437900.0,3.05,19.18,18.59,19.18,19.32,0.83,1.43,11.51,1.21,6902865858.0,6902865858.0,0.27,0.21,9.13,4.42
4270,300960,通业科技,25.69,-2.28,-0.6,13617.0,34839685.2,3.12,26.05,25.23,26.02,26.29,0.65,1.04,104.57,6.15,3710773168.0,3362262628.0,0.16,0.12,5.72,2.03
4271,301617,博苑股份,63.14,-2.28,-1.47,15059.0,94559804.56,4.04,64.47,61.86,63.58,64.61,0.84,2.84,47.78,5.0,8438029600.0,3348945600.0,0.16,0.14,-18.19,-18.81
4272,601187,厦门银行,7.3,-2.28,-0.17,196744.0,144763063.0,4.02,7.54,7.24,7.48,7.47,0.77,0.75,7.31,0.73,19265633582.0,19223674672.0,0.0,0.0,-1.75,-0.54
4273,002511,中顺洁柔,8.59,-2.28,-0.2,254478.0,217841966.08,2.28,8.67,8.47,8.66,8.79,0.92,2.01,36.0,2.01,11049985414.0,10866484073.0,0.0,0.12,2.38,0.35
4274,688665,四方光电,48.58,-2.29,-1.14,8829.0,42466550.0,3.24,49.01,47.4,49.01,49.72,0.88,0.88,37.1,4.23,4884881306.0,4884881306.0,0.02,-0.31,1.91,-0.39
4275,000737,北方铜业,16.19,-2.29,-0.38,695344.0,1109374804.01,3.56,16.25,15.66,16.1,16.57,0.72,3.65,33.56,4.63,30837359083.0,30834472810.0,0.0,0.12,11.04,5.2
4276,600619,海立股份,17.9,-2.29,-0.42,210035.0,372570095.0,3.17,18.03,17.45,18.03,18.32,1.03,2.66,260.42,3.14,19212864867.0,14126228884.0,0.0,0.0,-12.17,-15.17
4277,301376,致欧科技,17.06,-2.29,-0.4,38451.0,65125175.04,3.55,17.32,16.7,17.18,17.46,1.23,1.99,18.95,2.01,6866120714.0,3303547430.0,0.06,0.18,-9.3,-5.59
4278,920870,恒进感应,16.24,-2.29,-0.38,11352.0,18374787.25,3.79,16.65,16.02,16.42,16.62,1.09,1.72,131.19,4.8,2176160000.0,1071887096.0,0.56,0.5,-8.14,-7.41
4279,002910,庄园牧场,11.94,-2.29,-0.28,68008.0,81369827.74,3.11,12.19,11.81,12.07,12.22,0.95,3.98,-36.15,2.24,2334739803.0,2042479683.0,0.08,0.25,6.32,7.47
4280,300224,正海磁材,16.66,-2.29,-0.39,388169.0,630351934.12,5.4,16.74,15.82,16.71,17.05,1.12,4.19,51.02,3.06,15505468947.0,15417777371.0,-0.12,0.06,11.44,7.76
4281,301517,陕西华达,59.42,-2.29,-1.39,37315.0,219296441.73,3.96,60.06,57.65,59.79,60.81,0.63,3.8,-471.13,6.71,8986525120.0,5832493694.0,0.03,0.03,23.82,-14.48
4282,920058,华洋赛车,29.72,-2.3,-0.7,3376.0,10126577.92,3.32,30.57,29.56,30.42,30.42,0.82,1.22,33.22,4.8,1665987589.0,820105211.0,-0.07,0.03,-6.54,-14.55
4283,688239,航宇科技,73.49,-2.3,-1.73,74686.0,535253577.0,5.52,73.95,69.8,72.03,75.22,0.75,3.92,75.36,7.0,14009401713.0,14009401713.0,-0.04,-0.28,41.63,8.6
4284,600234,科新发展,13.59,-2.3,-0.32,18647.0,25350597.0,4.03,13.94,13.38,13.82,13.91,0.77,0.71,86.06,7.14,3567660023.0,3567660023.0,0.0,0.0,16.15,5.76
4285,301112,信邦智能,34.89,-2.3,-0.82,11939.0,41619290.0,2.58,35.42,34.5,35.4,35.71,0.99,1.08,802.85,3.18,3847201674.0,3847201674.0,-0.03,-0.11,-5.19,-11.42
4286,301360,荣旗科技,75.34,-2.3,-1.77,18234.0,135189501.0,4.6,76.12,72.57,76.0,77.11,1.08,7.16,577.08,3.48,4018635600.0,1918156400.0,0.01,0.79,8.37,6.26
4287,600388,龙净环保,19.5,-2.3,-0.46,188019.0,364369874.0,3.66,19.8,19.07,19.71,19.96,0.94,1.48,23.8,2.33,24765902714.0,24765902714.0,-0.05,0.05,24.28,19.56
4288,600399,抚顺特钢,7.23,-2.3,-0.17,992405.0,710762605.0,4.73,7.37,7.02,7.28,7.4,0.7,5.03,-19.46,2.47,14258283000.0,14258283000.0,0.0,0.0,37.45,23.8
4289,605389,长龄液压,71.05,-2.3,-1.67,7781.0,54931611.0,3.86,72.5,69.69,72.25,72.72,0.7,0.57,69.51,4.86,10237386324.0,9681753298.0,0.21,0.11,8.91,-8.91
4290,603607,京华激光,22.12,-2.3,-0.52,37055.0,81607188.0,3.53,22.54,21.74,22.48,22.64,1.04,2.08,40.32,3.91,3948791616.0,3948791616.0,0.05,0.0,-13.36,-18.97
4291,600885,宏发股份,32.27,-2.3,-0.76,402364.0,1287570864.0,4.03,32.69,31.36,32.08,33.03,1.34,2.6,25.48,4.66,49940868481.0,49940868481.0,0.0,0.0,14.64,6.15
4292,605588,冠石科技,53.62,-2.31,-1.27,16588.0,87773491.0,5.05,54.8,52.03,53.35,54.89,0.88,2.27,-156.66,3.85,3929031291.0,3919598461.0,0.0,-0.13,5.7,6.2
4293,300748,金力永磁,35.14,-2.31,-0.83,415748.0,1431559855.11,4.78,35.39,33.67,35.06,35.97,0.93,3.68,70.33,6.86,48338207897.0,39731897467.0,0.0,0.09,2.57,3.02
4294,603296,华勤技术,84.2,-2.31,-1.99,107992.0,894408482.0,4.03,84.65,81.18,84.3,86.19,1.24,1.89,20.7,3.44,85524663365.0,48093226332.0,0.0,0.07,-4.78,-7.21
4295,300522,世名科技,11.83,-2.31,-0.28,32818.0,38799308.0,2.89,12.03,11.68,11.9,12.11,0.69,1.25,154.81,4.74,3814601328.0,3112539496.0,-0.17,-0.08,-10.11,-5.96
4296,605133,嵘泰股份,28.33,-2.31,-0.67,45274.0,127220035.0,3.24,28.65,27.71,28.65,29.0,1.07,1.6,40.55,2.13,8010850076.0,7992406113.0,0.04,0.07,-21.06,-17.38
4297,603275,众辰科技,43.45,-2.32,-1.03,21220.0,90771780.0,3.82,43.85,42.15,43.85,44.48,1.05,5.11,34.61,2.21,6464136926.0,1804737592.0,0.02,0.02,6.0,-4.67
4298,002971,和远气体,32.4,-2.32,-0.77,55053.0,175490985.2,5.79,32.94,31.02,32.8,33.17,0.96,3.42,89.17,4.3,6860862000.0,5216547290.0,0.19,0.34,1.09,8.43
4299,920914,远航精密,25.68,-2.32,-0.61,17789.0,44821751.75,4.98,26.0,24.69,26.0,26.29,1.03,1.79,46.07,2.65,2557676640.0,2555654340.0,0.04,0.35,0.23,-2.73
4300,000679,大连友谊,7.15,-2.32,-0.17,53178.0,38174701.0,3.01,7.32,7.1,7.21,7.32,0.88,1.49,-33.47,12.91,2548260000.0,2548260000.0,-0.14,0.0,-14.58,0.42
4301,000668,*ST荣控,14.32,-2.32,-0.34,18853.0,27225145.4,3.89,14.77,14.2,14.7,14.66,0.95,1.28,-57.55,2.98,2102775865.0,2102775865.0,0.07,0.07,23.98,45.82
4302,603929,亚翔集成,132.11,-2.32,-3.14,39665.0,512467031.0,4.58,132.8,126.6,130.01,135.25,0.98,1.86,47.78,15.1,28186989600.0,28186989600.0,0.02,-0.02,90.77,38.34
4303,600503,华丽家族,2.53,-2.32,-0.06,282249.0,71500099.0,2.7,2.58,2.51,2.58,2.59,0.85,1.76,-116.68,1.14,4053793700.0,4053793700.0,-0.39,0.4,-12.76,-5.6
4304,600469,风神股份,7.12,-2.33,-0.17,117454.0,83775782.0,4.12,7.31,7.01,7.22,7.29,0.88,1.61,21.25,1.47,6337047861.0,5193690202.0,-0.14,0.0,3.04,2.59
4305,920895,花溪科技,18.88,-2.33,-0.45,7388.0,14007458.16,3.78,19.42,18.69,19.27,19.33,0.77,2.57,-257.72,5.5,1067173120.0,542552672.0,0.43,0.05,-8.84,-7.72
4306,002040,南 京 港,10.92,-2.33,-0.26,448702.0,504223367.0,7.96,11.78,10.89,11.59,11.18,0.68,9.23,29.35,1.56,5328381076.0,5307943859.0,0.0,0.09,6.74,10.86
4307,301603,乔锋智能,69.3,-2.33,-1.65,18780.0,129244713.32,2.68,69.8,67.9,69.8,70.95,1.03,4.98,24.4,3.5,8368668000.0,2614862250.0,-0.14,-0.17,0.96,-8.33
4308,300293,蓝英装备,18.79,-2.34,-0.45,52796.0,98191244.44,3.69,18.98,18.27,18.98,19.24,1.2,1.88,-151.84,6.8,6359252012.0,5267511880.0,0.05,0.0,-14.94,-11.03
4309,920225,利通科技,25.5,-2.34,-0.61,31672.0,83129015.4,8.08,27.5,25.39,26.3,26.11,0.58,3.83,39.26,4.43,3236431797.0,2110944927.0,0.04,0.16,-16.12,-20.44
4310,000825,太钢不锈,5.01,-2.34,-0.12,772766.0,385462422.15,3.7,5.11,4.92,5.07,5.13,0.82,1.36,37.68,0.86,28538201458.0,28538201458.0,0.2,0.2,14.65,2.45
4311,603122,合富中国,16.68,-2.34,-0.4,125721.0,209217790.0,3.81,17.06,16.41,16.9,17.08,0.66,3.16,-402.03,6.01,6639517918.0,6639517918.0,-0.12,-0.12,-27.48,-31.64
4312,920029,开发科技,85.54,-2.35,-2.06,7091.0,60710148.39,1.93,86.5,84.81,86.5,87.6,0.86,1.84,16.81,3.18,11880365495.0,3292149495.0,-0.05,-0.06,-6.51,-6.7
4313,002991,甘源食品,52.81,-2.35,-1.27,9190.0,48650876.0,3.4,54.01,52.17,53.87,54.08,0.92,1.84,23.64,2.96,4922728035.0,2636999014.0,0.15,0.11,-11.11,-7.2
4314,300628,亿联网络,34.55,-2.35,-0.83,108050.0,370298317.99,3.31,35.0,33.83,35.0,35.38,1.0,1.49,16.83,4.69,43765552146.0,25072836429.0,0.09,0.09,1.62,-3.09
4315,688235,百济神州-U,232.89,-2.35,-5.6,27868.0,646374998.0,1.7,234.0,229.95,233.5,238.49,0.73,2.42,252.29,10.97,358808454938.0,26795219501.0,0.03,0.01,-15.37,-13.29
4316,920892,广咨国际,15.78,-2.35,-0.38,9277.0,14597167.54,3.84,16.15,15.53,16.15,16.16,0.96,0.63,24.81,6.12,2688144350.0,2339931098.0,0.0,-0.13,-3.43,0.45
4317,603160,汇顶科技,71.02,-2.35,-1.71,65037.0,456293217.0,2.86,71.36,69.28,71.21,72.73,1.25,1.4,36.63,3.54,33048162223.0,33048162223.0,0.0,-0.01,-12.89,-10.1
4318,920009,丹娜生物,72.41,-2.35,-1.74,1630.0,11865989.14,2.62,74.29,72.35,73.1,74.15,0.7,2.26,41.3,5.93,4010789900.0,521352000.0,0.0,-0.03,-10.38,-4.59
4319,002020,京新药业,15.36,-2.35,-0.37,119647.0,184137520.8,2.35,15.66,15.29,15.59,15.73,1.16,1.65,17.23,2.34,13225407590.0,11120153626.0,0.07,0.0,-19.83,-19.07
4320,300258,精锻科技,14.98,-2.35,-0.36,297138.0,441781393.11,2.93,15.07,14.62,15.0,15.34,1.01,5.21,71.54,1.85,8764007700.0,8536966251.0,0.0,-0.07,17.21,4.61
4321,601113,华鼎股份,4.57,-2.35,-0.11,195771.0,89711072.0,2.99,4.68,4.54,4.67,4.68,0.79,1.77,20.16,1.27,5045975673.0,5045975673.0,0.0,0.0,-2.77,-2.35
4322,600510,黑牡丹,9.13,-2.35,-0.22,145826.0,131529660.0,4.17,9.25,8.86,9.23,9.35,0.84,1.41,110.78,0.9,9422392422.0,9422392422.0,0.0,0.0,-1.93,8.82
4323,603565,中谷物流,10.78,-2.36,-0.26,183354.0,199020045.0,3.08,11.1,10.76,10.98,11.04,0.7,0.87,12.04,2.29,22638680250.0,22638680250.0,0.0,-0.09,2.08,7.37
4324,603958,哈森股份,19.04,-2.36,-0.46,95702.0,181019700.0,4.97,19.48,18.51,18.82,19.5,0.83,4.36,-169.56,6.07,4176614400.0,4176614400.0,0.26,0.58,20.2,43.16
4325,002135,东南网架,6.63,-2.36,-0.16,414834.0,272903576.19,6.63,6.83,6.38,6.81,6.79,0.99,3.97,108.95,1.17,7395886123.0,6920843852.0,0.15,0.45,46.68,46.04
4326,603259,药明康德,91.1,-2.36,-2.2,348440.0,3151014268.0,2.87,91.78,89.1,91.7,93.3,1.14,1.41,16.88,3.81,271820276821.0,225315830411.0,0.01,0.01,3.97,0.51
4327,688719,爱科赛博,41.29,-2.36,-1.0,21041.0,85600229.0,4.26,41.8,40.0,41.8,42.29,0.75,2.35,-111.54,2.78,4764263909.0,3704633684.0,0.1,0.19,-14.1,-6.48
4328,600992,贵绳股份,13.68,-2.36,-0.33,50615.0,69489252.0,2.57,13.96,13.6,13.85,14.01,0.83,2.07,-40.84,2.41,3352831200.0,3352831200.0,0.07,0.15,1.18,0.81
4329,600345,长江通信,39.78,-2.36,-0.96,156128.0,603389629.0,5.2,39.87,37.75,39.01,40.74,0.75,7.38,591.13,3.72,13111970611.0,8415828835.0,0.05,-0.13,47.61,14.77
4330,603516,淳中科技,150.36,-2.36,-3.64,63750.0,929726227.0,7.14,152.0,141.0,148.0,154.0,1.38,3.14,-783.99,21.95,30563418430.0,30563418430.0,0.04,0.07,-6.26,-32.72
4331,002808,*ST恒久,4.55,-2.36,-0.11,26608.0,12221679.0,3.22,4.68,4.53,4.68,4.66,0.82,1.61,-37.21,4.69,1223040000.0,750776972.0,0.22,0.22,-11.48,-9.36
4332,920523,德瑞锂电,24.74,-2.37,-0.6,12489.0,30691693.18,4.22,25.28,24.21,25.28,25.34,1.0,1.55,16.9,3.51,2506195869.0,1989942306.0,0.2,0.16,-6.5,-4.85
4333,301061,匠心家居,82.46,-2.37,-2.0,12339.0,100513194.99,4.94,83.79,79.62,83.79,84.46,1.43,0.85,20.58,4.45,18039559886.0,11984515984.0,-0.43,-0.72,-22.72,-13.02
4334,000517,荣安地产,2.06,-2.37,-0.05,354811.0,73367681.0,5.21,2.14,2.03,2.1,2.11,1.36,1.42,-76.58,1.14,6558880319.0,5133492017.0,0.0,0.49,-0.48,13.81
4335,600107,ST尔雅,5.77,-2.37,-0.14,31564.0,18102047.0,3.72,5.89,5.67,5.89,5.91,0.68,0.88,-43.66,4.55,2077200000.0,2077200000.0,0.0,0.0,-23.47,-16.86
4336,000823,超声电子,14.84,-2.37,-0.36,249499.0,363610314.91,4.08,14.91,14.29,14.88,15.2,1.05,4.65,33.54,1.69,7969102305.0,7968764784.0,0.0,0.0,15.31,9.44
4337,301113,雅艺科技,27.13,-2.37,-0.66,19067.0,51659328.4,4.46,27.89,26.65,27.56,27.79,1.29,3.46,1040.65,3.6,2468830000.0,1495336853.0,-0.22,0.04,8.69,13.85
4338,001205,盛航股份,15.68,-2.37,-0.38,98037.0,154700869.2,4.3,16.27,15.58,16.11,16.06,0.61,6.15,30.18,1.42,2947895413.0,2500996503.0,0.13,0.19,-8.25,-8.3
4339,601996,丰林集团,2.47,-2.37,-0.06,251722.0,62306192.0,3.56,2.53,2.44,2.51,2.53,0.98,2.25,-34.99,1.09,2768658608.0,2768658608.0,0.0,0.41,-3.14,9.78
4340,002871,伟隆股份,20.56,-2.37,-0.5,22616.0,46571993.21,5.03,21.18,20.12,20.85,21.06,0.74,1.51,37.78,4.67,5178115053.0,3071572056.0,0.0,0.29,37.07,14.22
4341,603696,安记食品,17.33,-2.37,-0.42,54289.0,93881099.0,3.55,17.74,17.11,17.49,17.75,0.88,2.31,131.67,7.02,4076016000.0,4076016000.0,0.0,0.17,7.71,-14.55
4342,688299,长阳科技,18.57,-2.37,-0.45,96595.0,176086552.0,5.63,18.88,17.81,18.88,19.02,1.0,3.36,-36.93,2.75,5336886042.0,5336886042.0,0.11,0.0,9.88,9.75
4343,300019,硅宝科技,21.32,-2.38,-0.52,103785.0,219505649.71,3.8,21.61,20.78,21.47,21.84,0.8,3.07,29.82,3.09,8381248044.0,7196307943.0,0.05,0.19,2.25,3.24
4344,920274,宏裕包材,24.56,-2.38,-0.6,10088.0,24834335.33,2.07,24.93,24.41,24.81,25.16,0.77,1.24,108.36,4.07,1997546683.0,1997546683.0,0.24,0.16,-11.84,-14.6
4345,688131,皓元医药,61.22,-2.38,-1.49,29690.0,180181846.0,3.57,62.0,59.76,62.0,62.71,0.67,1.4,52.41,4.13,12985003697.0,12985003697.0,0.18,0.36,-18.83,-15.07
4346,002426,胜利精密,4.1,-2.38,-0.1,2652013.0,1063687845.24,6.19,4.17,3.91,4.15,4.2,1.04,7.79,-143.14,5.78,13950766256.0,13950659553.0,-0.24,-0.24,13.89,7.05
4347,920146,华阳变速,7.79,-2.38,-0.19,16741.0,13078487.86,3.88,8.03,7.72,7.97,7.98,0.59,1.56,-42.28,5.37,1051575551.0,834603867.0,-0.13,0.0,-9.1,-9.73
4348,603712,七一二,19.31,-2.38,-0.47,126310.0,243320296.0,2.93,19.59,19.01,19.59,19.78,0.71,1.64,-54.26,3.57,14907320000.0,14907320000.0,-0.05,0.0,-10.68,-7.03
4349,601512,中新集团,9.04,-2.38,-0.22,43110.0,39008505.0,2.27,9.19,8.98,9.1,9.26,1.04,0.29,12.24,0.9,13549965600.0,13549965600.0,0.0,0.0,-0.77,0.44
4350,300815,玉禾田,24.24,-2.38,-0.59,98428.0,236313464.88,3.66,24.57,23.66,24.57,24.83,1.02,2.52,16.8,2.19,9661870080.0,9462825938.0,0.04,0.04,8.41,6.41
4351,688087,英科再生,42.61,-2.38,-1.04,69643.0,294813511.0,7.38,44.14,40.92,44.0,43.65,0.91,3.74,27.48,2.79,8268673963.0,7935920329.0,0.26,0.02,43.61,38.25
4352,300236,上海新阳,73.04,-2.38,-1.78,73897.0,529696467.56,4.6,73.45,70.01,73.0,74.82,0.86,2.65,81.31,4.22,22889377602.0,20358217670.0,0.0,0.04,25.28,14.55
4353,920717,瑞星股份,10.68,-2.38,-0.26,66307.0,74613357.98,9.14,11.65,10.65,11.45,10.94,0.88,14.97,394.89,2.17,1224782400.0,472910400.0,0.09,0.28,-12.32,-3.78
4354,601211,国泰海通,18.02,-2.38,-0.44,919436.0,1655373546.0,2.11,18.26,17.87,18.26,18.46,1.1,0.68,10.79,1.01,317673243439.0,243214321678.0,0.06,0.22,-6.34,-12.31
4355,920187,通领科技,38.15,-2.38,-0.93,30588.0,116542112.37,2.99,38.85,37.68,38.3,39.08,0.29,14.6,16.14,2.13,2380560000.0,799390751.0,0.0,0.08,28.8,28.8
4356,920992,中科美菱,16.03,-2.38,-0.39,9621.0,15539812.09,3.71,16.6,15.99,16.3,16.42,0.93,1.98,81.15,2.48,1550596872.0,777743267.0,-0.37,-0.37,-7.5,-7.82
4357,002862,实丰文化,16.37,-2.39,-0.4,62565.0,102125176.6,2.68,16.61,16.16,16.4,16.77,0.83,4.96,-35.09,6.87,2750160000.0,2066678385.0,-0.06,-0.55,-25.52,-16.18
4358,002422,科伦药业,31.9,-2.39,-0.78,149463.0,479006853.89,2.36,32.48,31.71,32.08,32.68,1.04,1.14,31.84,2.15,50977902567.0,41657715710.0,0.19,0.09,-6.18,8.69
4359,002395,双象股份,18.82,-2.39,-0.46,69283.0,128968208.2,5.96,19.3,18.15,19.29,19.28,1.28,2.58,20.76,3.36,5047693380.0,5047269572.0,0.21,0.27,9.8,12.49
4360,603017,中衡设计,12.25,-2.39,-0.3,121097.0,146057628.0,4.7,12.36,11.77,12.34,12.55,0.89,4.38,45.1,2.29,3383331089.0,3383331089.0,-0.08,-0.08,2.94,10.56
4361,300581,晨曦航空,15.12,-2.39,-0.37,122251.0,185006489.37,3.23,15.5,15.0,15.41,15.49,0.51,2.22,-142.49,8.71,8317656336.0,8317656336.0,0.0,-0.07,-9.08,-8.31
4362,601958,金钼股份,23.99,-2.4,-0.59,603471.0,1423941205.0,5.86,24.32,22.88,24.2,24.58,0.69,1.87,24.28,4.09,77406239556.0,77406239556.0,0.54,0.42,69.66,53.98
4363,301273,瑞晨环保,30.94,-2.4,-0.76,12571.0,38575503.42,4.04,31.25,29.97,30.78,31.7,0.96,2.29,-42.78,2.41,2216597044.0,1701272007.0,-0.06,-0.13,14.04,16.8
4364,688260,昀冢科技,29.33,-2.4,-0.72,55813.0,159819157.0,5.36,29.5,27.89,28.88,30.05,0.94,4.65,-19.98,25.73,3519600000.0,3519600000.0,0.03,0.03,-21.54,1.84
4365,688502,茂莱光学,329.66,-2.4,-8.12,8431.0,272224493.0,4.66,331.74,316.0,328.0,337.78,0.95,1.6,375.19,13.54,17406048000.0,17406048000.0,-0.07,0.01,-1.74,-17.39
4366,300906,日月明,33.34,-2.4,-0.82,15512.0,51736453.0,2.93,33.96,32.96,33.62,34.16,1.03,2.15,54.88,2.96,2667200000.0,2407047980.0,0.0,0.15,0.85,-5.12
4367,920223,荣亿精密,17.92,-2.4,-0.44,19028.0,34107096.63,3.16,18.28,17.7,18.09,18.36,0.74,2.33,-148.95,11.56,2818547200.0,1461980800.0,-0.44,-0.78,-19.46,-19.96
4368,300940,南极光,24.4,-2.4,-0.6,55595.0,134344812.93,2.88,24.6,23.88,24.6,25.0,0.82,3.53,36.99,4.57,5432522677.0,3842497897.0,0.08,0.12,-9.12,-14.27
4369,301458,钧崴电子,36.87,-2.41,-0.91,64594.0,233348300.62,4.95,37.19,35.32,37.0,37.78,1.23,5.5,64.59,5.95,9832001229.0,4331560861.0,0.16,0.16,11.46,14.9
4370,600103,青山纸业,3.65,-2.41,-0.09,704952.0,256202239.0,3.21,3.71,3.59,3.7,3.74,1.07,3.19,94.39,2.06,8179017627.0,8075001022.0,0.0,0.0,-11.84,-12.89
4371,301036,双乐股份,30.0,-2.41,-0.74,17253.0,51726741.22,3.09,30.56,29.61,30.39,30.74,0.89,2.45,45.49,1.81,3000000000.0,2113009050.0,-0.2,-0.07,-15.75,-12.79
4372,603075,热威股份,22.7,-2.41,-0.56,18344.0,41509704.0,3.83,23.28,22.39,23.23,23.26,1.06,4.45,27.82,4.36,9136366620.0,936262998.0,0.27,0.27,0.89,3.94
4373,920476,海能技术,22.3,-2.41,-0.55,10786.0,24038826.95,3.37,22.74,21.97,22.68,22.85,0.73,1.34,45.1,3.98,1899509540.0,1796281569.0,-0.31,-0.22,5.79,7.83
4374,601866,中远海发,2.83,-2.41,-0.07,2979182.0,855748209.0,6.9,3.01,2.81,2.97,2.9,0.62,3.05,20.14,1.22,37349365971.0,27598114211.0,0.0,0.0,10.98,12.3
4375,002948,青岛银行,5.27,-2.41,-0.13,476620.0,252721594.3,2.96,5.4,5.24,5.4,5.4,0.98,1.53,5.91,0.75,30673269395.0,16402882468.0,-0.19,0.0,8.21,17.63
4376,600255,鑫科材料,3.65,-2.41,-0.09,699307.0,253364397.0,2.67,3.68,3.58,3.67,3.74,1.2,3.87,252.65,4.55,6592436386.0,6592436386.0,0.0,0.0,-7.59,-5.19
4377,300873,海晨股份,25.46,-2.41,-0.63,60722.0,153767285.72,4.18,25.97,24.88,25.69,26.09,0.79,3.64,21.54,1.87,5871121293.0,4247738380.0,0.12,-0.12,15.05,15.89
4378,920662,方盛股份,27.53,-2.41,-0.68,20739.0,56076649.7,5.53,27.89,26.33,27.59,28.21,0.77,7.68,123.8,5.25,2410251555.0,743477437.0,-0.11,0.0,8.56,-5.13
4379,001328,登康口腔,34.37,-2.41,-0.85,16841.0,58126013.59,4.37,35.42,33.88,34.97,35.22,0.7,3.66,32.66,4.05,5917613506.0,1582092344.0,0.06,0.0,-5.37,-12.94
4380,301043,绿岛风,54.16,-2.41,-1.34,12130.0,65243833.64,4.72,55.5,52.88,54.56,55.5,0.92,2.14,44.74,4.39,3682880000.0,3073458140.0,0.37,0.18,-14.06,-17.06
4381,001215,千味央厨,37.15,-2.42,-0.92,21379.0,79251395.0,3.52,37.96,36.62,37.8,38.07,0.85,2.21,50.34,1.93,3609510569.0,3595485218.0,0.35,0.54,-0.05,-3.51
4382,000561,烽火电子,10.88,-2.42,-0.27,172543.0,187276014.46,3.23,11.06,10.7,11.03,11.15,0.53,2.41,-80.4,2.98,9400518429.0,7794389796.0,0.0,-0.09,0.0,-10.97
4383,301221,光庭信息,56.5,-2.42,-1.4,23950.0,133540840.57,4.46,57.18,54.6,56.72,57.9,0.84,3.82,87.66,2.61,5233159950.0,3543859614.0,0.39,0.14,20.14,0.46
4384,603038,华立股份,16.12,-2.42,-0.4,41393.0,66433365.0,3.33,16.41,15.86,16.4,16.52,1.05,1.54,69.39,3.11,4331074949.0,4331074949.0,0.0,0.12,-6.87,0.12
4385,300600,国瑞科技,14.08,-2.43,-0.35,81198.0,113558910.4,4.23,14.39,13.78,14.36,14.43,0.78,2.76,-81.8,3.39,4142821478.0,4142821478.0,0.0,0.14,-12.22,-5.5
4386,603500,祥和实业,11.63,-2.43,-0.29,77333.0,90206104.0,2.6,11.9,11.59,11.74,11.92,0.5,2.33,26.46,3.82,3870350561.0,3859223244.0,0.0,0.17,3.93,-2.92
4387,001285,瑞立科密,53.3,-2.43,-1.33,19119.0,101106104.8,3.29,54.1,52.3,54.1,54.63,0.71,4.71,30.34,2.6,9603497207.0,2165221410.0,0.02,-0.02,6.03,-8.59
4388,002582,好想你,11.19,-2.44,-0.28,191944.0,215097387.0,2.53,11.38,11.09,11.18,11.47,1.09,5.58,-797.95,1.6,5009851300.0,3852070252.0,0.18,0.18,8.22,1.27
4389,688280,精进电动-UW,10.39,-2.44,-0.26,335730.0,338524077.0,5.26,10.41,9.85,10.33,10.65,0.87,6.45,37.91,8.25,6132403120.0,5408453667.0,-0.1,0.0,31.02,19.43
4390,601127,赛力斯,97.8,-2.44,-2.45,217552.0,2117221495.0,2.88,99.01,96.12,99.0,100.25,1.14,1.44,24.05,5.75,170366141411.0,147656698475.0,-0.01,0.02,-22.91,-19.15
4391,600372,中航机载,15.18,-2.44,-0.38,666379.0,1007227098.0,3.66,15.45,14.88,15.35,15.56,0.73,1.38,55.67,1.92,73454450843.0,73454450843.0,0.07,-0.07,22.91,13.11
4392,603766,隆鑫通用,15.22,-2.44,-0.38,301549.0,454200797.0,4.29,15.37,14.7,15.37,15.6,1.22,1.47,14.87,3.15,31254906957.0,31254906957.0,0.0,-0.2,-1.93,-4.34
4393,000881,中广核技,8.38,-2.44,-0.21,153476.0,129218793.8,2.21,8.55,8.36,8.45,8.59,0.79,1.7,-58.35,1.52,7922668330.0,7573277101.0,0.0,0.0,-4.45,-7.4
4394,300718,长盛轴承,72.44,-2.44,-1.81,41193.0,296478844.78,2.95,73.39,71.2,73.39,74.25,0.96,2.13,86.44,12.92,21643552933.0,14041916871.0,0.01,0.1,-9.59,-15.14
4395,300706,阿石创,38.34,-2.44,-0.96,91560.0,343137692.93,4.99,38.48,36.52,38.0,39.3,0.78,8.06,-143.07,8.37,5877579472.0,4357590172.0,0.0,0.03,13.5,13.0
4396,603569,长久物流,7.19,-2.44,-0.18,69551.0,50135208.0,2.85,7.36,7.15,7.31,7.37,1.01,1.15,67.11,1.45,4339217135.0,4339217135.0,0.28,0.14,-8.41,-6.01
4397,688689,银河微电,33.16,-2.44,-0.83,32589.0,106472279.0,5.59,33.7,31.8,33.7,33.99,0.73,2.53,53.17,3.1,4274432135.0,4274432135.0,-0.06,-0.09,26.47,16.84
4398,600429,三元股份,5.19,-2.44,-0.13,148970.0,77779184.0,3.38,5.34,5.16,5.28,5.32,0.61,0.99,24.77,1.5,7795842247.0,7772323041.0,0.39,0.19,-7.49,0.19
4399,301168,通灵股份,39.99,-2.44,-1.0,19193.0,75963612.0,4.76,40.78,38.83,40.4,40.99,1.16,2.01,80.48,2.22,4798800000.0,3811580307.0,0.0,0.6,-15.29,-14.37
4400,688286,敏芯股份,71.48,-2.44,-1.79,18059.0,126336846.0,4.35,72.0,68.81,71.02,73.27,0.94,3.22,107.11,3.73,4007152503.0,4007152503.0,-0.21,-0.03,-9.99,-9.46
4401,605177,东亚药业,22.39,-2.44,-0.56,24277.0,54895274.0,3.27,23.06,22.31,22.64,22.95,0.96,2.16,-26.61,1.51,2568717804.0,2520756118.0,-0.13,-0.13,13.14,25.79
4402,000069,华侨城Ａ,2.4,-2.44,-0.06,656974.0,157357824.43,2.03,2.43,2.38,2.42,2.46,1.01,0.95,-3.31,0.42,19290619327.0,16556644274.0,-0.41,0.0,-9.09,-3.23
4403,600892,*ST大晟,3.58,-2.45,-0.09,57962.0,20679498.0,2.72,3.62,3.52,3.62,3.67,0.76,1.04,-21.82,265.15,2002881793.0,2002363939.0,-0.28,0.0,-2.98,-2.19
4404,002658,雪迪龙,10.73,-2.45,-0.27,157644.0,169070910.14,2.45,10.88,10.61,10.83,11.0,0.65,4.4,44.35,2.63,6821714715.0,3847364884.0,0.28,0.19,23.05,18.83
4405,688155,先惠技术,83.96,-2.45,-2.11,35498.0,289777010.0,6.03,84.2,79.01,82.36,86.07,1.31,2.81,30.17,4.61,10615567232.0,10615567232.0,0.13,0.0,46.5,38.89
4406,600152,维科技术,9.16,-2.45,-0.23,397456.0,363945437.0,3.3,9.32,9.01,9.13,9.39,0.64,7.51,-61.24,2.85,4846367075.0,4846367075.0,0.11,0.44,21.32,25.48
4407,300131,英唐智控,13.54,-2.45,-0.34,477015.0,632274001.53,4.47,13.62,13.0,13.53,13.88,0.93,4.58,442.12,8.69,15368163827.0,14112302167.0,0.07,0.15,8.06,-7.64
4408,601336,新华保险,71.6,-2.45,-1.8,167503.0,1194921041.0,3.37,72.48,70.01,71.6,73.4,0.74,0.8,5.1,2.22,223359536560.0,149317456744.0,0.01,0.15,12.49,2.73
4409,605003,众望布艺,33.45,-2.45,-0.84,13774.0,45810027.0,4.14,34.02,32.6,34.02,34.29,0.56,1.25,52.67,2.56,3679500000.0,3679500000.0,0.0,-0.18,35.87,-5.91
4410,920108,宏海科技,11.95,-2.45,-0.3,9590.0,11482428.02,3.84,12.3,11.83,12.15,12.25,0.83,1.31,123.01,4.19,2057790000.0,871963418.0,0.0,-0.08,-14.83,-11.15
4411,688775,影石创新,206.5,-2.46,-5.2,10308.0,210760693.0,2.83,208.0,202.0,207.83,211.7,0.5,3.14,85.89,14.15,82806500000.0,6773200000.0,0.06,0.05,-27.68,-12.09
4412,002222,福晶科技,61.96,-2.46,-1.56,183969.0,1119421002.41,4.16,62.44,59.8,62.0,63.52,0.95,3.93,111.09,16.7,29136690000.0,29006680199.0,0.0,0.13,21.56,9.98
4413,920184,国源科技,17.86,-2.46,-0.45,21671.0,38314107.03,3.66,18.05,17.38,17.93,18.31,1.0,2.43,109.32,3.77,2368480843.0,1595727633.0,0.0,0.06,2.29,1.94
4414,000753,漳州发展,7.15,-2.46,-0.18,245769.0,175764114.64,3.41,7.31,7.06,7.25,7.33,0.91,2.48,102.12,2.59,7089089658.0,7089089658.0,0.0,0.0,-16.37,-9.15
4415,002319,乐通股份,13.86,-2.46,-0.35,67474.0,93203735.24,3.87,14.12,13.57,13.9,14.21,0.93,3.37,-4625.17,15.98,2903288989.0,2772000000.0,0.0,0.0,7.03,15.12
4416,920159,农大科技,46.09,-2.46,-1.16,50401.0,245415846.04,13.65,52.45,46.0,50.0,47.25,1.26,35.0,24.31,3.9,3502840000.0,663696000.0,-0.02,-0.45,84.36,84.36
4417,603682,锦和商管,7.15,-2.46,-0.18,132682.0,94185663.0,3.82,7.3,7.02,7.29,7.33,0.75,2.81,-28.42,4.53,3378375000.0,3378375000.0,0.14,0.28,12.6,8.5
4418,002156,通富微电,46.75,-2.46,-1.18,858442.0,3909278393.06,5.22,47.0,44.5,46.0,47.93,0.92,5.66,61.84,4.67,70947655636.0,70940891379.0,-0.06,0.02,28.36,24.01
4419,000980,众泰汽车,2.77,-2.46,-0.07,1005957.0,277705375.0,5.99,2.88,2.71,2.88,2.84,0.92,2.0,-47.05,1110.08,13967857237.0,13936946624.0,-0.36,0.0,-24.11,-21.53
4420,603813,*ST原尚,37.05,-2.47,-0.94,11937.0,44675634.0,4.84,38.77,36.93,37.62,37.99,1.33,1.14,-71.99,7.13,3890805750.0,3890805750.0,-0.03,-0.05,-3.36,-2.88
4421,002731,ST萃华,7.91,-2.47,-0.2,198405.0,158229312.12,4.44,8.17,7.81,8.05,8.11,0.83,8.64,8.74,1.08,2026193960.0,1816582124.0,0.0,-0.13,-41.67,-37.02
4422,002179,中航光电,34.42,-2.47,-0.87,289736.0,996417538.79,2.07,34.83,34.1,34.82,35.29,0.8,1.38,34.32,2.97,72881856650.0,72161762369.0,0.0,0.0,3.33,-2.88
4423,600760,中航沈飞,54.19,-2.47,-1.37,209906.0,1139715466.0,2.66,55.18,53.7,55.0,55.56,0.62,0.74,84.63,7.04,153633782552.0,153151018852.0,-0.02,0.04,-2.9,-3.25
4424,603002,宏昌电子,10.25,-2.47,-0.26,421121.0,422850260.0,4.76,10.3,9.8,10.3,10.51,0.8,3.71,355.62,3.37,11624304717.0,11624304717.0,0.1,0.0,44.98,38.7
4425,002483,润邦股份,7.91,-2.47,-0.2,143824.0,113906186.6,3.08,8.07,7.82,8.02,8.11,0.91,1.62,23.47,1.6,7011965147.0,7002333820.0,0.13,0.13,19.13,10.78
4426,603909,建发合诚,11.47,-2.47,-0.29,40331.0,46367354.0,1.87,11.64,11.42,11.55,11.76,0.99,1.55,29.2,2.66,2989920916.0,2989920916.0,0.09,0.17,-12.44,1.59
4427,600798,宁波海运,3.95,-2.47,-0.1,941149.0,381143594.0,7.65,4.25,3.94,4.2,4.05,0.64,7.8,-113.31,1.22,4765810094.0,4765810094.0,-0.25,0.0,6.18,12.22
4428,002978,安宁股份,38.33,-2.47,-0.97,75244.0,285616013.82,3.28,38.68,37.39,38.66,39.3,0.86,2.04,21.43,2.12,18091375090.0,14154485458.0,0.05,0.05,23.53,15.98
4429,003040,楚天龙,17.39,-2.47,-0.44,83979.0,144942267.17,2.92,17.56,17.04,17.56,17.83,0.97,1.84,-136.79,5.72,8019154553.0,7944625987.0,0.0,0.0,-5.59,-15.91
4430,300001,特锐德,32.31,-2.48,-0.82,635278.0,2021273295.33,4.83,32.6,31.0,32.45,33.13,1.1,6.16,37.31,4.25,34104423507.0,33329577785.0,-0.03,-0.09,26.86,25.82
4431,000786,北新建材,27.08,-2.48,-0.69,244888.0,661236008.65,3.67,27.68,26.66,27.3,27.77,0.99,1.45,13.37,1.72,46096552017.0,45751872361.0,0.48,0.41,8.8,8.45
4432,603501,豪威集团,112.2,-2.48,-2.85,136335.0,1522346177.0,2.13,113.01,110.56,113.0,115.05,0.96,1.13,33.06,4.93,141489863519.0,135796712099.0,0.0,-0.01,-5.83,-10.88
4433,002767,先锋电子,22.44,-2.48,-0.57,27594.0,61786504.0,2.52,22.74,22.16,22.67,23.01,0.87,2.12,120.98,3.96,3366000000.0,2921654811.0,0.0,-0.04,11.03,-2.05
4434,920576,天力复合,71.19,-2.48,-1.81,22496.0,157834520.76,3.03,71.54,69.33,69.33,73.0,0.59,2.1,351.73,17.36,7756150500.0,7626417688.0,-0.14,-0.14,156.26,0.81
4435,600530,交大昂立,5.89,-2.48,-0.15,63982.0,37690557.0,3.48,6.03,5.82,5.94,6.04,0.81,0.83,1929.35,14.34,4564278800.0,4564278800.0,0.0,0.0,-19.86,-8.54
4436,920792,东和新材,12.55,-2.49,-0.32,27119.0,34104844.76,3.96,12.88,12.37,12.72,12.87,1.47,2.7,27.68,1.99,2077527000.0,1259503417.0,0.08,0.16,3.89,4.24
4437,300382,斯莱克,12.54,-2.49,-0.32,109369.0,136971749.89,3.19,12.79,12.38,12.79,12.86,0.7,1.69,416.76,3.53,8130935925.0,8130161304.0,0.08,0.08,-19.25,-19.41
4438,603033,三维股份,10.58,-2.49,-0.27,93011.0,98040279.0,5.16,10.86,10.3,10.79,10.85,1.0,0.92,-71.73,3.75,10909710401.0,10712578170.0,0.0,0.09,-4.43,-2.13
4439,920261,一诺威,16.04,-2.49,-0.41,33725.0,54528818.48,4.92,16.7,15.89,16.43,16.45,1.21,1.98,24.55,2.83,4669769278.0,2729318537.0,0.0,0.06,8.23,6.72
4440,002048,宁波华翔,28.19,-2.49,-0.72,196881.0,544410466.84,4.57,28.37,27.05,28.31,28.91,1.25,2.77,193.93,2.04,22941955709.0,20009098977.0,0.04,0.04,5.11,-10.39
4441,300869,康泰医学,14.11,-2.49,-0.36,59288.0,83689266.8,2.42,14.36,14.01,14.29,14.47,1.83,2.34,452.36,3.26,5669443110.0,3574926730.0,0.0,0.0,-12.41,-5.93
4442,603390,通达电气,12.52,-2.49,-0.32,52667.0,65772299.0,4.13,12.84,12.31,12.84,12.84,1.0,1.5,60.16,2.72,4402682840.0,4388434692.0,-0.16,-0.16,1.95,-4.21
4443,688708,佳驰科技,59.19,-2.49,-1.51,12569.0,74499353.0,2.87,60.29,58.55,59.88,60.7,0.6,0.88,54.28,6.76,23676591900.0,8421337157.0,0.27,0.24,0.54,-4.92
4444,600328,中盐化工,9.38,-2.49,-0.24,469979.0,445424429.0,6.34,9.88,9.27,9.75,9.62,1.17,3.21,178.36,1.15,13753983420.0,13753983420.0,0.21,0.11,12.61,13.83
4445,300227,光韵达,12.9,-2.49,-0.33,317044.0,401718654.0,5.74,13.06,12.3,12.83,13.23,0.86,7.32,-102.68,4.58,7180286944.0,5586573704.0,0.0,0.08,47.09,40.07
4446,300596,利安隆,52.84,-2.49,-1.35,86794.0,456035968.75,5.02,53.74,51.02,53.65,54.19,1.09,3.89,23.2,2.55,12133103204.0,11785686756.0,0.04,-0.17,22.57,25.18
4447,002650,ST加加,6.26,-2.49,-0.16,33790.0,21192034.5,2.8,6.38,6.2,6.38,6.42,0.72,0.31,-288.17,3.89,6930344738.0,6930109988.0,-0.32,-0.16,-11.71,-3.1
4448,920786,骑士乳业,9.79,-2.49,-0.25,58697.0,57746901.18,2.69,10.01,9.74,9.92,10.04,0.73,4.13,40.45,2.69,2046628870.0,1392103294.0,0.1,0.2,3.05,-0.51
4449,000420,吉林化纤,4.31,-2.49,-0.11,737496.0,317762274.24,4.3,4.42,4.23,4.4,4.42,0.88,3.0,243.46,2.4,10597722558.0,10594114226.0,0.0,-0.23,12.24,-4.86
4450,002824,和胜股份,19.92,-2.5,-0.51,70855.0,139968097.97,3.77,20.23,19.46,20.23,20.43,0.84,3.75,46.36,2.74,6198682453.0,3767987181.0,0.1,0.1,5.9,2.68
4451,300936,中英科技,48.78,-2.5,-1.25,44362.0,211272346.99,5.0,48.98,46.48,48.27,50.03,0.56,9.35,-382.81,3.67,3668256000.0,2315112215.0,0.16,-0.06,29.12,25.08
4452,300346,南大光电,50.27,-2.5,-1.29,344504.0,1700294661.85,4.19,50.54,48.38,50.0,51.56,0.95,5.25,86.63,10.1,34744457514.0,33004822741.0,-0.04,-0.02,17.4,17.18
4453,300149,睿智医药,10.15,-2.5,-0.26,133632.0,135246859.11,2.98,10.3,9.99,10.28,10.41,1.14,2.82,534.56,4.03,5054334519.0,4816712635.0,0.0,0.0,2.94,6.17
4454,300644,南京聚隆,31.15,-2.5,-0.8,28517.0,88518787.9,3.41,31.67,30.58,31.67,31.95,0.86,3.27,25.63,3.43,3446564058.0,2715531528.0,0.03,-0.03,-2.81,-15.61
4455,002075,沙钢股份,5.45,-2.5,-0.14,665525.0,361433013.74,3.04,5.53,5.36,5.52,5.59,1.32,3.03,38.8,1.82,11956348675.0,11956329464.0,0.0,-0.18,-6.84,-5.22
4456,605228,神通科技,12.88,-2.5,-0.33,86526.0,110125258.0,3.56,13.03,12.56,13.01,13.21,1.02,1.81,40.87,3.42,6171520509.0,6145502909.0,0.08,0.23,-10.31,-13.73
4457,300641,正丹股份,19.87,-2.5,-0.51,158038.0,314650541.12,3.09,20.34,19.71,20.3,20.38,1.23,3.01,11.61,3.35,10442575375.0,10442575375.0,-0.1,0.1,7.93,12.58
4458,920086,科马材料,30.85,-2.5,-0.79,8608.0,26525093.57,3.16,31.5,30.5,31.5,31.64,0.7,3.22,28.28,2.98,2581528000.0,825067825.0,-0.03,0.13,164.58,164.58
4459,002088,鲁阳节能,10.93,-2.5,-0.28,51458.0,56344586.84,2.77,11.15,10.84,11.12,11.21,1.04,1.02,40.66,2.16,5608429865.0,5528299762.0,0.18,0.0,-6.1,4.39
4460,688256,寒武纪-U,1125.99,-2.5,-28.89,60258.0,6690959588.0,3.53,1133.75,1092.99,1120.0,1154.88,0.85,1.44,230.58,40.11,474813284568.0,471058168722.0,0.09,0.01,-15.49,-16.93
4461,301311,昆船智能,18.64,-2.51,-0.48,52906.0,98420615.44,2.82,18.93,18.39,18.93,19.12,0.83,2.2,-80.75,2.5,4473600000.0,4473600000.0,0.0,0.11,-1.89,-0.43
4462,920351,华光源海,22.5,-2.51,-0.58,51408.0,120717616.99,10.88,24.89,22.38,24.48,23.08,0.61,12.96,103.37,4.53,1980797378.0,892470150.0,0.09,0.04,-1.27,-3.14
4463,002209,达 意 隆,15.16,-2.51,-0.39,45286.0,68742551.0,3.54,15.56,15.01,15.56,15.55,0.55,2.9,21.92,3.68,3017280398.0,2369703913.0,0.13,0.13,-3.81,-5.96
4464,300629,新劲刚,24.09,-2.51,-0.62,119336.0,284909595.38,4.49,24.55,23.44,24.3,24.71,0.55,5.5,404.64,3.56,6056790284.0,5223531951.0,0.0,0.08,29.24,1.3
4465,601022,宁波远洋,9.66,-2.52,-0.25,387196.0,381025827.0,6.46,10.29,9.65,10.2,9.91,0.66,2.96,17.79,2.1,12641398006.0,12641398006.0,-0.1,0.1,5.34,5.34
4466,300565,科信技术,13.54,-2.52,-0.35,223426.0,299971544.98,3.74,13.72,13.2,13.64,13.89,0.72,9.79,-36.38,6.01,3381000446.0,3089897663.0,0.0,0.0,6.87,7.38
4467,300971,博亚精工,24.37,-2.52,-0.63,44042.0,106471878.63,4.44,24.89,23.78,24.63,25.0,0.93,4.78,32.51,2.72,2865912000.0,2243563076.0,-0.12,0.0,3.57,-0.37
4468,002145,钛能化学,5.39,-2.53,-0.14,1148063.0,619909748.22,5.97,5.6,5.27,5.55,5.53,0.94,3.08,48.69,1.7,20517963066.0,20098624872.0,0.19,0.19,7.58,10.0
4469,920407,驰诚股份,20.84,-2.53,-0.54,9978.0,20978887.26,4.96,21.79,20.73,21.38,21.38,1.27,2.87,94.82,6.51,1779402560.0,724417052.0,0.0,0.0,5.47,-16.94
4470,002259,升达林业,5.78,-2.53,-0.15,504689.0,288661301.6,8.09,6.04,5.56,6.0,5.93,0.85,6.71,166.48,16.02,4348457383.0,4348457383.0,0.0,0.0,44.14,52.91
4471,603328,依顿电子,11.95,-2.53,-0.31,271334.0,318977174.0,4.32,12.04,11.51,12.0,12.26,1.11,2.72,25.5,2.77,11931389201.0,11931389201.0,-0.08,-0.08,11.16,9.03
4472,300948,冠中生态,21.18,-2.53,-0.55,53021.0,111503254.0,4.23,21.52,20.6,21.52,21.73,0.81,3.53,-332.51,3.88,3377760920.0,3182387345.0,-0.09,0.0,5.64,-2.35
4473,002265,建设工业,23.14,-2.53,-0.6,92979.0,215401437.16,4.63,23.9,22.8,23.73,23.74,0.67,0.9,598.99,6.55,23904555018.0,23904555018.0,-0.04,-0.04,-11.54,-13.72
4474,301073,君亭酒店,28.55,-2.53,-0.74,37784.0,107876498.01,4.03,29.28,28.1,28.5,29.29,1.01,2.12,420.43,5.81,5551577363.0,5087024725.0,-0.1,0.25,4.01,9.55
4475,920526,凯华材料,21.6,-2.53,-0.56,8432.0,18236614.23,5.87,22.3,21.0,21.9,22.16,1.03,1.61,123.93,7.8,1786320000.0,1131137698.0,0.19,0.05,-9.81,-8.16
4476,000630,铜陵有色,7.28,-2.54,-0.19,3532261.0,2545317409.23,3.08,7.33,7.1,7.25,7.47,0.69,3.17,41.35,2.7,97620952593.0,81121123356.0,0.0,0.14,31.41,21.13
4477,301135,瑞德智能,29.53,-2.54,-0.77,22963.0,67683285.73,3.53,30.16,29.09,29.75,30.3,0.75,3.0,96.61,2.41,3010642560.0,2257885948.0,0.03,0.03,10.15,5.09
4478,300424,航新科技,18.45,-2.54,-0.48,142918.0,260532931.0,4.6,18.72,17.85,18.72,18.93,0.97,5.83,192.7,5.96,4528278019.0,4525597493.0,0.0,0.0,8.02,0.76
4479,920363,莱赛激光,18.06,-2.54,-0.47,16106.0,28999249.94,5.67,18.68,17.63,18.61,18.53,0.83,3.15,345.31,4.89,1723827000.0,922677634.0,0.22,0.28,2.85,-6.57
4480,002052,同洲电子,11.51,-2.54,-0.3,150552.0,171294226.0,3.64,11.66,11.23,11.61,11.81,1.12,2.18,28.01,26.02,8660580878.0,7934846154.0,-0.09,0.09,-8.14,-9.73
4481,002636,金安国纪,25.34,-2.54,-0.66,281232.0,691559051.56,6.5,25.5,23.81,25.27,26.0,0.79,3.88,80.01,5.3,18447520000.0,18354152667.0,0.08,0.28,59.57,51.65
4482,301007,德迈仕,35.23,-2.54,-0.92,34542.0,120400241.48,4.15,35.74,34.24,35.5,36.15,0.94,2.26,105.73,7.88,5402168200.0,5389961005.0,0.0,0.14,-7.0,-13.06
4483,603109,神驰机电,25.3,-2.54,-0.66,24258.0,61109001.0,2.12,25.47,24.92,25.46,25.96,0.84,1.16,23.5,2.66,5283863508.0,5283863508.0,0.08,0.0,1.28,-1.9
4484,000016,深康佳Ａ,3.45,-2.54,-0.09,466445.0,159260042.6,3.11,3.48,3.37,3.45,3.54,1.12,2.92,-6.35,6.56,8307411658.0,5508248610.0,0.0,0.0,-34.03,-30.58
4485,688026,洁特生物,17.25,-2.54,-0.45,21490.0,37067676.0,3.73,17.62,16.96,17.21,17.7,0.96,1.53,50.22,1.99,2421284951.0,2420511772.0,-0.06,-0.17,2.86,7.08
4486,300756,金马游乐,44.17,-2.54,-1.15,26841.0,120095988.88,7.22,46.78,43.51,45.3,45.32,0.94,2.05,57.75,4.75,6961111434.0,5796444692.0,0.07,-0.05,-18.39,-22.35
4487,603100,川仪股份,23.05,-2.54,-0.6,65964.0,151512075.0,2.66,23.3,22.67,23.3,23.65,1.07,1.29,18.76,2.53,11828641707.0,11790977776.0,-0.04,-0.04,-2.21,1.54
4488,600221,海航控股,1.53,-2.55,-0.04,5005056.0,761684875.0,1.27,1.53,1.51,1.53,1.57,0.82,1.17,17.43,12.29,66119917779.0,65553637847.0,0.0,0.0,-13.56,-15.47
4489,600458,时代新材,13.77,-2.55,-0.36,139700.0,191022517.0,3.75,14.0,13.47,14.0,14.13,1.22,1.62,22.45,1.66,12816475970.0,11872313269.0,0.0,0.22,4.87,3.77
4490,920781,瑞奇智造,9.18,-2.55,-0.24,79664.0,75613869.93,8.07,9.9,9.14,9.68,9.42,0.66,7.8,-30.43,3.92,1418925556.0,937114871.0,0.0,-0.22,3.38,2.46
4491,920961,创远信科,25.23,-2.55,-0.66,24713.0,61749486.97,3.79,25.58,24.6,25.35,25.89,0.75,2.43,940.29,4.75,3603866017.0,2564568242.0,0.04,0.0,-0.83,-11.04
4492,002097,山河智能,11.09,-2.55,-0.29,225215.0,249344903.21,3.08,11.3,10.95,11.3,11.38,0.99,2.1,92.48,2.54,11917505458.0,11896233452.0,0.0,0.09,-7.04,-10.64
4493,920076,国亮新材,22.57,-2.55,-0.59,8906.0,20176628.73,2.37,22.98,22.43,22.97,23.16,0.77,4.51,23.38,1.85,1887630462.0,446015182.0,-0.04,-0.13,109.76,109.76
4494,603722,阿科力,38.98,-2.55,-1.02,14037.0,55016856.0,3.48,40.26,38.87,40.2,40.0,0.89,1.47,-174.28,3.99,3809130317.0,3730390717.0,-0.05,-0.05,-0.66,-1.24
4495,000596,古井贡酒,111.07,-2.55,-2.91,29153.0,324720905.57,1.91,112.78,110.6,111.87,113.98,0.89,0.71,11.12,2.31,58711602000.0,45383202000.0,0.01,0.01,-28.8,-15.6
4496,300904,威力传动,60.04,-2.55,-1.57,7715.0,46483453.64,2.81,61.31,59.58,61.31,61.61,0.96,3.51,-56.3,6.59,4345889249.0,1319873249.0,-0.13,-0.08,-9.33,-4.1
4497,603601,再升科技,11.46,-2.55,-0.3,940554.0,1058579647.0,4.0,11.48,11.01,11.3,11.76,0.68,8.23,120.84,5.37,13091227528.0,13091227528.0,-0.09,0.0,123.39,-8.1
4498,688169,石头科技,131.2,-2.55,-3.43,37689.0,492081803.0,3.36,133.03,128.5,133.02,134.63,1.19,1.45,24.99,2.43,33994755482.0,33994755482.0,0.05,0.05,-18.24,-13.72
4499,002008,大族激光,67.77,-2.55,-1.77,517322.0,3408903634.59,5.32,68.0,64.3,66.6,69.54,1.02,5.41,60.61,4.11,69776222960.0,64837186903.0,0.07,0.21,86.33,64.53
4500,600667,太极实业,9.92,-2.55,-0.26,1448844.0,1394873247.0,6.09,9.98,9.36,9.78,10.18,0.95,6.93,35.23,2.4,20748098406.0,20748098406.0,0.0,0.0,26.53,24.47
4501,001268,联合精密,31.35,-2.55,-0.82,10970.0,34413068.4,3.14,32.0,30.99,32.0,32.17,0.82,1.74,42.62,3.3,3383710021.0,1972960021.0,0.13,0.16,-11.32,-11.76
4502,603855,华荣股份,19.83,-2.56,-0.52,44119.0,86549322.0,3.19,19.95,19.3,19.95,20.35,1.39,1.31,16.76,3.2,6692843130.0,6653609475.0,0.1,0.15,3.66,2.48
4503,605178,时空科技,67.1,-2.56,-1.76,30832.0,205350260.0,3.63,68.0,65.5,67.1,68.86,0.89,3.11,-42.93,5.44,6648268000.0,6648268000.0,-0.03,-0.03,19.59,29.56
4504,920237,力佳科技,21.3,-2.56,-0.56,14686.0,31025345.34,5.08,21.76,20.65,21.64,21.86,1.28,1.73,44.46,3.52,1840166640.0,1804709595.0,-0.14,0.05,-10.84,-8.78
4505,601133,柏诚股份,15.57,-2.57,-0.41,130571.0,199844202.0,3.88,15.64,15.02,15.5,15.98,0.77,8.74,46.38,2.81,8221246862.0,2325951604.0,0.06,0.13,8.88,1.1
4506,688728,格科微,14.38,-2.57,-0.38,224236.0,318279139.0,3.18,14.47,14.0,14.45,14.76,0.72,0.9,742.4,4.76,37396436271.0,35933997548.0,0.21,-0.28,-0.96,-3.75
4507,300415,伊之密,26.51,-2.57,-0.7,150013.0,393650798.0,4.34,26.78,25.6,26.77,27.21,0.84,3.31,16.51,3.98,12421580847.0,12011472605.0,0.04,0.04,6.17,1.73
4508,301616,浙江华业,49.61,-2.57,-1.31,7558.0,37368653.7,3.16,50.49,48.88,50.49,50.92,0.86,3.78,16.44,2.78,3968800000.0,992200000.0,0.0,-0.04,-2.99,-2.88
4509,600301,华锡有色,62.84,-2.57,-1.66,122513.0,755890475.0,5.75,63.41,59.7,61.86,64.5,0.68,4.45,60.32,8.85,39750540380.0,17302094194.0,0.0,0.18,68.79,63.82
4510,920982,锦波生物,180.78,-2.57,-4.77,7303.0,131314204.7,2.96,183.49,178.0,183.49,185.55,0.74,1.33,31.94,10.98,20801512165.0,9925741809.0,-0.03,0.33,-21.64,-22.64
4511,688212,澳华内镜,38.98,-2.57,-1.03,27509.0,107003781.0,2.7,39.7,38.62,39.61,40.01,1.49,2.04,457.97,4.0,5249251445.0,5249251445.0,-0.23,-0.26,-16.74,-10.82
4512,002896,中大力德,75.68,-2.57,-2.0,43090.0,322697240.71,3.59,76.19,73.4,76.0,77.68,1.05,2.19,194.98,12.44,14872835666.0,14872835666.0,-0.01,0.16,-7.04,-15.31
4513,600626,申达股份,4.55,-2.57,-0.12,133693.0,60809913.0,2.78,4.63,4.5,4.63,4.67,0.79,1.21,-177.39,1.87,6009388235.0,5041303131.0,0.0,0.22,-2.78,-5.8
4514,600148,长春一东,19.28,-2.58,-0.51,27011.0,52238288.0,3.74,19.74,19.0,19.7,19.79,0.94,1.91,250.43,5.75,2728437156.0,2728437156.0,0.0,-0.16,-0.87,-1.48
4515,002973,侨银股份,13.98,-2.58,-0.37,56981.0,79420827.0,2.93,14.15,13.73,14.08,14.35,0.44,1.83,28.54,2.27,5713146109.0,4355222966.0,0.0,-0.14,1.67,2.27
4516,600356,恒丰纸业,9.44,-2.58,-0.25,87529.0,82682455.0,3.51,9.67,9.33,9.65,9.69,1.12,2.93,15.73,1.05,3110824598.0,2820024208.0,0.21,0.0,7.39,7.52
4517,688368,晶丰明源,127.61,-2.59,-3.39,17867.0,225554979.0,4.17,128.54,123.08,128.54,131.0,1.04,2.02,317.19,9.45,11293546380.0,11293546380.0,0.0,0.05,34.33,10.55
4518,300521,爱司凯,30.06,-2.59,-0.8,36174.0,107366430.0,4.76,30.47,29.0,30.35,30.86,0.94,2.42,-170.1,8.52,4500883800.0,4500883800.0,0.0,-0.03,4.3,5.47
4519,603360,百傲化学,26.62,-2.6,-0.71,97618.0,257429244.0,3.18,26.87,26.0,26.6,27.33,0.93,1.38,112.8,12.48,18799673669.0,18799673669.0,0.0,-0.08,-19.09,-17.38
4520,688697,纽威数控,15.01,-2.6,-0.4,41586.0,62227294.0,2.21,15.2,14.86,15.2,15.41,1.22,0.91,22.68,3.72,6864574034.0,6864574034.0,0.0,0.0,0.0,-2.41
4521,600367,红星发展,23.2,-2.6,-0.62,511610.0,1213215985.0,8.06,25.0,23.08,24.6,23.82,0.79,15.89,55.28,3.2,7914236926.0,7469777822.0,-0.22,-0.09,41.55,32.8
4522,002901,大博医疗,44.22,-2.6,-1.18,17596.0,77711006.03,2.78,44.95,43.69,44.95,45.4,1.0,0.61,32.34,5.49,18307942555.0,12756426320.0,-0.14,-0.05,-8.97,-6.65
4523,688266,泽璟制药-U,80.01,-2.6,-2.14,30258.0,241184676.0,4.15,81.92,78.51,80.92,82.15,0.83,1.14,-131.8,19.56,21179301962.0,21179301962.0,-0.19,-0.04,-25.45,-13.69
4524,688648,中邮科技,60.4,-2.6,-1.61,23392.0,139972039.0,4.11,61.4,58.85,61.4,62.01,0.93,3.36,13.05,3.76,8214400000.0,4199547010.0,0.05,0.28,14.52,-1.72
4525,688631,莱斯信息,66.63,-2.6,-1.78,24876.0,164085102.0,4.18,67.87,65.01,66.3,68.41,1.03,3.83,197.2,5.69,10892006100.0,4322288100.0,0.05,-0.16,0.8,-2.13
4526,920152,昆工科技,19.89,-2.6,-0.53,16692.0,33718006.02,5.14,20.82,19.77,20.45,20.42,1.33,2.03,-10.8,10.64,2214586413.0,1634186765.0,-0.05,-0.15,-29.37,-10.41
4527,603036,如通股份,20.19,-2.6,-0.54,55490.0,113987267.0,5.02,21.2,20.16,20.97,20.73,0.65,2.69,34.52,3.03,4159261645.0,4159261645.0,-0.1,-0.1,-9.18,-5.52
4528,600166,福田汽车,3.0,-2.6,-0.08,1490299.0,446536853.0,2.92,3.05,2.96,3.05,3.08,1.09,1.88,16.01,1.55,23752201101.0,23752201101.0,-0.33,-0.33,6.01,2.74
4529,300054,鼎龙股份,41.6,-2.6,-1.11,200078.0,820359102.52,3.86,41.89,40.24,41.6,42.71,1.12,2.71,56.9,7.95,39409781507.0,30663261782.0,0.02,0.1,18.45,10.64
4530,920061,西磁科技,27.56,-2.61,-0.74,8330.0,23134119.17,4.2,28.52,27.33,28.3,28.3,0.85,2.27,417.73,6.98,1950972400.0,1013226864.0,0.04,0.4,-7.67,-2.27
4531,688439,振华风光,57.09,-2.61,-1.53,35292.0,200369294.0,3.21,57.94,56.06,57.94,58.62,0.95,1.76,84.49,2.27,11418000000.0,11418000000.0,0.0,0.07,-2.64,-11.63
4532,002768,国恩股份,52.3,-2.61,-1.4,43333.0,226550750.51,3.82,53.55,51.5,53.0,53.7,1.32,2.45,19.21,2.58,15755375000.0,9243926938.0,0.17,0.29,2.25,-0.72
4533,000783,长江证券,7.46,-2.61,-0.2,684983.0,513653273.12,1.57,7.57,7.45,7.55,7.66,1.21,1.24,9.17,1.16,41254344192.0,41254344192.0,-0.13,-0.13,-6.05,-8.47
4534,301595,太力科技,63.53,-2.61,-1.7,32998.0,208669335.49,8.62,66.12,60.5,63.5,65.23,1.48,13.54,97.07,7.72,6879028400.0,1547781390.0,0.06,-0.05,74.01,29.52
4535,300008,天海防务,8.95,-2.61,-0.24,1598042.0,1410167389.02,4.46,9.06,8.65,9.06,9.19,0.63,9.7,50.09,6.62,15465860740.0,14743246135.0,0.11,0.11,8.09,13.43
4536,300871,回盛生物,25.38,-2.61,-0.68,60390.0,153358006.38,3.26,25.98,25.13,25.7,26.06,0.73,2.98,20.5,2.44,5135200297.0,5135200297.0,0.08,0.16,29.29,22.43
4537,301628,强达电路,108.99,-2.61,-2.92,28883.0,307717024.49,4.76,109.49,104.16,108.5,111.91,0.81,8.85,63.97,7.16,8215208442.0,3555667962.0,-0.01,-0.02,29.75,22.81
4538,001306,夏厦精密,72.85,-2.61,-1.95,6936.0,50293798.0,2.85,73.75,71.62,73.5,74.8,0.95,4.47,135.79,3.42,4578666210.0,1129175000.0,-0.03,0.0,-7.53,-18.15
4539,688347,华虹公司,114.71,-2.61,-3.08,139810.0,1580619266.0,4.41,115.3,110.11,112.4,117.79,0.96,3.43,594.95,4.47,199323788859.0,46773002500.0,0.02,0.06,8.79,6.34
4540,688336,三生国健,56.68,-2.61,-1.52,42109.0,236844862.0,3.37,57.35,55.39,57.0,58.2,0.97,0.68,11.92,4.14,35033142990.0,34959418747.0,-0.04,-0.04,-12.19,-4.85
4541,300044,ST赛为,7.85,-2.61,-0.21,283942.0,221242382.1,3.47,7.94,7.66,7.77,8.06,0.65,3.97,-83.77,83.38,5996373440.0,5615718894.0,-0.13,-0.25,87.35,96.74
4542,688671,碧兴物联,22.76,-2.61,-0.61,12810.0,29116301.0,3.17,23.1,22.36,22.96,23.37,0.9,2.73,-21.24,1.76,1787090164.0,1066240497.0,0.13,0.18,-11.78,-8.11
4543,920634,新威凌,24.58,-2.61,-0.66,13333.0,32859414.58,4.56,25.29,24.14,25.03,25.24,0.71,3.3,91.2,5.43,1570877468.0,994469021.0,-0.04,-0.04,2.08,1.44
4544,301212,联盛化学,30.19,-2.61,-0.81,25470.0,77208143.9,4.42,31.19,29.82,31.12,31.0,0.82,2.72,196.98,2.43,3260520000.0,2830312500.0,-0.03,0.37,1.31,0.77
4545,300684,中石科技,51.68,-2.62,-1.39,111734.0,563646106.8,5.2,51.99,49.23,51.45,53.07,0.96,5.47,46.12,7.39,15478636645.0,10558380694.0,0.08,0.0,25.13,5.0
4546,300472,*ST新元,7.43,-2.62,-0.2,49384.0,36736153.4,3.41,7.64,7.38,7.5,7.63,1.27,1.86,-18.77,-37.17,2045171554.0,1967771387.0,0.13,0.13,-14.3,-3.51
4547,688750,金天钛业,20.09,-2.62,-0.54,72889.0,145426400.0,3.3,20.33,19.65,20.33,20.63,0.69,3.13,156.77,3.77,9291625000.0,4679329169.0,-0.05,0.1,9.72,0.6
4548,603486,科沃斯,63.15,-2.62,-1.7,66440.0,417673401.0,3.07,64.0,62.01,64.0,64.85,1.03,1.16,19.34,4.25,36558880474.0,36207128659.0,0.0,-0.03,-22.52,-21.73
4549,603378,亚士创能,6.31,-2.62,-0.17,81757.0,51573690.0,3.7,6.46,6.22,6.39,6.48,0.87,1.91,-6.51,2.71,2704444811.0,2704444811.0,0.0,0.32,-8.95,-7.34
4550,688611,杭州柯林,59.89,-2.62,-1.61,10738.0,64295568.0,3.09,61.0,59.1,61.0,61.5,0.68,0.7,-2903.12,10.62,9186503144.0,9186503144.0,0.15,-0.18,24.25,17.78
4551,600707,彩虹股份,6.31,-2.62,-0.17,479991.0,298767111.0,5.09,6.4,6.07,6.39,6.48,0.89,1.34,44.77,1.04,22642739209.0,22638196009.0,-0.16,0.0,-0.79,-2.77
4552,002698,博实股份,14.86,-2.62,-0.4,137840.0,204522158.07,3.01,15.11,14.65,15.11,15.26,1.4,1.64,26.78,3.83,15195264024.0,12490406999.0,0.13,-0.07,-6.19,-11.6
4553,600523,贵航股份,14.82,-2.63,-0.4,68637.0,101716765.0,3.22,15.12,14.63,15.01,15.22,0.86,1.7,38.05,1.91,5991893762.0,5987941268.0,0.14,0.14,3.35,-5.67
4554,300776,帝尔激光,83.82,-2.63,-2.26,83952.0,689738335.56,4.77,84.29,80.18,83.66,86.08,0.87,5.0,34.72,6.14,22966936657.0,14085400386.0,0.18,0.01,42.7,34.89
4555,603950,长源东谷,53.4,-2.63,-1.44,148252.0,757712982.0,8.28,53.9,49.36,52.1,54.84,0.75,4.58,47.37,5.98,17308584720.0,17280603120.0,-0.15,0.75,78.83,84.46
4556,300737,科顺股份,6.64,-2.64,-0.18,276299.0,181241072.4,4.4,6.72,6.42,6.7,6.82,0.72,3.12,275.18,1.64,7370202520.0,5889050010.0,0.15,0.45,24.34,20.73
4557,688729,屹唐股份,23.63,-2.64,-0.64,83296.0,195163644.0,3.17,23.91,23.14,23.91,24.27,0.99,3.87,104.12,7.82,69839882800.0,5080472023.0,-0.04,0.04,-2.44,-3.47
4558,600084,中信尼雅,7.0,-2.64,-0.19,98982.0,69431319.0,2.09,7.1,6.95,7.07,7.19,0.8,0.88,39460.42,6.08,7866087810.0,7866087810.0,0.0,0.0,23.89,33.33
4559,688400,凌云光,42.36,-2.64,-1.15,117526.0,486921759.0,5.1,42.88,40.66,42.51,43.51,0.94,2.55,126.2,4.59,20300199532.0,19526974410.0,-0.09,-0.07,10.26,-0.05
4560,300567,精测电子,140.01,-2.64,-3.8,113092.0,1541908222.65,6.11,141.2,132.41,136.99,143.81,0.96,4.98,293.49,11.08,39167173055.0,31789051244.0,-0.28,0.02,107.58,53.52
4561,300891,惠云钛业,10.34,-2.64,-0.28,177795.0,183637865.61,4.43,10.62,10.15,10.53,10.62,0.69,5.35,-276.67,3.26,4136084385.0,3437242560.0,0.0,0.19,11.06,17.5
4562,000582,北部湾港,11.05,-2.64,-0.3,628589.0,691160609.5,4.14,11.28,10.81,11.2,11.35,0.86,2.91,26.45,1.39,27813783504.0,23833172864.0,0.09,0.09,22.23,17.8
4563,600038,中直股份,36.81,-2.64,-1.0,137731.0,508606085.0,3.44,37.8,36.5,37.5,37.81,0.97,2.06,60.73,1.75,30180269171.0,24623505485.0,0.11,0.08,4.81,1.88
4564,300881,盛德鑫泰,49.84,-2.64,-1.35,26155.0,129215379.74,4.73,51.0,48.58,50.5,51.19,0.75,4.56,27.11,5.01,5482400000.0,2861127500.0,0.38,0.38,48.38,47.19
4565,601601,中国太保,38.2,-2.65,-1.04,401235.0,1524959779.0,2.7,38.47,37.41,38.34,39.24,0.92,0.59,6.03,1.29,367497043581.0,261480583581.0,0.5,0.42,9.14,-8.85
4566,002778,中晟高科,21.71,-2.65,-0.59,38444.0,84414374.6,4.3,22.59,21.63,22.07,22.3,1.25,3.11,32.24,8.58,2708394143.0,2679637945.0,0.18,0.14,0.09,2.7
4567,600901,江苏金租,6.25,-2.65,-0.17,321652.0,202867441.0,2.65,6.42,6.25,6.38,6.42,1.15,0.56,11.1,1.45,36199165194.0,36190327694.0,-0.16,-0.16,0.32,2.12
4568,002392,北京利尔,7.7,-2.65,-0.21,160464.0,122986753.0,3.54,7.84,7.56,7.82,7.91,1.07,1.4,19.76,1.59,9166779460.0,8807886649.0,0.13,0.13,1.58,2.94
4569,300868,杰美特,38.94,-2.65,-1.06,58513.0,223563184.0,5.88,39.45,37.1,38.97,40.0,1.13,7.24,-148.75,3.3,4982450880.0,3144930729.0,0.28,-0.15,40.27,22.84
4570,601137,博威合金,20.2,-2.65,-0.55,251467.0,499195544.0,4.92,20.38,19.36,20.01,20.75,0.84,2.74,15.8,1.88,18548735668.0,18534999668.0,0.05,0.05,-5.16,-5.47
4571,600421,*ST华嵘,7.35,-2.65,-0.2,23285.0,17161158.0,2.78,7.49,7.28,7.46,7.55,0.75,1.19,-506.36,233.22,1437660000.0,1437660000.0,0.0,-0.41,-10.26,5.3
4572,300313,*ST天山,6.94,-2.66,-0.19,34220.0,23892586.0,2.38,7.1,6.93,7.04,7.13,1.45,1.73,-106.68,63.15,1664066218.0,1369628356.0,0.14,0.14,-27.63,-13.57
4573,300973,立高食品,38.12,-2.66,-1.04,22884.0,87298112.21,2.55,38.81,37.81,38.74,39.16,1.03,1.96,19.53,2.63,6455260661.0,4441981451.0,0.08,0.0,-2.33,-11.35
4574,605086,龙高股份,37.0,-2.66,-1.01,18339.0,67718565.0,4.95,38.01,36.13,38.01,38.01,0.8,1.02,62.18,5.19,6630400000.0,6630400000.0,-0.03,-0.56,-2.81,-18.97
4575,300349,金卡智能,15.75,-2.66,-0.43,134353.0,209611096.62,3.34,15.91,15.37,15.86,16.18,1.07,3.64,23.81,1.48,6571109680.0,5816579911.0,0.19,0.25,16.49,0.77
4576,301192,泰祥股份,28.88,-2.66,-0.79,14057.0,40527362.0,4.04,29.6,28.4,29.11,29.67,0.86,2.94,51.31,4.65,2885112000.0,1382449500.0,0.03,0.17,-6.54,-2.73
4577,600463,空港股份,10.92,-2.67,-0.3,48272.0,52674508.0,2.94,11.11,10.78,11.08,11.22,1.16,1.61,-38.6,3.56,3276000000.0,3276000000.0,0.09,-0.09,-0.73,-3.53
4578,688050,爱博医疗,55.44,-2.67,-1.52,26288.0,145240630.0,2.77,56.5,54.92,56.5,56.96,0.92,1.36,40.4,3.85,10722272022.0,10722272022.0,-0.02,-0.04,-8.68,-8.61
4579,301039,中集车辆,9.13,-2.67,-0.25,170477.0,155140948.0,3.2,9.28,8.98,9.28,9.38,0.82,1.17,20.65,1.18,17110755955.0,13260663075.0,0.0,0.0,-7.96,-0.22
4580,688010,福光股份,30.65,-2.67,-0.84,58681.0,175971735.0,5.02,30.78,29.2,30.73,31.49,1.38,3.65,387.67,2.81,4921212366.0,4921212366.0,0.07,0.79,9.66,-1.51
4581,603125,常青科技,18.25,-2.67,-0.5,46652.0,84288236.0,5.6,18.75,17.7,18.75,18.75,0.79,4.61,54.03,3.09,7388263844.0,1847161888.0,0.11,0.16,2.13,8.12
4582,603058,永吉股份,13.11,-2.67,-0.36,143471.0,187318002.0,4.38,13.39,12.8,13.3,13.47,0.92,3.47,41.28,4.41,5436228875.0,5422454985.0,0.38,-0.15,44.7,39.91
4583,002277,友阿股份,6.92,-2.67,-0.19,267685.0,184110004.66,2.95,6.98,6.77,6.95,7.11,1.04,1.92,113.27,1.44,9647675776.0,9647675776.0,0.0,-0.14,1.62,-0.57
4584,688596,正帆科技,31.03,-2.67,-0.85,69038.0,211580446.0,3.45,31.33,30.23,31.12,31.88,0.88,2.35,66.14,2.37,9126888436.0,9126888436.0,0.03,0.03,9.15,-1.9
4585,688712,北芯生命-U,38.8,-2.68,-1.07,30447.0,117811597.0,2.56,39.29,38.27,39.0,39.87,0.81,8.2,200.68,17.24,16179600000.0,1440050360.0,0.18,0.28,121.46,121.46
4586,600232,金鹰股份,7.98,-2.68,-0.22,75624.0,60261112.0,3.66,8.16,7.86,8.13,8.2,0.89,2.07,259.21,3.1,2910453981.0,2910453981.0,0.0,0.13,12.55,0.88
4587,603616,韩建河山,7.25,-2.68,-0.2,320907.0,231917515.0,3.76,7.42,7.14,7.38,7.45,0.79,8.35,217.98,11.3,2837055500.0,2786124250.0,0.28,0.28,30.16,39.69
4588,605338,巴比食品,25.82,-2.68,-0.71,31001.0,79906358.0,3.58,26.31,25.36,26.19,26.53,1.37,1.29,22.66,2.65,6185611213.0,6185611213.0,0.08,0.43,-7.75,-17.56
4589,688027,国盾量子,681.1,-2.68,-18.78,29219.0,1982632493.0,2.71,688.99,670.01,678.0,699.88,0.77,3.64,12993.29,21.59,70058627781.0,54742983407.0,-0.06,0.0,56.25,35.2
4590,688182,灿勤科技,29.1,-2.68,-0.8,59011.0,169275872.0,5.45,29.78,28.15,29.47,29.9,1.07,1.48,96.9,5.12,11640000000.0,11640000000.0,0.1,0.14,21.0,-1.29
4591,002227,奥 特 迅,10.48,-2.69,-0.29,203125.0,211141415.11,4.55,10.68,10.19,10.36,10.77,3.1,8.26,-39.33,2.72,2597008662.0,2577417308.0,0.48,0.77,-18.76,-12.96
4592,603936,博敏电子,13.41,-2.69,-0.37,450858.0,595923468.0,4.35,13.53,12.93,13.47,13.78,0.93,7.15,158.0,1.93,8453637234.0,8453637234.0,-0.07,0.07,25.8,5.59
4593,603072,天和磁材,40.91,-2.69,-1.13,42937.0,174050664.0,4.42,41.75,39.89,41.75,42.04,1.18,3.4,67.68,5.05,10811694800.0,5164069300.0,0.02,-0.07,-4.15,0.54
4594,688612,威迈斯,27.81,-2.69,-0.77,36530.0,101244477.0,3.36,28.3,27.34,28.3,28.58,0.98,1.45,20.92,3.22,11657621005.0,7023488668.0,0.25,0.18,-12.55,-15.65
4595,600435,北方导航,17.37,-2.69,-0.48,600014.0,1053027309.0,4.59,18.07,17.25,17.87,17.85,0.51,3.97,158.23,9.01,26269654100.0,26269654100.0,0.0,-0.06,27.72,12.65
4596,300721,怡达股份,16.25,-2.69,-0.45,109238.0,178181945.5,5.99,16.9,15.9,16.38,16.7,0.89,7.9,-22.37,2.37,2678759509.0,2248214621.0,0.06,0.12,14.52,27.65
4597,688376,美埃科技,57.41,-2.69,-1.59,33201.0,184727492.0,7.03,57.96,53.81,57.28,59.0,1.5,2.45,66.73,4.04,7764814105.0,7764814105.0,-0.03,-0.21,22.93,-0.71
4598,000923,河钢资源,21.01,-2.69,-0.58,327263.0,679414429.14,4.86,21.24,20.19,20.83,21.59,1.6,5.21,19.13,1.34,13713835471.0,13192207448.0,0.24,0.14,12.59,-0.76
4599,603690,至纯科技,26.29,-2.7,-0.73,138659.0,359707515.0,4.4,26.65,25.46,26.65,27.02,1.22,3.62,89.15,2.01,10068130133.0,10068130133.0,0.04,0.04,-6.81,-16.41
4600,300802,矩子科技,20.56,-2.7,-0.57,70137.0,142568603.0,3.64,20.74,19.97,20.61,21.13,0.79,3.6,53.12,4.02,5840648923.0,4003377387.0,0.0,0.0,7.42,7.42
4601,301202,朗威股份,41.05,-2.7,-1.14,25483.0,102869936.08,5.57,41.77,39.42,41.77,42.19,1.22,6.85,75.02,4.7,5599220000.0,1526239000.0,0.12,-0.19,5.58,1.61
4602,688137,近岸蛋白,41.05,-2.7,-1.14,8151.0,33272728.0,3.63,41.75,40.22,41.15,42.19,1.28,2.49,-37.81,1.41,2880701771.0,1341326771.0,0.0,0.02,1.26,2.5
4603,688076,ST诺泰,32.81,-2.7,-0.91,44050.0,146357057.0,3.8,34.06,32.78,33.55,33.72,0.86,1.39,31.71,3.48,10369662741.0,10369662741.0,0.09,-0.03,-13.02,-12.97
4604,603665,康隆达,32.68,-2.71,-0.91,46725.0,153712590.0,4.97,33.86,32.19,33.01,33.59,1.47,2.92,29.71,7.4,5265109343.0,5234280665.0,0.0,0.0,5.32,2.38
4605,688690,纳微科技,25.17,-2.71,-0.7,59102.0,147746831.0,4.14,25.72,24.65,25.72,25.87,1.13,1.46,74.73,5.29,10164017635.0,10164017635.0,0.2,0.16,-3.45,-2.48
4606,002019,亿帆医药,12.91,-2.71,-0.36,197623.0,255924981.54,2.56,13.16,12.82,13.1,13.27,0.66,2.35,30.37,1.78,15703595997.0,10863430373.0,0.08,0.08,0.39,7.94
4607,603948,建业股份,28.38,-2.71,-0.79,23430.0,66237818.0,3.67,28.98,27.91,28.96,29.17,0.99,1.44,19.68,2.2,4611442559.0,4611442559.0,-0.11,-0.18,9.2,3.96
4608,603291,联合水务,11.49,-2.71,-0.32,88166.0,101498710.0,3.81,11.8,11.35,11.68,11.81,0.84,6.78,59.53,2.74,4862804740.0,1493045955.0,-0.09,0.0,10.8,19.19
4609,600515,海南机场,3.95,-2.71,-0.11,1229583.0,485631378.0,2.96,4.02,3.9,4.02,4.06,1.1,1.34,525.98,1.92,45129972928.0,36245249407.0,0.0,-0.25,-19.22,-25.89
4610,920180,爱得科技,18.24,-2.72,-0.51,28054.0,51073679.56,2.93,18.52,17.97,18.48,18.75,0.7,10.56,27.71,2.77,2154564359.0,484776993.0,0.11,0.22,137.81,137.81
4611,600238,*ST椰岛,5.36,-2.72,-0.15,57664.0,30736484.0,3.63,5.49,5.29,5.49,5.51,0.93,1.3,-261.92,23.67,2402352000.0,2386655669.0,0.0,0.19,-21.64,-15.32
4612,001319,铭科精技,26.1,-2.72,-0.73,30704.0,79699730.0,3.5,26.56,25.62,26.56,26.83,0.86,3.74,27.93,2.75,3690540000.0,2140201958.0,0.08,0.0,1.28,-4.99
4613,002682,龙洲股份,6.43,-2.72,-0.18,747481.0,493116221.01,8.32,6.93,6.38,6.73,6.61,0.8,13.29,-28.36,3.36,3616030059.0,3615976047.0,-0.31,0.0,-1.23,-24.97
4614,603583,捷昌驱动,33.61,-2.72,-0.94,54335.0,181030851.0,3.13,33.95,32.87,33.95,34.55,1.08,1.42,25.58,2.76,12965761798.0,12847320158.0,0.03,-0.06,-4.81,-11.72
4615,301002,崧盛股份,41.08,-2.72,-1.15,44065.0,179350560.67,4.33,41.5,39.67,41.41,42.23,0.63,5.19,602.19,6.44,5543198732.0,3491191030.0,0.07,0.07,40.83,12.83
4616,003012,东鹏控股,6.79,-2.72,-0.19,150423.0,102944190.8,3.87,7.03,6.76,6.92,6.98,1.77,1.31,16.88,1.03,7855902063.0,7771224638.0,0.0,0.0,-4.63,3.66
4617,603095,越剑智能,20.41,-2.72,-0.57,86745.0,176658863.0,5.48,20.9,19.75,20.0,20.98,0.9,3.36,48.95,2.27,5271274372.0,5271274372.0,0.0,0.0,41.74,14.41
4618,603799,华友钴业,67.19,-2.72,-1.88,559909.0,3688043206.0,4.72,67.71,64.45,66.77,69.07,1.12,2.97,22.67,2.67,127441120523.0,126591262433.0,0.0,0.1,9.43,-1.57
4619,603880,南卫股份,6.77,-2.73,-0.19,271751.0,183951920.0,4.6,7.0,6.68,6.7,6.96,2.87,9.4,-58.87,7.69,1956814340.0,1956814340.0,0.0,0.15,2.11,8.67
4620,300200,高盟新材,11.42,-2.73,-0.32,117748.0,134040741.0,2.98,11.6,11.25,11.55,11.74,0.84,2.78,32.25,3.0,4921714013.0,4840709828.0,0.0,0.0,-8.86,-2.48
4621,002836,新宏泽,13.9,-2.73,-0.39,37552.0,51869469.04,4.13,14.11,13.52,14.0,14.29,1.02,1.63,59.65,8.48,3202560000.0,3202560000.0,-0.07,-0.07,-8.25,-7.21
4622,603285,键邦股份,36.73,-2.73,-1.03,59397.0,220443553.0,4.13,37.69,36.13,37.39,37.76,1.7,9.53,41.23,3.51,5876800000.0,2288160729.0,-0.08,-0.27,48.89,50.78
4623,601231,环旭电子,38.35,-2.74,-1.08,663824.0,2463102404.0,7.89,38.99,35.88,37.8,39.43,1.19,2.78,49.43,4.26,91622179741.0,91622179741.0,-0.13,-0.08,71.36,27.83
4624,002371,北方华创,452.64,-2.74,-12.74,95094.0,4213740206.0,3.88,453.55,435.5,448.0,465.38,1.36,1.31,47.96,9.1,328088235306.0,327825997417.0,-0.19,0.0,4.33,-1.4
4625,300964,本川智能,58.97,-2.74,-1.66,30546.0,177590368.96,3.68,59.5,57.27,59.36,60.63,0.93,5.46,103.36,4.45,4558279807.0,3298300251.0,0.0,0.02,12.11,6.06
4626,600320,振华重工,5.32,-2.74,-0.15,740552.0,394584430.0,3.47,5.44,5.25,5.4,5.47,1.05,2.23,40.13,1.8,28027640625.0,17673027557.0,-0.19,0.0,14.66,3.7
4627,002683,广东宏大,47.67,-2.75,-1.35,146838.0,698225514.99,6.14,49.6,46.59,49.5,49.02,0.9,2.21,41.59,5.44,36229307114.0,31683147447.0,-0.17,0.06,23.31,-0.27
4628,920478,峆一药业,17.66,-2.75,-0.5,7013.0,12427079.47,2.7,18.04,17.55,17.79,18.16,0.91,1.48,27.62,2.71,1389995642.0,834259566.0,-0.06,-0.06,-6.41,-4.85
4629,002389,航天彩虹,26.85,-2.75,-0.76,1382154.0,3859221898.79,9.42,29.3,26.7,28.49,27.61,0.9,14.04,3271.82,3.31,26444995164.0,26440752998.0,0.04,0.04,21.99,11.97
4630,300847,中船汉光,17.68,-2.75,-0.5,61730.0,109172620.8,3.36,18.07,17.46,18.01,18.18,0.96,2.09,45.57,3.58,5233456800.0,5233456800.0,0.11,0.17,-0.06,3.15
4631,301141,中科磁业,57.27,-2.75,-1.62,40040.0,225510252.84,4.96,58.0,55.08,58.0,58.89,0.78,9.0,158.08,5.56,7103347288.0,2549236888.0,0.03,-0.03,7.31,9.67
4632,600048,保利发展,6.35,-2.76,-0.18,1749624.0,1108174160.0,2.45,6.44,6.28,6.42,6.53,1.2,1.46,74.11,0.39,76012315704.0,76012315704.0,0.0,0.16,-1.7,4.1
4633,920110,雷特科技,36.62,-2.76,-1.04,5256.0,19460650.28,3.37,37.88,36.61,37.31,37.66,0.95,3.24,31.14,3.85,1428180000.0,594672180.0,-0.87,-0.46,4.0,2.43
4634,920978,开特股份,27.5,-2.76,-0.78,17988.0,49353532.61,2.83,28.0,27.2,28.0,28.28,0.73,1.78,28.84,6.34,4950782870.0,2775711070.0,0.36,-0.11,-17.76,-25.47
4635,600875,东方电气,43.0,-2.76,-1.22,1419448.0,6042190726.0,4.91,43.8,41.63,42.11,44.22,0.99,6.27,37.6,3.34,148709494018.0,97324763585.0,0.23,-0.07,102.93,77.1
4636,002345,潮宏基,10.58,-2.76,-0.3,213912.0,225550872.44,3.68,10.78,10.38,10.78,10.88,0.9,2.47,22.24,2.65,9400464440.0,9175930475.0,0.19,0.09,-19.73,-15.36
4637,688099,晶晨股份,88.5,-2.77,-2.52,107015.0,933240985.0,4.07,89.2,85.5,88.77,91.02,0.99,2.54,42.78,5.07,37273156751.0,37273156751.0,-0.1,-0.12,-5.02,1.46
4638,920455,汇隆活塞,8.78,-2.77,-0.25,21968.0,19410836.61,3.32,9.02,8.72,8.91,9.03,0.94,2.35,56.02,4.53,1558011000.0,821957796.0,0.11,0.0,0.46,4.52
4639,300041,回天新材,11.95,-2.77,-0.34,228164.0,269609096.58,4.23,12.08,11.56,12.0,12.29,1.19,4.19,23.22,2.31,6685244354.0,6501841144.0,0.17,0.08,7.75,7.85
4640,300505,川金诺,35.12,-2.77,-1.0,615966.0,2232886451.11,11.27,38.88,34.81,36.96,36.12,1.14,28.34,23.78,3.49,9653347408.0,7633726117.0,-0.03,0.0,52.76,56.86
4641,300679,电连技术,37.26,-2.77,-1.06,85099.0,314718834.79,4.46,38.16,36.45,38.16,38.32,0.86,2.37,31.85,3.15,15828793200.0,13392784515.0,0.08,0.03,-20.06,-23.46
4642,000685,中山公用,11.55,-2.78,-0.33,192710.0,222664641.79,2.78,11.76,11.43,11.73,11.88,1.06,1.54,10.55,0.95,17037536104.0,14483262960.0,0.0,0.0,-3.67,-0.86
4643,600308,华泰股份,4.19,-2.78,-0.12,420983.0,177865779.0,4.87,4.38,4.17,4.3,4.31,1.57,2.78,65.67,0.69,6355686037.0,6355686037.0,0.0,-0.24,6.89,7.44
4644,603130,云中马,42.72,-2.78,-1.22,20168.0,85549335.0,5.3,44.0,41.67,44.0,43.94,1.29,1.47,87.28,4.3,5874606624.0,5874606624.0,-0.19,0.16,0.19,-24.59
4645,002284,亚太股份,15.4,-2.78,-0.44,217073.0,334593064.76,3.79,15.71,15.11,15.71,15.84,1.34,2.97,25.99,3.56,11382145359.0,11260698264.0,0.2,0.0,25.41,3.15
4646,301165,锐捷网络,82.64,-2.78,-2.36,89672.0,714206712.21,8.24,84.0,77.0,83.5,85.0,1.27,1.13,72.46,13.25,65736363599.0,65736363599.0,-0.19,-0.11,12.93,-6.94
4647,301150,中一科技,48.25,-2.78,-1.38,132084.0,625644162.84,5.3,48.6,45.97,47.9,49.63,1.28,5.93,218.11,3.16,11253514783.0,10739739953.0,0.0,0.04,14.94,14.91
4648,688677,海泰新光,39.75,-2.79,-1.14,21585.0,85102938.0,4.35,40.58,38.8,40.55,40.89,1.15,1.8,27.77,3.54,4765110750.0,4765110750.0,-0.05,-0.08,-12.64,-7.9
4649,301550,斯菱智驱,145.0,-2.79,-4.16,42923.0,617056165.27,4.36,147.0,140.5,143.14,149.16,0.93,3.04,179.89,12.6,33534875000.0,20456537650.0,0.08,0.15,37.38,4.54
4650,002104,恒宝股份,17.44,-2.79,-0.5,342827.0,591252361.03,3.9,17.63,16.93,17.61,17.94,1.01,5.72,248.41,5.77,12353434846.0,10458750630.0,0.11,0.11,-3.11,-19.3
4651,301600,慧翰股份,119.31,-2.79,-3.42,9905.0,117935364.16,3.15,121.17,117.3,120.6,122.73,0.95,3.07,68.83,9.92,12470698785.0,3848761635.0,-0.01,0.0,-0.58,-8.09
4652,002647,*ST仁东,9.4,-2.79,-0.27,148109.0,138867115.82,3.21,9.59,9.28,9.55,9.67,0.76,2.19,29.55,18.91,10624741576.0,6370718287.0,0.0,0.0,41.99,17.21
4653,920856,浩淼科技,15.0,-2.79,-0.43,9485.0,14273853.41,4.73,15.5,14.77,15.26,15.43,1.2,1.79,80.58,3.02,1426899420.0,795900555.0,0.0,0.2,-12.38,-10.39
4654,603386,骏亚科技,14.28,-2.79,-0.41,87252.0,123462736.0,5.17,14.72,13.96,14.68,14.69,0.93,2.67,160.94,3.42,4659886157.0,4659886157.0,0.35,0.35,3.78,-6.85
4655,000816,智慧农业,3.83,-2.79,-0.11,714678.0,273608883.93,4.82,3.94,3.75,3.93,3.94,0.81,4.98,405.41,2.71,5542061008.0,5501528708.0,0.0,0.26,0.26,4.08
4656,002653,海思科,45.75,-2.8,-1.32,30670.0,142668817.32,6.18,48.47,45.56,47.16,47.07,0.56,0.63,130.13,12.12,51236247128.0,22108145729.0,-0.31,-0.2,-23.11,-10.85
4657,002254,泰和新材,11.82,-2.8,-0.34,234977.0,274744569.37,4.85,12.06,11.47,12.0,12.16,0.98,2.76,205.02,1.44,10130415903.0,10053711786.0,0.08,0.08,24.03,17.96
4658,000759,中百集团,6.26,-2.8,-0.18,188366.0,118086192.0,2.8,6.39,6.21,6.35,6.44,0.73,2.87,-5.37,3.42,4147022073.0,4104719717.0,0.16,0.16,-15.18,-17.41
4659,002602,世纪华通,17.71,-2.8,-0.51,868688.0,1538632109.55,2.58,17.98,17.51,17.81,18.22,0.56,1.28,22.47,4.39,130534783923.0,120371923534.0,0.06,0.0,3.57,3.81
4660,002942,新农股份,21.15,-2.8,-0.61,26228.0,55873366.7,4.32,21.97,21.03,21.76,21.76,0.85,1.91,23.93,2.68,3296395220.0,2901965972.0,0.14,0.09,0.71,10.04
4661,920489,佳先股份,16.3,-2.8,-0.47,23778.0,38814972.3,3.94,16.74,16.08,16.67,16.77,1.1,2.74,-1103.3,4.63,2224284960.0,1415256123.0,-0.12,0.12,-14.12,-9.44
4662,002937,兴瑞科技,27.75,-2.8,-0.8,113251.0,310685621.97,6.44,28.5,26.66,28.0,28.55,1.13,3.81,52.3,5.42,8263358897.0,8240464592.0,-0.07,-0.36,37.24,17.58
4663,605050,福然德,12.78,-2.81,-0.37,63507.0,81098224.0,3.19,12.99,12.57,12.99,13.15,0.95,1.29,16.88,1.41,6298356933.0,6298356933.0,0.0,0.16,-1.08,-3.69
4664,920008,成电光信,30.41,-2.81,-0.88,20630.0,63381407.24,4.15,31.55,30.25,31.29,31.29,0.4,6.14,90.63,5.88,1938637500.0,1021737106.0,0.03,0.13,-4.22,1.16
4665,001226,拓山重工,45.3,-2.81,-1.31,12957.0,58639510.0,3.5,46.03,44.4,45.93,46.61,1.09,3.82,153.5,4.64,3382401510.0,1536879510.0,-0.33,-0.29,8.87,2.49
4666,300429,强力新材,13.86,-2.81,-0.4,216911.0,295964860.0,3.86,13.94,13.39,13.94,14.26,1.07,5.44,-231.97,4.32,7433179358.0,5525066921.0,0.0,0.0,-1.14,3.98
4667,300852,四会富仕,47.0,-2.81,-1.36,77858.0,356565660.42,5.29,47.19,44.63,46.5,48.36,0.83,5.02,43.22,3.86,7544494755.0,7282946617.0,0.15,0.09,29.94,23.1
4668,601717,中创智领,22.45,-2.81,-0.65,247167.0,551303460.0,3.59,22.76,21.93,22.76,23.1,0.85,1.6,8.25,1.73,40082228429.0,34621620639.0,0.0,-0.18,-6.15,-8.55
4669,600366,宁波韵升,13.14,-2.81,-0.38,442283.0,571690343.0,4.81,13.3,12.65,13.3,13.52,1.08,4.02,39.26,2.36,14441399410.0,14441399410.0,0.08,0.08,-0.83,-4.71
4670,000859,国风新材,10.34,-2.82,-0.3,439790.0,451135401.48,3.95,10.5,10.08,10.4,10.64,0.86,4.91,-105.91,3.4,9264394642.0,9263867302.0,0.0,-0.1,12.15,2.17
4671,688409,富创精密,95.05,-2.82,-2.76,53184.0,501030572.0,4.22,96.12,91.99,94.34,97.81,0.96,1.74,-3115.9,6.48,29105333784.0,29105333784.0,0.16,0.15,45.83,41.02
4672,301377,鼎泰高科,186.3,-2.82,-5.4,39064.0,702278195.68,9.95,190.18,171.11,186.0,191.7,1.12,5.5,202.92,28.75,76383000000.0,13231771200.0,-0.21,-0.16,84.46,33.93
4673,300487,蓝晓科技,71.43,-2.82,-2.07,49467.0,352475129.82,4.45,73.07,69.8,72.81,73.5,0.83,1.61,41.85,9.05,36367427905.0,22001690525.0,0.11,0.04,33.22,15.68
4674,600967,内蒙一机,16.53,-2.82,-0.48,275619.0,457478478.0,3.35,17.05,16.48,16.94,17.01,0.61,1.62,54.63,2.37,28130665846.0,28130665846.0,0.0,0.0,-2.13,-1.61
4675,605018,长华集团,11.72,-2.82,-0.34,61829.0,71977799.0,3.32,11.89,11.49,11.89,12.06,0.84,1.32,67.81,2.03,5509171094.0,5509171094.0,0.26,0.0,4.92,1.21
4676,601138,工业富联,52.79,-2.83,-1.54,1694579.0,8790865611.0,3.18,52.94,51.21,52.76,54.33,1.32,0.85,34.96,6.49,1048314155279.0,1048314155279.0,-0.02,0.04,-13.95,-14.47
4677,300867,圣元环保,18.91,-2.83,-0.55,46272.0,88048173.06,2.62,19.38,18.87,19.21,19.46,1.05,2.41,18.24,1.33,5138623312.0,3623682114.0,-0.05,-0.05,-13.97,-0.79
4678,300196,长海股份,18.52,-2.83,-0.54,195820.0,354717795.1,4.41,18.58,17.74,18.42,19.06,0.92,7.93,22.05,1.62,7569436692.0,4573043370.0,-0.22,0.05,38.42,27.2
4679,600801,华新建材,22.7,-2.83,-0.66,108015.0,245940628.0,2.87,23.19,22.52,23.0,23.36,1.0,0.81,17.66,1.49,47193201232.0,30456536632.0,-0.04,0.09,3.56,-7.5
4680,601696,中银证券,13.36,-2.84,-0.39,421544.0,563058110.0,1.82,13.53,13.28,13.5,13.75,0.95,1.52,32.59,1.98,37114080000.0,37114080000.0,0.0,0.15,6.03,-10.87
4681,300518,新迅达,18.85,-2.84,-0.55,51586.0,96594350.72,3.66,19.16,18.45,19.15,19.4,0.9,2.59,-101.71,5.0,3758908208.0,3758571735.0,0.0,0.0,13.08,7.71
4682,688290,景业智能,51.7,-2.84,-1.51,9153.0,47282864.0,4.57,53.23,50.8,51.74,53.21,0.9,0.9,-172.52,4.24,5283208214.0,5283208214.0,0.08,-0.14,-4.08,-13.02
4683,002715,登云股份,16.07,-2.84,-0.47,37436.0,60482458.65,3.2,16.53,16.0,16.31,16.54,0.96,2.71,-620.22,4.7,2217660000.0,2217660000.0,-0.5,-0.5,-13.69,-7.43
4684,301040,中环海陆,37.25,-2.84,-1.09,79232.0,292406367.25,7.38,38.62,35.79,37.71,38.34,1.23,8.41,-42.25,5.1,3725038405.0,3510157124.0,0.0,-0.11,27.83,31.21
4685,301015,百洋医药,21.52,-2.84,-0.63,50654.0,109057516.12,3.39,22.01,21.26,21.95,22.15,1.17,0.96,17.81,4.75,11311430137.0,11309945257.0,0.0,0.09,-4.14,-8.81
4686,000701,厦门信达,6.16,-2.84,-0.18,201009.0,123513095.0,3.15,6.27,6.07,6.26,6.34,1.12,3.01,465.17,-8.13,4116808733.0,4113319247.0,0.0,0.16,-16.98,-6.24
4687,603611,诺力股份,23.24,-2.84,-0.68,51489.0,119665012.0,3.97,23.8,22.85,23.79,23.92,1.08,2.0,11.33,1.91,5986642383.0,5986642383.0,-0.04,-0.04,0.13,-4.95
4688,300153,科泰电源,38.32,-2.84,-1.12,343303.0,1299134282.51,4.69,38.65,36.8,37.52,39.44,0.95,10.78,240.91,13.49,12262400000.0,12198410122.0,0.1,0.16,29.02,31.82
4689,002357,富临运业,15.71,-2.84,-0.46,153848.0,240963706.33,5.01,16.12,15.31,15.96,16.17,0.72,4.91,23.73,2.86,4924912756.0,4924736018.0,-0.19,0.38,47.24,47.24
4690,002569,*ST步森,13.96,-2.85,-0.41,26427.0,36875463.0,6.12,14.58,13.7,14.14,14.37,0.94,1.89,-266.17,69.68,2010379600.0,1953791693.0,0.0,-0.07,29.38,12.13
4691,605155,西大门,17.41,-2.85,-0.51,33338.0,58121347.0,2.9,17.73,17.21,17.7,17.92,1.02,1.78,28.41,2.51,3330499921.0,3252684185.0,0.12,0.0,6.29,1.22
4692,300918,南山智尚,15.67,-2.85,-0.46,78954.0,123444985.07,2.6,15.85,15.43,15.81,16.13,0.88,1.56,50.69,2.09,7931126471.0,7931126471.0,-0.13,-0.06,-10.05,-15.71
4693,300395,菲利华,107.15,-2.85,-3.14,321594.0,3341282847.22,6.3,107.55,100.6,106.63,110.29,0.77,6.29,125.76,12.3,55960981162.0,54821104032.0,0.02,0.0,41.77,6.83
4694,000519,中兵红箭,19.42,-2.85,-0.57,570551.0,1112850711.99,4.9,20.18,19.2,19.81,19.99,0.5,4.1,-344.83,2.65,27043495430.0,27043495430.0,0.05,0.15,6.41,6.64
4695,688208,道通科技,33.37,-2.85,-0.98,136810.0,448285456.0,4.51,33.6,32.05,33.5,34.35,1.21,2.04,23.92,5.78,22364021426.0,22364021426.0,-0.06,0.18,0.06,-9.32
4696,603214,爱婴室,17.04,-2.85,-0.5,69031.0,117382201.0,3.31,17.36,16.78,17.16,17.54,0.66,4.98,33.83,2.05,2360722213.0,2360722213.0,-0.06,-0.06,-2.74,-0.7
4697,920080,奥美森,25.86,-2.85,-0.76,8080.0,21050724.64,3.61,26.7,25.74,26.5,26.62,1.27,3.57,31.05,3.86,2146380000.0,585997970.0,0.0,0.0,-3.36,-6.24
4698,600698,湖南天雁,7.84,-2.85,-0.23,129243.0,101236052.0,3.47,8.02,7.74,8.01,8.07,0.56,1.56,4865.66,10.87,8378119819.0,6510741649.0,0.0,0.13,-13.27,-13.27
4699,920475,三友科技,15.35,-2.85,-0.45,7065.0,10817381.53,3.1,15.64,15.15,15.62,15.8,1.0,1.68,-136.53,4.44,1551271000.0,645040739.0,0.0,0.2,-6.12,-10.76
4700,603789,*ST星农,5.44,-2.86,-0.16,31469.0,17073222.0,2.86,5.51,5.35,5.5,5.6,1.0,1.21,-16.5,8.51,1442767424.0,1414400000.0,0.18,0.0,-4.23,2.26
4701,688623,双元科技,100.73,-2.86,-2.97,6205.0,62215251.0,3.94,103.0,98.91,102.8,103.7,0.6,3.24,92.38,2.81,5957444171.0,1928244171.0,0.04,0.18,32.4,7.27
4702,689009,九号公司-WD,46.82,-2.86,-1.38,94442.0,440385119.0,4.0,47.8,45.87,47.6,48.2,1.18,1.7,19.28,4.71,33834803128.0,26015892203.0,0.0,0.02,-20.71,-15.78
4703,603590,康辰药业,39.72,-2.86,-1.17,18598.0,74092190.0,2.67,40.52,39.43,40.38,40.89,0.9,1.18,37.04,1.98,6315896146.0,6284636506.0,0.03,0.1,-15.44,-0.08
4704,002562,兄弟科技,6.79,-2.86,-0.2,500491.0,338590593.4,6.01,7.03,6.61,6.89,6.99,0.75,7.13,57.37,1.96,7759760816.0,4763380437.0,0.0,0.0,5.11,5.11
4705,688016,心脉医疗,104.31,-2.86,-3.07,32800.0,339507672.0,2.84,105.3,102.25,105.25,107.38,0.71,2.66,22.83,3.1,12857471424.0,12857471424.0,0.0,-0.19,13.25,13.8
4706,603365,水星家纺,20.38,-2.86,-0.6,24820.0,50667035.0,3.67,20.88,20.11,20.58,20.98,1.09,0.96,17.28,1.78,5349674594.0,5294770874.0,0.69,0.64,-3.18,-2.21
4707,920665,科强股份,12.55,-2.86,-0.37,22001.0,27691334.95,3.33,12.88,12.45,12.78,12.92,1.0,3.43,50.2,2.26,1631374500.0,804099433.0,0.0,-0.24,-3.91,-10.93
4708,000822,山东海化,6.78,-2.87,-0.2,788587.0,546957690.99,7.88,7.27,6.72,7.2,6.98,0.79,8.81,-11.49,1.27,6068723258.0,6068723258.0,0.0,-0.29,20.86,29.14
4709,301029,怡合达,27.37,-2.87,-0.81,131752.0,356120907.49,3.97,27.67,26.55,27.61,28.18,1.09,2.85,31.19,4.08,17358128227.0,12641676648.0,-0.11,-0.04,7.04,3.21
4710,002741,光华科技,20.33,-2.87,-0.6,232132.0,464265771.75,4.73,20.59,19.6,20.51,20.93,1.5,5.44,78.44,4.92,9453903562.0,8667866577.0,0.05,0.1,-7.42,1.35
4711,603977,国泰集团,14.87,-2.87,-0.44,189626.0,282571536.0,5.09,15.38,14.6,15.31,15.31,0.62,3.05,36.47,2.76,9237865982.0,9237865982.0,0.27,0.27,23.1,6.98
4712,300697,电工合金,16.92,-2.87,-0.5,139653.0,232217893.7,5.57,17.15,16.18,17.06,17.42,1.05,6.93,43.08,5.97,7320268800.0,3409232187.0,0.06,0.18,6.15,0.83
4713,603373,安邦护卫,43.0,-2.87,-1.27,16891.0,72574444.0,3.05,43.83,42.48,43.55,44.27,0.6,3.72,38.53,2.56,4623655926.0,1953494644.0,0.12,0.33,7.63,13.28
4714,300912,凯龙高科,28.05,-2.87,-0.83,88719.0,244671160.88,4.36,28.22,26.96,27.57,28.88,0.79,10.32,-89.24,6.54,3222440100.0,2410497086.0,0.18,-0.07,67.96,70.0
4715,600456,宝钛股份,39.17,-2.88,-1.16,178199.0,688445539.0,3.84,39.49,37.94,39.49,40.33,0.72,3.73,45.03,2.59,18714546203.0,18714546203.0,0.08,0.15,25.46,-0.71
4716,920896,旺成科技,18.9,-2.88,-0.56,7767.0,14715754.19,3.96,19.52,18.75,19.24,19.46,0.95,1.75,30.88,4.3,1913138136.0,837320747.0,-0.21,-0.26,-9.83,-11.1
4717,300473,德尔股份,34.44,-2.88,-1.02,57414.0,196847145.0,2.85,34.8,33.79,34.53,35.46,0.95,3.81,56.29,3.05,5946492471.0,5184080587.0,0.0,-0.09,21.91,15.65
4718,603331,百达精工,16.19,-2.88,-0.48,169832.0,272223452.0,3.12,16.3,15.78,16.18,16.67,0.74,8.4,41.09,2.47,3273223547.0,3273223547.0,0.0,0.06,38.97,13.61
4719,605288,凯迪股份,114.45,-2.89,-3.4,10095.0,115117995.0,6.7,119.5,111.6,117.8,117.85,0.92,1.44,211.44,3.64,8088526223.0,8034265478.0,-0.09,-0.05,9.02,27.45
4720,603279,景津装备,18.8,-2.89,-0.56,101429.0,190397798.0,2.48,19.05,18.57,19.0,19.36,0.63,1.76,18.66,2.3,10835812400.0,10835812400.0,0.27,0.21,14.77,11.44
4721,001979,招商蛇口,9.42,-2.89,-0.28,631248.0,593682936.82,3.09,9.58,9.28,9.55,9.7,1.23,0.75,25.51,0.86,84931023051.0,79260098723.0,0.0,-0.11,0.32,9.03
4722,002626,金达威,18.12,-2.89,-0.54,68244.0,123879365.7,2.84,18.53,18.0,18.48,18.66,0.85,1.12,22.97,2.5,11052018051.0,11050341951.0,0.0,0.0,-2.37,-8.07
4723,300277,海联讯,24.21,-2.89,-0.72,640533.0,1519454934.58,6.02,24.42,22.92,23.76,24.93,0.92,8.35,7009.72,16.91,36717001361.0,18568893146.0,0.08,0.37,97.47,85.52
4724,920066,科拜尔,25.23,-2.89,-0.75,9084.0,23129323.19,4.77,26.32,25.08,25.82,25.98,0.94,4.57,56.06,3.95,1585789415.0,501404015.0,-0.16,0.0,3.11,2.19
4725,301486,致尚科技,180.02,-2.89,-5.36,63061.0,1109124562.67,5.33,181.27,171.39,179.0,185.38,1.08,8.7,106.44,8.86,23165152720.0,13043124975.0,0.01,0.11,137.78,45.12
4726,600830,香溢融通,9.37,-2.9,-0.28,100574.0,94502048.0,2.18,9.5,9.29,9.46,9.65,1.24,2.21,53.01,1.9,4257004139.0,4257004139.0,0.0,0.11,-1.47,-2.09
4727,002868,*ST绿康,40.9,-2.9,-1.22,22679.0,93272451.4,4.84,42.54,40.5,42.5,42.12,1.01,2.12,-45.64,100.61,6356507733.0,4376402414.0,-0.24,0.0,7.63,21.33
4728,300447,全信股份,20.74,-2.9,-0.62,158930.0,326341789.14,4.68,21.08,20.08,20.69,21.36,0.66,7.9,153.94,3.24,6477317178.0,4174690617.0,0.1,0.44,30.11,14.71
4729,002205,国统股份,14.42,-2.9,-0.43,44693.0,65021073.04,4.04,14.93,14.33,14.71,14.85,0.95,2.4,-91.65,7.45,2679859348.0,2679859348.0,0.28,0.42,3.0,4.64
4730,000901,航天科技,24.75,-2.9,-0.74,299449.0,736237488.65,4.04,25.18,24.15,25.07,25.49,0.77,3.75,156.14,4.57,19755484799.0,19755286180.0,0.04,0.04,32.99,-13.07
4731,301479,弘景光电,91.1,-2.9,-2.72,15417.0,139746845.66,3.12,92.42,89.49,92.42,93.82,0.89,7.34,42.02,6.32,8104741836.0,1913256328.0,0.05,0.12,7.37,4.69
4732,688193,仁度生物,51.28,-2.9,-1.53,5100.0,25972757.0,4.36,52.32,50.02,51.82,52.81,0.97,1.27,216.09,2.25,2054782934.0,2054782934.0,0.49,0.12,7.26,6.02
4733,300190,维尔利,4.35,-2.9,-0.13,223130.0,97587154.84,3.35,4.47,4.32,4.44,4.48,0.81,2.54,357.84,1.22,3836033310.0,3823918743.0,0.0,0.0,5.33,1.4
4734,002320,海峡股份,9.72,-2.9,-0.29,304440.0,296161660.63,4.2,9.99,9.57,9.91,10.01,0.98,1.36,85.53,5.4,21720964572.0,21720964572.0,0.0,0.0,-23.4,-20.13
4735,002130,沃尔核材,25.49,-2.9,-0.76,727467.0,1820615195.6,4.0,25.6,24.55,25.59,26.25,1.05,6.36,31.43,4.95,35683128857.0,29173604533.0,-0.04,0.0,-4.21,-3.15
4736,688279,峰岹科技,165.7,-2.91,-4.96,10767.0,175336432.0,3.81,166.7,160.2,166.66,170.66,1.07,1.15,84.16,3.75,19074403056.0,15502573856.0,0.0,-0.04,-9.88,-18.57
4737,000039,中集集团,13.01,-2.91,-0.39,677640.0,881790230.04,2.99,13.2,12.8,13.16,13.4,0.74,2.94,33.61,1.44,70156690209.0,29941306904.0,0.39,0.23,45.04,28.94
4738,688323,瑞华泰,21.65,-2.91,-0.65,48698.0,104126924.0,4.26,21.9,20.95,21.78,22.3,0.77,2.71,-44.48,4.56,3897004850.0,3897004850.0,0.0,0.46,39.05,-3.82
4739,603025,大豪科技,15.99,-2.91,-0.48,125372.0,200766088.0,2.67,16.32,15.88,16.31,16.47,1.74,1.13,22.29,6.85,17855309820.0,17735704620.0,0.44,0.44,-6.49,-10.97
4740,920976,视声智能,30.32,-2.91,-0.91,28387.0,84357267.76,6.88,30.99,28.84,30.99,31.23,1.2,6.43,31.99,7.72,2151307088.0,1337706272.0,-0.23,-0.03,21.23,13.73
4741,300573,兴齐眼药,69.01,-2.91,-2.07,60565.0,420284507.52,2.29,70.48,68.85,70.05,71.08,0.9,3.2,21.3,9.12,17006101658.0,13079557566.0,-0.13,0.0,-3.23,-1.82
4742,002639,雪人集团,21.34,-2.91,-0.64,708085.0,1517862749.47,3.55,21.98,21.2,21.56,21.98,0.55,10.88,315.73,6.58,16487330479.0,13884215990.0,0.05,0.0,49.54,14.73
4743,600579,中化装备,8.98,-2.92,-0.27,108255.0,97697702.0,2.7,9.19,8.94,9.18,9.25,0.81,2.19,-123.25,2.7,4432534816.0,4432534816.0,0.0,0.11,2.75,8.19
4744,301357,北方长龙,128.2,-2.92,-3.85,25327.0,329408698.35,4.39,133.8,128.0,130.28,132.05,0.49,10.64,810.87,10.73,12204640000.0,3051160000.0,0.0,0.1,-17.93,-9.05
4745,300702,天宇股份,22.61,-2.92,-0.68,29703.0,67008007.67,3.69,23.12,22.26,23.12,23.29,0.75,1.41,26.71,2.11,7867763565.0,4774428961.0,-0.04,-0.09,-8.28,-4.19
4746,301257,普蕊斯,62.15,-2.92,-1.87,13774.0,84929941.2,3.97,63.14,60.6,62.03,64.02,1.15,1.83,42.14,3.92,4910146456.0,4681070194.0,-0.26,-0.22,37.53,19.43
4747,920402,硅烷科技,9.98,-2.92,-0.3,68370.0,69132696.18,4.67,10.41,9.93,10.38,10.28,0.93,2.51,-38.27,2.73,4212159469.0,2723275304.0,0.1,0.1,-6.03,-1.19
4748,300398,飞凯材料,27.58,-2.92,-0.83,431445.0,1163068865.91,4.93,27.74,26.34,27.22,28.41,0.95,7.65,40.32,3.18,15636383091.0,15550989647.0,-0.04,0.11,25.31,23.07
4749,600966,博汇纸业,7.95,-2.93,-0.24,291808.0,229718554.0,6.35,8.19,7.67,8.08,8.19,1.14,2.18,65.62,1.44,10627912090.0,10627912090.0,0.13,0.0,27.61,16.4
4750,000703,恒逸石化,12.57,-2.93,-0.38,1092905.0,1409853138.54,16.6,14.05,11.9,13.6,12.95,1.49,3.05,146.97,1.94,45284955033.0,45042930367.0,-0.08,-0.87,48.76,16.71
4751,688234,天岳先进,78.79,-2.93,-2.38,78195.0,606322170.0,3.83,79.29,76.18,78.5,81.17,1.18,1.82,-183.23,5.31,38183095082.0,33856933157.0,0.08,0.13,-7.8,-11.35
4752,301285,鸿日达,84.83,-2.94,-2.57,33138.0,280223045.15,4.27,86.8,83.07,86.0,87.4,0.8,4.22,-703.14,17.21,17531816100.0,6659138713.0,0.0,0.51,56.8,25.15
4753,002931,锋龙股份,78.25,-2.94,-2.37,145562.0,1129666881.54,3.15,78.9,76.36,78.0,80.62,1.01,7.23,595.93,17.99,17098083232.0,15748088566.0,0.06,0.14,274.76,146.85
4754,001222,源飞宠物,20.47,-2.94,-0.62,16150.0,33135647.4,3.51,21.02,20.28,20.71,21.09,0.96,1.5,22.51,2.74,3907518300.0,2198680653.0,0.0,0.05,-21.9,-13.48
4755,688638,誉辰智能,39.6,-2.94,-1.2,11414.0,44942391.0,5.12,40.67,38.58,40.0,40.8,1.15,4.31,-14.96,2.73,2217600000.0,1047856471.0,0.25,0.0,3.13,9.0
4756,300034,钢研高纳,21.74,-2.95,-0.66,406537.0,871337197.26,4.51,22.0,20.99,21.91,22.4,0.91,5.3,104.32,4.54,17325944380.0,16666885301.0,0.05,0.23,31.36,11.03
4757,688548,广钢气体,25.04,-2.95,-0.76,466227.0,1172869732.0,10.54,26.97,24.25,26.9,25.8,1.28,6.75,115.46,5.5,33037738966.0,17307873410.0,0.0,-0.08,102.26,72.21
4758,920077,吉林碳谷,16.8,-2.95,-0.51,60597.0,101565379.77,2.66,17.06,16.6,17.0,17.31,0.84,1.91,51.56,3.73,9873054526.0,5324874526.0,-0.06,-0.12,19.06,-1.29
4759,002443,金洲管道,9.55,-2.95,-0.29,192820.0,185375362.48,3.76,9.85,9.48,9.72,9.84,0.86,3.71,39.77,1.45,4971114216.0,4960523763.0,0.0,0.21,15.76,17.03
4760,600585,海螺水泥,24.59,-2.96,-0.75,438641.0,1077535627.0,3.35,25.09,24.24,24.96,25.34,1.16,1.1,15.5,0.68,130309850418.0,98352686418.0,0.04,0.0,7.95,12.49
4761,920593,鼎智科技,29.52,-2.96,-0.9,20922.0,61631074.66,2.47,29.95,29.2,29.95,30.42,0.74,1.29,194.45,7.81,5617785652.0,4770735377.0,0.0,0.03,-8.95,-19.17
4762,603400,华之杰,68.9,-2.96,-2.1,16210.0,110718198.0,4.01,69.94,67.09,69.33,71.0,0.8,8.11,46.72,5.47,6890000000.0,1378000000.0,0.0,0.41,31.24,33.04
4763,600741,华域汽车,18.37,-2.96,-0.56,149055.0,275641573.0,2.64,18.81,18.31,18.81,18.93,1.14,0.47,9.27,0.89,57915539586.0,57915539586.0,-0.11,-0.11,-7.97,-8.15
4764,300433,蓝思科技,31.45,-2.96,-0.96,617820.0,1920118540.63,3.39,31.7,30.6,31.7,32.41,0.97,1.24,43.8,3.09,166016400362.0,156280862683.0,-0.03,0.1,11.45,3.9
4765,000733,振华科技,51.9,-2.97,-1.59,185322.0,950724851.93,3.74,52.53,50.53,52.52,53.49,0.91,3.34,34.61,1.88,28761393469.0,28757516539.0,0.0,-0.04,9.91,-0.97
4766,600185,珠免集团,6.53,-2.97,-0.2,314041.0,204062890.0,2.82,6.62,6.43,6.62,6.73,0.78,1.67,-16.34,21.5,12309087841.0,12309087841.0,0.15,0.0,-3.55,-4.11
4767,003002,壶化股份,26.1,-2.97,-0.8,22333.0,58567821.0,3.01,26.81,26.0,26.81,26.9,0.76,1.22,26.9,3.48,5220000000.0,4772313878.0,-0.04,-0.04,-3.4,-19.37
4768,002664,信质集团,22.25,-2.97,-0.68,110137.0,243302709.9,3.66,22.5,21.66,22.4,22.93,1.26,2.74,56.06,2.57,9082450000.0,8957317958.0,-0.04,0.0,-2.11,-7.14
4769,920663,明阳科技,15.28,-2.98,-0.47,8272.0,12670393.08,5.4,15.88,15.03,15.6,15.75,0.8,1.29,24.84,5.01,2040682353.0,979089226.0,0.0,-0.2,-8.88,-15.86
4770,002663,普邦股份,2.28,-2.98,-0.07,446764.0,102447673.8,4.26,2.36,2.26,2.33,2.35,0.89,3.46,-75.49,1.66,3929235497.0,2947794031.0,-0.44,-0.44,5.56,20.63
4771,920592,华信永道,35.12,-2.98,-1.08,15584.0,54330847.15,3.65,35.65,34.33,35.0,36.2,1.15,3.1,-79.19,8.3,2837520400.0,1766034170.0,-0.06,0.06,-11.09,-10.8
4772,600802,福建水泥,6.18,-2.98,-0.19,140173.0,86593703.0,4.55,6.37,6.08,6.31,6.37,1.17,3.06,-280.72,2.56,2831975112.0,2831975112.0,0.16,0.49,-22.75,-5.79
4773,920089,禾昌聚合,19.54,-2.98,-0.6,22939.0,45062161.09,3.57,20.13,19.41,19.99,20.14,0.94,2.67,17.86,2.32,2944052720.0,1676859315.0,0.05,-0.15,5.34,-1.51
4774,603336,宏辉果蔬,9.44,-2.98,-0.29,159903.0,151276106.0,5.55,9.8,9.26,9.68,9.73,1.18,2.63,399.8,4.02,5746306841.0,5746306841.0,-0.11,-0.11,3.06,10.28
4775,301577,美信科技,65.53,-2.98,-2.01,25833.0,167111684.62,3.88,66.1,63.48,65.66,67.54,0.65,13.71,194.34,3.87,2950783135.0,1234660887.0,0.0,0.11,14.0,16.06
4776,600057,厦门象屿,8.1,-2.99,-0.25,213573.0,173925466.0,3.71,8.38,8.07,8.32,8.35,0.99,1.02,10.57,1.38,23008773646.0,16949332328.0,0.0,0.0,-6.9,-4.93
4777,002468,申通快递,13.31,-2.99,-0.41,296916.0,393903579.92,3.94,13.6,13.06,13.5,13.72,0.94,2.02,20.22,1.98,20374976829.0,19528431547.0,0.08,0.15,-6.33,-0.82
4778,300198,ST纳川,2.6,-2.99,-0.08,165090.0,43097829.0,2.99,2.67,2.59,2.66,2.68,0.94,1.61,-18.56,144.95,2682026204.0,2668162929.0,0.0,0.0,4.84,1.56
4779,300476,胜宏科技,270.04,-3.0,-8.35,328942.0,8713585942.75,4.17,271.81,260.2,270.0,278.39,0.87,3.84,54.46,15.36,235625376803.0,231418763893.0,-0.01,0.01,0.71,-6.1
4780,002427,尤夫股份,7.11,-3.0,-0.22,234540.0,166766386.76,5.32,7.37,6.98,7.16,7.33,1.06,2.38,270.92,7.39,7006427044.0,7001256005.0,-0.14,-0.14,13.4,5.96
4781,301200,大族数控,142.88,-3.0,-4.42,31309.0,437908984.3,4.83,144.0,136.88,143.01,147.3,0.79,0.74,103.73,10.8,68005300822.0,60207649969.0,-0.08,-0.14,38.22,20.3
4782,920821,则成电子,22.6,-3.0,-0.7,13247.0,30048723.35,4.59,23.36,22.29,22.99,23.3,0.79,1.82,176.85,5.92,3126978917.0,1646487337.0,0.0,0.22,-17.82,-13.38
4783,002241,歌尔股份,24.6,-3.0,-0.76,840379.0,2056670086.23,2.72,24.91,24.22,24.91,25.36,1.18,2.68,25.28,2.44,87222865327.0,77206290168.0,-0.24,0.04,-19.16,-14.38
4784,601208,东材科技,29.75,-3.0,-0.92,576190.0,1671024143.0,6.16,30.0,28.11,29.77,30.67,0.78,5.7,79.66,5.03,30052942554.0,30052942554.0,-0.03,-0.03,46.99,10.23
4785,600731,湖南海利,7.76,-3.0,-0.24,171331.0,134228287.0,3.5,8.02,7.74,8.01,8.0,1.17,3.16,16.41,1.37,4335841148.0,4203457480.0,0.13,0.13,10.7,14.62
4786,301213,观想科技,83.0,-3.01,-2.58,42878.0,358057244.33,7.09,87.08,81.01,82.43,85.58,0.53,8.29,6526.52,8.46,6639999917.0,4292017067.0,0.12,0.36,29.51,20.2
4787,920578,巨能股份,21.57,-3.01,-0.67,12006.0,25869661.3,6.07,22.35,21.0,22.11,22.24,1.15,5.22,-644.69,6.23,1649654122.0,496110000.0,0.89,0.94,-12.28,-17.2
4788,600764,中国海防,27.71,-3.01,-0.86,83799.0,232347751.0,3.96,28.55,27.42,28.2,28.57,0.65,1.18,95.79,2.38,19691540286.0,19691540286.0,0.0,0.04,-3.45,1.61
4789,000509,华塑控股,3.87,-3.01,-0.12,1506897.0,591041904.29,7.02,4.11,3.83,3.84,3.99,2.81,14.04,-316.03,33.42,4153005561.0,4152993007.0,0.26,0.52,-2.52,11.53
4790,920642,通易航天,14.43,-3.02,-0.45,26169.0,37690002.16,4.91,14.88,14.15,14.88,14.88,0.57,2.62,-43.64,6.81,1495962112.0,1442377750.0,0.28,0.21,-6.05,-14.36
4791,002233,塔牌集团,9.31,-3.02,-0.29,141123.0,132009535.99,3.54,9.58,9.24,9.54,9.6,1.38,1.2,17.24,0.92,10931341229.0,10923169842.0,-0.11,0.0,0.22,3.33
4792,688577,浙海德曼,66.78,-3.02,-2.08,15917.0,106007275.0,3.92,68.4,65.7,68.0,68.86,1.18,1.43,156.7,7.32,7431260303.0,7431260303.0,-0.01,0.04,-36.67,-31.06
4793,003043,华亚智能,52.36,-3.02,-1.63,25513.0,132389833.36,5.24,53.63,50.8,52.98,53.99,0.93,3.04,107.09,4.06,7007378698.0,4389134387.0,-0.04,0.06,13.21,12.92
4794,920679,前进科技,19.88,-3.02,-0.62,8950.0,18045431.33,5.27,20.83,19.75,20.51,20.5,1.87,2.41,57.05,2.2,1110298000.0,739039000.0,0.0,0.25,-1.0,-0.35
4795,920037,广信科技,82.81,-3.03,-2.59,19545.0,162058876.62,3.28,84.18,81.38,83.4,85.4,1.15,6.61,38.14,9.29,7574043411.0,2448220345.0,0.23,0.23,-3.28,-1.42
4796,002165,红 宝 丽,11.84,-3.03,-0.37,1693120.0,2017622694.01,8.76,12.59,11.52,12.29,12.21,1.66,23.27,174.29,4.26,8705594870.0,8615133233.0,0.0,0.34,50.83,56.61
4797,300655,晶瑞电材,15.69,-3.03,-0.49,490951.0,759613178.34,4.2,15.89,15.21,15.89,16.18,1.05,4.6,98.36,6.6,16834977593.0,16732945680.0,0.0,0.06,-7.38,-2.73
4798,001311,多利科技,34.28,-3.03,-1.07,54607.0,185448090.94,4.21,34.87,33.38,34.17,35.35,1.12,4.01,41.66,2.32,10644259970.0,4670796650.0,0.65,0.68,30.39,6.86
4799,688120,华海清科,173.01,-3.03,-5.41,67449.0,1157068620.0,4.9,176.82,168.08,170.0,178.42,1.57,1.91,56.36,8.18,61185330963.0,61185330963.0,0.1,-1.24,29.15,15.28
4800,002026,山东威达,13.76,-3.03,-0.43,117624.0,161380414.8,3.31,14.01,13.54,14.01,14.19,1.08,2.67,19.79,1.6,6061719481.0,6061196257.0,-0.15,-0.15,-7.34,-8.57
4801,600378,昊华科技,36.36,-3.04,-1.14,96249.0,349626238.0,4.19,37.22,35.65,37.08,37.5,0.85,0.9,28.56,2.61,46904386183.0,38998476599.0,-0.03,0.28,20.92,13.77
4802,601390,中国中铁,5.75,-3.04,-0.18,3964477.0,2291953489.0,2.19,5.87,5.74,5.82,5.93,1.01,1.94,6.09,0.45,141945776092.0,117753283592.0,-0.17,0.0,6.48,6.28
4803,300285,国瓷材料,34.43,-3.04,-1.08,441219.0,1491722098.03,5.86,34.68,32.6,34.45,35.51,0.77,5.24,52.6,4.9,34328372935.0,28967503082.0,-0.49,0.06,52.14,25.61
4804,605488,福莱新材,34.75,-3.04,-1.09,68173.0,234893965.0,4.02,35.26,33.82,35.24,35.84,0.91,2.47,121.79,6.34,10489913695.0,9597739624.0,0.17,0.09,1.02,1.16
4805,301080,百普赛斯,43.63,-3.04,-1.37,35632.0,155418492.95,3.31,44.5,43.01,44.29,45.0,0.94,2.83,41.31,2.77,7293962833.0,5497307749.0,-0.11,-0.14,-21.74,-19.2
4806,300984,金沃股份,61.66,-3.04,-1.93,22569.0,137440778.04,4.95,63.0,59.85,63.0,63.59,1.04,2.91,152.65,7.32,7600741999.0,4776914271.0,-0.18,0.16,2.31,-27.36
4807,300022,吉峰科技,7.96,-3.05,-0.25,162288.0,129539739.0,3.29,8.15,7.88,8.15,8.21,1.21,3.28,-403.37,7.4,3934153425.0,3934066263.0,0.25,0.25,-3.4,1.79
4808,688183,生益电子,77.19,-3.05,-2.43,122355.0,922017998.0,4.65,77.69,73.99,77.27,79.62,1.02,1.47,43.59,11.06,64208276498.0,64208276498.0,-0.01,-0.28,-18.04,-19.33
4809,688146,中船特气,44.14,-3.05,-1.39,70399.0,308858419.0,4.83,45.1,42.9,45.08,45.53,0.94,4.86,67.34,4.05,23368235307.0,6399012966.0,0.25,0.09,11.63,9.26
4810,605033,美邦股份,22.9,-3.05,-0.72,58719.0,134930096.0,2.92,23.52,22.83,23.26,23.62,0.7,4.34,64.15,2.7,3096080000.0,3096080000.0,0.0,0.0,11.98,14.04
4811,302132,中航成飞,74.07,-3.06,-2.34,102302.0,762385059.86,3.17,76.41,73.99,75.9,76.41,0.65,1.75,68.43,9.93,197921808220.0,43410167791.0,0.0,-0.01,-4.46,-6.24
4812,603319,美湖股份,34.8,-3.06,-1.1,84970.0,295860893.0,2.73,35.45,34.47,35.4,35.9,1.04,2.51,68.83,4.76,11802408794.0,11802408794.0,0.0,0.0,-8.81,-4.76
4813,603083,剑桥科技,111.27,-3.06,-3.51,309456.0,3321309883.0,7.41,112.0,103.5,110.08,114.78,0.89,11.23,113.5,11.82,39239407004.0,30664718264.0,-0.03,-0.13,2.48,-17.2
4814,002579,中京电子,11.68,-3.07,-0.37,339614.0,390092780.24,4.98,11.85,11.25,11.81,12.05,1.19,5.82,209.54,2.96,7155385482.0,6814250922.0,0.09,0.17,3.45,-4.11
4815,001221,悍高集团,64.41,-3.07,-2.04,13065.0,83607935.97,4.21,65.8,63.0,65.8,66.45,0.86,3.63,39.97,9.4,25764644100.0,2319339690.0,0.2,0.39,7.33,11.22
4816,002943,宇晶股份,57.47,-3.07,-1.82,88094.0,502938238.36,3.88,58.45,56.15,58.23,59.29,0.74,6.05,391.97,13.22,11811322674.0,8368422040.0,0.44,0.47,81.41,45.13
4817,000006,深振业Ａ,8.85,-3.07,-0.28,359698.0,316014577.77,4.71,9.06,8.63,9.02,9.13,1.26,2.66,-1280.62,2.21,11947456157.0,11947388455.0,0.23,0.23,-10.43,-11.06
4818,603612,索通发展,31.19,-3.08,-0.99,227746.0,699206482.0,5.34,31.84,30.12,31.8,32.18,1.21,4.57,17.82,2.77,15535878076.0,15535878076.0,0.03,0.52,29.63,32.72
4819,300619,金银河,41.6,-3.08,-1.32,74190.0,305539313.56,4.82,42.48,40.41,42.04,42.92,1.14,5.1,459.39,4.59,7238385773.0,6051304355.0,0.0,-0.02,-12.97,-5.24
4820,920204,沪江材料,17.65,-3.08,-0.56,14922.0,26621950.9,4.5,18.43,17.61,17.99,18.21,0.55,2.99,79.75,3.38,1664179617.0,882269456.0,-0.06,0.11,-0.95,-0.56
4821,301586,佳力奇,47.81,-3.08,-1.52,22806.0,108636677.0,3.85,48.88,46.98,48.7,49.33,0.52,4.31,70.06,3.11,3967058798.0,2529678209.0,0.02,0.04,5.75,-4.69
4822,603967,中创物流,12.84,-3.09,-0.41,51193.0,66456841.0,3.09,13.24,12.83,13.15,13.25,0.78,1.48,16.16,1.9,4451200556.0,4451200556.0,-0.08,0.0,3.72,-6.48
4823,601890,亚星锚链,12.25,-3.09,-0.39,652364.0,794831128.0,4.67,12.57,11.98,12.38,12.64,0.62,6.8,41.72,3.17,11752650000.0,11752650000.0,0.08,0.0,16.56,19.05
4824,301055,张小泉,20.36,-3.09,-0.65,30165.0,61651463.0,4.57,20.97,20.01,20.8,21.01,1.26,1.93,62.73,4.85,3176160000.0,3176160000.0,0.05,0.25,3.67,3.82
4825,920579,机科股份,21.63,-3.09,-0.69,11928.0,25649620.65,3.76,22.05,21.21,22.0,22.32,0.96,2.68,-73.63,5.83,2800652400.0,964144705.0,0.05,0.19,-8.93,-17.16
4826,002046,国机精工,50.45,-3.09,-1.61,210337.0,1042951948.54,5.24,50.96,48.23,50.19,52.06,0.72,3.98,98.44,6.25,27054661826.0,26677294665.0,-0.08,0.1,53.76,16.84
4827,300938,信测标准,38.23,-3.09,-1.22,128961.0,482960410.85,8.62,39.28,35.88,39.28,39.45,1.47,6.12,45.05,5.13,9308865384.0,8055710489.0,-0.16,-0.18,9.7,17.27
4828,300699,光威复材,37.48,-3.1,-1.2,208961.0,781692648.7,3.85,38.25,36.76,38.16,38.68,0.74,2.54,51.81,5.48,31159072960.0,30787685477.0,0.03,0.19,26.58,-5.02
4829,301248,杰创智能,49.8,-3.11,-1.6,88558.0,435834359.41,8.04,51.7,47.57,49.96,51.4,1.03,7.88,252.1,5.01,7654509000.0,5593969260.0,0.08,-0.22,76.72,54.75
4830,688396,华润微,49.56,-3.11,-1.59,188269.0,925218488.0,3.19,49.98,48.35,49.98,51.15,1.22,1.42,99.48,2.86,65792356965.0,65792356965.0,-0.06,0.08,-7.02,-6.24
4831,600549,厦门钨业,71.7,-3.11,-2.3,710362.0,5028951230.0,6.58,73.75,68.88,72.0,74.0,0.69,4.57,49.26,6.62,113829903724.0,111416922966.0,0.03,0.0,103.87,74.62
4832,301356,天振股份,23.06,-3.11,-0.74,20255.0,46630001.8,4.08,23.68,22.71,23.68,23.8,0.92,3.7,43.83,1.66,4980960000.0,1263918600.0,0.09,0.17,7.41,8.82
4833,688215,瑞晟智能,66.98,-3.11,-2.15,6396.0,42451899.0,5.44,68.83,65.07,68.65,69.13,0.73,1.02,118.54,8.59,4181110558.0,4181110558.0,0.27,0.0,-16.42,-7.63
4834,600409,三友化工,8.42,-3.11,-0.27,624580.0,528052659.0,9.32,8.95,8.14,8.82,8.69,0.95,3.03,107.15,1.25,17381822352.0,17381822352.0,0.0,-0.12,33.86,36.03
4835,601061,中信金属,14.01,-3.11,-0.45,194501.0,269917076.0,4.15,14.18,13.58,14.06,14.46,0.93,3.88,22.14,2.9,68649000000.0,7021165396.0,0.07,0.29,-2.44,-1.89
4836,002615,哈尔斯,8.72,-3.11,-0.28,145869.0,127817377.0,4.11,9.02,8.65,8.93,9.0,0.83,4.77,30.46,2.39,4065854623.0,2668691568.0,0.11,0.11,6.86,13.69
4837,603969,银龙股份,9.98,-3.11,-0.32,182838.0,181783831.0,3.79,10.17,9.78,10.1,10.3,1.34,2.17,23.5,3.21,8556293120.0,8421207832.0,-0.1,0.0,1.53,-1.29
4838,301226,祥明智能,38.52,-3.12,-1.24,70494.0,264873551.84,4.58,38.53,36.71,38.0,39.76,0.55,6.48,160.51,4.6,4190976000.0,4190976000.0,0.18,0.36,39.31,13.19
4839,000636,风华高科,23.01,-3.12,-0.74,830952.0,1879005983.33,5.81,23.5,22.12,23.39,23.75,0.67,7.18,87.39,2.13,26622873985.0,26622873985.0,0.04,0.13,43.19,41.34
4840,920491,奥迪威,24.81,-3.12,-0.8,28669.0,70760716.16,3.32,25.21,24.36,25.1,25.61,1.03,2.48,37.47,3.26,3501762296.0,2867417512.0,-0.16,0.0,-9.98,-17.05
4841,600184,光电股份,18.02,-3.12,-0.58,129747.0,233965960.0,4.3,18.56,17.76,18.5,18.6,0.79,2.23,319.3,3.1,10500748973.0,10500748973.0,0.0,0.17,1.24,-5.46
4842,603986,兆易创新,276.09,-3.12,-8.9,283546.0,7649552153.0,4.81,277.7,264.0,273.0,284.99,1.08,4.25,134.02,10.13,193567375697.0,184385266967.0,-0.01,0.0,32.99,28.86
4843,688628,优利德,41.95,-3.12,-1.35,21989.0,91221645.0,5.38,43.06,40.73,43.06,43.3,1.09,1.97,30.75,3.7,4688650317.0,4688650317.0,-0.55,-0.14,32.08,31.75
4844,002850,科达利,152.0,-3.12,-4.9,45398.0,684011000.65,2.16,152.19,148.8,152.1,156.9,1.12,2.29,26.46,3.33,41791376736.0,30137245656.0,0.05,0.26,-0.78,-3.71
4845,300957,贝泰妮,43.09,-3.13,-1.39,67080.0,288909105.32,3.35,44.17,42.68,43.83,44.48,1.34,1.58,50.35,3.0,18252924000.0,18252924000.0,-0.14,-0.02,5.82,8.79
4846,688147,微导纳米,74.95,-3.13,-2.42,67400.0,498777062.0,3.88,75.58,72.58,74.5,77.37,1.04,1.46,162.4,11.6,34563738361.0,34563738361.0,-0.15,-0.23,10.24,19.37
4847,688685,迈信林,49.17,-3.13,-1.59,37082.0,181270501.0,4.02,50.0,47.96,50.0,50.76,0.67,2.53,129.23,8.6,7220696466.0,7220696466.0,0.29,0.12,-1.27,-11.37
4848,603997,继峰股份,12.99,-3.13,-0.42,131895.0,170810862.0,4.1,13.28,12.73,13.28,13.41,1.52,1.04,49.36,3.2,16526720583.0,16526720583.0,0.31,0.54,-4.2,-6.55
4849,300691,联合光电,17.32,-3.13,-0.56,94689.0,163491379.7,3.69,17.68,17.02,17.52,17.88,0.83,4.29,-143.42,2.89,4659924627.0,3823184238.0,0.06,-0.06,-3.08,0.29
4850,600610,中毅达,10.82,-3.13,-0.35,392022.0,423261348.0,4.74,11.15,10.62,11.15,11.17,0.85,5.53,192.73,102.12,11591191226.0,7668422948.0,0.0,0.09,9.85,8.96
4851,300995,奇德新材,37.39,-3.13,-1.21,18827.0,70330363.0,4.27,38.47,36.82,38.12,38.6,1.38,3.14,184.41,5.03,3146251095.0,2244913510.0,0.19,0.32,1.33,-9.49
4852,301283,聚胶股份,46.62,-3.14,-1.51,13809.0,64195297.7,4.13,47.36,45.37,47.35,48.13,1.16,2.18,19.83,2.29,3749078862.0,2949966747.0,0.06,-0.43,0.52,-2.43
4853,920249,利尔达,12.63,-3.14,-0.41,49577.0,62233708.09,2.76,12.75,12.39,12.68,13.04,0.98,3.98,108.34,6.98,5325186900.0,1574576745.0,-0.16,-0.08,-6.24,-3.22
4854,603117,万林物流,5.54,-3.15,-0.18,253443.0,139738502.0,5.24,5.69,5.39,5.65,5.72,0.88,4.23,176.76,3.22,3319555491.0,3319555491.0,0.0,-0.18,7.16,17.37
4855,920533,骏创科技,25.2,-3.15,-0.82,19052.0,47616489.78,4.23,25.58,24.48,25.58,26.02,0.87,2.61,93.72,8.97,3295084666.0,1842135322.0,-0.04,-0.04,-8.63,-20.58
4856,920091,大鹏工业,58.2,-3.15,-1.89,10617.0,61752292.68,4.76,60.11,57.25,60.1,60.09,1.0,7.81,92.31,7.51,3577274640.0,790990380.0,0.0,0.14,12.83,-27.25
4857,300969,恒帅股份,127.0,-3.15,-4.13,20216.0,252194025.62,5.01,128.15,121.58,127.76,131.13,0.9,4.02,82.66,10.29,14224329565.0,6383314386.0,0.01,0.01,41.39,2.67
4858,920087,秋乐种业,18.74,-3.15,-0.61,170911.0,337201637.43,11.89,20.89,18.59,20.43,19.35,0.79,10.42,246.69,5.64,3095848000.0,3074224383.0,-0.05,0.05,13.99,17.49
4859,920599,同力股份,20.2,-3.16,-0.66,39305.0,79576667.26,3.55,20.76,20.02,20.66,20.86,1.09,1.12,10.89,2.58,9343005000.0,7081601789.0,-0.05,0.05,0.55,-2.56
4860,300304,云意电气,14.71,-3.16,-0.48,426718.0,621422057.8,6.19,15.1,14.16,14.91,15.19,1.01,4.99,29.25,3.85,12917494092.0,12569923505.0,0.0,0.0,32.17,26.37
4861,601598,中国外运,5.83,-3.16,-0.19,266602.0,157514485.0,3.99,6.07,5.83,6.05,6.02,0.67,0.52,11.71,1.07,41822969653.0,30068051423.0,-0.17,0.0,-10.03,-3.8
4862,688122,西部超导,83.2,-3.17,-2.72,160053.0,1325046381.0,3.27,84.61,81.8,84.5,85.92,0.77,2.46,64.31,7.58,54052086150.0,54052086150.0,0.0,-0.22,28.61,11.56
4863,300844,山水比德,38.2,-3.17,-1.25,10338.0,39431124.4,4.94,39.45,37.5,39.19,39.45,1.37,1.15,-71.16,4.86,3560655616.0,3439523416.0,0.16,-0.03,5.15,7.64
4864,300803,指南针,108.82,-3.17,-3.56,174079.0,1887477615.6,2.23,109.66,107.15,109.01,112.38,0.96,2.88,291.15,23.79,66357556190.0,65873009785.0,0.0,-0.01,-9.25,-16.8
4865,688553,汇宇制药-W,17.74,-3.17,-0.58,57538.0,101451303.0,4.15,18.1,17.34,18.02,18.32,1.27,1.67,-310.52,1.99,7514664000.0,6094394722.0,0.0,0.11,-7.17,-0.28
4866,003017,大洋生物,33.3,-3.17,-1.09,34355.0,115652586.8,4.33,34.68,33.19,34.49,34.39,0.71,4.96,26.21,2.55,2797200000.0,2307290000.0,0.09,0.09,11.93,11.52
4867,600316,洪都航空,41.5,-3.17,-1.36,114608.0,479385797.0,5.39,43.25,40.94,42.82,42.86,0.6,1.6,1879.7,5.54,29760252248.0,29760252248.0,0.12,0.12,29.36,18.88
4868,301148,嘉戎技术,53.93,-3.18,-1.77,19220.0,104108723.44,4.67,55.8,53.2,54.85,55.7,1.0,3.26,79.46,3.54,6282687524.0,3175025204.0,0.02,-0.02,5.33,13.42
4869,601279,英利汽车,4.26,-3.18,-0.14,148352.0,63397319.0,3.41,4.39,4.24,4.39,4.4,1.17,0.94,-94.57,1.6,6755448296.0,6755448296.0,-0.23,0.0,-7.39,-18.08
4870,000970,中科三环,13.4,-3.18,-0.44,479863.0,633983527.23,5.13,13.66,12.95,13.66,13.84,1.2,3.95,135.26,2.5,16290725358.0,16290725358.0,0.07,0.15,5.51,-1.18
4871,688551,科威尔,42.68,-3.18,-1.4,41293.0,174999042.0,4.13,43.5,41.68,43.5,44.08,0.84,4.91,55.29,2.69,3588137860.0,3588137860.0,0.0,0.0,14.42,16.2
4872,300563,神宇股份,33.5,-3.18,-1.1,60769.0,200951721.33,4.94,34.15,32.44,34.15,34.6,1.3,4.74,85.84,5.53,6101573621.0,4292884066.0,0.0,-0.12,-14.34,-8.67
4873,688586,江航装备,14.55,-3.19,-0.48,138904.0,201245513.0,3.59,14.8,14.26,14.65,15.03,0.8,1.76,209.29,4.65,11513984720.0,11513984720.0,0.0,-0.14,22.68,11.58
4874,600136,ST明诚,1.82,-3.19,-0.06,280608.0,51139909.0,3.19,1.86,1.8,1.85,1.88,1.11,1.44,-432.56,15.62,3714303194.0,3536422879.0,0.0,0.0,1.68,7.69
4875,600179,安通控股,4.55,-3.19,-0.15,744635.0,340075576.0,4.68,4.73,4.51,4.7,4.7,0.49,1.93,21.75,1.68,19253447754.0,17573367152.0,0.22,0.22,9.9,-17.57
4876,002902,铭普光磁,20.24,-3.2,-0.67,119699.0,238141962.96,5.5,20.57,19.42,20.4,20.91,1.37,6.74,-23.85,5.63,4756583415.0,3595276659.0,-0.05,-0.05,-6.51,-10.8
4877,000608,*ST阳光,3.33,-3.2,-0.11,247937.0,82838985.6,2.91,3.4,3.3,3.37,3.44,0.87,3.33,-11.44,1.2,2497211319.0,2482273771.0,0.0,0.3,23.33,26.62
4878,688150,莱特光电,33.89,-3.2,-1.12,149153.0,492708913.0,7.06,34.32,31.85,33.05,35.01,0.98,3.71,62.04,7.12,13638609756.0,13638609756.0,0.03,-0.03,55.32,25.38
4879,920807,奔朗新材,14.21,-3.2,-0.47,25968.0,36923335.58,3.81,14.56,14.0,14.5,14.68,0.7,2.13,110.73,2.75,2584514800.0,1733203960.0,0.07,-0.14,-6.82,-2.4
4880,002906,华阳集团,30.9,-3.2,-1.02,115566.0,352565213.16,4.61,31.45,29.98,31.45,31.92,1.2,2.2,21.67,2.39,16219998367.0,16214144115.0,0.19,0.19,3.48,1.05
4881,688351,微电生理,22.32,-3.21,-0.74,42549.0,94569054.0,4.64,22.98,21.91,22.8,23.06,1.04,0.9,205.35,5.83,10503792000.0,10503792000.0,0.0,0.04,0.59,-3.59
4882,301203,国泰环保,46.4,-3.21,-1.54,17298.0,80566632.02,4.96,48.01,45.63,47.85,47.94,0.96,3.95,28.36,2.6,3712000000.0,2034292000.0,-0.11,0.22,40.56,42.16
4883,000525,红太阳,6.93,-3.21,-0.23,828215.0,582679293.32,5.45,7.29,6.9,7.09,7.16,0.8,7.45,-24.95,3.44,9030888689.0,7704496835.0,-0.43,-0.57,18.66,26.92
4884,002833,弘亚数控,17.75,-3.22,-0.59,121403.0,211656784.91,5.56,18.05,17.03,18.0,18.34,1.86,4.21,16.64,2.62,7530120929.0,5121811206.0,-0.06,-0.22,8.5,8.43
4885,688261,东微半导,88.96,-3.22,-2.96,45175.0,391140200.0,6.58,90.08,84.03,89.22,91.92,0.94,3.7,247.51,3.69,10904269776.0,10861712557.0,-0.02,-0.09,26.58,8.47
4886,300863,卡倍亿,52.08,-3.23,-1.74,24190.0,125501464.68,3.99,53.12,50.97,53.12,53.82,1.01,1.34,53.45,6.86,9800197539.0,9419648875.0,0.08,0.13,7.78,3.33
4887,600149,廊坊发展,6.9,-3.23,-0.23,466808.0,324316475.0,3.65,7.12,6.86,6.88,7.13,0.7,12.28,1792.14,11.25,2623104000.0,2623104000.0,-0.29,-0.14,28.01,38.28
4888,600955,维远股份,19.5,-3.23,-0.65,81910.0,162214513.0,7.05,20.75,19.33,20.5,20.15,1.17,1.49,-44.84,1.27,10725000000.0,10725000000.0,0.0,0.1,26.38,20.37
4889,920879,基康技术,22.09,-3.24,-0.74,20707.0,45840799.04,3.85,22.73,21.85,22.5,22.83,1.02,1.58,44.92,5.83,3697660099.0,2889536195.0,0.41,0.64,1.75,3.22
4890,605589,圣泉集团,32.8,-3.24,-1.1,302098.0,979041480.0,4.54,33.27,31.73,33.02,33.9,1.04,3.58,27.41,2.7,27761542734.0,27670079934.0,0.15,0.34,23.31,15.9
4891,600391,航发科技,49.01,-3.24,-1.64,273219.0,1320987205.0,4.7,49.68,47.3,48.85,50.65,1.15,8.28,413.88,9.22,16179640277.0,16179640277.0,0.04,0.08,88.28,32.1
4892,688759,必贝特-U,39.39,-3.24,-1.32,26377.0,103599554.0,3.1,40.01,38.75,40.0,40.71,0.84,5.68,-115.8,10.62,17726943919.0,1830137432.0,0.25,0.28,21.46,35.55
4893,300397,天和防务,14.35,-3.24,-0.48,260243.0,374626759.82,4.86,14.9,14.18,14.61,14.83,0.64,6.42,-67.2,5.16,7428087291.0,5819002605.0,0.0,0.07,0.7,-3.17
4894,920005,鼎佳精密,36.87,-3.25,-1.24,5282.0,19660228.25,3.44,38.08,36.77,37.5,38.11,1.45,2.46,50.72,4.74,3060210000.0,792705000.0,0.0,0.03,-10.73,-9.79
4895,002950,奥美医疗,10.43,-3.25,-0.35,76824.0,80632667.5,3.53,10.78,10.4,10.78,10.78,1.32,1.7,14.2,1.77,6604958195.0,4714310030.0,0.0,0.0,-10.01,-4.49
4896,301013,利和兴,24.4,-3.25,-0.82,119746.0,287131897.57,3.89,24.5,23.52,24.5,25.22,1.25,6.33,-64.93,7.43,5703330566.0,4617495967.0,-0.08,0.0,-14.83,-12.89
4897,920247,华密新材,22.92,-3.25,-0.77,17911.0,41081510.41,3.71,23.5,22.62,23.48,23.69,0.98,1.57,84.18,7.54,3610912285.0,2618996202.0,-0.13,-0.3,-9.16,-15.86
4898,603119,浙江荣泰,83.49,-3.26,-2.81,117056.0,963721352.0,4.0,84.57,81.12,83.15,86.3,1.4,5.74,112.06,15.5,30368832104.0,17021898036.0,0.01,0.01,-8.59,-27.82
4899,300408,三环集团,56.98,-3.26,-1.92,311749.0,1740194672.48,4.74,57.3,54.51,56.92,58.9,1.09,1.67,41.82,5.2,109202020200.0,106541660809.0,0.04,0.02,35.31,24.55
4900,000863,三湘印象,5.63,-3.26,-0.19,221963.0,124967714.82,3.09,5.74,5.56,5.72,5.82,0.77,1.91,676.15,1.48,6647338523.0,6551154803.0,0.0,0.18,11.93,-9.63
4901,002806,华锋股份,15.44,-3.26,-0.52,118071.0,180836269.08,4.26,15.77,15.09,15.74,15.96,1.26,6.78,-247.86,2.85,3280678678.0,2688194092.0,0.32,0.78,13.95,23.92
4902,600309,万华化学,89.96,-3.27,-3.04,693148.0,6380575819.0,8.59,97.0,89.01,93.99,93.0,1.63,2.21,23.07,2.68,281617227475.0,281617227475.0,0.0,-0.03,31.91,17.32
4903,600791,京能置业,7.98,-3.27,-0.27,182579.0,145549585.0,4.85,8.23,7.83,8.11,8.25,0.78,4.04,-10.12,9.16,3613982400.0,3609463294.0,-0.13,-0.13,51.71,70.51
4904,920706,铁拓机械,26.07,-3.27,-0.88,36541.0,93971978.58,6.09,26.68,25.04,26.68,26.95,0.97,8.63,48.92,4.05,2409004737.0,1103982901.0,-0.15,-0.08,-0.53,4.28
4905,603345,安井食品,89.12,-3.27,-3.01,61549.0,549484545.0,3.65,91.58,88.22,91.25,92.13,1.49,2.1,23.47,1.96,29702709620.0,26138381956.0,0.15,0.12,9.36,12.41
4906,001230,劲旅环境,26.93,-3.27,-0.91,36696.0,99455071.48,4.17,27.81,26.65,27.46,27.84,1.02,4.67,21.71,1.87,3614707715.0,2115547281.0,0.0,0.0,22.19,23.59
4907,002353,杰瑞股份,118.5,-3.27,-4.0,205048.0,2388890010.61,7.58,122.48,113.2,119.83,122.5,0.68,2.96,50.33,5.48,121326916211.0,82149400965.0,0.09,-0.01,79.79,67.3
4908,000932,华菱钢铁,6.19,-3.28,-0.21,748127.0,463489537.36,4.06,6.36,6.1,6.36,6.4,1.06,1.09,12.68,0.77,42417650700.0,42417650700.0,0.0,0.0,10.93,10.14
4909,301028,鼎熔岩,14.44,-3.28,-0.49,49033.0,70545255.0,3.88,14.75,14.17,14.67,14.93,1.09,1.97,21.66,3.36,5545677495.0,3587754285.0,0.0,0.07,-0.28,-0.96
4910,920160,北矿检测,24.16,-3.28,-0.82,14768.0,35888652.04,3.0,24.81,24.06,24.66,24.98,1.27,5.79,37.02,5.16,2736844800.0,615790080.0,-0.08,0.12,-2.58,-6.43
4911,603655,朗博科技,38.0,-3.28,-1.29,11263.0,42741811.0,4.05,39.1,37.51,38.6,39.29,0.71,1.06,92.8,7.26,4028000000.0,4028000000.0,0.29,0.77,-1.5,-9.09
4912,002144,宏达高科,15.87,-3.29,-0.54,69190.0,110039062.0,4.08,16.32,15.65,16.13,16.41,0.67,5.03,35.42,1.32,2805221319.0,2184414660.0,0.19,0.13,16.86,25.06
4913,002916,深南电路,255.1,-3.29,-8.68,109483.0,2706650124.74,6.76,258.48,240.66,250.6,263.78,1.24,1.65,56.03,10.51,173765598385.0,169592890695.0,0.01,-0.02,30.83,9.82
4914,002886,沃特股份,22.56,-3.3,-0.77,98178.0,219677696.4,4.33,22.95,21.94,22.94,23.33,0.98,4.7,147.95,3.29,5937872426.0,4716803380.0,0.36,0.31,16.95,3.87
4915,000599,青岛双星,6.75,-3.3,-0.23,252465.0,169088231.42,4.3,6.9,6.6,6.88,6.98,1.04,3.09,-15.86,4.19,5513123162.0,5513029506.0,0.0,0.15,8.7,1.96
4916,301312,智立方,87.51,-3.3,-2.99,85274.0,718240699.42,13.67,90.87,78.5,85.01,90.5,1.18,14.08,113.69,8.61,10604515356.0,5298972465.0,0.36,-0.4,82.5,75.13
4917,002538,司尔特,7.91,-3.3,-0.27,457284.0,366481130.4,5.38,8.31,7.87,8.3,8.18,1.13,5.36,32.61,1.26,6751626085.0,6751584858.0,0.0,-0.13,18.06,23.21
4918,000905,厦门港务,12.3,-3.3,-0.42,252043.0,312351752.91,5.58,12.9,12.19,12.66,12.72,0.54,3.4,34.95,1.8,9124258043.0,9124239593.0,0.0,0.08,11.51,-5.67
4919,300467,迅游科技,30.45,-3.3,-1.04,47009.0,143212568.0,4.29,31.3,29.95,31.27,31.49,1.01,2.79,262.7,9.69,6187589114.0,5132568993.0,0.0,0.0,12.11,6.1
4920,301580,爱迪特,79.2,-3.31,-2.71,77718.0,603413529.8,9.66,82.7,74.79,80.97,81.91,0.94,10.79,44.72,4.05,8439911330.0,5703745766.0,-0.78,0.2,80.82,79.19
4921,688805,健信超导,43.81,-3.31,-1.5,20823.0,91153418.0,3.55,44.89,43.28,44.89,45.31,0.99,6.61,97.8,6.01,7346060800.0,1380841213.0,0.02,0.07,135.79,3.96
4922,003023,彩虹集团,24.8,-3.31,-0.85,179195.0,443189320.98,7.49,25.88,23.96,25.12,25.65,3.72,17.05,44.86,1.69,2612471680.0,2606532427.0,0.81,0.36,3.42,9.44
4923,300820,英杰电气,52.34,-3.31,-1.79,48334.0,251314769.65,3.21,52.98,51.24,52.98,54.13,1.11,4.32,45.21,4.61,11632722439.0,5850544840.0,0.0,0.19,5.84,9.16
4924,002338,奥普光电,51.7,-3.31,-1.77,38623.0,198956376.19,3.72,52.81,50.82,52.57,53.47,0.87,1.61,244.57,9.11,12408000000.0,12408000000.0,-0.06,-0.25,4.28,-11.46
4925,600066,宇通客车,29.44,-3.32,-1.01,187840.0,555183334.0,3.58,30.39,29.3,30.1,30.45,1.07,0.85,14.85,4.86,65178370725.0,65178370725.0,-0.07,0.0,-9.28,-9.97
4926,000590,古汉医药,11.93,-3.32,-0.41,52445.0,62434687.0,4.62,12.28,11.71,12.28,12.34,0.83,2.19,-144.57,4.9,2856892215.0,2855701124.0,0.08,0.08,3.2,6.42
4927,002554,惠博普,4.35,-3.33,-0.15,1960831.0,905270544.75,11.33,4.85,4.34,4.83,4.5,0.95,14.7,413.35,2.45,5801682313.0,5800596784.0,-0.23,0.0,23.93,36.36
4928,000852,石化机械,8.41,-3.33,-0.29,802450.0,707743386.51,12.53,9.45,8.36,9.18,8.7,0.83,8.48,875.7,2.56,8039688264.0,7953663190.0,0.0,-0.12,16.81,15.68
4929,920122,中纺标,30.2,-3.33,-1.04,6967.0,21165627.94,4.23,31.3,29.98,30.9,31.24,1.05,1.86,129.34,8.21,2785711662.0,1128729168.0,0.5,0.6,-16.32,-9.88
4930,688171,纬德信息,53.7,-3.33,-1.85,16549.0,87750487.0,6.75,55.8,52.05,55.8,55.55,1.02,1.98,367.99,5.33,4498631580.0,4498631580.0,-0.56,0.11,14.47,15.09
4931,600596,新安股份,12.72,-3.34,-0.44,300581.0,384333406.0,5.85,13.32,12.55,13.05,13.16,0.96,2.23,180.38,1.38,17166874463.0,17166874463.0,0.16,0.0,14.8,10.9
4932,002947,恒铭达,45.62,-3.35,-1.58,78562.0,356429343.8,4.22,46.49,44.5,46.33,47.2,1.2,4.08,21.49,3.58,11688269908.0,8788006830.0,-0.13,-0.04,2.72,-12.3
4933,600114,东睦股份,31.2,-3.35,-1.08,209132.0,634803947.0,5.98,31.41,29.48,31.38,32.28,1.45,3.39,35.58,6.07,19699164482.0,19231164482.0,-0.03,0.0,11.79,2.13
4934,002448,中原内配,17.31,-3.35,-0.6,587098.0,994019698.77,6.31,17.54,16.41,17.1,17.91,2.27,12.89,23.44,2.73,10185370972.0,7885352550.0,1.29,1.29,62.69,33.87
4935,300575,中旗股份,6.92,-3.35,-0.24,193726.0,134870642.32,4.33,7.19,6.88,7.09,7.16,1.26,5.65,-17.88,1.67,3300787408.0,2371540855.0,0.0,0.29,13.44,18.7
4936,300189,神农种业,8.37,-3.35,-0.29,2844304.0,2483979999.11,11.32,9.3,8.32,8.88,8.66,0.86,32.09,1136.7,11.74,8570880000.0,7417829419.0,-0.12,-0.12,37.66,12.5
4937,002772,众兴菌业,17.62,-3.35,-0.61,197770.0,343573657.0,8.56,18.23,16.67,18.23,18.23,1.5,5.07,25.43,2.04,6928912746.0,6873881856.0,-0.17,0.06,36.17,21.94
4938,603112,华翔股份,17.26,-3.36,-0.6,95768.0,165091794.0,3.36,17.68,17.08,17.68,17.86,1.04,1.9,16.6,2.14,9323343917.0,8719729855.0,0.0,0.06,-5.94,-0.63
4939,000711,ST京蓝,4.02,-3.37,-0.14,2461856.0,1019439818.56,9.13,4.36,3.98,4.12,4.16,1.79,10.77,-82.13,19.82,11485044416.0,9188649530.0,0.0,-0.25,131.03,135.09
4940,605566,福莱蒽特,27.28,-3.37,-0.95,24908.0,67361814.0,4.53,27.86,26.58,27.86,28.23,1.02,1.87,63.32,1.82,3637515200.0,3637515200.0,0.22,0.18,-10.56,-13.37
4941,603266,天龙股份,20.37,-3.37,-0.71,45926.0,93941364.0,3.84,21.01,20.2,21.01,21.08,0.95,2.31,36.74,2.58,4051323098.0,4051323098.0,0.0,-0.05,-0.39,-10.5
4942,002294,信立泰,49.1,-3.37,-1.71,73562.0,360522319.12,5.14,50.81,48.2,50.34,50.81,1.02,0.66,70.7,6.24,54737491869.0,54725177638.0,-0.1,-0.04,-17.87,-0.91
4943,300557,理工光科,39.43,-3.38,-1.38,63235.0,246300786.77,4.85,39.99,38.01,39.99,40.81,0.62,5.3,90.23,4.78,4765820430.0,4703473240.0,0.13,-0.13,40.12,11.73
4944,603313,梦百合,8.86,-3.38,-0.31,122963.0,108746559.0,2.18,8.98,8.78,8.9,9.17,1.41,2.16,23.56,1.37,5055399801.0,5055399801.0,-0.23,-0.11,-5.84,-0.45
4945,000887,中鼎股份,19.41,-3.38,-0.68,286801.0,550800821.3,4.38,19.76,18.88,19.75,20.09,1.26,2.18,14.66,1.81,25553065989.0,25511933501.0,0.05,0.1,-6.73,-16.37
4946,600815,厦工股份,3.14,-3.38,-0.11,418474.0,131548952.0,4.31,3.24,3.1,3.24,3.25,0.92,2.36,-664.73,3.67,5570656667.0,5570656667.0,0.0,0.0,-24.34,-8.99
4947,920699,海达尔,42.78,-3.39,-1.5,2597.0,11065873.8,4.63,44.06,42.01,44.05,44.28,0.88,1.24,30.05,5.69,1951850334.0,893045334.0,-0.35,-0.16,-10.69,-9.33
4948,688652,京仪装备,106.57,-3.39,-3.74,59997.0,622093908.0,6.46,107.93,100.8,105.0,110.31,1.08,4.97,122.18,8.14,17903760000.0,12868327500.0,0.45,-0.03,14.85,8.4
4949,920651,天罡股份,33.91,-3.39,-1.19,4216.0,14468225.35,4.79,35.39,33.71,34.85,35.1,0.9,2.76,25.76,3.81,2068510000.0,517970876.0,-0.09,-0.41,-13.43,-21.69
4950,000776,广发证券,19.39,-3.39,-0.68,549278.0,1067264757.75,2.74,19.8,19.25,19.8,20.07,1.25,0.93,10.41,1.16,151723754458.0,114479516140.0,0.0,0.1,-7.05,-11.94
4951,688578,艾力斯,94.03,-3.39,-3.3,60638.0,570051797.0,4.09,96.79,92.81,95.8,97.33,0.83,1.35,19.4,5.98,42313500000.0,42313500000.0,0.02,-0.31,-0.39,-9.72
4952,603568,伟明环保,27.68,-3.39,-0.97,81491.0,224449699.0,5.69,28.53,26.9,28.5,28.65,1.11,0.48,16.63,3.25,47336344673.0,47250979553.0,0.07,-0.04,25.31,9.06
4953,601688,华泰证券,19.68,-3.39,-0.69,928067.0,1831873055.0,2.21,20.04,19.59,20.03,20.37,1.2,1.27,10.46,1.03,177648679308.0,143796999526.0,0.05,0.05,-5.29,-16.57
4954,603897,长城科技,33.22,-3.4,-1.17,108154.0,357111203.0,4.3,33.84,32.36,32.5,34.39,0.58,5.24,23.93,2.85,6857793323.0,6857793323.0,0.09,0.12,26.12,22.13
4955,300218,安利股份,16.47,-3.4,-0.58,78852.0,129657362.0,4.28,16.9,16.17,16.9,17.05,1.19,3.65,22.08,2.31,3573775890.0,3562072209.0,0.06,0.18,-0.06,1.35
4956,688082,盛美上海,155.33,-3.4,-5.47,29468.0,452842608.0,3.65,156.9,151.03,156.9,160.8,1.06,0.68,53.43,5.54,74583996675.0,67782875887.0,0.0,0.11,-1.04,-11.77
4957,600362,江西铜业,51.77,-3.4,-1.82,580304.0,2961835761.0,5.08,52.32,49.6,51.51,53.59,1.08,2.8,22.32,2.19,179265501297.0,107435558157.0,0.33,-0.06,27.92,-5.74
4958,300828,锐新科技,21.9,-3.4,-0.77,89605.0,196282829.5,3.35,22.36,21.6,22.22,22.67,0.71,7.18,97.83,4.68,3644641800.0,2731766361.0,0.27,0.23,33.78,30.12
4959,000010,美丽生态,4.26,-3.4,-0.15,555854.0,235891819.0,4.54,4.37,4.17,4.33,4.41,0.52,6.55,-115.13,15.0,4897518764.0,3612622007.0,-0.23,0.0,12.7,20.68
4960,920839,万通液压,36.72,-3.42,-1.3,10789.0,39624153.43,4.26,37.89,36.27,37.64,38.02,0.87,1.66,34.29,6.55,4340670135.0,2388777225.0,-0.3,0.16,-14.23,-13.03
4961,301529,福赛科技,113.19,-3.42,-4.01,18555.0,208131128.2,4.74,115.56,110.0,115.33,117.2,0.88,4.1,67.52,7.03,9602723800.0,5120546947.0,0.02,-0.03,60.1,0.08
4962,002627,三峡旅游,8.19,-3.42,-0.29,180735.0,147910497.8,3.54,8.38,8.08,8.35,8.48,1.23,2.52,51.83,1.91,5934485286.0,5873110974.0,0.0,-0.12,16.17,10.38
4963,300561,*ST汇科,11.03,-3.42,-0.39,89121.0,97657445.0,4.38,11.2,10.7,11.2,11.42,1.19,3.7,1786.8,6.03,3619030964.0,2658865041.0,-0.09,-0.09,-19.37,-25.02
4964,605056,咸亨国际,23.69,-3.42,-0.84,121979.0,282619467.0,7.3,24.14,22.35,23.9,24.53,1.53,3.02,56.74,5.79,9698524908.0,9556384908.0,-0.38,0.51,27.71,44.28
4965,000821,ST京机,13.55,-3.42,-0.48,285924.0,385258856.7,2.78,13.72,13.33,13.72,14.03,1.03,4.73,22.23,1.97,8439953242.0,8193017852.0,0.0,-0.15,9.1,0.59
4966,603179,新泉股份,76.79,-3.42,-2.72,114252.0,859727997.0,4.29,77.1,73.69,76.06,79.51,1.02,2.24,47.19,6.07,39173795963.0,39173795963.0,-0.01,0.33,12.27,3.94
4967,002970,锐明技术,75.22,-3.43,-2.67,70639.0,522301644.0,7.69,77.69,71.7,77.12,77.89,1.05,5.73,37.19,7.06,13587537706.0,9275397607.0,0.11,0.0,55.03,55.09
4968,300726,宏达电子,48.44,-3.43,-1.72,102394.0,487097210.98,5.74,49.33,46.45,48.96,50.16,0.92,4.77,45.72,3.97,19949522092.0,10387397210.0,0.0,0.17,18.81,-4.85
4969,003033,征和工业,59.6,-3.43,-2.12,13086.0,77419888.57,3.65,60.4,58.15,60.4,61.72,1.0,1.62,27.82,3.48,4872300000.0,4812321063.0,0.15,-0.2,-6.47,-24.18
4970,301328,维峰电子,50.83,-3.44,-1.81,16747.0,84694897.0,4.58,51.92,49.51,51.64,52.64,0.74,1.52,51.34,2.88,5585891383.0,5585822763.0,-0.02,0.02,21.17,6.85
4971,600618,氯碱化工,15.38,-3.45,-0.55,326691.0,514223841.0,7.22,16.47,15.32,16.35,15.93,1.12,4.36,21.77,1.96,17785431631.0,11532538831.0,0.07,-0.06,22.55,29.46
4972,301319,唯特偶,46.16,-3.45,-1.65,34318.0,157587091.4,6.4,47.69,44.63,47.0,47.81,0.97,3.67,61.96,4.9,5744653406.0,4317781612.0,0.0,-0.02,0.57,-16.74
4973,688020,方邦股份,86.65,-3.45,-3.1,16986.0,144004073.0,6.44,88.78,83.0,88.78,89.75,0.98,2.06,-83.63,5.37,7137620450.0,7137620450.0,-0.01,0.3,43.46,27.39
4974,600031,三一重工,21.27,-3.45,-0.76,888106.0,1881735763.0,3.86,21.68,20.83,21.67,22.03,1.37,1.05,20.56,2.46,195577744375.0,180250276087.0,0.05,0.09,4.26,0.66
4975,301548,崇德科技,83.13,-3.45,-2.97,31387.0,253469081.05,10.36,85.23,76.31,76.31,86.1,1.37,11.96,53.15,4.79,7232310000.0,2180914054.0,-0.02,0.02,69.93,50.3
4976,603919,金徽酒,19.3,-3.45,-0.69,105852.0,205666493.0,5.05,19.94,18.93,19.76,19.99,1.35,2.09,22.68,2.88,9790117942.0,9790117942.0,0.0,0.05,-1.88,-4.55
4977,603968,醋化股份,14.24,-3.46,-0.51,89177.0,126699543.0,3.46,14.58,14.07,14.58,14.75,0.61,4.36,-90.13,1.61,2911795200.0,2911795200.0,0.14,0.0,23.18,27.48
4978,300100,双林股份,32.1,-3.46,-1.15,98556.0,314127718.34,4.84,32.92,31.31,32.92,33.25,1.23,1.79,34.23,5.96,18360652374.0,17712331659.0,0.03,0.12,-13.78,-18.98
4979,688181,八亿时空,33.45,-3.46,-1.2,56306.0,186759045.0,4.42,34.13,32.6,34.13,34.65,1.27,4.19,57.44,2.09,4498407714.0,4498407714.0,0.0,0.15,-0.36,3.5
4980,000070,特发信息,16.47,-3.46,-0.59,1091081.0,1745197223.34,7.68,16.7,15.39,16.52,17.06,0.97,12.28,1390.86,9.83,14828678197.0,14636540692.0,0.12,0.18,22.91,40.29
4981,603049,中策橡胶,51.2,-3.47,-1.84,40057.0,205819427.0,2.79,52.38,50.9,52.3,53.04,1.25,4.58,9.56,1.85,44773662618.0,4477366272.0,0.0,-0.02,-9.64,-8.49
4982,300727,润禾材料,33.65,-3.47,-1.21,64689.0,217315213.58,3.79,34.5,33.18,34.3,34.86,1.29,4.0,47.71,4.66,6061588245.0,5447214957.0,0.06,0.0,1.88,-5.58
4983,000545,金浦钛业,3.62,-3.47,-0.13,2422697.0,881518127.46,5.87,3.78,3.56,3.76,3.75,1.48,24.59,-11.52,3.92,3572335808.0,3567159208.0,0.28,0.28,14.56,28.37
4984,600703,三安光电,16.38,-3.48,-0.59,2627945.0,4241215220.0,4.95,16.55,15.71,16.32,16.97,1.31,5.27,691.75,2.31,81720126748.0,81720126748.0,0.0,0.0,25.23,15.92
4985,301215,中汽股份,6.63,-3.49,-0.24,180213.0,118907772.0,4.08,6.78,6.5,6.7,6.87,1.23,1.36,41.16,3.01,8777457000.0,8767512000.0,0.3,0.15,2.79,-3.21
4986,000768,中航西飞,28.76,-3.49,-1.04,455210.0,1304668319.49,3.39,29.32,28.31,29.28,29.8,0.77,1.64,60.45,3.67,79985847282.0,79855899622.0,0.0,0.21,20.54,13.32
4987,002537,海联金汇,8.84,-3.49,-0.32,697094.0,607294426.91,5.35,9.0,8.51,8.98,9.16,1.28,5.96,38.8,2.45,10378308026.0,10335725746.0,0.0,0.0,11.9,-2.43
4988,300437,清水源,19.38,-3.49,-0.7,483575.0,977808748.41,8.91,21.12,19.33,19.5,20.08,1.09,27.51,-100.79,3.51,4891956015.0,3407209370.0,0.05,-0.21,-16.72,21.35
4989,000592,平潭发展,11.62,-3.49,-0.42,2602367.0,3083197060.52,7.48,12.4,11.5,12.23,12.04,0.59,13.59,539.07,11.7,22447293965.0,22253374257.0,0.09,0.0,3.11,-24.55
4990,603989,艾华集团,18.18,-3.5,-0.66,79381.0,142655700.0,5.68,18.59,17.52,18.51,18.84,0.93,1.99,24.57,1.9,7249817855.0,7249817855.0,0.06,0.06,9.72,8.34
4991,002158,汉钟精机,23.72,-3.5,-0.86,113396.0,265184286.0,6.1,24.5,23.0,24.5,24.58,1.51,2.13,27.0,2.9,12683656577.0,12656687174.0,0.0,0.0,7.04,-5.23
4992,600987,航民股份,7.73,-3.5,-0.28,225075.0,174011583.0,4.24,7.93,7.59,7.8,8.01,0.95,2.2,12.26,1.22,7890929888.0,7890929888.0,-0.13,-0.26,6.18,12.19
4993,002540,亚太科技,7.17,-3.5,-0.26,279500.0,200739661.02,4.58,7.4,7.06,7.35,7.43,1.42,3.21,22.85,1.65,8970680705.0,6250624154.0,0.0,0.28,-3.24,1.27
4994,605198,安德利,38.45,-3.51,-1.4,17365.0,67331238.0,4.17,39.88,38.22,39.52,39.85,1.06,0.64,33.97,4.8,12849528600.0,10402109200.0,0.08,0.08,-1.31,2.21
4995,300240,飞力达,7.69,-3.51,-0.28,152443.0,117888575.25,3.76,7.93,7.63,7.82,7.97,0.59,4.2,64.56,1.94,2857319086.0,2794383580.0,0.13,0.13,0.0,1.99
4996,603836,海程邦达,14.03,-3.51,-0.51,42021.0,59308088.0,3.99,14.55,13.97,14.54,14.54,0.62,2.05,64.42,1.63,2879450375.0,2879450375.0,0.0,0.21,-8.84,1.96
4997,688501,青达环保,26.4,-3.51,-0.96,24965.0,65886983.0,5.37,27.33,25.86,27.01,27.36,0.91,2.01,18.12,2.91,3279566400.0,3279566400.0,0.15,0.04,1.23,-0.11
4998,002558,巨人网络,34.35,-3.51,-1.25,625742.0,2135863610.56,5.11,35.14,33.32,35.03,35.6,1.62,3.23,35.18,4.38,66458683488.0,66458683488.0,-0.09,-0.12,-12.31,-20.65
4999,688359,三孚新科,85.43,-3.51,-3.11,31389.0,265766946.0,4.96,87.05,82.66,86.85,88.54,0.83,3.19,-170.19,14.26,8400344458.0,8400344458.0,0.04,-0.18,24.86,28.22
5000,920471,美邦科技,15.06,-3.52,-0.55,49554.0,76050796.98,7.94,16.2,14.96,15.15,15.61,1.23,9.34,-46.01,2.44,1252992000.0,798640941.0,0.2,0.4,17.56,18.68
5001,300903,科翔股份,36.2,-3.52,-1.32,492352.0,1747665591.77,6.29,36.62,34.26,36.47,37.52,1.16,14.99,-98.75,8.7,15760993581.0,11887904864.0,0.22,0.3,77.36,87.66
5002,000801,四川九洲,15.91,-3.52,-0.58,240193.0,380528455.25,3.7,16.26,15.65,16.21,16.49,1.07,2.36,123.97,5.52,16169726916.0,16169726916.0,0.06,0.13,-0.19,-6.19
5003,301186,超达装备,48.9,-3.53,-1.79,18072.0,87973398.93,6.19,50.76,47.62,50.1,50.69,1.4,2.39,26.85,2.47,3938875049.0,3699250672.0,-0.2,-0.12,5.16,0.7
5004,301567,贝隆精密,47.65,-3.54,-1.75,15858.0,75356147.8,4.33,48.8,46.66,48.79,49.4,0.77,7.47,145.9,4.59,3430800000.0,1012078853.0,-0.08,0.02,-12.33,1.38
5005,603082,北自科技,38.46,-3.54,-1.41,28109.0,108269207.0,3.31,39.32,38.0,39.0,39.87,0.98,6.93,39.8,3.91,6239271304.0,1559818374.0,-0.05,-0.05,6.77,4.23
5006,603993,洛阳钼业,21.24,-3.54,-0.78,3403791.0,7091991877.0,5.54,21.5,20.28,21.1,22.02,1.15,1.95,23.87,5.85,454415148138.0,370868287818.0,-0.05,0.0,20.54,6.2
5007,603043,广州酒家,16.6,-3.54,-0.61,84419.0,140667623.0,3.78,17.16,16.51,17.0,17.21,1.86,1.5,19.35,2.4,9441595363.0,9361666363.0,0.0,0.36,-7.31,-5.84
5008,300486,东杰智能,24.2,-3.55,-0.89,179643.0,434228878.79,4.38,24.9,23.8,24.9,25.09,0.9,3.77,1036.79,6.89,11547004251.0,11543533753.0,0.08,0.21,21.18,23.41
5009,300602,飞荣达,35.34,-3.55,-1.3,347021.0,1191847945.39,5.79,35.48,33.36,35.12,36.64,0.86,8.78,53.89,5.18,20563053652.0,13973572872.0,0.26,0.26,30.79,6.57
5010,603192,汇得科技,25.53,-3.55,-0.94,26779.0,68517219.0,4.87,26.5,25.21,26.11,26.47,1.1,1.92,42.09,2.27,4272738610.0,3559047103.0,0.04,-0.04,9.1,-2.71
5011,301397,溯联股份,29.59,-3.55,-1.09,28436.0,83582011.34,5.48,30.6,28.92,30.22,30.68,1.28,4.02,34.09,2.35,4606065152.0,2093131443.0,-0.03,0.1,-12.33,-15.04
5012,688003,天准科技,59.8,-3.56,-2.21,39483.0,234725576.0,4.11,61.0,58.45,61.0,62.01,0.88,2.03,147.84,5.77,11620365900.0,11620365900.0,0.02,0.0,11.36,1.53
5013,601608,中信重工,7.04,-3.56,-0.26,751160.0,521660845.0,5.89,7.23,6.8,7.22,7.3,1.15,1.64,84.86,3.49,32240056196.0,32240056196.0,0.14,0.14,6.99,6.83
5014,301045,天禄科技,47.41,-3.56,-1.75,75553.0,350374900.16,6.1,48.0,45.0,47.94,49.16,1.32,11.81,155.22,5.1,5230193353.0,3032248021.0,0.06,0.21,74.24,78.7
5015,600765,中航重机,19.22,-3.56,-0.71,500974.0,957756420.0,3.96,19.63,18.84,19.59,19.93,1.03,3.23,36.34,2.11,29838937621.0,29838937621.0,0.05,0.05,21.34,0.31
5016,000960,锡业股份,38.86,-3.57,-1.44,746139.0,2836230489.78,5.56,39.08,36.84,38.18,40.3,0.81,4.53,27.48,3.21,63941485655.0,63941485655.0,0.0,0.18,51.97,39.94
5017,300308,中际旭创,525.99,-3.57,-19.49,314743.0,16230653690.17,4.09,528.3,506.0,520.1,545.48,0.88,2.85,54.12,19.48,584437132501.0,581482198527.0,0.0,0.07,0.43,-13.77
5018,600927,永安期货,14.81,-3.58,-0.55,122237.0,181972972.0,4.49,15.42,14.73,15.2,15.36,1.43,0.84,34.05,1.64,21556777784.0,21556777784.0,0.0,0.0,3.35,-7.84
5019,688392,骄成超声,117.62,-3.58,-4.37,17487.0,201178369.0,4.93,118.51,112.49,113.4,121.99,0.76,1.51,118.46,7.57,13612557803.0,13612557803.0,-0.2,-0.21,14.14,4.83
5020,300121,阳谷华泰,13.45,-3.58,-0.5,165193.0,223405126.57,4.44,13.9,13.28,13.79,13.95,1.05,3.85,28.11,1.73,5988397058.0,5774880110.0,0.0,0.07,-3.65,6.58
5021,920101,志高机械,37.69,-3.58,-1.4,8391.0,31762625.56,2.74,38.67,37.6,38.09,39.09,1.0,3.02,28.03,3.18,3359994678.0,1048480735.0,-0.11,-0.03,-6.27,-5.54
5022,688720,艾森股份,67.05,-3.59,-2.5,33627.0,222025727.0,4.6,67.69,64.49,67.54,69.55,1.12,5.96,117.1,5.74,5909340045.0,3780568790.0,-0.03,-0.1,32.69,-4.73
5023,301345,涛涛车业,194.75,-3.59,-7.25,14603.0,282040160.0,3.91,196.89,189.0,195.98,202.0,1.31,5.03,26.26,6.22,21237306577.0,5659034984.0,0.0,0.01,-6.75,-22.51
5024,688081,兴图新科,38.59,-3.6,-1.44,22590.0,86437389.0,5.42,39.82,37.65,39.82,40.03,0.67,2.19,-62.36,9.82,3976313600.0,3976313600.0,0.1,0.03,34.55,6.96
5025,002036,联创电子,10.45,-3.6,-0.39,626978.0,646027951.35,4.61,10.62,10.12,10.62,10.84,0.82,5.95,162.44,5.14,11028979878.0,11008181441.0,0.0,0.1,-1.04,-5.17
5026,920690,捷众科技,28.8,-3.61,-1.08,8622.0,24824826.63,4.25,29.6,28.33,29.56,29.88,1.04,2.0,25.94,3.16,1909440000.0,1241253504.0,-0.41,-0.07,-5.01,-13.59
5027,301188,力诺药包,16.77,-3.62,-0.63,79663.0,133092677.74,3.68,17.08,16.44,17.0,17.4,1.29,3.09,63.76,2.65,4325916334.0,4325916334.0,0.0,0.12,-2.16,-4.72
5028,301498,乖宝宠物,57.54,-3.63,-2.17,36034.0,208348220.0,4.32,59.66,57.08,59.5,59.71,1.46,2.01,33.69,5.14,23043207214.0,10325567903.0,0.05,0.3,-15.83,-11.68
5029,688269,凯立新材,44.38,-3.63,-1.67,27905.0,124035768.0,4.76,45.96,43.77,45.81,46.05,0.98,2.13,52.6,5.49,5800643520.0,5800643520.0,0.05,0.0,19.2,10.92
5030,920273,一致魔芋,26.0,-3.63,-0.98,12185.0,31749404.22,4.74,26.95,25.67,26.76,26.98,0.86,1.77,40.45,4.05,2682443036.0,1785437836.0,0.04,0.19,-23.53,-19.98
5031,688383,新益昌,71.99,-3.63,-2.71,17946.0,128441784.0,4.27,73.83,70.64,72.9,74.7,0.93,1.77,-55.07,5.92,7317531535.0,7317531535.0,0.11,-0.18,14.6,-8.02
5032,600711,盛屯矿业,14.28,-3.64,-0.54,1363447.0,1900193860.0,5.33,14.35,13.56,14.35,14.82,1.25,4.41,19.45,2.61,44133932948.0,44133932948.0,0.0,0.0,13.88,-5.8
5033,603758,秦安股份,13.5,-3.64,-0.51,61712.0,83624952.0,4.71,14.01,13.35,14.01,14.01,1.4,1.41,33.86,2.34,5923760162.0,5923760162.0,0.07,0.0,-26.51,-22.37
5034,300488,恒锋工具,35.7,-3.64,-1.35,39408.0,139514440.49,4.18,36.28,34.73,36.03,37.05,0.62,2.73,40.61,3.79,6181726142.0,5147045251.0,0.0,-0.03,14.61,9.38
5035,603042,华脉科技,18.94,-3.66,-0.72,213043.0,392978513.0,8.29,19.32,17.69,19.26,19.66,0.78,13.27,-62.7,3.53,3041571570.0,3041571570.0,0.53,0.48,15.84,11.61
5036,300321,同大股份,37.15,-3.66,-1.41,14798.0,55434829.0,3.89,38.41,36.91,38.41,38.56,1.0,1.67,224.35,5.21,3298920000.0,3295052685.0,-0.3,-0.16,-21.79,-17.95
5037,920139,华岭股份,19.22,-3.66,-0.73,42488.0,81478526.33,3.16,19.54,18.91,19.54,19.95,0.92,1.64,-93.13,4.97,5179932074.0,4964953030.0,0.05,0.0,-7.24,-8.04
5038,000700,模塑科技,12.37,-3.66,-0.47,402871.0,494190206.35,3.82,12.54,12.05,12.5,12.84,0.89,4.39,22.71,2.83,11355850362.0,11355850362.0,0.16,0.24,30.49,-11.96
5039,603823,百合花,17.59,-3.67,-0.67,126612.0,218659066.0,7.5,18.2,16.83,18.2,18.26,1.45,3.08,40.56,3.01,7323907913.0,7230044155.0,-0.45,0.57,5.01,16.88
5040,300516,久之洋,64.35,-3.67,-2.45,56141.0,359361454.5,4.45,65.72,62.75,65.72,66.8,0.72,3.12,399.49,8.92,11583000000.0,11583000000.0,0.09,0.11,20.37,-20.26
5041,300810,中科海讯,38.5,-3.68,-1.47,39753.0,152967267.0,5.73,39.97,37.68,39.28,39.97,0.81,3.49,-44.31,6.11,4544925000.0,4388635213.0,-0.08,-0.21,-1.79,0.57
5042,301181,标榜股份,42.42,-3.68,-1.62,20447.0,86327736.3,4.36,43.47,41.55,43.43,44.04,0.98,2.27,40.64,3.42,4901248075.0,3825487480.0,-0.24,-0.02,9.47,-3.98
5043,920015,锦华新材,44.8,-3.68,-1.71,18031.0,80525004.54,4.04,45.88,44.0,45.84,46.51,1.39,4.78,31.19,3.62,6073386682.0,1690990022.0,0.0,-0.18,-7.8,-6.08
5044,603896,寿仙谷,20.15,-3.68,-0.77,64513.0,131185446.0,3.78,20.9,20.11,20.7,20.92,0.78,3.25,39.24,1.78,3994614807.0,3994614807.0,0.1,0.05,0.25,3.97
5045,301008,宏昌科技,31.41,-3.68,-1.2,18738.0,58895252.74,3.28,32.08,31.01,32.08,32.61,0.95,1.62,122.48,2.75,4113555180.0,3638635980.0,-0.29,-0.32,-9.09,-8.96
5046,001696,宗申动力,24.6,-3.68,-0.94,1637019.0,4109507007.73,5.83,25.86,24.37,25.4,25.54,1.84,18.36,27.88,5.14,28167662232.0,21928396335.0,-0.08,-0.28,14.42,13.42
5047,920405,海希通讯,22.16,-3.69,-0.85,16672.0,36880214.16,5.0,22.88,21.73,22.88,23.01,1.24,1.51,52.81,3.82,3108161600.0,2439378473.0,0.09,0.45,-19.51,-13.37
5048,300703,创源股份,22.18,-3.69,-0.85,63238.0,139234373.72,4.91,22.8,21.67,22.49,23.03,1.26,3.73,37.67,4.29,4001091011.0,3763093911.0,0.82,0.73,-9.47,-9.25
5049,300842,帝科股份,100.64,-3.69,-3.86,77016.0,759935752.38,6.78,102.99,95.9,100.84,104.5,0.73,5.94,372.27,8.0,14620953336.0,13047215162.0,0.24,0.09,89.24,69.8
5050,002217,合力泰,2.6,-3.7,-0.1,2456649.0,635997487.76,3.33,2.65,2.56,2.65,2.7,0.97,3.37,818.9,10.39,19446437213.0,18926238217.0,0.0,0.39,-20.25,-14.75
5051,301235,华康洁净,52.85,-3.7,-2.03,78446.0,409593135.05,5.07,54.0,51.22,53.4,54.88,0.98,10.78,69.85,3.13,5696005043.0,3844577478.0,0.04,0.06,74.19,43.34
5052,600389,江山股份,29.37,-3.7,-1.13,170592.0,508962543.0,7.38,31.48,29.23,31.1,30.5,1.04,3.96,22.31,3.09,12648190500.0,12648190500.0,0.14,0.27,32.06,16.18
5053,600685,中船防务,35.0,-3.71,-1.35,214141.0,751176391.0,3.19,35.89,34.73,35.86,36.35,0.83,2.61,56.64,2.75,49472723230.0,28750231335.0,0.0,-0.03,15.59,23.02
5054,300866,安克创新,92.93,-3.71,-3.58,54029.0,499704217.07,3.7,94.78,91.21,94.78,96.51,1.12,1.76,19.33,5.04,49825244068.0,28569487557.0,-0.05,0.12,-15.48,-18.76
5055,688036,传音控股,57.29,-3.71,-2.21,152621.0,871832433.0,2.02,57.67,56.47,57.3,59.5,1.02,1.33,25.52,3.23,65951362583.0,65951362583.0,-0.03,-0.03,-17.95,-13.41
5056,603663,三祥新材,50.93,-3.72,-1.97,145697.0,733204674.0,4.35,51.5,49.2,51.0,52.9,0.89,3.45,207.41,16.3,21558656268.0,21534209868.0,0.26,0.14,64.29,44.07
5057,920510,丰光精密,16.3,-3.72,-0.63,16468.0,26867923.52,3.66,16.73,16.11,16.69,16.93,1.03,1.75,-193.25,7.73,3002687043.0,1530554971.0,0.0,-0.12,-2.86,-22.42
5058,600684,珠江股份,4.9,-3.73,-0.19,341583.0,165708441.0,4.91,5.0,4.75,4.96,5.09,1.2,4.0,110.77,8.42,5419763987.0,4181957543.0,-0.2,-0.2,6.75,12.39
5059,688585,上纬新材,118.29,-3.74,-4.59,41141.0,475476831.0,4.83,118.78,112.85,116.58,122.88,0.97,1.02,1165.17,35.52,47713658805.0,47713658805.0,0.0,-0.02,11.59,-7.13
5060,603530,神马电力,68.54,-3.74,-2.66,130059.0,886316260.0,6.49,70.52,65.9,67.64,71.2,0.74,3.04,80.1,18.12,29587660771.0,29298435610.0,-0.29,-0.65,68.16,66.85
5061,300469,信息发展,61.71,-3.74,-2.4,67624.0,415918048.7,3.76,63.01,60.6,63.0,64.11,1.0,2.72,-147.2,40.2,15318817829.0,15318430907.0,0.16,-0.06,-0.32,-0.15
5062,688333,铂力特,98.33,-3.74,-3.82,96646.0,933142889.0,4.82,99.4,94.48,99.4,102.15,1.15,3.52,128.5,5.36,26974099369.0,26974099369.0,0.08,-0.07,33.71,-11.82
5063,688556,高测股份,15.18,-3.74,-0.59,460655.0,690534015.0,3.74,15.29,14.7,15.0,15.77,0.79,5.54,-313.99,3.2,12611148318.0,12611148318.0,0.07,0.0,39.65,32.92
5064,002581,ST未名,8.23,-3.74,-0.32,81638.0,67648508.0,4.8,8.53,8.12,8.46,8.55,0.72,2.04,-59.18,2.9,5429623873.0,3298511255.0,-0.12,0.12,9.15,9.73
5065,688012,中微公司,323.71,-3.74,-12.59,113508.0,3641832132.0,3.56,327.0,315.04,327.0,336.3,1.27,1.81,95.99,8.93,202689497329.0,202689497329.0,0.15,0.1,24.75,18.7
5066,603585,苏利股份,21.08,-3.74,-0.82,49682.0,105313889.0,4.89,21.87,20.8,21.75,21.9,0.83,2.72,21.23,1.55,3939677605.0,3852090205.0,0.05,0.09,17.18,11.77
5067,301092,争光股份,36.95,-3.75,-1.44,28004.0,102907575.0,4.58,37.77,36.01,37.7,38.39,1.15,4.61,47.15,2.56,4971078744.0,2242443179.0,-0.05,0.0,4.56,5.09
5068,301180,万祥科技,19.25,-3.75,-0.75,120035.0,228501570.48,5.1,19.66,18.64,19.65,20.0,0.91,7.31,598.05,5.84,7700192500.0,3159656539.0,0.0,0.05,13.04,15.27
5069,300943,春晖智控,34.63,-3.75,-1.35,140981.0,478321913.59,5.25,34.89,33.0,34.0,35.98,0.74,10.49,130.48,7.13,7058286600.0,4652204139.0,0.0,0.17,88.51,66.65
5070,688281,华秦科技,86.77,-3.76,-3.39,33858.0,291561384.0,5.83,89.88,84.62,88.08,90.16,0.86,1.24,75.46,5.01,23650957470.0,23650957470.0,0.15,0.59,36.17,17.67
5071,688233,神工股份,79.4,-3.76,-3.1,55414.0,428325420.0,5.62,80.0,75.36,77.0,82.5,0.98,3.25,133.28,7.17,13522275438.0,13522275438.0,0.08,0.04,28.33,13.38
5072,002842,翔鹭钨业,41.39,-3.77,-1.62,502693.0,2098635133.58,8.02,44.02,40.57,42.56,43.01,0.7,18.72,196.17,12.12,13541666547.0,11111654970.0,0.0,-0.02,268.57,186.24
5073,002570,贝因美,5.86,-3.78,-0.23,577115.0,339657950.88,3.61,6.04,5.82,5.97,6.09,0.74,5.34,44.65,3.68,6329053931.0,6328772651.0,-0.17,0.0,-3.93,-4.25
5074,000672,上峰水泥,14.0,-3.78,-0.55,207703.0,290193662.47,5.02,14.38,13.65,14.2,14.55,0.93,2.14,19.28,1.53,13571536300.0,13571536300.0,-0.14,-0.14,28.91,7.78
5075,603269,海鸥股份,16.3,-3.78,-0.64,482396.0,781165750.0,4.78,16.58,15.77,16.09,16.94,1.33,15.62,73.68,5.28,5032653818.0,5032653818.0,-0.49,-0.49,36.86,24.52
5076,600980,北矿科技,23.87,-3.79,-0.94,71388.0,168813806.0,5.93,24.6,23.13,24.59,24.81,1.02,3.77,40.36,3.12,4517720366.0,4517720366.0,0.17,-0.04,6.28,3.87
5077,301228,实朴检测,41.9,-3.79,-1.65,20902.0,87558988.35,4.75,43.07,41.0,43.0,43.55,0.83,1.75,-94.78,7.28,5028000000.0,5004548319.0,-0.02,0.0,-6.37,8.52
5078,300983,尤安设计,27.62,-3.8,-1.09,15341.0,42481028.97,5.78,28.7,27.04,28.7,28.71,1.47,1.3,-200.62,1.68,4772736000.0,3266961683.0,-0.29,-0.36,6.64,3.06
5079,603920,世运电路,55.3,-3.81,-2.19,321141.0,1735834624.0,5.22,55.68,52.68,55.0,57.49,0.91,4.46,47.81,5.97,39848755130.0,39848755130.0,-0.02,-0.02,38.7,14.23
5080,002921,联诚精密,25.99,-3.81,-1.03,82141.0,211914175.92,6.4,26.88,25.15,26.88,27.02,0.84,6.39,-252.84,2.93,3871733601.0,3339757364.0,0.81,0.35,67.89,52.7
5081,301448,开创电气,41.44,-3.81,-1.64,9347.0,39004736.26,4.62,43.0,41.01,43.0,43.08,0.9,1.94,-310.7,6.35,4334624000.0,2000826800.0,-0.17,-0.1,-26.58,-16.85
5082,002800,天顺股份,23.42,-3.82,-0.93,135670.0,320332072.16,8.91,25.0,22.83,24.84,24.35,1.07,9.27,-149.61,7.24,3565766829.0,3428050976.0,-0.17,0.0,50.13,48.6
5083,002149,西部材料,47.6,-3.82,-1.89,437622.0,2077204601.33,4.0,48.59,46.61,47.6,49.49,0.57,8.97,251.67,7.97,23238999442.0,23235429442.0,-0.02,-0.21,150.53,4.59
5084,603725,天安新材,9.82,-3.82,-0.39,83174.0,82234663.0,4.6,10.23,9.76,10.23,10.21,1.08,2.9,23.02,3.62,2993702418.0,2814978418.0,0.0,0.1,5.93,6.16
5085,688199,久日新材,26.36,-3.83,-1.05,54950.0,144127008.0,4.67,27.05,25.77,27.0,27.41,1.04,3.41,153.03,1.64,4249950336.0,4249950336.0,0.0,0.0,15.21,11.84
5086,000021,深科技,31.14,-3.83,-1.24,1273634.0,3841160265.43,5.78,31.35,29.48,30.45,32.38,1.1,8.1,48.57,3.84,48942131331.0,48934305070.0,0.06,0.16,30.84,23.18
5087,920116,星图测控,101.23,-3.83,-4.03,27865.0,280384482.39,3.8,102.98,98.98,101.02,105.26,0.72,1.82,160.41,27.58,16174023250.0,15536274250.0,-0.23,-0.28,30.0,19.8
5088,600562,国睿科技,27.52,-3.84,-1.1,125721.0,346475179.0,3.49,28.23,27.23,28.15,28.62,0.65,1.01,68.81,5.25,34175927757.0,34175927757.0,0.0,-0.07,6.87,-2.62
5089,688282,理工导航,79.7,-3.84,-3.18,14950.0,119172326.0,4.34,81.6,78.0,81.18,82.88,0.76,1.7,-756.58,5.51,7013600000.0,7013600000.0,-0.13,-0.36,56.0,25.51
5090,688287,*ST观典,3.76,-3.84,-0.15,144833.0,53315496.0,5.88,3.8,3.57,3.65,3.91,1.47,3.91,-6.51,2.22,1393138656.0,1393138656.0,0.27,0.27,-26.56,-38.76
5091,920119,美德乐,93.02,-3.84,-3.71,11037.0,103265477.87,3.19,95.8,92.71,95.8,96.73,1.11,7.66,24.73,4.07,6708906296.0,1339488000.0,0.01,-0.01,122.11,122.11
5092,002203,海亮股份,13.53,-3.84,-0.54,309026.0,413954071.66,6.04,13.95,13.1,13.89,14.07,1.15,1.4,25.15,1.85,31007448857.0,29930271370.0,0.0,-0.07,14.56,6.87
5093,920575,康乐卫士,8.77,-3.84,-0.35,43186.0,38210181.44,4.39,9.12,8.72,9.12,9.12,1.06,2.3,-7.99,10.08,2463843800.0,1647345224.0,0.0,0.0,-28.0,6.05
5094,688543,国科军工,73.5,-3.85,-2.94,116186.0,880173760.0,8.7,79.86,73.21,77.0,76.44,0.68,10.02,62.02,6.35,15349889058.0,8523209058.0,0.03,-0.01,34.96,18.41
5095,002271,东方雨虹,16.45,-3.86,-0.66,630669.0,1029845490.16,4.56,16.8,16.02,16.71,17.11,1.17,3.29,36.4,1.89,39294112796.0,31501447698.0,0.12,0.18,23.04,21.04
5096,920751,惠同新材,23.64,-3.86,-0.95,11947.0,28337500.82,4.88,24.49,23.29,24.32,24.59,1.04,1.44,44.14,5.11,2051479200.0,1962052035.0,0.08,0.0,24.42,13.27
5097,000720,新能泰山,4.23,-3.86,-0.17,1431196.0,606175921.66,4.32,4.37,4.18,4.37,4.4,3.28,11.39,-1004.69,2.25,5315128545.0,5315128545.0,0.48,0.24,22.61,29.36
5098,600330,天通股份,15.65,-3.87,-0.63,1310712.0,1999662536.0,6.02,15.78,14.8,15.7,16.28,0.81,10.63,252.58,2.41,19303248610.0,19303248610.0,0.06,0.32,64.22,19.19
5099,603156,养元饮品,30.05,-3.87,-1.21,87157.0,262015909.0,4.99,31.19,29.63,30.73,31.26,1.41,0.69,25.38,4.21,37871340858.0,37871340858.0,0.47,0.54,10.03,4.52
5100,300775,三角防务,39.51,-3.87,-1.59,356995.0,1388164257.86,3.89,39.8,38.2,39.11,41.1,0.75,6.72,43.22,3.7,21633631832.0,21002897589.0,0.08,0.18,41.06,29.97
5101,003009,中天火箭,69.1,-3.88,-2.79,70635.0,490374183.83,4.79,71.8,68.36,70.48,71.89,0.51,4.55,-274.15,6.97,10740438819.0,10738357872.0,0.03,0.42,14.05,-12.02
5102,301518,长华化学,45.1,-3.88,-1.82,42715.0,191464448.14,6.76,46.88,43.71,46.2,46.92,1.04,7.98,64.69,4.29,6560675127.0,2412789250.0,-0.15,-0.29,19.76,26.79
5103,600110,诺德股份,7.43,-3.88,-0.3,866974.0,636092194.0,5.56,7.53,7.1,7.53,7.73,0.86,5.0,-103.15,2.19,12892394325.0,12892394325.0,0.27,0.27,-3.76,4.8
5104,600708,光明地产,3.95,-3.89,-0.16,357408.0,141307068.0,4.87,4.08,3.88,4.07,4.11,0.93,1.61,-9.53,0.96,8803115135.0,8789847195.0,0.0,-0.25,16.52,1.54
5105,300537,广信材料,23.46,-3.89,-0.95,87670.0,203622852.17,4.83,23.98,22.8,23.97,24.41,0.99,5.77,417.07,5.4,4875140983.0,3562167479.0,0.0,-0.04,-2.17,7.47
5106,688093,世华科技,33.59,-3.89,-1.36,31952.0,106612113.0,4.21,34.4,32.93,34.4,34.95,1.08,1.22,23.61,3.38,9418057950.0,8821785770.0,0.0,0.09,-2.61,-8.85
5107,002620,ST瑞和,6.41,-3.9,-0.26,76116.0,48835776.0,2.55,6.52,6.35,6.49,6.67,0.65,2.41,-32.25,-109.83,2419736540.0,2021459542.0,0.16,0.16,13.05,27.18
5108,600751,海航科技,3.94,-3.9,-0.16,652213.0,258560272.0,5.61,4.12,3.89,4.08,4.1,0.89,2.53,88.48,1.51,11423390865.0,10138364865.0,0.0,-0.25,-0.25,2.87
5109,600298,安琪酵母,41.55,-3.91,-1.69,99720.0,420948614.0,4.56,43.46,41.49,43.0,43.24,1.35,1.16,24.23,3.12,36064505470.0,35614602070.0,0.12,-0.12,0.34,-5.01
5110,688377,迪威尔,47.08,-3.92,-1.92,54985.0,259494827.0,10.78,50.83,45.55,48.6,49.0,0.74,2.82,74.52,4.84,9164922360.0,9164922360.0,-0.06,0.6,35.91,28.28
5111,920169,七丰精工,33.75,-3.93,-1.38,32531.0,109875228.61,4.73,34.95,33.29,34.4,35.13,0.7,6.4,90.41,8.09,2727003038.0,1714608101.0,0.0,0.18,16.7,7.66
5112,300401,花园生物,15.39,-3.93,-0.63,210239.0,324964669.0,3.5,15.85,15.29,15.8,16.02,0.87,3.93,26.8,2.65,8364001838.0,8227761109.0,0.13,0.13,8.23,1.79
5113,300322,硕贝德,27.17,-3.93,-1.11,385909.0,1030518048.18,6.72,27.9,26.0,27.7,28.28,1.32,8.76,184.87,12.53,12499236617.0,11966503831.0,-0.07,-0.07,27.8,-0.44
5114,603790,雅运股份,25.15,-3.93,-1.03,46901.0,118782317.0,4.81,26.26,25.0,26.0,26.18,0.97,2.45,55.07,3.82,4812704000.0,4812704000.0,0.24,0.12,30.51,29.04
5115,603810,丰山集团,17.05,-3.94,-0.7,46919.0,80727546.0,3.89,17.7,17.01,17.7,17.75,0.92,2.84,49.92,1.84,2819004716.0,2819004716.0,-0.12,0.0,0.29,6.76
5116,600889,南京化纤,15.85,-3.94,-0.65,73726.0,116938172.0,3.94,16.23,15.58,16.22,16.5,1.14,2.01,-83.65,15.59,5806584259.0,5806584259.0,-0.06,-0.19,5.95,-6.21
5117,002215,诺 普 信,10.94,-3.95,-0.45,225014.0,248110916.52,5.71,11.5,10.85,11.31,11.39,0.99,2.8,14.32,2.65,10990693881.0,8784739777.0,0.18,0.18,-0.73,3.31
5118,301193,家联科技,27.73,-3.95,-1.14,73341.0,199857356.66,6.89,28.49,26.5,28.33,28.87,0.95,5.3,-54.99,3.55,5412300498.0,3840009498.0,0.0,-0.07,34.35,28.56
5119,300589,江龙船艇,18.74,-3.95,-0.77,328643.0,604045805.36,4.56,18.92,18.03,18.66,19.51,0.67,14.19,-144.02,9.0,7077498245.0,4340313568.0,0.05,0.05,-22.88,3.82
5120,920368,连城数控,41.8,-3.95,-1.72,110372.0,451797965.13,5.15,42.27,40.03,41.58,43.52,0.63,4.94,125.35,2.33,9813822392.0,9336539291.0,0.02,0.75,58.09,67.8
5121,301004,嘉益股份,52.22,-3.95,-2.15,10662.0,55660599.4,4.76,54.01,51.42,54.0,54.37,0.89,0.78,15.54,4.37,7614001748.0,7095862532.0,0.12,0.04,-7.18,0.33
5122,003021,兆威机电,113.07,-3.95,-4.65,49040.0,549744950.88,4.66,115.5,110.01,115.0,117.72,0.89,2.36,125.16,7.99,30244268889.0,23446510665.0,-0.01,0.01,10.33,-8.95
5123,300916,朗特智能,29.34,-3.96,-1.21,53504.0,155851856.41,6.38,30.45,28.5,30.45,30.55,2.53,5.73,36.85,3.11,4243855165.0,2741094370.0,0.03,0.1,-13.45,-10.49
5124,300393,中来股份,11.63,-3.96,-0.48,969504.0,1126198568.11,6.28,12.12,11.36,11.84,12.11,0.67,10.14,-23.88,4.28,12672366174.0,11117175732.0,-0.17,0.0,71.79,73.58
5125,603737,三棵树,47.35,-3.96,-1.95,54575.0,259673963.0,6.88,50.0,46.61,50.0,49.3,1.24,0.74,35.24,10.76,34935657347.0,34935657347.0,-0.13,0.08,1.5,2.33
5126,920725,惠丰钻石,35.14,-3.96,-1.45,34693.0,120840790.82,4.43,35.63,34.01,35.58,36.59,0.7,8.25,-169.49,5.36,3207403500.0,1478612557.0,0.0,0.11,-4.25,4.24
5127,300260,新莱应材,51.2,-3.96,-2.11,143713.0,726771613.64,6.23,52.78,49.46,52.0,53.31,1.29,5.0,107.83,10.05,20879705702.0,14727011584.0,-0.04,-0.06,6.07,-10.0
5128,300818,耐普矿机,41.82,-3.97,-1.73,32950.0,137428822.2,6.2,43.61,40.91,42.97,43.55,1.12,3.01,84.7,3.9,7058070299.0,4578554470.0,-0.02,-0.02,28.52,10.43
5129,002250,联化科技,16.7,-3.97,-0.69,309547.0,511630658.76,5.81,17.16,16.15,16.95,17.39,0.93,3.46,35.69,2.29,15027882724.0,14946095125.0,-0.06,-0.18,38.02,24.81
5130,002718,友邦吊顶,61.12,-3.97,-2.53,25765.0,158533165.0,6.83,63.95,59.6,63.95,63.65,1.51,2.74,524.21,8.75,7911851308.0,5744107963.0,-0.13,-0.36,111.71,70.06
5131,605020,永和股份,28.79,-3.97,-1.19,154772.0,441885287.0,5.5,29.55,27.9,29.49,29.98,1.19,3.08,23.51,2.6,14706471035.0,14479181586.0,0.0,0.1,12.07,7.07
5132,002171,楚江新材,12.3,-3.98,-0.51,648447.0,790395208.82,5.54,12.69,11.98,12.69,12.81,1.19,4.02,42.15,2.3,19962135826.0,19849020081.0,0.08,0.16,4.5,-7.24
5133,600302,标准股份,11.55,-3.99,-0.48,120851.0,137970187.0,5.24,11.78,11.15,11.78,12.03,1.12,3.49,-65.18,6.73,3996413236.0,3996413236.0,0.17,0.09,17.02,10.1
5134,688800,瑞可达,88.96,-3.99,-3.7,111449.0,963253842.0,7.77,90.5,83.3,89.53,92.66,1.05,5.42,59.58,7.71,18296788842.0,18296788842.0,-0.07,-0.04,26.6,7.18
5135,002416,爱施德,12.76,-3.99,-0.53,507767.0,640993108.31,4.29,12.96,12.39,12.96,13.29,1.61,4.15,35.18,2.72,15813235845.0,15617018919.0,0.0,0.0,7.23,1.43
5136,603608,天创时尚,12.0,-4.0,-0.5,290641.0,345589743.0,8.72,12.49,11.4,12.2,12.5,1.03,6.92,-722.86,4.76,5036604840.0,5036604840.0,-0.41,0.17,65.29,16.5
5137,688221,前沿生物-U,19.22,-4.0,-0.8,117715.0,223729119.0,3.85,19.47,18.7,19.22,20.02,0.86,3.14,-27.51,8.14,7199401711.0,7199401711.0,0.0,-0.1,0.1,6.48
5138,605365,立达信,20.35,-4.01,-0.85,69038.0,140388285.0,5.42,21.01,19.86,20.95,21.2,0.86,1.38,60.19,2.74,10215962027.0,10215962027.0,0.39,0.25,9.88,-23.09
5139,301234,五洲医疗,38.2,-4.02,-1.6,14455.0,55581306.0,3.97,39.4,37.82,39.4,39.8,1.26,3.6,105.25,3.42,2597600000.0,1534517417.0,0.0,0.26,2.72,-10.12
5140,002729,好利科技,17.44,-4.02,-0.73,107240.0,187248169.0,5.89,18.1,17.03,18.1,18.17,1.49,6.11,61.38,5.76,3190995405.0,3060087120.0,0.06,0.35,4.43,8.93
5141,600381,*ST春天,2.86,-4.03,-0.12,65856.0,18872784.0,5.37,2.99,2.83,2.99,2.98,1.23,1.12,-444.69,1.63,1678993719.0,1678993719.0,-0.35,0.0,-41.39,-35.44
5142,600216,浙江医药,17.64,-4.03,-0.74,475586.0,851364138.0,5.88,18.58,17.5,18.35,18.38,1.0,5.0,13.63,1.53,16963289910.0,16782510339.0,0.17,0.17,26.0,27.27
5143,603727,博迈科,19.28,-4.03,-0.81,302148.0,617962470.0,12.44,21.6,19.1,21.23,20.09,1.01,10.73,174.02,1.71,5431547661.0,5431547661.0,0.0,-0.16,24.55,38.41
5144,301613,新铝时代,51.1,-4.04,-2.15,30603.0,155764824.95,5.11,52.72,50.0,52.2,53.25,0.9,3.65,30.0,4.63,7350287722.0,4287353722.0,0.04,0.02,10.61,-1.16
5145,603298,杭叉集团,26.63,-4.04,-1.12,90968.0,240314837.0,4.4,27.23,26.01,27.21,27.75,1.06,0.69,14.93,3.06,34880294865.0,34880294865.0,0.04,0.04,3.7,0.23
5146,002138,顺络电子,38.86,-4.05,-1.64,371796.0,1409380020.97,5.51,39.24,37.01,39.0,40.5,1.17,4.91,30.69,4.62,31333531236.0,29397580168.0,0.1,0.13,10.08,9.37
5147,603166,福达股份,14.66,-4.06,-0.62,133894.0,195156801.0,4.52,14.99,14.3,14.99,15.28,1.57,2.09,32.05,3.7,9465238544.0,9392891444.0,0.0,0.0,-1.08,-6.62
5148,603267,鸿远电子,57.52,-4.07,-2.44,115810.0,657935059.0,4.85,58.66,55.75,58.62,59.96,0.79,5.01,44.83,3.02,13291772908.0,13291772908.0,0.02,-0.07,22.28,5.68
5149,601799,星宇股份,137.53,-4.07,-5.83,32938.0,454509095.0,4.85,143.07,136.11,143.07,143.36,1.0,1.15,25.82,3.55,39289490495.0,39289490495.0,0.4,0.44,11.96,11.48
5150,600482,中国动力,37.66,-4.08,-1.6,699167.0,2638581565.0,5.09,38.68,36.68,38.47,39.26,1.37,3.1,52.71,2.12,84870607446.0,84870607446.0,0.19,0.0,90.3,81.93
5151,001296,长江材料,26.08,-4.08,-1.11,41680.0,108926146.76,4.97,27.03,25.68,27.03,27.19,0.91,5.42,25.73,2.19,3901335523.0,2004282921.0,-0.04,0.04,0.19,-0.72
5152,920392,佳合科技,22.8,-4.08,-0.97,7149.0,16446422.0,4.8,23.74,22.6,23.51,23.77,0.97,1.96,84.42,5.09,1737474000.0,829689720.0,0.0,-0.13,-33.35,-35.02
5153,001368,通达创智,26.1,-4.08,-1.11,30179.0,78772857.0,5.15,27.1,25.7,27.1,27.21,1.38,9.41,27.7,2.07,2971144238.0,837447184.0,0.04,0.0,-1.55,6.18
5154,920509,同惠电子,32.34,-4.09,-1.38,19580.0,63000739.74,4.77,33.15,31.54,33.0,33.72,1.01,2.34,75.02,14.0,5184286209.0,2705904617.0,0.0,-0.28,-4.57,-13.97
5155,301398,星源卓镁,55.88,-4.09,-2.38,18319.0,102080364.6,5.56,58.0,54.76,58.0,58.26,0.81,4.92,104.14,5.58,6258560000.0,2079797720.0,0.32,0.09,15.22,3.21
5156,301505,苏州规划,24.79,-4.1,-1.06,46248.0,114234868.51,5.65,25.66,24.2,25.47,25.85,1.08,6.17,244.36,2.96,2835975777.0,1857312116.0,0.04,0.08,13.61,11.32
5157,688213,思特威-W,85.83,-4.1,-3.67,89760.0,759251253.0,5.66,87.87,82.8,87.81,89.5,1.13,2.77,34.48,6.6,34529990498.0,27766818325.0,-0.01,-0.15,-4.6,-9.74
5158,002632,道明光学,12.4,-4.1,-0.53,217959.0,268115870.12,4.33,12.66,12.1,12.66,12.93,0.87,3.75,32.35,3.61,7745028716.0,7215386536.0,0.08,0.0,-25.12,-0.4
5159,002491,通鼎互联,10.99,-4.1,-0.47,1513024.0,1619139682.04,6.81,11.11,10.33,10.92,11.46,0.58,12.86,-154.86,5.45,13517639555.0,12929392892.0,0.09,-0.09,96.6,83.17
5160,002488,金固股份,12.59,-4.11,-0.54,426775.0,532676808.88,7.92,13.21,12.17,13.13,13.13,1.36,4.64,223.76,3.58,12532577828.0,11583857547.0,-0.08,0.08,53.35,43.23
5161,603885,吉祥航空,12.35,-4.11,-0.53,636407.0,765137023.0,8.23,12.65,11.59,12.36,12.88,2.66,2.91,18.57,2.74,26972465060.0,26972465060.0,-0.16,-0.16,-8.65,-17.0
5162,688188,柏楚电子,143.6,-4.13,-6.19,17937.0,256933081.0,4.04,147.55,141.5,147.55,149.79,0.81,0.62,37.4,6.88,41461617517.0,41461617517.0,0.21,0.17,10.16,5.67
5163,600608,*ST沪科,3.02,-4.13,-0.13,18842.0,5725641.0,3.49,3.13,3.02,3.13,3.15,0.58,0.59,701.39,25.54,993161552.0,961481752.0,-0.33,-0.33,-29.11,-10.65
5164,001270,*ST铖昌,115.42,-4.13,-4.97,60624.0,696819187.06,1.84,116.59,114.37,115.11,120.39,0.97,2.98,197.46,16.15,23789781873.0,23487919331.0,-0.06,-0.06,152.17,25.91
5165,688291,金橙子,44.55,-4.13,-1.92,23351.0,102405711.0,5.1,45.17,42.8,45.01,46.47,0.8,2.27,122.74,4.7,4573801485.0,4573801485.0,-0.2,-0.02,35.2,4.28
5166,688535,华海诚科,117.5,-4.14,-5.07,34174.0,393576921.0,5.28,118.8,112.33,117.43,122.57,1.08,6.51,465.18,5.17,11281682953.0,6163526890.0,0.08,-0.09,14.39,4.84
5167,603011,合锻智能,25.69,-4.14,-1.11,462634.0,1163254727.0,6.6,26.15,24.38,26.15,26.8,0.82,9.36,-214.9,6.05,12701506887.0,12701506887.0,0.0,0.08,29.29,8.35
5168,600150,中国船舶,37.32,-4.14,-1.61,1223581.0,4617525026.0,3.93,38.78,37.25,38.64,38.93,1.01,1.63,36.0,1.99,280856186468.0,280856186468.0,0.08,-0.05,10.32,12.21
5169,600629,华建集团,21.49,-4.15,-0.93,426748.0,905220278.0,6.65,22.15,20.66,21.93,22.42,1.1,4.48,99.15,3.93,20852577782.0,20482485405.0,0.0,0.33,6.65,-0.97
5170,000425,徐工机械,11.78,-4.15,-0.51,1165960.0,1370723733.06,4.23,12.07,11.55,12.07,12.29,1.22,1.29,17.37,2.31,138398693559.0,106128646351.0,0.0,-0.08,12.19,1.73
5171,301389,隆扬电子,48.5,-4.15,-2.1,82258.0,390040341.48,6.8,49.5,46.06,49.39,50.6,0.85,9.73,126.2,6.18,13749750000.0,4101598780.0,0.04,0.04,-4.41,-11.14
5172,600716,凤凰股份,4.62,-4.15,-0.2,149241.0,69294594.0,5.19,4.82,4.57,4.78,4.82,0.8,1.59,361.57,0.86,4324599926.0,4324599926.0,0.22,0.0,16.96,19.38
5173,301468,博盈特焊,64.83,-4.15,-2.81,109975.0,673449308.55,9.64,65.5,58.98,64.69,67.64,1.3,14.66,152.02,3.74,8435282646.0,4862418947.0,0.25,0.25,61.99,24.01
5174,300833,浩洋股份,35.02,-4.16,-1.52,39516.0,137300405.0,4.68,35.86,34.15,35.81,36.54,1.69,4.86,24.75,1.83,4429697310.0,2845566559.0,-0.03,-0.09,-15.16,-13.91
5175,000680,山推股份,12.43,-4.16,-0.54,233333.0,288920093.34,5.86,12.96,12.2,12.84,12.97,1.22,1.77,16.68,3.2,18646772667.0,16341743424.0,0.08,0.4,18.04,3.84
5176,688037,芯源微,181.88,-4.17,-7.91,96099.0,1721091514.0,5.42,185.58,175.29,182.01,189.79,1.86,4.77,511.51,13.13,36671972596.0,36671972596.0,0.07,0.03,46.06,22.47
5177,600172,黄河旋风,9.16,-4.18,-0.4,1747589.0,1568444109.0,6.28,9.28,8.68,9.16,9.56,0.77,13.69,-18.95,13.38,13210409800.0,11690502670.0,-0.22,-0.11,35.3,60.42
5178,300252,金信诺,13.95,-4.19,-0.61,339000.0,467878483.4,5.43,14.31,13.52,14.31,14.56,0.84,6.07,877.98,4.23,9237045984.0,7795147828.0,-0.07,-0.07,3.41,-4.58
5179,301281,科源制药,41.94,-4.2,-1.84,33544.0,141104347.44,4.55,43.59,41.6,43.0,43.78,0.69,4.87,108.24,3.31,4541682600.0,2887652880.0,0.26,0.14,49.47,43.14
5180,002126,银轮股份,52.03,-4.2,-2.28,292432.0,1501910652.08,4.9,52.66,50.0,52.01,54.31,0.87,3.69,49.13,6.51,44002261331.0,41263871858.0,-0.02,0.02,56.95,37.65
5181,600160,巨化股份,40.97,-4.21,-1.8,309329.0,1269791538.0,4.35,42.13,40.27,41.82,42.77,1.0,1.15,25.54,5.41,110608596939.0,110608596939.0,-0.17,0.0,21.83,7.14
5182,920943,优机股份,23.42,-4.21,-1.03,24699.0,59414501.11,7.2,25.16,23.4,24.97,24.45,0.64,4.77,32.13,3.55,2377630673.0,1213339449.0,0.04,-0.13,-1.14,-11.46
5183,300223,北京君正,119.28,-4.22,-5.25,260225.0,3043849933.55,4.38,120.48,115.02,117.41,124.53,1.05,6.19,168.79,4.64,57557457439.0,50165638505.0,-0.01,-0.1,28.29,12.49
5184,300319,麦捷科技,13.38,-4.22,-0.59,613704.0,805769840.96,5.23,13.58,12.85,13.53,13.97,0.75,7.28,36.34,2.49,11875931775.0,11276366402.0,-0.07,0.0,13.29,14.46
5185,301000,肇民科技,33.7,-4.23,-1.49,42566.0,143008733.45,5.6,34.98,33.01,34.52,35.19,1.55,1.86,57.13,6.58,8184965751.0,7726376151.0,-0.09,-0.03,-12.06,-14.4
5186,301566,达利凯普,22.89,-4.23,-1.01,187157.0,421417037.48,5.73,23.3,21.93,23.01,23.9,1.01,9.02,54.37,6.36,9156228900.0,4749693495.0,-0.3,0.0,26.19,17.81
5187,688001,华兴源创,31.47,-4.23,-1.39,78191.0,240154327.0,17.22,31.96,26.3,26.3,32.86,1.03,1.76,173.65,4.06,13988095359.0,13988095359.0,-0.22,-0.03,16.56,4.27
5188,600825,新华传媒,6.32,-4.24,-0.28,583636.0,368209797.0,4.09,6.45,6.18,6.45,6.6,2.62,5.59,393.05,2.69,6603691212.0,6603691212.0,0.0,-0.16,-4.68,2.27
5189,002837,英维克,97.0,-4.24,-4.3,410048.0,3892590096.62,5.67,98.74,93.0,98.5,101.3,1.08,4.82,178.03,28.59,94725919099.0,82468912090.0,0.0,0.06,36.04,-9.25
5190,603283,赛腾股份,44.53,-4.24,-1.97,137645.0,601906430.0,4.82,45.14,42.9,45.0,46.5,1.08,5.08,22.59,3.76,12075379689.0,12075379689.0,-0.02,-0.13,6.99,2.79
5191,688488,艾迪药业,16.22,-4.25,-0.72,94476.0,152369396.0,5.79,16.68,15.7,16.68,16.94,1.0,2.25,-345.86,7.08,6825097146.0,6825097146.0,-0.12,-0.18,25.74,-0.67
5192,600426,华鲁恒升,39.16,-4.25,-1.74,665864.0,2772735362.0,12.2,44.1,39.11,44.0,40.9,1.64,3.14,26.27,2.54,83143989684.0,82997918576.0,0.05,0.03,34.8,24.59
5193,600730,中国高科,9.46,-4.25,-0.42,103426.0,98241862.0,3.74,9.75,9.38,9.65,9.88,0.87,1.76,-302.5,3.1,5549765779.0,5549765779.0,-0.32,-0.11,-24.2,-13.53
5194,300468,四方精创,35.48,-4.26,-1.58,566753.0,1978027545.19,4.83,36.0,34.21,35.65,37.06,1.08,10.7,211.1,11.44,18827436277.0,18797093426.0,-0.03,-0.06,14.08,-8.63
5195,688521,芯原股份,230.58,-4.26,-10.27,195294.0,4361334689.0,8.3,233.99,214.0,220.5,240.85,0.89,3.71,-229.75,35.47,121265543648.0,121265543648.0,0.17,-0.01,64.71,68.34
5196,000811,冰轮环境,20.24,-4.26,-0.9,529461.0,1045863523.82,6.53,20.56,19.18,20.4,21.14,1.32,5.41,35.19,3.27,20087754416.0,19802728583.0,0.0,0.0,51.27,9.29
5197,920174,五新隧装,42.2,-4.26,-1.88,14393.0,61364399.07,3.97,43.8,42.05,43.7,44.08,0.88,1.65,45.98,3.51,9153386400.0,3671432030.0,0.0,0.0,-15.73,-12.7
5198,688668,鼎通科技,139.76,-4.27,-6.24,53611.0,729205095.0,6.32,140.79,131.56,137.94,146.0,1.05,3.85,80.67,9.85,19464459895.0,19464459895.0,-0.06,0.01,50.44,12.71
5199,301119,正强股份,46.26,-4.28,-2.07,16400.0,75350128.8,5.05,47.49,45.05,47.39,48.33,1.08,1.95,39.65,4.72,4811040000.0,3890928600.0,0.04,0.02,1.09,-12.2
5200,301081,严牌股份,12.97,-4.28,-0.58,69811.0,90170371.36,5.98,13.49,12.68,13.31,13.55,1.3,3.2,156.11,2.74,2946730330.0,2827043559.0,0.0,0.15,17.59,28.04
5201,600696,*ST岩石,1.79,-4.28,-0.08,64640.0,11630744.0,4.28,1.86,1.78,1.85,1.87,1.09,1.93,-4.01,2.08,598700281.0,598700281.0,-0.56,-0.56,-59.68,-38.28
5202,300913,兆龙互连,51.04,-4.28,-2.28,106218.0,527341564.93,7.11,52.01,48.22,52.0,53.32,1.24,4.15,94.94,11.98,17495548365.0,13055208368.0,-0.02,-0.06,-9.13,-3.02
5203,301033,迈普医学,65.98,-4.29,-2.96,11732.0,77512093.78,3.57,67.68,65.22,67.62,68.94,1.26,2.08,43.74,5.85,4423933928.0,3725832538.0,-0.03,0.38,4.43,-2.25
5204,600641,先导基电,17.19,-4.29,-0.77,315152.0,536555414.0,3.34,17.35,16.75,17.3,17.96,1.32,3.39,642.74,1.96,15997528325.0,15997528325.0,0.0,-0.06,6.31,-2.55
5205,603173,福斯达,43.04,-4.29,-1.93,32489.0,138521653.0,4.85,43.88,41.7,43.88,44.97,0.99,2.03,14.98,3.64,6886400000.0,6886400000.0,0.12,0.19,13.5,0.51
5206,688013,天臣医疗,39.87,-4.3,-1.79,11854.0,47674590.0,4.44,41.57,39.72,41.28,41.66,0.92,1.46,38.48,5.73,3235673772.0,3235673772.0,-0.47,-0.2,-19.67,-17.08
5207,002592,ST八菱,9.76,-4.31,-0.44,47737.0,46878952.0,3.33,10.04,9.7,10.0,10.2,0.86,1.82,22.2,2.82,2765312092.0,2564111771.0,-0.1,-0.31,39.43,17.59
5208,688802,沐曦股份-U,510.7,-4.31,-23.02,14338.0,725257458.0,3.94,521.03,500.0,521.0,533.72,1.09,7.9,-261.48,15.51,204331070000.0,9263573511.0,0.09,-0.01,387.96,-11.96
5209,000576,甘化科工,10.63,-4.32,-0.48,172497.0,183911866.96,5.58,11.04,10.42,11.02,11.11,1.0,3.98,44.88,2.81,4639125615.0,4611456224.0,0.09,0.19,3.4,0.95
5210,688025,杰普特,245.73,-4.32,-11.09,64498.0,1511461661.0,9.21,248.99,225.33,225.72,256.82,0.99,6.79,83.25,10.15,23356494714.0,23356494714.0,-0.24,-0.15,77.97,73.57
5211,688545,兴福电子,52.0,-4.32,-2.35,64949.0,334547327.0,4.69,52.88,50.33,52.88,54.35,1.0,3.56,90.04,6.33,18720000000.0,9477000000.0,0.0,0.02,56.82,38.48
5212,688678,福立旺,23.04,-4.32,-1.04,104316.0,238849930.0,4.82,23.56,22.4,23.52,24.08,1.1,3.62,120.14,3.18,6633981274.0,6633981274.0,0.0,0.04,-5.61,-4.71
5213,000638,*ST万方,1.99,-4.33,-0.09,427236.0,85961974.54,8.65,2.16,1.98,1.98,2.08,6.06,13.78,-54.08,4.44,619659236.0,617189746.0,0.0,0.0,-65.69,-57.48
5214,688700,东威科技,38.38,-4.34,-1.74,125111.0,471987278.0,5.18,38.95,36.87,38.9,40.12,1.5,4.19,88.5,6.2,11452644197.0,11452644197.0,-0.16,-0.1,14.23,8.79
5215,920885,星辰科技,22.02,-4.34,-1.0,44465.0,97477815.45,4.91,22.63,21.5,22.6,23.02,0.8,5.02,110.95,9.21,3761454198.0,1948840376.0,0.05,-0.09,15.47,-6.14
5216,600584,长电科技,45.0,-4.34,-2.04,1075819.0,4728604659.0,6.23,45.63,42.7,45.63,47.04,1.02,6.01,63.32,2.86,80523655650.0,80523655650.0,-0.07,-0.02,22.92,22.35
5217,301217,铜冠铜箔,40.99,-4.34,-1.86,343550.0,1373065887.98,8.07,42.24,38.78,42.1,42.85,1.09,4.14,406.32,6.28,33981347149.0,33981347149.0,0.22,0.59,36.22,19.57
5218,002811,郑中设计,14.73,-4.35,-0.67,128512.0,189001431.0,4.61,15.13,14.42,15.11,15.4,0.96,4.54,25.11,3.23,4536398174.0,4170251176.0,-0.14,0.0,3.59,-0.74
5219,301522,上大股份,37.7,-4.39,-1.73,118716.0,445136967.9,5.17,38.75,36.71,38.53,39.43,1.17,4.22,137.3,7.41,14019373346.0,10609408346.0,0.05,0.13,19.99,-3.75
5220,000609,ST中迪,9.15,-4.39,-0.42,142526.0,130684584.77,4.08,9.48,9.09,9.44,9.57,1.08,4.9,-13.57,-321.51,2738279526.0,2663183189.0,0.0,0.0,-19.6,2.81
5221,688072,拓荆科技,360.61,-4.4,-16.59,64563.0,2291384265.0,4.51,364.38,347.37,348.4,377.2,0.97,2.29,109.56,15.4,101816395110.0,101816395110.0,0.07,0.26,25.21,9.28
5222,301525,儒竞科技,84.15,-4.4,-3.87,20950.0,176018550.0,4.01,86.08,82.55,86.01,88.02,0.93,4.24,44.4,2.43,7936335277.0,4157110728.0,0.0,-0.02,3.62,-2.54
5223,002478,常宝股份,13.26,-4.4,-0.61,784250.0,1033631435.26,6.92,13.8,12.84,13.4,13.87,1.14,10.85,22.83,2.02,11944664063.0,9583319418.0,0.3,0.08,70.66,56.55
5224,300171,东富龙,15.75,-4.43,-0.73,134863.0,211839894.37,5.46,16.3,15.4,16.29,16.48,1.32,2.4,68.75,1.54,12061791630.0,8861853341.0,0.06,0.13,0.96,0.32
5225,301032,新柴股份,14.46,-4.43,-0.67,340031.0,487501961.15,3.17,14.6,14.12,14.38,15.13,3.58,21.27,44.14,2.89,3486788964.0,2311760327.0,0.35,0.56,14.31,20.2
5226,603685,晨丰科技,27.84,-4.43,-1.29,40050.0,111728429.0,5.36,28.9,27.34,28.9,29.13,0.65,1.99,214.14,3.96,6986463813.0,5608806396.0,0.0,0.04,30.28,42.84
5227,603596,伯特利,49.01,-4.43,-2.27,205306.0,995006618.0,4.54,49.98,47.65,49.98,51.28,1.32,3.39,25.01,4.06,29725163265.0,29725163265.0,-0.02,-0.14,7.6,-4.41
5228,603687,大胜达,10.15,-4.43,-0.47,227122.0,229640894.0,6.21,10.47,9.81,10.47,10.62,1.73,4.13,46.05,1.71,5582823420.0,5582823420.0,0.3,-0.2,13.28,6.51
5229,001223,欧克科技,53.75,-4.44,-2.5,10589.0,56694713.6,5.1,55.25,52.38,55.21,56.25,0.96,1.13,40.92,2.58,5017670000.0,5017670000.0,0.06,0.11,2.21,10.64
5230,002162,悦心健康,5.6,-4.44,-0.26,675841.0,378207464.18,4.95,5.77,5.48,5.72,5.86,0.8,7.36,1252.37,6.27,5150325404.0,5143567078.0,-0.18,0.0,7.69,20.17
5231,300788,中信出版,38.68,-4.45,-1.8,91004.0,352565127.0,4.13,39.81,38.14,38.48,40.48,0.79,4.79,34.29,3.25,7355060600.0,7355060600.0,0.23,0.23,32.56,41.17
5232,600769,祥龙电业,12.41,-4.46,-0.58,105299.0,130826473.0,4.31,12.8,12.24,12.8,12.99,1.64,2.81,202.79,38.72,4653467052.0,4653467052.0,0.08,0.24,-1.51,3.07
5233,600710,苏美达,14.33,-4.47,-0.67,477725.0,689048214.0,4.2,14.85,14.22,14.58,15.0,1.2,3.66,13.82,2.2,18725719389.0,18725719389.0,-0.07,0.0,34.55,32.56
5234,301326,捷邦科技,147.1,-4.48,-6.9,27072.0,388583998.32,7.36,149.93,138.6,146.68,154.0,1.32,9.91,-637.84,8.34,10695600989.0,4016825573.0,0.0,-0.17,46.22,34.76
5235,603773,沃格光电,38.38,-4.48,-1.8,166130.0,624862040.0,5.35,38.67,36.52,38.18,40.18,1.34,7.4,-96.6,7.39,8622398335.0,8619404695.0,-0.05,-0.05,23.81,8.48
5236,601609,金田股份,10.65,-4.48,-0.5,527915.0,559338187.0,4.93,10.95,10.4,10.95,11.15,1.18,3.05,23.46,1.85,18409996755.0,18409996755.0,-0.09,-0.09,4.21,-1.39
5237,300502,新易盛,384.0,-4.48,-18.0,441664.0,16629246186.51,4.48,387.32,369.32,380.0,402.0,0.89,4.99,45.25,26.28,381699575808.0,340000946688.0,0.0,0.03,2.91,-10.88
5238,001233,海安集团,67.17,-4.49,-3.16,26018.0,173804100.8,5.91,69.65,65.49,69.65,70.33,1.5,7.35,20.27,3.3,12491828845.0,2376872246.0,-0.19,-0.07,6.62,16.49
5239,301191,菲菱科思,106.66,-4.51,-5.04,35106.0,364819447.99,6.88,108.35,100.66,108.08,111.7,1.39,6.73,118.79,4.45,7396017720.0,5567479531.0,0.04,-0.13,-0.95,-0.8
5240,688401,路维光电,51.23,-4.51,-2.42,48117.0,242911067.0,4.75,52.0,49.45,52.0,53.65,1.27,2.49,39.51,5.93,9905241247.0,9905241247.0,-0.04,-0.16,5.15,4.96
5241,002928,华夏航空,9.32,-4.51,-0.44,483267.0,438362036.6,6.76,9.48,8.82,9.34,9.76,1.74,3.78,14.41,2.99,11913211246.0,11913151831.0,0.0,0.11,-8.98,-15.66
5242,688066,航天宏图,23.65,-4.52,-1.12,153982.0,361191251.0,17.48,24.22,19.89,19.89,24.77,0.9,5.89,-5.29,-18.62,6179219284.0,6179219284.0,0.25,0.21,-13.56,-27.36
5243,002272,川润股份,19.83,-4.53,-0.94,1035519.0,2014280893.63,6.4,20.1,18.77,19.82,20.77,0.74,26.79,-332.99,6.44,9615116859.0,7664153176.0,0.66,0.15,44.43,21.28
5244,000520,凤凰航运,4.43,-4.53,-0.21,496070.0,224563952.44,8.19,4.78,4.4,4.7,4.64,0.58,4.9,-60.46,11.13,4483529706.0,4483529706.0,0.0,0.0,-8.85,-8.47
5245,688312,燕麦科技,50.83,-4.53,-2.41,89759.0,444180537.0,6.33,51.49,48.12,50.42,53.24,0.76,6.16,53.94,4.85,7409550909.0,7409550909.0,-0.12,-0.16,61.21,53.19
5246,603650,彤程新材,53.67,-4.54,-2.55,131437.0,702180061.0,4.41,55.06,52.58,55.01,56.22,1.01,2.14,50.19,9.37,33066514857.0,32978786734.0,0.02,0.0,20.61,21.59
5247,688386,泛亚微透,85.0,-4.55,-4.05,19954.0,168601756.0,5.75,87.92,82.8,87.92,89.05,1.12,2.19,74.9,9.22,8466761430.0,7735000000.0,0.13,0.5,17.14,-2.97
5248,002843,泰嘉股份,26.66,-4.55,-1.27,675427.0,1747717460.07,7.55,27.25,25.14,26.0,27.93,0.99,26.93,86.94,4.74,6711323403.0,6686129703.0,-0.63,-0.45,43.72,33.03
5249,000063,中兴通讯,35.7,-4.55,-1.7,1492070.0,5261724249.46,3.21,36.0,34.8,36.0,37.4,1.46,3.7,30.4,2.27,170772195466.0,143786077982.0,0.03,0.08,-17.55,-5.66
5250,920981,晶赛科技,30.49,-4.57,-1.46,11359.0,34412275.26,6.35,31.69,29.66,31.4,31.95,0.95,3.04,240.76,4.58,2331509320.0,1137570253.0,0.07,0.03,-4.69,-4.6
5251,002177,御银股份,8.35,-4.57,-0.4,1298411.0,1067035918.47,5.94,8.52,8.0,8.45,8.75,0.87,19.24,407.74,3.72,6355947305.0,5635573341.0,0.12,0.12,27.68,-11.26
5252,002595,豪迈科技,94.0,-4.57,-4.5,61583.0,576121216.66,5.58,97.5,92.0,97.3,98.5,1.14,0.78,31.54,6.6,75200000000.0,74689049934.0,-0.01,-0.03,34.86,11.23
5253,300535,达威股份,21.9,-4.58,-1.05,58610.0,128945231.55,5.49,22.87,21.61,22.54,22.95,1.9,7.5,65.98,2.43,2343735000.0,1710514217.0,0.18,-0.05,14.18,22.62
5254,603004,鼎龙科技,23.56,-4.58,-1.13,42377.0,100808028.0,4.41,24.53,23.44,24.53,24.69,1.44,7.2,33.97,2.68,5548851200.0,1387212800.0,0.04,0.04,-1.26,0.38
5255,600428,中远海特,7.9,-4.59,-0.38,1032113.0,819040939.0,9.06,8.44,7.69,8.32,8.28,0.73,4.22,12.23,1.31,21676971121.0,19317756106.0,-0.25,-0.25,9.72,11.27
5256,603301,振德医疗,86.9,-4.6,-4.19,35194.0,309427264.0,6.91,92.32,86.03,90.49,91.09,0.8,1.32,85.27,4.06,23101107992.0,23101107992.0,0.12,-0.26,15.1,23.26
5257,688071,华依科技,33.37,-4.6,-1.61,36209.0,121101536.0,4.89,34.64,32.93,34.64,34.98,1.1,4.27,-49.2,2.76,2829433090.0,2829433090.0,0.0,0.06,6.55,0.6
5258,688629,华丰科技,111.96,-4.6,-5.4,252524.0,2746301648.0,8.09,114.3,104.8,110.0,117.36,0.94,13.89,143.36,28.27,51612757359.0,20352429942.0,0.05,-0.03,45.78,11.89
5259,600230,沧州大化,24.05,-4.6,-1.16,299010.0,740508955.0,8.53,26.15,24.0,25.6,25.21,0.92,7.22,156.79,2.47,9955762411.0,9955762411.0,0.0,0.04,92.55,57.6
5260,688196,卓越新能,83.55,-4.6,-4.03,42994.0,385816495.0,11.56,93.29,83.17,91.99,87.58,1.58,3.58,62.47,3.17,10626790922.0,10026000000.0,-0.04,0.46,45.86,41.85
5261,000510,新金路,19.24,-4.61,-0.93,560998.0,1055951935.33,7.88,19.79,18.2,19.63,20.17,0.77,9.25,-119.22,10.11,12477978652.0,11672231079.0,0.21,0.26,110.96,66.15
5262,002409,雅克科技,87.91,-4.61,-4.25,146416.0,1268094584.56,6.42,90.59,84.67,90.2,92.16,1.21,4.6,39.41,5.36,41838802173.0,28001334689.0,0.0,-0.1,25.8,18.64
5263,688480,赛恩斯,125.24,-4.62,-6.07,43092.0,525965280.0,10.64,129.97,116.0,124.97,131.31,1.0,4.52,108.55,10.38,11938650658.0,11938650658.0,-0.78,0.13,182.14,143.23
5264,601678,滨化股份,5.58,-4.62,-0.27,1935548.0,1098807427.0,5.98,5.91,5.56,5.91,5.85,1.46,9.47,44.76,1.0,11477146420.0,11401816420.0,0.0,0.0,25.39,31.6
5265,603257,中国瑞林,66.63,-4.62,-3.23,44154.0,295875349.0,6.89,69.99,65.18,69.25,69.86,0.73,17.73,67.9,3.27,7995600000.0,1659087000.0,0.23,0.5,16.59,12.36
5266,300179,四方达,24.8,-4.62,-1.2,483580.0,1179725275.58,6.81,25.37,23.6,25.02,26.0,0.71,12.93,151.68,10.09,12045953464.0,9274750574.0,-0.12,0.2,39.4,64.02
5267,603867,新化股份,34.02,-4.63,-1.65,126511.0,428156973.0,6.62,35.67,33.31,35.65,35.67,0.91,5.87,29.99,2.69,7398898997.0,7337662997.0,0.44,0.44,28.33,33.94
5268,688610,埃科光电,73.71,-4.63,-3.58,15964.0,116122902.0,6.47,76.0,71.0,75.71,77.29,0.96,3.9,78.2,3.31,5012280000.0,3017139587.0,-0.22,-0.08,23.08,19.25
5269,300819,聚杰微纤,52.92,-4.65,-2.58,86772.0,452273044.42,6.68,54.42,50.71,53.96,55.5,0.86,6.44,112.82,9.08,7895928600.0,7131618270.0,0.11,0.11,92.44,53.08
5270,603355,莱克电气,31.97,-4.65,-1.56,44985.0,145357250.0,5.73,33.55,31.63,33.53,33.53,1.13,0.78,22.14,3.36,18331474276.0,18331474276.0,0.16,0.35,-6.52,0.76
5271,688011,新光光电,68.35,-4.65,-3.33,23245.0,158457815.0,7.98,71.7,65.98,71.7,71.68,0.93,2.33,-181.47,6.47,6835000000.0,6811933447.0,0.0,0.03,58.29,7.06
5272,688627,精智达,245.8,-4.66,-12.02,47255.0,1132763938.0,6.98,248.0,230.0,244.93,257.82,1.24,6.53,335.79,13.29,23108089133.0,17784044910.0,-0.16,0.0,30.95,9.93
5273,603895,天永智能,29.4,-4.67,-1.44,41771.0,123232988.0,5.8,30.48,28.69,29.94,30.84,1.3,3.86,196.29,16.4,3177552000.0,3177552000.0,-0.03,-0.17,3.45,0.82
5274,688069,德林海,26.93,-4.67,-1.32,26676.0,72913431.0,3.72,27.95,26.9,27.7,28.25,1.11,2.36,58.18,2.34,3043090000.0,3043090000.0,-0.44,-0.26,25.78,20.06
5275,688696,极米科技,90.47,-4.67,-4.43,18939.0,170633335.0,5.8,93.5,88.0,93.38,94.9,1.39,2.7,44.21,2.04,6334709400.0,6334709400.0,-0.07,-0.08,-19.68,-18.85
5276,600029,南方航空,6.32,-4.68,-0.31,2120098.0,1320815682.0,4.22,6.36,6.08,6.36,6.63,1.83,1.57,37.23,3.09,114524241595.0,85174178608.0,0.16,0.16,-12.22,-21.1
5277,688478,晶升股份,33.98,-4.68,-1.67,29485.0,99597001.0,5.72,35.17,33.13,35.17,35.65,1.01,2.85,-133.96,3.11,4701679942.0,3513853655.0,0.18,-0.18,1.95,-9.17
5278,603338,浙江鼎力,51.47,-4.69,-2.53,96312.0,491420140.0,5.69,53.08,50.01,53.0,54.0,1.92,1.9,12.26,2.34,26061725332.0,26061725332.0,0.0,0.06,-13.26,-9.13
5279,920179,凯德石英,44.75,-4.69,-2.2,31542.0,138770177.23,5.64,45.66,43.01,45.66,46.95,0.86,5.28,144.13,4.47,3354907500.0,2672401712.0,-0.33,-0.02,27.49,15.81
5280,002293,罗莱生活,9.92,-4.71,-0.49,98884.0,99332386.45,4.13,10.35,9.92,10.21,10.41,1.05,1.2,18.24,2.07,8271717412.0,8199704044.0,0.0,-0.1,0.61,-3.41
5281,600355,*ST精伦,1.01,-4.72,-0.05,312754.0,31654847.0,2.83,1.04,1.01,1.01,1.06,0.9,6.36,-13.74,4.72,497010092.0,497010092.0,0.0,0.0,-65.17,-54.91
5282,603048,浙江黎明,21.75,-4.73,-1.08,49420.0,106348661.0,6.26,22.49,21.06,22.45,22.83,1.44,3.36,53.6,2.5,3194640000.0,3194640000.0,0.65,0.79,3.33,3.23
5283,603960,克来机电,26.2,-4.73,-1.3,206157.0,534855197.0,5.24,26.75,25.31,26.75,27.5,0.99,7.86,225.75,6.14,6869584980.0,6869584980.0,0.0,0.58,40.18,32.06
5284,002919,名臣健康,22.78,-4.73,-1.13,109928.0,248463051.62,9.95,24.3,21.92,23.91,23.91,1.32,4.16,107.02,7.39,6071463783.0,6022762513.0,0.0,0.71,-3.11,-0.91
5285,920263,中航泰达,12.25,-4.74,-0.61,28795.0,35842792.85,6.22,12.99,12.19,12.78,12.86,0.87,2.81,90.76,2.98,1730225476.0,1256773278.0,0.08,0.16,-4.37,-1.76
5286,002975,博杰股份,73.81,-4.75,-3.68,52149.0,380714831.4,4.98,75.42,71.56,75.35,77.49,1.04,4.93,83.93,5.27,11831934389.0,7813451314.0,0.01,-0.05,-1.31,-4.03
5287,000059,华锦股份,5.82,-4.75,-0.29,1026775.0,620745241.91,10.47,6.44,5.8,6.37,6.11,1.16,6.42,-5.01,0.92,9308755565.0,9308755565.0,0.0,-0.51,12.36,8.79
5288,688403,汇成股份,16.04,-4.75,-0.8,489098.0,770356976.0,6.35,16.45,15.38,16.45,16.84,1.47,5.63,89.75,3.87,13937845367.0,13937845367.0,-0.06,-0.25,11.39,-2.08
5289,688031,星环科技-U,240.99,-4.75,-12.01,134842.0,3158012247.0,11.66,253.0,223.5,245.0,253.0,1.4,11.13,-119.07,33.85,29192544397.0,29192544397.0,-0.75,-0.04,281.62,122.75
5290,600236,桂冠电力,10.43,-4.75,-0.52,482080.0,512869113.0,7.58,11.14,10.31,10.61,10.95,1.0,0.61,25.49,4.61,82213200475.0,82213200475.0,0.19,0.29,45.67,33.21
5291,688102,斯瑞新材,41.35,-4.77,-2.07,171538.0,702740725.0,5.87,42.56,40.01,41.5,43.42,0.74,2.34,207.85,16.88,32065183255.0,30339870342.0,-0.02,0.1,84.02,6.85
5292,300004,南风股份,13.79,-4.77,-0.69,233488.0,320408976.0,4.83,14.09,13.39,14.0,14.48,1.11,4.86,148.39,3.72,6619111716.0,6619111716.0,0.07,0.07,36.53,12.57
5293,300456,赛微电子,47.44,-4.78,-2.38,429569.0,2004275035.74,5.3,48.52,45.88,48.5,49.82,1.11,7.19,16.53,5.11,34736191077.0,28342984260.0,0.0,0.11,0.94,-15.23
5294,688090,瑞松科技,51.76,-4.78,-2.6,47592.0,244564465.0,7.21,53.92,50.0,53.92,54.36,1.6,3.89,531.74,7.02,6333874513.0,6333874513.0,0.02,-0.08,39.21,16.37
5295,688518,联赢激光,25.63,-4.79,-1.29,195836.0,495126334.0,4.49,25.98,24.77,25.96,26.92,1.8,5.74,50.79,2.68,8748162185.0,8748162185.0,0.0,0.04,9.95,5.52
5296,920438,戈碧迦,40.75,-4.79,-2.05,33168.0,132765395.47,5.07,41.2,39.03,41.2,42.8,0.65,2.38,209.0,5.9,5928106250.0,5680307538.0,-0.05,0.17,4.81,1.49
5297,603688,石英股份,51.02,-4.8,-2.57,291593.0,1464343044.0,5.58,51.99,49.0,51.19,53.59,1.03,5.38,153.36,4.77,27636426305.0,27636426305.0,-0.04,0.22,41.21,39.48
5298,688195,腾景科技,209.1,-4.81,-10.57,70560.0,1432501658.0,5.91,211.18,198.2,199.99,219.67,0.84,5.45,383.14,27.37,27047085000.0,27047085000.0,-0.02,0.05,28.28,23.33
5299,600183,生益科技,60.92,-4.81,-3.08,561772.0,3349337782.0,5.7,61.72,58.07,61.38,64.0,1.18,2.35,44.39,8.85,147981943492.0,145873034060.0,-0.1,0.02,5.18,-14.69
5300,000902,新洋丰,18.34,-4.83,-0.93,339359.0,631911825.47,6.33,19.45,18.23,19.08,19.27,1.24,2.97,12.57,2.0,23011815600.0,20958637597.0,-0.05,0.0,17.49,17.41
5301,002206,海 利 得,6.89,-4.83,-0.35,340005.0,236388173.27,5.94,7.23,6.8,7.11,7.24,1.48,3.99,14.47,2.04,8007607746.0,5877284967.0,0.0,0.0,20.88,17.78
5302,605090,九丰能源,43.92,-4.83,-2.23,316710.0,1431255647.0,8.71,47.9,43.88,47.5,46.15,1.0,4.5,18.73,2.84,30985017764.0,30923999708.0,-0.02,-0.05,36.61,1.9
5303,688552,航天南湖,39.3,-4.84,-2.0,65109.0,257999783.0,6.34,41.5,38.88,41.18,41.3,0.52,7.5,414.81,5.12,13253846400.0,3412322754.0,0.1,-0.08,16.76,8.2
5304,002290,禾盛新材,61.1,-4.86,-3.12,92787.0,557880009.2,8.91,64.0,58.28,63.7,64.22,2.22,3.75,78.91,15.98,15159663363.0,15115556801.0,-0.2,0.28,40.46,33.7
5305,301626,苏州天脉,251.99,-4.87,-12.89,66687.0,1617602363.0,11.04,258.23,229.0,256.91,264.88,1.16,12.67,153.35,18.51,29150203200.0,13259461306.0,-0.04,-0.79,50.8,35.26
5306,001212,中旗新材,53.13,-4.89,-2.73,86160.0,457193202.37,5.19,54.9,52.0,54.5,55.86,1.15,4.96,2164.15,5.8,10676984823.0,9236582706.0,0.25,0.17,16.72,4.79
5307,300909,汇创达,43.73,-4.89,-2.25,56807.0,246361041.5,10.05,46.35,41.73,44.6,45.98,0.74,4.65,98.4,3.75,7564108372.0,5344289260.0,-0.07,-0.43,-1.49,-9.09
5308,600315,上海家化,19.61,-4.9,-1.01,143310.0,280838589.0,5.0,20.3,19.27,20.3,20.62,1.7,2.13,24.39,1.87,13182351468.0,13182351468.0,0.05,0.05,-15.73,-12.92
5309,601058,赛轮轮胎,14.16,-4.9,-0.73,638357.0,904308806.0,4.7,14.67,13.97,14.66,14.89,2.18,1.94,12.16,2.21,46559499667.0,46559499667.0,0.0,0.07,-15.31,-12.48
5310,920693,阿为特,31.9,-4.92,-1.65,15835.0,50299120.03,5.54,32.92,31.06,32.92,33.55,1.98,4.33,365.8,6.56,2319130000.0,1167859000.0,-0.31,0.47,-16.4,-18.89
5311,300910,瑞丰新材,52.4,-4.93,-2.72,45553.0,239116486.8,5.71,54.65,51.5,53.82,55.12,1.15,2.2,20.25,4.23,15507008567.0,10872270016.0,-0.04,0.04,-10.9,-7.34
5312,300394,天孚通信,306.96,-4.93,-15.92,378965.0,11365858275.52,5.72,310.48,292.0,306.75,322.88,0.98,4.88,122.14,48.92,238635581901.0,238155648407.0,0.12,0.04,76.97,51.19
5313,301176,逸豪新材,25.19,-4.94,-1.31,62417.0,153870898.45,5.09,25.3,23.95,25.0,26.5,1.33,11.08,-164.99,2.81,4258789342.0,1419596456.0,0.0,0.04,-2.29,0.08
5314,601111,中国国航,7.31,-4.94,-0.38,2777965.0,1994837491.0,5.59,7.46,7.03,7.46,7.69,2.14,2.39,51.16,2.75,127547957510.0,85074580255.0,0.0,0.0,-12.98,-21.99
5315,002891,中宠股份,44.1,-4.96,-2.3,60377.0,268535485.88,5.45,46.28,43.75,46.16,46.4,1.68,1.98,30.2,4.64,13423055732.0,13423055732.0,0.23,0.34,-20.53,-14.8
5316,000415,渤海租赁,4.79,-4.96,-0.25,1447962.0,681709951.9,7.54,4.94,4.56,4.94,5.04,1.48,2.68,-16.19,1.03,29623856941.0,25832257961.0,-0.21,0.21,27.73,18.27
5317,688141,杰华特,51.21,-4.97,-2.68,139798.0,701979943.0,5.23,51.7,48.88,50.51,53.89,1.17,3.1,-32.18,14.8,23060969597.0,23060969597.0,0.0,0.04,36.12,17.91
5318,002865,钧达股份,87.42,-4.98,-4.58,221369.0,1916896729.67,5.24,88.97,84.15,87.33,92.0,1.0,9.84,-48.72,5.49,27210878266.0,19657767537.0,0.02,-0.14,137.3,60.08
5319,600262,北方股份,27.65,-4.98,-1.45,75707.0,208761313.0,6.05,28.66,26.9,28.66,29.1,1.62,4.45,19.45,2.67,4700500000.0,4700500000.0,0.33,0.4,12.22,6.22
5320,600599,*ST熊猫,4.19,-4.99,-0.22,11176.0,4682744.0,0.0,4.19,4.19,4.19,4.41,0.47,0.67,38.47,6.0,695540000.0,695540000.0,0.0,0.0,-58.56,-57.8
5321,688301,奕瑞科技,120.25,-4.99,-6.32,40802.0,484223358.0,7.78,125.0,115.15,124.22,126.57,1.23,2.04,38.45,4.12,25426758965.0,24098119120.0,-0.3,-0.16,21.46,18.93
5322,603123,翠微股份,13.3,-5.0,-0.7,484019.0,640187579.0,4.79,13.6,12.93,13.6,14.0,0.73,7.42,-25.61,5.81,10623197645.0,8675270122.0,0.0,0.08,17.91,-20.88
5323,603268,*ST松发,119.42,-5.0,-6.28,91931.0,1123645078.0,5.87,126.8,119.42,126.8,125.7,0.81,3.94,43.67,12.26,115930344944.0,27854690161.0,-0.78,-0.9,47.05,43.22
5324,300740,水羊股份,21.6,-5.01,-1.14,190215.0,409604776.64,5.58,22.29,21.02,22.2,22.74,1.51,5.3,46.5,4.07,8424218225.0,7754027378.0,-0.05,0.05,7.68,-9.4
5325,603379,三美股份,72.83,-5.02,-3.85,99061.0,725636577.0,5.14,75.96,72.02,75.77,76.68,1.16,1.62,20.96,5.84,44461188265.0,44461188265.0,-0.05,-0.1,37.26,19.94
5326,002536,飞龙股份,34.63,-5.05,-1.84,569328.0,1923455395.35,6.0,35.01,32.82,33.99,36.47,0.78,10.46,52.06,5.76,19904835301.0,18853167636.0,0.12,0.09,61.82,16.6
5327,603979,金诚信,65.45,-5.05,-3.48,168677.0,1090518507.0,6.51,67.5,63.01,67.5,68.93,1.87,2.7,17.47,3.91,40826956409.0,40826956409.0,-0.02,0.26,-0.27,-14.05
5328,300547,川环科技,33.47,-5.05,-1.78,103209.0,340455389.0,6.84,34.51,32.1,34.5,35.25,1.01,5.79,39.74,5.68,7259849644.0,5965143792.0,-0.03,0.21,3.53,-15.05
5329,300875,捷强装备,48.64,-5.06,-2.59,125124.0,637715619.7,10.09,53.7,48.53,51.24,51.23,0.73,14.25,-157.04,5.14,4855962289.0,4270186780.0,0.02,-0.14,11.59,20.13
5330,000004,*ST国华,5.07,-5.06,-0.27,81543.0,41384170.22,1.5,5.15,5.07,5.07,5.34,1.07,6.46,-18.58,18.17,671168030.0,640278984.0,0.0,0.0,-56.52,-54.24
5331,603889,新澳股份,8.42,-5.07,-0.45,96959.0,82314557.0,4.4,8.79,8.4,8.79,8.87,1.17,1.34,12.22,1.71,6148632950.0,6102151182.0,-0.12,0.0,10.5,5.91
5332,603187,海容冷链,16.3,-5.07,-0.87,103513.0,170358554.0,4.83,17.0,16.17,16.9,17.17,1.0,2.71,15.72,1.49,6298582544.0,6232498823.0,0.43,0.62,8.16,5.91
5333,000157,中联重科,9.35,-5.08,-0.5,1101375.0,1030406304.58,5.18,9.73,9.22,9.7,9.85,1.4,1.56,15.47,1.39,80863804457.0,66108402344.0,0.11,0.21,16.15,10.91
5334,000593,德龙汇能,14.19,-5.08,-0.76,264041.0,382445892.98,9.03,15.36,14.01,15.2,14.95,0.65,7.37,154.04,5.82,5088974018.0,5086876168.0,-0.14,-0.14,4.42,26.7
5335,002512,ST达华,4.66,-5.09,-0.25,10497.0,4891602.0,0.0,4.66,4.66,4.66,4.91,0.15,0.1,-37.92,13.35,5184234305.0,5100145304.0,0.0,0.0,-18.96,-25.2
5336,603057,紫燕食品,32.39,-5.1,-1.74,70976.0,232745457.0,6.8,34.27,31.95,33.76,34.13,1.14,1.72,51.75,6.68,13393710363.0,13344680000.0,-0.03,0.22,76.13,59.24
5337,603730,岱美股份,8.93,-5.1,-0.48,280507.0,249778361.0,5.31,9.23,8.73,9.21,9.41,1.03,1.31,32.36,4.2,19186866568.0,19186866568.0,0.22,0.22,7.33,1.94
5338,301251,威尔高,62.02,-5.11,-3.34,72150.0,435529707.34,7.99,63.51,58.29,63.01,65.36,0.95,13.36,89.77,5.32,8353389019.0,3348652868.0,-0.11,-0.03,18.29,18.63
5339,002306,*ST云网,2.22,-5.13,-0.12,167798.0,37255196.0,2.14,2.27,2.22,2.22,2.34,0.4,2.06,-71.84,-50.64,1930872750.0,1806901095.0,0.0,0.0,11.56,11.56
5340,600331,宏达股份,18.26,-5.14,-0.99,973573.0,1747222842.0,6.49,18.65,17.4,18.65,19.25,0.94,4.79,-774.72,15.16,48235616000.0,37104320000.0,-0.05,-0.05,67.37,42.77
5341,001326,联域股份,62.37,-5.14,-3.38,18743.0,117209833.12,5.81,65.2,61.38,65.03,65.75,1.3,7.78,175.29,3.76,4565484000.0,1503324630.0,-0.1,-0.21,41.4,32.08
5342,301630,同宇新材,186.6,-5.16,-10.15,16232.0,298045317.26,7.1,193.02,179.05,193.01,196.75,0.98,16.23,54.51,4.46,7464000000.0,1866000000.0,-0.21,0.05,9.28,9.64
5343,600841,动力新科,9.91,-5.17,-0.54,336588.0,328988587.0,7.75,10.31,9.5,10.25,10.45,1.06,3.23,-29.5,4.35,13753313879.0,10336372636.0,0.1,-0.2,64.62,62.73
5344,688691,灿芯股份,120.05,-5.17,-6.55,51095.0,603167132.0,5.67,122.0,114.82,120.0,126.6,0.9,7.15,-125.2,11.69,14406000000.0,8579374451.0,0.21,0.02,14.32,17.72
5345,002545,东方铁塔,27.47,-5.18,-1.5,274330.0,763421133.08,9.98,29.7,26.81,29.2,28.97,0.96,2.43,30.95,3.62,34174385420.0,31045597059.0,-0.04,0.07,52.53,48.89
5346,301078,孩子王,9.32,-5.19,-0.51,687962.0,640557812.76,4.68,9.59,9.13,9.53,9.83,0.87,5.49,42.15,2.83,11754408381.0,11689190889.0,0.0,0.0,-6.05,-10.13
5347,603150,万朗磁塑,53.13,-5.21,-2.92,44277.0,233773327.0,7.76,55.52,51.17,54.0,56.05,1.68,5.18,37.38,2.68,4541711790.0,4541711790.0,0.25,-0.04,44.1,39.89
5348,688283,坤恒顺维,44.59,-5.21,-2.45,17584.0,78841550.0,4.51,46.3,44.18,46.3,47.04,2.34,1.44,116.13,5.51,5431062000.0,5431062000.0,-0.02,0.13,26.75,10.65
5349,301560,众捷汽车,36.93,-5.23,-2.04,29391.0,108544490.65,6.24,38.45,36.02,38.39,38.97,1.14,12.09,54.9,4.58,4490688000.0,898137600.0,0.46,0.38,9.49,8.43
5350,301489,思泉新材,184.76,-5.23,-10.19,46111.0,834525726.25,6.39,188.12,175.66,187.0,194.95,0.8,9.69,176.24,13.77,14920084467.0,8794654893.0,-0.06,-0.01,8.27,-7.16
5351,688498,源杰科技,806.3,-5.24,-44.6,37159.0,2913780604.0,6.56,817.87,762.02,806.93,850.9,0.97,4.42,362.97,29.71,69299651474.0,67729200000.0,0.0,0.11,46.31,25.59
5352,603713,密尔克卫,63.25,-5.24,-3.5,28626.0,182999880.0,6.91,67.21,62.6,66.75,66.75,1.26,1.81,14.29,2.15,10001544768.0,10001544768.0,0.0,-0.08,17.87,13.41
5353,688456,有研粉材,58.36,-5.26,-3.24,63358.0,359032226.0,8.77,59.5,54.1,59.5,61.6,1.65,6.11,85.31,4.77,6049597600.0,6049597600.0,0.02,-0.17,25.91,-24.89
5354,600486,扬农化工,81.03,-5.27,-4.51,114358.0,966591914.0,10.29,89.15,80.35,86.0,85.54,1.73,2.83,23.34,2.91,32843508492.0,32735200634.0,0.01,0.07,31.84,16.77
5355,301629,矽电股份,267.64,-5.28,-14.91,11666.0,307655935.36,4.59,271.0,258.02,271.0,282.55,0.9,11.18,334.21,9.58,11167887613.0,2791945273.0,-0.13,-0.21,25.53,22.66
5356,688630,芯碁微装,178.5,-5.29,-9.98,65478.0,1132921205.0,6.9,180.0,167.0,178.0,188.48,1.27,4.97,81.11,10.19,23515717806.0,23515717806.0,0.15,-0.02,58.1,32.68
5357,002831,裕同科技,29.85,-5.3,-1.67,105195.0,315619591.98,6.0,31.47,29.58,31.47,31.52,1.5,2.06,17.45,2.39,27477327975.0,15253147587.0,-0.03,0.03,0.64,4.7
5358,301680,C固德电,120.0,-5.3,-6.71,82925.0,997382987.9,11.92,128.9,113.8,115.87,126.71,0.64,49.35,55.46,9.65,9936000000.0,2016297600.0,0.18,0.44,106.9,106.9
5359,301018,申菱环境,101.01,-5.3,-5.65,163310.0,1596622399.14,7.7,102.23,94.02,97.14,106.66,1.21,8.21,134.29,10.13,26873969490.0,20100930808.0,-1.06,-0.65,98.6,59.02
5360,688385,复旦微电,75.63,-5.31,-4.24,124573.0,938859521.0,5.05,78.23,74.2,78.18,79.87,0.97,2.31,268.13,10.18,62297433098.0,40793555198.0,0.03,-0.04,27.54,2.62
5361,002938,鹏鼎控股,50.37,-5.32,-2.83,293122.0,1451960368.43,4.87,50.97,48.38,50.97,53.2,1.04,1.27,36.37,3.57,116760229676.0,116323680391.0,-0.02,0.06,3.01,-0.42
5362,000338,潍柴动力,26.66,-5.33,-1.5,1676528.0,4391240788.56,5.47,26.95,25.41,26.7,28.16,1.12,3.35,19.63,2.47,232304077351.0,133489711147.0,0.08,0.0,56.09,55.0
5363,002436,兴森科技,23.75,-5.34,-1.34,1482887.0,3436610264.86,5.9,24.06,22.58,23.87,25.09,1.35,9.82,230.25,7.49,40367247121.0,35874309830.0,-0.04,-0.17,11.35,12.19
5364,920640,富士达,40.33,-5.35,-2.28,70584.0,281564170.27,5.02,41.35,39.21,41.35,42.61,0.86,3.91,97.41,8.18,7571070240.0,7283688138.0,-0.17,-0.32,24.59,7.2
5365,000528,柳    工,10.44,-5.35,-0.59,740435.0,773587533.72,5.26,10.89,10.31,10.89,11.03,1.8,3.64,10.94,1.16,21255483213.0,21227529936.0,0.1,0.1,-15.47,-12.05
5366,002734,利民股份,20.6,-5.37,-1.17,508923.0,1056444760.63,8.04,21.98,20.23,21.66,21.77,0.93,11.72,18.85,2.56,9802296254.0,8947523377.0,0.1,0.0,23.95,29.23
5367,002993,奥海科技,45.53,-5.38,-2.59,91583.0,409922717.15,8.08,47.39,43.5,47.0,48.12,1.97,3.84,26.29,2.54,12568101200.0,10856488859.0,0.18,-0.04,6.18,4.16
5368,603678,火炬电子,36.53,-5.39,-2.08,180555.0,658035891.0,4.48,37.51,35.78,37.5,38.61,1.07,3.8,40.68,2.83,17372449030.0,17372449030.0,0.0,0.03,19.81,3.43
5369,600039,四川路桥,10.01,-5.39,-0.57,344485.0,351890014.0,5.67,10.58,9.98,10.55,10.58,1.28,0.4,12.32,1.75,87042862356.0,87042862356.0,0.0,0.2,5.93,0.6
5370,603009,北特科技,52.08,-5.4,-2.97,161030.0,828833868.0,8.63,54.35,49.6,53.99,55.05,1.33,4.76,146.0,10.27,18039981565.0,17624339158.0,0.0,0.0,29.91,8.14
5371,300548,长芯博创,141.76,-5.4,-8.09,222990.0,3072072405.29,7.41,144.7,133.6,143.58,149.85,0.92,8.28,124.01,22.05,41333158545.0,38172973745.0,-0.02,-0.02,19.25,-0.17
5372,300570,太辰光,120.78,-5.42,-6.92,199464.0,2361788094.59,6.53,123.88,115.54,123.46,127.7,0.92,10.38,79.03,16.52,27432382996.0,23213073318.0,0.01,0.1,16.92,4.53
5373,002969,嘉美包装,23.55,-5.42,-1.35,672680.0,1590717671.78,8.59,24.74,22.6,23.98,24.9,0.78,6.16,495.46,9.76,25869573971.0,25723405055.0,0.17,-1.05,480.05,86.02
5374,688170,德龙激光,51.23,-5.43,-2.94,109189.0,545429768.0,7.68,52.5,48.34,52.0,54.17,1.03,10.56,210.18,4.21,5295132800.0,5295132800.0,0.2,0.35,65.2,62.84
5375,688362,甬矽电子,39.91,-5.45,-2.3,159981.0,625085912.0,5.69,40.4,38.0,40.0,42.21,1.15,3.9,199.2,6.2,16382377727.0,16382377727.0,-0.08,0.1,31.46,23.14
5376,603124,江南新材,98.5,-5.48,-5.71,26344.0,254511018.0,8.17,102.3,93.79,100.0,104.21,0.93,9.01,65.16,7.99,14355902102.0,2878728988.0,-0.04,-0.08,37.32,24.89
5377,601021,春秋航空,47.6,-5.48,-2.76,265489.0,1259663676.0,4.09,48.63,46.57,48.63,50.36,2.86,2.71,14.95,2.56,46568670935.0,46568670935.0,0.15,0.08,-14.56,-20.0
5378,688662,富信科技,62.15,-5.48,-3.6,84297.0,498350181.0,9.29,62.97,56.86,61.56,65.75,1.09,9.55,137.49,7.51,5484116000.0,5484116000.0,-0.02,-0.02,56.16,21.27
5379,003031,中瓷电子,76.4,-5.5,-4.45,140698.0,1044156565.45,5.91,77.55,72.77,77.5,80.85,1.43,4.14,58.3,5.48,34460438428.0,25987971574.0,0.0,-0.01,45.66,4.43
5380,002225,濮耐股份,6.18,-5.5,-0.36,476609.0,295135282.0,6.27,6.44,6.03,6.41,6.54,1.29,4.89,56.64,1.74,7164097928.0,6020412902.0,0.0,0.16,4.04,8.42
5381,300593,新雷能,29.1,-5.52,-1.7,206096.0,593472096.29,5.75,29.78,28.01,29.62,30.8,0.99,4.58,-131.77,6.61,15786705448.0,13102667879.0,0.0,0.0,6.17,-2.22
5382,600273,嘉化能源,10.58,-5.54,-0.62,508476.0,543363255.0,8.3,11.32,10.39,11.32,11.2,1.5,3.75,13.09,1.43,14355785343.0,14355785343.0,0.19,0.0,27.16,21.05
5383,300990,同飞股份,85.96,-5.54,-5.04,57042.0,485699471.04,8.63,89.91,82.06,89.51,91.0,1.05,7.4,60.94,7.2,14662983734.0,6629491791.0,-0.07,-0.03,28.01,-4.44
5384,300303,聚飞光电,10.22,-5.55,-0.6,3131745.0,3200927187.94,5.82,10.65,10.02,10.48,10.82,0.96,23.56,51.47,3.86,14479752486.0,13584403417.0,0.2,0.29,52.54,49.42
5385,688702,盛科通信-U,192.03,-5.57,-11.32,112422.0,2075921405.0,11.31,199.0,176.0,195.34,203.35,1.18,5.54,-525.43,35.3,78732300000.0,38980512089.0,-0.28,-0.43,53.17,35.53
5386,603738,泰晶科技,22.06,-5.57,-1.3,450774.0,980651145.0,6.68,22.58,21.02,22.31,23.36,0.7,11.68,182.29,4.87,8512678074.0,8512678074.0,0.0,0.09,39.89,40.42
5387,301511,德福科技,33.5,-5.58,-1.98,323166.0,1066723615.29,8.31,35.0,32.05,34.89,35.48,0.85,8.63,237.81,5.2,21115787000.0,12550140209.0,-0.62,-0.3,4.62,-6.4
5388,002988,豪美新材,31.95,-5.59,-1.89,63622.0,202319654.0,8.1,33.64,30.9,33.6,33.84,1.91,2.55,41.81,2.98,7980197125.0,7977730489.0,0.0,0.13,-18.03,-13.18
5389,600487,亨通光电,45.72,-5.6,-2.71,1602048.0,7118930754.0,5.31,46.16,43.59,45.81,48.43,1.0,6.55,35.6,3.66,112779108518.0,111793681035.0,0.2,0.15,132.08,84.88
5390,603067,振华股份,44.1,-5.61,-2.62,418525.0,1810928716.0,7.43,45.52,42.05,44.5,46.72,1.21,5.89,57.4,9.02,31344528216.0,31344528216.0,0.05,-0.05,59.61,53.07
5391,301611,珂玛科技,110.39,-5.64,-6.6,96881.0,1067366757.79,5.58,114.5,107.97,113.09,116.99,1.3,6.61,147.63,27.87,48130040000.0,16181262928.0,0.05,0.08,109.23,28.76
5392,002062,宏润建设,8.53,-5.64,-0.51,255092.0,218717178.67,4.76,8.88,8.45,8.88,9.04,1.2,2.27,32.49,2.08,10553920683.0,9593699189.0,0.35,0.24,-10.02,-7.78
5393,300414,中光防雷,15.21,-5.65,-0.91,202039.0,306631059.09,5.58,15.76,14.86,15.76,16.12,0.82,6.44,217.05,4.99,4958756078.0,4768769702.0,0.0,0.13,28.46,1.74
5394,003006,百亚股份,17.86,-5.65,-1.07,70851.0,127239704.47,5.44,18.71,17.68,18.68,18.93,1.04,1.65,23.53,5.23,7673509529.0,7654313155.0,0.06,-0.06,-14.75,-18.22
5395,600115,中国东航,4.83,-5.66,-0.29,4898211.0,2325825258.0,5.08,4.88,4.62,4.87,5.12,2.22,2.88,38.05,6.57,106683768116.0,82230580433.0,0.0,0.0,-7.29,-19.5
5396,603316,诚邦股份,15.98,-5.67,-0.96,443222.0,719903793.0,5.55,16.76,15.82,15.84,16.94,2.49,16.77,-35.31,7.98,4222938720.0,4222938720.0,0.13,0.25,7.83,10.21
5397,603680,今创集团,14.65,-5.67,-0.88,91789.0,135259791.0,6.76,15.45,14.4,15.45,15.53,1.75,1.17,17.48,2.05,11481479937.0,11481479937.0,0.07,0.07,37.82,-4.93
5398,605167,利柏特,17.58,-5.69,-1.06,78852.0,139063836.0,6.76,18.43,17.17,18.42,18.64,1.22,1.76,33.27,4.0,7894650600.0,7894650600.0,0.06,0.0,69.04,7.0
5399,301338,凯格精机,182.0,-5.7,-11.0,49605.0,893393966.87,5.44,185.49,175.0,179.18,193.0,0.67,8.39,119.78,12.37,19364800000.0,10765300000.0,-0.03,-0.13,175.13,106.56
5400,688809,强一股份,354.65,-5.7,-21.44,28142.0,984905465.0,7.17,367.95,341.0,360.11,376.09,0.92,11.56,115.45,11.28,45948205745.0,8636794642.0,0.15,0.24,316.79,38.1
5401,920183,海菲曼,42.7,-5.74,-2.6,26805.0,115177683.4,5.28,44.6,42.21,44.6,45.3,0.44,23.83,27.94,5.78,2090250400.0,480367613.0,0.05,0.31,116.64,116.64
5402,300917,特发服务,35.05,-5.78,-2.15,75991.0,264585911.52,2.98,35.4,34.29,35.4,37.2,1.35,4.5,48.88,5.1,5923450000.0,5923450000.0,0.11,0.17,-16.45,-10.36
5403,002678,珠江钢琴,5.53,-5.79,-0.34,266969.0,146618097.25,7.33,5.77,5.34,5.77,5.87,1.29,1.97,-25.82,2.32,7511511386.0,7507386697.0,0.0,0.0,7.8,3.75
5404,688789,宏华数科,77.79,-5.83,-4.82,37840.0,293142230.0,8.41,82.21,75.26,82.21,82.61,2.05,2.1,26.51,3.92,14022122564.0,14022122564.0,0.01,0.05,-1.79,-4.63
5405,300814,中富电路,101.9,-5.83,-6.31,125422.0,1237436739.47,10.0,104.82,94.0,102.0,108.21,0.9,6.55,525.24,11.87,19506730451.0,19506730451.0,0.32,-0.36,24.71,37.81
5406,920833,美心翼申,19.45,-5.86,-1.21,28814.0,57297211.66,9.73,20.67,18.66,20.44,20.66,0.85,4.61,55.54,2.61,1601902000.0,1214832413.0,0.46,-0.05,18.6,19.03
5407,301323,新莱福,55.0,-5.87,-3.43,30459.0,166995675.49,7.34,57.71,53.42,57.66,58.43,1.56,4.5,41.7,2.67,5807377950.0,3722012965.0,-0.02,0.0,2.23,0.79
5408,000659,珠海中富,4.01,-5.87,-0.25,640855.0,255504010.55,8.22,4.22,3.87,4.22,4.26,1.82,4.98,-72.11,30.33,5155667105.0,5155667105.0,-0.25,0.0,26.5,-1.23
5409,002444,巨星科技,32.32,-5.88,-2.02,250487.0,801281320.87,7.63,33.88,31.26,33.88,34.34,2.56,2.18,13.43,2.04,38605534842.0,37072099385.0,0.03,0.03,-5.5,-5.0
5410,603281,江瀚新材,29.7,-5.95,-1.88,45075.0,134270614.0,5.7,31.1,29.3,31.0,31.58,1.63,1.21,25.8,2.36,11088000020.0,11088000020.0,0.0,0.1,7.3,7.03
5411,688205,德科立,158.93,-5.96,-10.07,108026.0,1669173157.0,6.68,160.29,149.0,158.03,169.0,0.87,6.82,343.81,10.84,25156287338.0,25156287338.0,-0.17,-0.18,34.63,15.6
5412,002851,麦格米特,120.69,-5.98,-7.67,198281.0,2339376963.45,5.94,123.2,115.57,122.68,128.36,0.93,4.33,247.56,10.59,70180681274.0,55271152693.0,0.0,0.03,74.86,34.0
5413,300831,派瑞股份,19.77,-5.99,-1.26,474338.0,946566925.21,8.65,21.03,19.21,20.92,21.03,1.14,25.71,853.45,6.88,6326400000.0,3647253425.0,0.0,0.05,47.87,79.4
5414,301095,广立微,75.21,-5.99,-4.79,94264.0,693585308.87,6.83,77.0,71.54,76.01,80.0,1.31,5.4,305.19,4.8,15063140628.0,13124471035.0,0.04,0.04,13.23,4.88
5415,605255,天普股份,109.18,-6.01,-6.98,24337.0,263473262.0,3.66,111.0,106.75,110.56,116.16,1.06,1.82,615.05,18.14,14638854400.0,14638854400.0,-0.02,-0.28,-28.57,-49.92
5416,688661,和林微纳,88.8,-6.03,-5.7,61965.0,540813825.0,5.3,89.68,84.67,86.66,94.5,1.17,4.08,455.08,10.99,13487638949.0,13487638949.0,-0.22,-0.43,117.43,71.56
5417,301196,唯科科技,81.28,-6.07,-5.25,48264.0,387522708.53,7.2,84.28,78.05,84.01,86.53,1.18,5.89,34.38,3.08,10185500543.0,6661839742.0,-0.25,-0.33,11.63,1.64
5418,688210,统联精密,46.71,-6.07,-3.02,45193.0,212063557.0,6.35,49.1,45.94,49.1,49.73,0.91,2.79,-1625.95,5.86,7560425809.0,7560425809.0,-0.21,0.11,-12.82,-15.56
5419,688655,迅捷兴,24.5,-6.13,-1.6,142481.0,343324375.0,9.43,25.66,23.2,25.49,26.1,1.25,10.68,-152.9,4.97,3268055000.0,3268055000.0,0.33,0.62,37.02,43.02
5420,603228,景旺电子,58.45,-6.13,-3.82,365767.0,2111212029.0,7.0,60.77,56.41,60.6,62.27,1.48,3.75,45.53,4.51,57562290216.0,57032637358.0,0.02,0.09,-7.59,-20.03
5421,300811,铂科新材,78.48,-6.17,-5.16,156916.0,1208910095.02,5.63,79.74,75.03,79.46,83.64,1.53,6.6,58.1,7.85,22743526288.0,18649083267.0,0.06,0.0,11.67,10.05
5422,688568,中科星图,73.26,-6.17,-4.82,219971.0,1620566471.0,3.59,75.2,72.4,75.13,78.08,0.66,2.72,1904.0,15.65,59199861093.0,59199861093.0,-0.01,-0.41,67.6,24.17
5423,688807,优迅股份,226.96,-6.21,-15.04,28037.0,624804151.0,6.55,232.0,216.16,229.0,242.0,0.98,18.65,206.03,10.28,18156800000.0,3412492486.0,-0.1,-0.02,339.33,21.17
5424,001331,胜通能源,54.1,-6.21,-3.58,75121.0,412059082.86,9.69,59.0,53.41,58.61,57.68,0.87,4.47,257.96,10.08,15269184000.0,9082074234.0,0.0,-0.15,296.34,16.82
5425,600545,卓郎智能,3.89,-6.27,-0.26,3067578.0,1191167931.0,7.95,4.09,3.76,3.88,4.15,2.51,17.16,-21.84,2.18,6954978544.0,6954978544.0,0.26,0.26,43.01,51.95
5426,688790,昂瑞微-UW,133.67,-6.28,-8.96,10083.0,135642547.0,6.22,140.07,131.2,140.0,142.63,1.56,8.36,-111.69,4.77,13304400735.0,1611748883.0,0.01,-0.01,60.93,-9.55
5427,688313,仕佳光子,77.4,-6.28,-5.19,331237.0,2524842730.0,7.83,80.47,74.0,80.45,82.59,0.94,7.33,102.4,23.04,34983741787.0,34983741787.0,-0.01,-0.05,-3.83,-12.82
5428,301183,东田微,147.11,-6.29,-9.88,48226.0,702912958.32,5.25,150.74,142.5,150.0,156.99,0.8,8.22,110.4,12.62,11780031849.0,8635846288.0,0.01,0.22,20.64,-5.15
5429,688028,沃尔德,106.79,-6.32,-7.21,90871.0,953063777.0,6.63,108.5,100.94,108.0,114.0,0.83,6.02,171.05,8.12,16119843710.0,16119843710.0,0.02,0.09,62.05,65.46
5430,603938,三孚股份,26.49,-6.33,-1.79,247589.0,646825019.0,8.52,27.86,25.45,27.25,28.28,0.78,6.47,118.53,4.08,10135722926.0,10135722926.0,-0.04,0.04,48.4,38.62
5431,001317,三羊马,47.3,-6.36,-3.21,38360.0,182429335.64,6.26,49.76,46.6,49.5,50.51,1.62,4.49,-257.38,4.51,4047262245.0,4043271308.0,0.0,0.08,12.62,-14.17
5432,002597,金禾实业,25.0,-6.37,-1.7,186132.0,465510139.74,9.1,26.71,24.28,26.67,26.7,1.33,3.28,27.25,1.88,14207996950.0,14170470450.0,0.16,-0.04,23.46,20.42
5433,603186,华正新材,65.86,-6.41,-4.51,144431.0,937076281.0,5.76,67.43,63.38,67.0,70.37,1.0,9.21,123.7,6.38,10326223515.0,10326223515.0,0.34,0.47,53.59,32.78
5434,002957,科瑞技术,26.57,-6.44,-1.83,332868.0,865707367.53,6.48,27.4,25.56,27.3,28.4,0.92,7.95,33.9,3.48,11158934122.0,11124297363.0,0.0,-0.04,35.91,22.73
5435,600761,安徽合力,21.07,-6.44,-1.45,526535.0,1107941724.0,7.06,22.17,20.58,22.0,22.52,2.17,5.91,12.55,1.74,18766896474.0,18766896474.0,0.1,0.14,4.31,0.86
5436,920045,蘅东光,328.95,-6.5,-22.85,14034.0,456247785.21,6.02,337.99,316.8,335.2,351.8,0.97,6.97,74.19,20.79,22392135715.0,6620952638.0,0.02,0.1,941.31,6.46
5437,603162,海通发展,13.74,-6.53,-0.96,185054.0,257440832.0,7.89,14.76,13.6,14.14,14.7,0.66,6.63,37.86,2.94,12749982272.0,3837162875.0,0.15,0.0,9.22,14.6
5438,300757,罗博特科,366.2,-6.56,-25.7,117930.0,4129314128.15,8.53,368.65,335.21,360.0,391.9,1.14,7.83,-615.84,36.86,61378090248.0,55169045839.0,0.0,-0.38,84.95,56.97
5439,001225,和泰机电,56.1,-6.56,-3.94,31426.0,175441779.69,9.09,59.5,54.04,59.15,60.04,1.27,14.94,88.0,2.68,3695127480.0,1180275165.0,0.0,-0.12,-0.8,-1.87
5440,000301,东方盛虹,12.07,-6.65,-0.86,631721.0,785484971.94,12.84,13.56,11.9,13.43,12.93,0.96,0.96,473.44,2.39,79797549926.0,79765267842.0,-0.17,-0.17,25.34,10.84
5441,002283,天润工业,9.53,-6.66,-0.68,805999.0,761740367.09,5.68,9.81,9.23,9.76,10.21,1.04,8.03,29.06,1.8,10859026906.0,9563606868.0,0.0,0.32,56.49,52.72
5442,688350,富淼科技,29.05,-6.68,-2.08,67540.0,194196789.0,10.09,31.12,27.98,30.24,31.13,1.78,4.72,291.7,2.44,4161256443.0,4161256443.0,0.35,-0.21,23.62,12.9
5443,601975,招商南油,4.32,-6.7,-0.31,7081865.0,3240423830.0,15.12,4.98,4.28,4.85,4.63,0.94,15.13,16.01,1.81,20219089009.0,20219089009.0,0.0,-0.23,39.81,43.05
5444,002064,华峰化学,11.24,-6.8,-0.82,647955.0,735638127.13,8.29,12.1,11.1,11.9,12.06,1.16,1.31,28.62,2.07,55778993402.0,55621989429.0,-0.27,0.09,19.83,2.18
5445,300620,光库科技,151.1,-6.82,-11.06,170840.0,2518266695.94,7.48,155.03,142.9,155.0,162.16,0.99,6.91,244.89,18.13,37651180350.0,37337971204.0,-0.03,-0.15,7.55,2.75
5446,002273,水晶光电,25.8,-6.83,-1.89,758220.0,1947823453.91,5.96,26.85,25.2,26.81,27.69,1.41,5.57,27.37,3.74,35878311302.0,35145065833.0,-0.04,0.0,4.37,2.71
5447,000949,新乡化纤,6.9,-7.01,-0.52,1232346.0,856805403.04,10.24,7.49,6.73,7.33,7.42,1.53,7.44,64.36,1.77,11432609462.0,11429469969.0,0.15,0.44,45.57,25.45
5448,688379,华光新材,50.84,-7.19,-3.94,50460.0,251260263.0,9.35,53.32,48.2,53.32,54.78,0.96,5.6,23.9,3.91,4579947837.0,4579947837.0,-0.08,-0.12,14.09,-7.66
5449,688625,呈和科技,61.08,-7.24,-4.77,44481.0,273950375.0,8.99,65.58,59.66,65.58,65.85,1.64,2.36,40.84,7.59,11502643687.0,11502643687.0,-0.03,0.39,56.25,48.25
5450,603757,大元泵业,39.96,-7.24,-3.12,97534.0,388218384.0,7.15,41.85,38.77,41.85,43.08,1.03,5.23,39.92,3.54,7454428470.0,7454428470.0,-0.05,-0.1,10.82,-9.98
5451,002601,龙佰集团,19.9,-7.27,-1.56,631114.0,1252965055.24,8.71,21.24,19.37,21.24,21.46,1.66,3.18,21.25,2.02,47446536314.0,39553295441.0,-0.05,-0.2,10.31,1.63
5452,688143,长盈通,55.25,-7.3,-4.35,86671.0,477441125.0,5.23,57.0,53.88,57.0,59.6,0.88,7.08,306.17,5.28,7115139311.0,6761187037.0,0.0,0.0,51.37,10.04
5453,688607,康众医疗,52.36,-7.31,-4.13,27315.0,144421873.0,6.85,55.55,51.68,55.55,56.49,1.03,3.1,-649.94,5.38,4614435854.0,4614435854.0,-0.13,-0.08,57.43,22.34
5454,000663,永安林业,7.36,-7.42,-0.59,239440.0,177793049.0,6.04,7.75,7.27,7.63,7.95,1.97,7.82,-93.99,2.47,2477993717.0,2254376803.0,0.41,0.41,-15.98,-0.27
5455,300870,欧陆通,278.64,-7.43,-22.36,87368.0,2360755916.96,9.9,288.9,259.09,285.27,301.0,1.12,8.01,102.8,11.58,30380302545.0,30376958865.0,-0.09,0.15,44.56,26.08
5456,003018,金富科技,25.02,-7.68,-2.08,138931.0,344462913.27,5.94,26.0,24.39,25.2,27.1,0.7,14.18,52.22,4.08,6505200000.0,2451432704.0,-0.04,0.08,11.95,43.63
5457,300812,易天股份,39.69,-7.89,-3.4,225685.0,879383783.98,7.17,40.59,37.5,40.34,43.09,0.89,24.34,120.2,7.09,5559657281.0,3679582782.0,0.15,-0.05,43.03,38.78
5458,605366,宏柏新材,10.05,-7.97,-0.87,597376.0,606041923.0,5.86,10.59,9.95,10.57,10.92,0.96,8.24,-75.36,3.23,7282205729.0,7282205729.0,0.0,-0.1,43.37,62.1
5459,300461,田中精机,56.34,-8.02,-4.91,109370.0,619530430.0,12.21,60.77,53.29,59.0,61.25,1.82,7.61,1405.67,16.64,8848574027.0,8096241499.0,0.02,-0.11,178.08,195.28
5460,300594,朗进科技,28.73,-8.15,-2.55,68728.0,197946328.96,12.4,31.88,28.0,29.01,31.28,1.12,7.55,-146.62,3.19,2639524219.0,2614376131.0,0.24,0.17,60.14,46.51
5461,601872,招商轮船,15.72,-8.18,-1.4,2899306.0,4691564371.0,12.68,17.64,15.47,17.64,17.12,0.86,3.59,28.85,3.11,126931745251.0,126931745251.0,0.13,-0.13,79.45,75.06
5462,603318,水发燃气,9.3,-8.19,-0.83,1418042.0,1439839622.0,18.46,11.0,9.13,10.69,10.13,1.25,30.89,-85.09,3.01,5158460927.0,4269359593.0,0.87,1.2,35.96,38.81
5463,002429,兆驰股份,9.71,-8.4,-0.89,2574799.0,2480424214.81,3.3,9.89,9.54,9.87,10.6,1.68,5.69,32.96,2.68,43956593294.0,43931273605.0,0.0,0.0,45.36,30.86
5464,300658,延江股份,27.67,-8.56,-2.59,413408.0,1119880938.64,9.85,28.88,25.9,28.13,30.26,0.88,18.33,162.48,6.86,9207582785.0,6239972767.0,-0.29,-0.22,132.72,86.71
5465,688388,嘉元科技,41.96,-8.98,-4.14,416425.0,1709992174.0,12.39,44.51,38.8,44.2,46.1,1.38,9.62,307.1,2.58,18157005889.0,18157005889.0,0.0,0.05,20.16,2.39
5466,603626,科森科技,21.66,-8.99,-2.14,425848.0,920535574.0,6.3,22.92,21.42,22.8,23.8,1.34,7.67,-78.53,5.63,12018694085.0,12018694085.0,-0.09,-0.09,69.22,3.44
5467,002493,荣盛石化,13.82,-9.32,-1.42,1179278.0,1675419230.05,14.96,16.0,13.72,15.96,15.24,1.28,1.26,116.54,3.16,138054091950.0,129385583325.0,0.0,-0.07,41.31,18.02
5468,688455,科捷智能,22.56,-9.32,-2.32,74756.0,170176930.0,10.01,24.59,22.1,24.36,24.88,1.7,6.39,119.31,3.98,3790771825.0,2640211825.0,-0.04,0.13,35.99,12.29
5469,301021,英诺激光,54.81,-9.33,-5.64,96943.0,538132273.99,6.93,58.0,53.81,58.0,60.45,0.84,6.35,284.44,8.34,8377861310.0,8371639389.0,0.02,0.0,43.07,12.66
5470,603225,新凤鸣,17.44,-9.45,-1.82,446875.0,782553552.0,9.09,19.08,17.33,19.0,19.26,1.19,2.7,25.08,1.52,29049201890.0,28893147026.0,0.11,0.11,-1.69,-10.38
5471,920270,天铭科技,17.95,-9.71,-1.93,41770.0,75683483.89,7.14,19.0,17.58,19.0,19.88,1.48,5.15,52.06,4.59,1877857200.0,1456253290.0,0.28,0.0,11.98,-30.1
5472,600346,恒力石化,22.88,-9.78,-2.48,918081.0,2146562066.0,13.8,26.32,22.82,26.31,25.36,1.33,1.3,24.05,2.49,161054603104.0,161054603104.0,0.13,0.26,16.79,1.55
5473,000712,锦龙股份,11.27,-9.91,-1.24,544962.0,630897736.0,7.91,12.25,11.26,12.2,12.51,3.16,6.08,49.77,3.98,10097920000.0,10094923589.0,0.09,0.09,-9.98,-6.24
5474,600026,中远海能,22.72,-9.98,-2.52,2080140.0,5003102181.0,15.57,26.65,22.72,26.12,25.24,1.02,5.99,34.2,2.9,124169817462.0,78946919694.0,-0.39,-0.35,91.73,94.52
5475,601233,桐昆股份,20.46,-9.99,-2.27,794546.0,1639199026.0,9.15,22.54,20.46,22.54,22.73,1.23,3.35,23.57,1.3,48674370485.0,48585793621.0,0.0,0.0,33.99,18.88
5476,603121,华培动力,23.13,-10.0,-2.57,7363.0,17030619.0,0.0,23.13,23.13,23.13,25.7,0.07,0.22,213.43,6.57,7830284828.0,7830284828.0,0.0,0.0,28.79,9.31
5477,600714,金瑞矿业,22.02,-10.01,-2.45,517404.0,1201885234.0,13.61,25.35,22.02,24.9,24.47,1.23,17.95,104.19,8.26,6345641531.0,6345641531.0,0.0,0.0,82.59,79.61
5478,688622,禾信仪器,77.3,-10.11,-8.69,54730.0,398601395.0,15.93,82.49,68.79,82.0,85.99,2.08,7.77,-57.08,17.98,5446984773.0,5446984773.0,-0.28,-0.49,-28.49,-23.56
5479,301286,侨源股份,52.2,-10.71,-6.26,52775.0,280248416.98,11.97,57.84,50.84,57.66,58.46,1.95,3.27,86.61,10.93,20885220000.0,8418784576.0,0.0,-0.06,35.02,23.43
5480,688096,京源环保,8.82,-11.09,-1.1,206057.0,186019966.0,10.69,9.84,8.78,9.84,9.92,1.57,8.73,-31.14,2.44,2081911643.0,2081911643.0,0.0,0.46,12.36,11.65
5481,301662,宏工科技,160.7,-11.5,-20.88,19183.0,310439748.36,11.42,175.78,155.05,175.78,181.58,1.33,11.54,327.78,8.91,12856000000.0,2672090995.0,0.0,-0.1,29.27,33.6
5482,920522,纳科诺尔,57.83,-12.67,-8.39,75643.0,446498195.53,12.32,64.06,55.9,64.01,66.22,2.56,5.82,139.05,8.43,9064894138.0,7520066312.0,0.07,0.42,3.27,-5.34
5483,920680,广道退,,,,,,,,,,0.86,,0.0,,,,,,,-90.97,0.0
5484,920078,族兴新材,,,,,,,,,,6.98,,0.0,,,,,,,0.0,0.0
5485,833994,翰博高新,,,,,,,,,,32.9,,0.0,,,,,,,0.0,0.0
5486,833874,泰祥股份,,,,,,,,,,20.13,,0.0,,,,,,,2.55,2.55
5487,832317,观典防务,,,,,,,,,,21.88,,0.0,,,,,,,0.0,0.0
5488,810013,万通定转,,,,,,,,,,100.0,,0.0,,,,150000000.0,,,,
5489,810011,优机定转,,,,,,,,,,100.5,,0.0,,,,120600000.0,,,0.0,0.0
5490,688781,视涯科技,,,,,,,,,,,,0.0,,,,,,,,
5491,688555,退市泽达,,,,,,,,,,1.12,,0.0,,,,,,,0.0,0.0
5492,688086,退市紫晶,,,,,,,,,,0.64,,0.0,,,,,,,0.0,0.0
5493,603996,退市中新,,,,,,,,,,0.39,,0.0,,,,,,,0.0,0.0
5494,603963,*ST大药,,,,,,,,,,1.18,,0.0,,,,,,,0.0,0.0
5495,603603,退市博天,,,,,,,,,,0.39,,0.0,,,,,,,0.0,0.0
5496,603555,ST贵人,,,,,,,,,,0.67,,0.0,,,,,,,0.0,0.0
5497,603388,*ST元成,,,,,,,,,,0.58,,0.0,,,,,,,0.0,0.0
5498,603157,退市拉夏,,,,,,,,,,0.59,,0.0,,,,,,,0.0,0.0
5499,603133,退市碳元,,,,,,,,,,0.29,,0.0,,,,,,,0.0,0.0
5500,603056,德邦股份,,,,,,,,,,18.85,,0.0,-51.66,2.39,19068065980.0,19068065980.0,,,33.69,37.89
5501,603003,退市龙宇,,,,,,,,,,2.44,,0.0,,,,,,,0.0,0.0
5502,601989,中国重工,,,,,,,,,,5.1,,0.0,,,,,,,0.0,0.0
5503,601558,退市锐电,,,,,,,,,,0.25,,0.0,,,,,,,0.0,0.0
5504,601555,东吴证券,,,,,,,,,,9.29,,0.0,11.8,1.09,46159249356.0,46159249356.0,,,4.97,2.54
5505,601299,中国北车,,,,,,,,,,29.98,,0.0,,,,,,,0.0,0.0
5506,601268,*ST二重,,,,,,,,,,2.35,,0.0,,,,,,,0.0,0.0
5507,601258,*ST庞大,,,,,,,,,,0.4,,0.0,,,,,,,0.0,0.0
5508,601028,玉龙股份,,,,,,,,,,12.83,,0.0,,,,,,,0.0,0.0
5509,600991,广汽长丰,,,,,,,,,,17.82,,0.0,,,,,,,0.0,0.0
5510,600978,*ST宜生,,,,,,,,,,0.52,,0.0,,,,,,,0.0,0.0
5511,600899,*ST信联,,,,,,,,,,1.13,,0.0,,,,,,,0.0,0.0
5512,600898,*ST美讯,,,,,,,,,,0.74,,0.0,,,,,,,0.0,0.0
5513,600896,退市海医,,,,,,,,,,1.12,,0.0,,,,,,,0.0,0.0
5514,600891,退市秋林,,,,,,,,,,0.38,,0.0,,,,,,,0.0,0.0
5515,600890,退市中房,,,,,,,,,,0.36,,0.0,,,,,,,0.0,0.0
5516,600878,*ST北科,,,,,,,,,,2.64,,0.0,,,,,,,0.0,0.0
5517,600870,退市厦华,,,,,,,,,,0.6,,0.0,,,,,,,0.0,0.0
5518,600856,退市中天,,,,,,,,,,0.27,,0.0,,,,,,,0.0,0.0
5519,600852,*ST中川,,,,,,,,,,0.72,,0.0,,,,,,,0.0,0.0
5520,600849,上药转换,,,,,,,,,,14.73,,0.0,,,,,,,0.0,0.0
5521,600842,中西药业,,,,,,,,,,13.96,,0.0,,,,,,,0.0,0.0
5522,600840,新湖创业,,,,,,,,,,23.8,,0.0,,,,,,,0.0,0.0
5523,600837,海通证券,,,,,,,,,,10.41,,0.0,,,,,,,0.0,0.0
5524,600836,*ST易连,,,,,,,,,,0.45,,0.0,,,,,,,0.0,0.0
5525,600832,东方明珠,,,,,,,,,,23.18,,0.0,,,,,,,0.0,0.0
5526,600823,*ST世茂,,,,,,,,,,0.43,,0.0,,,,,,,0.0,0.0
5527,600813,ST鞍一工,,,,,,,,,,3.83,,0.0,,,,,,,0.0,0.0
5528,600811,*ST东方,,,,,,,,,,0.36,,0.0,,,,,,,0.0,0.0
5529,600806,退市昆机,,,,,,,,,,1.47,,0.0,,,,,,,0.0,0.0
5530,600804,退市鹏博,,,,,,,,,,0.14,,0.0,,,,,,,0.0,0.0
5531,600799,*ST龙科,,,,,,,,,,0.54,,0.0,,,,,,,0.0,0.0
5532,600788,*ST达曼,,,,,,,,,,0.91,,0.0,,,,,,,0.0,0.0
5533,600786,东方锅炉,,,,,,,,,,82.2,,0.0,,,,,,,0.0,0.0
5534,600781,退市辅仁,,,,,,,,,,0.77,,0.0,,,,,,,0.0,0.0
5535,600772,S*ST龙昌,,,,,,,,,,1.3,,0.0,,,,,,,0.0,0.0
5536,600767,退市运盛,,,,,,,,,,0.42,,0.0,,,,,,,0.0,0.0
5537,600766,退市园城,,,,,,,,,,0.42,,0.0,,,,,,,0.0,0.0
5538,600762,S*ST金荔,,,,,,,,,,0.77,,0.0,,,,,,,0.0,0.0
5539,600752,*ST哈慈,,,,,,,,,,0.84,,0.0,,,,,,,0.0,0.0
5540,600747,退市大控,,,,,,,,,,0.26,,0.0,,,,,,,0.0,0.0
5541,600735,ST新华锦,,,,,,,,,,6.73,,0.0,131.64,2.37,2885677414.0,2863290796.0,,,20.18,41.68
5542,600723,首商股份,,,,,,,,,,8.93,,0.0,,,,,,,0.0,0.0
5543,600709,ST生态,,,,,,,,,,3.02,,0.0,,,,,,,0.0,0.0
5544,600705,中航产融,,,,,,,,,,3.47,,0.0,,,,,,,0.0,0.0
5545,600701,退市工新,,,,,,,,,,0.45,,0.0,,,,,,,0.0,0.0
5546,600700,*ST数码,,,,,,,,,,0.64,,0.0,,,,,,,0.0,0.0
5547,600695,退市绿庭,,,,,,,,,,0.51,,0.0,,,,,,,0.0,0.0
5548,600687,退市刚泰,,,,,,,,,,0.3,,0.0,,,,,,,0.0,0.0
5549,600680,*ST上普,,,,,,,,,,7.69,,0.0,,,,,,,0.0,0.0
5550,600677,*ST航通,,,,,,,,,,3.01,,0.0,,,,,,,0.0,0.0
5551,600672,*ST华圣,,,,,,,,,,0.7,,0.0,,,,,,,0.0,0.0
5552,600670,*ST斯达,,,,,,,,,,2.87,,0.0,,,,,,,0.0,0.0
5553,600669,*ST鞍成,,,,,,,,,,2.19,,0.0,,,,,,,0.0,0.0
5554,600659,*ST花雕,,,,,,,,,,1.41,,0.0,,,,,,,0.0,0.0
5555,600656,退市博元,,,,,,,,,,4.49,,0.0,,,,,,,0.0,0.0
5556,600652,退市游久,,,,,,,,,,1.19,,0.0,,,,,,,0.0,0.0
5557,600647,退市同达,,,,,,,,,,1.52,,0.0,,,,,,,0.0,0.0
5558,600646,ST国嘉,,,,,,,,,,5.82,,0.0,,,,,,,0.0,0.0
5559,600634,退市富控,,,,,,,,,,0.28,,0.0,,,,,,,0.0,0.0
5560,600632,华联商厦,,,,,,,,,,9.53,,0.0,,,,,,,0.0,0.0
5561,600631,百联股份,,,,,,,,,,15.68,,0.0,,,,,,,0.0,0.0
5562,600627,上电股份,,,,,,,,,,28.73,,0.0,,,,,,,0.0,0.0
5563,600625,PT水仙,,,,,,,,,,4.8,,0.0,,,,,,,0.0,0.0
5564,600614,退市鹏起,,,,,,,,,,0.26,,0.0,,,,,,,0.0,0.0
5565,600607,上实医药,,,,,,,,,,23.52,,0.0,,,,,,,0.0,0.0
5566,600591,*ST上航,,,,,,,,,,7.27,,0.0,,,,,,,0.0,0.0
5567,600565,ST迪马,,,,,,,,,,0.85,,0.0,,,,,,,0.0,0.0
5568,600555,退市海创,,,,,,,,,,0.26,,0.0,,,,,,,0.0,0.0
5569,600553,太行水泥,,,,,,,,,,14.98,,0.0,,,,,,,0.0,0.0
5570,600532,退市未来,,,,,,,,,,0.72,,0.0,,,,,,,0.0,0.0
5571,600485,*ST信威,,,,,,,,,,1.39,,0.0,,,,,,,0.0,0.0
5572,600472,包头铝业,,,,,,,,,,51.82,,0.0,,,,,,,0.0,0.0
5573,600466,*ST蓝光,,,,,,,,,,0.4,,0.0,,,,,,,0.0,0.0
5574,600462,退市九有,,,,,,,,,,0.21,,0.0,,,,,,,0.0,0.0
5575,600438,通威股份,,,,,,,,,,18.16,,0.0,-11.63,1.96,81756140016.0,81756140016.0,,,-17.53,-11.5
5576,600432,退市吉恩,,,,,,,,,,1.38,,0.0,,,,,,,0.0,0.0
5577,600401,退市海润,,,,,,,,,,0.15,,0.0,,,,,,,0.0,0.0
5578,600393,ST粤泰,,,,,,,,,,0.37,,0.0,,,,,,,0.0,0.0
5579,600387,退市海越,,,,,,,,,,0.94,,0.0,,,,,,,0.0,0.0
5580,600385,退市金泰,,,,,,,,,,1.2,,0.0,,,,,,,0.0,0.0
5581,600357,承德钒钛,,,,,,,,,,7.4,,0.0,,,,,,,0.0,0.0
5582,600321,正源股份,,,,,,,,,,0.5,,0.0,,,,,,,0.0,0.0
5583,600317,营口港,,,,,,,,,,2.6,,0.0,,,,,,,0.0,0.0
5584,600311,*ST荣华,,,,,,,,,,0.61,,0.0,,,,,,,0.0,0.0
5585,600306,退市商城,,,,,,,,,,0.29,,0.0,,,,,,,0.0,0.0
5586,600297,广汇汽车,,,,,,,,,,0.78,,0.0,,,,,,,0.0,0.0
5587,600296,S兰铝,,,,,,,,,,14.61,,0.0,,,,,,,0.0,0.0
5588,600291,退市西水,,,,,,,,,,0.89,,0.0,,,,,,,0.0,0.0
5589,600290,*ST华仪,,,,,,,,,,0.37,,0.0,,,,,,,0.0,0.0
5590,600286,S*ST国瓷,,,,,,,,,,0.67,,0.0,,,,,,,0.0,0.0
5591,600277,ST亿利,,,,,,,,,,0.38,,0.0,,,,,,,0.0,0.0
5592,600275,退市昌鱼,,,,,,,,,,0.41,,0.0,,,,,,,0.0,0.0
5593,600270,外运发展,,,,,,,,,,20.99,,0.0,,,,,,,0.0,0.0
5594,600263,路桥建设,,,,,,,,,,16.43,,0.0,,,,,,,0.0,0.0
5595,600260,*ST凯乐,,,,,,,,,,0.47,,0.0,,,,,,,0.0,0.0
5596,600253,天方药业,,,,,,,,,,6.26,,0.0,,,,,,,0.0,0.0
5597,600247,*ST成城,,,,,,,,,,0.65,,0.0,,,,,,,0.0,0.0
5598,600242,退市中昌,,,,,,,,,,0.25,,0.0,,,,,,,0.0,0.0
5599,600240,退市华业,,,,,,,,,,0.41,,0.0,,,,,,,0.0,0.0
5600,600225,退市卓朗,,,,,,,,,,0.29,,0.0,,,,,,,0.0,0.0
5601,600220,ST阳光,,,,,,,,,,0.37,,0.0,,,,,,,0.0,0.0
5602,600213,*ST亚星,,,,,,,,,,6.36,,0.0,,,,,,,0.0,0.0
5603,600209,退市罗顿,,,,,,,,,,1.18,,0.0,,,,,,,0.0,0.0
5604,600205,S山东铝,,,,,,,,,,25.41,,0.0,,,,,,,0.0,0.0
5605,600200,退市苏吴,,,,,,,,,,0.29,,0.0,,,,,,,-76.61,0.0
5606,600190,退市锦港,,,,,,,,,,0.63,,0.0,,,,,,,0.0,0.0
5607,600181,S*ST云大,,,,,,,,,,1.02,,0.0,,,,,,,0.0,0.0
5608,600175,退市美都,,,,,,,,,,0.21,,0.0,,,,,,,0.0,0.0
5609,600146,退市环球,,,,,,,,,,0.22,,0.0,,,,,,,0.0,0.0
5610,600145,退市新亿,,,,,,,,,,0.34,,0.0,,,,,,,0.0,0.0
5611,600139,*ST西源,,,,,,,,,,0.74,,0.0,,,,,,,0.0,0.0
5612,600122,*ST宏图,,,,,,,,,,0.38,,0.0,,,,,,,0.0,0.0
5613,600112,*ST天成,,,,,,,,,,0.73,,0.0,,,,,,,0.0,0.0
5614,600102,莱钢股份,,,,,,,,,,7.13,,0.0,,,,,,,0.0,0.0
5615,600093,退市易见,,,,,,,,,,0.5,,0.0,,,,,,,0.0,0.0
5616,600092,S*ST精密,,,,,,,,,,0.96,,0.0,,,,,,,0.0,0.0
5617,600091,退市明科,,,,,,,,,,0.76,,0.0,,,,,,,0.0,0.0
5618,600090,退市济堂,,,,,,,,,,0.27,,0.0,,,,,,,0.0,0.0
5619,600087,退市长油,,,,,,,,,,0.83,,0.0,,,,,,,0.0,0.0
5620,600086,退市金钰,,,,,,,,,,0.16,,0.0,,,,,,,0.0,0.0
5621,600083,*ST博信,,,,,,,,,,0.92,,0.0,,,,,,,0.0,0.0
5622,600077,*ST宋都,,,,,,,,,,0.41,,0.0,,,,,,,0.0,0.0
5623,600074,退市保千,,,,,,,,,,0.17,,0.0,,,,,,,0.0,0.0
5624,600070,*ST富润,,,,,,,,,,0.42,,0.0,,,,,,,0.0,0.0
5625,600069,退市银鸽,,,,,,,,,,0.28,,0.0,,,,,,,0.0,0.0
5626,600068,葛洲坝,,,,,,,,,,9.93,,0.0,,,,,,,0.0,0.0
5627,600065,*ST联谊,,,,,,,,,,1.7,,0.0,,,,,,,0.0,0.0
5628,600005,武钢股份,,,,,,,,,,3.71,,0.0,,,,,,,0.0,0.0
5629,600003,ST东北高,,,,,,,,,,3.87,,0.0,,,,,,,0.0,0.0
5630,600002,齐鲁石化,,,,,,,,,,10.09,,0.0,,,,,,,0.0,0.0
5631,600001,邯郸钢铁,,,,,,,,,,5.29,,0.0,,,,,,,0.0,0.0
5632,301682,宏明电子,,,,,,,,,,,,0.0,,,,,,,,
5633,300799,左江退,,,,,,,,,,1.08,,0.0,,,,,,,0.0,0.0
5634,300742,越博退,,,,,,,,,,0.18,,0.0,,,,,,,0.0,0.0
5635,300630,普利退,,,,,,,,,,0.89,,0.0,,,,,,,0.0,0.0
5636,300526,中潜退,,,,,,,,,,0.56,,0.0,,,,,,,0.0,0.0
5637,300495,*ST美尚,,,,,,,,,,0.13,,0.0,,,,,,,0.0,0.0
5638,300431,暴风退,,,,,,,,,,0.28,,0.0,,,,,,,0.0,0.0
5639,300392,腾信退,,,,,,,,,,0.21,,0.0,,,,,,,0.0,0.0
5640,300391,*ST长药,,,,,,,,,,0.92,,0.0,-1.15,-0.5,322309223.0,322309223.0,,,-64.2,5.75
5641,300379,东通退,,,,,,,,,,1.72,,0.0,,,,,,,-43.05,38.71
5642,300372,欣泰退,,,,,,,,,,1.48,,0.0,,,,,,,0.0,0.0
5643,300367,网力退,,,,,,,,,,0.29,,0.0,,,,,,,0.0,0.0
5644,300362,天翔退,,,,,,,,,,1.34,,0.0,,,,,,,0.0,0.0
5645,300356,光一退,,,,,,,,,,1.69,,0.0,,,,,,,0.0,0.0
5646,300344,*ST立方,,,,,,,,,,1.87,,0.0,-14.47,5.31,1199990998.0,1196789090.0,,,-13.02,83.33
5647,300336,新文退,,,,,,,,,,0.25,,0.0,,,,,,,0.0,0.0
5648,300330,计通退,,,,,,,,,,2.45,,0.0,,,,,,,0.0,0.0
5649,300325,德威退,,,,,,,,,,0.25,,0.0,,,,,,,0.0,0.0
5650,300312,邦讯退,,,,,,,,,,0.3,,0.0,,,,,,,0.0,0.0
5651,300309,吉艾退,,,,,,,,,,0.23,,0.0,,,,,,,0.0,0.0
5652,300297,蓝盾退,,,,,,,,,,0.23,,0.0,,,,,,,0.0,0.0
5653,300282,三盛退,,,,,,,,,,0.13,,0.0,,,,,,,0.0,0.0
5654,300280,紫天退,,,,,,,,,,0.33,,0.0,,,,,,,0.0,0.0
5655,300273,和佳退,,,,,,,,,,0.38,,0.0,,,,,,,0.0,0.0
5656,300262,*ST巴安,,,,,,,,,,0.68,,0.0,,,,,,,0.0,0.0
5657,300216,千山退,,,,,,,,,,0.19,,0.0,,,,,,,0.0,0.0
5658,300208,中程退,,,,,,,,,,0.28,,0.0,,,,,,,0.0,0.0
5659,300202,聚龙退,,,,,,,,,,0.5,,0.0,,,,,,,0.0,0.0
5660,300186,大华农,,,,,,,,,,45.72,,0.0,,,,,,,0.0,0.0
5661,300178,腾邦退,,,,,,,,,,0.2,,0.0,,,,,,,0.0,0.0
5662,300156,神雾退,,,,,,,,,,0.12,,0.0,,,,,,,0.0,0.0
5663,300117,*ST嘉寓,,,,,,,,,,0.43,,0.0,,,,,,,0.0,0.0
5664,300116,*ST保力,,,,,,,,,,0.11,,0.0,,,,,,,0.0,0.0
5665,300108,*ST吉药,,,,,,,,,,0.21,,0.0,,,,,,,0.0,0.0
5666,300104,乐视退,,,,,,,,,,0.18,,0.0,,,,,,,0.0,0.0
5667,300090,盛运退,,,,,,,,,,0.12,,0.0,,,,,,,0.0,0.0
5668,300089,文化退,,,,,,,,,,0.19,,0.0,,,,,,,0.0,0.0
5669,300064,金刚退,,,,,,,,,,1.32,,0.0,,,,,,,0.0,0.0
5670,300038,数知退,,,,,,,,,,0.3,,0.0,,,,,,,0.0,0.0
5671,300028,金亚退,,,,,,,,,,0.3,,0.0,,,,,,,0.0,0.0
5672,300023,宝德退,,,,,,,,,,1.09,,0.0,,,,,,,0.0,0.0
5673,002859,洁美科技,,,,,,,,,,42.62,,0.0,78.3,6.27,18366548237.0,17287104550.0,,,48.66,54.42
5674,002781,奇信退,,,,,,,,,,0.42,,0.0,,,,,,,0.0,0.0
5675,002776,*ST柏龙,,,,,,,,,,0.4,,0.0,,,,,,,0.0,0.0
5676,002770,科迪退,,,,,,,,,,0.6,,0.0,,,,,,,0.0,0.0
5677,002751,易尚退,,,,,,,,,,0.86,,0.0,,,,,,,0.0,0.0
5678,002750,龙津退,,,,,,,,,,0.59,,0.0,,,,,,,0.0,0.0
5679,002740,*ST爱迪,,,,,,,,,,0.38,,0.0,,,,,,,0.0,0.0
5680,002711,欧浦退,,,,,,,,,,0.32,,0.0,,,,,,,0.0,0.0
5681,002699,*ST美盛,,,,,,,,,,0.41,,0.0,,,,,,,0.0,0.0
5682,002684,猛狮退,,,,,,,,,,0.69,,0.0,,,,,,,0.0,0.0
5683,002680,长生退,,,,,,,,,,0.77,,0.0,,,,,,,0.0,0.0
5684,002665,ST航高,,,,,,,,,,0.37,,0.0,,,,,,,0.0,0.0
5685,002621,*ST美吉,,,,,,,,,,0.37,,0.0,,,,,,,0.0,0.0
5686,002619,*ST艾格,,,,,,,,,,0.56,,0.0,,,,,,,0.0,0.0
5687,002618,丹邦退,,,,,,,,,,1.26,,0.0,,,,,,,0.0,0.0
5688,002610,ST爱康,,,,,,,,,,0.37,,0.0,,,,,,,0.0,0.0
5689,002604,龙力退,,,,,,,,,,0.25,,0.0,,,,,,,0.0,0.0
5690,002509,天茂退,,,,,,,,,,0.15,,0.0,,,,,,,0.0,0.0
5691,002505,鹏都农牧,,,,,,,,,,0.36,,0.0,,,,,,,0.0,0.0
5692,002504,*ST弘高,,,,,,,,,,0.38,,0.0,,,,,,,0.0,0.0
5693,002503,*ST搜特,,,,,,,,,,0.42,,0.0,,,,,,,0.0,0.0
5694,002502,ST鼎龙,,,,,,,,,,0.64,,0.0,,,,,,,0.0,0.0
5695,002499,科林退,,,,,,,,,,0.86,,0.0,,,,,,,0.0,0.0
5696,002477,雏鹰退,,,,,,,,,,0.17,,0.0,,,,,,,0.0,0.0
5697,002473,圣莱退,,,,,,,,,,0.79,,0.0,,,,,,,0.0,0.0
5698,002464,众应退,,,,,,,,,,0.26,,0.0,,,,,,,0.0,0.0
5699,002450,康得退,,,,,,,,,,0.2,,0.0,,,,,,,0.0,0.0
5700,002447,晨鑫退,,,,,,,,,,0.19,,0.0,,,,,,,0.0,0.0
5701,002435,ST长康,,,,,,,,,,0.37,,0.0,,,,,,,0.0,0.0
5702,002433,太安退,,,,,,,,,,0.27,,0.0,,,,,,,0.0,0.0
5703,002417,深南退,,,,,,,,,,0.45,,0.0,,,,,,,0.0,0.0
5704,002411,必康退,,,,,,,,,,0.62,,0.0,,,,,,,0.0,0.0
5705,002359,北讯退,,,,,,,,,,0.35,,0.0,,,,,,,0.0,0.0
5706,002341,ST新纶,,,,,,,,,,0.61,,0.0,,,,,,,0.0,0.0
5707,002336,人乐退,,,,,,,,,,0.36,,0.0,,,,,,,0.0,0.0
5708,002325,*ST洪涛,,,,,,,,,,0.38,,0.0,,,,,,,0.0,0.0
5709,002308,*ST威创,,,,,,,,,,0.37,,0.0,,,,,,,0.0,0.0
5710,002288,*ST超华,,,,,,,,,,0.37,,0.0,,,,,,,0.0,0.0
5711,002280,ST联络,,,,,,,,,,0.37,,0.0,,,,,,,0.0,0.0
5712,002260,德奥退,,,,,,,,,,0.53,,0.0,,,,,,,0.0,0.0
5713,002231,*ST奥维,,,,,,,,,,0.6,,0.0,-0.83,2.54,208110010.0,184695430.0,,,-79.24,-57.14
5714,002220,天宝退,,,,,,,,,,0.26,,0.0,,,,,,,0.0,0.0
5715,002147,新光退,,,,,,,,,,0.37,,0.0,,,,,,,0.0,0.0
5716,002143,印纪退,,,,,,,,,,0.25,,0.0,,,,,,,0.0,0.0
5717,002118,*ST紫鑫,,,,,,,,,,0.37,,0.0,,,,,,,0.0,0.0
5718,002113,*ST天润,,,,,,,,,,0.41,,0.0,,,,,,,0.0,0.0
5719,002089,新海退,,,,,,,,,,0.24,,0.0,,,,,,,0.0,0.0
5720,002087,新纺退,,,,,,,,,,0.16,,0.0,,,,,,,0.0,0.0
5721,002071,长城退,,,,,,,,,,0.31,,0.0,,,,,,,0.0,0.0
5722,002070,众和退,,,,,,,,,,0.71,,0.0,,,,,,,0.0,0.0
5723,002018,华信退,,,,,,,,,,0.26,,0.0,,,,,,,0.0,0.0
5724,002013,中航机电,,,,,,,,,,10.78,,0.0,,,,,,,0.0,0.0
5725,002002,ST鸿达,,,,,,,,,,0.58,,0.0,,,,,,,0.0,0.0
5726,000996,中期退,,,,,,,,,,0.38,,0.0,,,,,,,0.0,0.0
5727,000982,中银绒业,,,,,,,,,,0.18,,0.0,,,,,,,0.0,0.0
5728,000979,中弘退,,,,,,,,,,0.22,,0.0,,,,,,,0.0,0.0
5729,000976,*ST华铁,,,,,,,,,,0.41,,0.0,,,,,,,0.0,0.0
5730,000971,*ST高升,,,,,,,,,,0.55,,0.0,,,,,,,0.0,0.0
5731,000961,ST中南,,,,,,,,,,0.56,,0.0,,,,,,,0.0,0.0
5732,000956,中原油气,,,,,,,,,,11.91,,0.0,,,,,,,0.0,0.0
5733,000939,凯迪退,,,,,,,,,,0.15,,0.0,,,,,,,0.0,0.0
5734,000918,*ST嘉凯,,,,,,,,,,0.49,,0.0,,,,,,,0.0,0.0
5735,000916,华北高速,,,,,,,,,,8.82,,0.0,,,,,,,0.0,0.0
5736,000866,扬子石化,,,,,,,,,,13.84,,0.0,,,,,,,0.0,0.0
5737,000861,海印股份,,,,,,,,,,0.62,,0.0,,,,,,,0.0,0.0
5738,000851,*ST高鸿,,,,,,,,,,0.38,,0.0,,,,,,,0.0,0.0
5739,000836,ST富通,,,,,,,,,,0.37,,0.0,,,,,,,0.0,0.0
5740,000835,长动退,,,,,,,,,,0.35,,0.0,,,,,,,0.0,0.0
5741,000832,*ST龙涤,,,,,,,,,,1.45,,0.0,,,,,,,0.0,0.0
5742,000827,*ST长兴,,,,,,,,,,1.16,,0.0,,,,,,,0.0,0.0
5743,000817,辽河油田,,,,,,,,,,8.75,,0.0,,,,,,,0.0,0.0
5744,000806,银河退,,,,,,,,,,0.43,,0.0,,,,,,,0.0,0.0
5745,000805,*ST炎黄,,,,,,,,,,1.88,,0.0,,,,,,,0.0,0.0
5746,000787,*ST创智,,,,,,,,,,4.68,,0.0,,,,,,,0.0,0.0
5747,000780,ST平能,,,,,,,,,,10.95,,0.0,,,,,,,0.0,0.0
5748,000769,*ST大菲,,,,,,,,,,0.9,,0.0,,,,,,,0.0,0.0
5749,000765,*ST华信,,,,,,,,,,2.36,,0.0,,,,,,,0.0,0.0
5750,000763,锦州石化,,,,,,,,,,4.22,,0.0,,,,,,,0.0,0.0
5751,000760,斯太退,,,,,,,,,,0.26,,0.0,,,,,,,0.0,0.0
5752,000748,长城信息,,,,,,,,,,20.31,,0.0,,,,,,,0.0,0.0
5753,000732,ST泰禾,,,,,,,,,,0.43,,0.0,,,,,,,0.0,0.0
5754,000730,*ST环保,,,,,,,,,,2.6,,0.0,,,,,,,0.0,0.0
5755,000699,S*ST佳纸,,,,,,,,,,0.81,,0.0,,,,,,,0.0,0.0
5756,000693,华泽退,,,,,,,,,,0.37,,0.0,,,,,,,0.0,0.0
5757,000689,ST宏业,,,,,,,,,,4.88,,0.0,,,,,,,0.0,0.0
5758,000687,华讯退,,,,,,,,,,0.29,,0.0,,,,,,,0.0,0.0
5759,000675,ST银山,,,,,,,,,,7.94,,0.0,,,,,,,0.0,0.0
5760,000673,当代退,,,,,,,,,,0.25,,0.0,,,,,,,0.0,0.0
5761,000671,ST阳光城,,,,,,,,,,0.37,,0.0,,,,,,,0.0,0.0
5762,000667,ST美置,,,,,,,,,,0.58,,0.0,,,,,,,0.0,0.0
5763,000666,经纬纺机,,,,,,,,,,8.97,,0.0,,,,,,,0.0,0.0
5764,000662,天夏退,,,,,,,,,,0.25,,0.0,,,,,,,0.0,0.0
5765,000660,*ST南华,,,,,,,,,,2.38,,0.0,,,,,,,0.0,0.0
5766,000658,ST海洋,,,,,,,,,,4.24,,0.0,,,,,,,0.0,0.0
5767,000653,ST九州,,,,,,,,,,2.51,,0.0,,,,,,,0.0,0.0
5768,000627,*ST天茂,,,,,,,,,,1.58,,0.0,,,,,,,0.0,0.0
5769,000622,恒立退,,,,,,,,,,0.15,,0.0,,,,,,,0.0,0.0
5770,000621,*ST比特,,,,,,,,,,2.66,,0.0,,,,,,,0.0,0.0
5771,000618,吉林化工,,,,,,,,,,5.24,,0.0,,,,,,,0.0,0.0
5772,000616,*ST海投,,,,,,,,,,0.85,,0.0,,,,,,,0.0,0.0
5773,000613,东海A退,,,,,,,,,,0.58,,0.0,,,,,,,0.0,0.0
5774,000611,天首退,,,,,,,,,,1.39,,0.0,,,,,,,0.0,0.0
5775,000606,顺利退,,,,,,,,,,0.28,,0.0,,,,,,,0.0,0.0
5776,000602,金马集团,,,,,,,,,,13.41,,0.0,,,,,,,0.0,0.0
5777,000594,国恒退,,,,,,,,,,1.29,,0.0,,,,,,,0.0,0.0
5778,000588,PT粤金曼,,,,,,,,,,4.37,,0.0,,,,,,,0.0,0.0
5779,000587,*ST金洲,,,,,,,,,,0.72,,0.0,,,,,,,0.0,0.0
5780,000585,东电退,,,,,,,,,,0.35,,0.0,,,,,,,0.0,0.0
5781,000584,工智退,,,,,,,,,,0.29,,0.0,,,,,,,0.0,0.0
5782,000583,S*ST托普,,,,,,,,,,0.76,,0.0,,,,,,,0.0,0.0
5783,000578,盐湖集团,,,,,,,,,,24.44,,0.0,,,,,,,0.0,0.0
5784,000569,长城股份,,,,,,,,,,7.05,,0.0,,,,,,,0.0,0.0
5785,000562,宏源证券,,,,,,,,,,30.5,,0.0,,,,,,,0.0,0.0
5786,000556,PT南洋,,,,,,,,,,1.5,,0.0,,,,,,,0.0,0.0
5787,000549,S湘火炬,,,,,,,,,,8.9,,0.0,,,,,,,0.0,0.0
5788,000542,TCL通讯,,,,,,,,,,27.34,,0.0,,,,,,,0.0,0.0
5789,000540,*ST中天,,,,,,,,,,0.4,,0.0,,,,,,,0.0,0.0
5790,000535,*ST猴王,,,,,,,,,,0.5,,0.0,,,,,,,0.0,0.0
5791,000527,美的电器,,,,,,,,,,14.02,,0.0,,,,,,,0.0,0.0
5792,000522,白云山A,,,,,,,,,,23.27,,0.0,,,,,,,0.0,0.0
5793,000515,攀渝钛业,,,,,,,,,,15.29,,0.0,,,,,,,0.0,0.0
5794,000511,烯碳退,,,,,,,,,,0.61,,0.0,,,,,,,0.0,0.0
5795,000508,琼民源A,,,,,,,,,,,,0.0,,,,,,,,
5796,000502,绿景退,,,,,,,,,,0.59,,0.0,,,,,,,0.0,0.0
5797,000418,小天鹅A,,,,,,,,,,57.39,,0.0,,,,,,,0.0,0.0
5798,000416,*ST民控,,,,,,,,,,0.45,,0.0,,,,,,,0.0,0.0
5799,000413,ST旭电,,,,,,,,,,0.37,,0.0,,,,,,,0.0,0.0
5800,000412,ST五环,,,,,,,,,,2.89,,0.0,,,,,,,0.0,0.0
5801,000406,石油大明,,,,,,,,,,10.12,,0.0,,,,,,,0.0,0.0
5802,000405,ST鑫光,,,,,,,,,,2.86,,0.0,,,,,,,0.0,0.0
5803,000150,*ST宜康,,,,,,,,,,0.51,,0.0,,,,,,,0.0,0.0
5804,000047,ST中侨,,,,,,,,,,8.03,,0.0,,,,,,,0.0,0.0
5805,000046,*ST泛海,,,,,,,,,,0.38,,0.0,,,,,,,0.0,0.0
5806,000040,*ST旭蓝,,,,,,,,,,0.49,,0.0,,,,,,,0.0,0.0
5807,000038,大通退,,,,,,,,,,0.52,,0.0,,,,,,,0.0,0.0
5808,000033,新都退,,,,,,,,,,1.7,,0.0,,,,,,,0.0,0.0
5809,000024,招商地产,,,,,,,,,,40.5,,0.0,,,,,,,0.0,0.0
5810,000023,*ST深天,,,,,,,,,,1.72,,0.0,,,,,,,0.0,0.0
5811,000018,神城A退,,,,,,,,,,0.27,,0.0,,,,,,,0.0,0.0
5812,000015,PT中浩A,,,,,,,,,,6.85,,0.0,,,,,,,0.0,0.0
5813,000013,*ST石化A,,,,,,,,,,2.47,,0.0,,,,,,,0.0,0.0
5814,000005,ST星源,,,,,,,,,,0.83,,0.0,,,,,,,0.0,0.0
5815,000003,PT金田A,,,,,,,,,,2.71,,0.0,,,,,,,0.0,0.0
